  0
SECTION
  2
HEADER
  9
$ACADVER
  1
AC1032
  9
$ACADMAINTVER
 90
      327
  9
$DWGCODEPAGE
  3
ANSI_1252
  9
$LASTSAVEDBY
  1
Sakshi
  9
$REQUIREDVERSIONS
160
                 0
  9
$INSBASE
 10
0.0
 20
0.0
 30
0.0
  9
$EXTMIN
 10
6.753221581371548
 20
13741.1859971564
 30
0.0
  9
$EXTMAX
 10
16507.46203249972
 20
45627.69927280862
 30
0.0
  9
$LIMMIN
 10
0.0
 20
0.0
  9
$LIMMAX
 10
12.0
 20
9.0
  9
$ORTHOMODE
 70
     0
  9
$REGENMODE
 70
     1
  9
$FILLMODE
 70
     1
  9
$QTEXTMODE
 70
     0
  9
$MIRRTEXT
 70
     0
  9
$LTSCALE
 40
1.0
  9
$ATTMODE
 70
     1
  9
$TEXTSIZE
 40
0.2
  9
$TRACEWID
 40
0.05
  9
$TEXTSTYLE
  7
Standard
  9
$CLAYER
  8
0
  9
$CELTYPE
  6
ByLayer
  9
$CECOLOR
 62
   256
  9
$CELTSCALE
 40
1.0
  9
$DISPSILH
 70
     0
  9
$DIMSCALE
 40
1.0
  9
$DIMASZ
 40
0.18
  9
$DIMEXO
 40
0.0625
  9
$DIMDLI
 40
0.38
  9
$DIMRND
 40
0.0
  9
$DIMDLE
 40
0.0
  9
$DIMEXE
 40
0.18
  9
$DIMTP
 40
0.0
  9
$DIMTM
 40
0.0
  9
$DIMTXT
 40
0.18
  9
$DIMCEN
 40
0.09
  9
$DIMTSZ
 40
0.0
  9
$DIMTOL
 70
     0
  9
$DIMLIM
 70
     0
  9
$DIMTIH
 70
     1
  9
$DIMTOH
 70
     1
  9
$DIMSE1
 70
     0
  9
$DIMSE2
 70
     0
  9
$DIMTAD
 70
     0
  9
$DIMZIN
 70
     0
  9
$DIMBLK
  1

  9
$DIMASO
 70
     1
  9
$DIMSHO
 70
     1
  9
$DIMPOST
  1

  9
$DIMAPOST
  1

  9
$DIMALT
 70
     0
  9
$DIMALTD
 70
     2
  9
$DIMALTF
 40
25.4
  9
$DIMLFAC
 40
1.0
  9
$DIMTOFL
 70
     0
  9
$DIMTVP
 40
0.0
  9
$DIMTIX
 70
     0
  9
$DIMSOXD
 70
     0
  9
$DIMSAH
 70
     0
  9
$DIMBLK1
  1

  9
$DIMBLK2
  1

  9
$DIMSTYLE
  2
Standard
  9
$DIMCLRD
 70
     0
  9
$DIMCLRE
 70
     0
  9
$DIMCLRT
 70
     0
  9
$DIMTFAC
 40
1.0
  9
$DIMGAP
 40
0.09
  9
$DIMJUST
 70
     0
  9
$DIMSD1
 70
     0
  9
$DIMSD2
 70
     0
  9
$DIMTOLJ
 70
     1
  9
$DIMTZIN
 70
     0
  9
$DIMALTZ
 70
     0
  9
$DIMALTTZ
 70
     0
  9
$DIMUPT
 70
     0
  9
$DIMDEC
 70
     4
  9
$DIMTDEC
 70
     4
  9
$DIMALTU
 70
     2
  9
$DIMALTTD
 70
     2
  9
$DIMTXSTY
  7
Standard
  9
$DIMAUNIT
 70
     0
  9
$DIMADEC
 70
     0
  9
$DIMALTRND
 40
0.0
  9
$DIMAZIN
 70
     0
  9
$DIMDSEP
 70
    46
  9
$DIMATFIT
 70
     3
  9
$DIMFRAC
 70
     0
  9
$DIMLDRBLK
  1

  9
$DIMLUNIT
 70
     2
  9
$DIMLWD
 70
    -2
  9
$DIMLWE
 70
    -2
  9
$DIMTMOVE
 70
     0
  9
$DIMFXL
 40
1.0
  9
$DIMFXLON
 70
     0
  9
$DIMJOGANG
 40
0.7853981633974483
  9
$DIMTFILL
 70
     0
  9
$DIMTFILLCLR
 70
     0
  9
$DIMARCSYM
 70
     0
  9
$DIMLTYPE
  6

  9
$DIMLTEX1
  6

  9
$DIMLTEX2
  6

  9
$DIMTXTDIRECTION
 70
     0
  9
$LUNITS
 70
     2
  9
$LUPREC
 70
     4
  9
$SKETCHINC
 40
0.1
  9
$FILLETRAD
 40
0.0
  9
$AUNITS
 70
     0
  9
$AUPREC
 70
     0
  9
$MENU
  1
.
  9
$ELEVATION
 40
0.0
  9
$PELEVATION
 40
0.0
  9
$THICKNESS
 40
0.0
  9
$LIMCHECK
 70
     0
  9
$CHAMFERA
 40
0.0
  9
$CHAMFERB
 40
0.0
  9
$CHAMFERC
 40
0.0
  9
$CHAMFERD
 40
0.0
  9
$SKPOLY
 70
     0
  9
$TDCREATE
 40
2460803.410717593
  9
$TDUCREATE
 40
2460803.181550926
  9
$TDUPDATE
 40
2460803.413530093
  9
$TDUUPDATE
 40
2460803.184363426
  9
$TDINDWG
 40
0.0028125000
  9
$TDUSRTIMER
 40
0.0028125000
  9
$USRTIMER
 70
     1
  9
$ANGBASE
 50
0.0
  9
$ANGDIR
 70
     0
  9
$PDMODE
 70
     0
  9
$PDSIZE
 40
0.0
  9
$PLINEWID
 40
0.0
  9
$SPLFRAME
 70
     0
  9
$SPLINETYPE
 70
     6
  9
$SPLINESEGS
 70
     8
  9
$HANDSEED
  5
F95
  9
$SURFTAB1
 70
     6
  9
$SURFTAB2
 70
     6
  9
$SURFTYPE
 70
     6
  9
$SURFU
 70
     6
  9
$SURFV
 70
     6
  9
$UCSBASE
  2

  9
$UCSNAME
  2

  9
$UCSORG
 10
0.0
 20
0.0
 30
0.0
  9
$UCSXDIR
 10
1.0
 20
0.0
 30
0.0
  9
$UCSYDIR
 10
0.0
 20
1.0
 30
0.0
  9
$UCSORTHOREF
  2

  9
$UCSORTHOVIEW
 70
     0
  9
$UCSORGTOP
 10
0.0
 20
0.0
 30
0.0
  9
$UCSORGBOTTOM
 10
0.0
 20
0.0
 30
0.0
  9
$UCSORGLEFT
 10
0.0
 20
0.0
 30
0.0
  9
$UCSORGRIGHT
 10
0.0
 20
0.0
 30
0.0
  9
$UCSORGFRONT
 10
0.0
 20
0.0
 30
0.0
  9
$UCSORGBACK
 10
0.0
 20
0.0
 30
0.0
  9
$PUCSBASE
  2

  9
$PUCSNAME
  2

  9
$PUCSORG
 10
0.0
 20
0.0
 30
0.0
  9
$PUCSXDIR
 10
1.0
 20
0.0
 30
0.0
  9
$PUCSYDIR
 10
0.0
 20
1.0
 30
0.0
  9
$PUCSORTHOREF
  2

  9
$PUCSORTHOVIEW
 70
     0
  9
$PUCSORGTOP
 10
0.0
 20
0.0
 30
0.0
  9
$PUCSORGBOTTOM
 10
0.0
 20
0.0
 30
0.0
  9
$PUCSORGLEFT
 10
0.0
 20
0.0
 30
0.0
  9
$PUCSORGRIGHT
 10
0.0
 20
0.0
 30
0.0
  9
$PUCSORGFRONT
 10
0.0
 20
0.0
 30
0.0
  9
$PUCSORGBACK
 10
0.0
 20
0.0
 30
0.0
  9
$USERI1
 70
     0
  9
$USERI2
 70
     0
  9
$USERI3
 70
     0
  9
$USERI4
 70
     0
  9
$USERI5
 70
     0
  9
$USERR1
 40
0.0
  9
$USERR2
 40
0.0
  9
$USERR3
 40
0.0
  9
$USERR4
 40
0.0
  9
$USERR5
 40
0.0
  9
$WORLDVIEW
 70
     1
  9
$SHADEDGE
 70
     3
  9
$SHADEDIF
 70
    70
  9
$TILEMODE
 70
     1
  9
$MAXACTVP
 70
    64
  9
$PINSBASE
 10
0.0
 20
0.0
 30
0.0
  9
$PLIMCHECK
 70
     0
  9
$PEXTMIN
 10
0.0
 20
0.0
 30
0.0
  9
$PEXTMAX
 10
0.0
 20
0.0
 30
0.0
  9
$PLIMMIN
 10
0.0
 20
0.0
  9
$PLIMMAX
 10
12.0
 20
9.0
  9
$UNITMODE
 70
     0
  9
$VISRETAIN
 70
     1
  9
$PLINEGEN
 70
     0
  9
$PSLTSCALE
 70
     1
  9
$TREEDEPTH
 70
  3020
  9
$CMLSTYLE
  2
Standard
  9
$CMLJUST
 70
     0
  9
$CMLSCALE
 40
1.0
  9
$PROXYGRAPHICS
 70
     1
  9
$MEASUREMENT
 70
     0
  9
$CELWEIGHT
370
    -1
  9
$ENDCAPS
280
     0
  9
$JOINSTYLE
280
     0
  9
$LWDISPLAY
290
     0
  9
$INSUNITS
 70
     1
  9
$HYPERLINKBASE
  1

  9
$STYLESHEET
  1

  9
$XEDIT
290
     1
  9
$CEPSNTYPE
380
     0
  9
$PSTYLEMODE
290
     1
  9
$FINGERPRINTGUID
  2
{FF4C129A-5519-3F48-ADBF-951E1896230B}
  9
$VERSIONGUID
  2
{A8463F9A-513A-8D4F-AC22-D3C60B7AD2D7}
  9
$EXTNAMES
290
     1
  9
$PSVPSCALE
 40
0.0
  9
$OLESTARTUP
290
     0
  9
$SORTENTS
280
   127
  9
$INDEXCTL
280
     0
  9
$HIDETEXT
280
     1
  9
$XCLIPFRAME
280
     2
  9
$HALOGAP
280
     0
  9
$OBSCOLOR
 70
   257
  9
$OBSLTYPE
280
     0
  9
$INTERSECTIONDISPLAY
280
     0
  9
$INTERSECTIONCOLOR
 70
   257
  9
$DIMASSOC
280
     2
  9
$PROJECTNAME
  1

  9
$CAMERADISPLAY
290
     0
  9
$LENSLENGTH
 40
50.0
  9
$CAMERAHEIGHT
 40
0.0
  9
$STEPSPERSEC
 40
2.0
  9
$STEPSIZE
 40
6.0
  9
$3DDWFPREC
 40
2.0
  9
$PSOLWIDTH
 40
0.25
  9
$PSOLHEIGHT
 40
4.0
  9
$LOFTANG1
 40
1.570796326794896
  9
$LOFTANG2
 40
1.570796326794896
  9
$LOFTMAG1
 40
0.0
  9
$LOFTMAG2
 40
0.0
  9
$LOFTPARAM
 70
     7
  9
$LOFTNORMALS
280
     1
  9
$LATITUDE
 40
37.795
  9
$LONGITUDE
 40
-122.394
  9
$NORTHDIRECTION
 40
0.0
  9
$TIMEZONE
 70
 -8000
  9
$LIGHTGLYPHDISPLAY
280
     1
  9
$TILEMODELIGHTSYNCH
280
     1
  9
$CMATERIAL
347
96
  9
$SOLIDHIST
280
     0
  9
$SHOWHIST
280
     1
  9
$DWFFRAME
280
     2
  9
$DGNFRAME
280
     0
  9
$REALWORLDSCALE
290
     1
  9
$INTERFERECOLOR
 62
     1
  9
$INTERFEREOBJVS
345
A3
  9
$INTERFEREVPVS
346
A0
  9
$CSHADOW
280
     0
  9
$SHADOWPLANELOCATION
 40
0.0
  0
ENDSEC
  0
SECTION
  2
CLASSES
  0
CLASS
  1
ACDBDICTIONARYWDFLT
  2
AcDbDictionaryWithDefault
  3
ObjectDBX Classes
 90
        0
 91
        1
280
     0
281
     0
  0
CLASS
  1
DICTIONARYVAR
  2
AcDbDictionaryVar
  3
ObjectDBX Classes
 90
        0
 91
        9
280
     0
281
     0
  0
CLASS
  1
TABLESTYLE
  2
AcDbTableStyle
  3
ObjectDBX Classes
 90
     4095
 91
        1
280
     0
281
     0
  0
CLASS
  1
MATERIAL
  2
AcDbMaterial
  3
ObjectDBX Classes
 90
     1153
 91
        3
280
     0
281
     0
  0
CLASS
  1
VISUALSTYLE
  2
AcDbVisualStyle
  3
ObjectDBX Classes
 90
     4095
 91
       24
280
     0
281
     0
  0
CLASS
  1
SCALE
  2
AcDbScale
  3
ObjectDBX Classes
 90
     1153
 91
       33
280
     0
281
     0
  0
CLASS
  1
MLEADERSTYLE
  2
AcDbMLeaderStyle
  3
ACDB_MLEADERSTYLE_CLASS
 90
     4095
 91
        2
280
     0
281
     0
  0
CLASS
  1
CELLSTYLEMAP
  2
AcDbCellStyleMap
  3
ObjectDBX Classes
 90
     1152
 91
        1
280
     0
281
     0
  0
CLASS
  1
EXACXREFPANELOBJECT
  2
ExAcXREFPanelObject
  3
EXAC_ESW
 90
     1025
 91
        0
280
     0
281
     0
  0
CLASS
  1
NPOCOLLECTION
  2
AcDbImpNonPersistentObjectsCollection
  3
ObjectDBX Classes
 90
     1153
 91
        0
280
     0
281
     0
  0
CLASS
  1
LAYER_INDEX
  2
AcDbLayerIndex
  3
ObjectDBX Classes
 90
        0
 91
        0
280
     0
281
     0
  0
CLASS
  1
SPATIAL_INDEX
  2
AcDbSpatialIndex
  3
ObjectDBX Classes
 90
        0
 91
        0
280
     0
281
     0
  0
CLASS
  1
IDBUFFER
  2
AcDbIdBuffer
  3
ObjectDBX Classes
 90
        0
 91
        0
280
     0
281
     0
  0
CLASS
  1
ACDBSECTIONVIEWSTYLE
  2
AcDbSectionViewStyle
  3
ObjectDBX Classes
 90
     1025
 91
        2
280
     0
281
     0
  0
CLASS
  1
ACDBDETAILVIEWSTYLE
  2
AcDbDetailViewStyle
  3
ObjectDBX Classes
 90
     1025
 91
        2
280
     0
281
     0
  0
CLASS
  1
SORTENTSTABLE
  2
AcDbSortentsTable
  3
ObjectDBX Classes
 90
        0
 91
        2
280
     0
281
     0
  0
ENDSEC
  0
SECTION
  2
TABLES
  0
TABLE
  2
VPORT
  5
8
330
0
100
AcDbSymbolTable
 70
     1
  0
VPORT
  5
94
330
8
100
AcDbSymbolTableRecord
100
AcDbViewportTableRecord
  2
*Active
 70
     0
 10
0.0
 20
0.0
 11
1.0
 21
1.0
 12
17527.57074074925
 22
23121.26347380003
 13
0.0
 23
0.0
 14
0.5
 24
0.5
 15
0.5
 25
0.5
 16
0.0
 26
0.0
 36
1.0
 17
0.0
 27
0.0
 37
0.0
 40
48957.52925046417
 41
2.390213299874529
 42
50.0
 43
0.0
 44
0.0
 50
0.0
 51
0.0
 71
     0
 72
  1000
 73
     1
 74
     3
 75
     0
 76
     1
 77
     0
 78
     0
281
     0
 65
     1
110
0.0
120
0.0
130
0.0
111
1.0
121
0.0
131
0.0
112
0.0
122
1.0
132
0.0
 79
     0
146
0.0
348
9F
 60
     3
 61
     5
292
     1
282
     1
141
0.0
142
0.0
 63
   250
421
  3355443
1001
ACAD_NAV_VCDISPLAY
1070
     3
  0
ENDTAB
  0
TABLE
  2
LTYPE
  5
5
330
0
100
AcDbSymbolTable
 70
     3
  0
LTYPE
  5
14
330
5
100
AcDbSymbolTableRecord
100
AcDbLinetypeTableRecord
  2
ByBlock
 70
     0
  3

 72
    65
 73
     0
 40
0.0
  0
LTYPE
  5
15
330
5
100
AcDbSymbolTableRecord
100
AcDbLinetypeTableRecord
  2
ByLayer
 70
     0
  3

 72
    65
 73
     0
 40
0.0
  0
LTYPE
  5
16
330
5
100
AcDbSymbolTableRecord
100
AcDbLinetypeTableRecord
  2
Continuous
 70
     0
  3
Solid line
 72
    65
 73
     0
 40
0.0
  0
LTYPE
  5
24F
330
5
100
AcDbSymbolTableRecord
100
AcDbLinetypeTableRecord
  2
HIDDEN
 70
     0
  3
Hidden __ __ __ __ __ __ __ __ __ __ __ __ __ _
 72
    65
 73
     2
 40
9.524999999999996
 49
6.349999999999998
 74
     0
 49
-3.174999999999998
 74
     0
  0
ENDTAB
  0
TABLE
  2
LAYER
  5
2
102
{ACAD_XDICTIONARY
360
18E
102
}
330
0
100
AcDbSymbolTable
 70
     8
  0
LAYER
  5
10
102
{ACAD_XDICTIONARY
360
E6
102
}
330
2
100
AcDbSymbolTableRecord
100
AcDbLayerTableRecord
  2
0
 70
     0
 62
     7
  6
Continuous
370
    -3
390
F
347
98
348
0
  0
LAYER
  5
250
330
2
100
AcDbSymbolTableRecord
100
AcDbLayerTableRecord
  2
wall
 70
     0
 62
    20
  6
Continuous
370
    35
390
F
347
98
348
0
1001
AcAecLayerStandard
1000

1000

1001
AcCmTransparency
1071
        0
  0
LAYER
  5
251
330
2
100
AcDbSymbolTableRecord
100
AcDbLayerTableRecord
  2
SILL
 70
     0
 62
   253
  6
Continuous
370
    15
390
F
347
98
348
0
1001
AcAecLayerStandard
1000

1000

1001
AcCmTransparency
1071
        0
  0
LAYER
  5
252
330
2
100
AcDbSymbolTableRecord
100
AcDbLayerTableRecord
  2
FURN
 70
     0
 62
    40
  6
Continuous
370
     9
390
F
347
98
348
0
1001
AcAecLayerStandard
1000

1000

1001
AcCmTransparency
1071
        0
  0
LAYER
  5
253
330
2
100
AcDbSymbolTableRecord
100
AcDbLayerTableRecord
  2
ELE 1
 70
     0
 62
   140
  6
Continuous
370
    20
390
F
347
98
348
0
1001
AcAecLayerStandard
1000

1000

1001
AcCmTransparency
1071
        0
  0
LAYER
  5
254
330
2
100
AcDbSymbolTableRecord
100
AcDbLayerTableRecord
  2
ELE 2
 70
     0
 62
   180
  6
Continuous
370
    13
390
F
347
98
348
0
1001
AcAecLayerStandard
1000

1000

1001
AcCmTransparency
1071
        0
  0
LAYER
  5
255
102
{ACAD_XDICTIONARY
360
256
102
}
330
2
100
AcDbSymbolTableRecord
100
AcDbLayerTableRecord
  2
ABOVE-DOTTED
 70
     0
 62
    11
  6
HIDDEN
370
    15
390
F
347
98
348
0
1001
AcAecLayerStandard
1000

1000

1001
AcCmTransparency
1071
        0
  0
LAYER
  5
258
102
{ACAD_XDICTIONARY
360
259
102
}
330
2
100
AcDbSymbolTableRecord
100
AcDbLayerTableRecord
  2
FUR
 70
     0
 62
    33
  6
Continuous
370
     9
390
F
347
98
348
0
1001
AcAecLayerStandard
1000

1000

1001
AcCmTransparency
1071
 33554636
  0
ENDTAB
  0
TABLE
  2
STYLE
  5
3
330
0
100
AcDbSymbolTable
 70
     2
  0
STYLE
  5
11
330
3
100
AcDbSymbolTableRecord
100
AcDbTextStyleTableRecord
  2
Standard
 70
     0
 40
0.0
 41
1.0
 50
0.0
 71
     0
 42
0.2
  3
arial.ttf
  4

1001
ACAD
1000
Arial
1071
       34
  0
STYLE
  5
DC
330
3
100
AcDbSymbolTableRecord
100
AcDbTextStyleTableRecord
  2
Annotative
 70
     0
 40
0.0
 41
1.0
 50
0.0
 71
     0
 42
0.2
  3
arial.ttf
  4

1001
AcadAnnotative
1000
AnnotativeData
1002
{
1070
     1
1070
     1
1002
}
1001
ACAD
1000
Arial
1071
       34
  0
ENDTAB
  0
TABLE
  2
VIEW
  5
6
330
0
100
AcDbSymbolTable
 70
     0
  0
ENDTAB
  0
TABLE
  2
UCS
  5
7
330
0
100
AcDbSymbolTable
 70
     0
  0
ENDTAB
  0
TABLE
  2
APPID
  5
9
330
0
100
AcDbSymbolTable
 70
    13
  0
APPID
  5
12
330
9
100
AcDbSymbolTableRecord
100
AcDbRegAppTableRecord
  2
ACAD
 70
     0
  0
APPID
  5
DD
330
9
100
AcDbSymbolTableRecord
100
AcDbRegAppTableRecord
  2
AcadAnnoPO
 70
     0
  0
APPID
  5
DE
330
9
100
AcDbSymbolTableRecord
100
AcDbRegAppTableRecord
  2
AcadAnnotative
 70
     0
  0
APPID
  5
DF
330
9
100
AcDbSymbolTableRecord
100
AcDbRegAppTableRecord
  2
ACAD_DSTYLE_DIMJAG
 70
     0
  0
APPID
  5
E0
330
9
100
AcDbSymbolTableRecord
100
AcDbRegAppTableRecord
  2
ACAD_DSTYLE_DIMTALN
 70
     0
  0
APPID
  5
107
330
9
100
AcDbSymbolTableRecord
100
AcDbRegAppTableRecord
  2
ACAD_MLEADERVER
 70
     0
  0
APPID
  5
1A6
330
9
100
AcDbSymbolTableRecord
100
AcDbRegAppTableRecord
  2
ACAD_NAV_VCDISPLAY
 70
     0
  0
APPID
  5
25B
330
9
100
AcDbSymbolTableRecord
100
AcDbRegAppTableRecord
  2
ACAD_PSEXT
 70
     0
  0
APPID
  5
25C
330
9
100
AcDbSymbolTableRecord
100
AcDbRegAppTableRecord
  2
AcAecLayerStandard
 70
     0
  0
APPID
  5
25D
330
9
100
AcDbSymbolTableRecord
100
AcDbRegAppTableRecord
  2
AcCmTransparency
 70
     0
  0
APPID
  5
25E
330
9
100
AcDbSymbolTableRecord
100
AcDbRegAppTableRecord
  2
GradientColor1ACI
 70
     0
  0
APPID
  5
25F
330
9
100
AcDbSymbolTableRecord
100
AcDbRegAppTableRecord
  2
GradientColor2ACI
 70
     0
  0
APPID
  5
BC3
330
9
100
AcDbSymbolTableRecord
100
AcDbRegAppTableRecord
  2
ACAD_EXEMPT_FROM_CAD_STANDARDS
 70
     0
  0
ENDTAB
  0
TABLE
  2
DIMSTYLE
  5
A
330
0
100
AcDbSymbolTable
 70
     4
100
AcDbDimStyleTable
 71
     2
340
27
340
E1
  0
DIMSTYLE
105
27
330
A
100
AcDbSymbolTableRecord
100
AcDbDimStyleTableRecord
  2
Standard
 70
     0
340
11
  0
DIMSTYLE
105
E1
330
A
100
AcDbSymbolTableRecord
100
AcDbDimStyleTableRecord
  2
Annotative
 70
     0
 40
0.0
340
11
1001
AcadAnnotative
1000
AnnotativeData
1002
{
1070
     1
1070
     1
1002
}
1001
ACAD_DSTYLE_DIMJAG
1070
   388
1040
1.5
1001
ACAD_DSTYLE_DIMTALN
1070
   392
1070
     0
  0
DIMSTYLE
105
25A
330
A
100
AcDbSymbolTableRecord
100
AcDbDimStyleTableRecord
  2
ISO-25
 70
     0
 41
2.5
 42
0.625
 43
3.75
 44
1.25
 73
     0
 74
     0
 77
     1
 78
     8
140
2.5
141
2.5
143
0.03937007874016
147
0.625
171
     3
172
     1
271
     2
272
     2
274
     3
278
    44
283
     0
284
     8
340
11
  0
ENDTAB
  0
TABLE
  2
BLOCK_RECORD
  5
1
330
0
100
AcDbSymbolTable
 70
     4
  0
BLOCK_RECORD
  5
1F
102
{ACAD_XDICTIONARY
360
15D
102
}
330
1
100
AcDbSymbolTableRecord
100
AcDbBlockTableRecord
  2
*Model_Space
340
22
 70
     0
280
     1
281
     0
  0
BLOCK_RECORD
  5
58
330
1
100
AcDbSymbolTableRecord
100
AcDbBlockTableRecord
  2
*Paper_Space
340
59
 70
     0
280
     1
281
     0
  0
BLOCK_RECORD
  5
5D
330
1
100
AcDbSymbolTableRecord
100
AcDbBlockTableRecord
  2
*Paper_Space0
340
5E
 70
     0
280
     1
281
     0
  0
ENDTAB
  0
ENDSEC
  0
SECTION
  2
BLOCKS
  0
BLOCK
  5
20
330
1F
100
AcDbEntity
  8
0
100
AcDbBlockBegin
  2
*Model_Space
 70
     0
 10
0.0
 20
0.0
 30
0.0
  3
*Model_Space
  1

  0
ENDBLK
  5
21
330
1F
100
AcDbEntity
  8
0
100
AcDbBlockEnd
  0
BLOCK
  5
5A
330
58
100
AcDbEntity
 67
     1
  8
0
100
AcDbBlockBegin
  2
*Paper_Space
 70
     0
 10
0.0
 20
0.0
 30
0.0
  3
*Paper_Space
  1

  0
ENDBLK
  5
5B
330
58
100
AcDbEntity
 67
     1
  8
0
100
AcDbBlockEnd
  0
BLOCK
  5
5F
330
5D
100
AcDbEntity
 67
     1
  8
0
100
AcDbBlockBegin
  2
*Paper_Space0
 70
     0
 10
0.0
 20
0.0
 30
0.0
  3
*Paper_Space0
  1

  0
ENDBLK
  5
60
330
5D
100
AcDbEntity
 67
     1
  8
0
100
AcDbBlockEnd
  0
ENDSEC
  0
SECTION
  2
ENTITIES
  0
LINE
  5
716
330
1F
100
AcDbEntity
  8
wall
100
AcDbLine
 10
15306.75322158137
 20
29293.27548561918
 30
0.0
 11
13926.75322158138
 21
29293.27548561918
 31
0.0
  0
LINE
  5
717
330
1F
100
AcDbEntity
  8
wall
100
AcDbLine
 10
12426.7532215814
 20
29293.27548561918
 30
0.0
 11
8064.164784178402
 21
29293.27548561918
 31
0.0
  0
LINE
  5
718
330
1F
100
AcDbEntity
  8
wall
100
AcDbLine
 10
6064.164784178402
 20
29293.27548561918
 30
0.0
 11
5466.753221581342
 21
29293.27548561918
 31
0.0
  0
LINE
  5
719
330
1F
100
AcDbEntity
  8
wall
100
AcDbLine
 10
4566.753221581342
 20
29293.27548561918
 30
0.0
 11
4236.753221581357
 21
29293.27548561918
 31
0.0
  0
LINE
  5
71A
330
1F
100
AcDbEntity
  8
ELE 2
100
AcDbLine
 10
6064.164784178402
 20
30493.27548561918
 30
0.0
 11
2296.721731597763
 21
30493.27548561918
 31
0.0
  0
LINE
  5
71B
330
1F
100
AcDbEntity
  8
ELE 2
100
AcDbLine
 10
5834.164784178401
 20
30263.27548561918
 30
0.0
 11
2526.721731597763
 21
30263.27548561918
 31
0.0
  0
LINE
  5
71C
330
1F
100
AcDbEntity
  8
wall
100
AcDbLine
 10
2566.753221581372
 20
29293.27548561918
 30
0.0
 11
6.75322158137169
 21
29293.27548561918
 31
0.0
  0
LINE
  5
71D
330
1F
100
AcDbEntity
  8
wall
100
AcDbLine
 10
15076.75322158137
 20
29063.27548561918
 30
0.0
 11
13926.75322158138
 21
29063.27548561918
 31
0.0
  0
LINE
  5
71E
330
1F
100
AcDbEntity
  8
wall
100
AcDbLine
 10
12426.75322158138
 20
29063.27548561918
 30
0.0
 11
11276.75322158138
 21
29063.27548561918
 31
0.0
  0
LINE
  5
71F
330
1F
100
AcDbEntity
  8
FURN
100
AcDbLine
 10
14476.75322158137
 20
28463.27548561918
 30
0.0
 11
12151.80925285717
 21
28463.27548561918
 31
0.0
  0
LINE
  5
720
330
1F
100
AcDbEntity
  8
wall
100
AcDbLine
 10
11276.7532215814
 20
28963.27548561918
 30
0.0
 11
11046.7532215814
 21
28963.2754856192
 31
0.0
  0
LINE
  5
721
330
1F
100
AcDbEntity
  8
wall
100
AcDbLine
 10
11046.7532215814
 20
29063.2754856192
 30
0.0
 11
9296.753221581386
 21
29063.27548561918
 31
0.0
  0
LINE
  5
722
330
1F
100
AcDbEntity
  8
wall
100
AcDbLine
 10
9066.753221581386
 20
29063.27548561918
 30
0.0
 11
8064.164784178402
 21
29063.27548561918
 31
0.0
  0
LINE
  5
723
330
1F
100
AcDbEntity
  8
wall
100
AcDbLine
 10
6064.164784178402
 20
29063.27548561917
 30
0.0
 11
5466.753221581357
 21
29063.27548561917
 31
0.0
  0
LINE
  5
724
330
1F
100
AcDbEntity
  8
wall
100
AcDbLine
 10
4566.753221581357
 20
29063.27548561917
 30
0.0
 11
4466.753221581357
 21
29063.27548561918
 31
0.0
  0
LINE
  5
725
330
1F
100
AcDbEntity
  8
ELE 2
100
AcDbLine
 10
5666.753221581357
 20
27863.27548561918
 30
0.0
 11
5646.753221581357
 21
27863.27548561918
 31
0.0
  0
LINE
  5
726
330
1F
100
AcDbEntity
  8
ELE 2
100
AcDbLine
 10
5626.753221581357
 20
27863.27548561918
 30
0.0
 11
4466.753221581357
 21
27863.27548561918
 31
0.0
  0
LINE
  5
727
330
1F
100
AcDbEntity
  8
wall
100
AcDbLine
 10
2336.753221581386
 20
29063.27548561917
 30
0.0
 11
236.7532215813717
 21
29063.27548561918
 31
0.0
  0
LINE
  5
728
330
1F
100
AcDbEntity
  8
wall
100
AcDbLine
 10
11046.75322158136
 20
26613.2754856192
 30
0.0
 11
9296.753221581386
 21
26613.27548561917
 31
0.0
  0
LINE
  5
729
330
1F
100
AcDbEntity
  8
FURN
100
AcDbLine
 10
11046.75322158135
 20
27153.2754856192
 30
0.0
 11
9836.753221581373
 21
27153.27548561917
 31
0.0
  0
LINE
  5
72A
330
1F
100
AcDbEntity
  8
wall
100
AcDbLine
 10
11276.75322158135
 20
26383.27548561918
 30
0.0
 11
9066.753221581372
 21
26383.27548561917
 31
0.0
  0
LINE
  5
72B
330
1F
100
AcDbEntity
  8
wall
100
AcDbLine
 10
15076.75322158136
 20
25063.27548561918
 30
0.0
 11
12376.75322158136
 21
25063.27548561918
 31
0.0
  0
LINE
  5
72C
330
1F
100
AcDbEntity
  8
wall
100
AcDbLine
 10
11376.75322158135
 20
25063.27548561918
 30
0.0
 11
10946.75322158136
 21
25063.27548561918
 31
0.0
  0
LINE
  5
72D
330
1F
100
AcDbEntity
  8
wall
100
AcDbLine
 10
9396.753221581358
 20
25063.27548561918
 30
0.0
 11
9066.753221581342
 21
25063.27548561918
 31
0.0
  0
LINE
  5
72E
330
1F
100
AcDbEntity
  8
ELE 1
100
AcDbLine
 10
9066.753221581342
 20
24763.27548561918
 30
0.0
 11
5966.753221581345
 21
24763.27548561918
 31
0.0
  0
LINE
  5
72F
330
1F
100
AcDbEntity
  8
ELE 1
100
AcDbLine
 10
9066.753221581342
 20
24463.27548561918
 30
0.0
 11
6266.753221581345
 21
24463.27548561918
 31
0.0
  0
LINE
  5
730
330
1F
100
AcDbEntity
  8
wall
100
AcDbLine
 10
9396.753221581372
 20
24833.27548561918
 30
0.0
 11
9296.753221581358
 21
24833.27548561918
 31
0.0
  0
LINE
  5
731
330
1F
100
AcDbEntity
  8
wall
100
AcDbLine
 10
4236.753221581342
 20
25063.27548561917
 30
0.0
 11
4136.753221581357
 21
25063.27548561916
 31
0.0
  0
LINE
  5
732
330
1F
100
AcDbEntity
  8
wall
100
AcDbLine
 10
3136.753221581372
 20
25063.27548561917
 30
0.0
 11
1766.753221581357
 21
25063.27548561917
 31
0.0
  0
LINE
  5
733
330
1F
100
AcDbEntity
  8
wall
100
AcDbLine
 10
966.7532215813572
 20
25063.27548561917
 30
0.0
 11
236.7532215813717
 21
25063.27548561918
 31
0.0
  0
LINE
  5
734
330
1F
100
AcDbEntity
  8
wall
100
AcDbLine
 10
15306.75322158137
 20
24833.27548561918
 30
0.0
 11
14686.75322158134
 21
24833.27548561918
 31
0.0
  0
LINE
  5
735
330
1F
100
AcDbEntity
  8
wall
100
AcDbLine
 10
14456.75322158137
 20
24833.27548561918
 30
0.0
 11
13456.75322158134
 21
24833.27548561918
 31
0.0
  0
LINE
  5
736
330
1F
100
AcDbEntity
  8
wall
100
AcDbLine
 10
13226.75322158135
 20
24833.27548561918
 30
0.0
 11
12376.75322158137
 21
24833.27548561918
 31
0.0
  0
LINE
  5
737
330
1F
100
AcDbEntity
  8
wall
100
AcDbLine
 10
11376.75322158137
 20
24833.27548561918
 30
0.0
 11
11276.75322158135
 21
24833.2754856192
 31
0.0
  0
LINE
  5
738
330
1F
100
AcDbEntity
  8
wall
100
AcDbLine
 10
11046.75322158136
 20
24833.2754856192
 30
0.0
 11
10946.75322158135
 21
24833.2754856192
 31
0.0
  0
LINE
  5
739
330
1F
100
AcDbEntity
  8
wall
100
AcDbLine
 10
9396.753221581358
 20
24833.2754856192
 30
0.0
 11
9296.753221581358
 21
24833.2754856192
 31
0.0
  0
LINE
  5
73A
330
1F
100
AcDbEntity
  8
wall
100
AcDbLine
 10
3136.753221581357
 20
24833.27548561918
 30
0.0
 11
2896.753221581358
 21
24833.27548561918
 31
0.0
  0
LINE
  5
73B
330
1F
100
AcDbEntity
  8
wall
100
AcDbLine
 10
2666.753221581358
 20
24833.27548561918
 30
0.0
 11
1766.753221581357
 21
24833.27548561918
 31
0.0
  0
LINE
  5
73C
330
1F
100
AcDbEntity
  8
wall
100
AcDbLine
 10
2666.753221581343
 20
23383.2754856192
 30
0.0
 11
236.7532215813717
 21
23383.2754856192
 31
0.0
  0
LINE
  5
73D
330
1F
100
AcDbEntity
  8
wall
100
AcDbLine
 10
2666.753221581358
 20
23153.27548561921
 30
0.0
 11
1466.75322158137
 21
23153.2754856192
 31
0.0
  0
LINE
  5
73E
330
1F
100
AcDbEntity
  8
wall
100
AcDbLine
 10
1236.753221581357
 20
23153.2754856192
 30
0.0
 11
236.7532215813717
 21
23153.2754856192
 31
0.0
  0
LINE
  5
73F
330
1F
100
AcDbEntity
  8
wall
100
AcDbLine
 10
14456.75322158137
 20
23833.27548561918
 30
0.0
 11
13456.75322158135
 21
23833.27548561918
 31
0.0
  0
LINE
  5
740
330
1F
100
AcDbEntity
  8
wall
100
AcDbLine
 10
14686.75322158134
 20
23603.27548561918
 30
0.0
 11
13456.75322158135
 21
23603.27548561918
 31
0.0
  0
LINE
  5
741
330
1F
100
AcDbEntity
  8
wall
100
AcDbLine
 10
15306.75322158134
 20
21783.27548561918
 30
0.0
 11
13456.75322158135
 21
21783.27548561918
 31
0.0
  0
LINE
  5
742
330
1F
100
AcDbEntity
  8
wall
100
AcDbLine
 10
13226.75322158135
 20
21783.2754856192
 30
0.0
 11
11276.75322158134
 21
21783.27548561918
 31
0.0
  0
LINE
  5
743
330
1F
100
AcDbEntity
  8
wall
100
AcDbLine
 10
13456.75322158137
 20
21883.2754856192
 30
0.0
 11
13226.75322158135
 21
21883.2754856192
 31
0.0
  0
LINE
  5
744
330
1F
100
AcDbEntity
  8
wall
100
AcDbLine
 10
13456.75322158137
 20
22883.2754856192
 30
0.0
 11
13226.75322158135
 21
22883.27548561921
 31
0.0
  0
LINE
  5
745
330
1F
100
AcDbEntity
  8
wall
100
AcDbLine
 10
11046.75322158134
 20
21783.27548561918
 30
0.0
 11
9296.753221581358
 21
21783.27548561918
 31
0.0
  0
LINE
  5
746
330
1F
100
AcDbEntity
  8
FURN
100
AcDbLine
 10
11046.75322158134
 20
22383.27548561918
 30
0.0
 11
9296.753221581358
 21
22383.27548561918
 31
0.0
  0
LINE
  5
747
330
1F
100
AcDbEntity
  8
wall
100
AcDbLine
 10
4466.753221581357
 20
21783.27548561918
 30
0.0
 11
2896.753221581358
 21
21783.27548561918
 31
0.0
  0
LINE
  5
748
330
1F
100
AcDbEntity
  8
wall
100
AcDbLine
 10
2666.753221581372
 20
21783.27548561917
 30
0.0
 11
1466.75322158137
 21
21783.2754856192
 31
0.0
  0
LINE
  5
749
330
1F
100
AcDbEntity
  8
wall
100
AcDbLine
 10
2896.753221581358
 20
21883.27548561918
 30
0.0
 11
2666.753221581386
 21
21883.27548561917
 31
0.0
  0
LINE
  5
74A
330
1F
100
AcDbEntity
  8
wall
100
AcDbLine
 10
2896.753221581372
 20
22633.27548561918
 30
0.0
 11
2666.753221581328
 21
22633.27548561917
 31
0.0
  0
LINE
  5
74B
330
1F
100
AcDbEntity
  8
wall
100
AcDbLine
 10
1236.753221581372
 20
21783.27548561918
 30
0.0
 11
236.7532215813717
 21
21783.27548561918
 31
0.0
  0
LINE
  5
74C
330
1F
100
AcDbEntity
  8
wall
100
AcDbLine
 10
15076.75322158134
 20
21553.27548561918
 30
0.0
 11
12301.75322158134
 21
21553.27548561918
 31
0.0
  0
LINE
  5
74D
330
1F
100
AcDbEntity
  8
wall
100
AcDbLine
 10
12071.75322158134
 20
21553.27548561918
 30
0.0
 11
9296.753221581328
 21
21553.27548561918
 31
0.0
  0
LINE
  5
74E
330
1F
100
AcDbEntity
  8
ELE 2
100
AcDbLine
 10
9066.753221581372
 20
21553.27548561918
 30
0.0
 11
5666.75322158137
 21
21553.27548561918
 31
0.0
  0
LINE
  5
74F
330
1F
100
AcDbEntity
  8
ELE 1
100
AcDbLine
 10
9066.753221581372
 20
21853.27548561918
 30
0.0
 11
5966.753221581355
 21
21853.27548561918
 31
0.0
  0
LINE
  5
750
330
1F
100
AcDbEntity
  8
ELE 1
100
AcDbLine
 10
9066.753221581372
 20
22153.27548561918
 30
0.0
 11
6266.753221581355
 21
22153.27548561918
 31
0.0
  0
LINE
  5
751
330
1F
100
AcDbEntity
  8
wall
100
AcDbLine
 10
9066.753221581356
 20
20153.27548561919
 30
0.0
 11
8481.753221581371
 21
20153.27548561919
 31
0.0
  0
LINE
  5
752
330
1F
100
AcDbEntity
  8
wall
100
AcDbLine
 10
6481.753221581371
 20
20153.27548561918
 30
0.0
 11
5666.75322158137
 21
20153.27548561918
 31
0.0
  0
LINE
  5
753
330
1F
100
AcDbEntity
  8
wall
100
AcDbLine
 10
9066.753221581356
 20
19923.27548561919
 30
0.0
 11
8481.753221581371
 21
19923.27548561919
 31
0.0
  0
LINE
  5
754
330
1F
100
AcDbEntity
  8
wall
100
AcDbLine
 10
6481.753221581371
 20
19923.27548561918
 30
0.0
 11
5896.753221581372
 21
19923.2754856192
 31
0.0
  0
LINE
  5
755
330
1F
100
AcDbEntity
  8
ELE 1
100
AcDbLine
 10
9066.753221581356
 20
17473.27548561919
 30
0.0
 11
5896.753221581385
 21
17473.27548561918
 31
0.0
  0
LINE
  5
756
330
1F
100
AcDbEntity
  8
ELE 1
100
AcDbLine
 10
9066.753221581356
 20
17173.27548561919
 30
0.0
 11
5896.753221581385
 21
17173.27548561918
 31
0.0
  0
LINE
  5
757
330
1F
100
AcDbEntity
  8
ELE 1
100
AcDbLine
 10
9066.753221581372
 20
16873.27548561919
 30
0.0
 11
5896.753221581372
 21
16873.27548561919
 31
0.0
  0
LINE
  5
758
330
1F
100
AcDbEntity
  8
wall
100
AcDbLine
 10
4466.753221581357
 20
21553.27548561917
 30
0.0
 11
1466.75322158137
 21
21553.27548561917
 31
0.0
  0
LINE
  5
759
330
1F
100
AcDbEntity
  8
FURN
100
AcDbLine
 10
4353.612604440946
 20
20953.27548561917
 30
0.0
 11
1466.75322158137
 21
20953.27548561917
 31
0.0
  0
LINE
  5
75A
330
1F
100
AcDbEntity
  8
wall
100
AcDbLine
 10
1236.753221581357
 20
21553.27548561917
 30
0.0
 11
6.753221581371691
 21
21553.27548561917
 31
0.0
  0
LINE
  5
75B
330
1F
100
AcDbEntity
  8
wall
100
AcDbLine
 10
5666.75322158137
 20
17703.27548561918
 30
0.0
 11
4316.753221581371
 21
17703.27548561918
 31
0.0
  0
LINE
  5
75C
330
1F
100
AcDbEntity
  8
wall
100
AcDbLine
 10
2816.753221581372
 20
17703.27548561918
 30
0.0
 11
1466.75322158137
 21
17703.27548561918
 31
0.0
  0
LINE
  5
75D
330
1F
100
AcDbEntity
  8
wall
100
AcDbLine
 10
5666.75322158137
 20
17473.27548561918
 30
0.0
 11
4316.753221581371
 21
17473.27548561918
 31
0.0
  0
LINE
  5
75E
330
1F
100
AcDbEntity
  8
wall
100
AcDbLine
 10
2816.753221581372
 20
17473.27548561918
 30
0.0
 11
1236.753221581354
 21
17473.27548561918
 31
0.0
  0
LINE
  5
75F
330
1F
100
AcDbEntity
  8
wall
100
AcDbLine
 10
15076.75322158137
 20
16703.27548561918
 30
0.0
 11
14876.75322158136
 21
16703.27548561917
 31
0.0
  0
LINE
  5
760
330
1F
100
AcDbEntity
  8
wall
100
AcDbLine
 10
9496.753221581327
 20
16703.27548561919
 30
0.0
 11
9296.753221581358
 21
16703.27548561919
 31
0.0
  0
LINE
  5
761
330
1F
100
AcDbEntity
  8
wall
100
AcDbLine
 10
15306.75322158137
 20
16473.27548561918
 30
0.0
 11
14876.75322158134
 21
16473.27548561918
 31
0.0
  0
LINE
  5
762
330
1F
100
AcDbEntity
  8
wall
100
AcDbLine
 10
9496.753221581327
 20
16473.27548561919
 30
0.0
 11
9066.753221581372
 21
16473.27548561918
 31
0.0
  0
LINE
  5
763
330
1F
100
AcDbEntity
  8
wall
100
AcDbLine
 10
15306.75322158137
 20
29293.27548561918
 30
0.0
 11
15306.75322158137
 21
27813.27548561918
 31
0.0
  0
LINE
  5
764
330
1F
100
AcDbEntity
  8
wall
100
AcDbLine
 10
15306.75322158137
 20
26313.27548561918
 30
0.0
 11
15306.75322158135
 21
24833.27548561918
 31
0.0
  0
LINE
  5
765
330
1F
100
AcDbEntity
  8
wall
100
AcDbLine
 10
15076.75322158137
 20
29063.27548561918
 30
0.0
 11
15076.75322158137
 21
27813.27548561918
 31
0.0
  0
LINE
  5
766
330
1F
100
AcDbEntity
  8
FURN
100
AcDbLine
 10
14476.75322158137
 20
28463.27548561918
 30
0.0
 11
14476.75322158137
 21
25849.93040488428
 31
0.0
  0
LINE
  5
767
330
1F
100
AcDbEntity
  8
wall
100
AcDbLine
 10
15076.75322158137
 20
26313.27548561918
 30
0.0
 11
15076.75322158136
 21
25063.27548561918
 31
0.0
  0
LINE
  5
768
330
1F
100
AcDbEntity
  8
wall
100
AcDbLine
 10
15076.75322158134
 20
21553.27548561918
 30
0.0
 11
15076.75322158136
 21
16703.27548561918
 31
0.0
  0
LINE
  5
769
330
1F
100
AcDbEntity
  8
wall
100
AcDbLine
 10
15306.75322158134
 20
21783.27548561918
 30
0.0
 11
15306.75322158135
 21
16473.27548561919
 31
0.0
  0
LINE
  5
76A
330
1F
100
AcDbEntity
  8
wall
100
AcDbLine
 10
14876.75322158134
 20
16703.27548561918
 30
0.0
 11
14876.75322158134
 21
16473.27548561918
 31
0.0
  0
LINE
  5
76B
330
1F
100
AcDbEntity
  8
wall
100
AcDbLine
 10
11276.7532215814
 20
29063.2754856192
 30
0.0
 11
11276.75322158141
 21
28963.2754856192
 31
0.0
  0
LINE
  5
76C
330
1F
100
AcDbEntity
  8
wall
100
AcDbLine
 10
11276.75322158137
 20
27963.2754856192
 30
0.0
 11
11276.75322158135
 21
26383.27548561917
 31
0.0
  0
LINE
  5
76D
330
1F
100
AcDbEntity
  8
wall
100
AcDbLine
 10
11276.75322158135
 20
24833.27548561918
 30
0.0
 11
11276.75322158135
 21
21783.2754856192
 31
0.0
  0
LINE
  5
76E
330
1F
100
AcDbEntity
  8
wall
100
AcDbLine
 10
13226.75322158135
 20
24833.27548561918
 30
0.0
 11
13226.75322158135
 21
22883.2754856192
 31
0.0
  0
LINE
  5
76F
330
1F
100
AcDbEntity
  8
FURN
100
AcDbLine
 10
12686.75322158135
 20
24833.27548561918
 30
0.0
 11
12686.75322158135
 21
23336.62174466959
 31
0.0
  0
LINE
  5
770
330
1F
100
AcDbEntity
  8
wall
100
AcDbLine
 10
13226.75322158135
 20
21883.2754856192
 30
0.0
 11
13226.75322158135
 21
21783.27548561918
 31
0.0
  0
LINE
  5
771
330
1F
100
AcDbEntity
  8
wall
100
AcDbLine
 10
13456.75322158135
 20
24833.2754856192
 30
0.0
 11
13456.75322158134
 21
23833.27548561917
 31
0.0
  0
LINE
  5
772
330
1F
100
AcDbEntity
  8
wall
100
AcDbLine
 10
13456.75322158134
 20
23603.27548561917
 30
0.0
 11
13456.75322158134
 21
22883.2754856192
 31
0.0
  0
LINE
  5
773
330
1F
100
AcDbEntity
  8
wall
100
AcDbLine
 10
13456.75322158134
 20
21883.2754856192
 30
0.0
 11
13456.75322158135
 21
21783.27548561918
 31
0.0
  0
LINE
  5
774
330
1F
100
AcDbEntity
  8
wall
100
AcDbLine
 10
14456.75322158134
 20
24833.27548561918
 30
0.0
 11
14456.75322158134
 21
24633.27548561918
 31
0.0
  0
LINE
  5
775
330
1F
100
AcDbEntity
  8
wall
100
AcDbLine
 10
14456.75322158136
 20
24033.27548561918
 30
0.0
 11
14456.75322158137
 21
23833.27548561918
 31
0.0
  0
LINE
  5
776
330
1F
100
AcDbEntity
  8
wall
100
AcDbLine
 10
14686.75322158134
 20
24833.27548561918
 30
0.0
 11
14686.75322158135
 21
24633.27548561919
 31
0.0
  0
LINE
  5
777
330
1F
100
AcDbEntity
  8
wall
100
AcDbLine
 10
14686.75322158136
 20
24033.27548561918
 30
0.0
 11
14686.75322158137
 21
23603.27548561918
 31
0.0
  0
LINE
  5
778
330
1F
100
AcDbEntity
  8
wall
100
AcDbLine
 10
11046.75322158137
 20
29063.27548561918
 30
0.0
 11
11046.75322158137
 21
28963.27548561922
 31
0.0
  0
LINE
  5
779
330
1F
100
AcDbEntity
  8
wall
100
AcDbLine
 10
11046.75322158136
 20
27963.2754856192
 30
0.0
 11
11046.75322158136
 21
26613.27548561918
 31
0.0
  0
LINE
  5
77A
330
1F
100
AcDbEntity
  8
wall
100
AcDbLine
 10
11046.75322158136
 20
24833.27548561918
 30
0.0
 11
11046.75322158136
 21
21783.2754856192
 31
0.0
  0
LINE
  5
77B
330
1F
100
AcDbEntity
  8
wall
100
AcDbLine
 10
10946.75322158136
 20
25063.27548561918
 30
0.0
 11
10946.75322158136
 21
24833.2754856192
 31
0.0
  0
LINE
  5
77C
330
1F
100
AcDbEntity
  8
wall
100
AcDbLine
 10
9296.753221581372
 20
29063.27548561918
 30
0.0
 11
9296.753221581372
 21
26613.27548561917
 31
0.0
  0
LINE
  5
77D
330
1F
100
AcDbEntity
  8
FURN
100
AcDbLine
 10
9836.753221581373
 20
29063.27548561918
 30
0.0
 11
9836.753221581373
 21
27153.27548561917
 31
0.0
  0
LINE
  5
77E
330
1F
100
AcDbEntity
  8
wall
100
AcDbLine
 10
9296.753221581358
 20
24833.2754856192
 30
0.0
 11
9296.753221581358
 21
24463.27548561918
 31
0.0
  0
LINE
  5
77F
330
1F
100
AcDbEntity
  8
wall
100
AcDbLine
 10
9296.753221581353
 20
22383.27548561918
 30
0.0
 11
9296.753221581358
 21
21783.27548561918
 31
0.0
  0
LINE
  5
780
330
1F
100
AcDbEntity
  8
wall
100
AcDbLine
 10
9296.75322158134
 20
21553.27548561918
 30
0.0
 11
9296.753221581328
 21
16703.27548561919
 31
0.0
  0
LINE
  5
781
330
1F
100
AcDbEntity
  8
wall
100
AcDbLine
 10
9496.753221581327
 20
16703.27548561919
 30
0.0
 11
9496.753221581341
 21
16473.27548561918
 31
0.0
  0
LINE
  5
782
330
1F
100
AcDbEntity
  8
wall
100
AcDbLine
 10
9066.753221581372
 20
29063.27548561918
 30
0.0
 11
9066.753221581372
 21
26383.27548561917
 31
0.0
  0
LINE
  5
783
330
1F
100
AcDbEntity
  8
wall
100
AcDbLine
 10
9066.753221581342
 20
25063.27548561918
 30
0.0
 11
9066.753221581342
 21
24463.27548561918
 31
0.0
  0
LINE
  5
784
330
1F
100
AcDbEntity
  8
wall
100
AcDbLine
 10
9066.753221581342
 20
22383.27548561918
 30
0.0
 11
9066.753221581342
 21
21553.27548561918
 31
0.0
  0
LINE
  5
785
330
1F
100
AcDbEntity
  8
wall
100
AcDbLine
 10
9066.753221581356
 20
21553.27548561918
 30
0.0
 11
9066.753221581356
 21
20153.2754856192
 31
0.0
  0
LINE
  5
786
330
1F
100
AcDbEntity
  8
wall
100
AcDbLine
 10
9066.753221581356
 20
19923.27548561919
 30
0.0
 11
9066.753221581372
 21
16473.27548561918
 31
0.0
  0
LINE
  5
787
330
1F
100
AcDbEntity
  8
FURN
100
AcDbLine
 10
8616.753221581358
 20
19923.27548561918
 30
0.0
 11
8616.753221581365
 21
18198.27548561918
 31
0.0
  0
LINE
  5
788
330
1F
100
AcDbEntity
  8
wall
100
AcDbLine
 10
4466.753221581357
 20
29063.27548561918
 30
0.0
 11
4466.753221581342
 21
24833.27548561918
 31
0.0
  0
LINE
  5
789
330
1F
100
AcDbEntity
  8
wall
100
AcDbLine
 10
4466.753221581357
 20
21783.27548561918
 30
0.0
 11
4466.753221581357
 21
21553.27548561918
 31
0.0
  0
LINE
  5
78A
330
1F
100
AcDbEntity
  8
ELE 2
100
AcDbLine
 10
5666.753221581357
 20
29063.27548561918
 30
0.0
 11
5666.753221581357
 21
27903.27548561919
 31
0.0
  0
LINE
  5
78B
330
1F
100
AcDbEntity
  8
ELE 2
100
AcDbLine
 10
5666.753221581357
 20
27883.27548561918
 30
0.0
 11
5666.753221581357
 21
26063.27548561918
 31
0.0
  0
LINE
  5
78C
330
1F
100
AcDbEntity
  8
ELE 2
100
AcDbLine
 10
5646.753221581357
 20
27883.27548561918
 30
0.0
 11
5646.753221581357
 21
26063.27548561918
 31
0.0
  0
LINE
  5
78D
330
1F
100
AcDbEntity
  8
ELE 2
100
AcDbLine
 10
5626.753221581357
 20
27903.27548561919
 30
0.0
 11
5626.753221581357
 21
26063.27548561918
 31
0.0
  0
LINE
  5
78E
330
1F
100
AcDbEntity
  8
ELE 2
100
AcDbLine
 10
5666.753221581341
 20
25063.27548561918
 30
0.0
 11
5666.753221581357
 21
21553.27548561918
 31
0.0
  0
LINE
  5
78F
330
1F
100
AcDbEntity
  8
ELE 1
100
AcDbLine
 10
5966.753221581345
 20
24763.27548561918
 30
0.0
 11
5966.753221581356
 21
21853.27548561918
 31
0.0
  0
LINE
  5
790
330
1F
100
AcDbEntity
  8
ELE 1
100
AcDbLine
 10
6266.753221581345
 20
24463.27548561918
 30
0.0
 11
6266.753221581353
 21
22153.27548561918
 31
0.0
  0
LINE
  5
791
330
1F
100
AcDbEntity
  8
wall
100
AcDbLine
 10
5666.75322158137
 20
20153.27548561919
 30
0.0
 11
5666.753221581386
 21
17703.27548561917
 31
0.0
  0
LINE
  5
792
330
1F
100
AcDbEntity
  8
wall
100
AcDbLine
 10
5666.753221581386
 20
17473.27548561917
 30
0.0
 11
5666.753221581386
 21
16873.27548561918
 31
0.0
  0
LINE
  5
793
330
1F
100
AcDbEntity
  8
wall
100
AcDbLine
 10
5896.753221581372
 20
19923.2754856192
 30
0.0
 11
5896.753221581372
 21
16873.27548561918
 31
0.0
  0
LINE
  5
794
330
1F
100
AcDbEntity
  8
FURN
100
AcDbLine
 10
6396.753221581372
 20
19923.2754856192
 30
0.0
 11
6396.753221581372
 21
18198.27548561918
 31
0.0
  0
LINE
  5
795
330
1F
100
AcDbEntity
  8
wall
100
AcDbLine
 10
4236.753221581357
 20
29293.27548561918
 30
0.0
 11
4236.753221581372
 21
28793.27548561919
 31
0.0
  0
LINE
  5
796
330
1F
100
AcDbEntity
  8
wall
100
AcDbLine
 10
4236.753221581357
 20
28563.27548561917
 30
0.0
 11
4236.753221581342
 21
25063.27548561916
 31
0.0
  0
LINE
  5
797
330
1F
100
AcDbEntity
  8
wall
100
AcDbLine
 10
4136.753221581343
 20
25063.27548561914
 30
0.0
 11
4136.753221581357
 21
24833.27548561918
 31
0.0
  0
LINE
  5
798
330
1F
100
AcDbEntity
  8
wall
100
AcDbLine
 10
3136.753221581372
 20
25063.27548561917
 30
0.0
 11
3136.753221581357
 21
24833.27548561918
 31
0.0
  0
LINE
  5
799
330
1F
100
AcDbEntity
  8
wall
100
AcDbLine
 10
236.7532215813862
 20
29063.27548561918
 30
0.0
 11
236.7532215813862
 21
27813.27548561917
 31
0.0
  0
LINE
  5
79A
330
1F
100
AcDbEntity
  8
wall
100
AcDbLine
 10
236.7532215813862
 20
26313.27548561918
 30
0.0
 11
236.7532215813717
 21
25063.27548561917
 31
0.0
  0
LINE
  5
79B
330
1F
100
AcDbEntity
  8
wall
100
AcDbLine
 10
236.7532215813717
 20
24833.27548561918
 30
0.0
 11
236.7532215813717
 21
23383.2754856192
 31
0.0
  0
LINE
  5
79C
330
1F
100
AcDbEntity
  8
wall
100
AcDbLine
 10
236.7532215813717
 20
23153.2754856192
 30
0.0
 11
236.7532215813717
 21
22968.2754856192
 31
0.0
  0
LINE
  5
79D
330
1F
100
AcDbEntity
  8
wall
100
AcDbLine
 10
236.7532215813717
 20
21968.2754856192
 30
0.0
 11
236.7532215813717
 21
21783.2754856192
 31
0.0
  0
LINE
  5
79E
330
1F
100
AcDbEntity
  8
ELE 1
100
AcDbLine
 10
236.7532215813717
 20
21553.27548561918
 30
0.0
 11
236.7532215813717
 21
17703.27548561918
 31
0.0
  0
LINE
  5
79F
330
1F
100
AcDbEntity
  8
ELE 1
100
AcDbLine
 10
6.75322158137169
 20
21553.27548561918
 30
0.0
 11
6.75322158137169
 21
17473.27548561918
 31
0.0
  0
LINE
  5
7A0
330
1F
100
AcDbEntity
  8
wall
100
AcDbLine
 10
1236.753221581372
 20
23153.2754856192
 30
0.0
 11
1236.753221581357
 21
21783.27548561918
 31
0.0
  0
LINE
  5
7A1
330
1F
100
AcDbEntity
  8
wall
100
AcDbLine
 10
1236.753221581357
 20
21553.27548561917
 30
0.0
 11
1236.753221581357
 21
20628.27548561918
 31
0.0
  0
LINE
  5
7A2
330
1F
100
AcDbEntity
  8
wall
100
AcDbLine
 10
1236.753221581372
 20
18628.27548561918
 30
0.0
 11
1236.753221581353
 21
17473.27548561918
 31
0.0
  0
LINE
  5
7A3
330
1F
100
AcDbEntity
  8
wall
100
AcDbLine
 10
1466.75322158137
 20
23153.2754856192
 30
0.0
 11
1466.753221581357
 21
21783.27548561921
 31
0.0
  0
LINE
  5
7A4
330
1F
100
AcDbEntity
  8
wall
100
AcDbLine
 10
1466.75322158137
 20
21553.27548561917
 30
0.0
 11
1466.75322158137
 21
20628.27548561918
 31
0.0
  0
LINE
  5
7A5
330
1F
100
AcDbEntity
  8
wall
100
AcDbLine
 10
1466.75322158137
 20
18628.27548561918
 30
0.0
 11
1466.75322158137
 21
17703.27548561918
 31
0.0
  0
LINE
  5
7A6
330
1F
100
AcDbEntity
  8
wall
100
AcDbLine
 10
2666.753221581358
 20
24833.27548561918
 30
0.0
 11
2666.753221581358
 21
23383.2754856192
 31
0.0
  0
LINE
  5
7A7
330
1F
100
AcDbEntity
  8
ELE 1
100
AcDbLine
 10
1766.753221581357
 20
24833.27548561918
 30
0.0
 11
1766.753221581357
 21
23383.2754856192
 31
0.0
  0
LINE
  5
7A8
330
1F
100
AcDbEntity
  8
wall
100
AcDbLine
 10
2666.753221581343
 20
23153.2754856192
 30
0.0
 11
2666.753221581358
 21
22633.27548561918
 31
0.0
  0
LINE
  5
7A9
330
1F
100
AcDbEntity
  8
wall
100
AcDbLine
 10
2666.753221581372
 20
21883.27548561918
 30
0.0
 11
2666.753221581358
 21
21783.2754856192
 31
0.0
  0
LINE
  5
7AA
330
1F
100
AcDbEntity
  8
wall
100
AcDbLine
 10
2896.753221581358
 20
24833.27548561918
 30
0.0
 11
2896.753221581358
 21
22633.27548561918
 31
0.0
  0
LINE
  5
7AB
330
1F
100
AcDbEntity
  8
wall
100
AcDbLine
 10
2896.753221581358
 20
21883.27548561918
 30
0.0
 11
2896.753221581358
 21
21783.27548561918
 31
0.0
  0
LINE
  5
7AC
330
1F
100
AcDbEntity
  8
wall
100
AcDbLine
 10
6.75322158137169
 20
29293.27548561918
 30
0.0
 11
6.75322158137169
 21
27813.27548561917
 31
0.0
  0
LINE
  5
7AD
330
1F
100
AcDbEntity
  8
wall
100
AcDbLine
 10
6.75322158137169
 20
26313.27548561918
 30
0.0
 11
6.75322158137169
 21
22968.2754856192
 31
0.0
  0
LINE
  5
7AE
330
1F
100
AcDbEntity
  8
wall
100
AcDbLine
 10
6.75322158137169
 20
21968.2754856192
 30
0.0
 11
6.75322158137169
 21
21553.27548561917
 31
0.0
  0
LINE
  5
7AF
330
1F
100
AcDbEntity
  8
ELE 2
100
AcDbLine
 10
5966.753221581357
 20
27863.27548561918
 30
0.0
 11
5966.753221581356
 21
27883.27548561918
 31
0.0
  0
LINE
  5
7B0
330
1F
100
AcDbEntity
  8
ELE 2
100
AcDbLine
 10
5966.753221581357
 20
27903.27548561919
 30
0.0
 11
5966.753221581357
 21
29063.27548561918
 31
0.0
  0
LINE
  5
7B1
330
1F
100
AcDbEntity
  8
ELE 2
100
AcDbLine
 10
6266.753221581357
 20
27863.27548561918
 30
0.0
 11
6266.753221581357
 21
27883.27548561918
 31
0.0
  0
LINE
  5
7B2
330
1F
100
AcDbEntity
  8
ELE 2
100
AcDbLine
 10
6266.753221581357
 20
27903.27548561918
 30
0.0
 11
6266.753221581357
 21
29063.27548561918
 31
0.0
  0
LINE
  5
7B3
330
1F
100
AcDbEntity
  8
ABOVE-DOTTED
100
AcDbLine
 10
6566.753221581357
 20
27863.27548561918
 30
0.0
 11
6566.753221581357
 21
27883.27548561918
 31
0.0
  0
LINE
  5
7B4
330
1F
100
AcDbEntity
  8
ABOVE-DOTTED
100
AcDbLine
 10
6566.753221581357
 20
27903.27548561918
 30
0.0
 11
6566.753221581357
 21
29063.27548561918
 31
0.0
  0
LINE
  5
7B5
330
1F
100
AcDbEntity
  8
ABOVE-DOTTED
100
AcDbLine
 10
6866.753221581358
 20
27863.27548561918
 30
0.0
 11
6866.753221581358
 21
27883.27548561918
 31
0.0
  0
LINE
  5
7B6
330
1F
100
AcDbEntity
  8
ABOVE-DOTTED
100
AcDbLine
 10
6866.753221581358
 20
27903.27548561918
 30
0.0
 11
6866.753221581358
 21
29063.27548561918
 31
0.0
  0
LINE
  5
7B7
330
1F
100
AcDbEntity
  8
ABOVE-DOTTED
100
AcDbLine
 10
7166.753221581358
 20
27863.27548561918
 30
0.0
 11
7166.753221581358
 21
27883.27548561918
 31
0.0
  0
LINE
  5
7B8
330
1F
100
AcDbEntity
  8
ABOVE-DOTTED
100
AcDbLine
 10
7166.753221581358
 20
27903.27548561918
 30
0.0
 11
7166.753221581358
 21
29063.27548561918
 31
0.0
  0
LINE
  5
7B9
330
1F
100
AcDbEntity
  8
ABOVE-DOTTED
100
AcDbLine
 10
7466.753221581358
 20
27863.27548561918
 30
0.0
 11
7466.753221581358
 21
27883.27548561918
 31
0.0
  0
LINE
  5
7BA
330
1F
100
AcDbEntity
  8
ABOVE-DOTTED
100
AcDbLine
 10
7466.753221581358
 20
27903.27548561918
 30
0.0
 11
7466.753221581358
 21
29063.27548561918
 31
0.0
  0
LINE
  5
7BB
330
1F
100
AcDbEntity
  8
ABOVE-DOTTED
100
AcDbLine
 10
7766.753221581358
 20
27863.27548561918
 30
0.0
 11
7766.753221581358
 21
27883.27548561918
 31
0.0
  0
LINE
  5
7BC
330
1F
100
AcDbEntity
  8
ABOVE-DOTTED
100
AcDbLine
 10
7766.753221581358
 20
27903.27548561918
 30
0.0
 11
7766.753221581358
 21
29063.27548561918
 31
0.0
  0
LINE
  5
7BD
330
1F
100
AcDbEntity
  8
ABOVE-DOTTED
100
AcDbLine
 10
8066.753221581357
 20
27863.27548561918
 30
0.0
 11
8066.753221581357
 21
27883.27548561918
 31
0.0
  0
LINE
  5
7BE
330
1F
100
AcDbEntity
  8
ABOVE-DOTTED
100
AcDbLine
 10
8066.753221581357
 20
27903.27548561918
 30
0.0
 11
8066.753221581357
 21
29063.27548561918
 31
0.0
  0
LINE
  5
7BF
330
1F
100
AcDbEntity
  8
ABOVE-DOTTED
100
AcDbLine
 10
8366.753221581358
 20
27863.27548561918
 30
0.0
 11
8366.753221581358
 21
27883.27548561918
 31
0.0
  0
LINE
  5
7C0
330
1F
100
AcDbEntity
  8
ABOVE-DOTTED
100
AcDbLine
 10
8366.753221581358
 20
27903.27548561918
 30
0.0
 11
8366.753221581358
 21
29063.27548561918
 31
0.0
  0
LINE
  5
7C1
330
1F
100
AcDbEntity
  8
ABOVE-DOTTED
100
AcDbLine
 10
8666.753221581357
 20
27863.27548561918
 30
0.0
 11
8666.753221581357
 21
27883.27548561918
 31
0.0
  0
LINE
  5
7C2
330
1F
100
AcDbEntity
  8
ABOVE-DOTTED
100
AcDbLine
 10
8666.753221581357
 20
27903.27548561918
 30
0.0
 11
8666.753221581357
 21
29063.27548561918
 31
0.0
  0
LINE
  5
7C3
330
1F
100
AcDbEntity
  8
ABOVE-DOTTED
100
AcDbLine
 10
8966.753221581358
 20
27863.27548561918
 30
0.0
 11
8966.753221581358
 21
27883.27548561918
 31
0.0
  0
LINE
  5
7C4
330
1F
100
AcDbEntity
  8
ABOVE-DOTTED
100
AcDbLine
 10
8966.753221581358
 20
27903.27548561918
 30
0.0
 11
8966.753221581358
 21
29063.27548561918
 31
0.0
  0
LINE
  5
7C5
330
1F
100
AcDbEntity
  8
ELE 2
100
AcDbLine
 10
4466.753221581357
 20
27563.27548561918
 30
0.0
 11
5626.753221581357
 21
27563.27548561918
 31
0.0
  0
LINE
  5
7C6
330
1F
100
AcDbEntity
  8
ELE 2
100
AcDbLine
 10
5646.753221581357
 20
27563.27548561918
 30
0.0
 11
5666.753221581357
 21
27563.27548561918
 31
0.0
  0
LINE
  5
7C7
330
1F
100
AcDbEntity
  8
ELE 2
100
AcDbLine
 10
4466.753221581357
 20
27263.27548561918
 30
0.0
 11
5626.753221581357
 21
27263.27548561918
 31
0.0
  0
LINE
  5
7C8
330
1F
100
AcDbEntity
  8
ELE 2
100
AcDbLine
 10
5646.753221581357
 20
27263.27548561918
 30
0.0
 11
5666.753221581357
 21
27263.27548561918
 31
0.0
  0
LINE
  5
7C9
330
1F
100
AcDbEntity
  8
ELE 2
100
AcDbLine
 10
4466.753221581357
 20
26963.27548561918
 30
0.0
 11
5626.753221581357
 21
26963.27548561918
 31
0.0
  0
LINE
  5
7CA
330
1F
100
AcDbEntity
  8
ELE 2
100
AcDbLine
 10
5646.753221581357
 20
26963.27548561918
 30
0.0
 11
5666.753221581357
 21
26963.27548561918
 31
0.0
  0
LINE
  5
7CB
330
1F
100
AcDbEntity
  8
ELE 2
100
AcDbLine
 10
4466.753221581357
 20
26663.27548561918
 30
0.0
 11
5626.753221581357
 21
26663.27548561918
 31
0.0
  0
LINE
  5
7CC
330
1F
100
AcDbEntity
  8
ELE 2
100
AcDbLine
 10
5646.753221581357
 20
26663.27548561918
 30
0.0
 11
5666.753221581357
 21
26663.27548561918
 31
0.0
  0
LINE
  5
7CD
330
1F
100
AcDbEntity
  8
ELE 2
100
AcDbLine
 10
4466.753221581357
 20
26363.27548561918
 30
0.0
 11
5626.753221581357
 21
26363.27548561918
 31
0.0
  0
LINE
  5
7CE
330
1F
100
AcDbEntity
  8
ELE 2
100
AcDbLine
 10
4466.753221581357
 20
26063.27548561918
 30
0.0
 11
5666.753221581357
 21
26063.27548561918
 31
0.0
  0
LINE
  5
7CF
330
1F
100
AcDbEntity
  8
wall
100
AcDbLine
 10
2336.753221581372
 20
29063.27548561918
 30
0.0
 11
2336.753221581372
 21
28563.27548561918
 31
0.0
  0
LINE
  5
7D0
330
1F
100
AcDbEntity
  8
wall
100
AcDbLine
 10
2566.753221581372
 20
29293.27548561918
 30
0.0
 11
2566.753221581372
 21
28793.27548561919
 31
0.0
  0
LINE
  5
7D1
330
1F
100
AcDbEntity
  8
wall
100
AcDbLine
 10
2336.753221581372
 20
28563.27548561918
 30
0.0
 11
4236.753221581357
 21
28563.27548561918
 31
0.0
  0
LINE
  5
7D2
330
1F
100
AcDbEntity
  8
wall
100
AcDbLine
 10
2566.753221581357
 20
28793.27548561917
 30
0.0
 11
4236.753221581357
 21
28793.27548561919
 31
0.0
  0
LINE
  5
7D3
330
1F
100
AcDbEntity
  8
wall
100
AcDbLine
 10
12426.75322158138
 20
29293.27548561918
 30
0.0
 11
12426.75322158138
 21
29063.27548561918
 31
0.0
  0
LINE
  5
7D4
330
1F
100
AcDbEntity
  8
wall
100
AcDbLine
 10
13926.75322158138
 20
29293.27548561918
 30
0.0
 11
13926.75322158138
 21
29063.27548561918
 31
0.0
  0
LINE
  5
7D5
330
1F
100
AcDbEntity
  8
wall
100
AcDbLine
 10
15306.75322158135
 20
26313.27548561918
 30
0.0
 11
15076.75322158136
 21
26313.27548561918
 31
0.0
  0
LINE
  5
7D6
330
1F
100
AcDbEntity
  8
wall
100
AcDbLine
 10
15306.75322158137
 20
27813.27548561918
 30
0.0
 11
15076.75322158137
 21
27813.27548561918
 31
0.0
  0
LINE
  5
7D7
330
1F
100
AcDbEntity
  8
SILL
100
AcDbLine
 10
12426.75322158138
 20
29293.27548561918
 30
0.0
 11
13926.75322158138
 21
29293.27548561918
 31
0.0
  0
LINE
  5
7D8
330
1F
100
AcDbEntity
  8
SILL
100
AcDbLine
 10
12426.75322158138
 20
29063.27548561918
 30
0.0
 11
13926.75322158138
 21
29063.27548561918
 31
0.0
  0
LINE
  5
7D9
330
1F
100
AcDbEntity
  8
SILL
100
AcDbLine
 10
15306.75322158137
 20
27813.27548561918
 30
0.0
 11
15306.75322158135
 21
26313.27548561918
 31
0.0
  0
LINE
  5
7DA
330
1F
100
AcDbEntity
  8
SILL
100
AcDbLine
 10
15076.75322158137
 20
27813.27548561918
 30
0.0
 11
15076.75322158136
 21
26313.27548561918
 31
0.0
  0
LINE
  5
7DB
330
1F
100
AcDbEntity
  8
wall
100
AcDbLine
 10
11376.75322158135
 20
25063.27548561918
 30
0.0
 11
11376.75322158135
 21
24833.27548561918
 31
0.0
  0
LINE
  5
7DC
330
1F
100
AcDbEntity
  8
wall
100
AcDbLine
 10
12376.75322158136
 20
25063.27548561918
 30
0.0
 11
12376.75322158136
 21
24833.27548561918
 31
0.0
  0
LINE
  5
7DD
330
1F
100
AcDbEntity
  8
wall
100
AcDbLine
 10
9396.753221581358
 20
25063.27548561918
 30
0.0
 11
9396.753221581358
 21
24833.27548561918
 31
0.0
  0
LINE
  5
7DE
330
1F
100
AcDbEntity
  8
ELE 1
100
AcDbLine
 10
14056.75322158135
 20
23603.27548561918
 30
0.0
 11
14056.75322158137
 21
21783.27548561918
 31
0.0
  0
LINE
  5
7DF
330
1F
100
AcDbEntity
  8
ELE 1
100
AcDbLine
 10
14356.75322158135
 20
23603.27548561918
 30
0.0
 11
14356.75322158137
 21
21783.27548561918
 31
0.0
  0
LINE
  5
7E0
330
1F
100
AcDbEntity
  8
ELE 1
100
AcDbLine
 10
14656.75322158135
 20
23603.27548561918
 30
0.0
 11
14656.75322158137
 21
21783.27548561918
 31
0.0
  0
LINE
  5
7E1
330
1F
100
AcDbEntity
  8
wall
100
AcDbLine
 10
5666.753221581386
 20
16873.27548561918
 30
0.0
 11
5896.753221581372
 21
16873.27548561919
 31
0.0
  0
LINE
  5
7E2
330
1F
100
AcDbEntity
  8
0
100
AcDbLine
 10
6064.164784178402
 20
29293.27548561918
 30
0.0
 11
6064.164784178402
 21
29063.27548561917
 31
0.0
  0
LINE
  5
7E3
330
1F
100
AcDbEntity
  8
0
100
AcDbLine
 10
8064.164784178402
 20
29293.27548561918
 30
0.0
 11
8064.164784178414
 21
29063.2754856192
 31
0.0
  0
LINE
  5
7E4
330
1F
100
AcDbEntity
  8
SILL
100
AcDbLine
 10
6064.164784178402
 20
29063.27548561917
 30
0.0
 11
8064.164784178414
 21
29063.2754856193
 31
0.0
  0
LINE
  5
7E5
330
1F
100
AcDbEntity
  8
SILL
100
AcDbLine
 10
6064.164784178402
 20
29293.27548561918
 30
0.0
 11
8064.164784178402
 21
29293.27548561932
 31
0.0
  0
LINE
  5
7E6
330
1F
100
AcDbEntity
  8
wall
100
AcDbLine
 10
8064.164784178402
 20
29293.27548561932
 30
0.0
 11
8064.164784178414
 21
29063.27548561931
 31
0.0
  0
LINE
  5
7E7
330
1F
100
AcDbEntity
  8
wall
100
AcDbLine
 10
6064.164784178402
 20
29293.27548561918
 30
0.0
 11
6064.164784178402
 21
29063.27548561917
 31
0.0
  0
LINE
  5
7E8
330
1F
100
AcDbEntity
  8
wall
100
AcDbLine
 10
6481.753221581371
 20
20153.27548561918
 30
0.0
 11
6481.753221581371
 21
19923.27548561918
 31
0.0
  0
LINE
  5
7E9
330
1F
100
AcDbEntity
  8
wall
100
AcDbLine
 10
8481.753221581371
 20
20153.27548561919
 30
0.0
 11
8481.753221581371
 21
19923.27548561919
 31
0.0
  0
LINE
  5
7EA
330
1F
100
AcDbEntity
  8
ELE 1
100
AcDbLine
 10
236.7532215813717
 20
17703.27548561918
 30
0.0
 11
1236.753221581357
 21
17703.27548561918
 31
0.0
  0
LINE
  5
7EB
330
1F
100
AcDbEntity
  8
ELE 1
100
AcDbLine
 10
6.75322158137169
 20
17473.27548561918
 30
0.0
 11
1236.753221581357
 21
17473.27548561918
 31
0.0
  0
LINE
  5
7EC
330
1F
100
AcDbEntity
  8
SILL
100
AcDbLine
 10
2816.753221581372
 20
17703.27548561918
 30
0.0
 11
4316.753221581371
 21
17703.27548561918
 31
0.0
  0
LINE
  5
7ED
330
1F
100
AcDbEntity
  8
wall
100
AcDbLine
 10
4316.753221581371
 20
17703.27548561918
 30
0.0
 11
4316.753221581371
 21
17473.27548561918
 31
0.0
  0
LINE
  5
7EE
330
1F
100
AcDbEntity
  8
SILL
100
AcDbLine
 10
4316.753221581371
 20
17473.27548561918
 30
0.0
 11
2816.753221581372
 21
17473.27548561918
 31
0.0
  0
LINE
  5
7EF
330
1F
100
AcDbEntity
  8
wall
100
AcDbLine
 10
2816.753221581372
 20
17473.27548561918
 30
0.0
 11
2816.753221581372
 21
17703.27548561918
 31
0.0
  0
LINE
  5
7F0
330
1F
100
AcDbEntity
  8
0
100
AcDbLine
 10
2816.753221581372
 20
17588.27548561918
 30
0.0
 11
4316.753221581371
 21
17588.27548561918
 31
0.0
  0
LINE
  5
7F1
330
1F
100
AcDbEntity
  8
wall
100
AcDbLine
 10
6.75322158137169
 20
27813.27548561917
 30
0.0
 11
236.7532215813862
 21
27813.27548561917
 31
0.0
  0
LINE
  5
7F2
330
1F
100
AcDbEntity
  8
SILL
100
AcDbLine
 10
236.7532215813862
 20
27813.27548561917
 30
0.0
 11
236.7532215813862
 21
26313.27548561918
 31
0.0
  0
LINE
  5
7F3
330
1F
100
AcDbEntity
  8
wall
100
AcDbLine
 10
236.7532215813862
 20
26313.27548561918
 30
0.0
 11
6.75322158137169
 21
26313.27548561918
 31
0.0
  0
LINE
  5
7F4
330
1F
100
AcDbEntity
  8
SILL
100
AcDbLine
 10
6.75322158137169
 20
26313.27548561918
 30
0.0
 11
6.75322158137169
 21
27813.27548561917
 31
0.0
  0
LINE
  5
7F5
330
1F
100
AcDbEntity
  8
wall
100
AcDbLine
 10
236.7532215813717
 20
21968.2754856192
 30
0.0
 11
6.75322158137169
 21
21968.2754856192
 31
0.0
  0
LINE
  5
7F6
330
1F
100
AcDbEntity
  8
wall
100
AcDbLine
 10
236.7532215813717
 20
22968.2754856192
 30
0.0
 11
6.75322158137169
 21
22968.2754856192
 31
0.0
  0
LINE
  5
7F7
330
1F
100
AcDbEntity
  8
wall
100
AcDbLine
 10
1466.75322158137
 20
18628.27548561917
 30
0.0
 11
1236.753221581357
 21
18628.27548561917
 31
0.0
  0
LINE
  5
7F8
330
1F
100
AcDbEntity
  8
wall
100
AcDbLine
 10
1466.75322158137
 20
20628.27548561918
 30
0.0
 11
1236.753221581357
 21
20628.27548561918
 31
0.0
  0
LINE
  5
7F9
330
1F
100
AcDbEntity
  8
wall
100
AcDbLine
 10
12071.75322158134
 20
16703.27548561919
 30
0.0
 11
12071.75322158134
 21
16473.27548561919
 31
0.0
  0
LINE
  5
7FA
330
1F
100
AcDbEntity
  8
wall
100
AcDbLine
 10
12301.75322158134
 20
16703.27548561919
 30
0.0
 11
12301.75322158134
 21
16473.27548561919
 31
0.0
  0
LINE
  5
7FB
330
1F
100
AcDbEntity
  8
wall
100
AcDbLine
 10
12071.75322158134
 20
21323.27548561918
 30
0.0
 11
12301.75322158134
 21
21323.27548561918
 31
0.0
  0
LINE
  5
7FC
330
1F
100
AcDbEntity
  8
wall
100
AcDbLine
 10
12301.75322158134
 20
16703.27548561919
 30
0.0
 11
12071.75322158134
 21
16703.27548561919
 31
0.0
  0
LINE
  5
7FD
330
1F
100
AcDbEntity
  8
wall
100
AcDbLine
 10
14876.75322158134
 20
16703.27548561919
 30
0.0
 11
15076.75322158136
 21
16703.27548561919
 31
0.0
  0
LINE
  5
7FE
330
1F
100
AcDbEntity
  8
0
100
AcDbLine
 10
12301.75322158134
 20
16473.27548561919
 30
0.0
 11
12071.75322158134
 21
16473.27548561919
 31
0.0
  0
LINE
  5
7FF
330
1F
100
AcDbEntity
  8
wall
100
AcDbLine
 10
14876.75322158134
 20
16473.27548561919
 30
0.0
 11
15306.75322158135
 21
16473.27548561919
 31
0.0
  0
LINE
  5
800
330
1F
100
AcDbEntity
  8
wall
100
AcDbLine
 10
12071.75322158134
 20
21553.27548561918
 30
0.0
 11
12071.75322158136
 21
21323.27548561918
 31
0.0
  0
LINE
  5
801
330
1F
100
AcDbEntity
  8
wall
100
AcDbLine
 10
12301.75322158134
 20
21553.27548561918
 30
0.0
 11
12301.75322158134
 21
21323.27548561918
 31
0.0
  0
LINE
  5
802
330
1F
100
AcDbEntity
  8
ELE 1
100
AcDbLine
 10
4104.811964632443
 20
25039.53621975797
 30
0.0
 11
4104.811964632443
 21
25973.81798552071
 31
0.0
  0
LINE
  5
803
330
1F
100
AcDbEntity
  8
ELE 1
100
AcDbLine
 10
4068.307670975578
 20
25039.53621975797
 30
0.0
 11
4068.307670975578
 21
25973.07268939576
 31
0.0
  0
LINE
  5
804
330
1F
100
AcDbEntity
  8
ELE 1
100
AcDbLine
 10
4104.811964632443
 20
25039.53621975797
 30
0.0
 11
4068.307670975578
 21
25039.53621975797
 31
0.0
  0
ARC
  5
805
330
1F
100
AcDbEntity
  8
ABOVE-DOTTED
100
AcDbCircle
 10
4134.120109288191
 20
25010.22807510174
 30
0.0
 40
964.0355194694748
100
AcDbArc
 50
91.74214719321119
 51
178.2578528067865
  0
LINE
  5
806
330
1F
100
AcDbEntity
  8
ELE 1
100
AcDbLine
 10
3138.588941923643
 20
25039.53621975795
 30
0.0
 11
3138.588941923643
 21
24857.01475148035
 31
0.0
  0
LINE
  5
807
330
1F
100
AcDbEntity
  8
ELE 1
100
AcDbLine
 10
3138.588941923643
 20
24857.01475148035
 30
0.0
 11
3170.53019887255
 21
24857.01475148035
 31
0.0
  0
LINE
  5
808
330
1F
100
AcDbEntity
  8
ELE 1
100
AcDbLine
 10
3170.53019887255
 20
24857.01475148035
 30
0.0
 11
3170.53019887255
 21
24902.64511854976
 31
0.0
  0
LINE
  5
809
330
1F
100
AcDbEntity
  8
ELE 1
100
AcDbLine
 10
3170.53019887255
 20
24902.64511854976
 30
0.0
 11
3184.219308993046
 21
24902.64511854976
 31
0.0
  0
LINE
  5
80A
330
1F
100
AcDbEntity
  8
ELE 1
100
AcDbLine
 10
3184.219308993046
 20
24902.64511854976
 30
0.0
 11
3184.219308993046
 21
24993.90585268855
 31
0.0
  0
LINE
  5
80B
330
1F
100
AcDbEntity
  8
ELE 1
100
AcDbLine
 10
3184.219308993046
 20
24993.90585268855
 30
0.0
 11
3170.53019887255
 21
24993.90585268855
 31
0.0
  0
LINE
  5
80C
330
1F
100
AcDbEntity
  8
ELE 1
100
AcDbLine
 10
3170.53019887255
 20
24993.90585268855
 30
0.0
 11
3170.53019887255
 21
25039.53621975795
 31
0.0
  0
LINE
  5
80D
330
1F
100
AcDbEntity
  8
ELE 1
100
AcDbLine
 10
3170.53019887255
 20
25039.53621975795
 30
0.0
 11
3138.588941923643
 21
25039.53621975795
 31
0.0
  0
LINE
  5
80E
330
1F
100
AcDbEntity
  8
ELE 1
100
AcDbLine
 10
4136.75322158135
 20
25039.53621975797
 30
0.0
 11
4136.75322158135
 21
24857.01475148035
 31
0.0
  0
LINE
  5
80F
330
1F
100
AcDbEntity
  8
ELE 1
100
AcDbLine
 10
4136.75322158135
 20
24857.01475148035
 30
0.0
 11
4104.811964632443
 21
24857.01475148035
 31
0.0
  0
LINE
  5
810
330
1F
100
AcDbEntity
  8
ELE 1
100
AcDbLine
 10
4104.811964632443
 20
24857.01475148035
 30
0.0
 11
4104.811964632443
 21
24902.64511854976
 31
0.0
  0
LINE
  5
811
330
1F
100
AcDbEntity
  8
ELE 1
100
AcDbLine
 10
4104.811964632443
 20
24902.64511854976
 30
0.0
 11
4091.122854511946
 21
24902.64511854976
 31
0.0
  0
LINE
  5
812
330
1F
100
AcDbEntity
  8
ELE 1
100
AcDbLine
 10
4091.122854511946
 20
24902.64511854976
 30
0.0
 11
4091.122854511946
 21
24993.90585268856
 31
0.0
  0
LINE
  5
813
330
1F
100
AcDbEntity
  8
ELE 1
100
AcDbLine
 10
4091.122854511946
 20
24993.90585268856
 30
0.0
 11
4104.811964632443
 21
24993.90585268856
 31
0.0
  0
LINE
  5
814
330
1F
100
AcDbEntity
  8
ELE 1
100
AcDbLine
 10
4104.811964632443
 20
24993.90585268856
 30
0.0
 11
4104.811964632443
 21
25039.53621975797
 31
0.0
  0
LINE
  5
815
330
1F
100
AcDbEntity
  8
ELE 1
100
AcDbLine
 10
4104.811964632443
 20
25039.53621975797
 30
0.0
 11
4136.75322158135
 21
25039.53621975797
 31
0.0
  0
LINE
  5
816
330
1F
100
AcDbEntity
  8
ELE 1
100
AcDbLine
 10
11408.75322158122
 20
24856.84691419193
 30
0.0
 11
11408.75322158122
 21
23920.8469141888
 31
0.0
  0
LINE
  5
817
330
1F
100
AcDbEntity
  8
ELE 1
100
AcDbLine
 10
11445.32465015346
 20
24856.84691419193
 30
0.0
 11
11445.32465015346
 21
23921.59358098517
 31
0.0
  0
LWPOLYLINE
  5
818
330
1F
100
AcDbEntity
  8
ELE 1
100
AcDbPolyline
 90
        2
 70
     0
 43
0.0
 10
11408.75322158122
 20
24856.84691419193
 10
11445.32465015346
 20
24856.84691419193
  0
ARC
  5
819
330
1F
100
AcDbEntity
  8
ABOVE-DOTTED
100
AcDbCircle
 10
11379.39117642188
 20
24886.20895935175
 30
0.0
 40
965.8084737314622
100
AcDbArc
 50
271.74214719321
 51
358.2578528067866
  0
LWPOLYLINE
  5
81A
330
1F
100
AcDbEntity
  8
ELE 1
100
AcDbPolyline
 90
        8
 70
     1
 43
0.0
 10
12376.75322158136
 20
24856.84691419195
 10
12376.75322158136
 20
25039.70405704642
 10
12344.7532215815
 20
25039.70405704642
 10
12344.7532215815
 20
24993.9897713328
 10
12331.03893586773
 20
24993.9897713328
 10
12331.03893586773
 20
24902.56119990557
 10
12344.7532215815
 20
24902.56119990557
 10
12344.7532215815
 20
24856.84691419195
  0
LINE
  5
81B
330
1F
100
AcDbEntity
  8
ELE 1
100
AcDbLine
 10
11376.75322158136
 20
24856.84691419193
 30
0.0
 11
11376.75322158136
 21
25039.70405704642
 31
0.0
  0
LINE
  5
81C
330
1F
100
AcDbEntity
  8
ELE 1
100
AcDbLine
 10
11376.75322158136
 20
25039.70405704642
 30
0.0
 11
11408.75322158122
 21
25039.70405704642
 31
0.0
  0
LINE
  5
81D
330
1F
100
AcDbEntity
  8
ELE 1
100
AcDbLine
 10
11408.75322158122
 20
25039.70405704642
 30
0.0
 11
11408.75322158122
 21
24993.9897713328
 31
0.0
  0
LINE
  5
81E
330
1F
100
AcDbEntity
  8
ELE 1
100
AcDbLine
 10
11408.75322158122
 20
24993.9897713328
 30
0.0
 11
11422.46750729498
 21
24993.9897713328
 31
0.0
  0
LINE
  5
81F
330
1F
100
AcDbEntity
  8
ELE 1
100
AcDbLine
 10
11422.46750729498
 20
24993.9897713328
 30
0.0
 11
11422.46750729498
 21
24902.56119990555
 31
0.0
  0
LINE
  5
820
330
1F
100
AcDbEntity
  8
ELE 1
100
AcDbLine
 10
11422.46750729498
 20
24902.56119990555
 30
0.0
 11
11408.75322158122
 21
24902.56119990555
 31
0.0
  0
LINE
  5
821
330
1F
100
AcDbEntity
  8
ELE 1
100
AcDbLine
 10
11408.75322158122
 20
24902.56119990555
 30
0.0
 11
11408.75322158122
 21
24856.84691419193
 31
0.0
  0
LINE
  5
822
330
1F
100
AcDbEntity
  8
ELE 1
100
AcDbLine
 10
11408.75322158122
 20
24856.84691419193
 30
0.0
 11
11376.75322158136
 21
24856.84691419193
 31
0.0
  0
LINE
  5
823
330
1F
100
AcDbEntity
  8
ELE 1
100
AcDbLine
 10
11059.3713801579
 20
28931.33422867028
 30
0.0
 11
10125.08961439515
 21
28931.33422867026
 31
0.0
  0
LINE
  5
824
330
1F
100
AcDbEntity
  8
ELE 1
100
AcDbLine
 10
11059.3713801579
 20
28894.82993501342
 30
0.0
 11
10125.83491052011
 21
28894.82993501342
 31
0.0
  0
LWPOLYLINE
  5
825
330
1F
100
AcDbEntity
  8
ELE 1
100
AcDbPolyline
 90
        2
 70
     0
 43
0.0
 10
11059.3713801579
 20
28931.33422867028
 10
11059.3713801579
 20
28894.82993501342
  0
ARC
  5
826
330
1F
100
AcDbEntity
  8
ABOVE-DOTTED
100
AcDbCircle
 10
11088.67952481413
 20
28960.64237332602
 30
0.0
 40
964.0355194694748
100
AcDbArc
 50
181.7421471932134
 51
268.2578528067899
  0
LWPOLYLINE
  5
827
330
1F
100
AcDbEntity
  8
ELE 1
100
AcDbPolyline
 90
        8
 70
     1
 43
0.0
 10
11059.37138015791
 20
27965.11120596147
 10
11241.89284843551
 20
27965.11120596147
 10
11241.89284843551
 20
27997.05246291038
 10
11196.26248136611
 20
27997.05246291038
 10
11196.26248136611
 20
28010.74157303088
 10
11105.00174722732
 20
28010.74157303088
 10
11105.00174722732
 20
27997.05246291038
 10
11059.37138015791
 20
27997.05246291038
  0
LINE
  5
828
330
1F
100
AcDbEntity
  8
ELE 1
100
AcDbLine
 10
11059.3713801579
 20
28963.27548561918
 30
0.0
 11
11241.89284843551
 21
28963.27548561918
 31
0.0
  0
LINE
  5
829
330
1F
100
AcDbEntity
  8
ELE 1
100
AcDbLine
 10
11241.89284843551
 20
28963.27548561918
 30
0.0
 11
11241.89284843551
 21
28931.33422867028
 31
0.0
  0
LINE
  5
82A
330
1F
100
AcDbEntity
  8
ELE 1
100
AcDbLine
 10
11241.89284843551
 20
28931.33422867028
 30
0.0
 11
11196.26248136611
 21
28931.33422867028
 31
0.0
  0
LINE
  5
82B
330
1F
100
AcDbEntity
  8
ELE 1
100
AcDbLine
 10
11196.26248136611
 20
28931.33422867028
 30
0.0
 11
11196.26248136611
 21
28917.64511854978
 31
0.0
  0
LINE
  5
82C
330
1F
100
AcDbEntity
  8
ELE 1
100
AcDbLine
 10
11196.26248136611
 20
28917.64511854978
 30
0.0
 11
11105.0017472273
 21
28917.64511854978
 31
0.0
  0
LINE
  5
82D
330
1F
100
AcDbEntity
  8
ELE 1
100
AcDbLine
 10
11105.0017472273
 20
28917.64511854978
 30
0.0
 11
11105.0017472273
 21
28931.33422867028
 31
0.0
  0
LINE
  5
82E
330
1F
100
AcDbEntity
  8
ELE 1
100
AcDbLine
 10
11105.0017472273
 20
28931.33422867028
 30
0.0
 11
11059.3713801579
 21
28931.33422867028
 31
0.0
  0
LINE
  5
82F
330
1F
100
AcDbEntity
  8
ELE 1
100
AcDbLine
 10
11059.3713801579
 20
28931.33422867028
 30
0.0
 11
11059.3713801579
 21
28963.27548561918
 31
0.0
  0
LINE
  5
830
330
1F
100
AcDbEntity
  8
ELE 2
100
AcDbLine
 10
5666.753221581341
 20
25063.27548561918
 30
0.0
 11
9066.753221581342
 21
25063.27548561918
 31
0.0
  0
LINE
  5
831
330
1F
100
AcDbEntity
  8
ELE 2
100
AcDbLine
 10
5666.753221581341
 20
24833.27548561918
 30
0.0
 11
5666.753221581341
 21
25063.27548561918
 31
0.0
  0
LINE
  5
832
330
1F
100
AcDbEntity
  8
wall
100
AcDbLine
 10
4466.753221581342
 20
24833.27548561918
 30
0.0
 11
4136.753221581357
 21
24833.27548561917
 31
0.0
  0
LINE
  5
833
330
1F
100
AcDbEntity
  8
ELE 2
100
AcDbLine
 10
2296.721731597763
 20
30493.27548561918
 30
0.0
 11
2296.721731597763
 21
29293.27548561918
 31
0.0
  0
LINE
  5
834
330
1F
100
AcDbEntity
  8
ELE 2
100
AcDbLine
 10
2526.721731597763
 20
30263.27548561918
 30
0.0
 11
2526.721731597763
 21
29293.27548561918
 31
0.0
  0
LINE
  5
835
330
1F
100
AcDbEntity
  8
ELE 2
100
AcDbLine
 10
6064.164784178402
 20
30493.27548561918
 30
0.0
 11
6064.164784178402
 21
29293.27548561918
 31
0.0
  0
LINE
  5
836
330
1F
100
AcDbEntity
  8
ELE 2
100
AcDbLine
 10
5834.164784178401
 20
30263.27548561918
 30
0.0
 11
5834.164784178401
 21
29293.27548561918
 31
0.0
  0
LINE
  5
837
330
1F
100
AcDbEntity
  8
wall
100
AcDbLine
 10
4566.753221581357
 20
29063.27548561918
 30
0.0
 11
4566.753221581357
 21
29293.27548561918
 31
0.0
  0
LINE
  5
838
330
1F
100
AcDbEntity
  8
wall
100
AcDbLine
 10
5466.753221581357
 20
29063.27548561918
 30
0.0
 11
5466.753221581357
 21
29293.27548561918
 31
0.0
  0
LINE
  5
839
330
1F
100
AcDbEntity
  8
ELE 1
100
AcDbLine
 10
9496.753221581341
 20
16473.27548561919
 30
0.0
 11
14876.75322158134
 21
16473.27548561953
 31
0.0
  0
LINE
  5
83A
330
1F
100
AcDbEntity
  8
SILL
100
AcDbLine
 10
1236.753221581357
 20
20628.27548561918
 30
0.0
 11
1236.753221581357
 21
18628.27548561917
 31
0.0
  0
LINE
  5
83B
330
1F
100
AcDbEntity
  8
SILL
100
AcDbLine
 10
1466.75322158137
 20
20628.27548561918
 30
0.0
 11
1466.75322158137
 21
18628.27548561918
 31
0.0
  0
LINE
  5
83C
330
1F
100
AcDbEntity
  8
SILL
100
AcDbLine
 10
6.75322158137169
 20
22968.2754856192
 30
0.0
 11
6.753221581371548
 21
21968.2754856192
 31
0.0
  0
LINE
  5
83D
330
1F
100
AcDbEntity
  8
SILL
100
AcDbLine
 10
236.7532215813717
 20
22968.2754856192
 30
0.0
 11
236.7532215813717
 21
21968.2754856192
 31
0.0
  0
LINE
  5
83E
330
1F
100
AcDbEntity
  8
ELE 1
100
AcDbLine
 10
2666.753221581328
 20
22633.27548561917
 30
0.0
 11
2666.753221581369
 21
21934.70405704825
 31
0.0
  0
LINE
  5
83F
330
1F
100
AcDbEntity
  8
ELE 1
100
AcDbLine
 10
2666.75322158137
 20
21907.27548561908
 30
0.0
 11
2666.753221581372
 21
21883.27548561918
 31
0.0
  0
LINE
  5
840
330
1F
100
AcDbEntity
  8
ABOVE-DOTTED
100
AcDbLine
 10
6266.753221581357
 20
27863.27548561918
 30
0.0
 11
9066.753221581372
 21
27863.27548561918
 31
0.0
  0
LINE
  5
841
330
1F
100
AcDbEntity
  8
ABOVE-DOTTED
100
AcDbLine
 10
6266.753221581357
 20
27883.27548561918
 30
0.0
 11
9066.753221581372
 21
27883.27548561918
 31
0.0
  0
LINE
  5
842
330
1F
100
AcDbEntity
  8
ABOVE-DOTTED
100
AcDbLine
 10
6266.753221581357
 20
27903.27548561919
 30
0.0
 11
9066.753221581372
 21
27903.27548561919
 31
0.0
  0
TEXT
  5
843
330
1F
100
AcDbEntity
  8
0
100
AcDbText
 10
5134.295698589092
 20
14648.87770767152
 30
0.0
 40
300.0
  1
GROUND FLOOR PLAN
100
AcDbText
  0
LINE
  5
844
330
1F
100
AcDbEntity
  8
ELE 1
100
AcDbLine
 10
5437.962824291798
 20
29251.53130741905
 30
0.0
 11
5437.962824291784
 21
30093.65042814517
 31
0.0
  0
LINE
  5
845
330
1F
100
AcDbEntity
  8
ELE 1
100
AcDbLine
 10
5405.059513102854
 20
29251.53130741905
 30
0.0
 11
5405.059513102854
 21
30092.97865209171
 31
0.0
  0
LWPOLYLINE
  5
846
330
1F
100
AcDbEntity
  8
ELE 1
100
AcDbPolyline
 90
        2
 70
     0
 43
0.0
 10
5437.962824291798
 20
29251.53130741905
 10
5405.059513102854
 20
29251.53130741905
  0
ARC
  5
847
330
1F
100
AcDbEntity
  8
ABOVE-DOTTED
100
AcDbCircle
 10
5464.379853834767
 20
29225.11427787565
 30
0.0
 40
868.9378020148053
100
AcDbArc
 50
91.74214719320936
 51
178.2578528067865
  0
LWPOLYLINE
  5
848
330
1F
100
AcDbEntity
  8
ELE 1
100
AcDbPolyline
 90
        8
 70
     1
 43
0.0
 10
4567.053306278679
 20
29251.53130741903
 10
4567.053306278679
 20
29087.01475148038
 10
4595.843703568239
 20
29087.01475148038
 10
4595.843703568239
 20
29128.14389046504
 10
4608.182445263346
 20
29128.14389046504
 10
4608.182445263346
 20
29210.40216843437
 10
4595.843703568239
 20
29210.40216843437
 10
4595.843703568239
 20
29251.53130741903
  0
LINE
  5
849
330
1F
100
AcDbEntity
  8
ELE 1
100
AcDbLine
 10
5466.753221581357
 20
29251.53130741905
 30
0.0
 11
5466.753221581357
 21
29087.01475148038
 31
0.0
  0
LINE
  5
84A
330
1F
100
AcDbEntity
  8
ELE 1
100
AcDbLine
 10
5466.753221581357
 20
29087.01475148038
 30
0.0
 11
5437.962824291798
 21
29087.01475148038
 31
0.0
  0
LINE
  5
84B
330
1F
100
AcDbEntity
  8
ELE 1
100
AcDbLine
 10
5437.962824291798
 20
29087.01475148038
 30
0.0
 11
5437.962824291798
 21
29128.14389046504
 31
0.0
  0
LINE
  5
84C
330
1F
100
AcDbEntity
  8
ELE 1
100
AcDbLine
 10
5437.962824291798
 20
29128.14389046504
 30
0.0
 11
5425.62408259669
 21
29128.14389046504
 31
0.0
  0
LINE
  5
84D
330
1F
100
AcDbEntity
  8
ELE 1
100
AcDbLine
 10
5425.62408259669
 20
29128.14389046504
 30
0.0
 11
5425.62408259669
 21
29210.40216843438
 31
0.0
  0
LINE
  5
84E
330
1F
100
AcDbEntity
  8
ELE 1
100
AcDbLine
 10
5425.62408259669
 20
29210.40216843438
 30
0.0
 11
5437.962824291798
 21
29210.40216843438
 31
0.0
  0
LINE
  5
84F
330
1F
100
AcDbEntity
  8
ELE 1
100
AcDbLine
 10
5437.962824291798
 20
29210.40216843438
 30
0.0
 11
5437.962824291798
 21
29251.53130741905
 31
0.0
  0
LINE
  5
850
330
1F
100
AcDbEntity
  8
ELE 1
100
AcDbLine
 10
5437.962824291798
 20
29251.53130741905
 30
0.0
 11
5466.753221581357
 21
29251.53130741905
 31
0.0
  0
LINE
  5
851
330
1F
100
AcDbEntity
  8
ELE 2
100
AcDbLine
 10
5666.753221581357
 20
27863.27548561918
 30
0.0
 11
6266.753221581357
 21
27863.27548561918
 31
0.0
  0
LINE
  5
852
330
1F
100
AcDbEntity
  8
ELE 2
100
AcDbLine
 10
5646.753221581357
 20
27883.27548561918
 30
0.0
 11
6266.753221581357
 21
27883.27548561919
 31
0.0
  0
LINE
  5
853
330
1F
100
AcDbEntity
  8
ELE 2
100
AcDbLine
 10
5626.753221581357
 20
27903.27548561919
 30
0.0
 11
6266.753221581357
 21
27903.27548561919
 31
0.0
  0
LINE
  5
854
330
1F
100
AcDbEntity
  8
FURN
100
AcDbLine
 10
2766.038968627561
 20
27923.29131564511
 30
0.0
 11
2766.038968627561
 21
25923.29131564511
 31
0.0
  0
LINE
  5
855
330
1F
100
AcDbEntity
  8
FURN
100
AcDbLine
 10
2733.78090411144
 20
27891.03325112898
 30
0.0
 11
2733.78090411144
 21
25955.54938016122
 31
0.0
  0
LINE
  5
856
330
1F
100
AcDbEntity
  8
FURN
100
AcDbLine
 10
242.392324215225
 20
25923.29131564511
 30
0.0
 11
242.392324215225
 21
27923.29131564511
 31
0.0
  0
LINE
  5
857
330
1F
100
AcDbEntity
  8
FURN
100
AcDbLine
 10
305.072531634376
 20
25923.29131564511
 30
0.0
 11
305.072531634376
 21
27923.29131564511
 31
0.0
  0
LINE
  5
858
330
1F
100
AcDbEntity
  8
FURN
100
AcDbLine
 10
380.2884752196423
 20
27030.1370787154
 30
0.0
 11
380.2884752196569
 21
27823.08845517208
 31
0.0
  0
LINE
  5
859
330
1F
100
AcDbEntity
  8
FURN
100
AcDbLine
 10
769.8690387187833
 20
27030.1370787154
 30
0.0
 11
769.8690387187833
 21
27823.08845517208
 31
0.0
  0
LINE
  5
85A
330
1F
100
AcDbEntity
  8
FURN
100
AcDbLine
 10
242.392324215225
 20
27923.29131564511
 30
0.0
 11
2766.038968627561
 21
27923.29131564511
 31
0.0
  0
LINE
  5
85B
330
1F
100
AcDbEntity
  8
FURN
100
AcDbLine
 10
242.392324215225
 20
27891.03325112898
 30
0.0
 11
2733.78090411144
 21
27891.03325112896
 31
0.0
  0
LINE
  5
85C
330
1F
100
AcDbEntity
  8
FURN
100
AcDbLine
 10
380.2884752196569
 20
27823.08845517208
 30
0.0
 11
769.8690387187833
 21
27823.08845517208
 31
0.0
  0
LINE
  5
85D
330
1F
100
AcDbEntity
  8
FURN
100
AcDbLine
 10
656.5397277286701
 20
28502.0993821424
 30
0.0
 11
236.7532215813717
 21
28502.0993821424
 31
0.0
  0
LINE
  5
85E
330
1F
100
AcDbEntity
  8
FURN
100
AcDbLine
 10
236.7532215813717
 20
27986.44245322927
 30
0.0
 11
656.5397277286701
 21
27986.44245322927
 31
0.0
  0
LINE
  5
85F
330
1F
100
AcDbEntity
  8
FURN
100
AcDbLine
 10
656.5397277286701
 20
27986.44245322927
 30
0.0
 11
656.5397277286701
 21
28502.0993821424
 31
0.0
  0
LINE
  5
860
330
1F
100
AcDbEntity
  8
FURN
100
AcDbLine
 10
236.7532215813717
 20
28502.0993821424
 30
0.0
 11
236.7532215813717
 21
27986.44245322927
 31
0.0
  0
LINE
  5
861
330
1F
100
AcDbEntity
  8
FURN
100
AcDbLine
 10
2766.038968627561
 20
25923.29131564511
 30
0.0
 11
242.392324215225
 21
25923.29131564511
 31
0.0
  0
LINE
  5
862
330
1F
100
AcDbEntity
  8
FURN
100
AcDbLine
 10
380.2884752196569
 20
27030.1370787154
 30
0.0
 11
769.8690387187833
 21
27030.1370787154
 31
0.0
  0
LINE
  5
863
330
1F
100
AcDbEntity
  8
FURN
100
AcDbLine
 10
380.2884752196569
 20
26829.49801407029
 30
0.0
 11
769.8690387187833
 21
26829.49801407029
 31
0.0
  0
LINE
  5
864
330
1F
100
AcDbEntity
  8
FURN
100
AcDbLine
 10
769.8690387187833
 20
26023.49417611814
 30
0.0
 11
380.2884752196569
 21
26023.49417611814
 31
0.0
  0
LINE
  5
865
330
1F
100
AcDbEntity
  8
FURN
100
AcDbLine
 10
656.5397277286701
 20
25875.81025306985
 30
0.0
 11
236.7532215813717
 21
25875.81025306985
 31
0.0
  0
LINE
  5
866
330
1F
100
AcDbEntity
  8
FURN
100
AcDbLine
 10
236.7532215813717
 20
25360.15332415672
 30
0.0
 11
656.5397277286701
 21
25360.15332415672
 31
0.0
  0
LINE
  5
867
330
1F
100
AcDbEntity
  8
FURN
100
AcDbLine
 10
2733.78090411144
 20
25955.54938016122
 30
0.0
 11
242.392324215225
 21
25955.54938016124
 31
0.0
  0
LINE
  5
868
330
1F
100
AcDbEntity
  8
FURN
100
AcDbLine
 10
769.8690387187833
 20
26023.49417611814
 30
0.0
 11
769.8690387187833
 21
26829.49801407029
 31
0.0
  0
LINE
  5
869
330
1F
100
AcDbEntity
  8
FURN
100
AcDbLine
 10
656.5397277286701
 20
25360.15332415672
 30
0.0
 11
656.5397277286701
 21
25875.81025306985
 31
0.0
  0
LINE
  5
86A
330
1F
100
AcDbEntity
  8
FURN
100
AcDbLine
 10
380.2884752196569
 20
26023.49417611814
 30
0.0
 11
380.2884752196423
 21
26829.49801407029
 31
0.0
  0
LINE
  5
86B
330
1F
100
AcDbEntity
  8
FURN
100
AcDbLine
 10
236.7532215813717
 20
25875.81025306985
 30
0.0
 11
236.7532215813717
 21
25360.15332415672
 31
0.0
  0
LINE
  5
86C
330
1F
100
AcDbEntity
  8
FURN
100
AcDbLine
 10
11764.98948588546
 20
19059.29939423939
 30
0.0
 11
11761.65496439455
 21
18666.08889266043
 31
0.0
  0
LINE
  5
86D
330
1F
100
AcDbEntity
  8
FURN
100
AcDbLine
 10
11665.10264272411
 20
20107.74878530828
 30
0.0
 11
11648.56922543305
 21
18627.63941186004
 31
0.0
  0
LINE
  5
86E
330
1F
100
AcDbEntity
  8
FURN
100
AcDbLine
 10
11647.26751534815
 20
18511.10734445604
 30
0.0
 11
11428.72797607615
 21
18990.14656653766
 31
0.0
  0
LINE
  5
86F
330
1F
100
AcDbEntity
  8
FURN
100
AcDbLine
 10
9846.819858446473
 20
19060.01400128985
 30
0.0
 11
9849.861400795733
 21
18666.80112433172
 31
0.0
  0
LINE
  5
870
330
1F
100
AcDbEntity
  8
FURN
100
AcDbLine
 10
9964.133342493063
 20
18511.73438991104
 30
0.0
 11
10183.02974965894
 21
18990.61064683723
 31
0.0
  0
LINE
  5
871
330
1F
100
AcDbEntity
  8
FURN
100
AcDbLine
 10
9947.487865713355
 20
20108.38867638574
 30
0.0
 11
9962.918459944962
 21
18628.26739486239
 31
0.0
  0
ARC
  5
872
330
1F
100
AcDbEntity
  8
FURN
100
AcDbCircle
 10
10806.33803480774
 20
20222.90166795983
 30
0.0
 40
1381.646937786433
100
AcDbArc
 50
243.3540827827802
 51
296.6032265547798
  0
LINE
  5
873
330
1F
100
AcDbEntity
  8
FURN
100
AcDbLine
 10
10474.09919170099
 20
17930.57286329239
 30
0.0
 11
10817.58244746968
 21
17928.29989354926
 31
0.0
  0
ARC
  5
874
330
1F
100
AcDbEntity
  8
FURN
100
AcDbCircle
 10
10807.1540891315
 20
22413.37910189847
 30
0.0
 40
4352.560811777294
100
AcDbArc
 50
261.886332829748
 51
278.0709765079554
  0
LINE
  5
875
330
1F
100
AcDbEntity
  8
FURN
100
AcDbLine
 10
11757.04720612444
 20
18122.736886839
 30
0.0
 11
11695.95185577972
 21
17674.4834009156
 31
0.0
  0
ARC
  5
876
330
1F
100
AcDbEntity
  8
FURN
100
AcDbCircle
 10
5411.724267654395
 20
17913.68703283129
 30
0.0
 40
6346.072774014903
100
AcDbArc
 50
355.0591597701433
 51
1.868850104928759
  0
LINE
  5
877
330
1F
100
AcDbEntity
  8
FURN
100
AcDbLine
 10
11732.64931234318
 20
17370.79178603942
 30
0.0
 11
11694.34799019249
 21
17359.32246655108
 31
0.0
  0
LINE
  5
878
330
1F
100
AcDbEntity
  8
FURN
100
AcDbLine
 10
11695.95185577972
 20
17674.4834009156
 30
0.0
 11
11706.96308008881
 21
17376.08101448027
 31
0.0
  0
LINE
  5
879
330
1F
100
AcDbEntity
  8
FURN
100
AcDbLine
 10
11578.35274449284
 20
17300.79407912109
 30
0.0
 11
11297.71983386183
 21
17255.66562816966
 31
0.0
  0
LINE
  5
87A
330
1F
100
AcDbEntity
  8
FURN
100
AcDbLine
 10
11812.04743468876
 20
18683.22247941353
 30
0.0
 11
11811.85994815371
 21
18576.76982608741
 31
0.0
  0
LINE
  5
87B
330
1F
100
AcDbEntity
  8
FURN
100
AcDbLine
 10
11609.50816175005
 20
18614.35853637656
 30
0.0
 11
11812.04743468876
 21
18683.22247941353
 31
0.0
  0
LINE
  5
87C
330
1F
100
AcDbEntity
  8
FURN
100
AcDbLine
 10
11647.64859831518
 20
18545.22276425198
 30
0.0
 11
11645.76820679758
 21
18376.88580995171
 31
0.0
  0
LINE
  5
87D
330
1F
100
AcDbEntity
  8
FURN
100
AcDbLine
 10
11811.85994815371
 20
18576.76982608741
 30
0.0
 11
11638.74972777978
 21
18543.51317950463
 31
0.0
  0
LINE
  5
87E
330
1F
100
AcDbEntity
  8
FURN
100
AcDbLine
 10
11760.81435528537
 20
18566.96332686403
 30
0.0
 11
11757.04720612444
 21
18122.736886839
 31
0.0
  0
ARC
  5
87F
330
1F
100
AcDbEntity
  8
FURN
100
AcDbCircle
 10
11346.09047451426
 20
18395.37782611316
 30
0.0
 40
300.2477275320905
100
AcDbArc
 50
283.9066790749535
 51
356.4689642593908
  0
LINE
  5
880
330
1F
100
AcDbEntity
  8
FURN
100
AcDbLine
 10
11136.8687885724
 20
17930.32595091301
 30
0.0
 11
10793.38393457549
 21
17928.30890861638
 31
0.0
  0
LINE
  5
881
330
1F
100
AcDbEntity
  8
FURN
100
AcDbLine
 10
9854.064310254251
 20
18123.44583612839
 30
0.0
 11
9914.825653306341
 21
17675.14695294137
 31
0.0
  0
ARC
  5
882
330
1F
100
AcDbEntity
  8
FURN
100
AcDbCircle
 10
16199.22972589089
 20
17909.66818728858
 30
0.0
 40
6346.072774014903
100
AcDbArc
 50
178.088459232419
 51
184.8981495673572
  0
LINE
  5
883
330
1F
100
AcDbEntity
  8
FURN
100
AcDbLine
 10
9877.901928569123
 20
17371.48276536592
 30
0.0
 11
9916.194694383548
 21
17359.9849110314
 31
0.0
  0
LINE
  5
884
330
1F
100
AcDbEntity
  8
FURN
100
AcDbLine
 10
10032.14629881951
 20
17301.37011265417
 30
0.0
 11
10312.74550667932
 21
17256.03257673807
 31
0.0
  0
LINE
  5
885
330
1F
100
AcDbEntity
  8
FURN
100
AcDbLine
 10
9914.825653306341
 20
17675.14695294137
 30
0.0
 11
9903.592094658183
 21
17376.75285371824
 31
0.0
  0
LINE
  5
886
330
1F
100
AcDbEntity
  8
FURN
100
AcDbLine
 10
9799.481710597428
 20
18683.97225338314
 30
0.0
 11
9799.589880001306
 21
18577.51948991149
 31
0.0
  0
LINE
  5
887
330
1F
100
AcDbEntity
  8
FURN
100
AcDbLine
 10
10001.96961730394
 20
18614.95741895781
 30
0.0
 11
9799.481710597428
 21
18683.97225338314
 31
0.0
  0
LINE
  5
888
330
1F
100
AcDbEntity
  8
FURN
100
AcDbLine
 10
9963.777678776992
 20
18545.85008417925
 30
0.0
 11
9965.532643161798
 21
18377.51177554049
 31
0.0
  0
ARC
  5
889
330
1F
100
AcDbEntity
  8
FURN
100
AcDbCircle
 10
10265.22407052364
 20
18395.78049892262
 30
0.0
 40
300.2477275320905
100
AcDbArc
 50
183.4883450780385
 51
256.0506302629081
  0
LINE
  5
88A
330
1F
100
AcDbEntity
  8
FURN
100
AcDbLine
 10
9799.589880001306
 20
18577.51948991149
 30
0.0
 11
9972.675273043366
 21
18544.13386942429
 31
0.0
  0
LINE
  5
88B
330
1F
100
AcDbEntity
  8
FURN
100
AcDbLine
 10
9850.628151950793
 20
18567.67495971916
 30
0.0
 11
9854.064310254251
 21
18123.44583612839
 31
0.0
  0
ARC
  5
88C
330
1F
100
AcDbEntity
  8
FURN
100
AcDbCircle
 10
10806.15802395422
 20
19739.71114864291
 30
0.0
 40
2799.401725151419
100
AcDbArc
 50
253.9667776052196
 51
285.9905317322579
  0
LINE
  5
88D
330
1F
100
AcDbEntity
  8
FURN
100
AcDbLine
 10
10764.98000335403
 20
17056.17191851106
 30
0.0
 11
10800.18179890819
 21
16990.13349069129
 31
0.0
  0
LINE
  5
88E
330
1F
100
AcDbEntity
  8
FURN
100
AcDbLine
 10
10845.33654803121
 20
17056.14198197544
 30
0.0
 11
10810.0855575077
 21
16990.1298010824
 31
0.0
  0
ARC
  5
88F
330
1F
100
AcDbEntity
  8
FURN
100
AcDbCircle
 10
10805.93557653079
 20
19142.61111854736
 30
0.0
 40
2321.798402475362
100
AcDbArc
 50
251.4530329689161
 51
288.5042763682844
  0
ARC
  5
890
330
1F
100
AcDbEntity
  8
FURN
100
AcDbCircle
 10
11524.51782486189
 20
17055.26541538526
 30
0.0
 40
115.8698160989154
100
AcDbArc
 50
279.086871667938
 51
348.6712035674855
  0
ARC
  5
891
330
1F
100
AcDbEntity
  8
FURN
100
AcDbCircle
 10
10085.79826192827
 20
17055.80140507491
 30
0.0
 40
115.8698160989154
100
AcDbArc
 50
191.286105770141
 51
260.8704376699489
  0
LINE
  5
892
330
1F
100
AcDbEntity
  8
FURN
100
AcDbLine
 10
11577.33301548013
 20
17048.62602341425
 30
0.0
 11
11655.37664645588
 21
17087.49178023095
 31
0.0
  0
LINE
  5
893
330
1F
100
AcDbEntity
  8
FURN
100
AcDbLine
 10
10802.7457070478
 20
17047.29552057043
 30
0.0
 11
10764.98000335403
 21
17056.17191851106
 31
0.0
  0
LINE
  5
894
330
1F
100
AcDbEntity
  8
FURN
100
AcDbLine
 10
10807.56424108252
 20
17047.29372544327
 30
0.0
 11
10845.33654803121
 21
17056.14198197544
 31
0.0
  0
LINE
  5
895
330
1F
100
AcDbEntity
  8
FURN
100
AcDbLine
 10
10032.97813900905
 20
17049.20136715204
 30
0.0
 11
9954.963488282693
 21
17088.12526290848
 31
0.0
  0
LINE
  5
896
330
1F
100
AcDbEntity
  8
FURN
100
AcDbLine
 10
11706.96308008881
 20
17376.08101448027
 30
0.0
 11
11638.1300396775
 21
17032.50406816047
 31
0.0
  0
LINE
  5
897
330
1F
100
AcDbEntity
  8
FURN
100
AcDbLine
 10
9903.592094658183
 20
17376.75285371824
 30
0.0
 11
9972.169119339028
 21
17033.12471578331
 31
0.0
  0
LINE
  5
898
330
1F
100
AcDbEntity
  8
FURN
100
AcDbLine
 10
11297.71983386183
 20
17255.66562816966
 30
0.0
 11
11297.2728749481
 21
17001.88760466561
 31
0.0
  0
LINE
  5
899
330
1F
100
AcDbEntity
  8
FURN
100
AcDbLine
 10
10312.74550667932
 20
17256.03257673807
 30
0.0
 11
10313.00337735387
 21
17002.25429065232
 31
0.0
  0
LINE
  5
89A
330
1F
100
AcDbEntity
  8
FURN
100
AcDbLine
 10
10420.52201862081
 20
16985.55252144916
 30
0.0
 11
10474.09919170099
 21
17930.57286329239
 31
0.0
  0
LINE
  5
89B
330
1F
100
AcDbEntity
  8
FURN
100
AcDbLine
 10
11189.74181916255
 20
16985.26595143734
 30
0.0
 11
11136.8687885724
 21
17930.32595091301
 31
0.0
  0
LINE
  5
89C
330
1F
100
AcDbEntity
  8
FURN
100
AcDbLine
 10
11600.45836943851
 20
18239.95363642394
 30
0.0
 11
11577.33301548013
 21
17048.62602341425
 31
0.0
  0
LINE
  5
89D
330
1F
100
AcDbEntity
  8
FURN
100
AcDbLine
 10
10010.74044080107
 20
18240.54588000022
 30
0.0
 11
10032.97813900905
 21
17049.20136715204
 31
0.0
  0
LINE
  5
89E
330
1F
100
AcDbEntity
  8
FURN
100
AcDbLine
 10
11729.72766219193
 20
20773.62161217329
 30
0.0
 11
11720.14238962553
 21
20392.92486811528
 31
0.0
  0
ARC
  5
89F
330
1F
100
AcDbEntity
  8
FURN
100
AcDbCircle
 10
9946.24346660356
 20
20308.3728396652
 30
0.0
 40
1843.169090516081
100
AcDbArc
 50
350.7841021549891
 51
14.62063413473315
  0
LINE
  5
8A0
330
1F
100
AcDbEntity
  8
FURN
100
AcDbLine
 10
11587.57977684784
 20
20455.56181313581
 30
0.0
 11
11567.56003737606
 21
21034.43328334926
 31
0.0
  0
LINE
  5
8A1
330
1F
100
AcDbEntity
  8
FURN
100
AcDbLine
 10
9883.359001067994
 20
20774.30947003743
 30
0.0
 11
9892.660616665203
 21
20393.60568973859
 31
0.0
  0
ARC
  5
8A2
330
1F
100
AcDbEntity
  8
FURN
100
AcDbCircle
 10
11666.49604819901
 20
20307.73196588333
 30
0.0
 40
1843.169090516081
100
AcDbArc
 50
165.3366752027871
 51
189.1732071826352
  0
LINE
  5
8A3
330
1F
100
AcDbEntity
  8
FURN
100
AcDbLine
 10
10025.26986296716
 20
20456.14384595684
 30
0.0
 11
10045.72090970274
 21
21035.00023892752
 31
0.0
  0
LINE
  5
8A4
330
1F
100
AcDbEntity
  8
FURN
100
AcDbLine
 10
10446.46825997881
 20
21034.91055104521
 30
0.0
 11
10444.66953047946
 21
20224.71320911939
 31
0.0
  0
LINE
  5
8A5
330
1F
100
AcDbEntity
  8
FURN
100
AcDbLine
 10
11166.81833410106
 20
21034.6421872705
 30
0.0
 11
11168.01339109613
 21
20224.44373002051
 31
0.0
  0
LINE
  5
8A6
330
1F
100
AcDbEntity
  8
FURN
100
AcDbLine
 10
10444.66953047946
 20
20224.71320911939
 30
0.0
 11
10807.56669662221
 21
20211.44760014016
 31
0.0
  0
LINE
  5
8A7
330
1F
100
AcDbEntity
  8
FURN
100
AcDbLine
 10
10200.55615181311
 20
19805.01915718608
 30
0.0
 11
10809.93629290096
 21
19776.27205419538
 31
0.0
  0
LINE
  5
8A8
330
1F
100
AcDbEntity
  8
FURN
100
AcDbLine
 10
11758.8118286744
 20
20017.91152516743
 30
0.0
 11
11764.98948588546
 21
19059.29939423939
 31
0.0
  0
LINE
  5
8A9
330
1F
100
AcDbEntity
  8
FURN
100
AcDbLine
 10
11428.72797607615
 20
18990.14656653766
 30
0.0
 11
11452.46016496489
 21
19661.85980294121
 31
0.0
  0
LINE
  5
8AA
330
1F
100
AcDbEntity
  8
FURN
100
AcDbLine
 10
11720.14238962553
 20
20392.92486811528
 30
0.0
 11
11758.8118286744
 21
20017.91152516743
 31
0.0
  0
LINE
  5
8AB
330
1F
100
AcDbEntity
  8
FURN
100
AcDbLine
 10
11587.57977684784
 20
20455.56181313581
 30
0.0
 11
11665.10264272411
 21
20107.74878530828
 31
0.0
  0
LINE
  5
8AC
330
1F
100
AcDbEntity
  8
FURN
100
AcDbLine
 10
11411.80838850221
 20
19804.56790961347
 30
0.0
 11
10802.40699731467
 21
19776.2748592068
 31
0.0
  0
LINE
  5
8AD
330
1F
100
AcDbEntity
  8
FURN
100
AcDbLine
 10
11168.01339109613
 20
20224.44373002051
 30
0.0
 11
10805.10644158045
 21
20211.44851669915
 31
0.0
  0
LINE
  5
8AE
330
1F
100
AcDbEntity
  8
FURN
100
AcDbLine
 10
11587.57977684784
 20
20455.56181313581
 30
0.0
 11
11411.80838850221
 21
19804.56790961347
 31
0.0
  0
LINE
  5
8AF
330
1F
100
AcDbEntity
  8
FURN
100
AcDbLine
 10
11452.46016496489
 20
19661.85980294121
 30
0.0
 11
11658.24945815214
 21
20087.30929686106
 31
0.0
  0
LINE
  5
8B0
330
1F
100
AcDbEntity
  8
FURN
100
AcDbLine
 10
9853.711768701582
 20
20018.62126319854
 30
0.0
 11
9846.819858446473
 21
19060.01400128985
 31
0.0
  0
LINE
  5
8B1
330
1F
100
AcDbEntity
  8
FURN
100
AcDbLine
 10
10183.02974965894
 20
18990.61064683723
 30
0.0
 11
10159.79805588724
 21
19662.34137946281
 31
0.0
  0
LINE
  5
8B2
330
1F
100
AcDbEntity
  8
FURN
100
AcDbLine
 10
10025.26986296716
 20
20456.14384595684
 30
0.0
 11
9947.487865713355
 21
20108.38867638574
 31
0.0
  0
LINE
  5
8B3
330
1F
100
AcDbEntity
  8
FURN
100
AcDbLine
 10
9892.660616665203
 20
20393.60568973859
 30
0.0
 11
9853.711768701582
 21
20018.62126319854
 31
0.0
  0
LINE
  5
8B4
330
1F
100
AcDbEntity
  8
FURN
100
AcDbLine
 10
10159.79805588724
 20
19662.34137946281
 30
0.0
 11
9954.325819072394
 21
20087.94408735536
 31
0.0
  0
LINE
  5
8B5
330
1F
100
AcDbEntity
  8
FURN
100
AcDbLine
 10
10025.26986296716
 20
20456.14384595684
 30
0.0
 11
10200.55615181311
 21
19805.01915718608
 31
0.0
  0
LINE
  5
8B6
330
1F
100
AcDbEntity
  8
FURN
100
AcDbLine
 10
9964.900237067359
 20
21035.01832655201
 30
0.0
 11
10810.75503420434
 21
21034.82902468758
 31
0.0
  0
LINE
  5
8B7
330
1F
100
AcDbEntity
  8
FURN
100
AcDbLine
 10
9913.414932610592
 20
21127.78452622168
 30
0.0
 11
10811.68660197819
 21
21150.19761731137
 31
0.0
  0
LINE
  5
8B8
330
1F
100
AcDbEntity
  8
FURN
100
AcDbLine
 10
10808.39954137003
 20
21288.63545248443
 30
0.0
 11
9933.739629444465
 21
21252.61199574392
 31
0.0
  0
LINE
  5
8B9
330
1F
100
AcDbEntity
  8
FURN
100
AcDbLine
 10
11697.31958914173
 20
21130.79436373421
 30
0.0
 11
11648.3807010541
 21
21034.39115208752
 31
0.0
  0
LINE
  5
8BA
330
1F
100
AcDbEntity
  8
FURN
100
AcDbLine
 10
11679.70342744963
 20
21251.9615433428
 30
0.0
 11
11729.72766219193
 21
20773.62161217329
 31
0.0
  0
LINE
  5
8BB
330
1F
100
AcDbEntity
  8
FURN
100
AcDbLine
 10
10805.07059912277
 20
21288.63669266964
 30
0.0
 11
11679.70342744963
 21
21251.9615433428
 31
0.0
  0
LINE
  5
8BC
330
1F
100
AcDbEntity
  8
FURN
100
AcDbLine
 10
11699.93511062394
 20
21127.11896469013
 30
0.0
 11
10801.68039042716
 21
21150.20134508873
 31
0.0
  0
LINE
  5
8BD
330
1F
100
AcDbEntity
  8
FURN
100
AcDbLine
 10
11648.3807010541
 20
21034.39115208752
 30
0.0
 11
10802.52599766334
 21
21034.83209038493
 31
0.0
  0
LINE
  5
8BE
330
1F
100
AcDbEntity
  8
FURN
100
AcDbLine
 10
9916.033191879229
 20
21131.45797543997
 30
0.0
 11
9964.900237067359
 21
21035.01832655201
 31
0.0
  0
LINE
  5
8BF
330
1F
100
AcDbEntity
  8
FURN
100
AcDbLine
 10
9933.739629444465
 20
21252.61199574392
 30
0.0
 11
9883.359001067994
 21
20774.30947003743
 31
0.0
  0
LINE
  5
8C0
330
1F
100
AcDbEntity
  8
wall
100
AcDbLine
 10
14456.75322158136
 20
24033.27548561918
 30
0.0
 11
14686.75322158136
 21
24033.27548561918
 31
0.0
  0
LINE
  5
8C1
330
1F
100
AcDbEntity
  8
wall
100
AcDbLine
 10
14456.75322158135
 20
24633.27548561918
 30
0.0
 11
14686.75322158135
 21
24633.27548561919
 31
0.0
  0
LINE
  5
8C2
330
1F
100
AcDbEntity
  8
SILL
100
AcDbLine
 10
14686.75322158135
 20
24633.27548561919
 30
0.0
 11
14686.75322158135
 21
24033.27548561919
 31
0.0
  0
LINE
  5
8C3
330
1F
100
AcDbEntity
  8
SILL
100
AcDbLine
 10
14456.75322158134
 20
24633.27548561918
 30
0.0
 11
14456.75322158136
 21
24033.27548561918
 31
0.0
  0
LINE
  5
8C4
330
1F
100
AcDbEntity
  8
ABOVE-DOTTED
100
AcDbLine
 10
14456.75322158137
 20
24833.27548561918
 30
0.0
 11
13456.75322158135
 21
23833.27548561918
 31
0.0
  0
LINE
  5
8C5
330
1F
100
AcDbEntity
  8
ABOVE-DOTTED
100
AcDbLine
 10
14456.75322158137
 20
23833.27548561918
 30
0.0
 11
13456.75322158135
 21
24833.27548561918
 31
0.0
  0
LINE
  5
8C6
330
1F
100
AcDbEntity
  8
ABOVE-DOTTED
100
AcDbLine
 10
1236.753221581357
 20
23153.2754856192
 30
0.0
 11
236.7532215813717
 21
21783.27548561918
 31
0.0
  0
LINE
  5
8C7
330
1F
100
AcDbEntity
  8
ABOVE-DOTTED
100
AcDbLine
 10
1236.753221581357
 20
21783.27548561918
 30
0.0
 11
236.7532215813717
 21
23153.2754856192
 31
0.0
  0
LINE
  5
8C8
330
1F
100
AcDbEntity
  8
FURN
100
AcDbLine
 10
1466.753221581366
 20
22885.68527149996
 30
0.0
 11
1466.753221581366
 21
22429.25670007104
 31
0.0
  0
LINE
  5
8C9
330
1F
100
AcDbEntity
  8
FURN
100
AcDbLine
 10
1669.610364438378
 20
22429.25670007104
 30
0.0
 11
1669.610364438378
 21
22885.68527149996
 31
0.0
  0
ARC
  5
8CA
330
1F
100
AcDbEntity
  8
FURN
100
AcDbCircle
 10
1873.619993325055
 20
22389.95748500242
 30
0.0
 40
424.0364753324617
100
AcDbArc
 50
74.92686235718927
 51
90.0
  0
ARC
  5
8CB
330
1F
100
AcDbEntity
  8
FURN
100
AcDbCircle
 10
1909.118320277594
 20
22521.76580457724
 30
0.0
 40
328.1030896091321
100
AcDbArc
 50
56.96845244786533
 51
74.92686235718927
  0
ARC
  5
8CC
330
1F
100
AcDbEntity
  8
FURN
100
AcDbCircle
 10
1838.121666370352
 20
22521.76580457703
 30
0.0
 40
328.1030896092497
100
AcDbArc
 50
105.0731376428106
 51
120.9034252978605
  0
ARC
  5
8CD
330
1F
100
AcDbEntity
  8
FURN
100
AcDbCircle
 10
1873.619993325055
 20
22389.95748500221
 30
0.0
 40
424.0364753326226
100
AcDbArc
 50
90.0
 51
105.0731376428106
  0
ARC
  5
8CE
330
1F
100
AcDbEntity
  8
FURN
100
AcDbCircle
 10
1644.253221581035
 20
22429.25670007104
 30
0.0
 40
25.35714285714909
100
AcDbArc
 50
270.0
 51
0.0
  0
LINE
  5
8CF
330
1F
100
AcDbEntity
  8
FURN
100
AcDbLine
 10
1740.610364438506
 20
22522.68401905884
 30
0.0
 11
1740.610364438506
 21
22792.25795251216
 31
0.0
  0
ARC
  5
8D0
330
1F
100
AcDbEntity
  8
FURN
100
AcDbCircle
 10
2045.557655966554
 20
22657.47098578539
 30
0.0
 40
131.1955656148112
100
AcDbArc
 50
327.5002250852818
 51
0.0
  0
ARC
  5
8D1
330
1F
100
AcDbEntity
  8
FURN
100
AcDbCircle
 10
2045.557655966554
 20
22657.47098578539
 30
0.0
 40
90.6241370433622
100
AcDbArc
 50
327.5002250852818
 51
0.0
  0
ARC
  5
8D2
330
1F
100
AcDbEntity
  8
FURN
100
AcDbCircle
 10
1873.619993325055
 20
22924.984486569
 30
0.0
 40
464.6079039040936
100
AcDbArc
 50
270.0
 51
285.0731376430502
  0
ARC
  5
8D3
330
1F
100
AcDbEntity
  8
FURN
100
AcDbCircle
 10
1873.619993325055
 20
22924.984486569
 30
0.0
 40
424.0364753326574
100
AcDbArc
 50
270.0
 51
285.0731376430502
  0
ARC
  5
8D4
330
1F
100
AcDbEntity
  8
FURN
100
AcDbCircle
 10
1963.266419671535
 20
22709.89583070207
 30
0.0
 40
228.767139013323
100
AcDbArc
 50
303.0315475521346
 51
327.5002250852818
  0
ARC
  5
8D5
330
1F
100
AcDbEntity
  8
FURN
100
AcDbCircle
 10
1909.118320277594
 20
22793.17616699396
 30
0.0
 40
287.5316610378234
100
AcDbArc
 50
285.0731376430502
 51
303.0315475521346
  0
ARC
  5
8D6
330
1F
100
AcDbEntity
  8
FURN
100
AcDbCircle
 10
1909.118320277594
 20
22793.17616699396
 30
0.0
 40
328.1030896092488
100
AcDbArc
 50
285.0731376430502
 51
303.0315475521346
  0
ARC
  5
8D7
330
1F
100
AcDbEntity
  8
FURN
100
AcDbCircle
 10
1963.266419671535
 20
22709.89583070229
 30
0.0
 40
188.1957104418842
100
AcDbArc
 50
303.0315475521346
 51
327.5002250852818
  0
LINE
  5
8D8
330
1F
100
AcDbEntity
  8
FURN
100
AcDbLine
 10
1717.89272293994
 20
22559.90681287773
 30
0.0
 11
1740.714217479687
 21
22559.90681287773
 31
0.0
  0
LINE
  5
8D9
330
1F
100
AcDbEntity
  8
FURN
100
AcDbLine
 10
1740.714217479687
 20
22569.80348053269
 30
0.0
 11
1717.89272293994
 21
22569.80348053269
 31
0.0
  0
ARC
  5
8DA
330
1F
100
AcDbEntity
  8
FURN
100
AcDbCircle
 10
1838.121666370352
 20
22793.17616699396
 30
0.0
 40
328.1030896091106
100
AcDbArc
 50
239.0965747021394
 51
254.926862356949
  0
ARC
  5
8DB
330
1F
100
AcDbEntity
  8
FURN
100
AcDbCircle
 10
1873.619993325055
 20
22924.98448656878
 30
0.0
 40
424.0364753324157
100
AcDbArc
 50
254.926862356949
 51
270.0
  0
ARC
  5
8DC
330
1F
100
AcDbEntity
  8
FURN
100
AcDbCircle
 10
1873.619993325055
 20
22924.98448656878
 30
0.0
 40
464.6079039038514
100
AcDbArc
 50
254.926862356949
 51
270.0
  0
ARC
  5
8DD
330
1F
100
AcDbEntity
  8
FURN
100
AcDbCircle
 10
1838.121666370352
 20
22793.17616699396
 30
0.0
 40
287.5316610376539
100
AcDbArc
 50
250.1759760824727
 51
254.926862356949
  0
LINE
  5
8DE
330
1F
100
AcDbEntity
  8
FURN
100
AcDbLine
 10
1740.714217479687
 20
22559.90681287773
 30
0.0
 11
1740.714217479687
 21
22569.80348053269
 31
0.0
  0
LINE
  5
8DF
330
1F
100
AcDbEntity
  8
FURN
100
AcDbLine
 10
1717.89272293994
 20
22569.80348053269
 30
0.0
 11
1717.89272293994
 21
22559.90681287773
 31
0.0
  0
ARC
  5
8E0
330
1F
100
AcDbEntity
  8
FURN
100
AcDbCircle
 10
1963.266419671535
 20
22605.04614086892
 30
0.0
 40
228.7671390133139
100
AcDbArc
 50
32.4997749147182
 51
56.96845244786533
  0
ARC
  5
8E1
330
1F
100
AcDbEntity
  8
FURN
100
AcDbCircle
 10
1909.118320277594
 20
22521.76580457724
 30
0.0
 40
287.5316610376854
100
AcDbArc
 50
56.96845244786533
 51
74.92686235718927
  0
ARC
  5
8E2
330
1F
100
AcDbEntity
  8
FURN
100
AcDbCircle
 10
2045.557655966554
 20
22657.47098578539
 30
0.0
 40
90.62413704336057
100
AcDbArc
 50
0.0
 51
32.4997749147182
  0
ARC
  5
8E3
330
1F
100
AcDbEntity
  8
FURN
100
AcDbCircle
 10
2045.557655966554
 20
22657.47098578539
 30
0.0
 40
131.1955656147909
100
AcDbArc
 50
0.0
 51
32.4997749147182
  0
ARC
  5
8E4
330
1F
100
AcDbEntity
  8
FURN
100
AcDbCircle
 10
1963.266419671535
 20
22605.04614086892
 30
0.0
 40
188.1957104418636
100
AcDbArc
 50
32.4997749147182
 51
56.96845244786533
  0
LINE
  5
8E5
330
1F
100
AcDbEntity
  8
FURN
100
AcDbLine
 10
1717.89272293994
 20
22754.79102014946
 30
0.0
 11
1740.714217479687
 21
22754.79102014946
 31
0.0
  0
LINE
  5
8E6
330
1F
100
AcDbEntity
  8
FURN
100
AcDbLine
 10
1740.714217479687
 20
22744.8943524945
 30
0.0
 11
1717.89272293994
 21
22744.8943524945
 31
0.0
  0
LINE
  5
8E7
330
1F
100
AcDbEntity
  8
FURN
100
AcDbLine
 10
1740.714217479687
 20
22754.79102014946
 30
0.0
 11
1740.714217479687
 21
22744.8943524945
 31
0.0
  0
LINE
  5
8E8
330
1F
100
AcDbEntity
  8
FURN
100
AcDbLine
 10
1717.89272293994
 20
22744.8943524945
 30
0.0
 11
1717.89272293994
 21
22754.79102014946
 31
0.0
  0
ARC
  5
8E9
330
1F
100
AcDbEntity
  8
FURN
100
AcDbCircle
 10
1838.121666370352
 20
22521.76580457703
 30
0.0
 40
287.5316610378145
100
AcDbArc
 50
105.0731376428106
 51
109.8240239175272
  0
ARC
  5
8EA
330
1F
100
AcDbEntity
  8
FURN
100
AcDbCircle
 10
1492.110364439142
 20
22429.25670007104
 30
0.0
 40
25.35714285714909
100
AcDbArc
 50
180.0
 51
270.0
  0
LINE
  5
8EB
330
1F
100
AcDbEntity
  8
FURN
100
AcDbLine
 10
1492.110364439142
 20
22403.89955721391
 30
0.0
 11
1644.253221581035
 21
22403.89955721391
 31
0.0
  0
ARC
  5
8EC
330
1F
100
AcDbEntity
  8
FURN
100
AcDbCircle
 10
1644.253221581035
 20
22885.68527149996
 30
0.0
 40
25.35714285714909
100
AcDbArc
 50
0.0
 51
90.0
  0
ARC
  5
8ED
330
1F
100
AcDbEntity
  8
FURN
100
AcDbCircle
 10
1873.619993325055
 20
22389.95748500242
 30
0.0
 40
464.6079039038975
100
AcDbArc
 50
74.92686235718927
 51
90.0
  0
ARC
  5
8EE
330
1F
100
AcDbEntity
  8
FURN
100
AcDbCircle
 10
1873.619993325055
 20
22389.95748500221
 30
0.0
 40
464.607903904059
100
AcDbArc
 50
90.0
 51
105.0731376428106
  0
ARC
  5
8EF
330
1F
100
AcDbEntity
  8
FURN
100
AcDbCircle
 10
1492.110364439142
 20
22885.68527149996
 30
0.0
 40
25.35714285714909
100
AcDbArc
 50
90.0
 51
180.0
  0
LINE
  5
8F0
330
1F
100
AcDbEntity
  8
FURN
100
AcDbLine
 10
1644.253221581035
 20
22911.04241435687
 30
0.0
 11
1492.110364439142
 21
22911.04241435687
 31
0.0
  0
LINE
  5
8F1
330
1F
100
AcDbEntity
  8
FURN
100
AcDbLine
 10
482.3646533798637
 20
23383.27548561919
 30
0.0
 11
938.793224808789
 21
23383.27548561919
 31
0.0
  0
LINE
  5
8F2
330
1F
100
AcDbEntity
  8
FURN
100
AcDbLine
 10
938.793224808789
 20
23586.1326284762
 30
0.0
 11
482.3646533798637
 21
23586.1326284762
 31
0.0
  0
ARC
  5
8F3
330
1F
100
AcDbEntity
  8
FURN
100
AcDbCircle
 10
978.0924398774002
 20
23790.14225736288
 30
0.0
 40
424.0364753324617
100
AcDbArc
 50
164.9268623571828
 51
180.0
  0
ARC
  5
8F4
330
1F
100
AcDbEntity
  8
FURN
100
AcDbCircle
 10
846.2841203025782
 20
23825.64058431542
 30
0.0
 40
328.1030896091321
100
AcDbArc
 50
146.9684524479018
 51
164.9268623571828
  0
ARC
  5
8F5
330
1F
100
AcDbEntity
  8
FURN
100
AcDbCircle
 10
846.2841203027965
 20
23754.64393040819
 30
0.0
 40
328.1030896092497
100
AcDbArc
 50
195.0731376428172
 51
210.903425297865
  0
ARC
  5
8F6
330
1F
100
AcDbEntity
  8
FURN
100
AcDbCircle
 10
978.092439877615
 20
23790.14225736288
 30
0.0
 40
424.0364753326226
100
AcDbArc
 50
180.0
 51
195.0731376428172
  0
ARC
  5
8F7
330
1F
100
AcDbEntity
  8
FURN
100
AcDbCircle
 10
938.793224808789
 20
23560.77548561886
 30
0.0
 40
25.35714285714909
100
AcDbArc
 50
0.0
 51
90.0
  0
LINE
  5
8F8
330
1F
100
AcDbEntity
  8
FURN
100
AcDbLine
 10
845.3659058209886
 20
23657.13262847633
 30
0.0
 11
575.7919723676641
 21
23657.13262847633
 31
0.0
  0
ARC
  5
8F9
330
1F
100
AcDbEntity
  8
FURN
100
AcDbCircle
 10
710.5789390944337
 20
23962.07992000438
 30
0.0
 40
131.1955656148112
100
AcDbArc
 50
57.50022508531277
 51
90.0
  0
ARC
  5
8FA
330
1F
100
AcDbEntity
  8
FURN
100
AcDbCircle
 10
710.5789390944337
 20
23962.07992000438
 30
0.0
 40
90.6241370433622
100
AcDbArc
 50
57.50022508531277
 51
90.0
  0
ARC
  5
8FB
330
1F
100
AcDbEntity
  8
FURN
100
AcDbCircle
 10
443.0654383108231
 20
23790.14225736288
 30
0.0
 40
464.6079039040936
100
AcDbArc
 50
0.0
 51
15.07313764303299
  0
ARC
  5
8FC
330
1F
100
AcDbEntity
  8
FURN
100
AcDbCircle
 10
443.0654383108231
 20
23790.14225736288
 30
0.0
 40
424.0364753326574
100
AcDbArc
 50
0.0
 51
15.07313764303299
  0
ARC
  5
8FD
330
1F
100
AcDbEntity
  8
FURN
100
AcDbCircle
 10
658.154094177753
 20
23879.78868370936
 30
0.0
 40
228.767139013323
100
AcDbArc
 50
33.03154755209817
 51
57.50022508531277
  0
ARC
  5
8FE
330
1F
100
AcDbEntity
  8
FURN
100
AcDbCircle
 10
574.8737578858599
 20
23825.64058431542
 30
0.0
 40
287.5316610378234
100
AcDbArc
 50
15.07313764303299
 51
33.03154755209817
  0
ARC
  5
8FF
330
1F
100
AcDbEntity
  8
FURN
100
AcDbCircle
 10
574.8737578858599
 20
23825.64058431542
 30
0.0
 40
328.1030896092488
100
AcDbArc
 50
15.07313764303299
 51
33.03154755209817
  0
ARC
  5
900
330
1F
100
AcDbEntity
  8
FURN
100
AcDbCircle
 10
658.1540941775346
 20
23879.78868370936
 30
0.0
 40
188.1957104418842
100
AcDbArc
 50
33.03154755209817
 51
57.50022508531277
  0
LINE
  5
901
330
1F
100
AcDbEntity
  8
FURN
100
AcDbLine
 10
808.1431120020932
 20
23634.41498697777
 30
0.0
 11
808.1431120020932
 21
23657.23648151751
 31
0.0
  0
LINE
  5
902
330
1F
100
AcDbEntity
  8
FURN
100
AcDbLine
 10
798.2464443471325
 20
23657.23648151751
 30
0.0
 11
798.2464443471325
 21
23634.41498697777
 31
0.0
  0
ARC
  5
903
330
1F
100
AcDbEntity
  8
FURN
100
AcDbCircle
 10
574.8737578858599
 20
23754.64393040819
 30
0.0
 40
328.1030896091106
100
AcDbArc
 50
329.096574702135
 51
344.9268623569671
  0
ARC
  5
904
330
1F
100
AcDbEntity
  8
FURN
100
AcDbCircle
 10
443.0654383110377
 20
23790.14225736288
 30
0.0
 40
424.0364753324157
100
AcDbArc
 50
344.9268623569671
 51
0.0
  0
ARC
  5
905
330
1F
100
AcDbEntity
  8
FURN
100
AcDbCircle
 10
443.0654383110377
 20
23790.14225736288
 30
0.0
 40
464.6079039038514
100
AcDbArc
 50
344.9268623569671
 51
0.0
  0
ARC
  5
906
330
1F
100
AcDbEntity
  8
FURN
100
AcDbCircle
 10
574.8737578858599
 20
23754.64393040819
 30
0.0
 40
287.5316610376539
100
AcDbArc
 50
340.1759760824988
 51
344.9268623569671
  0
LINE
  5
907
330
1F
100
AcDbEntity
  8
FURN
100
AcDbLine
 10
808.1431120020932
 20
23657.23648151751
 30
0.0
 11
798.2464443471325
 21
23657.23648151751
 31
0.0
  0
LINE
  5
908
330
1F
100
AcDbEntity
  8
FURN
100
AcDbLine
 10
798.2464443471325
 20
23634.41498697777
 30
0.0
 11
808.1431120020932
 21
23634.41498697777
 31
0.0
  0
ARC
  5
909
330
1F
100
AcDbEntity
  8
FURN
100
AcDbCircle
 10
763.0037840108998
 20
23879.78868370936
 30
0.0
 40
228.7671390133139
100
AcDbArc
 50
122.4997749146872
 51
146.9684524479018
  0
ARC
  5
90A
330
1F
100
AcDbEntity
  8
FURN
100
AcDbCircle
 10
846.2841203025782
 20
23825.64058431542
 30
0.0
 40
287.5316610376854
100
AcDbArc
 50
146.9684524479018
 51
164.9268623571828
  0
ARC
  5
90B
330
1F
100
AcDbEntity
  8
FURN
100
AcDbCircle
 10
710.5789390944337
 20
23962.07992000438
 30
0.0
 40
90.62413704336057
100
AcDbArc
 50
90.0
 51
122.4997749146872
  0
ARC
  5
90C
330
1F
100
AcDbEntity
  8
FURN
100
AcDbCircle
 10
710.5789390944337
 20
23962.07992000438
 30
0.0
 40
131.1955656147909
100
AcDbArc
 50
90.0
 51
122.4997749146872
  0
ARC
  5
90D
330
1F
100
AcDbEntity
  8
FURN
100
AcDbCircle
 10
763.0037840108998
 20
23879.78868370936
 30
0.0
 40
188.1957104418636
100
AcDbArc
 50
122.4997749146872
 51
146.9684524479018
  0
LINE
  5
90E
330
1F
100
AcDbEntity
  8
FURN
100
AcDbLine
 10
613.2589047303627
 20
23634.41498697777
 30
0.0
 11
613.2589047303627
 21
23657.23648151751
 31
0.0
  0
LINE
  5
90F
330
1F
100
AcDbEntity
  8
FURN
100
AcDbLine
 10
623.1555723853234
 20
23657.23648151751
 30
0.0
 11
623.1555723853234
 21
23634.41498697777
 31
0.0
  0
LINE
  5
910
330
1F
100
AcDbEntity
  8
FURN
100
AcDbLine
 10
613.2589047303627
 20
23657.23648151751
 30
0.0
 11
623.1555723853234
 21
23657.23648151751
 31
0.0
  0
LINE
  5
911
330
1F
100
AcDbEntity
  8
FURN
100
AcDbLine
 10
623.1555723853234
 20
23634.41498697777
 30
0.0
 11
613.2589047303627
 21
23634.41498697777
 31
0.0
  0
ARC
  5
912
330
1F
100
AcDbEntity
  8
FURN
100
AcDbCircle
 10
846.2841203027965
 20
23754.64393040819
 30
0.0
 40
287.5316610378145
100
AcDbArc
 50
195.0731376428172
 51
199.8240239175012
  0
ARC
  5
913
330
1F
100
AcDbEntity
  8
FURN
100
AcDbCircle
 10
938.793224808789
 20
23408.63262847697
 30
0.0
 40
25.35714285714909
100
AcDbArc
 50
270.0
 51
0.0
  0
LINE
  5
914
330
1F
100
AcDbEntity
  8
FURN
100
AcDbLine
 10
964.1503676659159
 20
23408.63262847697
 30
0.0
 11
964.1503676659159
 21
23560.77548561886
 31
0.0
  0
ARC
  5
915
330
1F
100
AcDbEntity
  8
FURN
100
AcDbCircle
 10
482.3646533798637
 20
23560.77548561886
 30
0.0
 40
25.35714285714909
100
AcDbArc
 50
90.0
 51
180.0
  0
ARC
  5
916
330
1F
100
AcDbEntity
  8
FURN
100
AcDbCircle
 10
978.0924398774002
 20
23790.14225736288
 30
0.0
 40
464.6079039038975
100
AcDbArc
 50
164.9268623571828
 51
180.0
  0
ARC
  5
917
330
1F
100
AcDbEntity
  8
FURN
100
AcDbCircle
 10
978.092439877615
 20
23790.14225736288
 30
0.0
 40
464.607903904059
100
AcDbArc
 50
180.0
 51
195.0731376428172
  0
ARC
  5
918
330
1F
100
AcDbEntity
  8
FURN
100
AcDbCircle
 10
482.3646533798637
 20
23408.63262847697
 30
0.0
 40
25.35714285714909
100
AcDbArc
 50
180.0
 51
270.0
  0
LINE
  5
919
330
1F
100
AcDbEntity
  8
FURN
100
AcDbLine
 10
457.0075105229516
 20
23560.77548561886
 30
0.0
 11
457.0075105229516
 21
23408.63262847697
 31
0.0
  0
LINE
  5
91A
330
1F
100
AcDbEntity
  8
ELE 1
100
AcDbLine
 10
2713.18179301094
 20
21907.27548561908
 30
0.0
 11
2011.181793008583
 21
21907.27548561908
 31
0.0
  0
LINE
  5
91B
330
1F
100
AcDbEntity
  8
ELE 1
100
AcDbLine
 10
2713.18179301094
 20
21934.70405704825
 30
0.0
 11
2011.741793105866
 21
21934.70405704825
 31
0.0
  0
LINE
  5
91C
330
1F
100
AcDbEntity
  8
ELE 1
100
AcDbLine
 10
2713.18179301094
 20
21907.27548561908
 30
0.0
 11
2713.18179301094
 21
21934.70405704825
 31
0.0
  0
ARC
  5
91D
330
1F
100
AcDbEntity
  8
ABOVE-DOTTED
100
AcDbCircle
 10
2735.203326880805
 20
21885.25395174957
 30
0.0
 40
724.3563552986008
100
AcDbArc
 50
91.74214719320794
 51
178.2578528067865
  0
LINE
  5
91E
330
1F
100
AcDbEntity
  8
ELE 1
100
AcDbLine
 10
2713.181793010951
 20
22633.27548561918
 30
0.0
 11
2850.324650151804
 21
22633.27548561918
 31
0.0
  0
LINE
  5
91F
330
1F
100
AcDbEntity
  8
ELE 1
100
AcDbLine
 10
2850.324650151804
 20
22633.27548561918
 30
0.0
 11
2850.324650151804
 21
22609.27548561929
 31
0.0
  0
LINE
  5
920
330
1F
100
AcDbEntity
  8
ELE 1
100
AcDbLine
 10
2850.324650151804
 20
22609.27548561929
 30
0.0
 11
2816.038935866588
 21
22609.27548561929
 31
0.0
  0
LINE
  5
921
330
1F
100
AcDbEntity
  8
ELE 1
100
AcDbLine
 10
2816.038935866588
 20
22609.27548561929
 30
0.0
 11
2816.038935866588
 21
22598.98977133397
 31
0.0
  0
LINE
  5
922
330
1F
100
AcDbEntity
  8
ELE 1
100
AcDbLine
 10
2816.038935866588
 20
22598.98977133397
 30
0.0
 11
2747.467507296168
 21
22598.98977133397
 31
0.0
  0
LINE
  5
923
330
1F
100
AcDbEntity
  8
ELE 1
100
AcDbLine
 10
2747.467507296168
 20
22598.98977133397
 30
0.0
 11
2747.467507296168
 21
22609.27548561929
 31
0.0
  0
LINE
  5
924
330
1F
100
AcDbEntity
  8
ELE 1
100
AcDbLine
 10
2747.467507296168
 20
22609.27548561929
 30
0.0
 11
2713.181793010951
 21
22609.27548561929
 31
0.0
  0
LINE
  5
925
330
1F
100
AcDbEntity
  8
ELE 1
100
AcDbLine
 10
2713.181793010951
 20
22609.27548561929
 30
0.0
 11
2713.181793010951
 21
22633.27548561918
 31
0.0
  0
LINE
  5
926
330
1F
100
AcDbEntity
  8
ELE 1
100
AcDbLine
 10
2713.18179301094
 20
21883.27548561918
 30
0.0
 11
2850.324650151804
 21
21883.27548561918
 31
0.0
  0
LINE
  5
927
330
1F
100
AcDbEntity
  8
ELE 1
100
AcDbLine
 10
2850.324650151804
 20
21883.27548561918
 30
0.0
 11
2850.324650151804
 21
21907.27548561908
 31
0.0
  0
LINE
  5
928
330
1F
100
AcDbEntity
  8
ELE 1
100
AcDbLine
 10
2850.324650151804
 20
21907.27548561908
 30
0.0
 11
2816.038935866588
 21
21907.27548561908
 31
0.0
  0
LINE
  5
929
330
1F
100
AcDbEntity
  8
ELE 1
100
AcDbLine
 10
2816.038935866588
 20
21907.27548561908
 30
0.0
 11
2816.038935866588
 21
21917.56119990439
 31
0.0
  0
LINE
  5
92A
330
1F
100
AcDbEntity
  8
ELE 1
100
AcDbLine
 10
2816.038935866588
 20
21917.56119990439
 30
0.0
 11
2747.467507296156
 21
21917.56119990439
 31
0.0
  0
LINE
  5
92B
330
1F
100
AcDbEntity
  8
ELE 1
100
AcDbLine
 10
2747.467507296156
 20
21917.56119990439
 30
0.0
 11
2747.467507296156
 21
21907.27548561908
 31
0.0
  0
LINE
  5
92C
330
1F
100
AcDbEntity
  8
ELE 1
100
AcDbLine
 10
2747.467507296156
 20
21907.27548561908
 30
0.0
 11
2713.18179301094
 21
21907.27548561908
 31
0.0
  0
LINE
  5
92D
330
1F
100
AcDbEntity
  8
ELE 1
100
AcDbLine
 10
2713.18179301094
 20
21907.27548561908
 30
0.0
 11
2713.18179301094
 21
21883.27548561918
 31
0.0
  0
LINE
  5
92E
330
1F
100
AcDbEntity
  8
FURN
100
AcDbLine
 10
1660.895570348391
 20
23749.05711760345
 30
0.0
 11
1305.274539253318
 21
23749.05711760345
 31
0.0
  0
ARC
  5
92F
330
1F
100
AcDbEntity
  8
FURN
100
AcDbCircle
 10
1305.274539252614
 20
23688.09351227211
 30
0.0
 40
60.96360533134138
100
AcDbArc
 50
89.99999999932256
 51
179.9999999991662
  0
LINE
  5
930
330
1F
100
AcDbEntity
  8
FURN
100
AcDbLine
 10
1244.310933921273
 20
23688.09351227281
 30
0.0
 11
1244.310933921273
 21
23566.16630161121
 31
0.0
  0
ARC
  5
931
330
1F
100
AcDbEntity
  8
FURN
100
AcDbCircle
 10
1345.916942805702
 20
23566.16630161121
 30
0.0
 40
101.6060088844303
100
AcDbArc
 50
180.0
 51
270.0
  0
LINE
  5
932
330
1F
100
AcDbEntity
  8
FURN
100
AcDbLine
 10
1345.916942805702
 20
23464.56029272678
 30
0.0
 11
1620.25316679514
 21
23464.56029272678
 31
0.0
  0
ARC
  5
933
330
1F
100
AcDbEntity
  8
FURN
100
AcDbCircle
 10
1620.25316679514
 20
23566.16630161121
 30
0.0
 40
101.6060088844303
100
AcDbArc
 50
270.0
 51
0.0
  0
LINE
  5
934
330
1F
100
AcDbEntity
  8
FURN
100
AcDbLine
 10
1721.859175679569
 20
23566.16630161121
 30
0.0
 11
1721.859175679569
 21
23688.09351227281
 31
0.0
  0
ARC
  5
935
330
1F
100
AcDbEntity
  8
FURN
100
AcDbCircle
 10
1660.895570348662
 20
23688.09351227255
 30
0.0
 40
60.96360533090756
100
AcDbArc
 50
0.0
 51
90.00000000026055
  0
LINE
  5
936
330
1F
100
AcDbEntity
  8
FURN
100
AcDbLine
 10
1660.895570348391
 20
23789.69952115735
 30
0.0
 11
1305.274539253318
 21
23789.69952115735
 31
0.0
  0
ARC
  5
937
330
1F
100
AcDbEntity
  8
FURN
100
AcDbCircle
 10
1305.274539253373
 20
23688.09351227286
 30
0.0
 40
101.6060088844845
100
AcDbArc
 50
90.0
 51
180.0
  0
LINE
  5
938
330
1F
100
AcDbEntity
  8
FURN
100
AcDbLine
 10
1203.668530368888
 20
23688.09351227281
 30
0.0
 11
1203.668530368888
 21
23383.2754856192
 31
0.0
  0
LINE
  5
939
330
1F
100
AcDbEntity
  8
FURN
100
AcDbLine
 10
1203.668530368888
 20
23383.2754856192
 30
0.0
 11
1762.501579232821
 21
23383.2754856192
 31
0.0
  0
LINE
  5
93A
330
1F
100
AcDbEntity
  8
FURN
100
AcDbLine
 10
1762.501579232821
 20
23383.2754856192
 30
0.0
 11
1762.501579232821
 21
23688.09351227281
 31
0.0
  0
ARC
  5
93B
330
1F
100
AcDbEntity
  8
FURN
100
AcDbCircle
 10
1660.895570348337
 20
23688.09351227286
 30
0.0
 40
101.6060088844845
100
AcDbArc
 50
0.0
 51
89.99999999994789
  0
CIRCLE
  5
93C
330
1F
100
AcDbEntity
  8
FURN
100
AcDbCircle
 10
1483.085054801289
 20
23423.91788917299
 30
0.0
 40
20.32120177690412
  0
LINE
  5
93D
330
1F
100
AcDbEntity
  8
FURN
100
AcDbLine
 10
1533.888059242203
 20
23515.36329716911
 30
0.0
 11
1432.282050358639
 21
23515.36329716911
 31
0.0
  0
CIRCLE
  5
93E
330
1F
100
AcDbEntity
  8
FURN
100
AcDbCircle
 10
1483.085054801289
 20
23515.36329716911
 30
0.0
 40
25.40150222113015
  0
LINE
  5
93F
330
1F
100
AcDbEntity
  8
FURN
100
AcDbLine
 10
1483.085054801289
 20
23566.16630161121
 30
0.0
 11
1483.085054801289
 21
23464.56029272678
 31
0.0
  0
CIRCLE
  5
940
330
1F
100
AcDbEntity
  8
FURN
100
AcDbCircle
 10
1544.048660130732
 20
23423.91788917299
 30
0.0
 40
20.32120177690412
  0
CIRCLE
  5
941
330
1F
100
AcDbEntity
  8
FURN
100
AcDbCircle
 10
1422.121449470977
 20
23423.91788917299
 30
0.0
 40
20.32120177690412
  0
LINE
  5
942
330
1F
100
AcDbEntity
  8
ELE 1
100
AcDbLine
 10
1741.153221581469
 20
24875.13262847738
 30
0.0
 11
1741.153221581469
 21
24126.33262847487
 31
0.0
  0
LINE
  5
943
330
1F
100
AcDbEntity
  8
ELE 1
100
AcDbLine
 10
1711.896078723676
 20
24875.13262847738
 30
0.0
 11
1711.896078723676
 21
24126.92996191197
 31
0.0
  0
LINE
  5
944
330
1F
100
AcDbEntity
  8
ELE 1
100
AcDbLine
 10
1741.153221581469
 20
24875.13262847738
 30
0.0
 11
1711.896078723676
 21
24875.13262847738
 31
0.0
  0
ARC
  5
945
330
1F
100
AcDbEntity
  8
ABOVE-DOTTED
100
AcDbCircle
 10
1764.64285770894
 20
24898.62226460523
 30
0.0
 40
772.6467789851693
100
AcDbArc
 50
181.7421471932134
 51
268.2578528067887
  0
LINE
  5
946
330
1F
100
AcDbEntity
  8
ELE 1
100
AcDbLine
 10
966.7532215813572
 20
24875.13262847738
 30
0.0
 11
966.7532215813572
 21
25021.41834276096
 31
0.0
  0
LINE
  5
947
330
1F
100
AcDbEntity
  8
ELE 1
100
AcDbLine
 10
966.7532215813572
 20
25021.41834276096
 30
0.0
 11
992.3532215812453
 21
25021.41834276096
 31
0.0
  0
LINE
  5
948
330
1F
100
AcDbEntity
  8
ELE 1
100
AcDbLine
 10
992.3532215812453
 20
25021.41834276096
 30
0.0
 11
992.3532215812453
 21
24984.84691419006
 31
0.0
  0
LINE
  5
949
330
1F
100
AcDbEntity
  8
ELE 1
100
AcDbLine
 10
992.3532215812453
 20
24984.84691419006
 30
0.0
 11
1003.324650152254
 21
24984.84691419006
 31
0.0
  0
LINE
  5
94A
330
1F
100
AcDbEntity
  8
ELE 1
100
AcDbLine
 10
1003.324650152254
 20
24984.84691419006
 30
0.0
 11
1003.324650152254
 21
24911.70405704828
 31
0.0
  0
LINE
  5
94B
330
1F
100
AcDbEntity
  8
ELE 1
100
AcDbLine
 10
1003.324650152254
 20
24911.70405704828
 30
0.0
 11
992.3532215812453
 21
24911.70405704828
 31
0.0
  0
LINE
  5
94C
330
1F
100
AcDbEntity
  8
ELE 1
100
AcDbLine
 10
992.3532215812453
 20
24911.70405704828
 30
0.0
 11
992.3532215812453
 21
24875.13262847738
 31
0.0
  0
LINE
  5
94D
330
1F
100
AcDbEntity
  8
ELE 1
100
AcDbLine
 10
992.3532215812453
 20
24875.13262847738
 30
0.0
 11
966.7532215813572
 21
24875.13262847738
 31
0.0
  0
LINE
  5
94E
330
1F
100
AcDbEntity
  8
ELE 1
100
AcDbLine
 10
1766.753221581357
 20
24875.13262847738
 30
0.0
 11
1766.753221581357
 21
25021.41834276096
 31
0.0
  0
LINE
  5
94F
330
1F
100
AcDbEntity
  8
ELE 1
100
AcDbLine
 10
1766.753221581357
 20
25021.41834276096
 30
0.0
 11
1741.153221581469
 21
25021.41834276096
 31
0.0
  0
LINE
  5
950
330
1F
100
AcDbEntity
  8
ELE 1
100
AcDbLine
 10
1741.153221581469
 20
25021.41834276096
 30
0.0
 11
1741.153221581469
 21
24984.84691419006
 31
0.0
  0
LINE
  5
951
330
1F
100
AcDbEntity
  8
ELE 1
100
AcDbLine
 10
1741.153221581469
 20
24984.84691419006
 30
0.0
 11
1730.18179301046
 21
24984.84691419006
 31
0.0
  0
LINE
  5
952
330
1F
100
AcDbEntity
  8
ELE 1
100
AcDbLine
 10
1730.18179301046
 20
24984.84691419006
 30
0.0
 11
1730.18179301046
 21
24911.70405704827
 31
0.0
  0
LINE
  5
953
330
1F
100
AcDbEntity
  8
ELE 1
100
AcDbLine
 10
1730.18179301046
 20
24911.70405704827
 30
0.0
 11
1741.153221581469
 21
24911.70405704827
 31
0.0
  0
LINE
  5
954
330
1F
100
AcDbEntity
  8
ELE 1
100
AcDbLine
 10
1741.153221581469
 20
24911.70405704827
 30
0.0
 11
1741.153221581469
 21
24875.13262847738
 31
0.0
  0
LINE
  5
955
330
1F
100
AcDbEntity
  8
ELE 1
100
AcDbLine
 10
1741.153221581469
 20
24875.13262847738
 30
0.0
 11
1766.753221581357
 21
24875.13262847738
 31
0.0
  0
ARC
  5
956
330
1F
100
AcDbEntity
  8
FURN
100
AcDbCircle
 10
3104.003822181025
 20
18497.79800237596
 30
0.0
 40
50.0
100
AcDbArc
 50
0.0
 51
90.0
  0
ARC
  5
957
330
1F
100
AcDbEntity
  8
FURN
100
AcDbCircle
 10
3104.003822181025
 20
17797.79800237526
 30
0.0
 40
50.0
100
AcDbArc
 50
270.0
 51
0.0
  0
ARC
  5
958
330
1F
100
AcDbEntity
  8
FURN
100
AcDbCircle
 10
3104.003822181025
 20
17897.79800237561
 30
0.0
 40
50.0
100
AcDbArc
 50
0.0
 51
90.0
  0
ARC
  5
959
330
1F
100
AcDbEntity
  8
FURN
100
AcDbCircle
 10
3104.003822181025
 20
17997.79800237596
 30
0.0
 40
50.0
100
AcDbArc
 50
270.0
 51
0.0
  0
LINE
  5
95A
330
1F
100
AcDbEntity
  8
FURN
100
AcDbLine
 10
3153.585822179564
 20
17997.79800237596
 30
0.0
 11
3153.585822179564
 21
18497.79800237596
 31
0.0
  0
LINE
  5
95B
330
1F
100
AcDbEntity
  8
FURN
100
AcDbLine
 10
3154.003822177299
 20
17997.79800237596
 30
0.0
 11
3154.003822177299
 21
18497.79800237596
 31
0.0
  0
ARC
  5
95C
330
1F
100
AcDbEntity
  8
FURN
100
AcDbCircle
 10
3203.58582217584
 20
18497.79800237596
 30
0.0
 40
50.0
100
AcDbArc
 50
90.0
 51
180.0
  0
ARC
  5
95D
330
1F
100
AcDbEntity
  8
FURN
100
AcDbCircle
 10
3203.58582217584
 20
17997.79800237596
 30
0.0
 40
50.0
100
AcDbArc
 50
180.0
 51
270.0
  0
ARC
  5
95E
330
1F
100
AcDbEntity
  8
FURN
100
AcDbCircle
 10
3203.58582217584
 20
17897.79800237561
 30
0.0
 40
50.0
100
AcDbArc
 50
90.0
 51
180.0
  0
ARC
  5
95F
330
1F
100
AcDbEntity
  8
FURN
100
AcDbCircle
 10
3203.58582217584
 20
17797.79800237526
 30
0.0
 40
50.0
100
AcDbArc
 50
180.0
 51
270.0
  0
LINE
  5
960
330
1F
100
AcDbEntity
  8
FURN
100
AcDbLine
 10
3153.585822179564
 20
17897.79800237561
 30
0.0
 11
3153.585822179564
 21
17797.79800237526
 31
0.0
  0
LINE
  5
961
330
1F
100
AcDbEntity
  8
FURN
100
AcDbLine
 10
3154.003822177299
 20
17897.79800237561
 30
0.0
 11
3154.003822177299
 21
17797.79800237526
 31
0.0
  0
LINE
  5
962
330
1F
100
AcDbEntity
  8
FURN
100
AcDbLine
 10
2354.003822181025
 20
17997.79800237596
 30
0.0
 11
2354.003822181025
 21
18497.79800237596
 31
0.0
  0
LINE
  5
963
330
1F
100
AcDbEntity
  8
FURN
100
AcDbLine
 10
2404.003822177299
 20
18547.79800237525
 30
0.0
 11
3104.003822181025
 21
18547.79800237525
 31
0.0
  0
ARC
  5
964
330
1F
100
AcDbEntity
  8
FURN
100
AcDbCircle
 10
2404.003822177299
 20
18497.79800237596
 30
0.0
 40
50.0
100
AcDbArc
 50
90.0
 51
180.0
  0
LINE
  5
965
330
1F
100
AcDbEntity
  8
FURN
100
AcDbLine
 10
2404.003822177299
 20
17747.79800237596
 30
0.0
 11
3104.003822181025
 21
17747.79800237596
 31
0.0
  0
LINE
  5
966
330
1F
100
AcDbEntity
  8
FURN
100
AcDbLine
 10
2404.003822177299
 20
17947.79800237666
 30
0.0
 11
3104.003822181025
 21
17947.79800237666
 31
0.0
  0
ARC
  5
967
330
1F
100
AcDbEntity
  8
FURN
100
AcDbCircle
 10
2404.003822177299
 20
17897.79800237561
 30
0.0
 40
50.0
100
AcDbArc
 50
90.0
 51
180.0
  0
ARC
  5
968
330
1F
100
AcDbEntity
  8
FURN
100
AcDbCircle
 10
2404.003822177299
 20
17797.79800237526
 30
0.0
 40
50.0
100
AcDbArc
 50
180.0
 51
270.0
  0
ARC
  5
969
330
1F
100
AcDbEntity
  8
FURN
100
AcDbCircle
 10
2404.003822177299
 20
17997.79800237596
 30
0.0
 40
50.0
100
AcDbArc
 50
180.0
 51
270.0
  0
LINE
  5
96A
330
1F
100
AcDbEntity
  8
FURN
100
AcDbLine
 10
2354.003822181025
 20
17897.79800237561
 30
0.0
 11
2354.003822181025
 21
17797.79800237526
 31
0.0
  0
LINE
  5
96B
330
1F
100
AcDbEntity
  8
FURN
100
AcDbLine
 10
4753.585822179564
 20
17997.79800237596
 30
0.0
 11
4753.585822179564
 21
18497.79800237596
 31
0.0
  0
LINE
  5
96C
330
1F
100
AcDbEntity
  8
FURN
100
AcDbLine
 10
3953.58582217584
 20
17997.79800237596
 30
0.0
 11
3953.58582217584
 21
18497.79800237596
 31
0.0
  0
LINE
  5
96D
330
1F
100
AcDbEntity
  8
FURN
100
AcDbLine
 10
4003.585822179564
 20
18547.79800237525
 30
0.0
 11
4703.585822175837
 21
18547.79800237525
 31
0.0
  0
ARC
  5
96E
330
1F
100
AcDbEntity
  8
FURN
100
AcDbCircle
 10
4667.066822174586
 20
18700.62100237558
 30
0.0
 40
156.59
100
AcDbArc
 50
275.095678003867
 51
355.2649979958894
  0
ARC
  5
96F
330
1F
100
AcDbEntity
  8
FURN
100
AcDbCircle
 10
4870.147822182276
 20
18664.36000237623
 30
0.0
 40
50.0
100
AcDbArc
 50
180.0
 51
270.0
  0
ARC
  5
970
330
1F
100
AcDbEntity
  8
FURN
100
AcDbCircle
 10
4703.585822175837
 20
18497.79800237596
 30
0.0
 40
50.0
100
AcDbArc
 50
0.0
 51
90.0
  0
ARC
  5
971
330
1F
100
AcDbEntity
  8
FURN
100
AcDbCircle
 10
4003.585822179564
 20
18497.79800237596
 30
0.0
 40
50.0
100
AcDbArc
 50
90.0
 51
180.0
  0
ARC
  5
972
330
1F
100
AcDbEntity
  8
FURN
100
AcDbCircle
 10
3903.585822179564
 20
18497.79800237596
 30
0.0
 40
50.0
100
AcDbArc
 50
0.0
 51
90.0
  0
LINE
  5
973
330
1F
100
AcDbEntity
  8
FURN
100
AcDbLine
 10
4703.585822175837
 20
17747.79800237596
 30
0.0
 11
4003.585822179564
 21
17747.79800237596
 31
0.0
  0
LINE
  5
974
330
1F
100
AcDbEntity
  8
FURN
100
AcDbLine
 10
4703.585822175837
 20
17947.79800237666
 30
0.0
 11
4003.585822179564
 21
17947.79800237666
 31
0.0
  0
LINE
  5
975
330
1F
100
AcDbEntity
  8
FURN
100
AcDbLine
 10
4003.585822179564
 20
17947.79800237666
 30
0.0
 11
4703.585822175837
 21
17947.79800237666
 31
0.0
  0
LINE
  5
976
330
1F
100
AcDbEntity
  8
FURN
100
AcDbLine
 10
4003.585822179564
 20
17747.79800237596
 30
0.0
 11
4703.585822175837
 21
17747.79800237596
 31
0.0
  0
ARC
  5
977
330
1F
100
AcDbEntity
  8
FURN
100
AcDbCircle
 10
4703.585822175837
 20
17797.79800237526
 30
0.0
 40
50.0
100
AcDbArc
 50
270.0
 51
0.0
  0
ARC
  5
978
330
1F
100
AcDbEntity
  8
FURN
100
AcDbCircle
 10
4703.585822175837
 20
17897.79800237561
 30
0.0
 40
50.0
100
AcDbArc
 50
0.0
 51
90.0
  0
ARC
  5
979
330
1F
100
AcDbEntity
  8
FURN
100
AcDbCircle
 10
4703.585822175837
 20
17997.79800237596
 30
0.0
 40
50.0
100
AcDbArc
 50
270.0
 51
0.0
  0
ARC
  5
97A
330
1F
100
AcDbEntity
  8
FURN
100
AcDbCircle
 10
4703.585822175837
 20
17997.79800237596
 30
0.0
 40
50.0
100
AcDbArc
 50
270.0
 51
0.0
  0
ARC
  5
97B
330
1F
100
AcDbEntity
  8
FURN
100
AcDbCircle
 10
4703.585822175837
 20
17897.79800237561
 30
0.0
 40
50.0
100
AcDbArc
 50
0.0
 51
90.0
  0
ARC
  5
97C
330
1F
100
AcDbEntity
  8
FURN
100
AcDbCircle
 10
4703.585822175837
 20
17797.79800237526
 30
0.0
 40
50.0
100
AcDbArc
 50
270.0
 51
0.0
  0
LINE
  5
97D
330
1F
100
AcDbEntity
  8
FURN
100
AcDbLine
 10
4753.585822179564
 20
17897.79800237561
 30
0.0
 11
4753.585822179564
 21
17797.79800237526
 31
0.0
  0
LINE
  5
97E
330
1F
100
AcDbEntity
  8
FURN
100
AcDbLine
 10
4753.585822179564
 20
17897.79800237561
 30
0.0
 11
4753.585822179564
 21
17797.79800237526
 31
0.0
  0
ARC
  5
97F
330
1F
100
AcDbEntity
  8
FURN
100
AcDbCircle
 10
4003.585822179564
 20
17797.79800237526
 30
0.0
 40
50.0
100
AcDbArc
 50
180.0
 51
270.0
  0
ARC
  5
980
330
1F
100
AcDbEntity
  8
FURN
100
AcDbCircle
 10
4003.585822179564
 20
17897.79800237561
 30
0.0
 40
50.0
100
AcDbArc
 50
90.0
 51
180.0
  0
ARC
  5
981
330
1F
100
AcDbEntity
  8
FURN
100
AcDbCircle
 10
4003.585822179564
 20
17997.79800237596
 30
0.0
 40
50.0
100
AcDbArc
 50
180.0
 51
270.0
  0
ARC
  5
982
330
1F
100
AcDbEntity
  8
FURN
100
AcDbCircle
 10
4003.585822179564
 20
17997.79800237596
 30
0.0
 40
50.0
100
AcDbArc
 50
180.0
 51
270.0
  0
ARC
  5
983
330
1F
100
AcDbEntity
  8
FURN
100
AcDbCircle
 10
4003.585822179564
 20
17897.79800237561
 30
0.0
 40
50.0
100
AcDbArc
 50
90.0
 51
180.0
  0
ARC
  5
984
330
1F
100
AcDbEntity
  8
FURN
100
AcDbCircle
 10
4003.585822179564
 20
17797.79800237526
 30
0.0
 40
50.0
100
AcDbArc
 50
180.0
 51
270.0
  0
ARC
  5
985
330
1F
100
AcDbEntity
  8
FURN
100
AcDbCircle
 10
3903.585822179564
 20
17997.79800237596
 30
0.0
 40
50.0
100
AcDbArc
 50
270.0
 51
0.0
  0
ARC
  5
986
330
1F
100
AcDbEntity
  8
FURN
100
AcDbCircle
 10
3903.585822179564
 20
17897.79800237561
 30
0.0
 40
50.0
100
AcDbArc
 50
0.0
 51
90.0
  0
ARC
  5
987
330
1F
100
AcDbEntity
  8
FURN
100
AcDbCircle
 10
3903.585822179564
 20
17797.79800237526
 30
0.0
 40
50.0
100
AcDbArc
 50
270.0
 51
0.0
  0
LINE
  5
988
330
1F
100
AcDbEntity
  8
FURN
100
AcDbLine
 10
3953.58582217584
 20
17897.79800237561
 30
0.0
 11
3953.58582217584
 21
17797.79800237526
 31
0.0
  0
LINE
  5
989
330
1F
100
AcDbEntity
  8
FURN
100
AcDbLine
 10
3953.58582217584
 20
17897.79800237561
 30
0.0
 11
3953.58582217584
 21
17797.79800237526
 31
0.0
  0
LINE
  5
98A
330
1F
100
AcDbEntity
  8
FURN
100
AcDbLine
 10
3953.58582217584
 20
17897.79800237561
 30
0.0
 11
3953.58582217584
 21
17797.79800237526
 31
0.0
  0
LINE
  5
98B
330
1F
100
AcDbEntity
  8
FURN
100
AcDbLine
 10
4350.565822181874
 20
18985.10600237569
 30
0.0
 11
2823.199822179624
 21
18985.10600237569
 31
0.0
  0
LINE
  5
98C
330
1F
100
AcDbEntity
  8
FURN
100
AcDbLine
 10
3203.58582217584
 20
18547.79800237525
 30
0.0
 11
3903.585822179564
 21
18547.79800237525
 31
0.0
  0
LINE
  5
98D
330
1F
100
AcDbEntity
  8
FURN
100
AcDbLine
 10
3203.58582217584
 20
17947.79800237666
 30
0.0
 11
3903.585822179564
 21
17947.79800237666
 31
0.0
  0
LINE
  5
98E
330
1F
100
AcDbEntity
  8
FURN
100
AcDbLine
 10
3203.58582217584
 20
17747.79800237596
 30
0.0
 11
3903.585822179564
 21
17747.79800237596
 31
0.0
  0
LINE
  5
98F
330
1F
100
AcDbEntity
  8
FURN
100
AcDbLine
 10
4820.147822178551
 20
20164.36000237623
 30
0.0
 11
4820.147822178551
 21
19464.36000237553
 31
0.0
  0
ARC
  5
990
330
1F
100
AcDbEntity
  8
FURN
100
AcDbCircle
 10
4870.147822182276
 20
20164.36000237623
 30
0.0
 40
50.0
100
AcDbArc
 50
90.0
 51
180.0
  0
ARC
  5
991
330
1F
100
AcDbEntity
  8
FURN
100
AcDbCircle
 10
4870.147822182276
 20
19464.36000237553
 30
0.0
 40
50.0
100
AcDbArc
 50
180.0
 51
270.0
  0
ARC
  5
992
330
1F
100
AcDbEntity
  8
FURN
100
AcDbCircle
 10
4870.147822182276
 20
19364.36000237518
 30
0.0
 40
50.0
100
AcDbArc
 50
90.0
 51
180.0
  0
LINE
  5
993
330
1F
100
AcDbEntity
  8
FURN
100
AcDbLine
 10
2823.199822179624
 20
19788.34400237616
 30
0.0
 11
4350.565822181874
 21
19788.34400237616
 31
0.0
  0
LINE
  5
994
330
1F
100
AcDbEntity
  8
FURN
100
AcDbLine
 10
4820.147822178551
 20
19364.36000237518
 30
0.0
 11
4820.147822178551
 21
18664.36000237623
 31
0.0
  0
LINE
  5
995
330
1F
100
AcDbEntity
  8
FURN
100
AcDbLine
 10
4350.565822181874
 20
19788.34400237616
 30
0.0
 11
4350.565822181874
 21
18985.10600237569
 31
0.0
  0
LINE
  5
996
330
1F
100
AcDbEntity
  8
FURN
100
AcDbLine
 10
2823.199822179624
 20
18985.10600237569
 30
0.0
 11
2823.199822179624
 21
19788.34400237616
 31
0.0
  0
LINE
  5
997
330
1F
100
AcDbEntity
  8
FURN
100
AcDbLine
 10
5470.147822180414
 20
18614.36000237518
 30
0.0
 11
5570.147822178551
 21
18614.36000237518
 31
0.0
  0
LINE
  5
998
330
1F
100
AcDbEntity
  8
FURN
100
AcDbLine
 10
5470.147822180414
 20
18614.36000237518
 30
0.0
 11
5570.147822178551
 21
18614.36000237518
 31
0.0
  0
ARC
  5
999
330
1F
100
AcDbEntity
  8
FURN
100
AcDbCircle
 10
5570.147822178551
 20
18664.36000237623
 30
0.0
 40
50.0
100
AcDbArc
 50
270.0
 51
0.0
  0
ARC
  5
99A
330
1F
100
AcDbEntity
  8
FURN
100
AcDbCircle
 10
5570.147822178551
 20
18664.36000237623
 30
0.0
 40
50.0
100
AcDbArc
 50
270.0
 51
0.0
  0
ARC
  5
99B
330
1F
100
AcDbEntity
  8
FURN
100
AcDbCircle
 10
5470.147822180414
 20
18664.36000237623
 30
0.0
 40
50.0
100
AcDbArc
 50
180.0
 51
270.0
  0
ARC
  5
99C
330
1F
100
AcDbEntity
  8
FURN
100
AcDbCircle
 10
5370.147822182276
 20
18664.36000237623
 30
0.0
 40
50.0
100
AcDbArc
 50
270.0
 51
0.0
  0
ARC
  5
99D
330
1F
100
AcDbEntity
  8
FURN
100
AcDbCircle
 10
5370.147822182276
 20
18664.36000237623
 30
0.0
 40
50.0
100
AcDbArc
 50
270.0
 51
0.0
  0
ARC
  5
99E
330
1F
100
AcDbEntity
  8
FURN
100
AcDbCircle
 10
5470.147822180414
 20
18664.36000237623
 30
0.0
 40
50.0
100
AcDbArc
 50
180.0
 51
270.0
  0
LINE
  5
99F
330
1F
100
AcDbEntity
  8
FURN
100
AcDbLine
 10
5620.147822182275
 20
20164.36000237623
 30
0.0
 11
5620.147822182275
 21
19464.36000237553
 31
0.0
  0
LINE
  5
9A0
330
1F
100
AcDbEntity
  8
FURN
100
AcDbLine
 10
5420.147822176688
 20
20164.36000237623
 30
0.0
 11
5420.147822176688
 21
19464.36000237553
 31
0.0
  0
LINE
  5
9A1
330
1F
100
AcDbEntity
  8
FURN
100
AcDbLine
 10
5470.147822180414
 20
20213.94200237593
 30
0.0
 11
5570.147822178551
 21
20213.94200237593
 31
0.0
  0
ARC
  5
9A2
330
1F
100
AcDbEntity
  8
FURN
100
AcDbCircle
 10
5570.147822178551
 20
20164.36000237623
 30
0.0
 40
50.0
100
AcDbArc
 50
0.0
 51
90.0
  0
ARC
  5
9A3
330
1F
100
AcDbEntity
  8
FURN
100
AcDbCircle
 10
5470.147822180414
 20
20164.36000237623
 30
0.0
 40
50.0
100
AcDbArc
 50
90.0
 51
180.0
  0
ARC
  5
9A4
330
1F
100
AcDbEntity
  8
FURN
100
AcDbCircle
 10
5370.147822182276
 20
20164.36000237623
 30
0.0
 40
50.0
100
AcDbArc
 50
0.0
 51
90.0
  0
LINE
  5
9A5
330
1F
100
AcDbEntity
  8
FURN
100
AcDbLine
 10
5470.147822180414
 20
19414.36000237622
 30
0.0
 11
5570.147822178551
 21
19414.36000237622
 31
0.0
  0
LINE
  5
9A6
330
1F
100
AcDbEntity
  8
FURN
100
AcDbLine
 10
5470.147822180414
 20
19414.36000237622
 30
0.0
 11
5570.147822178551
 21
19414.36000237622
 31
0.0
  0
LINE
  5
9A7
330
1F
100
AcDbEntity
  8
FURN
100
AcDbLine
 10
5470.147822180414
 20
19414.36000237622
 30
0.0
 11
5570.147822178551
 21
19414.36000237622
 31
0.0
  0
ARC
  5
9A8
330
1F
100
AcDbEntity
  8
FURN
100
AcDbCircle
 10
5570.147822178551
 20
19464.36000237553
 30
0.0
 40
50.0
100
AcDbArc
 50
270.0
 51
0.0
  0
ARC
  5
9A9
330
1F
100
AcDbEntity
  8
FURN
100
AcDbCircle
 10
5570.147822178551
 20
19364.36000237518
 30
0.0
 40
50.0
100
AcDbArc
 50
0.0
 51
90.0
  0
ARC
  5
9AA
330
1F
100
AcDbEntity
  8
FURN
100
AcDbCircle
 10
5570.147822178551
 20
19364.36000237518
 30
0.0
 40
50.0
100
AcDbArc
 50
0.0
 51
90.0
  0
ARC
  5
9AB
330
1F
100
AcDbEntity
  8
FURN
100
AcDbCircle
 10
5470.147822180414
 20
19464.36000237553
 30
0.0
 40
50.0
100
AcDbArc
 50
180.0
 51
270.0
  0
ARC
  5
9AC
330
1F
100
AcDbEntity
  8
FURN
100
AcDbCircle
 10
5370.147822182276
 20
19464.36000237553
 30
0.0
 40
50.0
100
AcDbArc
 50
270.0
 51
0.0
  0
ARC
  5
9AD
330
1F
100
AcDbEntity
  8
FURN
100
AcDbCircle
 10
5470.147822180414
 20
19364.36000237518
 30
0.0
 40
50.0
100
AcDbArc
 50
90.0
 51
180.0
  0
ARC
  5
9AE
330
1F
100
AcDbEntity
  8
FURN
100
AcDbCircle
 10
5370.147822182276
 20
19364.36000237518
 30
0.0
 40
50.0
100
AcDbArc
 50
0.0
 51
90.0
  0
ARC
  5
9AF
330
1F
100
AcDbEntity
  8
FURN
100
AcDbCircle
 10
5370.147822182276
 20
19364.36000237518
 30
0.0
 40
50.0
100
AcDbArc
 50
0.0
 51
90.0
  0
ARC
  5
9B0
330
1F
100
AcDbEntity
  8
FURN
100
AcDbCircle
 10
5470.147822180414
 20
19364.36000237518
 30
0.0
 40
50.0
100
AcDbArc
 50
90.0
 51
180.0
  0
LINE
  5
9B1
330
1F
100
AcDbEntity
  8
FURN
100
AcDbLine
 10
5620.147822182275
 20
19364.36000237518
 30
0.0
 11
5620.147822182275
 21
18664.36000237623
 31
0.0
  0
LINE
  5
9B2
330
1F
100
AcDbEntity
  8
FURN
100
AcDbLine
 10
5620.147822182275
 20
18664.36000237623
 30
0.0
 11
5620.147822182275
 21
19364.36000237518
 31
0.0
  0
LINE
  5
9B3
330
1F
100
AcDbEntity
  8
FURN
100
AcDbLine
 10
5420.147822176688
 20
19364.36000237518
 30
0.0
 11
5420.147822176688
 21
18664.36000237623
 31
0.0
  0
LINE
  5
9B4
330
1F
100
AcDbEntity
  8
FURN
100
AcDbLine
 10
5420.147822176688
 20
18664.36000237623
 30
0.0
 11
5420.147822176688
 21
19364.36000237518
 31
0.0
  0
LINE
  5
9B5
330
1F
100
AcDbEntity
  8
FURN
100
AcDbLine
 10
5370.147822182276
 20
20213.94200237593
 30
0.0
 11
4870.147822182276
 21
20213.94200237593
 31
0.0
  0
LINE
  5
9B6
330
1F
100
AcDbEntity
  8
FURN
100
AcDbLine
 10
5370.147822182276
 20
20214.36000237553
 30
0.0
 11
4870.147822182276
 21
20214.36000237553
 31
0.0
  0
ARC
  5
9B7
330
1F
100
AcDbEntity
  8
FURN
100
AcDbCircle
 10
4667.066822174586
 20
18700.62100237558
 30
0.0
 40
956.59
100
AcDbArc
 50
275.095678003867
 51
355.2649979958894
  0
ARC
  5
9B8
330
1F
100
AcDbEntity
  8
FURN
100
AcDbCircle
 10
4667.066822174586
 20
18700.62100237558
 30
0.0
 40
756.59
100
AcDbArc
 50
275.095678003867
 51
355.2649979958894
  0
LINE
  5
9B9
330
1F
100
AcDbEntity
  8
FURN
100
AcDbLine
 10
5370.147822182276
 20
19414.36000237622
 30
0.0
 11
4870.147822182276
 21
19414.36000237622
 31
0.0
  0
LINE
  5
9BA
330
1F
100
AcDbEntity
  8
FURN
100
AcDbLine
 10
5370.147822182276
 20
18614.36000237518
 30
0.0
 11
4870.147822182276
 21
18614.36000237518
 31
0.0
  0
LINE
  5
9BB
330
1F
100
AcDbEntity
  8
FURN
100
AcDbLine
 10
4353.612604440946
 20
21553.27548561917
 30
0.0
 11
4353.612604440946
 21
20953.27548561917
 31
0.0
  0
LWPOLYLINE
  5
9BC
330
1F
100
AcDbEntity
  8
FURN
100
AcDbPolyline
 90
        4
 70
     1
 43
0.0
 10
2103.743123414228
 20
21504.4972855482
 10
3754.743123414228
 20
21504.4972855482
 10
3754.743123414228
 20
21494.49728554821
 10
2103.743123414228
 20
21494.49728554821
  0
LINE
  5
9BD
330
1F
100
AcDbEntity
  8
FURN
100
AcDbLine
 10
2566.753221581372
 20
29293.27548561918
 30
0.0
 11
4236.753221581357
 21
29293.27548561924
 31
0.0
  0
LINE
  5
9BE
330
1F
100
AcDbEntity
  8
FURN
100
AcDbLine
 10
11330.42448170009
 20
21825.15183386509
 30
0.0
 11
11909.11130805228
 21
21825.15183386509
 31
0.0
  0
LINE
  5
9BF
330
1F
100
AcDbEntity
  8
FURN
100
AcDbLine
 10
11909.11130805228
 20
21825.15183386509
 30
0.0
 11
11909.11130805228
 21
22426.31196503117
 31
0.0
  0
LINE
  5
9C0
330
1F
100
AcDbEntity
  8
FURN
100
AcDbLine
 10
11909.11130805228
 20
22426.31196503117
 30
0.0
 11
11330.42448170009
 21
22426.31196503117
 31
0.0
  0
LINE
  5
9C1
330
1F
100
AcDbEntity
  8
FURN
100
AcDbLine
 10
11330.42448170009
 20
22426.31196503117
 30
0.0
 11
11330.42448170009
 21
21825.15183386509
 31
0.0
  0
LINE
  5
9C2
330
1F
100
AcDbEntity
  8
FURN
100
AcDbLine
 10
11343.53387430514
 20
21842.00679580032
 30
0.0
 11
11896.00191544723
 21
21842.00679580032
 31
0.0
  0
LINE
  5
9C3
330
1F
100
AcDbEntity
  8
FURN
100
AcDbLine
 10
11896.00191544723
 20
21842.00679580032
 30
0.0
 11
11896.00191544723
 21
21900.06275356729
 31
0.0
  0
LINE
  5
9C4
330
1F
100
AcDbEntity
  8
FURN
100
AcDbLine
 10
11896.00191544723
 20
21900.06275356729
 30
0.0
 11
11343.53387430514
 21
21900.06275356729
 31
0.0
  0
LINE
  5
9C5
330
1F
100
AcDbEntity
  8
FURN
100
AcDbLine
 10
11343.53387430514
 20
21900.06275356729
 30
0.0
 11
11343.53387430514
 21
21842.00679580032
 31
0.0
  0
ARC
  5
9C6
330
1F
100
AcDbEntity
  8
FURN
100
AcDbCircle
 10
11496.85790140247
 20
22021.54965257657
 30
0.0
 40
50.32152640369757
100
AcDbArc
 50
180.0
 51
270.0
  0
LINE
  5
9C7
330
1F
100
AcDbEntity
  8
FURN
100
AcDbLine
 10
11496.85790140247
 20
21971.2281261728
 30
0.0
 11
11742.67788834763
 21
21971.2281261728
 31
0.0
  0
ARC
  5
9C8
330
1F
100
AcDbEntity
  8
FURN
100
AcDbCircle
 10
11742.6778883499
 20
22021.54965257657
 30
0.0
 40
50.32152640369757
100
AcDbArc
 50
270.0
 51
0.0
  0
LINE
  5
9C9
330
1F
100
AcDbEntity
  8
FURN
100
AcDbLine
 10
11792.99939251719
 20
22021.54965257657
 30
0.0
 11
11792.99939251719
 21
22267.36959505418
 31
0.0
  0
ARC
  5
9CA
330
1F
100
AcDbEntity
  8
FURN
100
AcDbCircle
 10
11742.6778883499
 20
22267.36959505418
 30
0.0
 40
50.32152640369757
100
AcDbArc
 50
0.0
 51
90.0
  0
LINE
  5
9CB
330
1F
100
AcDbEntity
  8
FURN
100
AcDbLine
 10
11742.67788834763
 20
22317.69109922531
 30
0.0
 11
11496.85790140474
 21
22317.69109922531
 31
0.0
  0
ARC
  5
9CC
330
1F
100
AcDbEntity
  8
FURN
100
AcDbCircle
 10
11496.85790140474
 20
22267.36959505418
 30
0.0
 40
50.32152640369757
100
AcDbArc
 50
90.0
 51
180.0
  0
LINE
  5
9CD
330
1F
100
AcDbEntity
  8
FURN
100
AcDbLine
 10
11446.5363972329
 20
22267.36959505418
 30
0.0
 11
11446.5363972329
 21
22021.54965257657
 31
0.0
  0
LINE
  5
9CE
330
1F
100
AcDbEntity
  8
FURN
100
AcDbLine
 10
12539.00323030889
 20
21825.15183386509
 30
0.0
 11
11960.3164039567
 21
21825.15183386509
 31
0.0
  0
LINE
  5
9CF
330
1F
100
AcDbEntity
  8
FURN
100
AcDbLine
 10
11960.3164039567
 20
21825.15183386509
 30
0.0
 11
11960.3164039567
 21
22426.31196503117
 31
0.0
  0
LINE
  5
9D0
330
1F
100
AcDbEntity
  8
FURN
100
AcDbLine
 10
11960.3164039567
 20
22426.31196503117
 30
0.0
 11
12539.00323030889
 21
22426.31196503117
 31
0.0
  0
LINE
  5
9D1
330
1F
100
AcDbEntity
  8
FURN
100
AcDbLine
 10
12539.00323030889
 20
22426.31196503117
 30
0.0
 11
12539.00323030889
 21
21825.15183386509
 31
0.0
  0
LINE
  5
9D2
330
1F
100
AcDbEntity
  8
FURN
100
AcDbLine
 10
12525.89383770384
 20
21842.00679580032
 30
0.0
 11
11973.42579656174
 21
21842.00679580032
 31
0.0
  0
LINE
  5
9D3
330
1F
100
AcDbEntity
  8
FURN
100
AcDbLine
 10
11973.42579656174
 20
21842.00679580032
 30
0.0
 11
11973.42579656174
 21
21900.06275356729
 31
0.0
  0
LINE
  5
9D4
330
1F
100
AcDbEntity
  8
FURN
100
AcDbLine
 10
11973.42579656174
 20
21900.06275356729
 30
0.0
 11
12525.89383770384
 21
21900.06275356729
 31
0.0
  0
LINE
  5
9D5
330
1F
100
AcDbEntity
  8
FURN
100
AcDbLine
 10
12525.89383770384
 20
21900.06275356729
 30
0.0
 11
12525.89383770384
 21
21842.00679580032
 31
0.0
  0
ARC
  5
9D6
330
1F
100
AcDbEntity
  8
FURN
100
AcDbCircle
 10
12372.56981060651
 20
22021.54965257657
 30
0.0
 40
50.32152640369757
100
AcDbArc
 50
270.0
 51
0.0
  0
LINE
  5
9D7
330
1F
100
AcDbEntity
  8
FURN
100
AcDbLine
 10
12372.56981060651
 20
21971.2281261728
 30
0.0
 11
12126.74982366135
 21
21971.2281261728
 31
0.0
  0
ARC
  5
9D8
330
1F
100
AcDbEntity
  8
FURN
100
AcDbCircle
 10
12126.74982365907
 20
22021.54965257657
 30
0.0
 40
50.32152640369757
100
AcDbArc
 50
180.0
 51
270.0
  0
LINE
  5
9D9
330
1F
100
AcDbEntity
  8
FURN
100
AcDbLine
 10
12076.42831949178
 20
22021.54965257657
 30
0.0
 11
12076.42831949178
 21
22267.36959505418
 31
0.0
  0
ARC
  5
9DA
330
1F
100
AcDbEntity
  8
FURN
100
AcDbCircle
 10
12126.74982365907
 20
22267.36959505418
 30
0.0
 40
50.32152640369757
100
AcDbArc
 50
90.0
 51
180.0
  0
LINE
  5
9DB
330
1F
100
AcDbEntity
  8
FURN
100
AcDbLine
 10
12126.74982366135
 20
22317.69109922531
 30
0.0
 11
12372.56981060423
 21
22317.69109922531
 31
0.0
  0
ARC
  5
9DC
330
1F
100
AcDbEntity
  8
FURN
100
AcDbCircle
 10
12372.56981060423
 20
22267.36959505418
 30
0.0
 40
50.32152640369757
100
AcDbArc
 50
0.0
 51
90.0
  0
LINE
  5
9DD
330
1F
100
AcDbEntity
  8
FURN
100
AcDbLine
 10
12422.89131477608
 20
22267.36959505418
 30
0.0
 11
12422.89131477608
 21
22021.54965257657
 31
0.0
  0
LINE
  5
9DE
330
1F
100
AcDbEntity
  8
FURN
100
AcDbLine
 10
12686.75322158135
 20
23336.62174466959
 30
0.0
 11
13226.75322158136
 21
23336.62174466959
 31
0.0
  0
LINE
  5
9DF
330
1F
100
AcDbEntity
  8
FURN
100
AcDbLine
 10
14647.79368992071
 20
19059.29939423939
 30
0.0
 11
14644.4591684298
 21
18666.08889266043
 31
0.0
  0
LINE
  5
9E0
330
1F
100
AcDbEntity
  8
FURN
100
AcDbLine
 10
14547.90684675936
 20
20107.74878530828
 30
0.0
 11
14531.3734294683
 21
18627.63941186004
 31
0.0
  0
LINE
  5
9E1
330
1F
100
AcDbEntity
  8
FURN
100
AcDbLine
 10
14530.0717193834
 20
18511.10734445604
 30
0.0
 11
14311.5321801114
 21
18990.14656653766
 31
0.0
  0
LINE
  5
9E2
330
1F
100
AcDbEntity
  8
FURN
100
AcDbLine
 10
12729.62406248172
 20
19060.01400128985
 30
0.0
 11
12732.66560483098
 21
18666.80112433172
 31
0.0
  0
LINE
  5
9E3
330
1F
100
AcDbEntity
  8
FURN
100
AcDbLine
 10
12846.93754652831
 20
18511.73438991104
 30
0.0
 11
13065.83395369419
 21
18990.61064683723
 31
0.0
  0
LINE
  5
9E4
330
1F
100
AcDbEntity
  8
FURN
100
AcDbLine
 10
12830.29206974861
 20
20108.38867638574
 30
0.0
 11
12845.72266398021
 21
18628.26739486239
 31
0.0
  0
ARC
  5
9E5
330
1F
100
AcDbEntity
  8
FURN
100
AcDbCircle
 10
13689.14223884299
 20
20222.90166795983
 30
0.0
 40
1381.646937786433
100
AcDbArc
 50
243.3540827827787
 51
296.6032265547826
  0
LINE
  5
9E6
330
1F
100
AcDbEntity
  8
FURN
100
AcDbLine
 10
13356.90339573624
 20
17930.57286329239
 30
0.0
 11
13700.38665150493
 21
17928.29989354926
 31
0.0
  0
ARC
  5
9E7
330
1F
100
AcDbEntity
  8
FURN
100
AcDbCircle
 10
13689.95829316675
 20
22413.37910189847
 30
0.0
 40
4352.560811777294
100
AcDbArc
 50
261.8863328297482
 51
278.0709765079554
  0
LINE
  5
9E8
330
1F
100
AcDbEntity
  8
FURN
100
AcDbLine
 10
14639.8514101597
 20
18122.736886839
 30
0.0
 11
14578.75605981498
 21
17674.4834009156
 31
0.0
  0
ARC
  5
9E9
330
1F
100
AcDbEntity
  8
FURN
100
AcDbCircle
 10
8294.528471689648
 20
17913.68703283129
 30
0.0
 40
6346.072774014903
100
AcDbArc
 50
355.0591597701433
 51
1.868850104928759
  0
LINE
  5
9EA
330
1F
100
AcDbEntity
  8
FURN
100
AcDbLine
 10
14615.45351637843
 20
17370.79178603942
 30
0.0
 11
14577.15219422774
 21
17359.32246655108
 31
0.0
  0
LINE
  5
9EB
330
1F
100
AcDbEntity
  8
FURN
100
AcDbLine
 10
14578.75605981498
 20
17674.4834009156
 30
0.0
 11
14589.76728412406
 21
17376.08101448027
 31
0.0
  0
LINE
  5
9EC
330
1F
100
AcDbEntity
  8
FURN
100
AcDbLine
 10
14461.15694852809
 20
17300.79407912109
 30
0.0
 11
14180.52403789709
 21
17255.66562816966
 31
0.0
  0
LINE
  5
9ED
330
1F
100
AcDbEntity
  8
FURN
100
AcDbLine
 10
14694.85163872401
 20
18683.22247941353
 30
0.0
 11
14694.66415218896
 21
18576.76982608741
 31
0.0
  0
LINE
  5
9EE
330
1F
100
AcDbEntity
  8
FURN
100
AcDbLine
 10
14492.3123657853
 20
18614.35853637656
 30
0.0
 11
14694.85163872401
 21
18683.22247941353
 31
0.0
  0
LINE
  5
9EF
330
1F
100
AcDbEntity
  8
FURN
100
AcDbLine
 10
14530.45280235043
 20
18545.22276425198
 30
0.0
 11
14528.57241083283
 21
18376.88580995171
 31
0.0
  0
LINE
  5
9F0
330
1F
100
AcDbEntity
  8
FURN
100
AcDbLine
 10
14694.66415218896
 20
18576.76982608741
 30
0.0
 11
14521.55393181503
 21
18543.51317950463
 31
0.0
  0
LINE
  5
9F1
330
1F
100
AcDbEntity
  8
FURN
100
AcDbLine
 10
14643.61855932063
 20
18566.96332686403
 30
0.0
 11
14639.8514101597
 21
18122.736886839
 31
0.0
  0
ARC
  5
9F2
330
1F
100
AcDbEntity
  8
FURN
100
AcDbCircle
 10
14228.89467854951
 20
18395.37782611316
 30
0.0
 40
300.2477275320905
100
AcDbArc
 50
283.9066790749522
 51
356.4689642593908
  0
LINE
  5
9F3
330
1F
100
AcDbEntity
  8
FURN
100
AcDbLine
 10
14019.67299260766
 20
17930.32595091301
 30
0.0
 11
13676.18813861074
 21
17928.30890861638
 31
0.0
  0
LINE
  5
9F4
330
1F
100
AcDbEntity
  8
FURN
100
AcDbLine
 10
12736.8685142895
 20
18123.44583612839
 30
0.0
 11
12797.62985734159
 21
17675.14695294137
 31
0.0
  0
ARC
  5
9F5
330
1F
100
AcDbEntity
  8
FURN
100
AcDbCircle
 10
19082.03392992614
 20
17909.66818728858
 30
0.0
 40
6346.072774014903
100
AcDbArc
 50
178.088459232419
 51
184.8981495673572
  0
LINE
  5
9F6
330
1F
100
AcDbEntity
  8
FURN
100
AcDbLine
 10
12760.70613260437
 20
17371.48276536592
 30
0.0
 11
12798.9988984188
 21
17359.9849110314
 31
0.0
  0
LINE
  5
9F7
330
1F
100
AcDbEntity
  8
FURN
100
AcDbLine
 10
12914.95050285477
 20
17301.37011265417
 30
0.0
 11
13195.54971071457
 21
17256.03257673807
 31
0.0
  0
LINE
  5
9F8
330
1F
100
AcDbEntity
  8
FURN
100
AcDbLine
 10
12797.62985734159
 20
17675.14695294137
 30
0.0
 11
12786.39629869343
 21
17376.75285371824
 31
0.0
  0
LINE
  5
9F9
330
1F
100
AcDbEntity
  8
FURN
100
AcDbLine
 10
12682.28591463268
 20
18683.97225338314
 30
0.0
 11
12682.39408403656
 21
18577.51948991149
 31
0.0
  0
LINE
  5
9FA
330
1F
100
AcDbEntity
  8
FURN
100
AcDbLine
 10
12884.77382133919
 20
18614.95741895781
 30
0.0
 11
12682.28591463268
 21
18683.97225338314
 31
0.0
  0
LINE
  5
9FB
330
1F
100
AcDbEntity
  8
FURN
100
AcDbLine
 10
12846.58188281224
 20
18545.85008417925
 30
0.0
 11
12848.33684719705
 21
18377.51177554049
 31
0.0
  0
ARC
  5
9FC
330
1F
100
AcDbEntity
  8
FURN
100
AcDbCircle
 10
13148.02827455889
 20
18395.78049892262
 30
0.0
 40
300.2477275320905
100
AcDbArc
 50
183.4883450780385
 51
256.0506302629093
  0
LINE
  5
9FD
330
1F
100
AcDbEntity
  8
FURN
100
AcDbLine
 10
12682.39408403656
 20
18577.51948991149
 30
0.0
 11
12855.47947707861
 21
18544.13386942429
 31
0.0
  0
LINE
  5
9FE
330
1F
100
AcDbEntity
  8
FURN
100
AcDbLine
 10
12733.43235598604
 20
18567.67495971916
 30
0.0
 11
12736.8685142895
 21
18123.44583612839
 31
0.0
  0
ARC
  5
9FF
330
1F
100
AcDbEntity
  8
FURN
100
AcDbCircle
 10
13688.96222798947
 20
19739.71114864291
 30
0.0
 40
2799.401725151419
100
AcDbArc
 50
253.9667776052211
 51
285.9905317322592
  0
LINE
  5
A00
330
1F
100
AcDbEntity
  8
FURN
100
AcDbLine
 10
13647.78420738928
 20
17056.17191851106
 30
0.0
 11
13682.98600294344
 21
16990.13349069129
 31
0.0
  0
LINE
  5
A01
330
1F
100
AcDbEntity
  8
FURN
100
AcDbLine
 10
13728.14075206647
 20
17056.14198197544
 30
0.0
 11
13692.88976154296
 21
16990.1298010824
 31
0.0
  0
ARC
  5
A02
330
1F
100
AcDbEntity
  8
FURN
100
AcDbCircle
 10
13688.73978056604
 20
19142.61111854736
 30
0.0
 40
2321.798402475362
100
AcDbArc
 50
251.4530329689118
 51
288.504276368282
  0
ARC
  5
A03
330
1F
100
AcDbEntity
  8
FURN
100
AcDbCircle
 10
14407.32202889715
 20
17055.26541538526
 30
0.0
 40
115.8698160989154
100
AcDbArc
 50
279.0868716679363
 51
348.6712035674855
  0
ARC
  5
A04
330
1F
100
AcDbEntity
  8
FURN
100
AcDbCircle
 10
12968.60246596352
 20
17055.80140507491
 30
0.0
 40
115.8698160989154
100
AcDbArc
 50
191.286105770141
 51
260.87043766995
  0
LINE
  5
A05
330
1F
100
AcDbEntity
  8
FURN
100
AcDbLine
 10
14460.13721951538
 20
17048.62602341425
 30
0.0
 11
14538.18085049113
 21
17087.49178023095
 31
0.0
  0
LINE
  5
A06
330
1F
100
AcDbEntity
  8
FURN
100
AcDbLine
 10
13685.54991108305
 20
17047.29552057043
 30
0.0
 11
13647.78420738928
 21
17056.17191851106
 31
0.0
  0
LINE
  5
A07
330
1F
100
AcDbEntity
  8
FURN
100
AcDbLine
 10
13690.36844511777
 20
17047.29372544327
 30
0.0
 11
13728.14075206647
 21
17056.14198197544
 31
0.0
  0
LINE
  5
A08
330
1F
100
AcDbEntity
  8
FURN
100
AcDbLine
 10
12915.7823430443
 20
17049.20136715204
 30
0.0
 11
12837.76769231794
 21
17088.12526290848
 31
0.0
  0
LINE
  5
A09
330
1F
100
AcDbEntity
  8
FURN
100
AcDbLine
 10
14589.76728412406
 20
17376.08101448027
 30
0.0
 11
14520.93424371275
 21
17032.50406816047
 31
0.0
  0
LINE
  5
A0A
330
1F
100
AcDbEntity
  8
FURN
100
AcDbLine
 10
12786.39629869343
 20
17376.75285371824
 30
0.0
 11
12854.97332337428
 21
17033.12471578331
 31
0.0
  0
LINE
  5
A0B
330
1F
100
AcDbEntity
  8
FURN
100
AcDbLine
 10
14180.52403789709
 20
17255.66562816966
 30
0.0
 11
14180.07707898335
 21
17001.88760466561
 31
0.0
  0
LINE
  5
A0C
330
1F
100
AcDbEntity
  8
FURN
100
AcDbLine
 10
13195.54971071457
 20
17256.03257673807
 30
0.0
 11
13195.80758138912
 21
17002.25429065232
 31
0.0
  0
LINE
  5
A0D
330
1F
100
AcDbEntity
  8
FURN
100
AcDbLine
 10
13303.32622265606
 20
16985.55252144916
 30
0.0
 11
13356.90339573624
 21
17930.57286329239
 31
0.0
  0
LINE
  5
A0E
330
1F
100
AcDbEntity
  8
FURN
100
AcDbLine
 10
14072.5460231978
 20
16985.26595143734
 30
0.0
 11
14019.67299260766
 21
17930.32595091301
 31
0.0
  0
LINE
  5
A0F
330
1F
100
AcDbEntity
  8
FURN
100
AcDbLine
 10
14483.26257347376
 20
18239.95363642394
 30
0.0
 11
14460.13721951538
 21
17048.62602341425
 31
0.0
  0
LINE
  5
A10
330
1F
100
AcDbEntity
  8
FURN
100
AcDbLine
 10
12893.54464483632
 20
18240.54588000022
 30
0.0
 11
12915.7823430443
 21
17049.20136715204
 31
0.0
  0
LINE
  5
A11
330
1F
100
AcDbEntity
  8
FURN
100
AcDbLine
 10
14612.53186622718
 20
20773.62161217329
 30
0.0
 11
14602.94659366078
 21
20392.92486811528
 31
0.0
  0
ARC
  5
A12
330
1F
100
AcDbEntity
  8
FURN
100
AcDbCircle
 10
12829.04767063881
 20
20308.3728396652
 30
0.0
 40
1843.169090516081
100
AcDbArc
 50
350.7841021549891
 51
14.62063413473315
  0
LINE
  5
A13
330
1F
100
AcDbEntity
  8
FURN
100
AcDbLine
 10
14470.38398088309
 20
20455.56181313581
 30
0.0
 11
14450.36424141131
 21
21034.43328334926
 31
0.0
  0
LINE
  5
A14
330
1F
100
AcDbEntity
  8
FURN
100
AcDbLine
 10
12766.16320510324
 20
20774.30947003743
 30
0.0
 11
12775.46482070045
 21
20393.60568973859
 31
0.0
  0
ARC
  5
A15
330
1F
100
AcDbEntity
  8
FURN
100
AcDbCircle
 10
14549.30025223426
 20
20307.73196588333
 30
0.0
 40
1843.169090516081
100
AcDbArc
 50
165.3366752027871
 51
189.1732071826352
  0
LINE
  5
A16
330
1F
100
AcDbEntity
  8
FURN
100
AcDbLine
 10
12908.07406700241
 20
20456.14384595684
 30
0.0
 11
12928.52511373799
 21
21035.00023892752
 31
0.0
  0
LINE
  5
A17
330
1F
100
AcDbEntity
  8
FURN
100
AcDbLine
 10
13329.27246401406
 20
21034.91055104521
 30
0.0
 11
13327.47373451472
 21
20224.71320911939
 31
0.0
  0
LINE
  5
A18
330
1F
100
AcDbEntity
  8
FURN
100
AcDbLine
 10
14049.62253813631
 20
21034.6421872705
 30
0.0
 11
14050.81759513138
 21
20224.44373002051
 31
0.0
  0
LINE
  5
A19
330
1F
100
AcDbEntity
  8
FURN
100
AcDbLine
 10
13327.47373451472
 20
20224.71320911939
 30
0.0
 11
13690.37090065747
 21
20211.44760014016
 31
0.0
  0
LINE
  5
A1A
330
1F
100
AcDbEntity
  8
FURN
100
AcDbLine
 10
13083.36035584836
 20
19805.01915718608
 30
0.0
 11
13692.74049693621
 21
19776.27205419538
 31
0.0
  0
LINE
  5
A1B
330
1F
100
AcDbEntity
  8
FURN
100
AcDbLine
 10
14641.61603270965
 20
20017.91152516743
 30
0.0
 11
14647.79368992071
 21
19059.29939423939
 31
0.0
  0
LINE
  5
A1C
330
1F
100
AcDbEntity
  8
FURN
100
AcDbLine
 10
14311.5321801114
 20
18990.14656653766
 30
0.0
 11
14335.26436900014
 21
19661.85980294121
 31
0.0
  0
LINE
  5
A1D
330
1F
100
AcDbEntity
  8
FURN
100
AcDbLine
 10
14602.94659366078
 20
20392.92486811528
 30
0.0
 11
14641.61603270965
 21
20017.91152516743
 31
0.0
  0
LINE
  5
A1E
330
1F
100
AcDbEntity
  8
FURN
100
AcDbLine
 10
14470.38398088309
 20
20455.56181313581
 30
0.0
 11
14547.90684675936
 21
20107.74878530828
 31
0.0
  0
LINE
  5
A1F
330
1F
100
AcDbEntity
  8
FURN
100
AcDbLine
 10
14294.61259253746
 20
19804.56790961347
 30
0.0
 11
13685.21120134993
 21
19776.2748592068
 31
0.0
  0
LINE
  5
A20
330
1F
100
AcDbEntity
  8
FURN
100
AcDbLine
 10
14050.81759513138
 20
20224.44373002051
 30
0.0
 11
13687.9106456157
 21
20211.44851669915
 31
0.0
  0
LINE
  5
A21
330
1F
100
AcDbEntity
  8
FURN
100
AcDbLine
 10
14470.38398088309
 20
20455.56181313581
 30
0.0
 11
14294.61259253746
 21
19804.56790961347
 31
0.0
  0
LINE
  5
A22
330
1F
100
AcDbEntity
  8
FURN
100
AcDbLine
 10
14335.26436900014
 20
19661.85980294121
 30
0.0
 11
14541.05366218739
 21
20087.30929686106
 31
0.0
  0
LINE
  5
A23
330
1F
100
AcDbEntity
  8
FURN
100
AcDbLine
 10
12736.51597273683
 20
20018.62126319854
 30
0.0
 11
12729.62406248172
 21
19060.01400128985
 31
0.0
  0
LINE
  5
A24
330
1F
100
AcDbEntity
  8
FURN
100
AcDbLine
 10
13065.83395369419
 20
18990.61064683723
 30
0.0
 11
13042.60225992249
 21
19662.34137946281
 31
0.0
  0
LINE
  5
A25
330
1F
100
AcDbEntity
  8
FURN
100
AcDbLine
 10
12908.07406700241
 20
20456.14384595684
 30
0.0
 11
12830.29206974861
 21
20108.38867638574
 31
0.0
  0
LINE
  5
A26
330
1F
100
AcDbEntity
  8
FURN
100
AcDbLine
 10
12775.46482070045
 20
20393.60568973859
 30
0.0
 11
12736.51597273683
 21
20018.62126319854
 31
0.0
  0
LINE
  5
A27
330
1F
100
AcDbEntity
  8
FURN
100
AcDbLine
 10
13042.60225992249
 20
19662.34137946281
 30
0.0
 11
12837.13002310764
 21
20087.94408735536
 31
0.0
  0
LINE
  5
A28
330
1F
100
AcDbEntity
  8
FURN
100
AcDbLine
 10
12908.07406700241
 20
20456.14384595684
 30
0.0
 11
13083.36035584836
 21
19805.01915718608
 31
0.0
  0
LINE
  5
A29
330
1F
100
AcDbEntity
  8
FURN
100
AcDbLine
 10
12847.70444110261
 20
21035.01832655201
 30
0.0
 11
13693.55923823959
 21
21034.82902468758
 31
0.0
  0
LINE
  5
A2A
330
1F
100
AcDbEntity
  8
FURN
100
AcDbLine
 10
12796.21913664584
 20
21127.78452622168
 30
0.0
 11
13694.49080601344
 21
21150.19761731137
 31
0.0
  0
LINE
  5
A2B
330
1F
100
AcDbEntity
  8
FURN
100
AcDbLine
 10
13691.20374540528
 20
21288.63545248443
 30
0.0
 11
12816.54383347971
 21
21252.61199574392
 31
0.0
  0
LINE
  5
A2C
330
1F
100
AcDbEntity
  8
FURN
100
AcDbLine
 10
14580.12379317698
 20
21130.79436373421
 30
0.0
 11
14531.18490508935
 21
21034.39115208752
 31
0.0
  0
LINE
  5
A2D
330
1F
100
AcDbEntity
  8
FURN
100
AcDbLine
 10
14562.50763148488
 20
21251.9615433428
 30
0.0
 11
14612.53186622718
 21
20773.62161217329
 31
0.0
  0
LINE
  5
A2E
330
1F
100
AcDbEntity
  8
FURN
100
AcDbLine
 10
13687.87480315803
 20
21288.63669266964
 30
0.0
 11
14562.50763148488
 21
21251.9615433428
 31
0.0
  0
LINE
  5
A2F
330
1F
100
AcDbEntity
  8
FURN
100
AcDbLine
 10
14582.73931465919
 20
21127.11896469013
 30
0.0
 11
13684.48459446242
 21
21150.20134508873
 31
0.0
  0
LINE
  5
A30
330
1F
100
AcDbEntity
  8
FURN
100
AcDbLine
 10
14531.18490508935
 20
21034.39115208752
 30
0.0
 11
13685.3302016986
 21
21034.83209038493
 31
0.0
  0
LINE
  5
A31
330
1F
100
AcDbEntity
  8
FURN
100
AcDbLine
 10
12798.83739591448
 20
21131.45797543997
 30
0.0
 11
12847.70444110261
 21
21035.01832655201
 31
0.0
  0
LINE
  5
A32
330
1F
100
AcDbEntity
  8
FURN
100
AcDbLine
 10
12816.54383347971
 20
21252.61199574392
 30
0.0
 11
12766.16320510324
 21
20774.30947003743
 31
0.0
  0
LINE
  5
A33
330
1F
100
AcDbEntity
  8
FURN
100
AcDbLine
 10
15054.11517342712
 20
25122.67088947934
 30
0.0
 11
14475.42834707492
 21
25122.67088947934
 31
0.0
  0
LINE
  5
A34
330
1F
100
AcDbEntity
  8
FURN
100
AcDbLine
 10
14475.42834707492
 20
25122.67088947934
 30
0.0
 11
14475.42834707492
 21
25723.83102064542
 31
0.0
  0
LINE
  5
A35
330
1F
100
AcDbEntity
  8
FURN
100
AcDbLine
 10
14475.42834707492
 20
25723.83102064542
 30
0.0
 11
15054.11517342712
 21
25723.83102064542
 31
0.0
  0
LINE
  5
A36
330
1F
100
AcDbEntity
  8
FURN
100
AcDbLine
 10
15054.11517342712
 20
25723.83102064542
 30
0.0
 11
15054.11517342712
 21
25122.67088947934
 31
0.0
  0
LINE
  5
A37
330
1F
100
AcDbEntity
  8
FURN
100
AcDbLine
 10
14476.75322158137
 20
25849.93040488428
 30
0.0
 11
15076.75322158137
 21
25849.93040488427
 31
0.0
  0
ARC
  5
A38
330
1F
100
AcDbEntity
  8
FURN
100
AcDbCircle
 10
14476.75322158137
 20
25839.93040488428
 30
0.0
 40
10.0
100
AcDbArc
 50
90.0
 51
270.0
  0
LINE
  5
A39
330
1F
100
AcDbEntity
  8
FURN
100
AcDbLine
 10
14476.75322158137
 20
25829.93040488428
 30
0.0
 11
15076.75322158137
 21
25829.93040488427
 31
0.0
  0
LINE
  5
A3A
330
1F
100
AcDbEntity
  8
FURN
100
AcDbLine
 10
12151.80925285717
 20
28463.27548561918
 30
0.0
 11
12151.80925285717
 21
29063.27548561918
 31
0.0
  0
ARC
  5
A3B
330
1F
100
AcDbEntity
  8
FURN
100
AcDbCircle
 10
12141.80925285717
 20
28463.27548561918
 30
0.0
 40
10.0
100
AcDbArc
 50
180.0
 51
0.0
  0
LINE
  5
A3C
330
1F
100
AcDbEntity
  8
FURN
100
AcDbLine
 10
12131.80925285717
 20
28463.27548561918
 30
0.0
 11
12131.80925285717
 21
29063.27548561918
 31
0.0
  0
LINE
  5
A3D
330
1F
100
AcDbEntity
  8
wall
100
AcDbLine
 10
9066.753221581342
 20
24463.27548561918
 30
0.0
 11
9296.753221581358
 21
24463.27548561918
 31
0.0
  0
LINE
  5
A3E
330
1F
100
AcDbEntity
  8
wall
100
AcDbLine
 10
9296.753221581358
 20
22383.27548561918
 30
0.0
 11
9066.753221581342
 21
22383.27548561918
 31
0.0
  0
LINE
  5
A3F
330
1F
100
AcDbEntity
  8
SILL
100
AcDbLine
 10
9296.753221581358
 20
24463.27548561918
 30
0.0
 11
9296.753221581358
 21
22383.27548561918
 31
0.0
  0
LINE
  5
A40
330
1F
100
AcDbEntity
  8
SILL
100
AcDbLine
 10
9066.753221581342
 20
24463.27548561918
 30
0.0
 11
9066.753221581342
 21
22383.27548561918
 31
0.0
  0
LINE
  5
A41
330
1F
100
AcDbEntity
  8
0
100
AcDbLine
 10
9181.753221581351
 20
24463.27548561918
 30
0.0
 11
9181.753221581351
 21
22383.27548561918
 31
0.0
  0
LINE
  5
A42
330
1F
100
AcDbEntity
  8
0
100
AcDbLine
 10
9171.753221581353
 20
24463.27548561918
 30
0.0
 11
9171.753221581353
 21
22383.27548561918
 31
0.0
  0
LINE
  5
A43
330
1F
100
AcDbEntity
  8
0
100
AcDbLine
 10
9191.753221581349
 20
24463.27548561918
 30
0.0
 11
9191.753221581349
 21
22383.27548561918
 31
0.0
  0
LINE
  5
A44
330
1F
100
AcDbEntity
  8
FURN
100
AcDbLine
 10
5896.753221581372
 20
18198.27548561918
 30
0.0
 11
6396.753221581372
 21
18198.27548561918
 31
0.0
  0
LINE
  5
A45
330
1F
100
AcDbEntity
  8
FURN
100
AcDbLine
 10
8616.753221581365
 20
18198.27548561918
 30
0.0
 11
9066.753221581365
 21
18198.27548561918
 31
0.0
  0
LINE
  5
A46
330
1F
100
AcDbEntity
  8
FURN
100
AcDbLine
 10
14840.51124711164
 20
26216.31814410301
 30
0.0
 11
14692.80187604925
 21
26216.31814410301
 31
0.0
  0
LINE
  5
A47
330
1F
100
AcDbEntity
  8
FURN
100
AcDbLine
 10
14840.51124711164
 20
26566.1561281988
 30
0.0
 11
14692.80187604925
 21
26566.1561281988
 31
0.0
  0
LINE
  5
A48
330
1F
100
AcDbEntity
  8
FURN
100
AcDbLine
 10
14988.22061817394
 20
26620.5753701689
 30
0.0
 11
14560.64085983553
 21
26620.5753701689
 31
0.0
  0
LINE
  5
A49
330
1F
100
AcDbEntity
  8
FURN
100
AcDbLine
 10
14918.25302135497
 20
26605.02701532011
 30
0.0
 11
14615.06010180579
 21
26605.02701532011
 31
0.0
  0
CIRCLE
  5
A4A
330
1F
100
AcDbEntity
  8
FURN
100
AcDbCircle
 10
14771.86105092683
 20
26335.77659048613
 30
0.0
 40
41.38545166426164
  0
LINE
  5
A4B
330
1F
100
AcDbEntity
  8
FURN
100
AcDbLine
 10
14560.64085983553
 20
25920.89940197865
 30
0.0
 11
14988.22061817394
 21
25920.89940197865
 31
0.0
  0
LINE
  5
A4C
330
1F
100
AcDbEntity
  8
FURN
100
AcDbLine
 10
14615.06010180579
 20
25936.44775682611
 30
0.0
 11
14918.25302135497
 21
25936.44775682611
 31
0.0
  0
LINE
  5
A4D
330
1F
100
AcDbEntity
  8
FURN
100
AcDbLine
 10
14626.72136794231
 20
26228.20845948389
 30
0.0
 11
14626.72136794231
 21
25959.77028909997
 31
0.0
  0
LINE
  5
A4E
330
1F
100
AcDbEntity
  8
FURN
100
AcDbLine
 10
14560.64085983553
 20
26620.5753701689
 30
0.0
 11
14560.64085983553
 21
25920.89940197865
 31
0.0
  0
LINE
  5
A4F
330
1F
100
AcDbEntity
  8
FURN
100
AcDbLine
 10
14576.18921468415
 20
26566.1561281988
 30
0.0
 11
14576.18921468415
 21
25975.31864394876
 31
0.0
  0
LINE
  5
A50
330
1F
100
AcDbEntity
  8
FURN
100
AcDbLine
 10
14650.04390021537
 20
26211.14548239802
 30
0.0
 11
14650.04390021537
 21
25959.77028909997
 31
0.0
  0
LINE
  5
A51
330
1F
100
AcDbEntity
  8
FURN
100
AcDbLine
 10
14673.36643248834
 20
26202.81677219491
 30
0.0
 11
14673.36643248834
 21
25959.77028909997
 31
0.0
  0
LINE
  5
A52
330
1F
100
AcDbEntity
  8
FURN
100
AcDbLine
 10
14696.68896476136
 20
26200.76978925555
 30
0.0
 11
14696.68896476136
 21
25959.77028909997
 31
0.0
  0
LINE
  5
A53
330
1F
100
AcDbEntity
  8
FURN
100
AcDbLine
 10
14720.01149703438
 20
26200.76978925555
 30
0.0
 11
14720.01149703438
 21
25959.77028909997
 31
0.0
  0
LINE
  5
A54
330
1F
100
AcDbEntity
  8
FURN
100
AcDbLine
 10
14615.06010180579
 20
26488.41435395618
 30
0.0
 11
14615.06010180579
 21
26294.05991834696
 31
0.0
  0
ARC
  5
A55
330
1F
100
AcDbEntity
  8
FURN
100
AcDbCircle
 10
14615.06010180579
 20
26566.1561281988
 30
0.0
 40
38.8708871216782
100
AcDbArc
 50
90.0
 51
180.0
  0
ARC
  5
A56
330
1F
100
AcDbEntity
  8
FURN
100
AcDbCircle
 10
14692.80187604925
 20
26488.41435395618
 30
0.0
 40
77.7417742433564
100
AcDbArc
 50
90.0
 51
180.0
  0
ARC
  5
A57
330
1F
100
AcDbEntity
  8
FURN
100
AcDbCircle
 10
14692.80187604925
 20
26294.05991834696
 30
0.0
 40
77.7417742433564
100
AcDbArc
 50
180.0
 51
270.0
  0
ARC
  5
A58
330
1F
100
AcDbEntity
  8
FURN
100
AcDbCircle
 10
14615.06010180579
 20
25975.31864394876
 30
0.0
 40
38.8708871216782
100
AcDbArc
 50
180.0
 51
270.0
  0
LINE
  5
A59
330
1F
100
AcDbEntity
  8
FURN
100
AcDbLine
 10
14906.59175521841
 20
26228.20845948389
 30
0.0
 11
14906.59175521841
 21
25959.77028909997
 31
0.0
  0
LINE
  5
A5A
330
1F
100
AcDbEntity
  8
FURN
100
AcDbLine
 10
14883.26922294535
 20
26211.14548239802
 30
0.0
 11
14883.26922294535
 21
25959.77028909997
 31
0.0
  0
LINE
  5
A5B
330
1F
100
AcDbEntity
  8
FURN
100
AcDbLine
 10
14859.94669067246
 20
26202.81677219491
 30
0.0
 11
14859.94669067246
 21
25959.77028909997
 31
0.0
  0
LINE
  5
A5C
330
1F
100
AcDbEntity
  8
FURN
100
AcDbLine
 10
14836.6241583994
 20
26200.76978925555
 30
0.0
 11
14836.6241583994
 21
25959.77028909997
 31
0.0
  0
LINE
  5
A5D
330
1F
100
AcDbEntity
  8
FURN
100
AcDbLine
 10
14813.30162612642
 20
26200.76978925555
 30
0.0
 11
14813.30162612642
 21
25959.77028909997
 31
0.0
  0
LINE
  5
A5E
330
1F
100
AcDbEntity
  8
FURN
100
AcDbLine
 10
14789.9790938534
 20
26200.76978925555
 30
0.0
 11
14789.9790938534
 21
25959.77028909997
 31
0.0
  0
LINE
  5
A5F
330
1F
100
AcDbEntity
  8
FURN
100
AcDbLine
 10
14743.33402930736
 20
26200.76978925555
 30
0.0
 11
14743.33402930736
 21
25959.77028909997
 31
0.0
  0
LINE
  5
A60
330
1F
100
AcDbEntity
  8
FURN
100
AcDbLine
 10
14766.65656158042
 20
26200.76978925555
 30
0.0
 11
14766.65656158042
 21
25959.77028909997
 31
0.0
  0
LINE
  5
A61
330
1F
100
AcDbEntity
  8
FURN
100
AcDbLine
 10
14988.22061817394
 20
25920.89940197865
 30
0.0
 11
14988.22061817394
 21
26620.5753701689
 31
0.0
  0
LINE
  5
A62
330
1F
100
AcDbEntity
  8
FURN
100
AcDbLine
 10
14957.12390847657
 20
25975.31864394876
 30
0.0
 11
14957.12390847657
 21
26566.1561281988
 31
0.0
  0
LINE
  5
A63
330
1F
100
AcDbEntity
  8
FURN
100
AcDbLine
 10
14972.67226332524
 20
25920.89940197865
 30
0.0
 11
14972.67226332524
 21
26620.5753701689
 31
0.0
  0
LINE
  5
A64
330
1F
100
AcDbEntity
  8
FURN
100
AcDbLine
 10
14918.25302135497
 20
26294.05991834696
 30
0.0
 11
14918.25302135497
 21
26488.41435395618
 31
0.0
  0
ARC
  5
A65
330
1F
100
AcDbEntity
  8
FURN
100
AcDbCircle
 10
14918.25302135497
 20
26566.1561281988
 30
0.0
 40
38.8708871216782
100
AcDbArc
 50
0.0
 51
90.0
  0
ARC
  5
A66
330
1F
100
AcDbEntity
  8
FURN
100
AcDbCircle
 10
14840.51124711164
 20
26488.41435395618
 30
0.0
 40
77.7417742433564
100
AcDbArc
 50
0.0
 51
90.0
  0
ARC
  5
A67
330
1F
100
AcDbEntity
  8
FURN
100
AcDbCircle
 10
14840.51124711164
 20
26294.05991834696
 30
0.0
 40
77.7417742433564
100
AcDbArc
 50
270.0
 51
0.0
  0
ARC
  5
A68
330
1F
100
AcDbEntity
  8
FURN
100
AcDbCircle
 10
14918.25302135497
 20
25975.31864394876
 30
0.0
 40
38.8708871216782
100
AcDbArc
 50
270.0
 51
0.0
  0
LINE
  5
A69
330
1F
100
AcDbEntity
  8
FURN
100
AcDbLine
 10
13544.70376353426
 20
28571.75420327821
 30
0.0
 11
13544.70376353426
 21
28997.20874873297
 31
0.0
  0
LINE
  5
A6A
330
1F
100
AcDbEntity
  8
FURN
100
AcDbLine
 10
13522.8855817159
 20
28593.57238509638
 30
0.0
 11
13522.8855817159
 21
28975.39056691474
 31
0.0
  0
LINE
  5
A6B
330
1F
100
AcDbEntity
  8
FURN
100
AcDbLine
 10
12977.43103626271
 20
28571.75420327821
 30
0.0
 11
12977.43103626271
 21
28997.20874873297
 31
0.0
  0
LINE
  5
A6C
330
1F
100
AcDbEntity
  8
FURN
100
AcDbLine
 10
12999.2492180792
 20
28593.57238509638
 30
0.0
 11
12999.2492180792
 21
28975.39056691474
 31
0.0
  0
LINE
  5
A6D
330
1F
100
AcDbEntity
  8
FURN
100
AcDbLine
 10
12999.2492180792
 20
28593.57238509638
 30
0.0
 11
13522.8855817159
 21
28593.57238509638
 31
0.0
  0
LINE
  5
A6E
330
1F
100
AcDbEntity
  8
FURN
100
AcDbLine
 10
12977.43103626271
 20
28571.75420327821
 30
0.0
 11
13544.70376353426
 21
28571.75420327821
 31
0.0
  0
LINE
  5
A6F
330
1F
100
AcDbEntity
  8
FURN
100
AcDbLine
 10
13233.79467262415
 20
28888.11783964191
 30
0.0
 11
13288.34012717096
 21
28888.11783964191
 31
0.0
  0
LINE
  5
A70
330
1F
100
AcDbEntity
  8
FURN
100
AcDbLine
 10
13233.79467262415
 20
28680.84511236915
 30
0.0
 11
13288.34012717096
 21
28680.84511236915
 31
0.0
  0
LINE
  5
A71
330
1F
100
AcDbEntity
  8
FURN
100
AcDbLine
 10
12999.2492180792
 20
28975.39056691474
 30
0.0
 11
13522.8855817159
 21
28975.39056691474
 31
0.0
  0
LINE
  5
A72
330
1F
100
AcDbEntity
  8
FURN
100
AcDbLine
 10
12977.43103626271
 20
28997.20874873297
 30
0.0
 11
13544.70376353426
 21
28997.20874873297
 31
0.0
  0
LINE
  5
A73
330
1F
100
AcDbEntity
  8
FURN
100
AcDbLine
 10
13229.82867627119
 20
28797.54512588057
 30
0.0
 11
13169.82867627305
 21
28797.54512588057
 31
0.0
  0
LINE
  5
A74
330
1F
100
AcDbEntity
  8
FURN
100
AcDbLine
 10
13229.82867627119
 20
28775.72694406238
 30
0.0
 11
13169.82867627305
 21
28775.72694406238
 31
0.0
  0
LINE
  5
A75
330
1F
100
AcDbEntity
  8
FURN
100
AcDbLine
 10
13120.7377671813
 20
28904.45421678967
 30
0.0
 11
13120.7377671813
 21
28844.45421678967
 31
0.0
  0
LINE
  5
A76
330
1F
100
AcDbEntity
  8
FURN
100
AcDbLine
 10
13098.91958536295
 20
28904.45421678967
 30
0.0
 11
13098.91958536295
 21
28844.45421678967
 31
0.0
  0
LINE
  5
A77
330
1F
100
AcDbEntity
  8
FURN
100
AcDbLine
 10
13098.91958536295
 20
28904.45421678967
 30
0.0
 11
13120.7377671813
 21
28904.45421678967
 31
0.0
  0
LINE
  5
A78
330
1F
100
AcDbEntity
  8
FURN
100
AcDbLine
 10
13098.91958536295
 20
28844.45421678967
 30
0.0
 11
13120.7377671813
 21
28844.45421678967
 31
0.0
  0
LINE
  5
A79
330
1F
100
AcDbEntity
  8
FURN
100
AcDbLine
 10
13169.82867627305
 20
28797.54512588057
 30
0.0
 11
13169.82867627305
 21
28775.72694406238
 31
0.0
  0
LINE
  5
A7A
330
1F
100
AcDbEntity
  8
FURN
100
AcDbLine
 10
13229.82867627119
 20
28797.54512588057
 30
0.0
 11
13229.82867627119
 21
28775.72694406238
 31
0.0
  0
LINE
  5
A7B
330
1F
100
AcDbEntity
  8
FURN
100
AcDbLine
 10
13052.0104944547
 20
28773.54512588061
 30
0.0
 11
13052.0104944547
 21
28795.36330769879
 31
0.0
  0
LINE
  5
A7C
330
1F
100
AcDbEntity
  8
FURN
100
AcDbLine
 10
12992.0104944547
 20
28773.54512588061
 30
0.0
 11
12992.0104944547
 21
28795.36330769879
 31
0.0
  0
LINE
  5
A7D
330
1F
100
AcDbEntity
  8
FURN
100
AcDbLine
 10
12992.0104944547
 20
28773.54512588061
 30
0.0
 11
13052.0104944547
 21
28773.54512588061
 31
0.0
  0
LINE
  5
A7E
330
1F
100
AcDbEntity
  8
FURN
100
AcDbLine
 10
12992.0104944547
 20
28795.36330769879
 30
0.0
 11
13052.0104944547
 21
28795.36330769879
 31
0.0
  0
LINE
  5
A7F
330
1F
100
AcDbEntity
  8
FURN
100
AcDbLine
 10
13122.91958536481
 20
28666.63603497143
 30
0.0
 11
13122.91958536481
 21
28726.6360349715
 31
0.0
  0
LINE
  5
A80
330
1F
100
AcDbEntity
  8
FURN
100
AcDbLine
 10
13101.10140354646
 20
28666.63603497143
 30
0.0
 11
13101.10140354646
 21
28726.6360349715
 31
0.0
  0
LINE
  5
A81
330
1F
100
AcDbEntity
  8
FURN
100
AcDbLine
 10
13122.91958536481
 20
28666.63603497143
 30
0.0
 11
13101.10140354646
 21
28666.63603497143
 31
0.0
  0
LINE
  5
A82
330
1F
100
AcDbEntity
  8
FURN
100
AcDbLine
 10
13122.91958536481
 20
28726.6360349715
 30
0.0
 11
13101.10140354646
 21
28726.6360349715
 31
0.0
  0
CIRCLE
  5
A83
330
1F
100
AcDbEntity
  8
FURN
100
AcDbCircle
 10
13114.35854863649
 20
28784.53854924392
 30
0.0
 40
103.6363636363753
  0
CIRCLE
  5
A84
330
1F
100
AcDbEntity
  8
FURN
100
AcDbCircle
 10
13114.35854863649
 20
28784.53854924392
 30
0.0
 40
81.81818181819105
  0
LINE
  5
A85
330
1F
100
AcDbEntity
  8
FURN
100
AcDbLine
 10
13233.79467262415
 20
28888.11783964191
 30
0.0
 11
13233.79467262415
 21
28680.84511236915
 31
0.0
  0
LINE
  5
A86
330
1F
100
AcDbEntity
  8
FURN
100
AcDbLine
 10
13530.12430533854
 20
28773.54512588061
 30
0.0
 11
13530.12430533854
 21
28795.36330769879
 31
0.0
  0
LINE
  5
A87
330
1F
100
AcDbEntity
  8
FURN
100
AcDbLine
 10
13423.21521443216
 20
28844.45421678967
 30
0.0
 11
13401.39703261381
 21
28844.45421678967
 31
0.0
  0
LINE
  5
A88
330
1F
100
AcDbEntity
  8
FURN
100
AcDbLine
 10
13423.21521443216
 20
28904.45421678967
 30
0.0
 11
13401.39703261381
 21
28904.45421678967
 31
0.0
  0
LINE
  5
A89
330
1F
100
AcDbEntity
  8
FURN
100
AcDbLine
 10
13352.30612352205
 20
28797.54512588057
 30
0.0
 11
13352.30612352205
 21
28775.72694406238
 31
0.0
  0
LINE
  5
A8A
330
1F
100
AcDbEntity
  8
FURN
100
AcDbLine
 10
13401.39703261381
 20
28904.45421678967
 30
0.0
 11
13401.39703261381
 21
28844.45421678967
 31
0.0
  0
LINE
  5
A8B
330
1F
100
AcDbEntity
  8
FURN
100
AcDbLine
 10
13292.30612352205
 20
28775.72694406238
 30
0.0
 11
13352.30612352205
 21
28775.72694406238
 31
0.0
  0
LINE
  5
A8C
330
1F
100
AcDbEntity
  8
FURN
100
AcDbLine
 10
13292.30612352205
 20
28797.54512588057
 30
0.0
 11
13352.30612352205
 21
28797.54512588057
 31
0.0
  0
LINE
  5
A8D
330
1F
100
AcDbEntity
  8
FURN
100
AcDbLine
 10
13292.30612352205
 20
28797.54512588057
 30
0.0
 11
13292.30612352205
 21
28775.72694406238
 31
0.0
  0
LINE
  5
A8E
330
1F
100
AcDbEntity
  8
FURN
100
AcDbLine
 10
13470.12430534226
 20
28773.54512588061
 30
0.0
 11
13470.12430534226
 21
28795.36330769879
 31
0.0
  0
LINE
  5
A8F
330
1F
100
AcDbEntity
  8
FURN
100
AcDbLine
 10
13423.21521443216
 20
28904.45421678967
 30
0.0
 11
13423.21521443216
 21
28844.45421678967
 31
0.0
  0
LINE
  5
A90
330
1F
100
AcDbEntity
  8
FURN
100
AcDbLine
 10
13421.03339624864
 20
28666.63603497143
 30
0.0
 11
13421.03339624864
 21
28726.6360349715
 31
0.0
  0
LINE
  5
A91
330
1F
100
AcDbEntity
  8
FURN
100
AcDbLine
 10
13399.21521443216
 20
28666.63603497143
 30
0.0
 11
13399.21521443216
 21
28726.6360349715
 31
0.0
  0
LINE
  5
A92
330
1F
100
AcDbEntity
  8
FURN
100
AcDbLine
 10
13399.21521443216
 20
28666.63603497143
 30
0.0
 11
13421.03339624864
 21
28666.63603497143
 31
0.0
  0
LINE
  5
A93
330
1F
100
AcDbEntity
  8
FURN
100
AcDbLine
 10
13399.21521443216
 20
28726.6360349715
 30
0.0
 11
13421.03339624864
 21
28726.6360349715
 31
0.0
  0
LINE
  5
A94
330
1F
100
AcDbEntity
  8
FURN
100
AcDbLine
 10
13288.34012717096
 20
28888.11783964191
 30
0.0
 11
13288.34012717096
 21
28680.84511236915
 31
0.0
  0
CIRCLE
  5
A95
330
1F
100
AcDbEntity
  8
FURN
100
AcDbCircle
 10
13407.77625115675
 20
28784.53854924392
 30
0.0
 40
81.81818181819105
  0
CIRCLE
  5
A96
330
1F
100
AcDbEntity
  8
FURN
100
AcDbCircle
 10
13407.77625115675
 20
28784.53854924392
 30
0.0
 40
103.6363636363753
  0
LINE
  5
A97
330
1F
100
AcDbEntity
  8
FURN
100
AcDbLine
 10
13530.12430533854
 20
28795.36330769879
 30
0.0
 11
13470.12430534226
 21
28795.36330769879
 31
0.0
  0
LINE
  5
A98
330
1F
100
AcDbEntity
  8
FURN
100
AcDbLine
 10
13530.12430533854
 20
28773.54512588061
 30
0.0
 11
13470.12430534226
 21
28773.54512588061
 31
0.0
  0
LINE
  5
A99
330
1F
100
AcDbEntity
  8
FURN
 48
6.0
100
AcDbLine
 10
7985.632361991855
 20
28120.73255137496
 30
0.0
 11
7985.632361991855
 21
27799.30397994586
 31
0.0
  0
ARC
  5
A9A
330
1F
100
AcDbEntity
  8
FURN
 48
6.0
100
AcDbCircle
 10
7921.346647706407
 20
28120.73255137496
 30
0.0
 40
64.28571428566637
100
AcDbArc
 50
0.0
 51
90.0
  0
LINE
  5
A9B
330
1F
100
AcDbEntity
  8
FURN
 48
6.0
100
AcDbLine
 10
7664.203790563681
 20
28185.01826566227
 30
0.0
 11
7921.346647706407
 21
28185.01826566227
 31
0.0
  0
ARC
  5
A9C
330
1F
100
AcDbEntity
  8
FURN
 48
6.0
100
AcDbCircle
 10
7664.203790563681
 20
28120.73255137496
 30
0.0
 40
64.28571428566637
100
AcDbArc
 50
90.0
 51
180.0
  0
LINE
  5
A9D
330
1F
100
AcDbEntity
  8
FURN
 48
6.0
100
AcDbLine
 10
7985.632361991855
 20
26577.87540851675
 30
0.0
 11
7985.632361991855
 21
26899.30397994586
 31
0.0
  0
LINE
  5
A9E
330
1F
100
AcDbEntity
  8
FURN
 48
6.0
100
AcDbLine
 10
8417.363900633121
 20
27542.16112280406
 30
0.0
 11
8095.935329204017
 21
27542.16112280406
 31
0.0
  0
ARC
  5
A9F
330
1F
100
AcDbEntity
  8
FURN
 48
6.0
100
AcDbCircle
 10
8417.363900633121
 20
27477.87540852048
 30
0.0
 40
64.28571428566637
100
AcDbArc
 50
0.0
 51
90.0
  0
LINE
  5
AA0
330
1F
100
AcDbEntity
  8
FURN
 48
6.0
100
AcDbLine
 10
8481.649614917641
 20
27220.73255137869
 30
0.0
 11
8481.649614917641
 21
27477.87540852048
 31
0.0
  0
ARC
  5
AA1
330
1F
100
AcDbEntity
  8
FURN
 48
6.0
100
AcDbCircle
 10
8417.363900633121
 20
27220.73255137869
 30
0.0
 40
64.28571428566637
100
AcDbArc
 50
270.0
 51
0.0
  0
LINE
  5
AA2
330
1F
100
AcDbEntity
  8
FURN
 48
6.0
100
AcDbLine
 10
8095.935329204017
 20
27156.44683709137
 30
0.0
 11
8417.363900633121
 21
27156.44683709137
 31
0.0
  0
LINE
  5
AA3
330
1F
100
AcDbEntity
  8
FURN
 48
6.0
100
AcDbLine
 10
8095.935329204017
 20
27542.16112280406
 30
0.0
 11
8095.935329204017
 21
27156.44683709137
 31
0.0
  0
LINE
  5
AA4
330
1F
100
AcDbEntity
  8
FURN
 48
6.0
100
AcDbLine
 10
7985.632361991855
 20
27799.30397994586
 30
0.0
 11
7599.918076279165
 21
27799.30397994586
 31
0.0
  0
LINE
  5
AA5
330
1F
100
AcDbEntity
  8
FURN
 48
6.0
100
AcDbLine
 10
8031.649614918569
 20
27799.30397994586
 30
0.0
 11
6617.363900634052
 21
27799.30397994586
 31
0.0
  0
ARC
  5
AA6
330
1F
100
AcDbEntity
  8
FURN
 48
6.0
100
AcDbCircle
 10
8031.649614918569
 20
27735.01826566227
 30
0.0
 40
64.28571428566637
100
AcDbArc
 50
0.0
 51
90.0
  0
LINE
  5
AA7
330
1F
100
AcDbEntity
  8
FURN
 48
6.0
100
AcDbLine
 10
8095.935329204017
 20
26963.58969423317
 30
0.0
 11
8095.935329204017
 21
27735.01826566227
 31
0.0
  0
ARC
  5
AA8
330
1F
100
AcDbEntity
  8
FURN
 48
6.0
100
AcDbCircle
 10
8031.649614918569
 20
26963.58969423317
 30
0.0
 40
64.28571428566637
100
AcDbArc
 50
270.0
 51
0.0
  0
LINE
  5
AA9
330
1F
100
AcDbEntity
  8
FURN
 48
6.0
100
AcDbLine
 10
6617.363900634052
 20
26899.30397994586
 30
0.0
 11
8031.649614918569
 21
26899.30397994586
 31
0.0
  0
LINE
  5
AAA
330
1F
100
AcDbEntity
  8
FURN
 48
6.0
100
AcDbLine
 10
7985.632361991855
 20
26899.30397994586
 30
0.0
 11
7599.918076279165
 21
26899.30397994586
 31
0.0
  0
ARC
  5
AAB
330
1F
100
AcDbEntity
  8
FURN
 48
6.0
100
AcDbCircle
 10
7921.346647706407
 20
26577.87540851675
 30
0.0
 40
64.28571428566637
100
AcDbArc
 50
270.0
 51
0.0
  0
LINE
  5
AAC
330
1F
100
AcDbEntity
  8
FURN
 48
6.0
100
AcDbLine
 10
7664.203790563681
 20
26513.58969423317
 30
0.0
 11
7921.346647706407
 21
26513.58969423317
 31
0.0
  0
ARC
  5
AAD
330
1F
100
AcDbEntity
  8
FURN
 48
6.0
100
AcDbCircle
 10
7664.203790563681
 20
26577.87540851675
 30
0.0
 40
64.28571428566637
100
AcDbArc
 50
180.0
 51
270.0
  0
LINE
  5
AAE
330
1F
100
AcDbEntity
  8
FURN
 48
6.0
100
AcDbLine
 10
7512.634297715091
 20
26577.87540851675
 30
0.0
 11
7512.634297715091
 21
26899.30397994586
 31
0.0
  0
LINE
  5
AAF
330
1F
100
AcDbEntity
  8
FURN
 48
6.0
100
AcDbLine
 10
7126.920012000541
 20
26899.30397994586
 30
0.0
 11
7126.920012000541
 21
26577.87540851675
 31
0.0
  0
LINE
  5
AB0
330
1F
100
AcDbEntity
  8
FURN
 48
6.0
100
AcDbLine
 10
7039.635614217783
 20
26577.87540851675
 30
0.0
 11
7039.635614217783
 21
26899.30397994586
 31
0.0
  0
LINE
  5
AB1
330
1F
100
AcDbEntity
  8
FURN
 48
6.0
100
AcDbLine
 10
6653.921328503233
 20
26899.30397994586
 30
0.0
 11
6653.921328503233
 21
26577.87540851675
 31
0.0
  0
LINE
  5
AB2
330
1F
100
AcDbEntity
  8
FURN
 48
6.0
100
AcDbLine
 10
7599.918076279165
 20
26899.30397994586
 30
0.0
 11
7599.918076279165
 21
26577.87540851675
 31
0.0
  0
ARC
  5
AB3
330
1F
100
AcDbEntity
  8
FURN
 48
6.0
100
AcDbCircle
 10
7448.348583429645
 20
26577.87540851675
 30
0.0
 40
64.28571428566637
100
AcDbArc
 50
270.0
 51
0.0
  0
LINE
  5
AB4
330
1F
100
AcDbEntity
  8
FURN
 48
6.0
100
AcDbLine
 10
7191.20572628692
 20
26513.58969423317
 30
0.0
 11
7448.348583429645
 21
26513.58969423317
 31
0.0
  0
ARC
  5
AB5
330
1F
100
AcDbEntity
  8
FURN
 48
6.0
100
AcDbCircle
 10
7191.20572628692
 20
26577.87540851675
 30
0.0
 40
64.28571428566637
100
AcDbArc
 50
180.0
 51
270.0
  0
ARC
  5
AB6
330
1F
100
AcDbEntity
  8
FURN
 48
6.0
100
AcDbCircle
 10
6975.349899932337
 20
26577.87540851675
 30
0.0
 40
64.28571428566637
100
AcDbArc
 50
270.0
 51
0.0
  0
LINE
  5
AB7
330
1F
100
AcDbEntity
  8
FURN
 48
6.0
100
AcDbLine
 10
6718.207042789611
 20
26513.58969423317
 30
0.0
 11
6975.349899932337
 21
26513.58969423317
 31
0.0
  0
ARC
  5
AB8
330
1F
100
AcDbEntity
  8
FURN
 48
6.0
100
AcDbCircle
 10
6718.207042789611
 20
26577.87540851675
 30
0.0
 40
64.28571428566637
100
AcDbArc
 50
180.0
 51
270.0
  0
LINE
  5
AB9
330
1F
100
AcDbEntity
  8
FURN
 48
6.0
100
AcDbLine
 10
6653.921328503233
 20
27799.30397994586
 30
0.0
 11
6653.921328503233
 21
28120.73255137496
 31
0.0
  0
LINE
  5
ABA
330
1F
100
AcDbEntity
  8
FURN
 48
6.0
100
AcDbLine
 10
7039.635614217783
 20
27799.30397994586
 30
0.0
 11
6653.921328503233
 21
27799.30397994586
 31
0.0
  0
ARC
  5
ABB
330
1F
100
AcDbEntity
  8
FURN
 48
6.0
100
AcDbCircle
 10
6617.363900634052
 20
27735.01826566227
 30
0.0
 40
64.28571428566637
100
AcDbArc
 50
90.0
 51
180.0
  0
ARC
  5
ABC
330
1F
100
AcDbEntity
  8
FURN
 48
6.0
100
AcDbCircle
 10
6617.363900634052
 20
26963.58969423317
 30
0.0
 40
64.28571428566637
100
AcDbArc
 50
180.0
 51
270.0
  0
LINE
  5
ABD
330
1F
100
AcDbEntity
  8
FURN
 48
6.0
100
AcDbLine
 10
6553.078186349536
 20
27735.01826566227
 30
0.0
 11
6553.078186349536
 21
26963.58969423317
 31
0.0
  0
LINE
  5
ABE
330
1F
100
AcDbEntity
  8
FURN
 48
6.0
100
AcDbLine
 10
7039.635614217783
 20
26899.30397994586
 30
0.0
 11
6653.921328503233
 21
26899.30397994586
 31
0.0
  0
LINE
  5
ABF
330
1F
100
AcDbEntity
  8
FURN
 48
6.0
100
AcDbLine
 10
6231.649614919501
 20
27542.16112280406
 30
0.0
 11
6553.078186349536
 21
27542.16112280406
 31
0.0
  0
ARC
  5
AC0
330
1F
100
AcDbEntity
  8
FURN
 48
6.0
100
AcDbCircle
 10
6231.649614919501
 20
27477.87540852048
 30
0.0
 40
64.28571428566637
100
AcDbArc
 50
90.0
 51
180.0
  0
LINE
  5
AC1
330
1F
100
AcDbEntity
  8
FURN
 48
6.0
100
AcDbLine
 10
6167.363900634985
 20
27220.73255137869
 30
0.0
 11
6167.363900634985
 21
27477.87540852048
 31
0.0
  0
ARC
  5
AC2
330
1F
100
AcDbEntity
  8
FURN
 48
6.0
100
AcDbCircle
 10
6231.649614919501
 20
27220.73255137869
 30
0.0
 40
64.28571428566637
100
AcDbArc
 50
180.0
 51
270.0
  0
LINE
  5
AC3
330
1F
100
AcDbEntity
  8
FURN
 48
6.0
100
AcDbLine
 10
6553.078186349536
 20
27156.44683709137
 30
0.0
 11
6231.649614919501
 21
27156.44683709137
 31
0.0
  0
LINE
  5
AC4
330
1F
100
AcDbEntity
  8
FURN
 48
6.0
100
AcDbLine
 10
6553.078186349536
 20
27542.16112280406
 30
0.0
 11
6553.078186349536
 21
27156.44683709137
 31
0.0
  0
LINE
  5
AC5
330
1F
100
AcDbEntity
  8
FURN
 48
6.0
100
AcDbLine
 10
7039.635614217783
 20
28120.73255137496
 30
0.0
 11
7039.635614217783
 21
27799.30397994586
 31
0.0
  0
LINE
  5
AC6
330
1F
100
AcDbEntity
  8
FURN
 48
6.0
100
AcDbLine
 10
7599.918076279165
 20
27799.30397994586
 30
0.0
 11
7599.918076279165
 21
28120.73255137496
 31
0.0
  0
LINE
  5
AC7
330
1F
100
AcDbEntity
  8
FURN
 48
6.0
100
AcDbLine
 10
7512.634297715091
 20
28120.73255137496
 30
0.0
 11
7512.634297715091
 21
27799.30397994586
 31
0.0
  0
LINE
  5
AC8
330
1F
100
AcDbEntity
  8
FURN
 48
6.0
100
AcDbLine
 10
7126.920012000541
 20
27799.30397994586
 30
0.0
 11
7126.920012000541
 21
28120.73255137496
 31
0.0
  0
ARC
  5
AC9
330
1F
100
AcDbEntity
  8
FURN
 48
6.0
100
AcDbCircle
 10
6975.349899932337
 20
28120.73255137496
 30
0.0
 40
64.28571428566637
100
AcDbArc
 50
0.0
 51
90.0
  0
LINE
  5
ACA
330
1F
100
AcDbEntity
  8
FURN
 48
6.0
100
AcDbLine
 10
6718.207042789611
 20
28185.01826566227
 30
0.0
 11
6975.349899932337
 21
28185.01826566227
 31
0.0
  0
ARC
  5
ACB
330
1F
100
AcDbEntity
  8
FURN
 48
6.0
100
AcDbCircle
 10
6718.207042789611
 20
28120.73255137496
 30
0.0
 40
64.28571428566637
100
AcDbArc
 50
90.0
 51
180.0
  0
ARC
  5
ACC
330
1F
100
AcDbEntity
  8
FURN
 48
6.0
100
AcDbCircle
 10
7448.348583429645
 20
28120.73255137496
 30
0.0
 40
64.28571428566637
100
AcDbArc
 50
0.0
 51
90.0
  0
LINE
  5
ACD
330
1F
100
AcDbEntity
  8
FURN
 48
6.0
100
AcDbLine
 10
7191.20572628692
 20
28185.01826566227
 30
0.0
 11
7448.348583429645
 21
28185.01826566227
 31
0.0
  0
ARC
  5
ACE
330
1F
100
AcDbEntity
  8
FURN
 48
6.0
100
AcDbCircle
 10
7191.20572628692
 20
28120.73255137496
 30
0.0
 40
64.28571428566637
100
AcDbArc
 50
90.0
 51
180.0
  0
LINE
  5
ACF
330
1F
100
AcDbEntity
  8
FUR
100
AcDbLine
 10
8064.164784178409
 20
29261.60881894936
 30
0.0
 11
6980.831450849021
 21
29261.60881894936
 31
0.0
  0
LINE
  5
AD0
330
1F
100
AcDbEntity
  8
FUR
100
AcDbLine
 10
7064.164784174528
 20
29261.60881894936
 30
0.0
 11
6064.164784178408
 21
29261.60881894936
 31
0.0
  0
LINE
  5
AD1
330
1F
100
AcDbEntity
  8
FUR
100
AcDbLine
 10
7980.831450846692
 20
29178.2754856285
 30
0.0
 11
6980.831450849021
 21
29178.2754856285
 31
0.0
  0
LINE
  5
AD2
330
1F
100
AcDbEntity
  8
FUR
100
AcDbLine
 10
7064.164784174528
 20
29094.94215228903
 30
0.0
 11
6147.498117510124
 21
29094.94215228903
 31
0.0
  0
LINE
  5
AD3
330
1F
100
AcDbEntity
  8
FUR
100
AcDbLine
 10
6230.831450841842
 20
29153.27548562853
 30
0.0
 11
6980.831450849021
 21
29153.27548562853
 31
0.0
  0
LINE
  5
AD4
330
1F
100
AcDbEntity
  8
FUR
100
AcDbLine
 10
6230.831450841842
 20
29119.942152289
 30
0.0
 11
6980.831450849021
 21
29119.942152289
 31
0.0
  0
LINE
  5
AD5
330
1F
100
AcDbEntity
  8
FUR
100
AcDbLine
 10
6230.831450841842
 20
29136.60881895566
 30
0.0
 11
6980.831450849021
 21
29136.60881895566
 31
0.0
  0
LINE
  5
AD6
330
1F
100
AcDbEntity
  8
FUR
100
AcDbLine
 10
6064.164784178408
 20
29094.94215228903
 30
0.0
 11
6230.831450841842
 21
29094.94215228903
 31
0.0
  0
LINE
  5
AD7
330
1F
100
AcDbEntity
  8
FUR
100
AcDbLine
 10
7064.164784174528
 20
29094.94215228903
 30
0.0
 11
8064.164784178409
 21
29094.94215228903
 31
0.0
  0
LINE
  5
AD8
330
1F
100
AcDbEntity
  8
FUR
100
AcDbLine
 10
7897.49811751342
 20
29261.60881894936
 30
0.0
 11
7897.49811751342
 21
29178.2754856285
 31
0.0
  0
LINE
  5
AD9
330
1F
100
AcDbEntity
  8
FUR
100
AcDbLine
 10
7064.164784180737
 20
29178.2754856285
 30
0.0
 11
7064.164784180737
 21
29261.60881894936
 31
0.0
  0
LINE
  5
ADA
330
1F
100
AcDbEntity
  8
FUR
100
AcDbLine
 10
7064.164784174528
 20
29094.94215228903
 30
0.0
 11
7064.164784174528
 21
29178.2754856285
 31
0.0
  0
LINE
  5
ADB
330
1F
100
AcDbEntity
  8
FUR
100
AcDbLine
 10
6980.831450849021
 20
29094.94215228903
 30
0.0
 11
6980.831450849021
 21
29261.60881894936
 31
0.0
  0
LINE
  5
ADC
330
1F
100
AcDbEntity
  8
FUR
100
AcDbLine
 10
7980.831450846692
 20
29094.94215228903
 30
0.0
 11
8064.164784178409
 21
29094.94215228903
 31
0.0
  0
LINE
  5
ADD
330
1F
100
AcDbEntity
  8
FUR
100
AcDbLine
 10
7980.831450846692
 20
29261.60881894936
 30
0.0
 11
7980.831450846692
 21
29094.94215228903
 31
0.0
  0
LINE
  5
ADE
330
1F
100
AcDbEntity
  8
FUR
100
AcDbLine
 10
8064.164784178409
 20
29094.94215228903
 30
0.0
 11
8064.164784178409
 21
29261.60881894936
 31
0.0
  0
LINE
  5
ADF
330
1F
100
AcDbEntity
  8
FUR
100
AcDbLine
 10
7980.831450846692
 20
29261.60881894936
 30
0.0
 11
7980.831450846692
 21
29094.94215228903
 31
0.0
  0
LINE
  5
AE0
330
1F
100
AcDbEntity
  8
FUR
100
AcDbLine
 10
7897.49811751342
 20
29219.94215228893
 30
0.0
 11
7064.164784180737
 21
29219.94215228893
 31
0.0
  0
LINE
  5
AE1
330
1F
100
AcDbEntity
  8
FUR
100
AcDbLine
 10
7897.49811751342
 20
29203.27548562227
 30
0.0
 11
7064.164784180737
 21
29203.27548562227
 31
0.0
  0
LINE
  5
AE2
330
1F
100
AcDbEntity
  8
FUR
100
AcDbLine
 10
7897.49811751342
 20
29236.60881895558
 30
0.0
 11
7064.164784180737
 21
29236.60881895558
 31
0.0
  0
LINE
  5
AE3
330
1F
100
AcDbEntity
  8
FUR
100
AcDbLine
 10
6230.831450841842
 20
29178.2754856285
 30
0.0
 11
6230.831450841842
 21
29094.94215228903
 31
0.0
  0
LINE
  5
AE4
330
1F
100
AcDbEntity
  8
FUR
100
AcDbLine
 10
6147.498117510124
 20
29094.94215228903
 30
0.0
 11
6064.164784178408
 21
29094.94215228903
 31
0.0
  0
LINE
  5
AE5
330
1F
100
AcDbEntity
  8
FUR
100
AcDbLine
 10
6147.498117510124
 20
29261.60881894936
 30
0.0
 11
6147.498117510124
 21
29094.94215228903
 31
0.0
  0
LINE
  5
AE6
330
1F
100
AcDbEntity
  8
FUR
100
AcDbLine
 10
6064.164784178408
 20
29261.60881894936
 30
0.0
 11
6147.498117510124
 21
29261.60881894936
 31
0.0
  0
LINE
  5
AE7
330
1F
100
AcDbEntity
  8
FUR
100
AcDbLine
 10
6064.164784178408
 20
29261.60881894936
 30
0.0
 11
6064.164784178408
 21
29094.94215228903
 31
0.0
  0
LINE
  5
AE8
330
1F
100
AcDbEntity
  8
FUR
100
AcDbLine
 10
6147.498117510124
 20
29261.60881894936
 30
0.0
 11
6147.498117510124
 21
29094.94215228903
 31
0.0
  0
LINE
  5
AE9
330
1F
100
AcDbEntity
  8
FUR
100
AcDbLine
 10
6147.498117510124
 20
29261.60881894936
 30
0.0
 11
6147.498117510124
 21
29094.94215228903
 31
0.0
  0
LINE
  5
AEA
330
1F
100
AcDbEntity
  8
FUR
100
AcDbLine
 10
6230.831450841842
 20
29178.2754856285
 30
0.0
 11
6147.498117510124
 21
29178.2754856223
 31
0.0
  0
LINE
  5
AEB
330
1F
100
AcDbEntity
  8
FUR
100
AcDbLine
 10
6980.831450849021
 20
29178.2754856285
 30
0.0
 11
6230.831450841842
 21
29178.2754856285
 31
0.0
  0
LINE
  5
AEC
330
1F
100
AcDbEntity
  8
FUR
100
AcDbLine
 10
15254.25322157898
 20
26313.27548561918
 30
0.0
 11
15254.25322157898
 21
27125.77548561623
 31
0.0
  0
LINE
  5
AED
330
1F
100
AcDbEntity
  8
FUR
100
AcDbLine
 10
15254.25322157898
 20
27063.27548562209
 30
0.0
 11
15254.25322157898
 21
27813.27548561918
 31
0.0
  0
LINE
  5
AEE
330
1F
100
AcDbEntity
  8
FUR
100
AcDbLine
 10
15191.75322158834
 20
26375.77548561797
 30
0.0
 11
15191.75322158834
 21
27125.77548561623
 31
0.0
  0
LINE
  5
AEF
330
1F
100
AcDbEntity
  8
FUR
100
AcDbLine
 10
15129.25322158373
 20
27063.27548562209
 30
0.0
 11
15129.25322158373
 21
27750.7754856204
 31
0.0
  0
LINE
  5
AF0
330
1F
100
AcDbEntity
  8
FUR
100
AcDbLine
 10
15173.00322158835
 20
27688.27548562161
 30
0.0
 11
15173.00322158835
 21
27125.77548561623
 31
0.0
  0
LINE
  5
AF1
330
1F
100
AcDbEntity
  8
FUR
100
AcDbLine
 10
15148.00322158371
 20
27688.27548562161
 30
0.0
 11
15148.00322158371
 21
27125.77548561623
 31
0.0
  0
LINE
  5
AF2
330
1F
100
AcDbEntity
  8
FUR
100
AcDbLine
 10
15160.50322158371
 20
27688.27548562161
 30
0.0
 11
15160.50322158371
 21
27125.77548561623
 31
0.0
  0
LINE
  5
AF3
330
1F
100
AcDbEntity
  8
FUR
100
AcDbLine
 10
15129.25322158373
 20
27813.27548561918
 30
0.0
 11
15129.25322158373
 21
27688.27548562161
 31
0.0
  0
LINE
  5
AF4
330
1F
100
AcDbEntity
  8
FUR
100
AcDbLine
 10
15129.25322158373
 20
27063.27548562209
 30
0.0
 11
15129.25322158373
 21
26313.27548561918
 31
0.0
  0
LINE
  5
AF5
330
1F
100
AcDbEntity
  8
FUR
100
AcDbLine
 10
15254.25322157898
 20
26438.27548561792
 30
0.0
 11
15191.75322158834
 21
26438.27548561792
 31
0.0
  0
LINE
  5
AF6
330
1F
100
AcDbEntity
  8
FUR
100
AcDbLine
 10
15191.75322158834
 20
27063.27548561744
 30
0.0
 11
15254.25322157898
 21
27063.27548561744
 31
0.0
  0
LINE
  5
AF7
330
1F
100
AcDbEntity
  8
FUR
100
AcDbLine
 10
15129.25322158373
 20
27063.27548562209
 30
0.0
 11
15191.75322158834
 21
27063.27548562209
 31
0.0
  0
LINE
  5
AF8
330
1F
100
AcDbEntity
  8
FUR
100
AcDbLine
 10
15129.25322158373
 20
27125.77548561623
 30
0.0
 11
15254.25322157898
 21
27125.77548561623
 31
0.0
  0
LINE
  5
AF9
330
1F
100
AcDbEntity
  8
FUR
100
AcDbLine
 10
15129.25322158373
 20
26375.77548561797
 30
0.0
 11
15129.25322158373
 21
26313.27548561918
 31
0.0
  0
LINE
  5
AFA
330
1F
100
AcDbEntity
  8
FUR
100
AcDbLine
 10
15254.25322157898
 20
26375.77548561797
 30
0.0
 11
15129.25322158373
 21
26375.77548561797
 31
0.0
  0
LINE
  5
AFB
330
1F
100
AcDbEntity
  8
FUR
100
AcDbLine
 10
15129.25322158373
 20
26313.27548561918
 30
0.0
 11
15254.25322157898
 21
26313.27548561918
 31
0.0
  0
LINE
  5
AFC
330
1F
100
AcDbEntity
  8
FUR
100
AcDbLine
 10
15254.25322157898
 20
26375.77548561797
 30
0.0
 11
15129.25322158373
 21
26375.77548561797
 31
0.0
  0
LINE
  5
AFD
330
1F
100
AcDbEntity
  8
FUR
100
AcDbLine
 10
15223.00322158366
 20
26438.27548561792
 30
0.0
 11
15223.00322158366
 21
27063.27548561744
 31
0.0
  0
LINE
  5
AFE
330
1F
100
AcDbEntity
  8
FUR
100
AcDbLine
 10
15210.50322158367
 20
26438.27548561792
 30
0.0
 11
15210.50322158367
 21
27063.27548561744
 31
0.0
  0
LINE
  5
AFF
330
1F
100
AcDbEntity
  8
FUR
100
AcDbLine
 10
15235.50322158365
 20
26438.27548561792
 30
0.0
 11
15235.50322158365
 21
27063.27548561744
 31
0.0
  0
LINE
  5
B00
330
1F
100
AcDbEntity
  8
FUR
100
AcDbLine
 10
15191.75322158834
 20
27688.27548562161
 30
0.0
 11
15129.25322158373
 21
27688.27548562161
 31
0.0
  0
LINE
  5
B01
330
1F
100
AcDbEntity
  8
FUR
100
AcDbLine
 10
15129.25322158373
 20
27750.7754856204
 30
0.0
 11
15129.25322158373
 21
27813.27548561918
 31
0.0
  0
LINE
  5
B02
330
1F
100
AcDbEntity
  8
FUR
100
AcDbLine
 10
15254.25322157898
 20
27750.7754856204
 30
0.0
 11
15129.25322158373
 21
27750.7754856204
 31
0.0
  0
LINE
  5
B03
330
1F
100
AcDbEntity
  8
FUR
100
AcDbLine
 10
15254.25322157898
 20
27813.27548561918
 30
0.0
 11
15254.25322157898
 21
27750.7754856204
 31
0.0
  0
LINE
  5
B04
330
1F
100
AcDbEntity
  8
FUR
100
AcDbLine
 10
15254.25322157898
 20
27813.27548561918
 30
0.0
 11
15129.25322158373
 21
27813.27548561918
 31
0.0
  0
LINE
  5
B05
330
1F
100
AcDbEntity
  8
FUR
100
AcDbLine
 10
15254.25322157898
 20
27750.7754856204
 30
0.0
 11
15129.25322158373
 21
27750.7754856204
 31
0.0
  0
LINE
  5
B06
330
1F
100
AcDbEntity
  8
FUR
100
AcDbLine
 10
15254.25322157898
 20
27750.7754856204
 30
0.0
 11
15129.25322158373
 21
27750.7754856204
 31
0.0
  0
LINE
  5
B07
330
1F
100
AcDbEntity
  8
FUR
100
AcDbLine
 10
15191.75322158834
 20
27688.27548562161
 30
0.0
 11
15191.75322158368
 21
27750.7754856204
 31
0.0
  0
LINE
  5
B08
330
1F
100
AcDbEntity
  8
FUR
100
AcDbLine
 10
15191.75322158834
 20
27125.77548561623
 30
0.0
 11
15191.75322158834
 21
27688.27548562161
 31
0.0
  0
LINE
  5
B09
330
1F
100
AcDbEntity
  8
FUR
100
AcDbLine
 10
1435.086554911526
 20
18628.27548561917
 30
0.0
 11
1435.086554911526
 21
19711.60881894856
 31
0.0
  0
LINE
  5
B0A
330
1F
100
AcDbEntity
  8
FUR
100
AcDbLine
 10
1435.086554911526
 20
19628.27548562305
 30
0.0
 11
1435.086554911526
 21
20628.27548561917
 31
0.0
  0
LINE
  5
B0B
330
1F
100
AcDbEntity
  8
FUR
100
AcDbLine
 10
1351.753221590676
 20
18711.60881895089
 30
0.0
 11
1351.753221590676
 21
19711.60881894856
 31
0.0
  0
LINE
  5
B0C
330
1F
100
AcDbEntity
  8
FUR
100
AcDbLine
 10
1268.419888251199
 20
19628.27548562305
 30
0.0
 11
1268.419888251199
 21
20544.94215228746
 31
0.0
  0
LINE
  5
B0D
330
1F
100
AcDbEntity
  8
FUR
100
AcDbLine
 10
1326.753221590698
 20
20461.60881895574
 30
0.0
 11
1326.753221590698
 21
19711.60881894856
 31
0.0
  0
LINE
  5
B0E
330
1F
100
AcDbEntity
  8
FUR
100
AcDbLine
 10
1293.419888251177
 20
20461.60881895574
 30
0.0
 11
1293.419888251177
 21
19711.60881894856
 31
0.0
  0
LINE
  5
B0F
330
1F
100
AcDbEntity
  8
FUR
100
AcDbLine
 10
1310.086554917834
 20
20461.60881895574
 30
0.0
 11
1310.086554917834
 21
19711.60881894856
 31
0.0
  0
LINE
  5
B10
330
1F
100
AcDbEntity
  8
FUR
100
AcDbLine
 10
1268.419888251199
 20
20628.27548561917
 30
0.0
 11
1268.419888251199
 21
20461.60881895574
 31
0.0
  0
LINE
  5
B11
330
1F
100
AcDbEntity
  8
FUR
100
AcDbLine
 10
1268.419888251199
 20
19628.27548562305
 30
0.0
 11
1268.419888251199
 21
18628.27548561917
 31
0.0
  0
LINE
  5
B12
330
1F
100
AcDbEntity
  8
FUR
100
AcDbLine
 10
1435.086554911526
 20
18794.94215228416
 30
0.0
 11
1351.753221590676
 21
18794.94215228416
 31
0.0
  0
LINE
  5
B13
330
1F
100
AcDbEntity
  8
FUR
100
AcDbLine
 10
1351.753221590676
 20
19628.27548561685
 30
0.0
 11
1435.086554911526
 21
19628.27548561685
 31
0.0
  0
LINE
  5
B14
330
1F
100
AcDbEntity
  8
FUR
100
AcDbLine
 10
1268.419888251199
 20
19628.27548562305
 30
0.0
 11
1351.753221590676
 21
19628.27548562305
 31
0.0
  0
LINE
  5
B15
330
1F
100
AcDbEntity
  8
FUR
100
AcDbLine
 10
1268.419888251199
 20
19711.60881894856
 30
0.0
 11
1435.086554911526
 21
19711.60881894856
 31
0.0
  0
LINE
  5
B16
330
1F
100
AcDbEntity
  8
FUR
100
AcDbLine
 10
1268.419888251199
 20
18711.60881895089
 30
0.0
 11
1268.419888251199
 21
18628.27548561917
 31
0.0
  0
LINE
  5
B17
330
1F
100
AcDbEntity
  8
FUR
100
AcDbLine
 10
1435.086554911526
 20
18711.60881895089
 30
0.0
 11
1268.419888251199
 21
18711.60881895089
 31
0.0
  0
LINE
  5
B18
330
1F
100
AcDbEntity
  8
FUR
100
AcDbLine
 10
1268.419888251199
 20
18628.27548561917
 30
0.0
 11
1435.086554911526
 21
18628.27548561917
 31
0.0
  0
LINE
  5
B19
330
1F
100
AcDbEntity
  8
FUR
100
AcDbLine
 10
1435.086554911526
 20
18711.60881895089
 30
0.0
 11
1268.419888251199
 21
18711.60881895089
 31
0.0
  0
LINE
  5
B1A
330
1F
100
AcDbEntity
  8
FUR
100
AcDbLine
 10
1393.419888251104
 20
18794.94215228416
 30
0.0
 11
1393.419888251104
 21
19628.27548561685
 31
0.0
  0
LINE
  5
B1B
330
1F
100
AcDbEntity
  8
FUR
100
AcDbLine
 10
1376.753221584447
 20
18794.94215228416
 30
0.0
 11
1376.753221584447
 21
19628.27548561685
 31
0.0
  0
LINE
  5
B1C
330
1F
100
AcDbEntity
  8
FUR
100
AcDbLine
 10
1410.086554917754
 20
18794.94215228416
 30
0.0
 11
1410.086554917754
 21
19628.27548561685
 31
0.0
  0
LINE
  5
B1D
330
1F
100
AcDbEntity
  8
FUR
100
AcDbLine
 10
1351.753221590676
 20
20461.60881895574
 30
0.0
 11
1268.419888251199
 21
20461.60881895574
 31
0.0
  0
LINE
  5
B1E
330
1F
100
AcDbEntity
  8
FUR
100
AcDbLine
 10
1268.419888251199
 20
20544.94215228746
 30
0.0
 11
1268.419888251199
 21
20628.27548561917
 31
0.0
  0
LINE
  5
B1F
330
1F
100
AcDbEntity
  8
FUR
100
AcDbLine
 10
1435.086554911526
 20
20544.94215228746
 30
0.0
 11
1268.419888251199
 21
20544.94215228746
 31
0.0
  0
LINE
  5
B20
330
1F
100
AcDbEntity
  8
FUR
100
AcDbLine
 10
1435.086554911526
 20
20628.27548561917
 30
0.0
 11
1435.086554911526
 21
20544.94215228746
 31
0.0
  0
LINE
  5
B21
330
1F
100
AcDbEntity
  8
FUR
100
AcDbLine
 10
1435.086554911526
 20
20628.27548561917
 30
0.0
 11
1268.419888251199
 21
20628.27548561917
 31
0.0
  0
LINE
  5
B22
330
1F
100
AcDbEntity
  8
FUR
100
AcDbLine
 10
1435.086554911526
 20
20544.94215228746
 30
0.0
 11
1268.419888251199
 21
20544.94215228746
 31
0.0
  0
LINE
  5
B23
330
1F
100
AcDbEntity
  8
FUR
100
AcDbLine
 10
1435.086554911526
 20
20544.94215228746
 30
0.0
 11
1268.419888251199
 21
20544.94215228746
 31
0.0
  0
LINE
  5
B24
330
1F
100
AcDbEntity
  8
FUR
100
AcDbLine
 10
1351.753221590676
 20
20461.60881895574
 30
0.0
 11
1351.753221584469
 21
20544.94215228746
 31
0.0
  0
LINE
  5
B25
330
1F
100
AcDbEntity
  8
FUR
100
AcDbLine
 10
1351.753221590676
 20
19711.60881894856
 30
0.0
 11
1351.753221590676
 21
20461.60881895574
 31
0.0
  0
LINE
  5
B26
330
1F
100
AcDbEntity
  8
FUR
100
AcDbLine
 10
13926.75322158138
 20
29240.77548561681
 30
0.0
 11
13114.25322158434
 21
29240.77548561681
 31
0.0
  0
LINE
  5
B27
330
1F
100
AcDbEntity
  8
FUR
100
AcDbLine
 10
13176.75322157847
 20
29240.77548561681
 30
0.0
 11
12426.75322158138
 21
29240.77548561681
 31
0.0
  0
LINE
  5
B28
330
1F
100
AcDbEntity
  8
FUR
100
AcDbLine
 10
13864.2532215826
 20
29178.27548562617
 30
0.0
 11
13114.25322158434
 21
29178.27548562617
 31
0.0
  0
LINE
  5
B29
330
1F
100
AcDbEntity
  8
FUR
100
AcDbLine
 10
13176.75322157847
 20
29115.77548562156
 30
0.0
 11
12489.25322158017
 21
29115.77548562156
 31
0.0
  0
LINE
  5
B2A
330
1F
100
AcDbEntity
  8
FUR
100
AcDbLine
 10
12551.75322157896
 20
29159.52548562618
 30
0.0
 11
13114.25322158434
 21
29159.52548562618
 31
0.0
  0
LINE
  5
B2B
330
1F
100
AcDbEntity
  8
FUR
100
AcDbLine
 10
12551.75322157896
 20
29134.52548562154
 30
0.0
 11
13114.25322158434
 21
29134.52548562154
 31
0.0
  0
LINE
  5
B2C
330
1F
100
AcDbEntity
  8
FUR
100
AcDbLine
 10
12551.75322157896
 20
29147.02548562153
 30
0.0
 11
13114.25322158434
 21
29147.02548562153
 31
0.0
  0
LINE
  5
B2D
330
1F
100
AcDbEntity
  8
FUR
100
AcDbLine
 10
12426.75322158138
 20
29115.77548562156
 30
0.0
 11
12551.75322157896
 21
29115.77548562156
 31
0.0
  0
LINE
  5
B2E
330
1F
100
AcDbEntity
  8
FUR
100
AcDbLine
 10
13176.75322157847
 20
29115.77548562156
 30
0.0
 11
13926.75322158138
 21
29115.77548562156
 31
0.0
  0
LINE
  5
B2F
330
1F
100
AcDbEntity
  8
FUR
100
AcDbLine
 10
13801.75322158265
 20
29240.77548561681
 30
0.0
 11
13801.75322158265
 21
29178.27548562617
 31
0.0
  0
LINE
  5
B30
330
1F
100
AcDbEntity
  8
FUR
100
AcDbLine
 10
13176.75322158313
 20
29178.27548562617
 30
0.0
 11
13176.75322158313
 21
29240.77548561681
 31
0.0
  0
LINE
  5
B31
330
1F
100
AcDbEntity
  8
FUR
100
AcDbLine
 10
13176.75322157847
 20
29115.77548562156
 30
0.0
 11
13176.75322157847
 21
29178.27548562617
 31
0.0
  0
LINE
  5
B32
330
1F
100
AcDbEntity
  8
FUR
100
AcDbLine
 10
13114.25322158434
 20
29115.77548562156
 30
0.0
 11
13114.25322158434
 21
29240.77548561681
 31
0.0
  0
LINE
  5
B33
330
1F
100
AcDbEntity
  8
FUR
100
AcDbLine
 10
13864.2532215826
 20
29115.77548562156
 30
0.0
 11
13926.75322158138
 21
29115.77548562156
 31
0.0
  0
LINE
  5
B34
330
1F
100
AcDbEntity
  8
FUR
100
AcDbLine
 10
13864.2532215826
 20
29240.77548561681
 30
0.0
 11
13864.2532215826
 21
29115.77548562156
 31
0.0
  0
LINE
  5
B35
330
1F
100
AcDbEntity
  8
FUR
100
AcDbLine
 10
13926.75322158138
 20
29115.77548562156
 30
0.0
 11
13926.75322158138
 21
29240.77548561681
 31
0.0
  0
LINE
  5
B36
330
1F
100
AcDbEntity
  8
FUR
100
AcDbLine
 10
13864.2532215826
 20
29240.77548561681
 30
0.0
 11
13864.2532215826
 21
29115.77548562156
 31
0.0
  0
LINE
  5
B37
330
1F
100
AcDbEntity
  8
FUR
100
AcDbLine
 10
13801.75322158265
 20
29209.52548562149
 30
0.0
 11
13176.75322158313
 21
29209.52548562149
 31
0.0
  0
LINE
  5
B38
330
1F
100
AcDbEntity
  8
FUR
100
AcDbLine
 10
13801.75322158265
 20
29197.0254856215
 30
0.0
 11
13176.75322158313
 21
29197.0254856215
 31
0.0
  0
LINE
  5
B39
330
1F
100
AcDbEntity
  8
FUR
100
AcDbLine
 10
13801.75322158265
 20
29222.02548562148
 30
0.0
 11
13176.75322158313
 21
29222.02548562148
 31
0.0
  0
LINE
  5
B3A
330
1F
100
AcDbEntity
  8
FUR
100
AcDbLine
 10
12551.75322157896
 20
29178.27548562617
 30
0.0
 11
12551.75322157896
 21
29115.77548562156
 31
0.0
  0
LINE
  5
B3B
330
1F
100
AcDbEntity
  8
FUR
100
AcDbLine
 10
12489.25322158017
 20
29115.77548562156
 30
0.0
 11
12426.75322158138
 21
29115.77548562156
 31
0.0
  0
LINE
  5
B3C
330
1F
100
AcDbEntity
  8
FUR
100
AcDbLine
 10
12489.25322158017
 20
29240.77548561681
 30
0.0
 11
12489.25322158017
 21
29115.77548562156
 31
0.0
  0
LINE
  5
B3D
330
1F
100
AcDbEntity
  8
FUR
100
AcDbLine
 10
12426.75322158138
 20
29240.77548561681
 30
0.0
 11
12489.25322158017
 21
29240.77548561681
 31
0.0
  0
LINE
  5
B3E
330
1F
100
AcDbEntity
  8
FUR
100
AcDbLine
 10
12426.75322158138
 20
29240.77548561681
 30
0.0
 11
12426.75322158138
 21
29115.77548562156
 31
0.0
  0
LINE
  5
B3F
330
1F
100
AcDbEntity
  8
FUR
100
AcDbLine
 10
12489.25322158017
 20
29240.77548561681
 30
0.0
 11
12489.25322158017
 21
29115.77548562156
 31
0.0
  0
LINE
  5
B40
330
1F
100
AcDbEntity
  8
FUR
100
AcDbLine
 10
12489.25322158017
 20
29240.77548561681
 30
0.0
 11
12489.25322158017
 21
29115.77548562156
 31
0.0
  0
LINE
  5
B41
330
1F
100
AcDbEntity
  8
FUR
100
AcDbLine
 10
12551.75322157896
 20
29178.27548562617
 30
0.0
 11
12489.25322158017
 21
29178.27548562152
 31
0.0
  0
LINE
  5
B42
330
1F
100
AcDbEntity
  8
FUR
100
AcDbLine
 10
13114.25322158434
 20
29178.27548562617
 30
0.0
 11
12551.75322157896
 21
29178.27548562617
 31
0.0
  0
LINE
  5
B43
330
1F
100
AcDbEntity
  8
FUR
100
AcDbLine
 10
184.2532215789779
 20
26313.27548561917
 30
0.0
 11
184.2532215789779
 21
27125.77548561621
 31
0.0
  0
LINE
  5
B44
330
1F
100
AcDbEntity
  8
FUR
100
AcDbLine
 10
184.2532215789779
 20
27063.27548562208
 30
0.0
 11
184.2532215789779
 21
27813.27548561917
 31
0.0
  0
LINE
  5
B45
330
1F
100
AcDbEntity
  8
FUR
100
AcDbLine
 10
121.7532215883402
 20
26375.77548561795
 30
0.0
 11
121.7532215883402
 21
27125.77548561621
 31
0.0
  0
LINE
  5
B46
330
1F
100
AcDbEntity
  8
FUR
100
AcDbLine
 10
59.25322158373456
 20
27063.27548562208
 30
0.0
 11
59.25322158373456
 21
27750.77548562038
 31
0.0
  0
LINE
  5
B47
330
1F
100
AcDbEntity
  8
FUR
100
AcDbLine
 10
103.0032215883566
 20
27688.2754856216
 30
0.0
 11
103.0032215883566
 21
27125.77548561621
 31
0.0
  0
LINE
  5
B48
330
1F
100
AcDbEntity
  8
FUR
100
AcDbLine
 10
78.00322158371637
 20
27688.2754856216
 30
0.0
 11
78.00322158371637
 21
27125.77548561621
 31
0.0
  0
LINE
  5
B49
330
1F
100
AcDbEntity
  8
FUR
100
AcDbLine
 10
90.50322158370908
 20
27688.2754856216
 30
0.0
 11
90.50322158370908
 21
27125.77548561621
 31
0.0
  0
LINE
  5
B4A
330
1F
100
AcDbEntity
  8
FUR
100
AcDbLine
 10
59.25322158373456
 20
27813.27548561917
 30
0.0
 11
59.25322158373456
 21
27688.2754856216
 31
0.0
  0
LINE
  5
B4B
330
1F
100
AcDbEntity
  8
FUR
100
AcDbLine
 10
59.25322158373456
 20
27063.27548562208
 30
0.0
 11
59.25322158373456
 21
26313.27548561917
 31
0.0
  0
LINE
  5
B4C
330
1F
100
AcDbEntity
  8
FUR
100
AcDbLine
 10
184.2532215789779
 20
26438.27548561791
 30
0.0
 11
121.7532215883402
 21
26438.27548561791
 31
0.0
  0
LINE
  5
B4D
330
1F
100
AcDbEntity
  8
FUR
100
AcDbLine
 10
121.7532215883402
 20
27063.27548561743
 30
0.0
 11
184.2532215789779
 21
27063.27548561743
 31
0.0
  0
LINE
  5
B4E
330
1F
100
AcDbEntity
  8
FUR
100
AcDbLine
 10
59.25322158373456
 20
27063.27548562208
 30
0.0
 11
121.7532215883402
 21
27063.27548562208
 31
0.0
  0
LINE
  5
B4F
330
1F
100
AcDbEntity
  8
FUR
100
AcDbLine
 10
59.25322158373456
 20
27125.77548561621
 30
0.0
 11
184.2532215789779
 21
27125.77548561621
 31
0.0
  0
LINE
  5
B50
330
1F
100
AcDbEntity
  8
FUR
100
AcDbLine
 10
59.25322158373456
 20
26375.77548561795
 30
0.0
 11
59.25322158373456
 21
26313.27548561917
 31
0.0
  0
LINE
  5
B51
330
1F
100
AcDbEntity
  8
FUR
100
AcDbLine
 10
184.2532215789779
 20
26375.77548561795
 30
0.0
 11
59.25322158373456
 21
26375.77548561795
 31
0.0
  0
LINE
  5
B52
330
1F
100
AcDbEntity
  8
FUR
100
AcDbLine
 10
59.25322158373456
 20
26313.27548561917
 30
0.0
 11
184.2532215789779
 21
26313.27548561917
 31
0.0
  0
LINE
  5
B53
330
1F
100
AcDbEntity
  8
FUR
100
AcDbLine
 10
184.2532215789779
 20
26375.77548561795
 30
0.0
 11
59.25322158373456
 21
26375.77548561795
 31
0.0
  0
LINE
  5
B54
330
1F
100
AcDbEntity
  8
FUR
100
AcDbLine
 10
153.0032215836618
 20
26438.27548561791
 30
0.0
 11
153.0032215836618
 21
27063.27548561743
 31
0.0
  0
LINE
  5
B55
330
1F
100
AcDbEntity
  8
FUR
100
AcDbLine
 10
140.5032215836691
 20
26438.27548561791
 30
0.0
 11
140.5032215836691
 21
27063.27548561743
 31
0.0
  0
LINE
  5
B56
330
1F
100
AcDbEntity
  8
FUR
100
AcDbLine
 10
165.5032215836491
 20
26438.27548561791
 30
0.0
 11
165.5032215836491
 21
27063.27548561743
 31
0.0
  0
LINE
  5
B57
330
1F
100
AcDbEntity
  8
FUR
100
AcDbLine
 10
121.7532215883402
 20
27688.2754856216
 30
0.0
 11
59.25322158373456
 21
27688.2754856216
 31
0.0
  0
LINE
  5
B58
330
1F
100
AcDbEntity
  8
FUR
100
AcDbLine
 10
59.25322158373456
 20
27750.77548562038
 30
0.0
 11
59.25322158373456
 21
27813.27548561917
 31
0.0
  0
LINE
  5
B59
330
1F
100
AcDbEntity
  8
FUR
100
AcDbLine
 10
184.2532215789779
 20
27750.77548562038
 30
0.0
 11
59.25322158373456
 21
27750.77548562038
 31
0.0
  0
LINE
  5
B5A
330
1F
100
AcDbEntity
  8
FUR
100
AcDbLine
 10
184.2532215789779
 20
27813.27548561917
 30
0.0
 11
184.2532215789779
 21
27750.77548562038
 31
0.0
  0
LINE
  5
B5B
330
1F
100
AcDbEntity
  8
FUR
100
AcDbLine
 10
184.2532215789779
 20
27813.27548561917
 30
0.0
 11
59.25322158373456
 21
27813.27548561917
 31
0.0
  0
LINE
  5
B5C
330
1F
100
AcDbEntity
  8
FUR
100
AcDbLine
 10
184.2532215789779
 20
27750.77548562038
 30
0.0
 11
59.25322158373456
 21
27750.77548562038
 31
0.0
  0
LINE
  5
B5D
330
1F
100
AcDbEntity
  8
FUR
100
AcDbLine
 10
184.2532215789779
 20
27750.77548562038
 30
0.0
 11
59.25322158373456
 21
27750.77548562038
 31
0.0
  0
LINE
  5
B5E
330
1F
100
AcDbEntity
  8
FUR
100
AcDbLine
 10
121.7532215883402
 20
27688.2754856216
 30
0.0
 11
121.7532215836854
 21
27750.77548562038
 31
0.0
  0
LINE
  5
B5F
330
1F
100
AcDbEntity
  8
FUR
100
AcDbLine
 10
121.7532215883402
 20
27125.77548561621
 30
0.0
 11
121.7532215883402
 21
27688.2754856216
 31
0.0
  0
LINE
  5
B60
330
1F
100
AcDbEntity
  8
0
100
AcDbLine
 10
14571.75322158135
 20
24633.27548561918
 30
0.0
 11
14571.75322158136
 21
24033.27548561918
 31
0.0
  0
LWPOLYLINE
  5
B61
330
1F
100
AcDbEntity
  8
ELE 1
100
AcDbPolyline
 90
        4
 70
     1
 43
0.0
 10
7987.87213736953
 20
20038.27548561918
 10
8017.942824170404
 20
20029.79832904103
 10
8238.344637483621
 20
20510.9293180028
 10
8208.27395066456
 20
20519.40647458322
  0
LWPOLYLINE
  5
B62
330
1F
100
AcDbEntity
  8
ELE 1
100
AcDbPolyline
 90
        4
 70
     1
 43
0.0
 10
8481.753221581376
 20
20038.27548561918
 10
8451.682534762312
 20
20029.79832904103
 10
8238.344637483621
 20
20510.9293180028
 10
8268.415324284495
 20
20519.40647458322
  0
LWPOLYLINE
  5
B63
330
1F
100
AcDbEntity
  8
ELE 1
100
AcDbPolyline
 90
        4
 70
     1
 43
0.0
 10
6481.753221581371
 20
20038.27548561918
 10
6511.823908400433
 20
20029.79832904103
 10
6725.161805697311
 20
20510.9293180028
 10
6695.09111887825
 20
20519.40647458322
  0
LWPOLYLINE
  5
B64
330
1F
100
AcDbEntity
  8
ELE 1
100
AcDbPolyline
 90
        4
 70
     1
 43
0.0
 10
6975.634305793215
 20
20038.27548561918
 10
6945.563618992339
 20
20029.79832904103
 10
6725.161805697311
 20
20510.9293180028
 10
6755.232492498187
 20
20519.40647458322
  0
ARC
  5
B65
330
1F
100
AcDbEntity
  8
ABOVE-DOTTED
100
AcDbCircle
 10
7228.611820316015
 20
20020.16946179892
 30
0.0
 40
253.6246260603459
100
AcDbArc
 50
3.53741083284178
 51
175.9062257380812
  0
ARC
  5
B66
330
1F
100
AcDbEntity
  8
ABOVE-DOTTED
100
AcDbCircle
 10
7734.894622864915
 20
20020.16946179892
 30
0.0
 40
253.6246260603459
100
AcDbArc
 50
4.093774261918731
 51
176.4625891671582
  0
LWPOLYLINE
  5
B67
330
1F
100
AcDbEntity
  8
ELE 1
100
AcDbPolyline
 90
        4
 70
     1
 43
0.0
 10
10563.99538131718
 20
25063.27548660451
 10
10587.30016358231
 20
25069.84528297225
 10
10758.11156921481
 20
24696.96876667107
 10
10734.80678693559
 20
24690.39897030157
  0
LWPOLYLINE
  5
B68
330
1F
100
AcDbEntity
  8
ELE 1
100
AcDbPolyline
 90
        4
 70
     1
 43
0.0
 10
10946.75322158135
 20
25063.27548692762
 10
10923.44843929104
 20
25069.84528325601
 10
10758.11156921481
 20
24696.96876667107
 10
10781.41635149104
 20
24690.39897034091
  0
LWPOLYLINE
  5
B69
330
1F
100
AcDbEntity
  8
ELE 1
100
AcDbPolyline
 90
        4
 70
     1
 43
0.0
 10
9396.753221581358
 20
25063.27548561918
 10
9420.058003860583
 20
25069.84528198692
 10
9585.394874580428
 20
24696.96876568112
 10
9562.090092301202
 20
24690.39896931162
  0
LWPOLYLINE
  5
B6A
330
1F
100
AcDbEntity
  8
ELE 1
100
AcDbPolyline
 90
        4
 70
     1
 43
0.0
 10
9779.511061845537
 20
25063.27548594229
 10
9756.206279569312
 20
25069.84528227068
 10
9585.394874580428
 20
24696.96876568112
 10
9608.699656856654
 20
24690.39896935096
  0
ARC
  5
B6B
330
1F
100
AcDbEntity
  8
ABOVE-DOTTED
100
AcDbCircle
 10
9975.568635588864
 20
25077.30765456849
 30
0.0
 40
196.5590851967678
100
AcDbArc
 50
184.0937743104007
 51
356.4625892156088
  0
ARC
  5
B6C
330
1F
100
AcDbEntity
  8
ABOVE-DOTTED
100
AcDbCircle
 10
10367.93780756425
 20
25077.30765489971
 30
0.0
 40
196.5590851967678
100
AcDbArc
 50
183.5374108812924
 51
355.9062257865633
  0
LINE
  5
B6D
330
1F
100
AcDbEntity
  8
ELE 2
100
AcDbLine
 10
121.7532215813717
 20
21553.27548561917
 30
0.0
 11
121.7532215813716
 21
17588.27548561918
 31
0.0
  0
LINE
  5
B6E
330
1F
100
AcDbEntity
  8
ELE 2
100
AcDbLine
 10
111.7532215813717
 20
21553.27548561917
 30
0.0
 11
111.7532215813717
 21
17578.27548561918
 31
0.0
  0
LINE
  5
B6F
330
1F
100
AcDbEntity
  8
ELE 2
100
AcDbLine
 10
121.7532215813717
 20
17588.27548561918
 30
0.0
 11
1236.753221581355
 21
17588.27548561918
 31
0.0
  0
LINE
  5
B70
330
1F
100
AcDbEntity
  8
ELE 2
100
AcDbLine
 10
111.7532215813717
 20
17578.27548561918
 30
0.0
 11
1236.753221581355
 21
17578.27548561918
 31
0.0
  0
LINE
  5
B71
330
1F
100
AcDbEntity
  8
ELE 2
100
AcDbLine
 10
12301.75322158134
 20
16588.27548561919
 30
0.0
 11
14876.75322158134
 21
16588.27548561918
 31
0.0
  0
LINE
  5
B72
330
1F
100
AcDbEntity
  8
ELE 2
100
AcDbLine
 10
12301.75322158134
 20
16578.27548561919
 30
0.0
 11
14876.75322158134
 21
16578.27548561918
 31
0.0
  0
LINE
  5
B73
330
1F
100
AcDbEntity
  8
ELE 2
100
AcDbLine
 10
12071.75322158134
 20
16588.27548561919
 30
0.0
 11
9496.753221581334
 21
16588.27548561903
 31
0.0
  0
LINE
  5
B74
330
1F
100
AcDbEntity
  8
ELE 2
100
AcDbLine
 10
12071.75322158134
 20
16578.27548561919
 30
0.0
 11
9496.753221581334
 21
16578.27548561903
 31
0.0
  0
LWPOLYLINE
  5
B75
330
1F
100
AcDbEntity
  8
ELE 1
100
AcDbPolyline
 90
        4
 70
     1
 43
0.0
 10
13341.75322158136
 20
22352.46947993217
 10
13333.69980329411
 20
22323.90190343883
 10
13790.78102732798
 20
22114.51707286311
 10
13798.83444561739
 20
22143.08464937373
  0
LWPOLYLINE
  5
B76
330
1F
100
AcDbEntity
  8
ELE 1
100
AcDbPolyline
 90
        4
 70
     1
 43
0.0
 10
13341.75322158136
 20
21883.2754856192
 10
13333.69980329411
 20
21911.84306212982
 10
13790.78102732798
 20
22114.51707286311
 10
13798.83444561739
 20
22085.94949636977
  0
MTEXT
  5
B77
330
1F
100
AcDbEntity
  8
0
100
AcDbMText
 10
1447.547401432739
 20
27023.3397872094
 30
0.0
 40
150.0
 41
2047.873289513169
 46
0.0
 71
     1
 72
     5
  1
BEDROOM
 73
     1
 44
1.0
101
Embedded Object
 70
     1
 10
1.0
 20
0.0
 30
0.0
 11
1447.547401432739
 21
27023.3397872094
 31
0.0
 40
2047.873289513169
 41
0.0
 42
1051.534788540245
 43
155.2182810368349
 71
     2
 72
     1
 44
2047.873289513169
 45
12.5
 73
     0
 74
     0
 46
0.0
  0
MTEXT
  5
B78
330
1F
100
AcDbEntity
  8
0
100
AcDbMText
 10
6600.904022816661
 20
26325.14357922906
 30
0.0
 40
150.0
 41
2047.873289513169
 46
0.0
 71
     1
 72
     5
  1
DINNING AREA 
 73
     1
 44
1.0
101
Embedded Object
 70
     1
 10
1.0
 20
0.0
 30
0.0
 11
6600.904022816661
 21
26325.14357922906
 31
0.0
 40
2047.873289513169
 41
0.0
 42
1497.748976807639
 43
155.1159618008186
 71
     2
 72
     1
 44
2047.873289513169
 45
12.5
 73
     0
 74
     0
 46
0.0
  0
MTEXT
  5
B79
330
1F
100
AcDbEntity
  8
0
100
AcDbMText
 10
12329.43569064266
 20
27023.3397872094
 30
0.0
 40
150.0
 41
2047.873289513169
 46
0.0
 71
     1
 72
     5
  1
KITCHEN
 73
     1
 44
1.0
101
Embedded Object
 70
     1
 10
1.0
 20
0.0
 30
0.0
 11
12329.43569064266
 21
27023.3397872094
 31
0.0
 40
2047.873289513169
 41
0.0
 42
887.2100954979536
 43
155.1159618008186
 71
     2
 72
     1
 44
2047.873289513169
 45
12.5
 73
     0
 74
     0
 46
0.0
  0
MTEXT
  5
B7A
330
1F
100
AcDbEntity
  8
0
100
AcDbMText
 10
9440.759935947486
 20
27876.51023130695
 30
0.0
 40
150.0
 41
2047.873289513169
 46
0.0
 71
     1
 72
     5
  1
STORE ROOM 
 73
     1
 44
1.0
101
Embedded Object
 70
     1
 10
1.0
 20
0.0
 30
0.0
 11
9440.759935947486
 21
27876.51023130695
 31
0.0
 40
2047.873289513169
 41
0.0
 42
1406.684856753069
 43
155.2182810368349
 71
     2
 72
     1
 44
2047.873289513169
 45
12.5
 73
     0
 74
     0
 46
0.0
  0
MTEXT
  5
B7B
330
1F
100
AcDbEntity
  8
0
100
AcDbMText
 10
7012.102972724334
 20
22611.3739665881
 30
0.0
 40
150.0
 41
2047.873289513169
 46
0.0
 71
     1
 72
     5
  1
COURTYARD 
 73
     1
 44
1.0
101
Embedded Object
 70
     1
 10
1.0
 20
0.0
 30
0.0
 11
7012.102972724334
 21
22611.3739665881
 31
0.0
 40
2047.873289513169
 41
0.0
 42
1305.593451568895
 43
155.2182810368349
 71
     2
 72
     1
 44
2047.873289513169
 45
12.5
 73
     0
 74
     0
 46
0.0
  0
LINE
  5
B7C
330
1F
100
AcDbEntity
  8
ABOVE-DOTTED
100
AcDbLine
 10
9066.753221581342
 20
25063.27548561918
 30
0.0
 11
5666.753221581357
 21
21553.27548561918
 31
0.0
  0
LINE
  5
B7D
330
1F
100
AcDbEntity
  8
ABOVE-DOTTED
100
AcDbLine
 10
9066.753221581372
 20
21553.27548561918
 30
0.0
 11
5666.753221581341
 21
25063.27548561918
 31
0.0
  0
MTEXT
  5
B7E
330
1F
100
AcDbEntity
  8
0
100
AcDbMText
 10
9519.301213672616
 20
23646.75382519112
 30
0.0
 40
150.0
 41
2047.873289513169
 46
0.0
 71
     1
 72
     5
  1
POOJA ROOM 
 73
     1
 44
1.0
101
Embedded Object
 70
     1
 10
1.0
 20
0.0
 30
0.0
 11
9519.301213672616
 21
23646.75382519112
 31
0.0
 40
2047.873289513169
 41
0.0
 42
1388.369713506139
 43
155.2182810368349
 71
     2
 72
     1
 44
2047.873289513169
 45
12.5
 73
     0
 74
     0
 46
0.0
  0
MTEXT
  5
B7F
330
1F
100
AcDbEntity
  8
0
100
AcDbMText
 10
11540.41350922663
 20
23646.75382519112
 30
0.0
 40
150.0
 41
2047.873289513169
 46
0.0
 71
     1
 72
     5
  1
UTILITY AREA
 73
     1
 44
1.0
101
Embedded Object
 70
     1
 10
1.0
 20
0.0
 30
0.0
 11
11540.41350922663
 21
23646.75382519112
 31
0.0
 40
2047.873289513169
 41
0.0
 42
1392.769440654843
 43
152.5579809004093
 71
     2
 72
     1
 44
2047.873289513169
 45
12.5
 73
     0
 74
     0
 46
0.0
  0
MTEXT
  5
B80
330
1F
100
AcDbEntity
  8
0
100
AcDbMText
 10
1048.038960512029
 20
24454.42498884538
 30
0.0
 40
150.0
 41
2047.873289513169
 46
0.0
 71
     1
 72
     5
  1
TOILET
 73
     1
 44
1.0
101
Embedded Object
 70
     1
 10
1.0
 20
0.0
 30
0.0
 11
1048.038960512029
 21
24454.42498884538
 31
0.0
 40
2047.873289513169
 41
0.0
 42
724.4201909959073
 43
155.2182810368349
 71
     2
 72
     1
 44
2047.873289513169
 45
12.5
 73
     0
 74
     0
 46
0.0
  0
LINE
  5
B81
330
1F
100
AcDbEntity
  8
FURN
100
AcDbLine
 10
3262.53485356561
 20
22920.87109695799
 30
0.0
 11
3262.53485356561
 21
23276.49212805306
 31
0.0
  0
ARC
  5
B82
330
1F
100
AcDbEntity
  8
FURN
100
AcDbCircle
 10
3201.57124823427
 20
23276.49212805376
 30
0.0
 40
60.96360533134138
100
AcDbArc
 50
359.9999999993747
 51
89.99999999916623
  0
LINE
  5
B83
330
1F
100
AcDbEntity
  8
FURN
100
AcDbLine
 10
3201.571248234972
 20
23337.4557333851
 30
0.0
 11
3079.644037573376
 21
23337.4557333851
 31
0.0
  0
ARC
  5
B84
330
1F
100
AcDbEntity
  8
FURN
100
AcDbCircle
 10
3079.644037573376
 20
23235.84972450067
 30
0.0
 40
101.6060088844303
100
AcDbArc
 50
90.0
 51
180.0
  0
LINE
  5
B85
330
1F
100
AcDbEntity
  8
FURN
100
AcDbLine
 10
2978.038028688943
 20
23235.84972450067
 30
0.0
 11
2978.038028688943
 21
22961.51350051124
 31
0.0
  0
ARC
  5
B86
330
1F
100
AcDbEntity
  8
FURN
100
AcDbCircle
 10
3079.644037573376
 20
22961.51350051124
 30
0.0
 40
101.6060088844303
100
AcDbArc
 50
180.0
 51
270.0
  0
LINE
  5
B87
330
1F
100
AcDbEntity
  8
FURN
100
AcDbLine
 10
3079.644037573376
 20
22859.9074916268
 30
0.0
 11
3201.571248234972
 21
22859.9074916268
 31
0.0
  0
ARC
  5
B88
330
1F
100
AcDbEntity
  8
FURN
100
AcDbCircle
 10
3201.571248234703
 20
22920.87109695771
 30
0.0
 40
60.96360533090756
100
AcDbArc
 50
270.0
 51
0.0000000002084408
  0
LINE
  5
B89
330
1F
100
AcDbEntity
  8
FURN
100
AcDbLine
 10
3303.177257119513
 20
22920.87109695799
 30
0.0
 11
3303.177257119513
 21
23276.49212805306
 31
0.0
  0
ARC
  5
B8A
330
1F
100
AcDbEntity
  8
FURN
100
AcDbCircle
 10
3201.571248235027
 20
23276.49212805301
 30
0.0
 40
101.6060088844845
100
AcDbArc
 50
0.0
 51
90.0
  0
LINE
  5
B8B
330
1F
100
AcDbEntity
  8
FURN
100
AcDbLine
 10
3201.571248234972
 20
23378.09813693749
 30
0.0
 11
2896.753221581358
 21
23378.09813693749
 31
0.0
  0
LINE
  5
B8C
330
1F
100
AcDbEntity
  8
FURN
100
AcDbLine
 10
2896.753221581358
 20
23378.09813693749
 30
0.0
 11
2896.753221581358
 21
22819.26508807355
 31
0.0
  0
LINE
  5
B8D
330
1F
100
AcDbEntity
  8
FURN
100
AcDbLine
 10
2896.753221581358
 20
22819.26508807355
 30
0.0
 11
3201.571248234972
 21
22819.26508807355
 31
0.0
  0
ARC
  5
B8E
330
1F
100
AcDbEntity
  8
FURN
100
AcDbCircle
 10
3201.571248235027
 20
22920.87109695804
 30
0.0
 40
101.6060088844845
100
AcDbArc
 50
270.0
 51
0.0
  0
CIRCLE
  5
B8F
330
1F
100
AcDbEntity
  8
FURN
100
AcDbCircle
 10
2937.39562513515
 20
23098.6816125051
 30
0.0
 40
20.32120177690412
  0
LINE
  5
B90
330
1F
100
AcDbEntity
  8
FURN
100
AcDbLine
 10
3028.841033131268
 20
23047.87860806417
 30
0.0
 11
3028.841033131268
 21
23149.48461694774
 31
0.0
  0
CIRCLE
  5
B91
330
1F
100
AcDbEntity
  8
FURN
100
AcDbCircle
 10
3028.841033131268
 20
23098.6816125051
 30
0.0
 40
25.40150222113015
  0
LINE
  5
B92
330
1F
100
AcDbEntity
  8
FURN
100
AcDbLine
 10
3079.644037573376
 20
23098.6816125051
 30
0.0
 11
2978.038028688943
 21
23098.6816125051
 31
0.0
  0
CIRCLE
  5
B93
330
1F
100
AcDbEntity
  8
FURN
100
AcDbCircle
 10
2937.39562513515
 20
23037.71800717564
 30
0.0
 40
20.32120177690412
  0
CIRCLE
  5
B94
330
1F
100
AcDbEntity
  8
FURN
100
AcDbCircle
 10
2937.39562513515
 20
23159.6452178354
 30
0.0
 40
20.32120177690412
  0
LINE
  5
B95
330
1F
100
AcDbEntity
  8
FURN
100
AcDbLine
 10
2896.753221581372
 20
22666.57005176051
 30
0.0
 11
3449.531041393058
 21
22666.57005176051
 31
0.0
  0
LINE
  5
B96
330
1F
100
AcDbEntity
  8
FURN
100
AcDbLine
 10
3449.531041393058
 20
22666.57005176051
 30
0.0
 11
3449.531041393058
 21
23541.47761936311
 31
0.0
  0
LINE
  5
B97
330
1F
100
AcDbEntity
  8
FURN
100
AcDbLine
 10
3449.531041393058
 20
23541.47761936311
 30
0.0
 11
2896.753221581358
 21
23541.47761936311
 31
0.0
  0
MTEXT
  5
B98
330
1F
100
AcDbEntity
  8
0
100
AcDbMText
 10
2942.5924345206
 20
20348.2196295493
 30
0.0
 40
150.0
 41
2047.873289513169
 46
0.0
 71
     1
 72
     5
  1
LIVING AREA
 73
     1
 44
1.0
101
Embedded Object
 70
     1
 10
1.0
 20
0.0
 30
0.0
 11
2942.5924345206
 21
20348.2196295493
 31
0.0
 40
2047.873289513169
 41
0.0
 42
1300.886766712142
 43
155.1159618008186
 71
     2
 72
     1
 44
2047.873289513169
 45
12.5
 73
     0
 74
     0
 46
0.0
  0
MTEXT
  5
B99
330
1F
100
AcDbEntity
  8
0
100
AcDbMText
 10
6609.339776076935
 20
19174.50783427198
 30
0.0
 40
150.0
 41
2047.873289513169
 46
0.0
 71
     1
 72
     5
  1
ENTRANCE FOYER  
 73
     1
 44
1.0
101
Embedded Object
 70
     1
 10
1.0
 20
0.0
 30
0.0
 11
6609.339776076935
 21
19174.50783427198
 31
0.0
 40
2047.873289513169
 41
0.0
 42
1913.472032742155
 43
155.2182810368349
 71
     2
 72
     1
 44
2047.873289513169
 45
12.5
 73
     0
 74
     0
 46
0.0
  0
MTEXT
  5
B9A
330
1F
100
AcDbEntity
  8
0
100
AcDbMText
 10
11521.67356831507
 20
19409.34003366453
 30
0.0
 40
150.0
 41
2047.873289513169
 46
0.0
 71
     1
 72
     5
  1
CAR PARKING   
 73
     1
 44
1.0
101
Embedded Object
 70
     1
 10
1.0
 20
0.0
 30
0.0
 11
11521.67356831507
 21
19409.34003366453
 31
0.0
 40
2047.873289513169
 41
0.0
 42
1420.293315143247
 43
155.1159618008186
 71
     2
 72
     1
 44
2047.873289513169
 45
12.5
 73
     0
 74
     0
 46
0.0
  0
LINE
  5
B9B
330
1F
100
AcDbEntity
  8
FURN
100
AcDbLine
 10
8627.110454192532
 20
16905.19432467391
 30
0.0
 11
8627.110454192532
 21
17422.16241744432
 31
0.0
  0
LINE
  5
B9C
330
1F
100
AcDbEntity
  8
FURN
100
AcDbLine
 10
8627.110454192532
 20
17422.16241744432
 30
0.0
 11
8692.785840273634
 21
17308.40931194516
 31
0.0
  0
LINE
  5
B9D
330
1F
100
AcDbEntity
  8
FURN
100
AcDbLine
 10
8692.785840273634
 20
17308.40931194516
 30
0.0
 11
8627.110454192534
 21
17308.40931194516
 31
0.0
  0
LINE
  5
B9E
330
1F
100
AcDbEntity
  8
FURN
100
AcDbLine
 10
8627.110454192534
 20
17422.16241744432
 30
0.0
 11
8561.435068111434
 21
17308.40931194516
 31
0.0
  0
LINE
  5
B9F
330
1F
100
AcDbEntity
  8
FURN
100
AcDbLine
 10
8561.435068111434
 20
17308.40931194516
 30
0.0
 11
8627.110454192534
 21
17308.40931194516
 31
0.0
  0
MTEXT
  5
BA0
330
1F
100
AcDbEntity
  8
0
100
AcDbMText
 10
8515.64723197324
 20
16758.65945117002
 30
0.0
 40
150.0
 41
2047.873289513169
 46
0.0
 71
     1
 72
     5
  1
UP\P 
 73
     1
 44
1.0
101
Embedded Object
 70
     1
 10
1.0
 20
0.0
 30
0.0
 11
8515.64723197324
 21
16758.65945117002
 31
0.0
 40
2047.873289513169
 41
0.0
 42
265.5184174624829
 43
400.0
 71
     2
 72
     1
 44
2047.873289513169
 45
12.5
 73
     0
 74
     0
 46
0.0
  0
HATCH
  5
BA1
330
1F
100
AcDbEntity
  8
0
100
AcDbHatch
 10
0.0
 20
0.0
 30
0.0
210
0.0
220
0.0
230
1.0
  2
SOLID
 70
     1
 71
     1
 91
        2
 92
        7
 72
     1
 73
     1
 93
        3
 10
7534.749441700022
 20
16585.24608773138
 42
0.0
 10
7627.307130823145
 20
16585.24608773138
 42
0.0
 10
7627.307130823145
 20
16677.8037768545
 42
0.4142135623730951
 97
        3
330
BA2
330
BA4
330
BA3
 92
        7
 72
     1
 73
     1
 93
        3
 10
7627.307130823145
 20
16585.24608773138
 42
0.0
 10
7627.307130823145
 20
16492.68839860826
 42
0.4142135623730951
 10
7719.864819946268
 20
16585.24608773138
 42
0.0
 97
        3
330
BA4
330
BA3
330
BA2
 75
     1
 76
     1
 47
0.7498393146199947
 98
        2
 10
7613.451610844349
 20
16666.07505102793
 10
7668.236914238661
 20
16550.59992217418
450
        0
451
        0
460
0.0
461
0.0
452
        0
462
0.0
453
        2
463
0.0
 63
     5
421
      255
463
1.0
 63
     2
421
 16776960
470
LINEAR
1001
GradientColor1ACI
1070
     5
1001
GradientColor2ACI
1070
     2
1001
ACAD
1010
0.0
1020
0.0
1030
0.0
  0
CIRCLE
  5
BA2
102
{ACAD_REACTORS
330
BA1
102
}
330
1F
100
AcDbEntity
  8
0
100
AcDbCircle
 10
7627.307130823145
 20
16585.24608773138
 30
0.0
 40
92.55768912312271
  0
LINE
  5
BA3
102
{ACAD_REACTORS
330
BA1
102
}
330
1F
100
AcDbEntity
  8
0
100
AcDbLine
 10
7627.307130823145
 20
16432.68839860825
 30
0.0
 11
7627.307130823145
 21
16737.80377685451
 31
0.0
  0
LINE
  5
BA4
102
{ACAD_REACTORS
330
BA1
102
}
330
1F
100
AcDbEntity
  8
0
100
AcDbLine
 10
7474.749441700021
 20
16585.24608773138
 30
0.0
 11
7779.864819946268
 21
16585.24608773138
 31
0.0
  0
MTEXT
  5
BA5
330
1F
100
AcDbEntity
  8
0
100
AcDbMText
 10
7838.85719022178
 20
16653.82889116708
 30
0.0
 40
150.0
 41
2047.873289513169
 46
0.0
 71
     1
 72
     5
  1
+0.0\P 
 73
     1
 44
1.0
101
Embedded Object
 70
     1
 10
1.0
 20
0.0
 30
0.0
 11
7838.85719022178
 21
16653.82889116708
 31
0.0
 40
2047.873289513169
 41
0.0
 42
391.9849931787176
 43
400.6139154160981
 71
     2
 72
     1
 44
2047.873289513169
 45
12.5
 73
     0
 74
     0
 46
0.0
  0
MTEXT
  5
BA6
330
1F
100
AcDbEntity
  8
0
100
AcDbMText
 10
7863.252282993402
 20
16579.92766171135
 30
0.0
 40
150.0
 41
2047.873289513169
 46
0.0
 71
     1
 72
     5
  1
- 
 73
     1
 44
1.0
101
Embedded Object
 70
     1
 10
1.0
 20
0.0
 30
0.0
 11
7863.252282993402
 21
16579.92766171135
 31
0.0
 40
2047.873289513169
 41
0.0
 42
56.58253751705321
 43
150.0
 71
     2
 72
     1
 44
2047.873289513169
 45
12.5
 73
     0
 74
     0
 46
0.0
  0
HATCH
  5
BA7
330
1F
100
AcDbEntity
  8
0
100
AcDbHatch
 10
0.0
 20
0.0
 30
0.0
210
0.0
220
0.0
230
1.0
  2
SOLID
 70
     1
 71
     0
 91
        2
 92
        7
 72
     1
 73
     1
 93
        3
 10
7534.749441700022
 20
17924.22581700084
 42
0.0
 10
7627.307130823145
 20
17924.22581700084
 42
0.0
 10
7627.307130823145
 20
18016.78350612396
 42
0.4142135623730951
 97
        0
 92
        7
 72
     1
 73
     1
 93
        3
 10
7627.307130823145
 20
17924.22581700084
 42
0.0
 10
7627.307130823145
 20
17831.66812787772
 42
0.4142135623730951
 10
7719.864819946268
 20
17924.22581700084
 42
0.0
 97
        0
 75
     1
 76
     1
 47
0.7498393146199947
 98
        2
 10
7613.451610844349
 20
18005.05478029739
 10
7668.236914238661
 20
17889.57965144364
450
        0
451
        0
460
0.0
461
0.0
452
        0
462
0.0
453
        2
463
0.0
 63
     5
421
      255
463
1.0
 63
     2
421
 16776960
470
LINEAR
1001
GradientColor1ACI
1070
     5
1001
GradientColor2ACI
1070
     2
1001
ACAD
1010
0.0
1020
0.0
1030
0.0
  0
CIRCLE
  5
BA8
330
1F
100
AcDbEntity
  8
0
100
AcDbCircle
 10
7627.307130823145
 20
17924.22581700084
 30
0.0
 40
92.55768912312271
  0
LINE
  5
BA9
330
1F
100
AcDbEntity
  8
0
100
AcDbLine
 10
7627.307130823145
 20
17771.66812787771
 30
0.0
 11
7627.307130823145
 21
18076.78350612397
 31
0.0
  0
LINE
  5
BAA
330
1F
100
AcDbEntity
  8
0
100
AcDbLine
 10
7474.749441700021
 20
17924.22581700084
 30
0.0
 11
7779.864819946268
 21
17924.22581700084
 31
0.0
  0
MTEXT
  5
BAB
330
1F
100
AcDbEntity
  8
0
100
AcDbMText
 10
7838.85719022178
 20
17992.80862043653
 30
0.0
 40
150.0
 41
2047.873289513169
 46
0.0
 71
     1
 72
     5
  1
+450\P 
 73
     1
 44
1.0
101
Embedded Object
 70
     1
 10
1.0
 20
0.0
 30
0.0
 11
7838.85719022178
 21
17992.80862043653
 31
0.0
 40
2047.873289513169
 41
0.0
 42
450.3069577080491
 43
400.6139154160981
 71
     2
 72
     1
 44
2047.873289513169
 45
12.5
 73
     0
 74
     0
 46
0.0
  0
MTEXT
  5
BAC
330
1F
100
AcDbEntity
  8
0
100
AcDbMText
 10
7863.252282993402
 20
17918.9073909808
 30
0.0
 40
150.0
 41
2047.873289513169
 46
0.0
 71
     1
 72
     5
  1
- 
 73
     1
 44
1.0
101
Embedded Object
 70
     1
 10
1.0
 20
0.0
 30
0.0
 11
7863.252282993402
 21
17918.9073909808
 31
0.0
 40
2047.873289513169
 41
0.0
 42
56.58253751705321
 43
150.0
 71
     2
 72
     1
 44
2047.873289513169
 45
12.5
 73
     0
 74
     0
 46
0.0
  0
HATCH
  5
BAD
330
1F
100
AcDbEntity
  8
0
100
AcDbHatch
 10
0.0
 20
0.0
 30
0.0
210
0.0
220
0.0
230
1.0
  2
SOLID
 70
     1
 71
     0
 91
        2
 92
        7
 72
     1
 73
     1
 93
        3
 10
7534.749441700022
 20
23268.04438886588
 42
0.0
 10
7627.307130823145
 20
23268.04438886588
 42
0.0
 10
7627.307130823145
 20
23360.602077989
 42
0.4142135623730951
 97
        0
 92
        7
 72
     1
 73
     1
 93
        3
 10
7627.307130823145
 20
23268.04438886588
 42
0.0
 10
7627.307130823145
 20
23175.48669974275
 42
0.4142135623730951
 10
7719.864819946268
 20
23268.04438886588
 42
0.0
 97
        0
 75
     1
 76
     1
 47
0.7498393146199947
 98
        2
 10
7613.451610844349
 20
23348.87335216242
 10
7668.236914238661
 20
23233.39822330867
450
        0
451
        0
460
0.0
461
0.0
452
        0
462
0.0
453
        2
463
0.0
 63
     5
421
      255
463
1.0
 63
     2
421
 16776960
470
LINEAR
1001
GradientColor1ACI
1070
     5
1001
GradientColor2ACI
1070
     2
1001
ACAD
1010
0.0
1020
0.0
1030
0.0
  0
CIRCLE
  5
BAE
330
1F
100
AcDbEntity
  8
0
100
AcDbCircle
 10
7627.307130823145
 20
23268.04438886588
 30
0.0
 40
92.55768912312271
  0
LINE
  5
BAF
330
1F
100
AcDbEntity
  8
0
100
AcDbLine
 10
7627.307130823145
 20
23115.48669974275
 30
0.0
 11
7627.307130823145
 21
23420.602077989
 31
0.0
  0
LINE
  5
BB0
330
1F
100
AcDbEntity
  8
0
100
AcDbLine
 10
7474.749441700021
 20
23268.04438886588
 30
0.0
 11
7779.864819946268
 21
23268.04438886588
 31
0.0
  0
MTEXT
  5
BB1
330
1F
100
AcDbEntity
  8
0
100
AcDbMText
 10
7838.85719022178
 20
23336.62719230157
 30
0.0
 40
150.0
 41
2047.873289513169
 46
0.0
 71
     1
 72
     5
  1
+0.0\P 
 73
     1
 44
1.0
101
Embedded Object
 70
     1
 10
1.0
 20
0.0
 30
0.0
 11
7838.85719022178
 21
23336.62719230157
 31
0.0
 40
2047.873289513169
 41
0.0
 42
391.9849931787176
 43
400.6139154160981
 71
     2
 72
     1
 44
2047.873289513169
 45
12.5
 73
     0
 74
     0
 46
0.0
  0
MTEXT
  5
BB2
330
1F
100
AcDbEntity
  8
0
100
AcDbMText
 10
7863.252282993402
 20
23262.72596284584
 30
0.0
 40
150.0
 41
2047.873289513169
 46
0.0
 71
     1
 72
     5
  1
- 
 73
     1
 44
1.0
101
Embedded Object
 70
     1
 10
1.0
 20
0.0
 30
0.0
 11
7863.252282993402
 21
23262.72596284584
 31
0.0
 40
2047.873289513169
 41
0.0
 42
56.58253751705321
 43
150.0
 71
     2
 72
     1
 44
2047.873289513169
 45
12.5
 73
     0
 74
     0
 46
0.0
  0
HATCH
  5
BB3
330
1F
100
AcDbEntity
  8
0
100
AcDbHatch
 10
0.0
 20
0.0
 30
0.0
210
0.0
220
0.0
230
1.0
  2
SOLID
 70
     1
 71
     1
 91
        5
 92
        7
 72
     0
 73
     1
 93
        4
 10
10969.49402352306
 20
14153.75018462003
 10
10969.49402352306
 20
14290.57059097418
 10
9969.494023523061
 20
14290.57059097418
 10
9969.494023523061
 20
14153.75018462003
 97
        4
330
BB4
330
BB6
330
BBC
330
BB7
 92
        7
 72
     0
 73
     1
 93
        4
 10
10969.49402352306
 20
14153.75018462003
 10
10969.49402352306
 20
14016.92977826588
 10
11969.49402352306
 20
14016.92977826588
 10
11969.49402352306
 20
14153.75018462003
 97
        4
330
BBC
330
BB7
330
BB5
330
BB8
 92
        7
 72
     0
 73
     1
 93
        4
 10
12969.49402352306
 20
14153.75018462003
 10
12969.49402352306
 20
14290.57059097418
 10
11969.49402352306
 20
14290.57059097418
 10
11969.49402352306
 20
14153.75018462003
 97
        4
330
BB4
330
BB8
330
BBC
330
BB9
 92
        7
 72
     0
 73
     1
 93
        4
 10
12969.49402352306
 20
14153.75018462003
 10
12969.49402352306
 20
14016.92977826588
 10
13969.49402352306
 20
14016.92977826588
 10
13969.49402352306
 20
14153.75018462003
 97
        4
330
BBC
330
BB9
330
BB5
330
BBA
 92
        7
 72
     0
 73
     1
 93
        4
 10
13969.49402352306
 20
14290.57059097418
 10
13969.49402352306
 20
14153.75018462003
 10
14969.49402352306
 20
14153.75018462003
 10
14969.49402352306
 20
14290.57059097418
 97
        4
330
BB4
330
BBA
330
BBC
330
BBB
 75
     1
 76
     1
 47
3.891051779414511
 98
        5
 10
10599.13700885558
 20
14212.54437336902
 10
11187.19193536625
 20
14088.03092983749
 10
12410.03319968283
 20
14220.3263912446
 10
13371.94965411699
 20
14111.37698346434
 10
14407.86015447182
 20
14235.89081283641
450
        0
451
        0
460
0.0
461
0.0
452
        0
462
0.0
453
        2
463
0.0
 63
     5
421
      255
463
1.0
 63
     2
421
 16776960
470
LINEAR
1001
GradientColor1ACI
1070
     5
1001
GradientColor2ACI
1070
     2
1001
ACAD
1010
0.0
1020
0.0
1030
0.0
  0
LINE
  5
BB4
102
{ACAD_REACTORS
330
BB3
102
}
330
1F
100
AcDbEntity
  8
0
100
AcDbLine
 10
9969.494023523061
 20
14290.57059097418
 30
0.0
 11
14969.49402352306
 21
14290.57059097418
 31
0.0
  0
LINE
  5
BB5
102
{ACAD_REACTORS
330
BB3
102
}
330
1F
100
AcDbEntity
  8
0
100
AcDbLine
 10
14969.49402352306
 20
14016.92977826588
 30
0.0
 11
9969.494023523061
 21
14016.92977826588
 31
0.0
  0
LINE
  5
BB6
102
{ACAD_REACTORS
330
BB3
102
}
330
1F
100
AcDbEntity
  8
0
100
AcDbLine
 10
9969.494023523061
 20
14016.92977826588
 30
0.0
 11
9969.494023523061
 21
14290.57059097418
 31
0.0
  0
LINE
  5
BB7
102
{ACAD_REACTORS
330
BB3
102
}
330
1F
100
AcDbEntity
  8
0
100
AcDbLine
 10
10969.49402352306
 20
14016.92977826588
 30
0.0
 11
10969.49402352306
 21
14290.57059097418
 31
0.0
  0
LINE
  5
BB8
102
{ACAD_REACTORS
330
BB3
102
}
330
1F
100
AcDbEntity
  8
0
100
AcDbLine
 10
11969.49402352306
 20
14016.92977826588
 30
0.0
 11
11969.49402352306
 21
14290.57059097418
 31
0.0
  0
LINE
  5
BB9
102
{ACAD_REACTORS
330
BB3
102
}
330
1F
100
AcDbEntity
  8
0
100
AcDbLine
 10
12969.49402352306
 20
14016.92977826588
 30
0.0
 11
12969.49402352306
 21
14290.57059097418
 31
0.0
  0
LINE
  5
BBA
102
{ACAD_REACTORS
330
BB3
102
}
330
1F
100
AcDbEntity
  8
0
100
AcDbLine
 10
13969.49402352306
 20
14016.92977826588
 30
0.0
 11
13969.49402352306
 21
14290.57059097418
 31
0.0
  0
LINE
  5
BBB
102
{ACAD_REACTORS
330
BB3
102
}
330
1F
100
AcDbEntity
  8
0
100
AcDbLine
 10
14969.49402352306
 20
14016.92977826588
 30
0.0
 11
14969.49402352306
 21
14290.57059097418
 31
0.0
  0
LINE
  5
BBC
102
{ACAD_REACTORS
330
BB3
102
}
330
1F
100
AcDbEntity
  8
0
100
AcDbLine
 10
14969.49402352306
 20
14153.75018462003
 30
0.0
 11
9969.494023523061
 21
14153.75018462003
 31
0.0
  0
MTEXT
  5
BBD
330
1F
100
AcDbEntity
  8
0
100
AcDbMText
 10
9921.920060658827
 20
13936.20646100361
 30
0.0
 40
150.0
 41
2047.873289513169
 46
0.0
 71
     1
 72
     5
  1
0 
 73
     1
 44
1.0
101
Embedded Object
 70
     1
 10
1.0
 20
0.0
 30
0.0
 11
9921.920060658827
 21
13936.20646100361
 31
0.0
 40
2047.873289513169
 41
0.0
 42
97.81718963165076
 43
153.1718963165075
 71
     2
 72
     1
 44
2047.873289513169
 45
12.5
 73
     0
 74
     0
 46
0.0
  0
MTEXT
  5
BBE
330
1F
100
AcDbEntity
  8
0
100
AcDbMText
 10
10913.88274354348
 20
13936.20646100361
 30
0.0
 40
150.0
 41
2047.873289513169
 46
0.0
 71
     1
 72
     5
  1
1
 73
     1
 44
1.0
101
Embedded Object
 70
     1
 10
1.0
 20
0.0
 30
0.0
 11
10913.88274354348
 21
13936.20646100361
 31
0.0
 40
2047.873289513169
 41
0.0
 42
55.25238744884038
 43
150.6139154160982
 71
     2
 72
     1
 44
2047.873289513169
 45
12.5
 73
     0
 74
     0
 46
0.0
  0
MTEXT
  5
BBF
330
1F
100
AcDbEntity
  8
0
100
AcDbMText
 10
11921.71774664009
 20
13936.20646100361
 30
0.0
 40
150.0
 41
2047.873289513169
 46
0.0
 71
     1
 72
     5
  1
2
 73
     1
 44
1.0
101
Embedded Object
 70
     1
 10
1.0
 20
0.0
 30
0.0
 11
11921.71774664009
 21
13936.20646100361
 31
0.0
 40
2047.873289513169
 41
0.0
 42
99.35197817189632
 43
150.6139154160982
 71
     2
 72
     1
 44
2047.873289513169
 45
12.5
 73
     0
 74
     0
 46
0.0
  0
MTEXT
  5
BC0
330
1F
100
AcDbEntity
  8
0
100
AcDbMText
 10
12917.64748582151
 20
13936.20646100361
 30
0.0
 40
150.0
 41
2047.873289513169
 46
0.0
 71
     1
 72
     5
  1
3
 73
     1
 44
1.0
101
Embedded Object
 70
     1
 10
1.0
 20
0.0
 30
0.0
 11
12917.64748582151
 21
13936.20646100361
 31
0.0
 40
2047.873289513169
 41
0.0
 42
98.22646657571624
 43
153.2742155525239
 71
     2
 72
     1
 44
2047.873289513169
 45
12.5
 73
     0
 74
     0
 46
0.0
  0
MTEXT
  5
BC1
330
1F
100
AcDbEntity
  8
0
100
AcDbMText
 10
13941.35378537374
 20
13936.20646100361
 30
0.0
 40
150.0
 41
2047.873289513169
 46
0.0
 71
     1
 72
     5
  1
4 
 73
     1
 44
1.0
101
Embedded Object
 70
     1
 10
1.0
 20
0.0
 30
0.0
 11
13941.35378537374
 21
13936.20646100361
 31
0.0
 40
2047.873289513169
 41
0.0
 42
103.7517053206002
 43
150.0
 71
     2
 72
     1
 44
2047.873289513169
 45
12.5
 73
     0
 74
     0
 46
0.0
  0
MTEXT
  5
BC2
330
1F
100
AcDbEntity
  8
0
100
AcDbMText
 10
14918.20070407307
 20
13936.20646100361
 30
0.0
 40
150.0
 41
2047.873289513169
 46
0.0
 71
     1
 72
     5
  1
5m 
 73
     1
 44
1.0
101
Embedded Object
 70
     1
 10
1.0
 20
0.0
 30
0.0
 11
14918.20070407307
 21
13936.20646100361
 31
0.0
 40
2047.873289513169
 41
0.0
 42
268.8949522510232
 43
152.5579809004093
 71
     2
 72
     1
 44
2047.873289513169
 45
12.5
 73
     0
 74
     0
 46
0.0
  0
LINE
  5
DB1
330
1F
100
AcDbEntity
  8
0
100
AcDbLine
 10
13342.4620324997
 20
37782.2291755579
 30
0.0
 11
13342.4620324997
 21
37332.2291755579
 31
0.0
  0
LINE
  5
DB2
330
1F
100
AcDbEntity
  8
wall
100
AcDbLine
 10
15307.46203249972
 20
44427.69927280862
 30
0.0
 11
13927.46203249974
 21
44427.69927280862
 31
0.0
  0
LINE
  5
DB3
330
1F
100
AcDbEntity
  8
wall
100
AcDbLine
 10
12427.46203249975
 20
44427.69927280862
 30
0.0
 11
8064.873595096752
 21
44427.69927280862
 31
0.0
  0
LINE
  5
DB4
330
1F
100
AcDbEntity
  8
wall
100
AcDbLine
 10
6064.873595096752
 20
44427.69927280862
 30
0.0
 11
5467.462032499692
 21
44427.69927280862
 31
0.0
  0
LINE
  5
DB5
330
1F
100
AcDbEntity
  8
wall
100
AcDbLine
 10
4567.462032499693
 20
44427.69927280862
 30
0.0
 11
4237.462032499707
 21
44427.69927280862
 31
0.0
  0
LINE
  5
DB6
330
1F
100
AcDbEntity
  8
ELE 2
100
AcDbLine
 10
6064.873595096752
 20
45627.69927280862
 30
0.0
 11
2297.430542516115
 21
45627.69927280862
 31
0.0
  0
LINE
  5
DB7
330
1F
100
AcDbEntity
  8
wall
100
AcDbLine
 10
4237.462032499709
 20
44427.69927280862
 30
0.0
 11
7.462032499723276
 21
44427.69927280862
 31
0.0
  0
LINE
  5
DB8
330
1F
100
AcDbEntity
  8
wall
100
AcDbLine
 10
15077.46203249971
 20
44197.69927280862
 30
0.0
 11
13927.46203249974
 21
44197.69927280862
 31
0.0
  0
LINE
  5
DB9
330
1F
100
AcDbEntity
  8
wall
100
AcDbLine
 10
12427.46203249974
 20
44197.69927280862
 30
0.0
 11
11277.46203249974
 21
44197.69927280862
 31
0.0
  0
LINE
  5
DBA
330
1F
100
AcDbEntity
  8
wall
100
AcDbLine
 10
11277.46203249975
 20
44097.69927280861
 30
0.0
 11
11047.46203249975
 21
44097.69927280861
 31
0.0
  0
LINE
  5
DBB
330
1F
100
AcDbEntity
  8
wall
100
AcDbLine
 10
11277.46203249975
 20
43097.69927280863
 30
0.0
 11
11047.46203249973
 21
43097.69927280863
 31
0.0
  0
LINE
  5
DBC
330
1F
100
AcDbEntity
  8
wall
100
AcDbLine
 10
11047.46203249975
 20
44197.69927280862
 30
0.0
 11
8064.873595096752
 21
44197.6992728086
 31
0.0
  0
LINE
  5
DBD
330
1F
100
AcDbEntity
  8
wall
100
AcDbLine
 10
6064.873595096752
 20
44197.6992728086
 30
0.0
 11
5467.462032499708
 21
44197.6992728086
 31
0.0
  0
LINE
  5
DBE
330
1F
100
AcDbEntity
  8
wall
100
AcDbLine
 10
4567.462032499707
 20
44197.6992728086
 30
0.0
 11
4467.462032499708
 21
44197.69927280862
 31
0.0
  0
LINE
  5
DBF
330
1F
100
AcDbEntity
  8
ELE 2
100
AcDbLine
 10
5667.462032499709
 20
42997.69927280862
 30
0.0
 11
5647.462032499709
 21
42997.69927280862
 31
0.0
  0
LINE
  5
DC0
330
1F
100
AcDbEntity
  8
ELE 2
100
AcDbLine
 10
5627.462032499709
 20
42997.69927280862
 30
0.0
 11
4467.462032499708
 21
42997.69927280862
 31
0.0
  0
LINE
  5
DC1
330
1F
100
AcDbEntity
  8
wall
100
AcDbLine
 10
11047.46203249971
 20
41747.69927280863
 30
0.0
 11
9297.462032499737
 21
41747.6992728086
 31
0.0
  0
LINE
  5
DC2
330
1F
100
AcDbEntity
  8
wall
100
AcDbLine
 10
11277.46203249971
 20
41517.69927280861
 30
0.0
 11
9297.462032499723
 21
41517.6992728086
 31
0.0
  0
LINE
  5
DC3
330
1F
100
AcDbEntity
  8
wall
100
AcDbLine
 10
15077.46203249971
 20
40197.69927280862
 30
0.0
 11
10395.62631215741
 21
40197.69927280862
 31
0.0
  0
LINE
  5
DC4
330
1F
100
AcDbEntity
  8
wall
100
AcDbLine
 10
9397.462032499708
 20
40197.69927280862
 30
0.0
 11
9297.462032499723
 21
40197.69927280862
 31
0.0
  0
LINE
  5
DC5
330
1F
100
AcDbEntity
  8
ELE 1
100
AcDbLine
 10
9067.462032499692
 20
39897.69927280862
 30
0.0
 11
5967.462032499695
 21
39897.69927280862
 31
0.0
  0
LINE
  5
DC6
330
1F
100
AcDbEntity
  8
ELE 1
100
AcDbLine
 10
9067.462032499692
 20
39597.69927280862
 30
0.0
 11
6267.462032499697
 21
39597.69927280862
 31
0.0
  0
LINE
  5
DC7
330
1F
100
AcDbEntity
  8
wall
100
AcDbLine
 10
9397.462032499722
 20
39967.69927280862
 30
0.0
 11
9297.46203249971
 21
39967.69927280862
 31
0.0
  0
LINE
  5
DC8
330
1F
100
AcDbEntity
  8
wall
100
AcDbLine
 10
15307.46203249972
 20
39967.69927280862
 30
0.0
 11
14687.46203249969
 21
39967.69927280862
 31
0.0
  0
LINE
  5
DC9
330
1F
100
AcDbEntity
  8
wall
100
AcDbLine
 10
14457.46203249972
 20
39967.69927280862
 30
0.0
 11
13457.46203249969
 21
39967.69927280862
 31
0.0
  0
LINE
  5
DCA
330
1F
100
AcDbEntity
  8
wall
100
AcDbLine
 10
13227.46203249971
 20
39967.69927280862
 30
0.0
 11
11277.46203249971
 21
39967.69927280862
 31
0.0
  0
LINE
  5
DCB
330
1F
100
AcDbEntity
  8
wall
100
AcDbLine
 10
11047.46203249971
 20
39967.69927280862
 30
0.0
 11
10395.62631215741
 21
39967.69927280865
 31
0.0
  0
LINE
  5
DCC
330
1F
100
AcDbEntity
  8
wall
100
AcDbLine
 10
9397.462032499708
 20
39967.69927280862
 30
0.0
 11
9297.46203249971
 21
39967.69927280862
 31
0.0
  0
LINE
  5
DCD
330
1F
100
AcDbEntity
  8
wall
100
AcDbLine
 10
14457.46203249972
 20
38967.69927280862
 30
0.0
 11
13457.46203249971
 21
38967.69927280862
 31
0.0
  0
LINE
  5
DCE
330
1F
100
AcDbEntity
  8
wall
100
AcDbLine
 10
14687.46203249969
 20
38737.69927280862
 30
0.0
 11
13457.46203249971
 21
38737.69927280862
 31
0.0
  0
LINE
  5
DCF
330
1F
100
AcDbEntity
  8
wall
100
AcDbLine
 10
15307.46203249969
 20
36917.69927280862
 30
0.0
 11
13457.46203249971
 21
36917.69927280862
 31
0.0
  0
LINE
  5
DD0
330
1F
100
AcDbEntity
  8
wall
100
AcDbLine
 10
13227.46203249971
 20
36917.69927280862
 30
0.0
 11
11277.46203249969
 21
36917.69927280862
 31
0.0
  0
LINE
  5
DD1
330
1F
100
AcDbEntity
  8
wall
100
AcDbLine
 10
15307.46203249969
 20
36687.69927280865
 30
0.0
 11
9067.462032499681
 21
36687.6992728086
 31
0.0
  0
LINE
  5
DD2
330
1F
100
AcDbEntity
  8
wall
100
AcDbLine
 10
11047.46203249969
 20
36917.69927280862
 30
0.0
 11
9297.46203249971
 21
36917.69927280862
 31
0.0
  0
LINE
  5
DD3
330
1F
100
AcDbEntity
  8
FURN
100
AcDbLine
 10
10597.46203249971
 20
37367.69927280862
 30
0.0
 11
9747.462032499724
 21
37367.69927280862
 31
0.0
  0
LINE
  5
DD4
330
1F
100
AcDbEntity
  8
ELE 2
100
AcDbLine
 10
9067.462032499724
 20
36687.69927280862
 30
0.0
 11
5667.462032499722
 21
36687.69927280862
 31
0.0
  0
LINE
  5
DD5
330
1F
100
AcDbEntity
  8
ELE 1
100
AcDbLine
 10
9067.462032499724
 20
36987.69927280862
 30
0.0
 11
5967.462032499707
 21
36987.69927280862
 31
0.0
  0
LINE
  5
DD6
330
1F
100
AcDbEntity
  8
ELE 1
100
AcDbLine
 10
9067.462032499724
 20
37287.69927280862
 30
0.0
 11
6267.462032499707
 21
37287.69927280862
 31
0.0
  0
LINE
  5
DD7
330
1F
100
AcDbEntity
  8
ELE 2
100
AcDbLine
 10
5667.462032499722
 20
32607.69927280862
 30
0.0
 11
7.462032499723276
 21
32607.69927280862
 31
0.0
  0
LINE
  5
DD8
330
1F
100
AcDbEntity
  8
wall
100
AcDbLine
 10
15307.46203249972
 20
44427.69927280862
 30
0.0
 11
15307.46203249972
 21
42947.69927280862
 31
0.0
  0
LINE
  5
DD9
330
1F
100
AcDbEntity
  8
wall
100
AcDbLine
 10
15307.46203249972
 20
41447.69927280862
 30
0.0
 11
15307.46203249971
 21
39967.69927280862
 31
0.0
  0
LINE
  5
DDA
330
1F
100
AcDbEntity
  8
wall
100
AcDbLine
 10
15077.46203249971
 20
44197.69927280862
 30
0.0
 11
15077.46203249971
 21
42947.69927280862
 31
0.0
  0
LINE
  5
DDB
330
1F
100
AcDbEntity
  8
wall
100
AcDbLine
 10
15077.46203249971
 20
41447.69927280862
 30
0.0
 11
15077.46203249971
 21
40197.69927280862
 31
0.0
  0
LINE
  5
DDC
330
1F
100
AcDbEntity
  8
ELE 2
100
AcDbLine
 10
15307.46203249969
 20
36917.69927280862
 30
0.0
 11
15307.46203249971
 21
31607.69927280862
 31
0.0
  0
LINE
  5
DDD
330
1F
100
AcDbEntity
  8
wall
100
AcDbLine
 10
11277.46203249975
 20
44197.69927280862
 30
0.0
 11
11277.46203249976
 21
44097.69927280861
 31
0.0
  0
LINE
  5
DDE
330
1F
100
AcDbEntity
  8
wall
100
AcDbLine
 10
11277.46203249972
 20
43097.69927280863
 30
0.0
 11
11277.46203249971
 21
41517.6992728086
 31
0.0
  0
LINE
  5
DDF
330
1F
100
AcDbEntity
  8
wall
100
AcDbLine
 10
11277.46203249971
 20
39967.69927280862
 30
0.0
 11
11277.46203249971
 21
39153.21008220182
 31
0.0
  0
LINE
  5
DE0
330
1F
100
AcDbEntity
  8
wall
100
AcDbLine
 10
11277.46203249971
 20
38303.21008220182
 30
0.0
 11
11277.46203249971
 21
36917.69927280862
 31
0.0
  0
LINE
  5
DE1
330
1F
100
AcDbEntity
  8
wall
100
AcDbLine
 10
13227.46203249971
 20
39967.69927280862
 30
0.0
 11
13227.46203249971
 21
37782.2291755579
 31
0.0
  0
LINE
  5
DE2
330
1F
100
AcDbEntity
  8
wall
100
AcDbLine
 10
13227.46203249971
 20
37332.2291755579
 30
0.0
 11
13227.46203249971
 21
36917.69927280862
 31
0.0
  0
LINE
  5
DE3
330
1F
100
AcDbEntity
  8
wall
100
AcDbLine
 10
13457.46203249971
 20
39967.69927280862
 30
0.0
 11
13457.46203249969
 21
38967.6992728086
 31
0.0
  0
LINE
  5
DE4
330
1F
100
AcDbEntity
  8
wall
100
AcDbLine
 10
13457.46203249969
 20
38737.69927280861
 30
0.0
 11
13457.46203249969
 21
37782.2291755579
 31
0.0
  0
LINE
  5
DE5
330
1F
100
AcDbEntity
  8
wall
100
AcDbLine
 10
13457.46203249969
 20
37332.2291755579
 30
0.0
 11
13457.46203249969
 21
36917.69927280862
 31
0.0
  0
LINE
  5
DE6
330
1F
100
AcDbEntity
  8
wall
100
AcDbLine
 10
14457.46203249969
 20
39967.69927280862
 30
0.0
 11
14457.4620324997
 21
39767.69927280862
 31
0.0
  0
LINE
  5
DE7
330
1F
100
AcDbEntity
  8
wall
100
AcDbLine
 10
14457.46203249972
 20
39167.69927280862
 30
0.0
 11
14457.46203249972
 21
38967.69927280862
 31
0.0
  0
LINE
  5
DE8
330
1F
100
AcDbEntity
  8
wall
100
AcDbLine
 10
14687.46203249969
 20
39967.69927280862
 30
0.0
 11
14687.4620324997
 21
39767.69927280862
 31
0.0
  0
LINE
  5
DE9
330
1F
100
AcDbEntity
  8
wall
100
AcDbLine
 10
14687.46203249971
 20
39167.69927280862
 30
0.0
 11
14687.46203249972
 21
38737.69927280862
 31
0.0
  0
LINE
  5
DEA
330
1F
100
AcDbEntity
  8
wall
100
AcDbLine
 10
11047.46203249971
 20
44197.69927280862
 30
0.0
 11
11047.46203249971
 21
44097.69927280865
 31
0.0
  0
LINE
  5
DEB
330
1F
100
AcDbEntity
  8
wall
100
AcDbLine
 10
11047.46203249971
 20
43097.69927280863
 30
0.0
 11
11047.46203249971
 21
41747.69927280862
 31
0.0
  0
LINE
  5
DEC
330
1F
100
AcDbEntity
  8
wall
100
AcDbLine
 10
11047.46203249971
 20
39967.69927280862
 30
0.0
 11
11047.46203249971
 21
39153.21008220182
 31
0.0
  0
LINE
  5
DED
330
1F
100
AcDbEntity
  8
wall
100
AcDbLine
 10
11047.46203249971
 20
38303.21008220182
 30
0.0
 11
11047.46203249971
 21
36917.69927280862
 31
0.0
  0
LINE
  5
DEE
330
1F
100
AcDbEntity
  8
FURN
100
AcDbLine
 10
10597.4620324997
 20
38303.21008220182
 30
0.0
 11
10597.46203249971
 21
37367.69927280862
 31
0.0
  0
LINE
  5
DEF
330
1F
100
AcDbEntity
  8
wall
100
AcDbLine
 10
10395.62631215741
 20
39967.69927280865
 30
0.0
 11
10395.62631215741
 21
39967.69927280864
 31
0.0
  0
LINE
  5
DF0
330
1F
100
AcDbEntity
  8
wall
100
AcDbLine
 10
9297.462032499723
 20
42997.69927280862
 30
0.0
 11
9297.462032499723
 21
41747.6992728086
 31
0.0
  0
LINE
  5
DF1
330
1F
100
AcDbEntity
  8
wall
100
AcDbLine
 10
9297.462032499723
 20
41517.6992728086
 30
0.0
 11
9297.462032499723
 21
40197.69927280862
 31
0.0
  0
LINE
  5
DF2
330
1F
100
AcDbEntity
  8
wall
100
AcDbLine
 10
9297.462032499723
 20
39967.69927280862
 30
0.0
 11
9297.462032499723
 21
36917.69927280862
 31
0.0
  0
LINE
  5
DF3
330
1F
100
AcDbEntity
  8
FURN
100
AcDbLine
 10
9747.462032499724
 20
39155.3104834085
 30
0.0
 11
9747.462032499724
 21
37367.69927280862
 31
0.0
  0
LINE
  5
DF4
330
1F
100
AcDbEntity
  8
wall
100
AcDbLine
 10
9067.462032499724
 20
42997.69927280862
 30
0.0
 11
9067.462032499724
 21
40197.69927280862
 31
0.0
  0
LINE
  5
DF5
330
1F
100
AcDbEntity
  8
wall
100
AcDbLine
 10
9067.462032499724
 20
39967.69927280862
 30
0.0
 11
9067.462032499724
 21
36687.69927280862
 31
0.0
  0
LINE
  5
DF6
330
1F
100
AcDbEntity
  8
wall
100
AcDbLine
 10
4467.462032499709
 20
44427.69927280862
 30
0.0
 11
4467.462032499695
 21
40197.69927280863
 31
0.0
  0
LINE
  5
DF7
330
1F
100
AcDbEntity
  8
wall
100
AcDbLine
 10
4237.462032499709
 20
44427.69927280862
 30
0.0
 11
4237.462032499693
 21
39967.69927280862
 31
0.0
  0
LINE
  5
DF8
330
1F
100
AcDbEntity
  8
ELE 2
100
AcDbLine
 10
5667.462032499709
 20
44197.69927280862
 30
0.0
 11
5667.46203249971
 21
43037.69927280861
 31
0.0
  0
LINE
  5
DF9
330
1F
100
AcDbEntity
  8
ELE 2
100
AcDbLine
 10
5667.462032499709
 20
43017.6992728086
 30
0.0
 11
5667.462032499709
 21
41197.69927280861
 31
0.0
  0
LINE
  5
DFA
330
1F
100
AcDbEntity
  8
ELE 2
100
AcDbLine
 10
5647.462032499709
 20
43017.69927280862
 30
0.0
 11
5647.462032499709
 21
41197.69927280861
 31
0.0
  0
LINE
  5
DFB
330
1F
100
AcDbEntity
  8
ELE 2
100
AcDbLine
 10
5627.462032499709
 20
43037.69927280861
 30
0.0
 11
5627.462032499709
 21
41197.69927280861
 31
0.0
  0
LINE
  5
DFC
330
1F
100
AcDbEntity
  8
ELE 2
100
AcDbLine
 10
5667.462032499695
 20
39967.69927280862
 30
0.0
 11
5667.462032499709
 21
36687.69927280862
 31
0.0
  0
LINE
  5
DFD
330
1F
100
AcDbEntity
  8
ELE 1
100
AcDbLine
 10
5967.462032499695
 20
39897.69927280862
 30
0.0
 11
5967.462032499708
 21
36987.69927280862
 31
0.0
  0
LINE
  5
DFE
330
1F
100
AcDbEntity
  8
ELE 1
100
AcDbLine
 10
6267.462032499697
 20
39597.69927280862
 30
0.0
 11
6267.462032499705
 21
37287.69927280862
 31
0.0
  0
LINE
  5
DFF
330
1F
100
AcDbEntity
  8
ELE 2
100
AcDbLine
 10
5667.462032499738
 20
32607.69927280861
 30
0.0
 11
5667.462032499738
 21
32007.69927280862
 31
0.0
  0
LINE
  5
E00
330
1F
100
AcDbEntity
  8
ELE 2
100
AcDbLine
 10
7.462032499723276
 20
44427.69927280862
 30
0.0
 11
7.462032499723276
 21
38102.69927280862
 31
0.0
  0
LINE
  5
E01
330
1F
100
AcDbEntity
  8
ELE 2
100
AcDbLine
 10
7.462032499723276
 20
37102.69927280863
 30
0.0
 11
7.462032499723276
 21
32607.69927280862
 31
0.0
  0
LINE
  5
E02
330
1F
100
AcDbEntity
  8
ELE 2
100
AcDbLine
 10
5967.462032499708
 20
42997.69927280862
 30
0.0
 11
5967.462032499708
 21
43017.69927280862
 31
0.0
  0
LINE
  5
E03
330
1F
100
AcDbEntity
  8
ELE 2
100
AcDbLine
 10
5967.462032499708
 20
43037.69927280861
 30
0.0
 11
5967.462032499708
 21
44197.69927280862
 31
0.0
  0
LINE
  5
E04
330
1F
100
AcDbEntity
  8
ELE 2
100
AcDbLine
 10
6267.462032499708
 20
42997.69927280862
 30
0.0
 11
6267.462032499708
 21
43017.6992728086
 31
0.0
  0
LINE
  5
E05
330
1F
100
AcDbEntity
  8
ELE 2
100
AcDbLine
 10
6267.462032499708
 20
43037.69927280861
 30
0.0
 11
6267.462032499708
 21
44197.69927280862
 31
0.0
  0
LINE
  5
E06
330
1F
100
AcDbEntity
  8
ELE 2
100
AcDbLine
 10
6567.462032499708
 20
42997.69927280862
 30
0.0
 11
6567.462032499708
 21
43017.6992728086
 31
0.0
  0
LINE
  5
E07
330
1F
100
AcDbEntity
  8
ELE 2
100
AcDbLine
 10
6567.462032499708
 20
43037.69927280861
 30
0.0
 11
6567.462032499708
 21
44197.69927280862
 31
0.0
  0
LINE
  5
E08
330
1F
100
AcDbEntity
  8
ELE 2
100
AcDbLine
 10
6867.462032499708
 20
42997.69927280862
 30
0.0
 11
6867.462032499708
 21
43017.6992728086
 31
0.0
  0
LINE
  5
E09
330
1F
100
AcDbEntity
  8
ELE 2
100
AcDbLine
 10
6867.462032499708
 20
43037.69927280861
 30
0.0
 11
6867.462032499708
 21
44197.69927280862
 31
0.0
  0
LINE
  5
E0A
330
1F
100
AcDbEntity
  8
ELE 2
100
AcDbLine
 10
7167.462032499708
 20
42997.69927280862
 30
0.0
 11
7167.46203249971
 21
43017.6992728086
 31
0.0
  0
LINE
  5
E0B
330
1F
100
AcDbEntity
  8
ELE 2
100
AcDbLine
 10
7167.46203249971
 20
43037.69927280861
 30
0.0
 11
7167.462032499708
 21
44197.69927280862
 31
0.0
  0
LINE
  5
E0C
330
1F
100
AcDbEntity
  8
ELE 2
100
AcDbLine
 10
7467.462032499708
 20
42997.69927280862
 30
0.0
 11
7467.462032499708
 21
43017.6992728086
 31
0.0
  0
LINE
  5
E0D
330
1F
100
AcDbEntity
  8
ELE 2
100
AcDbLine
 10
7467.462032499708
 20
43037.69927280861
 30
0.0
 11
7467.462032499708
 21
44197.69927280862
 31
0.0
  0
LINE
  5
E0E
330
1F
100
AcDbEntity
  8
ELE 2
100
AcDbLine
 10
7767.462032499709
 20
42997.69927280862
 30
0.0
 11
7767.462032499709
 21
43017.6992728086
 31
0.0
  0
LINE
  5
E0F
330
1F
100
AcDbEntity
  8
ELE 2
100
AcDbLine
 10
7767.462032499709
 20
43037.69927280861
 30
0.0
 11
7767.462032499709
 21
44197.69927280862
 31
0.0
  0
LINE
  5
E10
330
1F
100
AcDbEntity
  8
ELE 2
100
AcDbLine
 10
8067.462032499708
 20
42997.69927280862
 30
0.0
 11
8067.462032499708
 21
43017.6992728086
 31
0.0
  0
LINE
  5
E11
330
1F
100
AcDbEntity
  8
ELE 2
100
AcDbLine
 10
8067.462032499708
 20
43037.69927280861
 30
0.0
 11
8067.462032499708
 21
44197.69927280862
 31
0.0
  0
LINE
  5
E12
330
1F
100
AcDbEntity
  8
ELE 2
100
AcDbLine
 10
8367.462032499707
 20
42997.69927280862
 30
0.0
 11
8367.462032499707
 21
43017.6992728086
 31
0.0
  0
LINE
  5
E13
330
1F
100
AcDbEntity
  8
ELE 2
100
AcDbLine
 10
8367.462032499707
 20
43037.69927280861
 30
0.0
 11
8367.462032499707
 21
44197.69927280862
 31
0.0
  0
LINE
  5
E14
330
1F
100
AcDbEntity
  8
ELE 2
100
AcDbLine
 10
8667.46203249971
 20
42997.69927280862
 30
0.0
 11
8667.46203249971
 21
43017.6992728086
 31
0.0
  0
LINE
  5
E15
330
1F
100
AcDbEntity
  8
ELE 2
100
AcDbLine
 10
8667.46203249971
 20
43037.69927280861
 30
0.0
 11
8667.46203249971
 21
44197.69927280862
 31
0.0
  0
LINE
  5
E16
330
1F
100
AcDbEntity
  8
ELE 2
100
AcDbLine
 10
8967.462032499707
 20
42997.69927280862
 30
0.0
 11
8967.462032499707
 21
43017.6992728086
 31
0.0
  0
LINE
  5
E17
330
1F
100
AcDbEntity
  8
ELE 2
100
AcDbLine
 10
8967.462032499707
 20
43037.69927280861
 30
0.0
 11
8967.462032499707
 21
44197.69927280862
 31
0.0
  0
LINE
  5
E18
330
1F
100
AcDbEntity
  8
ELE 2
100
AcDbLine
 10
9297.462032499723
 20
42997.69927280862
 30
0.0
 11
9297.462032499723
 21
43017.69927280862
 31
0.0
  0
LINE
  5
E19
330
1F
100
AcDbEntity
  8
ELE 2
100
AcDbLine
 10
9297.462032499723
 20
43037.69927280861
 30
0.0
 11
9297.462032499723
 21
44197.69927280862
 31
0.0
  0
LINE
  5
E1A
330
1F
100
AcDbEntity
  8
ELE 2
100
AcDbLine
 10
4467.462032499708
 20
42697.69927280862
 30
0.0
 11
5627.462032499709
 21
42697.69927280862
 31
0.0
  0
LINE
  5
E1B
330
1F
100
AcDbEntity
  8
ELE 2
100
AcDbLine
 10
5647.462032499709
 20
42697.69927280862
 30
0.0
 11
5667.462032499709
 21
42697.69927280862
 31
0.0
  0
LINE
  5
E1C
330
1F
100
AcDbEntity
  8
ELE 2
100
AcDbLine
 10
4467.462032499708
 20
42397.69927280861
 30
0.0
 11
5627.462032499709
 21
42397.69927280861
 31
0.0
  0
LINE
  5
E1D
330
1F
100
AcDbEntity
  8
ELE 2
100
AcDbLine
 10
5647.462032499709
 20
42397.69927280861
 30
0.0
 11
5667.462032499709
 21
42397.69927280861
 31
0.0
  0
LINE
  5
E1E
330
1F
100
AcDbEntity
  8
ELE 2
100
AcDbLine
 10
4467.462032499708
 20
42097.69927280862
 30
0.0
 11
5627.462032499709
 21
42097.69927280862
 31
0.0
  0
LINE
  5
E1F
330
1F
100
AcDbEntity
  8
ELE 2
100
AcDbLine
 10
5647.462032499709
 20
42097.69927280862
 30
0.0
 11
5667.462032499709
 21
42097.69927280862
 31
0.0
  0
LINE
  5
E20
330
1F
100
AcDbEntity
  8
ELE 2
100
AcDbLine
 10
4467.462032499708
 20
41797.69927280862
 30
0.0
 11
5627.462032499709
 21
41797.69927280862
 31
0.0
  0
LINE
  5
E21
330
1F
100
AcDbEntity
  8
ELE 2
100
AcDbLine
 10
5647.462032499709
 20
41797.69927280862
 30
0.0
 11
5667.462032499709
 21
41797.69927280862
 31
0.0
  0
LINE
  5
E22
330
1F
100
AcDbEntity
  8
ELE 2
100
AcDbLine
 10
4467.462032499708
 20
41497.69927280861
 30
0.0
 11
5627.462032499709
 21
41497.69927280861
 31
0.0
  0
LINE
  5
E23
330
1F
100
AcDbEntity
  8
ELE 2
100
AcDbLine
 10
5647.462032499709
 20
41497.69927280861
 30
0.0
 11
5667.462032499709
 21
41497.69927280861
 31
0.0
  0
LINE
  5
E24
330
1F
100
AcDbEntity
  8
ELE 2
100
AcDbLine
 10
4467.462032499708
 20
41197.69927280861
 30
0.0
 11
5667.462032499709
 21
41197.69927280861
 31
0.0
  0
LINE
  5
E25
330
1F
100
AcDbEntity
  8
wall
100
AcDbLine
 10
12427.46203249974
 20
44427.69927280862
 30
0.0
 11
12427.46203249974
 21
44197.69927280862
 31
0.0
  0
LINE
  5
E26
330
1F
100
AcDbEntity
  8
wall
100
AcDbLine
 10
13927.46203249974
 20
44427.69927280862
 30
0.0
 11
13927.46203249974
 21
44197.69927280862
 31
0.0
  0
LINE
  5
E27
330
1F
100
AcDbEntity
  8
wall
100
AcDbLine
 10
15307.46203249971
 20
41447.69927280862
 30
0.0
 11
15077.46203249971
 21
41447.69927280862
 31
0.0
  0
LINE
  5
E28
330
1F
100
AcDbEntity
  8
wall
100
AcDbLine
 10
15307.46203249972
 20
42947.69927280862
 30
0.0
 11
15077.46203249971
 21
42947.69927280862
 31
0.0
  0
LINE
  5
E29
330
1F
100
AcDbEntity
  8
SILL
100
AcDbLine
 10
12427.46203249974
 20
44427.69927280862
 30
0.0
 11
13927.46203249974
 21
44427.69927280862
 31
0.0
  0
LINE
  5
E2A
330
1F
100
AcDbEntity
  8
SILL
100
AcDbLine
 10
12427.46203249974
 20
44197.69927280862
 30
0.0
 11
13927.46203249974
 21
44197.69927280862
 31
0.0
  0
LINE
  5
E2B
330
1F
100
AcDbEntity
  8
SILL
100
AcDbLine
 10
15307.46203249972
 20
42947.69927280862
 30
0.0
 11
15307.46203249971
 21
41447.69927280862
 31
0.0
  0
LINE
  5
E2C
330
1F
100
AcDbEntity
  8
SILL
100
AcDbLine
 10
15077.46203249971
 20
42947.69927280862
 30
0.0
 11
15077.46203249971
 21
41447.69927280862
 31
0.0
  0
LINE
  5
E2D
330
1F
100
AcDbEntity
  8
wall
100
AcDbLine
 10
9397.462032499708
 20
40197.69927280862
 30
0.0
 11
9397.462032499708
 21
39967.69927280862
 31
0.0
  0
LINE
  5
E2E
330
1F
100
AcDbEntity
  8
ELE 1
100
AcDbLine
 10
14657.46203249971
 20
38737.69927280862
 30
0.0
 11
14657.46203249971
 21
36917.69927280862
 31
0.0
  0
LINE
  5
E2F
330
1F
100
AcDbEntity
  8
ELE 2
100
AcDbLine
 10
5667.462032499738
 20
32007.69927280862
 30
0.0
 11
9067.462032499724
 21
32007.69927280873
 31
0.0
  0
LINE
  5
E30
330
1F
100
AcDbEntity
  8
0
100
AcDbLine
 10
6064.873595096752
 20
44427.69927280862
 30
0.0
 11
6064.873595096752
 21
44197.6992728086
 31
0.0
  0
LINE
  5
E31
330
1F
100
AcDbEntity
  8
0
100
AcDbLine
 10
8064.873595096752
 20
44427.69927280862
 30
0.0
 11
8064.873595096768
 21
44197.69927280862
 31
0.0
  0
LINE
  5
E32
330
1F
100
AcDbEntity
  8
SILL
100
AcDbLine
 10
6064.873595096752
 20
44197.6992728086
 30
0.0
 11
8064.873595096768
 21
44197.69927280874
 31
0.0
  0
LINE
  5
E33
330
1F
100
AcDbEntity
  8
SILL
100
AcDbLine
 10
6064.873595096752
 20
44427.69927280862
 30
0.0
 11
8064.873595096752
 21
44427.69927280875
 31
0.0
  0
LINE
  5
E34
330
1F
100
AcDbEntity
  8
wall
100
AcDbLine
 10
8064.873595096752
 20
44427.69927280875
 30
0.0
 11
8064.873595096768
 21
44197.69927280874
 31
0.0
  0
LINE
  5
E35
330
1F
100
AcDbEntity
  8
wall
100
AcDbLine
 10
6064.873595096752
 20
44427.69927280862
 30
0.0
 11
6064.873595096752
 21
44197.6992728086
 31
0.0
  0
LINE
  5
E36
330
1F
100
AcDbEntity
  8
ELE 2
100
AcDbLine
 10
9067.462032499724
 20
31607.69927280862
 30
0.0
 11
15307.46203249972
 21
31607.69927280862
 31
0.0
  0
LINE
  5
E37
330
1F
100
AcDbEntity
  8
ELE 1
100
AcDbLine
 10
11242.60165935387
 20
44065.75801585971
 30
0.0
 11
12176.88342511661
 21
44065.7580158597
 31
0.0
  0
LINE
  5
E38
330
1F
100
AcDbEntity
  8
ELE 1
100
AcDbLine
 10
11242.60165935387
 20
44029.25372220284
 30
0.0
 11
12176.13812899166
 21
44029.25372220284
 31
0.0
  0
LWPOLYLINE
  5
E39
330
1F
100
AcDbEntity
  8
ELE 1
100
AcDbPolyline
 90
        2
 70
     0
 43
0.0
 10
11242.60165935387
 20
44065.75801585971
 10
11242.60165935387
 20
44029.25372220284
  0
ARC
  5
E3A
330
1F
100
AcDbEntity
  8
ABOVE-DOTTED
100
AcDbCircle
 10
11213.29351469763
 20
44095.06616051546
 30
0.0
 40
964.0355194694748
100
AcDbArc
 50
271.7421471932096
 51
358.2578528067866
  0
LWPOLYLINE
  5
E3B
330
1F
100
AcDbEntity
  8
ELE 1
100
AcDbPolyline
 90
        8
 70
     1
 43
0.0
 10
11242.60165935385
 20
43099.5349931509
 10
11060.08019107625
 20
43099.5349931509
 10
11060.08019107625
 20
43131.47625009981
 10
11105.71055814566
 20
43131.47625009981
 10
11105.71055814566
 20
43145.1653602203
 10
11196.97129228445
 20
43145.1653602203
 10
11196.97129228445
 20
43131.47625009981
 10
11242.60165935385
 20
43131.47625009981
  0
LINE
  5
E3C
330
1F
100
AcDbEntity
  8
ELE 1
100
AcDbLine
 10
11242.60165935387
 20
44097.69927280861
 30
0.0
 11
11060.08019107625
 21
44097.69927280861
 31
0.0
  0
LINE
  5
E3D
330
1F
100
AcDbEntity
  8
ELE 1
100
AcDbLine
 10
11060.08019107625
 20
44097.69927280861
 30
0.0
 11
11060.08019107625
 21
44065.75801585971
 31
0.0
  0
LINE
  5
E3E
330
1F
100
AcDbEntity
  8
ELE 1
100
AcDbLine
 10
11060.08019107625
 20
44065.75801585971
 30
0.0
 11
11105.71055814566
 21
44065.75801585971
 31
0.0
  0
LINE
  5
E3F
330
1F
100
AcDbEntity
  8
ELE 1
100
AcDbLine
 10
11105.71055814566
 20
44065.75801585971
 30
0.0
 11
11105.71055814566
 21
44052.06890573921
 31
0.0
  0
LINE
  5
E40
330
1F
100
AcDbEntity
  8
ELE 1
100
AcDbLine
 10
11105.71055814566
 20
44052.06890573921
 30
0.0
 11
11196.97129228446
 21
44052.06890573921
 31
0.0
  0
LINE
  5
E41
330
1F
100
AcDbEntity
  8
ELE 1
100
AcDbLine
 10
11196.97129228446
 20
44052.06890573921
 30
0.0
 11
11196.97129228446
 21
44065.75801585971
 31
0.0
  0
LINE
  5
E42
330
1F
100
AcDbEntity
  8
ELE 1
100
AcDbLine
 10
11196.97129228446
 20
44065.75801585971
 30
0.0
 11
11242.60165935387
 21
44065.75801585971
 31
0.0
  0
LINE
  5
E43
330
1F
100
AcDbEntity
  8
ELE 1
100
AcDbLine
 10
11242.60165935387
 20
44065.75801585971
 30
0.0
 11
11242.60165935387
 21
44097.69927280861
 31
0.0
  0
LINE
  5
E44
330
1F
100
AcDbEntity
  8
ELE 2
100
AcDbLine
 10
5667.462032499694
 20
40197.69927280862
 30
0.0
 11
9067.462032499692
 21
40197.69927280862
 31
0.0
  0
LINE
  5
E45
330
1F
100
AcDbEntity
  8
ELE 2
100
AcDbLine
 10
2297.430542516115
 20
45627.69927280862
 30
0.0
 11
2297.430542516115
 21
44427.69927280862
 31
0.0
  0
LINE
  5
E46
330
1F
100
AcDbEntity
  8
ELE 2
100
AcDbLine
 10
6064.873595096752
 20
45627.69927280862
 30
0.0
 11
6064.873595096752
 21
44427.69927280862
 31
0.0
  0
LINE
  5
E47
330
1F
100
AcDbEntity
  8
wall
100
AcDbLine
 10
4567.462032499707
 20
44197.69927280862
 30
0.0
 11
4567.462032499707
 21
44427.69927280862
 31
0.0
  0
LINE
  5
E48
330
1F
100
AcDbEntity
  8
wall
100
AcDbLine
 10
5467.462032499708
 20
44197.69927280862
 30
0.0
 11
5467.462032499708
 21
44427.69927280862
 31
0.0
  0
LINE
  5
E49
330
1F
100
AcDbEntity
  8
SILL
100
AcDbLine
 10
7.462032499723276
 20
38102.69927280862
 30
0.0
 11
7.462032499723136
 21
37102.69927280863
 31
0.0
  0
LINE
  5
E4A
330
1F
100
AcDbEntity
  8
ELE 2
100
AcDbLine
 10
6267.462032499708
 20
42997.69927280862
 30
0.0
 11
9067.462032499724
 21
42997.69927280862
 31
0.0
  0
LINE
  5
E4B
330
1F
100
AcDbEntity
  8
ELE 2
100
AcDbLine
 10
6267.462032499708
 20
43017.69927280862
 30
0.0
 11
9297.462032499723
 21
43017.69927280862
 31
0.0
  0
ARC
  5
E4C
330
1F
100
AcDbEntity
  8
ELE 2
100
AcDbCircle
 10
9297.462032499723
 20
43027.69927280862
 30
0.0
 40
10.0
100
AcDbArc
 50
270.0
 51
90.0
  0
LINE
  5
E4D
330
1F
100
AcDbEntity
  8
ELE 2
100
AcDbLine
 10
6267.462032499708
 20
43037.69927280861
 30
0.0
 11
9297.462032499723
 21
43037.69927280861
 31
0.0
  0
LINE
  5
E4E
330
1F
100
AcDbEntity
  8
ELE 1
100
AcDbLine
 10
5438.671635210148
 20
44385.95509460848
 30
0.0
 11
5438.671635210135
 21
45228.0742153346
 31
0.0
  0
LINE
  5
E4F
330
1F
100
AcDbEntity
  8
ELE 1
100
AcDbLine
 10
5405.768324021204
 20
44385.95509460848
 30
0.0
 11
5405.768324021204
 21
45227.40243928114
 31
0.0
  0
LWPOLYLINE
  5
E50
330
1F
100
AcDbEntity
  8
ELE 1
100
AcDbPolyline
 90
        2
 70
     0
 43
0.0
 10
5438.671635210148
 20
44385.95509460848
 10
5405.768324021204
 20
44385.95509460848
  0
ARC
  5
E51
330
1F
100
AcDbEntity
  8
ABOVE-DOTTED
100
AcDbCircle
 10
5465.088664753118
 20
44359.53806506508
 30
0.0
 40
868.9378020148053
100
AcDbArc
 50
91.74214719320682
 51
178.2578528067865
  0
LWPOLYLINE
  5
E52
330
1F
100
AcDbEntity
  8
ELE 1
100
AcDbPolyline
 90
        8
 70
     1
 43
0.0
 10
4567.76211719703
 20
44385.95509460846
 10
4567.76211719703
 20
44221.43853866981
 10
4596.55251448659
 20
44221.43853866981
 10
4596.55251448659
 20
44262.56767765447
 10
4608.891256181697
 20
44262.56767765447
 10
4608.891256181697
 20
44344.82595562379
 10
4596.55251448659
 20
44344.82595562379
 10
4596.55251448659
 20
44385.95509460846
  0
LINE
  5
E53
330
1F
100
AcDbEntity
  8
ELE 1
100
AcDbLine
 10
5467.462032499708
 20
44385.95509460848
 30
0.0
 11
5467.462032499708
 21
44221.43853866981
 31
0.0
  0
LINE
  5
E54
330
1F
100
AcDbEntity
  8
ELE 1
100
AcDbLine
 10
5467.462032499708
 20
44221.43853866981
 30
0.0
 11
5438.671635210148
 21
44221.43853866981
 31
0.0
  0
LINE
  5
E55
330
1F
100
AcDbEntity
  8
ELE 1
100
AcDbLine
 10
5438.671635210148
 20
44221.43853866981
 30
0.0
 11
5438.671635210148
 21
44262.56767765447
 31
0.0
  0
LINE
  5
E56
330
1F
100
AcDbEntity
  8
ELE 1
100
AcDbLine
 10
5438.671635210148
 20
44262.56767765447
 30
0.0
 11
5426.332893515041
 21
44262.56767765447
 31
0.0
  0
LINE
  5
E57
330
1F
100
AcDbEntity
  8
ELE 1
100
AcDbLine
 10
5426.332893515041
 20
44262.56767765447
 30
0.0
 11
5426.332893515041
 21
44344.8259556238
 31
0.0
  0
LINE
  5
E58
330
1F
100
AcDbEntity
  8
ELE 1
100
AcDbLine
 10
5426.332893515041
 20
44344.8259556238
 30
0.0
 11
5438.671635210148
 21
44344.8259556238
 31
0.0
  0
LINE
  5
E59
330
1F
100
AcDbEntity
  8
ELE 1
100
AcDbLine
 10
5438.671635210148
 20
44344.8259556238
 30
0.0
 11
5438.671635210148
 21
44385.95509460848
 31
0.0
  0
LINE
  5
E5A
330
1F
100
AcDbEntity
  8
ELE 1
100
AcDbLine
 10
5438.671635210148
 20
44385.95509460848
 30
0.0
 11
5467.462032499708
 21
44385.95509460848
 31
0.0
  0
LINE
  5
E5B
330
1F
100
AcDbEntity
  8
ELE 2
100
AcDbLine
 10
5667.462032499709
 20
42997.69927280862
 30
0.0
 11
6267.462032499708
 21
42997.69927280862
 31
0.0
  0
LINE
  5
E5C
330
1F
100
AcDbEntity
  8
ELE 2
100
AcDbLine
 10
5647.462032499709
 20
43017.69927280862
 30
0.0
 11
6267.462032499708
 21
43017.69927280862
 31
0.0
  0
LINE
  5
E5D
330
1F
100
AcDbEntity
  8
ELE 2
100
AcDbLine
 10
5627.462032499709
 20
43037.69927280861
 30
0.0
 11
6267.462032499708
 21
43037.69927280861
 31
0.0
  0
LINE
  5
E5E
330
1F
100
AcDbEntity
  8
wall
100
AcDbLine
 10
14457.46203249971
 20
39167.69927280862
 30
0.0
 11
14687.46203249971
 21
39167.69927280862
 31
0.0
  0
LINE
  5
E5F
330
1F
100
AcDbEntity
  8
wall
100
AcDbLine
 10
14457.4620324997
 20
39767.69927280862
 30
0.0
 11
14687.4620324997
 21
39767.69927280862
 31
0.0
  0
LINE
  5
E60
330
1F
100
AcDbEntity
  8
SILL
100
AcDbLine
 10
14687.4620324997
 20
39767.69927280862
 30
0.0
 11
14687.46203249971
 21
39167.69927280862
 31
0.0
  0
LINE
  5
E61
330
1F
100
AcDbEntity
  8
SILL
100
AcDbLine
 10
14457.4620324997
 20
39767.69927280862
 30
0.0
 11
14457.46203249972
 21
39167.69927280862
 31
0.0
  0
LINE
  5
E62
330
1F
100
AcDbEntity
  8
ABOVE-DOTTED
100
AcDbLine
 10
14457.46203249972
 20
39967.69927280862
 30
0.0
 11
13457.46203249971
 21
38967.69927280862
 31
0.0
  0
LINE
  5
E63
330
1F
100
AcDbEntity
  8
ABOVE-DOTTED
100
AcDbLine
 10
14457.46203249972
 20
38967.69927280862
 30
0.0
 11
13457.46203249971
 21
39967.69927280862
 31
0.0
  0
LINE
  5
E64
330
1F
100
AcDbEntity
  8
FURN
 48
6.0
100
AcDbLine
 10
7986.341172910207
 20
43255.15633856438
 30
0.0
 11
7986.341172910207
 21
42933.72776713527
 31
0.0
  0
ARC
  5
E65
330
1F
100
AcDbEntity
  8
FURN
 48
6.0
100
AcDbCircle
 10
7922.055458624758
 20
43255.15633856438
 30
0.0
 40
64.28571428566637
100
AcDbArc
 50
0.0
 51
90.0
  0
LINE
  5
E66
330
1F
100
AcDbEntity
  8
FURN
 48
6.0
100
AcDbLine
 10
7664.912601482034
 20
43319.44205285171
 30
0.0
 11
7922.055458624758
 21
43319.44205285171
 31
0.0
  0
ARC
  5
E67
330
1F
100
AcDbEntity
  8
FURN
 48
6.0
100
AcDbCircle
 10
7664.912601482034
 20
43255.15633856438
 30
0.0
 40
64.28571428566637
100
AcDbArc
 50
90.0
 51
180.0
  0
LINE
  5
E68
330
1F
100
AcDbEntity
  8
FURN
 48
6.0
100
AcDbLine
 10
7986.341172910207
 20
41712.29919570619
 30
0.0
 11
7986.341172910207
 21
42033.72776713529
 31
0.0
  0
LINE
  5
E69
330
1F
100
AcDbEntity
  8
FURN
 48
6.0
100
AcDbLine
 10
8418.072711551472
 20
42676.58490999349
 30
0.0
 11
8096.644140122368
 21
42676.58490999349
 31
0.0
  0
ARC
  5
E6A
330
1F
100
AcDbEntity
  8
FURN
 48
6.0
100
AcDbCircle
 10
8418.072711551472
 20
42612.29919570992
 30
0.0
 40
64.28571428566637
100
AcDbArc
 50
0.0
 51
90.0
  0
LINE
  5
E6B
330
1F
100
AcDbEntity
  8
FURN
 48
6.0
100
AcDbLine
 10
8482.35842583599
 20
42355.15633856812
 30
0.0
 11
8482.35842583599
 21
42612.29919570992
 31
0.0
  0
ARC
  5
E6C
330
1F
100
AcDbEntity
  8
FURN
 48
6.0
100
AcDbCircle
 10
8418.072711551472
 20
42355.15633856812
 30
0.0
 40
64.28571428566637
100
AcDbArc
 50
270.0
 51
0.0
  0
LINE
  5
E6D
330
1F
100
AcDbEntity
  8
FURN
 48
6.0
100
AcDbLine
 10
8096.644140122368
 20
42290.87062428081
 30
0.0
 11
8418.072711551472
 21
42290.87062428081
 31
0.0
  0
LINE
  5
E6E
330
1F
100
AcDbEntity
  8
FURN
 48
6.0
100
AcDbLine
 10
8096.644140122368
 20
42676.58490999349
 30
0.0
 11
8096.644140122368
 21
42290.87062428081
 31
0.0
  0
LINE
  5
E6F
330
1F
100
AcDbEntity
  8
FURN
 48
6.0
100
AcDbLine
 10
7986.341172910207
 20
42933.72776713527
 30
0.0
 11
7600.626887197517
 21
42933.72776713527
 31
0.0
  0
LINE
  5
E70
330
1F
100
AcDbEntity
  8
FURN
 48
6.0
100
AcDbLine
 10
8032.358425836921
 20
42933.72776713527
 30
0.0
 11
6618.072711552404
 21
42933.72776713527
 31
0.0
  0
ARC
  5
E71
330
1F
100
AcDbEntity
  8
FURN
 48
6.0
100
AcDbCircle
 10
8032.358425836921
 20
42869.44205285171
 30
0.0
 40
64.28571428566637
100
AcDbArc
 50
0.0
 51
90.0
  0
LINE
  5
E72
330
1F
100
AcDbEntity
  8
FURN
 48
6.0
100
AcDbLine
 10
8096.644140122368
 20
42098.01348142259
 30
0.0
 11
8096.644140122368
 21
42869.44205285171
 31
0.0
  0
ARC
  5
E73
330
1F
100
AcDbEntity
  8
FURN
 48
6.0
100
AcDbCircle
 10
8032.358425836921
 20
42098.01348142259
 30
0.0
 40
64.28571428566637
100
AcDbArc
 50
270.0
 51
0.0
  0
LINE
  5
E74
330
1F
100
AcDbEntity
  8
FURN
 48
6.0
100
AcDbLine
 10
6618.072711552404
 20
42033.72776713529
 30
0.0
 11
8032.358425836921
 21
42033.72776713529
 31
0.0
  0
LINE
  5
E75
330
1F
100
AcDbEntity
  8
FURN
 48
6.0
100
AcDbLine
 10
7986.341172910207
 20
42033.72776713529
 30
0.0
 11
7600.626887197517
 21
42033.72776713529
 31
0.0
  0
ARC
  5
E76
330
1F
100
AcDbEntity
  8
FURN
 48
6.0
100
AcDbCircle
 10
7922.055458624758
 20
41712.29919570619
 30
0.0
 40
64.28571428566637
100
AcDbArc
 50
270.0
 51
0.0
  0
LINE
  5
E77
330
1F
100
AcDbEntity
  8
FURN
 48
6.0
100
AcDbLine
 10
7664.912601482034
 20
41648.01348142259
 30
0.0
 11
7922.055458624758
 21
41648.01348142259
 31
0.0
  0
ARC
  5
E78
330
1F
100
AcDbEntity
  8
FURN
 48
6.0
100
AcDbCircle
 10
7664.912601482034
 20
41712.29919570619
 30
0.0
 40
64.28571428566637
100
AcDbArc
 50
180.0
 51
270.0
  0
LINE
  5
E79
330
1F
100
AcDbEntity
  8
FURN
 48
6.0
100
AcDbLine
 10
7513.343108633444
 20
41712.29919570619
 30
0.0
 11
7513.343108633444
 21
42033.72776713529
 31
0.0
  0
LINE
  5
E7A
330
1F
100
AcDbEntity
  8
FURN
 48
6.0
100
AcDbLine
 10
7127.628822918892
 20
42033.72776713529
 30
0.0
 11
7127.628822918892
 21
41712.29919570619
 31
0.0
  0
LINE
  5
E7B
330
1F
100
AcDbEntity
  8
FURN
 48
6.0
100
AcDbLine
 10
7040.344425136133
 20
41712.29919570619
 30
0.0
 11
7040.344425136133
 21
42033.72776713529
 31
0.0
  0
LINE
  5
E7C
330
1F
100
AcDbEntity
  8
FURN
 48
6.0
100
AcDbLine
 10
6654.630139421581
 20
42033.72776713529
 30
0.0
 11
6654.630139421581
 21
41712.29919570619
 31
0.0
  0
LINE
  5
E7D
330
1F
100
AcDbEntity
  8
FURN
 48
6.0
100
AcDbLine
 10
7600.626887197517
 20
42033.72776713529
 30
0.0
 11
7600.626887197517
 21
41712.29919570619
 31
0.0
  0
ARC
  5
E7E
330
1F
100
AcDbEntity
  8
FURN
 48
6.0
100
AcDbCircle
 10
7449.057394347995
 20
41712.29919570619
 30
0.0
 40
64.28571428566637
100
AcDbArc
 50
270.0
 51
0.0
  0
LINE
  5
E7F
330
1F
100
AcDbEntity
  8
FURN
 48
6.0
100
AcDbLine
 10
7191.914537205272
 20
41648.01348142259
 30
0.0
 11
7449.057394347995
 21
41648.01348142259
 31
0.0
  0
ARC
  5
E80
330
1F
100
AcDbEntity
  8
FURN
 48
6.0
100
AcDbCircle
 10
7191.914537205272
 20
41712.29919570619
 30
0.0
 40
64.28571428566637
100
AcDbArc
 50
180.0
 51
270.0
  0
ARC
  5
E81
330
1F
100
AcDbEntity
  8
FURN
 48
6.0
100
AcDbCircle
 10
6976.058710850685
 20
41712.29919570619
 30
0.0
 40
64.28571428566637
100
AcDbArc
 50
270.0
 51
0.0
  0
LINE
  5
E82
330
1F
100
AcDbEntity
  8
FURN
 48
6.0
100
AcDbLine
 10
6718.915853707963
 20
41648.01348142259
 30
0.0
 11
6976.058710850685
 21
41648.01348142259
 31
0.0
  0
ARC
  5
E83
330
1F
100
AcDbEntity
  8
FURN
 48
6.0
100
AcDbCircle
 10
6718.915853707963
 20
41712.29919570619
 30
0.0
 40
64.28571428566637
100
AcDbArc
 50
180.0
 51
270.0
  0
LINE
  5
E84
330
1F
100
AcDbEntity
  8
FURN
 48
6.0
100
AcDbLine
 10
6654.630139421581
 20
42933.72776713527
 30
0.0
 11
6654.630139421581
 21
43255.15633856438
 31
0.0
  0
LINE
  5
E85
330
1F
100
AcDbEntity
  8
FURN
 48
6.0
100
AcDbLine
 10
7040.344425136133
 20
42933.72776713527
 30
0.0
 11
6654.630139421581
 21
42933.72776713527
 31
0.0
  0
ARC
  5
E86
330
1F
100
AcDbEntity
  8
FURN
 48
6.0
100
AcDbCircle
 10
6618.072711552404
 20
42869.44205285171
 30
0.0
 40
64.28571428566637
100
AcDbArc
 50
90.0
 51
180.0
  0
ARC
  5
E87
330
1F
100
AcDbEntity
  8
FURN
 48
6.0
100
AcDbCircle
 10
6618.072711552404
 20
42098.01348142259
 30
0.0
 40
64.28571428566637
100
AcDbArc
 50
180.0
 51
270.0
  0
LINE
  5
E88
330
1F
100
AcDbEntity
  8
FURN
 48
6.0
100
AcDbLine
 10
6553.786997267888
 20
42869.44205285171
 30
0.0
 11
6553.786997267888
 21
42098.01348142259
 31
0.0
  0
LINE
  5
E89
330
1F
100
AcDbEntity
  8
FURN
 48
6.0
100
AcDbLine
 10
7040.344425136133
 20
42033.72776713529
 30
0.0
 11
6654.630139421581
 21
42033.72776713529
 31
0.0
  0
LINE
  5
E8A
330
1F
100
AcDbEntity
  8
FURN
 48
6.0
100
AcDbLine
 10
6232.358425837852
 20
42676.58490999349
 30
0.0
 11
6553.786997267888
 21
42676.58490999349
 31
0.0
  0
ARC
  5
E8B
330
1F
100
AcDbEntity
  8
FURN
 48
6.0
100
AcDbCircle
 10
6232.358425837852
 20
42612.29919570992
 30
0.0
 40
64.28571428566637
100
AcDbArc
 50
90.0
 51
180.0
  0
LINE
  5
E8C
330
1F
100
AcDbEntity
  8
FURN
 48
6.0
100
AcDbLine
 10
6168.072711553335
 20
42355.15633856812
 30
0.0
 11
6168.072711553335
 21
42612.29919570992
 31
0.0
  0
ARC
  5
E8D
330
1F
100
AcDbEntity
  8
FURN
 48
6.0
100
AcDbCircle
 10
6232.358425837852
 20
42355.15633856812
 30
0.0
 40
64.28571428566637
100
AcDbArc
 50
180.0
 51
270.0
  0
LINE
  5
E8E
330
1F
100
AcDbEntity
  8
FURN
 48
6.0
100
AcDbLine
 10
6553.786997267888
 20
42290.87062428081
 30
0.0
 11
6232.358425837852
 21
42290.87062428081
 31
0.0
  0
LINE
  5
E8F
330
1F
100
AcDbEntity
  8
FURN
 48
6.0
100
AcDbLine
 10
6553.786997267888
 20
42676.58490999349
 30
0.0
 11
6553.786997267888
 21
42290.87062428081
 31
0.0
  0
LINE
  5
E90
330
1F
100
AcDbEntity
  8
FURN
 48
6.0
100
AcDbLine
 10
7040.344425136133
 20
43255.15633856438
 30
0.0
 11
7040.344425136133
 21
42933.72776713527
 31
0.0
  0
LINE
  5
E91
330
1F
100
AcDbEntity
  8
FURN
 48
6.0
100
AcDbLine
 10
7600.626887197517
 20
42933.72776713527
 30
0.0
 11
7600.626887197517
 21
43255.15633856438
 31
0.0
  0
LINE
  5
E92
330
1F
100
AcDbEntity
  8
FURN
 48
6.0
100
AcDbLine
 10
7513.343108633444
 20
43255.15633856438
 30
0.0
 11
7513.343108633444
 21
42933.72776713527
 31
0.0
  0
LINE
  5
E93
330
1F
100
AcDbEntity
  8
FURN
 48
6.0
100
AcDbLine
 10
7127.628822918892
 20
42933.72776713527
 30
0.0
 11
7127.628822918892
 21
43255.15633856438
 31
0.0
  0
ARC
  5
E94
330
1F
100
AcDbEntity
  8
FURN
 48
6.0
100
AcDbCircle
 10
6976.058710850685
 20
43255.15633856438
 30
0.0
 40
64.28571428566637
100
AcDbArc
 50
0.0
 51
90.0
  0
LINE
  5
E95
330
1F
100
AcDbEntity
  8
FURN
 48
6.0
100
AcDbLine
 10
6718.915853707963
 20
43319.44205285171
 30
0.0
 11
6976.058710850685
 21
43319.44205285171
 31
0.0
  0
ARC
  5
E96
330
1F
100
AcDbEntity
  8
FURN
 48
6.0
100
AcDbCircle
 10
6718.915853707963
 20
43255.15633856438
 30
0.0
 40
64.28571428566637
100
AcDbArc
 50
90.0
 51
180.0
  0
ARC
  5
E97
330
1F
100
AcDbEntity
  8
FURN
 48
6.0
100
AcDbCircle
 10
7449.057394347995
 20
43255.15633856438
 30
0.0
 40
64.28571428566637
100
AcDbArc
 50
0.0
 51
90.0
  0
LINE
  5
E98
330
1F
100
AcDbEntity
  8
FURN
 48
6.0
100
AcDbLine
 10
7191.914537205272
 20
43319.44205285171
 30
0.0
 11
7449.057394347995
 21
43319.44205285171
 31
0.0
  0
ARC
  5
E99
330
1F
100
AcDbEntity
  8
FURN
 48
6.0
100
AcDbCircle
 10
7191.914537205272
 20
43255.15633856438
 30
0.0
 40
64.28571428566637
100
AcDbArc
 50
90.0
 51
180.0
  0
LINE
  5
E9A
330
1F
100
AcDbEntity
  8
FUR
100
AcDbLine
 10
8064.873595096761
 20
44396.03260613878
 30
0.0
 11
6981.540261767372
 21
44396.03260613878
 31
0.0
  0
LINE
  5
E9B
330
1F
100
AcDbEntity
  8
FUR
100
AcDbLine
 10
7064.873595092881
 20
44396.03260613878
 30
0.0
 11
6064.873595096759
 21
44396.03260613878
 31
0.0
  0
LINE
  5
E9C
330
1F
100
AcDbEntity
  8
FUR
100
AcDbLine
 10
7981.540261765044
 20
44312.69927281793
 30
0.0
 11
6981.540261767372
 21
44312.69927281793
 31
0.0
  0
LINE
  5
E9D
330
1F
100
AcDbEntity
  8
FUR
100
AcDbLine
 10
7064.873595092881
 20
44229.36593947845
 30
0.0
 11
6148.206928428476
 21
44229.36593947845
 31
0.0
  0
LINE
  5
E9E
330
1F
100
AcDbEntity
  8
FUR
100
AcDbLine
 10
6231.540261760192
 20
44287.69927281796
 30
0.0
 11
6981.540261767372
 21
44287.69927281796
 31
0.0
  0
LINE
  5
E9F
330
1F
100
AcDbEntity
  8
FUR
100
AcDbLine
 10
6231.540261760192
 20
44254.36593947843
 30
0.0
 11
6981.540261767372
 21
44254.36593947843
 31
0.0
  0
LINE
  5
EA0
330
1F
100
AcDbEntity
  8
FUR
100
AcDbLine
 10
6231.540261760192
 20
44271.0326061451
 30
0.0
 11
6981.540261767372
 21
44271.0326061451
 31
0.0
  0
LINE
  5
EA1
330
1F
100
AcDbEntity
  8
FUR
100
AcDbLine
 10
6064.873595096759
 20
44229.36593947845
 30
0.0
 11
6231.540261760192
 21
44229.36593947845
 31
0.0
  0
LINE
  5
EA2
330
1F
100
AcDbEntity
  8
FUR
100
AcDbLine
 10
7064.873595092881
 20
44229.36593947845
 30
0.0
 11
8064.873595096761
 21
44229.36593947845
 31
0.0
  0
LINE
  5
EA3
330
1F
100
AcDbEntity
  8
FUR
100
AcDbLine
 10
7898.206928431773
 20
44396.03260613878
 30
0.0
 11
7898.206928431773
 21
44312.69927281793
 31
0.0
  0
LINE
  5
EA4
330
1F
100
AcDbEntity
  8
FUR
100
AcDbLine
 10
7064.873595099088
 20
44312.69927281793
 30
0.0
 11
7064.873595099088
 21
44396.03260613878
 31
0.0
  0
LINE
  5
EA5
330
1F
100
AcDbEntity
  8
FUR
100
AcDbLine
 10
7064.873595092881
 20
44229.36593947845
 30
0.0
 11
7064.873595092881
 21
44312.69927281793
 31
0.0
  0
LINE
  5
EA6
330
1F
100
AcDbEntity
  8
FUR
100
AcDbLine
 10
6981.540261767372
 20
44229.36593947845
 30
0.0
 11
6981.540261767372
 21
44396.03260613878
 31
0.0
  0
LINE
  5
EA7
330
1F
100
AcDbEntity
  8
FUR
100
AcDbLine
 10
7981.540261765044
 20
44229.36593947845
 30
0.0
 11
8064.873595096761
 21
44229.36593947845
 31
0.0
  0
LINE
  5
EA8
330
1F
100
AcDbEntity
  8
FUR
100
AcDbLine
 10
7981.540261765044
 20
44396.03260613878
 30
0.0
 11
7981.540261765044
 21
44229.36593947845
 31
0.0
  0
LINE
  5
EA9
330
1F
100
AcDbEntity
  8
FUR
100
AcDbLine
 10
8064.873595096761
 20
44229.36593947845
 30
0.0
 11
8064.873595096761
 21
44396.03260613878
 31
0.0
  0
LINE
  5
EAA
330
1F
100
AcDbEntity
  8
FUR
100
AcDbLine
 10
7981.540261765044
 20
44396.03260613878
 30
0.0
 11
7981.540261765044
 21
44229.36593947845
 31
0.0
  0
LINE
  5
EAB
330
1F
100
AcDbEntity
  8
FUR
100
AcDbLine
 10
7898.206928431773
 20
44354.36593947836
 30
0.0
 11
7064.873595099088
 21
44354.36593947836
 31
0.0
  0
LINE
  5
EAC
330
1F
100
AcDbEntity
  8
FUR
100
AcDbLine
 10
7898.206928431773
 20
44337.69927281171
 30
0.0
 11
7064.873595099088
 21
44337.69927281171
 31
0.0
  0
LINE
  5
EAD
330
1F
100
AcDbEntity
  8
FUR
100
AcDbLine
 10
7898.206928431773
 20
44371.03260614501
 30
0.0
 11
7064.873595099088
 21
44371.03260614501
 31
0.0
  0
LINE
  5
EAE
330
1F
100
AcDbEntity
  8
FUR
100
AcDbLine
 10
6231.540261760192
 20
44312.69927281793
 30
0.0
 11
6231.540261760192
 21
44229.36593947845
 31
0.0
  0
LINE
  5
EAF
330
1F
100
AcDbEntity
  8
FUR
100
AcDbLine
 10
6148.206928428476
 20
44229.36593947845
 30
0.0
 11
6064.873595096759
 21
44229.36593947845
 31
0.0
  0
LINE
  5
EB0
330
1F
100
AcDbEntity
  8
FUR
100
AcDbLine
 10
6148.206928428476
 20
44396.03260613878
 30
0.0
 11
6148.206928428476
 21
44229.36593947845
 31
0.0
  0
LINE
  5
EB1
330
1F
100
AcDbEntity
  8
FUR
100
AcDbLine
 10
6064.873595096759
 20
44396.03260613878
 30
0.0
 11
6148.206928428476
 21
44396.03260613878
 31
0.0
  0
LINE
  5
EB2
330
1F
100
AcDbEntity
  8
FUR
100
AcDbLine
 10
6064.873595096759
 20
44396.03260613878
 30
0.0
 11
6064.873595096759
 21
44229.36593947845
 31
0.0
  0
LINE
  5
EB3
330
1F
100
AcDbEntity
  8
FUR
100
AcDbLine
 10
6148.206928428476
 20
44396.03260613878
 30
0.0
 11
6148.206928428476
 21
44229.36593947845
 31
0.0
  0
LINE
  5
EB4
330
1F
100
AcDbEntity
  8
FUR
100
AcDbLine
 10
6148.206928428476
 20
44396.03260613878
 30
0.0
 11
6148.206928428476
 21
44229.36593947845
 31
0.0
  0
LINE
  5
EB5
330
1F
100
AcDbEntity
  8
FUR
100
AcDbLine
 10
6231.540261760192
 20
44312.69927281793
 30
0.0
 11
6148.206928428476
 21
44312.69927281173
 31
0.0
  0
LINE
  5
EB6
330
1F
100
AcDbEntity
  8
FUR
100
AcDbLine
 10
6981.540261767372
 20
44312.69927281793
 30
0.0
 11
6231.540261760192
 21
44312.69927281793
 31
0.0
  0
LINE
  5
EB7
330
1F
100
AcDbEntity
  8
FUR
100
AcDbLine
 10
15254.96203249733
 20
41447.69927280862
 30
0.0
 11
15254.96203249733
 21
42260.19927280565
 31
0.0
  0
LINE
  5
EB8
330
1F
100
AcDbEntity
  8
FUR
100
AcDbLine
 10
15254.96203249733
 20
42197.69927281152
 30
0.0
 11
15254.96203249733
 21
42947.69927280862
 31
0.0
  0
LINE
  5
EB9
330
1F
100
AcDbEntity
  8
FUR
100
AcDbLine
 10
15192.46203250669
 20
41510.1992728074
 30
0.0
 11
15192.46203250669
 21
42260.19927280565
 31
0.0
  0
LINE
  5
EBA
330
1F
100
AcDbEntity
  8
FUR
100
AcDbLine
 10
15129.96203250208
 20
42197.69927281152
 30
0.0
 11
15129.96203250208
 21
42885.19927280982
 31
0.0
  0
LINE
  5
EBB
330
1F
100
AcDbEntity
  8
FUR
100
AcDbLine
 10
15173.71203250671
 20
42822.69927281103
 30
0.0
 11
15173.71203250671
 21
42260.19927280565
 31
0.0
  0
LINE
  5
EBC
330
1F
100
AcDbEntity
  8
FUR
100
AcDbLine
 10
15148.71203250207
 20
42822.69927281103
 30
0.0
 11
15148.71203250207
 21
42260.19927280565
 31
0.0
  0
LINE
  5
EBD
330
1F
100
AcDbEntity
  8
FUR
100
AcDbLine
 10
15161.21203250206
 20
42822.69927281103
 30
0.0
 11
15161.21203250206
 21
42260.19927280565
 31
0.0
  0
LINE
  5
EBE
330
1F
100
AcDbEntity
  8
FUR
100
AcDbLine
 10
15129.96203250208
 20
42947.69927280862
 30
0.0
 11
15129.96203250208
 21
42822.69927281103
 31
0.0
  0
LINE
  5
EBF
330
1F
100
AcDbEntity
  8
FUR
100
AcDbLine
 10
15129.96203250208
 20
42197.69927281152
 30
0.0
 11
15129.96203250208
 21
41447.69927280862
 31
0.0
  0
LINE
  5
EC0
330
1F
100
AcDbEntity
  8
FUR
100
AcDbLine
 10
15254.96203249733
 20
41572.69927280735
 30
0.0
 11
15192.46203250669
 21
41572.69927280735
 31
0.0
  0
LINE
  5
EC1
330
1F
100
AcDbEntity
  8
FUR
100
AcDbLine
 10
15192.46203250669
 20
42197.69927280687
 30
0.0
 11
15254.96203249733
 21
42197.69927280687
 31
0.0
  0
LINE
  5
EC2
330
1F
100
AcDbEntity
  8
FUR
100
AcDbLine
 10
15129.96203250208
 20
42197.69927281152
 30
0.0
 11
15192.46203250669
 21
42197.69927281152
 31
0.0
  0
LINE
  5
EC3
330
1F
100
AcDbEntity
  8
FUR
100
AcDbLine
 10
15129.96203250208
 20
42260.19927280565
 30
0.0
 11
15254.96203249733
 21
42260.19927280565
 31
0.0
  0
LINE
  5
EC4
330
1F
100
AcDbEntity
  8
FUR
100
AcDbLine
 10
15129.96203250208
 20
41510.1992728074
 30
0.0
 11
15129.96203250208
 21
41447.69927280862
 31
0.0
  0
LINE
  5
EC5
330
1F
100
AcDbEntity
  8
FUR
100
AcDbLine
 10
15254.96203249733
 20
41510.1992728074
 30
0.0
 11
15129.96203250208
 21
41510.1992728074
 31
0.0
  0
LINE
  5
EC6
330
1F
100
AcDbEntity
  8
FUR
100
AcDbLine
 10
15129.96203250208
 20
41447.69927280862
 30
0.0
 11
15254.96203249733
 21
41447.69927280862
 31
0.0
  0
LINE
  5
EC7
330
1F
100
AcDbEntity
  8
FUR
100
AcDbLine
 10
15254.96203249733
 20
41510.1992728074
 30
0.0
 11
15129.96203250208
 21
41510.1992728074
 31
0.0
  0
LINE
  5
EC8
330
1F
100
AcDbEntity
  8
FUR
100
AcDbLine
 10
15223.71203250201
 20
41572.69927280735
 30
0.0
 11
15223.71203250201
 21
42197.69927280687
 31
0.0
  0
LINE
  5
EC9
330
1F
100
AcDbEntity
  8
FUR
100
AcDbLine
 10
15211.21203250202
 20
41572.69927280735
 30
0.0
 11
15211.21203250202
 21
42197.69927280687
 31
0.0
  0
LINE
  5
ECA
330
1F
100
AcDbEntity
  8
FUR
100
AcDbLine
 10
15236.212032502
 20
41572.69927280735
 30
0.0
 11
15236.212032502
 21
42197.69927280687
 31
0.0
  0
LINE
  5
ECB
330
1F
100
AcDbEntity
  8
FUR
100
AcDbLine
 10
15192.46203250669
 20
42822.69927281103
 30
0.0
 11
15129.96203250208
 21
42822.69927281103
 31
0.0
  0
LINE
  5
ECC
330
1F
100
AcDbEntity
  8
FUR
100
AcDbLine
 10
15129.96203250208
 20
42885.19927280982
 30
0.0
 11
15129.96203250208
 21
42947.69927280862
 31
0.0
  0
LINE
  5
ECD
330
1F
100
AcDbEntity
  8
FUR
100
AcDbLine
 10
15254.96203249733
 20
42885.19927280982
 30
0.0
 11
15129.96203250208
 21
42885.19927280982
 31
0.0
  0
LINE
  5
ECE
330
1F
100
AcDbEntity
  8
FUR
100
AcDbLine
 10
15254.96203249733
 20
42947.69927280862
 30
0.0
 11
15254.96203249733
 21
42885.19927280982
 31
0.0
  0
LINE
  5
ECF
330
1F
100
AcDbEntity
  8
FUR
100
AcDbLine
 10
15254.96203249733
 20
42947.69927280862
 30
0.0
 11
15129.96203250208
 21
42947.69927280862
 31
0.0
  0
LINE
  5
ED0
330
1F
100
AcDbEntity
  8
FUR
100
AcDbLine
 10
15254.96203249733
 20
42885.19927280982
 30
0.0
 11
15129.96203250208
 21
42885.19927280982
 31
0.0
  0
LINE
  5
ED1
330
1F
100
AcDbEntity
  8
FUR
100
AcDbLine
 10
15254.96203249733
 20
42885.19927280982
 30
0.0
 11
15129.96203250208
 21
42885.19927280982
 31
0.0
  0
LINE
  5
ED2
330
1F
100
AcDbEntity
  8
FUR
100
AcDbLine
 10
15192.46203250669
 20
42822.69927281103
 30
0.0
 11
15192.46203250204
 21
42885.19927280982
 31
0.0
  0
LINE
  5
ED3
330
1F
100
AcDbEntity
  8
FUR
100
AcDbLine
 10
15192.46203250669
 20
42260.19927280565
 30
0.0
 11
15192.46203250669
 21
42822.69927281103
 31
0.0
  0
LINE
  5
ED4
330
1F
100
AcDbEntity
  8
FUR
100
AcDbLine
 10
13927.46203249974
 20
44375.19927280623
 30
0.0
 11
13114.96203250269
 21
44375.19927280623
 31
0.0
  0
LINE
  5
ED5
330
1F
100
AcDbEntity
  8
FUR
100
AcDbLine
 10
13177.46203249682
 20
44375.19927280623
 30
0.0
 11
12427.46203249974
 21
44375.19927280623
 31
0.0
  0
LINE
  5
ED6
330
1F
100
AcDbEntity
  8
FUR
100
AcDbLine
 10
13864.96203250095
 20
44312.69927281559
 30
0.0
 11
13114.96203250269
 21
44312.69927281559
 31
0.0
  0
LINE
  5
ED7
330
1F
100
AcDbEntity
  8
FUR
100
AcDbLine
 10
13177.46203249682
 20
44250.19927281098
 30
0.0
 11
12489.96203249852
 21
44250.19927281098
 31
0.0
  0
LINE
  5
ED8
330
1F
100
AcDbEntity
  8
FUR
100
AcDbLine
 10
12552.46203249731
 20
44293.94927281561
 30
0.0
 11
13114.96203250269
 21
44293.94927281561
 31
0.0
  0
LINE
  5
ED9
330
1F
100
AcDbEntity
  8
FUR
100
AcDbLine
 10
12552.46203249731
 20
44268.94927281098
 30
0.0
 11
13114.96203250269
 21
44268.94927281098
 31
0.0
  0
LINE
  5
EDA
330
1F
100
AcDbEntity
  8
FUR
100
AcDbLine
 10
12552.46203249731
 20
44281.44927281096
 30
0.0
 11
13114.96203250269
 21
44281.44927281096
 31
0.0
  0
LINE
  5
EDB
330
1F
100
AcDbEntity
  8
FUR
100
AcDbLine
 10
12427.46203249974
 20
44250.19927281098
 30
0.0
 11
12552.46203249731
 21
44250.19927281098
 31
0.0
  0
LINE
  5
EDC
330
1F
100
AcDbEntity
  8
FUR
100
AcDbLine
 10
13177.46203249682
 20
44250.19927281098
 30
0.0
 11
13927.46203249974
 21
44250.19927281098
 31
0.0
  0
LINE
  5
EDD
330
1F
100
AcDbEntity
  8
FUR
100
AcDbLine
 10
13802.462032501
 20
44375.19927280623
 30
0.0
 11
13802.462032501
 21
44312.69927281559
 31
0.0
  0
LINE
  5
EDE
330
1F
100
AcDbEntity
  8
FUR
100
AcDbLine
 10
13177.46203250148
 20
44312.69927281559
 30
0.0
 11
13177.46203250148
 21
44375.19927280623
 31
0.0
  0
LINE
  5
EDF
330
1F
100
AcDbEntity
  8
FUR
100
AcDbLine
 10
13177.46203249682
 20
44250.19927281098
 30
0.0
 11
13177.46203249682
 21
44312.69927281559
 31
0.0
  0
LINE
  5
EE0
330
1F
100
AcDbEntity
  8
FUR
100
AcDbLine
 10
13114.96203250269
 20
44250.19927281098
 30
0.0
 11
13114.96203250269
 21
44375.19927280623
 31
0.0
  0
LINE
  5
EE1
330
1F
100
AcDbEntity
  8
FUR
100
AcDbLine
 10
13864.96203250095
 20
44250.19927281098
 30
0.0
 11
13927.46203249974
 21
44250.19927281098
 31
0.0
  0
LINE
  5
EE2
330
1F
100
AcDbEntity
  8
FUR
100
AcDbLine
 10
13864.96203250095
 20
44375.19927280623
 30
0.0
 11
13864.96203250095
 21
44250.19927281098
 31
0.0
  0
LINE
  5
EE3
330
1F
100
AcDbEntity
  8
FUR
100
AcDbLine
 10
13927.46203249974
 20
44250.19927281098
 30
0.0
 11
13927.46203249974
 21
44375.19927280623
 31
0.0
  0
LINE
  5
EE4
330
1F
100
AcDbEntity
  8
FUR
100
AcDbLine
 10
13864.96203250095
 20
44375.19927280623
 30
0.0
 11
13864.96203250095
 21
44250.19927281098
 31
0.0
  0
LINE
  5
EE5
330
1F
100
AcDbEntity
  8
FUR
100
AcDbLine
 10
13802.462032501
 20
44343.94927281092
 30
0.0
 11
13177.46203250148
 21
44343.94927281092
 31
0.0
  0
LINE
  5
EE6
330
1F
100
AcDbEntity
  8
FUR
100
AcDbLine
 10
13802.462032501
 20
44331.44927281092
 30
0.0
 11
13177.46203250148
 21
44331.44927281092
 31
0.0
  0
LINE
  5
EE7
330
1F
100
AcDbEntity
  8
FUR
100
AcDbLine
 10
13802.462032501
 20
44356.44927281091
 30
0.0
 11
13177.46203250148
 21
44356.44927281091
 31
0.0
  0
LINE
  5
EE8
330
1F
100
AcDbEntity
  8
FUR
100
AcDbLine
 10
12552.46203249731
 20
44312.69927281559
 30
0.0
 11
12552.46203249731
 21
44250.19927281098
 31
0.0
  0
LINE
  5
EE9
330
1F
100
AcDbEntity
  8
FUR
100
AcDbLine
 10
12489.96203249852
 20
44250.19927281098
 30
0.0
 11
12427.46203249974
 21
44250.19927281098
 31
0.0
  0
LINE
  5
EEA
330
1F
100
AcDbEntity
  8
FUR
100
AcDbLine
 10
12489.96203249852
 20
44375.19927280623
 30
0.0
 11
12489.96203249852
 21
44250.19927281098
 31
0.0
  0
LINE
  5
EEB
330
1F
100
AcDbEntity
  8
FUR
100
AcDbLine
 10
12427.46203249974
 20
44375.19927280623
 30
0.0
 11
12489.96203249852
 21
44375.19927280623
 31
0.0
  0
LINE
  5
EEC
330
1F
100
AcDbEntity
  8
FUR
100
AcDbLine
 10
12427.46203249974
 20
44375.19927280623
 30
0.0
 11
12427.46203249974
 21
44250.19927281098
 31
0.0
  0
LINE
  5
EED
330
1F
100
AcDbEntity
  8
FUR
100
AcDbLine
 10
12489.96203249852
 20
44375.19927280623
 30
0.0
 11
12489.96203249852
 21
44250.19927281098
 31
0.0
  0
LINE
  5
EEE
330
1F
100
AcDbEntity
  8
FUR
100
AcDbLine
 10
12489.96203249852
 20
44375.19927280623
 30
0.0
 11
12489.96203249852
 21
44250.19927281098
 31
0.0
  0
LINE
  5
EEF
330
1F
100
AcDbEntity
  8
FUR
100
AcDbLine
 10
12552.46203249731
 20
44312.69927281559
 30
0.0
 11
12489.96203249852
 21
44312.69927281094
 31
0.0
  0
LINE
  5
EF0
330
1F
100
AcDbEntity
  8
FUR
100
AcDbLine
 10
13114.96203250269
 20
44312.69927281559
 30
0.0
 11
12552.46203249731
 21
44312.69927281559
 31
0.0
  0
LINE
  5
EF1
330
1F
100
AcDbEntity
  8
0
100
AcDbLine
 10
14572.4620324997
 20
39767.69927280862
 30
0.0
 11
14572.46203249971
 21
39167.69927280862
 31
0.0
  0
LINE
  5
EF2
330
1F
100
AcDbEntity
  8
wall
100
AcDbLine
 10
11277.46203249971
 20
39153.21008220182
 30
0.0
 11
11047.46203249971
 21
39153.21008220182
 31
0.0
  0
LINE
  5
EF3
330
1F
100
AcDbEntity
  8
wall
100
AcDbLine
 10
11277.46203249971
 20
38303.21008220182
 30
0.0
 11
11047.46203249971
 21
38303.21008220182
 31
0.0
  0
LINE
  5
EF4
330
1F
100
AcDbEntity
  8
wall
100
AcDbLine
 10
11047.46203249971
 20
38303.21008220182
 30
0.0
 11
11277.46203249971
 21
38303.21008220182
 31
0.0
  0
LINE
  5
EF5
330
1F
100
AcDbEntity
  8
ELE 2
100
AcDbLine
 10
13927.46203249974
 20
44427.69927280862
 30
0.0
 11
13927.46203249974
 21
45627.69927280862
 31
0.0
  0
LINE
  5
EF6
330
1F
100
AcDbEntity
  8
ELE 2
100
AcDbLine
 10
13927.46203249974
 20
45627.69927280862
 30
0.0
 11
16507.46203249972
 21
45627.69927280862
 31
0.0
  0
LINE
  5
EF7
330
1F
100
AcDbEntity
  8
ELE 2
100
AcDbLine
 10
15307.46203249972
 20
39967.69927280862
 30
0.0
 11
16507.46203249972
 21
39967.69927280862
 31
0.0
  0
LINE
  5
EF8
330
1F
100
AcDbEntity
  8
ELE 2
100
AcDbLine
 10
16507.46203249972
 20
39967.69927280862
 30
0.0
 11
16507.46203249972
 21
45627.69927280862
 31
0.0
  0
LINE
  5
EF9
330
1F
100
AcDbEntity
  8
ELE 1
100
AcDbLine
 10
9429.403289448615
 20
40173.96000694741
 30
0.0
 11
9429.403289448615
 21
41108.24177271016
 31
0.0
  0
LINE
  5
EFA
330
1F
100
AcDbEntity
  8
ELE 1
100
AcDbLine
 10
9465.907583105479
 20
40173.96000694741
 30
0.0
 11
9465.907583105465
 21
41107.49647658521
 31
0.0
  0
LWPOLYLINE
  5
EFB
330
1F
100
AcDbEntity
  8
ELE 1
100
AcDbPolyline
 90
        2
 70
     0
 43
0.0
 10
9429.403289448615
 20
40173.96000694741
 10
9465.907583105479
 20
40173.96000694741
  0
ARC
  5
EFC
330
1F
100
AcDbEntity
  8
ABOVE-DOTTED
100
AcDbCircle
 10
9400.095144792867
 20
40144.65186229118
 30
0.0
 40
964.0355194694748
100
AcDbArc
 50
1.742147193213443
 51
88.2578528067796
  0
LWPOLYLINE
  5
EFD
330
1F
100
AcDbEntity
  8
ELE 1
100
AcDbPolyline
 90
        8
 70
     1
 43
0.0
 10
10395.62631215741
 20
40173.96000694741
 10
10395.62631215741
 20
39991.43853866981
 10
10363.68505520851
 20
39991.43853866981
 10
10363.68505520851
 20
40037.06890573923
 10
10349.99594508801
 20
40037.06890573923
 10
10349.99594508801
 20
40128.32963987802
 10
10363.68505520851
 20
40128.32963987802
 10
10363.68505520851
 20
40173.96000694741
  0
LINE
  5
EFE
330
1F
100
AcDbEntity
  8
ELE 1
100
AcDbLine
 10
9397.462032499708
 20
40173.96000694741
 30
0.0
 11
9397.46203249971
 21
39991.43853866981
 31
0.0
  0
LINE
  5
EFF
330
1F
100
AcDbEntity
  8
ELE 1
100
AcDbLine
 10
9397.46203249971
 20
39991.43853866981
 30
0.0
 11
9429.40328944862
 21
39991.43853866981
 31
0.0
  0
LINE
  5
F00
330
1F
100
AcDbEntity
  8
ELE 1
100
AcDbLine
 10
9429.40328944862
 20
39991.43853866981
 30
0.0
 11
9429.403289448615
 21
40037.0689057392
 31
0.0
  0
LINE
  5
F01
330
1F
100
AcDbEntity
  8
ELE 1
100
AcDbLine
 10
9429.403289448615
 20
40037.0689057392
 30
0.0
 11
9443.092399569115
 21
40037.0689057392
 31
0.0
  0
LINE
  5
F02
330
1F
100
AcDbEntity
  8
ELE 1
100
AcDbLine
 10
9443.092399569115
 20
40037.0689057392
 30
0.0
 11
9443.092399569115
 21
40128.32963987802
 31
0.0
  0
LINE
  5
F03
330
1F
100
AcDbEntity
  8
ELE 1
100
AcDbLine
 10
9443.092399569115
 20
40128.32963987802
 30
0.0
 11
9429.403289448615
 21
40128.32963987802
 31
0.0
  0
LINE
  5
F04
330
1F
100
AcDbEntity
  8
ELE 1
100
AcDbLine
 10
9429.403289448615
 20
40128.32963987802
 30
0.0
 11
9429.403289448615
 21
40173.96000694741
 31
0.0
  0
LINE
  5
F05
330
1F
100
AcDbEntity
  8
ELE 1
100
AcDbLine
 10
9429.403289448615
 20
40173.96000694741
 30
0.0
 11
9397.462032499708
 21
40173.96000694741
 31
0.0
  0
LINE
  5
F06
330
1F
100
AcDbEntity
  8
wall
100
AcDbLine
 10
10395.62631215741
 20
40197.69927280862
 30
0.0
 11
10395.62631215741
 21
39967.69927280864
 31
0.0
  0
LINE
  5
F07
330
1F
100
AcDbEntity
  8
wall
100
AcDbLine
 10
9067.462032499692
 20
40197.69927280862
 30
0.0
 11
4467.462032499692
 21
40197.69927280863
 31
0.0
  0
LINE
  5
F08
330
1F
100
AcDbEntity
  8
wall
100
AcDbLine
 10
9067.462032499692
 20
39967.69927280862
 30
0.0
 11
4237.462032499693
 21
39967.69927280862
 31
0.0
  0
LINE
  5
F09
330
1F
100
AcDbEntity
  8
ELE 2
100
AcDbLine
 10
1237.462032499709
 20
38287.69927280863
 30
0.0
 11
237.4620324997233
 21
38287.69927280863
 31
0.0
  0
LINE
  5
F0A
330
1F
100
AcDbEntity
  8
ELE 2
100
AcDbLine
 10
1237.462032499723
 20
36917.69927280862
 30
0.0
 11
237.4620324997233
 21
36917.69927280862
 31
0.0
  0
LINE
  5
F0B
330
1F
100
AcDbEntity
  8
ELE 2
100
AcDbLine
 10
237.4620324997233
 20
38287.69927280863
 30
0.0
 11
237.4620324997233
 21
38102.69927280862
 31
0.0
  0
LINE
  5
F0C
330
1F
100
AcDbEntity
  8
ELE 2
100
AcDbLine
 10
237.4620324997233
 20
37102.69927280863
 30
0.0
 11
237.4620324997233
 21
36917.69927280862
 31
0.0
  0
LINE
  5
F0D
330
1F
100
AcDbEntity
  8
ELE 2
100
AcDbLine
 10
1237.462032499723
 20
38287.69927280863
 30
0.0
 11
1237.462032499709
 21
36917.69927280862
 31
0.0
  0
LINE
  5
F0E
330
1F
100
AcDbEntity
  8
ELE 2
100
AcDbLine
 10
237.4620324997233
 20
37102.69927280863
 30
0.0
 11
7.462032499723276
 21
37102.69927280863
 31
0.0
  0
LINE
  5
F0F
330
1F
100
AcDbEntity
  8
ELE 2
100
AcDbLine
 10
237.4620324997233
 20
38102.69927280862
 30
0.0
 11
7.462032499723276
 21
38102.69927280862
 31
0.0
  0
LINE
  5
F10
330
1F
100
AcDbEntity
  8
SILL
100
AcDbLine
 10
237.4620324997233
 20
38102.69927280862
 30
0.0
 11
237.4620324997233
 21
37102.69927280863
 31
0.0
  0
LINE
  5
F11
330
1F
100
AcDbEntity
  8
ABOVE-DOTTED
100
AcDbLine
 10
1237.462032499709
 20
38287.69927280863
 30
0.0
 11
237.4620324997233
 21
36917.69927280862
 31
0.0
  0
LINE
  5
F12
330
1F
100
AcDbEntity
  8
ABOVE-DOTTED
100
AcDbLine
 10
1237.462032499709
 20
36917.69927280862
 30
0.0
 11
237.4620324997233
 21
38287.69927280863
 31
0.0
  0
LINE
  5
F13
330
1F
100
AcDbEntity
  8
0
100
AcDbLine
 10
122.4620324997232
 20
38102.69927280862
 30
0.0
 11
122.4620324997232
 21
37102.69927280863
 31
0.0
  0
LWPOLYLINE
  5
F14
330
1F
100
AcDbEntity
  8
ELE 2
100
AcDbPolyline
 90
        4
 70
     1
 43
0.0
 10
4667.462032499737
 20
32607.69927280862
 10
7.462032499723276
 20
32607.69927280862
 10
7.462032499723276
 20
36917.69927280862
 10
4667.462032499737
 20
36917.69927280862
  0
LINE
  5
F15
330
1F
100
AcDbEntity
  8
ELE 2
100
AcDbLine
 10
4667.462032499737
 20
36917.69927280862
 30
0.0
 11
7.462032499723276
 21
32607.69927280862
 31
0.0
  0
LINE
  5
F16
330
1F
100
AcDbEntity
  8
ELE 2
100
AcDbLine
 10
4667.462032499737
 20
32607.69927280862
 30
0.0
 11
7.462032499723276
 21
36917.69927280862
 31
0.0
  0
LINE
  5
F17
330
1F
100
AcDbEntity
  8
ELE 2
100
AcDbLine
 10
4237.462032499693
 20
39967.69927280862
 30
0.0
 11
7.462032499723276
 21
44427.69927280862
 31
0.0
  0
LINE
  5
F18
330
1F
100
AcDbEntity
  8
ELE 2
100
AcDbLine
 10
4237.462032499707
 20
44427.69927280862
 30
0.0
 11
7.462032499723276
 21
39967.69927280862
 31
0.0
  0
ARC
  5
F19
330
1F
100
AcDbEntity
  8
FURN
100
AcDbCircle
 10
13063.41523764078
 20
42442.0174672498
 30
0.0
 40
1663.754472219193
100
AcDbArc
 50
273.3064569998836
 51
286.9428860002178
  0
ARC
  5
F1A
330
1F
100
AcDbEntity
  8
FURN
100
AcDbCircle
 10
14393.17112652829
 20
38431.49557836817
 30
0.0
 40
2562.291916662001
100
AcDbArc
 50
93.36646100010046
 51
109.2534040003303
  0
LINE
  5
F1B
330
1F
100
AcDbEntity
  8
FURN
100
AcDbLine
 10
14242.70815430515
 20
40197.69927280862
 30
0.0
 11
12076.041487642
 21
40197.69927280862
 31
0.0
  0
LINE
  5
F1C
330
1F
100
AcDbEntity
  8
FURN
100
AcDbLine
 10
12076.041487642
 20
40364.36593947825
 30
0.0
 11
12076.041487642
 21
42531.03260614142
 31
0.0
  0
LINE
  5
F1D
330
1F
100
AcDbEntity
  8
FURN
100
AcDbLine
 10
12159.3748209752
 20
42614.36593947137
 30
0.0
 11
14159.3748209752
 21
42614.36593947137
 31
0.0
  0
LINE
  5
F1E
330
1F
100
AcDbEntity
  8
FURN
100
AcDbLine
 10
14242.70815430515
 20
42531.03260614142
 30
0.0
 11
14242.70815430515
 21
40364.36593947825
 31
0.0
  0
LINE
  5
F1F
330
1F
100
AcDbEntity
  8
FURN
100
AcDbLine
 10
14242.70815430515
 20
40281.03260613859
 30
0.0
 11
12076.041487642
 21
40281.03260613859
 31
0.0
  0
LINE
  5
F20
330
1F
100
AcDbEntity
  8
FURN
100
AcDbLine
 10
14159.3748209752
 20
40336.58816169728
 30
0.0
 11
14159.3748209752
 21
40725.47705058554
 31
0.0
  0
LINE
  5
F21
330
1F
100
AcDbEntity
  8
FURN
100
AcDbLine
 10
14159.3748209752
 20
40725.47705058554
 30
0.0
 11
13242.70815430678
 21
40725.47705058554
 31
0.0
  0
LINE
  5
F22
330
1F
100
AcDbEntity
  8
FURN
100
AcDbLine
 10
13242.70815430678
 20
40725.47705058554
 30
0.0
 11
13242.70815430678
 21
40336.58816169728
 31
0.0
  0
LINE
  5
F23
330
1F
100
AcDbEntity
  8
FURN
100
AcDbLine
 10
13242.70815430678
 20
40336.58816169728
 30
0.0
 11
14159.3748209752
 21
40336.58816169728
 31
0.0
  0
LINE
  5
F24
330
1F
100
AcDbEntity
  8
FURN
100
AcDbLine
 10
12159.3748209752
 20
40336.58816169728
 30
0.0
 11
13076.04148764361
 21
40336.58816169728
 31
0.0
  0
LINE
  5
F25
330
1F
100
AcDbEntity
  8
FURN
100
AcDbLine
 10
12159.3748209752
 20
40725.47705058554
 30
0.0
 11
12159.3748209752
 21
40336.58816169728
 31
0.0
  0
LINE
  5
F26
330
1F
100
AcDbEntity
  8
FURN
100
AcDbLine
 10
13076.04148764361
 20
40725.47705058554
 30
0.0
 11
12159.3748209752
 21
40725.47705058554
 31
0.0
  0
LINE
  5
F27
330
1F
100
AcDbEntity
  8
FURN
100
AcDbLine
 10
13076.04148764361
 20
40336.58816169728
 30
0.0
 11
13076.04148764361
 21
40725.47705058554
 31
0.0
  0
LINE
  5
F28
330
1F
100
AcDbEntity
  8
FURN
100
AcDbLine
 10
13603.81926542054
 20
41003.25482836287
 30
0.0
 11
12076.041487642
 21
41003.25482836287
 31
0.0
  0
ARC
  5
F29
330
1F
100
AcDbEntity
  8
FURN
100
AcDbCircle
 10
14201.04148763856
 20
40218.53260613867
 30
0.0
 40
981.6261388871016
100
AcDbArc
 50
87.56726000000714
 51
129.5460809999244
  0
ARC
  5
F2A
330
1F
100
AcDbEntity
  8
FURN
100
AcDbCircle
 10
12975.23504319376
 20
41801.1938839188
 30
0.0
 40
1021.164388887029
100
AcDbArc
 50
272.5397819999602
 51
306.0403109996133
  0
LINE
  5
F2B
330
1F
100
AcDbEntity
  8
FURN
100
AcDbLine
 10
13159.37482097358
 20
40781.032606141
 30
0.0
 11
12076.041487642
 21
40781.032606141
 31
0.0
  0
ARC
  5
F2C
330
1F
100
AcDbEntity
  8
FURN
100
AcDbCircle
 10
14826.04148763755
 20
40531.03260614141
 30
0.0
 40
694.4444444431799
100
AcDbArc
 50
163.7397949999403
 51
196.2602050000596
  0
ARC
  5
F2D
330
1F
100
AcDbEntity
  8
FURN
100
AcDbCircle
 10
12576.04148764442
 20
40531.03260614141
 30
0.0
 40
694.4444444431799
100
AcDbArc
 50
343.7397949999404
 51
16.26020500005963
  0
ARC
  5
F2E
330
1F
100
AcDbEntity
  8
FURN
100
AcDbCircle
 10
11492.70815431284
 20
40531.03260614141
 30
0.0
 40
694.4444444431799
100
AcDbArc
 50
343.7397949999404
 51
16.26020500005963
  0
ARC
  5
F2F
330
1F
100
AcDbEntity
  8
FURN
100
AcDbCircle
 10
13742.70815430597
 20
40531.03260614141
 30
0.0
 40
694.4444444431799
100
AcDbArc
 50
163.7397949999403
 51
196.2602050000596
  0
ARC
  5
F30
330
1F
100
AcDbEntity
  8
FURN
100
AcDbCircle
 10
14159.3748209752
 20
42531.03260614142
 30
0.0
 40
83.33333333318158
100
AcDbArc
 50
0.0
 51
90.0
  0
ARC
  5
F31
330
1F
100
AcDbEntity
  8
FURN
100
AcDbCircle
 10
12159.3748209752
 20
42531.03260614142
 30
0.0
 40
83.33333333318158
100
AcDbArc
 50
90.0
 51
180.0
  0
ARC
  5
F32
330
1F
100
AcDbEntity
  8
FURN
100
AcDbCircle
 10
12159.3748209752
 20
40364.36593947825
 30
0.0
 40
83.33333333318158
100
AcDbArc
 50
180.0
 51
270.0
  0
ARC
  5
F33
330
1F
100
AcDbEntity
  8
FURN
100
AcDbCircle
 10
14159.3748209752
 20
40364.36593947825
 30
0.0
 40
83.33333333318158
100
AcDbArc
 50
270.0
 51
0.0
  0
LINE
  5
F34
330
1F
100
AcDbEntity
  8
FURN
100
AcDbLine
 10
12076.041487642
 20
40281.03260613859
 30
0.0
 11
12076.041487642
 21
40197.69927280862
 31
0.0
  0
LINE
  5
F35
330
1F
100
AcDbEntity
  8
FURN
100
AcDbLine
 10
14242.70815430515
 20
40281.03260613859
 30
0.0
 11
14242.70815430515
 21
40197.69927280862
 31
0.0
  0
LWPOLYLINE
  5
F36
330
1F
100
AcDbEntity
  8
FURN
100
AcDbPolyline
 90
        4
 70
     1
 43
0.0
 10
12076.041487642
 20
40647.69927280861
 10
12076.041487642
 20
40197.69927280862
 10
11626.041487642
 20
40197.69927280862
 10
11626.041487642
 20
40647.69927280861
  0
LWPOLYLINE
  5
F37
330
1F
100
AcDbEntity
  8
FURN
100
AcDbPolyline
 90
        4
 70
     1
 43
0.0
 10
14242.70815430515
 20
40647.69927280861
 10
14242.70815430515
 20
40197.69927280862
 10
14692.70815430516
 20
40197.69927280862
 10
14692.70815430516
 20
40647.69927280861
  0
LINE
  5
F38
330
1F
100
AcDbEntity
  8
wall
100
AcDbLine
 10
13457.46203249969
 20
37332.2291755579
 30
0.0
 11
13227.46203249971
 21
37332.2291755579
 31
0.0
  0
LINE
  5
F39
330
1F
100
AcDbEntity
  8
wall
100
AcDbLine
 10
13457.46203249969
 20
37782.2291755579
 30
0.0
 11
13227.46203249971
 21
37782.2291755579
 31
0.0
  0
LINE
  5
F3A
330
1F
100
AcDbEntity
  8
SILL
100
AcDbLine
 10
13457.46203249969
 20
37782.2291755579
 30
0.0
 11
13457.46203249969
 21
37332.2291755579
 31
0.0
  0
LINE
  5
F3B
330
1F
100
AcDbEntity
  8
SILL
100
AcDbLine
 10
13227.46203249971
 20
37782.22917555791
 30
0.0
 11
13227.4620324997
 21
37332.2291755579
 31
0.0
  0
LINE
  5
F3C
330
1F
100
AcDbEntity
  8
ELE 1
100
AcDbLine
 10
11240.17631821286
 20
39126.01008220193
 30
0.0
 11
12035.77631821552
 21
39126.01008220192
 31
0.0
  0
LINE
  5
F3D
330
1F
100
AcDbEntity
  8
ELE 1
100
AcDbLine
 10
11240.17631821286
 20
39094.92436791553
 30
0.0
 11
12035.1416514386
 21
39094.92436791553
 31
0.0
  0
LWPOLYLINE
  5
F3E
330
1F
100
AcDbEntity
  8
ELE 1
100
AcDbPolyline
 90
        2
 70
     0
 43
0.0
 10
11240.17631821286
 20
39126.01008220193
 10
11240.17631821286
 20
39094.92436791553
  0
ARC
  5
F3F
330
1F
100
AcDbEntity
  8
ABOVE-DOTTED
100
AcDbCircle
 10
11215.21857982702
 20
39150.96782058737
 30
0.0
 40
820.9372026717366
100
AcDbArc
 50
271.7421471932063
 51
358.2578528067866
  0
LWPOLYLINE
  5
F40
330
1F
100
AcDbEntity
  8
ELE 1
100
AcDbPolyline
 90
        8
 70
     1
 43
0.0
 10
11240.17631821285
 20
38303.21008220182
 10
11084.74774678655
 20
38303.21008220182
 10
11084.74774678655
 20
38330.41008220171
 10
11123.60488964311
 20
38330.41008220171
 10
11123.60488964311
 20
38342.06722505841
 10
11201.31917535627
 20
38342.06722505841
 10
11201.31917535627
 20
38330.41008220171
 10
11240.17631821285
 20
38330.41008220171
  0
LINE
  5
F41
330
1F
100
AcDbEntity
  8
ELE 1
100
AcDbLine
 10
11240.17631821286
 20
39153.21008220182
 30
0.0
 11
11084.74774678655
 21
39153.21008220182
 31
0.0
  0
LINE
  5
F42
330
1F
100
AcDbEntity
  8
ELE 1
100
AcDbLine
 10
11084.74774678655
 20
39153.21008220182
 30
0.0
 11
11084.74774678655
 21
39126.01008220193
 31
0.0
  0
LINE
  5
F43
330
1F
100
AcDbEntity
  8
ELE 1
100
AcDbLine
 10
11084.74774678655
 20
39126.01008220193
 30
0.0
 11
11123.60488964313
 21
39126.01008220193
 31
0.0
  0
LINE
  5
F44
330
1F
100
AcDbEntity
  8
ELE 1
100
AcDbLine
 10
11123.60488964313
 20
39126.01008220193
 30
0.0
 11
11123.60488964313
 21
39114.35293934523
 31
0.0
  0
LINE
  5
F45
330
1F
100
AcDbEntity
  8
ELE 1
100
AcDbLine
 10
11123.60488964313
 20
39114.35293934523
 30
0.0
 11
11201.31917535628
 21
39114.35293934523
 31
0.0
  0
LINE
  5
F46
330
1F
100
AcDbEntity
  8
ELE 1
100
AcDbLine
 10
11201.31917535628
 20
39114.35293934523
 30
0.0
 11
11201.31917535628
 21
39126.01008220193
 31
0.0
  0
LINE
  5
F47
330
1F
100
AcDbEntity
  8
ELE 1
100
AcDbLine
 10
11201.31917535628
 20
39126.01008220193
 30
0.0
 11
11240.17631821286
 21
39126.01008220193
 31
0.0
  0
LINE
  5
F48
330
1F
100
AcDbEntity
  8
ELE 1
100
AcDbLine
 10
11240.17631821286
 20
39126.01008220193
 30
0.0
 11
11240.17631821286
 21
39153.21008220182
 31
0.0
  0
LINE
  5
F49
330
1F
100
AcDbEntity
  8
FURN
100
AcDbLine
 10
13227.46203249971
 20
37785.44346127236
 30
0.0
 11
13227.46203249971
 21
37329.01488984344
 31
0.0
  0
LINE
  5
F4A
330
1F
100
AcDbEntity
  8
FURN
100
AcDbLine
 10
13024.60488964269
 20
37329.01488984344
 30
0.0
 11
13024.60488964269
 21
37785.44346127236
 31
0.0
  0
ARC
  5
F4B
330
1F
100
AcDbEntity
  8
FURN
100
AcDbCircle
 10
12820.59526075602
 20
37289.71567477482
 30
0.0
 40
424.0364753324617
100
AcDbArc
 50
90.0
 51
105.07313764278
  0
ARC
  5
F4C
330
1F
100
AcDbEntity
  8
FURN
100
AcDbCircle
 10
12785.09693380348
 20
37421.52399434965
 30
0.0
 40
328.1030896091321
100
AcDbArc
 50
105.07313764278
 51
123.0315475518815
  0
ARC
  5
F4D
330
1F
100
AcDbEntity
  8
FURN
100
AcDbCircle
 10
12856.09358771071
 20
37421.52399434942
 30
0.0
 40
328.1030896092497
100
AcDbArc
 50
59.09657470214376
 51
74.92686235721997
  0
ARC
  5
F4E
330
1F
100
AcDbEntity
  8
FURN
100
AcDbCircle
 10
12820.59526075602
 20
37289.71567477461
 30
0.0
 40
424.0364753326226
100
AcDbArc
 50
74.92686235721997
 51
90.0
  0
ARC
  5
F4F
330
1F
100
AcDbEntity
  8
FURN
100
AcDbCircle
 10
13049.96203250003
 20
37329.01488984344
 30
0.0
 40
25.35714285714909
100
AcDbArc
 50
180.0
 51
270.0
  0
LINE
  5
F50
330
1F
100
AcDbEntity
  8
FURN
100
AcDbLine
 10
12953.60488964256
 20
37422.44220883124
 30
0.0
 11
12953.60488964256
 21
37692.01614228456
 31
0.0
  0
ARC
  5
F51
330
1F
100
AcDbEntity
  8
FURN
100
AcDbCircle
 10
12648.65759811452
 20
37557.2291755578
 30
0.0
 40
131.1955656148112
100
AcDbArc
 50
180.0
 51
212.4997749144752
  0
ARC
  5
F52
330
1F
100
AcDbEntity
  8
FURN
100
AcDbCircle
 10
12648.65759811452
 20
37557.2291755578
 30
0.0
 40
90.6241370433622
100
AcDbArc
 50
180.0
 51
212.4997749144752
  0
ARC
  5
F53
330
1F
100
AcDbEntity
  8
FURN
100
AcDbCircle
 10
12820.59526075602
 20
37824.7426763414
 30
0.0
 40
464.6079039040936
100
AcDbArc
 50
254.9268623570447
 51
270.0
  0
ARC
  5
F54
330
1F
100
AcDbEntity
  8
FURN
100
AcDbCircle
 10
12820.59526075602
 20
37824.7426763414
 30
0.0
 40
424.0364753326574
100
AcDbArc
 50
254.9268623570447
 51
270.0
  0
ARC
  5
F55
330
1F
100
AcDbEntity
  8
FURN
100
AcDbCircle
 10
12730.94883440953
 20
37609.65402047447
 30
0.0
 40
228.767139013323
100
AcDbArc
 50
212.4997749144752
 51
236.9684524481181
  0
ARC
  5
F56
330
1F
100
AcDbEntity
  8
FURN
100
AcDbCircle
 10
12785.09693380348
 20
37692.93435676637
 30
0.0
 40
287.5316610378234
100
AcDbArc
 50
236.9684524481181
 51
254.9268623570447
  0
ARC
  5
F57
330
1F
100
AcDbEntity
  8
FURN
100
AcDbCircle
 10
12785.09693380348
 20
37692.93435676637
 30
0.0
 40
328.1030896092488
100
AcDbArc
 50
236.9684524481181
 51
254.9268623570447
  0
ARC
  5
F58
330
1F
100
AcDbEntity
  8
FURN
100
AcDbCircle
 10
12730.94883440953
 20
37609.65402047469
 30
0.0
 40
188.1957104418842
100
AcDbArc
 50
212.4997749144752
 51
236.9684524481181
  0
LINE
  5
F59
330
1F
100
AcDbEntity
  8
FURN
100
AcDbLine
 10
12976.32253114113
 20
37459.66500265014
 30
0.0
 11
12953.50103660138
 21
37459.66500265014
 31
0.0
  0
LINE
  5
F5A
330
1F
100
AcDbEntity
  8
FURN
100
AcDbLine
 10
12953.50103660138
 20
37469.5616703051
 30
0.0
 11
12976.32253114113
 21
37469.5616703051
 31
0.0
  0
ARC
  5
F5B
330
1F
100
AcDbEntity
  8
FURN
100
AcDbCircle
 10
12856.09358771071
 20
37692.93435676637
 30
0.0
 40
328.1030896091106
100
AcDbArc
 50
285.0731376429552
 51
300.9034252978562
  0
ARC
  5
F5C
330
1F
100
AcDbEntity
  8
FURN
100
AcDbCircle
 10
12820.59526075602
 20
37824.7426763412
 30
0.0
 40
424.0364753324157
100
AcDbArc
 50
270.0
 51
285.0731376429552
  0
ARC
  5
F5D
330
1F
100
AcDbEntity
  8
FURN
100
AcDbCircle
 10
12820.59526075602
 20
37824.7426763412
 30
0.0
 40
464.6079039038514
100
AcDbArc
 50
270.0
 51
285.0731376429552
  0
ARC
  5
F5E
330
1F
100
AcDbEntity
  8
FURN
100
AcDbCircle
 10
12856.09358771071
 20
37692.93435676637
 30
0.0
 40
287.5316610376539
100
AcDbArc
 50
285.0731376429552
 51
289.8240239175668
  0
LINE
  5
F5F
330
1F
100
AcDbEntity
  8
FURN
100
AcDbLine
 10
12953.50103660138
 20
37459.66500265014
 30
0.0
 11
12953.50103660138
 21
37469.5616703051
 31
0.0
  0
LINE
  5
F60
330
1F
100
AcDbEntity
  8
FURN
100
AcDbLine
 10
12976.32253114113
 20
37469.5616703051
 30
0.0
 11
12976.32253114113
 21
37459.66500265014
 31
0.0
  0
ARC
  5
F61
330
1F
100
AcDbEntity
  8
FURN
100
AcDbCircle
 10
12730.94883440953
 20
37504.80433064133
 30
0.0
 40
228.7671390133139
100
AcDbArc
 50
123.0315475518815
 51
147.5002250855248
  0
ARC
  5
F62
330
1F
100
AcDbEntity
  8
FURN
100
AcDbCircle
 10
12785.09693380348
 20
37421.52399434965
 30
0.0
 40
287.5316610376854
100
AcDbArc
 50
105.07313764278
 51
123.0315475518815
  0
ARC
  5
F63
330
1F
100
AcDbEntity
  8
FURN
100
AcDbCircle
 10
12648.65759811452
 20
37557.2291755578
 30
0.0
 40
90.62413704336057
100
AcDbArc
 50
147.5002250855248
 51
180.0
  0
ARC
  5
F64
330
1F
100
AcDbEntity
  8
FURN
100
AcDbCircle
 10
12648.65759811452
 20
37557.2291755578
 30
0.0
 40
131.1955656147909
100
AcDbArc
 50
147.5002250855248
 51
180.0
  0
ARC
  5
F65
330
1F
100
AcDbEntity
  8
FURN
100
AcDbCircle
 10
12730.94883440953
 20
37504.80433064133
 30
0.0
 40
188.1957104418636
100
AcDbArc
 50
123.0315475518815
 51
147.5002250855248
  0
LINE
  5
F66
330
1F
100
AcDbEntity
  8
FURN
100
AcDbLine
 10
12976.32253114113
 20
37654.54920992187
 30
0.0
 11
12953.50103660138
 21
37654.54920992187
 31
0.0
  0
LINE
  5
F67
330
1F
100
AcDbEntity
  8
FURN
100
AcDbLine
 10
12953.50103660138
 20
37644.6525422669
 30
0.0
 11
12976.32253114113
 21
37644.6525422669
 31
0.0
  0
LINE
  5
F68
330
1F
100
AcDbEntity
  8
FURN
100
AcDbLine
 10
12953.50103660138
 20
37654.54920992187
 30
0.0
 11
12953.50103660138
 21
37644.6525422669
 31
0.0
  0
LINE
  5
F69
330
1F
100
AcDbEntity
  8
FURN
100
AcDbLine
 10
12976.32253114113
 20
37644.6525422669
 30
0.0
 11
12976.32253114113
 21
37654.54920992187
 31
0.0
  0
ARC
  5
F6A
330
1F
100
AcDbEntity
  8
FURN
100
AcDbCircle
 10
12856.09358771071
 20
37421.52399434942
 30
0.0
 40
287.5316610378145
100
AcDbArc
 50
70.1759760824332
 51
74.92686235721997
  0
ARC
  5
F6B
330
1F
100
AcDbEntity
  8
FURN
100
AcDbCircle
 10
13202.10488964193
 20
37329.01488984344
 30
0.0
 40
25.35714285714909
100
AcDbArc
 50
270.0
 51
0.0
  0
LINE
  5
F6C
330
1F
100
AcDbEntity
  8
FURN
100
AcDbLine
 10
13202.10488964193
 20
37303.6577469863
 30
0.0
 11
13049.96203250003
 21
37303.6577469863
 31
0.0
  0
ARC
  5
F6D
330
1F
100
AcDbEntity
  8
FURN
100
AcDbCircle
 10
13049.96203250003
 20
37785.44346127236
 30
0.0
 40
25.35714285714909
100
AcDbArc
 50
90.0
 51
180.0
  0
ARC
  5
F6E
330
1F
100
AcDbEntity
  8
FURN
100
AcDbCircle
 10
12820.59526075602
 20
37289.71567477482
 30
0.0
 40
464.6079039038975
100
AcDbArc
 50
90.0
 51
105.07313764278
  0
ARC
  5
F6F
330
1F
100
AcDbEntity
  8
FURN
100
AcDbCircle
 10
12820.59526075602
 20
37289.71567477461
 30
0.0
 40
464.607903904059
100
AcDbArc
 50
74.92686235721997
 51
90.0
  0
ARC
  5
F70
330
1F
100
AcDbEntity
  8
FURN
100
AcDbCircle
 10
13202.10488964193
 20
37785.44346127236
 30
0.0
 40
25.35714285714909
100
AcDbArc
 50
0.0
 51
90.0
  0
LINE
  5
F71
330
1F
100
AcDbEntity
  8
FURN
100
AcDbLine
 10
13049.96203250003
 20
37810.80060412928
 30
0.0
 11
13202.10488964193
 21
37810.80060412928
 31
0.0
  0
LINE
  5
F72
330
1F
100
AcDbEntity
  8
FURN
100
AcDbLine
 10
12861.68040051545
 20
38830.41843788415
 30
0.0
 11
12861.68040051545
 21
38474.79740678907
 31
0.0
  0
ARC
  5
F73
330
1F
100
AcDbEntity
  8
FURN
100
AcDbCircle
 10
12922.6440058468
 20
38474.79740678837
 30
0.0
 40
60.96360533134138
100
AcDbArc
 50
179.9999999991662
 51
269.9999999991661
  0
LINE
  5
F74
330
1F
100
AcDbEntity
  8
FURN
100
AcDbLine
 10
12922.64400584609
 20
38413.83380145704
 30
0.0
 11
13044.57121650768
 21
38413.83380145704
 31
0.0
  0
ARC
  5
F75
330
1F
100
AcDbEntity
  8
FURN
100
AcDbCircle
 10
13044.57121650768
 20
38515.43981034147
 30
0.0
 40
101.6060088844303
100
AcDbArc
 50
270.0
 51
0.0
  0
LINE
  5
F76
330
1F
100
AcDbEntity
  8
FURN
100
AcDbLine
 10
13146.17722539212
 20
38515.43981034147
 30
0.0
 11
13146.17722539212
 21
38789.7760343309
 31
0.0
  0
ARC
  5
F77
330
1F
100
AcDbEntity
  8
FURN
100
AcDbCircle
 10
13044.57121650768
 20
38789.7760343309
 30
0.0
 40
101.6060088844303
100
AcDbArc
 50
0.0
 51
90.0
  0
LINE
  5
F78
330
1F
100
AcDbEntity
  8
FURN
100
AcDbLine
 10
13044.57121650768
 20
38891.38204321533
 30
0.0
 11
12922.64400584609
 21
38891.38204321533
 31
0.0
  0
ARC
  5
F79
330
1F
100
AcDbEntity
  8
FURN
100
AcDbCircle
 10
12922.64400584636
 20
38830.41843788442
 30
0.0
 40
60.96360533090756
100
AcDbArc
 50
90.0
 51
180.0
  0
LINE
  5
F7A
330
1F
100
AcDbEntity
  8
FURN
100
AcDbLine
 10
12821.03799696155
 20
38830.41843788415
 30
0.0
 11
12821.03799696155
 21
38474.79740678907
 31
0.0
  0
ARC
  5
F7B
330
1F
100
AcDbEntity
  8
FURN
100
AcDbCircle
 10
12922.64400584604
 20
38474.79740678912
 30
0.0
 40
101.6060088844845
100
AcDbArc
 50
180.0
 51
270.0
  0
LINE
  5
F7C
330
1F
100
AcDbEntity
  8
FURN
100
AcDbLine
 10
12922.64400584609
 20
38373.19139790464
 30
0.0
 11
13227.46203249971
 21
38373.19139790464
 31
0.0
  0
LINE
  5
F7D
330
1F
100
AcDbEntity
  8
FURN
100
AcDbLine
 10
13227.46203249971
 20
38373.19139790464
 30
0.0
 11
13227.46203249971
 21
38932.02444676856
 31
0.0
  0
LINE
  5
F7E
330
1F
100
AcDbEntity
  8
FURN
100
AcDbLine
 10
13227.46203249971
 20
38932.02444676856
 30
0.0
 11
12922.64400584609
 21
38932.02444676856
 31
0.0
  0
ARC
  5
F7F
330
1F
100
AcDbEntity
  8
FURN
100
AcDbCircle
 10
12922.64400584604
 20
38830.41843788409
 30
0.0
 40
101.6060088844845
100
AcDbArc
 50
90.0
 51
179.9999999995831
  0
CIRCLE
  5
F80
330
1F
100
AcDbEntity
  8
FURN
100
AcDbCircle
 10
13186.81962894591
 20
38652.60792233704
 30
0.0
 40
20.32120177690412
  0
LINE
  5
F81
330
1F
100
AcDbEntity
  8
FURN
100
AcDbLine
 10
13095.3742209498
 20
38703.41092677797
 30
0.0
 11
13095.3742209498
 21
38601.80491789441
 31
0.0
  0
CIRCLE
  5
F82
330
1F
100
AcDbEntity
  8
FURN
100
AcDbCircle
 10
13095.3742209498
 20
38652.60792233704
 30
0.0
 40
25.40150222113015
  0
LINE
  5
F83
330
1F
100
AcDbEntity
  8
FURN
100
AcDbLine
 10
13044.57121650768
 20
38652.60792233704
 30
0.0
 11
13146.17722539212
 21
38652.60792233704
 31
0.0
  0
CIRCLE
  5
F84
330
1F
100
AcDbEntity
  8
FURN
100
AcDbCircle
 10
13186.81962894591
 20
38713.57152766649
 30
0.0
 40
20.32120177690412
  0
CIRCLE
  5
F85
330
1F
100
AcDbEntity
  8
FURN
100
AcDbCircle
 10
13186.81962894591
 20
38591.64431700674
 30
0.0
 40
20.32120177690412
  0
LINE
  5
F86
330
1F
100
AcDbEntity
  8
wall
100
AcDbLine
 10
9067.462032499724
 20
42997.69927280862
 30
0.0
 11
9297.462032499723
 21
42997.69927280862
 31
0.0
  0
LINE
  5
F87
330
1F
100
AcDbEntity
  8
ELE 2
100
AcDbLine
 10
9067.462032499724
 20
36687.69927280862
 30
0.0
 11
9067.462032499873
 21
32007.69927280873
 31
0.0
  0
MTEXT
  5
F88
330
1F
100
AcDbEntity
  8
0
100
AcDbMText
 10
12103.55714330465
 20
43264.24148627027
 30
0.0
 40
150.0
 41
2047.873289513169
 46
0.0
 71
     1
 72
     5
  1
MASTER BEDROOM
 73
     1
 44
1.0
101
Embedded Object
 70
     1
 10
1.0
 20
0.0
 30
0.0
 11
12103.55714330465
 21
43264.24148627027
 31
0.0
 40
2047.873289513169
 41
0.0
 42
1982.742155525239
 43
155.2182810368349
 71
     2
 72
     1
 44
2047.873289513169
 45
12.5
 73
     0
 74
     0
 46
0.0
  0
LINE
  5
F89
330
1F
100
AcDbEntity
  8
FURN
100
AcDbLine
 10
10597.4620324997
 20
38303.21008220182
 30
0.0
 11
11047.46203249971
 21
38303.21008220182
 31
0.0
  0
LINE
  5
F8A
330
1F
100
AcDbEntity
  8
FURN
100
AcDbLine
 10
9297.462032499723
 20
39155.3104834085
 30
0.0
 11
9747.462032499724
 21
39155.3104834085
 31
0.0
  0
MTEXT
  5
F8B
330
1F
100
AcDbEntity
  8
0
100
AcDbMText
 10
9658.023578752901
 20
39701.70916471273
 30
0.0
 40
150.0
 41
2047.873289513169
 46
0.0
 71
     1
 72
     5
  1
WALKING WARDROBE
 73
     1
 44
1.0
101
Embedded Object
 70
     1
 10
1.0
 20
0.0
 30
0.0
 11
9658.023578752901
 21
39701.70916471273
 31
0.0
 40
2047.873289513169
 41
0.0
 42
1220.259208731241
 43
407.7762619372442
 71
     2
 72
     1
 44
2047.873289513169
 45
12.5
 73
     0
 74
     0
 46
0.0
  0
MTEXT
  5
F8C
330
1F
100
AcDbEntity
  8
0
100
AcDbMText
 10
11807.18347896249
 20
38399.30329211643
 30
0.0
 40
150.0
 41
2047.873289513169
 46
0.0
 71
     1
 72
     5
  1
TOILET
 73
     1
 44
1.0
101
Embedded Object
 70
     1
 10
1.0
 20
0.0
 30
0.0
 11
11807.18347896249
 21
38399.30329211643
 31
0.0
 40
2047.873289513169
 41
0.0
 42
724.4201909959073
 43
155.2182810368349
 71
     2
 72
     1
 44
2047.873289513169
 45
12.5
 73
     0
 74
     0
 46
0.0
  0
LINE
  5
F8D
330
1F
100
AcDbEntity
  8
SILL
100
AcDbLine
 10
11277.46203249971
 20
39153.21008220182
 30
0.0
 11
11277.46203249971
 21
38303.21008220182
 31
0.0
  0
MTEXT
  5
F8E
330
1F
100
AcDbEntity
  8
0
100
AcDbMText
 10
6544.027953099091
 20
41506.8838463929
 30
0.0
 40
150.0
 41
2047.873289513169
 46
0.0
 71
     1
 72
     5
  1
DINNING BELOW 
 73
     1
 44
1.0
101
Embedded Object
 70
     1
 10
1.0
 20
0.0
 30
0.0
 11
6544.027953099091
 21
41506.8838463929
 31
0.0
 40
2047.873289513169
 41
0.0
 42
1681.309686221009
 43
155.2182810368349
 71
     2
 72
     1
 44
2047.873289513169
 45
12.5
 73
     0
 74
     0
 46
0.0
  0
LINE
  5
F8F
330
1F
100
AcDbEntity
  8
ABOVE-DOTTED
100
AcDbLine
 10
9067.462032499692
 20
40197.69927280862
 30
0.0
 11
4467.462032499692
 21
44197.69927280862
 31
0.0
  0
LINE
  5
F90
330
1F
100
AcDbEntity
  8
ABOVE-DOTTED
100
AcDbLine
 10
4467.462032499695
 20
40197.69927280863
 30
0.0
 11
9067.46203249971
 21
44197.69927280862
 31
0.0
  0
LINE
  5
F91
330
1F
100
AcDbEntity
  8
ELE 2
100
AcDbLine
 10
4237.462032499693
 20
39967.69927280862
 30
0.0
 11
7.462032499723276
 21
39967.69927280865
 31
0.0
  0
ENDSEC
  0
SECTION
  2
OBJECTS
  0
DICTIONARY
  5
C
330
0
100
AcDbDictionary
281
     1
  3
ACAD_CIP_PREVIOUS_PRODUCT_INFO
350
1A5
  3
ACAD_COLOR
350
73
  3
ACAD_DETAILVIEWSTYLE
350
1AB
  3
ACAD_GROUP
350
D
  3
ACAD_LAST_SAVED_VERSION_INFO
350
F92
  3
ACAD_LAYOUT
350
1A
  3
ACAD_MATERIAL
350
72
  3
ACAD_MLEADERSTYLE
350
D7
  3
ACAD_MLINESTYLE
350
17
  3
ACAD_PLOTSETTINGS
350
19
  3
ACAD_PLOTSTYLENAME
350
E
  3
ACAD_SCALELIST
350
B6
  3
ACAD_SECTIONVIEWSTYLE
350
1A8
  3
ACAD_TABLESTYLE
350
86
  3
ACAD_VISUALSTYLE
350
99
  3
ACDB_RECOMPOSE_DATA
350
F94
  3
AcDbVariableDictionary
350
66
  0
DICTIONARY
  5
18E
330
2
100
AcDbDictionary
280
     1
281
     1
  3
ACAD_LAYERSTATES
360
18F
  0
DICTIONARY
  5
E6
330
10
100
AcDbDictionary
280
     1
281
     1
  0
DICTIONARY
  5
256
330
255
100
AcDbDictionary
280
     1
281
     1
  0
DICTIONARY
  5
259
330
258
100
AcDbDictionary
280
     1
281
     1
  0
DICTIONARY
  5
15D
330
1F
100
AcDbDictionary
280
     1
281
     1
  0
XRECORD
  5
1A5
102
{ACAD_REACTORS
330
C
102
}
330
C
100
AcDbXrecord
280
     1
300
ACD
300
2025
300

  0
DICTIONARY
  5
73
102
{ACAD_REACTORS
330
C
102
}
330
C
100
AcDbDictionary
281
     1
  0
DICTIONARY
  5
1AB
102
{ACAD_REACTORS
330
C
102
}
330
C
100
AcDbDictionary
281
     1
  3
Imperial24
350
1AC
  3
Metric50
350
261
  0
DICTIONARY
  5
D
102
{ACAD_REACTORS
330
C
102
}
330
C
100
AcDbDictionary
281
     1
  0
XRECORD
  5
F92
102
{ACAD_REACTORS
330
C
102
}
330
C
100
AcDbXrecord
280
     1
300
{A8463F9A-513A-8D4F-AC22-D3C60B7AD2D7}
301
{0CC008F1-93CE-6E4F-9B34-DB7F0723C50B}
302
{A8463F9A-513A-8D4F-AC22-D3C60B7AD2D7}
303
C:\Users\Sakshi\Desktop\shriya_final\bangalow-new-plan-1.dxf
  0
DICTIONARY
  5
1A
102
{ACAD_REACTORS
330
C
102
}
330
C
100
AcDbDictionary
281
     1
  3
Layout1
350
59
  3
Layout2
350
5E
  3
Model
350
22
  0
DICTIONARY
  5
72
102
{ACAD_REACTORS
330
C
102
}
330
C
100
AcDbDictionary
281
     1
  3
ByBlock
350
97
  3
ByLayer
350
96
  3
Global
350
98
  0
DICTIONARY
  5
D7
102
{ACAD_REACTORS
330
C
102
}
330
C
100
AcDbDictionary
281
     1
  3
Annotative
350
E5
  3
Standard
350
D8
  0
DICTIONARY
  5
17
102
{ACAD_REACTORS
330
C
102
}
330
C
100
AcDbDictionary
281
     1
  3
Standard
350
18
  0
DICTIONARY
  5
19
102
{ACAD_REACTORS
330
C
102
}
330
C
100
AcDbDictionary
281
     1
  0
ACDBDICTIONARYWDFLT
  5
E
102
{ACAD_REACTORS
330
C
102
}
330
C
100
AcDbDictionary
281
     1
  3
Normal
350
F
100
AcDbDictionaryWithDefault
340
F
  0
DICTIONARY
  5
B6
102
{ACAD_REACTORS
330
C
102
}
330
C
100
AcDbDictionary
281
     1
  3
A0
350
B7
  3
A1
350
124
  3
A2
350
125
  3
A3
350
126
  3
A4
350
127
  3
A5
350
128
  3
A6
350
129
  3
A7
350
12A
  3
A8
350
12B
  3
A9
350
12C
  3
B0
350
12D
  3
B1
350
12E
  3
B2
350
12F
  3
B3
350
130
  3
B4
350
131
  3
B5
350
132
  3
B6
350
133
  3
B7
350
134
  3
B8
350
135
  3
B9
350
136
  3
C0
350
137
  3
C1
350
138
  3
C2
350
139
  3
C3
350
13A
  3
C4
350
13B
  3
C5
350
13C
  3
C6
350
13D
  3
C7
350
13E
  3
C8
350
13F
  3
C9
350
140
  3
D0
350
141
  3
D1
350
142
  3
D2
350
143
  0
DICTIONARY
  5
1A8
102
{ACAD_REACTORS
330
C
102
}
330
C
100
AcDbDictionary
281
     1
  3
Imperial24
350
1AA
  3
Metric50
350
260
  0
DICTIONARY
  5
86
102
{ACAD_REACTORS
330
C
102
}
330
C
100
AcDbDictionary
281
     1
  3
Standard
350
87
  0
DICTIONARY
  5
99
102
{ACAD_REACTORS
330
C
102
}
330
C
100
AcDbDictionary
281
     1
  3
2dWireframe
350
9F
  3
Basic
350
9E
  3
Brighten
350
A5
  3
ColorChange
350
A9
  3
Conceptual
350
A2
  3
Dim
350
A4
  3
EdgeColorOff
350
175
  3
Facepattern
350
A8
  3
Flat
350
9A
  3
FlatWithEdges
350
9B
  3
Gouraud
350
9C
  3
GouraudWithEdges
350
9D
  3
Hidden
350
A1
  3
JitterOff
350
173
  3
Linepattern
350
A7
  3
OverhangOff
350
174
  3
Realistic
350
A3
  3
Shaded
350
182
  3
Shaded with edges
350
181
  3
Shades of Gray
350
17E
  3
Sketchy
350
17F
  3
Thicken
350
A6
  3
Wireframe
350
A0
  3
X-Ray
350
180
  0
XRECORD
  5
F94
102
{ACAD_REACTORS
330
C
102
}
330
C
100
AcDbXrecord
280
     1
 90
        1
330
87
  0
DICTIONARY
  5
66
102
{ACAD_REACTORS
330
C
102
}
330
C
100
AcDbDictionary
281
     1
  3
CANNOSCALE
350
F0
  3
CMLEADERSTYLE
350
EF
  3
CTABLESTYLE
350
89
  3
CVIEWDETAILSTYLE
350
1B7
  3
CVIEWSECTIONSTYLE
350
1B8
  3
DIMASSOC
350
67
  3
HIDETEXT
350
6B
  3
LAYEREVAL
350
14D
  3
LAYERNOTIFY
350
14E
  0
DICTIONARY
  5
18F
102
{ACAD_REACTORS
330
18E
102
}
330
18E
100
AcDbDictionary
281
     1
  0
ACDBDETAILVIEWSTYLE
  5
1AC
102
{ACAD_REACTORS
330
1AB
102
}
330
1AB
100
AcDbModelDocViewStyle
 70
     0
  3
Imperial24
290
     0
300
Imperial24
 90
        0
100
AcDbDetailViewStyle
 70
     0
 71
     0
 90
        3
 71
     1
340
11
 62
   256
 40
0.24
340
0
 62
   256
 40
0.24
300

 40
0.36
280
     3
 71
     2
340
16
 90
       25
 62
   256
 71
     3
340
11
 62
   256
 40
0.24
 90
        1
 40
0.75
 90
        1
300
%<\AcVar ViewType \f "%tc1">% %<\AcVar ViewDetailId>%\PSCALE %<\AcVar ViewScale \f "%sn">%
 71
     4
340
16
 90
       25
 62
   256
340
16
 90
       25
 62
   256
280
     0
  0
ACDBDETAILVIEWSTYLE
  5
261
102
{ACAD_REACTORS
330
1AB
102
}
330
1AB
100
AcDbModelDocViewStyle
 70
     0
  3
Metric50
290
     0
300
Metric50
 90
        0
100
AcDbDetailViewStyle
 70
     0
 71
     0
 90
        3
 71
     1
340
11
 62
   256
 40
5.0
340
0
 62
   256
 40
5.0
300

 40
0.0
280
     1
 71
     2
340
16
 90
       25
 62
   256
 71
     3
340
11
 62
   256
 40
5.0
 90
        0
 40
15.0
 90
        1
300
%<\AcVar ViewDetailId>% (%<\AcVar ViewScale \f "%sn">%)
 71
     4
340
16
 90
       25
 62
   256
340
16
 90
       25
 62
   256
280
     0
  0
LAYOUT
  5
59
102
{ACAD_REACTORS
330
1A
102
}
330
1A
100
AcDbPlotSettings
  1

  2
None
  4

  6

 40
0.0
 41
0.0
 42
0.0
 43
0.0
 44
0.0
 45
0.0
 46
0.0
 47
0.0
 48
0.0
 49
0.0
140
0.0
141
0.0
142
1.0
143
1.0
 70
   688
 72
     0
 73
     0
 74
     5
  7

 75
    16
147
1.0
 76
     0
 77
     2
 78
   300
148
0.0
149
0.0
100
AcDbLayout
  1
Layout1
 70
     1
 71
     1
 10
0.0
 20
0.0
 11
12.0
 21
9.0
 12
0.0
 22
0.0
 32
0.0
 14
0.0
 24
0.0
 34
0.0
 15
0.0
 25
0.0
 35
0.0
146
0.0
 13
0.0
 23
0.0
 33
0.0
 16
1.0
 26
0.0
 36
0.0
 17
0.0
 27
1.0
 37
0.0
 76
     0
330
58
  0
LAYOUT
  5
5E
102
{ACAD_REACTORS
330
1A
102
}
330
1A
100
AcDbPlotSettings
  1

  2
None
  4

  6

 40
0.0
 41
0.0
 42
0.0
 43
0.0
 44
0.0
 45
0.0
 46
0.0
 47
0.0
 48
0.0
 49
0.0
140
0.0
141
0.0
142
1.0
143
1.0
 70
   688
 72
     0
 73
     0
 74
     5
  7

 75
    16
147
1.0
 76
     0
 77
     2
 78
   300
148
0.0
149
0.0
100
AcDbLayout
  1
Layout2
 70
     1
 71
     2
 10
0.0
 20
0.0
 11
12.0
 21
9.0
 12
0.0
 22
0.0
 32
0.0
 14
0.0
 24
0.0
 34
0.0
 15
0.0
 25
0.0
 35
0.0
146
0.0
 13
0.0
 23
0.0
 33
0.0
 16
1.0
 26
0.0
 36
0.0
 17
0.0
 27
1.0
 37
0.0
 76
     0
330
5D
  0
LAYOUT
  5
22
102
{ACAD_XDICTIONARY
360
194
102
}
102
{ACAD_REACTORS
330
1A
102
}
330
1A
100
AcDbPlotSettings
  1

  2
none_device
  4
ANSI_A_(8.50_x_11.00_Inches)
  6

 40
6.349999904632568
 41
19.04999923706055
 42
6.350006103515625
 43
19.04998779296875
 44
215.8999938964844
 45
279.3999938964844
 46
0.0
 47
0.0
 48
0.0
 49
0.0
140
0.0
141
0.0
142
1.0
143
2.584895464708373
 70
 11952
 72
     0
 73
     1
 74
     0
  7

 75
     0
147
0.3868628397755418
 76
     0
 77
     2
 78
   300
148
0.0
149
0.0
100
AcDbLayout
  1
Model
 70
     1
 71
     0
 10
0.0
 20
0.0
 11
12.0
 21
9.0
 12
0.0
 22
0.0
 32
0.0
 14
0.0
 24
0.0
 34
0.0
 15
0.0
 25
0.0
 35
0.0
146
0.0
 13
0.0
 23
0.0
 33
0.0
 16
1.0
 26
0.0
 36
0.0
 17
0.0
 27
1.0
 37
0.0
 76
     0
330
1F
331
94
  0
MATERIAL
  5
97
102
{ACAD_XDICTIONARY
360
188
102
}
102
{ACAD_REACTORS
330
72
102
}
330
72
100
AcDbMaterial
  1
ByBlock
 94
       63
  0
MATERIAL
  5
96
102
{ACAD_XDICTIONARY
360
186
102
}
102
{ACAD_REACTORS
330
72
102
}
330
72
100
AcDbMaterial
  1
ByLayer
 94
       63
  0
MATERIAL
  5
98
102
{ACAD_XDICTIONARY
360
110
102
}
102
{ACAD_REACTORS
330
72
102
}
330
72
100
AcDbMaterial
  1
Global
 43
0.0208000000566244
 43
0.0
 43
0.0
 43
0.0
 43
0.0
 43
0.0208000000566244
 43
0.0
 43
0.0
 43
0.0
 43
0.0
 43
1.0
 43
0.0
 43
0.0
 43
0.0
 43
0.0
 43
1.0
 49
0.0208000000566244
 49
0.0
 49
0.0
 49
0.0
 49
0.0
 49
0.0208000000566244
 49
0.0
 49
0.0
 49
0.0
 49
0.0
 49
1.0
 49
0.0
 49
0.0
 49
0.0
 49
0.0
 49
1.0
142
0.0208000000566244
142
0.0
142
0.0
142
0.0
142
0.0
142
0.0208000000566244
142
0.0
142
0.0
142
0.0
142
0.0
142
1.0
142
0.0
142
0.0
142
0.0
142
0.0
142
1.0
144
0.0208000000566244
144
0.0
144
0.0
144
0.0
144
0.0
144
0.0208000000566244
144
0.0
144
0.0
144
0.0
144
0.0
144
1.0
144
0.0
144
0.0
144
0.0
144
0.0
144
1.0
 94
       63
1001
ACAD
1070
    -1
1070
     3
1070
     0
1000

1071
        0
1070
     0
  0
MLEADERSTYLE
  5
E5
102
{ACAD_REACTORS
330
D7
102
}
330
D7
100
AcDbMLeaderStyle
179
     2
170
     2
171
     1
172
     0
 90
        2
 40
0.0
 41
0.0
173
     1
 91
-1056964608
340
14
 92
       -2
290
     1
 42
0.09
291
     1
 43
0.36
  3
Standard
 44
0.18
300

342
11
174
     1
178
     1
175
     1
176
     0
 93
-1056964608
 45
0.18
292
     0
297
     0
 46
0.18
 94
-1056964608
 47
1.0
 49
1.0
140
1.0
293
     1
141
0.0
294
     1
177
     0
142
1.0
295
     0
296
     1
143
0.125
271
     0
272
     9
273
     9
298
     0
  0
MLEADERSTYLE
  5
D8
102
{ACAD_REACTORS
330
D7
102
}
330
D7
100
AcDbMLeaderStyle
179
     2
170
     2
171
     1
172
     0
 90
        2
 40
0.0
 41
0.0
173
     1
 91
-1056964608
340
14
 92
       -2
290
     1
 42
0.09
291
     1
 43
0.36
  3
Standard
 44
0.18
300

342
11
174
     1
178
     1
175
     1
176
     0
 93
-1056964608
 45
0.18
292
     0
297
     0
 46
0.18
 94
-1056964608
 47
1.0
 49
1.0
140
1.0
293
     1
141
0.0
294
     1
177
     0
142
1.0
295
     0
296
     0
143
0.125
271
     0
272
     9
273
     9
298
     0
  0
MLINESTYLE
  5
18
102
{ACAD_REACTORS
330
17
102
}
330
17
100
AcDbMlineStyle
  2
STANDARD
 70
     0
  3

 62
   256
 51
90.0
 52
90.0
 71
     2
 49
0.5
 62
   256
  6
BYLAYER
 49
-0.5
 62
   256
  6
BYLAYER
  0
ACDBPLACEHOLDER
  5
F
102
{ACAD_REACTORS
330
E
102
}
330
E
  0
SCALE
  5
B7
102
{ACAD_REACTORS
330
B6
102
}
330
B6
100
AcDbScale
 70
     0
300
1:1
140
1.0
141
1.0
290
     1
  0
SCALE
  5
124
102
{ACAD_REACTORS
330
B6
102
}
330
B6
100
AcDbScale
 70
     0
300
1:2
140
1.0
141
2.0
290
     0
  0
SCALE
  5
125
102
{ACAD_REACTORS
330
B6
102
}
330
B6
100
AcDbScale
 70
     0
300
1:4
140
1.0
141
4.0
290
     0
  0
SCALE
  5
126
102
{ACAD_REACTORS
330
B6
102
}
330
B6
100
AcDbScale
 70
     0
300
1:5
140
1.0
141
5.0
290
     0
  0
SCALE
  5
127
102
{ACAD_REACTORS
330
B6
102
}
330
B6
100
AcDbScale
 70
     0
300
1:8
140
1.0
141
8.0
290
     0
  0
SCALE
  5
128
102
{ACAD_REACTORS
330
B6
102
}
330
B6
100
AcDbScale
 70
     0
300
1:10
140
1.0
141
10.0
290
     0
  0
SCALE
  5
129
102
{ACAD_REACTORS
330
B6
102
}
330
B6
100
AcDbScale
 70
     0
300
1:16
140
1.0
141
16.0
290
     0
  0
SCALE
  5
12A
102
{ACAD_REACTORS
330
B6
102
}
330
B6
100
AcDbScale
 70
     0
300
1:20
140
1.0
141
20.0
290
     0
  0
SCALE
  5
12B
102
{ACAD_REACTORS
330
B6
102
}
330
B6
100
AcDbScale
 70
     0
300
1:30
140
1.0
141
30.0
290
     0
  0
SCALE
  5
12C
102
{ACAD_REACTORS
330
B6
102
}
330
B6
100
AcDbScale
 70
     0
300
1:40
140
1.0
141
40.0
290
     0
  0
SCALE
  5
12D
102
{ACAD_REACTORS
330
B6
102
}
330
B6
100
AcDbScale
 70
     0
300
1:50
140
1.0
141
50.0
290
     0
  0
SCALE
  5
12E
102
{ACAD_REACTORS
330
B6
102
}
330
B6
100
AcDbScale
 70
     0
300
1:100
140
1.0
141
100.0
290
     0
  0
SCALE
  5
12F
102
{ACAD_REACTORS
330
B6
102
}
330
B6
100
AcDbScale
 70
     0
300
2:1
140
2.0
141
1.0
290
     0
  0
SCALE
  5
130
102
{ACAD_REACTORS
330
B6
102
}
330
B6
100
AcDbScale
 70
     0
300
4:1
140
4.0
141
1.0
290
     0
  0
SCALE
  5
131
102
{ACAD_REACTORS
330
B6
102
}
330
B6
100
AcDbScale
 70
     0
300
8:1
140
8.0
141
1.0
290
     0
  0
SCALE
  5
132
102
{ACAD_REACTORS
330
B6
102
}
330
B6
100
AcDbScale
 70
     0
300
10:1
140
10.0
141
1.0
290
     0
  0
SCALE
  5
133
102
{ACAD_REACTORS
330
B6
102
}
330
B6
100
AcDbScale
 70
     0
300
100:1
140
100.0
141
1.0
290
     0
  0
SCALE
  5
134
102
{ACAD_REACTORS
330
B6
102
}
330
B6
100
AcDbScale
 70
     0
300
1/128" = 1'-0"
140
0.0078125
141
12.0
290
     0
  0
SCALE
  5
135
102
{ACAD_REACTORS
330
B6
102
}
330
B6
100
AcDbScale
 70
     0
300
1/64" = 1'-0"
140
0.015625
141
12.0
290
     0
  0
SCALE
  5
136
102
{ACAD_REACTORS
330
B6
102
}
330
B6
100
AcDbScale
 70
     0
300
1/32" = 1'-0"
140
0.03125
141
12.0
290
     0
  0
SCALE
  5
137
102
{ACAD_REACTORS
330
B6
102
}
330
B6
100
AcDbScale
 70
     0
300
1/16" = 1'-0"
140
0.0625
141
12.0
290
     0
  0
SCALE
  5
138
102
{ACAD_REACTORS
330
B6
102
}
330
B6
100
AcDbScale
 70
     0
300
3/32" = 1'-0"
140
0.09375
141
12.0
290
     0
  0
SCALE
  5
139
102
{ACAD_REACTORS
330
B6
102
}
330
B6
100
AcDbScale
 70
     0
300
1/8" = 1'-0"
140
0.125
141
12.0
290
     0
  0
SCALE
  5
13A
102
{ACAD_REACTORS
330
B6
102
}
330
B6
100
AcDbScale
 70
     0
300
3/16" = 1'-0"
140
0.1875
141
12.0
290
     0
  0
SCALE
  5
13B
102
{ACAD_REACTORS
330
B6
102
}
330
B6
100
AcDbScale
 70
     0
300
1/4" = 1'-0"
140
0.25
141
12.0
290
     0
  0
SCALE
  5
13C
102
{ACAD_REACTORS
330
B6
102
}
330
B6
100
AcDbScale
 70
     0
300
3/8" = 1'-0"
140
0.375
141
12.0
290
     0
  0
SCALE
  5
13D
102
{ACAD_REACTORS
330
B6
102
}
330
B6
100
AcDbScale
 70
     0
300
1/2" = 1'-0"
140
0.5
141
12.0
290
     0
  0
SCALE
  5
13E
102
{ACAD_REACTORS
330
B6
102
}
330
B6
100
AcDbScale
 70
     0
300
3/4" = 1'-0"
140
0.75
141
12.0
290
     0
  0
SCALE
  5
13F
102
{ACAD_REACTORS
330
B6
102
}
330
B6
100
AcDbScale
 70
     0
300
1" = 1'-0"
140
1.0
141
12.0
290
     0
  0
SCALE
  5
140
102
{ACAD_REACTORS
330
B6
102
}
330
B6
100
AcDbScale
 70
     0
300
1-1/2" = 1'-0"
140
1.5
141
12.0
290
     0
  0
SCALE
  5
141
102
{ACAD_REACTORS
330
B6
102
}
330
B6
100
AcDbScale
 70
     0
300
3" = 1'-0"
140
3.0
141
12.0
290
     0
  0
SCALE
  5
142
102
{ACAD_REACTORS
330
B6
102
}
330
B6
100
AcDbScale
 70
     0
300
6" = 1'-0"
140
6.0
141
12.0
290
     0
  0
SCALE
  5
143
102
{ACAD_REACTORS
330
B6
102
}
330
B6
100
AcDbScale
 70
     0
300
1'-0" = 1'-0"
140
12.0
141
12.0
290
     0
  0
ACDBSECTIONVIEWSTYLE
  5
1AA
102
{ACAD_REACTORS
330
1A8
102
}
330
1A8
100
AcDbModelDocViewStyle
 70
     0
  3
Imperial24
290
     0
300
Imperial24
 90
        0
100
AcDbSectionViewStyle
 70
     0
 71
     0
 90
       78
 71
     1
340
11
 62
   256
 40
0.24
340
0
340
0
 62
   256
 40
0.24
300
I, O, Q, S, X, Z
 40
0.48
 90
        3
 40
0.18
 90
        1
 71
     2
340
16
 90
       25
 62
   256
340
16
 90
       50
 62
   256
 40
0.24
 40
0.0
 40
0.24
 71
     3
340
11
 62
   256
 40
0.24
 90
        1
 40
0.75
 90
        1
300
%<\AcVar ViewType \f "%tc1">% %<\AcVar ViewSectionStartId>%-%<\AcVar ViewSectionEndId>%\PSCALE %<\AcVar ViewScale \f "%sn">%
 71
     4
 62
   256
 62
   257
300
ANSI31
 40
1.0
 90
        0
290
     0
290
     0
 90
        6
 40
0.0
 40
1.570796326794896
 40
0.2617993877991494
 40
1.308996938995747
 40
-0.2617993877991494
 40
1.832595714594046
  0
ACDBSECTIONVIEWSTYLE
  5
260
102
{ACAD_REACTORS
330
1A8
102
}
330
1A8
100
AcDbModelDocViewStyle
 70
     0
  3
Metric50
290
     0
300
Metric50
 90
        0
100
AcDbSectionViewStyle
 70
     0
 71
     0
 90
      102
 71
     1
340
11
 62
   256
 40
5.0
340
0
340
0
 62
   256
 40
5.0
300
I, O, Q, S, X, Z
 40
10.0
 90
        0
 40
2.5
 90
        0
 71
     2
340
16
 90
       25
 62
   256
340
16
 90
       50
 62
   256
 40
5.0
 40
2.5
 40
5.0
 71
     3
340
11
 62
   256
 40
5.0
 90
        0
 40
15.0
 90
        1
300
%<\AcVar ViewSectionStartId>%-%<\AcVar ViewSectionEndId>% (%<\AcVar ViewScale \f "%sn">%)
 71
     4
 62
   256
 62
   257
300
ANSI31
 40
1.0
 90
        0
290
     0
290
     0
 90
        6
 40
0.0
 40
1.570796326794896
 40
0.2617993877991494
 40
1.308996938995747
 40
-0.2617993877991494
 40
1.832595714594046
  0
TABLESTYLE
  5
87
102
{ACAD_XDICTIONARY
360
104
102
}
102
{ACAD_REACTORS
330
86
102
}
330
86
100
AcDbTableStyle
280
     0
  3
Standard
 70
     0
 71
     0
 40
0.06
 41
0.06
280
     0
281
     0
  7
Standard
140
0.18
170
     2
 62
     0
 63
     7
283
     0
 90
      512
 91
        0
  1

274
    -2
284
     1
 64
     0
275
    -2
285
     1
 65
     0
276
    -2
286
     1
 66
     0
277
    -2
287
     1
 67
     0
278
    -2
288
     1
 68
     0
279
    -2
289
     1
 69
     0
  7
Standard
140
0.25
170
     5
 62
     0
 63
     7
283
     0
 90
      512
 91
        0
  1

274
    -2
284
     1
 64
     0
275
    -2
285
     1
 65
     0
276
    -2
286
     1
 66
     0
277
    -2
287
     1
 67
     0
278
    -2
288
     1
 68
     0
279
    -2
289
     1
 69
     0
  7
Standard
140
0.18
170
     5
 62
     0
 63
     7
283
     0
 90
      512
 91
        0
  1

274
    -2
284
     1
 64
     0
275
    -2
285
     1
 65
     0
276
    -2
286
     1
 66
     0
277
    -2
287
     1
 67
     0
278
    -2
288
     1
 68
     0
279
    -2
289
     1
 69
     0
  0
VISUALSTYLE
  5
9F
102
{ACAD_REACTORS
330
99
102
}
330
99
100
AcDbVisualStyle
  2
2dWireframe
 70
     4
177
     3
291
     0
 70
    58
 90
        0
176
     1
 90
        2
176
     1
 90
        1
176
     1
 90
        0
176
     1
 40
0.6
176
     1
 40
30.0
176
     1
 62
     7
420
 16777215
176
     1
 90
        1
176
     1
 90
        4
176
     1
 62
     7
176
     1
 62
   257
176
     1
 90
        1
176
     1
 90
        1
176
     1
 40
1.0
176
     1
 90
        0
176
     1
 62
   257
176
     1
 40
1.0
176
     1
 90
        1
176
     1
 90
        6
176
     1
 90
        2
176
     1
 62
     7
176
     1
 90
        5
176
     1
 90
        0
176
     1
 90
        0
176
     1
290
     0
176
     1
 90
        1
176
     1
 40
0.0
176
     1
 90
        0
176
     1
290
     1
176
     1
290
     1
176
     1
290
     0
176
     1
290
     0
176
     1
290
     0
176
     1
290
     0
176
     1
290
     0
176
     1
290
     0
176
     1
290
     0
176
     1
 90
       50
176
     1
 40
0.0
176
     1
 40
1.0
176
     1
 90
        0
176
     1
 62
    18
420
        0
176
     1
 90
       50
176
     1
 90
        3
176
     1
 62
     5
420
      255
176
     1
290
     0
176
     1
 90
       50
176
     1
 90
       50
176
     1
 90
       50
176
     1
290
     0
176
     1
 90
       50
176
     1
 62
   256
176
     0
 40
1.0
176
     0
 90
        2
176
     1
  1
strokes_ogs.tif
176
     1
290
     0
176
     1
 40
1.0
176
     1
 40
1.0
176
     1
  0
VISUALSTYLE
  5
9E
102
{ACAD_REACTORS
330
99
102
}
330
99
100
AcDbVisualStyle
  2
Basic
 70
     7
177
     3
291
     1
 70
    58
 90
        1
176
     1
 90
        0
176
     1
 90
        1
176
     1
 90
        0
176
     1
 40
0.6
176
     1
 40
30.0
176
     1
 62
     7
420
 16777215
176
     1
 90
        0
176
     1
 90
        4
176
     1
 62
     7
176
     1
 62
   257
176
     1
 90
        1
176
     1
 90
        1
176
     1
 40
1.0
176
     1
 90
        8
176
     1
 62
     7
176
     1
 40
1.0
176
     1
 90
        1
176
     1
 90
        6
176
     1
 90
        2
176
     1
 62
     7
176
     1
 90
        5
176
     1
 90
        0
176
     1
 90
        0
176
     1
290
     0
176
     1
 90
        1
176
     1
 40
0.0
176
     1
 90
        0
176
     1
290
     0
176
     1
290
     1
176
     1
290
     1
176
     1
290
     0
176
     1
290
     0
176
     1
290
     0
176
     1
290
     0
176
     1
290
     0
176
     1
290
     0
176
     1
 90
       50
176
     1
 40
0.0
176
     1
 40
1.0
176
     1
 90
        0
176
     1
 62
    18
420
        0
176
     1
 90
       50
176
     1
 90
        3
176
     1
 62
     5
420
      255
176
     1
290
     0
176
     1
 90
       50
176
     1
 90
       50
176
     1
 90
       50
176
     1
290
     0
176
     1
 90
       50
176
     1
 62
   256
176
     0
 40
1.0
176
     0
 90
        2
176
     1
  1
strokes_ogs.tif
176
     1
290
     0
176
     1
 40
1.0
176
     1
 40
1.0
176
     1
  0
VISUALSTYLE
  5
A5
102
{ACAD_REACTORS
330
99
102
}
330
99
100
AcDbVisualStyle
  2
Brighten
 70
    12
177
     3
291
     1
 70
    58
 90
        2
176
     1
 90
        2
176
     1
 90
        1
176
     1
 90
        0
176
     1
 40
0.6
176
     1
 40
30.0
176
     1
 62
     7
420
 16777215
176
     1
 90
        1
176
     1
 90
        4
176
     1
 62
     7
176
     1
 62
   257
176
     1
 90
        1
176
     1
 90
        1
176
     1
 40
1.0
176
     1
 90
        8
176
     1
 62
     7
176
     1
 40
1.0
176
     1
 90
        1
176
     1
 90
        6
176
     1
 90
        2
176
     1
 62
     7
176
     1
 90
        5
176
     1
 90
        0
176
     1
 90
        0
176
     1
290
     0
176
     1
 90
        1
176
     1
 40
50.0
176
     1
 90
        0
176
     1
290
     0
176
     1
290
     1
176
     1
290
     1
176
     1
290
     0
176
     1
290
     0
176
     1
290
     0
176
     1
290
     0
176
     1
290
     0
176
     1
290
     0
176
     1
 90
       50
176
     1
 40
0.0
176
     1
 40
1.0
176
     1
 90
        0
176
     1
 62
    18
420
        0
176
     1
 90
       50
176
     1
 90
        3
176
     1
 62
     5
420
      255
176
     1
290
     0
176
     1
 90
       50
176
     1
 90
       50
176
     1
 90
       50
176
     1
290
     0
176
     1
 90
       50
176
     1
 62
   256
176
     0
 40
1.0
176
     0
 90
        2
176
     1
  1
strokes_ogs.tif
176
     1
290
     0
176
     1
 40
1.0
176
     1
 40
1.0
176
     1
  0
VISUALSTYLE
  5
A9
102
{ACAD_REACTORS
330
99
102
}
330
99
100
AcDbVisualStyle
  2
ColorChange
 70
    16
177
     3
291
     1
 70
    58
 90
        2
176
     1
 90
        2
176
     1
 90
        3
176
     1
 90
        0
176
     1
 40
0.6
176
     1
 40
30.0
176
     1
 62
     8
420
  8421504
176
     1
 90
        1
176
     1
 90
        4
176
     1
 62
     7
176
     1
 62
   257
176
     1
 90
        1
176
     1
 90
        1
176
     1
 40
1.0
176
     1
 90
        8
176
     1
 62
     8
420
  8421504
176
     1
 40
1.0
176
     1
 90
        1
176
     1
 90
        6
176
     1
 90
        2
176
     1
 62
     7
176
     1
 90
        5
176
     1
 90
        0
176
     1
 90
        0
176
     1
290
     0
176
     1
 90
        1
176
     1
 40
0.0
176
     1
 90
        0
176
     1
290
     0
176
     1
290
     1
176
     1
290
     1
176
     1
290
     0
176
     1
290
     0
176
     1
290
     0
176
     1
290
     0
176
     1
290
     0
176
     1
290
     0
176
     1
 90
       50
176
     1
 40
0.0
176
     1
 40
1.0
176
     1
 90
        0
176
     1
 62
    18
420
        0
176
     1
 90
       50
176
     1
 90
        3
176
     1
 62
     5
420
      255
176
     1
290
     0
176
     1
 90
       50
176
     1
 90
       50
176
     1
 90
       50
176
     1
290
     0
176
     1
 90
       50
176
     1
 62
   256
176
     0
 40
1.0
176
     0
 90
        2
176
     1
  1
strokes_ogs.tif
176
     1
290
     0
176
     1
 40
1.0
176
     1
 40
1.0
176
     1
  0
VISUALSTYLE
  5
A2
102
{ACAD_REACTORS
330
99
102
}
330
99
100
AcDbVisualStyle
  2
Conceptual
 70
     9
177
     3
291
     0
 70
    58
 90
        3
176
     1
 90
        2
176
     1
 90
        1
176
     1
 90
        0
176
     1
 40
0.6
176
     1
 40
30.0
176
     1
 62
     7
420
 16777215
176
     1
 90
        2
176
     1
 90
        2
176
     1
 62
     7
176
     1
 62
   257
176
     1
 90
        1
176
     1
 90
        1
176
     1
 40
40.0
176
     1
 90
        8
176
     1
 62
     7
176
     1
 40
1.0
176
     1
 90
        1
176
     1
 90
        6
176
     1
 90
        2
176
     1
 62
     7
176
     1
 90
        3
176
     1
 90
        0
176
     1
 90
        0
176
     1
290
     0
176
     1
 90
        1
176
     1
 40
0.0
176
     1
 90
        0
176
     1
290
     0
176
     1
290
     1
176
     1
290
     1
176
     1
290
     0
176
     1
290
     0
176
     1
290
     0
176
     1
290
     0
176
     1
290
     0
176
     1
290
     0
176
     1
 90
       50
176
     1
 40
0.0
176
     1
 40
1.0
176
     1
 90
        0
176
     1
 62
    18
420
        0
176
     1
 90
       50
176
     1
 90
        3
176
     1
 62
     5
420
      255
176
     1
290
     0
176
     1
 90
       50
176
     1
 90
       50
176
     1
 90
       50
176
     1
290
     0
176
     1
 90
       50
176
     1
 62
   256
176
     0
 40
1.0
176
     0
 90
        2
176
     1
  1
strokes_ogs.tif
176
     1
290
     0
176
     1
 40
1.0
176
     1
 40
1.0
176
     1
  0
VISUALSTYLE
  5
A4
102
{ACAD_REACTORS
330
99
102
}
330
99
100
AcDbVisualStyle
  2
Dim
 70
    11
177
     3
291
     1
 70
    58
 90
        2
176
     1
 90
        2
176
     1
 90
        1
176
     1
 90
        0
176
     1
 40
0.6
176
     1
 40
30.0
176
     1
 62
     7
420
 16777215
176
     1
 90
        1
176
     1
 90
        4
176
     1
 62
     7
176
     1
 62
   257
176
     1
 90
        1
176
     1
 90
        1
176
     1
 40
1.0
176
     1
 90
        8
176
     1
 62
     7
176
     1
 40
1.0
176
     1
 90
        1
176
     1
 90
        6
176
     1
 90
        2
176
     1
 62
     7
176
     1
 90
        5
176
     1
 90
        0
176
     1
 90
        0
176
     1
290
     0
176
     1
 90
        1
176
     1
 40
-50.0
176
     1
 90
        0
176
     1
290
     0
176
     1
290
     1
176
     1
290
     1
176
     1
290
     0
176
     1
290
     0
176
     1
290
     0
176
     1
290
     0
176
     1
290
     0
176
     1
290
     0
176
     1
 90
       50
176
     1
 40
0.0
176
     1
 40
1.0
176
     1
 90
        0
176
     1
 62
    18
420
        0
176
     1
 90
       50
176
     1
 90
        3
176
     1
 62
     5
420
      255
176
     1
290
     0
176
     1
 90
       50
176
     1
 90
       50
176
     1
 90
       50
176
     1
290
     0
176
     1
 90
       50
176
     1
 62
   256
176
     0
 40
1.0
176
     0
 90
        2
176
     1
  1
strokes_ogs.tif
176
     1
290
     0
176
     1
 40
1.0
176
     1
 40
1.0
176
     1
  0
VISUALSTYLE
  5
175
102
{ACAD_REACTORS
330
99
102
}
330
99
100
AcDbVisualStyle
  2
EdgeColorOff
 70
    22
177
     3
291
     1
 70
    58
 90
        2
176
     0
 90
        2
176
     0
 90
        0
176
     0
 90
        0
176
     0
 40
0.6
176
     0
 40
30.0
176
     0
 62
     7
420
 16777215
176
     0
 90
        1
176
     0
 90
        4
176
     0
 62
     7
176
     0
 62
   257
176
     0
 90
        1
176
     0
 90
        1
176
     0
 40
1.0
176
     0
 90
        8
176
     2
 62
     7
176
     0
 40
1.0
176
     0
 90
        1
176
     0
 90
        6
176
     0
 90
        2
176
     0
 62
     7
176
     0
 90
        5
176
     0
 90
        0
176
     0
 90
        0
176
     0
290
     0
176
     0
 90
        1
176
     0
 40
0.0
176
     0
 90
        0
176
     0
290
     0
176
     1
290
     1
176
     1
290
     1
176
     1
290
     0
176
     1
290
     0
176
     1
290
     0
176
     1
290
     0
176
     1
290
     0
176
     1
290
     0
176
     1
 90
       50
176
     1
 40
0.0
176
     1
 40
1.0
176
     1
 90
        0
176
     1
 62
    18
420
        0
176
     1
 90
       50
176
     1
 90
        3
176
     1
 62
     5
420
      255
176
     1
290
     0
176
     1
 90
       50
176
     1
 90
       50
176
     1
 90
       50
176
     1
290
     0
176
     1
 90
       50
176
     1
 62
   256
176
     0
 40
1.0
176
     0
 90
        2
176
     1
  1
strokes_ogs.tif
176
     1
290
     0
176
     1
 40
1.0
176
     1
 40
1.0
176
     1
  0
VISUALSTYLE
  5
A8
102
{ACAD_REACTORS
330
99
102
}
330
99
100
AcDbVisualStyle
  2
Facepattern
 70
    15
177
     3
291
     1
 70
    58
 90
        2
176
     1
 90
        2
176
     1
 90
        1
176
     1
 90
        0
176
     1
 40
0.6
176
     1
 40
30.0
176
     1
 62
     7
420
 16777215
176
     1
 90
        1
176
     1
 90
        4
176
     1
 62
     7
176
     1
 62
   257
176
     1
 90
        1
176
     1
 90
        1
176
     1
 40
1.0
176
     1
 90
        8
176
     1
 62
     7
176
     1
 40
1.0
176
     1
 90
        1
176
     1
 90
        6
176
     1
 90
        2
176
     1
 62
     7
176
     1
 90
        5
176
     1
 90
        0
176
     1
 90
        0
176
     1
290
     0
176
     1
 90
        1
176
     1
 40
0.0
176
     1
 90
        0
176
     1
290
     0
176
     1
290
     1
176
     1
290
     1
176
     1
290
     0
176
     1
290
     0
176
     1
290
     0
176
     1
290
     0
176
     1
290
     0
176
     1
290
     0
176
     1
 90
       50
176
     1
 40
0.0
176
     1
 40
1.0
176
     1
 90
        0
176
     1
 62
    18
420
        0
176
     1
 90
       50
176
     1
 90
        3
176
     1
 62
     5
420
      255
176
     1
290
     0
176
     1
 90
       50
176
     1
 90
       50
176
     1
 90
       50
176
     1
290
     0
176
     1
 90
       50
176
     1
 62
   256
176
     0
 40
1.0
176
     0
 90
        2
176
     1
  1
strokes_ogs.tif
176
     1
290
     0
176
     1
 40
1.0
176
     1
 40
1.0
176
     1
  0
VISUALSTYLE
  5
9A
102
{ACAD_REACTORS
330
99
102
}
330
99
100
AcDbVisualStyle
  2
Flat
 70
     0
177
     3
291
     1
 70
    58
 90
        2
176
     1
 90
        1
176
     1
 90
        1
176
     1
 90
        2
176
     1
 40
0.6
176
     1
 40
30.0
176
     1
 62
     7
420
 16777215
176
     1
 90
        0
176
     1
 90
        0
176
     1
 62
     7
176
     1
 62
   257
176
     1
 90
        1
176
     1
 90
        1
176
     1
 40
1.0
176
     1
 90
        8
176
     1
 62
     7
176
     1
 40
1.0
176
     1
 90
        1
176
     1
 90
        6
176
     1
 90
        2
176
     1
 62
     7
176
     1
 90
        5
176
     1
 90
        0
176
     1
 90
        0
176
     1
290
     0
176
     1
 90
       13
176
     1
 40
0.0
176
     1
 90
        0
176
     1
290
     0
176
     1
290
     1
176
     1
290
     1
176
     1
290
     0
176
     1
290
     0
176
     1
290
     0
176
     1
290
     0
176
     1
290
     0
176
     1
290
     0
176
     1
 90
       50
176
     1
 40
0.0
176
     1
 40
1.0
176
     1
 90
        0
176
     1
 62
    18
420
        0
176
     1
 90
       50
176
     1
 90
        3
176
     1
 62
     5
420
      255
176
     1
290
     0
176
     1
 90
       50
176
     1
 90
       50
176
     1
 90
       50
176
     1
290
     0
176
     1
 90
       50
176
     1
 62
   256
176
     0
 40
1.0
176
     0
 90
        2
176
     1
  1
strokes_ogs.tif
176
     1
290
     0
176
     1
 40
1.0
176
     1
 40
1.0
176
     1
  0
VISUALSTYLE
  5
9B
102
{ACAD_REACTORS
330
99
102
}
330
99
100
AcDbVisualStyle
  2
FlatWithEdges
 70
     1
177
     3
291
     1
 70
    58
 90
        2
176
     1
 90
        1
176
     1
 90
        1
176
     1
 90
        2
176
     1
 40
0.6
176
     1
 40
30.0
176
     1
 62
     7
420
 16777215
176
     1
 90
        1
176
     1
 90
        0
176
     1
 62
     7
176
     1
 62
   257
176
     1
 90
        1
176
     1
 90
        1
176
     1
 40
1.0
176
     1
 90
        0
176
     1
 62
   257
176
     1
 40
1.0
176
     1
 90
        1
176
     1
 90
        6
176
     1
 90
        2
176
     1
 62
     7
176
     1
 90
        5
176
     1
 90
        0
176
     1
 90
        0
176
     1
290
     0
176
     1
 90
       13
176
     1
 40
0.0
176
     1
 90
        0
176
     1
290
     0
176
     1
290
     1
176
     1
290
     1
176
     1
290
     0
176
     1
290
     0
176
     1
290
     0
176
     1
290
     0
176
     1
290
     0
176
     1
290
     0
176
     1
 90
       50
176
     1
 40
0.0
176
     1
 40
1.0
176
     1
 90
        0
176
     1
 62
    18
420
        0
176
     1
 90
       50
176
     1
 90
        3
176
     1
 62
     5
420
      255
176
     1
290
     0
176
     1
 90
       50
176
     1
 90
       50
176
     1
 90
       50
176
     1
290
     0
176
     1
 90
       50
176
     1
 62
   256
176
     0
 40
1.0
176
     0
 90
        2
176
     1
  1
strokes_ogs.tif
176
     1
290
     0
176
     1
 40
1.0
176
     1
 40
1.0
176
     1
  0
VISUALSTYLE
  5
9C
102
{ACAD_REACTORS
330
99
102
}
330
99
100
AcDbVisualStyle
  2
Gouraud
 70
     2
177
     3
291
     1
 70
    58
 90
        2
176
     1
 90
        2
176
     1
 90
        1
176
     1
 90
        2
176
     1
 40
0.6
176
     1
 40
30.0
176
     1
 62
     7
420
 16777215
176
     1
 90
        0
176
     1
 90
        0
176
     1
 62
     7
176
     1
 62
   257
176
     1
 90
        1
176
     1
 90
        1
176
     1
 40
1.0
176
     1
 90
        0
176
     1
 62
     7
176
     1
 40
1.0
176
     1
 90
        1
176
     1
 90
        6
176
     1
 90
        2
176
     1
 62
     7
176
     1
 90
        5
176
     1
 90
        0
176
     1
 90
        0
176
     1
290
     0
176
     1
 90
       13
176
     1
 40
0.0
176
     1
 90
        0
176
     1
290
     0
176
     1
290
     1
176
     1
290
     1
176
     1
290
     0
176
     1
290
     0
176
     1
290
     0
176
     1
290
     0
176
     1
290
     0
176
     1
290
     0
176
     1
 90
       50
176
     1
 40
0.0
176
     1
 40
1.0
176
     1
 90
        0
176
     1
 62
    18
420
        0
176
     1
 90
       50
176
     1
 90
        3
176
     1
 62
     5
420
      255
176
     1
290
     0
176
     1
 90
       50
176
     1
 90
       50
176
     1
 90
       50
176
     1
290
     0
176
     1
 90
       50
176
     1
 62
   256
176
     0
 40
1.0
176
     0
 90
        2
176
     1
  1
strokes_ogs.tif
176
     1
290
     0
176
     1
 40
1.0
176
     1
 40
1.0
176
     1
  0
VISUALSTYLE
  5
9D
102
{ACAD_REACTORS
330
99
102
}
330
99
100
AcDbVisualStyle
  2
GouraudWithEdges
 70
     3
177
     3
291
     1
 70
    58
 90
        2
176
     1
 90
        2
176
     1
 90
        1
176
     1
 90
        2
176
     1
 40
0.6
176
     1
 40
30.0
176
     1
 62
     7
420
 16777215
176
     1
 90
        1
176
     1
 90
        0
176
     1
 62
     7
176
     1
 62
   257
176
     1
 90
        1
176
     1
 90
        1
176
     1
 40
1.0
176
     1
 90
        0
176
     1
 62
   257
176
     1
 40
1.0
176
     1
 90
        1
176
     1
 90
        6
176
     1
 90
        2
176
     1
 62
     7
176
     1
 90
        5
176
     1
 90
        0
176
     1
 90
        0
176
     1
290
     0
176
     1
 90
       13
176
     1
 40
0.0
176
     1
 90
        0
176
     1
290
     0
176
     1
290
     1
176
     1
290
     1
176
     1
290
     0
176
     1
290
     0
176
     1
290
     0
176
     1
290
     0
176
     1
290
     0
176
     1
290
     0
176
     1
 90
       50
176
     1
 40
0.0
176
     1
 40
1.0
176
     1
 90
        0
176
     1
 62
    18
420
        0
176
     1
 90
       50
176
     1
 90
        3
176
     1
 62
     5
420
      255
176
     1
290
     0
176
     1
 90
       50
176
     1
 90
       50
176
     1
 90
       50
176
     1
290
     0
176
     1
 90
       50
176
     1
 62
   256
176
     0
 40
1.0
176
     0
 90
        2
176
     1
  1
strokes_ogs.tif
176
     1
290
     0
176
     1
 40
1.0
176
     1
 40
1.0
176
     1
  0
VISUALSTYLE
  5
A1
102
{ACAD_REACTORS
330
99
102
}
330
99
100
AcDbVisualStyle
  2
Hidden
 70
     6
177
     3
291
     0
 70
    58
 90
        1
176
     1
 90
        2
176
     1
 90
        2
176
     1
 90
        0
176
     1
 40
0.6
176
     1
 40
30.0
176
     1
 62
     7
420
 16777215
176
     1
 90
        2
176
     1
 90
        2
176
     1
 62
     7
176
     1
 62
   257
176
     1
 90
        2
176
     1
 90
        1
176
     1
 40
40.0
176
     1
 90
        0
176
     1
 62
   257
176
     1
 40
1.0
176
     1
 90
        1
176
     1
 90
        6
176
     1
 90
        2
176
     1
 62
     7
176
     1
 90
        3
176
     1
 90
        0
176
     1
 90
        0
176
     1
290
     0
176
     1
 90
        1
176
     1
 40
0.0
176
     1
 90
        0
176
     1
290
     0
176
     1
290
     1
176
     1
290
     1
176
     1
290
     0
176
     1
290
     0
176
     1
290
     0
176
     1
290
     0
176
     1
290
     0
176
     1
290
     0
176
     1
 90
       50
176
     1
 40
0.0
176
     1
 40
1.0
176
     1
 90
        0
176
     1
 62
    18
420
        0
176
     1
 90
       50
176
     1
 90
        3
176
     1
 62
     5
420
      255
176
     1
290
     0
176
     1
 90
       50
176
     1
 90
       50
176
     1
 90
       50
176
     1
290
     0
176
     1
 90
       50
176
     1
 62
   256
176
     0
 40
1.0
176
     0
 90
        2
176
     1
  1
strokes_ogs.tif
176
     1
290
     0
176
     1
 40
1.0
176
     1
 40
1.0
176
     1
  0
VISUALSTYLE
  5
173
102
{ACAD_REACTORS
330
99
102
}
330
99
100
AcDbVisualStyle
  2
JitterOff
 70
    20
177
     3
291
     1
 70
    58
 90
        2
176
     0
 90
        2
176
     0
 90
        0
176
     0
 90
        0
176
     0
 40
0.6
176
     0
 40
30.0
176
     0
 62
     7
420
 16777215
176
     0
 90
        1
176
     0
 90
        4
176
     0
 62
     7
176
     0
 62
   257
176
     0
 90
        1
176
     0
 90
        1
176
     0
 40
1.0
176
     0
 90
       10
176
     2
 62
     7
176
     0
 40
1.0
176
     0
 90
        1
176
     0
 90
        6
176
     0
 90
        2
176
     0
 62
     7
176
     0
 90
        5
176
     0
 90
        0
176
     0
 90
        0
176
     0
290
     0
176
     0
 90
        1
176
     0
 40
0.0
176
     0
 90
        0
176
     0
290
     0
176
     1
290
     1
176
     1
290
     1
176
     1
290
     0
176
     1
290
     0
176
     1
290
     0
176
     1
290
     0
176
     1
290
     0
176
     1
290
     0
176
     1
 90
       50
176
     1
 40
0.0
176
     1
 40
1.0
176
     1
 90
        0
176
     1
 62
    18
420
        0
176
     1
 90
       50
176
     1
 90
        3
176
     1
 62
     5
420
      255
176
     1
290
     0
176
     1
 90
       50
176
     1
 90
       50
176
     1
 90
       50
176
     1
290
     0
176
     1
 90
       50
176
     1
 62
   256
176
     0
 40
1.0
176
     0
 90
        2
176
     1
  1
strokes_ogs.tif
176
     1
290
     0
176
     1
 40
1.0
176
     1
 40
1.0
176
     1
  0
VISUALSTYLE
  5
A7
102
{ACAD_REACTORS
330
99
102
}
330
99
100
AcDbVisualStyle
  2
Linepattern
 70
    14
177
     3
291
     1
 70
    58
 90
        2
176
     1
 90
        2
176
     1
 90
        1
176
     1
 90
        0
176
     1
 40
0.6
176
     1
 40
30.0
176
     1
 62
     7
420
 16777215
176
     1
 90
        1
176
     1
 90
        4
176
     1
 62
     7
176
     1
 62
   257
176
     1
 90
        7
176
     1
 90
        7
176
     1
 40
1.0
176
     1
 90
        8
176
     1
 62
     7
176
     1
 40
1.0
176
     1
 90
        1
176
     1
 90
        6
176
     1
 90
        2
176
     1
 62
     7
176
     1
 90
        5
176
     1
 90
        0
176
     1
 90
        0
176
     1
290
     0
176
     1
 90
        1
176
     1
 40
0.0
176
     1
 90
        0
176
     1
290
     0
176
     1
290
     1
176
     1
290
     1
176
     1
290
     0
176
     1
290
     0
176
     1
290
     0
176
     1
290
     0
176
     1
290
     0
176
     1
290
     0
176
     1
 90
       50
176
     1
 40
0.0
176
     1
 40
1.0
176
     1
 90
        0
176
     1
 62
    18
420
        0
176
     1
 90
       50
176
     1
 90
        3
176
     1
 62
     5
420
      255
176
     1
290
     0
176
     1
 90
       50
176
     1
 90
       50
176
     1
 90
       50
176
     1
290
     0
176
     1
 90
       50
176
     1
 62
   256
176
     0
 40
1.0
176
     0
 90
        2
176
     1
  1
strokes_ogs.tif
176
     1
290
     0
176
     1
 40
1.0
176
     1
 40
1.0
176
     1
  0
VISUALSTYLE
  5
174
102
{ACAD_REACTORS
330
99
102
}
330
99
100
AcDbVisualStyle
  2
OverhangOff
 70
    21
177
     3
291
     1
 70
    58
 90
        2
176
     0
 90
        2
176
     0
 90
        0
176
     0
 90
        0
176
     0
 40
0.6
176
     0
 40
30.0
176
     0
 62
     7
420
 16777215
176
     0
 90
        1
176
     0
 90
        4
176
     0
 62
     7
176
     0
 62
   257
176
     0
 90
        1
176
     0
 90
        1
176
     0
 40
1.0
176
     0
 90
        9
176
     2
 62
     7
176
     0
 40
1.0
176
     0
 90
        1
176
     0
 90
        6
176
     0
 90
        2
176
     0
 62
     7
176
     0
 90
        5
176
     0
 90
        0
176
     0
 90
        0
176
     0
290
     0
176
     0
 90
        1
176
     0
 40
0.0
176
     0
 90
        0
176
     0
290
     0
176
     1
290
     1
176
     1
290
     1
176
     1
290
     0
176
     1
290
     0
176
     1
290
     0
176
     1
290
     0
176
     1
290
     0
176
     1
290
     0
176
     1
 90
       50
176
     1
 40
0.0
176
     1
 40
1.0
176
     1
 90
        0
176
     1
 62
    18
420
        0
176
     1
 90
       50
176
     1
 90
        3
176
     1
 62
     5
420
      255
176
     1
290
     0
176
     1
 90
       50
176
     1
 90
       50
176
     1
 90
       50
176
     1
290
     0
176
     1
 90
       50
176
     1
 62
   256
176
     0
 40
1.0
176
     0
 90
        2
176
     1
  1
strokes_ogs.tif
176
     1
290
     0
176
     1
 40
1.0
176
     1
 40
1.0
176
     1
  0
VISUALSTYLE
  5
A3
102
{ACAD_REACTORS
330
99
102
}
330
99
100
AcDbVisualStyle
  2
Realistic
 70
     8
177
     3
291
     0
 70
    58
 90
        2
176
     1
 90
        3
176
     1
 90
        0
176
     1
 90
        2
176
     1
 40
0.6
176
     1
 40
30.0
176
     1
 62
     7
420
 16777215
176
     1
 90
        0
176
     1
 90
        0
176
     1
 62
     7
176
     1
 62
   257
176
     1
 90
        1
176
     1
 90
        1
176
     1
 40
1.0
176
     1
 90
        8
176
     1
 62
   257
176
     1
 40
1.0
176
     1
 90
        1
176
     1
 90
        6
176
     1
 90
        2
176
     1
 62
     7
176
     1
 90
        3
176
     1
 90
        0
176
     1
 90
        0
176
     1
290
     0
176
     1
 90
       13
176
     1
 40
0.0
176
     1
 90
        0
176
     1
290
     0
176
     1
290
     1
176
     1
290
     1
176
     1
290
     0
176
     1
290
     0
176
     1
290
     0
176
     1
290
     0
176
     1
290
     0
176
     1
290
     0
176
     1
 90
       50
176
     1
 40
0.0
176
     1
 40
1.0
176
     1
 90
        0
176
     1
 62
    18
420
        0
176
     1
 90
       50
176
     1
 90
        3
176
     1
 62
     5
420
      255
176
     1
290
     0
176
     1
 90
       50
176
     1
 90
       50
176
     1
 90
       50
176
     1
290
     0
176
     1
 90
       50
176
     1
 62
   256
176
     0
 40
1.0
176
     0
 90
        2
176
     1
  1
strokes_ogs.tif
176
     1
290
     0
176
     1
 40
1.0
176
     1
 40
1.0
176
     1
  0
VISUALSTYLE
  5
182
102
{ACAD_REACTORS
330
99
102
}
330
99
100
AcDbVisualStyle
  2
Shaded
 70
    27
177
     3
291
     0
 70
    58
 90
        2
176
     1
 90
        2
176
     1
 90
        1
176
     1
 90
        2
176
     1
 40
0.6
176
     1
 40
30.0
176
     1
 62
     7
420
 16777215
176
     1
 90
        0
176
     1
 90
        4
176
     1
 62
     7
176
     1
 62
   257
176
     1
 90
        1
176
     1
 90
        1
176
     1
 40
1.0
176
     1
 90
        8
176
     1
 62
   257
176
     1
 40
1.0
176
     1
 90
        1
176
     1
 90
        6
176
     1
 90
        2
176
     1
 62
     8
420
  7895160
176
     1
 90
        3
176
     1
 90
        0
176
     1
 90
        0
176
     1
290
     0
176
     1
 90
        5
176
     1
 40
0.0
176
     1
 90
        0
176
     1
290
     0
176
     1
290
     1
176
     1
290
     1
176
     1
290
     0
176
     1
290
     0
176
     1
290
     0
176
     1
290
     0
176
     1
290
     0
176
     1
290
     0
176
     1
 90
       50
176
     1
 40
0.0
176
     1
 40
1.0
176
     1
 90
        0
176
     1
 62
    18
420
        0
176
     1
 90
       50
176
     1
 90
        3
176
     1
 62
     5
420
      255
176
     1
290
     0
176
     1
 90
       50
176
     1
 90
       50
176
     1
 90
       50
176
     1
290
     0
176
     1
 90
       50
176
     1
 62
   256
176
     0
 40
1.0
176
     0
 90
        2
176
     1
  1
strokes_ogs.tif
176
     1
290
     0
176
     1
 40
1.0
176
     1
 40
1.0
176
     1
  0
VISUALSTYLE
  5
181
102
{ACAD_REACTORS
330
99
102
}
330
99
100
AcDbVisualStyle
  2
Shaded with edges
 70
    26
177
     3
291
     0
 70
    58
 90
        2
176
     1
 90
        2
176
     1
 90
        1
176
     1
 90
        2
176
     1
 40
0.6
176
     1
 40
30.0
176
     1
 62
     7
420
 16777215
176
     1
 90
        1
176
     1
 90
        2
176
     1
 62
     7
176
     1
 62
   257
176
     1
 90
        2
176
     1
 90
        1
176
     1
 40
1.0
176
     1
 90
        8
176
     1
 62
   257
176
     1
 40
1.0
176
     1
 90
        1
176
     1
 90
        6
176
     1
 90
        2
176
     1
 62
     7
176
     1
 90
        3
176
     1
 90
        0
176
     1
 90
        0
176
     1
290
     0
176
     1
 90
        5
176
     1
 40
0.0
176
     1
 90
        0
176
     1
290
     0
176
     1
290
     1
176
     1
290
     1
176
     1
290
     0
176
     1
290
     0
176
     1
290
     0
176
     1
290
     0
176
     1
290
     0
176
     1
290
     0
176
     1
 90
       50
176
     1
 40
0.0
176
     1
 40
1.0
176
     1
 90
        0
176
     1
 62
    18
420
        0
176
     1
 90
       50
176
     1
 90
        3
176
     1
 62
     5
420
      255
176
     1
290
     0
176
     1
 90
       50
176
     1
 90
       50
176
     1
 90
       50
176
     1
290
     0
176
     1
 90
       50
176
     1
 62
   256
176
     0
 40
1.0
176
     0
 90
        2
176
     1
  1
strokes_ogs.tif
176
     1
290
     0
176
     1
 40
1.0
176
     1
 40
1.0
176
     1
  0
VISUALSTYLE
  5
17E
102
{ACAD_REACTORS
330
99
102
}
330
99
100
AcDbVisualStyle
  2
Shades of Gray
 70
    23
177
     3
291
     0
 70
    58
 90
        2
176
     1
 90
        2
176
     1
 90
        3
176
     1
 90
        0
176
     1
 40
0.6
176
     1
 40
30.0
176
     1
 62
     7
420
 16777215
176
     1
 90
        2
176
     1
 90
        2
176
     1
 62
     7
176
     1
 62
     7
176
     1
 90
        1
176
     1
 90
        1
176
     1
 40
40.0
176
     1
 90
        8
176
     1
 62
     7
176
     1
 40
1.0
176
     1
 90
        1
176
     1
 90
        6
176
     1
 90
        2
176
     1
 62
     7
176
     1
 90
        3
176
     1
 90
        0
176
     1
 90
        0
176
     1
290
     0
176
     1
 90
        1
176
     1
 40
0.0
176
     1
 90
        0
176
     1
290
     0
176
     1
290
     1
176
     1
290
     1
176
     1
290
     0
176
     1
290
     0
176
     1
290
     0
176
     1
290
     0
176
     1
290
     0
176
     1
290
     0
176
     1
 90
       50
176
     1
 40
0.0
176
     1
 40
1.0
176
     1
 90
        0
176
     1
 62
    18
420
        0
176
     1
 90
       50
176
     1
 90
        3
176
     1
 62
     5
420
      255
176
     1
290
     0
176
     1
 90
       50
176
     1
 90
       50
176
     1
 90
       50
176
     1
290
     0
176
     1
 90
       50
176
     1
 62
   256
176
     0
 40
1.0
176
     0
 90
        2
176
     1
  1
strokes_ogs.tif
176
     1
290
     0
176
     1
 40
1.0
176
     1
 40
1.0
176
     1
  0
VISUALSTYLE
  5
17F
102
{ACAD_REACTORS
330
99
102
}
330
99
100
AcDbVisualStyle
  2
Sketchy
 70
    24
177
     3
291
     0
 70
    58
 90
        1
176
     1
 90
        2
176
     1
 90
        2
176
     1
 90
        0
176
     1
 40
0.6
176
     1
 40
30.0
176
     1
 62
     7
420
 16777215
176
     1
 90
        2
176
     1
 90
        2
176
     1
 62
     7
176
     1
 62
     7
176
     1
 90
        1
176
     1
 90
        1
176
     1
 40
40.0
176
     1
 90
       11
176
     1
 62
     7
176
     1
 40
1.0
176
     1
 90
        1
176
     1
 90
        6
176
     1
 90
        2
176
     1
 62
     7
176
     1
 90
        6
176
     1
 90
        0
176
     1
 90
        0
176
     1
290
     0
176
     1
 90
        1
176
     1
 40
0.0
176
     1
 90
        0
176
     1
290
     0
176
     1
290
     1
176
     1
290
     1
176
     1
290
     0
176
     1
290
     0
176
     1
290
     0
176
     1
290
     0
176
     1
290
     0
176
     1
290
     0
176
     1
 90
       50
176
     1
 40
0.0
176
     1
 40
1.0
176
     1
 90
        0
176
     1
 62
    18
420
        0
176
     1
 90
       50
176
     1
 90
        3
176
     1
 62
     5
420
      255
176
     1
290
     0
176
     1
 90
       50
176
     1
 90
       50
176
     1
 90
       50
176
     1
290
     0
176
     1
 90
       50
176
     1
 62
   256
176
     0
 40
1.0
176
     0
 90
        2
176
     1
  1
strokes_ogs.tif
176
     1
290
     0
176
     1
 40
1.0
176
     1
 40
1.0
176
     1
  0
VISUALSTYLE
  5
A6
102
{ACAD_REACTORS
330
99
102
}
330
99
100
AcDbVisualStyle
  2
Thicken
 70
    13
177
     3
291
     1
 70
    58
 90
        2
176
     1
 90
        2
176
     1
 90
        1
176
     1
 90
        0
176
     1
 40
0.6
176
     1
 40
30.0
176
     1
 62
     7
420
 16777215
176
     1
 90
        1
176
     1
 90
        4
176
     1
 62
     7
176
     1
 62
   257
176
     1
 90
        1
176
     1
 90
        1
176
     1
 40
1.0
176
     1
 90
       12
176
     1
 62
     7
176
     1
 40
1.0
176
     1
 90
        1
176
     1
 90
        6
176
     1
 90
        2
176
     1
 62
     7
176
     1
 90
        5
176
     1
 90
        0
176
     1
 90
        0
176
     1
290
     0
176
     1
 90
        1
176
     1
 40
0.0
176
     1
 90
        0
176
     1
290
     0
176
     1
290
     1
176
     1
290
     1
176
     1
290
     0
176
     1
290
     0
176
     1
290
     0
176
     1
290
     0
176
     1
290
     0
176
     1
290
     0
176
     1
 90
       50
176
     1
 40
0.0
176
     1
 40
1.0
176
     1
 90
        0
176
     1
 62
    18
420
        0
176
     1
 90
       50
176
     1
 90
        3
176
     1
 62
     5
420
      255
176
     1
290
     0
176
     1
 90
       50
176
     1
 90
       50
176
     1
 90
       50
176
     1
290
     0
176
     1
 90
       50
176
     1
 62
   256
176
     0
 40
1.0
176
     0
 90
        2
176
     1
  1
strokes_ogs.tif
176
     1
290
     0
176
     1
 40
1.0
176
     1
 40
1.0
176
     1
  0
VISUALSTYLE
  5
A0
102
{ACAD_REACTORS
330
99
102
}
330
99
100
AcDbVisualStyle
  2
Wireframe
 70
     5
177
     3
291
     0
 70
    58
 90
        0
176
     1
 90
        2
176
     1
 90
        0
176
     1
 90
        0
176
     1
 40
0.6
176
     1
 40
30.0
176
     1
 62
     7
420
 16777215
176
     1
 90
        1
176
     1
 90
        4
176
     1
 62
     7
176
     1
 62
   257
176
     1
 90
        1
176
     1
 90
        1
176
     1
 40
1.0
176
     1
 90
        0
176
     1
 62
   257
176
     1
 40
1.0
176
     1
 90
        1
176
     1
 90
        6
176
     1
 90
        2
176
     1
 62
     7
176
     1
 90
        3
176
     1
 90
        0
176
     1
 90
        0
176
     1
290
     0
176
     1
 90
        1
176
     1
 40
0.0
176
     1
 90
        0
176
     1
290
     0
176
     1
290
     1
176
     1
290
     1
176
     1
290
     0
176
     1
290
     0
176
     1
290
     0
176
     1
290
     0
176
     1
290
     0
176
     1
290
     0
176
     1
 90
       50
176
     1
 40
0.0
176
     1
 40
1.0
176
     1
 90
        0
176
     1
 62
    18
420
        0
176
     1
 90
       50
176
     1
 90
        3
176
     1
 62
     5
420
      255
176
     1
290
     0
176
     1
 90
       50
176
     1
 90
       50
176
     1
 90
       50
176
     1
290
     0
176
     1
 90
       50
176
     1
 62
   256
176
     0
 40
1.0
176
     0
 90
        2
176
     1
  1
strokes_ogs.tif
176
     1
290
     0
176
     1
 40
1.0
176
     1
 40
1.0
176
     1
  0
VISUALSTYLE
  5
180
102
{ACAD_REACTORS
330
99
102
}
330
99
100
AcDbVisualStyle
  2
X-Ray
 70
    25
177
     3
291
     0
 70
    58
 90
        2
176
     1
 90
        2
176
     1
 90
        1
176
     1
 90
        1
176
     1
 40
0.5
176
     1
 40
30.0
176
     1
 62
     7
420
 16777215
176
     1
 90
        1
176
     1
 90
        0
176
     1
 62
     7
176
     1
 62
   257
176
     1
 90
        1
176
     1
 90
        1
176
     1
 40
1.0
176
     1
 90
        8
176
     1
 62
     7
176
     1
 40
1.0
176
     1
 90
        1
176
     1
 90
        6
176
     1
 90
        2
176
     1
 62
     7
176
     1
 90
        3
176
     1
 90
        0
176
     1
 90
        0
176
     1
290
     0
176
     1
 90
       13
176
     1
 40
0.0
176
     1
 90
        0
176
     1
290
     0
176
     1
290
     1
176
     1
290
     1
176
     1
290
     0
176
     1
290
     0
176
     1
290
     0
176
     1
290
     0
176
     1
290
     0
176
     1
290
     0
176
     1
 90
       50
176
     1
 40
0.0
176
     1
 40
1.0
176
     1
 90
        0
176
     1
 62
    18
420
        0
176
     1
 90
       50
176
     1
 90
        3
176
     1
 62
     5
420
      255
176
     1
290
     0
176
     1
 90
       50
176
     1
 90
       50
176
     1
 90
       50
176
     1
290
     0
176
     1
 90
       50
176
     1
 62
   256
176
     0
 40
1.0
176
     0
 90
        2
176
     1
  1
strokes_ogs.tif
176
     1
290
     0
176
     1
 40
1.0
176
     1
 40
1.0
176
     1
  0
DICTIONARYVAR
  5
F0
102
{ACAD_REACTORS
330
66
102
}
330
66
100
DictionaryVariables
280
     0
  1
1:1
  0
DICTIONARYVAR
  5
EF
102
{ACAD_REACTORS
330
66
102
}
330
66
100
DictionaryVariables
280
     0
  1
STANDARD
  0
DICTIONARYVAR
  5
89
102
{ACAD_REACTORS
330
66
102
}
330
66
100
DictionaryVariables
280
     0
  1
STANDARD
  0
DICTIONARYVAR
  5
1B7
102
{ACAD_REACTORS
330
66
102
}
330
66
100
DictionaryVariables
280
     0
  1
Imperial24
  0
DICTIONARYVAR
  5
1B8
102
{ACAD_REACTORS
330
66
102
}
330
66
100
DictionaryVariables
280
     0
  1
Imperial24
  0
DICTIONARYVAR
  5
67
102
{ACAD_REACTORS
330
66
102
}
330
66
100
DictionaryVariables
280
     0
  1
2
  0
DICTIONARYVAR
  5
6B
102
{ACAD_REACTORS
330
66
102
}
330
66
100
DictionaryVariables
280
     0
  1
1
  0
DICTIONARYVAR
  5
14D
102
{ACAD_REACTORS
330
66
102
}
330
66
100
DictionaryVariables
280
     0
  1
0
  0
DICTIONARYVAR
  5
14E
102
{ACAD_REACTORS
330
66
102
}
330
66
100
DictionaryVariables
280
     0
  1
0
  0
DICTIONARY
  5
194
330
22
100
AcDbDictionary
280
     1
281
     1
  0
DICTIONARY
  5
188
330
97
100
AcDbDictionary
280
     1
281
     1
  3
FBXASSET
360
189
  0
DICTIONARY
  5
186
330
96
100
AcDbDictionary
280
     1
281
     1
  3
FBXASSET
360
187
  0
DICTIONARY
  5
110
330
98
100
AcDbDictionary
280
     1
281
     1
  3
BUMPTILE
360
112
  3
DIFFUSETILE
360
111
  3
FBXASSET
360
18A
  3
OPACITYTILE
360
113
  3
REFLECTIONTILE
360
114
  0
DICTIONARY
  5
104
330
87
100
AcDbDictionary
280
     1
281
     1
  3
ACAD_ROUNDTRIP_2008_TABLESTYLE_CELLSTYLEMAP
360
F93
  0
XRECORD
  5
189
102
{ACAD_REACTORS
330
188
102
}
330
188
100
AcDbXrecord
280
     1
 70
     1
 90
429727718
  1
508B35C9-AEE7-456F-BE74-D52651303AC6
310
504B03040A0000080000B670623B3DEE336E79000000790000001B0000006175746F6465736B2D64657369676E2D7061636B6167652E786D6C3C3F786D6C2076657273696F6E3D22312E302220656E636F64696E673D227574662D3822203F3E3C666F726D6174733E3C666F726D61743E687474703A2F2F736368656D612E
310
6175746F6465736B2E636F6D2F64657369676E2D7061636B6167652F323030393C2F666F726D61743E3C2F666F726D6174733E504B0304140006080800B670623BD486FD9CA0000000F4000000130000005B436F6E74656E745F54797065735D2E786D6C7D8EC10E82300C865F65E91D8A1E8C310C0EEA1BF002731658846E
310
D98AC1B77784ABF1D8FE5FBFBF75BBCE937A534CCEB38643598122B6FEE978D0B0485F9C41B54DDD7D022595594E1A469170414C76A4D9A4D207E29CF43ECE46F218070CC6BECC4078ACAA135ACF422C856C0E68EA1BF5669944DDD7BCDE7B1F8E415D77AECB980613C2E4AC91FC167A2B244592486606FC29C8FD7F045B9A
310
EF7053A7E60B504B0304140006080800B670623B28ED286BEB0000007C01000008000000636F72652E786D6C8D90416EC3201045AF82665B6183218D6D61A254764FD00B204C5C94182C03558F5F9C3852BBEB6A467FFE9B197D71FA9E6FE8CBACC17AD7012D0820E3B41FAD9B3A48F1826B40272956EFE32F1B20A766D3C1
310
268314D3EAD3B24BDABB685CCCAAF3A3D94515828980F42D371D04FD696655A814B3235C8B45E9AB9A4C419F5D8653B2237A1CB163DE672FD6AC209BF3C08E0D1B30EB19C3FC9D72FCC6EB231EFA33EDE96BDD341517E5064B11EDFCBCAF57A3A2194156843498524CAA0FCA5B7268F9E185D42D21A2DCEC7FA0B48CFF8492
310
759155FBBB0F2C80A4F991FB408A72CB22977B50B96EB9C91F504B0304140006080800B670623B55019EA25F0000007C00000007000000636E782E786D6C4DCB3B0E80201045D1AD90E915ED2CF8AC45050C11660C8261F98AB1B07AC9C97D42D718D865D3E909258CFD00CCE24AC6E326A164D74DC0B4128928FF32603847
310
2BA13128B1252AC747C6BAB984FC68F0B87FE8960A5C09FE86CFB69FBA01504B0304140006080800B670623B7BC41AC871010000D40300000C0000006662782F636F72652E786D6CC553ED6E8320147D15C2DF4501B56B6D90A64BBB27D80B50A5CE54C120983EFEAE1F4DD7A56BBA5FF3879273EEE59E7310BE393735EA95
310
ED2AA333CC428A91D2B9292A5D66D8BB63B0C26823B835C67D2BC348CB46657880B1E0A535BE9DA1DC68A7B403549B42CDA0EC3AE530CA6B5864B8CB3F552343E91D5474A7B095F949962A6421D0502778E72C0840D390E18DC5F170E664C205F7BE2A66B62A605A75AC94C522DDEEE3651AEF837817C741F2CE92E02D592D
310
83FD6ECB76EC7595A651C2C9D02CB8AB9A8BBADC2AE954814544691A3016D0E883256BBA58278B17BA5A53CAC9507ED3E4DBE2C9265F691747B3DCA9ADC382819091F8E1162272A8933DE82182932144F88C09DF060D8140C84E1EEA8B8F1340BDCA9DB1093085F157AA97B557309586747CD0EF0B4EA64E983A6E0EAEEFCE
310
889E9EF17847386AA94B30211D2C0FDE0D3AF9A4610EAD5536E8DD1969631B593F67E381C33F5157F17725E5A636F6BF1491F980C8FC7B90E13E8A2F504B0304140006080800B670623B70102A487D0000009D0000000B0000006662782F636E782E786D6C4DCCD10A83201886E15B91FFDC95A5C30335ACCDFB886521330D
310
A76397BF1A1DECE883878F57749FD5A3B74D2F17830472A901D9F088930B8B849267CC01754AA418F3DF0D5018572BE160506249B16C274D761E8BCFBB7A179E27F65CB39A0F14D396184C9921B81F34C3ACA1B4B99ABB6E6F062A25AA5F69DF23ACBE504B0304140006080800B670623B3610CA3329010000120200003100
310
00006662782F42384135303843342D343331462D343546312D424341352D3532343432364645413344462F636F72652E786D6C8D515B6EC32010BC0AE22B55850D0E446E848992B43E412FE000495162B07854397EA176A4F62F3F2C9A9D991D58BEBB8F37F0AD7D30CE76905418026DA553C65E3A98E219B510EC04F7CEC5
310
3F3408EC30EA0E16180A7EF12E4D0B249D8DDAC68C5AA7F4020E21E80881BCE54B0783FCD2E3500D296646B856D320AFC34557A4CAEDCC133C449F0380794839A138B47B86DB2345744D7A44594FD0E1B867883594369BFE63BF7EEF793D0B054FC9A8456E548E63CE46FB674D8A58F068C6477CE9F510B582A2C1F80D1182
310
70F349E816B32D65AFB8DD62CCEB42FF274A937A52948C8DEB66893BCB021484D7734370E5D2E9F608A3EF93F3119479ABA0E50B14B8C298119A43CCC4FCFCECB8A18B6388CEE7EF5D5D4F994BD86CBBA182D76543B9FCAE2FD7B24DF103504B0304140006080800B670623B1B8617914E0100003303000030000000666278
310
2F42384135303843342D343331462D343546312D424341352D3532343432364645413344462F636E782E786D6CD593C16EC32010447F0571AD6CE3D489D20813A9877E410FBD62D82434182CC055F3F75D1292E692438FBD206B7698593D61BEFD1E2DF982108D773D6D6B460938E5B571FB9ECE6957AD29D90A1EBC4F7736
310
4A9C1CA1A759A682EF839FA72269D8C9D92654AD71C72206887E0E0A22CAF926B15E498B01E0AA19451807D01A34B919F16B070157417138917400F2F6FA41FCF0092A45DEE414C19BDC21783E4BD39D891265658C3D8DEA00A3ACE59CBC8678ACB54CB26EEB6BD7839D7E9348BE70AD9C8321B9BCA7F9A4A26C542347DEE0
310
50F09802D22BA6749A800A394DD62899107273365E3C82CFC6A55557BC06C10774B7ABE7AEC3B0F34CF06446280E154026D0542C187BA9DAB6628BF7B6DBB0E5A65B3EB1F58631DE64BBE083F7B65CC218087E22CABB042E51D1F2268F1FE12B3EA24D40D63E9CFE00120194D60B9D5BC67FE6D39CDF37E20AF817881F504B
310
0304140006080800B670623BBFEF2E3B690500003C100000340000006662782F42384135303843342D343331462D343546312D424341352D3532343432364645413344462F6F626A656374732E786D6CAD575D739B3814FD2B0CFB0C98D84E931D4227B6938EA793B6534F3BFB90198F0099B001899144EAECAFDF231018B0
310
D37A3FFC609090EEE7B94757C1FB7D915B2F54C88CB31BDB7727B64559CC938CA53776A576CE956DBD0F03C1B9EA2DB32D460A7A63EB693B0C52C1ABD24C257447AA5C8D66EF177F5832A68CDA569C13296F6C193FD182B8A4523CA1F2D94D88226EBADBBBBEDB2C1C8A4D05299F46424B222853B014F30C52ACC6287F389C
310
D85E1878FA7B18E87FB36AFAF62AAFF667A83F635211161F291B8999FAB3D5DDC5FCDA99CF6653677679E13B8BFBC5CAF1DF4D27CBCBE5F2FAF6EE1A8AA51290642C117467871F101B91C581D77CEA2C36869F3229E68CD1B8F61F1ED6361B89092D294B90C78C4A68EB793D190E7D1D9BDEE7A91E1B95FDE9F3BCEAEFE809
310
6A6D6F9F7D4B79F4275C90E7A04248AA51D5C4C738DAE06F72885AC4796EBE65D22A88A22223B995679120E2D50EB1542F098381188D4EA111AE3DB043FF20AF6F2B4AE3D7D83D65E5AECA730D4D3BAC91BD05FEA992B565D95F549CD6069B90AB2A63EACA38A45E4B6A87D781574F86817E4C2FCCC72690D62E2729520E37
310
9BAF234797BAF6D62B3BFC781FED37BA1E4F2B2F052FA9501A3E80569BB8F6A9A364D4FA67654E6F803383981F82F21591FF84F23D9882BC896C3FDBCF8C162508933B2E0AE4C69DD43F6BD2BE38DDDBF10BF86CB4FA784D37F3AF16075E67EC9030DECA1FC0A55373F5DFF3378C591FA9BDF485C10B0A8C8BA909E5262639
310
A8E72163488806A595734C81CB77D1DE0ED7604A303B76913CEC0272F412782FF88EFF4636D8AA56DF7B322474C4B767303F625997056C7B032C473C592B36CEBD15F3F9FF5233B7ABCDC74D257624A60F8658567497B14CE1EC3C80B76FD02011038F9EE9EB0F2E12387A9C844D3F09855125116D1D731DF8B43D2CF4E0A0
310
79A020C6BE946BCE0B7EA1E1219331CD73C228AF5A2DDD31A4B1DA918CE91350854D40A71723140BFA92E94E62B0626016CEFA5864A50E5977E8753CEDBEE1CBB7F52780D20E17AF0BA0F5F9B02A3AD07DCC732EB6D1EBB661421BE0C39E21BABF0FE16D22EA6929407C8DE596724C88B749B6DB5512BC7B228ADFD7CB7EA6
310
3A22397E690BA8D5D8D4E40CEC8CDA23C2C0B7D5898640101CEC9C6D331CE328CB93CAFBBAC70A642DF70DF95155945B52F08AA973C23469FD69ADEF84F7BB18F983A8F8C90E37F5D35980B2139A1C523540813E824EF83448CF7C72B598CE97D7CEEDDDDD3B6736BFBC771677EF66CE6A7E7139F7A793E9EDF2B2B3A8B624
310
0CDA13AA5F8388264EC4A0129909F3B7F5A16CEDF08128E97D680ACA4B9BE7B7B58BB638F0B00700EF36AE8B32A705658A68F83EE897FC2B41573190D1CCAF0B92D233A47CFEB019D9809933F67DD1A5467F8CF69AD9A5AE859342D45355448C64F968A371DC2D596ADC6E43D93D1B466F877A64E2893E54F23C4B40388995
310
525E5005DA3983ED45412510D3EFCA13737B3863F74BD30F2A12E5B4B5E489A025CE25500DB855B11ACE5BBFA185D35DD48D8DC3CE7DC69F2944DB42AA6F6CF09BCA622ADD08C7A36E7C6AE18000BAB08E040135C2D21C9D75B3A91B77BB746C403F38018DFE6EC939DD92F16B40BC05294B9CDA035AAD6D330AE27FE4786B
310
8E45145EA34A75BE1C263A676A35A8ACC6297337400BF16C54EF515F3F77CB77EB3583889C754FFA29081AA98E2222ADEF05DA3E63D2EDEA8B8756C05A7FB6CABC4A91CBF325398202CC952E70A008A830324BA200D5E5EF8F5F04C75DB4B0EE3340E071C98B823333B83577596BF3849B69F2085AA0FAFA212F26BEFF5877
310
FDE622B28D88A42E49E43326DA82D31E8CB006401E1DA726059ECEC168F97A6599036306A135688F9AD2E61A6EA178F4CD51974A9F2CCB9F36FE5EBD14601068D9C3BF01504B0304140006080000B670623B000000000000000000000000350000006662782F42384135303843342D343331462D343546312D424341352D35
310
32343432364645413344462F76657274696365732E62696E504B0304140006080800B670623BF270F1330600000004000000360000006662782F42384135303843342D343331462D343546312D424341352D3532343432364645413344462F747269616E676C65732E62696E636660600000504B0304140006080000B67062
310
3B000000000000000000000000370000006662782F42384135303843342D343331462D343546312D424341352D3532343432364645413344462F617474726962757465732E62696E504B0304140006080800B670623B08DA0BD19000000041010000360000006662782F42384135303843342D343331462D343546312D4243
310
41352D3532343432364645413344462F6469726563746F72792E786D6C858F410AC3201045AF22B36F53E9A60B35CBEEBAE80D244E44489C6234F4F835464A48035D0DF398FF9F8AF63D0E6CC63039F212F8F9020C7D47C6792B21C5FE7403D62A1188E2E60C98D7234A5830286103A55745067B9D86B8A3CF9C7F90C11DE6
310
07FB144396D7B6A82D282E9A152AD114D5EF2CB866EEE831B8EEA07A7BB5A8D7D61A2BAAEB7FD5F70921FF497D00504B0304140006080800B670623B3B4606F3FE000000A00100003B0000006662782F42384135303843342D343331462D343546312D424341352D3532343432364645413344462F7265736F75726365732F
310
636F72652E786D6C8D504B6E833010BD0A9A6D65B08134808CA354A427E8052C332156828DFCA97AFC9A40A576D7CDCCE87D344F8F9FBEE647F689CE6B6B7A6039850C8DB2A336530F315C4903D94970676DF82583CCC8197B5861107C72362E3BA4AC096842428D1D7107A5F71820538F74F4E0D50D6799CB1892C2DFF345
310
AABB9C306779A2934E701F5C0A906D4FD609C2A1B7D129F4BCD858C163D4E3AED163FAA9AF1A1D88F67CA98E6D35906AA82A52BFB39ABCD5CD915C86331BD86BD3B665CD8BD52C78D0F34F46E550061C419494B6843142CB0F5677F4D0D58717DA7494F26295FF31C565FCA7296A13AA728FBBD93C0896823C09C18BB5AFB4
310
9E65A6BD762BBE01504B010214000A0000080000B670623B3DEE336E79000000790000001B00000000000000000000000000000000006175746F6465736B2D64657369676E2D7061636B6167652E786D6C504B01021400140006080800B670623BD486FD9CA0000000F40000001300000000000000000000000000B2000000
310
5B436F6E74656E745F54797065735D2E786D6C504B01021400140006080800B670623B28ED286BEB0000007C010000080000000000000000000000000083010000636F72652E786D6C504B01021400140006080800B670623B55019EA25F0000007C000000070000000000000000000000000094020000636E782E786D6C50
310
4B01021400140006080800B670623B7BC41AC871010000D40300000C00000000000000000000000000180300006662782F636F72652E786D6C504B01021400140006080800B670623B70102A487D0000009D0000000B00000000000000000000000000B30400006662782F636E782E786D6C504B01021400140006080800B6
310
70623B3610CA3329010000120200003100000000000000000000000000590500006662782F42384135303843342D343331462D343546312D424341352D3532343432364645413344462F636F72652E786D6C504B01021400140006080800B670623B1B8617914E010000330300003000000000000000000000000000D10600
310
006662782F42384135303843342D343331462D343546312D424341352D3532343432364645413344462F636E782E786D6C504B01021400140006080800B670623BBFEF2E3B690500003C10000034000000000000000000000000006D0800006662782F42384135303843342D343331462D343546312D424341352D35323434
310
32364645413344462F6F626A656374732E786D6C504B01021400140006080000B670623B0000000000000000000000003500000000000000000000000000280E00006662782F42384135303843342D343331462D343546312D424341352D3532343432364645413344462F76657274696365732E62696E504B010214001400
310
06080800B670623BF270F133060000000400000036000000000000000000000000007B0E00006662782F42384135303843342D343331462D343546312D424341352D3532343432364645413344462F747269616E676C65732E62696E504B01021400140006080000B670623B00000000000000000000000037000000000000
310
00000000000000D50E00006662782F42384135303843342D343331462D343546312D424341352D3532343432364645413344462F617474726962757465732E62696E504B01021400140006080800B670623B08DA0BD1900000004101000036000000000000000000000000002A0F00006662782F42384135303843342D3433
310
31462D343546312D424341352D3532343432364645413344462F6469726563746F72792E786D6C504B01021400140006080800B670623B3B4606F3FE000000A00100003B000000000000000000000000000E1000006662782F42384135303843342D343331462D343546312D424341352D3532343432364645413344462F72
310
65736F75726365732F636F72652E786D6C504B0506000000000E000E0080040000651100000000
  0
XRECORD
  5
187
102
{ACAD_REACTORS
330
186
102
}
330
186
100
AcDbXrecord
280
     1
 70
     1
 90
429727718
  1
887D55A9-D0DD-414E-B741-A7DCD4DA2B4C
310
504B03040A0000080000B670623B3DEE336E79000000790000001B0000006175746F6465736B2D64657369676E2D7061636B6167652E786D6C3C3F786D6C2076657273696F6E3D22312E302220656E636F64696E673D227574662D3822203F3E3C666F726D6174733E3C666F726D61743E687474703A2F2F736368656D612E
310
6175746F6465736B2E636F6D2F64657369676E2D7061636B6167652F323030393C2F666F726D61743E3C2F666F726D6174733E504B0304140006080800B670623BD486FD9CA0000000F4000000130000005B436F6E74656E745F54797065735D2E786D6C7D8EC10E82300C865F65E91D8A1E8C310C0EEA1BF002731658846E
310
D98AC1B77784ABF1D8FE5FBFBF75BBCE937A534CCEB38643598122B6FEE978D0B0485F9C41B54DDD7D022595594E1A469170414C76A4D9A4D207E29CF43ECE46F218070CC6BECC4078ACAA135ACF422C856C0E68EA1BF5669944DDD7BCDE7B1F8E415D77AECB980613C2E4AC91FC167A2B244592486606FC29C8FD7F045B9A
310
EF7053A7E60B504B0304140006080800B670623BBC1638F5EC0000007C01000008000000636F72652E786D6C8D90416EC3201045AF82665B61836BE2D8C24471DB9CA01740401C94182C03558F5F9C3852BBEB6A467FFE9B197D7EF89E6EE8CB2CC17AD7032D0820E394D7D68D3DA478C67B4007C117EFE32F1B202727D3C3
310
2A83E0E3E2D3BC49CABB685CCCAAF3DA6CA20CC14440EA969B1E82BA98491632C5EC08D76296EA2A4753D06797E194AC468F2356E77DF66CCD02825543D50CACC62D39ED70FDC68EB8FD68F6F8787A6784342D1DDA1D2F5758F068A7E77DB518198D065111D2624A31A93E69DD11D6D5EC85EC3B4278B9DAFF4069D6FF8492
310
75F1B5DADE7D600104CD8FDC0782976B16B9DC83CA75CD4DFC00504B0304140006080800B670623B55019EA25F0000007C00000007000000636E782E786D6C4DCB3B0E80201045D1AD90E915ED2CF8AC45050C11660C8261F98AB1B07AC9C97D42D718D865D3E909258CFD00CCE24AC6E326A164D74DC0B4128928FF326038
310
472BA13128B1252AC747C6BAB984FC68F0B87FE8960A5C09FE86CFB69FBA01504B0304140006080800B670623B3586FFB671010000D40300000C0000006662782F636F72652E786D6CC553ED6E8320147D15C2DF4541A76D6D90A6DDD627D80B50A4CE54C120983EFEAE1F4DD7A55BBA5FF3879273EEE59E7310B6393735EA
310
95ED2AA3731C851423A5A5292A5DE6D8BB63B0C268C39935C67D29C3488B46E578803167A535BE9D2169B453DA01AA4DA16650749D7218C91A1639EEE4876A4428BC838AEE14B6429E44A9C228041AEA38EB9C0501681A32BC313F1ECE8C4C3867DE57C5CC56054CAB8E95B298A7F12E5EEED224C8E87E11242FE936C8DE96
310
AB60BB7F4D295D66D12E5B30323473E6AAE6A24E5A259C2A308F29CD82280A68FC1E256B9AAE93F489AED694323294DF34F9B678B0C957DA3DC7B3DCA9ADC33C022123F1CD2D44E450277AD04338234388F01913BE0D1A0281909D38D4171F27807A259DB1093085F157AA17B557309586747CD0CF0B46A64E983A6E0EAEEF
310
CE881F9EF1FB8E70D44297604238581EBC1B74B249C31C5AAB6CD0BB33D2C636A27ECCC62F0EFF445DC5DF95244D6DEC7F2922F30191F9F720C37DE49F504B0304140006080800B670623B4220A0FF7D0000009D0000000B0000006662782F636E782E786D6C4DCCD10A83201886E15B91FFDCE542CB0335D0EC3E6259C84A
310
C3E9D8E5AF46073BFAE0E1E315DD675BD1DBA5978F41C2FD4600B9F088930F8B849267CC01754AA418F3DF0D50183727E164506249B1EC174D6E1ECB9A0F5D7D785E68DB8151CD286E5A5363CA6B8A39E90D36D40E96B086F55A43A544F52B1D7B86D517504B0304140006080800B670623B2FA3FEDE290100001202000031
310
0000006662782F45374635344235342D363743322D343832342D383044432D4334454645303536354442422F636F72652E786D6C8D515B6EC32010BC0AE22B55850D2E386E848994D7097A0117488A1283C5A3CAF10BB523B57FF961D1ECCCECC0F2ED7DBC816FED8371B687A4C210682B9D32F6D2C314CFA883602BB8772E
310
FEA141608751F7B0C050F08B77695A20E96CD43666D43AA5177008414708E42D5F7A18E4971E876A483133C2B59A06791D2EBA22556E679EE021FA1C00CC43CA09C5717D6274C7286AD7FB06D1AEA1A8C3873DDAD3E3E98859CB0EBB1DAF67A1E02919B5C88DCA71CCD968FFAC49110B1ECDF8882FBD1EA256503418BF2342
310
106E3E08DD60B6A1EC15771B8C795DE8FF4469524F8A92B1F1AD59E2CEB20005E1F5DC105CB9F4797B84D1F7C9F908CABC55D0F2050A5C61CC1AD2F27A26E6E767C7962E8E213A9FBF7775FDCC5CC266DB960A5E970DE5F2BBBE5CCB36C50F504B0304140006080800B670623B1B8617914E01000033030000300000006662
310
782F45374635344235342D363743322D343832342D383044432D4334454645303536354442422F636E782E786D6CD593C16EC32010447F0571AD6CE3D489D20813A9877E410FBD62D82434182CC055F3F75D1292E692438FBD206B7698593D61BEFD1E2DF982108D773D6D6B460938E5B571FB9ECE6957AD29D90A1EBC4F77
310
364A9C1CA1A759A682EF839FA72269D8C9D92654AD71C72206887E0E0A22CAF926B15E498B01E0AA19451807D01A34B919F16B070157417138917400F2F6FA41FCF0092A45DEE414C19BDC21783E4BD39D891265658C3D8DEA00A3ACE59CBC8678ACB54CB26EEB6BD7839D7E9348BE70AD9C8321B9BCA7F9A4A26C542347DE
310
E050F09802D22BA6749A800A394DD62899107273365E3C82CFC6A55557BC06C10774B7ABE7AEC3B0F34CF06446280E154026D0542C187BA9DAB6628BF7B6DBB0E5A65B3EB1F58631DE64BBE083F7B65CC218087E22CABB042E51D1F2268F1FE12B3EA24D40D63E9CFE00120194D60B9D5BC67FE6D39CDF37E20AF817881F50
310
4B0304140006080800B670623B29652116630500003C100000340000006662782F45374635344235342D363743322D343832342D383044432D4334454645303536354442422F6F626A656374732E786D6CAD575D739B3814FD2B0CFB0C989834C90EA1639B24E3E9A6EDD4D3CE3E64C623834CD8006224913AFDF57B040203
310
B65BEF871F0C12D2FD3CF7E8CA7FBFCB33E3957291B2E2D674ED8969D02262715A24B76625B7D6B569BC0F7CCE98EC2D338D82E4F4D654D366E0279C55A59E8AE99654991CCDDECFFF3444440B6A1A514684B83545F44C7362934AB2988A173B2692D8C97667BB76B3702836E1A47C1E092D09A78584A5982F20C5688C7287
310
C389E904BEA3BE07BEFAD7ABA6A75739B53F43FD69212429A20365233153D70BEF2E2E6FAC4BCF9B5ADEBB0BD79ADFCF43CBBD9A4E16EF168B9BD9DD0D140BC921495BC2E9D60C1E101B9E46BED37CEA2CD6861F3329624541A3DA7F7858DBAC25C6B4A4458C3CA654405BCFEBC970E8AAD8F43E4FD558ABEC4F9FE7557F47
310
4F506B7BFBEC5BCA367FC105710E2AB8A00A554D7CB4A30DFE26FBA86D18CBF4B75418399194A72433B274C3097F33032C554B027F2046A1932B842B0FCCC0DDCBEBDB8AD2F835768F59B9ADB24C41D30C6A64AF817F2A456D59FA83F2E3DA60137255A585BCD60EC9B7929AC18DEFD49381AF1ED30BFDB109A4B1CD488294
310
C3CDE6EBC8D185AABD6568061FEE37BB95AAC7E3CA4BCE4ACAA5820FA0D526AE7DAA2869B5EE5999531BE0CC20E6FBA07C41E43FA27CF7A6206F3CDD793B4F6B919C1462CB788EDCD893FA674CDA17AB7B3B7C019F8D561FAEE966FED562DFE98C1D12C6A9FC015C2A35D7FF3D7FC398F591DA4B5FE0BFA2C0189FEA50AE22
310
92817A1ED3020951A03432862970F976B33383259812CC8E5D240BBA801CBCF8CE2BBEE3BF910DB6AAD5F79E05123AE2DB33981FB1ACCB02B69D00CB014FD68AB573A7627EF9BFD4CC2C5C7D58557C4B22FAA88925A4DBB44825CECE3D78FB060D1231F0E885BE7D673C86A3874958F593906B5502D1563157814FDAC3420D
310
F69A070A22EC4B98E23CFF171A1E5311D12C23056555ABA53B8614563B92D17D02AAB009E8F46284624E5F53D5490C560CCCC2591FF1B45421EB0EBD8EA7ED13BE7C5D7E0428CD60FEF60779EB13E6664FF711CB185F6FDED60D139A001FF60CD1FD6D086F1D51474901E26B2CB794A343BC8ED3EDB612E0DD2351FCB65CF4
310
33D511C9E14B5B40ADC6A6263DB0336A8F700DDF56271A024E70B0B3629DE21847591E55DED73D56206AB927E46FAABC5C939C55853C274C93D69FD6FA4E78BF8B11DF898C9ECD60553FAD39283BA6F18984AA23E8884F83F45C5F5F859797B31B2B9C84A1E5B9DE9D35BFF25C6B76152E422F9C5DCC3D847F5801ED09D5AF
310
41441327A25FF15487F9EB725FB666F048A4701E9A827292E6F97569A32DF61DEC01C0BB8DCBBCCC684E0B49147C1FD54BF685A0AB18C868E6973949E819523E3DAC463660E68C7D9F55A9D1EFA3BD7A76A16AE1A810F95CE59B82A4D968A376DC2E8B44BBDD86B27B368CDE0ED548C7137DA860591A83706223A12CA712B4
310
7306DBF39C0A20A6DF95C7FAF670C6EED7A61F946493D1D6926782963813403548A78AE470DEF80D2D9CEAA26E4D1C76F60BFE74219A06527D6B82DF641A51616F703CAAC6A7160E08A00BEB4810A0274592A1B36E3675E36E978A0DE80727A0D6DF2D39A75BD27E0D8837276589537B40ABB56D5A41F48F1C6FCD3188C4EB
310
A6929D2FFB89CE995A4D00AE813BDD032DC48B56BD437DFDDC2DD7AED70C2272D63DE9A72068A45A92F0A4BE17A8A06B9366E16707AD80B1FC649459952097E74BB23805982B55E0401150A165964402AA8BDF9F3E7386BB686EDCA780C0D382E5392BF460A6EFB2C6EA1937D3F809B440D5F5435C4C5CF7A9EEFAF54564BD
310
2182DA24162F98680B4E7930C21A0079709CEAEB99A372305ABE0C0D7D6078105A83F6A0296DAEE1068A47DD1C55A9F4C9B2FC69E3EFD44B81028E963DF81B504B0304140006080000B670623B000000000000000000000000350000006662782F45374635344235342D363743322D343832342D383044432D433445464530
310
3536354442422F76657274696365732E62696E504B0304140006080800B670623BF270F1330600000004000000360000006662782F45374635344235342D363743322D343832342D383044432D4334454645303536354442422F747269616E676C65732E62696E636660600000504B0304140006080000B670623B00000000
310
0000000000000000370000006662782F45374635344235342D363743322D343832342D383044432D4334454645303536354442422F617474726962757465732E62696E504B0304140006080800B670623B08DA0BD19000000041010000360000006662782F45374635344235342D363743322D343832342D383044432D4334
310
454645303536354442422F6469726563746F72792E786D6C858F410AC3201045AF22B36F53E9A60B35CBEEBAE80D244E44489C6234F4F835464A48035D0DF398FF9F8AF63D0E6CC63039F212F8F9020C7D47C6792B21C5FE7403D62A1188E2E60C98D7234A5830286103A55745067B9D86B8A3CF9C7F90C11DE607FB144396
310
D7B6A82D282E9A152AD114D5EF2CB866EEE831B8EEA07A7BB5A8D7D61A2BAAEB7FD5F70921FF497D00504B0304140006080800B670623B6378F24DFF000000A00100003B0000006662782F45374635344235342D363743322D343832342D383044432D4334454645303536354442422F7265736F75726365732F636F72652E
310
786D6C8D504B6E833010BD0A9A6D65B0094E42641C85B639412F6099496225D8C89FAAC7AF09546A77DDCC8CDE47F3F4C4F16B7C149FE88371B603565228D06A37187BED20C50BD9437194C23B177FC9A0B06AC40E6618A4B87A97A615D2CE46B431A3D60DB8822A048C50E8473E3A08FA86A32A558A5911EEE5A4F45D5DB1
310
6465A6B34E8A107D0E502C4FE609D26370C96B0CA25A58295232C3AA3143FE692E063D485EF7F5AEE71BD2D2F39634AFFC44DAF7DD9E9CCE6F9CD25DCBFA762BAAD92C4534E34F46ED51451C40D694B6843142EB0FD61C283F34FC85EE0F948A6A96FF31A569F8A729191B37F51A77B105902C0779125254735F793DCBCC7B
310
EE567E03504B010214000A0000080000B670623B3DEE336E79000000790000001B00000000000000000000000000000000006175746F6465736B2D64657369676E2D7061636B6167652E786D6C504B01021400140006080800B670623BD486FD9CA0000000F40000001300000000000000000000000000B20000005B436F6E
310
74656E745F54797065735D2E786D6C504B01021400140006080800B670623BBC1638F5EC0000007C010000080000000000000000000000000083010000636F72652E786D6C504B01021400140006080800B670623B55019EA25F0000007C000000070000000000000000000000000095020000636E782E786D6C504B010214
310
00140006080800B670623B3586FFB671010000D40300000C00000000000000000000000000190300006662782F636F72652E786D6C504B01021400140006080800B670623B4220A0FF7D0000009D0000000B00000000000000000000000000B40400006662782F636E782E786D6C504B01021400140006080800B670623B2F
310
A3FEDE290100001202000031000000000000000000000000005A0500006662782F45374635344235342D363743322D343832342D383044432D4334454645303536354442422F636F72652E786D6C504B01021400140006080800B670623B1B8617914E010000330300003000000000000000000000000000D2060000666278
310
2F45374635344235342D363743322D343832342D383044432D4334454645303536354442422F636E782E786D6C504B01021400140006080800B670623B29652116630500003C10000034000000000000000000000000006E0800006662782F45374635344235342D363743322D343832342D383044432D4334454645303536
310
354442422F6F626A656374732E786D6C504B01021400140006080000B670623B0000000000000000000000003500000000000000000000000000230E00006662782F45374635344235342D363743322D343832342D383044432D4334454645303536354442422F76657274696365732E62696E504B01021400140006080800
310
B670623BF270F13306000000040000003600000000000000000000000000760E00006662782F45374635344235342D363743322D343832342D383044432D4334454645303536354442422F747269616E676C65732E62696E504B01021400140006080000B670623B0000000000000000000000003700000000000000000000
310
000000D00E00006662782F45374635344235342D363743322D343832342D383044432D4334454645303536354442422F617474726962757465732E62696E504B01021400140006080800B670623B08DA0BD190000000410100003600000000000000000000000000250F00006662782F45374635344235342D363743322D34
310
3832342D383044432D4334454645303536354442422F6469726563746F72792E786D6C504B01021400140006080800B670623B6378F24DFF000000A00100003B00000000000000000000000000091000006662782F45374635344235342D363743322D343832342D383044432D4334454645303536354442422F7265736F75
310
726365732F636F72652E786D6C504B0506000000000E000E0080040000611100000000
  0
XRECORD
  5
112
102
{ACAD_REACTORS
330
110
102
}
330
110
100
AcDbXrecord
280
     1
270
     1
271
     1
  0
XRECORD
  5
111
102
{ACAD_REACTORS
330
110
102
}
330
110
100
AcDbXrecord
280
     1
270
     1
271
     1
  0
XRECORD
  5
18A
102
{ACAD_REACTORS
330
110
102
}
330
110
100
AcDbXrecord
280
     1
 70
     0
 90
1778669749
  1
9BF507EE-FAF7-4A99-A33D-4EE51894BC40
310
504B03040A0000080000B670623B3DEE336E79000000790000001B0000006175746F6465736B2D64657369676E2D7061636B6167652E786D6C3C3F786D6C2076657273696F6E3D22312E302220656E636F64696E673D227574662D3822203F3E3C666F726D6174733E3C666F726D61743E687474703A2F2F736368656D612E
310
6175746F6465736B2E636F6D2F64657369676E2D7061636B6167652F323030393C2F666F726D61743E3C2F666F726D6174733E504B0304140006080800B670623BD486FD9CA0000000F4000000130000005B436F6E74656E745F54797065735D2E786D6C7D8EC10E82300C865F65E91D8A1E8C310C0EEA1BF002731658846E
310
D98AC1B77784ABF1D8FE5FBFBF75BBCE937A534CCEB38643598122B6FEE978D0B0485F9C41B54DDD7D022595594E1A469170414C76A4D9A4D207E29CF43ECE46F218070CC6BECC4078ACAA135ACF422C856C0E68EA1BF5669944DDD7BCDE7B1F8E415D77AECB980613C2E4AC91FC167A2B244592486606FC29C8FD7F045B9A
310
EF7053A7E60B504B0304140006080800B670623BCA089DFFEC0000007C01000008000000636F72652E786D6C8D90416E83301045AF62CDB632D8402020E32882F604BD80653BC44AB011B6AB1EBF262152BBEB6A467FFE9B197D76FA9EEFE84BAFDE38DB03CD08206DA553C64E3DC470C1474027CE56E7C22F1B202B66DDC3
310
260367D3EAE2B24BD2D9A06D48AA754AEFA2F05E0740F29E9A1EBCBCEA59642286E4F0B76C11F226269DD15797E0188D42CF2346A57DE662F40ABCAEC77628C6120F654571D50C04B7F5B9C1E3997CD4F550BE3745C3F20DE62C98F9755FAE5A04AD801784B498524C8A4F5A75E4D055873772EC0861F966FF03C545FD138A
310
C686B2D8DF7D621E384D8F3C069CE55B16A93C824A75CB8DFF00504B0304140006080800B670623B55019EA25F0000007C00000007000000636E782E786D6C4DCB3B0E80201045D1AD90E915ED2CF8AC45050C11660C8261F98AB1B07AC9C97D42D718D865D3E909258CFD00CCE24AC6E326A164D74DC0B4128928FF326038
310
472BA13128B1252AC747C6BAB984FC68F0B87FE8960A5C09FE86CFB69FBA01504B0304140006080800B670623B68FC0B7272010000D40300000C0000006662782F636F72652E786D6CC5535B6E833010BC8AE5DF0A6C1E8124328E22D29EA01770C0A128602363A31CBFCB234A53A555FA553EC09AD9F5CE8C31DB5DDA060D
310
D2F4B556190E7C8A9154852E6B5565D8D993B7C668C799D1DA7E29C3488956667884316795D1AE5BA0422B2B950554E9522EA0E87B69312A1A5864B82F3E642B7CE12C54F467BF13C55954D20F7CA0A18EB3DE1A1080E621E31BF3D3F1C2C88C73E65C5D2E6C5DC2B4FA544B8379921C36797888BC3C8A032F4E73EA6D927D
310
EA1DF6F42D49F2E8350D5346C666CE6CDD5ED515460A2B4BCC434A375E1078347C0FE22D5D6DE3D50B5D6F2965642CBF6B725DF96493AB958DC245EEDCD6631E809089F8E61622B2A81703E8219C913144F84C09DF070D8140C8561C9BAB8F3340832CAC363130A576376A108D933095FA747AD0CF0B46E64E983A6D0EAE1F
310
CE089F9EF1FB8E70D44255604258581E9D1D75B259C3125A278D37D80B52DAB4A279CEC62F0EFF44DDC43F9454E8469BFF5244960322CBEF41C6FBC83F01504B0304140006080800B670623B0F71DDB67E0000009D0000000B0000006662782F636E782E786D6C4DCCD10A83201886E15B91FFDCA54DB73F502386BB8F5816
310
32D3703976F9ABD1C18E3E78F87855FB990379BBFCF2296AE02706C4C5471A7C9C349475A408A4352AA7B4FEDD80C47E761A7606A3A69CCA72D0E0C6BE8475D3E0E3F3409428EA6B27A84079A782899AA2EC1A7AE3ECCC2FD858CB2D544655BFD2B67BD87C01504B0304140006080800B670623BE134B4FB28010000120200
310
00310000006662782F38353834323741342D343835462D343034322D383541392D4331303331363839454531452F636F72652E786D6C8D515B6EC32010BC0AE22B55850D0EA424C24451959EA0172086A42831583CAA1CBF503B52FB971F16CDCECC0EACD8DFC71BF836215AEF7A481A0C817183D7D65D7A98D3197108F652
310
04EFD31F1A044E8DA6871586525C82CFD3020DDE25E352419DD76601558C264130DCCAA58771F832A36A544E8511AFCDA486ABBA988634A55D7852C4144A00300FA927949C71DABD1D28A29C7D208A6987383B6CD13BC16BB2E1DBE3911C453B0BA5C8D9EA456E758963CFD684674DAA588A64C747FC2118958C86B2C3788B
310
0841B8FB247487D98EB257CC77188BB6D2FF89F2A49F1465EBD2BA5BE2CEB2082511EDDC9042FB7CBA3DC298FBE4430275DE2A9AE1054ADC60CC08E3A29D89E5F9C5714317C7987C28DFBBBA9E0A97B0D97643A568EB864AF95D5FA9759BF207504B0304140006080800B670623B1B8617914E010000330300003000000066
310
62782F38353834323741342D343835462D343034322D383541392D4331303331363839454531452F636E782E786D6CD593C16EC32010447F0571AD6CE3D489D20813A9877E410FBD62D82434182CC055F3F75D1292E692438FBD206B7698593D61BEFD1E2DF982108D773D6D6B460938E5B571FB9ECE6957AD29D90A1EBC4F
310
77364A9C1CA1A759A682EF839FA72269D8C9D92654AD71C72206887E0E0A22CAF926B15E498B01E0AA19451807D01A34B919F16B070157417138917400F2F6FA41FCF0092A45DEE414C19BDC21783E4BD39D891265658C3D8DEA00A3ACE59CBC8678ACB54CB26EEB6BD7839D7E9348BE70AD9C8321B9BCA7F9A4A26C542347
310
DEE050F09802D22BA6749A800A394DD62899107273365E3C82CFC6A55557BC06C10774B7ABE7AEC3B0F34CF06446280E154026D0542C187BA9DAB6628BF7B6DBB0E5A65B3EB1F58631DE64BBE083F7B65CC218087E22CABB042E51D1F2268F1FE12B3EA24D40D63E9CFE00120194D60B9D5BC67FE6D39CDF37E20AF817881F
310
504B0304140006080800B670623B5933D422630500003B100000340000006662782F38353834323741342D343835462D343034322D383541392D4331303331363839454531452F6F626A656374732E786D6CAD575B6FA33814FE2B887D0642934E9B156594264D158D3A534DD4D13E548A0C38942D60649B4EBABF7E3F8321
310
40924EF6928780CDF1B97EE762EFF32E4B8D37CA45C2F21BD3B547A641F39045491EDF98A5DC5AD7A6F1D9F73863B243661A39C9E88DA9B64DDF8B392B0BBD15D12D295339D85DDEFE618890E6D434C2940871638AF08566C426A5641115AF764424B1E3EDCE76ED9AB0CF36E6A47819302D08A7B984A6D8CFC1C5A89572FB
310
CB91E9F89EA3BEFB9EFAD754E3D3544E654F5F7E920B49F2F040D880CDD89D2CEE2E2EA7D6E56432B6269F2E5CEB7679BBB0DCABF168FE693E9FCEEEA6102C240727AD09A75BD3BF876F78127A4EFDA9D5582B7E4CA590E5390D2BFB6161A5B3E618D182E611E2985001691DAB47FDA5AB7CD3F93C566B2DB2BB7D9E55DD13
310
1D468DEECDB3AB290BFE8409E21C54704115AA6AFF68436BFC8DF65E0B184BF5B74418199194272435D224E084BF9B3E481589EFF5D828747285706581E9BB7B7E5D5D911ABFC6EE312DB7659A2A689A7E85EC0DF04FA5A8344BFEA2FCB834E8845895492EAFB541F2BDA0A63FF59C6AD3F7D4637CA13FD68E34B629891172
310
98597F1D183A57B9B75A98FE9765B05BAB7C3C2EBCE0ACA05C2AF8005A4DE09AA7F29216EB9E15397500C6F47CBE77CA7778FE2BD277AF0AE2C693DD6437D1522427B9D8329E2136F6A8FA19A3E6C56ADF0E5F50CF06D48734EDCEBF22F69C56D97EC138153F804B85E6FABFC7AFEFB32E523BE1F3BD372418E363EDCA7548
310
52949E8724474014288D94610BB57C1BEC4C7F854A89CA8E5324F55B871CBC78CE1BBEE3BFE68D6A5589EF3C730474506FCFA8FCF0659516D0ED04580EEA6425581B77CAE797FF4BCECC16EB2FEB926F49481F746159D06D922712BD730FDEAE42BD40F42C7AA5EF3F198F60E86110D6DD20645A9480B795CF95E3E3A659A8
310
C55E724F408873315335CFFB8584874484344D494E59D94869DB90C26A5B64F49C802CAC1D3ABE18A098D3B7444D123D8A9E5AE8F5214F0AE5B2B6E9B575DA3E61CBD3EA2B4009FA940524DD1305FB6A1FB294F14DF0BEA90BA109ECE1481FDC3FFAE8D60E75141700BE82725371B4873751B2DD960265F788137FACE6DD40
310
B575E4F0A5C99F46629D92131467A41EE11ABD8D4CCC039CA0AFB37C93A08B232B8F0AEFCA1E0A1015DF13FC83322B362463652ECF71D3A8B1A7D1BE65DE1D62C44F22C317D35F574FEB16153BA2D13E543D10A80E74C4A65E78A6B7CBCBD1D5DD9DB59C2DAFACC96C3AB566E3F1C29ADCDD5DBAD7D3C9ED7C822ED74F80A6
310
41755310DE4443F44A9E68373FADF6596BFA0F440AE7BECE2727AE9F4F2B1B53B1E7E00CF0DD1E5C65454A339A4BA2D0FBA05ED2EF0443458F47BDBFCA484CCFE0F2ED7E3DD0013B679C7B5499467F0ECEEADDB9CA85A34CE44B99053949D2C1416DB85DE4B136BB7165FBAC0B7AB3542BED4F8CA182A549847A1319316519
310
95A83A67147B9E5101C47487F2485F1ECE38FD568F839204296D3479219888530154036E6528FBFBC66F98E0D4107563A2D7D9AFF8D389681A08F58D89F22693900A3B407754734FC51C10C010D6D640809EE4718AC1BA3ED4AEDB53CA37283F68805A7E4B72CEB0A4EDEAD5DD8C14059A76AFAA56BA6901E13F32BC51C720
310
12AF41295B5BF61BAD3195181FB506E6B40F4C10AF5AF40EF9F5B159AE5DD1F43C72D635E94310D45C2D49785C5D0B94D3B54AB3C5A38349C0587D338AB48C11CBF339599C02CCA54A70A008A8D03C0B2201D5F9EFCF8F9CE12A9A19CB0410789EB32C63B95ECCF455D658BFE0621A3DA32C5075FB101723D77DAE867E7D0F
310
D90444509B44E2151B4DC2290B065803200FBAA9BE9D392A0603F2D5C2D00D6302A615680F66D2FA166E2079D4C551A54AB758161FCEFD4E450A14704CECFEDF504B0304140006080000B670623B000000000000000000000000350000006662782F38353834323741342D343835462D343034322D383541392D4331303331
310
363839454531452F76657274696365732E62696E504B0304140006080800B670623BF270F1330600000004000000360000006662782F38353834323741342D343835462D343034322D383541392D4331303331363839454531452F747269616E676C65732E62696E636660600000504B0304140006080000B670623B000000
310
000000000000000000370000006662782F38353834323741342D343835462D343034322D383541392D4331303331363839454531452F617474726962757465732E62696E504B0304140006080800B670623B08DA0BD19000000041010000360000006662782F38353834323741342D343835462D343034322D383541392D43
310
31303331363839454531452F6469726563746F72792E786D6C858F410AC3201045AF22B36F53E9A60B35CBEEBAE80D244E44489C6234F4F835464A48035D0DF398FF9F8AF63D0E6CC63039F212F8F9020C7D47C6792B21C5FE7403D62A1188E2E60C98D7234A5830286103A55745067B9D86B8A3CF9C7F90C11DE607FB1443
310
96D7B6A82D282E9A152AD114D5EF2CB866EEE831B8EEA07A7BB5A8D7D61A2BAAEB7FD5F70921FF497D00504B0304140006080800B670623BD9A3B367FE000000A00100003B0000006662782F38353834323741342D343835462D343034322D383541392D4331303331363839454531452F7265736F75726365732F636F7265
310
2E786D6C8D504B6E833010BD0A9A6D65B01D0201194711694FD00B586642AD043BF2A7EAF16B122AB5BB6E6646EFA3797AE2F8B5DC8A4FF4C1383B002B291468B59B8C9D0748F1420E501CA5F0CEC55F3228AC5A708015062966EFD27D83B4B3116DCCA875136EA00A012314FA968F0182FEC045952AC5AC08D7F2AEF455CD
310
58B232D3592745883E07289E4FD609D26370C96B0CA27AB252A464A64D63A6FCD35C0C7A904D73EE467EE664DCD58CD4ED4849D79C5A723ED1B7A61977AF2D6F45B59AA58866F9C9A83DAA8813484E6947182394BFB3BAA7FBBEDEBFD0434FA9A856F91F53BA4FFF342563E38E6F719FB60092E5200F428A6AED2BAF479979
310
AFDDCA6F504B010214000A0000080000B670623B3DEE336E79000000790000001B00000000000000000000000000000000006175746F6465736B2D64657369676E2D7061636B6167652E786D6C504B01021400140006080800B670623BD486FD9CA0000000F40000001300000000000000000000000000B20000005B436F6E
310
74656E745F54797065735D2E786D6C504B01021400140006080800B670623BCA089DFFEC0000007C010000080000000000000000000000000083010000636F72652E786D6C504B01021400140006080800B670623B55019EA25F0000007C000000070000000000000000000000000095020000636E782E786D6C504B010214
310
00140006080800B670623B68FC0B7272010000D40300000C00000000000000000000000000190300006662782F636F72652E786D6C504B01021400140006080800B670623B0F71DDB67E0000009D0000000B00000000000000000000000000B50400006662782F636E782E786D6C504B01021400140006080800B670623BE1
310
34B4FB280100001202000031000000000000000000000000005C0500006662782F38353834323741342D343835462D343034322D383541392D4331303331363839454531452F636F72652E786D6C504B01021400140006080800B670623B1B8617914E010000330300003000000000000000000000000000D3060000666278
310
2F38353834323741342D343835462D343034322D383541392D4331303331363839454531452F636E782E786D6C504B01021400140006080800B670623B5933D422630500003B10000034000000000000000000000000006F0800006662782F38353834323741342D343835462D343034322D383541392D4331303331363839
310
454531452F6F626A656374732E786D6C504B01021400140006080000B670623B0000000000000000000000003500000000000000000000000000240E00006662782F38353834323741342D343835462D343034322D383541392D4331303331363839454531452F76657274696365732E62696E504B01021400140006080800
310
B670623BF270F13306000000040000003600000000000000000000000000770E00006662782F38353834323741342D343835462D343034322D383541392D4331303331363839454531452F747269616E676C65732E62696E504B01021400140006080000B670623B0000000000000000000000003700000000000000000000
310
000000D10E00006662782F38353834323741342D343835462D343034322D383541392D4331303331363839454531452F617474726962757465732E62696E504B01021400140006080800B670623B08DA0BD190000000410100003600000000000000000000000000260F00006662782F38353834323741342D343835462D34
310
3034322D383541392D4331303331363839454531452F6469726563746F72792E786D6C504B01021400140006080800B670623BD9A3B367FE000000A00100003B000000000000000000000000000A1000006662782F38353834323741342D343835462D343034322D383541392D4331303331363839454531452F7265736F75
310
726365732F636F72652E786D6C504B0506000000000E000E0080040000611100000000
  0
XRECORD
  5
113
102
{ACAD_REACTORS
330
110
102
}
330
110
100
AcDbXrecord
280
     1
270
     1
271
     1
  0
XRECORD
  5
114
102
{ACAD_REACTORS
330
110
102
}
330
110
100
AcDbXrecord
280
     1
270
     1
271
     1
  0
CELLSTYLEMAP
  5
F93
102
{ACAD_REACTORS
330
104
102
}
330
104
100
AcDbCellStyleMap
 90
        3
300
CELLSTYLE
  1
TABLEFORMAT_BEGIN
 90
        5
170
     1
 91
        0
 92
    32768
 62
   257
 93
        1
300
CONTENTFORMAT
  1
CONTENTFORMAT_BEGIN
 90
        0
 91
        0
 92
      512
 93
        0
300

 40
0.0
140
1.0
 94
        5
 62
     0
340
11
144
0.25
309
CONTENTFORMAT_END
171
     1
301
MARGIN
  1
CELLMARGIN_BEGIN
 40
0.06
 40
0.06
 40
0.06
 40
0.06
 40
0.18
 40
0.18
309
CELLMARGIN_END
 94
        6
 95
        1
302
GRIDFORMAT
  1
GRIDFORMAT_BEGIN
 90
        0
 91
        1
 62
     0
 92
       -2
340
0
 93
        0
 40
0.045
309
GRIDFORMAT_END
 95
        2
302
GRIDFORMAT
  1
GRIDFORMAT_BEGIN
 90
        0
 91
        1
 62
     0
 92
       -2
340
0
 93
        0
 40
0.045
309
GRIDFORMAT_END
 95
        4
302
GRIDFORMAT
  1
GRIDFORMAT_BEGIN
 90
        0
 91
        1
 62
     0
 92
       -2
340
0
 93
        0
 40
0.045
309
GRIDFORMAT_END
 95
        8
302
GRIDFORMAT
  1
GRIDFORMAT_BEGIN
 90
        0
 91
        1
 62
     0
 92
       -2
340
0
 93
        0
 40
0.045
309
GRIDFORMAT_END
 95
       16
302
GRIDFORMAT
  1
GRIDFORMAT_BEGIN
 90
        0
 91
        1
 62
     0
 92
       -2
340
0
 93
        0
 40
0.045
309
GRIDFORMAT_END
 95
       32
302
GRIDFORMAT
  1
GRIDFORMAT_BEGIN
 90
        0
 91
        1
 62
     0
 92
       -2
340
0
 93
        0
 40
0.045
309
GRIDFORMAT_END
309
TABLEFORMAT_END
  1
CELLSTYLE_BEGIN
 90
        1
 91
        1
300
_TITLE
309
CELLSTYLE_END
300
CELLSTYLE
  1
TABLEFORMAT_BEGIN
 90
        5
170
     1
 91
        0
 92
        0
 62
   257
 93
        1
300
CONTENTFORMAT
  1
CONTENTFORMAT_BEGIN
 90
        0
 91
        0
 92
      512
 93
        0
300

 40
0.0
140
1.0
 94
        5
 62
     0
340
11
144
0.18
309
CONTENTFORMAT_END
171
     1
301
MARGIN
  1
CELLMARGIN_BEGIN
 40
0.06
 40
0.06
 40
0.06
 40
0.06
 40
0.18
 40
0.18
309
CELLMARGIN_END
 94
        6
 95
        1
302
GRIDFORMAT
  1
GRIDFORMAT_BEGIN
 90
        0
 91
        1
 62
     0
 92
       -2
340
0
 93
        0
 40
0.045
309
GRIDFORMAT_END
 95
        2
302
GRIDFORMAT
  1
GRIDFORMAT_BEGIN
 90
        0
 91
        1
 62
     0
 92
       -2
340
0
 93
        0
 40
0.045
309
GRIDFORMAT_END
 95
        4
302
GRIDFORMAT
  1
GRIDFORMAT_BEGIN
 90
        0
 91
        1
 62
     0
 92
       -2
340
0
 93
        0
 40
0.045
309
GRIDFORMAT_END
 95
        8
302
GRIDFORMAT
  1
GRIDFORMAT_BEGIN
 90
        0
 91
        1
 62
     0
 92
       -2
340
0
 93
        0
 40
0.045
309
GRIDFORMAT_END
 95
       16
302
GRIDFORMAT
  1
GRIDFORMAT_BEGIN
 90
        0
 91
        1
 62
     0
 92
       -2
340
0
 93
        0
 40
0.045
309
GRIDFORMAT_END
 95
       32
302
GRIDFORMAT
  1
GRIDFORMAT_BEGIN
 90
        0
 91
        1
 62
     0
 92
       -2
340
0
 93
        0
 40
0.045
309
GRIDFORMAT_END
309
TABLEFORMAT_END
  1
CELLSTYLE_BEGIN
 90
        2
 91
        1
300
_HEADER
309
CELLSTYLE_END
300
CELLSTYLE
  1
TABLEFORMAT_BEGIN
 90
        5
170
     1
 91
        0
 92
        0
 62
   257
 93
        1
300
CONTENTFORMAT
  1
CONTENTFORMAT_BEGIN
 90
        0
 91
        0
 92
      512
 93
        0
300

 40
0.0
140
1.0
 94
        2
 62
     0
340
11
144
0.18
309
CONTENTFORMAT_END
171
     1
301
MARGIN
  1
CELLMARGIN_BEGIN
 40
0.06
 40
0.06
 40
0.06
 40
0.06
 40
0.18
 40
0.18
309
CELLMARGIN_END
 94
        6
 95
        1
302
GRIDFORMAT
  1
GRIDFORMAT_BEGIN
 90
        0
 91
        1
 62
     0
 92
       -2
340
0
 93
        0
 40
0.045
309
GRIDFORMAT_END
 95
        2
302
GRIDFORMAT
  1
GRIDFORMAT_BEGIN
 90
        0
 91
        1
 62
     0
 92
       -2
340
0
 93
        0
 40
0.045
309
GRIDFORMAT_END
 95
        4
302
GRIDFORMAT
  1
GRIDFORMAT_BEGIN
 90
        0
 91
        1
 62
     0
 92
       -2
340
0
 93
        0
 40
0.045
309
GRIDFORMAT_END
 95
        8
302
GRIDFORMAT
  1
GRIDFORMAT_BEGIN
 90
        0
 91
        1
 62
     0
 92
       -2
340
0
 93
        0
 40
0.045
309
GRIDFORMAT_END
 95
       16
302
GRIDFORMAT
  1
GRIDFORMAT_BEGIN
 90
        0
 91
        1
 62
     0
 92
       -2
340
0
 93
        0
 40
0.045
309
GRIDFORMAT_END
 95
       32
302
GRIDFORMAT
  1
GRIDFORMAT_BEGIN
 90
        0
 91
        1
 62
     0
 92
       -2
340
0
 93
        0
 40
0.045
309
GRIDFORMAT_END
309
TABLEFORMAT_END
  1
CELLSTYLE_BEGIN
 90
        3
 91
        2
300
_DATA
309
CELLSTYLE_END
  0
ENDSEC
  0
SECTION
  2
ACDSDATA
 70
     2
 71
     8
  0
ACDSSCHEMA
 90
        0
  1
AcDb_Thumbnail_Schema
  2
AcDbDs::ID
280
    10
 91
        8
  2
Thumbnail_Data
280
    15
 91
        0
101
ACDSRECORD
 95
        0
 90
        1
  2
AcDbDs::TreatedAsObjectData
280
     1
291
     1
101
ACDSRECORD
 95
        0
 90
        2
  2
AcDbDs::Legacy
280
     1
291
     1
101
ACDSRECORD
  1
AcDbDs::ID
 90
        3
  2
AcDs:Indexable
280
     1
291
     1
101
ACDSRECORD
  1
AcDbDs::ID
 90
        4
  2
AcDbDs::HandleAttribute
280
     7
282
     1
  0
ACDSSCHEMA
 90
        1
  1
AcDbDs::TreatedAsObjectDataSchema
  2
AcDbDs::TreatedAsObjectData
280
     1
 91
        0
  0
ACDSSCHEMA
 90
        2
  1
AcDbDs::LegacySchema
  2
AcDbDs::Legacy
280
     1
 91
        0
  0
ACDSSCHEMA
 90
        3
  1
AcDbDs::IndexedPropertySchema
  2
AcDs:Indexable
280
     1
 91
        0
  0
ACDSSCHEMA
 90
        4
  1
AcDbDs::HandleAttributeSchema
  2
AcDbDs::HandleAttribute
280
     7
 91
        1
284
     1
  0
ACDSRECORD
 90
        0
  2
AcDbDs::ID
280
    10
320
22
  2
Thumbnail_Data
280
    15
 94
      896
310
89504E470D0A1A0A0000000D49484452000001000000009108030000001BE1960600000300504C5445212830FFFFFF2128300000000000000000000000000000000000000000000000000000330000660000990000CC0000FF0033000033330033660033990033CC0033FF0066000066330066660066990066CC0066FF0099
310
000099330099660099990099CC0099FF00CC0000CC3300CC6600CC9900CCCC00CCFF00FF0000FF3300FF6600FF9900FFCC00FFFF3300003300333300663300993300CC3300FF3333003333333333663333993333CC3333FF3366003366333366663366993366CC3366FF3399003399333399663399993399CC3399FF33CC00
310
33CC3333CC6633CC9933CCCC33CCFF33FF0033FF3333FF6633FF9933FFCC33FFFF6600006600336600666600996600CC6600FF6633006633336633666633996633CC6633FF6666006666336666666666996666CC6666FF6699006699336699666699996699CC6699FF66CC0066CC3366CC6666CC9966CCCC66CCFF66FF0066
310
FF3366FF6666FF9966FFCC66FFFF9900009900339900669900999900CC9900FF9933009933339933669933999933CC9933FF9966009966339966669966999966CC9966FF9999009999339999669999999999CC9999FF99CC0099CC3399CC6699CC9999CCCC99CCFF99FF0099FF3399FF6699FF9999FFCC99FFFFCC0000CC00
310
33CC0066CC0099CC00CCCC00FFCC3300CC3333CC3366CC3399CC33CCCC33FFCC6600CC6633CC6666CC6699CC66CCCC66FFCC9900CC9933CC9966CC9999CC99CCCC99FFCCCC00CCCC33CCCC66CCCC99CCCCCCCCCCFFCCFF00CCFF33CCFF66CCFF99CCFFCCCCFFFFFF0000FF0033FF0066FF0099FF00CCFF00FFFF3300FF3333
310
FF3366FF3399FF33CCFF33FFFF6600FF6633FF6666FF6699FF66CCFF66FFFF9900FF9933FF9966FF9999FF99CCFF99FFFFCC00FFCC33FFCC66FFCC99FFCCCCFFCCFFFFFF00FFFF33FFFF66FFFF99FFFFCCFFFFFF0000000D0D0D1A1A1A2828283535354343435050505D5D5D6B6B6B787878868686939393A1A1A1AEAEAEBB
310
BBBBC9C9C9D6D6D6E4E4E4F1F1F1FFFFFF0000000000000000000000000000000000000000000000000000000000002E4550F10000003B4944415478DAEDC13101000000C2A0F54F6D0B2FA0000000000000000000000000000000000000000000000000000000000000000000000000CE06919100016C9A5B1B0000000049
310
454E44AE426082
  0
ENDSEC
  0
EOF
