  0
SECTION
  2
HEADER
  9
$ACADVER
  1
AC1027
  9
$ACADMAINTVER
 70
   125
  9
$DWGCODEPAGE
  3
ANSI_1252
  9
$LASTSAVEDBY
  1
Shruti Aglawe
  9
$REQUIREDVERSIONS
160
                 0
  9
$INSBASE
 10
0.0
 20
0.0
 30
0.0
  9
$EXTMIN
 10
-228.5693399433221
 20
13741.1859971564
 30
0.0
  9
$EXTMAX
 10
17271.43066005665
 20
83059.51451626105
 30
0.0
  9
$LIMMIN
 10
0.0
 20
0.0
  9
$LIMMAX
 10
420.0
 20
297.0
  9
$ORTHOMODE
 70
     0
  9
$REGENMODE
 70
     1
  9
$FILLMODE
 70
     1
  9
$QTEXTMODE
 70
     0
  9
$MIRRTEXT
 70
     0
  9
$LTSCALE
 40
1.0
  9
$ATTMODE
 70
     1
  9
$TEXTSIZE
 40
2.5
  9
$TRACEWID
 40
1.0
  9
$TEXTSTYLE
  7
Standard
  9
$CLAYER
  8
ELE 1
  9
$CELTYPE
  6
ByLayer
  9
$CECOLOR
 62
   256
  9
$CELTSCALE
 40
1.0
  9
$DISPSILH
 70
     0
  9
$DIMSCALE
 40
1.0
  9
$DIMASZ
 40
2.5
  9
$DIMEXO
 40
0.625
  9
$DIMDLI
 40
3.75
  9
$DIMRND
 40
0.0
  9
$DIMDLE
 40
0.0
  9
$DIMEXE
 40
1.25
  9
$DIMTP
 40
0.0
  9
$DIMTM
 40
0.0
  9
$DIMTXT
 40
2.5
  9
$DIMCEN
 40
2.5
  9
$DIMTSZ
 40
0.0
  9
$DIMTOL
 70
     0
  9
$DIMLIM
 70
     0
  9
$DIMTIH
 70
     0
  9
$DIMTOH
 70
     0
  9
$DIMSE1
 70
     0
  9
$DIMSE2
 70
     0
  9
$DIMTAD
 70
     1
  9
$DIMZIN
 70
     8
  9
$DIMBLK
  1

  9
$DIMASO
 70
     1
  9
$DIMSHO
 70
     1
  9
$DIMPOST
  1

  9
$DIMAPOST
  1

  9
$DIMALT
 70
     0
  9
$DIMALTD
 70
     3
  9
$DIMALTF
 40
0.03937007874016
  9
$DIMLFAC
 40
1.0
  9
$DIMTOFL
 70
     1
  9
$DIMTVP
 40
0.0
  9
$DIMTIX
 70
     0
  9
$DIMSOXD
 70
     0
  9
$DIMSAH
 70
     0
  9
$DIMBLK1
  1

  9
$DIMBLK2
  1

  9
$DIMSTYLE
  2
ISO-25
  9
$DIMCLRD
 70
     0
  9
$DIMCLRE
 70
     0
  9
$DIMCLRT
 70
     0
  9
$DIMTFAC
 40
1.0
  9
$DIMGAP
 40
0.625
  9
$DIMJUST
 70
     0
  9
$DIMSD1
 70
     0
  9
$DIMSD2
 70
     0
  9
$DIMTOLJ
 70
     0
  9
$DIMTZIN
 70
     8
  9
$DIMALTZ
 70
     0
  9
$DIMALTTZ
 70
     0
  9
$DIMUPT
 70
     0
  9
$DIMDEC
 70
     2
  9
$DIMTDEC
 70
     2
  9
$DIMALTU
 70
     2
  9
$DIMALTTD
 70
     3
  9
$DIMTXSTY
  7
Standard
  9
$DIMAUNIT
 70
     0
  9
$DIMADEC
 70
     0
  9
$DIMALTRND
 40
0.0
  9
$DIMAZIN
 70
     0
  9
$DIMDSEP
 70
    44
  9
$DIMATFIT
 70
     3
  9
$DIMFRAC
 70
     0
  9
$DIMLDRBLK
  1

  9
$DIMLUNIT
 70
     2
  9
$DIMLWD
 70
    -2
  9
$DIMLWE
 70
    -2
  9
$DIMTMOVE
 70
     0
  9
$DIMFXL
 40
1.0
  9
$DIMFXLON
 70
     0
  9
$DIMJOGANG
 40
0.7853981633974483
  9
$DIMTFILL
 70
     0
  9
$DIMTFILLCLR
 70
     0
  9
$DIMARCSYM
 70
     0
  9
$DIMLTYPE
  6

  9
$DIMLTEX1
  6

  9
$DIMLTEX2
  6

  9
$DIMTXTDIRECTION
 70
     0
  9
$LUNITS
 70
     2
  9
$LUPREC
 70
     4
  9
$SKETCHINC
 40
1.0
  9
$FILLETRAD
 40
0.0
  9
$AUNITS
 70
     0
  9
$AUPREC
 70
     0
  9
$MENU
  1
.
  9
$ELEVATION
 40
0.0
  9
$PELEVATION
 40
0.0
  9
$THICKNESS
 40
0.0
  9
$LIMCHECK
 70
     0
  9
$CHAMFERA
 40
0.0
  9
$CHAMFERB
 40
0.0
  9
$CHAMFERC
 40
0.0
  9
$CHAMFERD
 40
0.0
  9
$SKPOLY
 70
     0
  9
$TDCREATE
 40
2460647.638125000
  9
$TDUCREATE
 40
2460647.408958334
  9
$TDUPDATE
 40
2460802.785555556
  9
$TDUUPDATE
 40
2460802.556388889
  9
$TDINDWG
 40
0.6393518519
  9
$TDUSRTIMER
 40
0.6393518519
  9
$USRTIMER
 70
     1
  9
$ANGBASE
 50
0.0
  9
$ANGDIR
 70
     0
  9
$PDMODE
 70
     0
  9
$PDSIZE
 40
0.0
  9
$PLINEWID
 40
0.0
  9
$SPLFRAME
 70
     0
  9
$SPLINETYPE
 70
     6
  9
$SPLINESEGS
 70
     8
  9
$HANDSEED
  5
25FC
  9
$SURFTAB1
 70
     6
  9
$SURFTAB2
 70
     6
  9
$SURFTYPE
 70
     6
  9
$SURFU
 70
     6
  9
$SURFV
 70
     6
  9
$UCSBASE
  2

  9
$UCSNAME
  2

  9
$UCSORG
 10
0.0
 20
0.0
 30
0.0
  9
$UCSXDIR
 10
1.0
 20
0.0
 30
0.0
  9
$UCSYDIR
 10
0.0
 20
1.0
 30
0.0
  9
$UCSORTHOREF
  2

  9
$UCSORTHOVIEW
 70
     0
  9
$UCSORGTOP
 10
0.0
 20
0.0
 30
0.0
  9
$UCSORGBOTTOM
 10
0.0
 20
0.0
 30
0.0
  9
$UCSORGLEFT
 10
0.0
 20
0.0
 30
0.0
  9
$UCSORGRIGHT
 10
0.0
 20
0.0
 30
0.0
  9
$UCSORGFRONT
 10
0.0
 20
0.0
 30
0.0
  9
$UCSORGBACK
 10
0.0
 20
0.0
 30
0.0
  9
$PUCSBASE
  2

  9
$PUCSNAME
  2

  9
$PUCSORG
 10
0.0
 20
0.0
 30
0.0
  9
$PUCSXDIR
 10
1.0
 20
0.0
 30
0.0
  9
$PUCSYDIR
 10
0.0
 20
1.0
 30
0.0
  9
$PUCSORTHOREF
  2

  9
$PUCSORTHOVIEW
 70
     0
  9
$PUCSORGTOP
 10
0.0
 20
0.0
 30
0.0
  9
$PUCSORGBOTTOM
 10
0.0
 20
0.0
 30
0.0
  9
$PUCSORGLEFT
 10
0.0
 20
0.0
 30
0.0
  9
$PUCSORGRIGHT
 10
0.0
 20
0.0
 30
0.0
  9
$PUCSORGFRONT
 10
0.0
 20
0.0
 30
0.0
  9
$PUCSORGBACK
 10
0.0
 20
0.0
 30
0.0
  9
$USERI1
 70
     0
  9
$USERI2
 70
     0
  9
$USERI3
 70
     0
  9
$USERI4
 70
     0
  9
$USERI5
 70
     0
  9
$USERR1
 40
0.0
  9
$USERR2
 40
0.0
  9
$USERR3
 40
0.0
  9
$USERR4
 40
0.0
  9
$USERR5
 40
0.0
  9
$WORLDVIEW
 70
     1
  9
$SHADEDGE
 70
     3
  9
$SHADEDIF
 70
    70
  9
$TILEMODE
 70
     1
  9
$MAXACTVP
 70
    64
  9
$PINSBASE
 10
0.0
 20
0.0
 30
0.0
  9
$PLIMCHECK
 70
     0
  9
$PEXTMIN
 10
25.69999999999999
 20
-169.3884599539208
 30
0.0
  9
$PEXTMAX
 10
1028.669712027788
 20
175.5
 30
0.0
  9
$PLIMMIN
 10
-20.0
 20
-7.5
  9
$PLIMMAX
 10
277.0
 20
202.5
  9
$UNITMODE
 70
     0
  9
$VISRETAIN
 70
     1
  9
$PLINEGEN
 70
     0
  9
$PSLTSCALE
 70
     1
  9
$TREEDEPTH
 70
  3020
  9
$CMLSTYLE
  2
Standard
  9
$CMLJUST
 70
     0
  9
$CMLSCALE
 40
20.0
  9
$PROXYGRAPHICS
 70
     1
  9
$MEASUREMENT
 70
     1
  9
$CELWEIGHT
370
    -1
  9
$ENDCAPS
280
     0
  9
$JOINSTYLE
280
     0
  9
$LWDISPLAY
290
     0
  9
$INSUNITS
 70
     4
  9
$HYPERLINKBASE
  1

  9
$STYLESHEET
  1

  9
$XEDIT
290
     1
  9
$CEPSNTYPE
380
     0
  9
$PSTYLEMODE
290
     1
  9
$FINGERPRINTGUID
  2
{894A1E07-167E-424F-8C8F-9D32BE62AE80}
  9
$VERSIONGUID
  2
{24C28E8A-0281-874B-8A1B-7EF337C496B4}
  9
$EXTNAMES
290
     1
  9
$PSVPSCALE
 40
0.0
  9
$OLESTARTUP
290
     0
  9
$SORTENTS
280
   127
  9
$INDEXCTL
280
     0
  9
$HIDETEXT
280
     1
  9
$XCLIPFRAME
280
     2
  9
$HALOGAP
280
     0
  9
$OBSCOLOR
 70
   257
  9
$OBSLTYPE
280
     0
  9
$INTERSECTIONDISPLAY
280
     0
  9
$INTERSECTIONCOLOR
 70
   257
  9
$DIMASSOC
280
     2
  9
$PROJECTNAME
  1

  9
$CAMERADISPLAY
290
     0
  9
$LENSLENGTH
 40
50.0
  9
$CAMERAHEIGHT
 40
0.0
  9
$STEPSPERSEC
 40
2.0
  9
$STEPSIZE
 40
6.0
  9
$3DDWFPREC
 40
2.0
  9
$PSOLWIDTH
 40
5.0
  9
$PSOLHEIGHT
 40
80.0
  9
$LOFTANG1
 40
1.570796326794896
  9
$LOFTANG2
 40
1.570796326794896
  9
$LOFTMAG1
 40
0.0
  9
$LOFTMAG2
 40
0.0
  9
$LOFTPARAM
 70
     7
  9
$LOFTNORMALS
280
     1
  9
$LATITUDE
 40
37.795
  9
$LONGITUDE
 40
-122.394
  9
$NORTHDIRECTION
 40
0.0
  9
$TIMEZONE
 70
 -8000
  9
$LIGHTGLYPHDISPLAY
280
     1
  9
$TILEMODELIGHTSYNCH
280
     1
  9
$CMATERIAL
347
EC
  9
$SOLIDHIST
280
     0
  9
$SHOWHIST
280
     1
  9
$DWFFRAME
280
     2
  9
$DGNFRAME
280
     0
  9
$REALWORLDSCALE
290
     1
  9
$INTERFERECOLOR
 62
     1
  9
$INTERFEREOBJVS
345
F9
  9
$INTERFEREVPVS
346
F6
  9
$CSHADOW
280
     0
  9
$SHADOWPLANELOCATION
 40
0.0
  0
ENDSEC
  0
SECTION
  2
CLASSES
  0
CLASS
  1
ACDBDICTIONARYWDFLT
  2
AcDbDictionaryWithDefault
  3
ObjectDBX Classes
 90
        0
 91
        1
280
     0
281
     0
  0
CLASS
  1
DICTIONARYVAR
  2
AcDbDictionaryVar
  3
ObjectDBX Classes
 90
        0
 91
       15
280
     0
281
     0
  0
CLASS
  1
TABLESTYLE
  2
AcDbTableStyle
  3
ObjectDBX Classes
 90
     4095
 91
        1
280
     0
281
     0
  0
CLASS
  1
MATERIAL
  2
AcDbMaterial
  3
ObjectDBX Classes
 90
     1153
 91
        3
280
     0
281
     0
  0
CLASS
  1
VISUALSTYLE
  2
AcDbVisualStyle
  3
ObjectDBX Classes
 90
     4095
 91
       24
280
     0
281
     0
  0
CLASS
  1
SCALE
  2
AcDbScale
  3
ObjectDBX Classes
 90
     1153
 91
       18
280
     0
281
     0
  0
CLASS
  1
MLEADERSTYLE
  2
AcDbMLeaderStyle
  3
ACDB_MLEADERSTYLE_CLASS
 90
     4095
 91
        2
280
     0
281
     0
  0
CLASS
  1
CELLSTYLEMAP
  2
AcDbCellStyleMap
  3
ObjectDBX Classes
 90
     1152
 91
        2
280
     0
281
     0
  0
CLASS
  1
EXACXREFPANELOBJECT
  2
ExAcXREFPanelObject
  3
EXAC_ESW
 90
     1025
 91
        0
280
     0
281
     0
  0
CLASS
  1
NPOCOLLECTION
  2
AcDbImpNonPersistentObjectsCollection
  3
ObjectDBX Classes
 90
     1153
 91
        0
280
     0
281
     0
  0
CLASS
  1
LAYER_INDEX
  2
AcDbLayerIndex
  3
ObjectDBX Classes
 90
        0
 91
        0
280
     0
281
     0
  0
CLASS
  1
SPATIAL_INDEX
  2
AcDbSpatialIndex
  3
ObjectDBX Classes
 90
        0
 91
        0
280
     0
281
     0
  0
CLASS
  1
IDBUFFER
  2
AcDbIdBuffer
  3
ObjectDBX Classes
 90
        0
 91
        0
280
     0
281
     0
  0
CLASS
  1
ACDBSECTIONVIEWSTYLE
  2
AcDbSectionViewStyle
  3
ObjectDBX Classes
 90
     1025
 91
        2
280
     0
281
     0
  0
CLASS
  1
ACDBDETAILVIEWSTYLE
  2
AcDbDetailViewStyle
  3
ObjectDBX Classes
 90
     1025
 91
        2
280
     0
281
     0
  0
CLASS
  1
SORTENTSTABLE
  2
AcDbSortentsTable
  3
ObjectDBX Classes
 90
        0
 91
        1
280
     0
281
     0
  0
ENDSEC
  0
SECTION
  2
TABLES
  0
TABLE
  2
VPORT
  5
8
330
0
100
AcDbSymbolTable
 70
     1
1001
ACAD
1000
DbSaveVer
1071
      278
  0
VPORT
  5
EA
330
8
100
AcDbSymbolTableRecord
100
AcDbViewportTableRecord
  2
*Active
 70
     0
 10
0.0
 20
0.0
 11
1.0
 21
1.0
 12
-37475.68462315318
 22
7925.29776273726
 13
0.0
 23
0.0
 14
10.0
 24
10.0
 15
10.0
 25
10.0
 16
0.0
 26
0.0
 36
1.0
 17
0.0
 27
0.0
 37
0.0
 40
377786.5775664107
 41
2.653314917127072
 42
50.0
 43
0.0
 44
0.0
 50
0.0
 51
0.0
 71
     0
 72
  1000
 73
     1
 74
     3
 75
     0
 76
     0
 77
     0
 78
     0
281
     0
 65
     1
110
0.0
120
0.0
130
0.0
111
1.0
121
0.0
131
0.0
112
0.0
122
1.0
132
0.0
 79
     0
146
0.0
348
F5
 60
     3
 61
     5
292
     1
282
     1
141
0.0
142
0.0
 63
   250
421
  3355443
1001
ACAD_NAV_VCDISPLAY
1070
     3
  0
ENDTAB
  0
TABLE
  2
LTYPE
  5
5
330
0
100
AcDbSymbolTable
 70
     4
  0
LTYPE
  5
14
330
5
100
AcDbSymbolTableRecord
100
AcDbLinetypeTableRecord
  2
ByBlock
 70
     0
  3

 72
    65
 73
     0
 40
0.0
  0
LTYPE
  5
15
330
5
100
AcDbSymbolTableRecord
100
AcDbLinetypeTableRecord
  2
ByLayer
 70
     0
  3

 72
    65
 73
     0
 40
0.0
  0
LTYPE
  5
16
330
5
100
AcDbSymbolTableRecord
100
AcDbLinetypeTableRecord
  2
Continuous
 70
     0
  3
Solid line
 72
    65
 73
     0
 40
0.0
  0
LTYPE
  5
1AD0
330
5
100
AcDbSymbolTableRecord
100
AcDbLinetypeTableRecord
  2
ACAD_ISO02W100
 70
     0
  3
ISO dash __ __ __ __ __ __ __ __ __ __ __ __ __
 72
    65
 73
     2
 40
15.0
 49
12.0
 74
     0
 49
-3.0
 74
     0
  0
LTYPE
  5
1AD4
330
5
100
AcDbSymbolTableRecord
100
AcDbLinetypeTableRecord
  2
DASHED
 70
     0
  3
Dashed __ __ __ __ __ __ __ __ __ __ __ __ __ _
 72
    65
 73
     2
 40
19.05
 49
12.7
 74
     0
 49
-6.349999999999999
 74
     0
  0
LTYPE
  5
1AD6
330
5
100
AcDbSymbolTableRecord
100
AcDbLinetypeTableRecord
  2
HIDDEN
 70
     0
  3
Hidden __ __ __ __ __ __ __ __ __ __ __ __ __ _
 72
    65
 73
     2
 40
9.524999999999998
 49
6.349999999999999
 74
     0
 49
-3.174999999999999
 74
     0
  0
ENDTAB
  0
TABLE
  2
LAYER
  5
2
102
{ACAD_XDICTIONARY
360
1FF
102
}
330
0
100
AcDbSymbolTable
 70
    10
  0
LAYER
  5
10
102
{ACAD_XDICTIONARY
360
13C
102
}
330
2
100
AcDbSymbolTableRecord
100
AcDbLayerTableRecord
  2
0
 70
     0
 62
     7
  6
Continuous
370
    -3
390
F
347
EE
348
0
  0
LAYER
  5
2AC
330
2
100
AcDbSymbolTableRecord
100
AcDbLayerTableRecord
  2
wall
 70
     0
 62
    20
  6
Continuous
370
    35
390
F
347
EE
348
0
1001
AcAecLayerStandard
1000

1000

1001
AcCmTransparency
1071
        0
  0
LAYER
  5
8C0
330
2
100
AcDbSymbolTableRecord
100
AcDbLayerTableRecord
  2
SILL
 70
     0
 62
   253
  6
Continuous
370
    15
390
F
347
EE
348
0
1001
AcAecLayerStandard
1000

1000

1001
AcCmTransparency
1071
        0
  0
LAYER
  5
8DA
330
2
100
AcDbSymbolTableRecord
100
AcDbLayerTableRecord
  2
FURN
 70
     0
 62
    40
  6
Continuous
370
     9
390
F
347
EE
348
0
1001
AcAecLayerStandard
1000

1000

1001
AcCmTransparency
1071
        0
  0
LAYER
  5
8DB
330
2
100
AcDbSymbolTableRecord
100
AcDbLayerTableRecord
  2
ELE 1
 70
     0
 62
   140
  6
Continuous
370
    20
390
F
347
EE
348
0
1001
AcAecLayerStandard
1000

1000

1001
AcCmTransparency
1071
        0
  0
LAYER
  5
8DC
330
2
100
AcDbSymbolTableRecord
100
AcDbLayerTableRecord
  2
ELE 2
 70
     0
 62
   180
  6
Continuous
370
    13
390
F
347
EE
348
0
1001
AcAecLayerStandard
1000

1000

1001
AcCmTransparency
1071
        0
  0
LAYER
  5
8E8
102
{ACAD_XDICTIONARY
360
1AD1
102
}
330
2
100
AcDbSymbolTableRecord
100
AcDbLayerTableRecord
  2
ABOVE-DOTTED
 70
     0
 62
    11
  6
HIDDEN
370
    15
390
F
347
EE
348
0
1001
AcAecLayerStandard
1000

1000

1001
AcCmTransparency
1071
        0
  0
LAYER
  5
11A6
102
{ACAD_XDICTIONARY
360
11A7
102
}
330
2
100
AcDbSymbolTableRecord
100
AcDbLayerTableRecord
  2
FUR
 70
     0
 62
    33
  6
Continuous
370
     9
390
F
347
EE
348
0
1001
AcAecLayerStandard
1000

1000

1001
AcCmTransparency
1071
 33554636
  0
LAYER
  5
2453
330
2
100
AcDbSymbolTableRecord
100
AcDbLayerTableRecord
  2
SECTION LINE
 70
     0
 62
     6
  6
HIDDEN
370
    15
390
F
347
EE
348
0
1001
AcAecLayerStandard
1000

1000

1001
AcCmTransparency
1071
        0
  0
LAYER
  5
2497
102
{ACAD_XDICTIONARY
360
2498
102
}
330
2
100
AcDbSymbolTableRecord
100
AcDbLayerTableRecord
  2
DIEN HOA
 70
     0
 62
   111
  6
Continuous
370
    -3
390
F
347
EE
348
0
  0
ENDTAB
  0
TABLE
  2
STYLE
  5
3
330
0
100
AcDbSymbolTable
 70
     3
  0
STYLE
  5
11
330
3
100
AcDbSymbolTableRecord
100
AcDbTextStyleTableRecord
  2
Standard
 70
     0
 40
0.0
 41
1.0
 50
0.0
 71
     0
 42
2.5
  3
arial.ttf
  4

1001
ACAD
1000
Arial
1071
       34
  0
STYLE
  5
132
330
3
100
AcDbSymbolTableRecord
100
AcDbTextStyleTableRecord
  2
Annotative
 70
     0
 40
0.0
 41
1.0
 50
0.0
 71
     0
 42
2.5
  3
arial.ttf
  4

1001
AcadAnnotative
1000
AnnotativeData
1002
{
1070
     1
1070
     1
1002
}
1001
ACAD
1000
Arial
1071
       34
  0
STYLE
  5
1ACF
330
3
100
AcDbSymbolTableRecord
100
AcDbTextStyleTableRecord
  2

 70
     1
 40
0.0
 41
1.0
 50
0.0
 71
     0
 42
2.5
  3
ltypeshp.shx
  4

  0
ENDTAB
  0
TABLE
  2
VIEW
  5
6
330
0
100
AcDbSymbolTable
 70
     0
  0
ENDTAB
  0
TABLE
  2
UCS
  5
7
330
0
100
AcDbSymbolTable
 70
     0
  0
ENDTAB
  0
TABLE
  2
APPID
  5
9
330
0
100
AcDbSymbolTable
 70
    13
  0
APPID
  5
12
330
9
100
AcDbSymbolTableRecord
100
AcDbRegAppTableRecord
  2
ACAD
 70
     0
  0
APPID
  5
9E
330
9
100
AcDbSymbolTableRecord
100
AcDbRegAppTableRecord
  2
ACAD_PSEXT
 70
     0
  0
APPID
  5
133
330
9
100
AcDbSymbolTableRecord
100
AcDbRegAppTableRecord
  2
AcadAnnoPO
 70
     0
  0
APPID
  5
134
330
9
100
AcDbSymbolTableRecord
100
AcDbRegAppTableRecord
  2
AcadAnnotative
 70
     0
  0
APPID
  5
135
330
9
100
AcDbSymbolTableRecord
100
AcDbRegAppTableRecord
  2
ACAD_DSTYLE_DIMJAG
 70
     0
  0
APPID
  5
136
330
9
100
AcDbSymbolTableRecord
100
AcDbRegAppTableRecord
  2
ACAD_DSTYLE_DIMTALN
 70
     0
  0
APPID
  5
165
330
9
100
AcDbSymbolTableRecord
100
AcDbRegAppTableRecord
  2
ACAD_MLEADERVER
 70
     0
  0
APPID
  5
217
330
9
100
AcDbSymbolTableRecord
100
AcDbRegAppTableRecord
  2
ACAD_NAV_VCDISPLAY
 70
     0
  0
APPID
  5
2AD
330
9
100
AcDbSymbolTableRecord
100
AcDbRegAppTableRecord
  2
AcAecLayerStandard
 70
     0
  0
APPID
  5
2AE
330
9
100
AcDbSymbolTableRecord
100
AcDbRegAppTableRecord
  2
AcCmTransparency
 70
     0
  0
APPID
  5
8B9
330
9
100
AcDbSymbolTableRecord
100
AcDbRegAppTableRecord
  2
ACAD_EXEMPT_FROM_CAD_STANDARDS
 70
     0
  0
APPID
  5
1A8B
330
9
100
AcDbSymbolTableRecord
100
AcDbRegAppTableRecord
  2
GradientColor1ACI
 70
     0
  0
APPID
  5
1A8C
330
9
100
AcDbSymbolTableRecord
100
AcDbRegAppTableRecord
  2
GradientColor2ACI
 70
     0
  0
ENDTAB
  0
TABLE
  2
DIMSTYLE
  5
A
330
0
100
AcDbSymbolTable
 70
     3
100
AcDbDimStyleTable
 71
     2
340
27
340
137
  0
DIMSTYLE
105
1B0
330
A
100
AcDbSymbolTableRecord
100
AcDbDimStyleTableRecord
  2
Standard
 70
     0
340
11
  0
DIMSTYLE
105
137
330
A
100
AcDbSymbolTableRecord
100
AcDbDimStyleTableRecord
  2
Annotative
 70
     0
 40
0.0
 41
2.5
 42
0.625
 43
3.75
 44
1.25
 73
     0
 74
     0
 77
     1
 78
     8
140
2.5
141
2.5
143
0.03937007874016
147
0.625
171
     3
172
     1
271
     2
272
     2
274
     3
278
    44
283
     0
284
     8
340
11
1001
AcadAnnotative
1000
AnnotativeData
1002
{
1070
     1
1070
     1
1002
}
1001
ACAD_DSTYLE_DIMJAG
1070
   388
1040
1.5
1001
ACAD_DSTYLE_DIMTALN
1070
   392
1070
     0
  0
DIMSTYLE
105
27
330
A
100
AcDbSymbolTableRecord
100
AcDbDimStyleTableRecord
  2
ISO-25
 70
     0
 41
2.5
 42
0.625
 43
3.75
 44
1.25
 73
     0
 74
     0
 77
     1
 78
     8
140
2.5
141
2.5
143
0.03937007874016
147
0.625
171
     3
172
     1
271
     2
272
     2
274
     3
278
    44
283
     0
284
     8
340
11
  0
ENDTAB
  0
TABLE
  2
BLOCK_RECORD
  5
1
330
0
100
AcDbSymbolTable
 70
     3
  0
BLOCK_RECORD
  5
1F
102
{ACAD_XDICTIONARY
360
1CE
102
}
330
1
100
AcDbSymbolTableRecord
100
AcDbBlockTableRecord
  2
*Model_Space
340
22
 70
     0
280
     1
281
     0
  0
BLOCK_RECORD
  5
D6
330
1
100
AcDbSymbolTableRecord
100
AcDbBlockTableRecord
  2
*Paper_Space
340
D7
 70
     0
280
     1
281
     0
  0
BLOCK_RECORD
  5
D2
330
1
100
AcDbSymbolTableRecord
100
AcDbBlockTableRecord
  2
*Paper_Space0
340
D3
 70
     0
280
     1
281
     0
  0
BLOCK_RECORD
  5
247F
330
1
100
AcDbSymbolTableRecord
100
AcDbBlockTableRecord
  2
A$C428C23EF
340
0
102
{BLKREFS
331
24A2
331
24A4
102
}
 70
     0
280
     1
281
     0
  0
BLOCK_RECORD
  5
24A6
330
1
100
AcDbSymbolTableRecord
100
AcDbBlockTableRecord
  2
02FFMA09
340
0
 70
     0
280
     1
281
     0
  0
ENDTAB
  0
ENDSEC
  0
SECTION
  2
BLOCKS
  0
BLOCK
  5
20
330
1F
100
AcDbEntity
  8
0
100
AcDbBlockBegin
  2
*Model_Space
 70
     0
 10
0.0
 20
0.0
 30
0.0
  3
*Model_Space
  1

  0
ENDBLK
  5
21
330
1F
100
AcDbEntity
  8
0
100
AcDbBlockEnd
  0
BLOCK
  5
D8
330
D6
100
AcDbEntity
 67
     1
  8
0
100
AcDbBlockBegin
  2
*Paper_Space
 70
     0
 10
0.0
 20
0.0
 30
0.0
  3
*Paper_Space
  1

  0
ENDBLK
  5
D9
330
D6
100
AcDbEntity
 67
     1
  8
0
100
AcDbBlockEnd
  0
BLOCK
  5
D4
330
D2
100
AcDbEntity
 67
     1
  8
0
100
AcDbBlockBegin
  2
*Paper_Space0
 70
     0
 10
0.0
 20
0.0
 30
0.0
  3
*Paper_Space0
  1

  0
ENDBLK
  5
D5
330
D2
100
AcDbEntity
 67
     1
  8
0
100
AcDbBlockEnd
  0
BLOCK
  5
2480
330
247F
100
AcDbEntity
  8
0
100
AcDbBlockBegin
  2
A$C428C23EF
 70
     0
 10
0.0
 20
0.0
 30
0.0
  3
A$C428C23EF
  1

  0
3DFACE
  5
2481
330
247F
100
AcDbEntity
  8
DIEN HOA
  6
Continuous
100
AcDbFace
 10
511.0763774109509
 20
1112.634183201063
 30
0.0
 11
597.5552196103089
 21
1100.280062886866
 31
0.0
 12
511.891922926894
 22
827.7082920598337
 32
0.0
 13
474.829561984312
 23
778.2918108030498
 33
0.0
 70
     1
  0
3DFACE
  5
2482
330
247F
100
AcDbEntity
  8
DIEN HOA
  6
Continuous
100
AcDbFace
 10
114.3219086682802
 20
864.6032500848805
 30
0.0
 11
123.1109902338794
 21
1036.982550071865
 31
0.0
 12
63.7247949919547
 22
910.2255784846484
 32
0.0
 13
0.0000101733603515
 23
889.9764271782519
 33
0.0
 70
     1
  0
3DFACE
  5
2483
330
247F
100
AcDbEntity
  8
DIEN HOA
  6
Continuous
100
AcDbFace
 10
153.1298156196135
 20
1220.25353370697
 30
0.0
 11
199.5892217954533
 21
1062.454246322266
 31
0.0
 12
114.3219086682802
 22
864.6032500848805
 32
0.0
 13
123.1109902338794
 23
1036.982550071865
 33
0.0
 70
     5
  0
3DFACE
  5
2484
330
247F
100
AcDbEntity
  8
DIEN HOA
  6
Continuous
100
AcDbFace
 10
480.8319887467514
 20
1001.372150751606
 30
0.0
 11
199.5892217954533
 21
1062.454246322266
 31
0.0
 12
199.5892217954533
 22
975.9754041228934
 32
0.0
 13
457.0970204704353
 23
798.4193073442725
 33
0.0
 70
     5
  0
3DFACE
  5
2485
330
247F
100
AcDbEntity
  8
DIEN HOA
  6
Continuous
100
AcDbFace
 10
199.5892217954533
 20
975.9754041228934
 30
0.0
 11
457.0970204704353
 21
798.4193073442725
 31
0.0
 12
292.2046877769608
 22
686.497868600753
 32
0.0
 13
292.2046877769608
 23
686.497868600753
 33
0.0
 70
    11
  0
3DFACE
  5
2486
330
247F
100
AcDbEntity
  8
DIEN HOA
  6
Continuous
100
AcDbFace
 10
199.5892217954533
 20
975.9754041228934
 30
0.0
 11
292.2046877769608
 21
686.497868600753
 31
0.0
 12
249.0057030522439
 22
444.7482306124588
 32
0.0
 13
113.1103795960807
 23
481.8105915550486
 33
0.0
 70
     5
  0
3DFACE
  5
2487
330
247F
100
AcDbEntity
  8
DIEN HOA
  6
Continuous
100
AcDbFace
 10
470.1683952008752
 20
12.35401961559546
 30
0.0
 11
286.4538684027939
 21
12.35401961559546
 31
0.0
 12
327.3822736331349
 22
62.95039055677034
 32
0.0
 13
327.3822736331349
 23
62.95039055677034
 33
0.0
 70
     8
  0
3DFACE
  5
2488
330
247F
100
AcDbEntity
  8
DIEN HOA
  6
Continuous
100
AcDbFace
 10
299.1784005476366
 20
432.3941102982644
 30
0.0
 11
447.4278443179937
 21
407.6858696698695
 31
0.0
 12
470.1683952008752
 22
12.35401961559546
 32
0.0
 13
327.3822736331349
 23
62.95039055677034
 33
0.0
 70
     5
  0
3DFACE
  5
2489
330
247F
100
AcDbEntity
  8
DIEN HOA
  6
Continuous
100
AcDbFace
 10
457.0970204704353
 20
798.4193073442725
 30
0.0
 11
292.2046877769608
 21
686.497868600753
 31
0.0
 12
299.1784005476366
 22
432.3941102982644
 32
0.0
 13
447.4278443179937
 23
407.6858696698695
 33
0.0
 70
     5
  0
3DFACE
  5
248A
330
247F
100
AcDbEntity
  8
DIEN HOA
  6
Continuous
100
AcDbFace
 10
249.0057030522439
 20
444.7482306124588
 30
0.0
 11
113.1103795960807
 21
481.8105915550486
 31
0.0
 12
125.464530020894
 22
62.74217518083696
 32
0.0
 13
236.6515827380499
 23
86.47874150077132
 33
0.0
 70
     5
  0
3DFACE
  5
248B
330
247F
100
AcDbEntity
  8
DIEN HOA
  6
Continuous
100
AcDbFace
 10
125.464530020894
 20
62.74217518083696
 30
0.0
 11
236.6515827380499
 21
86.47874150077132
 31
0.0
 12
249.0057030522439
 22
12.35401961559546
 32
0.0
 13
38.98565771090216
 23
-0.0001006986021821
 33
0.0
 70
     1
  0
3DFACE
  5
248C
330
247F
100
AcDbEntity
  8
DIEN HOA
  6
Continuous
100
AcDbFace
 10
523.6468737928808
 20
1357.124929890674
 30
0.0
 11
466.9308203872642
 21
1200.801393426554
 31
0.0
 12
511.0763774109509
 22
1112.634183201063
 32
0.0
 13
597.5552196103089
 23
1100.280062886866
 33
0.0
 70
     5
  0
3DFACE
  5
248D
330
247F
100
AcDbEntity
  8
DIEN HOA
  6
Continuous
100
AcDbFace
 10
355.4654296948574
 20
1489.020403154944
 30
0.0
 11
253.7830126577173
 21
1491.630831685971
 31
0.0
 12
249.1151529457857
 22
1439.513107014475
 32
0.0
 13
380.7735550122889
 23
1459.789317450327
 33
0.0
 70
     5
  0
3DFACE
  5
248E
330
247F
100
AcDbEntity
  8
DIEN HOA
  6
Continuous
100
AcDbFace
 10
144.4592464140878
 20
1314.9203315812
 30
0.0
 11
523.6468737928808
 21
1357.124929890674
 31
0.0
 12
466.9308203872642
 22
1200.801393426554
 32
0.0
 13
153.1298156196135
 23
1220.25353370697
 33
0.0
 70
     7
  0
3DFACE
  5
248F
330
247F
100
AcDbEntity
  8
DIEN HOA
  6
Continuous
100
AcDbFace
 10
466.9308203872642
 20
1200.801393426554
 30
0.0
 11
153.1298156196135
 21
1220.25353370697
 31
0.0
 12
199.5892217954533
 22
1062.454246322266
 32
0.0
 13
480.8319887467514
 23
1001.372150751606
 33
0.0
 70
     7
  0
3DFACE
  5
2490
330
247F
100
AcDbEntity
  8
DIEN HOA
  6
Continuous
100
AcDbFace
 10
224.4161669546156
 20
1704.868502660466
 30
0.0
 11
403.4915670065529
 21
1661.94491404596
 31
0.0
 12
388.0785888657411
 22
1562.859287615267
 32
0.0
 13
199.707926326213
 23
1618.389660461093
 33
0.0
 70
     5
  0
3DFACE
  5
2491
330
247F
100
AcDbEntity
  8
DIEN HOA
  6
Continuous
100
AcDbFace
 10
388.0785888657411
 20
1562.859287615267
 30
0.0
 11
199.707926326213
 21
1618.389660461093
 31
0.0
 12
208.8844842830586
 22
1519.556697947525
 32
0.0
 13
360.3114904107642
 23
1519.556697947525
 33
0.0
 70
     5
  0
3DFACE
  5
2492
330
247F
100
AcDbEntity
  8
DIEN HOA
  6
Continuous
100
AcDbFace
 10
208.8844842830586
 20
1519.556697947525
 30
0.0
 11
360.3114904107642
 21
1519.556697947525
 31
0.0
 12
355.4654296948574
 22
1489.020403154944
 32
0.0
 13
253.7830126577173
 23
1491.630831685971
 33
0.0
 70
     5
  0
3DFACE
  5
2493
330
247F
100
AcDbEntity
  8
DIEN HOA
  6
Continuous
100
AcDbFace
 10
480.2294191814872
 20
1418.895531461656
 30
0.0
 11
149.8853745645756
 21
1369.638894838535
 31
0.0
 12
144.4592464140878
 22
1314.9203315812
 32
0.0
 13
523.6468737928808
 23
1357.124929890674
 33
0.0
 70
     5
  0
3DFACE
  5
2494
330
247F
100
AcDbEntity
  8
DIEN HOA
  6
Continuous
100
AcDbFace
 10
249.1151529457857
 20
1439.513107014475
 30
0.0
 11
380.7735550122889
 21
1459.789317450327
 31
0.0
 12
480.2294191814872
 22
1418.895531461656
 32
0.0
 13
149.8853745645756
 23
1369.638894838535
 33
0.0
 70
     5
  0
3DFACE
  5
2495
330
247F
100
AcDbEntity
  8
DIEN HOA
  6
Continuous
100
AcDbFace
 10
360.3114904107642
 20
1729.576743288857
 30
0.0
 11
273.8326482113917
 21
1741.930863603055
 31
0.0
 12
224.4161669546156
 22
1704.868502660466
 32
0.0
 13
403.4915670065529
 23
1661.94491404596
 33
0.0
 70
     4
  0
ENDBLK
  5
2496
330
247F
100
AcDbEntity
  8
0
100
AcDbBlockEnd
  0
BLOCK
  5
24A7
330
24A6
100
AcDbEntity
  8
0
 62
     0
100
AcDbBlockBegin
  2
02FFMA09
 70
     0
 10
0.0
 20
0.0
 30
0.0
  3
02FFMA09
  1

  0
LINE
  5
24A8
330
24A6
100
AcDbEntity
  8
0
  6
ByBlock
 62
     0
100
AcDbLine
 10
-18.69715328862693
 20
-2.36047434013726
 30
0.0
 11
-17.58034700748519
 21
-1.009151042910573
 31
0.0
  0
LINE
  5
24A9
330
24A6
100
AcDbEntity
  8
0
  6
ByBlock
 62
     0
100
AcDbLine
 10
-1.679717648616545
 20
19.68009166887968
 30
0.0
 11
-2.743700282295492
 21
18.97074620447545
 31
0.0
  0
LINE
  5
24AA
330
24A6
100
AcDbEntity
  8
0
  6
ByBlock
 62
     0
100
AcDbLine
 10
-0.6748451612530886
 20
20.27121288921658
 30
0.0
 11
-1.679717648616545
 21
19.68009166887968
 31
0.0
  0
LINE
  5
24AB
330
24A6
100
AcDbEntity
  8
0
  6
ByBlock
 62
     0
100
AcDbLine
 10
0.152696887164268
 20
20.38943713328392
 30
0.0
 11
-0.6748451612530886
 21
20.27121288921658
 31
0.0
  0
LINE
  5
24AC
330
24A6
100
AcDbEntity
  8
0
  6
ByBlock
 62
     0
100
AcDbLine
 10
1.320586541307193
 20
20.64323283380429
 30
0.0
 11
0.152696887164268
 21
20.38943713328392
 31
0.0
  0
LINE
  5
24AD
330
24A6
100
AcDbEntity
  8
0
  6
ByBlock
 62
     0
100
AcDbLine
 10
0.7437983503192385
 20
24.29083718750724
 30
0.0
 11
0.152696887164268
 21
24.64550991970936
 31
0.0
  0
LINE
  5
24AE
330
24A6
100
AcDbEntity
  8
0
  6
ByBlock
 62
     0
100
AcDbLine
 10
1.157569374527298
 20
23.58149172310299
 30
0.0
 11
0.7437983503192385
 21
24.29083718750724
 31
0.0
  0
LINE
  5
24AF
330
24A6
100
AcDbEntity
  8
0
  6
ByBlock
 62
     0
100
AcDbLine
 10
0.5073577650572503
 20
25.88686448241675
 30
0.0
 11
-0.8521756001995868
 21
26.18242509258518
 31
0.0
  0
LINE
  5
24B0
330
24A6
100
AcDbEntity
  8
0
  6
ByBlock
 62
     0
100
AcDbLine
 10
1.275789667158292
 20
22.63569777056403
 30
0.0
 11
0.6846882040033364
 21
22.87214625869876
 31
0.0
  0
LINE
  5
24B1
330
24A6
100
AcDbEntity
  8
0
  6
ByBlock
 62
     0
100
AcDbLine
 10
0.9211287892653103
 20
23.22681899090088
 30
0.0
 11
-0.2019639907291264
 21
23.6406038451367
 31
0.0
  0
LINE
  5
24B2
330
24A6
100
AcDbEntity
  8
0
  6
ByBlock
 62
     0
100
AcDbLine
 10
0.389137472426242
 20
22.28102503836191
 30
0.0
 11
-0.6157350149375987
 21
22.75392201463137
 31
0.0
  0
LINE
  5
24B3
330
24A6
100
AcDbEntity
  8
0
  6
ByBlock
 62
     0
100
AcDbLine
 10
-1.384166917039067
 20
22.10368867226082
 30
0.0
 11
0.389137472426242
 21
22.28102503836191
 31
0.0
  0
LINE
  5
24B4
330
24A6
100
AcDbEntity
  8
0
  6
ByBlock
 62
     0
100
AcDbLine
 10
0.389137472426242
 20
21.51256745192398
 30
0.0
 11
1.039349081896304
 21
21.7490159400587
 31
0.0
  0
LINE
  5
24B5
330
24A6
100
AcDbEntity
  8
0
  6
ByBlock
 62
     0
100
AcDbLine
 10
-0.8521756001995868
 20
21.39434320785658
 30
0.0
 11
0.389137472426242
 21
21.51256745192398
 31
0.0
  0
LINE
  5
24B6
330
24A6
100
AcDbEntity
  8
0
  6
ByBlock
 62
     0
100
AcDbLine
 10
-1.502387209670061
 20
21.51256745192398
 30
0.0
 11
-0.8521756001995868
 21
21.39434320785658
 31
0.0
  0
LINE
  5
24B7
330
24A6
100
AcDbEntity
  8
0
  6
ByBlock
 62
     0
100
AcDbLine
 10
-11.85314137756505
 20
6.147832915910061
 30
0.0
 11
-11.38017388794589
 21
6.092651531114242
 31
0.0
  0
LINE
  5
24B8
330
24A6
100
AcDbEntity
  8
0
  6
ByBlock
 62
     0
100
AcDbLine
 10
-11.56147809229999
 20
6.435564422345482
 30
0.0
 11
-11.19492828784511
 21
6.407973729947578
 31
0.0
  0
LINE
  5
24B9
330
24A6
100
AcDbEntity
  8
0
  6
ByBlock
 62
     0
100
AcDbLine
 10
-11.19492828784511
 20
6.727237456266298
 30
0.0
 11
-10.82443708764317
 21
6.648406906557987
 31
0.0
  0
LINE
  5
24BA
330
24A6
100
AcDbEntity
  8
0
  6
ByBlock
 62
     0
100
AcDbLine
 10
-12.77103855601955
 20
6.475434941383184
 30
0.0
 11
-11.95955906272978
 21
6.147832915910061
 31
0.0
  0
LINE
  5
24BB
330
24A6
100
AcDbEntity
  8
0
  6
ByBlock
 62
     0
100
AcDbLine
 10
-7.718617239142986
 20
6.35673387263715
 30
0.0
 11
-7.139232064359489
 21
4.354437910045589
 31
0.0
  0
LINE
  5
24BC
330
24A6
100
AcDbEntity
  8
0
  6
ByBlock
 62
     0
100
AcDbLine
 10
-6.053670599418822
 20
7.197525038410997
 30
0.0
 11
-4.948470142569178
 21
7.293507363299863
 31
0.0
  0
LINE
  5
24BD
330
24A6
100
AcDbEntity
  8
0
  6
ByBlock
 62
     0
100
AcDbLine
 10
-9.259591352914142
 20
4.058242809856952
 30
0.0
 11
-8.47738447489867
 21
4.251827818087527
 31
0.0
  0
LINE
  5
24BE
330
24A6
100
AcDbEntity
  8
0
  6
ByBlock
 62
     0
100
AcDbLine
 10
-9.249438410456647
 20
6.473957583962469
 30
0.0
 11
-8.47738447489867
 21
6.025191479098122
 31
0.0
  0
LINE
  5
24BF
330
24A6
100
AcDbEntity
  8
0
  6
ByBlock
 62
     0
100
AcDbLine
 10
-5.91525149046177
 20
23.08600216882857
 30
0.0
 11
-6.005192453956539
 21
23.16952156927645
 31
0.0
  0
LINE
  5
24C0
330
24A6
100
AcDbEntity
  8
0
  6
ByBlock
 62
     0
100
AcDbLine
 10
-5.7482182725427
 20
23.29801295458082
 30
0.0
 11
-5.91525149046177
 21
23.08600216882857
 31
0.0
  0
LINE
  5
24C1
330
24A6
100
AcDbEntity
  8
0
  6
ByBlock
 62
     0
100
AcDbLine
 10
-6.172225671875608
 20
23.29801295458082
 30
0.0
 11
-5.7482182725427
 21
23.29801295458082
 31
0.0
  0
LINE
  5
24C2
330
24A6
100
AcDbEntity
  8
0
  6
ByBlock
 62
     0
100
AcDbLine
 10
-2.099184896464379
 20
22.82901939821978
 30
0.0
 11
-1.540266051889105
 21
23.08600216882857
 31
0.0
  0
LINE
  5
24C3
330
24A6
100
AcDbEntity
  8
0
  6
ByBlock
 62
     0
100
AcDbLine
 10
-3.210598231079856
 20
22.61058404320229
 30
0.0
 11
-2.099184896464379
 21
22.82901939821978
 31
0.0
  0
LINE
  5
24C4
330
24A6
100
AcDbEntity
  8
0
  6
ByBlock
 62
     0
100
AcDbLine
 10
-4.199948829523449
 20
22.65555602805883
 30
0.0
 11
-3.210598231079856
 21
22.61058404320229
 31
0.0
  0
LINE
  5
24C5
330
24A6
100
AcDbEntity
  8
0
  6
ByBlock
 62
     0
100
AcDbLine
 10
-4.887354764806033
 20
23.00248276838072
 30
0.0
 11
-4.199948829523449
 21
22.65555602805883
 31
0.0
  0
LINE
  5
24C6
330
24A6
100
AcDbEntity
  8
0
  6
ByBlock
 62
     0
100
AcDbLine
 10
-4.540439619897014
 20
24.3709160218726
 30
0.0
 11
-3.987945129857195
 21
24.24242463656817
 31
0.0
  0
LINE
  5
24C7
330
24A6
100
AcDbEntity
  8
0
  6
ByBlock
 62
     0
100
AcDbLine
 10
-5.619731181835788
 20
24.03041385081593
 30
0.0
 11
-4.540439619897014
 21
24.3709160218726
 31
0.0
  0
LINE
  5
24C8
330
24A6
100
AcDbEntity
  8
0
  6
ByBlock
 62
     0
100
AcDbLine
 10
-3.384055803534366
 20
24.49940740717701
 30
0.0
 11
-3.429026285281537
 21
24.11393325126381
 31
0.0
  0
LINE
  5
24C9
330
24A6
100
AcDbEntity
  8
0
  6
ByBlock
 62
     0
100
AcDbLine
 10
-3.85945803914987
 20
24.71784276219449
 30
0.0
 11
-3.384055803534366
 21
24.49940740717701
 31
0.0
  0
LINE
  5
24CA
330
24A6
100
AcDbEntity
  8
0
  6
ByBlock
 62
     0
100
AcDbLine
 10
-4.411952529190102
 20
24.80136216264233
 30
0.0
 11
-3.85945803914987
 21
24.71784276219449
 31
0.0
  0
LINE
  5
24CB
330
24A6
100
AcDbEntity
  8
0
  6
ByBlock
 62
     0
100
AcDbLine
 10
-5.189299427967029
 20
24.62789879248144
 30
0.0
 11
-4.411952529190102
 21
24.80136216264233
 31
0.0
  0
LINE
  5
24CC
330
24A6
100
AcDbEntity
  8
0
  6
ByBlock
 62
     0
100
AcDbLine
 10
-5.91525149046177
 20
24.28739662142476
 30
0.0
 11
-5.189299427967029
 21
24.62789879248144
 31
0.0
  0
LINE
  5
24CD
330
24A6
100
AcDbEntity
  8
0
  6
ByBlock
 62
     0
100
AcDbLine
 10
-2.525945967764101
 20
28.80336689908041
 30
0.0
 11
-3.225998020665102
 21
28.87311192323164
 31
0.0
  0
LINE
  5
24CE
330
24A6
100
AcDbEntity
  8
0
  6
ByBlock
 62
     0
100
AcDbLine
 10
-0.3887646748373328
 20
1.101013841953079
 30
0.0
 11
0.2528545799599726
 21
0.9314230693758993
 31
0.0
  0
LINE
  5
24CF
330
24A6
100
AcDbEntity
  8
0
  6
ByBlock
 62
     0
100
AcDbLine
 10
-1.639704669642298
 20
1.032992239334532
 30
0.0
 11
-0.3887646748373328
 21
1.101013841953079
 31
0.0
  0
LINE
  5
24D0
330
24A6
100
AcDbEntity
  8
0
  6
ByBlock
 62
     0
100
AcDbLine
 10
-3.036612507272849
 20
1.022033605603681
 30
0.0
 11
-1.639704669642298
 21
1.032992239334532
 31
0.0
  0
LINE
  5
24D1
330
24A6
100
AcDbEntity
  8
0
  6
ByBlock
 62
     0
100
AcDbLine
 10
-4.087033043928684
 20
1.363041589713152
 30
0.0
 11
-3.036612507272849
 21
1.022033605603681
 31
0.0
  0
LINE
  5
24D2
330
24A6
100
AcDbEntity
  8
0
  6
ByBlock
 62
     0
100
AcDbLine
 10
-5.315719938198512
 20
2.16831569048309
 30
0.0
 11
-3.306523397257436
 21
2.038557493384715
 31
0.0
  0
LINE
  5
24D3
330
24A6
100
AcDbEntity
  8
0
  6
ByBlock
 62
     0
100
AcDbLine
 10
-7.154412487084286
 20
2.823284155909263
 30
0.0
 11
-5.315719938198512
 21
2.16831569048309
 31
0.0
  0
LINE
  5
24D4
330
24A6
100
AcDbEntity
  8
0
  6
ByBlock
 62
     0
100
AcDbLine
 10
-8.587956632022212
 20
3.772471355679986
 30
0.0
 11
-7.154412487084286
 21
2.823284155909263
 31
0.0
  0
LINE
  5
24D5
330
24A6
100
AcDbEntity
  8
0
  6
ByBlock
 62
     0
100
AcDbLine
 10
-5.999562345372311
 20
0.300292590110292
 30
0.0
 11
-3.492659648635537
 21
-0.2039136302333588
 31
0.0
  0
LINE
  5
24D6
330
24A6
100
AcDbEntity
  8
0
  6
ByBlock
 62
     0
100
AcDbLine
 10
-9.789703551703709
 20
1.143680355608218
 30
0.0
 11
-5.999562345372311
 21
0.300292590110292
 31
0.0
  0
LINE
  5
24D7
330
24A6
100
AcDbEntity
  8
0
  6
ByBlock
 62
     0
100
AcDbLine
 10
-12.06698454367361
 20
2.057144467549218
 30
0.0
 11
-9.789703551703709
 21
1.143680355608218
 31
0.0
  0
LINE
  5
24D8
330
24A6
100
AcDbEntity
  8
0
  6
ByBlock
 62
     0
100
AcDbLine
 10
-14.25673049092246
 20
2.942191247481112
 30
0.0
 11
-12.06698454367361
 21
2.057144467549218
 31
0.0
  0
LINE
  5
24D9
330
24A6
100
AcDbEntity
  8
0
  6
ByBlock
 62
     0
100
AcDbLine
 10
-15.98472167507435
 20
4.325629097817429
 30
0.0
 11
-14.25673049092246
 21
2.942191247481112
 31
0.0
  0
LINE
  5
24DA
330
24A6
100
AcDbEntity
  8
0
  6
ByBlock
 62
     0
100
AcDbLine
 10
-17.85753917770428
 20
5.620618683954862
 30
0.0
 11
-15.98472167507435
 21
4.325629097817429
 31
0.0
  0
LINE
  5
24DB
330
24A6
100
AcDbEntity
  8
0
  6
ByBlock
 62
     0
100
AcDbLine
 10
-14.8458396257592
 20
-3.581734701921352
 30
0.0
 11
-14.75853288590716
 21
-3.581049787313171
 31
0.0
  0
LINE
  5
24DC
330
24A6
100
AcDbEntity
  8
0
  6
ByBlock
 62
     0
100
AcDbLine
 10
-16.3132804195715
 20
-2.021628628056692
 30
0.0
 11
-14.8458396257592
 21
-3.581734701921352
 31
0.0
  0
LINE
  5
24DD
330
24A6
100
AcDbEntity
  8
0
  6
ByBlock
 62
     0
100
AcDbLine
 10
-17.72982247597015
 20
0.4702059473004639
 30
0.0
 11
-16.3132804195715
 21
-2.021628628056692
 31
0.0
  0
LINE
  5
24DE
330
24A6
100
AcDbEntity
  8
0
  6
ByBlock
 62
     0
100
AcDbLine
 10
-19.27761333534805
 20
4.852773333304707
 30
0.0
 11
-17.72982247597015
 21
0.4702059473004639
 31
0.0
  0
LINE
  5
24DF
330
24A6
100
AcDbEntity
  8
0
  6
ByBlock
 62
     0
100
AcDbLine
 10
-10.91283256503047
 20
7.042989138753103
 30
0.0
 11
-9.249438410456647
 21
6.473957583962469
 31
0.0
  0
LINE
  5
24E0
330
24A6
100
AcDbEntity
  8
0
  6
ByBlock
 62
     0
100
AcDbLine
 10
-11.63582263307529
 20
6.455236584672213
 30
0.0
 11
-10.91283256503047
 21
7.042989138753103
 31
0.0
  0
LINE
  5
24E1
330
24A6
100
AcDbEntity
  8
0
  6
ByBlock
 62
     0
100
AcDbLine
 10
-12.12530981357351
 20
5.782003729694551
 30
0.0
 11
-11.63582263307529
 21
6.455236584672213
 31
0.0
  0
LINE
  5
24E2
330
24A6
100
AcDbEntity
  8
0
  6
ByBlock
 62
     0
100
AcDbLine
 10
-11.97683061718471
 20
5.404816048016598
 30
0.0
 11
-12.12530981357351
 21
5.782003729694551
 31
0.0
  0
LINE
  5
24E3
330
24A6
100
AcDbEntity
  8
0
  6
ByBlock
 62
     0
100
AcDbLine
 10
-10.1056112486403
 20
4.313542188200251
 30
0.0
 11
-11.97683061718471
 21
5.404816048016598
 31
0.0
  0
LINE
  5
24E4
330
24A6
100
AcDbEntity
  8
0
  6
ByBlock
 62
     0
100
AcDbLine
 10
-9.259591352914142
 20
4.058242809856952
 30
0.0
 11
-10.1056112486403
 21
4.313542188200251
 31
0.0
  0
LINE
  5
24E5
330
24A6
100
AcDbEntity
  8
0
  6
ByBlock
 62
     0
100
AcDbLine
 10
-2.601475134151129
 20
16.04313065265029
 30
0.0
 11
-2.032215274491363
 21
17.67742256060708
 31
0.0
  0
LINE
  5
24E6
330
24A6
100
AcDbEntity
  8
0
  6
ByBlock
 62
     0
100
AcDbLine
 10
-2.556391546676422
 20
14.0062016943085
 30
0.0
 11
-2.601475134151129
 21
16.04313065265029
 31
0.0
  0
LINE
  5
24E7
330
24A6
100
AcDbEntity
  8
0
  6
ByBlock
 62
     0
100
AcDbLine
 10
-2.953092670457309
 20
12.63519983512377
 30
0.0
 11
-2.556391546676422
 21
14.0062016943085
 31
0.0
  0
LINE
  5
24E8
330
24A6
100
AcDbEntity
  8
0
  6
ByBlock
 62
     0
100
AcDbLine
 10
-3.112181419042428
 20
10.65487723593083
 30
0.0
 11
-2.953092670457309
 21
12.63519983512377
 31
0.0
  0
LINE
  5
24E9
330
24A6
100
AcDbEntity
  8
0
  6
ByBlock
 62
     0
100
AcDbLine
 10
-3.129411812451138
 20
9.141332106961691
 30
0.0
 11
-3.112181419042428
 21
10.65487723593083
 31
0.0
  0
LINE
  5
24EA
330
24A6
100
AcDbEntity
  8
0
  6
ByBlock
 62
     0
100
AcDbLine
 10
-1.865122607016786
 20
11.21763703104348
 30
0.0
 11
-1.785121622985371
 21
12.14959383740536
 31
0.0
  0
LINE
  5
24EB
330
24A6
100
AcDbEntity
  8
0
  6
ByBlock
 62
     0
100
AcDbLine
 10
-2.435523991023657
 20
9.72885635617321
 30
0.0
 11
-1.865122607016786
 21
11.21763703104348
 31
0.0
  0
LINE
  5
24EC
330
24A6
100
AcDbEntity
  8
0
  6
ByBlock
 62
     0
100
AcDbLine
 10
-3.215577027956072
 20
8.99513595926701
 30
0.0
 11
-2.435523991023657
 21
9.72885635617321
 31
0.0
  0
LINE
  5
24ED
330
24A6
100
AcDbEntity
  8
0
  6
ByBlock
 62
     0
100
AcDbLine
 10
-3.353325895483308
 20
8.004518049931746
 30
0.0
 11
-3.215577027956072
 21
8.99513595926701
 31
0.0
  0
LINE
  5
24EE
330
24A6
100
AcDbEntity
  8
0
  6
ByBlock
 62
     0
100
AcDbLine
 10
-3.40536615724406
 20
7.218300781525801
 30
0.0
 11
-3.353325895483308
 21
8.004518049931746
 31
0.0
  0
LINE
  5
24EF
330
24A6
100
AcDbEntity
  8
0
  6
ByBlock
 62
     0
100
AcDbLine
 10
-3.643435142178688
 20
7.885826014768618
 30
0.0
 11
-3.40536615724406
 21
7.218300781525801
 31
0.0
  0
LINE
  5
24F0
330
24A6
100
AcDbEntity
  8
0
  6
ByBlock
 62
     0
100
AcDbLine
 10
-4.310732070552035
 20
7.618654783216836
 30
0.0
 11
-3.643435142178688
 21
7.885826014768618
 31
0.0
  0
LINE
  5
24F1
330
24A6
100
AcDbEntity
  8
0
  6
ByBlock
 62
     0
100
AcDbLine
 10
-4.948470142569178
 20
7.293507363299863
 30
0.0
 11
-4.310732070552035
 21
7.618654783216836
 31
0.0
  0
LINE
  5
24F2
330
24A6
100
AcDbEntity
  8
0
  6
ByBlock
 62
     0
100
AcDbLine
 10
-7.64835823676627
 20
6.428309858544494
 30
0.0
 11
-6.053670599418822
 21
7.197525038410997
 31
0.0
  0
LINE
  5
24F3
330
24A6
100
AcDbEntity
  8
0
  6
ByBlock
 62
     0
100
AcDbLine
 10
-8.460024873879234
 20
6.014485869559241
 30
0.0
 11
-7.64835823676627
 21
6.428309858544494
 31
0.0
  0
LINE
  5
24F4
330
24A6
100
AcDbEntity
  8
0
  6
ByBlock
 62
     0
100
AcDbLine
 10
-8.454773861882969
 20
5.345134197361293
 30
0.0
 11
-8.460024873879234
 21
6.014485869559241
 31
0.0
  0
LINE
  5
24F5
330
24A6
100
AcDbEntity
  8
0
  6
ByBlock
 62
     0
100
AcDbLine
 10
-8.445641667107381
 20
4.181044332669159
 30
0.0
 11
-8.454773861882969
 21
5.345134197361293
 31
0.0
  0
LINE
  5
24F6
330
24A6
100
AcDbEntity
  8
0
  6
ByBlock
 62
     0
100
AcDbLine
 10
-7.077836076094172
 20
4.191774661530669
 30
0.0
 11
-8.445641667107381
 21
4.181044332669159
 31
0.0
  0
LINE
  5
24F7
330
24A6
100
AcDbEntity
  8
0
  6
ByBlock
 62
     0
100
AcDbLine
 10
-5.594534718089292
 20
4.319827196338934
 30
0.0
 11
-7.077836076094172
 21
4.191774661530669
 31
0.0
  0
LINE
  5
24F8
330
24A6
100
AcDbEntity
  8
0
  6
ByBlock
 62
     0
100
AcDbLine
 10
-4.022100181277409
 20
4.21574667281698
 30
0.0
 11
-5.594534718089292
 21
4.319827196338934
 31
0.0
  0
LINE
  5
24F9
330
24A6
100
AcDbEntity
  8
0
  6
ByBlock
 62
     0
100
AcDbLine
 10
-2.479681110560136
 20
4.227846830894833
 30
0.0
 11
-4.022100181277409
 21
4.21574667281698
 31
0.0
  0
LINE
  5
24FA
330
24A6
100
AcDbEntity
  8
0
  6
ByBlock
 62
     0
100
AcDbLine
 10
-1.230339249840696
 20
4.499584159834459
 30
0.0
 11
-2.479681110560136
 21
4.227846830894833
 31
0.0
  0
LINE
  5
24FB
330
24A6
100
AcDbEntity
  8
0
  6
ByBlock
 62
     0
100
AcDbLine
 10
-0.2752161234657962
 20
5.176469892722415
 30
0.0
 11
-1.230339249840696
 21
4.499584159834459
 31
0.0
  0
LINE
  5
24FC
330
24A6
100
AcDbEntity
  8
0
  6
ByBlock
 62
     0
100
AcDbLine
 10
0.4104527226633792
 20
6.811675020156787
 30
0.0
 11
-0.2752161234657962
 21
5.176469892722415
 31
0.0
  0
LINE
  5
24FD
330
24A6
100
AcDbEntity
  8
0
  6
ByBlock
 62
     0
100
AcDbLine
 10
1.004020426683467
 20
9.057342411946358
 30
0.0
 11
0.4104527226633792
 21
6.811675020156787
 31
0.0
  0
LINE
  5
24FE
330
24A6
100
AcDbEntity
  8
0
  6
ByBlock
 62
     0
100
AcDbLine
 10
1.475928132238351
 20
11.97144825645628
 30
0.0
 11
1.004020426683467
 21
9.057342411946358
 31
0.0
  0
LINE
  5
24FF
330
24A6
100
AcDbEntity
  8
0
  6
ByBlock
 62
     0
100
AcDbLine
 10
2.374780732538155
 20
16.11127303193383
 30
0.0
 11
1.475928132238351
 21
11.97144825645628
 31
0.0
  0
LINE
  5
2500
330
24A6
100
AcDbEntity
  8
0
  6
ByBlock
 62
     0
100
AcDbLine
 10
2.640017996930538
 20
11.98058045123202
 30
0.0
 11
2.003878058998907
 21
11.45171730499393
 31
0.0
  0
LINE
  5
2501
330
24A6
100
AcDbEntity
  8
0
  6
ByBlock
 62
     0
100
AcDbLine
 10
3.301150693830336
 20
13.03351234145098
 30
0.0
 11
2.640017996930538
 21
11.98058045123202
 31
0.0
  0
LINE
  5
2502
330
24A6
100
AcDbEntity
  8
0
  6
ByBlock
 62
     0
100
AcDbLine
 10
3.609631858281517
 20
14.52023827249672
 30
0.0
 11
3.301150693830336
 21
13.03351234145098
 31
0.0
  0
LINE
  5
2503
330
24A6
100
AcDbEntity
  8
0
  6
ByBlock
 62
     0
100
AcDbLine
 10
2.956140750275977
 20
16.20314586917362
 30
0.0
 11
3.609631858281517
 21
14.52023827249672
 31
0.0
  0
LINE
  5
2504
330
24A6
100
AcDbEntity
  8
0
  6
ByBlock
 62
     0
100
AcDbLine
 10
2.944268897067345
 20
17.71646269327338
 30
0.0
 11
2.956140750275977
 21
16.20314586917362
 31
0.0
  0
LINE
  5
2505
330
24A6
100
AcDbEntity
  8
0
  6
ByBlock
 62
     0
100
AcDbLine
 10
1.363158775218721
 20
18.92642858825283
 30
0.0
 11
2.944268897067345
 21
17.71646269327338
 31
0.0
  0
LINE
  5
2506
330
24A6
100
AcDbEntity
  8
0
  6
ByBlock
 62
     0
100
AcDbLine
 10
0.2247465841029737
 20
19.35405839760602
 30
0.0
 11
1.363158775218721
 21
18.92642858825283
 31
0.0
  0
LINE
  5
2507
330
24A6
100
AcDbEntity
  8
0
  6
ByBlock
 62
     0
100
AcDbLine
 10
-0.8497534920433764
 20
19.05458865126545
 30
0.0
 11
0.2247465841029737
 21
19.35405839760602
 31
0.0
  0
LINE
  5
2508
330
24A6
100
AcDbEntity
  8
0
  6
ByBlock
 62
     0
100
AcDbLine
 10
-1.833750560166222
 20
18.34837236689081
 30
0.0
 11
-0.8497534920433764
 21
19.05458865126545
 31
0.0
  0
LINE
  5
2509
330
24A6
100
AcDbEntity
  8
0
  6
ByBlock
 62
     0
100
AcDbLine
 10
-2.496938000890395
 20
17.55736069622759
 30
0.0
 11
-1.833750560166222
 21
18.34837236689081
 31
0.0
  0
LINE
  5
250A
330
24A6
100
AcDbEntity
  8
0
  6
ByBlock
 62
     0
100
AcDbLine
 10
-0.1065650672877894
 20
20.77755712829055
 30
0.0
 11
0.3581576591116544
 21
20.89761899267003
 31
0.0
  0
LINE
  5
250B
330
24A6
100
AcDbEntity
  8
0
  6
ByBlock
 62
     0
100
AcDbLine
 10
-1.212450438745278
 20
20.76888154325359
 30
0.0
 11
-0.1065650672877894
 21
20.77755712829055
 31
0.0
  0
LINE
  5
250C
330
24A6
100
AcDbEntity
  8
0
  6
ByBlock
 62
     0
100
AcDbLine
 10
-2.144635549976371
 20
20.87798477390223
 30
0.0
 11
-1.212450438745278
 21
20.76888154325359
 31
0.0
  0
LINE
  5
250D
330
24A6
100
AcDbEntity
  8
0
  6
ByBlock
 62
     0
100
AcDbLine
 10
-2.732844713796012
 20
21.65917933518153
 30
0.0
 11
-2.144635549976371
 21
20.87798477390223
 31
0.0
  0
LINE
  5
250E
330
24A6
100
AcDbEntity
  8
0
  6
ByBlock
 62
     0
100
AcDbLine
 10
-2.854276407391822
 20
22.29851554128458
 30
0.0
 11
-2.732844713796012
 21
21.65917933518153
 31
0.0
  0
LINE
  5
250F
330
24A6
100
AcDbEntity
  8
0
  6
ByBlock
 62
     0
100
AcDbLine
 10
-3.203275061930142
 20
22.26667363623455
 30
0.0
 11
-2.854276407391822
 21
22.29851554128458
 31
0.0
  0
LINE
  5
2510
330
24A6
100
AcDbEntity
  8
0
  6
ByBlock
 62
     0
100
AcDbLine
 10
-4.221853693535592
 20
22.25868296580581
 30
0.0
 11
-3.203275061930142
 21
22.26667363623455
 31
0.0
  0
LINE
  5
2511
330
24A6
100
AcDbEntity
  8
0
  6
ByBlock
 62
     0
100
AcDbLine
 10
-5.214754651565016
 20
22.68745429950595
 30
0.0
 11
-4.221853693535592
 21
22.25868296580581
 31
0.0
  0
LINE
  5
2512
330
24A6
100
AcDbEntity
  8
0
  6
ByBlock
 62
     0
100
AcDbLine
 10
-5.776372922330523
 20
23.78900187844497
 30
0.0
 11
-5.214754651565016
 21
22.68745429950595
 31
0.0
  0
LINE
  5
2513
330
24A6
100
AcDbEntity
  8
0
  6
ByBlock
 62
     0
100
AcDbLine
 10
-6.273165858649349
 20
24.04704091522103
 30
0.0
 11
-5.776372922330523
 21
23.78900187844497
 31
0.0
  0
LINE
  5
2514
330
24A6
100
AcDbEntity
  8
0
  6
ByBlock
 62
     0
100
AcDbLine
 10
-6.622392818057093
 20
24.0443012567883
 30
0.0
 11
-6.273165858649349
 21
24.04704091522103
 31
0.0
  0
LINE
  5
2515
330
24A6
100
AcDbEntity
  8
0
  6
ByBlock
 62
     0
100
AcDbLine
 10
-1.594217466271828
 20
28.62397677636194
 30
0.0
 11
-2.525945967764101
 21
28.80336689908041
 31
0.0
  0
LINE
  5
2516
330
24A6
100
AcDbEntity
  8
0
  6
ByBlock
 62
     0
100
AcDbLine
 10
-0.5983485449403503
 20
27.81687623663688
 30
0.0
 11
-1.594217466271828
 21
28.62397677636194
 31
0.0
  0
LINE
  5
2517
330
24A6
100
AcDbEntity
  8
0
  6
ByBlock
 62
     0
100
AcDbLine
 10
0.1371982909209493
 20
26.80400522676611
 30
0.0
 11
-0.5983485449403503
 21
27.81687623663688
 31
0.0
  0
LINE
  5
2518
330
24A6
100
AcDbEntity
  8
0
  6
ByBlock
 62
     0
100
AcDbLine
 10
0.5776131729600565
 20
26.31269160731285
 30
0.0
 11
0.1371982909209493
 21
26.80400522676611
 31
0.0
  0
LINE
  5
2519
330
24A6
100
AcDbEntity
  8
0
  6
ByBlock
 62
     0
100
AcDbLine
 10
1.255868735064353
 20
25.18295500123412
 30
0.0
 11
0.5776131729600565
 21
26.31269160731285
 31
0.0
  0
LINE
  5
251A
330
24A6
100
AcDbEntity
  8
0
  6
ByBlock
 62
     0
100
AcDbLine
 10
1.646526404036492
 20
23.61440164720187
 30
0.0
 11
1.255868735064353
 21
25.18295500123412
 31
0.0
  0
LINE
  5
251B
330
24A6
100
AcDbEntity
  8
0
  6
ByBlock
 62
     0
100
AcDbLine
 10
1.773894024236838
 20
22.21840702904892
 30
0.0
 11
1.646526404036492
 21
23.61440164720187
 31
0.0
  0
LINE
  5
251C
330
24A6
100
AcDbEntity
  8
0
  6
ByBlock
 62
     0
100
AcDbLine
 10
1.780971475188053
 20
21.31623738391253
 30
0.0
 11
1.773894024236838
 21
22.21840702904892
 31
0.0
  0
LINE
  5
251D
330
24A6
100
AcDbEntity
  8
0
  6
ByBlock
 62
     0
100
AcDbLine
 10
1.320586541307193
 20
20.64323283380429
 30
0.0
 11
1.780971475188053
 21
21.31623738391253
 31
0.0
  0
LINE
  5
251E
330
24A6
100
AcDbEntity
  8
0
  6
ByBlock
 62
     0
100
AcDbLine
 10
2.023606557510262
 20
20.06666721832368
 30
0.0
 11
1.320586541307193
 21
20.64323283380429
 31
0.0
  0
LINE
  5
251F
330
24A6
100
AcDbEntity
  8
0
  6
ByBlock
 62
     0
100
AcDbLine
 10
2.145951470583767
 20
19.31092202575139
 30
0.0
 11
2.023606557510262
 21
20.06666721832368
 31
0.0
  0
LINE
  5
2520
330
24A6
100
AcDbEntity
  8
0
  6
ByBlock
 62
     0
100
AcDbLine
 10
3.086355557113165
 20
18.15413791687985
 30
0.0
 11
2.145951470583767
 21
19.31092202575139
 31
0.0
  0
LINE
  5
2521
330
24A6
100
AcDbEntity
  8
0
  6
ByBlock
 62
     0
100
AcDbLine
 10
3.767579082519532
 20
16.64607210477619
 30
0.0
 11
3.086355557113165
 21
18.15413791687985
 31
0.0
  0
LINE
  5
2522
330
24A6
100
AcDbEntity
  8
0
  6
ByBlock
 62
     0
100
AcDbLine
 10
4.067048828860322
 20
15.57157202862994
 30
0.0
 11
3.767579082519532
 21
16.64607210477619
 31
0.0
  0
LINE
  5
2523
330
24A6
100
AcDbEntity
  8
0
  6
ByBlock
 62
     0
100
AcDbLine
 10
4.025738895960699
 20
13.41754916921076
 30
0.0
 11
4.067048828860322
 21
15.57157202862994
 31
0.0
  0
LINE
  5
2524
330
24A6
100
AcDbEntity
  8
0
  6
ByBlock
 62
     0
100
AcDbLine
 10
3.723650267852463
 20
11.11596033288052
 30
0.0
 11
4.025738895960699
 21
13.41754916921076
 31
0.0
  0
LINE
  5
2525
330
24A6
100
AcDbEntity
  8
0
  6
ByBlock
 62
     0
100
AcDbLine
 10
2.574628524540401
 20
9.186079861362809
 30
0.0
 11
3.723650267852463
 21
11.11596033288052
 31
0.0
  0
LINE
  5
2526
330
24A6
100
AcDbEntity
  8
0
  6
ByBlock
 62
     0
100
AcDbLine
 10
1.803479377514165
 20
7.317371846381824
 30
0.0
 11
2.574628524540401
 21
9.186079861362809
 31
0.0
  0
LINE
  5
2527
330
24A6
100
AcDbEntity
  8
0
  6
ByBlock
 62
     0
100
AcDbLine
 10
1.18514721939529
 20
4.51853346399411
 30
0.0
 11
1.803479377514165
 21
7.317371846381824
 31
0.0
  0
LINE
  5
2528
330
24A6
100
AcDbEntity
  8
0
  6
ByBlock
 62
     0
100
AcDbLine
 10
0.915128801206464
 20
1.838843726508336
 30
0.0
 11
1.18514721939529
 21
4.51853346399411
 31
0.0
  0
LINE
  5
2529
330
24A6
100
AcDbEntity
  8
0
  6
ByBlock
 62
     0
100
AcDbLine
 10
0.8454015362977713
 20
-0.4027141776321522
 30
0.0
 11
0.915128801206464
 21
1.838843726508336
 31
0.0
  0
LINE
  5
252A
330
24A6
100
AcDbEntity
  8
0
  6
ByBlock
 62
     0
100
AcDbLine
 10
-0.1085800657300524
 20
-1.225111143606607
 30
0.0
 11
0.8454015362977713
 21
-0.4027141776321522
 31
0.0
  0
LINE
  5
252B
330
24A6
100
AcDbEntity
  8
0
  6
ByBlock
 62
     0
100
AcDbLine
 10
-0.9545999614562106
 20
-0.9698117652632802
 30
0.0
 11
-0.1085800657300524
 21
-1.225111143606607
 31
0.0
  0
LINE
  5
252C
330
24A6
100
AcDbEntity
  8
0
  6
ByBlock
 62
     0
100
AcDbLine
 10
-2.034807659337673
 20
-0.5417253461712975
 30
0.0
 11
-0.9545999614562106
 21
-0.9698117652632802
 31
0.0
  0
LINE
  5
252D
330
24A6
100
AcDbEntity
  8
0
  6
ByBlock
 62
     0
100
AcDbLine
 10
-4.390491501253023
 20
-0.7639337669132687
 30
0.0
 11
-2.034807659337673
 21
-0.5417253461712975
 31
0.0
  0
LINE
  5
252E
330
24A6
100
AcDbEntity
  8
0
  6
ByBlock
 62
     0
100
AcDbLine
 10
-7.122906415108346
 20
-1.192825877278504
 30
0.0
 11
-4.390491501253023
 21
-0.7639337669132687
 31
0.0
  0
LINE
  5
252F
330
24A6
100
AcDbEntity
  8
0
  6
ByBlock
 62
     0
100
AcDbLine
 10
-10.23159579116355
 20
-1.886606170501554
 30
0.0
 11
-7.122906415108346
 21
-1.192825877278504
 31
0.0
  0
LINE
  5
2530
330
24A6
100
AcDbEntity
  8
0
  6
ByBlock
 62
     0
100
AcDbLine
 10
-12.96172765632467
 20
-2.606520747039791
 30
0.0
 11
-10.23159579116355
 21
-1.886606170501554
 31
0.0
  0
LINE
  5
2531
330
24A6
100
AcDbEntity
  8
0
  6
ByBlock
 62
     0
100
AcDbLine
 10
-13.76745836683311
 20
-3.777003148074907
 30
0.0
 11
-12.96172765632467
 21
-2.606520747039791
 31
0.0
  0
LINE
  5
2532
330
24A6
100
AcDbEntity
  8
0
  6
ByBlock
 62
     0
100
AcDbLine
 10
-13.79222282093187
 20
-4.330174138673045
 30
0.0
 11
-13.76745836683311
 21
-3.777003148074907
 31
0.0
  0
LINE
  5
2533
330
24A6
100
AcDbEntity
  8
0
  6
ByBlock
 62
     0
100
AcDbLine
 10
-13.56955779045142
 20
-6.744062473823406
 30
0.0
 11
-13.79222282093187
 21
-4.330174138673045
 31
0.0
  0
LINE
  5
2534
330
24A6
100
AcDbEntity
  8
0
  6
ByBlock
 62
     0
100
AcDbLine
 10
-13.26141245907388
 20
-8.924447921427198
 30
0.0
 11
-13.56955779045142
 21
-6.744062473823406
 31
0.0
  0
LINE
  5
2535
330
24A6
100
AcDbEntity
  8
0
  6
ByBlock
 62
     0
100
AcDbLine
 10
-12.50782953853041
 20
-12.23639641406484
 30
0.0
 11
-13.26141245907388
 21
-8.924447921427198
 31
0.0
  0
LINE
  5
2536
330
24A6
100
AcDbEntity
  8
0
  6
ByBlock
 62
     0
100
AcDbLine
 10
-12.06924109544626
 20
-12.49489206057967
 30
0.0
 11
-12.50782953853041
 21
-12.23639641406484
 31
0.0
  0
LINE
  5
2537
330
24A6
100
AcDbEntity
  8
0
  6
ByBlock
 62
     0
100
AcDbLine
 10
-11.53124575443243
 20
-14.29512186320335
 30
0.0
 11
-12.06924109544626
 21
-12.49489206057967
 31
0.0
  0
LINE
  5
2538
330
24A6
100
AcDbEntity
  8
0
  6
ByBlock
 62
     0
100
AcDbLine
 10
-12.27009638666944
 20
-16.57103302595718
 30
0.0
 11
-11.53124575443243
 21
-14.29512186320335
 31
0.0
  0
LINE
  5
2539
330
24A6
100
AcDbEntity
  8
0
  6
ByBlock
 62
     0
100
AcDbLine
 10
-12.660982360511
 20
-14.97337742530765
 30
0.0
 11
-12.27009638666944
 21
-16.57103302595718
 31
0.0
  0
LINE
  5
253A
330
24A6
100
AcDbEntity
  8
0
  6
ByBlock
 62
     0
100
AcDbLine
 10
-13.89685423393627
 20
-16.96214730466814
 30
0.0
 11
-12.660982360511
 21
-14.97337742530765
 31
0.0
  0
LINE
  5
253B
330
24A6
100
AcDbEntity
  8
0
  6
ByBlock
 62
     0
100
AcDbLine
 10
-14.27404191561425
 20
-17.11062650105677
 30
0.0
 11
-13.89685423393627
 21
-16.96214730466814
 31
0.0
  0
LINE
  5
253C
330
24A6
100
AcDbEntity
  8
0
  6
ByBlock
 62
     0
100
AcDbLine
 10
-17.42302047688717
 20
-16.37862501490139
 30
0.0
 11
-14.27404191561425
 21
-17.11062650105677
 31
0.0
  0
LINE
  5
253D
330
24A6
100
AcDbEntity
  8
0
  6
ByBlock
 62
     0
100
AcDbLine
 10
-15.74445067272901
 20
-15.17219122116717
 30
0.0
 11
-17.42302047688717
 21
-16.37862501490139
 31
0.0
  0
LINE
  5
253E
330
24A6
100
AcDbEntity
  8
0
  6
ByBlock
 62
     0
100
AcDbLine
 10
-15.7901116466078
 20
-9.351741897706649
 30
0.0
 11
-15.74445067272901
 21
-15.17219122116717
 31
0.0
  0
LINE
  5
253F
330
24A6
100
AcDbEntity
  8
0
  6
ByBlock
 62
     0
100
AcDbLine
 10
-16.70803432773223
 20
-7.35076433206394
 30
0.0
 11
-15.7901116466078
 21
-9.351741897706649
 31
0.0
  0
LINE
  5
2540
330
24A6
100
AcDbEntity
  8
0
  6
ByBlock
 62
     0
100
AcDbLine
 10
-17.7473887024525
 20
-4.71045056031818
 30
0.0
 11
-16.70803432773223
 21
-7.35076433206394
 31
0.0
  0
LINE
  5
2541
330
24A6
100
AcDbEntity
  8
0
  6
ByBlock
 62
     0
100
AcDbLine
 10
-18.69715328862693
 20
-2.36047434013726
 30
0.0
 11
-17.7473887024525
 21
-4.71045056031818
 31
0.0
  0
LINE
  5
2542
330
24A6
100
AcDbEntity
  8
0
  6
ByBlock
 62
     0
100
AcDbLine
 10
-19.15730991763836
 20
-3.062581136862819
 30
0.0
 11
-18.69715328862693
 21
-2.36047434013726
 31
0.0
  0
LINE
  5
2543
330
24A6
100
AcDbEntity
  8
0
  6
ByBlock
 62
     0
100
AcDbLine
 10
-22.04173612912717
 20
-6.373965491557367
 30
0.0
 11
-19.15730991763836
 21
-3.062581136862819
 31
0.0
  0
LINE
  5
2544
330
24A6
100
AcDbEntity
  8
0
  6
ByBlock
 62
     0
100
AcDbLine
 10
-23.33718232500365
 20
-8.18857850095282
 30
0.0
 11
-22.04173612912717
 21
-6.373965491557367
 31
0.0
  0
LINE
  5
2545
330
24A6
100
AcDbEntity
  8
0
  6
ByBlock
 62
     0
100
AcDbLine
 10
-23.41809652851233
 20
-9.004126320845479
 30
0.0
 11
-23.33718232500365
 21
-8.18857850095282
 31
0.0
  0
LINE
  5
2546
330
24A6
100
AcDbEntity
  8
0
  6
ByBlock
 62
     0
100
AcDbLine
 10
-23.16998212932445
 20
-10.9521504052496
 30
0.0
 11
-23.41809652851233
 21
-9.004126320845479
 31
0.0
  0
LINE
  5
2547
330
24A6
100
AcDbEntity
  8
0
  6
ByBlock
 62
     0
100
AcDbLine
 10
-24.81168732130618
 20
-13.14783227910271
 30
0.0
 11
-23.16998212932445
 21
-10.9521504052496
 31
0.0
  0
LINE
  5
2548
330
24A6
100
AcDbEntity
  8
0
  6
ByBlock
 62
     0
100
AcDbLine
 10
-24.8119156261756
 20
-13.11873003248542
 30
0.0
 11
-24.81168732130618
 21
-13.14783227910271
 31
0.0
  0
LINE
  5
2549
330
24A6
100
AcDbEntity
  8
0
  6
ByBlock
 62
     0
100
AcDbLine
 10
-24.77037738840698
 20
-10.99380941968354
 30
0.0
 11
-24.8119156261756
 21
-13.11873003248542
 31
0.0
  0
LINE
  5
254A
330
24A6
100
AcDbEntity
  8
0
  6
ByBlock
 62
     0
100
AcDbLine
 10
-27.38158891353551
 20
-12.03293548953453
 30
0.0
 11
-24.77037738840698
 21
-10.99380941968354
 31
0.0
  0
LINE
  5
254B
330
24A6
100
AcDbEntity
  8
0
  6
ByBlock
 62
     0
100
AcDbLine
 10
-30.64720476614681
 20
-11.27274497623941
 30
0.0
 11
-27.38158891353551
 21
-12.03293548953453
 31
0.0
  0
LINE
  5
254C
330
24A6
100
AcDbEntity
  8
0
  6
ByBlock
 62
     0
100
AcDbLine
 10
-30.68041650041332
 20
-10.74913284199737
 30
0.0
 11
-30.64720476614681
 21
-11.27274497623941
 31
0.0
  0
LINE
  5
254D
330
24A6
100
AcDbEntity
  8
0
  6
ByBlock
 62
     0
100
AcDbLine
 10
-29.89785210991771
 20
-10.33553715788151
 30
0.0
 11
-30.68041650041332
 21
-10.74913284199737
 31
0.0
  0
LINE
  5
254E
330
24A6
100
AcDbEntity
  8
0
  6
ByBlock
 62
     0
100
AcDbLine
 10
-28.59099067057184
 20
-9.976036479351188
 30
0.0
 11
-29.89785210991771
 21
-10.33553715788151
 31
0.0
  0
LINE
  5
254F
330
24A6
100
AcDbEntity
  8
0
  6
ByBlock
 62
     0
100
AcDbLine
 10
-28.35999913658843
 20
-9.741392067457622
 30
0.0
 11
-28.59099067057184
 21
-9.976036479351188
 31
0.0
  0
LINE
  5
2550
330
24A6
100
AcDbEntity
  8
0
  6
ByBlock
 62
     0
100
AcDbLine
 10
-27.89984250757699
 20
-9.039285270732033
 30
0.0
 11
-28.35999913658843
 21
-9.741392067457622
 31
0.0
  0
LINE
  5
2551
330
24A6
100
AcDbEntity
  8
0
  6
ByBlock
 62
     0
100
AcDbLine
 10
-26.94997039319793
 20
-7.693047865646155
 30
0.0
 11
-27.89984250757699
 21
-9.039285270732033
 31
0.0
  0
LINE
  5
2552
330
24A6
100
AcDbEntity
  8
0
  6
ByBlock
 62
     0
100
AcDbLine
 10
-25.62131246305535
 20
-6.40204699049276
 30
0.0
 11
-26.94997039319793
 21
-7.693047865646155
 31
0.0
  0
LINE
  5
2553
330
24A6
100
AcDbEntity
  8
0
  6
ByBlock
 62
     0
100
AcDbLine
 10
-24.29539419134542
 20
-4.7618191559317
 30
0.0
 11
-25.62131246305535
 21
-6.40204699049276
 31
0.0
  0
LINE
  5
2554
330
24A6
100
AcDbEntity
  8
0
  6
ByBlock
 62
     0
100
AcDbLine
 10
-23.26141160528621
 20
-3.007465383595361
 30
0.0
 11
-24.29539419134542
 21
-4.7618191559317
 31
0.0
  0
LINE
  5
2555
330
24A6
100
AcDbEntity
  8
0
  6
ByBlock
 62
     0
100
AcDbLine
 10
-21.88687764485643
 20
-0.1444865813688416
 30
0.0
 11
-23.26141160528621
 21
-3.007465383595361
 31
0.0
  0
LINE
  5
2556
330
24A6
100
AcDbEntity
  8
0
  6
ByBlock
 62
     0
100
AcDbLine
 10
-21.11915307087108
 20
2.160755132871688
 30
0.0
 11
-21.88687764485643
 21
-0.1444865813688416
 31
0.0
  0
LINE
  5
2557
330
24A6
100
AcDbEntity
  8
0
  6
ByBlock
 62
     0
100
AcDbLine
 10
-19.95016127571766
 20
5.254953773950902
 30
0.0
 11
-21.11915307087108
 21
2.160755132871688
 31
0.0
  0
LINE
  5
2558
330
24A6
100
AcDbEntity
  8
0
  6
ByBlock
 62
     0
100
AcDbLine
 10
-19.95472737310526
 20
5.836998706296942
 30
0.0
 11
-19.95016127571766
 21
5.254953773950902
 31
0.0
  0
LINE
  5
2559
330
24A6
100
AcDbEntity
  8
0
  6
ByBlock
 62
     0
100
AcDbLine
 10
-18.50189809093423
 20
6.139436415939627
 30
0.0
 11
-19.95472737310526
 21
5.836998706296942
 31
0.0
  0
LINE
  5
255A
330
24A6
100
AcDbEntity
  8
0
  6
ByBlock
 62
     0
100
AcDbLine
 10
-17.54015412334694
 20
5.972356996925817
 30
0.0
 11
-18.50189809093423
 21
6.139436415939627
 31
0.0
  0
LINE
  5
255B
330
24A6
100
AcDbEntity
  8
0
  6
ByBlock
 62
     0
100
AcDbLine
 10
-12.77103855601955
 20
6.475434941383184
 30
0.0
 11
-17.54015412334694
 21
5.972356996925817
 31
0.0
  0
LINE
  5
255C
330
24A6
100
AcDbEntity
  8
0
  6
ByBlock
 62
     0
100
AcDbLine
 10
-11.52512126834102
 20
7.183705969582359
 30
0.0
 11
-12.77103855601955
 21
6.475434941383184
 31
0.0
  0
LINE
  5
255D
330
24A6
100
AcDbEntity
  8
0
  6
ByBlock
 62
     0
100
AcDbLine
 10
-10.39241669895997
 20
7.483632325661726
 30
0.0
 11
-11.52512126834102
 21
7.183705969582359
 31
0.0
  0
LINE
  5
255E
330
24A6
100
AcDbEntity
  8
0
  6
ByBlock
 62
     0
100
AcDbLine
 10
-9.224217346619042
 20
6.968924081326019
 30
0.0
 11
-10.39241669895997
 21
7.483632325661726
 31
0.0
  0
LINE
  5
255F
330
24A6
100
AcDbEntity
  8
0
  6
ByBlock
 62
     0
100
AcDbLine
 10
-7.999868244867784
 20
6.716592666284803
 30
0.0
 11
-9.224217346619042
 21
6.968924081326019
 31
0.0
  0
LINE
  5
2560
330
24A6
100
AcDbEntity
  8
0
  6
ByBlock
 62
     0
100
AcDbLine
 10
-6.028221230711807
 20
7.66338928915723
 30
0.0
 11
-7.999868244867784
 21
6.716592666284803
 31
0.0
  0
LINE
  5
2561
330
24A6
100
AcDbEntity
  8
0
  6
ByBlock
 62
     0
100
AcDbLine
 10
-5.50826197437972
 20
8.162236969300444
 30
0.0
 11
-6.028221230711807
 21
7.66338928915723
 31
0.0
  0
LINE
  5
2562
330
24A6
100
AcDbEntity
  8
0
  6
ByBlock
 62
     0
100
AcDbLine
 10
-5.255930559338864
 20
9.386586071051691
 30
0.0
 11
-5.50826197437972
 21
8.162236969300444
 31
0.0
  0
LINE
  5
2563
330
24A6
100
AcDbEntity
  8
0
  6
ByBlock
 62
     0
100
AcDbLine
 10
-5.496967507575121
 20
10.43244051031946
 30
0.0
 11
-5.255930559338864
 21
9.386586071051691
 31
0.0
  0
LINE
  5
2564
330
24A6
100
AcDbEntity
  8
0
  6
ByBlock
 62
     0
100
AcDbLine
 10
-5.474714407039584
 20
11.30573621370794
 30
0.0
 11
-5.496967507575121
 21
10.43244051031946
 31
0.0
  0
LINE
  5
2565
330
24A6
100
AcDbEntity
  8
0
  6
ByBlock
 62
     0
100
AcDbLine
 10
-5.193052440511962
 20
12.50121137371127
 30
0.0
 11
-5.474714407039584
 21
11.30573621370794
 31
0.0
  0
LINE
  5
2566
330
24A6
100
AcDbEntity
  8
0
  6
ByBlock
 62
     0
100
AcDbLine
 10
-4.217730957425871
 20
14.31331302954341
 30
0.0
 11
-5.193052440511962
 21
12.50121137371127
 31
0.0
  0
LINE
  5
2567
330
24A6
100
AcDbEntity
  8
0
  6
ByBlock
 62
     0
100
AcDbLine
 10
-3.1294250609117
 20
16.56286160411264
 30
0.0
 11
-4.217730957425871
 21
14.31331302954341
 31
0.0
  0
LINE
  5
2568
330
24A6
100
AcDbEntity
  8
0
  6
ByBlock
 62
     0
100
AcDbLine
 10
-2.734550376086176
 20
18.16668143623582
 30
0.0
 11
-3.1294250609117
 21
16.56286160411264
 31
0.0
  0
LINE
  5
2569
330
24A6
100
AcDbEntity
  8
0
  6
ByBlock
 62
     0
100
AcDbLine
 10
-2.803028588443552
 20
19.47582592427563
 30
0.0
 11
-2.734550376086176
 21
18.16668143623582
 31
0.0
  0
LINE
  5
256A
330
24A6
100
AcDbEntity
  8
0
  6
ByBlock
 62
     0
100
AcDbLine
 10
-3.389411313307832
 20
20.02420251261654
 30
0.0
 11
-2.803028588443552
 21
19.47582592427563
 31
0.0
  0
LINE
  5
256B
330
24A6
100
AcDbEntity
  8
0
  6
ByBlock
 62
     0
100
AcDbLine
 10
-4.582603424617346
 20
20.01484201297137
 30
0.0
 11
-3.389411313307832
 21
20.02420251261654
 31
0.0
  0
LINE
  5
256C
330
24A6
100
AcDbEntity
  8
0
  6
ByBlock
 62
     0
100
AcDbLine
 10
-5.579842175164927
 20
21.08650000211337
 30
0.0
 11
-4.582603424617346
 21
20.01484201297137
 31
0.0
  0
LINE
  5
256D
330
24A6
100
AcDbEntity
  8
0
  6
ByBlock
 62
     0
100
AcDbLine
 10
-5.580298784903789
 20
21.14470449534801
 30
0.0
 11
-5.579842175164927
 21
21.08650000211337
 31
0.0
  0
LINE
  5
256E
330
24A6
100
AcDbEntity
  8
0
  6
ByBlock
 62
     0
100
AcDbLine
 10
-5.863215381506051
 20
21.65625140114669
 30
0.0
 11
-5.580298784903789
 21
21.14470449534801
 31
0.0
  0
LINE
  5
256F
330
24A6
100
AcDbEntity
  8
0
  6
ByBlock
 62
     0
100
AcDbLine
 10
-6.619515294630872
 20
21.76581110081401
 30
0.0
 11
-5.863215381506051
 21
21.65625140114669
 31
0.0
  0
LINE
  5
2570
330
24A6
100
AcDbEntity
  8
0
  6
ByBlock
 62
     0
100
AcDbLine
 10
-6.401119670632454
 20
22.96105809666803
 30
0.0
 11
-6.619515294630872
 21
21.76581110081401
 31
0.0
  0
LINE
  5
2571
330
24A6
100
AcDbEntity
  8
0
  6
ByBlock
 62
     0
100
AcDbLine
 10
-6.659112506313874
 20
24.02349406960214
 30
0.0
 11
-6.401119670632454
 21
22.96105809666803
 31
0.0
  0
LINE
  5
2572
330
24A6
100
AcDbEntity
  8
0
  6
ByBlock
 62
     0
100
AcDbLine
 10
-7.354569696022366
 20
23.88847568646099
 30
0.0
 11
-6.659112506313874
 21
24.02349406960214
 31
0.0
  0
LINE
  5
2573
330
24A6
100
AcDbEntity
  8
0
  6
ByBlock
 62
     0
100
AcDbLine
 10
-7.962694296538472
 20
24.23751495911735
 30
0.0
 11
-7.354569696022366
 21
23.88847568646099
 31
0.0
  0
LINE
  5
2574
330
24A6
100
AcDbEntity
  8
0
  6
ByBlock
 62
     0
100
AcDbLine
 10
-8.348329258384197
 20
25.16581888756891
 30
0.0
 11
-7.962694296538472
 21
24.23751495911735
 31
0.0
  0
LINE
  5
2575
330
24A6
100
AcDbEntity
  8
0
  6
ByBlock
 62
     0
100
AcDbLine
 10
-8.006408054797091
 20
26.09983043775533
 30
0.0
 11
-8.348329258384197
 21
25.16581888756891
 31
0.0
  0
LINE
  5
2576
330
24A6
100
AcDbEntity
  8
0
  6
ByBlock
 62
     0
100
AcDbLine
 10
-6.706167456663607
 20
27.3032962681874
 30
0.0
 11
-8.006408054797091
 21
26.09983043775533
 31
0.0
  0
LINE
  5
2577
330
24A6
100
AcDbEntity
  8
0
  6
ByBlock
 62
     0
100
AcDbLine
 10
-5.460250168985055
 20
28.01156729638662
 30
0.0
 11
-6.706167456663607
 21
27.3032962681874
 31
0.0
  0
LINE
  5
2578
330
24A6
100
AcDbEntity
  8
0
  6
ByBlock
 62
     0
100
AcDbLine
 10
-4.358245980307302
 20
28.51498107391768
 30
0.0
 11
-5.460250168985055
 21
28.01156729638662
 31
0.0
  0
LINE
  5
2579
330
24A6
100
AcDbEntity
  8
0
  6
ByBlock
 62
     0
100
AcDbLine
 10
-3.225998020665102
 20
28.87311192323164
 30
0.0
 11
-4.358245980307302
 21
28.51498107391768
 31
0.0
  0
POINT
  5
257A
330
24A6
100
AcDbEntity
  8
0
  6
ByBlock
 62
     7
100
AcDbPoint
 10
0.0
 20
0.0
 30
0.0
  0
ENDBLK
  5
257B
330
24A6
100
AcDbEntity
  8
0
 62
     0
100
AcDbBlockEnd
  0
ENDSEC
  0
SECTION
  2
ENTITIES
  0
LINE
  5
5B6
330
1F
100
AcDbEntity
  8
wall
100
AcDbLine
 10
15306.75322158137
 20
29293.27548561918
 30
0.0
 11
13926.75322158138
 21
29293.27548561918
 31
0.0
  0
LINE
  5
5B7
330
1F
100
AcDbEntity
  8
wall
100
AcDbLine
 10
12426.7532215814
 20
29293.27548561918
 30
0.0
 11
8064.164784178402
 21
29293.27548561918
 31
0.0
  0
LINE
  5
5B8
330
1F
100
AcDbEntity
  8
wall
100
AcDbLine
 10
6064.164784178402
 20
29293.27548561918
 30
0.0
 11
5466.753221581342
 21
29293.27548561918
 31
0.0
  0
LINE
  5
5B9
330
1F
100
AcDbEntity
  8
wall
100
AcDbLine
 10
4566.753221581342
 20
29293.27548561918
 30
0.0
 11
4236.753221581357
 21
29293.27548561918
 31
0.0
  0
LINE
  5
5BA
330
1F
100
AcDbEntity
  8
ELE 2
100
AcDbLine
 10
6064.164784178402
 20
30493.27548561918
 30
0.0
 11
2296.721731597763
 21
30493.27548561918
 31
0.0
  0
LINE
  5
5BB
330
1F
100
AcDbEntity
  8
ELE 2
100
AcDbLine
 10
5834.164784178401
 20
30263.27548561918
 30
0.0
 11
2526.721731597763
 21
30263.27548561918
 31
0.0
  0
LINE
  5
5BC
330
1F
100
AcDbEntity
  8
wall
100
AcDbLine
 10
2566.753221581372
 20
29293.27548561918
 30
0.0
 11
6.75322158137169
 21
29293.27548561918
 31
0.0
  0
LINE
  5
5BD
330
1F
100
AcDbEntity
  8
wall
100
AcDbLine
 10
15076.75322158137
 20
29063.27548561918
 30
0.0
 11
13926.75322158138
 21
29063.27548561918
 31
0.0
  0
LINE
  5
5BE
330
1F
100
AcDbEntity
  8
wall
100
AcDbLine
 10
12426.75322158138
 20
29063.27548561918
 30
0.0
 11
11276.75322158138
 21
29063.27548561918
 31
0.0
  0
LINE
  5
5BF
330
1F
100
AcDbEntity
  8
wall
100
AcDbLine
 10
11276.7532215814
 20
28963.27548561918
 30
0.0
 11
11046.7532215814
 21
28963.2754856192
 31
0.0
  0
LINE
  5
5C0
330
1F
100
AcDbEntity
  8
wall
100
AcDbLine
 10
11276.7532215814
 20
27963.2754856192
 30
0.0
 11
11046.75322158138
 21
27963.2754856192
 31
0.0
  0
LINE
  5
5C1
330
1F
100
AcDbEntity
  8
wall
100
AcDbLine
 10
11046.7532215814
 20
29063.2754856192
 30
0.0
 11
9296.753221581386
 21
29063.27548561918
 31
0.0
  0
LINE
  5
5C2
330
1F
100
AcDbEntity
  8
wall
100
AcDbLine
 10
9066.753221581386
 20
29063.27548561918
 30
0.0
 11
8064.164784178402
 21
29063.27548561918
 31
0.0
  0
LINE
  5
5C3
330
1F
100
AcDbEntity
  8
wall
100
AcDbLine
 10
6064.164784178402
 20
29063.27548561917
 30
0.0
 11
5466.753221581357
 21
29063.27548561917
 31
0.0
  0
LINE
  5
5C4
330
1F
100
AcDbEntity
  8
wall
100
AcDbLine
 10
4566.753221581357
 20
29063.27548561917
 30
0.0
 11
4466.753221581357
 21
29063.27548561918
 31
0.0
  0
LINE
  5
5C5
330
1F
100
AcDbEntity
  8
ELE 2
100
AcDbLine
 10
5666.753221581357
 20
27863.27548561918
 30
0.0
 11
5646.753221581358
 21
27863.27548561918
 31
0.0
  0
LINE
  5
5C6
330
1F
100
AcDbEntity
  8
wall
100
AcDbLine
 10
2336.753221581386
 20
29063.27548561917
 30
0.0
 11
236.7532215813717
 21
29063.27548561918
 31
0.0
  0
LINE
  5
5C7
330
1F
100
AcDbEntity
  8
wall
100
AcDbLine
 10
11046.75322158136
 20
26613.2754856192
 30
0.0
 11
9296.753221581386
 21
26613.27548561917
 31
0.0
  0
LINE
  5
5C8
330
1F
100
AcDbEntity
  8
wall
100
AcDbLine
 10
11276.75322158135
 20
26383.27548561918
 30
0.0
 11
9066.753221581372
 21
26383.27548561917
 31
0.0
  0
LINE
  5
5C9
330
1F
100
AcDbEntity
  8
wall
100
AcDbLine
 10
15076.75322158136
 20
25063.27548561918
 30
0.0
 11
12376.75322158136
 21
25063.27548561918
 31
0.0
  0
LINE
  5
5CA
330
1F
100
AcDbEntity
  8
wall
100
AcDbLine
 10
11376.75322158135
 20
25063.27548561918
 30
0.0
 11
10946.75322158136
 21
25063.27548561918
 31
0.0
  0
LINE
  5
5CB
330
1F
100
AcDbEntity
  8
wall
100
AcDbLine
 10
9396.753221581358
 20
25063.27548561918
 30
0.0
 11
9066.753221581342
 21
25063.27548561918
 31
0.0
  0
LINE
  5
5CC
330
1F
100
AcDbEntity
  8
wall
100
AcDbLine
 10
9396.753221581372
 20
24833.27548561918
 30
0.0
 11
9296.753221581358
 21
24833.27548561918
 31
0.0
  0
LINE
  5
5CE
330
1F
100
AcDbEntity
  8
wall
100
AcDbLine
 10
4236.753221581342
 20
25063.27548561917
 30
0.0
 11
4136.753221581357
 21
25063.27548561916
 31
0.0
  0
LINE
  5
5CF
330
1F
100
AcDbEntity
  8
wall
100
AcDbLine
 10
3136.753221581372
 20
25063.27548561917
 30
0.0
 11
1766.753221581357
 21
25063.27548561917
 31
0.0
  0
LINE
  5
5D0
330
1F
100
AcDbEntity
  8
wall
100
AcDbLine
 10
966.7532215813571
 20
25063.27548561917
 30
0.0
 11
236.7532215813717
 21
25063.27548561918
 31
0.0
  0
LINE
  5
5D1
330
1F
100
AcDbEntity
  8
wall
100
AcDbLine
 10
15306.75322158137
 20
24833.27548561918
 30
0.0
 11
14686.75322158134
 21
24833.27548561918
 31
0.0
  0
LINE
  5
5D2
330
1F
100
AcDbEntity
  8
wall
100
AcDbLine
 10
14456.75322158137
 20
24833.27548561918
 30
0.0
 11
13456.75322158134
 21
24833.27548561918
 31
0.0
  0
LINE
  5
5D3
330
1F
100
AcDbEntity
  8
wall
100
AcDbLine
 10
13226.75322158135
 20
24833.27548561918
 30
0.0
 11
12376.75322158137
 21
24833.27548561918
 31
0.0
  0
LINE
  5
5D4
330
1F
100
AcDbEntity
  8
wall
100
AcDbLine
 10
11376.75322158137
 20
24833.27548561918
 30
0.0
 11
11276.75322158135
 21
24833.2754856192
 31
0.0
  0
LINE
  5
5D5
330
1F
100
AcDbEntity
  8
wall
100
AcDbLine
 10
11046.75322158136
 20
24833.2754856192
 30
0.0
 11
10946.75322158135
 21
24833.2754856192
 31
0.0
  0
LINE
  5
5D6
330
1F
100
AcDbEntity
  8
wall
100
AcDbLine
 10
9396.753221581358
 20
24833.2754856192
 30
0.0
 11
9296.753221581358
 21
24833.2754856192
 31
0.0
  0
LINE
  5
5D9
330
1F
100
AcDbEntity
  8
wall
100
AcDbLine
 10
3136.753221581357
 20
24833.27548561918
 30
0.0
 11
2896.753221581358
 21
24833.27548561918
 31
0.0
  0
LINE
  5
5DA
330
1F
100
AcDbEntity
  8
wall
100
AcDbLine
 10
2666.753221581358
 20
24833.27548561918
 30
0.0
 11
1766.753221581357
 21
24833.27548561918
 31
0.0
  0
LINE
  5
5DB
330
1F
100
AcDbEntity
  8
wall
100
AcDbLine
 10
966.7532215813571
 20
24833.27548561918
 30
0.0
 11
236.7532215813717
 21
24833.27548561918
 31
0.0
  0
LINE
  5
5DC
330
1F
100
AcDbEntity
  8
wall
100
AcDbLine
 10
2666.753221581343
 20
23383.2754856192
 30
0.0
 11
236.7532215813717
 21
23383.2754856192
 31
0.0
  0
LINE
  5
5DD
330
1F
100
AcDbEntity
  8
wall
100
AcDbLine
 10
2666.753221581358
 20
23153.27548561921
 30
0.0
 11
1466.753221581371
 21
23153.2754856192
 31
0.0
  0
LINE
  5
5DE
330
1F
100
AcDbEntity
  8
wall
100
AcDbLine
 10
1236.753221581357
 20
23153.2754856192
 30
0.0
 11
236.7532215813717
 21
23153.2754856192
 31
0.0
  0
LINE
  5
5DF
330
1F
100
AcDbEntity
  8
wall
100
AcDbLine
 10
14456.75322158137
 20
23833.27548561918
 30
0.0
 11
13456.75322158135
 21
23833.27548561918
 31
0.0
  0
LINE
  5
5E0
330
1F
100
AcDbEntity
  8
wall
100
AcDbLine
 10
14686.75322158134
 20
23603.27548561918
 30
0.0
 11
13456.75322158135
 21
23603.27548561918
 31
0.0
  0
LINE
  5
5E1
330
1F
100
AcDbEntity
  8
wall
100
AcDbLine
 10
15306.75322158134
 20
21783.27548561918
 30
0.0
 11
13456.75322158135
 21
21783.27548561918
 31
0.0
  0
LINE
  5
5E2
330
1F
100
AcDbEntity
  8
wall
100
AcDbLine
 10
13226.75322158135
 20
21783.2754856192
 30
0.0
 11
11276.75322158134
 21
21783.27548561918
 31
0.0
  0
LINE
  5
5E3
330
1F
100
AcDbEntity
  8
wall
100
AcDbLine
 10
13456.75322158137
 20
21883.2754856192
 30
0.0
 11
13226.75322158135
 21
21883.2754856192
 31
0.0
  0
LINE
  5
5E4
330
1F
100
AcDbEntity
  8
wall
100
AcDbLine
 10
13456.75322158137
 20
22883.2754856192
 30
0.0
 11
13226.75322158135
 21
22883.27548561921
 31
0.0
  0
LINE
  5
5E5
330
1F
100
AcDbEntity
  8
wall
100
AcDbLine
 10
11046.75322158134
 20
21783.27548561918
 30
0.0
 11
9296.753221581358
 21
21783.27548561918
 31
0.0
  0
LINE
  5
5E7
330
1F
100
AcDbEntity
  8
wall
100
AcDbLine
 10
4466.753221581357
 20
21783.27548561918
 30
0.0
 11
2896.753221581358
 21
21783.27548561918
 31
0.0
  0
LINE
  5
5E8
330
1F
100
AcDbEntity
  8
wall
100
AcDbLine
 10
2666.753221581372
 20
21783.27548561917
 30
0.0
 11
1466.753221581371
 21
21783.2754856192
 31
0.0
  0
LINE
  5
5E9
330
1F
100
AcDbEntity
  8
wall
100
AcDbLine
 10
2896.753221581358
 20
21883.27548561918
 30
0.0
 11
2666.753221581386
 21
21883.27548561917
 31
0.0
  0
LINE
  5
5EA
330
1F
100
AcDbEntity
  8
wall
100
AcDbLine
 10
2896.753221581372
 20
22633.27548561918
 30
0.0
 11
2666.753221581328
 21
22633.27548561917
 31
0.0
  0
LINE
  5
5EB
330
1F
100
AcDbEntity
  8
wall
100
AcDbLine
 10
1236.753221581372
 20
21783.27548561918
 30
0.0
 11
236.7532215813717
 21
21783.27548561918
 31
0.0
  0
LINE
  5
5EC
330
1F
100
AcDbEntity
  8
wall
100
AcDbLine
 10
15076.75322158134
 20
21553.27548561918
 30
0.0
 11
12301.75322158134
 21
21553.27548561918
 31
0.0
  0
LINE
  5
5ED
330
1F
100
AcDbEntity
  8
wall
100
AcDbLine
 10
12071.75322158134
 20
21553.27548561918
 30
0.0
 11
9296.753221581328
 21
21553.27548561918
 31
0.0
  0
LINE
  5
5EE
330
1F
100
AcDbEntity
  8
ELE 2
100
AcDbLine
 10
9066.753221581372
 20
21553.27548561918
 30
0.0
 11
5666.753221581371
 21
21553.27548561918
 31
0.0
  0
LINE
  5
5EF
330
1F
100
AcDbEntity
  8
wall
100
AcDbLine
 10
9066.753221581357
 20
20153.27548561919
 30
0.0
 11
8481.753221581371
 21
20153.27548561919
 31
0.0
  0
LINE
  5
5F0
330
1F
100
AcDbEntity
  8
wall
100
AcDbLine
 10
6481.753221581371
 20
20153.27548561918
 30
0.0
 11
5666.753221581371
 21
20153.27548561918
 31
0.0
  0
LINE
  5
5F1
330
1F
100
AcDbEntity
  8
wall
100
AcDbLine
 10
9066.753221581357
 20
19923.27548561919
 30
0.0
 11
8481.753221581371
 21
19923.27548561919
 31
0.0
  0
LINE
  5
5F2
330
1F
100
AcDbEntity
  8
wall
100
AcDbLine
 10
6481.753221581371
 20
19923.27548561918
 30
0.0
 11
5896.753221581372
 21
19923.2754856192
 31
0.0
  0
LINE
  5
5F3
330
1F
100
AcDbEntity
  8
ELE 1
100
AcDbLine
 10
9066.753221581357
 20
17473.27548561919
 30
0.0
 11
5896.753221581386
 21
17473.27548561918
 31
0.0
  0
LINE
  5
5F4
330
1F
100
AcDbEntity
  8
ELE 1
100
AcDbLine
 10
9066.753221581357
 20
17173.27548561919
 30
0.0
 11
5896.753221581386
 21
17173.27548561918
 31
0.0
  0
LINE
  5
5F5
330
1F
100
AcDbEntity
  8
ELE 1
100
AcDbLine
 10
9066.753221581372
 20
16873.27548561919
 30
0.0
 11
5896.753221581372
 21
16873.27548561919
 31
0.0
  0
LINE
  5
5F6
330
1F
100
AcDbEntity
  8
wall
100
AcDbLine
 10
4466.753221581357
 20
21553.27548561917
 30
0.0
 11
1466.753221581371
 21
21553.27548561917
 31
0.0
  0
LINE
  5
5F7
330
1F
100
AcDbEntity
  8
wall
100
AcDbLine
 10
1236.753221581357
 20
21553.27548561917
 30
0.0
 11
6.753221581371691
 21
21553.27548561917
 31
0.0
  0
LINE
  5
5F8
330
1F
100
AcDbEntity
  8
wall
100
AcDbLine
 10
5666.753221581371
 20
17703.27548561918
 30
0.0
 11
4316.753221581371
 21
17703.27548561918
 31
0.0
  0
LINE
  5
5F9
330
1F
100
AcDbEntity
  8
wall
100
AcDbLine
 10
2816.753221581372
 20
17703.27548561918
 30
0.0
 11
1466.753221581371
 21
17703.27548561918
 31
0.0
  0
LINE
  5
5FA
330
1F
100
AcDbEntity
  8
wall
100
AcDbLine
 10
5666.753221581371
 20
17473.27548561918
 30
0.0
 11
4316.753221581371
 21
17473.27548561918
 31
0.0
  0
LINE
  5
5FB
330
1F
100
AcDbEntity
  8
wall
100
AcDbLine
 10
2816.753221581372
 20
17473.27548561918
 30
0.0
 11
1236.753221581354
 21
17473.27548561918
 31
0.0
  0
LINE
  5
5FC
330
1F
100
AcDbEntity
  8
wall
100
AcDbLine
 10
15076.75322158137
 20
16703.27548561918
 30
0.0
 11
14876.75322158136
 21
16703.27548561917
 31
0.0
  0
LINE
  5
5FD
330
1F
100
AcDbEntity
  8
wall
100
AcDbLine
 10
9496.753221581327
 20
16703.27548561919
 30
0.0
 11
9296.753221581358
 21
16703.27548561919
 31
0.0
  0
LINE
  5
5FE
330
1F
100
AcDbEntity
  8
wall
100
AcDbLine
 10
15306.75322158137
 20
16473.27548561918
 30
0.0
 11
14876.75322158134
 21
16473.27548561918
 31
0.0
  0
LINE
  5
5FF
330
1F
100
AcDbEntity
  8
wall
100
AcDbLine
 10
9496.753221581327
 20
16473.27548561919
 30
0.0
 11
9066.753221581372
 21
16473.27548561918
 31
0.0
  0
LINE
  5
600
330
1F
100
AcDbEntity
  8
wall
100
AcDbLine
 10
15306.75322158137
 20
29293.27548561918
 30
0.0
 11
15306.75322158137
 21
27813.27548561918
 31
0.0
  0
LINE
  5
601
330
1F
100
AcDbEntity
  8
wall
100
AcDbLine
 10
15306.75322158137
 20
26313.27548561918
 30
0.0
 11
15306.75322158135
 21
24833.27548561918
 31
0.0
  0
LINE
  5
603
330
1F
100
AcDbEntity
  8
wall
100
AcDbLine
 10
15076.75322158137
 20
29063.27548561918
 30
0.0
 11
15076.75322158137
 21
27813.27548561918
 31
0.0
  0
LINE
  5
604
330
1F
100
AcDbEntity
  8
wall
100
AcDbLine
 10
15076.75322158137
 20
26313.27548561918
 30
0.0
 11
15076.75322158136
 21
25063.27548561918
 31
0.0
  0
LINE
  5
605
330
1F
100
AcDbEntity
  8
wall
100
AcDbLine
 10
15076.75322158134
 20
21553.27548561918
 30
0.0
 11
15076.75322158136
 21
16703.27548561918
 31
0.0
  0
LINE
  5
606
330
1F
100
AcDbEntity
  8
wall
100
AcDbLine
 10
14876.75322158134
 20
16703.27548561918
 30
0.0
 11
14876.75322158134
 21
16473.27548561918
 31
0.0
  0
LINE
  5
607
330
1F
100
AcDbEntity
  8
wall
100
AcDbLine
 10
11276.7532215814
 20
29063.2754856192
 30
0.0
 11
11276.75322158141
 21
28963.2754856192
 31
0.0
  0
LINE
  5
608
330
1F
100
AcDbEntity
  8
wall
100
AcDbLine
 10
11276.75322158137
 20
27963.2754856192
 30
0.0
 11
11276.75322158135
 21
26383.27548561917
 31
0.0
  0
LINE
  5
609
330
1F
100
AcDbEntity
  8
wall
100
AcDbLine
 10
11276.75322158135
 20
24833.27548561918
 30
0.0
 11
11276.75322158135
 21
21783.2754856192
 31
0.0
  0
LINE
  5
60A
330
1F
100
AcDbEntity
  8
wall
100
AcDbLine
 10
13226.75322158135
 20
24833.27548561918
 30
0.0
 11
13226.75322158135
 21
22883.2754856192
 31
0.0
  0
LINE
  5
60B
330
1F
100
AcDbEntity
  8
wall
100
AcDbLine
 10
13226.75322158135
 20
21883.2754856192
 30
0.0
 11
13226.75322158135
 21
21783.27548561918
 31
0.0
  0
LINE
  5
60C
330
1F
100
AcDbEntity
  8
wall
100
AcDbLine
 10
13456.75322158135
 20
24833.2754856192
 30
0.0
 11
13456.75322158134
 21
23833.27548561917
 31
0.0
  0
LINE
  5
60D
330
1F
100
AcDbEntity
  8
wall
100
AcDbLine
 10
13456.75322158134
 20
23603.27548561917
 30
0.0
 11
13456.75322158134
 21
22883.2754856192
 31
0.0
  0
LINE
  5
60E
330
1F
100
AcDbEntity
  8
wall
100
AcDbLine
 10
13456.75322158134
 20
21883.2754856192
 30
0.0
 11
13456.75322158135
 21
21783.27548561918
 31
0.0
  0
LINE
  5
60F
330
1F
100
AcDbEntity
  8
wall
100
AcDbLine
 10
14456.75322158134
 20
24833.27548561918
 30
0.0
 11
14456.75322158134
 21
24633.27548561918
 31
0.0
  0
LINE
  5
610
330
1F
100
AcDbEntity
  8
wall
100
AcDbLine
 10
14686.75322158134
 20
24833.27548561918
 30
0.0
 11
14686.75322158135
 21
24633.27548561919
 31
0.0
  0
LINE
  5
611
330
1F
100
AcDbEntity
  8
wall
100
AcDbLine
 10
11046.75322158137
 20
29063.27548561918
 30
0.0
 11
11046.75322158137
 21
28963.27548561921
 31
0.0
  0
LINE
  5
612
330
1F
100
AcDbEntity
  8
wall
100
AcDbLine
 10
11046.75322158136
 20
27963.2754856192
 30
0.0
 11
11046.75322158136
 21
26613.27548561918
 31
0.0
  0
LINE
  5
613
330
1F
100
AcDbEntity
  8
wall
100
AcDbLine
 10
11046.75322158136
 20
24833.27548561918
 30
0.0
 11
11046.75322158136
 21
21783.2754856192
 31
0.0
  0
LINE
  5
614
330
1F
100
AcDbEntity
  8
wall
100
AcDbLine
 10
9296.753221581372
 20
29063.27548561918
 30
0.0
 11
9296.753221581372
 21
26613.27548561917
 31
0.0
  0
LINE
  5
615
330
1F
100
AcDbEntity
  8
wall
100
AcDbLine
 10
9296.753221581358
 20
24833.2754856192
 30
0.0
 11
9296.753221581358
 21
24463.27548561918
 31
0.0
  0
LINE
  5
616
330
1F
100
AcDbEntity
  8
wall
100
AcDbLine
 10
9296.753221581342
 20
21553.27548561918
 30
0.0
 11
9296.753221581328
 21
16703.27548561919
 31
0.0
  0
LINE
  5
617
330
1F
100
AcDbEntity
  8
wall
100
AcDbLine
 10
9496.753221581327
 20
16703.27548561919
 30
0.0
 11
9496.753221581341
 21
16473.27548561918
 31
0.0
  0
LINE
  5
618
330
1F
100
AcDbEntity
  8
wall
100
AcDbLine
 10
9066.753221581372
 20
29063.27548561918
 30
0.0
 11
9066.753221581372
 21
26383.27548561917
 31
0.0
  0
LINE
  5
619
330
1F
100
AcDbEntity
  8
wall
100
AcDbLine
 10
9066.753221581342
 20
25063.27548561918
 30
0.0
 11
9066.753221581342
 21
24463.27548561918
 31
0.0
  0
LINE
  5
61A
330
1F
100
AcDbEntity
  8
wall
100
AcDbLine
 10
9066.753221581357
 20
21553.27548561918
 30
0.0
 11
9066.753221581357
 21
20153.2754856192
 31
0.0
  0
LINE
  5
61B
330
1F
100
AcDbEntity
  8
wall
100
AcDbLine
 10
9066.753221581357
 20
19923.27548561919
 30
0.0
 11
9066.753221581372
 21
16473.27548561918
 31
0.0
  0
LINE
  5
61C
330
1F
100
AcDbEntity
  8
wall
100
AcDbLine
 10
4466.753221581357
 20
29063.27548561918
 30
0.0
 11
4466.753221581342
 21
24833.27548561918
 31
0.0
  0
LINE
  5
61D
330
1F
100
AcDbEntity
  8
wall
100
AcDbLine
 10
4466.753221581357
 20
21783.27548561918
 30
0.0
 11
4466.753221581357
 21
21553.27548561918
 31
0.0
  0
LINE
  5
61E
330
1F
100
AcDbEntity
  8
ELE 2
100
AcDbLine
 10
5666.753221581357
 20
29063.27548561918
 30
0.0
 11
5666.753221581358
 21
27903.27548561919
 31
0.0
  0
LINE
  5
61F
330
1F
100
AcDbEntity
  8
ELE 2
100
AcDbLine
 10
5666.753221581342
 20
25063.27548561918
 30
0.0
 11
5666.753221581357
 21
21553.27548561918
 31
0.0
  0
LINE
  5
621
330
1F
100
AcDbEntity
  8
wall
100
AcDbLine
 10
5666.753221581371
 20
20153.27548561919
 30
0.0
 11
5666.753221581386
 21
17703.27548561917
 31
0.0
  0
LINE
  5
622
330
1F
100
AcDbEntity
  8
wall
100
AcDbLine
 10
5666.753221581386
 20
17473.27548561917
 30
0.0
 11
5666.753221581386
 21
16873.27548561918
 31
0.0
  0
LINE
  5
624
330
1F
100
AcDbEntity
  8
wall
100
AcDbLine
 10
5896.753221581372
 20
19923.2754856192
 30
0.0
 11
5896.753221581372
 21
16873.27548561918
 31
0.0
  0
LINE
  5
625
330
1F
100
AcDbEntity
  8
wall
100
AcDbLine
 10
4236.753221581357
 20
29293.27548561918
 30
0.0
 11
4236.753221581372
 21
28793.27548561919
 31
0.0
  0
LINE
  5
626
330
1F
100
AcDbEntity
  8
wall
100
AcDbLine
 10
4236.753221581357
 20
28563.27548561917
 30
0.0
 11
4236.753221581342
 21
25063.27548561916
 31
0.0
  0
LINE
  5
627
330
1F
100
AcDbEntity
  8
wall
100
AcDbLine
 10
4136.753221581343
 20
25063.27548561914
 30
0.0
 11
4136.753221581357
 21
24833.27548561918
 31
0.0
  0
LINE
  5
628
330
1F
100
AcDbEntity
  8
wall
100
AcDbLine
 10
3136.753221581372
 20
25063.27548561917
 30
0.0
 11
3136.753221581357
 21
24833.27548561918
 31
0.0
  0
LINE
  5
629
330
1F
100
AcDbEntity
  8
wall
100
AcDbLine
 10
236.7532215813862
 20
29063.27548561918
 30
0.0
 11
236.7532215813862
 21
27813.27548561917
 31
0.0
  0
LINE
  5
62A
330
1F
100
AcDbEntity
  8
wall
100
AcDbLine
 10
236.7532215813862
 20
26313.27548561918
 30
0.0
 11
236.7532215813717
 21
25063.27548561917
 31
0.0
  0
LINE
  5
62B
330
1F
100
AcDbEntity
  8
wall
100
AcDbLine
 10
236.7532215813717
 20
24833.27548561918
 30
0.0
 11
236.7532215813717
 21
23383.2754856192
 31
0.0
  0
LINE
  5
62C
330
1F
100
AcDbEntity
  8
wall
100
AcDbLine
 10
236.7532215813717
 20
23153.2754856192
 30
0.0
 11
236.7532215813717
 21
22968.2754856192
 31
0.0
  0
LINE
  5
62D
330
1F
100
AcDbEntity
  8
wall
100
AcDbLine
 10
236.7532215813717
 20
21968.2754856192
 30
0.0
 11
236.7532215813717
 21
21783.2754856192
 31
0.0
  0
LINE
  5
62E
330
1F
100
AcDbEntity
  8
ELE 1
100
AcDbLine
 10
236.7532215813717
 20
21553.27548561918
 30
0.0
 11
236.7532215813717
 21
17703.27548561918
 31
0.0
  0
LINE
  5
62F
330
1F
100
AcDbEntity
  8
wall
100
AcDbLine
 10
1236.753221581372
 20
23153.2754856192
 30
0.0
 11
1236.753221581357
 21
21783.27548561918
 31
0.0
  0
LINE
  5
630
330
1F
100
AcDbEntity
  8
wall
100
AcDbLine
 10
1236.753221581357
 20
21553.27548561917
 30
0.0
 11
1236.753221581357
 21
20628.27548561918
 31
0.0
  0
LINE
  5
631
330
1F
100
AcDbEntity
  8
wall
100
AcDbLine
 10
1236.753221581372
 20
18628.27548561918
 30
0.0
 11
1236.753221581353
 21
17473.27548561918
 31
0.0
  0
LINE
  5
632
330
1F
100
AcDbEntity
  8
wall
100
AcDbLine
 10
1466.753221581371
 20
23153.2754856192
 30
0.0
 11
1466.753221581357
 21
21783.27548561921
 31
0.0
  0
LINE
  5
633
330
1F
100
AcDbEntity
  8
wall
100
AcDbLine
 10
1466.753221581371
 20
21553.27548561917
 30
0.0
 11
1466.753221581371
 21
20628.27548561918
 31
0.0
  0
LINE
  5
634
330
1F
100
AcDbEntity
  8
wall
100
AcDbLine
 10
1466.753221581371
 20
18628.27548561918
 30
0.0
 11
1466.753221581371
 21
17703.27548561918
 31
0.0
  0
LINE
  5
635
330
1F
100
AcDbEntity
  8
wall
100
AcDbLine
 10
2666.753221581358
 20
24833.27548561918
 30
0.0
 11
2666.753221581358
 21
23383.2754856192
 31
0.0
  0
LINE
  5
636
330
1F
100
AcDbEntity
  8
wall
100
AcDbLine
 10
2666.753221581343
 20
23153.2754856192
 30
0.0
 11
2666.753221581358
 21
22633.27548561918
 31
0.0
  0
LINE
  5
637
330
1F
100
AcDbEntity
  8
wall
100
AcDbLine
 10
2666.753221581372
 20
21883.27548561918
 30
0.0
 11
2666.753221581358
 21
21783.2754856192
 31
0.0
  0
LINE
  5
638
330
1F
100
AcDbEntity
  8
wall
100
AcDbLine
 10
2896.753221581358
 20
24833.27548561918
 30
0.0
 11
2896.753221581358
 21
22633.27548561918
 31
0.0
  0
LINE
  5
639
330
1F
100
AcDbEntity
  8
wall
100
AcDbLine
 10
2896.753221581358
 20
21883.27548561918
 30
0.0
 11
2896.753221581358
 21
21783.27548561918
 31
0.0
  0
LINE
  5
63A
330
1F
100
AcDbEntity
  8
wall
100
AcDbLine
 10
6.75322158137169
 20
29293.27548561918
 30
0.0
 11
6.75322158137169
 21
27813.27548561917
 31
0.0
  0
LINE
  5
63B
330
1F
100
AcDbEntity
  8
wall
100
AcDbLine
 10
6.75322158137169
 20
26313.27548561918
 30
0.0
 11
6.75322158137169
 21
22968.2754856192
 31
0.0
  0
LINE
  5
63C
330
1F
100
AcDbEntity
  8
wall
100
AcDbLine
 10
6.75322158137169
 20
21968.2754856192
 30
0.0
 11
6.75322158137169
 21
21553.27548561917
 31
0.0
  0
LINE
  5
63D
330
1F
100
AcDbEntity
  8
ELE 2
100
AcDbLine
 10
5966.753221581357
 20
27863.27548561918
 30
0.0
 11
5966.753221581356
 21
27883.27548561918
 31
0.0
  0
LINE
  5
63E
330
1F
100
AcDbEntity
  8
ELE 2
100
AcDbLine
 10
6266.753221581357
 20
27863.27548561918
 30
0.0
 11
6266.753221581357
 21
27883.27548561918
 31
0.0
  0
LINE
  5
63F
330
1F
100
AcDbEntity
  8
ABOVE-DOTTED
100
AcDbLine
 10
6566.753221581357
 20
27863.27548561918
 30
0.0
 11
6566.753221581357
 21
27883.27548561918
 31
0.0
  0
LINE
  5
640
330
1F
100
AcDbEntity
  8
ABOVE-DOTTED
100
AcDbLine
 10
6866.753221581358
 20
27863.27548561918
 30
0.0
 11
6866.753221581358
 21
27883.27548561918
 31
0.0
  0
LINE
  5
641
330
1F
100
AcDbEntity
  8
ABOVE-DOTTED
100
AcDbLine
 10
7166.753221581358
 20
27863.27548561918
 30
0.0
 11
7166.753221581358
 21
27883.27548561918
 31
0.0
  0
LINE
  5
642
330
1F
100
AcDbEntity
  8
ABOVE-DOTTED
100
AcDbLine
 10
7466.753221581358
 20
27863.27548561918
 30
0.0
 11
7466.753221581358
 21
27883.27548561918
 31
0.0
  0
LINE
  5
643
330
1F
100
AcDbEntity
  8
ABOVE-DOTTED
100
AcDbLine
 10
7766.753221581358
 20
27863.27548561918
 30
0.0
 11
7766.753221581358
 21
27883.27548561918
 31
0.0
  0
LINE
  5
644
330
1F
100
AcDbEntity
  8
ABOVE-DOTTED
100
AcDbLine
 10
8066.753221581357
 20
27863.27548561918
 30
0.0
 11
8066.753221581357
 21
27883.27548561918
 31
0.0
  0
LINE
  5
645
330
1F
100
AcDbEntity
  8
ABOVE-DOTTED
100
AcDbLine
 10
8366.753221581358
 20
27863.27548561918
 30
0.0
 11
8366.753221581358
 21
27883.27548561918
 31
0.0
  0
LINE
  5
646
330
1F
100
AcDbEntity
  8
ABOVE-DOTTED
100
AcDbLine
 10
8666.753221581357
 20
27863.27548561918
 30
0.0
 11
8666.753221581357
 21
27883.27548561918
 31
0.0
  0
LINE
  5
647
330
1F
100
AcDbEntity
  8
ABOVE-DOTTED
100
AcDbLine
 10
8966.753221581358
 20
27863.27548561918
 30
0.0
 11
8966.753221581358
 21
27883.27548561918
 31
0.0
  0
LINE
  5
648
330
1F
100
AcDbEntity
  8
ELE 2
100
AcDbLine
 10
4466.753221581357
 20
27563.27548561918
 30
0.0
 11
5626.753221581357
 21
27563.27548561918
 31
0.0
  0
LINE
  5
649
330
1F
100
AcDbEntity
  8
ELE 2
100
AcDbLine
 10
4466.753221581357
 20
27263.27548561918
 30
0.0
 11
5626.753221581357
 21
27263.27548561918
 31
0.0
  0
LINE
  5
64A
330
1F
100
AcDbEntity
  8
ELE 2
100
AcDbLine
 10
4466.753221581357
 20
26963.27548561918
 30
0.0
 11
5626.753221581357
 21
26963.27548561918
 31
0.0
  0
LINE
  5
64B
330
1F
100
AcDbEntity
  8
ELE 2
100
AcDbLine
 10
4466.753221581357
 20
26663.27548561918
 30
0.0
 11
5626.753221581357
 21
26663.27548561918
 31
0.0
  0
LINE
  5
64C
330
1F
100
AcDbEntity
  8
ELE 2
100
AcDbLine
 10
4466.753221581357
 20
26363.27548561918
 30
0.0
 11
5626.753221581357
 21
26363.27548561918
 31
0.0
  0
LINE
  5
64D
330
1F
100
AcDbEntity
  8
ELE 2
100
AcDbLine
 10
4466.753221581357
 20
26063.27548561918
 30
0.0
 11
5666.753221581357
 21
26063.27548561918
 31
0.0
  0
LINE
  5
64E
330
1F
100
AcDbEntity
  8
wall
100
AcDbLine
 10
2336.753221581372
 20
29063.27548561918
 30
0.0
 11
2336.753221581372
 21
28563.27548561918
 31
0.0
  0
LINE
  5
64F
330
1F
100
AcDbEntity
  8
wall
100
AcDbLine
 10
2566.753221581372
 20
29293.27548561918
 30
0.0
 11
2566.753221581372
 21
28793.27548561919
 31
0.0
  0
LINE
  5
650
330
1F
100
AcDbEntity
  8
wall
100
AcDbLine
 10
2336.753221581372
 20
28563.27548561918
 30
0.0
 11
4236.753221581357
 21
28563.27548561918
 31
0.0
  0
LINE
  5
651
330
1F
100
AcDbEntity
  8
wall
100
AcDbLine
 10
2566.753221581357
 20
28793.27548561917
 30
0.0
 11
4236.753221581357
 21
28793.27548561919
 31
0.0
  0
LINE
  5
652
330
1F
100
AcDbEntity
  8
wall
100
AcDbLine
 10
12426.75322158138
 20
29293.27548561918
 30
0.0
 11
12426.75322158138
 21
29063.27548561918
 31
0.0
  0
LINE
  5
653
330
1F
100
AcDbEntity
  8
wall
100
AcDbLine
 10
13926.75322158138
 20
29293.27548561918
 30
0.0
 11
13926.75322158138
 21
29063.27548561918
 31
0.0
  0
LINE
  5
654
330
1F
100
AcDbEntity
  8
wall
100
AcDbLine
 10
15306.75322158135
 20
26313.27548561918
 30
0.0
 11
15076.75322158136
 21
26313.27548561918
 31
0.0
  0
LINE
  5
655
330
1F
100
AcDbEntity
  8
wall
100
AcDbLine
 10
15306.75322158137
 20
27813.27548561918
 30
0.0
 11
15076.75322158137
 21
27813.27548561918
 31
0.0
  0
LINE
  5
656
330
1F
100
AcDbEntity
  8
SILL
100
AcDbLine
 10
12426.75322158138
 20
29293.27548561918
 30
0.0
 11
13926.75322158138
 21
29293.27548561918
 31
0.0
  0
LINE
  5
657
330
1F
100
AcDbEntity
  8
SILL
100
AcDbLine
 10
12426.75322158138
 20
29063.27548561918
 30
0.0
 11
13926.75322158138
 21
29063.27548561918
 31
0.0
  0
LINE
  5
658
330
1F
100
AcDbEntity
  8
SILL
100
AcDbLine
 10
15306.75322158137
 20
27813.27548561918
 30
0.0
 11
15306.75322158135
 21
26313.27548561918
 31
0.0
  0
LINE
  5
659
330
1F
100
AcDbEntity
  8
SILL
100
AcDbLine
 10
15076.75322158137
 20
27813.27548561918
 30
0.0
 11
15076.75322158136
 21
26313.27548561918
 31
0.0
  0
LINE
  5
65C
330
1F
100
AcDbEntity
  8
wall
100
AcDbLine
 10
11376.75322158135
 20
25063.27548561918
 30
0.0
 11
11376.75322158135
 21
24833.27548561918
 31
0.0
  0
LINE
  5
65D
330
1F
100
AcDbEntity
  8
wall
100
AcDbLine
 10
12376.75322158136
 20
25063.27548561918
 30
0.0
 11
12376.75322158136
 21
24833.27548561918
 31
0.0
  0
LINE
  5
65E
330
1F
100
AcDbEntity
  8
wall
100
AcDbLine
 10
9396.753221581358
 20
25063.27548561918
 30
0.0
 11
9396.753221581358
 21
24833.27548561918
 31
0.0
  0
LINE
  5
660
330
1F
100
AcDbEntity
  8
ELE 1
100
AcDbLine
 10
14056.75322158135
 20
23603.27548561918
 30
0.0
 11
14056.75322158137
 21
21783.27548561918
 31
0.0
  0
LINE
  5
661
330
1F
100
AcDbEntity
  8
ELE 1
100
AcDbLine
 10
14356.75322158135
 20
23603.27548561918
 30
0.0
 11
14356.75322158137
 21
21783.27548561918
 31
0.0
  0
LINE
  5
662
330
1F
100
AcDbEntity
  8
ELE 1
100
AcDbLine
 10
14656.75322158135
 20
23603.27548561918
 30
0.0
 11
14656.75322158137
 21
21783.27548561918
 31
0.0
  0
LINE
  5
663
330
1F
100
AcDbEntity
  8
wall
100
AcDbLine
 10
5666.753221581386
 20
16873.27548561918
 30
0.0
 11
5896.753221581372
 21
16873.27548561919
 31
0.0
  0
LINE
  5
664
330
1F
100
AcDbEntity
  8
0
100
AcDbLine
 10
6064.164784178402
 20
29293.27548561918
 30
0.0
 11
6064.164784178402
 21
29063.27548561917
 31
0.0
  0
LINE
  5
665
330
1F
100
AcDbEntity
  8
0
100
AcDbLine
 10
8064.164784178402
 20
29293.27548561918
 30
0.0
 11
8064.164784178416
 21
29063.2754856192
 31
0.0
  0
LINE
  5
666
330
1F
100
AcDbEntity
  8
SILL
100
AcDbLine
 10
6064.164784178402
 20
29063.27548561917
 30
0.0
 11
8064.164784178416
 21
29063.2754856193
 31
0.0
  0
LINE
  5
667
330
1F
100
AcDbEntity
  8
SILL
100
AcDbLine
 10
6064.164784178402
 20
29293.27548561918
 30
0.0
 11
8064.164784178402
 21
29293.27548561932
 31
0.0
  0
LINE
  5
668
330
1F
100
AcDbEntity
  8
wall
100
AcDbLine
 10
8064.164784178402
 20
29293.27548561932
 30
0.0
 11
8064.164784178416
 21
29063.27548561931
 31
0.0
  0
LINE
  5
669
330
1F
100
AcDbEntity
  8
wall
100
AcDbLine
 10
6064.164784178402
 20
29293.27548561918
 30
0.0
 11
6064.164784178402
 21
29063.27548561917
 31
0.0
  0
LINE
  5
66B
330
1F
100
AcDbEntity
  8
wall
100
AcDbLine
 10
6481.753221581371
 20
20153.27548561918
 30
0.0
 11
6481.753221581371
 21
19923.27548561918
 31
0.0
  0
LINE
  5
66C
330
1F
100
AcDbEntity
  8
wall
100
AcDbLine
 10
8481.753221581371
 20
20153.27548561919
 30
0.0
 11
8481.753221581371
 21
19923.27548561919
 31
0.0
  0
LINE
  5
66D
330
1F
100
AcDbEntity
  8
ELE 1
100
AcDbLine
 10
236.7532215813717
 20
17703.27548561918
 30
0.0
 11
1236.753221581357
 21
17703.27548561918
 31
0.0
  0
LINE
  5
66E
330
1F
100
AcDbEntity
  8
SILL
100
AcDbLine
 10
2816.753221581372
 20
17703.27548561918
 30
0.0
 11
4316.753221581371
 21
17703.27548561918
 31
0.0
  0
LINE
  5
66F
330
1F
100
AcDbEntity
  8
wall
100
AcDbLine
 10
4316.753221581371
 20
17703.27548561918
 30
0.0
 11
4316.753221581371
 21
17473.27548561918
 31
0.0
  0
LINE
  5
670
330
1F
100
AcDbEntity
  8
SILL
100
AcDbLine
 10
4316.753221581371
 20
17473.27548561918
 30
0.0
 11
2816.753221581372
 21
17473.27548561918
 31
0.0
  0
LINE
  5
671
330
1F
100
AcDbEntity
  8
wall
100
AcDbLine
 10
2816.753221581372
 20
17473.27548561918
 30
0.0
 11
2816.753221581372
 21
17703.27548561918
 31
0.0
  0
LINE
  5
672
330
1F
100
AcDbEntity
  8
0
100
AcDbLine
 10
2816.753221581372
 20
17588.27548561918
 30
0.0
 11
4316.753221581371
 21
17588.27548561918
 31
0.0
  0
LINE
  5
673
330
1F
100
AcDbEntity
  8
wall
100
AcDbLine
 10
6.75322158137169
 20
27813.27548561917
 30
0.0
 11
236.7532215813862
 21
27813.27548561917
 31
0.0
  0
LINE
  5
674
330
1F
100
AcDbEntity
  8
SILL
100
AcDbLine
 10
236.7532215813862
 20
27813.27548561917
 30
0.0
 11
236.7532215813862
 21
26313.27548561918
 31
0.0
  0
LINE
  5
675
330
1F
100
AcDbEntity
  8
wall
100
AcDbLine
 10
236.7532215813862
 20
26313.27548561918
 30
0.0
 11
6.75322158137169
 21
26313.27548561918
 31
0.0
  0
LINE
  5
676
330
1F
100
AcDbEntity
  8
SILL
100
AcDbLine
 10
6.75322158137169
 20
26313.27548561918
 30
0.0
 11
6.75322158137169
 21
27813.27548561917
 31
0.0
  0
LINE
  5
678
330
1F
100
AcDbEntity
  8
wall
100
AcDbLine
 10
966.7532215813571
 20
25063.27548561918
 30
0.0
 11
966.7532215813571
 21
24833.27548561918
 31
0.0
  0
LINE
  5
679
330
1F
100
AcDbEntity
  8
wall
100
AcDbLine
 10
1766.753221581357
 20
25063.27548561917
 30
0.0
 11
1766.753221581357
 21
24833.27548561918
 31
0.0
  0
LINE
  5
67A
330
1F
100
AcDbEntity
  8
wall
100
AcDbLine
 10
236.7532215813717
 20
21968.2754856192
 30
0.0
 11
6.75322158137169
 21
21968.2754856192
 31
0.0
  0
LINE
  5
67B
330
1F
100
AcDbEntity
  8
wall
100
AcDbLine
 10
236.7532215813717
 20
22968.2754856192
 30
0.0
 11
6.75322158137169
 21
22968.2754856192
 31
0.0
  0
LINE
  5
67C
330
1F
100
AcDbEntity
  8
wall
100
AcDbLine
 10
1466.753221581371
 20
18628.27548561917
 30
0.0
 11
1236.753221581357
 21
18628.27548561917
 31
0.0
  0
LINE
  5
67D
330
1F
100
AcDbEntity
  8
wall
100
AcDbLine
 10
1466.753221581371
 20
20628.27548561918
 30
0.0
 11
1236.753221581357
 21
20628.27548561918
 31
0.0
  0
LINE
  5
67E
330
1F
100
AcDbEntity
  8
wall
100
AcDbLine
 10
12071.75322158134
 20
16703.27548561919
 30
0.0
 11
12071.75322158134
 21
16473.27548561919
 31
0.0
  0
LINE
  5
67F
330
1F
100
AcDbEntity
  8
wall
100
AcDbLine
 10
12301.75322158134
 20
16703.27548561919
 30
0.0
 11
12301.75322158134
 21
16473.27548561919
 31
0.0
  0
LINE
  5
680
330
1F
100
AcDbEntity
  8
wall
100
AcDbLine
 10
12071.75322158134
 20
21323.27548561918
 30
0.0
 11
12301.75322158134
 21
21323.27548561918
 31
0.0
  0
LINE
  5
681
330
1F
100
AcDbEntity
  8
wall
100
AcDbLine
 10
12301.75322158134
 20
16703.27548561919
 30
0.0
 11
12071.75322158134
 21
16703.27548561919
 31
0.0
  0
LINE
  5
682
330
1F
100
AcDbEntity
  8
wall
100
AcDbLine
 10
14876.75322158134
 20
16703.27548561919
 30
0.0
 11
15076.75322158136
 21
16703.27548561919
 31
0.0
  0
LINE
  5
683
330
1F
100
AcDbEntity
  8
0
100
AcDbLine
 10
12301.75322158134
 20
16473.27548561919
 30
0.0
 11
12071.75322158134
 21
16473.27548561919
 31
0.0
  0
LINE
  5
684
330
1F
100
AcDbEntity
  8
wall
100
AcDbLine
 10
14876.75322158134
 20
16473.27548561919
 30
0.0
 11
15306.75322158135
 21
16473.27548561919
 31
0.0
  0
LINE
  5
685
330
1F
100
AcDbEntity
  8
wall
100
AcDbLine
 10
12071.75322158134
 20
21553.27548561918
 30
0.0
 11
12071.75322158136
 21
21323.27548561918
 31
0.0
  0
LINE
  5
686
330
1F
100
AcDbEntity
  8
wall
100
AcDbLine
 10
12301.75322158134
 20
21553.27548561918
 30
0.0
 11
12301.75322158134
 21
21323.27548561918
 31
0.0
  0
LINE
  5
687
102
{ACAD_REACTORS
330
971
102
}
330
1F
100
AcDbEntity
  8
ELE 1
100
AcDbLine
 10
4104.811964632443
 20
25039.53621975797
 30
0.0
 11
4104.811964632443
 21
25973.81798552071
 31
0.0
  0
LINE
  5
688
102
{ACAD_REACTORS
330
971
102
}
330
1F
100
AcDbEntity
  8
ELE 1
100
AcDbLine
 10
4068.307670975578
 20
25039.53621975797
 30
0.0
 11
4068.307670975578
 21
25973.07268939576
 31
0.0
  0
ARC
  5
68A
102
{ACAD_REACTORS
330
971
102
}
330
1F
100
AcDbEntity
  8
ABOVE-DOTTED
100
AcDbCircle
 10
4134.120109288191
 20
25010.22807510174
 30
0.0
 40
964.0355194694748
100
AcDbArc
 50
91.74214719321346
 51
178.2578528067745
  0
LINE
  5
68C
102
{ACAD_REACTORS
330
971
102
}
330
1F
100
AcDbEntity
  8
ELE 1
100
AcDbLine
 10
4136.75322158135
 20
25039.53621975797
 30
0.0
 11
4136.75322158135
 21
24857.01475148035
 31
0.0
  0
LINE
  5
68D
102
{ACAD_REACTORS
330
971
102
}
330
1F
100
AcDbEntity
  8
ELE 1
100
AcDbLine
 10
4136.75322158135
 20
24857.01475148035
 30
0.0
 11
4104.811964632443
 21
24857.01475148035
 31
0.0
  0
LINE
  5
68E
102
{ACAD_REACTORS
330
971
102
}
330
1F
100
AcDbEntity
  8
ELE 1
100
AcDbLine
 10
4104.811964632443
 20
24857.01475148035
 30
0.0
 11
4104.811964632443
 21
24902.64511854976
 31
0.0
  0
LINE
  5
68F
102
{ACAD_REACTORS
330
971
102
}
330
1F
100
AcDbEntity
  8
ELE 1
100
AcDbLine
 10
4104.811964632443
 20
24902.64511854976
 30
0.0
 11
4091.122854511946
 21
24902.64511854976
 31
0.0
  0
LINE
  5
690
102
{ACAD_REACTORS
330
971
102
}
330
1F
100
AcDbEntity
  8
ELE 1
100
AcDbLine
 10
4091.122854511946
 20
24902.64511854976
 30
0.0
 11
4091.122854511946
 21
24993.90585268856
 31
0.0
  0
LINE
  5
691
102
{ACAD_REACTORS
330
971
102
}
330
1F
100
AcDbEntity
  8
ELE 1
100
AcDbLine
 10
4091.122854511946
 20
24993.90585268856
 30
0.0
 11
4104.811964632443
 21
24993.90585268856
 31
0.0
  0
LINE
  5
692
102
{ACAD_REACTORS
330
971
102
}
330
1F
100
AcDbEntity
  8
ELE 1
100
AcDbLine
 10
4104.811964632443
 20
24993.90585268856
 30
0.0
 11
4104.811964632443
 21
25039.53621975797
 31
0.0
  0
LINE
  5
693
102
{ACAD_REACTORS
330
971
102
}
330
1F
100
AcDbEntity
  8
ELE 1
100
AcDbLine
 10
4104.811964632443
 20
25039.53621975797
 30
0.0
 11
4136.75322158135
 21
25039.53621975797
 31
0.0
  0
LINE
  5
6A1
102
{ACAD_REACTORS
330
1297
102
}
330
1F
100
AcDbEntity
  8
ELE 1
100
AcDbLine
 10
11408.75322158122
 20
24856.84691419193
 30
0.0
 11
11408.75322158122
 21
23920.8469141888
 31
0.0
  0
LINE
  5
6A2
102
{ACAD_REACTORS
330
1297
102
}
330
1F
100
AcDbEntity
  8
ELE 1
100
AcDbLine
 10
11445.32465015346
 20
24856.84691419193
 30
0.0
 11
11445.32465015346
 21
23921.59358098517
 31
0.0
  0
LWPOLYLINE
  5
6A3
102
{ACAD_REACTORS
330
1297
102
}
330
1F
100
AcDbEntity
  8
ELE 1
100
AcDbPolyline
 90
        2
 70
     0
 43
0.0
 10
11408.75322158122
 20
24856.84691419193
 10
11445.32465015346
 20
24856.84691419193
  0
ARC
  5
6A4
102
{ACAD_REACTORS
330
1297
102
}
330
1F
100
AcDbEntity
  8
ABOVE-DOTTED
100
AcDbCircle
 10
11379.39117642188
 20
24886.20895935175
 30
0.0
 40
965.8084737314622
100
AcDbArc
 50
271.7421471932123
 51
358.2578528067749
  0
LWPOLYLINE
  5
6A5
102
{ACAD_REACTORS
330
1297
102
}
330
1F
100
AcDbEntity
  8
ELE 1
100
AcDbPolyline
 90
        8
 70
     1
 43
0.0
 10
12376.75322158136
 20
24856.84691419195
 10
12376.75322158136
 20
25039.70405704642
 10
12344.7532215815
 20
25039.70405704642
 10
12344.7532215815
 20
24993.9897713328
 10
12331.03893586773
 20
24993.9897713328
 10
12331.03893586773
 20
24902.56119990557
 10
12344.7532215815
 20
24902.56119990557
 10
12344.7532215815
 20
24856.84691419195
  0
LINE
  5
6A6
102
{ACAD_REACTORS
330
1297
102
}
330
1F
100
AcDbEntity
  8
ELE 1
100
AcDbLine
 10
11376.75322158136
 20
24856.84691419193
 30
0.0
 11
11376.75322158136
 21
25039.70405704642
 31
0.0
  0
LINE
  5
6A7
102
{ACAD_REACTORS
330
1297
102
}
330
1F
100
AcDbEntity
  8
ELE 1
100
AcDbLine
 10
11376.75322158136
 20
25039.70405704642
 30
0.0
 11
11408.75322158122
 21
25039.70405704642
 31
0.0
  0
LINE
  5
6A8
102
{ACAD_REACTORS
330
1297
102
}
330
1F
100
AcDbEntity
  8
ELE 1
100
AcDbLine
 10
11408.75322158122
 20
25039.70405704642
 30
0.0
 11
11408.75322158122
 21
24993.9897713328
 31
0.0
  0
LINE
  5
6A9
102
{ACAD_REACTORS
330
1297
102
}
330
1F
100
AcDbEntity
  8
ELE 1
100
AcDbLine
 10
11408.75322158122
 20
24993.9897713328
 30
0.0
 11
11422.46750729498
 21
24993.9897713328
 31
0.0
  0
LINE
  5
6AA
102
{ACAD_REACTORS
330
1297
102
}
330
1F
100
AcDbEntity
  8
ELE 1
100
AcDbLine
 10
11422.46750729498
 20
24993.9897713328
 30
0.0
 11
11422.46750729498
 21
24902.56119990555
 31
0.0
  0
LINE
  5
6AB
102
{ACAD_REACTORS
330
1297
102
}
330
1F
100
AcDbEntity
  8
ELE 1
100
AcDbLine
 10
11422.46750729498
 20
24902.56119990555
 30
0.0
 11
11408.75322158122
 21
24902.56119990555
 31
0.0
  0
LINE
  5
6AC
102
{ACAD_REACTORS
330
1297
102
}
330
1F
100
AcDbEntity
  8
ELE 1
100
AcDbLine
 10
11408.75322158122
 20
24902.56119990555
 30
0.0
 11
11408.75322158122
 21
24856.84691419193
 31
0.0
  0
LINE
  5
6AD
102
{ACAD_REACTORS
330
1297
102
}
330
1F
100
AcDbEntity
  8
ELE 1
100
AcDbLine
 10
11408.75322158122
 20
24856.84691419193
 30
0.0
 11
11376.75322158136
 21
24856.84691419193
 31
0.0
  0
LINE
  5
6AE
102
{ACAD_REACTORS
330
8FF
102
}
330
1F
100
AcDbEntity
  8
ELE 1
100
AcDbLine
 10
11059.3713801579
 20
28931.33422867028
 30
0.0
 11
10125.08961439515
 21
28931.33422867026
 31
0.0
  0
LINE
  5
6AF
102
{ACAD_REACTORS
330
8FF
102
}
330
1F
100
AcDbEntity
  8
ELE 1
100
AcDbLine
 10
11059.3713801579
 20
28894.82993501341
 30
0.0
 11
10125.83491052011
 21
28894.82993501341
 31
0.0
  0
LWPOLYLINE
  5
6B0
102
{ACAD_REACTORS
330
8FF
102
}
330
1F
100
AcDbEntity
  8
ELE 1
100
AcDbPolyline
 90
        2
 70
     0
 43
0.0
 10
11059.3713801579
 20
28931.33422867028
 10
11059.3713801579
 20
28894.82993501341
  0
ARC
  5
6B1
102
{ACAD_REACTORS
330
8FF
102
}
330
1F
100
AcDbEntity
  8
ABOVE-DOTTED
100
AcDbCircle
 10
11088.67952481413
 20
28960.64237332602
 30
0.0
 40
964.035519469475
100
AcDbArc
 50
181.742147193225
 51
268.2578528067876
  0
LWPOLYLINE
  5
6B2
102
{ACAD_REACTORS
330
8FF
102
}
330
1F
100
AcDbEntity
  8
ELE 1
100
AcDbPolyline
 90
        8
 70
     1
 43
0.0
 10
11059.37138015791
 20
27965.11120596147
 10
11241.89284843551
 20
27965.11120596147
 10
11241.89284843551
 20
27997.05246291038
 10
11196.26248136611
 20
27997.05246291038
 10
11196.26248136611
 20
28010.74157303088
 10
11105.00174722732
 20
28010.74157303088
 10
11105.00174722732
 20
27997.05246291038
 10
11059.37138015791
 20
27997.05246291038
  0
LINE
  5
6B3
102
{ACAD_REACTORS
330
8FF
102
}
330
1F
100
AcDbEntity
  8
ELE 1
100
AcDbLine
 10
11059.3713801579
 20
28963.27548561918
 30
0.0
 11
11241.89284843551
 21
28963.27548561918
 31
0.0
  0
LINE
  5
6B4
102
{ACAD_REACTORS
330
8FF
102
}
330
1F
100
AcDbEntity
  8
ELE 1
100
AcDbLine
 10
11241.89284843551
 20
28963.27548561918
 30
0.0
 11
11241.89284843551
 21
28931.33422867028
 31
0.0
  0
LINE
  5
6B5
102
{ACAD_REACTORS
330
8FF
102
}
330
1F
100
AcDbEntity
  8
ELE 1
100
AcDbLine
 10
11241.89284843551
 20
28931.33422867028
 30
0.0
 11
11196.26248136611
 21
28931.33422867028
 31
0.0
  0
LINE
  5
6B6
102
{ACAD_REACTORS
330
8FF
102
}
330
1F
100
AcDbEntity
  8
ELE 1
100
AcDbLine
 10
11196.26248136611
 20
28931.33422867028
 30
0.0
 11
11196.26248136611
 21
28917.64511854978
 31
0.0
  0
LINE
  5
6B7
102
{ACAD_REACTORS
330
8FF
102
}
330
1F
100
AcDbEntity
  8
ELE 1
100
AcDbLine
 10
11196.26248136611
 20
28917.64511854978
 30
0.0
 11
11105.0017472273
 21
28917.64511854978
 31
0.0
  0
LINE
  5
6B8
102
{ACAD_REACTORS
330
8FF
102
}
330
1F
100
AcDbEntity
  8
ELE 1
100
AcDbLine
 10
11105.0017472273
 20
28917.64511854978
 30
0.0
 11
11105.0017472273
 21
28931.33422867028
 31
0.0
  0
LINE
  5
6B9
102
{ACAD_REACTORS
330
8FF
102
}
330
1F
100
AcDbEntity
  8
ELE 1
100
AcDbLine
 10
11105.0017472273
 20
28931.33422867028
 30
0.0
 11
11059.3713801579
 21
28931.33422867028
 31
0.0
  0
LINE
  5
6BA
102
{ACAD_REACTORS
330
8FF
102
}
330
1F
100
AcDbEntity
  8
ELE 1
100
AcDbLine
 10
11059.3713801579
 20
28931.33422867028
 30
0.0
 11
11059.3713801579
 21
28963.27548561918
 31
0.0
  0
LINE
  5
88B
330
1F
100
AcDbEntity
  8
ELE 2
100
AcDbLine
 10
5666.753221581342
 20
25063.27548561918
 30
0.0
 11
9066.753221581342
 21
25063.27548561918
 31
0.0
  0
LINE
  5
88E
330
1F
100
AcDbEntity
  8
ELE 2
100
AcDbLine
 10
5666.753221581342
 20
24833.27548561918
 30
0.0
 11
5666.753221581342
 21
25063.27548561918
 31
0.0
  0
LINE
  5
88F
330
1F
100
AcDbEntity
  8
wall
100
AcDbLine
 10
4466.753221581342
 20
24833.27548561918
 30
0.0
 11
4136.753221581357
 21
24833.27548561917
 31
0.0
  0
LINE
  5
898
330
1F
100
AcDbEntity
  8
ELE 2
100
AcDbLine
 10
2296.721731597763
 20
30493.27548561918
 30
0.0
 11
2296.721731597763
 21
29293.27548561918
 31
0.0
  0
LINE
  5
899
330
1F
100
AcDbEntity
  8
ELE 2
100
AcDbLine
 10
2526.721731597763
 20
30263.27548561918
 30
0.0
 11
2526.721731597763
 21
29293.27548561918
 31
0.0
  0
LINE
  5
89A
330
1F
100
AcDbEntity
  8
ELE 2
100
AcDbLine
 10
6064.164784178402
 20
30493.27548561918
 30
0.0
 11
6064.164784178402
 21
29293.27548561918
 31
0.0
  0
LINE
  5
89B
330
1F
100
AcDbEntity
  8
ELE 2
100
AcDbLine
 10
5834.164784178401
 20
30263.27548561918
 30
0.0
 11
5834.164784178401
 21
29293.27548561918
 31
0.0
  0
LINE
  5
89C
330
1F
100
AcDbEntity
  8
wall
100
AcDbLine
 10
4566.753221581357
 20
29063.27548561918
 30
0.0
 11
4566.753221581357
 21
29293.27548561918
 31
0.0
  0
LINE
  5
89D
330
1F
100
AcDbEntity
  8
wall
100
AcDbLine
 10
5466.753221581357
 20
29063.27548561918
 30
0.0
 11
5466.753221581357
 21
29293.27548561918
 31
0.0
  0
LINE
  5
8CE
330
1F
100
AcDbEntity
  8
wall
100
AcDbLine
 10
15306.75322158134
 20
21783.27548561918
 30
0.0
 11
15306.75322158135
 21
16473.27548561919
 31
0.0
  0
LINE
  5
8D0
330
1F
100
AcDbEntity
  8
ELE 1
100
AcDbLine
 10
9496.753221581341
 20
16473.27548561919
 30
0.0
 11
14876.75322158134
 21
16473.27548561953
 31
0.0
  0
LINE
  5
8D9
330
1F
100
AcDbEntity
  8
SILL
100
AcDbLine
 10
1236.753221581357
 20
20628.27548561918
 30
0.0
 11
1236.753221581357
 21
18628.27548561917
 31
0.0
  0
LINE
  5
8DE
330
1F
100
AcDbEntity
  8
SILL
100
AcDbLine
 10
1466.753221581371
 20
20628.27548561918
 30
0.0
 11
1466.753221581371
 21
18628.27548561918
 31
0.0
  0
LINE
  5
8DF
330
1F
100
AcDbEntity
  8
SILL
100
AcDbLine
 10
6.75322158137169
 20
22968.2754856192
 30
0.0
 11
6.753221581371548
 21
21968.2754856192
 31
0.0
  0
LINE
  5
8E1
330
1F
100
AcDbEntity
  8
SILL
100
AcDbLine
 10
236.7532215813717
 20
22968.2754856192
 30
0.0
 11
236.7532215813717
 21
21968.2754856192
 31
0.0
  0
LINE
  5
8E2
330
1F
100
AcDbEntity
  8
ELE 1
100
AcDbLine
 10
2666.753221581328
 20
22633.27548561917
 30
0.0
 11
2666.753221581369
 21
21934.70405704825
 31
0.0
  0
LINE
  5
8E4
330
1F
100
AcDbEntity
  8
ELE 1
100
AcDbLine
 10
6.75322158137169
 20
17473.27548561918
 30
0.0
 11
1236.753221581357
 21
17473.27548561918
 31
0.0
  0
LINE
  5
8E5
330
1F
100
AcDbEntity
  8
ELE 1
100
AcDbLine
 10
6.75322158137169
 20
21553.27548561918
 30
0.0
 11
6.75322158137169
 21
17473.27548561918
 31
0.0
  0
LINE
  5
8EA
330
1F
100
AcDbEntity
  8
ABOVE-DOTTED
100
AcDbLine
 10
6266.753221581357
 20
27863.27548561918
 30
0.0
 11
9066.753221581372
 21
27863.27548561918
 31
0.0
  0
TEXT
  5
8F9
330
1F
100
AcDbEntity
  8
0
100
AcDbText
 10
5134.295698589092
 20
14648.87770767152
 30
0.0
 40
300.0
  1
GROUND FLOOR PLAN
100
AcDbText
  0
LINE
  5
900
102
{ACAD_REACTORS
330
90D
102
}
330
1F
100
AcDbEntity
  8
ELE 1
100
AcDbLine
 10
5437.962824291798
 20
29251.53130741905
 30
0.0
 11
5437.962824291784
 21
30093.65042814517
 31
0.0
  0
LINE
  5
901
102
{ACAD_REACTORS
330
90D
102
}
330
1F
100
AcDbEntity
  8
ELE 1
100
AcDbLine
 10
5405.059513102854
 20
29251.53130741905
 30
0.0
 11
5405.059513102854
 21
30092.97865209171
 31
0.0
  0
LWPOLYLINE
  5
902
102
{ACAD_REACTORS
330
90D
102
}
330
1F
100
AcDbEntity
  8
ELE 1
100
AcDbPolyline
 90
        2
 70
     0
 43
0.0
 10
5437.962824291798
 20
29251.53130741905
 10
5405.059513102854
 20
29251.53130741905
  0
ARC
  5
903
102
{ACAD_REACTORS
330
90D
102
}
330
1F
100
AcDbEntity
  8
ABOVE-DOTTED
100
AcDbCircle
 10
5464.379853834767
 20
29225.11427787565
 30
0.0
 40
868.9378020148053
100
AcDbArc
 50
91.74214719321165
 51
178.2578528067953
  0
LWPOLYLINE
  5
904
102
{ACAD_REACTORS
330
90D
102
}
330
1F
100
AcDbEntity
  8
ELE 1
100
AcDbPolyline
 90
        8
 70
     1
 43
0.0
 10
4567.053306278679
 20
29251.53130741903
 10
4567.053306278679
 20
29087.01475148038
 10
4595.843703568239
 20
29087.01475148038
 10
4595.843703568239
 20
29128.14389046504
 10
4608.182445263346
 20
29128.14389046504
 10
4608.182445263346
 20
29210.40216843437
 10
4595.843703568239
 20
29210.40216843437
 10
4595.843703568239
 20
29251.53130741903
  0
LINE
  5
905
102
{ACAD_REACTORS
330
90D
102
}
330
1F
100
AcDbEntity
  8
ELE 1
100
AcDbLine
 10
5466.753221581357
 20
29251.53130741905
 30
0.0
 11
5466.753221581357
 21
29087.01475148038
 31
0.0
  0
LINE
  5
906
102
{ACAD_REACTORS
330
90D
102
}
330
1F
100
AcDbEntity
  8
ELE 1
100
AcDbLine
 10
5466.753221581357
 20
29087.01475148038
 30
0.0
 11
5437.962824291798
 21
29087.01475148038
 31
0.0
  0
LINE
  5
907
102
{ACAD_REACTORS
330
90D
102
}
330
1F
100
AcDbEntity
  8
ELE 1
100
AcDbLine
 10
5437.962824291798
 20
29087.01475148038
 30
0.0
 11
5437.962824291798
 21
29128.14389046504
 31
0.0
  0
LINE
  5
908
102
{ACAD_REACTORS
330
90D
102
}
330
1F
100
AcDbEntity
  8
ELE 1
100
AcDbLine
 10
5437.962824291798
 20
29128.14389046504
 30
0.0
 11
5425.62408259669
 21
29128.14389046504
 31
0.0
  0
LINE
  5
909
102
{ACAD_REACTORS
330
90D
102
}
330
1F
100
AcDbEntity
  8
ELE 1
100
AcDbLine
 10
5425.62408259669
 20
29128.14389046504
 30
0.0
 11
5425.62408259669
 21
29210.40216843438
 31
0.0
  0
LINE
  5
90A
102
{ACAD_REACTORS
330
90D
102
}
330
1F
100
AcDbEntity
  8
ELE 1
100
AcDbLine
 10
5425.62408259669
 20
29210.40216843438
 30
0.0
 11
5437.962824291798
 21
29210.40216843438
 31
0.0
  0
LINE
  5
90B
102
{ACAD_REACTORS
330
90D
102
}
330
1F
100
AcDbEntity
  8
ELE 1
100
AcDbLine
 10
5437.962824291798
 20
29210.40216843438
 30
0.0
 11
5437.962824291798
 21
29251.53130741905
 31
0.0
  0
LINE
  5
90C
102
{ACAD_REACTORS
330
90D
102
}
330
1F
100
AcDbEntity
  8
ELE 1
100
AcDbLine
 10
5437.962824291798
 20
29251.53130741905
 30
0.0
 11
5466.753221581357
 21
29251.53130741905
 31
0.0
  0
LINE
  5
91A
330
1F
100
AcDbEntity
  8
ELE 2
100
AcDbLine
 10
5666.753221581357
 20
27863.27548561918
 30
0.0
 11
6266.753221581357
 21
27863.27548561918
 31
0.0
  0
LINE
  5
91B
330
1F
100
AcDbEntity
  8
ELE 2
100
AcDbLine
 10
5646.753221581357
 20
27883.27548561918
 30
0.0
 11
6266.753221581357
 21
27883.27548561919
 31
0.0
  0
LINE
  5
91C
330
1F
100
AcDbEntity
  8
ELE 2
100
AcDbLine
 10
5626.753221581357
 20
27903.27548561919
 30
0.0
 11
6266.753221581357
 21
27903.27548561919
 31
0.0
  0
LINE
  5
91D
330
1F
100
AcDbEntity
  8
ELE 2
100
AcDbLine
 10
5646.753221581357
 20
27883.27548561918
 30
0.0
 11
5646.753221581357
 21
26063.27548561918
 31
0.0
  0
LINE
  5
91E
330
1F
100
AcDbEntity
  8
ELE 2
100
AcDbLine
 10
5626.753221581357
 20
27903.27548561919
 30
0.0
 11
5626.753221581357
 21
26063.27548561918
 31
0.0
  0
LINE
  5
920
330
1F
100
AcDbEntity
  8
ABOVE-DOTTED
100
AcDbLine
 10
6266.753221581357
 20
27883.27548561918
 30
0.0
 11
9066.753221581372
 21
27883.27548561918
 31
0.0
  0
LINE
  5
921
330
1F
100
AcDbEntity
  8
ABOVE-DOTTED
100
AcDbLine
 10
6266.753221581357
 20
27903.27548561919
 30
0.0
 11
9066.753221581372
 21
27903.27548561919
 31
0.0
  0
LINE
  5
922
330
1F
100
AcDbEntity
  8
ELE 2
100
AcDbLine
 10
5626.753221581357
 20
27863.27548561918
 30
0.0
 11
4466.753221581357
 21
27863.27548561918
 31
0.0
  0
LINE
  5
923
330
1F
100
AcDbEntity
  8
ELE 2
100
AcDbLine
 10
5666.753221581357
 20
27883.27548561918
 30
0.0
 11
5666.753221581357
 21
26063.27548561918
 31
0.0
  0
LINE
  5
924
330
1F
100
AcDbEntity
  8
ELE 2
100
AcDbLine
 10
5966.753221581357
 20
27903.27548561919
 30
0.0
 11
5966.753221581357
 21
29063.27548561918
 31
0.0
  0
LINE
  5
925
330
1F
100
AcDbEntity
  8
ELE 2
100
AcDbLine
 10
6266.753221581357
 20
27903.27548561918
 30
0.0
 11
6266.753221581357
 21
29063.27548561918
 31
0.0
  0
LINE
  5
926
330
1F
100
AcDbEntity
  8
ELE 2
100
AcDbLine
 10
5646.753221581358
 20
27563.27548561918
 30
0.0
 11
5666.753221581357
 21
27563.27548561918
 31
0.0
  0
LINE
  5
927
330
1F
100
AcDbEntity
  8
ELE 2
100
AcDbLine
 10
5646.753221581358
 20
27263.27548561918
 30
0.0
 11
5666.753221581357
 21
27263.27548561918
 31
0.0
  0
LINE
  5
928
330
1F
100
AcDbEntity
  8
ELE 2
100
AcDbLine
 10
5646.753221581358
 20
26963.27548561918
 30
0.0
 11
5666.753221581357
 21
26963.27548561918
 31
0.0
  0
LINE
  5
929
330
1F
100
AcDbEntity
  8
ELE 2
100
AcDbLine
 10
5646.753221581358
 20
26663.27548561918
 30
0.0
 11
5666.753221581357
 21
26663.27548561918
 31
0.0
  0
LINE
  5
92A
330
1F
100
AcDbEntity
  8
ELE 2
100
AcDbLine
 10
5646.753221581358
 20
26363.27548561918
 30
0.0
 11
5666.753221581357
 21
26363.27548561918
 31
0.0
  0
LINE
  5
92B
330
1F
100
AcDbEntity
  8
ABOVE-DOTTED
100
AcDbLine
 10
6566.753221581357
 20
27903.27548561918
 30
0.0
 11
6566.753221581357
 21
29063.27548561918
 31
0.0
  0
LINE
  5
92C
330
1F
100
AcDbEntity
  8
ABOVE-DOTTED
100
AcDbLine
 10
6866.753221581358
 20
27903.27548561918
 30
0.0
 11
6866.753221581358
 21
29063.27548561918
 31
0.0
  0
LINE
  5
92D
330
1F
100
AcDbEntity
  8
ABOVE-DOTTED
100
AcDbLine
 10
7166.753221581358
 20
27903.27548561918
 30
0.0
 11
7166.753221581358
 21
29063.27548561918
 31
0.0
  0
LINE
  5
92E
330
1F
100
AcDbEntity
  8
ABOVE-DOTTED
100
AcDbLine
 10
7466.753221581358
 20
27903.27548561918
 30
0.0
 11
7466.753221581358
 21
29063.27548561918
 31
0.0
  0
LINE
  5
92F
330
1F
100
AcDbEntity
  8
ABOVE-DOTTED
100
AcDbLine
 10
7766.753221581358
 20
27903.27548561918
 30
0.0
 11
7766.753221581358
 21
29063.27548561918
 31
0.0
  0
LINE
  5
930
330
1F
100
AcDbEntity
  8
ABOVE-DOTTED
100
AcDbLine
 10
8066.753221581357
 20
27903.27548561918
 30
0.0
 11
8066.753221581357
 21
29063.27548561918
 31
0.0
  0
LINE
  5
931
330
1F
100
AcDbEntity
  8
ABOVE-DOTTED
100
AcDbLine
 10
8366.753221581358
 20
27903.27548561918
 30
0.0
 11
8366.753221581358
 21
29063.27548561918
 31
0.0
  0
LINE
  5
932
330
1F
100
AcDbEntity
  8
ABOVE-DOTTED
100
AcDbLine
 10
8666.753221581357
 20
27903.27548561918
 30
0.0
 11
8666.753221581357
 21
29063.27548561918
 31
0.0
  0
LINE
  5
933
330
1F
100
AcDbEntity
  8
ABOVE-DOTTED
100
AcDbLine
 10
8966.753221581358
 20
27903.27548561918
 30
0.0
 11
8966.753221581358
 21
29063.27548561918
 31
0.0
  0
LINE
  5
957
102
{ACAD_REACTORS
330
96F
102
}
330
1F
100
AcDbEntity
  8
FURN
100
AcDbLine
 10
2766.038968627561
 20
27923.29131564511
 30
0.0
 11
2766.038968627561
 21
25923.29131564511
 31
0.0
  0
LINE
  5
958
102
{ACAD_REACTORS
330
96F
102
}
330
1F
100
AcDbEntity
  8
FURN
100
AcDbLine
 10
2733.78090411144
 20
27891.03325112898
 30
0.0
 11
2733.78090411144
 21
25955.54938016122
 31
0.0
  0
LINE
  5
959
102
{ACAD_REACTORS
330
96F
102
}
330
1F
100
AcDbEntity
  8
FURN
100
AcDbLine
 10
242.392324215225
 20
25923.29131564511
 30
0.0
 11
242.392324215225
 21
27923.29131564511
 31
0.0
  0
LINE
  5
95A
102
{ACAD_REACTORS
330
96F
102
}
330
1F
100
AcDbEntity
  8
FURN
100
AcDbLine
 10
305.072531634376
 20
25923.29131564511
 30
0.0
 11
305.072531634376
 21
27923.29131564511
 31
0.0
  0
LINE
  5
95B
102
{ACAD_REACTORS
330
96F
102
}
330
1F
100
AcDbEntity
  8
FURN
100
AcDbLine
 10
380.2884752196423
 20
27030.1370787154
 30
0.0
 11
380.2884752196569
 21
27823.08845517208
 31
0.0
  0
LINE
  5
95C
102
{ACAD_REACTORS
330
96F
102
}
330
1F
100
AcDbEntity
  8
FURN
100
AcDbLine
 10
769.8690387187834
 20
27030.1370787154
 30
0.0
 11
769.8690387187834
 21
27823.08845517208
 31
0.0
  0
LINE
  5
95D
102
{ACAD_REACTORS
330
96F
102
}
330
1F
100
AcDbEntity
  8
FURN
100
AcDbLine
 10
242.392324215225
 20
27923.29131564511
 30
0.0
 11
2766.038968627561
 21
27923.29131564511
 31
0.0
  0
LINE
  5
95E
102
{ACAD_REACTORS
330
96F
102
}
330
1F
100
AcDbEntity
  8
FURN
100
AcDbLine
 10
242.392324215225
 20
27891.03325112898
 30
0.0
 11
2733.78090411144
 21
27891.03325112896
 31
0.0
  0
LINE
  5
95F
102
{ACAD_REACTORS
330
96F
102
}
330
1F
100
AcDbEntity
  8
FURN
100
AcDbLine
 10
380.2884752196569
 20
27823.08845517208
 30
0.0
 11
769.8690387187834
 21
27823.08845517208
 31
0.0
  0
LINE
  5
960
102
{ACAD_REACTORS
330
96F
102
}
330
1F
100
AcDbEntity
  8
FURN
100
AcDbLine
 10
656.5397277286701
 20
28502.0993821424
 30
0.0
 11
236.7532215813717
 21
28502.0993821424
 31
0.0
  0
LINE
  5
961
102
{ACAD_REACTORS
330
96F
102
}
330
1F
100
AcDbEntity
  8
FURN
100
AcDbLine
 10
236.7532215813717
 20
27986.44245322927
 30
0.0
 11
656.5397277286701
 21
27986.44245322927
 31
0.0
  0
LINE
  5
962
102
{ACAD_REACTORS
330
96F
102
}
330
1F
100
AcDbEntity
  8
FURN
100
AcDbLine
 10
656.5397277286701
 20
27986.44245322927
 30
0.0
 11
656.5397277286701
 21
28502.0993821424
 31
0.0
  0
LINE
  5
963
102
{ACAD_REACTORS
330
96F
102
}
330
1F
100
AcDbEntity
  8
FURN
100
AcDbLine
 10
236.7532215813717
 20
28502.0993821424
 30
0.0
 11
236.7532215813717
 21
27986.44245322927
 31
0.0
  0
LINE
  5
964
102
{ACAD_REACTORS
330
96F
102
}
330
1F
100
AcDbEntity
  8
FURN
100
AcDbLine
 10
2766.038968627561
 20
25923.29131564511
 30
0.0
 11
242.392324215225
 21
25923.29131564511
 31
0.0
  0
LINE
  5
965
102
{ACAD_REACTORS
330
96F
102
}
330
1F
100
AcDbEntity
  8
FURN
100
AcDbLine
 10
380.2884752196569
 20
27030.1370787154
 30
0.0
 11
769.8690387187834
 21
27030.1370787154
 31
0.0
  0
LINE
  5
966
102
{ACAD_REACTORS
330
96F
102
}
330
1F
100
AcDbEntity
  8
FURN
100
AcDbLine
 10
380.2884752196569
 20
26829.49801407029
 30
0.0
 11
769.8690387187834
 21
26829.49801407029
 31
0.0
  0
LINE
  5
967
102
{ACAD_REACTORS
330
96F
102
}
330
1F
100
AcDbEntity
  8
FURN
100
AcDbLine
 10
769.8690387187834
 20
26023.49417611814
 30
0.0
 11
380.2884752196569
 21
26023.49417611814
 31
0.0
  0
LINE
  5
968
102
{ACAD_REACTORS
330
96F
102
}
330
1F
100
AcDbEntity
  8
FURN
100
AcDbLine
 10
656.5397277286701
 20
25875.81025306985
 30
0.0
 11
236.7532215813717
 21
25875.81025306985
 31
0.0
  0
LINE
  5
969
102
{ACAD_REACTORS
330
96F
102
}
330
1F
100
AcDbEntity
  8
FURN
100
AcDbLine
 10
236.7532215813717
 20
25360.15332415672
 30
0.0
 11
656.5397277286701
 21
25360.15332415672
 31
0.0
  0
LINE
  5
96A
102
{ACAD_REACTORS
330
96F
102
}
330
1F
100
AcDbEntity
  8
FURN
100
AcDbLine
 10
2733.78090411144
 20
25955.54938016122
 30
0.0
 11
242.392324215225
 21
25955.54938016124
 31
0.0
  0
LINE
  5
96B
102
{ACAD_REACTORS
330
96F
102
}
330
1F
100
AcDbEntity
  8
FURN
100
AcDbLine
 10
769.8690387187834
 20
26023.49417611814
 30
0.0
 11
769.8690387187834
 21
26829.49801407029
 31
0.0
  0
LINE
  5
96C
102
{ACAD_REACTORS
330
96F
102
}
330
1F
100
AcDbEntity
  8
FURN
100
AcDbLine
 10
656.5397277286701
 20
25360.15332415672
 30
0.0
 11
656.5397277286701
 21
25875.81025306985
 31
0.0
  0
LINE
  5
96D
102
{ACAD_REACTORS
330
96F
102
}
330
1F
100
AcDbEntity
  8
FURN
100
AcDbLine
 10
380.2884752196569
 20
26023.49417611814
 30
0.0
 11
380.2884752196423
 21
26829.49801407029
 31
0.0
  0
LINE
  5
96E
102
{ACAD_REACTORS
330
96F
102
}
330
1F
100
AcDbEntity
  8
FURN
100
AcDbLine
 10
236.7532215813717
 20
25875.81025306985
 30
0.0
 11
236.7532215813717
 21
25360.15332415672
 31
0.0
  0
LINE
  5
973
330
1F
100
AcDbEntity
  8
ELE 1
100
AcDbLine
 10
9066.753221581342
 20
24763.27548561918
 30
0.0
 11
5966.753221581344
 21
24763.27548561918
 31
0.0
  0
LINE
  5
974
330
1F
100
AcDbEntity
  8
ELE 1
100
AcDbLine
 10
5966.753221581344
 20
24763.27548561918
 30
0.0
 11
5966.753221581356
 21
21853.27548561918
 31
0.0
  0
LINE
  5
975
330
1F
100
AcDbEntity
  8
ELE 1
100
AcDbLine
 10
9066.753221581372
 20
21853.27548561918
 30
0.0
 11
5966.753221581355
 21
21853.27548561918
 31
0.0
  0
LINE
  5
976
330
1F
100
AcDbEntity
  8
ELE 1
100
AcDbLine
 10
9066.753221581342
 20
24463.27548561918
 30
0.0
 11
6266.753221581345
 21
24463.27548561918
 31
0.0
  0
LINE
  5
977
330
1F
100
AcDbEntity
  8
ELE 1
100
AcDbLine
 10
6266.753221581345
 20
24463.27548561918
 30
0.0
 11
6266.753221581354
 21
22153.27548561918
 31
0.0
  0
LINE
  5
978
330
1F
100
AcDbEntity
  8
ELE 1
100
AcDbLine
 10
9066.753221581372
 20
22153.27548561918
 30
0.0
 11
6266.753221581355
 21
22153.27548561918
 31
0.0
  0
LINE
  5
B2E
102
{ACAD_REACTORS
330
D1F
330
2592
102
}
330
1F
100
AcDbEntity
  8
FURN
100
AcDbLine
 10
2227.207958878469
 20
76064.51451626027
 30
0.0
 11
2227.207958878469
 21
76059.51451626027
 31
0.0
  0
LINE
  5
B8D
102
{ACAD_REACTORS
330
BE1
102
}
330
1F
100
AcDbEntity
  8
FURN
100
AcDbLine
 10
11764.98948588546
 20
19059.29939423939
 30
0.0
 11
11761.65496439455
 21
18666.08889266043
 31
0.0
  0
LINE
  5
B8E
102
{ACAD_REACTORS
330
BE1
102
}
330
1F
100
AcDbEntity
  8
FURN
100
AcDbLine
 10
11665.10264272411
 20
20107.74878530828
 30
0.0
 11
11648.56922543305
 21
18627.63941186004
 31
0.0
  0
LINE
  5
B8F
102
{ACAD_REACTORS
330
BE1
102
}
330
1F
100
AcDbEntity
  8
FURN
100
AcDbLine
 10
11647.26751534815
 20
18511.10734445604
 30
0.0
 11
11428.72797607615
 21
18990.14656653766
 31
0.0
  0
LINE
  5
B90
102
{ACAD_REACTORS
330
BE1
102
}
330
1F
100
AcDbEntity
  8
FURN
100
AcDbLine
 10
9846.819858446471
 20
19060.01400128985
 30
0.0
 11
9849.861400795731
 21
18666.80112433172
 31
0.0
  0
LINE
  5
B91
102
{ACAD_REACTORS
330
BE1
102
}
330
1F
100
AcDbEntity
  8
FURN
100
AcDbLine
 10
9964.133342493063
 20
18511.73438991104
 30
0.0
 11
10183.02974965894
 21
18990.61064683723
 31
0.0
  0
LINE
  5
B92
102
{ACAD_REACTORS
330
BE1
102
}
330
1F
100
AcDbEntity
  8
FURN
100
AcDbLine
 10
9947.487865713355
 20
20108.38867638574
 30
0.0
 11
9962.918459944962
 21
18628.26739486239
 31
0.0
  0
ARC
  5
B93
102
{ACAD_REACTORS
330
BE1
102
}
330
1F
100
AcDbEntity
  8
FURN
100
AcDbCircle
 10
10806.33803480774
 20
20222.90166795983
 30
0.0
 40
1381.646937786433
100
AcDbArc
 50
243.3540827827652
 51
296.6032265548077
  0
LINE
  5
B94
102
{ACAD_REACTORS
330
BE1
102
}
330
1F
100
AcDbEntity
  8
FURN
100
AcDbLine
 10
10474.09919170099
 20
17930.57286329239
 30
0.0
 11
10817.58244746968
 21
17928.29989354926
 31
0.0
  0
ARC
  5
B95
102
{ACAD_REACTORS
330
BE1
102
}
330
1F
100
AcDbEntity
  8
FURN
100
AcDbCircle
 10
10807.1540891315
 20
22413.37910189847
 30
0.0
 40
4352.560811777295
100
AcDbArc
 50
261.8863328297597
 51
278.0709765079585
  0
LINE
  5
B96
102
{ACAD_REACTORS
330
BE1
102
}
330
1F
100
AcDbEntity
  8
FURN
100
AcDbLine
 10
11757.04720612444
 20
18122.736886839
 30
0.0
 11
11695.95185577972
 21
17674.4834009156
 31
0.0
  0
ARC
  5
B97
102
{ACAD_REACTORS
330
BE1
102
}
330
1F
100
AcDbEntity
  8
FURN
100
AcDbCircle
 10
5411.724267654395
 20
17913.68703283129
 30
0.0
 40
6346.072774014903
100
AcDbArc
 50
355.0591597701403
 51
1.868850104933891
  0
LINE
  5
B98
102
{ACAD_REACTORS
330
BE1
102
}
330
1F
100
AcDbEntity
  8
FURN
100
AcDbLine
 10
11732.64931234318
 20
17370.79178603942
 30
0.0
 11
11694.34799019249
 21
17359.32246655108
 31
0.0
  0
LINE
  5
B99
102
{ACAD_REACTORS
330
BE1
102
}
330
1F
100
AcDbEntity
  8
FURN
100
AcDbLine
 10
11695.95185577972
 20
17674.4834009156
 30
0.0
 11
11706.96308008881
 21
17376.08101448027
 31
0.0
  0
LINE
  5
B9A
102
{ACAD_REACTORS
330
BE1
102
}
330
1F
100
AcDbEntity
  8
FURN
100
AcDbLine
 10
11578.35274449284
 20
17300.79407912109
 30
0.0
 11
11297.71983386183
 21
17255.66562816967
 31
0.0
  0
LINE
  5
B9B
102
{ACAD_REACTORS
330
BE1
102
}
330
1F
100
AcDbEntity
  8
FURN
100
AcDbLine
 10
11812.04743468876
 20
18683.22247941353
 30
0.0
 11
11811.85994815371
 21
18576.76982608741
 31
0.0
  0
LINE
  5
B9C
102
{ACAD_REACTORS
330
BE1
102
}
330
1F
100
AcDbEntity
  8
FURN
100
AcDbLine
 10
11609.50816175005
 20
18614.35853637656
 30
0.0
 11
11812.04743468876
 21
18683.22247941353
 31
0.0
  0
LINE
  5
B9D
102
{ACAD_REACTORS
330
BE1
102
}
330
1F
100
AcDbEntity
  8
FURN
100
AcDbLine
 10
11647.64859831518
 20
18545.22276425198
 30
0.0
 11
11645.76820679758
 21
18376.88580995171
 31
0.0
  0
LINE
  5
B9E
102
{ACAD_REACTORS
330
BE1
102
}
330
1F
100
AcDbEntity
  8
FURN
100
AcDbLine
 10
11811.85994815371
 20
18576.76982608741
 30
0.0
 11
11638.74972777978
 21
18543.51317950463
 31
0.0
  0
LINE
  5
B9F
102
{ACAD_REACTORS
330
BE1
102
}
330
1F
100
AcDbEntity
  8
FURN
100
AcDbLine
 10
11760.81435528537
 20
18566.96332686403
 30
0.0
 11
11757.04720612444
 21
18122.736886839
 31
0.0
  0
ARC
  5
BA0
102
{ACAD_REACTORS
330
BE1
102
}
330
1F
100
AcDbEntity
  8
FURN
100
AcDbCircle
 10
11346.09047451426
 20
18395.37782611316
 30
0.0
 40
300.2477275320905
100
AcDbArc
 50
283.9066790749606
 51
356.4689642593923
  0
LINE
  5
BA1
102
{ACAD_REACTORS
330
BE1
102
}
330
1F
100
AcDbEntity
  8
FURN
100
AcDbLine
 10
11136.8687885724
 20
17930.32595091301
 30
0.0
 11
10793.38393457549
 21
17928.30890861638
 31
0.0
  0
LINE
  5
BA2
102
{ACAD_REACTORS
330
BE1
102
}
330
1F
100
AcDbEntity
  8
FURN
100
AcDbLine
 10
9854.064310254253
 20
18123.44583612839
 30
0.0
 11
9914.825653306341
 21
17675.14695294137
 31
0.0
  0
ARC
  5
BA3
102
{ACAD_REACTORS
330
BE1
102
}
330
1F
100
AcDbEntity
  8
FURN
100
AcDbCircle
 10
16199.22972589089
 20
17909.66818728858
 30
0.0
 40
6346.072774014903
100
AcDbArc
 50
178.0884592324187
 51
184.8981495673614
  0
LINE
  5
BA4
102
{ACAD_REACTORS
330
BE1
102
}
330
1F
100
AcDbEntity
  8
FURN
100
AcDbLine
 10
9877.901928569123
 20
17371.48276536592
 30
0.0
 11
9916.194694383547
 21
17359.9849110314
 31
0.0
  0
LINE
  5
BA5
102
{ACAD_REACTORS
330
BE1
102
}
330
1F
100
AcDbEntity
  8
FURN
100
AcDbLine
 10
10032.14629881951
 20
17301.37011265417
 30
0.0
 11
10312.74550667932
 21
17256.03257673807
 31
0.0
  0
LINE
  5
BA6
102
{ACAD_REACTORS
330
BE1
102
}
330
1F
100
AcDbEntity
  8
FURN
100
AcDbLine
 10
9914.825653306341
 20
17675.14695294137
 30
0.0
 11
9903.592094658183
 21
17376.75285371824
 31
0.0
  0
LINE
  5
BA7
102
{ACAD_REACTORS
330
BE1
102
}
330
1F
100
AcDbEntity
  8
FURN
100
AcDbLine
 10
9799.481710597429
 20
18683.97225338314
 30
0.0
 11
9799.589880001306
 21
18577.51948991149
 31
0.0
  0
LINE
  5
BA8
102
{ACAD_REACTORS
330
BE1
102
}
330
1F
100
AcDbEntity
  8
FURN
100
AcDbLine
 10
10001.96961730394
 20
18614.95741895781
 30
0.0
 11
9799.481710597429
 21
18683.97225338314
 31
0.0
  0
LINE
  5
BA9
102
{ACAD_REACTORS
330
BE1
102
}
330
1F
100
AcDbEntity
  8
FURN
100
AcDbLine
 10
9963.777678776992
 20
18545.85008417925
 30
0.0
 11
9965.532643161798
 21
18377.51177554049
 31
0.0
  0
ARC
  5
BAA
102
{ACAD_REACTORS
330
BE1
102
}
330
1F
100
AcDbEntity
  8
FURN
100
AcDbCircle
 10
10265.22407052364
 20
18395.78049892262
 30
0.0
 40
300.2477275320905
100
AcDbArc
 50
183.4883450780308
 51
256.0506302629169
  0
LINE
  5
BAB
102
{ACAD_REACTORS
330
BE1
102
}
330
1F
100
AcDbEntity
  8
FURN
100
AcDbLine
 10
9799.589880001306
 20
18577.51948991149
 30
0.0
 11
9972.675273043366
 21
18544.13386942429
 31
0.0
  0
LINE
  5
BAC
102
{ACAD_REACTORS
330
BE1
102
}
330
1F
100
AcDbEntity
  8
FURN
100
AcDbLine
 10
9850.628151950791
 20
18567.67495971916
 30
0.0
 11
9854.064310254253
 21
18123.44583612839
 31
0.0
  0
ARC
  5
BAD
102
{ACAD_REACTORS
330
BE1
102
}
330
1F
100
AcDbEntity
  8
FURN
100
AcDbCircle
 10
10806.15802395422
 20
19739.71114864291
 30
0.0
 40
2799.401725151419
100
AcDbArc
 50
253.9667776052423
 51
285.990531732284
  0
LINE
  5
BAE
102
{ACAD_REACTORS
330
BE1
102
}
330
1F
100
AcDbEntity
  8
FURN
100
AcDbLine
 10
10764.98000335403
 20
17056.17191851106
 30
0.0
 11
10800.18179890819
 21
16990.13349069129
 31
0.0
  0
LINE
  5
BAF
102
{ACAD_REACTORS
330
BE1
102
}
330
1F
100
AcDbEntity
  8
FURN
100
AcDbLine
 10
10845.33654803121
 20
17056.14198197544
 30
0.0
 11
10810.0855575077
 21
16990.1298010824
 31
0.0
  0
ARC
  5
BB0
102
{ACAD_REACTORS
330
BE1
102
}
330
1F
100
AcDbEntity
  8
FURN
100
AcDbCircle
 10
10805.93557653079
 20
19142.61111854736
 30
0.0
 40
2321.798402475362
100
AcDbArc
 50
251.4530329689292
 51
288.5042763682859
  0
ARC
  5
BB1
102
{ACAD_REACTORS
330
BE1
102
}
330
1F
100
AcDbEntity
  8
FURN
100
AcDbCircle
 10
11524.51782486189
 20
17055.26541538526
 30
0.0
 40
115.8698160989154
100
AcDbArc
 50
279.0868716679331
 51
348.6712035674896
  0
ARC
  5
BB2
102
{ACAD_REACTORS
330
BE1
102
}
330
1F
100
AcDbEntity
  8
FURN
100
AcDbCircle
 10
10085.79826192827
 20
17055.80140507491
 30
0.0
 40
115.8698160989154
100
AcDbArc
 50
191.2861057701599
 51
260.8704376699473
  0
LINE
  5
BB3
102
{ACAD_REACTORS
330
BE1
102
}
330
1F
100
AcDbEntity
  8
FURN
100
AcDbLine
 10
11577.33301548013
 20
17048.62602341425
 30
0.0
 11
11655.37664645588
 21
17087.49178023095
 31
0.0
  0
LINE
  5
BB4
102
{ACAD_REACTORS
330
BE1
102
}
330
1F
100
AcDbEntity
  8
FURN
100
AcDbLine
 10
10802.7457070478
 20
17047.29552057043
 30
0.0
 11
10764.98000335403
 21
17056.17191851106
 31
0.0
  0
LINE
  5
BB5
102
{ACAD_REACTORS
330
BE1
102
}
330
1F
100
AcDbEntity
  8
FURN
100
AcDbLine
 10
10807.56424108252
 20
17047.29372544327
 30
0.0
 11
10845.33654803121
 21
17056.14198197544
 31
0.0
  0
LINE
  5
BB6
102
{ACAD_REACTORS
330
BE1
102
}
330
1F
100
AcDbEntity
  8
FURN
100
AcDbLine
 10
10032.97813900905
 20
17049.20136715204
 30
0.0
 11
9954.963488282691
 21
17088.12526290848
 31
0.0
  0
LINE
  5
BB7
102
{ACAD_REACTORS
330
BE1
102
}
330
1F
100
AcDbEntity
  8
FURN
100
AcDbLine
 10
11706.96308008881
 20
17376.08101448027
 30
0.0
 11
11638.1300396775
 21
17032.50406816047
 31
0.0
  0
LINE
  5
BB8
102
{ACAD_REACTORS
330
BE1
102
}
330
1F
100
AcDbEntity
  8
FURN
100
AcDbLine
 10
9903.592094658183
 20
17376.75285371824
 30
0.0
 11
9972.169119339028
 21
17033.12471578331
 31
0.0
  0
LINE
  5
BB9
102
{ACAD_REACTORS
330
BE1
102
}
330
1F
100
AcDbEntity
  8
FURN
100
AcDbLine
 10
11297.71983386183
 20
17255.66562816967
 30
0.0
 11
11297.2728749481
 21
17001.88760466561
 31
0.0
  0
LINE
  5
BBA
102
{ACAD_REACTORS
330
BE1
102
}
330
1F
100
AcDbEntity
  8
FURN
100
AcDbLine
 10
10312.74550667932
 20
17256.03257673807
 30
0.0
 11
10313.00337735387
 21
17002.25429065232
 31
0.0
  0
LINE
  5
BBB
102
{ACAD_REACTORS
330
BE1
102
}
330
1F
100
AcDbEntity
  8
FURN
100
AcDbLine
 10
10420.52201862081
 20
16985.55252144916
 30
0.0
 11
10474.09919170099
 21
17930.57286329239
 31
0.0
  0
LINE
  5
BBC
102
{ACAD_REACTORS
330
BE1
102
}
330
1F
100
AcDbEntity
  8
FURN
100
AcDbLine
 10
11189.74181916255
 20
16985.26595143734
 30
0.0
 11
11136.8687885724
 21
17930.32595091301
 31
0.0
  0
LINE
  5
BBD
102
{ACAD_REACTORS
330
BE1
102
}
330
1F
100
AcDbEntity
  8
FURN
100
AcDbLine
 10
11600.45836943851
 20
18239.95363642394
 30
0.0
 11
11577.33301548013
 21
17048.62602341425
 31
0.0
  0
LINE
  5
BBE
102
{ACAD_REACTORS
330
BE1
102
}
330
1F
100
AcDbEntity
  8
FURN
100
AcDbLine
 10
10010.74044080107
 20
18240.54588000022
 30
0.0
 11
10032.97813900905
 21
17049.20136715204
 31
0.0
  0
LINE
  5
BBF
102
{ACAD_REACTORS
330
BE1
102
}
330
1F
100
AcDbEntity
  8
FURN
100
AcDbLine
 10
11729.72766219193
 20
20773.62161217329
 30
0.0
 11
11720.14238962553
 21
20392.92486811528
 31
0.0
  0
ARC
  5
BC0
102
{ACAD_REACTORS
330
BE1
102
}
330
1F
100
AcDbEntity
  8
FURN
100
AcDbCircle
 10
9946.243466603561
 20
20308.3728396652
 30
0.0
 40
1843.169090516081
100
AcDbArc
 50
350.7841021549719
 51
14.62063413475666
  0
LINE
  5
BC1
102
{ACAD_REACTORS
330
BE1
102
}
330
1F
100
AcDbEntity
  8
FURN
100
AcDbLine
 10
11587.57977684784
 20
20455.56181313581
 30
0.0
 11
11567.56003737606
 21
21034.43328334926
 31
0.0
  0
LINE
  5
BC2
102
{ACAD_REACTORS
330
BE1
102
}
330
1F
100
AcDbEntity
  8
FURN
100
AcDbLine
 10
9883.359001067992
 20
20774.30947003743
 30
0.0
 11
9892.660616665205
 21
20393.60568973859
 31
0.0
  0
ARC
  5
BC3
102
{ACAD_REACTORS
330
BE1
102
}
330
1F
100
AcDbEntity
  8
FURN
100
AcDbCircle
 10
11666.49604819901
 20
20307.73196588333
 30
0.0
 40
1843.169090516081
100
AcDbArc
 50
165.3366752028242
 51
189.173207182628
  0
LINE
  5
BC4
102
{ACAD_REACTORS
330
BE1
102
}
330
1F
100
AcDbEntity
  8
FURN
100
AcDbLine
 10
10025.26986296716
 20
20456.14384595684
 30
0.0
 11
10045.72090970274
 21
21035.00023892752
 31
0.0
  0
LINE
  5
BC5
102
{ACAD_REACTORS
330
BE1
102
}
330
1F
100
AcDbEntity
  8
FURN
100
AcDbLine
 10
10446.46825997881
 20
21034.91055104521
 30
0.0
 11
10444.66953047946
 21
20224.71320911939
 31
0.0
  0
LINE
  5
BC6
102
{ACAD_REACTORS
330
BE1
102
}
330
1F
100
AcDbEntity
  8
FURN
100
AcDbLine
 10
11166.81833410106
 20
21034.6421872705
 30
0.0
 11
11168.01339109613
 21
20224.44373002051
 31
0.0
  0
LINE
  5
BC7
102
{ACAD_REACTORS
330
BE1
102
}
330
1F
100
AcDbEntity
  8
FURN
100
AcDbLine
 10
10444.66953047946
 20
20224.71320911939
 30
0.0
 11
10807.56669662221
 21
20211.44760014016
 31
0.0
  0
LINE
  5
BC8
102
{ACAD_REACTORS
330
BE1
102
}
330
1F
100
AcDbEntity
  8
FURN
100
AcDbLine
 10
10200.55615181311
 20
19805.01915718608
 30
0.0
 11
10809.93629290096
 21
19776.27205419538
 31
0.0
  0
LINE
  5
BC9
102
{ACAD_REACTORS
330
BE1
102
}
330
1F
100
AcDbEntity
  8
FURN
100
AcDbLine
 10
11758.8118286744
 20
20017.91152516743
 30
0.0
 11
11764.98948588546
 21
19059.29939423939
 31
0.0
  0
LINE
  5
BCA
102
{ACAD_REACTORS
330
BE1
102
}
330
1F
100
AcDbEntity
  8
FURN
100
AcDbLine
 10
11428.72797607615
 20
18990.14656653766
 30
0.0
 11
11452.46016496489
 21
19661.85980294121
 31
0.0
  0
LINE
  5
BCB
102
{ACAD_REACTORS
330
BE1
102
}
330
1F
100
AcDbEntity
  8
FURN
100
AcDbLine
 10
11720.14238962553
 20
20392.92486811528
 30
0.0
 11
11758.8118286744
 21
20017.91152516743
 31
0.0
  0
LINE
  5
BCC
102
{ACAD_REACTORS
330
BE1
102
}
330
1F
100
AcDbEntity
  8
FURN
100
AcDbLine
 10
11587.57977684784
 20
20455.56181313581
 30
0.0
 11
11665.10264272411
 21
20107.74878530828
 31
0.0
  0
LINE
  5
BCD
102
{ACAD_REACTORS
330
BE1
102
}
330
1F
100
AcDbEntity
  8
FURN
100
AcDbLine
 10
11411.80838850221
 20
19804.56790961347
 30
0.0
 11
10802.40699731467
 21
19776.2748592068
 31
0.0
  0
LINE
  5
BCE
102
{ACAD_REACTORS
330
BE1
102
}
330
1F
100
AcDbEntity
  8
FURN
100
AcDbLine
 10
11168.01339109613
 20
20224.44373002051
 30
0.0
 11
10805.10644158045
 21
20211.44851669915
 31
0.0
  0
LINE
  5
BCF
102
{ACAD_REACTORS
330
BE1
102
}
330
1F
100
AcDbEntity
  8
FURN
100
AcDbLine
 10
11587.57977684784
 20
20455.56181313581
 30
0.0
 11
11411.80838850221
 21
19804.56790961347
 31
0.0
  0
LINE
  5
BD0
102
{ACAD_REACTORS
330
BE1
102
}
330
1F
100
AcDbEntity
  8
FURN
100
AcDbLine
 10
11452.46016496489
 20
19661.85980294121
 30
0.0
 11
11658.24945815214
 21
20087.30929686106
 31
0.0
  0
LINE
  5
BD1
102
{ACAD_REACTORS
330
BE1
102
}
330
1F
100
AcDbEntity
  8
FURN
100
AcDbLine
 10
9853.711768701582
 20
20018.62126319854
 30
0.0
 11
9846.819858446471
 21
19060.01400128985
 31
0.0
  0
LINE
  5
BD2
102
{ACAD_REACTORS
330
BE1
102
}
330
1F
100
AcDbEntity
  8
FURN
100
AcDbLine
 10
10183.02974965894
 20
18990.61064683723
 30
0.0
 11
10159.79805588724
 21
19662.34137946281
 31
0.0
  0
LINE
  5
BD3
102
{ACAD_REACTORS
330
BE1
102
}
330
1F
100
AcDbEntity
  8
FURN
100
AcDbLine
 10
10025.26986296716
 20
20456.14384595684
 30
0.0
 11
9947.487865713355
 21
20108.38867638574
 31
0.0
  0
LINE
  5
BD4
102
{ACAD_REACTORS
330
BE1
102
}
330
1F
100
AcDbEntity
  8
FURN
100
AcDbLine
 10
9892.660616665205
 20
20393.60568973859
 30
0.0
 11
9853.711768701582
 21
20018.62126319854
 31
0.0
  0
LINE
  5
BD5
102
{ACAD_REACTORS
330
BE1
102
}
330
1F
100
AcDbEntity
  8
FURN
100
AcDbLine
 10
10159.79805588724
 20
19662.34137946281
 30
0.0
 11
9954.325819072394
 21
20087.94408735536
 31
0.0
  0
LINE
  5
BD6
102
{ACAD_REACTORS
330
BE1
102
}
330
1F
100
AcDbEntity
  8
FURN
100
AcDbLine
 10
10025.26986296716
 20
20456.14384595684
 30
0.0
 11
10200.55615181311
 21
19805.01915718608
 31
0.0
  0
LINE
  5
BD7
102
{ACAD_REACTORS
330
BE1
102
}
330
1F
100
AcDbEntity
  8
FURN
100
AcDbLine
 10
9964.900237067359
 20
21035.01832655201
 30
0.0
 11
10810.75503420434
 21
21034.82902468758
 31
0.0
  0
LINE
  5
BD8
102
{ACAD_REACTORS
330
BE1
102
}
330
1F
100
AcDbEntity
  8
FURN
100
AcDbLine
 10
9913.414932610592
 20
21127.78452622168
 30
0.0
 11
10811.68660197819
 21
21150.19761731137
 31
0.0
  0
LINE
  5
BD9
102
{ACAD_REACTORS
330
BE1
102
}
330
1F
100
AcDbEntity
  8
FURN
100
AcDbLine
 10
10808.39954137003
 20
21288.63545248443
 30
0.0
 11
9933.739629444463
 21
21252.61199574392
 31
0.0
  0
LINE
  5
BDA
102
{ACAD_REACTORS
330
BE1
102
}
330
1F
100
AcDbEntity
  8
FURN
100
AcDbLine
 10
11697.31958914173
 20
21130.79436373421
 30
0.0
 11
11648.3807010541
 21
21034.39115208752
 31
0.0
  0
LINE
  5
BDB
102
{ACAD_REACTORS
330
BE1
102
}
330
1F
100
AcDbEntity
  8
FURN
100
AcDbLine
 10
11679.70342744963
 20
21251.9615433428
 30
0.0
 11
11729.72766219193
 21
20773.62161217329
 31
0.0
  0
LINE
  5
BDC
102
{ACAD_REACTORS
330
BE1
102
}
330
1F
100
AcDbEntity
  8
FURN
100
AcDbLine
 10
10805.07059912277
 20
21288.63669266964
 30
0.0
 11
11679.70342744963
 21
21251.9615433428
 31
0.0
  0
LINE
  5
BDD
102
{ACAD_REACTORS
330
BE1
102
}
330
1F
100
AcDbEntity
  8
FURN
100
AcDbLine
 10
11699.93511062394
 20
21127.11896469013
 30
0.0
 11
10801.68039042716
 21
21150.20134508873
 31
0.0
  0
LINE
  5
BDE
102
{ACAD_REACTORS
330
BE1
102
}
330
1F
100
AcDbEntity
  8
FURN
100
AcDbLine
 10
11648.3807010541
 20
21034.39115208752
 30
0.0
 11
10802.52599766334
 21
21034.83209038493
 31
0.0
  0
LINE
  5
BDF
102
{ACAD_REACTORS
330
BE1
102
}
330
1F
100
AcDbEntity
  8
FURN
100
AcDbLine
 10
9916.033191879229
 20
21131.45797543997
 30
0.0
 11
9964.900237067359
 21
21035.01832655201
 31
0.0
  0
LINE
  5
BE0
102
{ACAD_REACTORS
330
BE1
102
}
330
1F
100
AcDbEntity
  8
FURN
100
AcDbLine
 10
9933.739629444463
 20
21252.61199574392
 30
0.0
 11
9883.359001067992
 21
20774.30947003743
 31
0.0
  0
LINE
  5
C3C
330
1F
100
AcDbEntity
  8
wall
100
AcDbLine
 10
14456.75322158135
 20
24633.27548561918
 30
0.0
 11
14686.75322158135
 21
24633.27548561919
 31
0.0
  0
LINE
  5
C3D
330
1F
100
AcDbEntity
  8
wall
100
AcDbLine
 10
14456.75322158136
 20
24033.27548561918
 30
0.0
 11
14686.75322158136
 21
24033.27548561918
 31
0.0
  0
LINE
  5
C3E
330
1F
100
AcDbEntity
  8
wall
100
AcDbLine
 10
14686.75322158136
 20
24033.27548561918
 30
0.0
 11
14686.75322158137
 21
23603.27548561918
 31
0.0
  0
LINE
  5
C3F
330
1F
100
AcDbEntity
  8
wall
100
AcDbLine
 10
14456.75322158136
 20
24033.27548561918
 30
0.0
 11
14456.75322158137
 21
23833.27548561918
 31
0.0
  0
LINE
  5
C40
330
1F
100
AcDbEntity
  8
SILL
100
AcDbLine
 10
14686.75322158135
 20
24633.27548561919
 30
0.0
 11
14686.75322158135
 21
24033.27548561919
 31
0.0
  0
LINE
  5
C41
330
1F
100
AcDbEntity
  8
SILL
100
AcDbLine
 10
14456.75322158134
 20
24633.27548561918
 30
0.0
 11
14456.75322158136
 21
24033.27548561918
 31
0.0
  0
LINE
  5
C52
330
1F
100
AcDbEntity
  8
ABOVE-DOTTED
100
AcDbLine
 10
14456.75322158137
 20
24833.27548561918
 30
0.0
 11
13456.75322158135
 21
23833.27548561918
 31
0.0
  0
LINE
  5
C53
330
1F
100
AcDbEntity
  8
ABOVE-DOTTED
100
AcDbLine
 10
14456.75322158137
 20
23833.27548561918
 30
0.0
 11
13456.75322158135
 21
24833.27548561918
 31
0.0
  0
LINE
  5
C54
330
1F
100
AcDbEntity
  8
ABOVE-DOTTED
100
AcDbLine
 10
1236.753221581357
 20
23153.2754856192
 30
0.0
 11
236.7532215813717
 21
21783.27548561918
 31
0.0
  0
LINE
  5
C55
330
1F
100
AcDbEntity
  8
ABOVE-DOTTED
100
AcDbLine
 10
1236.753221581357
 20
21783.27548561918
 30
0.0
 11
236.7532215813717
 21
23153.2754856192
 31
0.0
  0
LINE
  5
CBD
102
{ACAD_REACTORS
330
D1F
330
2592
102
}
330
1F
100
AcDbEntity
  8
FURN
100
AcDbLine
 10
2891.149300342411
 20
76059.51451626106
 30
0.0
 11
2865.177928659119
 21
76287.52272619179
 31
0.0
  0
LINE
  5
CBE
102
{ACAD_REACTORS
330
D1F
330
2592
102
}
330
1F
100
AcDbEntity
  8
FURN
100
AcDbLine
 10
2519.698812000905
 20
76414.1141105498
 30
0.0
 11
2580.240209433236
 21
76239.51451626106
 31
0.0
  0
LINE
  5
CBF
102
{ACAD_REACTORS
330
D1F
330
2592
102
}
330
1F
100
AcDbEntity
  8
FURN
100
AcDbLine
 10
2449.331118523594
 20
76081.33269807917
 30
0.0
 11
2365.969582169302
 21
76321.40096550237
 31
0.0
  0
LINE
  5
CC0
102
{ACAD_REACTORS
330
D1F
330
2592
102
}
330
1F
100
AcDbEntity
  8
FURN
100
AcDbLine
 10
2580.240209433236
 20
76272.24178898835
 30
0.0
 11
2580.240209433236
 21
76103.1508798973
 31
0.0
  0
LINE
  5
CC1
102
{ACAD_REACTORS
330
D1F
330
2592
102
}
330
1F
100
AcDbEntity
  8
FURN
100
AcDbLine
 10
2580.240209433236
 20
76239.51451626106
 30
0.0
 11
2860.415008845725
 21
76298.74995483143
 31
0.0
  0
POINT
  5
CC2
102
{ACAD_REACTORS
330
D1F
330
2592
102
}
330
1F
100
AcDbEntity
  8
FURN
100
AcDbPoint
 10
2891.149300342411
 20
76059.51451626106
 30
0.0
  0
POINT
  5
CC3
102
{ACAD_REACTORS
330
D1F
330
2592
102
}
330
1F
100
AcDbEntity
  8
FURN
100
AcDbPoint
 10
2580.240209433236
 20
76239.51451626106
 30
0.0
  0
POINT
  5
CC4
102
{ACAD_REACTORS
330
D1F
330
2592
102
}
330
1F
100
AcDbEntity
  8
FURN
100
AcDbPoint
 10
2580.240209433236
 20
76081.33269807917
 30
0.0
  0
POINT
  5
CC5
102
{ACAD_REACTORS
330
D1F
330
2592
102
}
330
1F
100
AcDbEntity
  8
FURN
100
AcDbPoint
 10
2580.240209433236
 20
76059.51451626106
 30
0.0
  0
ARC
  5
CC6
102
{ACAD_REACTORS
330
D1F
330
2592
102
}
330
1F
100
AcDbEntity
  8
FURN
100
AcDbCircle
 10
2558.422027614419
 20
76103.1508798973
 30
0.0
 40
21.81818181818428
100
AcDbArc
 50
270.0
 51
0.0
  0
POINT
  5
CC7
102
{ACAD_REACTORS
330
D1F
330
2592
102
}
330
1F
100
AcDbEntity
  8
FURN
100
AcDbPoint
 10
2389.331118523129
 20
76059.51451626106
 30
0.0
  0
ARC
  5
CC8
102
{ACAD_REACTORS
330
D1F
330
2592
102
}
330
1F
100
AcDbEntity
  8
FURN
100
AcDbCircle
 10
2440.234483539112
 20
76081.36491898902
 30
0.0
 40
55.39487944967371
100
AcDbArc
 50
100.2359366183747
 51
203.2315554209235
  0
LINE
  5
CC9
102
{ACAD_REACTORS
330
D1F
330
2592
102
}
330
1F
100
AcDbEntity
  8
FURN
100
AcDbLine
 10
2558.422027614419
 20
76081.33269807917
 30
0.0
 11
2449.331118523594
 21
76081.33269807917
 31
0.0
  0
LINE
  5
CCA
102
{ACAD_REACTORS
330
D1F
330
2592
102
}
330
1F
100
AcDbEntity
  8
FURN
100
AcDbLine
 10
2389.331118523129
 20
76059.51451626106
 30
0.0
 11
2891.149300342411
 21
76059.51451626106
 31
0.0
  0
ARC
  5
CCB
102
{ACAD_REACTORS
330
D1F
330
2592
102
}
330
1F
100
AcDbEntity
  8
FURN
100
AcDbCircle
 10
2329.459409950752
 20
76479.18190775125
 30
0.0
 40
454.9986536387059
100
AcDbArc
 50
79.65710540187058
 51
100.3428945981294
  0
LINE
  5
CCC
102
{ACAD_REACTORS
330
D1F
330
2592
102
}
330
1F
100
AcDbEntity
  8
FURN
100
AcDbLine
 10
2422.058391251121
 20
76915.87815262482
 30
0.0
 11
2236.603845796533
 21
76915.87815262482
 31
0.0
  0
LINE
  5
CCD
102
{ACAD_REACTORS
330
D1F
330
2592
102
}
330
1F
100
AcDbEntity
  8
FURN
100
AcDbLine
 10
2236.603845796533
 20
76926.78724353376
 30
0.0
 11
2422.058391251121
 21
76926.78724353376
 31
0.0
  0
ARC
  5
CCE
102
{ACAD_REACTORS
330
D1F
330
2592
102
}
330
1F
100
AcDbEntity
  8
FURN
100
AcDbCircle
 10
2400.240209433236
 20
76424.96906171564
 30
0.0
 40
109.0909090909214
100
AcDbArc
 50
180.0
 51
272.587160626495
  0
LINE
  5
CCF
102
{ACAD_REACTORS
330
D1F
330
2592
102
}
330
1F
100
AcDbEntity
  8
FURN
100
AcDbLine
 10
2411.149300341945
 20
76424.96906171564
 30
0.0
 11
2280.240209432304
 21
76424.96906171564
 31
0.0
  0
LINE
  5
CD0
102
{ACAD_REACTORS
330
D1F
330
2592
102
}
330
1F
100
AcDbEntity
  8
FURN
100
AcDbLine
 10
2258.422027614419
 20
76468.60542535188
 30
0.0
 11
2989.33111852406
 21
76468.60542535188
 31
0.0
  0
POINT
  5
CD1
102
{ACAD_REACTORS
330
D1F
330
2592
102
}
330
1F
100
AcDbEntity
  8
FURN
100
AcDbPoint
 10
2236.603845796533
 20
76926.78724353376
 30
0.0
  0
POINT
  5
CD2
102
{ACAD_REACTORS
330
D1F
330
2592
102
}
330
1F
100
AcDbEntity
  8
FURN
100
AcDbPoint
 10
2236.603845796533
 20
76926.78724353376
 30
0.0
  0
POINT
  5
CD3
102
{ACAD_REACTORS
330
D1F
330
2592
102
}
330
1F
100
AcDbEntity
  8
FURN
100
AcDbPoint
 10
2236.603845796533
 20
76926.78724353376
 30
0.0
  0
POINT
  5
CD4
102
{ACAD_REACTORS
330
D1F
330
2592
102
}
330
1F
100
AcDbEntity
  8
FURN
100
AcDbPoint
 10
2236.603845796533
 20
76926.78724353376
 30
0.0
  0
POINT
  5
CD5
102
{ACAD_REACTORS
330
D1F
330
2592
102
}
330
1F
100
AcDbEntity
  8
FURN
100
AcDbPoint
 10
2236.603845796533
 20
76926.78724353376
 30
0.0
  0
POINT
  5
CD6
102
{ACAD_REACTORS
330
D1F
330
2592
102
}
330
1F
100
AcDbEntity
  8
FURN
100
AcDbPoint
 10
2236.603845796533
 20
76926.78724353376
 30
0.0
  0
POINT
  5
CD7
102
{ACAD_REACTORS
330
D1F
330
2592
102
}
330
1F
100
AcDbEntity
  8
FURN
100
AcDbPoint
 10
2236.603845796533
 20
76926.78724353376
 30
0.0
  0
POINT
  5
CD8
102
{ACAD_REACTORS
330
D1F
330
2592
102
}
330
1F
100
AcDbEntity
  8
FURN
100
AcDbPoint
 10
2236.603845796533
 20
76926.78724353376
 30
0.0
  0
POINT
  5
CD9
102
{ACAD_REACTORS
330
D1F
330
2592
102
}
330
1F
100
AcDbEntity
  8
FURN
100
AcDbPoint
 10
2236.603845796533
 20
76926.78724353376
 30
0.0
  0
POINT
  5
CDA
102
{ACAD_REACTORS
330
D1F
330
2592
102
}
330
1F
100
AcDbEntity
  8
FURN
100
AcDbPoint
 10
2291.14930034148
 20
76424.96906171564
 30
0.0
  0
POINT
  5
CDB
102
{ACAD_REACTORS
330
D1F
330
2592
102
}
330
1F
100
AcDbEntity
  8
FURN
100
AcDbPoint
 10
2280.240209432304
 20
76424.96906171564
 30
0.0
  0
LINE
  5
CDC
102
{ACAD_REACTORS
330
D1F
330
2592
102
}
330
1F
100
AcDbEntity
  8
FURN
100
AcDbLine
 10
2280.240209432304
 20
76424.96906171564
 30
0.0
 11
2280.240209432304
 21
76468.60542535188
 31
0.0
  0
LINE
  5
CDD
102
{ACAD_REACTORS
330
D1F
330
2592
102
}
330
1F
100
AcDbEntity
  8
FURN
100
AcDbLine
 10
2236.603845796533
 20
76926.78724353376
 30
0.0
 11
2258.422027614419
 21
76468.60542535188
 31
0.0
  0
POINT
  5
CDE
102
{ACAD_REACTORS
330
D1F
330
2592
102
}
330
1F
100
AcDbEntity
  8
FURN
100
AcDbPoint
 10
3011.149300341946
 20
76446.78724353376
 30
0.0
  0
ARC
  5
CDF
102
{ACAD_REACTORS
330
D1F
330
2592
102
}
330
1F
100
AcDbEntity
  8
FURN
100
AcDbCircle
 10
2989.33111852406
 20
76446.78724353376
 30
0.0
 40
21.81818181818428
100
AcDbArc
 50
0.0
 51
90.0
  0
POINT
  5
CE0
102
{ACAD_REACTORS
330
D1F
330
2592
102
}
330
1F
100
AcDbEntity
  8
FURN
100
AcDbPoint
 10
2863.876573069007
 20
76299.51451626106
 30
0.0
  0
POINT
  5
CE1
102
{ACAD_REACTORS
330
D1F
330
2592
102
}
330
1F
100
AcDbEntity
  8
FURN
100
AcDbPoint
 10
2863.876573069007
 20
76299.51451626106
 30
0.0
  0
ARC
  5
CE2
102
{ACAD_REACTORS
330
D1F
330
2592
102
}
330
1F
100
AcDbEntity
  8
FURN
100
AcDbCircle
 10
2882.39442946481
 20
76286.64734372113
 30
0.0
 40
17.23874109321013
100
AcDbArc
 50
105.7665349209783
 51
177.0892711304022
  0
ARC
  5
CE3
102
{ACAD_REACTORS
330
D1F
330
2592
102
}
330
1F
100
AcDbEntity
  8
FURN
100
AcDbCircle
 10
2819.797072042231
 20
76490.86674456054
 30
0.0
 40
196.3636363636585
100
AcDbArc
 50
275.12232466547
 51
282.9722399148019
  0
ARC
  5
CE4
102
{ACAD_REACTORS
330
D1F
330
2592
102
}
330
1F
100
AcDbEntity
  8
FURN
100
AcDbCircle
 10
2819.797072042231
 20
76490.86674456054
 30
0.0
 40
196.3636363636585
100
AcDbArc
 50
282.9722399148019
 51
347.0277601176633
  0
POINT
  5
CE5
102
{ACAD_REACTORS
330
D1F
330
2592
102
}
330
1F
100
AcDbEntity
  8
FURN
100
AcDbPoint
 10
2422.058391251121
 20
76926.78724353376
 30
0.0
  0
POINT
  5
CE6
102
{ACAD_REACTORS
330
D1F
330
2592
102
}
330
1F
100
AcDbEntity
  8
FURN
100
AcDbPoint
 10
2411.149300341945
 20
76926.78724353376
 30
0.0
  0
POINT
  5
CE7
102
{ACAD_REACTORS
330
D1F
330
2592
102
}
330
1F
100
AcDbEntity
  8
FURN
100
AcDbPoint
 10
2411.149300341945
 20
76926.78724353376
 30
0.0
  0
POINT
  5
CE8
102
{ACAD_REACTORS
330
D1F
330
2592
102
}
330
1F
100
AcDbEntity
  8
FURN
100
AcDbPoint
 10
2411.149300341945
 20
76926.78724353376
 30
0.0
  0
POINT
  5
CE9
102
{ACAD_REACTORS
330
D1F
330
2592
102
}
330
1F
100
AcDbEntity
  8
FURN
100
AcDbPoint
 10
2411.149300341945
 20
76915.87815262482
 30
0.0
  0
POINT
  5
CEA
102
{ACAD_REACTORS
330
D1F
330
2592
102
}
330
1F
100
AcDbEntity
  8
FURN
100
AcDbPoint
 10
2411.149300341945
 20
76904.96906171564
 30
0.0
  0
POINT
  5
CEB
102
{ACAD_REACTORS
330
D1F
330
2592
102
}
330
1F
100
AcDbEntity
  8
FURN
100
AcDbPoint
 10
2520.24020943277
 20
76414.05997080647
 30
0.0
  0
ARC
  5
CEC
102
{ACAD_REACTORS
330
D1F
330
2592
102
}
330
1F
100
AcDbEntity
  8
FURN
100
AcDbCircle
 10
2542.058391251121
 20
76468.60542535188
 30
0.0
 40
21.81818181818428
100
AcDbArc
 50
180.0
 51
270.0
  0
POINT
  5
CED
102
{ACAD_REACTORS
330
D1F
330
2592
102
}
330
1F
100
AcDbEntity
  8
FURN
100
AcDbPoint
 10
2580.240209433236
 20
76272.24178898835
 30
0.0
  0
POINT
  5
CEE
102
{ACAD_REACTORS
330
D1F
330
2592
102
}
330
1F
100
AcDbEntity
  8
FURN
100
AcDbPoint
 10
2580.240209433236
 20
76272.24178898835
 30
0.0
  0
LINE
  5
CEF
102
{ACAD_REACTORS
330
D1F
330
2592
102
}
330
1F
100
AcDbEntity
  8
FURN
100
AcDbLine
 10
2411.149300341945
 20
76424.96906171564
 30
0.0
 11
2519.698812000905
 21
76414.1141105498
 31
0.0
  0
LINE
  5
CF0
102
{ACAD_REACTORS
330
D1F
330
2592
102
}
330
1F
100
AcDbEntity
  8
FURN
100
AcDbLine
 10
2411.149300341945
 20
76926.78724353376
 30
0.0
 11
2411.149300341945
 21
76424.96906171564
 31
0.0
  0
LINE
  5
CF1
102
{ACAD_REACTORS
330
D1F
330
2592
102
}
330
1F
100
AcDbEntity
  8
FURN
100
AcDbLine
 10
2422.058391251121
 20
76926.78724353376
 30
0.0
 11
2422.058391251121
 21
76468.60542535188
 31
0.0
  0
LINE
  5
CF2
102
{ACAD_REACTORS
330
D1F
330
2592
102
}
330
1F
100
AcDbEntity
  8
FURN
100
AcDbLine
 10
2580.240209433236
 20
76272.24178898835
 30
0.0
 11
2837.328886073999
 21
76295.28731521626
 31
0.0
  0
LINE
  5
CF3
102
{ACAD_REACTORS
330
D1F
330
2592
102
}
330
1F
100
AcDbEntity
  8
FURN
100
AcDbLine
 10
2519.698812000905
 20
76414.1141105498
 30
0.0
 11
2825.153357455493
 21
76414.1141105498
 31
0.0
  0
LINE
  5
CF4
102
{ACAD_REACTORS
330
D1F
330
2592
102
}
330
1F
100
AcDbEntity
  8
FURN
100
AcDbLine
 10
3011.149300341946
 20
76446.78724353376
 30
0.0
 11
2542.058391251121
 21
76446.78724353376
 31
0.0
  0
LINE
  5
CF5
102
{ACAD_REACTORS
330
D1E
102
}
330
1F
100
AcDbEntity
  8
FURN
100
AcDbLine
 10
1466.753221581366
 20
22885.68527149996
 30
0.0
 11
1466.753221581366
 21
22429.25670007104
 31
0.0
  0
LINE
  5
CF6
102
{ACAD_REACTORS
330
D1E
102
}
330
1F
100
AcDbEntity
  8
FURN
100
AcDbLine
 10
1669.610364438378
 20
22429.25670007104
 30
0.0
 11
1669.610364438378
 21
22885.68527149996
 31
0.0
  0
ARC
  5
CF7
102
{ACAD_REACTORS
330
D1E
102
}
330
1F
100
AcDbEntity
  8
FURN
100
AcDbCircle
 10
1873.619993325055
 20
22389.95748500242
 30
0.0
 40
424.0364753324617
100
AcDbArc
 50
74.92686235718014
 51
90.0
  0
ARC
  5
CF8
102
{ACAD_REACTORS
330
D1E
102
}
330
1F
100
AcDbEntity
  8
FURN
100
AcDbCircle
 10
1909.118320277594
 20
22521.76580457724
 30
0.0
 40
328.1030896091321
100
AcDbArc
 50
56.96845244789884
 51
74.92686235718014
  0
ARC
  5
CF9
102
{ACAD_REACTORS
330
D1E
102
}
330
1F
100
AcDbEntity
  8
FURN
100
AcDbCircle
 10
1838.121666370352
 20
22521.76580457703
 30
0.0
 40
328.1030896092497
100
AcDbArc
 50
105.0731376428198
 51
120.9034252978673
  0
ARC
  5
CFA
102
{ACAD_REACTORS
330
D1E
102
}
330
1F
100
AcDbEntity
  8
FURN
100
AcDbCircle
 10
1873.619993325055
 20
22389.95748500221
 30
0.0
 40
424.0364753326227
100
AcDbArc
 50
90.0
 51
105.0731376428198
  0
ARC
  5
CFB
102
{ACAD_REACTORS
330
D1E
102
}
330
1F
100
AcDbEntity
  8
FURN
100
AcDbCircle
 10
1644.253221581035
 20
22429.25670007104
 30
0.0
 40
25.35714285714909
100
AcDbArc
 50
270.0
 51
0.0
  0
LINE
  5
CFC
102
{ACAD_REACTORS
330
D1E
102
}
330
1F
100
AcDbEntity
  8
FURN
100
AcDbLine
 10
1740.610364438506
 20
22522.68401905884
 30
0.0
 11
1740.610364438506
 21
22792.25795251216
 31
0.0
  0
ARC
  5
CFD
102
{ACAD_REACTORS
330
D1E
102
}
330
1F
100
AcDbEntity
  8
FURN
100
AcDbCircle
 10
2045.557655966554
 20
22657.47098578539
 30
0.0
 40
131.1955656148112
100
AcDbArc
 50
327.5002250852996
 51
0.0
  0
ARC
  5
CFE
102
{ACAD_REACTORS
330
D1E
102
}
330
1F
100
AcDbEntity
  8
FURN
100
AcDbCircle
 10
2045.557655966554
 20
22657.47098578539
 30
0.0
 40
90.62413704336222
100
AcDbArc
 50
327.5002250852996
 51
0.0
  0
ARC
  5
CFF
102
{ACAD_REACTORS
330
D1E
102
}
330
1F
100
AcDbEntity
  8
FURN
100
AcDbCircle
 10
1873.619993325055
 20
22924.984486569
 30
0.0
 40
464.6079039040936
100
AcDbArc
 50
270.0
 51
285.0731376430351
  0
ARC
  5
D00
102
{ACAD_REACTORS
330
D1E
102
}
330
1F
100
AcDbEntity
  8
FURN
100
AcDbCircle
 10
1873.619993325055
 20
22924.984486569
 30
0.0
 40
424.0364753326574
100
AcDbArc
 50
270.0
 51
285.0731376430351
  0
ARC
  5
D01
102
{ACAD_REACTORS
330
D1E
102
}
330
1F
100
AcDbEntity
  8
FURN
100
AcDbCircle
 10
1963.266419671535
 20
22709.89583070207
 30
0.0
 40
228.767139013323
100
AcDbArc
 50
303.0315475521011
 51
327.5002250852996
  0
ARC
  5
D02
102
{ACAD_REACTORS
330
D1E
102
}
330
1F
100
AcDbEntity
  8
FURN
100
AcDbCircle
 10
1909.118320277594
 20
22793.17616699396
 30
0.0
 40
287.5316610378234
100
AcDbArc
 50
285.0731376430351
 51
303.0315475521011
  0
ARC
  5
D03
102
{ACAD_REACTORS
330
D1E
102
}
330
1F
100
AcDbEntity
  8
FURN
100
AcDbCircle
 10
1909.118320277594
 20
22793.17616699396
 30
0.0
 40
328.1030896092488
100
AcDbArc
 50
285.0731376430351
 51
303.0315475521011
  0
ARC
  5
D04
102
{ACAD_REACTORS
330
D1E
102
}
330
1F
100
AcDbEntity
  8
FURN
100
AcDbCircle
 10
1963.266419671535
 20
22709.89583070229
 30
0.0
 40
188.1957104418842
100
AcDbArc
 50
303.0315475521011
 51
327.5002250852996
  0
LINE
  5
D05
102
{ACAD_REACTORS
330
D1E
102
}
330
1F
100
AcDbEntity
  8
FURN
100
AcDbLine
 10
1717.89272293994
 20
22559.90681287773
 30
0.0
 11
1740.714217479687
 21
22559.90681287773
 31
0.0
  0
LINE
  5
D06
102
{ACAD_REACTORS
330
D1E
102
}
330
1F
100
AcDbEntity
  8
FURN
100
AcDbLine
 10
1740.714217479687
 20
22569.80348053269
 30
0.0
 11
1717.89272293994
 21
22569.80348053269
 31
0.0
  0
ARC
  5
D07
102
{ACAD_REACTORS
330
D1E
102
}
330
1F
100
AcDbEntity
  8
FURN
100
AcDbCircle
 10
1838.121666370352
 20
22793.17616699396
 30
0.0
 40
328.1030896091106
100
AcDbArc
 50
239.0965747021327
 51
254.9268623569641
  0
ARC
  5
D08
102
{ACAD_REACTORS
330
D1E
102
}
330
1F
100
AcDbEntity
  8
FURN
100
AcDbCircle
 10
1873.619993325055
 20
22924.98448656878
 30
0.0
 40
424.0364753324157
100
AcDbArc
 50
254.9268623569641
 51
270.0
  0
ARC
  5
D09
102
{ACAD_REACTORS
330
D1E
102
}
330
1F
100
AcDbEntity
  8
FURN
100
AcDbCircle
 10
1873.619993325055
 20
22924.98448656878
 30
0.0
 40
464.6079039038514
100
AcDbArc
 50
254.9268623569641
 51
270.0
  0
ARC
  5
D0A
102
{ACAD_REACTORS
330
D1E
102
}
330
1F
100
AcDbEntity
  8
FURN
100
AcDbCircle
 10
1838.121666370352
 20
22793.17616699396
 30
0.0
 40
287.5316610376539
100
AcDbArc
 50
250.1759760824996
 51
254.9268623569641
  0
LINE
  5
D0B
102
{ACAD_REACTORS
330
D1E
102
}
330
1F
100
AcDbEntity
  8
FURN
100
AcDbLine
 10
1740.714217479687
 20
22559.90681287773
 30
0.0
 11
1740.714217479687
 21
22569.80348053269
 31
0.0
  0
LINE
  5
D0C
102
{ACAD_REACTORS
330
D1E
102
}
330
1F
100
AcDbEntity
  8
FURN
100
AcDbLine
 10
1717.89272293994
 20
22569.80348053269
 30
0.0
 11
1717.89272293994
 21
22559.90681287773
 31
0.0
  0
ARC
  5
D0D
102
{ACAD_REACTORS
330
D1E
102
}
330
1F
100
AcDbEntity
  8
FURN
100
AcDbCircle
 10
1963.266419671535
 20
22605.04614086892
 30
0.0
 40
228.7671390133139
100
AcDbArc
 50
32.4997749147004
 51
56.96845244789884
  0
ARC
  5
D0E
102
{ACAD_REACTORS
330
D1E
102
}
330
1F
100
AcDbEntity
  8
FURN
100
AcDbCircle
 10
1909.118320277594
 20
22521.76580457724
 30
0.0
 40
287.5316610376854
100
AcDbArc
 50
56.96845244789884
 51
74.92686235718014
  0
ARC
  5
D0F
102
{ACAD_REACTORS
330
D1E
102
}
330
1F
100
AcDbEntity
  8
FURN
100
AcDbCircle
 10
2045.557655966554
 20
22657.47098578539
 30
0.0
 40
90.62413704336057
100
AcDbArc
 50
0.0
 51
32.4997749147004
  0
ARC
  5
D10
102
{ACAD_REACTORS
330
D1E
102
}
330
1F
100
AcDbEntity
  8
FURN
100
AcDbCircle
 10
2045.557655966554
 20
22657.47098578539
 30
0.0
 40
131.195565614791
100
AcDbArc
 50
0.0
 51
32.4997749147004
  0
ARC
  5
D11
102
{ACAD_REACTORS
330
D1E
102
}
330
1F
100
AcDbEntity
  8
FURN
100
AcDbCircle
 10
1963.266419671535
 20
22605.04614086892
 30
0.0
 40
188.1957104418636
100
AcDbArc
 50
32.4997749147004
 51
56.96845244789884
  0
LINE
  5
D12
102
{ACAD_REACTORS
330
D1E
102
}
330
1F
100
AcDbEntity
  8
FURN
100
AcDbLine
 10
1717.89272293994
 20
22754.79102014946
 30
0.0
 11
1740.714217479687
 21
22754.79102014946
 31
0.0
  0
LINE
  5
D13
102
{ACAD_REACTORS
330
D1E
102
}
330
1F
100
AcDbEntity
  8
FURN
100
AcDbLine
 10
1740.714217479687
 20
22744.8943524945
 30
0.0
 11
1717.89272293994
 21
22744.8943524945
 31
0.0
  0
LINE
  5
D14
102
{ACAD_REACTORS
330
D1E
102
}
330
1F
100
AcDbEntity
  8
FURN
100
AcDbLine
 10
1740.714217479687
 20
22754.79102014946
 30
0.0
 11
1740.714217479687
 21
22744.8943524945
 31
0.0
  0
LINE
  5
D15
102
{ACAD_REACTORS
330
D1E
102
}
330
1F
100
AcDbEntity
  8
FURN
100
AcDbLine
 10
1717.89272293994
 20
22744.8943524945
 30
0.0
 11
1717.89272293994
 21
22754.79102014946
 31
0.0
  0
ARC
  5
D16
102
{ACAD_REACTORS
330
D1E
102
}
330
1F
100
AcDbEntity
  8
FURN
100
AcDbCircle
 10
1838.121666370352
 20
22521.76580457703
 30
0.0
 40
287.5316610378145
100
AcDbArc
 50
105.0731376428198
 51
109.8240239175003
  0
ARC
  5
D17
102
{ACAD_REACTORS
330
D1E
102
}
330
1F
100
AcDbEntity
  8
FURN
100
AcDbCircle
 10
1492.110364439142
 20
22429.25670007104
 30
0.0
 40
25.35714285714909
100
AcDbArc
 50
180.0
 51
270.0
  0
LINE
  5
D18
102
{ACAD_REACTORS
330
D1E
102
}
330
1F
100
AcDbEntity
  8
FURN
100
AcDbLine
 10
1492.110364439142
 20
22403.89955721391
 30
0.0
 11
1644.253221581035
 21
22403.89955721391
 31
0.0
  0
ARC
  5
D19
102
{ACAD_REACTORS
330
D1E
102
}
330
1F
100
AcDbEntity
  8
FURN
100
AcDbCircle
 10
1644.253221581035
 20
22885.68527149996
 30
0.0
 40
25.35714285714909
100
AcDbArc
 50
0.0
 51
90.0
  0
ARC
  5
D1A
102
{ACAD_REACTORS
330
D1E
102
}
330
1F
100
AcDbEntity
  8
FURN
100
AcDbCircle
 10
1873.619993325055
 20
22389.95748500242
 30
0.0
 40
464.6079039038975
100
AcDbArc
 50
74.92686235718014
 51
90.0
  0
ARC
  5
D1B
102
{ACAD_REACTORS
330
D1E
102
}
330
1F
100
AcDbEntity
  8
FURN
100
AcDbCircle
 10
1873.619993325055
 20
22389.95748500221
 30
0.0
 40
464.607903904059
100
AcDbArc
 50
90.0
 51
105.0731376428198
  0
ARC
  5
D1C
102
{ACAD_REACTORS
330
D1E
102
}
330
1F
100
AcDbEntity
  8
FURN
100
AcDbCircle
 10
1492.110364439142
 20
22885.68527149996
 30
0.0
 40
25.35714285714909
100
AcDbArc
 50
90.0
 51
180.0
  0
LINE
  5
D1D
102
{ACAD_REACTORS
330
D1E
102
}
330
1F
100
AcDbEntity
  8
FURN
100
AcDbLine
 10
1644.253221581035
 20
22911.04241435687
 30
0.0
 11
1492.110364439142
 21
22911.04241435687
 31
0.0
  0
LINE
  5
D24
102
{ACAD_REACTORS
330
D4D
102
}
330
1F
100
AcDbEntity
  8
FURN
100
AcDbLine
 10
482.3646533798637
 20
23383.27548561919
 30
0.0
 11
938.793224808789
 21
23383.27548561919
 31
0.0
  0
LINE
  5
D25
102
{ACAD_REACTORS
330
D4D
102
}
330
1F
100
AcDbEntity
  8
FURN
100
AcDbLine
 10
938.793224808789
 20
23586.1326284762
 30
0.0
 11
482.3646533798637
 21
23586.1326284762
 31
0.0
  0
ARC
  5
D26
102
{ACAD_REACTORS
330
D4D
102
}
330
1F
100
AcDbEntity
  8
FURN
100
AcDbCircle
 10
978.0924398774004
 20
23790.14225736288
 30
0.0
 40
424.0364753324617
100
AcDbArc
 50
164.9268623571604
 51
180.0
  0
ARC
  5
D27
102
{ACAD_REACTORS
330
D4D
102
}
330
1F
100
AcDbEntity
  8
FURN
100
AcDbCircle
 10
846.2841203025782
 20
23825.64058431542
 30
0.0
 40
328.1030896091321
100
AcDbArc
 50
146.9684524478824
 51
164.9268623571604
  0
ARC
  5
D28
102
{ACAD_REACTORS
330
D4D
102
}
330
1F
100
AcDbEntity
  8
FURN
100
AcDbCircle
 10
846.2841203027965
 20
23754.64393040818
 30
0.0
 40
328.1030896092497
100
AcDbArc
 50
195.0731376428396
 51
210.9034252978619
  0
ARC
  5
D29
102
{ACAD_REACTORS
330
D4D
102
}
330
1F
100
AcDbEntity
  8
FURN
100
AcDbCircle
 10
978.092439877615
 20
23790.14225736288
 30
0.0
 40
424.0364753326227
100
AcDbArc
 50
180.0
 51
195.0731376428396
  0
ARC
  5
D2A
102
{ACAD_REACTORS
330
D4D
102
}
330
1F
100
AcDbEntity
  8
FURN
100
AcDbCircle
 10
938.793224808789
 20
23560.77548561886
 30
0.0
 40
25.35714285714909
100
AcDbArc
 50
0.0
 51
90.0
  0
LINE
  5
D2B
102
{ACAD_REACTORS
330
D4D
102
}
330
1F
100
AcDbEntity
  8
FURN
100
AcDbLine
 10
845.3659058209886
 20
23657.13262847633
 30
0.0
 11
575.7919723676641
 21
23657.13262847633
 31
0.0
  0
ARC
  5
D2C
102
{ACAD_REACTORS
330
D4D
102
}
330
1F
100
AcDbEntity
  8
FURN
100
AcDbCircle
 10
710.5789390944337
 20
23962.07992000438
 30
0.0
 40
131.1955656148112
100
AcDbArc
 50
57.50022508529482
 51
90.0
  0
ARC
  5
D2D
102
{ACAD_REACTORS
330
D4D
102
}
330
1F
100
AcDbEntity
  8
FURN
100
AcDbCircle
 10
710.5789390944337
 20
23962.07992000438
 30
0.0
 40
90.62413704336222
100
AcDbArc
 50
57.50022508529482
 51
90.0
  0
ARC
  5
D2E
102
{ACAD_REACTORS
330
D4D
102
}
330
1F
100
AcDbEntity
  8
FURN
100
AcDbCircle
 10
443.0654383108231
 20
23790.14225736288
 30
0.0
 40
464.6079039040936
100
AcDbArc
 50
0.0
 51
15.0731376430409
  0
ARC
  5
D2F
102
{ACAD_REACTORS
330
D4D
102
}
330
1F
100
AcDbEntity
  8
FURN
100
AcDbCircle
 10
443.0654383108231
 20
23790.14225736288
 30
0.0
 40
424.0364753326574
100
AcDbArc
 50
0.0
 51
15.0731376430409
  0
ARC
  5
D30
102
{ACAD_REACTORS
330
D4D
102
}
330
1F
100
AcDbEntity
  8
FURN
100
AcDbCircle
 10
658.154094177753
 20
23879.78868370936
 30
0.0
 40
228.767139013323
100
AcDbArc
 50
33.03154755211762
 51
57.50022508529482
  0
ARC
  5
D31
102
{ACAD_REACTORS
330
D4D
102
}
330
1F
100
AcDbEntity
  8
FURN
100
AcDbCircle
 10
574.8737578858599
 20
23825.64058431542
 30
0.0
 40
287.5316610378234
100
AcDbArc
 50
15.0731376430409
 51
33.03154755211762
  0
ARC
  5
D32
102
{ACAD_REACTORS
330
D4D
102
}
330
1F
100
AcDbEntity
  8
FURN
100
AcDbCircle
 10
574.8737578858599
 20
23825.64058431542
 30
0.0
 40
328.1030896092488
100
AcDbArc
 50
15.0731376430409
 51
33.03154755211762
  0
ARC
  5
D33
102
{ACAD_REACTORS
330
D4D
102
}
330
1F
100
AcDbEntity
  8
FURN
100
AcDbCircle
 10
658.1540941775346
 20
23879.78868370936
 30
0.0
 40
188.1957104418842
100
AcDbArc
 50
33.03154755211762
 51
57.50022508529482
  0
LINE
  5
D34
102
{ACAD_REACTORS
330
D4D
102
}
330
1F
100
AcDbEntity
  8
FURN
100
AcDbLine
 10
808.1431120020933
 20
23634.41498697777
 30
0.0
 11
808.1431120020933
 21
23657.23648151751
 31
0.0
  0
LINE
  5
D35
102
{ACAD_REACTORS
330
D4D
102
}
330
1F
100
AcDbEntity
  8
FURN
100
AcDbLine
 10
798.2464443471326
 20
23657.23648151751
 30
0.0
 11
798.2464443471326
 21
23634.41498697777
 31
0.0
  0
ARC
  5
D36
102
{ACAD_REACTORS
330
D4D
102
}
330
1F
100
AcDbEntity
  8
FURN
100
AcDbCircle
 10
574.8737578858599
 20
23754.64393040818
 30
0.0
 40
328.1030896091106
100
AcDbArc
 50
329.096574702138
 51
344.9268623569591
  0
ARC
  5
D37
102
{ACAD_REACTORS
330
D4D
102
}
330
1F
100
AcDbEntity
  8
FURN
100
AcDbCircle
 10
443.0654383110377
 20
23790.14225736288
 30
0.0
 40
424.0364753324157
100
AcDbArc
 50
344.9268623569591
 51
0.0
  0
ARC
  5
D38
102
{ACAD_REACTORS
330
D4D
102
}
330
1F
100
AcDbEntity
  8
FURN
100
AcDbCircle
 10
443.0654383110377
 20
23790.14225736288
 30
0.0
 40
464.6079039038514
100
AcDbArc
 50
344.9268623569591
 51
0.0
  0
ARC
  5
D39
102
{ACAD_REACTORS
330
D4D
102
}
330
1F
100
AcDbEntity
  8
FURN
100
AcDbCircle
 10
574.8737578858599
 20
23754.64393040818
 30
0.0
 40
287.5316610376539
100
AcDbArc
 50
340.1759760825197
 51
344.9268623569591
  0
LINE
  5
D3A
102
{ACAD_REACTORS
330
D4D
102
}
330
1F
100
AcDbEntity
  8
FURN
100
AcDbLine
 10
808.1431120020933
 20
23657.23648151751
 30
0.0
 11
798.2464443471326
 21
23657.23648151751
 31
0.0
  0
LINE
  5
D3B
102
{ACAD_REACTORS
330
D4D
102
}
330
1F
100
AcDbEntity
  8
FURN
100
AcDbLine
 10
798.2464443471326
 20
23634.41498697777
 30
0.0
 11
808.1431120020933
 21
23634.41498697777
 31
0.0
  0
ARC
  5
D3C
102
{ACAD_REACTORS
330
D4D
102
}
330
1F
100
AcDbEntity
  8
FURN
100
AcDbCircle
 10
763.0037840108998
 20
23879.78868370936
 30
0.0
 40
228.7671390133139
100
AcDbArc
 50
122.4997749147052
 51
146.9684524478824
  0
ARC
  5
D3D
102
{ACAD_REACTORS
330
D4D
102
}
330
1F
100
AcDbEntity
  8
FURN
100
AcDbCircle
 10
846.2841203025782
 20
23825.64058431542
 30
0.0
 40
287.5316610376854
100
AcDbArc
 50
146.9684524478824
 51
164.9268623571604
  0
ARC
  5
D3E
102
{ACAD_REACTORS
330
D4D
102
}
330
1F
100
AcDbEntity
  8
FURN
100
AcDbCircle
 10
710.5789390944337
 20
23962.07992000438
 30
0.0
 40
90.62413704336057
100
AcDbArc
 50
90.0
 51
122.4997749147052
  0
ARC
  5
D3F
102
{ACAD_REACTORS
330
D4D
102
}
330
1F
100
AcDbEntity
  8
FURN
100
AcDbCircle
 10
710.5789390944337
 20
23962.07992000438
 30
0.0
 40
131.195565614791
100
AcDbArc
 50
90.0
 51
122.4997749147052
  0
ARC
  5
D40
102
{ACAD_REACTORS
330
D4D
102
}
330
1F
100
AcDbEntity
  8
FURN
100
AcDbCircle
 10
763.0037840108998
 20
23879.78868370936
 30
0.0
 40
188.1957104418636
100
AcDbArc
 50
122.4997749147052
 51
146.9684524478824
  0
LINE
  5
D41
102
{ACAD_REACTORS
330
D4D
102
}
330
1F
100
AcDbEntity
  8
FURN
100
AcDbLine
 10
613.2589047303627
 20
23634.41498697777
 30
0.0
 11
613.2589047303627
 21
23657.23648151751
 31
0.0
  0
LINE
  5
D42
102
{ACAD_REACTORS
330
D4D
102
}
330
1F
100
AcDbEntity
  8
FURN
100
AcDbLine
 10
623.1555723853234
 20
23657.23648151751
 30
0.0
 11
623.1555723853234
 21
23634.41498697777
 31
0.0
  0
LINE
  5
D43
102
{ACAD_REACTORS
330
D4D
102
}
330
1F
100
AcDbEntity
  8
FURN
100
AcDbLine
 10
613.2589047303627
 20
23657.23648151751
 30
0.0
 11
623.1555723853234
 21
23657.23648151751
 31
0.0
  0
LINE
  5
D44
102
{ACAD_REACTORS
330
D4D
102
}
330
1F
100
AcDbEntity
  8
FURN
100
AcDbLine
 10
623.1555723853234
 20
23634.41498697777
 30
0.0
 11
613.2589047303627
 21
23634.41498697777
 31
0.0
  0
ARC
  5
D45
102
{ACAD_REACTORS
330
D4D
102
}
330
1F
100
AcDbEntity
  8
FURN
100
AcDbCircle
 10
846.2841203027965
 20
23754.64393040818
 30
0.0
 40
287.5316610378145
100
AcDbArc
 50
195.0731376428396
 51
199.8240239174802
  0
ARC
  5
D46
102
{ACAD_REACTORS
330
D4D
102
}
330
1F
100
AcDbEntity
  8
FURN
100
AcDbCircle
 10
938.793224808789
 20
23408.63262847697
 30
0.0
 40
25.35714285714909
100
AcDbArc
 50
270.0
 51
0.0
  0
LINE
  5
D47
102
{ACAD_REACTORS
330
D4D
102
}
330
1F
100
AcDbEntity
  8
FURN
100
AcDbLine
 10
964.1503676659159
 20
23408.63262847697
 30
0.0
 11
964.1503676659159
 21
23560.77548561886
 31
0.0
  0
ARC
  5
D48
102
{ACAD_REACTORS
330
D4D
102
}
330
1F
100
AcDbEntity
  8
FURN
100
AcDbCircle
 10
482.3646533798637
 20
23560.77548561886
 30
0.0
 40
25.35714285714909
100
AcDbArc
 50
90.0
 51
180.0
  0
ARC
  5
D49
102
{ACAD_REACTORS
330
D4D
102
}
330
1F
100
AcDbEntity
  8
FURN
100
AcDbCircle
 10
978.0924398774004
 20
23790.14225736288
 30
0.0
 40
464.6079039038975
100
AcDbArc
 50
164.9268623571604
 51
180.0
  0
ARC
  5
D4A
102
{ACAD_REACTORS
330
D4D
102
}
330
1F
100
AcDbEntity
  8
FURN
100
AcDbCircle
 10
978.092439877615
 20
23790.14225736288
 30
0.0
 40
464.607903904059
100
AcDbArc
 50
180.0
 51
195.0731376428396
  0
ARC
  5
D4B
102
{ACAD_REACTORS
330
D4D
102
}
330
1F
100
AcDbEntity
  8
FURN
100
AcDbCircle
 10
482.3646533798637
 20
23408.63262847697
 30
0.0
 40
25.35714285714909
100
AcDbArc
 50
180.0
 51
270.0
  0
LINE
  5
D4C
102
{ACAD_REACTORS
330
D4D
102
}
330
1F
100
AcDbEntity
  8
FURN
100
AcDbLine
 10
457.0075105229516
 20
23560.77548561886
 30
0.0
 11
457.0075105229516
 21
23408.63262847697
 31
0.0
  0
LINE
  5
D4F
102
{ACAD_REACTORS
330
D5C
330
106E
102
}
330
1F
100
AcDbEntity
  8
ELE 1
100
AcDbLine
 10
2713.18179301094
 20
21907.27548561908
 30
0.0
 11
2011.181793008583
 21
21907.27548561908
 31
0.0
  0
LINE
  5
D50
102
{ACAD_REACTORS
330
D5C
330
106E
102
}
330
1F
100
AcDbEntity
  8
ELE 1
100
AcDbLine
 10
2713.18179301094
 20
21934.70405704825
 30
0.0
 11
2011.741793105866
 21
21934.70405704825
 31
0.0
  0
ARC
  5
D52
102
{ACAD_REACTORS
330
D5C
330
106E
102
}
330
1F
100
AcDbEntity
  8
ABOVE-DOTTED
100
AcDbCircle
 10
2735.203326880805
 20
21885.25395174957
 30
0.0
 40
724.3563552986008
100
AcDbArc
 50
91.74214719321019
 51
178.2578528068074
  0
LINE
  5
D54
102
{ACAD_REACTORS
330
D5C
330
106E
102
}
330
1F
100
AcDbEntity
  8
ELE 1
100
AcDbLine
 10
2713.18179301094
 20
21883.27548561918
 30
0.0
 11
2850.324650151804
 21
21883.27548561918
 31
0.0
  0
LINE
  5
D55
102
{ACAD_REACTORS
330
D5C
330
106E
102
}
330
1F
100
AcDbEntity
  8
ELE 1
100
AcDbLine
 10
2850.324650151804
 20
21883.27548561918
 30
0.0
 11
2850.324650151804
 21
21907.27548561908
 31
0.0
  0
LINE
  5
D56
102
{ACAD_REACTORS
330
D5C
330
106E
102
}
330
1F
100
AcDbEntity
  8
ELE 1
100
AcDbLine
 10
2850.324650151804
 20
21907.27548561908
 30
0.0
 11
2816.038935866588
 21
21907.27548561908
 31
0.0
  0
LINE
  5
D57
102
{ACAD_REACTORS
330
D5C
330
106E
102
}
330
1F
100
AcDbEntity
  8
ELE 1
100
AcDbLine
 10
2816.038935866588
 20
21907.27548561908
 30
0.0
 11
2816.038935866588
 21
21917.56119990439
 31
0.0
  0
LINE
  5
D58
102
{ACAD_REACTORS
330
D5C
330
106E
102
}
330
1F
100
AcDbEntity
  8
ELE 1
100
AcDbLine
 10
2816.038935866588
 20
21917.56119990439
 30
0.0
 11
2747.467507296156
 21
21917.56119990439
 31
0.0
  0
LINE
  5
D59
102
{ACAD_REACTORS
330
D5C
330
106E
102
}
330
1F
100
AcDbEntity
  8
ELE 1
100
AcDbLine
 10
2747.467507296156
 20
21917.56119990439
 30
0.0
 11
2747.467507296156
 21
21907.27548561908
 31
0.0
  0
LINE
  5
D5A
102
{ACAD_REACTORS
330
D5C
330
106E
102
}
330
1F
100
AcDbEntity
  8
ELE 1
100
AcDbLine
 10
2747.467507296156
 20
21907.27548561908
 30
0.0
 11
2713.18179301094
 21
21907.27548561908
 31
0.0
  0
LINE
  5
D5B
102
{ACAD_REACTORS
330
D5C
330
106E
102
}
330
1F
100
AcDbEntity
  8
ELE 1
100
AcDbLine
 10
2713.18179301094
 20
21907.27548561908
 30
0.0
 11
2713.18179301094
 21
21883.27548561918
 31
0.0
  0
LINE
  5
D5E
330
1F
100
AcDbEntity
  8
ELE 1
100
AcDbLine
 10
2666.75322158137
 20
21907.27548561908
 30
0.0
 11
2666.753221581372
 21
21883.27548561918
 31
0.0
  0
LINE
  5
DF3
102
{ACAD_REACTORS
330
E80
102
}
330
1F
100
AcDbEntity
  8
FURN
100
AcDbLine
 10
1660.895570348391
 20
23749.05711760345
 30
0.0
 11
1305.274539253318
 21
23749.05711760345
 31
0.0
  0
ARC
  5
DF4
102
{ACAD_REACTORS
330
E80
102
}
330
1F
100
AcDbEntity
  8
FURN
100
AcDbCircle
 10
1305.274539252614
 20
23688.09351227211
 30
0.0
 40
60.96360533134138
100
AcDbArc
 50
89.99999999932256
 51
179.9999999991607
  0
LINE
  5
DF5
102
{ACAD_REACTORS
330
E80
102
}
330
1F
100
AcDbEntity
  8
FURN
100
AcDbLine
 10
1244.310933921273
 20
23688.09351227281
 30
0.0
 11
1244.310933921273
 21
23566.16630161121
 31
0.0
  0
ARC
  5
DF6
102
{ACAD_REACTORS
330
E80
102
}
330
1F
100
AcDbEntity
  8
FURN
100
AcDbCircle
 10
1345.916942805702
 20
23566.16630161121
 30
0.0
 40
101.6060088844303
100
AcDbArc
 50
180.0
 51
270.0
  0
LINE
  5
DF7
102
{ACAD_REACTORS
330
E80
102
}
330
1F
100
AcDbEntity
  8
FURN
100
AcDbLine
 10
1345.916942805702
 20
23464.56029272678
 30
0.0
 11
1620.25316679514
 21
23464.56029272678
 31
0.0
  0
ARC
  5
DF8
102
{ACAD_REACTORS
330
E80
102
}
330
1F
100
AcDbEntity
  8
FURN
100
AcDbCircle
 10
1620.25316679514
 20
23566.16630161121
 30
0.0
 40
101.6060088844303
100
AcDbArc
 50
270.0
 51
0.0
  0
LINE
  5
DF9
102
{ACAD_REACTORS
330
E80
102
}
330
1F
100
AcDbEntity
  8
FURN
100
AcDbLine
 10
1721.859175679569
 20
23566.16630161121
 30
0.0
 11
1721.859175679569
 21
23688.09351227281
 31
0.0
  0
ARC
  5
DFA
102
{ACAD_REACTORS
330
E80
102
}
330
1F
100
AcDbEntity
  8
FURN
100
AcDbCircle
 10
1660.895570348662
 20
23688.09351227255
 30
0.0
 40
60.96360533090756
100
AcDbArc
 50
0.0
 51
90.00000000026055
  0
LINE
  5
DFB
102
{ACAD_REACTORS
330
E80
102
}
330
1F
100
AcDbEntity
  8
FURN
100
AcDbLine
 10
1660.895570348391
 20
23789.69952115735
 30
0.0
 11
1305.274539253318
 21
23789.69952115735
 31
0.0
  0
ARC
  5
DFC
102
{ACAD_REACTORS
330
E80
102
}
330
1F
100
AcDbEntity
  8
FURN
100
AcDbCircle
 10
1305.274539253373
 20
23688.09351227286
 30
0.0
 40
101.6060088844845
100
AcDbArc
 50
90.0
 51
180.0
  0
LINE
  5
DFD
102
{ACAD_REACTORS
330
E80
102
}
330
1F
100
AcDbEntity
  8
FURN
100
AcDbLine
 10
1203.668530368888
 20
23688.09351227281
 30
0.0
 11
1203.668530368888
 21
23383.2754856192
 31
0.0
  0
LINE
  5
DFE
102
{ACAD_REACTORS
330
E80
102
}
330
1F
100
AcDbEntity
  8
FURN
100
AcDbLine
 10
1203.668530368888
 20
23383.2754856192
 30
0.0
 11
1762.501579232821
 21
23383.2754856192
 31
0.0
  0
LINE
  5
DFF
102
{ACAD_REACTORS
330
E80
102
}
330
1F
100
AcDbEntity
  8
FURN
100
AcDbLine
 10
1762.501579232821
 20
23383.2754856192
 30
0.0
 11
1762.501579232821
 21
23688.09351227281
 31
0.0
  0
ARC
  5
E00
102
{ACAD_REACTORS
330
E80
102
}
330
1F
100
AcDbEntity
  8
FURN
100
AcDbCircle
 10
1660.895570348337
 20
23688.09351227286
 30
0.0
 40
101.6060088844845
100
AcDbArc
 50
0.0
 51
89.99999999994789
  0
CIRCLE
  5
E01
102
{ACAD_REACTORS
330
E80
102
}
330
1F
100
AcDbEntity
  8
FURN
100
AcDbCircle
 10
1483.085054801289
 20
23423.91788917299
 30
0.0
 40
20.32120177690412
  0
LINE
  5
E02
102
{ACAD_REACTORS
330
E80
102
}
330
1F
100
AcDbEntity
  8
FURN
100
AcDbLine
 10
1533.888059242203
 20
23515.36329716911
 30
0.0
 11
1432.282050358639
 21
23515.36329716911
 31
0.0
  0
CIRCLE
  5
E03
102
{ACAD_REACTORS
330
E80
102
}
330
1F
100
AcDbEntity
  8
FURN
100
AcDbCircle
 10
1483.085054801289
 20
23515.36329716911
 30
0.0
 40
25.40150222113015
  0
LINE
  5
E04
102
{ACAD_REACTORS
330
E80
102
}
330
1F
100
AcDbEntity
  8
FURN
100
AcDbLine
 10
1483.085054801289
 20
23566.16630161121
 30
0.0
 11
1483.085054801289
 21
23464.56029272678
 31
0.0
  0
CIRCLE
  5
E05
102
{ACAD_REACTORS
330
E80
102
}
330
1F
100
AcDbEntity
  8
FURN
100
AcDbCircle
 10
1544.048660130732
 20
23423.91788917299
 30
0.0
 40
20.32120177690412
  0
CIRCLE
  5
E06
102
{ACAD_REACTORS
330
E80
102
}
330
1F
100
AcDbEntity
  8
FURN
100
AcDbCircle
 10
1422.121449470977
 20
23423.91788917299
 30
0.0
 40
20.32120177690412
  0
LINE
  5
E86
102
{ACAD_REACTORS
330
E93
330
1020
330
1038
102
}
330
1F
100
AcDbEntity
  8
ELE 1
100
AcDbLine
 10
1741.153221581469
 20
24875.13262847738
 30
0.0
 11
1741.153221581469
 21
24126.33262847487
 31
0.0
  0
LINE
  5
E87
102
{ACAD_REACTORS
330
E93
330
1020
330
1038
102
}
330
1F
100
AcDbEntity
  8
ELE 1
100
AcDbLine
 10
1711.896078723676
 20
24875.13262847738
 30
0.0
 11
1711.896078723676
 21
24126.92996191197
 31
0.0
  0
ARC
  5
E89
102
{ACAD_REACTORS
330
E93
330
1020
330
1038
102
}
330
1F
100
AcDbEntity
  8
ABOVE-DOTTED
100
AcDbCircle
 10
1764.64285770894
 20
24898.62226460523
 30
0.0
 40
772.6467789851694
100
AcDbArc
 50
181.7421471932126
 51
268.2578528067866
  0
LINE
  5
E8B
102
{ACAD_REACTORS
330
E93
330
1020
330
1038
102
}
330
1F
100
AcDbEntity
  8
ELE 1
100
AcDbLine
 10
1766.753221581357
 20
24875.13262847738
 30
0.0
 11
1766.753221581357
 21
25021.41834276096
 31
0.0
  0
LINE
  5
E8C
102
{ACAD_REACTORS
330
E93
330
1020
330
1038
102
}
330
1F
100
AcDbEntity
  8
ELE 1
100
AcDbLine
 10
1766.753221581357
 20
25021.41834276096
 30
0.0
 11
1741.153221581469
 21
25021.41834276096
 31
0.0
  0
LINE
  5
E8D
102
{ACAD_REACTORS
330
E93
330
1020
330
1038
102
}
330
1F
100
AcDbEntity
  8
ELE 1
100
AcDbLine
 10
1741.153221581469
 20
25021.41834276096
 30
0.0
 11
1741.153221581469
 21
24984.84691419006
 31
0.0
  0
LINE
  5
E8E
102
{ACAD_REACTORS
330
E93
330
1020
330
1038
102
}
330
1F
100
AcDbEntity
  8
ELE 1
100
AcDbLine
 10
1741.153221581469
 20
24984.84691419006
 30
0.0
 11
1730.18179301046
 21
24984.84691419006
 31
0.0
  0
LINE
  5
E8F
102
{ACAD_REACTORS
330
E93
330
1020
330
1038
102
}
330
1F
100
AcDbEntity
  8
ELE 1
100
AcDbLine
 10
1730.18179301046
 20
24984.84691419006
 30
0.0
 11
1730.18179301046
 21
24911.70405704827
 31
0.0
  0
LINE
  5
E90
102
{ACAD_REACTORS
330
E93
330
1020
330
1038
102
}
330
1F
100
AcDbEntity
  8
ELE 1
100
AcDbLine
 10
1730.18179301046
 20
24911.70405704827
 30
0.0
 11
1741.153221581469
 21
24911.70405704827
 31
0.0
  0
LINE
  5
E91
102
{ACAD_REACTORS
330
E93
330
1020
330
1038
102
}
330
1F
100
AcDbEntity
  8
ELE 1
100
AcDbLine
 10
1741.153221581469
 20
24911.70405704827
 30
0.0
 11
1741.153221581469
 21
24875.13262847738
 31
0.0
  0
LINE
  5
E92
102
{ACAD_REACTORS
330
E93
330
1020
330
1038
102
}
330
1F
100
AcDbEntity
  8
ELE 1
100
AcDbLine
 10
1741.153221581469
 20
24875.13262847738
 30
0.0
 11
1766.753221581357
 21
24875.13262847738
 31
0.0
  0
LINE
  5
E95
330
1F
100
AcDbEntity
  8
ELE 1
100
AcDbLine
 10
966.7532215813571
 20
24833.27548561918
 30
0.0
 11
1711.896078723676
 21
24833.27548561918
 31
0.0
  0
LINE
  5
E96
102
{ACAD_REACTORS
330
1020
330
1038
102
}
330
1F
100
AcDbEntity
  8
ELE 1
100
AcDbLine
 10
1741.153221581469
 20
24875.13262847738
 30
0.0
 11
1711.896078723676
 21
24875.13262847738
 31
0.0
  0
LINE
  5
E97
102
{ACAD_REACTORS
330
1020
330
1038
102
}
330
1F
100
AcDbEntity
  8
ELE 1
100
AcDbLine
 10
966.7532215813571
 20
24875.13262847738
 30
0.0
 11
966.7532215813571
 21
25021.41834276096
 31
0.0
  0
LINE
  5
E98
102
{ACAD_REACTORS
330
1020
330
1038
102
}
330
1F
100
AcDbEntity
  8
ELE 1
100
AcDbLine
 10
966.7532215813571
 20
25021.41834276096
 30
0.0
 11
992.3532215812452
 21
25021.41834276096
 31
0.0
  0
LINE
  5
E99
102
{ACAD_REACTORS
330
1020
330
1038
102
}
330
1F
100
AcDbEntity
  8
ELE 1
100
AcDbLine
 10
992.3532215812452
 20
25021.41834276096
 30
0.0
 11
992.3532215812452
 21
24984.84691419006
 31
0.0
  0
LINE
  5
E9A
102
{ACAD_REACTORS
330
1038
102
}
330
1F
100
AcDbEntity
  8
ELE 1
100
AcDbLine
 10
992.3532215812452
 20
24984.84691419006
 30
0.0
 11
1003.324650152254
 21
24984.84691419006
 31
0.0
  0
LINE
  5
E9B
102
{ACAD_REACTORS
330
1020
330
1038
102
}
330
1F
100
AcDbEntity
  8
ELE 1
100
AcDbLine
 10
1003.324650152254
 20
24984.84691419006
 30
0.0
 11
1003.324650152254
 21
24911.70405704828
 31
0.0
  0
LINE
  5
E9C
102
{ACAD_REACTORS
330
1020
330
1038
102
}
330
1F
100
AcDbEntity
  8
ELE 1
100
AcDbLine
 10
1003.324650152254
 20
24911.70405704828
 30
0.0
 11
992.3532215812452
 21
24911.70405704828
 31
0.0
  0
LINE
  5
E9D
102
{ACAD_REACTORS
330
1020
330
1038
102
}
330
1F
100
AcDbEntity
  8
ELE 1
100
AcDbLine
 10
992.3532215812452
 20
24911.70405704828
 30
0.0
 11
992.3532215812452
 21
24875.13262847738
 31
0.0
  0
LINE
  5
E9E
102
{ACAD_REACTORS
330
1020
330
1038
102
}
330
1F
100
AcDbEntity
  8
ELE 1
100
AcDbLine
 10
992.3532215812452
 20
24875.13262847738
 30
0.0
 11
966.7532215813571
 21
24875.13262847738
 31
0.0
  0
LINE
  5
E9F
330
1F
100
AcDbEntity
  8
ELE 1
100
AcDbLine
 10
4104.811964632443
 20
25039.53621975797
 30
0.0
 11
4068.307670975578
 21
25039.53621975797
 31
0.0
  0
LINE
  5
EA0
330
1F
100
AcDbEntity
  8
ELE 1
100
AcDbLine
 10
3138.588941923643
 20
25039.53621975795
 30
0.0
 11
3138.588941923643
 21
24857.01475148035
 31
0.0
  0
LINE
  5
EA1
330
1F
100
AcDbEntity
  8
ELE 1
100
AcDbLine
 10
3138.588941923643
 20
24857.01475148035
 30
0.0
 11
3170.53019887255
 21
24857.01475148035
 31
0.0
  0
LINE
  5
EA2
330
1F
100
AcDbEntity
  8
ELE 1
100
AcDbLine
 10
3170.53019887255
 20
24857.01475148035
 30
0.0
 11
3170.53019887255
 21
24902.64511854976
 31
0.0
  0
LINE
  5
EA3
330
1F
100
AcDbEntity
  8
ELE 1
100
AcDbLine
 10
3170.53019887255
 20
24902.64511854976
 30
0.0
 11
3184.219308993046
 21
24902.64511854976
 31
0.0
  0
LINE
  5
EA4
330
1F
100
AcDbEntity
  8
ELE 1
100
AcDbLine
 10
3184.219308993046
 20
24902.64511854976
 30
0.0
 11
3184.219308993046
 21
24993.90585268855
 31
0.0
  0
LINE
  5
EA5
330
1F
100
AcDbEntity
  8
ELE 1
100
AcDbLine
 10
3184.219308993046
 20
24993.90585268855
 30
0.0
 11
3170.53019887255
 21
24993.90585268855
 31
0.0
  0
LINE
  5
EA6
330
1F
100
AcDbEntity
  8
ELE 1
100
AcDbLine
 10
3170.53019887255
 20
24993.90585268855
 30
0.0
 11
3170.53019887255
 21
25039.53621975795
 31
0.0
  0
LINE
  5
EA7
330
1F
100
AcDbEntity
  8
ELE 1
100
AcDbLine
 10
3170.53019887255
 20
25039.53621975795
 30
0.0
 11
3138.588941923643
 21
25039.53621975795
 31
0.0
  0
ARC
  5
F14
102
{ACAD_REACTORS
330
F79
102
}
330
1F
100
AcDbEntity
  8
FURN
100
AcDbCircle
 10
3104.003822181025
 20
18497.79800237596
 30
0.0
 40
50.0
100
AcDbArc
 50
0.0
 51
90.0
  0
ARC
  5
F15
102
{ACAD_REACTORS
330
F79
102
}
330
1F
100
AcDbEntity
  8
FURN
100
AcDbCircle
 10
3104.003822181025
 20
17797.79800237526
 30
0.0
 40
50.0
100
AcDbArc
 50
270.0
 51
0.0
  0
ARC
  5
F16
102
{ACAD_REACTORS
330
F79
102
}
330
1F
100
AcDbEntity
  8
FURN
100
AcDbCircle
 10
3104.003822181025
 20
17897.79800237561
 30
0.0
 40
50.0
100
AcDbArc
 50
0.0
 51
90.0
  0
ARC
  5
F17
102
{ACAD_REACTORS
330
F79
102
}
330
1F
100
AcDbEntity
  8
FURN
100
AcDbCircle
 10
3104.003822181025
 20
17997.79800237596
 30
0.0
 40
50.0
100
AcDbArc
 50
270.0
 51
0.0
  0
LINE
  5
F18
102
{ACAD_REACTORS
330
F79
102
}
330
1F
100
AcDbEntity
  8
FURN
100
AcDbLine
 10
3153.585822179564
 20
17997.79800237596
 30
0.0
 11
3153.585822179564
 21
18497.79800237596
 31
0.0
  0
LINE
  5
F19
102
{ACAD_REACTORS
330
F79
102
}
330
1F
100
AcDbEntity
  8
FURN
100
AcDbLine
 10
3154.003822177299
 20
17997.79800237596
 30
0.0
 11
3154.003822177299
 21
18497.79800237596
 31
0.0
  0
ARC
  5
F1A
102
{ACAD_REACTORS
330
F79
102
}
330
1F
100
AcDbEntity
  8
FURN
100
AcDbCircle
 10
3203.585822175839
 20
18497.79800237596
 30
0.0
 40
50.0
100
AcDbArc
 50
90.0
 51
180.0
  0
ARC
  5
F1B
102
{ACAD_REACTORS
330
F79
102
}
330
1F
100
AcDbEntity
  8
FURN
100
AcDbCircle
 10
3203.585822175839
 20
17997.79800237596
 30
0.0
 40
50.0
100
AcDbArc
 50
180.0
 51
270.0
  0
ARC
  5
F1C
102
{ACAD_REACTORS
330
F79
102
}
330
1F
100
AcDbEntity
  8
FURN
100
AcDbCircle
 10
3203.585822175839
 20
17897.79800237561
 30
0.0
 40
50.0
100
AcDbArc
 50
90.0
 51
180.0
  0
ARC
  5
F1D
102
{ACAD_REACTORS
330
F79
102
}
330
1F
100
AcDbEntity
  8
FURN
100
AcDbCircle
 10
3203.585822175839
 20
17797.79800237526
 30
0.0
 40
50.0
100
AcDbArc
 50
180.0
 51
270.0
  0
LINE
  5
F1E
102
{ACAD_REACTORS
330
F79
102
}
330
1F
100
AcDbEntity
  8
FURN
100
AcDbLine
 10
3153.585822179564
 20
17897.79800237561
 30
0.0
 11
3153.585822179564
 21
17797.79800237526
 31
0.0
  0
LINE
  5
F1F
102
{ACAD_REACTORS
330
F79
102
}
330
1F
100
AcDbEntity
  8
FURN
100
AcDbLine
 10
3154.003822177299
 20
17897.79800237561
 30
0.0
 11
3154.003822177299
 21
17797.79800237526
 31
0.0
  0
LINE
  5
F20
102
{ACAD_REACTORS
330
F79
102
}
330
1F
100
AcDbEntity
  8
FURN
100
AcDbLine
 10
2354.003822181025
 20
17997.79800237596
 30
0.0
 11
2354.003822181025
 21
18497.79800237596
 31
0.0
  0
LINE
  5
F21
102
{ACAD_REACTORS
330
F79
102
}
330
1F
100
AcDbEntity
  8
FURN
100
AcDbLine
 10
2404.003822177299
 20
18547.79800237526
 30
0.0
 11
3104.003822181025
 21
18547.79800237526
 31
0.0
  0
ARC
  5
F22
102
{ACAD_REACTORS
330
F79
102
}
330
1F
100
AcDbEntity
  8
FURN
100
AcDbCircle
 10
2404.003822177299
 20
18497.79800237596
 30
0.0
 40
50.0
100
AcDbArc
 50
90.0
 51
180.0
  0
LINE
  5
F23
102
{ACAD_REACTORS
330
F79
102
}
330
1F
100
AcDbEntity
  8
FURN
100
AcDbLine
 10
2404.003822177299
 20
17747.79800237596
 30
0.0
 11
3104.003822181025
 21
17747.79800237596
 31
0.0
  0
LINE
  5
F24
102
{ACAD_REACTORS
330
F79
102
}
330
1F
100
AcDbEntity
  8
FURN
100
AcDbLine
 10
2404.003822177299
 20
17947.79800237666
 30
0.0
 11
3104.003822181025
 21
17947.79800237666
 31
0.0
  0
ARC
  5
F25
102
{ACAD_REACTORS
330
F79
102
}
330
1F
100
AcDbEntity
  8
FURN
100
AcDbCircle
 10
2404.003822177299
 20
17897.79800237561
 30
0.0
 40
50.0
100
AcDbArc
 50
90.0
 51
180.0
  0
ARC
  5
F26
102
{ACAD_REACTORS
330
F79
102
}
330
1F
100
AcDbEntity
  8
FURN
100
AcDbCircle
 10
2404.003822177299
 20
17797.79800237526
 30
0.0
 40
50.0
100
AcDbArc
 50
180.0
 51
270.0
  0
ARC
  5
F27
102
{ACAD_REACTORS
330
F79
102
}
330
1F
100
AcDbEntity
  8
FURN
100
AcDbCircle
 10
2404.003822177299
 20
17997.79800237596
 30
0.0
 40
50.0
100
AcDbArc
 50
180.0
 51
270.0
  0
LINE
  5
F28
102
{ACAD_REACTORS
330
F79
102
}
330
1F
100
AcDbEntity
  8
FURN
100
AcDbLine
 10
2354.003822181025
 20
17897.79800237561
 30
0.0
 11
2354.003822181025
 21
17797.79800237526
 31
0.0
  0
LINE
  5
F29
102
{ACAD_REACTORS
330
F79
102
}
330
1F
100
AcDbEntity
  8
FURN
100
AcDbLine
 10
4753.585822179564
 20
17997.79800237596
 30
0.0
 11
4753.585822179564
 21
18497.79800237596
 31
0.0
  0
LINE
  5
F2A
102
{ACAD_REACTORS
330
F79
102
}
330
1F
100
AcDbEntity
  8
FURN
100
AcDbLine
 10
3953.585822175839
 20
17997.79800237596
 30
0.0
 11
3953.585822175839
 21
18497.79800237596
 31
0.0
  0
LINE
  5
F2B
102
{ACAD_REACTORS
330
F79
102
}
330
1F
100
AcDbEntity
  8
FURN
100
AcDbLine
 10
4003.585822179564
 20
18547.79800237526
 30
0.0
 11
4703.585822175838
 21
18547.79800237526
 31
0.0
  0
ARC
  5
F2C
102
{ACAD_REACTORS
330
F79
102
}
330
1F
100
AcDbEntity
  8
FURN
100
AcDbCircle
 10
4667.066822174587
 20
18700.62100237558
 30
0.0
 40
156.59
100
AcDbArc
 50
275.0956780038586
 51
355.26499799589
  0
ARC
  5
F2D
102
{ACAD_REACTORS
330
F79
102
}
330
1F
100
AcDbEntity
  8
FURN
100
AcDbCircle
 10
4870.147822182276
 20
18664.36000237623
 30
0.0
 40
50.0
100
AcDbArc
 50
180.0
 51
270.0
  0
ARC
  5
F2E
102
{ACAD_REACTORS
330
F79
102
}
330
1F
100
AcDbEntity
  8
FURN
100
AcDbCircle
 10
4703.585822175838
 20
18497.79800237596
 30
0.0
 40
50.0
100
AcDbArc
 50
0.0
 51
90.0
  0
ARC
  5
F2F
102
{ACAD_REACTORS
330
F79
102
}
330
1F
100
AcDbEntity
  8
FURN
100
AcDbCircle
 10
4003.585822179564
 20
18497.79800237596
 30
0.0
 40
50.0
100
AcDbArc
 50
90.0
 51
180.0
  0
ARC
  5
F30
102
{ACAD_REACTORS
330
F79
102
}
330
1F
100
AcDbEntity
  8
FURN
100
AcDbCircle
 10
3903.585822179564
 20
18497.79800237596
 30
0.0
 40
50.0
100
AcDbArc
 50
0.0
 51
90.0
  0
LINE
  5
F31
102
{ACAD_REACTORS
330
F79
102
}
330
1F
100
AcDbEntity
  8
FURN
100
AcDbLine
 10
4703.585822175838
 20
17747.79800237596
 30
0.0
 11
4003.585822179564
 21
17747.79800237596
 31
0.0
  0
LINE
  5
F32
102
{ACAD_REACTORS
330
F79
102
}
330
1F
100
AcDbEntity
  8
FURN
100
AcDbLine
 10
4703.585822175838
 20
17947.79800237666
 30
0.0
 11
4003.585822179564
 21
17947.79800237666
 31
0.0
  0
LINE
  5
F33
102
{ACAD_REACTORS
330
F79
102
}
330
1F
100
AcDbEntity
  8
FURN
100
AcDbLine
 10
4003.585822179564
 20
17947.79800237666
 30
0.0
 11
4703.585822175838
 21
17947.79800237666
 31
0.0
  0
LINE
  5
F34
102
{ACAD_REACTORS
330
F79
102
}
330
1F
100
AcDbEntity
  8
FURN
100
AcDbLine
 10
4003.585822179564
 20
17747.79800237596
 30
0.0
 11
4703.585822175838
 21
17747.79800237596
 31
0.0
  0
ARC
  5
F35
102
{ACAD_REACTORS
330
F79
102
}
330
1F
100
AcDbEntity
  8
FURN
100
AcDbCircle
 10
4703.585822175838
 20
17797.79800237526
 30
0.0
 40
50.0
100
AcDbArc
 50
270.0
 51
0.0
  0
ARC
  5
F36
102
{ACAD_REACTORS
330
F79
102
}
330
1F
100
AcDbEntity
  8
FURN
100
AcDbCircle
 10
4703.585822175838
 20
17897.79800237561
 30
0.0
 40
50.0
100
AcDbArc
 50
0.0
 51
90.0
  0
ARC
  5
F37
102
{ACAD_REACTORS
330
F79
102
}
330
1F
100
AcDbEntity
  8
FURN
100
AcDbCircle
 10
4703.585822175838
 20
17997.79800237596
 30
0.0
 40
50.0
100
AcDbArc
 50
270.0
 51
0.0
  0
ARC
  5
F38
102
{ACAD_REACTORS
330
F79
102
}
330
1F
100
AcDbEntity
  8
FURN
100
AcDbCircle
 10
4703.585822175838
 20
17997.79800237596
 30
0.0
 40
50.0
100
AcDbArc
 50
270.0
 51
0.0
  0
ARC
  5
F39
102
{ACAD_REACTORS
330
F79
102
}
330
1F
100
AcDbEntity
  8
FURN
100
AcDbCircle
 10
4703.585822175838
 20
17897.79800237561
 30
0.0
 40
50.0
100
AcDbArc
 50
0.0
 51
90.0
  0
ARC
  5
F3A
102
{ACAD_REACTORS
330
F79
102
}
330
1F
100
AcDbEntity
  8
FURN
100
AcDbCircle
 10
4703.585822175838
 20
17797.79800237526
 30
0.0
 40
50.0
100
AcDbArc
 50
270.0
 51
0.0
  0
LINE
  5
F3B
102
{ACAD_REACTORS
330
F79
102
}
330
1F
100
AcDbEntity
  8
FURN
100
AcDbLine
 10
4753.585822179564
 20
17897.79800237561
 30
0.0
 11
4753.585822179564
 21
17797.79800237526
 31
0.0
  0
LINE
  5
F3C
102
{ACAD_REACTORS
330
F79
102
}
330
1F
100
AcDbEntity
  8
FURN
100
AcDbLine
 10
4753.585822179564
 20
17897.79800237561
 30
0.0
 11
4753.585822179564
 21
17797.79800237526
 31
0.0
  0
ARC
  5
F3D
102
{ACAD_REACTORS
330
F79
102
}
330
1F
100
AcDbEntity
  8
FURN
100
AcDbCircle
 10
4003.585822179564
 20
17797.79800237526
 30
0.0
 40
50.0
100
AcDbArc
 50
180.0
 51
270.0
  0
ARC
  5
F3E
102
{ACAD_REACTORS
330
F79
102
}
330
1F
100
AcDbEntity
  8
FURN
100
AcDbCircle
 10
4003.585822179564
 20
17897.79800237561
 30
0.0
 40
50.0
100
AcDbArc
 50
90.0
 51
180.0
  0
ARC
  5
F3F
102
{ACAD_REACTORS
330
F79
102
}
330
1F
100
AcDbEntity
  8
FURN
100
AcDbCircle
 10
4003.585822179564
 20
17997.79800237596
 30
0.0
 40
50.0
100
AcDbArc
 50
180.0
 51
270.0
  0
ARC
  5
F40
102
{ACAD_REACTORS
330
F79
102
}
330
1F
100
AcDbEntity
  8
FURN
100
AcDbCircle
 10
4003.585822179564
 20
17997.79800237596
 30
0.0
 40
50.0
100
AcDbArc
 50
180.0
 51
270.0
  0
ARC
  5
F41
102
{ACAD_REACTORS
330
F79
102
}
330
1F
100
AcDbEntity
  8
FURN
100
AcDbCircle
 10
4003.585822179564
 20
17897.79800237561
 30
0.0
 40
50.0
100
AcDbArc
 50
90.0
 51
180.0
  0
ARC
  5
F42
102
{ACAD_REACTORS
330
F79
102
}
330
1F
100
AcDbEntity
  8
FURN
100
AcDbCircle
 10
4003.585822179564
 20
17797.79800237526
 30
0.0
 40
50.0
100
AcDbArc
 50
180.0
 51
270.0
  0
ARC
  5
F43
102
{ACAD_REACTORS
330
F79
102
}
330
1F
100
AcDbEntity
  8
FURN
100
AcDbCircle
 10
3903.585822179564
 20
17997.79800237596
 30
0.0
 40
50.0
100
AcDbArc
 50
270.0
 51
0.0
  0
ARC
  5
F44
102
{ACAD_REACTORS
330
F79
102
}
330
1F
100
AcDbEntity
  8
FURN
100
AcDbCircle
 10
3903.585822179564
 20
17897.79800237561
 30
0.0
 40
50.0
100
AcDbArc
 50
0.0
 51
90.0
  0
ARC
  5
F45
102
{ACAD_REACTORS
330
F79
102
}
330
1F
100
AcDbEntity
  8
FURN
100
AcDbCircle
 10
3903.585822179564
 20
17797.79800237526
 30
0.0
 40
50.0
100
AcDbArc
 50
270.0
 51
0.0
  0
LINE
  5
F46
102
{ACAD_REACTORS
330
F79
102
}
330
1F
100
AcDbEntity
  8
FURN
100
AcDbLine
 10
3953.585822175839
 20
17897.79800237561
 30
0.0
 11
3953.585822175839
 21
17797.79800237526
 31
0.0
  0
LINE
  5
F47
102
{ACAD_REACTORS
330
F79
102
}
330
1F
100
AcDbEntity
  8
FURN
100
AcDbLine
 10
3953.585822175839
 20
17897.79800237561
 30
0.0
 11
3953.585822175839
 21
17797.79800237526
 31
0.0
  0
LINE
  5
F48
102
{ACAD_REACTORS
330
F79
102
}
330
1F
100
AcDbEntity
  8
FURN
100
AcDbLine
 10
3953.585822175839
 20
17897.79800237561
 30
0.0
 11
3953.585822175839
 21
17797.79800237526
 31
0.0
  0
LINE
  5
F49
102
{ACAD_REACTORS
330
F79
102
}
330
1F
100
AcDbEntity
  8
FURN
100
AcDbLine
 10
4350.565822181874
 20
18985.10600237569
 30
0.0
 11
2823.199822179624
 21
18985.10600237569
 31
0.0
  0
LINE
  5
F4A
102
{ACAD_REACTORS
330
F79
102
}
330
1F
100
AcDbEntity
  8
FURN
100
AcDbLine
 10
3203.585822175839
 20
18547.79800237526
 30
0.0
 11
3903.585822179564
 21
18547.79800237526
 31
0.0
  0
LINE
  5
F4B
102
{ACAD_REACTORS
330
F79
102
}
330
1F
100
AcDbEntity
  8
FURN
100
AcDbLine
 10
3203.585822175839
 20
17947.79800237666
 30
0.0
 11
3903.585822179564
 21
17947.79800237666
 31
0.0
  0
LINE
  5
F4C
102
{ACAD_REACTORS
330
F79
102
}
330
1F
100
AcDbEntity
  8
FURN
100
AcDbLine
 10
3203.585822175839
 20
17747.79800237596
 30
0.0
 11
3903.585822179564
 21
17747.79800237596
 31
0.0
  0
LINE
  5
F4D
102
{ACAD_REACTORS
330
F79
102
}
330
1F
100
AcDbEntity
  8
FURN
100
AcDbLine
 10
4820.147822178551
 20
20164.36000237623
 30
0.0
 11
4820.147822178551
 21
19464.36000237553
 31
0.0
  0
ARC
  5
F4E
102
{ACAD_REACTORS
330
F79
102
}
330
1F
100
AcDbEntity
  8
FURN
100
AcDbCircle
 10
4870.147822182276
 20
20164.36000237623
 30
0.0
 40
50.0
100
AcDbArc
 50
90.0
 51
180.0
  0
ARC
  5
F4F
102
{ACAD_REACTORS
330
F79
102
}
330
1F
100
AcDbEntity
  8
FURN
100
AcDbCircle
 10
4870.147822182276
 20
19464.36000237553
 30
0.0
 40
50.0
100
AcDbArc
 50
180.0
 51
270.0
  0
ARC
  5
F50
102
{ACAD_REACTORS
330
F79
102
}
330
1F
100
AcDbEntity
  8
FURN
100
AcDbCircle
 10
4870.147822182276
 20
19364.36000237518
 30
0.0
 40
50.0
100
AcDbArc
 50
90.0
 51
180.0
  0
LINE
  5
F51
102
{ACAD_REACTORS
330
F79
102
}
330
1F
100
AcDbEntity
  8
FURN
100
AcDbLine
 10
2823.199822179624
 20
19788.34400237616
 30
0.0
 11
4350.565822181874
 21
19788.34400237616
 31
0.0
  0
LINE
  5
F52
102
{ACAD_REACTORS
330
F79
102
}
330
1F
100
AcDbEntity
  8
FURN
100
AcDbLine
 10
4820.147822178551
 20
19364.36000237518
 30
0.0
 11
4820.147822178551
 21
18664.36000237623
 31
0.0
  0
LINE
  5
F53
102
{ACAD_REACTORS
330
F79
102
}
330
1F
100
AcDbEntity
  8
FURN
100
AcDbLine
 10
4350.565822181874
 20
19788.34400237616
 30
0.0
 11
4350.565822181874
 21
18985.10600237569
 31
0.0
  0
LINE
  5
F54
102
{ACAD_REACTORS
330
F79
102
}
330
1F
100
AcDbEntity
  8
FURN
100
AcDbLine
 10
2823.199822179624
 20
18985.10600237569
 30
0.0
 11
2823.199822179624
 21
19788.34400237616
 31
0.0
  0
LINE
  5
F55
102
{ACAD_REACTORS
330
F79
102
}
330
1F
100
AcDbEntity
  8
FURN
100
AcDbLine
 10
5470.147822180414
 20
18614.36000237518
 30
0.0
 11
5570.147822178551
 21
18614.36000237518
 31
0.0
  0
LINE
  5
F56
102
{ACAD_REACTORS
330
F79
102
}
330
1F
100
AcDbEntity
  8
FURN
100
AcDbLine
 10
5470.147822180414
 20
18614.36000237518
 30
0.0
 11
5570.147822178551
 21
18614.36000237518
 31
0.0
  0
ARC
  5
F57
102
{ACAD_REACTORS
330
F79
102
}
330
1F
100
AcDbEntity
  8
FURN
100
AcDbCircle
 10
5570.147822178551
 20
18664.36000237623
 30
0.0
 40
50.0
100
AcDbArc
 50
270.0
 51
0.0
  0
ARC
  5
F58
102
{ACAD_REACTORS
330
F79
102
}
330
1F
100
AcDbEntity
  8
FURN
100
AcDbCircle
 10
5570.147822178551
 20
18664.36000237623
 30
0.0
 40
50.0
100
AcDbArc
 50
270.0
 51
0.0
  0
ARC
  5
F59
102
{ACAD_REACTORS
330
F79
102
}
330
1F
100
AcDbEntity
  8
FURN
100
AcDbCircle
 10
5470.147822180414
 20
18664.36000237623
 30
0.0
 40
50.0
100
AcDbArc
 50
180.0
 51
270.0
  0
ARC
  5
F5A
102
{ACAD_REACTORS
330
F79
102
}
330
1F
100
AcDbEntity
  8
FURN
100
AcDbCircle
 10
5370.147822182276
 20
18664.36000237623
 30
0.0
 40
50.0
100
AcDbArc
 50
270.0
 51
0.0
  0
ARC
  5
F5B
102
{ACAD_REACTORS
330
F79
102
}
330
1F
100
AcDbEntity
  8
FURN
100
AcDbCircle
 10
5370.147822182276
 20
18664.36000237623
 30
0.0
 40
50.0
100
AcDbArc
 50
270.0
 51
0.0
  0
ARC
  5
F5C
102
{ACAD_REACTORS
330
F79
102
}
330
1F
100
AcDbEntity
  8
FURN
100
AcDbCircle
 10
5470.147822180414
 20
18664.36000237623
 30
0.0
 40
50.0
100
AcDbArc
 50
180.0
 51
270.0
  0
LINE
  5
F5D
102
{ACAD_REACTORS
330
F79
102
}
330
1F
100
AcDbEntity
  8
FURN
100
AcDbLine
 10
5620.147822182276
 20
20164.36000237623
 30
0.0
 11
5620.147822182276
 21
19464.36000237553
 31
0.0
  0
LINE
  5
F5E
102
{ACAD_REACTORS
330
F79
102
}
330
1F
100
AcDbEntity
  8
FURN
100
AcDbLine
 10
5420.147822176688
 20
20164.36000237623
 30
0.0
 11
5420.147822176688
 21
19464.36000237553
 31
0.0
  0
LINE
  5
F5F
102
{ACAD_REACTORS
330
F79
102
}
330
1F
100
AcDbEntity
  8
FURN
100
AcDbLine
 10
5470.147822180414
 20
20213.94200237593
 30
0.0
 11
5570.147822178551
 21
20213.94200237593
 31
0.0
  0
ARC
  5
F60
102
{ACAD_REACTORS
330
F79
102
}
330
1F
100
AcDbEntity
  8
FURN
100
AcDbCircle
 10
5570.147822178551
 20
20164.36000237623
 30
0.0
 40
50.0
100
AcDbArc
 50
0.0
 51
90.0
  0
ARC
  5
F61
102
{ACAD_REACTORS
330
F79
102
}
330
1F
100
AcDbEntity
  8
FURN
100
AcDbCircle
 10
5470.147822180414
 20
20164.36000237623
 30
0.0
 40
50.0
100
AcDbArc
 50
90.0
 51
180.0
  0
ARC
  5
F62
102
{ACAD_REACTORS
330
F79
102
}
330
1F
100
AcDbEntity
  8
FURN
100
AcDbCircle
 10
5370.147822182276
 20
20164.36000237623
 30
0.0
 40
50.0
100
AcDbArc
 50
0.0
 51
90.0
  0
LINE
  5
F63
102
{ACAD_REACTORS
330
F79
102
}
330
1F
100
AcDbEntity
  8
FURN
100
AcDbLine
 10
5470.147822180414
 20
19414.36000237622
 30
0.0
 11
5570.147822178551
 21
19414.36000237622
 31
0.0
  0
LINE
  5
F64
102
{ACAD_REACTORS
330
F79
102
}
330
1F
100
AcDbEntity
  8
FURN
100
AcDbLine
 10
5470.147822180414
 20
19414.36000237622
 30
0.0
 11
5570.147822178551
 21
19414.36000237622
 31
0.0
  0
LINE
  5
F65
102
{ACAD_REACTORS
330
F79
102
}
330
1F
100
AcDbEntity
  8
FURN
100
AcDbLine
 10
5470.147822180414
 20
19414.36000237622
 30
0.0
 11
5570.147822178551
 21
19414.36000237622
 31
0.0
  0
ARC
  5
F66
102
{ACAD_REACTORS
330
F79
102
}
330
1F
100
AcDbEntity
  8
FURN
100
AcDbCircle
 10
5570.147822178551
 20
19464.36000237553
 30
0.0
 40
50.0
100
AcDbArc
 50
270.0
 51
0.0
  0
ARC
  5
F67
102
{ACAD_REACTORS
330
F79
102
}
330
1F
100
AcDbEntity
  8
FURN
100
AcDbCircle
 10
5570.147822178551
 20
19364.36000237518
 30
0.0
 40
50.0
100
AcDbArc
 50
0.0
 51
90.0
  0
ARC
  5
F68
102
{ACAD_REACTORS
330
F79
102
}
330
1F
100
AcDbEntity
  8
FURN
100
AcDbCircle
 10
5570.147822178551
 20
19364.36000237518
 30
0.0
 40
50.0
100
AcDbArc
 50
0.0
 51
90.0
  0
ARC
  5
F69
102
{ACAD_REACTORS
330
F79
102
}
330
1F
100
AcDbEntity
  8
FURN
100
AcDbCircle
 10
5470.147822180414
 20
19464.36000237553
 30
0.0
 40
50.0
100
AcDbArc
 50
180.0
 51
270.0
  0
ARC
  5
F6A
102
{ACAD_REACTORS
330
F79
102
}
330
1F
100
AcDbEntity
  8
FURN
100
AcDbCircle
 10
5370.147822182276
 20
19464.36000237553
 30
0.0
 40
50.0
100
AcDbArc
 50
270.0
 51
0.0
  0
ARC
  5
F6B
102
{ACAD_REACTORS
330
F79
102
}
330
1F
100
AcDbEntity
  8
FURN
100
AcDbCircle
 10
5470.147822180414
 20
19364.36000237518
 30
0.0
 40
50.0
100
AcDbArc
 50
90.0
 51
180.0
  0
ARC
  5
F6C
102
{ACAD_REACTORS
330
F79
102
}
330
1F
100
AcDbEntity
  8
FURN
100
AcDbCircle
 10
5370.147822182276
 20
19364.36000237518
 30
0.0
 40
50.0
100
AcDbArc
 50
0.0
 51
90.0
  0
ARC
  5
F6D
102
{ACAD_REACTORS
330
F79
102
}
330
1F
100
AcDbEntity
  8
FURN
100
AcDbCircle
 10
5370.147822182276
 20
19364.36000237518
 30
0.0
 40
50.0
100
AcDbArc
 50
0.0
 51
90.0
  0
ARC
  5
F6E
102
{ACAD_REACTORS
330
F79
102
}
330
1F
100
AcDbEntity
  8
FURN
100
AcDbCircle
 10
5470.147822180414
 20
19364.36000237518
 30
0.0
 40
50.0
100
AcDbArc
 50
90.0
 51
180.0
  0
LINE
  5
F6F
102
{ACAD_REACTORS
330
F79
102
}
330
1F
100
AcDbEntity
  8
FURN
100
AcDbLine
 10
5620.147822182276
 20
19364.36000237518
 30
0.0
 11
5620.147822182276
 21
18664.36000237623
 31
0.0
  0
LINE
  5
F70
102
{ACAD_REACTORS
330
F79
102
}
330
1F
100
AcDbEntity
  8
FURN
100
AcDbLine
 10
5620.147822182276
 20
18664.36000237623
 30
0.0
 11
5620.147822182276
 21
19364.36000237518
 31
0.0
  0
LINE
  5
F71
102
{ACAD_REACTORS
330
F79
102
}
330
1F
100
AcDbEntity
  8
FURN
100
AcDbLine
 10
5420.147822176688
 20
19364.36000237518
 30
0.0
 11
5420.147822176688
 21
18664.36000237623
 31
0.0
  0
LINE
  5
F72
102
{ACAD_REACTORS
330
F79
102
}
330
1F
100
AcDbEntity
  8
FURN
100
AcDbLine
 10
5420.147822176688
 20
18664.36000237623
 30
0.0
 11
5420.147822176688
 21
19364.36000237518
 31
0.0
  0
LINE
  5
F73
102
{ACAD_REACTORS
330
F79
102
}
330
1F
100
AcDbEntity
  8
FURN
100
AcDbLine
 10
5370.147822182276
 20
20213.94200237593
 30
0.0
 11
4870.147822182276
 21
20213.94200237593
 31
0.0
  0
LINE
  5
F74
102
{ACAD_REACTORS
330
F79
102
}
330
1F
100
AcDbEntity
  8
FURN
100
AcDbLine
 10
5370.147822182276
 20
20214.36000237553
 30
0.0
 11
4870.147822182276
 21
20214.36000237553
 31
0.0
  0
ARC
  5
F75
102
{ACAD_REACTORS
330
F79
102
}
330
1F
100
AcDbEntity
  8
FURN
100
AcDbCircle
 10
4667.066822174587
 20
18700.62100237558
 30
0.0
 40
956.59
100
AcDbArc
 50
275.0956780038586
 51
355.26499799589
  0
ARC
  5
F76
102
{ACAD_REACTORS
330
F79
102
}
330
1F
100
AcDbEntity
  8
FURN
100
AcDbCircle
 10
4667.066822174587
 20
18700.62100237558
 30
0.0
 40
756.59
100
AcDbArc
 50
275.0956780038586
 51
355.26499799589
  0
LINE
  5
F77
102
{ACAD_REACTORS
330
F79
102
}
330
1F
100
AcDbEntity
  8
FURN
100
AcDbLine
 10
5370.147822182276
 20
19414.36000237622
 30
0.0
 11
4870.147822182276
 21
19414.36000237622
 31
0.0
  0
LINE
  5
F78
102
{ACAD_REACTORS
330
F79
102
}
330
1F
100
AcDbEntity
  8
FURN
100
AcDbLine
 10
5370.147822182276
 20
18614.36000237518
 30
0.0
 11
4870.147822182276
 21
18614.36000237518
 31
0.0
  0
LINE
  5
F7A
330
1F
100
AcDbEntity
  8
FURN
100
AcDbLine
 10
4353.612604440946
 20
20953.27548561917
 30
0.0
 11
1466.753221581371
 21
20953.27548561917
 31
0.0
  0
LINE
  5
F7C
330
1F
100
AcDbEntity
  8
FURN
100
AcDbLine
 10
4353.612604440946
 20
21553.27548561917
 30
0.0
 11
4353.612604440946
 21
20953.27548561917
 31
0.0
  0
LWPOLYLINE
  5
F80
330
1F
100
AcDbEntity
  8
FURN
100
AcDbPolyline
 90
        4
 70
     1
 43
0.0
 10
2103.743123414228
 20
21504.4972855482
 10
3754.743123414228
 20
21504.4972855482
 10
3754.743123414228
 20
21494.49728554821
 10
2103.743123414228
 20
21494.49728554821
  0
LINE
  5
F84
330
1F
100
AcDbEntity
  8
FURN
100
AcDbLine
 10
9836.753221581373
 20
29063.27548561918
 30
0.0
 11
9836.753221581373
 21
27153.27548561917
 31
0.0
  0
LINE
  5
F85
330
1F
100
AcDbEntity
  8
FURN
100
AcDbLine
 10
11046.75322158135
 20
27153.2754856192
 30
0.0
 11
9836.753221581373
 21
27153.27548561917
 31
0.0
  0
LINE
  5
F86
330
1F
100
AcDbEntity
  8
FURN
100
AcDbLine
 10
2566.753221581372
 20
29293.27548561918
 30
0.0
 11
4236.753221581357
 21
29293.27548561924
 31
0.0
  0
LINE
  5
F9E
102
{ACAD_REACTORS
330
FAE
102
}
330
1F
100
AcDbEntity
  8
FURN
100
AcDbLine
 10
11330.42448170009
 20
21825.15183386509
 30
0.0
 11
11909.11130805228
 21
21825.15183386509
 31
0.0
  0
LINE
  5
F9F
102
{ACAD_REACTORS
330
FAE
102
}
330
1F
100
AcDbEntity
  8
FURN
100
AcDbLine
 10
11909.11130805228
 20
21825.15183386509
 30
0.0
 11
11909.11130805228
 21
22426.31196503117
 31
0.0
  0
LINE
  5
FA0
102
{ACAD_REACTORS
330
FAE
102
}
330
1F
100
AcDbEntity
  8
FURN
100
AcDbLine
 10
11909.11130805228
 20
22426.31196503117
 30
0.0
 11
11330.42448170009
 21
22426.31196503117
 31
0.0
  0
LINE
  5
FA1
102
{ACAD_REACTORS
330
FAE
102
}
330
1F
100
AcDbEntity
  8
FURN
100
AcDbLine
 10
11330.42448170009
 20
22426.31196503117
 30
0.0
 11
11330.42448170009
 21
21825.15183386509
 31
0.0
  0
LINE
  5
FA2
102
{ACAD_REACTORS
330
FAE
102
}
330
1F
100
AcDbEntity
  8
FURN
100
AcDbLine
 10
11343.53387430514
 20
21842.00679580032
 30
0.0
 11
11896.00191544723
 21
21842.00679580032
 31
0.0
  0
LINE
  5
FA3
102
{ACAD_REACTORS
330
FAE
102
}
330
1F
100
AcDbEntity
  8
FURN
100
AcDbLine
 10
11896.00191544723
 20
21842.00679580032
 30
0.0
 11
11896.00191544723
 21
21900.06275356729
 31
0.0
  0
LINE
  5
FA4
102
{ACAD_REACTORS
330
FAE
102
}
330
1F
100
AcDbEntity
  8
FURN
100
AcDbLine
 10
11896.00191544723
 20
21900.06275356729
 30
0.0
 11
11343.53387430514
 21
21900.06275356729
 31
0.0
  0
LINE
  5
FA5
102
{ACAD_REACTORS
330
FAE
102
}
330
1F
100
AcDbEntity
  8
FURN
100
AcDbLine
 10
11343.53387430514
 20
21900.06275356729
 30
0.0
 11
11343.53387430514
 21
21842.00679580032
 31
0.0
  0
ARC
  5
FA6
102
{ACAD_REACTORS
330
FAE
102
}
330
1F
100
AcDbEntity
  8
FURN
100
AcDbCircle
 10
11496.85790140247
 20
22021.54965257657
 30
0.0
 40
50.32152640369757
100
AcDbArc
 50
180.0
 51
270.0
  0
LINE
  5
FA7
102
{ACAD_REACTORS
330
FAE
102
}
330
1F
100
AcDbEntity
  8
FURN
100
AcDbLine
 10
11496.85790140247
 20
21971.2281261728
 30
0.0
 11
11742.67788834763
 21
21971.2281261728
 31
0.0
  0
ARC
  5
FA8
102
{ACAD_REACTORS
330
FAE
102
}
330
1F
100
AcDbEntity
  8
FURN
100
AcDbCircle
 10
11742.6778883499
 20
22021.54965257657
 30
0.0
 40
50.32152640369757
100
AcDbArc
 50
270.0
 51
0.0
  0
LINE
  5
FA9
102
{ACAD_REACTORS
330
FAE
102
}
330
1F
100
AcDbEntity
  8
FURN
100
AcDbLine
 10
11792.99939251719
 20
22021.54965257657
 30
0.0
 11
11792.99939251719
 21
22267.36959505418
 31
0.0
  0
ARC
  5
FAA
102
{ACAD_REACTORS
330
FAE
102
}
330
1F
100
AcDbEntity
  8
FURN
100
AcDbCircle
 10
11742.6778883499
 20
22267.36959505418
 30
0.0
 40
50.32152640369757
100
AcDbArc
 50
0.0
 51
90.0
  0
LINE
  5
FAB
102
{ACAD_REACTORS
330
FAE
102
}
330
1F
100
AcDbEntity
  8
FURN
100
AcDbLine
 10
11742.67788834763
 20
22317.69109922531
 30
0.0
 11
11496.85790140474
 21
22317.69109922531
 31
0.0
  0
ARC
  5
FAC
102
{ACAD_REACTORS
330
FAE
102
}
330
1F
100
AcDbEntity
  8
FURN
100
AcDbCircle
 10
11496.85790140474
 20
22267.36959505418
 30
0.0
 40
50.32152640369757
100
AcDbArc
 50
90.0
 51
180.0
  0
LINE
  5
FAD
102
{ACAD_REACTORS
330
FAE
102
}
330
1F
100
AcDbEntity
  8
FURN
100
AcDbLine
 10
11446.5363972329
 20
22267.36959505418
 30
0.0
 11
11446.5363972329
 21
22021.54965257657
 31
0.0
  0
LINE
  5
FB1
102
{ACAD_REACTORS
330
FC1
102
}
330
1F
100
AcDbEntity
  8
FURN
100
AcDbLine
 10
12539.00323030889
 20
21825.15183386509
 30
0.0
 11
11960.3164039567
 21
21825.15183386509
 31
0.0
  0
LINE
  5
FB2
102
{ACAD_REACTORS
330
FC1
102
}
330
1F
100
AcDbEntity
  8
FURN
100
AcDbLine
 10
11960.3164039567
 20
21825.15183386509
 30
0.0
 11
11960.3164039567
 21
22426.31196503117
 31
0.0
  0
LINE
  5
FB3
102
{ACAD_REACTORS
330
FC1
102
}
330
1F
100
AcDbEntity
  8
FURN
100
AcDbLine
 10
11960.3164039567
 20
22426.31196503117
 30
0.0
 11
12539.00323030889
 21
22426.31196503117
 31
0.0
  0
LINE
  5
FB4
102
{ACAD_REACTORS
330
FC1
102
}
330
1F
100
AcDbEntity
  8
FURN
100
AcDbLine
 10
12539.00323030889
 20
22426.31196503117
 30
0.0
 11
12539.00323030889
 21
21825.15183386509
 31
0.0
  0
LINE
  5
FB5
102
{ACAD_REACTORS
330
FC1
102
}
330
1F
100
AcDbEntity
  8
FURN
100
AcDbLine
 10
12525.89383770384
 20
21842.00679580032
 30
0.0
 11
11973.42579656174
 21
21842.00679580032
 31
0.0
  0
LINE
  5
FB6
102
{ACAD_REACTORS
330
FC1
102
}
330
1F
100
AcDbEntity
  8
FURN
100
AcDbLine
 10
11973.42579656174
 20
21842.00679580032
 30
0.0
 11
11973.42579656174
 21
21900.06275356729
 31
0.0
  0
LINE
  5
FB7
102
{ACAD_REACTORS
330
FC1
102
}
330
1F
100
AcDbEntity
  8
FURN
100
AcDbLine
 10
11973.42579656174
 20
21900.06275356729
 30
0.0
 11
12525.89383770384
 21
21900.06275356729
 31
0.0
  0
LINE
  5
FB8
102
{ACAD_REACTORS
330
FC1
102
}
330
1F
100
AcDbEntity
  8
FURN
100
AcDbLine
 10
12525.89383770384
 20
21900.06275356729
 30
0.0
 11
12525.89383770384
 21
21842.00679580032
 31
0.0
  0
ARC
  5
FB9
102
{ACAD_REACTORS
330
FC1
102
}
330
1F
100
AcDbEntity
  8
FURN
100
AcDbCircle
 10
12372.56981060651
 20
22021.54965257657
 30
0.0
 40
50.32152640369757
100
AcDbArc
 50
270.0
 51
0.0
  0
LINE
  5
FBA
102
{ACAD_REACTORS
330
FC1
102
}
330
1F
100
AcDbEntity
  8
FURN
100
AcDbLine
 10
12372.56981060651
 20
21971.2281261728
 30
0.0
 11
12126.74982366135
 21
21971.2281261728
 31
0.0
  0
ARC
  5
FBB
102
{ACAD_REACTORS
330
FC1
102
}
330
1F
100
AcDbEntity
  8
FURN
100
AcDbCircle
 10
12126.74982365907
 20
22021.54965257657
 30
0.0
 40
50.32152640369757
100
AcDbArc
 50
180.0
 51
270.0
  0
LINE
  5
FBC
102
{ACAD_REACTORS
330
FC1
102
}
330
1F
100
AcDbEntity
  8
FURN
100
AcDbLine
 10
12076.42831949178
 20
22021.54965257657
 30
0.0
 11
12076.42831949178
 21
22267.36959505418
 31
0.0
  0
ARC
  5
FBD
102
{ACAD_REACTORS
330
FC1
102
}
330
1F
100
AcDbEntity
  8
FURN
100
AcDbCircle
 10
12126.74982365907
 20
22267.36959505418
 30
0.0
 40
50.32152640369757
100
AcDbArc
 50
90.0
 51
180.0
  0
LINE
  5
FBE
102
{ACAD_REACTORS
330
FC1
102
}
330
1F
100
AcDbEntity
  8
FURN
100
AcDbLine
 10
12126.74982366135
 20
22317.69109922531
 30
0.0
 11
12372.56981060423
 21
22317.69109922531
 31
0.0
  0
ARC
  5
FBF
102
{ACAD_REACTORS
330
FC1
102
}
330
1F
100
AcDbEntity
  8
FURN
100
AcDbCircle
 10
12372.56981060423
 20
22267.36959505418
 30
0.0
 40
50.32152640369757
100
AcDbArc
 50
0.0
 51
90.0
  0
LINE
  5
FC0
102
{ACAD_REACTORS
330
FC1
102
}
330
1F
100
AcDbEntity
  8
FURN
100
AcDbLine
 10
12422.89131477608
 20
22267.36959505418
 30
0.0
 11
12422.89131477608
 21
22021.54965257657
 31
0.0
  0
LINE
  5
FC2
330
1F
100
AcDbEntity
  8
FURN
100
AcDbLine
 10
12686.75322158135
 20
24833.27548561918
 30
0.0
 11
12686.75322158135
 21
23336.62174466959
 31
0.0
  0
LINE
  5
FC4
330
1F
100
AcDbEntity
  8
FURN
100
AcDbLine
 10
12686.75322158135
 20
23336.62174466959
 30
0.0
 11
13226.75322158136
 21
23336.62174466959
 31
0.0
  0
LINE
  5
FC7
102
{ACAD_REACTORS
330
101B
102
}
330
1F
100
AcDbEntity
  8
FURN
100
AcDbLine
 10
14647.79368992071
 20
19059.29939423939
 30
0.0
 11
14644.4591684298
 21
18666.08889266043
 31
0.0
  0
LINE
  5
FC8
102
{ACAD_REACTORS
330
101B
102
}
330
1F
100
AcDbEntity
  8
FURN
100
AcDbLine
 10
14547.90684675936
 20
20107.74878530828
 30
0.0
 11
14531.3734294683
 21
18627.63941186004
 31
0.0
  0
LINE
  5
FC9
102
{ACAD_REACTORS
330
101B
102
}
330
1F
100
AcDbEntity
  8
FURN
100
AcDbLine
 10
14530.0717193834
 20
18511.10734445604
 30
0.0
 11
14311.5321801114
 21
18990.14656653766
 31
0.0
  0
LINE
  5
FCA
102
{ACAD_REACTORS
330
101B
102
}
330
1F
100
AcDbEntity
  8
FURN
100
AcDbLine
 10
12729.62406248172
 20
19060.01400128985
 30
0.0
 11
12732.66560483098
 21
18666.80112433172
 31
0.0
  0
LINE
  5
FCB
102
{ACAD_REACTORS
330
101B
102
}
330
1F
100
AcDbEntity
  8
FURN
100
AcDbLine
 10
12846.93754652831
 20
18511.73438991104
 30
0.0
 11
13065.83395369419
 21
18990.61064683723
 31
0.0
  0
LINE
  5
FCC
102
{ACAD_REACTORS
330
101B
102
}
330
1F
100
AcDbEntity
  8
FURN
100
AcDbLine
 10
12830.29206974861
 20
20108.38867638574
 30
0.0
 11
12845.72266398021
 21
18628.26739486239
 31
0.0
  0
ARC
  5
FCD
102
{ACAD_REACTORS
330
101B
102
}
330
1F
100
AcDbEntity
  8
FURN
100
AcDbCircle
 10
13689.14223884299
 20
20222.90166795983
 30
0.0
 40
1381.646937786433
100
AcDbArc
 50
243.3540827827628
 51
296.603226554812
  0
LINE
  5
FCE
102
{ACAD_REACTORS
330
101B
102
}
330
1F
100
AcDbEntity
  8
FURN
100
AcDbLine
 10
13356.90339573624
 20
17930.57286329239
 30
0.0
 11
13700.38665150493
 21
17928.29989354926
 31
0.0
  0
ARC
  5
FCF
102
{ACAD_REACTORS
330
101B
102
}
330
1F
100
AcDbEntity
  8
FURN
100
AcDbCircle
 10
13689.95829316675
 20
22413.37910189847
 30
0.0
 40
4352.560811777295
100
AcDbArc
 50
261.8863328297598
 51
278.0709765079585
  0
LINE
  5
FD0
102
{ACAD_REACTORS
330
101B
102
}
330
1F
100
AcDbEntity
  8
FURN
100
AcDbLine
 10
14639.8514101597
 20
18122.736886839
 30
0.0
 11
14578.75605981498
 21
17674.4834009156
 31
0.0
  0
ARC
  5
FD1
102
{ACAD_REACTORS
330
101B
102
}
330
1F
100
AcDbEntity
  8
FURN
100
AcDbCircle
 10
8294.528471689647
 20
17913.68703283129
 30
0.0
 40
6346.072774014903
100
AcDbArc
 50
355.059159770141
 51
1.868850104934193
  0
LINE
  5
FD2
102
{ACAD_REACTORS
330
101B
102
}
330
1F
100
AcDbEntity
  8
FURN
100
AcDbLine
 10
14615.45351637843
 20
17370.79178603942
 30
0.0
 11
14577.15219422774
 21
17359.32246655108
 31
0.0
  0
LINE
  5
FD3
102
{ACAD_REACTORS
330
101B
102
}
330
1F
100
AcDbEntity
  8
FURN
100
AcDbLine
 10
14578.75605981498
 20
17674.4834009156
 30
0.0
 11
14589.76728412406
 21
17376.08101448027
 31
0.0
  0
LINE
  5
FD4
102
{ACAD_REACTORS
330
101B
102
}
330
1F
100
AcDbEntity
  8
FURN
100
AcDbLine
 10
14461.15694852809
 20
17300.79407912109
 30
0.0
 11
14180.52403789709
 21
17255.66562816967
 31
0.0
  0
LINE
  5
FD5
102
{ACAD_REACTORS
330
101B
102
}
330
1F
100
AcDbEntity
  8
FURN
100
AcDbLine
 10
14694.85163872401
 20
18683.22247941353
 30
0.0
 11
14694.66415218896
 21
18576.76982608741
 31
0.0
  0
LINE
  5
FD6
102
{ACAD_REACTORS
330
101B
102
}
330
1F
100
AcDbEntity
  8
FURN
100
AcDbLine
 10
14492.3123657853
 20
18614.35853637656
 30
0.0
 11
14694.85163872401
 21
18683.22247941353
 31
0.0
  0
LINE
  5
FD7
102
{ACAD_REACTORS
330
101B
102
}
330
1F
100
AcDbEntity
  8
FURN
100
AcDbLine
 10
14530.45280235043
 20
18545.22276425198
 30
0.0
 11
14528.57241083283
 21
18376.88580995171
 31
0.0
  0
LINE
  5
FD8
102
{ACAD_REACTORS
330
101B
102
}
330
1F
100
AcDbEntity
  8
FURN
100
AcDbLine
 10
14694.66415218896
 20
18576.76982608741
 30
0.0
 11
14521.55393181503
 21
18543.51317950463
 31
0.0
  0
LINE
  5
FD9
102
{ACAD_REACTORS
330
101B
102
}
330
1F
100
AcDbEntity
  8
FURN
100
AcDbLine
 10
14643.61855932063
 20
18566.96332686403
 30
0.0
 11
14639.8514101597
 21
18122.736886839
 31
0.0
  0
ARC
  5
FDA
102
{ACAD_REACTORS
330
101B
102
}
330
1F
100
AcDbEntity
  8
FURN
100
AcDbCircle
 10
14228.89467854951
 20
18395.37782611316
 30
0.0
 40
300.2477275320905
100
AcDbArc
 50
283.9066790749591
 51
356.4689642593919
  0
LINE
  5
FDB
102
{ACAD_REACTORS
330
101B
102
}
330
1F
100
AcDbEntity
  8
FURN
100
AcDbLine
 10
14019.67299260766
 20
17930.32595091301
 30
0.0
 11
13676.18813861074
 21
17928.30890861638
 31
0.0
  0
LINE
  5
FDC
102
{ACAD_REACTORS
330
101B
102
}
330
1F
100
AcDbEntity
  8
FURN
100
AcDbLine
 10
12736.8685142895
 20
18123.44583612839
 30
0.0
 11
12797.62985734159
 21
17675.14695294137
 31
0.0
  0
ARC
  5
FDD
102
{ACAD_REACTORS
330
101B
102
}
330
1F
100
AcDbEntity
  8
FURN
100
AcDbCircle
 10
19082.03392992614
 20
17909.66818728858
 30
0.0
 40
6346.072774014903
100
AcDbArc
 50
178.0884592324186
 51
184.8981495673616
  0
LINE
  5
FDE
102
{ACAD_REACTORS
330
101B
102
}
330
1F
100
AcDbEntity
  8
FURN
100
AcDbLine
 10
12760.70613260437
 20
17371.48276536592
 30
0.0
 11
12798.9988984188
 21
17359.9849110314
 31
0.0
  0
LINE
  5
FDF
102
{ACAD_REACTORS
330
101B
102
}
330
1F
100
AcDbEntity
  8
FURN
100
AcDbLine
 10
12914.95050285477
 20
17301.37011265417
 30
0.0
 11
13195.54971071457
 21
17256.03257673807
 31
0.0
  0
LINE
  5
FE0
102
{ACAD_REACTORS
330
101B
102
}
330
1F
100
AcDbEntity
  8
FURN
100
AcDbLine
 10
12797.62985734159
 20
17675.14695294137
 30
0.0
 11
12786.39629869343
 21
17376.75285371824
 31
0.0
  0
LINE
  5
FE1
102
{ACAD_REACTORS
330
101B
102
}
330
1F
100
AcDbEntity
  8
FURN
100
AcDbLine
 10
12682.28591463268
 20
18683.97225338314
 30
0.0
 11
12682.39408403656
 21
18577.51948991149
 31
0.0
  0
LINE
  5
FE2
102
{ACAD_REACTORS
330
101B
102
}
330
1F
100
AcDbEntity
  8
FURN
100
AcDbLine
 10
12884.77382133919
 20
18614.95741895781
 30
0.0
 11
12682.28591463268
 21
18683.97225338314
 31
0.0
  0
LINE
  5
FE3
102
{ACAD_REACTORS
330
101B
102
}
330
1F
100
AcDbEntity
  8
FURN
100
AcDbLine
 10
12846.58188281224
 20
18545.85008417925
 30
0.0
 11
12848.33684719705
 21
18377.51177554049
 31
0.0
  0
ARC
  5
FE4
102
{ACAD_REACTORS
330
101B
102
}
330
1F
100
AcDbEntity
  8
FURN
100
AcDbCircle
 10
13148.02827455889
 20
18395.78049892262
 30
0.0
 40
300.2477275320905
100
AcDbArc
 50
183.4883450780313
 51
256.0506302629183
  0
LINE
  5
FE5
102
{ACAD_REACTORS
330
101B
102
}
330
1F
100
AcDbEntity
  8
FURN
100
AcDbLine
 10
12682.39408403656
 20
18577.51948991149
 30
0.0
 11
12855.47947707861
 21
18544.13386942429
 31
0.0
  0
LINE
  5
FE6
102
{ACAD_REACTORS
330
101B
102
}
330
1F
100
AcDbEntity
  8
FURN
100
AcDbLine
 10
12733.43235598604
 20
18567.67495971916
 30
0.0
 11
12736.8685142895
 21
18123.44583612839
 31
0.0
  0
ARC
  5
FE7
102
{ACAD_REACTORS
330
101B
102
}
330
1F
100
AcDbEntity
  8
FURN
100
AcDbCircle
 10
13688.96222798947
 20
19739.71114864291
 30
0.0
 40
2799.401725151419
100
AcDbArc
 50
253.966777605244
 51
285.9905317322855
  0
LINE
  5
FE8
102
{ACAD_REACTORS
330
101B
102
}
330
1F
100
AcDbEntity
  8
FURN
100
AcDbLine
 10
13647.78420738928
 20
17056.17191851106
 30
0.0
 11
13682.98600294344
 21
16990.13349069129
 31
0.0
  0
LINE
  5
FE9
102
{ACAD_REACTORS
330
101B
102
}
330
1F
100
AcDbEntity
  8
FURN
100
AcDbLine
 10
13728.14075206647
 20
17056.14198197544
 30
0.0
 11
13692.88976154296
 21
16990.1298010824
 31
0.0
  0
ARC
  5
FEA
102
{ACAD_REACTORS
330
101B
102
}
330
1F
100
AcDbEntity
  8
FURN
100
AcDbCircle
 10
13688.73978056604
 20
19142.61111854736
 30
0.0
 40
2321.798402475362
100
AcDbArc
 50
251.4530329689237
 51
288.5042763682829
  0
ARC
  5
FEB
102
{ACAD_REACTORS
330
101B
102
}
330
1F
100
AcDbEntity
  8
FURN
100
AcDbCircle
 10
14407.32202889715
 20
17055.26541538526
 30
0.0
 40
115.8698160989154
100
AcDbArc
 50
279.0868716679313
 51
348.6712035674901
  0
ARC
  5
FEC
102
{ACAD_REACTORS
330
101B
102
}
330
1F
100
AcDbEntity
  8
FURN
100
AcDbCircle
 10
12968.60246596352
 20
17055.80140507491
 30
0.0
 40
115.8698160989154
100
AcDbArc
 50
191.2861057701615
 51
260.8704376699483
  0
LINE
  5
FED
102
{ACAD_REACTORS
330
101B
102
}
330
1F
100
AcDbEntity
  8
FURN
100
AcDbLine
 10
14460.13721951538
 20
17048.62602341425
 30
0.0
 11
14538.18085049113
 21
17087.49178023095
 31
0.0
  0
LINE
  5
FEE
102
{ACAD_REACTORS
330
101B
102
}
330
1F
100
AcDbEntity
  8
FURN
100
AcDbLine
 10
13685.54991108305
 20
17047.29552057043
 30
0.0
 11
13647.78420738928
 21
17056.17191851106
 31
0.0
  0
LINE
  5
FEF
102
{ACAD_REACTORS
330
101B
102
}
330
1F
100
AcDbEntity
  8
FURN
100
AcDbLine
 10
13690.36844511777
 20
17047.29372544327
 30
0.0
 11
13728.14075206647
 21
17056.14198197544
 31
0.0
  0
LINE
  5
FF0
102
{ACAD_REACTORS
330
101B
102
}
330
1F
100
AcDbEntity
  8
FURN
100
AcDbLine
 10
12915.7823430443
 20
17049.20136715204
 30
0.0
 11
12837.76769231794
 21
17088.12526290848
 31
0.0
  0
LINE
  5
FF1
102
{ACAD_REACTORS
330
101B
102
}
330
1F
100
AcDbEntity
  8
FURN
100
AcDbLine
 10
14589.76728412406
 20
17376.08101448027
 30
0.0
 11
14520.93424371275
 21
17032.50406816047
 31
0.0
  0
LINE
  5
FF2
102
{ACAD_REACTORS
330
101B
102
}
330
1F
100
AcDbEntity
  8
FURN
100
AcDbLine
 10
12786.39629869343
 20
17376.75285371824
 30
0.0
 11
12854.97332337428
 21
17033.12471578331
 31
0.0
  0
LINE
  5
FF3
102
{ACAD_REACTORS
330
101B
102
}
330
1F
100
AcDbEntity
  8
FURN
100
AcDbLine
 10
14180.52403789709
 20
17255.66562816967
 30
0.0
 11
14180.07707898335
 21
17001.88760466561
 31
0.0
  0
LINE
  5
FF4
102
{ACAD_REACTORS
330
101B
102
}
330
1F
100
AcDbEntity
  8
FURN
100
AcDbLine
 10
13195.54971071457
 20
17256.03257673807
 30
0.0
 11
13195.80758138912
 21
17002.25429065232
 31
0.0
  0
LINE
  5
FF5
102
{ACAD_REACTORS
330
101B
102
}
330
1F
100
AcDbEntity
  8
FURN
100
AcDbLine
 10
13303.32622265606
 20
16985.55252144916
 30
0.0
 11
13356.90339573624
 21
17930.57286329239
 31
0.0
  0
LINE
  5
FF6
102
{ACAD_REACTORS
330
101B
102
}
330
1F
100
AcDbEntity
  8
FURN
100
AcDbLine
 10
14072.5460231978
 20
16985.26595143734
 30
0.0
 11
14019.67299260766
 21
17930.32595091301
 31
0.0
  0
LINE
  5
FF7
102
{ACAD_REACTORS
330
101B
102
}
330
1F
100
AcDbEntity
  8
FURN
100
AcDbLine
 10
14483.26257347376
 20
18239.95363642394
 30
0.0
 11
14460.13721951538
 21
17048.62602341425
 31
0.0
  0
LINE
  5
FF8
102
{ACAD_REACTORS
330
101B
102
}
330
1F
100
AcDbEntity
  8
FURN
100
AcDbLine
 10
12893.54464483632
 20
18240.54588000022
 30
0.0
 11
12915.7823430443
 21
17049.20136715204
 31
0.0
  0
LINE
  5
FF9
102
{ACAD_REACTORS
330
101B
102
}
330
1F
100
AcDbEntity
  8
FURN
100
AcDbLine
 10
14612.53186622718
 20
20773.62161217329
 30
0.0
 11
14602.94659366078
 21
20392.92486811528
 31
0.0
  0
ARC
  5
FFA
102
{ACAD_REACTORS
330
101B
102
}
330
1F
100
AcDbEntity
  8
FURN
100
AcDbCircle
 10
12829.04767063881
 20
20308.3728396652
 30
0.0
 40
1843.169090516081
100
AcDbArc
 50
350.7841021549729
 51
14.62063413475411
  0
LINE
  5
FFB
102
{ACAD_REACTORS
330
101B
102
}
330
1F
100
AcDbEntity
  8
FURN
100
AcDbLine
 10
14470.38398088309
 20
20455.56181313581
 30
0.0
 11
14450.36424141131
 21
21034.43328334926
 31
0.0
  0
LINE
  5
FFC
102
{ACAD_REACTORS
330
101B
102
}
330
1F
100
AcDbEntity
  8
FURN
100
AcDbLine
 10
12766.16320510324
 20
20774.30947003743
 30
0.0
 11
12775.46482070045
 21
20393.60568973859
 31
0.0
  0
ARC
  5
FFD
102
{ACAD_REACTORS
330
101B
102
}
330
1F
100
AcDbEntity
  8
FURN
100
AcDbCircle
 10
14549.30025223427
 20
20307.73196588333
 30
0.0
 40
1843.169090516081
100
AcDbArc
 50
165.3366752028233
 51
189.1732071826281
  0
LINE
  5
FFE
102
{ACAD_REACTORS
330
101B
102
}
330
1F
100
AcDbEntity
  8
FURN
100
AcDbLine
 10
12908.07406700241
 20
20456.14384595684
 30
0.0
 11
12928.52511373799
 21
21035.00023892752
 31
0.0
  0
LINE
  5
FFF
102
{ACAD_REACTORS
330
101B
102
}
330
1F
100
AcDbEntity
  8
FURN
100
AcDbLine
 10
13329.27246401406
 20
21034.91055104521
 30
0.0
 11
13327.47373451472
 21
20224.71320911939
 31
0.0
  0
LINE
  5
1000
102
{ACAD_REACTORS
330
101B
102
}
330
1F
100
AcDbEntity
  8
FURN
100
AcDbLine
 10
14049.62253813631
 20
21034.6421872705
 30
0.0
 11
14050.81759513138
 21
20224.44373002051
 31
0.0
  0
LINE
  5
1001
102
{ACAD_REACTORS
330
101B
102
}
330
1F
100
AcDbEntity
  8
FURN
100
AcDbLine
 10
13327.47373451472
 20
20224.71320911939
 30
0.0
 11
13690.37090065747
 21
20211.44760014016
 31
0.0
  0
LINE
  5
1002
102
{ACAD_REACTORS
330
101B
102
}
330
1F
100
AcDbEntity
  8
FURN
100
AcDbLine
 10
13083.36035584836
 20
19805.01915718608
 30
0.0
 11
13692.74049693621
 21
19776.27205419538
 31
0.0
  0
LINE
  5
1003
102
{ACAD_REACTORS
330
101B
102
}
330
1F
100
AcDbEntity
  8
FURN
100
AcDbLine
 10
14641.61603270965
 20
20017.91152516743
 30
0.0
 11
14647.79368992071
 21
19059.29939423939
 31
0.0
  0
LINE
  5
1004
102
{ACAD_REACTORS
330
101B
102
}
330
1F
100
AcDbEntity
  8
FURN
100
AcDbLine
 10
14311.5321801114
 20
18990.14656653766
 30
0.0
 11
14335.26436900014
 21
19661.85980294121
 31
0.0
  0
LINE
  5
1005
102
{ACAD_REACTORS
330
101B
102
}
330
1F
100
AcDbEntity
  8
FURN
100
AcDbLine
 10
14602.94659366078
 20
20392.92486811528
 30
0.0
 11
14641.61603270965
 21
20017.91152516743
 31
0.0
  0
LINE
  5
1006
102
{ACAD_REACTORS
330
101B
102
}
330
1F
100
AcDbEntity
  8
FURN
100
AcDbLine
 10
14470.38398088309
 20
20455.56181313581
 30
0.0
 11
14547.90684675936
 21
20107.74878530828
 31
0.0
  0
LINE
  5
1007
102
{ACAD_REACTORS
330
101B
102
}
330
1F
100
AcDbEntity
  8
FURN
100
AcDbLine
 10
14294.61259253746
 20
19804.56790961347
 30
0.0
 11
13685.21120134993
 21
19776.2748592068
 31
0.0
  0
LINE
  5
1008
102
{ACAD_REACTORS
330
101B
102
}
330
1F
100
AcDbEntity
  8
FURN
100
AcDbLine
 10
14050.81759513138
 20
20224.44373002051
 30
0.0
 11
13687.9106456157
 21
20211.44851669915
 31
0.0
  0
LINE
  5
1009
102
{ACAD_REACTORS
330
101B
102
}
330
1F
100
AcDbEntity
  8
FURN
100
AcDbLine
 10
14470.38398088309
 20
20455.56181313581
 30
0.0
 11
14294.61259253746
 21
19804.56790961347
 31
0.0
  0
LINE
  5
100A
102
{ACAD_REACTORS
330
101B
102
}
330
1F
100
AcDbEntity
  8
FURN
100
AcDbLine
 10
14335.26436900014
 20
19661.85980294121
 30
0.0
 11
14541.05366218739
 21
20087.30929686106
 31
0.0
  0
LINE
  5
100B
102
{ACAD_REACTORS
330
101B
102
}
330
1F
100
AcDbEntity
  8
FURN
100
AcDbLine
 10
12736.51597273683
 20
20018.62126319854
 30
0.0
 11
12729.62406248172
 21
19060.01400128985
 31
0.0
  0
LINE
  5
100C
102
{ACAD_REACTORS
330
101B
102
}
330
1F
100
AcDbEntity
  8
FURN
100
AcDbLine
 10
13065.83395369419
 20
18990.61064683723
 30
0.0
 11
13042.60225992249
 21
19662.34137946281
 31
0.0
  0
LINE
  5
100D
102
{ACAD_REACTORS
330
101B
102
}
330
1F
100
AcDbEntity
  8
FURN
100
AcDbLine
 10
12908.07406700241
 20
20456.14384595684
 30
0.0
 11
12830.29206974861
 21
20108.38867638574
 31
0.0
  0
LINE
  5
100E
102
{ACAD_REACTORS
330
101B
102
}
330
1F
100
AcDbEntity
  8
FURN
100
AcDbLine
 10
12775.46482070045
 20
20393.60568973859
 30
0.0
 11
12736.51597273683
 21
20018.62126319854
 31
0.0
  0
LINE
  5
100F
102
{ACAD_REACTORS
330
101B
102
}
330
1F
100
AcDbEntity
  8
FURN
100
AcDbLine
 10
13042.60225992249
 20
19662.34137946281
 30
0.0
 11
12837.13002310764
 21
20087.94408735536
 31
0.0
  0
LINE
  5
1010
102
{ACAD_REACTORS
330
101B
102
}
330
1F
100
AcDbEntity
  8
FURN
100
AcDbLine
 10
12908.07406700241
 20
20456.14384595684
 30
0.0
 11
13083.36035584836
 21
19805.01915718608
 31
0.0
  0
LINE
  5
1011
102
{ACAD_REACTORS
330
101B
102
}
330
1F
100
AcDbEntity
  8
FURN
100
AcDbLine
 10
12847.70444110261
 20
21035.01832655201
 30
0.0
 11
13693.55923823959
 21
21034.82902468758
 31
0.0
  0
LINE
  5
1012
102
{ACAD_REACTORS
330
101B
102
}
330
1F
100
AcDbEntity
  8
FURN
100
AcDbLine
 10
12796.21913664584
 20
21127.78452622168
 30
0.0
 11
13694.49080601344
 21
21150.19761731137
 31
0.0
  0
LINE
  5
1013
102
{ACAD_REACTORS
330
101B
102
}
330
1F
100
AcDbEntity
  8
FURN
100
AcDbLine
 10
13691.20374540528
 20
21288.63545248443
 30
0.0
 11
12816.54383347971
 21
21252.61199574392
 31
0.0
  0
LINE
  5
1014
102
{ACAD_REACTORS
330
101B
102
}
330
1F
100
AcDbEntity
  8
FURN
100
AcDbLine
 10
14580.12379317698
 20
21130.79436373421
 30
0.0
 11
14531.18490508935
 21
21034.39115208752
 31
0.0
  0
LINE
  5
1015
102
{ACAD_REACTORS
330
101B
102
}
330
1F
100
AcDbEntity
  8
FURN
100
AcDbLine
 10
14562.50763148488
 20
21251.9615433428
 30
0.0
 11
14612.53186622718
 21
20773.62161217329
 31
0.0
  0
LINE
  5
1016
102
{ACAD_REACTORS
330
101B
102
}
330
1F
100
AcDbEntity
  8
FURN
100
AcDbLine
 10
13687.87480315803
 20
21288.63669266964
 30
0.0
 11
14562.50763148488
 21
21251.9615433428
 31
0.0
  0
LINE
  5
1017
102
{ACAD_REACTORS
330
101B
102
}
330
1F
100
AcDbEntity
  8
FURN
100
AcDbLine
 10
14582.73931465919
 20
21127.11896469013
 30
0.0
 11
13684.48459446242
 21
21150.20134508873
 31
0.0
  0
LINE
  5
1018
102
{ACAD_REACTORS
330
101B
102
}
330
1F
100
AcDbEntity
  8
FURN
100
AcDbLine
 10
14531.18490508935
 20
21034.39115208752
 30
0.0
 11
13685.3302016986
 21
21034.83209038493
 31
0.0
  0
LINE
  5
1019
102
{ACAD_REACTORS
330
101B
102
}
330
1F
100
AcDbEntity
  8
FURN
100
AcDbLine
 10
12798.83739591448
 20
21131.45797543997
 30
0.0
 11
12847.70444110261
 21
21035.01832655201
 31
0.0
  0
LINE
  5
101A
102
{ACAD_REACTORS
330
101B
102
}
330
1F
100
AcDbEntity
  8
FURN
100
AcDbLine
 10
12816.54383347971
 20
21252.61199574392
 30
0.0
 11
12766.16320510324
 21
20774.30947003743
 31
0.0
  0
LINE
  5
1039
330
1F
100
AcDbEntity
  8
ELE 1
100
AcDbLine
 10
1766.753221581357
 20
24833.27548561918
 30
0.0
 11
1766.753221581357
 21
23383.2754856192
 31
0.0
  0
LINE
  5
103B
330
1F
100
AcDbEntity
  8
ELE 1
100
AcDbLine
 10
1741.153221581469
 20
24833.27548561918
 30
0.0
 11
1766.753221581357
 21
24833.27548561918
 31
0.0
  0
LINE
  5
103D
330
1F
100
AcDbEntity
  8
FURN
100
AcDbLine
 10
14476.75322158137
 20
28463.27548561918
 30
0.0
 11
12151.80925285717
 21
28463.27548561918
 31
0.0
  0
LINE
  5
103E
330
1F
100
AcDbEntity
  8
FURN
100
AcDbLine
 10
14476.75322158137
 20
28463.27548561918
 30
0.0
 11
14476.75322158137
 21
25849.93040488428
 31
0.0
  0
LINE
  5
1040
102
{ACAD_REACTORS
330
112B
102
}
330
1F
100
AcDbEntity
  8
FURN
100
AcDbLine
 10
15054.11517342712
 20
25122.67088947934
 30
0.0
 11
14475.42834707492
 21
25122.67088947934
 31
0.0
  0
LINE
  5
1041
102
{ACAD_REACTORS
330
112B
102
}
330
1F
100
AcDbEntity
  8
FURN
100
AcDbLine
 10
14475.42834707492
 20
25122.67088947934
 30
0.0
 11
14475.42834707492
 21
25723.83102064542
 31
0.0
  0
LINE
  5
1042
102
{ACAD_REACTORS
330
112B
102
}
330
1F
100
AcDbEntity
  8
FURN
100
AcDbLine
 10
14475.42834707492
 20
25723.83102064542
 30
0.0
 11
15054.11517342712
 21
25723.83102064542
 31
0.0
  0
LINE
  5
1043
102
{ACAD_REACTORS
330
112B
102
}
330
1F
100
AcDbEntity
  8
FURN
100
AcDbLine
 10
15054.11517342712
 20
25723.83102064542
 30
0.0
 11
15054.11517342712
 21
25122.67088947934
 31
0.0
  0
LINE
  5
1051
330
1F
100
AcDbEntity
  8
FURN
100
AcDbLine
 10
14476.75322158137
 20
25849.93040488428
 30
0.0
 11
15076.75322158137
 21
25849.93040488427
 31
0.0
  0
LINE
  5
1052
330
1F
100
AcDbEntity
  8
FURN
100
AcDbLine
 10
12151.80925285717
 20
28463.27548561918
 30
0.0
 11
12151.80925285717
 21
29063.27548561918
 31
0.0
  0
LINE
  5
1053
330
1F
100
AcDbEntity
  8
FURN
100
AcDbLine
 10
12131.80925285717
 20
28463.27548561918
 30
0.0
 11
12131.80925285717
 21
29063.27548561918
 31
0.0
  0
ARC
  5
1054
330
1F
100
AcDbEntity
  8
FURN
100
AcDbCircle
 10
12141.80925285717
 20
28463.27548561918
 30
0.0
 40
10.0
100
AcDbArc
 50
180.0
 51
0.0
  0
LINE
  5
1055
330
1F
100
AcDbEntity
  8
FURN
100
AcDbLine
 10
14476.75322158137
 20
25829.93040488428
 30
0.0
 11
15076.75322158137
 21
25829.93040488427
 31
0.0
  0
ARC
  5
1056
330
1F
100
AcDbEntity
  8
FURN
100
AcDbCircle
 10
14476.75322158137
 20
25839.93040488428
 30
0.0
 40
10.0
100
AcDbArc
 50
90.0
 51
270.0
  0
LINE
  5
1059
330
1F
100
AcDbEntity
  8
FURN
100
AcDbLine
 10
11046.75322158134
 20
22383.27548561918
 30
0.0
 11
9296.753221581358
 21
22383.27548561918
 31
0.0
  0
LINE
  5
105A
330
1F
100
AcDbEntity
  8
wall
100
AcDbLine
 10
9066.753221581342
 20
24463.27548561918
 30
0.0
 11
9296.753221581358
 21
24463.27548561918
 31
0.0
  0
LINE
  5
105B
330
1F
100
AcDbEntity
  8
wall
100
AcDbLine
 10
9296.753221581358
 20
22383.27548561918
 30
0.0
 11
9066.753221581342
 21
22383.27548561918
 31
0.0
  0
LINE
  5
105C
330
1F
100
AcDbEntity
  8
wall
100
AcDbLine
 10
9296.753221581354
 20
22383.27548561918
 30
0.0
 11
9296.753221581358
 21
21783.27548561918
 31
0.0
  0
LINE
  5
105D
330
1F
100
AcDbEntity
  8
wall
100
AcDbLine
 10
9066.753221581342
 20
22383.27548561918
 30
0.0
 11
9066.753221581342
 21
21553.27548561918
 31
0.0
  0
LINE
  5
105E
330
1F
100
AcDbEntity
  8
SILL
100
AcDbLine
 10
9296.753221581358
 20
24463.27548561918
 30
0.0
 11
9296.753221581358
 21
22383.27548561918
 31
0.0
  0
LINE
  5
105F
330
1F
100
AcDbEntity
  8
SILL
100
AcDbLine
 10
9066.753221581342
 20
24463.27548561918
 30
0.0
 11
9066.753221581342
 21
22383.27548561918
 31
0.0
  0
LINE
  5
1060
330
1F
100
AcDbEntity
  8
0
100
AcDbLine
 10
9181.753221581351
 20
24463.27548561918
 30
0.0
 11
9181.753221581351
 21
22383.27548561918
 31
0.0
  0
LINE
  5
1062
330
1F
100
AcDbEntity
  8
0
100
AcDbLine
 10
9191.753221581349
 20
24463.27548561918
 30
0.0
 11
9191.753221581349
 21
22383.27548561918
 31
0.0
  0
LINE
  5
1063
330
1F
100
AcDbEntity
  8
0
100
AcDbLine
 10
9171.753221581351
 20
24463.27548561918
 30
0.0
 11
9171.753221581351
 21
22383.27548561918
 31
0.0
  0
LINE
  5
1064
102
{ACAD_REACTORS
330
106E
102
}
330
1F
100
AcDbEntity
  8
ELE 1
100
AcDbLine
 10
2713.18179301094
 20
21907.27548561908
 30
0.0
 11
2713.18179301094
 21
21934.70405704825
 31
0.0
  0
LINE
  5
1065
102
{ACAD_REACTORS
330
106E
102
}
330
1F
100
AcDbEntity
  8
ELE 1
100
AcDbLine
 10
2713.181793010951
 20
22633.27548561918
 30
0.0
 11
2850.324650151804
 21
22633.27548561918
 31
0.0
  0
LINE
  5
1066
102
{ACAD_REACTORS
330
106E
102
}
330
1F
100
AcDbEntity
  8
ELE 1
100
AcDbLine
 10
2850.324650151804
 20
22633.27548561918
 30
0.0
 11
2850.324650151804
 21
22609.27548561929
 31
0.0
  0
LINE
  5
1067
102
{ACAD_REACTORS
330
106E
102
}
330
1F
100
AcDbEntity
  8
ELE 1
100
AcDbLine
 10
2850.324650151804
 20
22609.27548561929
 30
0.0
 11
2816.038935866588
 21
22609.27548561929
 31
0.0
  0
LINE
  5
1068
102
{ACAD_REACTORS
330
106E
102
}
330
1F
100
AcDbEntity
  8
ELE 1
100
AcDbLine
 10
2816.038935866588
 20
22609.27548561929
 30
0.0
 11
2816.038935866588
 21
22598.98977133397
 31
0.0
  0
LINE
  5
1069
102
{ACAD_REACTORS
330
106E
102
}
330
1F
100
AcDbEntity
  8
ELE 1
100
AcDbLine
 10
2816.038935866588
 20
22598.98977133397
 30
0.0
 11
2747.467507296168
 21
22598.98977133397
 31
0.0
  0
LINE
  5
106A
102
{ACAD_REACTORS
330
106E
102
}
330
1F
100
AcDbEntity
  8
ELE 1
100
AcDbLine
 10
2747.467507296168
 20
22598.98977133397
 30
0.0
 11
2747.467507296168
 21
22609.27548561929
 31
0.0
  0
LINE
  5
106B
102
{ACAD_REACTORS
330
106E
102
}
330
1F
100
AcDbEntity
  8
ELE 1
100
AcDbLine
 10
2747.467507296168
 20
22609.27548561929
 30
0.0
 11
2713.181793010951
 21
22609.27548561929
 31
0.0
  0
LINE
  5
106C
102
{ACAD_REACTORS
330
106E
102
}
330
1F
100
AcDbEntity
  8
ELE 1
100
AcDbLine
 10
2713.181793010951
 20
22609.27548561929
 30
0.0
 11
2713.181793010951
 21
22633.27548561918
 31
0.0
  0
LINE
  5
1072
330
1F
100
AcDbEntity
  8
FURN
100
AcDbLine
 10
8616.753221581358
 20
19923.27548561918
 30
0.0
 11
8616.753221581365
 21
18198.27548561918
 31
0.0
  0
LINE
  5
1073
330
1F
100
AcDbEntity
  8
FURN
100
AcDbLine
 10
5896.753221581372
 20
18198.27548561918
 30
0.0
 11
6396.753221581372
 21
18198.27548561918
 31
0.0
  0
LINE
  5
1075
330
1F
100
AcDbEntity
  8
FURN
100
AcDbLine
 10
6396.753221581372
 20
19923.2754856192
 30
0.0
 11
6396.753221581372
 21
18198.27548561918
 31
0.0
  0
LINE
  5
1076
330
1F
100
AcDbEntity
  8
FURN
100
AcDbLine
 10
8616.753221581365
 20
18198.27548561918
 30
0.0
 11
9066.753221581365
 21
18198.27548561918
 31
0.0
  0
LINE
  5
10D1
102
{ACAD_REACTORS
330
1124
102
}
330
1F
100
AcDbEntity
  8
FURN
100
AcDbLine
 10
14840.51124711164
 20
26216.31814410301
 30
0.0
 11
14692.80187604925
 21
26216.31814410301
 31
0.0
  0
LINE
  5
10D2
102
{ACAD_REACTORS
330
1124
102
}
330
1F
100
AcDbEntity
  8
FURN
100
AcDbLine
 10
14840.51124711164
 20
26566.1561281988
 30
0.0
 11
14692.80187604925
 21
26566.1561281988
 31
0.0
  0
LINE
  5
10D3
102
{ACAD_REACTORS
330
1124
102
}
330
1F
100
AcDbEntity
  8
FURN
100
AcDbLine
 10
14988.22061817394
 20
26620.5753701689
 30
0.0
 11
14560.64085983553
 21
26620.5753701689
 31
0.0
  0
LINE
  5
10D4
102
{ACAD_REACTORS
330
1124
102
}
330
1F
100
AcDbEntity
  8
FURN
100
AcDbLine
 10
14918.25302135497
 20
26605.02701532011
 30
0.0
 11
14615.06010180579
 21
26605.02701532011
 31
0.0
  0
CIRCLE
  5
10D5
102
{ACAD_REACTORS
330
1124
102
}
330
1F
100
AcDbEntity
  8
FURN
100
AcDbCircle
 10
14771.86105092683
 20
26335.77659048613
 30
0.0
 40
41.38545166426165
  0
LINE
  5
10D6
102
{ACAD_REACTORS
330
1124
102
}
330
1F
100
AcDbEntity
  8
FURN
100
AcDbLine
 10
14560.64085983553
 20
25920.89940197865
 30
0.0
 11
14988.22061817394
 21
25920.89940197865
 31
0.0
  0
LINE
  5
10D7
102
{ACAD_REACTORS
330
1124
102
}
330
1F
100
AcDbEntity
  8
FURN
100
AcDbLine
 10
14615.06010180579
 20
25936.44775682611
 30
0.0
 11
14918.25302135497
 21
25936.44775682611
 31
0.0
  0
LINE
  5
10D8
102
{ACAD_REACTORS
330
1124
102
}
330
1F
100
AcDbEntity
  8
FURN
100
AcDbLine
 10
14626.72136794231
 20
26228.20845948389
 30
0.0
 11
14626.72136794231
 21
25959.77028909997
 31
0.0
  0
LINE
  5
10D9
102
{ACAD_REACTORS
330
1124
102
}
330
1F
100
AcDbEntity
  8
FURN
100
AcDbLine
 10
14560.64085983553
 20
26620.5753701689
 30
0.0
 11
14560.64085983553
 21
25920.89940197865
 31
0.0
  0
LINE
  5
10DA
102
{ACAD_REACTORS
330
1124
102
}
330
1F
100
AcDbEntity
  8
FURN
100
AcDbLine
 10
14576.18921468415
 20
26566.1561281988
 30
0.0
 11
14576.18921468415
 21
25975.31864394876
 31
0.0
  0
LINE
  5
10DB
102
{ACAD_REACTORS
330
1124
102
}
330
1F
100
AcDbEntity
  8
FURN
100
AcDbLine
 10
14650.04390021537
 20
26211.14548239802
 30
0.0
 11
14650.04390021537
 21
25959.77028909997
 31
0.0
  0
LINE
  5
10DC
102
{ACAD_REACTORS
330
1124
102
}
330
1F
100
AcDbEntity
  8
FURN
100
AcDbLine
 10
14673.36643248834
 20
26202.81677219491
 30
0.0
 11
14673.36643248834
 21
25959.77028909997
 31
0.0
  0
LINE
  5
10DD
102
{ACAD_REACTORS
330
1124
102
}
330
1F
100
AcDbEntity
  8
FURN
100
AcDbLine
 10
14696.68896476136
 20
26200.76978925555
 30
0.0
 11
14696.68896476136
 21
25959.77028909997
 31
0.0
  0
LINE
  5
10DE
102
{ACAD_REACTORS
330
1124
102
}
330
1F
100
AcDbEntity
  8
FURN
100
AcDbLine
 10
14720.01149703438
 20
26200.76978925555
 30
0.0
 11
14720.01149703438
 21
25959.77028909997
 31
0.0
  0
LINE
  5
10DF
102
{ACAD_REACTORS
330
1124
102
}
330
1F
100
AcDbEntity
  8
FURN
100
AcDbLine
 10
14615.06010180579
 20
26488.41435395618
 30
0.0
 11
14615.06010180579
 21
26294.05991834696
 31
0.0
  0
ARC
  5
10E0
102
{ACAD_REACTORS
330
1124
102
}
330
1F
100
AcDbEntity
  8
FURN
100
AcDbCircle
 10
14615.06010180579
 20
26566.1561281988
 30
0.0
 40
38.8708871216782
100
AcDbArc
 50
90.0
 51
180.0
  0
ARC
  5
10E1
102
{ACAD_REACTORS
330
1124
102
}
330
1F
100
AcDbEntity
  8
FURN
100
AcDbCircle
 10
14692.80187604925
 20
26488.41435395618
 30
0.0
 40
77.7417742433564
100
AcDbArc
 50
90.0
 51
180.0
  0
ARC
  5
10E2
102
{ACAD_REACTORS
330
1124
102
}
330
1F
100
AcDbEntity
  8
FURN
100
AcDbCircle
 10
14692.80187604925
 20
26294.05991834696
 30
0.0
 40
77.7417742433564
100
AcDbArc
 50
180.0
 51
270.0
  0
ARC
  5
10E3
102
{ACAD_REACTORS
330
1124
102
}
330
1F
100
AcDbEntity
  8
FURN
100
AcDbCircle
 10
14615.06010180579
 20
25975.31864394876
 30
0.0
 40
38.8708871216782
100
AcDbArc
 50
180.0
 51
270.0
  0
LINE
  5
10E4
102
{ACAD_REACTORS
330
1124
102
}
330
1F
100
AcDbEntity
  8
FURN
100
AcDbLine
 10
14906.59175521841
 20
26228.20845948389
 30
0.0
 11
14906.59175521841
 21
25959.77028909997
 31
0.0
  0
LINE
  5
10E5
102
{ACAD_REACTORS
330
1124
102
}
330
1F
100
AcDbEntity
  8
FURN
100
AcDbLine
 10
14883.26922294535
 20
26211.14548239802
 30
0.0
 11
14883.26922294535
 21
25959.77028909997
 31
0.0
  0
LINE
  5
10E6
102
{ACAD_REACTORS
330
1124
102
}
330
1F
100
AcDbEntity
  8
FURN
100
AcDbLine
 10
14859.94669067246
 20
26202.81677219491
 30
0.0
 11
14859.94669067246
 21
25959.77028909997
 31
0.0
  0
LINE
  5
10E7
102
{ACAD_REACTORS
330
1124
102
}
330
1F
100
AcDbEntity
  8
FURN
100
AcDbLine
 10
14836.6241583994
 20
26200.76978925555
 30
0.0
 11
14836.6241583994
 21
25959.77028909997
 31
0.0
  0
LINE
  5
10E8
102
{ACAD_REACTORS
330
1124
102
}
330
1F
100
AcDbEntity
  8
FURN
100
AcDbLine
 10
14813.30162612642
 20
26200.76978925555
 30
0.0
 11
14813.30162612642
 21
25959.77028909997
 31
0.0
  0
LINE
  5
10E9
102
{ACAD_REACTORS
330
1124
102
}
330
1F
100
AcDbEntity
  8
FURN
100
AcDbLine
 10
14789.9790938534
 20
26200.76978925555
 30
0.0
 11
14789.9790938534
 21
25959.77028909997
 31
0.0
  0
LINE
  5
10EA
102
{ACAD_REACTORS
330
1124
102
}
330
1F
100
AcDbEntity
  8
FURN
100
AcDbLine
 10
14743.33402930736
 20
26200.76978925555
 30
0.0
 11
14743.33402930736
 21
25959.77028909997
 31
0.0
  0
LINE
  5
10EB
102
{ACAD_REACTORS
330
1124
102
}
330
1F
100
AcDbEntity
  8
FURN
100
AcDbLine
 10
14766.65656158042
 20
26200.76978925555
 30
0.0
 11
14766.65656158042
 21
25959.77028909997
 31
0.0
  0
LINE
  5
10EC
102
{ACAD_REACTORS
330
1124
102
}
330
1F
100
AcDbEntity
  8
FURN
100
AcDbLine
 10
14988.22061817394
 20
25920.89940197865
 30
0.0
 11
14988.22061817394
 21
26620.5753701689
 31
0.0
  0
LINE
  5
10ED
102
{ACAD_REACTORS
330
1124
102
}
330
1F
100
AcDbEntity
  8
FURN
100
AcDbLine
 10
14957.12390847657
 20
25975.31864394876
 30
0.0
 11
14957.12390847657
 21
26566.1561281988
 31
0.0
  0
LINE
  5
10EE
102
{ACAD_REACTORS
330
1124
102
}
330
1F
100
AcDbEntity
  8
FURN
100
AcDbLine
 10
14972.67226332524
 20
25920.89940197865
 30
0.0
 11
14972.67226332524
 21
26620.5753701689
 31
0.0
  0
LINE
  5
10EF
102
{ACAD_REACTORS
330
1124
102
}
330
1F
100
AcDbEntity
  8
FURN
100
AcDbLine
 10
14918.25302135497
 20
26294.05991834696
 30
0.0
 11
14918.25302135497
 21
26488.41435395618
 31
0.0
  0
ARC
  5
10F0
102
{ACAD_REACTORS
330
1124
102
}
330
1F
100
AcDbEntity
  8
FURN
100
AcDbCircle
 10
14918.25302135497
 20
26566.1561281988
 30
0.0
 40
38.8708871216782
100
AcDbArc
 50
0.0
 51
90.0
  0
ARC
  5
10F1
102
{ACAD_REACTORS
330
1124
102
}
330
1F
100
AcDbEntity
  8
FURN
100
AcDbCircle
 10
14840.51124711164
 20
26488.41435395618
 30
0.0
 40
77.7417742433564
100
AcDbArc
 50
0.0
 51
90.0
  0
ARC
  5
10F2
102
{ACAD_REACTORS
330
1124
102
}
330
1F
100
AcDbEntity
  8
FURN
100
AcDbCircle
 10
14840.51124711164
 20
26294.05991834696
 30
0.0
 40
77.7417742433564
100
AcDbArc
 50
270.0
 51
0.0
  0
ARC
  5
10F3
102
{ACAD_REACTORS
330
1124
102
}
330
1F
100
AcDbEntity
  8
FURN
100
AcDbCircle
 10
14918.25302135497
 20
25975.31864394876
 30
0.0
 40
38.8708871216782
100
AcDbArc
 50
270.0
 51
0.0
  0
LINE
  5
10F4
102
{ACAD_REACTORS
330
1125
102
}
330
1F
100
AcDbEntity
  8
FURN
100
AcDbLine
 10
13544.70376353426
 20
28571.75420327821
 30
0.0
 11
13544.70376353426
 21
28997.20874873297
 31
0.0
  0
LINE
  5
10F5
102
{ACAD_REACTORS
330
1125
102
}
330
1F
100
AcDbEntity
  8
FURN
100
AcDbLine
 10
13522.8855817159
 20
28593.57238509638
 30
0.0
 11
13522.8855817159
 21
28975.39056691474
 31
0.0
  0
LINE
  5
10F6
102
{ACAD_REACTORS
330
1125
102
}
330
1F
100
AcDbEntity
  8
FURN
100
AcDbLine
 10
12977.43103626271
 20
28571.75420327821
 30
0.0
 11
12977.43103626271
 21
28997.20874873297
 31
0.0
  0
LINE
  5
10F7
102
{ACAD_REACTORS
330
1125
102
}
330
1F
100
AcDbEntity
  8
FURN
100
AcDbLine
 10
12999.2492180792
 20
28593.57238509638
 30
0.0
 11
12999.2492180792
 21
28975.39056691474
 31
0.0
  0
LINE
  5
10F8
102
{ACAD_REACTORS
330
1125
102
}
330
1F
100
AcDbEntity
  8
FURN
100
AcDbLine
 10
12999.2492180792
 20
28593.57238509638
 30
0.0
 11
13522.8855817159
 21
28593.57238509638
 31
0.0
  0
LINE
  5
10F9
102
{ACAD_REACTORS
330
1125
102
}
330
1F
100
AcDbEntity
  8
FURN
100
AcDbLine
 10
12977.43103626271
 20
28571.75420327821
 30
0.0
 11
13544.70376353426
 21
28571.75420327821
 31
0.0
  0
LINE
  5
10FA
102
{ACAD_REACTORS
330
1125
102
}
330
1F
100
AcDbEntity
  8
FURN
100
AcDbLine
 10
13233.79467262415
 20
28888.11783964191
 30
0.0
 11
13288.34012717096
 21
28888.11783964191
 31
0.0
  0
LINE
  5
10FB
102
{ACAD_REACTORS
330
1125
102
}
330
1F
100
AcDbEntity
  8
FURN
100
AcDbLine
 10
13233.79467262415
 20
28680.84511236915
 30
0.0
 11
13288.34012717096
 21
28680.84511236915
 31
0.0
  0
LINE
  5
10FC
102
{ACAD_REACTORS
330
1125
102
}
330
1F
100
AcDbEntity
  8
FURN
100
AcDbLine
 10
12999.2492180792
 20
28975.39056691474
 30
0.0
 11
13522.8855817159
 21
28975.39056691474
 31
0.0
  0
LINE
  5
10FD
102
{ACAD_REACTORS
330
1125
102
}
330
1F
100
AcDbEntity
  8
FURN
100
AcDbLine
 10
12977.43103626271
 20
28997.20874873297
 30
0.0
 11
13544.70376353426
 21
28997.20874873297
 31
0.0
  0
LINE
  5
10FE
102
{ACAD_REACTORS
330
1125
102
}
330
1F
100
AcDbEntity
  8
FURN
100
AcDbLine
 10
13229.82867627119
 20
28797.54512588056
 30
0.0
 11
13169.82867627305
 21
28797.54512588056
 31
0.0
  0
LINE
  5
10FF
102
{ACAD_REACTORS
330
1125
102
}
330
1F
100
AcDbEntity
  8
FURN
100
AcDbLine
 10
13229.82867627119
 20
28775.72694406238
 30
0.0
 11
13169.82867627305
 21
28775.72694406238
 31
0.0
  0
LINE
  5
1100
102
{ACAD_REACTORS
330
1125
102
}
330
1F
100
AcDbEntity
  8
FURN
100
AcDbLine
 10
13120.7377671813
 20
28904.45421678967
 30
0.0
 11
13120.7377671813
 21
28844.45421678967
 31
0.0
  0
LINE
  5
1101
102
{ACAD_REACTORS
330
1125
102
}
330
1F
100
AcDbEntity
  8
FURN
100
AcDbLine
 10
13098.91958536295
 20
28904.45421678967
 30
0.0
 11
13098.91958536295
 21
28844.45421678967
 31
0.0
  0
LINE
  5
1102
102
{ACAD_REACTORS
330
1125
102
}
330
1F
100
AcDbEntity
  8
FURN
100
AcDbLine
 10
13098.91958536295
 20
28904.45421678967
 30
0.0
 11
13120.7377671813
 21
28904.45421678967
 31
0.0
  0
LINE
  5
1103
102
{ACAD_REACTORS
330
1125
102
}
330
1F
100
AcDbEntity
  8
FURN
100
AcDbLine
 10
13098.91958536295
 20
28844.45421678967
 30
0.0
 11
13120.7377671813
 21
28844.45421678967
 31
0.0
  0
LINE
  5
1104
102
{ACAD_REACTORS
330
1125
102
}
330
1F
100
AcDbEntity
  8
FURN
100
AcDbLine
 10
13169.82867627305
 20
28797.54512588056
 30
0.0
 11
13169.82867627305
 21
28775.72694406238
 31
0.0
  0
LINE
  5
1105
102
{ACAD_REACTORS
330
1125
102
}
330
1F
100
AcDbEntity
  8
FURN
100
AcDbLine
 10
13229.82867627119
 20
28797.54512588056
 30
0.0
 11
13229.82867627119
 21
28775.72694406238
 31
0.0
  0
LINE
  5
1106
102
{ACAD_REACTORS
330
1125
102
}
330
1F
100
AcDbEntity
  8
FURN
100
AcDbLine
 10
13052.0104944547
 20
28773.54512588061
 30
0.0
 11
13052.0104944547
 21
28795.36330769879
 31
0.0
  0
LINE
  5
1107
102
{ACAD_REACTORS
330
1125
102
}
330
1F
100
AcDbEntity
  8
FURN
100
AcDbLine
 10
12992.0104944547
 20
28773.54512588061
 30
0.0
 11
12992.0104944547
 21
28795.36330769879
 31
0.0
  0
LINE
  5
1108
102
{ACAD_REACTORS
330
1125
102
}
330
1F
100
AcDbEntity
  8
FURN
100
AcDbLine
 10
12992.0104944547
 20
28773.54512588061
 30
0.0
 11
13052.0104944547
 21
28773.54512588061
 31
0.0
  0
LINE
  5
1109
102
{ACAD_REACTORS
330
1125
102
}
330
1F
100
AcDbEntity
  8
FURN
100
AcDbLine
 10
12992.0104944547
 20
28795.36330769879
 30
0.0
 11
13052.0104944547
 21
28795.36330769879
 31
0.0
  0
LINE
  5
110A
102
{ACAD_REACTORS
330
1125
102
}
330
1F
100
AcDbEntity
  8
FURN
100
AcDbLine
 10
13122.91958536481
 20
28666.63603497144
 30
0.0
 11
13122.91958536481
 21
28726.6360349715
 31
0.0
  0
LINE
  5
110B
102
{ACAD_REACTORS
330
1125
102
}
330
1F
100
AcDbEntity
  8
FURN
100
AcDbLine
 10
13101.10140354646
 20
28666.63603497144
 30
0.0
 11
13101.10140354646
 21
28726.6360349715
 31
0.0
  0
LINE
  5
110C
102
{ACAD_REACTORS
330
1125
102
}
330
1F
100
AcDbEntity
  8
FURN
100
AcDbLine
 10
13122.91958536481
 20
28666.63603497144
 30
0.0
 11
13101.10140354646
 21
28666.63603497144
 31
0.0
  0
LINE
  5
110D
102
{ACAD_REACTORS
330
1125
102
}
330
1F
100
AcDbEntity
  8
FURN
100
AcDbLine
 10
13122.91958536481
 20
28726.6360349715
 30
0.0
 11
13101.10140354646
 21
28726.6360349715
 31
0.0
  0
CIRCLE
  5
110E
102
{ACAD_REACTORS
330
1125
102
}
330
1F
100
AcDbEntity
  8
FURN
100
AcDbCircle
 10
13114.35854863649
 20
28784.53854924392
 30
0.0
 40
103.6363636363753
  0
CIRCLE
  5
110F
102
{ACAD_REACTORS
330
1125
102
}
330
1F
100
AcDbEntity
  8
FURN
100
AcDbCircle
 10
13114.35854863649
 20
28784.53854924392
 30
0.0
 40
81.81818181819105
  0
LINE
  5
1110
102
{ACAD_REACTORS
330
1125
102
}
330
1F
100
AcDbEntity
  8
FURN
100
AcDbLine
 10
13233.79467262415
 20
28888.11783964191
 30
0.0
 11
13233.79467262415
 21
28680.84511236915
 31
0.0
  0
LINE
  5
1111
102
{ACAD_REACTORS
330
1125
102
}
330
1F
100
AcDbEntity
  8
FURN
100
AcDbLine
 10
13530.12430533854
 20
28773.54512588061
 30
0.0
 11
13530.12430533854
 21
28795.36330769879
 31
0.0
  0
LINE
  5
1112
102
{ACAD_REACTORS
330
1125
102
}
330
1F
100
AcDbEntity
  8
FURN
100
AcDbLine
 10
13423.21521443216
 20
28844.45421678967
 30
0.0
 11
13401.39703261381
 21
28844.45421678967
 31
0.0
  0
LINE
  5
1113
102
{ACAD_REACTORS
330
1125
102
}
330
1F
100
AcDbEntity
  8
FURN
100
AcDbLine
 10
13423.21521443216
 20
28904.45421678967
 30
0.0
 11
13401.39703261381
 21
28904.45421678967
 31
0.0
  0
LINE
  5
1114
102
{ACAD_REACTORS
330
1125
102
}
330
1F
100
AcDbEntity
  8
FURN
100
AcDbLine
 10
13352.30612352205
 20
28797.54512588056
 30
0.0
 11
13352.30612352205
 21
28775.72694406238
 31
0.0
  0
LINE
  5
1115
102
{ACAD_REACTORS
330
1125
102
}
330
1F
100
AcDbEntity
  8
FURN
100
AcDbLine
 10
13401.39703261381
 20
28904.45421678967
 30
0.0
 11
13401.39703261381
 21
28844.45421678967
 31
0.0
  0
LINE
  5
1116
102
{ACAD_REACTORS
330
1125
102
}
330
1F
100
AcDbEntity
  8
FURN
100
AcDbLine
 10
13292.30612352205
 20
28775.72694406238
 30
0.0
 11
13352.30612352205
 21
28775.72694406238
 31
0.0
  0
LINE
  5
1117
102
{ACAD_REACTORS
330
1125
102
}
330
1F
100
AcDbEntity
  8
FURN
100
AcDbLine
 10
13292.30612352205
 20
28797.54512588056
 30
0.0
 11
13352.30612352205
 21
28797.54512588056
 31
0.0
  0
LINE
  5
1118
102
{ACAD_REACTORS
330
1125
102
}
330
1F
100
AcDbEntity
  8
FURN
100
AcDbLine
 10
13292.30612352205
 20
28797.54512588056
 30
0.0
 11
13292.30612352205
 21
28775.72694406238
 31
0.0
  0
LINE
  5
1119
102
{ACAD_REACTORS
330
1125
102
}
330
1F
100
AcDbEntity
  8
FURN
100
AcDbLine
 10
13470.12430534226
 20
28773.54512588061
 30
0.0
 11
13470.12430534226
 21
28795.36330769879
 31
0.0
  0
LINE
  5
111A
102
{ACAD_REACTORS
330
1125
102
}
330
1F
100
AcDbEntity
  8
FURN
100
AcDbLine
 10
13423.21521443216
 20
28904.45421678967
 30
0.0
 11
13423.21521443216
 21
28844.45421678967
 31
0.0
  0
LINE
  5
111B
102
{ACAD_REACTORS
330
1125
102
}
330
1F
100
AcDbEntity
  8
FURN
100
AcDbLine
 10
13421.03339624864
 20
28666.63603497144
 30
0.0
 11
13421.03339624864
 21
28726.6360349715
 31
0.0
  0
LINE
  5
111C
102
{ACAD_REACTORS
330
1125
102
}
330
1F
100
AcDbEntity
  8
FURN
100
AcDbLine
 10
13399.21521443216
 20
28666.63603497144
 30
0.0
 11
13399.21521443216
 21
28726.6360349715
 31
0.0
  0
LINE
  5
111D
102
{ACAD_REACTORS
330
1125
102
}
330
1F
100
AcDbEntity
  8
FURN
100
AcDbLine
 10
13399.21521443216
 20
28666.63603497144
 30
0.0
 11
13421.03339624864
 21
28666.63603497144
 31
0.0
  0
LINE
  5
111E
102
{ACAD_REACTORS
330
1125
102
}
330
1F
100
AcDbEntity
  8
FURN
100
AcDbLine
 10
13399.21521443216
 20
28726.6360349715
 30
0.0
 11
13421.03339624864
 21
28726.6360349715
 31
0.0
  0
LINE
  5
111F
102
{ACAD_REACTORS
330
1125
102
}
330
1F
100
AcDbEntity
  8
FURN
100
AcDbLine
 10
13288.34012717096
 20
28888.11783964191
 30
0.0
 11
13288.34012717096
 21
28680.84511236915
 31
0.0
  0
CIRCLE
  5
1120
102
{ACAD_REACTORS
330
1125
102
}
330
1F
100
AcDbEntity
  8
FURN
100
AcDbCircle
 10
13407.77625115675
 20
28784.53854924392
 30
0.0
 40
81.81818181819105
  0
CIRCLE
  5
1121
102
{ACAD_REACTORS
330
1125
102
}
330
1F
100
AcDbEntity
  8
FURN
100
AcDbCircle
 10
13407.77625115675
 20
28784.53854924392
 30
0.0
 40
103.6363636363753
  0
LINE
  5
1122
102
{ACAD_REACTORS
330
1125
102
}
330
1F
100
AcDbEntity
  8
FURN
100
AcDbLine
 10
13530.12430533854
 20
28795.36330769879
 30
0.0
 11
13470.12430534226
 21
28795.36330769879
 31
0.0
  0
LINE
  5
1123
102
{ACAD_REACTORS
330
1125
102
}
330
1F
100
AcDbEntity
  8
FURN
100
AcDbLine
 10
13530.12430533854
 20
28773.54512588061
 30
0.0
 11
13470.12430534226
 21
28773.54512588061
 31
0.0
  0
LINE
  5
116C
102
{ACAD_REACTORS
330
11A2
102
}
330
1F
100
AcDbEntity
  8
FURN
 48
6.0
100
AcDbLine
 10
7985.632361991855
 20
28120.73255137496
 30
0.0
 11
7985.632361991855
 21
27799.30397994586
 31
0.0
  0
ARC
  5
116D
102
{ACAD_REACTORS
330
11A2
102
}
330
1F
100
AcDbEntity
  8
FURN
 48
6.0
100
AcDbCircle
 10
7921.346647706407
 20
28120.73255137496
 30
0.0
 40
64.28571428566637
100
AcDbArc
 50
0.0
 51
90.0
  0
LINE
  5
116E
102
{ACAD_REACTORS
330
11A2
102
}
330
1F
100
AcDbEntity
  8
FURN
 48
6.0
100
AcDbLine
 10
7664.203790563682
 20
28185.01826566227
 30
0.0
 11
7921.346647706407
 21
28185.01826566227
 31
0.0
  0
ARC
  5
116F
102
{ACAD_REACTORS
330
11A2
102
}
330
1F
100
AcDbEntity
  8
FURN
 48
6.0
100
AcDbCircle
 10
7664.203790563682
 20
28120.73255137496
 30
0.0
 40
64.28571428566637
100
AcDbArc
 50
90.0
 51
180.0
  0
LINE
  5
1170
102
{ACAD_REACTORS
330
11A2
102
}
330
1F
100
AcDbEntity
  8
FURN
 48
6.0
100
AcDbLine
 10
7985.632361991855
 20
26577.87540851675
 30
0.0
 11
7985.632361991855
 21
26899.30397994586
 31
0.0
  0
LINE
  5
1171
102
{ACAD_REACTORS
330
11A2
102
}
330
1F
100
AcDbEntity
  8
FURN
 48
6.0
100
AcDbLine
 10
8417.363900633121
 20
27542.16112280406
 30
0.0
 11
8095.935329204017
 21
27542.16112280406
 31
0.0
  0
ARC
  5
1172
102
{ACAD_REACTORS
330
11A2
102
}
330
1F
100
AcDbEntity
  8
FURN
 48
6.0
100
AcDbCircle
 10
8417.363900633121
 20
27477.87540852048
 30
0.0
 40
64.28571428566637
100
AcDbArc
 50
0.0
 51
90.0
  0
LINE
  5
1173
102
{ACAD_REACTORS
330
11A2
102
}
330
1F
100
AcDbEntity
  8
FURN
 48
6.0
100
AcDbLine
 10
8481.649614917639
 20
27220.73255137869
 30
0.0
 11
8481.649614917639
 21
27477.87540852048
 31
0.0
  0
ARC
  5
1174
102
{ACAD_REACTORS
330
11A2
102
}
330
1F
100
AcDbEntity
  8
FURN
 48
6.0
100
AcDbCircle
 10
8417.363900633121
 20
27220.73255137869
 30
0.0
 40
64.28571428566637
100
AcDbArc
 50
270.0
 51
0.0
  0
LINE
  5
1175
102
{ACAD_REACTORS
330
11A2
102
}
330
1F
100
AcDbEntity
  8
FURN
 48
6.0
100
AcDbLine
 10
8095.935329204017
 20
27156.44683709137
 30
0.0
 11
8417.363900633121
 21
27156.44683709137
 31
0.0
  0
LINE
  5
1176
102
{ACAD_REACTORS
330
11A2
102
}
330
1F
100
AcDbEntity
  8
FURN
 48
6.0
100
AcDbLine
 10
8095.935329204017
 20
27542.16112280406
 30
0.0
 11
8095.935329204017
 21
27156.44683709137
 31
0.0
  0
LINE
  5
1177
102
{ACAD_REACTORS
330
11A2
102
}
330
1F
100
AcDbEntity
  8
FURN
 48
6.0
100
AcDbLine
 10
7985.632361991855
 20
27799.30397994586
 30
0.0
 11
7599.918076279165
 21
27799.30397994586
 31
0.0
  0
LINE
  5
1178
102
{ACAD_REACTORS
330
11A2
102
}
330
1F
100
AcDbEntity
  8
FURN
 48
6.0
100
AcDbLine
 10
8031.649614918569
 20
27799.30397994586
 30
0.0
 11
6617.363900634052
 21
27799.30397994586
 31
0.0
  0
ARC
  5
1179
102
{ACAD_REACTORS
330
11A2
102
}
330
1F
100
AcDbEntity
  8
FURN
 48
6.0
100
AcDbCircle
 10
8031.649614918569
 20
27735.01826566227
 30
0.0
 40
64.28571428566637
100
AcDbArc
 50
0.0
 51
90.0
  0
LINE
  5
117A
102
{ACAD_REACTORS
330
11A2
102
}
330
1F
100
AcDbEntity
  8
FURN
 48
6.0
100
AcDbLine
 10
8095.935329204017
 20
26963.58969423317
 30
0.0
 11
8095.935329204017
 21
27735.01826566227
 31
0.0
  0
ARC
  5
117B
102
{ACAD_REACTORS
330
11A2
102
}
330
1F
100
AcDbEntity
  8
FURN
 48
6.0
100
AcDbCircle
 10
8031.649614918569
 20
26963.58969423317
 30
0.0
 40
64.28571428566637
100
AcDbArc
 50
270.0
 51
0.0
  0
LINE
  5
117C
102
{ACAD_REACTORS
330
11A2
102
}
330
1F
100
AcDbEntity
  8
FURN
 48
6.0
100
AcDbLine
 10
6617.363900634052
 20
26899.30397994586
 30
0.0
 11
8031.649614918569
 21
26899.30397994586
 31
0.0
  0
LINE
  5
117D
102
{ACAD_REACTORS
330
11A2
102
}
330
1F
100
AcDbEntity
  8
FURN
 48
6.0
100
AcDbLine
 10
7985.632361991855
 20
26899.30397994586
 30
0.0
 11
7599.918076279165
 21
26899.30397994586
 31
0.0
  0
ARC
  5
117E
102
{ACAD_REACTORS
330
11A2
102
}
330
1F
100
AcDbEntity
  8
FURN
 48
6.0
100
AcDbCircle
 10
7921.346647706407
 20
26577.87540851675
 30
0.0
 40
64.28571428566637
100
AcDbArc
 50
270.0
 51
0.0
  0
LINE
  5
117F
102
{ACAD_REACTORS
330
11A2
102
}
330
1F
100
AcDbEntity
  8
FURN
 48
6.0
100
AcDbLine
 10
7664.203790563682
 20
26513.58969423317
 30
0.0
 11
7921.346647706407
 21
26513.58969423317
 31
0.0
  0
ARC
  5
1180
102
{ACAD_REACTORS
330
11A2
102
}
330
1F
100
AcDbEntity
  8
FURN
 48
6.0
100
AcDbCircle
 10
7664.203790563682
 20
26577.87540851675
 30
0.0
 40
64.28571428566637
100
AcDbArc
 50
180.0
 51
270.0
  0
LINE
  5
1181
102
{ACAD_REACTORS
330
11A2
102
}
330
1F
100
AcDbEntity
  8
FURN
 48
6.0
100
AcDbLine
 10
7512.634297715092
 20
26577.87540851675
 30
0.0
 11
7512.634297715092
 21
26899.30397994586
 31
0.0
  0
LINE
  5
1182
102
{ACAD_REACTORS
330
11A2
102
}
330
1F
100
AcDbEntity
  8
FURN
 48
6.0
100
AcDbLine
 10
7126.920012000541
 20
26899.30397994586
 30
0.0
 11
7126.920012000541
 21
26577.87540851675
 31
0.0
  0
LINE
  5
1183
102
{ACAD_REACTORS
330
11A2
102
}
330
1F
100
AcDbEntity
  8
FURN
 48
6.0
100
AcDbLine
 10
7039.635614217783
 20
26577.87540851675
 30
0.0
 11
7039.635614217783
 21
26899.30397994586
 31
0.0
  0
LINE
  5
1184
102
{ACAD_REACTORS
330
11A2
102
}
330
1F
100
AcDbEntity
  8
FURN
 48
6.0
100
AcDbLine
 10
6653.921328503232
 20
26899.30397994586
 30
0.0
 11
6653.921328503232
 21
26577.87540851675
 31
0.0
  0
LINE
  5
1185
102
{ACAD_REACTORS
330
11A2
102
}
330
1F
100
AcDbEntity
  8
FURN
 48
6.0
100
AcDbLine
 10
7599.918076279165
 20
26899.30397994586
 30
0.0
 11
7599.918076279165
 21
26577.87540851675
 31
0.0
  0
ARC
  5
1186
102
{ACAD_REACTORS
330
11A2
102
}
330
1F
100
AcDbEntity
  8
FURN
 48
6.0
100
AcDbCircle
 10
7448.348583429645
 20
26577.87540851675
 30
0.0
 40
64.28571428566637
100
AcDbArc
 50
270.0
 51
0.0
  0
LINE
  5
1187
102
{ACAD_REACTORS
330
11A2
102
}
330
1F
100
AcDbEntity
  8
FURN
 48
6.0
100
AcDbLine
 10
7191.20572628692
 20
26513.58969423317
 30
0.0
 11
7448.348583429645
 21
26513.58969423317
 31
0.0
  0
ARC
  5
1188
102
{ACAD_REACTORS
330
11A2
102
}
330
1F
100
AcDbEntity
  8
FURN
 48
6.0
100
AcDbCircle
 10
7191.20572628692
 20
26577.87540851675
 30
0.0
 40
64.28571428566637
100
AcDbArc
 50
180.0
 51
270.0
  0
ARC
  5
1189
102
{ACAD_REACTORS
330
11A2
102
}
330
1F
100
AcDbEntity
  8
FURN
 48
6.0
100
AcDbCircle
 10
6975.349899932336
 20
26577.87540851675
 30
0.0
 40
64.28571428566637
100
AcDbArc
 50
270.0
 51
0.0
  0
LINE
  5
118A
102
{ACAD_REACTORS
330
11A2
102
}
330
1F
100
AcDbEntity
  8
FURN
 48
6.0
100
AcDbLine
 10
6718.207042789611
 20
26513.58969423317
 30
0.0
 11
6975.349899932336
 21
26513.58969423317
 31
0.0
  0
ARC
  5
118B
102
{ACAD_REACTORS
330
11A2
102
}
330
1F
100
AcDbEntity
  8
FURN
 48
6.0
100
AcDbCircle
 10
6718.207042789611
 20
26577.87540851675
 30
0.0
 40
64.28571428566637
100
AcDbArc
 50
180.0
 51
270.0
  0
LINE
  5
118C
102
{ACAD_REACTORS
330
11A2
102
}
330
1F
100
AcDbEntity
  8
FURN
 48
6.0
100
AcDbLine
 10
6653.921328503232
 20
27799.30397994586
 30
0.0
 11
6653.921328503232
 21
28120.73255137496
 31
0.0
  0
LINE
  5
118D
102
{ACAD_REACTORS
330
11A2
102
}
330
1F
100
AcDbEntity
  8
FURN
 48
6.0
100
AcDbLine
 10
7039.635614217783
 20
27799.30397994586
 30
0.0
 11
6653.921328503232
 21
27799.30397994586
 31
0.0
  0
ARC
  5
118E
102
{ACAD_REACTORS
330
11A2
102
}
330
1F
100
AcDbEntity
  8
FURN
 48
6.0
100
AcDbCircle
 10
6617.363900634052
 20
27735.01826566227
 30
0.0
 40
64.28571428566637
100
AcDbArc
 50
90.0
 51
180.0
  0
ARC
  5
118F
102
{ACAD_REACTORS
330
11A2
102
}
330
1F
100
AcDbEntity
  8
FURN
 48
6.0
100
AcDbCircle
 10
6617.363900634052
 20
26963.58969423317
 30
0.0
 40
64.28571428566637
100
AcDbArc
 50
180.0
 51
270.0
  0
LINE
  5
1190
102
{ACAD_REACTORS
330
11A2
102
}
330
1F
100
AcDbEntity
  8
FURN
 48
6.0
100
AcDbLine
 10
6553.078186349536
 20
27735.01826566227
 30
0.0
 11
6553.078186349536
 21
26963.58969423317
 31
0.0
  0
LINE
  5
1191
102
{ACAD_REACTORS
330
11A2
102
}
330
1F
100
AcDbEntity
  8
FURN
 48
6.0
100
AcDbLine
 10
7039.635614217783
 20
26899.30397994586
 30
0.0
 11
6653.921328503232
 21
26899.30397994586
 31
0.0
  0
LINE
  5
1192
102
{ACAD_REACTORS
330
11A2
102
}
330
1F
100
AcDbEntity
  8
FURN
 48
6.0
100
AcDbLine
 10
6231.649614919501
 20
27542.16112280406
 30
0.0
 11
6553.078186349536
 21
27542.16112280406
 31
0.0
  0
ARC
  5
1193
102
{ACAD_REACTORS
330
11A2
102
}
330
1F
100
AcDbEntity
  8
FURN
 48
6.0
100
AcDbCircle
 10
6231.649614919501
 20
27477.87540852048
 30
0.0
 40
64.28571428566637
100
AcDbArc
 50
90.0
 51
180.0
  0
LINE
  5
1194
102
{ACAD_REACTORS
330
11A2
102
}
330
1F
100
AcDbEntity
  8
FURN
 48
6.0
100
AcDbLine
 10
6167.363900634985
 20
27220.73255137869
 30
0.0
 11
6167.363900634985
 21
27477.87540852048
 31
0.0
  0
ARC
  5
1195
102
{ACAD_REACTORS
330
11A2
102
}
330
1F
100
AcDbEntity
  8
FURN
 48
6.0
100
AcDbCircle
 10
6231.649614919501
 20
27220.73255137869
 30
0.0
 40
64.28571428566637
100
AcDbArc
 50
180.0
 51
270.0
  0
LINE
  5
1196
102
{ACAD_REACTORS
330
11A2
102
}
330
1F
100
AcDbEntity
  8
FURN
 48
6.0
100
AcDbLine
 10
6553.078186349536
 20
27156.44683709137
 30
0.0
 11
6231.649614919501
 21
27156.44683709137
 31
0.0
  0
LINE
  5
1197
102
{ACAD_REACTORS
330
11A2
102
}
330
1F
100
AcDbEntity
  8
FURN
 48
6.0
100
AcDbLine
 10
6553.078186349536
 20
27542.16112280406
 30
0.0
 11
6553.078186349536
 21
27156.44683709137
 31
0.0
  0
LINE
  5
1198
102
{ACAD_REACTORS
330
11A2
102
}
330
1F
100
AcDbEntity
  8
FURN
 48
6.0
100
AcDbLine
 10
7039.635614217783
 20
28120.73255137496
 30
0.0
 11
7039.635614217783
 21
27799.30397994586
 31
0.0
  0
LINE
  5
1199
102
{ACAD_REACTORS
330
11A2
102
}
330
1F
100
AcDbEntity
  8
FURN
 48
6.0
100
AcDbLine
 10
7599.918076279165
 20
27799.30397994586
 30
0.0
 11
7599.918076279165
 21
28120.73255137496
 31
0.0
  0
LINE
  5
119A
102
{ACAD_REACTORS
330
11A2
102
}
330
1F
100
AcDbEntity
  8
FURN
 48
6.0
100
AcDbLine
 10
7512.634297715092
 20
28120.73255137496
 30
0.0
 11
7512.634297715092
 21
27799.30397994586
 31
0.0
  0
LINE
  5
119B
102
{ACAD_REACTORS
330
11A2
102
}
330
1F
100
AcDbEntity
  8
FURN
 48
6.0
100
AcDbLine
 10
7126.920012000541
 20
27799.30397994586
 30
0.0
 11
7126.920012000541
 21
28120.73255137496
 31
0.0
  0
ARC
  5
119C
102
{ACAD_REACTORS
330
11A2
102
}
330
1F
100
AcDbEntity
  8
FURN
 48
6.0
100
AcDbCircle
 10
6975.349899932336
 20
28120.73255137496
 30
0.0
 40
64.28571428566637
100
AcDbArc
 50
0.0
 51
90.0
  0
LINE
  5
119D
102
{ACAD_REACTORS
330
11A2
102
}
330
1F
100
AcDbEntity
  8
FURN
 48
6.0
100
AcDbLine
 10
6718.207042789611
 20
28185.01826566227
 30
0.0
 11
6975.349899932336
 21
28185.01826566227
 31
0.0
  0
ARC
  5
119E
102
{ACAD_REACTORS
330
11A2
102
}
330
1F
100
AcDbEntity
  8
FURN
 48
6.0
100
AcDbCircle
 10
6718.207042789611
 20
28120.73255137496
 30
0.0
 40
64.28571428566637
100
AcDbArc
 50
90.0
 51
180.0
  0
ARC
  5
119F
102
{ACAD_REACTORS
330
11A2
102
}
330
1F
100
AcDbEntity
  8
FURN
 48
6.0
100
AcDbCircle
 10
7448.348583429645
 20
28120.73255137496
 30
0.0
 40
64.28571428566637
100
AcDbArc
 50
0.0
 51
90.0
  0
LINE
  5
11A0
102
{ACAD_REACTORS
330
11A2
102
}
330
1F
100
AcDbEntity
  8
FURN
 48
6.0
100
AcDbLine
 10
7191.20572628692
 20
28185.01826566227
 30
0.0
 11
7448.348583429645
 21
28185.01826566227
 31
0.0
  0
ARC
  5
11A1
102
{ACAD_REACTORS
330
11A2
102
}
330
1F
100
AcDbEntity
  8
FURN
 48
6.0
100
AcDbCircle
 10
7191.20572628692
 20
28120.73255137496
 30
0.0
 40
64.28571428566637
100
AcDbArc
 50
90.0
 51
180.0
  0
LINE
  5
11CB
102
{ACAD_REACTORS
330
11EA
102
}
330
1F
100
AcDbEntity
  8
FUR
100
AcDbLine
 10
8064.164784178409
 20
29261.60881894936
 30
0.0
 11
6980.831450849021
 21
29261.60881894936
 31
0.0
  0
LINE
  5
11CC
102
{ACAD_REACTORS
330
11EA
102
}
330
1F
100
AcDbEntity
  8
FUR
100
AcDbLine
 10
7064.164784174528
 20
29261.60881894936
 30
0.0
 11
6064.164784178408
 21
29261.60881894936
 31
0.0
  0
LINE
  5
11CD
102
{ACAD_REACTORS
330
11EA
102
}
330
1F
100
AcDbEntity
  8
FUR
100
AcDbLine
 10
7980.831450846692
 20
29178.2754856285
 30
0.0
 11
6980.831450849021
 21
29178.2754856285
 31
0.0
  0
LINE
  5
11CE
102
{ACAD_REACTORS
330
11EA
102
}
330
1F
100
AcDbEntity
  8
FUR
100
AcDbLine
 10
7064.164784174528
 20
29094.94215228903
 30
0.0
 11
6147.498117510124
 21
29094.94215228903
 31
0.0
  0
LINE
  5
11CF
102
{ACAD_REACTORS
330
11EA
102
}
330
1F
100
AcDbEntity
  8
FUR
100
AcDbLine
 10
6230.831450841842
 20
29153.27548562853
 30
0.0
 11
6980.831450849021
 21
29153.27548562853
 31
0.0
  0
LINE
  5
11D0
102
{ACAD_REACTORS
330
11EA
102
}
330
1F
100
AcDbEntity
  8
FUR
100
AcDbLine
 10
6230.831450841842
 20
29119.942152289
 30
0.0
 11
6980.831450849021
 21
29119.942152289
 31
0.0
  0
LINE
  5
11D1
102
{ACAD_REACTORS
330
11EA
102
}
330
1F
100
AcDbEntity
  8
FUR
100
AcDbLine
 10
6230.831450841842
 20
29136.60881895566
 30
0.0
 11
6980.831450849021
 21
29136.60881895566
 31
0.0
  0
LINE
  5
11D2
102
{ACAD_REACTORS
330
11EA
102
}
330
1F
100
AcDbEntity
  8
FUR
100
AcDbLine
 10
6064.164784178408
 20
29094.94215228903
 30
0.0
 11
6230.831450841842
 21
29094.94215228903
 31
0.0
  0
LINE
  5
11D3
102
{ACAD_REACTORS
330
11EA
102
}
330
1F
100
AcDbEntity
  8
FUR
100
AcDbLine
 10
7064.164784174528
 20
29094.94215228903
 30
0.0
 11
8064.164784178409
 21
29094.94215228903
 31
0.0
  0
LINE
  5
11D4
102
{ACAD_REACTORS
330
11EA
102
}
330
1F
100
AcDbEntity
  8
FUR
100
AcDbLine
 10
7897.498117513421
 20
29261.60881894936
 30
0.0
 11
7897.498117513421
 21
29178.2754856285
 31
0.0
  0
LINE
  5
11D5
102
{ACAD_REACTORS
330
11EA
102
}
330
1F
100
AcDbEntity
  8
FUR
100
AcDbLine
 10
7064.164784180737
 20
29178.2754856285
 30
0.0
 11
7064.164784180737
 21
29261.60881894936
 31
0.0
  0
LINE
  5
11D6
102
{ACAD_REACTORS
330
11EA
102
}
330
1F
100
AcDbEntity
  8
FUR
100
AcDbLine
 10
7064.164784174528
 20
29094.94215228903
 30
0.0
 11
7064.164784174528
 21
29178.2754856285
 31
0.0
  0
LINE
  5
11D7
102
{ACAD_REACTORS
330
11EA
102
}
330
1F
100
AcDbEntity
  8
FUR
100
AcDbLine
 10
6980.831450849021
 20
29094.94215228903
 30
0.0
 11
6980.831450849021
 21
29261.60881894936
 31
0.0
  0
LINE
  5
11D8
102
{ACAD_REACTORS
330
11EA
102
}
330
1F
100
AcDbEntity
  8
FUR
100
AcDbLine
 10
7980.831450846692
 20
29094.94215228903
 30
0.0
 11
8064.164784178409
 21
29094.94215228903
 31
0.0
  0
LINE
  5
11D9
102
{ACAD_REACTORS
330
11EA
102
}
330
1F
100
AcDbEntity
  8
FUR
100
AcDbLine
 10
7980.831450846692
 20
29261.60881894936
 30
0.0
 11
7980.831450846692
 21
29094.94215228903
 31
0.0
  0
LINE
  5
11DA
102
{ACAD_REACTORS
330
11EA
102
}
330
1F
100
AcDbEntity
  8
FUR
100
AcDbLine
 10
8064.164784178409
 20
29094.94215228903
 30
0.0
 11
8064.164784178409
 21
29261.60881894936
 31
0.0
  0
LINE
  5
11DB
102
{ACAD_REACTORS
330
11EA
102
}
330
1F
100
AcDbEntity
  8
FUR
100
AcDbLine
 10
7980.831450846692
 20
29261.60881894936
 30
0.0
 11
7980.831450846692
 21
29094.94215228903
 31
0.0
  0
LINE
  5
11DC
102
{ACAD_REACTORS
330
11EA
102
}
330
1F
100
AcDbEntity
  8
FUR
100
AcDbLine
 10
7897.498117513421
 20
29219.94215228893
 30
0.0
 11
7064.164784180737
 21
29219.94215228893
 31
0.0
  0
LINE
  5
11DD
102
{ACAD_REACTORS
330
11EA
102
}
330
1F
100
AcDbEntity
  8
FUR
100
AcDbLine
 10
7897.498117513421
 20
29203.27548562227
 30
0.0
 11
7064.164784180737
 21
29203.27548562227
 31
0.0
  0
LINE
  5
11DE
102
{ACAD_REACTORS
330
11EA
102
}
330
1F
100
AcDbEntity
  8
FUR
100
AcDbLine
 10
7897.498117513421
 20
29236.60881895558
 30
0.0
 11
7064.164784180737
 21
29236.60881895558
 31
0.0
  0
LINE
  5
11DF
102
{ACAD_REACTORS
330
11EA
102
}
330
1F
100
AcDbEntity
  8
FUR
100
AcDbLine
 10
6230.831450841842
 20
29178.2754856285
 30
0.0
 11
6230.831450841842
 21
29094.94215228903
 31
0.0
  0
LINE
  5
11E0
102
{ACAD_REACTORS
330
11EA
102
}
330
1F
100
AcDbEntity
  8
FUR
100
AcDbLine
 10
6147.498117510124
 20
29094.94215228903
 30
0.0
 11
6064.164784178408
 21
29094.94215228903
 31
0.0
  0
LINE
  5
11E1
102
{ACAD_REACTORS
330
11EA
102
}
330
1F
100
AcDbEntity
  8
FUR
100
AcDbLine
 10
6147.498117510124
 20
29261.60881894936
 30
0.0
 11
6147.498117510124
 21
29094.94215228903
 31
0.0
  0
LINE
  5
11E2
102
{ACAD_REACTORS
330
11EA
102
}
330
1F
100
AcDbEntity
  8
FUR
100
AcDbLine
 10
6064.164784178408
 20
29261.60881894936
 30
0.0
 11
6147.498117510124
 21
29261.60881894936
 31
0.0
  0
LINE
  5
11E3
102
{ACAD_REACTORS
330
11EA
102
}
330
1F
100
AcDbEntity
  8
FUR
100
AcDbLine
 10
6064.164784178408
 20
29261.60881894936
 30
0.0
 11
6064.164784178408
 21
29094.94215228903
 31
0.0
  0
LINE
  5
11E4
102
{ACAD_REACTORS
330
11EA
102
}
330
1F
100
AcDbEntity
  8
FUR
100
AcDbLine
 10
6147.498117510124
 20
29261.60881894936
 30
0.0
 11
6147.498117510124
 21
29094.94215228903
 31
0.0
  0
LINE
  5
11E5
102
{ACAD_REACTORS
330
11EA
102
}
330
1F
100
AcDbEntity
  8
FUR
100
AcDbLine
 10
6147.498117510124
 20
29261.60881894936
 30
0.0
 11
6147.498117510124
 21
29094.94215228903
 31
0.0
  0
LINE
  5
11E6
102
{ACAD_REACTORS
330
11EA
102
}
330
1F
100
AcDbEntity
  8
FUR
100
AcDbLine
 10
6230.831450841842
 20
29178.2754856285
 30
0.0
 11
6147.498117510124
 21
29178.2754856223
 31
0.0
  0
LINE
  5
11E7
102
{ACAD_REACTORS
330
11EA
102
}
330
1F
100
AcDbEntity
  8
FUR
100
AcDbLine
 10
6980.831450849021
 20
29178.2754856285
 30
0.0
 11
6230.831450841842
 21
29178.2754856285
 31
0.0
  0
LINE
  5
11EC
102
{ACAD_REACTORS
330
1209
102
}
330
1F
100
AcDbEntity
  8
FUR
100
AcDbLine
 10
15254.25322157898
 20
26313.27548561918
 30
0.0
 11
15254.25322157898
 21
27125.77548561623
 31
0.0
  0
LINE
  5
11ED
102
{ACAD_REACTORS
330
1209
102
}
330
1F
100
AcDbEntity
  8
FUR
100
AcDbLine
 10
15254.25322157898
 20
27063.27548562209
 30
0.0
 11
15254.25322157898
 21
27813.27548561918
 31
0.0
  0
LINE
  5
11EE
102
{ACAD_REACTORS
330
1209
102
}
330
1F
100
AcDbEntity
  8
FUR
100
AcDbLine
 10
15191.75322158834
 20
26375.77548561797
 30
0.0
 11
15191.75322158834
 21
27125.77548561623
 31
0.0
  0
LINE
  5
11EF
102
{ACAD_REACTORS
330
1209
102
}
330
1F
100
AcDbEntity
  8
FUR
100
AcDbLine
 10
15129.25322158373
 20
27063.27548562209
 30
0.0
 11
15129.25322158373
 21
27750.7754856204
 31
0.0
  0
LINE
  5
11F0
102
{ACAD_REACTORS
330
1209
102
}
330
1F
100
AcDbEntity
  8
FUR
100
AcDbLine
 10
15173.00322158835
 20
27688.27548562161
 30
0.0
 11
15173.00322158835
 21
27125.77548561623
 31
0.0
  0
LINE
  5
11F1
102
{ACAD_REACTORS
330
1209
102
}
330
1F
100
AcDbEntity
  8
FUR
100
AcDbLine
 10
15148.00322158371
 20
27688.27548562161
 30
0.0
 11
15148.00322158371
 21
27125.77548561623
 31
0.0
  0
LINE
  5
11F2
102
{ACAD_REACTORS
330
1209
102
}
330
1F
100
AcDbEntity
  8
FUR
100
AcDbLine
 10
15160.50322158371
 20
27688.27548562161
 30
0.0
 11
15160.50322158371
 21
27125.77548561623
 31
0.0
  0
LINE
  5
11F3
102
{ACAD_REACTORS
330
1209
102
}
330
1F
100
AcDbEntity
  8
FUR
100
AcDbLine
 10
15129.25322158373
 20
27813.27548561918
 30
0.0
 11
15129.25322158373
 21
27688.27548562161
 31
0.0
  0
LINE
  5
11F4
102
{ACAD_REACTORS
330
1209
102
}
330
1F
100
AcDbEntity
  8
FUR
100
AcDbLine
 10
15129.25322158373
 20
27063.27548562209
 30
0.0
 11
15129.25322158373
 21
26313.27548561918
 31
0.0
  0
LINE
  5
11F5
102
{ACAD_REACTORS
330
1209
102
}
330
1F
100
AcDbEntity
  8
FUR
100
AcDbLine
 10
15254.25322157898
 20
26438.27548561792
 30
0.0
 11
15191.75322158834
 21
26438.27548561792
 31
0.0
  0
LINE
  5
11F6
102
{ACAD_REACTORS
330
1209
102
}
330
1F
100
AcDbEntity
  8
FUR
100
AcDbLine
 10
15191.75322158834
 20
27063.27548561744
 30
0.0
 11
15254.25322157898
 21
27063.27548561744
 31
0.0
  0
LINE
  5
11F7
102
{ACAD_REACTORS
330
1209
102
}
330
1F
100
AcDbEntity
  8
FUR
100
AcDbLine
 10
15129.25322158373
 20
27063.27548562209
 30
0.0
 11
15191.75322158834
 21
27063.27548562209
 31
0.0
  0
LINE
  5
11F8
102
{ACAD_REACTORS
330
1209
102
}
330
1F
100
AcDbEntity
  8
FUR
100
AcDbLine
 10
15129.25322158373
 20
27125.77548561623
 30
0.0
 11
15254.25322157898
 21
27125.77548561623
 31
0.0
  0
LINE
  5
11F9
102
{ACAD_REACTORS
330
1209
102
}
330
1F
100
AcDbEntity
  8
FUR
100
AcDbLine
 10
15129.25322158373
 20
26375.77548561797
 30
0.0
 11
15129.25322158373
 21
26313.27548561918
 31
0.0
  0
LINE
  5
11FA
102
{ACAD_REACTORS
330
1209
102
}
330
1F
100
AcDbEntity
  8
FUR
100
AcDbLine
 10
15254.25322157898
 20
26375.77548561797
 30
0.0
 11
15129.25322158373
 21
26375.77548561797
 31
0.0
  0
LINE
  5
11FB
102
{ACAD_REACTORS
330
1209
102
}
330
1F
100
AcDbEntity
  8
FUR
100
AcDbLine
 10
15129.25322158373
 20
26313.27548561918
 30
0.0
 11
15254.25322157898
 21
26313.27548561918
 31
0.0
  0
LINE
  5
11FC
102
{ACAD_REACTORS
330
1209
102
}
330
1F
100
AcDbEntity
  8
FUR
100
AcDbLine
 10
15254.25322157898
 20
26375.77548561797
 30
0.0
 11
15129.25322158373
 21
26375.77548561797
 31
0.0
  0
LINE
  5
11FD
102
{ACAD_REACTORS
330
1209
102
}
330
1F
100
AcDbEntity
  8
FUR
100
AcDbLine
 10
15223.00322158366
 20
26438.27548561792
 30
0.0
 11
15223.00322158366
 21
27063.27548561744
 31
0.0
  0
LINE
  5
11FE
102
{ACAD_REACTORS
330
1209
102
}
330
1F
100
AcDbEntity
  8
FUR
100
AcDbLine
 10
15210.50322158367
 20
26438.27548561792
 30
0.0
 11
15210.50322158367
 21
27063.27548561744
 31
0.0
  0
LINE
  5
11FF
102
{ACAD_REACTORS
330
1209
102
}
330
1F
100
AcDbEntity
  8
FUR
100
AcDbLine
 10
15235.50322158365
 20
26438.27548561792
 30
0.0
 11
15235.50322158365
 21
27063.27548561744
 31
0.0
  0
LINE
  5
1200
102
{ACAD_REACTORS
330
1209
102
}
330
1F
100
AcDbEntity
  8
FUR
100
AcDbLine
 10
15191.75322158834
 20
27688.27548562161
 30
0.0
 11
15129.25322158373
 21
27688.27548562161
 31
0.0
  0
LINE
  5
1201
102
{ACAD_REACTORS
330
1209
102
}
330
1F
100
AcDbEntity
  8
FUR
100
AcDbLine
 10
15129.25322158373
 20
27750.7754856204
 30
0.0
 11
15129.25322158373
 21
27813.27548561918
 31
0.0
  0
LINE
  5
1202
102
{ACAD_REACTORS
330
1209
102
}
330
1F
100
AcDbEntity
  8
FUR
100
AcDbLine
 10
15254.25322157898
 20
27750.7754856204
 30
0.0
 11
15129.25322158373
 21
27750.7754856204
 31
0.0
  0
LINE
  5
1203
102
{ACAD_REACTORS
330
1209
102
}
330
1F
100
AcDbEntity
  8
FUR
100
AcDbLine
 10
15254.25322157898
 20
27813.27548561918
 30
0.0
 11
15254.25322157898
 21
27750.7754856204
 31
0.0
  0
LINE
  5
1204
102
{ACAD_REACTORS
330
1209
102
}
330
1F
100
AcDbEntity
  8
FUR
100
AcDbLine
 10
15254.25322157898
 20
27813.27548561918
 30
0.0
 11
15129.25322158373
 21
27813.27548561918
 31
0.0
  0
LINE
  5
1205
102
{ACAD_REACTORS
330
1209
102
}
330
1F
100
AcDbEntity
  8
FUR
100
AcDbLine
 10
15254.25322157898
 20
27750.7754856204
 30
0.0
 11
15129.25322158373
 21
27750.7754856204
 31
0.0
  0
LINE
  5
1206
102
{ACAD_REACTORS
330
1209
102
}
330
1F
100
AcDbEntity
  8
FUR
100
AcDbLine
 10
15254.25322157898
 20
27750.7754856204
 30
0.0
 11
15129.25322158373
 21
27750.7754856204
 31
0.0
  0
LINE
  5
1207
102
{ACAD_REACTORS
330
1209
102
}
330
1F
100
AcDbEntity
  8
FUR
100
AcDbLine
 10
15191.75322158834
 20
27688.27548562161
 30
0.0
 11
15191.75322158368
 21
27750.7754856204
 31
0.0
  0
LINE
  5
1208
102
{ACAD_REACTORS
330
1209
102
}
330
1F
100
AcDbEntity
  8
FUR
100
AcDbLine
 10
15191.75322158834
 20
27125.77548561623
 30
0.0
 11
15191.75322158834
 21
27688.27548562161
 31
0.0
  0
LINE
  5
120A
102
{ACAD_REACTORS
330
1227
102
}
330
1F
100
AcDbEntity
  8
FUR
100
AcDbLine
 10
1435.086554911526
 20
18628.27548561917
 30
0.0
 11
1435.086554911526
 21
19711.60881894856
 31
0.0
  0
LINE
  5
120B
102
{ACAD_REACTORS
330
1227
102
}
330
1F
100
AcDbEntity
  8
FUR
100
AcDbLine
 10
1435.086554911526
 20
19628.27548562305
 30
0.0
 11
1435.086554911526
 21
20628.27548561917
 31
0.0
  0
LINE
  5
120C
102
{ACAD_REACTORS
330
1227
102
}
330
1F
100
AcDbEntity
  8
FUR
100
AcDbLine
 10
1351.753221590676
 20
18711.60881895089
 30
0.0
 11
1351.753221590676
 21
19711.60881894856
 31
0.0
  0
LINE
  5
120D
102
{ACAD_REACTORS
330
1227
102
}
330
1F
100
AcDbEntity
  8
FUR
100
AcDbLine
 10
1268.419888251199
 20
19628.27548562305
 30
0.0
 11
1268.419888251199
 21
20544.94215228746
 31
0.0
  0
LINE
  5
120E
102
{ACAD_REACTORS
330
1227
102
}
330
1F
100
AcDbEntity
  8
FUR
100
AcDbLine
 10
1326.753221590698
 20
20461.60881895574
 30
0.0
 11
1326.753221590698
 21
19711.60881894856
 31
0.0
  0
LINE
  5
120F
102
{ACAD_REACTORS
330
1227
102
}
330
1F
100
AcDbEntity
  8
FUR
100
AcDbLine
 10
1293.419888251177
 20
20461.60881895574
 30
0.0
 11
1293.419888251177
 21
19711.60881894856
 31
0.0
  0
LINE
  5
1210
102
{ACAD_REACTORS
330
1227
102
}
330
1F
100
AcDbEntity
  8
FUR
100
AcDbLine
 10
1310.086554917834
 20
20461.60881895574
 30
0.0
 11
1310.086554917834
 21
19711.60881894856
 31
0.0
  0
LINE
  5
1211
102
{ACAD_REACTORS
330
1227
102
}
330
1F
100
AcDbEntity
  8
FUR
100
AcDbLine
 10
1268.419888251199
 20
20628.27548561917
 30
0.0
 11
1268.419888251199
 21
20461.60881895574
 31
0.0
  0
LINE
  5
1212
102
{ACAD_REACTORS
330
1227
102
}
330
1F
100
AcDbEntity
  8
FUR
100
AcDbLine
 10
1268.419888251199
 20
19628.27548562305
 30
0.0
 11
1268.419888251199
 21
18628.27548561917
 31
0.0
  0
LINE
  5
1213
102
{ACAD_REACTORS
330
1227
102
}
330
1F
100
AcDbEntity
  8
FUR
100
AcDbLine
 10
1435.086554911526
 20
18794.94215228416
 30
0.0
 11
1351.753221590676
 21
18794.94215228416
 31
0.0
  0
LINE
  5
1214
102
{ACAD_REACTORS
330
1227
102
}
330
1F
100
AcDbEntity
  8
FUR
100
AcDbLine
 10
1351.753221590676
 20
19628.27548561685
 30
0.0
 11
1435.086554911526
 21
19628.27548561685
 31
0.0
  0
LINE
  5
1215
102
{ACAD_REACTORS
330
1227
102
}
330
1F
100
AcDbEntity
  8
FUR
100
AcDbLine
 10
1268.419888251199
 20
19628.27548562305
 30
0.0
 11
1351.753221590676
 21
19628.27548562305
 31
0.0
  0
LINE
  5
1216
102
{ACAD_REACTORS
330
1227
102
}
330
1F
100
AcDbEntity
  8
FUR
100
AcDbLine
 10
1268.419888251199
 20
19711.60881894856
 30
0.0
 11
1435.086554911526
 21
19711.60881894856
 31
0.0
  0
LINE
  5
1217
102
{ACAD_REACTORS
330
1227
102
}
330
1F
100
AcDbEntity
  8
FUR
100
AcDbLine
 10
1268.419888251199
 20
18711.60881895089
 30
0.0
 11
1268.419888251199
 21
18628.27548561917
 31
0.0
  0
LINE
  5
1218
102
{ACAD_REACTORS
330
1227
102
}
330
1F
100
AcDbEntity
  8
FUR
100
AcDbLine
 10
1435.086554911526
 20
18711.60881895089
 30
0.0
 11
1268.419888251199
 21
18711.60881895089
 31
0.0
  0
LINE
  5
1219
102
{ACAD_REACTORS
330
1227
102
}
330
1F
100
AcDbEntity
  8
FUR
100
AcDbLine
 10
1268.419888251199
 20
18628.27548561917
 30
0.0
 11
1435.086554911526
 21
18628.27548561917
 31
0.0
  0
LINE
  5
121A
102
{ACAD_REACTORS
330
1227
102
}
330
1F
100
AcDbEntity
  8
FUR
100
AcDbLine
 10
1435.086554911526
 20
18711.60881895089
 30
0.0
 11
1268.419888251199
 21
18711.60881895089
 31
0.0
  0
LINE
  5
121B
102
{ACAD_REACTORS
330
1227
102
}
330
1F
100
AcDbEntity
  8
FUR
100
AcDbLine
 10
1393.419888251104
 20
18794.94215228416
 30
0.0
 11
1393.419888251104
 21
19628.27548561685
 31
0.0
  0
LINE
  5
121C
102
{ACAD_REACTORS
330
1227
102
}
330
1F
100
AcDbEntity
  8
FUR
100
AcDbLine
 10
1376.753221584447
 20
18794.94215228416
 30
0.0
 11
1376.753221584447
 21
19628.27548561685
 31
0.0
  0
LINE
  5
121D
102
{ACAD_REACTORS
330
1227
102
}
330
1F
100
AcDbEntity
  8
FUR
100
AcDbLine
 10
1410.086554917754
 20
18794.94215228416
 30
0.0
 11
1410.086554917754
 21
19628.27548561685
 31
0.0
  0
LINE
  5
121E
102
{ACAD_REACTORS
330
1227
102
}
330
1F
100
AcDbEntity
  8
FUR
100
AcDbLine
 10
1351.753221590676
 20
20461.60881895574
 30
0.0
 11
1268.419888251199
 21
20461.60881895574
 31
0.0
  0
LINE
  5
121F
102
{ACAD_REACTORS
330
1227
102
}
330
1F
100
AcDbEntity
  8
FUR
100
AcDbLine
 10
1268.419888251199
 20
20544.94215228746
 30
0.0
 11
1268.419888251199
 21
20628.27548561917
 31
0.0
  0
LINE
  5
1220
102
{ACAD_REACTORS
330
1227
102
}
330
1F
100
AcDbEntity
  8
FUR
100
AcDbLine
 10
1435.086554911526
 20
20544.94215228746
 30
0.0
 11
1268.419888251199
 21
20544.94215228746
 31
0.0
  0
LINE
  5
1221
102
{ACAD_REACTORS
330
1227
102
}
330
1F
100
AcDbEntity
  8
FUR
100
AcDbLine
 10
1435.086554911526
 20
20628.27548561917
 30
0.0
 11
1435.086554911526
 21
20544.94215228746
 31
0.0
  0
LINE
  5
1222
102
{ACAD_REACTORS
330
1227
102
}
330
1F
100
AcDbEntity
  8
FUR
100
AcDbLine
 10
1435.086554911526
 20
20628.27548561917
 30
0.0
 11
1268.419888251199
 21
20628.27548561917
 31
0.0
  0
LINE
  5
1223
102
{ACAD_REACTORS
330
1227
102
}
330
1F
100
AcDbEntity
  8
FUR
100
AcDbLine
 10
1435.086554911526
 20
20544.94215228746
 30
0.0
 11
1268.419888251199
 21
20544.94215228746
 31
0.0
  0
LINE
  5
1224
102
{ACAD_REACTORS
330
1227
102
}
330
1F
100
AcDbEntity
  8
FUR
100
AcDbLine
 10
1435.086554911526
 20
20544.94215228746
 30
0.0
 11
1268.419888251199
 21
20544.94215228746
 31
0.0
  0
LINE
  5
1225
102
{ACAD_REACTORS
330
1227
102
}
330
1F
100
AcDbEntity
  8
FUR
100
AcDbLine
 10
1351.753221590676
 20
20461.60881895574
 30
0.0
 11
1351.753221584469
 21
20544.94215228746
 31
0.0
  0
LINE
  5
1226
102
{ACAD_REACTORS
330
1227
102
}
330
1F
100
AcDbEntity
  8
FUR
100
AcDbLine
 10
1351.753221590676
 20
19711.60881894856
 30
0.0
 11
1351.753221590676
 21
20461.60881895574
 31
0.0
  0
LINE
  5
1229
102
{ACAD_REACTORS
330
1246
102
}
330
1F
100
AcDbEntity
  8
FUR
100
AcDbLine
 10
13926.75322158138
 20
29240.77548561681
 30
0.0
 11
13114.25322158434
 21
29240.77548561681
 31
0.0
  0
LINE
  5
122A
102
{ACAD_REACTORS
330
1246
102
}
330
1F
100
AcDbEntity
  8
FUR
100
AcDbLine
 10
13176.75322157847
 20
29240.77548561681
 30
0.0
 11
12426.75322158138
 21
29240.77548561681
 31
0.0
  0
LINE
  5
122B
102
{ACAD_REACTORS
330
1246
102
}
330
1F
100
AcDbEntity
  8
FUR
100
AcDbLine
 10
13864.2532215826
 20
29178.27548562617
 30
0.0
 11
13114.25322158434
 21
29178.27548562617
 31
0.0
  0
LINE
  5
122C
102
{ACAD_REACTORS
330
1246
102
}
330
1F
100
AcDbEntity
  8
FUR
100
AcDbLine
 10
13176.75322157847
 20
29115.77548562156
 30
0.0
 11
12489.25322158017
 21
29115.77548562156
 31
0.0
  0
LINE
  5
122D
102
{ACAD_REACTORS
330
1246
102
}
330
1F
100
AcDbEntity
  8
FUR
100
AcDbLine
 10
12551.75322157896
 20
29159.52548562618
 30
0.0
 11
13114.25322158434
 21
29159.52548562618
 31
0.0
  0
LINE
  5
122E
102
{ACAD_REACTORS
330
1246
102
}
330
1F
100
AcDbEntity
  8
FUR
100
AcDbLine
 10
12551.75322157896
 20
29134.52548562154
 30
0.0
 11
13114.25322158434
 21
29134.52548562154
 31
0.0
  0
LINE
  5
122F
102
{ACAD_REACTORS
330
1246
102
}
330
1F
100
AcDbEntity
  8
FUR
100
AcDbLine
 10
12551.75322157896
 20
29147.02548562153
 30
0.0
 11
13114.25322158434
 21
29147.02548562153
 31
0.0
  0
LINE
  5
1230
102
{ACAD_REACTORS
330
1246
102
}
330
1F
100
AcDbEntity
  8
FUR
100
AcDbLine
 10
12426.75322158138
 20
29115.77548562156
 30
0.0
 11
12551.75322157896
 21
29115.77548562156
 31
0.0
  0
LINE
  5
1231
102
{ACAD_REACTORS
330
1246
102
}
330
1F
100
AcDbEntity
  8
FUR
100
AcDbLine
 10
13176.75322157847
 20
29115.77548562156
 30
0.0
 11
13926.75322158138
 21
29115.77548562156
 31
0.0
  0
LINE
  5
1232
102
{ACAD_REACTORS
330
1246
102
}
330
1F
100
AcDbEntity
  8
FUR
100
AcDbLine
 10
13801.75322158265
 20
29240.77548561681
 30
0.0
 11
13801.75322158265
 21
29178.27548562617
 31
0.0
  0
LINE
  5
1233
102
{ACAD_REACTORS
330
1246
102
}
330
1F
100
AcDbEntity
  8
FUR
100
AcDbLine
 10
13176.75322158313
 20
29178.27548562617
 30
0.0
 11
13176.75322158313
 21
29240.77548561681
 31
0.0
  0
LINE
  5
1234
102
{ACAD_REACTORS
330
1246
102
}
330
1F
100
AcDbEntity
  8
FUR
100
AcDbLine
 10
13176.75322157847
 20
29115.77548562156
 30
0.0
 11
13176.75322157847
 21
29178.27548562617
 31
0.0
  0
LINE
  5
1235
102
{ACAD_REACTORS
330
1246
102
}
330
1F
100
AcDbEntity
  8
FUR
100
AcDbLine
 10
13114.25322158434
 20
29115.77548562156
 30
0.0
 11
13114.25322158434
 21
29240.77548561681
 31
0.0
  0
LINE
  5
1236
102
{ACAD_REACTORS
330
1246
102
}
330
1F
100
AcDbEntity
  8
FUR
100
AcDbLine
 10
13864.2532215826
 20
29115.77548562156
 30
0.0
 11
13926.75322158138
 21
29115.77548562156
 31
0.0
  0
LINE
  5
1237
102
{ACAD_REACTORS
330
1246
102
}
330
1F
100
AcDbEntity
  8
FUR
100
AcDbLine
 10
13864.2532215826
 20
29240.77548561681
 30
0.0
 11
13864.2532215826
 21
29115.77548562156
 31
0.0
  0
LINE
  5
1238
102
{ACAD_REACTORS
330
1246
102
}
330
1F
100
AcDbEntity
  8
FUR
100
AcDbLine
 10
13926.75322158138
 20
29115.77548562156
 30
0.0
 11
13926.75322158138
 21
29240.77548561681
 31
0.0
  0
LINE
  5
1239
102
{ACAD_REACTORS
330
1246
102
}
330
1F
100
AcDbEntity
  8
FUR
100
AcDbLine
 10
13864.2532215826
 20
29240.77548561681
 30
0.0
 11
13864.2532215826
 21
29115.77548562156
 31
0.0
  0
LINE
  5
123A
102
{ACAD_REACTORS
330
1246
102
}
330
1F
100
AcDbEntity
  8
FUR
100
AcDbLine
 10
13801.75322158265
 20
29209.52548562149
 30
0.0
 11
13176.75322158313
 21
29209.52548562149
 31
0.0
  0
LINE
  5
123B
102
{ACAD_REACTORS
330
1246
102
}
330
1F
100
AcDbEntity
  8
FUR
100
AcDbLine
 10
13801.75322158265
 20
29197.0254856215
 30
0.0
 11
13176.75322158313
 21
29197.0254856215
 31
0.0
  0
LINE
  5
123C
102
{ACAD_REACTORS
330
1246
102
}
330
1F
100
AcDbEntity
  8
FUR
100
AcDbLine
 10
13801.75322158265
 20
29222.02548562148
 30
0.0
 11
13176.75322158313
 21
29222.02548562148
 31
0.0
  0
LINE
  5
123D
102
{ACAD_REACTORS
330
1246
102
}
330
1F
100
AcDbEntity
  8
FUR
100
AcDbLine
 10
12551.75322157896
 20
29178.27548562617
 30
0.0
 11
12551.75322157896
 21
29115.77548562156
 31
0.0
  0
LINE
  5
123E
102
{ACAD_REACTORS
330
1246
102
}
330
1F
100
AcDbEntity
  8
FUR
100
AcDbLine
 10
12489.25322158017
 20
29115.77548562156
 30
0.0
 11
12426.75322158138
 21
29115.77548562156
 31
0.0
  0
LINE
  5
123F
102
{ACAD_REACTORS
330
1246
102
}
330
1F
100
AcDbEntity
  8
FUR
100
AcDbLine
 10
12489.25322158017
 20
29240.77548561681
 30
0.0
 11
12489.25322158017
 21
29115.77548562156
 31
0.0
  0
LINE
  5
1240
102
{ACAD_REACTORS
330
1246
102
}
330
1F
100
AcDbEntity
  8
FUR
100
AcDbLine
 10
12426.75322158138
 20
29240.77548561681
 30
0.0
 11
12489.25322158017
 21
29240.77548561681
 31
0.0
  0
LINE
  5
1241
102
{ACAD_REACTORS
330
1246
102
}
330
1F
100
AcDbEntity
  8
FUR
100
AcDbLine
 10
12426.75322158138
 20
29240.77548561681
 30
0.0
 11
12426.75322158138
 21
29115.77548562156
 31
0.0
  0
LINE
  5
1242
102
{ACAD_REACTORS
330
1246
102
}
330
1F
100
AcDbEntity
  8
FUR
100
AcDbLine
 10
12489.25322158017
 20
29240.77548561681
 30
0.0
 11
12489.25322158017
 21
29115.77548562156
 31
0.0
  0
LINE
  5
1243
102
{ACAD_REACTORS
330
1246
102
}
330
1F
100
AcDbEntity
  8
FUR
100
AcDbLine
 10
12489.25322158017
 20
29240.77548561681
 30
0.0
 11
12489.25322158017
 21
29115.77548562156
 31
0.0
  0
LINE
  5
1244
102
{ACAD_REACTORS
330
1246
102
}
330
1F
100
AcDbEntity
  8
FUR
100
AcDbLine
 10
12551.75322157896
 20
29178.27548562617
 30
0.0
 11
12489.25322158017
 21
29178.27548562151
 31
0.0
  0
LINE
  5
1245
102
{ACAD_REACTORS
330
1246
102
}
330
1F
100
AcDbEntity
  8
FUR
100
AcDbLine
 10
13114.25322158434
 20
29178.27548562617
 30
0.0
 11
12551.75322157896
 21
29178.27548562617
 31
0.0
  0
LINE
  5
1248
102
{ACAD_REACTORS
330
1265
102
}
330
1F
100
AcDbEntity
  8
FUR
100
AcDbLine
 10
184.2532215789779
 20
26313.27548561917
 30
0.0
 11
184.2532215789779
 21
27125.77548561621
 31
0.0
  0
LINE
  5
1249
102
{ACAD_REACTORS
330
1265
102
}
330
1F
100
AcDbEntity
  8
FUR
100
AcDbLine
 10
184.2532215789779
 20
27063.27548562208
 30
0.0
 11
184.2532215789779
 21
27813.27548561917
 31
0.0
  0
LINE
  5
124A
102
{ACAD_REACTORS
330
1265
102
}
330
1F
100
AcDbEntity
  8
FUR
100
AcDbLine
 10
121.7532215883402
 20
26375.77548561795
 30
0.0
 11
121.7532215883402
 21
27125.77548561621
 31
0.0
  0
LINE
  5
124B
102
{ACAD_REACTORS
330
1265
102
}
330
1F
100
AcDbEntity
  8
FUR
100
AcDbLine
 10
59.25322158373456
 20
27063.27548562208
 30
0.0
 11
59.25322158373456
 21
27750.77548562038
 31
0.0
  0
LINE
  5
124C
102
{ACAD_REACTORS
330
1265
102
}
330
1F
100
AcDbEntity
  8
FUR
100
AcDbLine
 10
103.0032215883566
 20
27688.2754856216
 30
0.0
 11
103.0032215883566
 21
27125.77548561621
 31
0.0
  0
LINE
  5
124D
102
{ACAD_REACTORS
330
1265
102
}
330
1F
100
AcDbEntity
  8
FUR
100
AcDbLine
 10
78.00322158371637
 20
27688.2754856216
 30
0.0
 11
78.00322158371637
 21
27125.77548561621
 31
0.0
  0
LINE
  5
124E
102
{ACAD_REACTORS
330
1265
102
}
330
1F
100
AcDbEntity
  8
FUR
100
AcDbLine
 10
90.50322158370908
 20
27688.2754856216
 30
0.0
 11
90.50322158370908
 21
27125.77548561621
 31
0.0
  0
LINE
  5
124F
102
{ACAD_REACTORS
330
1265
102
}
330
1F
100
AcDbEntity
  8
FUR
100
AcDbLine
 10
59.25322158373456
 20
27813.27548561917
 30
0.0
 11
59.25322158373456
 21
27688.2754856216
 31
0.0
  0
LINE
  5
1250
102
{ACAD_REACTORS
330
1265
102
}
330
1F
100
AcDbEntity
  8
FUR
100
AcDbLine
 10
59.25322158373456
 20
27063.27548562208
 30
0.0
 11
59.25322158373456
 21
26313.27548561917
 31
0.0
  0
LINE
  5
1251
102
{ACAD_REACTORS
330
1265
102
}
330
1F
100
AcDbEntity
  8
FUR
100
AcDbLine
 10
184.2532215789779
 20
26438.27548561791
 30
0.0
 11
121.7532215883402
 21
26438.27548561791
 31
0.0
  0
LINE
  5
1252
102
{ACAD_REACTORS
330
1265
102
}
330
1F
100
AcDbEntity
  8
FUR
100
AcDbLine
 10
121.7532215883402
 20
27063.27548561743
 30
0.0
 11
184.2532215789779
 21
27063.27548561743
 31
0.0
  0
LINE
  5
1253
102
{ACAD_REACTORS
330
1265
102
}
330
1F
100
AcDbEntity
  8
FUR
100
AcDbLine
 10
59.25322158373456
 20
27063.27548562208
 30
0.0
 11
121.7532215883402
 21
27063.27548562208
 31
0.0
  0
LINE
  5
1254
102
{ACAD_REACTORS
330
1265
102
}
330
1F
100
AcDbEntity
  8
FUR
100
AcDbLine
 10
59.25322158373456
 20
27125.77548561621
 30
0.0
 11
184.2532215789779
 21
27125.77548561621
 31
0.0
  0
LINE
  5
1255
102
{ACAD_REACTORS
330
1265
102
}
330
1F
100
AcDbEntity
  8
FUR
100
AcDbLine
 10
59.25322158373456
 20
26375.77548561795
 30
0.0
 11
59.25322158373456
 21
26313.27548561917
 31
0.0
  0
LINE
  5
1256
102
{ACAD_REACTORS
330
1265
102
}
330
1F
100
AcDbEntity
  8
FUR
100
AcDbLine
 10
184.2532215789779
 20
26375.77548561795
 30
0.0
 11
59.25322158373456
 21
26375.77548561795
 31
0.0
  0
LINE
  5
1257
102
{ACAD_REACTORS
330
1265
102
}
330
1F
100
AcDbEntity
  8
FUR
100
AcDbLine
 10
59.25322158373456
 20
26313.27548561917
 30
0.0
 11
184.2532215789779
 21
26313.27548561917
 31
0.0
  0
LINE
  5
1258
102
{ACAD_REACTORS
330
1265
102
}
330
1F
100
AcDbEntity
  8
FUR
100
AcDbLine
 10
184.2532215789779
 20
26375.77548561795
 30
0.0
 11
59.25322158373456
 21
26375.77548561795
 31
0.0
  0
LINE
  5
1259
102
{ACAD_REACTORS
330
1265
102
}
330
1F
100
AcDbEntity
  8
FUR
100
AcDbLine
 10
153.0032215836618
 20
26438.27548561791
 30
0.0
 11
153.0032215836618
 21
27063.27548561743
 31
0.0
  0
LINE
  5
125A
102
{ACAD_REACTORS
330
1265
102
}
330
1F
100
AcDbEntity
  8
FUR
100
AcDbLine
 10
140.5032215836691
 20
26438.27548561791
 30
0.0
 11
140.5032215836691
 21
27063.27548561743
 31
0.0
  0
LINE
  5
125B
102
{ACAD_REACTORS
330
1265
102
}
330
1F
100
AcDbEntity
  8
FUR
100
AcDbLine
 10
165.5032215836491
 20
26438.27548561791
 30
0.0
 11
165.5032215836491
 21
27063.27548561743
 31
0.0
  0
LINE
  5
125C
102
{ACAD_REACTORS
330
1265
102
}
330
1F
100
AcDbEntity
  8
FUR
100
AcDbLine
 10
121.7532215883402
 20
27688.2754856216
 30
0.0
 11
59.25322158373456
 21
27688.2754856216
 31
0.0
  0
LINE
  5
125D
102
{ACAD_REACTORS
330
1265
102
}
330
1F
100
AcDbEntity
  8
FUR
100
AcDbLine
 10
59.25322158373456
 20
27750.77548562038
 30
0.0
 11
59.25322158373456
 21
27813.27548561917
 31
0.0
  0
LINE
  5
125E
102
{ACAD_REACTORS
330
1265
102
}
330
1F
100
AcDbEntity
  8
FUR
100
AcDbLine
 10
184.2532215789779
 20
27750.77548562038
 30
0.0
 11
59.25322158373456
 21
27750.77548562038
 31
0.0
  0
LINE
  5
125F
102
{ACAD_REACTORS
330
1265
102
}
330
1F
100
AcDbEntity
  8
FUR
100
AcDbLine
 10
184.2532215789779
 20
27813.27548561917
 30
0.0
 11
184.2532215789779
 21
27750.77548562038
 31
0.0
  0
LINE
  5
1260
102
{ACAD_REACTORS
330
1265
102
}
330
1F
100
AcDbEntity
  8
FUR
100
AcDbLine
 10
184.2532215789779
 20
27813.27548561917
 30
0.0
 11
59.25322158373456
 21
27813.27548561917
 31
0.0
  0
LINE
  5
1261
102
{ACAD_REACTORS
330
1265
102
}
330
1F
100
AcDbEntity
  8
FUR
100
AcDbLine
 10
184.2532215789779
 20
27750.77548562038
 30
0.0
 11
59.25322158373456
 21
27750.77548562038
 31
0.0
  0
LINE
  5
1262
102
{ACAD_REACTORS
330
1265
102
}
330
1F
100
AcDbEntity
  8
FUR
100
AcDbLine
 10
184.2532215789779
 20
27750.77548562038
 30
0.0
 11
59.25322158373456
 21
27750.77548562038
 31
0.0
  0
LINE
  5
1263
102
{ACAD_REACTORS
330
1265
102
}
330
1F
100
AcDbEntity
  8
FUR
100
AcDbLine
 10
121.7532215883402
 20
27688.2754856216
 30
0.0
 11
121.7532215836854
 21
27750.77548562038
 31
0.0
  0
LINE
  5
1264
102
{ACAD_REACTORS
330
1265
102
}
330
1F
100
AcDbEntity
  8
FUR
100
AcDbLine
 10
121.7532215883402
 20
27125.77548561621
 30
0.0
 11
121.7532215883402
 21
27688.2754856216
 31
0.0
  0
LINE
  5
1268
330
1F
100
AcDbEntity
  8
0
100
AcDbLine
 10
13341.75322158134
 20
43504.50440440446
 30
0.0
 11
13341.75322158134
 21
43054.50440440446
 31
0.0
  0
LINE
  5
126A
330
1F
100
AcDbEntity
  8
0
100
AcDbLine
 10
14571.75322158135
 20
24633.27548561918
 30
0.0
 11
14571.75322158136
 21
24033.27548561918
 31
0.0
  0
LINE
  5
126B
330
1F
100
AcDbEntity
  8
wall
100
AcDbLine
 10
10946.75322158136
 20
25063.27548561918
 30
0.0
 11
10946.75322158136
 21
24833.2754856192
 31
0.0
  0
LWPOLYLINE
  5
127B
102
{ACAD_REACTORS
330
1281
102
}
330
1F
100
AcDbEntity
  8
ELE 1
100
AcDbPolyline
 90
        4
 70
     1
 43
0.0
 10
7987.87213736953
 20
20038.27548561918
 10
8017.942824170404
 20
20029.79832904103
 10
8238.344637483621
 20
20510.9293180028
 10
8208.27395066456
 20
20519.40647458322
  0
LWPOLYLINE
  5
127C
102
{ACAD_REACTORS
330
1281
102
}
330
1F
100
AcDbEntity
  8
ELE 1
100
AcDbPolyline
 90
        4
 70
     1
 43
0.0
 10
8481.753221581374
 20
20038.27548561918
 10
8451.682534762312
 20
20029.79832904103
 10
8238.344637483621
 20
20510.9293180028
 10
8268.415324284495
 20
20519.40647458322
  0
LWPOLYLINE
  5
127D
102
{ACAD_REACTORS
330
1281
102
}
330
1F
100
AcDbEntity
  8
ELE 1
100
AcDbPolyline
 90
        4
 70
     1
 43
0.0
 10
6481.753221581371
 20
20038.27548561918
 10
6511.823908400433
 20
20029.79832904103
 10
6725.161805697311
 20
20510.9293180028
 10
6695.09111887825
 20
20519.40647458322
  0
LWPOLYLINE
  5
127E
102
{ACAD_REACTORS
330
1281
102
}
330
1F
100
AcDbEntity
  8
ELE 1
100
AcDbPolyline
 90
        4
 70
     1
 43
0.0
 10
6975.634305793215
 20
20038.27548561918
 10
6945.563618992339
 20
20029.79832904103
 10
6725.161805697311
 20
20510.9293180028
 10
6755.232492498187
 20
20519.40647458322
  0
ARC
  5
127F
102
{ACAD_REACTORS
330
1281
102
}
330
1F
100
AcDbEntity
  8
ABOVE-DOTTED
100
AcDbCircle
 10
7228.611820316015
 20
20020.16946179892
 30
0.0
 40
253.6246260603459
100
AcDbArc
 50
3.537410832840965
 51
175.9062257380796
  0
ARC
  5
1280
102
{ACAD_REACTORS
330
1281
102
}
330
1F
100
AcDbEntity
  8
ABOVE-DOTTED
100
AcDbCircle
 10
7734.894622864915
 20
20020.16946179892
 30
0.0
 40
253.6246260603459
100
AcDbArc
 50
4.093774261920363
 51
176.462589167159
  0
LWPOLYLINE
  5
1282
102
{ACAD_REACTORS
330
1288
102
}
330
1F
100
AcDbEntity
  8
ELE 1
100
AcDbPolyline
 90
        4
 70
     1
 43
0.0
 10
10563.99538131718
 20
25063.27548660451
 10
10587.30016358231
 20
25069.84528297225
 10
10758.11156921481
 20
24696.96876667107
 10
10734.80678693559
 20
24690.39897030157
  0
LWPOLYLINE
  5
1283
102
{ACAD_REACTORS
330
1288
102
}
330
1F
100
AcDbEntity
  8
ELE 1
100
AcDbPolyline
 90
        4
 70
     1
 43
0.0
 10
10946.75322158135
 20
25063.27548692762
 10
10923.44843929104
 20
25069.84528325601
 10
10758.11156921481
 20
24696.96876667107
 10
10781.41635149104
 20
24690.39897034091
  0
LWPOLYLINE
  5
1284
102
{ACAD_REACTORS
330
1288
102
}
330
1F
100
AcDbEntity
  8
ELE 1
100
AcDbPolyline
 90
        4
 70
     1
 43
0.0
 10
9396.753221581358
 20
25063.27548561918
 10
9420.058003860583
 20
25069.84528198692
 10
9585.394874580428
 20
24696.96876568112
 10
9562.090092301202
 20
24690.39896931162
  0
LWPOLYLINE
  5
1285
102
{ACAD_REACTORS
330
1288
102
}
330
1F
100
AcDbEntity
  8
ELE 1
100
AcDbPolyline
 90
        4
 70
     1
 43
0.0
 10
9779.511061845536
 20
25063.27548594229
 10
9756.206279569312
 20
25069.84528227068
 10
9585.394874580428
 20
24696.96876568112
 10
9608.699656856654
 20
24690.39896935096
  0
ARC
  5
1286
102
{ACAD_REACTORS
330
1288
102
}
330
1F
100
AcDbEntity
  8
ABOVE-DOTTED
100
AcDbCircle
 10
9975.568635588862
 20
25077.30765456849
 30
0.0
 40
196.5590851967678
100
AcDbArc
 50
184.093774310375
 51
356.4625892156084
  0
ARC
  5
1287
102
{ACAD_REACTORS
330
1288
102
}
330
1F
100
AcDbEntity
  8
ABOVE-DOTTED
100
AcDbCircle
 10
10367.93780756425
 20
25077.30765489971
 30
0.0
 40
196.5590851967678
100
AcDbArc
 50
183.5374108812662
 51
355.9062257865623
  0
LINE
  5
128B
330
1F
100
AcDbEntity
  8
ELE 2
100
AcDbLine
 10
121.7532215813717
 20
21553.27548561917
 30
0.0
 11
121.7532215813716
 21
17588.27548561918
 31
0.0
  0
LINE
  5
128D
330
1F
100
AcDbEntity
  8
ELE 2
100
AcDbLine
 10
121.7532215813717
 20
17588.27548561918
 30
0.0
 11
1236.753221581355
 21
17588.27548561918
 31
0.0
  0
LINE
  5
128F
330
1F
100
AcDbEntity
  8
ELE 2
100
AcDbLine
 10
111.7532215813717
 20
17578.27548561918
 30
0.0
 11
1236.753221581355
 21
17578.27548561918
 31
0.0
  0
LINE
  5
1290
330
1F
100
AcDbEntity
  8
ELE 2
100
AcDbLine
 10
111.7532215813717
 20
21553.27548561917
 30
0.0
 11
111.7532215813717
 21
17578.27548561918
 31
0.0
  0
LINE
  5
1292
330
1F
100
AcDbEntity
  8
ELE 2
100
AcDbLine
 10
12301.75322158134
 20
16588.27548561919
 30
0.0
 11
14876.75322158134
 21
16588.27548561918
 31
0.0
  0
LINE
  5
1293
330
1F
100
AcDbEntity
  8
ELE 2
100
AcDbLine
 10
12071.75322158134
 20
16588.27548561919
 30
0.0
 11
9496.753221581334
 21
16588.27548561903
 31
0.0
  0
LINE
  5
1294
330
1F
100
AcDbEntity
  8
ELE 2
100
AcDbLine
 10
12071.75322158134
 20
16578.27548561919
 30
0.0
 11
9496.753221581334
 21
16578.27548561903
 31
0.0
  0
LINE
  5
1295
330
1F
100
AcDbEntity
  8
ELE 2
100
AcDbLine
 10
12301.75322158134
 20
16578.27548561919
 30
0.0
 11
14876.75322158134
 21
16578.27548561918
 31
0.0
  0
LWPOLYLINE
  5
12AE
102
{ACAD_REACTORS
330
12B4
102
}
330
1F
100
AcDbEntity
  8
ELE 1
100
AcDbPolyline
 90
        4
 70
     1
 43
0.0
 10
13341.75322158136
 20
22352.46947993217
 10
13333.69980329411
 20
22323.90190343883
 10
13790.78102732798
 20
22114.51707286311
 10
13798.83444561739
 20
22143.08464937373
  0
LWPOLYLINE
  5
12AF
102
{ACAD_REACTORS
330
12B4
102
}
330
1F
100
AcDbEntity
  8
ELE 1
100
AcDbPolyline
 90
        4
 70
     1
 43
0.0
 10
13341.75322158136
 20
21883.2754856192
 10
13333.69980329411
 20
21911.84306212982
 10
13790.78102732798
 20
22114.51707286311
 10
13798.83444561739
 20
22085.94949636977
  0
LINE
  5
12C0
330
1F
100
AcDbEntity
  8
wall
100
AcDbLine
 10
15306.75322158136
 20
50149.97450165518
 30
0.0
 11
13926.75322158138
 21
50149.97450165518
 31
0.0
  0
LINE
  5
12C1
330
1F
100
AcDbEntity
  8
wall
100
AcDbLine
 10
12426.75322158139
 20
50149.97450165518
 30
0.0
 11
8064.164784178394
 21
50149.97450165518
 31
0.0
  0
LINE
  5
12C2
330
1F
100
AcDbEntity
  8
wall
100
AcDbLine
 10
6064.164784178394
 20
50149.97450165518
 30
0.0
 11
5466.753221581335
 21
50149.97450165518
 31
0.0
  0
LINE
  5
12C3
330
1F
100
AcDbEntity
  8
wall
100
AcDbLine
 10
4566.753221581335
 20
50149.97450165518
 30
0.0
 11
4236.753221581349
 21
50149.97450165518
 31
0.0
  0
LINE
  5
12C4
330
1F
100
AcDbEntity
  8
ELE 2
100
AcDbLine
 10
6064.164784178394
 20
51349.97450165518
 30
0.0
 11
2296.721731597756
 21
51349.97450165518
 31
0.0
  0
LINE
  5
12C6
330
1F
100
AcDbEntity
  8
wall
100
AcDbLine
 10
4236.753221581351
 20
50149.97450165518
 30
0.0
 11
6.753221581364414
 21
50149.97450165518
 31
0.0
  0
LINE
  5
12C7
330
1F
100
AcDbEntity
  8
wall
100
AcDbLine
 10
15076.75322158136
 20
49919.97450165518
 30
0.0
 11
13926.75322158138
 21
49919.97450165518
 31
0.0
  0
LINE
  5
12C8
330
1F
100
AcDbEntity
  8
wall
100
AcDbLine
 10
12426.75322158138
 20
49919.97450165518
 30
0.0
 11
11276.75322158138
 21
49919.97450165518
 31
0.0
  0
LINE
  5
12CA
330
1F
100
AcDbEntity
  8
wall
100
AcDbLine
 10
11276.75322158139
 20
49819.97450165518
 30
0.0
 11
11046.75322158139
 21
49819.97450165519
 31
0.0
  0
LINE
  5
12CB
330
1F
100
AcDbEntity
  8
wall
100
AcDbLine
 10
11276.75322158139
 20
48819.9745016552
 30
0.0
 11
11046.75322158138
 21
48819.9745016552
 31
0.0
  0
LINE
  5
12CC
330
1F
100
AcDbEntity
  8
wall
100
AcDbLine
 10
11046.75322158139
 20
49919.97450165519
 30
0.0
 11
8064.164784178394
 21
49919.97450165517
 31
0.0
  0
LINE
  5
12CE
330
1F
100
AcDbEntity
  8
wall
100
AcDbLine
 10
6064.164784178394
 20
49919.97450165516
 30
0.0
 11
5466.75322158135
 21
49919.97450165516
 31
0.0
  0
LINE
  5
12CF
330
1F
100
AcDbEntity
  8
wall
100
AcDbLine
 10
4566.753221581349
 20
49919.97450165516
 30
0.0
 11
4466.75322158135
 21
49919.97450165518
 31
0.0
  0
LINE
  5
12D0
330
1F
100
AcDbEntity
  8
ELE 2
100
AcDbLine
 10
5666.75322158135
 20
48719.97450165518
 30
0.0
 11
5646.75322158135
 21
48719.97450165518
 31
0.0
  0
LINE
  5
12D1
330
1F
100
AcDbEntity
  8
ELE 2
100
AcDbLine
 10
5626.75322158135
 20
48719.97450165518
 30
0.0
 11
4466.75322158135
 21
48719.97450165518
 31
0.0
  0
LINE
  5
12D3
330
1F
100
AcDbEntity
  8
wall
100
AcDbLine
 10
11046.75322158135
 20
47469.9745016552
 30
0.0
 11
9296.753221581379
 21
47469.97450165516
 31
0.0
  0
LINE
  5
12D5
330
1F
100
AcDbEntity
  8
wall
100
AcDbLine
 10
11276.75322158135
 20
47239.97450165518
 30
0.0
 11
9296.753221581365
 21
47239.97450165517
 31
0.0
  0
LINE
  5
12D6
330
1F
100
AcDbEntity
  8
wall
100
AcDbLine
 10
15076.75322158135
 20
45919.97450165518
 30
0.0
 11
10394.91750123906
 21
45919.97450165518
 31
0.0
  0
LINE
  5
12D8
330
1F
100
AcDbEntity
  8
wall
100
AcDbLine
 10
9396.75322158135
 20
45919.97450165518
 30
0.0
 11
9296.753221581365
 21
45919.97450165518
 31
0.0
  0
LINE
  5
12D9
330
1F
100
AcDbEntity
  8
ELE 1
100
AcDbLine
 10
9066.753221581334
 20
45619.97450165518
 30
0.0
 11
5966.753221581337
 21
45619.97450165518
 31
0.0
  0
LINE
  5
12DA
330
1F
100
AcDbEntity
  8
ELE 1
100
AcDbLine
 10
9066.753221581334
 20
45319.97450165518
 30
0.0
 11
6266.753221581338
 21
45319.97450165518
 31
0.0
  0
LINE
  5
12DB
330
1F
100
AcDbEntity
  8
wall
100
AcDbLine
 10
9396.753221581365
 20
45689.97450165518
 30
0.0
 11
9296.753221581351
 21
45689.97450165518
 31
0.0
  0
LINE
  5
12DF
330
1F
100
AcDbEntity
  8
wall
100
AcDbLine
 10
15306.75322158136
 20
45689.97450165518
 30
0.0
 11
14686.75322158133
 21
45689.97450165518
 31
0.0
  0
LINE
  5
12E0
330
1F
100
AcDbEntity
  8
wall
100
AcDbLine
 10
14456.75322158136
 20
45689.97450165518
 30
0.0
 11
13456.75322158133
 21
45689.97450165518
 31
0.0
  0
LINE
  5
12E1
330
1F
100
AcDbEntity
  8
wall
100
AcDbLine
 10
13226.75322158135
 20
45689.97450165518
 30
0.0
 11
11276.75322158135
 21
45689.97450165518
 31
0.0
  0
LINE
  5
12E3
330
1F
100
AcDbEntity
  8
wall
100
AcDbLine
 10
11046.75322158135
 20
45689.97450165519
 30
0.0
 11
10394.91750123906
 21
45689.97450165522
 31
0.0
  0
LINE
  5
12E4
330
1F
100
AcDbEntity
  8
wall
100
AcDbLine
 10
9396.75322158135
 20
45689.97450165519
 30
0.0
 11
9296.753221581351
 21
45689.97450165519
 31
0.0
  0
LINE
  5
12EB
330
1F
100
AcDbEntity
  8
wall
100
AcDbLine
 10
14456.75322158136
 20
44689.97450165518
 30
0.0
 11
13456.75322158135
 21
44689.97450165518
 31
0.0
  0
LINE
  5
12EC
330
1F
100
AcDbEntity
  8
wall
100
AcDbLine
 10
14686.75322158133
 20
44459.97450165518
 30
0.0
 11
13456.75322158135
 21
44459.97450165518
 31
0.0
  0
LINE
  5
12ED
330
1F
100
AcDbEntity
  8
wall
100
AcDbLine
 10
15306.75322158133
 20
42639.97450165518
 30
0.0
 11
13456.75322158135
 21
42639.97450165518
 31
0.0
  0
LINE
  5
12EE
330
1F
100
AcDbEntity
  8
wall
100
AcDbLine
 10
13226.75322158135
 20
42639.97450165519
 30
0.0
 11
11276.75322158133
 21
42639.97450165518
 31
0.0
  0
LINE
  5
12F1
330
1F
100
AcDbEntity
  8
wall
100
AcDbLine
 10
11046.75322158133
 20
42639.97450165518
 30
0.0
 11
9296.753221581351
 21
42639.97450165518
 31
0.0
  0
LINE
  5
12FA
330
1F
100
AcDbEntity
  8
ELE 2
100
AcDbLine
 10
9066.753221581365
 20
42409.97450165518
 30
0.0
 11
5666.753221581364
 21
42409.97450165518
 31
0.0
  0
LINE
  5
12FB
330
1F
100
AcDbEntity
  8
ELE 1
100
AcDbLine
 10
9066.753221581365
 20
42709.97450165518
 30
0.0
 11
5966.753221581348
 21
42709.97450165518
 31
0.0
  0
LINE
  5
12FC
330
1F
100
AcDbEntity
  8
ELE 1
100
AcDbLine
 10
9066.753221581365
 20
43009.97450165518
 30
0.0
 11
6266.753221581348
 21
43009.97450165518
 31
0.0
  0
LINE
  5
130A
330
1F
100
AcDbEntity
  8
ELE 2
100
AcDbLine
 10
5666.753221581364
 20
38329.97450165518
 30
0.0
 11
6.753221581364414
 21
38329.97450165518
 31
0.0
  0
LINE
  5
130F
330
1F
100
AcDbEntity
  8
wall
100
AcDbLine
 10
15306.75322158136
 20
50149.97450165518
 30
0.0
 11
15306.75322158136
 21
48669.97450165518
 31
0.0
  0
LINE
  5
1310
330
1F
100
AcDbEntity
  8
wall
100
AcDbLine
 10
15306.75322158136
 20
47169.97450165518
 30
0.0
 11
15306.75322158135
 21
45689.97450165518
 31
0.0
  0
LINE
  5
1311
330
1F
100
AcDbEntity
  8
wall
100
AcDbLine
 10
15076.75322158136
 20
49919.97450165518
 30
0.0
 11
15076.75322158136
 21
48669.97450165518
 31
0.0
  0
LINE
  5
1313
330
1F
100
AcDbEntity
  8
wall
100
AcDbLine
 10
15076.75322158136
 20
47169.97450165518
 30
0.0
 11
15076.75322158135
 21
45919.97450165518
 31
0.0
  0
LINE
  5
1315
330
1F
100
AcDbEntity
  8
ELE 2
100
AcDbLine
 10
15306.75322158133
 20
42639.97450165518
 30
0.0
 11
15306.75322158135
 21
37329.97450165519
 31
0.0
  0
LINE
  5
1317
330
1F
100
AcDbEntity
  8
wall
100
AcDbLine
 10
11276.75322158139
 20
49919.97450165519
 30
0.0
 11
11276.75322158141
 21
49819.97450165519
 31
0.0
  0
LINE
  5
1318
330
1F
100
AcDbEntity
  8
wall
100
AcDbLine
 10
11276.75322158136
 20
48819.9745016552
 30
0.0
 11
11276.75322158135
 21
47239.97450165517
 31
0.0
  0
LINE
  5
1319
330
1F
100
AcDbEntity
  8
wall
100
AcDbLine
 10
11276.75322158135
 20
45689.97450165518
 30
0.0
 11
11276.75322158135
 21
44875.48531104838
 31
0.0
  0
LINE
  5
131A
330
1F
100
AcDbEntity
  8
wall
100
AcDbLine
 10
13226.75322158135
 20
45689.97450165518
 30
0.0
 11
13226.75322158135
 21
43504.50440440446
 31
0.0
  0
LINE
  5
131D
330
1F
100
AcDbEntity
  8
wall
100
AcDbLine
 10
13456.75322158135
 20
45689.97450165519
 30
0.0
 11
13456.75322158133
 21
44689.97450165517
 31
0.0
  0
LINE
  5
131E
330
1F
100
AcDbEntity
  8
wall
100
AcDbLine
 10
13456.75322158133
 20
44459.97450165516
 30
0.0
 11
13456.75322158133
 21
43504.50440440446
 31
0.0
  0
LINE
  5
1320
330
1F
100
AcDbEntity
  8
wall
100
AcDbLine
 10
14456.75322158133
 20
45689.97450165518
 30
0.0
 11
14456.75322158134
 21
45489.97450165518
 31
0.0
  0
LINE
  5
1321
330
1F
100
AcDbEntity
  8
wall
100
AcDbLine
 10
14456.75322158136
 20
44889.97450165518
 30
0.0
 11
14456.75322158136
 21
44689.97450165518
 31
0.0
  0
LINE
  5
1322
330
1F
100
AcDbEntity
  8
wall
100
AcDbLine
 10
14686.75322158133
 20
45689.97450165518
 30
0.0
 11
14686.75322158134
 21
45489.97450165519
 31
0.0
  0
LINE
  5
1323
330
1F
100
AcDbEntity
  8
wall
100
AcDbLine
 10
14686.75322158135
 20
44889.97450165519
 30
0.0
 11
14686.75322158136
 21
44459.97450165518
 31
0.0
  0
LINE
  5
1324
330
1F
100
AcDbEntity
  8
wall
100
AcDbLine
 10
11046.75322158136
 20
49919.97450165518
 30
0.0
 11
11046.75322158136
 21
49819.97450165521
 31
0.0
  0
LINE
  5
1325
330
1F
100
AcDbEntity
  8
wall
100
AcDbLine
 10
11046.75322158135
 20
48819.9745016552
 30
0.0
 11
11046.75322158135
 21
47469.97450165518
 31
0.0
  0
LINE
  5
1326
330
1F
100
AcDbEntity
  8
wall
100
AcDbLine
 10
11046.75322158135
 20
45689.97450165518
 30
0.0
 11
11046.75322158135
 21
44875.48531104838
 31
0.0
  0
LINE
  5
1327
330
1F
100
AcDbEntity
  8
wall
100
AcDbLine
 10
10394.91750123906
 20
45689.97450165522
 30
0.0
 11
10394.91750123906
 21
45689.9745016552
 31
0.0
  0
LINE
  5
1328
330
1F
100
AcDbEntity
  8
wall
100
AcDbLine
 10
9296.753221581363
 20
48719.97450165518
 30
0.0
 11
9296.753221581365
 21
47469.97450165517
 31
0.0
  0
LINE
  5
1334
330
1F
100
AcDbEntity
  8
wall
100
AcDbLine
 10
4466.753221581351
 20
50149.97450165518
 30
0.0
 11
4466.753221581336
 21
45919.9745016552
 31
0.0
  0
LINE
  5
1336
330
1F
100
AcDbEntity
  8
ELE 2
100
AcDbLine
 10
5666.75322158135
 20
49919.97450165518
 30
0.0
 11
5666.753221581351
 21
48759.97450165518
 31
0.0
  0
LINE
  5
1337
330
1F
100
AcDbEntity
  8
ELE 2
100
AcDbLine
 10
5666.75322158135
 20
48739.97450165517
 30
0.0
 11
5666.75322158135
 21
46919.97450165518
 31
0.0
  0
LINE
  5
1338
330
1F
100
AcDbEntity
  8
ELE 2
100
AcDbLine
 10
5646.75322158135
 20
48739.97450165518
 30
0.0
 11
5646.75322158135
 21
46919.97450165518
 31
0.0
  0
LINE
  5
1339
330
1F
100
AcDbEntity
  8
ELE 2
100
AcDbLine
 10
5626.75322158135
 20
48759.97450165518
 30
0.0
 11
5626.75322158135
 21
46919.97450165518
 31
0.0
  0
LINE
  5
133A
330
1F
100
AcDbEntity
  8
ELE 2
100
AcDbLine
 10
5666.753221581337
 20
45689.97450165519
 30
0.0
 11
5666.75322158135
 21
42409.97450165518
 31
0.0
  0
LINE
  5
133B
330
1F
100
AcDbEntity
  8
ELE 1
100
AcDbLine
 10
5966.753221581337
 20
45619.97450165518
 30
0.0
 11
5966.753221581349
 21
42709.97450165518
 31
0.0
  0
LINE
  5
133C
330
1F
100
AcDbEntity
  8
ELE 1
100
AcDbLine
 10
6266.753221581338
 20
45319.97450165518
 30
0.0
 11
6266.753221581347
 21
43009.97450165518
 31
0.0
  0
LINE
  5
133E
330
1F
100
AcDbEntity
  8
ELE 2
100
AcDbLine
 10
5666.753221581379
 20
38329.97450165517
 30
0.0
 11
5666.753221581379
 21
37729.97450165518
 31
0.0
  0
LINE
  5
1359
330
1F
100
AcDbEntity
  8
ELE 2
100
AcDbLine
 10
6.753221581364414
 20
50149.97450165518
 30
0.0
 11
6.753221581364414
 21
43824.97450165519
 31
0.0
  0
LINE
  5
135A
330
1F
100
AcDbEntity
  8
ELE 2
100
AcDbLine
 10
6.753221581364414
 20
42824.9745016552
 30
0.0
 11
6.753221581364414
 21
38329.97450165518
 31
0.0
  0
LINE
  5
135B
330
1F
100
AcDbEntity
  8
ELE 2
100
AcDbLine
 10
5966.75322158135
 20
48719.97450165518
 30
0.0
 11
5966.753221581349
 21
48739.97450165518
 31
0.0
  0
LINE
  5
135C
330
1F
100
AcDbEntity
  8
ELE 2
100
AcDbLine
 10
5966.75322158135
 20
48759.97450165518
 30
0.0
 11
5966.75322158135
 21
49919.97450165518
 31
0.0
  0
LINE
  5
135D
330
1F
100
AcDbEntity
  8
ELE 2
100
AcDbLine
 10
6266.75322158135
 20
48719.97450165518
 30
0.0
 11
6266.75322158135
 21
48739.97450165517
 31
0.0
  0
LINE
  5
135E
330
1F
100
AcDbEntity
  8
ELE 2
100
AcDbLine
 10
6266.75322158135
 20
48759.97450165518
 30
0.0
 11
6266.75322158135
 21
49919.97450165518
 31
0.0
  0
LINE
  5
135F
330
1F
100
AcDbEntity
  8
ELE 2
100
AcDbLine
 10
6566.753221581349
 20
48719.97450165518
 30
0.0
 11
6566.753221581349
 21
48739.97450165517
 31
0.0
  0
LINE
  5
1360
330
1F
100
AcDbEntity
  8
ELE 2
100
AcDbLine
 10
6566.753221581349
 20
48759.97450165518
 30
0.0
 11
6566.753221581349
 21
49919.97450165518
 31
0.0
  0
LINE
  5
1361
330
1F
100
AcDbEntity
  8
ELE 2
100
AcDbLine
 10
6866.753221581349
 20
48719.97450165518
 30
0.0
 11
6866.753221581349
 21
48739.97450165517
 31
0.0
  0
LINE
  5
1362
330
1F
100
AcDbEntity
  8
ELE 2
100
AcDbLine
 10
6866.753221581349
 20
48759.97450165518
 30
0.0
 11
6866.753221581349
 21
49919.97450165518
 31
0.0
  0
LINE
  5
1363
330
1F
100
AcDbEntity
  8
ELE 2
100
AcDbLine
 10
7166.753221581349
 20
48719.97450165518
 30
0.0
 11
7166.753221581351
 21
48739.97450165517
 31
0.0
  0
LINE
  5
1364
330
1F
100
AcDbEntity
  8
ELE 2
100
AcDbLine
 10
7166.753221581351
 20
48759.97450165518
 30
0.0
 11
7166.753221581349
 21
49919.97450165518
 31
0.0
  0
LINE
  5
1365
330
1F
100
AcDbEntity
  8
ELE 2
100
AcDbLine
 10
7466.753221581349
 20
48719.97450165518
 30
0.0
 11
7466.753221581349
 21
48739.97450165517
 31
0.0
  0
LINE
  5
1366
330
1F
100
AcDbEntity
  8
ELE 2
100
AcDbLine
 10
7466.753221581349
 20
48759.97450165518
 30
0.0
 11
7466.753221581349
 21
49919.97450165518
 31
0.0
  0
LINE
  5
1367
330
1F
100
AcDbEntity
  8
ELE 2
100
AcDbLine
 10
7766.75322158135
 20
48719.97450165518
 30
0.0
 11
7766.75322158135
 21
48739.97450165517
 31
0.0
  0
LINE
  5
1368
330
1F
100
AcDbEntity
  8
ELE 2
100
AcDbLine
 10
7766.75322158135
 20
48759.97450165518
 30
0.0
 11
7766.75322158135
 21
49919.97450165518
 31
0.0
  0
LINE
  5
1369
330
1F
100
AcDbEntity
  8
ELE 2
100
AcDbLine
 10
8066.753221581349
 20
48719.97450165518
 30
0.0
 11
8066.753221581349
 21
48739.97450165517
 31
0.0
  0
LINE
  5
136A
330
1F
100
AcDbEntity
  8
ELE 2
100
AcDbLine
 10
8066.753221581349
 20
48759.97450165518
 30
0.0
 11
8066.753221581349
 21
49919.97450165518
 31
0.0
  0
LINE
  5
136B
330
1F
100
AcDbEntity
  8
ELE 2
100
AcDbLine
 10
8366.753221581349
 20
48719.97450165518
 30
0.0
 11
8366.753221581349
 21
48739.97450165517
 31
0.0
  0
LINE
  5
136C
330
1F
100
AcDbEntity
  8
ELE 2
100
AcDbLine
 10
8366.753221581349
 20
48759.97450165518
 30
0.0
 11
8366.753221581349
 21
49919.97450165518
 31
0.0
  0
LINE
  5
136D
330
1F
100
AcDbEntity
  8
ELE 2
100
AcDbLine
 10
8666.75322158135
 20
48719.97450165518
 30
0.0
 11
8666.75322158135
 21
48739.97450165517
 31
0.0
  0
LINE
  5
136E
330
1F
100
AcDbEntity
  8
ELE 2
100
AcDbLine
 10
8666.75322158135
 20
48759.97450165518
 30
0.0
 11
8666.75322158135
 21
49919.97450165518
 31
0.0
  0
LINE
  5
136F
330
1F
100
AcDbEntity
  8
ELE 2
100
AcDbLine
 10
8966.753221581349
 20
48719.97450165518
 30
0.0
 11
8966.753221581349
 21
48739.97450165517
 31
0.0
  0
LINE
  5
1370
330
1F
100
AcDbEntity
  8
ELE 2
100
AcDbLine
 10
8966.753221581349
 20
48759.97450165518
 30
0.0
 11
8966.753221581349
 21
49919.97450165518
 31
0.0
  0
LINE
  5
1371
330
1F
100
AcDbEntity
  8
ELE 2
100
AcDbLine
 10
4466.75322158135
 20
48419.97450165518
 30
0.0
 11
5626.75322158135
 21
48419.97450165518
 31
0.0
  0
LINE
  5
1372
330
1F
100
AcDbEntity
  8
ELE 2
100
AcDbLine
 10
5646.75322158135
 20
48419.97450165518
 30
0.0
 11
5666.75322158135
 21
48419.97450165518
 31
0.0
  0
LINE
  5
1373
330
1F
100
AcDbEntity
  8
ELE 2
100
AcDbLine
 10
4466.75322158135
 20
48119.97450165518
 30
0.0
 11
5626.75322158135
 21
48119.97450165518
 31
0.0
  0
LINE
  5
1374
330
1F
100
AcDbEntity
  8
ELE 2
100
AcDbLine
 10
5646.75322158135
 20
48119.97450165518
 30
0.0
 11
5666.75322158135
 21
48119.97450165518
 31
0.0
  0
LINE
  5
1375
330
1F
100
AcDbEntity
  8
ELE 2
100
AcDbLine
 10
4466.75322158135
 20
47819.97450165518
 30
0.0
 11
5626.75322158135
 21
47819.97450165518
 31
0.0
  0
LINE
  5
1376
330
1F
100
AcDbEntity
  8
ELE 2
100
AcDbLine
 10
5646.75322158135
 20
47819.97450165518
 30
0.0
 11
5666.75322158135
 21
47819.97450165518
 31
0.0
  0
LINE
  5
1377
330
1F
100
AcDbEntity
  8
ELE 2
100
AcDbLine
 10
4466.75322158135
 20
47519.97450165518
 30
0.0
 11
5626.75322158135
 21
47519.97450165518
 31
0.0
  0
LINE
  5
1378
330
1F
100
AcDbEntity
  8
ELE 2
100
AcDbLine
 10
5646.75322158135
 20
47519.97450165518
 30
0.0
 11
5666.75322158135
 21
47519.97450165518
 31
0.0
  0
LINE
  5
1379
330
1F
100
AcDbEntity
  8
ELE 2
100
AcDbLine
 10
4466.75322158135
 20
47219.97450165518
 30
0.0
 11
5626.75322158135
 21
47219.97450165518
 31
0.0
  0
LINE
  5
137A
330
1F
100
AcDbEntity
  8
ELE 2
100
AcDbLine
 10
5646.75322158135
 20
47219.97450165518
 30
0.0
 11
5666.75322158135
 21
47219.97450165518
 31
0.0
  0
LINE
  5
137B
330
1F
100
AcDbEntity
  8
ELE 2
100
AcDbLine
 10
4466.75322158135
 20
46919.97450165518
 30
0.0
 11
5666.75322158135
 21
46919.97450165518
 31
0.0
  0
LINE
  5
1380
330
1F
100
AcDbEntity
  8
wall
100
AcDbLine
 10
12426.75322158138
 20
50149.97450165518
 30
0.0
 11
12426.75322158138
 21
49919.97450165518
 31
0.0
  0
LINE
  5
1381
330
1F
100
AcDbEntity
  8
wall
100
AcDbLine
 10
13926.75322158138
 20
50149.97450165518
 30
0.0
 11
13926.75322158138
 21
49919.97450165518
 31
0.0
  0
LINE
  5
1382
330
1F
100
AcDbEntity
  8
wall
100
AcDbLine
 10
15306.75322158135
 20
47169.97450165518
 30
0.0
 11
15076.75322158135
 21
47169.97450165518
 31
0.0
  0
LINE
  5
1383
330
1F
100
AcDbEntity
  8
wall
100
AcDbLine
 10
15306.75322158136
 20
48669.97450165518
 30
0.0
 11
15076.75322158136
 21
48669.97450165518
 31
0.0
  0
LINE
  5
1384
330
1F
100
AcDbEntity
  8
SILL
100
AcDbLine
 10
12426.75322158138
 20
50149.97450165518
 30
0.0
 11
13926.75322158138
 21
50149.97450165518
 31
0.0
  0
LINE
  5
1385
330
1F
100
AcDbEntity
  8
SILL
100
AcDbLine
 10
12426.75322158138
 20
49919.97450165518
 30
0.0
 11
13926.75322158138
 21
49919.97450165518
 31
0.0
  0
LINE
  5
1386
330
1F
100
AcDbEntity
  8
SILL
100
AcDbLine
 10
15306.75322158136
 20
48669.97450165518
 30
0.0
 11
15306.75322158135
 21
47169.97450165518
 31
0.0
  0
LINE
  5
1387
330
1F
100
AcDbEntity
  8
SILL
100
AcDbLine
 10
15076.75322158136
 20
48669.97450165518
 30
0.0
 11
15076.75322158135
 21
47169.97450165518
 31
0.0
  0
LINE
  5
138A
330
1F
100
AcDbEntity
  8
wall
100
AcDbLine
 10
9396.75322158135
 20
45919.97450165518
 30
0.0
 11
9396.75322158135
 21
45689.97450165518
 31
0.0
  0
LINE
  5
138D
330
1F
100
AcDbEntity
  8
ELE 1
100
AcDbLine
 10
14656.75322158135
 20
44459.97450165518
 30
0.0
 11
14656.75322158136
 21
42639.97450165518
 31
0.0
  0
LINE
  5
138E
330
1F
100
AcDbEntity
  8
ELE 2
100
AcDbLine
 10
5666.753221581379
 20
37729.97450165518
 30
0.0
 11
9066.753221581365
 21
37729.97450165529
 31
0.0
  0
LINE
  5
138F
330
1F
100
AcDbEntity
  8
0
100
AcDbLine
 10
6064.164784178394
 20
50149.97450165518
 30
0.0
 11
6064.164784178394
 21
49919.97450165516
 31
0.0
  0
LINE
  5
1390
330
1F
100
AcDbEntity
  8
0
100
AcDbLine
 10
8064.164784178394
 20
50149.97450165518
 30
0.0
 11
8064.164784178409
 21
49919.97450165519
 31
0.0
  0
LINE
  5
1391
330
1F
100
AcDbEntity
  8
SILL
100
AcDbLine
 10
6064.164784178394
 20
49919.97450165516
 30
0.0
 11
8064.164784178409
 21
49919.9745016553
 31
0.0
  0
LINE
  5
1392
330
1F
100
AcDbEntity
  8
SILL
100
AcDbLine
 10
6064.164784178394
 20
50149.97450165518
 30
0.0
 11
8064.164784178394
 21
50149.97450165531
 31
0.0
  0
LINE
  5
1393
330
1F
100
AcDbEntity
  8
wall
100
AcDbLine
 10
8064.164784178394
 20
50149.97450165531
 30
0.0
 11
8064.164784178409
 21
49919.97450165531
 31
0.0
  0
LINE
  5
1394
330
1F
100
AcDbEntity
  8
wall
100
AcDbLine
 10
6064.164784178394
 20
50149.97450165518
 30
0.0
 11
6064.164784178394
 21
49919.97450165516
 31
0.0
  0
LINE
  5
13AE
330
1F
100
AcDbEntity
  8
ELE 2
100
AcDbLine
 10
9066.753221581365
 20
37329.97450165519
 30
0.0
 11
15306.75322158136
 21
37329.97450165519
 31
0.0
  0
LINE
  5
13D2
102
{ACAD_REACTORS
330
1739
102
}
330
1F
100
AcDbEntity
  8
ELE 1
100
AcDbLine
 10
11241.89284843551
 20
49788.03324470628
 30
0.0
 11
12176.17461419825
 21
49788.03324470626
 31
0.0
  0
LINE
  5
13D3
102
{ACAD_REACTORS
330
1739
102
}
330
1F
100
AcDbEntity
  8
ELE 1
100
AcDbLine
 10
11241.89284843551
 20
49751.52895104941
 30
0.0
 11
12175.4293180733
 21
49751.52895104941
 31
0.0
  0
LWPOLYLINE
  5
13D4
102
{ACAD_REACTORS
330
1739
102
}
330
1F
100
AcDbEntity
  8
ELE 1
100
AcDbPolyline
 90
        2
 70
     0
 43
0.0
 10
11241.89284843551
 20
49788.03324470628
 10
11241.89284843551
 20
49751.52895104941
  0
ARC
  5
13D5
102
{ACAD_REACTORS
330
1739
102
}
330
1F
100
AcDbEntity
  8
ABOVE-DOTTED
100
AcDbCircle
 10
11212.58470377928
 20
49817.34138936202
 30
0.0
 40
964.035519469475
100
AcDbArc
 50
271.7421471932119
 51
358.2578528067866
  0
LWPOLYLINE
  5
13D6
102
{ACAD_REACTORS
330
1739
102
}
330
1F
100
AcDbEntity
  8
ELE 1
100
AcDbPolyline
 90
        8
 70
     1
 43
0.0
 10
11241.89284843549
 20
48821.81022199747
 10
11059.37138015789
 20
48821.81022199747
 10
11059.37138015789
 20
48853.75147894638
 10
11105.0017472273
 20
48853.75147894638
 10
11105.0017472273
 20
48867.44058906687
 10
11196.26248136609
 20
48867.44058906687
 10
11196.26248136609
 20
48853.75147894638
 10
11241.89284843549
 20
48853.75147894638
  0
LINE
  5
13D7
102
{ACAD_REACTORS
330
1739
102
}
330
1F
100
AcDbEntity
  8
ELE 1
100
AcDbLine
 10
11241.89284843551
 20
49819.97450165518
 30
0.0
 11
11059.37138015789
 21
49819.97450165518
 31
0.0
  0
LINE
  5
13D8
102
{ACAD_REACTORS
330
1739
102
}
330
1F
100
AcDbEntity
  8
ELE 1
100
AcDbLine
 10
11059.37138015789
 20
49819.97450165518
 30
0.0
 11
11059.37138015789
 21
49788.03324470628
 31
0.0
  0
LINE
  5
13D9
102
{ACAD_REACTORS
330
1739
102
}
330
1F
100
AcDbEntity
  8
ELE 1
100
AcDbLine
 10
11059.37138015789
 20
49788.03324470628
 30
0.0
 11
11105.0017472273
 21
49788.03324470628
 31
0.0
  0
LINE
  5
13DA
102
{ACAD_REACTORS
330
1739
102
}
330
1F
100
AcDbEntity
  8
ELE 1
100
AcDbLine
 10
11105.0017472273
 20
49788.03324470628
 30
0.0
 11
11105.0017472273
 21
49774.34413458578
 31
0.0
  0
LINE
  5
13DB
102
{ACAD_REACTORS
330
1739
102
}
330
1F
100
AcDbEntity
  8
ELE 1
100
AcDbLine
 10
11105.0017472273
 20
49774.34413458578
 30
0.0
 11
11196.2624813661
 21
49774.34413458578
 31
0.0
  0
LINE
  5
13DC
102
{ACAD_REACTORS
330
1739
102
}
330
1F
100
AcDbEntity
  8
ELE 1
100
AcDbLine
 10
11196.2624813661
 20
49774.34413458578
 30
0.0
 11
11196.2624813661
 21
49788.03324470628
 31
0.0
  0
LINE
  5
13DD
102
{ACAD_REACTORS
330
1739
102
}
330
1F
100
AcDbEntity
  8
ELE 1
100
AcDbLine
 10
11196.2624813661
 20
49788.03324470628
 30
0.0
 11
11241.89284843551
 21
49788.03324470628
 31
0.0
  0
LINE
  5
13DE
102
{ACAD_REACTORS
330
1739
102
}
330
1F
100
AcDbEntity
  8
ELE 1
100
AcDbLine
 10
11241.89284843551
 20
49788.03324470628
 30
0.0
 11
11241.89284843551
 21
49819.97450165518
 31
0.0
  0
LINE
  5
13DF
330
1F
100
AcDbEntity
  8
ELE 2
100
AcDbLine
 10
5666.753221581335
 20
45919.97450165518
 30
0.0
 11
9066.753221581334
 21
45919.97450165518
 31
0.0
  0
LINE
  5
13E2
330
1F
100
AcDbEntity
  8
ELE 2
100
AcDbLine
 10
2296.721731597756
 20
51349.97450165518
 30
0.0
 11
2296.721731597756
 21
50149.97450165518
 31
0.0
  0
LINE
  5
13E4
330
1F
100
AcDbEntity
  8
ELE 2
100
AcDbLine
 10
6064.164784178394
 20
51349.97450165518
 30
0.0
 11
6064.164784178394
 21
50149.97450165518
 31
0.0
  0
LINE
  5
13E6
330
1F
100
AcDbEntity
  8
wall
100
AcDbLine
 10
4566.753221581349
 20
49919.97450165518
 30
0.0
 11
4566.753221581349
 21
50149.97450165518
 31
0.0
  0
LINE
  5
13E7
330
1F
100
AcDbEntity
  8
wall
100
AcDbLine
 10
5466.75322158135
 20
49919.97450165518
 30
0.0
 11
5466.75322158135
 21
50149.97450165518
 31
0.0
  0
LINE
  5
13EB
330
1F
100
AcDbEntity
  8
SILL
100
AcDbLine
 10
6.753221581364414
 20
43824.97450165519
 30
0.0
 11
6.753221581364272
 21
42824.9745016552
 31
0.0
  0
LINE
  5
13F1
330
1F
100
AcDbEntity
  8
ELE 2
100
AcDbLine
 10
6266.75322158135
 20
48719.97450165518
 30
0.0
 11
9066.753221581365
 21
48719.97450165518
 31
0.0
  0
LINE
  5
13F2
330
1F
100
AcDbEntity
  8
ELE 2
100
AcDbLine
 10
6266.75322158135
 20
48739.97450165518
 30
0.0
 11
9296.753221581365
 21
48739.97450165518
 31
0.0
  0
LINE
  5
13F3
330
1F
100
AcDbEntity
  8
ELE 2
100
AcDbLine
 10
6266.75322158135
 20
48759.97450165518
 30
0.0
 11
9296.753221581365
 21
48759.97450165518
 31
0.0
  0
LINE
  5
13F4
102
{ACAD_REACTORS
330
173C
102
}
330
1F
100
AcDbEntity
  8
ELE 1
100
AcDbLine
 10
5437.96282429179
 20
50108.23032345505
 30
0.0
 11
5437.962824291776
 21
50950.34944418117
 31
0.0
  0
LINE
  5
13F5
102
{ACAD_REACTORS
330
173C
102
}
330
1F
100
AcDbEntity
  8
ELE 1
100
AcDbLine
 10
5405.059513102846
 20
50108.23032345505
 30
0.0
 11
5405.059513102846
 21
50949.67766812771
 31
0.0
  0
LWPOLYLINE
  5
13F6
102
{ACAD_REACTORS
330
173C
102
}
330
1F
100
AcDbEntity
  8
ELE 1
100
AcDbPolyline
 90
        2
 70
     0
 43
0.0
 10
5437.96282429179
 20
50108.23032345505
 10
5405.059513102846
 20
50108.23032345505
  0
ARC
  5
13F7
102
{ACAD_REACTORS
330
173C
102
}
330
1F
100
AcDbEntity
  8
ABOVE-DOTTED
100
AcDbCircle
 10
5464.37985383476
 20
50081.81329391164
 30
0.0
 40
868.9378020148053
100
AcDbArc
 50
91.74214719320909
 51
178.2578528067865
  0
LWPOLYLINE
  5
13F8
102
{ACAD_REACTORS
330
173C
102
}
330
1F
100
AcDbEntity
  8
ELE 1
100
AcDbPolyline
 90
        8
 70
     1
 43
0.0
 10
4567.053306278672
 20
50108.23032345503
 10
4567.053306278672
 20
49943.71376751638
 10
4595.843703568231
 20
49943.71376751638
 10
4595.843703568231
 20
49984.84290650104
 10
4608.182445263339
 20
49984.84290650104
 10
4608.182445263339
 20
50067.10118447036
 10
4595.843703568231
 20
50067.10118447036
 10
4595.843703568231
 20
50108.23032345503
  0
LINE
  5
13F9
102
{ACAD_REACTORS
330
173C
102
}
330
1F
100
AcDbEntity
  8
ELE 1
100
AcDbLine
 10
5466.75322158135
 20
50108.23032345505
 30
0.0
 11
5466.75322158135
 21
49943.71376751638
 31
0.0
  0
LINE
  5
13FA
102
{ACAD_REACTORS
330
173C
102
}
330
1F
100
AcDbEntity
  8
ELE 1
100
AcDbLine
 10
5466.75322158135
 20
49943.71376751638
 30
0.0
 11
5437.96282429179
 21
49943.71376751638
 31
0.0
  0
LINE
  5
13FB
102
{ACAD_REACTORS
330
173C
102
}
330
1F
100
AcDbEntity
  8
ELE 1
100
AcDbLine
 10
5437.96282429179
 20
49943.71376751638
 30
0.0
 11
5437.96282429179
 21
49984.84290650104
 31
0.0
  0
LINE
  5
13FC
102
{ACAD_REACTORS
330
173C
102
}
330
1F
100
AcDbEntity
  8
ELE 1
100
AcDbLine
 10
5437.96282429179
 20
49984.84290650104
 30
0.0
 11
5425.624082596683
 21
49984.84290650104
 31
0.0
  0
LINE
  5
13FD
102
{ACAD_REACTORS
330
173C
102
}
330
1F
100
AcDbEntity
  8
ELE 1
100
AcDbLine
 10
5425.624082596683
 20
49984.84290650104
 30
0.0
 11
5425.624082596683
 21
50067.10118447037
 31
0.0
  0
LINE
  5
13FE
102
{ACAD_REACTORS
330
173C
102
}
330
1F
100
AcDbEntity
  8
ELE 1
100
AcDbLine
 10
5425.624082596683
 20
50067.10118447037
 30
0.0
 11
5437.96282429179
 21
50067.10118447037
 31
0.0
  0
LINE
  5
13FF
102
{ACAD_REACTORS
330
173C
102
}
330
1F
100
AcDbEntity
  8
ELE 1
100
AcDbLine
 10
5437.96282429179
 20
50067.10118447037
 30
0.0
 11
5437.96282429179
 21
50108.23032345505
 31
0.0
  0
LINE
  5
1400
102
{ACAD_REACTORS
330
173C
102
}
330
1F
100
AcDbEntity
  8
ELE 1
100
AcDbLine
 10
5437.96282429179
 20
50108.23032345505
 30
0.0
 11
5466.75322158135
 21
50108.23032345505
 31
0.0
  0
LINE
  5
1401
330
1F
100
AcDbEntity
  8
ELE 2
100
AcDbLine
 10
5666.75322158135
 20
48719.97450165518
 30
0.0
 11
6266.75322158135
 21
48719.97450165519
 31
0.0
  0
LINE
  5
1402
330
1F
100
AcDbEntity
  8
ELE 2
100
AcDbLine
 10
5646.75322158135
 20
48739.97450165518
 30
0.0
 11
6266.75322158135
 21
48739.97450165519
 31
0.0
  0
LINE
  5
1403
330
1F
100
AcDbEntity
  8
ELE 2
100
AcDbLine
 10
5626.75322158135
 20
48759.97450165518
 30
0.0
 11
6266.75322158135
 21
48759.97450165518
 31
0.0
  0
LINE
  5
1470
330
1F
100
AcDbEntity
  8
wall
100
AcDbLine
 10
14456.75322158135
 20
44889.97450165518
 30
0.0
 11
14686.75322158135
 21
44889.97450165519
 31
0.0
  0
LINE
  5
1471
330
1F
100
AcDbEntity
  8
wall
100
AcDbLine
 10
14456.75322158134
 20
45489.97450165518
 30
0.0
 11
14686.75322158134
 21
45489.97450165519
 31
0.0
  0
LINE
  5
1472
330
1F
100
AcDbEntity
  8
SILL
100
AcDbLine
 10
14686.75322158134
 20
45489.97450165519
 30
0.0
 11
14686.75322158135
 21
44889.97450165519
 31
0.0
  0
LINE
  5
1473
330
1F
100
AcDbEntity
  8
SILL
100
AcDbLine
 10
14456.75322158134
 20
45489.97450165518
 30
0.0
 11
14456.75322158136
 21
44889.97450165518
 31
0.0
  0
LINE
  5
1474
330
1F
100
AcDbEntity
  8
ABOVE-DOTTED
100
AcDbLine
 10
14456.75322158136
 20
45689.97450165518
 30
0.0
 11
13456.75322158135
 21
44689.97450165518
 31
0.0
  0
LINE
  5
1475
330
1F
100
AcDbEntity
  8
ABOVE-DOTTED
100
AcDbLine
 10
14456.75322158136
 20
44689.97450165518
 30
0.0
 11
13456.75322158135
 21
45689.97450165518
 31
0.0
  0
LINE
  5
1649
102
{ACAD_REACTORS
330
1729
102
}
330
1F
100
AcDbEntity
  8
FURN
 48
6.0
100
AcDbLine
 10
7985.632361991848
 20
48977.43156741095
 30
0.0
 11
7985.632361991848
 21
48656.00299598185
 31
0.0
  0
ARC
  5
164A
102
{ACAD_REACTORS
330
1729
102
}
330
1F
100
AcDbEntity
  8
FURN
 48
6.0
100
AcDbCircle
 10
7921.346647706399
 20
48977.43156741095
 30
0.0
 40
64.28571428566637
100
AcDbArc
 50
0.0
 51
90.0
  0
LINE
  5
164B
102
{ACAD_REACTORS
330
1729
102
}
330
1F
100
AcDbEntity
  8
FURN
 48
6.0
100
AcDbLine
 10
7664.203790563675
 20
49041.71728169827
 30
0.0
 11
7921.346647706399
 21
49041.71728169827
 31
0.0
  0
ARC
  5
164C
102
{ACAD_REACTORS
330
1729
102
}
330
1F
100
AcDbEntity
  8
FURN
 48
6.0
100
AcDbCircle
 10
7664.203790563675
 20
48977.43156741095
 30
0.0
 40
64.28571428566637
100
AcDbArc
 50
90.0
 51
180.0
  0
LINE
  5
164D
102
{ACAD_REACTORS
330
1729
102
}
330
1F
100
AcDbEntity
  8
FURN
 48
6.0
100
AcDbLine
 10
7985.632361991848
 20
47434.57442455275
 30
0.0
 11
7985.632361991848
 21
47756.00299598186
 31
0.0
  0
LINE
  5
164E
102
{ACAD_REACTORS
330
1729
102
}
330
1F
100
AcDbEntity
  8
FURN
 48
6.0
100
AcDbLine
 10
8417.363900633114
 20
48398.86013884006
 30
0.0
 11
8095.93532920401
 21
48398.86013884006
 31
0.0
  0
ARC
  5
164F
102
{ACAD_REACTORS
330
1729
102
}
330
1F
100
AcDbEntity
  8
FURN
 48
6.0
100
AcDbCircle
 10
8417.363900633114
 20
48334.57442455648
 30
0.0
 40
64.28571428566637
100
AcDbArc
 50
0.0
 51
90.0
  0
LINE
  5
1650
102
{ACAD_REACTORS
330
1729
102
}
330
1F
100
AcDbEntity
  8
FURN
 48
6.0
100
AcDbLine
 10
8481.649614917632
 20
48077.43156741469
 30
0.0
 11
8481.649614917632
 21
48334.57442455648
 31
0.0
  0
ARC
  5
1651
102
{ACAD_REACTORS
330
1729
102
}
330
1F
100
AcDbEntity
  8
FURN
 48
6.0
100
AcDbCircle
 10
8417.363900633114
 20
48077.43156741469
 30
0.0
 40
64.28571428566637
100
AcDbArc
 50
270.0
 51
0.0
  0
LINE
  5
1652
102
{ACAD_REACTORS
330
1729
102
}
330
1F
100
AcDbEntity
  8
FURN
 48
6.0
100
AcDbLine
 10
8095.93532920401
 20
48013.14585312737
 30
0.0
 11
8417.363900633114
 21
48013.14585312737
 31
0.0
  0
LINE
  5
1653
102
{ACAD_REACTORS
330
1729
102
}
330
1F
100
AcDbEntity
  8
FURN
 48
6.0
100
AcDbLine
 10
8095.93532920401
 20
48398.86013884006
 30
0.0
 11
8095.93532920401
 21
48013.14585312737
 31
0.0
  0
LINE
  5
1654
102
{ACAD_REACTORS
330
1729
102
}
330
1F
100
AcDbEntity
  8
FURN
 48
6.0
100
AcDbLine
 10
7985.632361991848
 20
48656.00299598185
 30
0.0
 11
7599.918076279158
 21
48656.00299598185
 31
0.0
  0
LINE
  5
1655
102
{ACAD_REACTORS
330
1729
102
}
330
1F
100
AcDbEntity
  8
FURN
 48
6.0
100
AcDbLine
 10
8031.649614918562
 20
48656.00299598185
 30
0.0
 11
6617.363900634045
 21
48656.00299598185
 31
0.0
  0
ARC
  5
1656
102
{ACAD_REACTORS
330
1729
102
}
330
1F
100
AcDbEntity
  8
FURN
 48
6.0
100
AcDbCircle
 10
8031.649614918562
 20
48591.71728169827
 30
0.0
 40
64.28571428566637
100
AcDbArc
 50
0.0
 51
90.0
  0
LINE
  5
1657
102
{ACAD_REACTORS
330
1729
102
}
330
1F
100
AcDbEntity
  8
FURN
 48
6.0
100
AcDbLine
 10
8095.93532920401
 20
47820.28871026916
 30
0.0
 11
8095.93532920401
 21
48591.71728169827
 31
0.0
  0
ARC
  5
1658
102
{ACAD_REACTORS
330
1729
102
}
330
1F
100
AcDbEntity
  8
FURN
 48
6.0
100
AcDbCircle
 10
8031.649614918562
 20
47820.28871026916
 30
0.0
 40
64.28571428566637
100
AcDbArc
 50
270.0
 51
0.0
  0
LINE
  5
1659
102
{ACAD_REACTORS
330
1729
102
}
330
1F
100
AcDbEntity
  8
FURN
 48
6.0
100
AcDbLine
 10
6617.363900634045
 20
47756.00299598186
 30
0.0
 11
8031.649614918562
 21
47756.00299598186
 31
0.0
  0
LINE
  5
165A
102
{ACAD_REACTORS
330
1729
102
}
330
1F
100
AcDbEntity
  8
FURN
 48
6.0
100
AcDbLine
 10
7985.632361991848
 20
47756.00299598186
 30
0.0
 11
7599.918076279158
 21
47756.00299598186
 31
0.0
  0
ARC
  5
165B
102
{ACAD_REACTORS
330
1729
102
}
330
1F
100
AcDbEntity
  8
FURN
 48
6.0
100
AcDbCircle
 10
7921.346647706399
 20
47434.57442455275
 30
0.0
 40
64.28571428566637
100
AcDbArc
 50
270.0
 51
0.0
  0
LINE
  5
165C
102
{ACAD_REACTORS
330
1729
102
}
330
1F
100
AcDbEntity
  8
FURN
 48
6.0
100
AcDbLine
 10
7664.203790563675
 20
47370.28871026916
 30
0.0
 11
7921.346647706399
 21
47370.28871026916
 31
0.0
  0
ARC
  5
165D
102
{ACAD_REACTORS
330
1729
102
}
330
1F
100
AcDbEntity
  8
FURN
 48
6.0
100
AcDbCircle
 10
7664.203790563675
 20
47434.57442455275
 30
0.0
 40
64.28571428566637
100
AcDbArc
 50
180.0
 51
270.0
  0
LINE
  5
165E
102
{ACAD_REACTORS
330
1729
102
}
330
1F
100
AcDbEntity
  8
FURN
 48
6.0
100
AcDbLine
 10
7512.634297715085
 20
47434.57442455275
 30
0.0
 11
7512.634297715085
 21
47756.00299598186
 31
0.0
  0
LINE
  5
165F
102
{ACAD_REACTORS
330
1729
102
}
330
1F
100
AcDbEntity
  8
FURN
 48
6.0
100
AcDbLine
 10
7126.920012000534
 20
47756.00299598186
 30
0.0
 11
7126.920012000534
 21
47434.57442455275
 31
0.0
  0
LINE
  5
1660
102
{ACAD_REACTORS
330
1729
102
}
330
1F
100
AcDbEntity
  8
FURN
 48
6.0
100
AcDbLine
 10
7039.635614217775
 20
47434.57442455275
 30
0.0
 11
7039.635614217775
 21
47756.00299598186
 31
0.0
  0
LINE
  5
1661
102
{ACAD_REACTORS
330
1729
102
}
330
1F
100
AcDbEntity
  8
FURN
 48
6.0
100
AcDbLine
 10
6653.921328503223
 20
47756.00299598186
 30
0.0
 11
6653.921328503223
 21
47434.57442455275
 31
0.0
  0
LINE
  5
1662
102
{ACAD_REACTORS
330
1729
102
}
330
1F
100
AcDbEntity
  8
FURN
 48
6.0
100
AcDbLine
 10
7599.918076279158
 20
47756.00299598186
 30
0.0
 11
7599.918076279158
 21
47434.57442455275
 31
0.0
  0
ARC
  5
1663
102
{ACAD_REACTORS
330
1729
102
}
330
1F
100
AcDbEntity
  8
FURN
 48
6.0
100
AcDbCircle
 10
7448.348583429638
 20
47434.57442455275
 30
0.0
 40
64.28571428566637
100
AcDbArc
 50
270.0
 51
0.0
  0
LINE
  5
1664
102
{ACAD_REACTORS
330
1729
102
}
330
1F
100
AcDbEntity
  8
FURN
 48
6.0
100
AcDbLine
 10
7191.205726286913
 20
47370.28871026916
 30
0.0
 11
7448.348583429638
 21
47370.28871026916
 31
0.0
  0
ARC
  5
1665
102
{ACAD_REACTORS
330
1729
102
}
330
1F
100
AcDbEntity
  8
FURN
 48
6.0
100
AcDbCircle
 10
7191.205726286913
 20
47434.57442455275
 30
0.0
 40
64.28571428566637
100
AcDbArc
 50
180.0
 51
270.0
  0
ARC
  5
1666
102
{ACAD_REACTORS
330
1729
102
}
330
1F
100
AcDbEntity
  8
FURN
 48
6.0
100
AcDbCircle
 10
6975.349899932327
 20
47434.57442455275
 30
0.0
 40
64.28571428566637
100
AcDbArc
 50
270.0
 51
0.0
  0
LINE
  5
1667
102
{ACAD_REACTORS
330
1729
102
}
330
1F
100
AcDbEntity
  8
FURN
 48
6.0
100
AcDbLine
 10
6718.207042789604
 20
47370.28871026916
 30
0.0
 11
6975.349899932327
 21
47370.28871026916
 31
0.0
  0
ARC
  5
1668
102
{ACAD_REACTORS
330
1729
102
}
330
1F
100
AcDbEntity
  8
FURN
 48
6.0
100
AcDbCircle
 10
6718.207042789604
 20
47434.57442455275
 30
0.0
 40
64.28571428566637
100
AcDbArc
 50
180.0
 51
270.0
  0
LINE
  5
1669
102
{ACAD_REACTORS
330
1729
102
}
330
1F
100
AcDbEntity
  8
FURN
 48
6.0
100
AcDbLine
 10
6653.921328503223
 20
48656.00299598185
 30
0.0
 11
6653.921328503223
 21
48977.43156741095
 31
0.0
  0
LINE
  5
166A
102
{ACAD_REACTORS
330
1729
102
}
330
1F
100
AcDbEntity
  8
FURN
 48
6.0
100
AcDbLine
 10
7039.635614217775
 20
48656.00299598185
 30
0.0
 11
6653.921328503223
 21
48656.00299598185
 31
0.0
  0
ARC
  5
166B
102
{ACAD_REACTORS
330
1729
102
}
330
1F
100
AcDbEntity
  8
FURN
 48
6.0
100
AcDbCircle
 10
6617.363900634045
 20
48591.71728169827
 30
0.0
 40
64.28571428566637
100
AcDbArc
 50
90.0
 51
180.0
  0
ARC
  5
166C
102
{ACAD_REACTORS
330
1729
102
}
330
1F
100
AcDbEntity
  8
FURN
 48
6.0
100
AcDbCircle
 10
6617.363900634045
 20
47820.28871026916
 30
0.0
 40
64.28571428566637
100
AcDbArc
 50
180.0
 51
270.0
  0
LINE
  5
166D
102
{ACAD_REACTORS
330
1729
102
}
330
1F
100
AcDbEntity
  8
FURN
 48
6.0
100
AcDbLine
 10
6553.078186349529
 20
48591.71728169827
 30
0.0
 11
6553.078186349529
 21
47820.28871026916
 31
0.0
  0
LINE
  5
166E
102
{ACAD_REACTORS
330
1729
102
}
330
1F
100
AcDbEntity
  8
FURN
 48
6.0
100
AcDbLine
 10
7039.635614217775
 20
47756.00299598186
 30
0.0
 11
6653.921328503223
 21
47756.00299598186
 31
0.0
  0
LINE
  5
166F
102
{ACAD_REACTORS
330
1729
102
}
330
1F
100
AcDbEntity
  8
FURN
 48
6.0
100
AcDbLine
 10
6231.649614919493
 20
48398.86013884006
 30
0.0
 11
6553.078186349529
 21
48398.86013884006
 31
0.0
  0
ARC
  5
1670
102
{ACAD_REACTORS
330
1729
102
}
330
1F
100
AcDbEntity
  8
FURN
 48
6.0
100
AcDbCircle
 10
6231.649614919493
 20
48334.57442455648
 30
0.0
 40
64.28571428566637
100
AcDbArc
 50
90.0
 51
180.0
  0
LINE
  5
1671
102
{ACAD_REACTORS
330
1729
102
}
330
1F
100
AcDbEntity
  8
FURN
 48
6.0
100
AcDbLine
 10
6167.363900634977
 20
48077.43156741469
 30
0.0
 11
6167.363900634977
 21
48334.57442455648
 31
0.0
  0
ARC
  5
1672
102
{ACAD_REACTORS
330
1729
102
}
330
1F
100
AcDbEntity
  8
FURN
 48
6.0
100
AcDbCircle
 10
6231.649614919493
 20
48077.43156741469
 30
0.0
 40
64.28571428566637
100
AcDbArc
 50
180.0
 51
270.0
  0
LINE
  5
1673
102
{ACAD_REACTORS
330
1729
102
}
330
1F
100
AcDbEntity
  8
FURN
 48
6.0
100
AcDbLine
 10
6553.078186349529
 20
48013.14585312737
 30
0.0
 11
6231.649614919493
 21
48013.14585312737
 31
0.0
  0
LINE
  5
1674
102
{ACAD_REACTORS
330
1729
102
}
330
1F
100
AcDbEntity
  8
FURN
 48
6.0
100
AcDbLine
 10
6553.078186349529
 20
48398.86013884006
 30
0.0
 11
6553.078186349529
 21
48013.14585312737
 31
0.0
  0
LINE
  5
1675
102
{ACAD_REACTORS
330
1729
102
}
330
1F
100
AcDbEntity
  8
FURN
 48
6.0
100
AcDbLine
 10
7039.635614217775
 20
48977.43156741095
 30
0.0
 11
7039.635614217775
 21
48656.00299598185
 31
0.0
  0
LINE
  5
1676
102
{ACAD_REACTORS
330
1729
102
}
330
1F
100
AcDbEntity
  8
FURN
 48
6.0
100
AcDbLine
 10
7599.918076279158
 20
48656.00299598185
 30
0.0
 11
7599.918076279158
 21
48977.43156741095
 31
0.0
  0
LINE
  5
1677
102
{ACAD_REACTORS
330
1729
102
}
330
1F
100
AcDbEntity
  8
FURN
 48
6.0
100
AcDbLine
 10
7512.634297715085
 20
48977.43156741095
 30
0.0
 11
7512.634297715085
 21
48656.00299598185
 31
0.0
  0
LINE
  5
1678
102
{ACAD_REACTORS
330
1729
102
}
330
1F
100
AcDbEntity
  8
FURN
 48
6.0
100
AcDbLine
 10
7126.920012000534
 20
48656.00299598185
 30
0.0
 11
7126.920012000534
 21
48977.43156741095
 31
0.0
  0
ARC
  5
1679
102
{ACAD_REACTORS
330
1729
102
}
330
1F
100
AcDbEntity
  8
FURN
 48
6.0
100
AcDbCircle
 10
6975.349899932327
 20
48977.43156741095
 30
0.0
 40
64.28571428566637
100
AcDbArc
 50
0.0
 51
90.0
  0
LINE
  5
167A
102
{ACAD_REACTORS
330
1729
102
}
330
1F
100
AcDbEntity
  8
FURN
 48
6.0
100
AcDbLine
 10
6718.207042789604
 20
49041.71728169827
 30
0.0
 11
6975.349899932327
 21
49041.71728169827
 31
0.0
  0
ARC
  5
167B
102
{ACAD_REACTORS
330
1729
102
}
330
1F
100
AcDbEntity
  8
FURN
 48
6.0
100
AcDbCircle
 10
6718.207042789604
 20
48977.43156741095
 30
0.0
 40
64.28571428566637
100
AcDbArc
 50
90.0
 51
180.0
  0
ARC
  5
167C
102
{ACAD_REACTORS
330
1729
102
}
330
1F
100
AcDbEntity
  8
FURN
 48
6.0
100
AcDbCircle
 10
7448.348583429638
 20
48977.43156741095
 30
0.0
 40
64.28571428566637
100
AcDbArc
 50
0.0
 51
90.0
  0
LINE
  5
167D
102
{ACAD_REACTORS
330
1729
102
}
330
1F
100
AcDbEntity
  8
FURN
 48
6.0
100
AcDbLine
 10
7191.205726286913
 20
49041.71728169827
 30
0.0
 11
7448.348583429638
 21
49041.71728169827
 31
0.0
  0
ARC
  5
167E
102
{ACAD_REACTORS
330
1729
102
}
330
1F
100
AcDbEntity
  8
FURN
 48
6.0
100
AcDbCircle
 10
7191.205726286913
 20
48977.43156741095
 30
0.0
 40
64.28571428566637
100
AcDbArc
 50
90.0
 51
180.0
  0
LINE
  5
167F
102
{ACAD_REACTORS
330
172A
102
}
330
1F
100
AcDbEntity
  8
FUR
100
AcDbLine
 10
8064.164784178402
 20
50118.30783498535
 30
0.0
 11
6980.831450849014
 21
50118.30783498535
 31
0.0
  0
LINE
  5
1680
102
{ACAD_REACTORS
330
172A
102
}
330
1F
100
AcDbEntity
  8
FUR
100
AcDbLine
 10
7064.164784174521
 20
50118.30783498535
 30
0.0
 11
6064.164784178401
 21
50118.30783498535
 31
0.0
  0
LINE
  5
1681
102
{ACAD_REACTORS
330
172A
102
}
330
1F
100
AcDbEntity
  8
FUR
100
AcDbLine
 10
7980.831450846685
 20
50034.9745016645
 30
0.0
 11
6980.831450849014
 21
50034.9745016645
 31
0.0
  0
LINE
  5
1682
102
{ACAD_REACTORS
330
172A
102
}
330
1F
100
AcDbEntity
  8
FUR
100
AcDbLine
 10
7064.164784174521
 20
49951.64116832502
 30
0.0
 11
6147.498117510117
 21
49951.64116832502
 31
0.0
  0
LINE
  5
1683
102
{ACAD_REACTORS
330
172A
102
}
330
1F
100
AcDbEntity
  8
FUR
100
AcDbLine
 10
6230.831450841834
 20
50009.97450166452
 30
0.0
 11
6980.831450849014
 21
50009.97450166452
 31
0.0
  0
LINE
  5
1684
102
{ACAD_REACTORS
330
172A
102
}
330
1F
100
AcDbEntity
  8
FUR
100
AcDbLine
 10
6230.831450841834
 20
49976.641168325
 30
0.0
 11
6980.831450849014
 21
49976.641168325
 31
0.0
  0
LINE
  5
1685
102
{ACAD_REACTORS
330
172A
102
}
330
1F
100
AcDbEntity
  8
FUR
100
AcDbLine
 10
6230.831450841834
 20
49993.30783499166
 30
0.0
 11
6980.831450849014
 21
49993.30783499166
 31
0.0
  0
LINE
  5
1686
102
{ACAD_REACTORS
330
172A
102
}
330
1F
100
AcDbEntity
  8
FUR
100
AcDbLine
 10
6064.164784178401
 20
49951.64116832502
 30
0.0
 11
6230.831450841834
 21
49951.64116832502
 31
0.0
  0
LINE
  5
1687
102
{ACAD_REACTORS
330
172A
102
}
330
1F
100
AcDbEntity
  8
FUR
100
AcDbLine
 10
7064.164784174521
 20
49951.64116832502
 30
0.0
 11
8064.164784178402
 21
49951.64116832502
 31
0.0
  0
LINE
  5
1688
102
{ACAD_REACTORS
330
172A
102
}
330
1F
100
AcDbEntity
  8
FUR
100
AcDbLine
 10
7897.498117513414
 20
50118.30783498535
 30
0.0
 11
7897.498117513414
 21
50034.9745016645
 31
0.0
  0
LINE
  5
1689
102
{ACAD_REACTORS
330
172A
102
}
330
1F
100
AcDbEntity
  8
FUR
100
AcDbLine
 10
7064.164784180729
 20
50034.9745016645
 30
0.0
 11
7064.164784180729
 21
50118.30783498535
 31
0.0
  0
LINE
  5
168A
102
{ACAD_REACTORS
330
172A
102
}
330
1F
100
AcDbEntity
  8
FUR
100
AcDbLine
 10
7064.164784174521
 20
49951.64116832502
 30
0.0
 11
7064.164784174521
 21
50034.9745016645
 31
0.0
  0
LINE
  5
168B
102
{ACAD_REACTORS
330
172A
102
}
330
1F
100
AcDbEntity
  8
FUR
100
AcDbLine
 10
6980.831450849014
 20
49951.64116832502
 30
0.0
 11
6980.831450849014
 21
50118.30783498535
 31
0.0
  0
LINE
  5
168C
102
{ACAD_REACTORS
330
172A
102
}
330
1F
100
AcDbEntity
  8
FUR
100
AcDbLine
 10
7980.831450846685
 20
49951.64116832502
 30
0.0
 11
8064.164784178402
 21
49951.64116832502
 31
0.0
  0
LINE
  5
168D
102
{ACAD_REACTORS
330
172A
102
}
330
1F
100
AcDbEntity
  8
FUR
100
AcDbLine
 10
7980.831450846685
 20
50118.30783498535
 30
0.0
 11
7980.831450846685
 21
49951.64116832502
 31
0.0
  0
LINE
  5
168E
102
{ACAD_REACTORS
330
172A
102
}
330
1F
100
AcDbEntity
  8
FUR
100
AcDbLine
 10
8064.164784178402
 20
49951.64116832502
 30
0.0
 11
8064.164784178402
 21
50118.30783498535
 31
0.0
  0
LINE
  5
168F
102
{ACAD_REACTORS
330
172A
102
}
330
1F
100
AcDbEntity
  8
FUR
100
AcDbLine
 10
7980.831450846685
 20
50118.30783498535
 30
0.0
 11
7980.831450846685
 21
49951.64116832502
 31
0.0
  0
LINE
  5
1690
102
{ACAD_REACTORS
330
172A
102
}
330
1F
100
AcDbEntity
  8
FUR
100
AcDbLine
 10
7897.498117513414
 20
50076.64116832493
 30
0.0
 11
7064.164784180729
 21
50076.64116832493
 31
0.0
  0
LINE
  5
1691
102
{ACAD_REACTORS
330
172A
102
}
330
1F
100
AcDbEntity
  8
FUR
100
AcDbLine
 10
7897.498117513414
 20
50059.97450165827
 30
0.0
 11
7064.164784180729
 21
50059.97450165827
 31
0.0
  0
LINE
  5
1692
102
{ACAD_REACTORS
330
172A
102
}
330
1F
100
AcDbEntity
  8
FUR
100
AcDbLine
 10
7897.498117513414
 20
50093.30783499158
 30
0.0
 11
7064.164784180729
 21
50093.30783499158
 31
0.0
  0
LINE
  5
1693
102
{ACAD_REACTORS
330
172A
102
}
330
1F
100
AcDbEntity
  8
FUR
100
AcDbLine
 10
6230.831450841834
 20
50034.9745016645
 30
0.0
 11
6230.831450841834
 21
49951.64116832502
 31
0.0
  0
LINE
  5
1694
102
{ACAD_REACTORS
330
172A
102
}
330
1F
100
AcDbEntity
  8
FUR
100
AcDbLine
 10
6147.498117510117
 20
49951.64116832502
 30
0.0
 11
6064.164784178401
 21
49951.64116832502
 31
0.0
  0
LINE
  5
1695
102
{ACAD_REACTORS
330
172A
102
}
330
1F
100
AcDbEntity
  8
FUR
100
AcDbLine
 10
6147.498117510117
 20
50118.30783498535
 30
0.0
 11
6147.498117510117
 21
49951.64116832502
 31
0.0
  0
LINE
  5
1696
102
{ACAD_REACTORS
330
172A
102
}
330
1F
100
AcDbEntity
  8
FUR
100
AcDbLine
 10
6064.164784178401
 20
50118.30783498535
 30
0.0
 11
6147.498117510117
 21
50118.30783498535
 31
0.0
  0
LINE
  5
1697
102
{ACAD_REACTORS
330
172A
102
}
330
1F
100
AcDbEntity
  8
FUR
100
AcDbLine
 10
6064.164784178401
 20
50118.30783498535
 30
0.0
 11
6064.164784178401
 21
49951.64116832502
 31
0.0
  0
LINE
  5
1698
102
{ACAD_REACTORS
330
172A
102
}
330
1F
100
AcDbEntity
  8
FUR
100
AcDbLine
 10
6147.498117510117
 20
50118.30783498535
 30
0.0
 11
6147.498117510117
 21
49951.64116832502
 31
0.0
  0
LINE
  5
1699
102
{ACAD_REACTORS
330
172A
102
}
330
1F
100
AcDbEntity
  8
FUR
100
AcDbLine
 10
6147.498117510117
 20
50118.30783498535
 30
0.0
 11
6147.498117510117
 21
49951.64116832502
 31
0.0
  0
LINE
  5
169A
102
{ACAD_REACTORS
330
172A
102
}
330
1F
100
AcDbEntity
  8
FUR
100
AcDbLine
 10
6230.831450841834
 20
50034.9745016645
 30
0.0
 11
6147.498117510117
 21
50034.9745016583
 31
0.0
  0
LINE
  5
169B
102
{ACAD_REACTORS
330
172A
102
}
330
1F
100
AcDbEntity
  8
FUR
100
AcDbLine
 10
6980.831450849014
 20
50034.9745016645
 30
0.0
 11
6230.831450841834
 21
50034.9745016645
 31
0.0
  0
LINE
  5
169C
102
{ACAD_REACTORS
330
1734
102
}
330
1F
100
AcDbEntity
  8
FUR
100
AcDbLine
 10
15254.25322157897
 20
47169.97450165518
 30
0.0
 11
15254.25322157897
 21
47982.47450165222
 31
0.0
  0
LINE
  5
169D
102
{ACAD_REACTORS
330
1734
102
}
330
1F
100
AcDbEntity
  8
FUR
100
AcDbLine
 10
15254.25322157897
 20
47919.97450165809
 30
0.0
 11
15254.25322157897
 21
48669.97450165518
 31
0.0
  0
LINE
  5
169E
102
{ACAD_REACTORS
330
1734
102
}
330
1F
100
AcDbEntity
  8
FUR
100
AcDbLine
 10
15191.75322158833
 20
47232.47450165397
 30
0.0
 11
15191.75322158833
 21
47982.47450165222
 31
0.0
  0
LINE
  5
169F
102
{ACAD_REACTORS
330
1734
102
}
330
1F
100
AcDbEntity
  8
FUR
100
AcDbLine
 10
15129.25322158372
 20
47919.97450165809
 30
0.0
 11
15129.25322158372
 21
48607.47450165639
 31
0.0
  0
LINE
  5
16A0
102
{ACAD_REACTORS
330
1734
102
}
330
1F
100
AcDbEntity
  8
FUR
100
AcDbLine
 10
15173.00322158835
 20
48544.9745016576
 30
0.0
 11
15173.00322158835
 21
47982.47450165222
 31
0.0
  0
LINE
  5
16A1
102
{ACAD_REACTORS
330
1734
102
}
330
1F
100
AcDbEntity
  8
FUR
100
AcDbLine
 10
15148.00322158371
 20
48544.9745016576
 30
0.0
 11
15148.00322158371
 21
47982.47450165222
 31
0.0
  0
LINE
  5
16A2
102
{ACAD_REACTORS
330
1734
102
}
330
1F
100
AcDbEntity
  8
FUR
100
AcDbLine
 10
15160.5032215837
 20
48544.9745016576
 30
0.0
 11
15160.5032215837
 21
47982.47450165222
 31
0.0
  0
LINE
  5
16A3
102
{ACAD_REACTORS
330
1734
102
}
330
1F
100
AcDbEntity
  8
FUR
100
AcDbLine
 10
15129.25322158372
 20
48669.97450165518
 30
0.0
 11
15129.25322158372
 21
48544.9745016576
 31
0.0
  0
LINE
  5
16A4
102
{ACAD_REACTORS
330
1734
102
}
330
1F
100
AcDbEntity
  8
FUR
100
AcDbLine
 10
15129.25322158372
 20
47919.97450165809
 30
0.0
 11
15129.25322158372
 21
47169.97450165518
 31
0.0
  0
LINE
  5
16A5
102
{ACAD_REACTORS
330
1734
102
}
330
1F
100
AcDbEntity
  8
FUR
100
AcDbLine
 10
15254.25322157897
 20
47294.97450165392
 30
0.0
 11
15191.75322158833
 21
47294.97450165392
 31
0.0
  0
LINE
  5
16A6
102
{ACAD_REACTORS
330
1734
102
}
330
1F
100
AcDbEntity
  8
FUR
100
AcDbLine
 10
15191.75322158833
 20
47919.97450165344
 30
0.0
 11
15254.25322157897
 21
47919.97450165344
 31
0.0
  0
LINE
  5
16A7
102
{ACAD_REACTORS
330
1734
102
}
330
1F
100
AcDbEntity
  8
FUR
100
AcDbLine
 10
15129.25322158372
 20
47919.97450165809
 30
0.0
 11
15191.75322158833
 21
47919.97450165809
 31
0.0
  0
LINE
  5
16A8
102
{ACAD_REACTORS
330
1734
102
}
330
1F
100
AcDbEntity
  8
FUR
100
AcDbLine
 10
15129.25322158372
 20
47982.47450165222
 30
0.0
 11
15254.25322157897
 21
47982.47450165222
 31
0.0
  0
LINE
  5
16A9
102
{ACAD_REACTORS
330
1734
102
}
330
1F
100
AcDbEntity
  8
FUR
100
AcDbLine
 10
15129.25322158372
 20
47232.47450165397
 30
0.0
 11
15129.25322158372
 21
47169.97450165518
 31
0.0
  0
LINE
  5
16AA
102
{ACAD_REACTORS
330
1734
102
}
330
1F
100
AcDbEntity
  8
FUR
100
AcDbLine
 10
15254.25322157897
 20
47232.47450165397
 30
0.0
 11
15129.25322158372
 21
47232.47450165397
 31
0.0
  0
LINE
  5
16AB
102
{ACAD_REACTORS
330
1734
102
}
330
1F
100
AcDbEntity
  8
FUR
100
AcDbLine
 10
15129.25322158372
 20
47169.97450165518
 30
0.0
 11
15254.25322157897
 21
47169.97450165518
 31
0.0
  0
LINE
  5
16AC
102
{ACAD_REACTORS
330
1734
102
}
330
1F
100
AcDbEntity
  8
FUR
100
AcDbLine
 10
15254.25322157897
 20
47232.47450165397
 30
0.0
 11
15129.25322158372
 21
47232.47450165397
 31
0.0
  0
LINE
  5
16AD
102
{ACAD_REACTORS
330
1734
102
}
330
1F
100
AcDbEntity
  8
FUR
100
AcDbLine
 10
15223.00322158365
 20
47294.97450165392
 30
0.0
 11
15223.00322158365
 21
47919.97450165344
 31
0.0
  0
LINE
  5
16AE
102
{ACAD_REACTORS
330
1734
102
}
330
1F
100
AcDbEntity
  8
FUR
100
AcDbLine
 10
15210.50322158366
 20
47294.97450165392
 30
0.0
 11
15210.50322158366
 21
47919.97450165344
 31
0.0
  0
LINE
  5
16AF
102
{ACAD_REACTORS
330
1734
102
}
330
1F
100
AcDbEntity
  8
FUR
100
AcDbLine
 10
15235.50322158364
 20
47294.97450165392
 30
0.0
 11
15235.50322158364
 21
47919.97450165344
 31
0.0
  0
LINE
  5
16B0
102
{ACAD_REACTORS
330
1734
102
}
330
1F
100
AcDbEntity
  8
FUR
100
AcDbLine
 10
15191.75322158833
 20
48544.9745016576
 30
0.0
 11
15129.25322158372
 21
48544.9745016576
 31
0.0
  0
LINE
  5
16B1
102
{ACAD_REACTORS
330
1734
102
}
330
1F
100
AcDbEntity
  8
FUR
100
AcDbLine
 10
15129.25322158372
 20
48607.47450165639
 30
0.0
 11
15129.25322158372
 21
48669.97450165518
 31
0.0
  0
LINE
  5
16B2
102
{ACAD_REACTORS
330
1734
102
}
330
1F
100
AcDbEntity
  8
FUR
100
AcDbLine
 10
15254.25322157897
 20
48607.47450165639
 30
0.0
 11
15129.25322158372
 21
48607.47450165639
 31
0.0
  0
LINE
  5
16B3
102
{ACAD_REACTORS
330
1734
102
}
330
1F
100
AcDbEntity
  8
FUR
100
AcDbLine
 10
15254.25322157897
 20
48669.97450165518
 30
0.0
 11
15254.25322157897
 21
48607.47450165639
 31
0.0
  0
LINE
  5
16B4
102
{ACAD_REACTORS
330
1734
102
}
330
1F
100
AcDbEntity
  8
FUR
100
AcDbLine
 10
15254.25322157897
 20
48669.97450165518
 30
0.0
 11
15129.25322158372
 21
48669.97450165518
 31
0.0
  0
LINE
  5
16B5
102
{ACAD_REACTORS
330
1734
102
}
330
1F
100
AcDbEntity
  8
FUR
100
AcDbLine
 10
15254.25322157897
 20
48607.47450165639
 30
0.0
 11
15129.25322158372
 21
48607.47450165639
 31
0.0
  0
LINE
  5
16B6
102
{ACAD_REACTORS
330
1734
102
}
330
1F
100
AcDbEntity
  8
FUR
100
AcDbLine
 10
15254.25322157897
 20
48607.47450165639
 30
0.0
 11
15129.25322158372
 21
48607.47450165639
 31
0.0
  0
LINE
  5
16B7
102
{ACAD_REACTORS
330
1734
102
}
330
1F
100
AcDbEntity
  8
FUR
100
AcDbLine
 10
15191.75322158833
 20
48544.9745016576
 30
0.0
 11
15191.75322158368
 21
48607.47450165639
 31
0.0
  0
LINE
  5
16B8
102
{ACAD_REACTORS
330
1734
102
}
330
1F
100
AcDbEntity
  8
FUR
100
AcDbLine
 10
15191.75322158833
 20
47982.47450165222
 30
0.0
 11
15191.75322158833
 21
48544.9745016576
 31
0.0
  0
LINE
  5
16D6
102
{ACAD_REACTORS
330
1736
102
}
330
1F
100
AcDbEntity
  8
FUR
100
AcDbLine
 10
13926.75322158138
 20
50097.4745016528
 30
0.0
 11
13114.25322158433
 21
50097.4745016528
 31
0.0
  0
LINE
  5
16D7
102
{ACAD_REACTORS
330
1736
102
}
330
1F
100
AcDbEntity
  8
FUR
100
AcDbLine
 10
13176.75322157847
 20
50097.4745016528
 30
0.0
 11
12426.75322158138
 21
50097.4745016528
 31
0.0
  0
LINE
  5
16D8
102
{ACAD_REACTORS
330
1736
102
}
330
1F
100
AcDbEntity
  8
FUR
100
AcDbLine
 10
13864.25322158259
 20
50034.97450166216
 30
0.0
 11
13114.25322158433
 21
50034.97450166216
 31
0.0
  0
LINE
  5
16D9
102
{ACAD_REACTORS
330
1736
102
}
330
1F
100
AcDbEntity
  8
FUR
100
AcDbLine
 10
13176.75322157847
 20
49972.47450165755
 30
0.0
 11
12489.25322158016
 21
49972.47450165755
 31
0.0
  0
LINE
  5
16DA
102
{ACAD_REACTORS
330
1736
102
}
330
1F
100
AcDbEntity
  8
FUR
100
AcDbLine
 10
12551.75322157895
 20
50016.22450166218
 30
0.0
 11
13114.25322158433
 21
50016.22450166218
 31
0.0
  0
LINE
  5
16DB
102
{ACAD_REACTORS
330
1736
102
}
330
1F
100
AcDbEntity
  8
FUR
100
AcDbLine
 10
12551.75322157895
 20
49991.22450165754
 30
0.0
 11
13114.25322158433
 21
49991.22450165754
 31
0.0
  0
LINE
  5
16DC
102
{ACAD_REACTORS
330
1736
102
}
330
1F
100
AcDbEntity
  8
FUR
100
AcDbLine
 10
12551.75322157895
 20
50003.72450165753
 30
0.0
 11
13114.25322158433
 21
50003.72450165753
 31
0.0
  0
LINE
  5
16DD
102
{ACAD_REACTORS
330
1736
102
}
330
1F
100
AcDbEntity
  8
FUR
100
AcDbLine
 10
12426.75322158138
 20
49972.47450165755
 30
0.0
 11
12551.75322157895
 21
49972.47450165755
 31
0.0
  0
LINE
  5
16DE
102
{ACAD_REACTORS
330
1736
102
}
330
1F
100
AcDbEntity
  8
FUR
100
AcDbLine
 10
13176.75322157847
 20
49972.47450165755
 30
0.0
 11
13926.75322158138
 21
49972.47450165755
 31
0.0
  0
LINE
  5
16DF
102
{ACAD_REACTORS
330
1736
102
}
330
1F
100
AcDbEntity
  8
FUR
100
AcDbLine
 10
13801.75322158264
 20
50097.4745016528
 30
0.0
 11
13801.75322158264
 21
50034.97450166216
 31
0.0
  0
LINE
  5
16E0
102
{ACAD_REACTORS
330
1736
102
}
330
1F
100
AcDbEntity
  8
FUR
100
AcDbLine
 10
13176.75322158312
 20
50034.97450166216
 30
0.0
 11
13176.75322158312
 21
50097.4745016528
 31
0.0
  0
LINE
  5
16E1
102
{ACAD_REACTORS
330
1736
102
}
330
1F
100
AcDbEntity
  8
FUR
100
AcDbLine
 10
13176.75322157847
 20
49972.47450165755
 30
0.0
 11
13176.75322157847
 21
50034.97450166216
 31
0.0
  0
LINE
  5
16E2
102
{ACAD_REACTORS
330
1736
102
}
330
1F
100
AcDbEntity
  8
FUR
100
AcDbLine
 10
13114.25322158433
 20
49972.47450165755
 30
0.0
 11
13114.25322158433
 21
50097.4745016528
 31
0.0
  0
LINE
  5
16E3
102
{ACAD_REACTORS
330
1736
102
}
330
1F
100
AcDbEntity
  8
FUR
100
AcDbLine
 10
13864.25322158259
 20
49972.47450165755
 30
0.0
 11
13926.75322158138
 21
49972.47450165755
 31
0.0
  0
LINE
  5
16E4
102
{ACAD_REACTORS
330
1736
102
}
330
1F
100
AcDbEntity
  8
FUR
100
AcDbLine
 10
13864.25322158259
 20
50097.4745016528
 30
0.0
 11
13864.25322158259
 21
49972.47450165755
 31
0.0
  0
LINE
  5
16E5
102
{ACAD_REACTORS
330
1736
102
}
330
1F
100
AcDbEntity
  8
FUR
100
AcDbLine
 10
13926.75322158138
 20
49972.47450165755
 30
0.0
 11
13926.75322158138
 21
50097.4745016528
 31
0.0
  0
LINE
  5
16E6
102
{ACAD_REACTORS
330
1736
102
}
330
1F
100
AcDbEntity
  8
FUR
100
AcDbLine
 10
13864.25322158259
 20
50097.4745016528
 30
0.0
 11
13864.25322158259
 21
49972.47450165755
 31
0.0
  0
LINE
  5
16E7
102
{ACAD_REACTORS
330
1736
102
}
330
1F
100
AcDbEntity
  8
FUR
100
AcDbLine
 10
13801.75322158264
 20
50066.22450165749
 30
0.0
 11
13176.75322158312
 21
50066.22450165749
 31
0.0
  0
LINE
  5
16E8
102
{ACAD_REACTORS
330
1736
102
}
330
1F
100
AcDbEntity
  8
FUR
100
AcDbLine
 10
13801.75322158264
 20
50053.72450165749
 30
0.0
 11
13176.75322158312
 21
50053.72450165749
 31
0.0
  0
LINE
  5
16E9
102
{ACAD_REACTORS
330
1736
102
}
330
1F
100
AcDbEntity
  8
FUR
100
AcDbLine
 10
13801.75322158264
 20
50078.72450165748
 30
0.0
 11
13176.75322158312
 21
50078.72450165748
 31
0.0
  0
LINE
  5
16EA
102
{ACAD_REACTORS
330
1736
102
}
330
1F
100
AcDbEntity
  8
FUR
100
AcDbLine
 10
12551.75322157895
 20
50034.97450166216
 30
0.0
 11
12551.75322157895
 21
49972.47450165755
 31
0.0
  0
LINE
  5
16EB
102
{ACAD_REACTORS
330
1736
102
}
330
1F
100
AcDbEntity
  8
FUR
100
AcDbLine
 10
12489.25322158016
 20
49972.47450165755
 30
0.0
 11
12426.75322158138
 21
49972.47450165755
 31
0.0
  0
LINE
  5
16EC
102
{ACAD_REACTORS
330
1736
102
}
330
1F
100
AcDbEntity
  8
FUR
100
AcDbLine
 10
12489.25322158016
 20
50097.4745016528
 30
0.0
 11
12489.25322158016
 21
49972.47450165755
 31
0.0
  0
LINE
  5
16ED
102
{ACAD_REACTORS
330
1736
102
}
330
1F
100
AcDbEntity
  8
FUR
100
AcDbLine
 10
12426.75322158138
 20
50097.4745016528
 30
0.0
 11
12489.25322158016
 21
50097.4745016528
 31
0.0
  0
LINE
  5
16EE
102
{ACAD_REACTORS
330
1736
102
}
330
1F
100
AcDbEntity
  8
FUR
100
AcDbLine
 10
12426.75322158138
 20
50097.4745016528
 30
0.0
 11
12426.75322158138
 21
49972.47450165755
 31
0.0
  0
LINE
  5
16EF
102
{ACAD_REACTORS
330
1736
102
}
330
1F
100
AcDbEntity
  8
FUR
100
AcDbLine
 10
12489.25322158016
 20
50097.4745016528
 30
0.0
 11
12489.25322158016
 21
49972.47450165755
 31
0.0
  0
LINE
  5
16F0
102
{ACAD_REACTORS
330
1736
102
}
330
1F
100
AcDbEntity
  8
FUR
100
AcDbLine
 10
12489.25322158016
 20
50097.4745016528
 30
0.0
 11
12489.25322158016
 21
49972.47450165755
 31
0.0
  0
LINE
  5
16F1
102
{ACAD_REACTORS
330
1736
102
}
330
1F
100
AcDbEntity
  8
FUR
100
AcDbLine
 10
12551.75322157895
 20
50034.97450166216
 30
0.0
 11
12489.25322158016
 21
50034.97450165751
 31
0.0
  0
LINE
  5
16F2
102
{ACAD_REACTORS
330
1736
102
}
330
1F
100
AcDbEntity
  8
FUR
100
AcDbLine
 10
13114.25322158433
 20
50034.97450166216
 30
0.0
 11
12551.75322157895
 21
50034.97450166216
 31
0.0
  0
LINE
  5
1711
330
1F
100
AcDbEntity
  8
0
100
AcDbLine
 10
14571.75322158134
 20
45489.97450165518
 30
0.0
 11
14571.75322158135
 21
44889.97450165518
 31
0.0
  0
LINE
  5
1748
330
1F
100
AcDbEntity
  8
wall
100
AcDbLine
 10
15306.75322158133
 20
42409.97450165521
 30
0.0
 11
9066.753221581322
 21
42409.97450165516
 31
0.0
  0
LINE
  5
174D
330
1F
100
AcDbEntity
  8
wall
100
AcDbLine
 10
11276.75322158135
 20
44875.48531104838
 30
0.0
 11
11046.75322158135
 21
44875.48531104838
 31
0.0
  0
LINE
  5
174E
330
1F
100
AcDbEntity
  8
wall
100
AcDbLine
 10
11276.75322158135
 20
44025.48531104838
 30
0.0
 11
11046.75322158135
 21
44025.48531104838
 31
0.0
  0
LINE
  5
174F
330
1F
100
AcDbEntity
  8
wall
100
AcDbLine
 10
11046.75322158135
 20
44025.48531104838
 30
0.0
 11
11276.75322158135
 21
44025.48531104838
 31
0.0
  0
LINE
  5
1750
330
1F
100
AcDbEntity
  8
wall
100
AcDbLine
 10
11276.75322158135
 20
44025.48531104838
 30
0.0
 11
11276.75322158135
 21
42639.97450165519
 31
0.0
  0
LINE
  5
1751
330
1F
100
AcDbEntity
  8
wall
100
AcDbLine
 10
11046.75322158135
 20
44025.48531104838
 30
0.0
 11
11046.75322158135
 21
42639.97450165519
 31
0.0
  0
LINE
  5
1752
330
1F
100
AcDbEntity
  8
ELE 2
100
AcDbLine
 10
13926.75322158138
 20
50149.97450165518
 30
0.0
 11
13926.75322158138
 21
51349.97450165518
 31
0.0
  0
LINE
  5
1753
330
1F
100
AcDbEntity
  8
ELE 2
100
AcDbLine
 10
13926.75322158138
 20
51349.97450165518
 30
0.0
 11
16506.75322158136
 21
51349.97450165518
 31
0.0
  0
LINE
  5
1754
330
1F
100
AcDbEntity
  8
ELE 2
100
AcDbLine
 10
15306.75322158136
 20
45689.97450165518
 30
0.0
 11
16506.75322158136
 21
45689.97450165518
 31
0.0
  0
LINE
  5
1755
330
1F
100
AcDbEntity
  8
ELE 2
100
AcDbLine
 10
16506.75322158136
 20
45689.97450165518
 30
0.0
 11
16506.75322158136
 21
51349.97450165518
 31
0.0
  0
LINE
  5
1757
330
1F
100
AcDbEntity
  8
wall
100
AcDbLine
 10
9296.753221581365
 20
47239.97450165517
 30
0.0
 11
9296.753221581365
 21
45919.97450165519
 31
0.0
  0
LINE
  5
1758
330
1F
100
AcDbEntity
  8
wall
100
AcDbLine
 10
9296.753221581365
 20
45689.97450165518
 30
0.0
 11
9296.753221581365
 21
42639.97450165518
 31
0.0
  0
LINE
  5
1759
102
{ACAD_REACTORS
330
1766
102
}
330
1F
100
AcDbEntity
  8
ELE 1
100
AcDbLine
 10
9428.694478530255
 20
45896.23523579398
 30
0.0
 11
9428.694478530257
 21
46830.51700155673
 31
0.0
  0
LINE
  5
175A
102
{ACAD_REACTORS
330
1766
102
}
330
1F
100
AcDbEntity
  8
ELE 1
100
AcDbLine
 10
9465.19877218712
 20
45896.23523579398
 30
0.0
 11
9465.198772187106
 21
46829.77170543178
 31
0.0
  0
LWPOLYLINE
  5
175B
102
{ACAD_REACTORS
330
1766
102
}
330
1F
100
AcDbEntity
  8
ELE 1
100
AcDbPolyline
 90
        2
 70
     0
 43
0.0
 10
9428.694478530255
 20
45896.23523579398
 10
9465.19877218712
 20
45896.23523579398
  0
ARC
  5
175C
102
{ACAD_REACTORS
330
1766
102
}
330
1F
100
AcDbEntity
  8
ABOVE-DOTTED
100
AcDbCircle
 10
9399.386333874508
 20
45866.92709113775
 30
0.0
 40
964.035519469475
100
AcDbArc
 50
1.742147193213445
 51
88.25785280677736
  0
LWPOLYLINE
  5
175D
102
{ACAD_REACTORS
330
1766
102
}
330
1F
100
AcDbEntity
  8
ELE 1
100
AcDbPolyline
 90
        8
 70
     1
 43
0.0
 10
10394.91750123905
 20
45896.23523579398
 10
10394.91750123906
 20
45713.71376751638
 10
10362.97624429015
 20
45713.71376751638
 10
10362.97624429015
 20
45759.34413458579
 10
10349.28713416965
 20
45759.34413458579
 10
10349.28713416965
 20
45850.60486872459
 10
10362.97624429015
 20
45850.60486872459
 10
10362.97624429015
 20
45896.23523579398
  0
LINE
  5
175E
102
{ACAD_REACTORS
330
1766
102
}
330
1F
100
AcDbEntity
  8
ELE 1
100
AcDbLine
 10
9396.753221581347
 20
45896.23523579398
 30
0.0
 11
9396.753221581352
 21
45713.71376751637
 31
0.0
  0
LINE
  5
175F
102
{ACAD_REACTORS
330
1766
102
}
330
1F
100
AcDbEntity
  8
ELE 1
100
AcDbLine
 10
9396.753221581352
 20
45713.71376751637
 30
0.0
 11
9428.694478530259
 21
45713.71376751637
 31
0.0
  0
LINE
  5
1760
102
{ACAD_REACTORS
330
1766
102
}
330
1F
100
AcDbEntity
  8
ELE 1
100
AcDbLine
 10
9428.694478530259
 20
45713.71376751637
 30
0.0
 11
9428.694478530257
 21
45759.34413458577
 31
0.0
  0
LINE
  5
1761
102
{ACAD_REACTORS
330
1766
102
}
330
1F
100
AcDbEntity
  8
ELE 1
100
AcDbLine
 10
9428.694478530257
 20
45759.34413458577
 30
0.0
 11
9442.383588650754
 21
45759.34413458577
 31
0.0
  0
LINE
  5
1762
102
{ACAD_REACTORS
330
1766
102
}
330
1F
100
AcDbEntity
  8
ELE 1
100
AcDbLine
 10
9442.383588650754
 20
45759.34413458577
 30
0.0
 11
9442.383588650754
 21
45850.60486872459
 31
0.0
  0
LINE
  5
1763
102
{ACAD_REACTORS
330
1766
102
}
330
1F
100
AcDbEntity
  8
ELE 1
100
AcDbLine
 10
9442.383588650754
 20
45850.60486872459
 30
0.0
 11
9428.694478530257
 21
45850.60486872459
 31
0.0
  0
LINE
  5
1764
102
{ACAD_REACTORS
330
1766
102
}
330
1F
100
AcDbEntity
  8
ELE 1
100
AcDbLine
 10
9428.694478530257
 20
45850.60486872459
 30
0.0
 11
9428.694478530255
 21
45896.23523579398
 31
0.0
  0
LINE
  5
1765
102
{ACAD_REACTORS
330
1766
102
}
330
1F
100
AcDbEntity
  8
ELE 1
100
AcDbLine
 10
9428.694478530255
 20
45896.23523579398
 30
0.0
 11
9396.753221581347
 21
45896.23523579398
 31
0.0
  0
LINE
  5
1768
330
1F
100
AcDbEntity
  8
wall
100
AcDbLine
 10
10394.91750123906
 20
45919.97450165518
 30
0.0
 11
10394.91750123906
 21
45689.9745016552
 31
0.0
  0
LINE
  5
1769
330
1F
100
AcDbEntity
  8
wall
100
AcDbLine
 10
9066.753221581334
 20
45919.97450165518
 30
0.0
 11
4466.753221581335
 21
45919.9745016552
 31
0.0
  0
LINE
  5
176B
330
1F
100
AcDbEntity
  8
wall
100
AcDbLine
 10
9066.753221581334
 20
45689.97450165518
 30
0.0
 11
4236.753221581334
 21
45689.97450165519
 31
0.0
  0
LINE
  5
176E
330
1F
100
AcDbEntity
  8
ELE 2
100
AcDbLine
 10
1236.75322158135
 20
44009.9745016552
 30
0.0
 11
236.7532215813644
 21
44009.9745016552
 31
0.0
  0
LINE
  5
176F
330
1F
100
AcDbEntity
  8
ELE 2
100
AcDbLine
 10
1236.753221581364
 20
42639.97450165518
 30
0.0
 11
236.7532215813644
 21
42639.97450165518
 31
0.0
  0
LINE
  5
1770
330
1F
100
AcDbEntity
  8
ELE 2
100
AcDbLine
 10
236.7532215813644
 20
44009.9745016552
 30
0.0
 11
236.7532215813644
 21
43824.97450165519
 31
0.0
  0
LINE
  5
1771
330
1F
100
AcDbEntity
  8
ELE 2
100
AcDbLine
 10
236.7532215813644
 20
42824.9745016552
 30
0.0
 11
236.7532215813644
 21
42639.97450165519
 31
0.0
  0
LINE
  5
1772
330
1F
100
AcDbEntity
  8
ELE 2
100
AcDbLine
 10
1236.753221581364
 20
44009.9745016552
 30
0.0
 11
1236.75322158135
 21
42639.97450165518
 31
0.0
  0
LINE
  5
1773
330
1F
100
AcDbEntity
  8
ELE 2
100
AcDbLine
 10
236.7532215813644
 20
42824.9745016552
 30
0.0
 11
6.753221581364414
 21
42824.9745016552
 31
0.0
  0
LINE
  5
1774
330
1F
100
AcDbEntity
  8
ELE 2
100
AcDbLine
 10
236.7532215813644
 20
43824.97450165519
 30
0.0
 11
6.753221581364414
 21
43824.97450165519
 31
0.0
  0
LINE
  5
1775
330
1F
100
AcDbEntity
  8
SILL
100
AcDbLine
 10
236.7532215813644
 20
43824.97450165519
 30
0.0
 11
236.7532215813644
 21
42824.9745016552
 31
0.0
  0
LINE
  5
1776
330
1F
100
AcDbEntity
  8
ABOVE-DOTTED
100
AcDbLine
 10
1236.75322158135
 20
44009.9745016552
 30
0.0
 11
236.7532215813644
 21
42639.97450165518
 31
0.0
  0
LINE
  5
1777
330
1F
100
AcDbEntity
  8
ABOVE-DOTTED
100
AcDbLine
 10
1236.75322158135
 20
42639.97450165518
 30
0.0
 11
236.7532215813644
 21
44009.9745016552
 31
0.0
  0
LINE
  5
1778
330
1F
100
AcDbEntity
  8
0
100
AcDbLine
 10
121.7532215813644
 20
43824.97450165519
 30
0.0
 11
121.7532215813644
 21
42824.9745016552
 31
0.0
  0
LINE
  5
177A
330
1F
100
AcDbEntity
  8
ELE 2
100
AcDbLine
 10
9066.753221581365
 20
37729.97450165529
 30
0.0
 11
9066.753221581365
 21
37329.97450165518
 31
0.0
  0
LWPOLYLINE
  5
177B
330
1F
100
AcDbEntity
  8
ELE 2
100
AcDbPolyline
 90
        4
 70
     1
 43
0.0
 10
4666.753221581379
 20
38329.97450165518
 10
6.753221581364414
 20
38329.97450165518
 10
6.753221581364414
 20
42639.97450165518
 10
4666.753221581379
 20
42639.97450165518
  0
LINE
  5
177D
330
1F
100
AcDbEntity
  8
ELE 2
100
AcDbLine
 10
4666.753221581379
 20
42639.97450165518
 30
0.0
 11
6.753221581364414
 21
38329.97450165518
 31
0.0
  0
LINE
  5
177E
330
1F
100
AcDbEntity
  8
ELE 2
100
AcDbLine
 10
4666.753221581379
 20
38329.97450165518
 30
0.0
 11
6.753221581364414
 21
42639.97450165518
 31
0.0
  0
LINE
  5
1781
330
1F
100
AcDbEntity
  8
ELE 2
100
AcDbLine
 10
4236.753221581335
 20
45689.97450165519
 30
0.0
 11
6.753221581364414
 21
50149.97450165518
 31
0.0
  0
LINE
  5
1782
330
1F
100
AcDbEntity
  8
ELE 2
100
AcDbLine
 10
4236.753221581349
 20
50149.97450165518
 30
0.0
 11
6.753221581364414
 21
45689.97450165518
 31
0.0
  0
ARC
  5
17A8
102
{ACAD_REACTORS
330
17C5
102
}
330
1F
100
AcDbEntity
  8
FURN
100
AcDbCircle
 10
13062.70642672243
 20
48164.29269609638
 30
0.0
 40
1663.754472219193
100
AcDbArc
 50
273.3064569998806
 51
286.9428860002065
  0
ARC
  5
17A9
102
{ACAD_REACTORS
330
17C5
102
}
330
1F
100
AcDbEntity
  8
FURN
100
AcDbCircle
 10
14392.46231560993
 20
44153.77080721474
 30
0.0
 40
2562.291916662001
100
AcDbArc
 50
93.36646100010467
 51
109.2534040003135
  0
LINE
  5
17AA
102
{ACAD_REACTORS
330
17C5
102
}
330
1F
100
AcDbEntity
  8
FURN
100
AcDbLine
 10
14241.9993433868
 20
45919.97450165518
 30
0.0
 11
12075.33267672364
 21
45919.97450165518
 31
0.0
  0
LINE
  5
17AB
102
{ACAD_REACTORS
330
17C5
102
}
330
1F
100
AcDbEntity
  8
FURN
100
AcDbLine
 10
12075.33267672364
 20
46086.64116832481
 30
0.0
 11
12075.33267672364
 21
48253.30783498798
 31
0.0
  0
LINE
  5
17AC
102
{ACAD_REACTORS
330
17C5
102
}
330
1F
100
AcDbEntity
  8
FURN
100
AcDbLine
 10
12158.66601005684
 20
48336.64116831793
 30
0.0
 11
14158.66601005684
 21
48336.64116831793
 31
0.0
  0
LINE
  5
17AD
102
{ACAD_REACTORS
330
17C5
102
}
330
1F
100
AcDbEntity
  8
FURN
100
AcDbLine
 10
14241.9993433868
 20
48253.30783498798
 30
0.0
 11
14241.9993433868
 21
46086.64116832481
 31
0.0
  0
LINE
  5
17AE
102
{ACAD_REACTORS
330
17C5
102
}
330
1F
100
AcDbEntity
  8
FURN
100
AcDbLine
 10
14241.9993433868
 20
46003.30783498515
 30
0.0
 11
12075.33267672364
 21
46003.30783498515
 31
0.0
  0
LINE
  5
17AF
102
{ACAD_REACTORS
330
17C5
102
}
330
1F
100
AcDbEntity
  8
FURN
100
AcDbLine
 10
14158.66601005684
 20
46058.86339054385
 30
0.0
 11
14158.66601005684
 21
46447.75227943211
 31
0.0
  0
LINE
  5
17B0
102
{ACAD_REACTORS
330
17C5
102
}
330
1F
100
AcDbEntity
  8
FURN
100
AcDbLine
 10
14158.66601005684
 20
46447.75227943211
 30
0.0
 11
13241.99934338842
 21
46447.75227943211
 31
0.0
  0
LINE
  5
17B1
102
{ACAD_REACTORS
330
17C5
102
}
330
1F
100
AcDbEntity
  8
FURN
100
AcDbLine
 10
13241.99934338842
 20
46447.75227943211
 30
0.0
 11
13241.99934338842
 21
46058.86339054385
 31
0.0
  0
LINE
  5
17B2
102
{ACAD_REACTORS
330
17C5
102
}
330
1F
100
AcDbEntity
  8
FURN
100
AcDbLine
 10
13241.99934338842
 20
46058.86339054385
 30
0.0
 11
14158.66601005684
 21
46058.86339054385
 31
0.0
  0
LINE
  5
17B3
102
{ACAD_REACTORS
330
17C5
102
}
330
1F
100
AcDbEntity
  8
FURN
100
AcDbLine
 10
12158.66601005684
 20
46058.86339054385
 30
0.0
 11
13075.33267672526
 21
46058.86339054385
 31
0.0
  0
LINE
  5
17B4
102
{ACAD_REACTORS
330
17C5
102
}
330
1F
100
AcDbEntity
  8
FURN
100
AcDbLine
 10
12158.66601005684
 20
46447.75227943211
 30
0.0
 11
12158.66601005684
 21
46058.86339054385
 31
0.0
  0
LINE
  5
17B5
102
{ACAD_REACTORS
330
17C5
102
}
330
1F
100
AcDbEntity
  8
FURN
100
AcDbLine
 10
13075.33267672526
 20
46447.75227943211
 30
0.0
 11
12158.66601005684
 21
46447.75227943211
 31
0.0
  0
LINE
  5
17B6
102
{ACAD_REACTORS
330
17C5
102
}
330
1F
100
AcDbEntity
  8
FURN
100
AcDbLine
 10
13075.33267672526
 20
46058.86339054385
 30
0.0
 11
13075.33267672526
 21
46447.75227943211
 31
0.0
  0
LINE
  5
17B7
102
{ACAD_REACTORS
330
17C5
102
}
330
1F
100
AcDbEntity
  8
FURN
100
AcDbLine
 10
13603.11045450218
 20
46725.53005720943
 30
0.0
 11
12075.33267672364
 21
46725.53005720943
 31
0.0
  0
ARC
  5
17B8
102
{ACAD_REACTORS
330
17C5
102
}
330
1F
100
AcDbEntity
  8
FURN
100
AcDbCircle
 10
14200.3326767202
 20
45940.80783498524
 30
0.0
 40
981.6261388871016
100
AcDbArc
 50
87.56726000000062
 51
129.5460809999218
  0
ARC
  5
17B9
102
{ACAD_REACTORS
330
17C5
102
}
330
1F
100
AcDbEntity
  8
FURN
100
AcDbCircle
 10
12974.5262322754
 20
47523.46911276537
 30
0.0
 40
1021.164388887029
100
AcDbArc
 50
272.5397819999519
 51
306.0403109996703
  0
LINE
  5
17BA
102
{ACAD_REACTORS
330
17C5
102
}
330
1F
100
AcDbEntity
  8
FURN
100
AcDbLine
 10
13158.66601005522
 20
46503.30783498757
 30
0.0
 11
12075.33267672364
 21
46503.30783498757
 31
0.0
  0
ARC
  5
17BB
102
{ACAD_REACTORS
330
17C5
102
}
330
1F
100
AcDbEntity
  8
FURN
100
AcDbCircle
 10
14825.33267671919
 20
46253.30783498798
 30
0.0
 40
694.4444444431799
100
AcDbArc
 50
163.7397949999402
 51
196.2602050000597
  0
ARC
  5
17BC
102
{ACAD_REACTORS
330
17C5
102
}
330
1F
100
AcDbEntity
  8
FURN
100
AcDbCircle
 10
12575.33267672606
 20
46253.30783498798
 30
0.0
 40
694.4444444431799
100
AcDbArc
 50
343.7397949999402
 51
16.26020500005975
  0
ARC
  5
17BD
102
{ACAD_REACTORS
330
17C5
102
}
330
1F
100
AcDbEntity
  8
FURN
100
AcDbCircle
 10
11491.99934339448
 20
46253.30783498798
 30
0.0
 40
694.4444444431799
100
AcDbArc
 50
343.7397949999402
 51
16.26020500005975
  0
ARC
  5
17BE
102
{ACAD_REACTORS
330
17C5
102
}
330
1F
100
AcDbEntity
  8
FURN
100
AcDbCircle
 10
13741.99934338761
 20
46253.30783498798
 30
0.0
 40
694.4444444431799
100
AcDbArc
 50
163.7397949999402
 51
196.2602050000597
  0
ARC
  5
17BF
102
{ACAD_REACTORS
330
17C5
102
}
330
1F
100
AcDbEntity
  8
FURN
100
AcDbCircle
 10
14158.66601005684
 20
48253.30783498798
 30
0.0
 40
83.33333333318158
100
AcDbArc
 50
0.0
 51
90.0
  0
ARC
  5
17C0
102
{ACAD_REACTORS
330
17C5
102
}
330
1F
100
AcDbEntity
  8
FURN
100
AcDbCircle
 10
12158.66601005684
 20
48253.30783498798
 30
0.0
 40
83.33333333318158
100
AcDbArc
 50
90.0
 51
180.0
  0
ARC
  5
17C1
102
{ACAD_REACTORS
330
17C5
102
}
330
1F
100
AcDbEntity
  8
FURN
100
AcDbCircle
 10
12158.66601005684
 20
46086.64116832481
 30
0.0
 40
83.33333333318158
100
AcDbArc
 50
180.0
 51
270.0
  0
ARC
  5
17C2
102
{ACAD_REACTORS
330
17C5
102
}
330
1F
100
AcDbEntity
  8
FURN
100
AcDbCircle
 10
14158.66601005684
 20
46086.64116832481
 30
0.0
 40
83.33333333318158
100
AcDbArc
 50
270.0
 51
0.0
  0
LINE
  5
17C3
102
{ACAD_REACTORS
330
17C5
102
}
330
1F
100
AcDbEntity
  8
FURN
100
AcDbLine
 10
12075.33267672364
 20
46003.30783498515
 30
0.0
 11
12075.33267672364
 21
45919.97450165518
 31
0.0
  0
LINE
  5
17C4
102
{ACAD_REACTORS
330
17C5
102
}
330
1F
100
AcDbEntity
  8
FURN
100
AcDbLine
 10
14241.9993433868
 20
46003.30783498515
 30
0.0
 11
14241.9993433868
 21
45919.97450165518
 31
0.0
  0
LWPOLYLINE
  5
17C7
330
1F
100
AcDbEntity
  8
FURN
100
AcDbPolyline
 90
        4
 70
     1
 43
0.0
 10
12075.33267672364
 20
46369.97450165519
 10
12075.33267672364
 20
45919.97450165519
 10
11625.33267672364
 20
45919.97450165519
 10
11625.33267672364
 20
46369.97450165519
  0
LWPOLYLINE
  5
17C8
330
1F
100
AcDbEntity
  8
FURN
100
AcDbPolyline
 90
        4
 70
     1
 43
0.0
 10
14241.9993433868
 20
46369.97450165519
 10
14241.9993433868
 20
45919.97450165519
 10
14691.9993433868
 20
45919.97450165519
 10
14691.9993433868
 20
46369.97450165519
  0
LINE
  5
17D0
330
1F
100
AcDbEntity
  8
wall
100
AcDbLine
 10
13456.75322158133
 20
43504.50440440446
 30
0.0
 11
13226.75322158135
 21
43504.50440440446
 31
0.0
  0
LINE
  5
17D1
330
1F
100
AcDbEntity
  8
wall
100
AcDbLine
 10
13456.75322158133
 20
43054.50440440446
 30
0.0
 11
13226.75322158135
 21
43054.50440440446
 31
0.0
  0
LINE
  5
17D2
330
1F
100
AcDbEntity
  8
wall
100
AcDbLine
 10
13456.75322158133
 20
43054.50440440446
 30
0.0
 11
13456.75322158133
 21
42639.97450165518
 31
0.0
  0
LINE
  5
17D3
330
1F
100
AcDbEntity
  8
wall
100
AcDbLine
 10
13226.75322158135
 20
43054.50440440446
 30
0.0
 11
13226.75322158135
 21
42639.97450165518
 31
0.0
  0
LINE
  5
17D4
330
1F
100
AcDbEntity
  8
SILL
100
AcDbLine
 10
13456.75322158133
 20
43504.50440440446
 30
0.0
 11
13456.75322158133
 21
43054.50440440446
 31
0.0
  0
LINE
  5
17D5
330
1F
100
AcDbEntity
  8
SILL
100
AcDbLine
 10
13226.75322158135
 20
43504.50440440447
 30
0.0
 11
13226.75322158134
 21
43054.50440440446
 31
0.0
  0
LINE
  5
17D7
102
{ACAD_REACTORS
330
17E4
102
}
330
1F
100
AcDbEntity
  8
ELE 1
100
AcDbLine
 10
11239.4675072945
 20
44848.2853110485
 30
0.0
 11
12035.06750729716
 21
44848.28531104849
 31
0.0
  0
LINE
  5
17D8
102
{ACAD_REACTORS
330
17E4
102
}
330
1F
100
AcDbEntity
  8
ELE 1
100
AcDbLine
 10
11239.4675072945
 20
44817.19959676209
 30
0.0
 11
12034.43284052024
 21
44817.19959676209
 31
0.0
  0
LWPOLYLINE
  5
17D9
102
{ACAD_REACTORS
330
17E4
102
}
330
1F
100
AcDbEntity
  8
ELE 1
100
AcDbPolyline
 90
        2
 70
     0
 43
0.0
 10
11239.4675072945
 20
44848.2853110485
 10
11239.4675072945
 20
44817.19959676209
  0
ARC
  5
17DA
102
{ACAD_REACTORS
330
17E4
102
}
330
1F
100
AcDbEntity
  8
ABOVE-DOTTED
100
AcDbCircle
 10
11214.50976890866
 20
44873.24304943393
 30
0.0
 40
820.9372026717366
100
AcDbArc
 50
271.7421471932086
 51
358.2578528067866
  0
LWPOLYLINE
  5
17DB
102
{ACAD_REACTORS
330
17E4
102
}
330
1F
100
AcDbEntity
  8
ELE 1
100
AcDbPolyline
 90
        8
 70
     1
 43
0.0
 10
11239.46750729449
 20
44025.48531104838
 10
11084.03893586819
 20
44025.48531104838
 10
11084.03893586819
 20
44052.68531104827
 10
11122.89607872476
 20
44052.68531104827
 10
11122.89607872476
 20
44064.34245390497
 10
11200.61036443791
 20
44064.34245390497
 10
11200.61036443791
 20
44052.68531104827
 10
11239.46750729449
 20
44052.68531104827
  0
LINE
  5
17DC
102
{ACAD_REACTORS
330
17E4
102
}
330
1F
100
AcDbEntity
  8
ELE 1
100
AcDbLine
 10
11239.4675072945
 20
44875.48531104838
 30
0.0
 11
11084.03893586819
 21
44875.48531104838
 31
0.0
  0
LINE
  5
17DD
102
{ACAD_REACTORS
330
17E4
102
}
330
1F
100
AcDbEntity
  8
ELE 1
100
AcDbLine
 10
11084.03893586819
 20
44875.48531104838
 30
0.0
 11
11084.03893586819
 21
44848.2853110485
 31
0.0
  0
LINE
  5
17DE
102
{ACAD_REACTORS
330
17E4
102
}
330
1F
100
AcDbEntity
  8
ELE 1
100
AcDbLine
 10
11084.03893586819
 20
44848.2853110485
 30
0.0
 11
11122.89607872477
 21
44848.2853110485
 31
0.0
  0
LINE
  5
17DF
102
{ACAD_REACTORS
330
17E4
102
}
330
1F
100
AcDbEntity
  8
ELE 1
100
AcDbLine
 10
11122.89607872477
 20
44848.2853110485
 30
0.0
 11
11122.89607872477
 21
44836.6281681918
 31
0.0
  0
LINE
  5
17E0
102
{ACAD_REACTORS
330
17E4
102
}
330
1F
100
AcDbEntity
  8
ELE 1
100
AcDbLine
 10
11122.89607872477
 20
44836.6281681918
 30
0.0
 11
11200.61036443792
 21
44836.6281681918
 31
0.0
  0
LINE
  5
17E1
102
{ACAD_REACTORS
330
17E4
102
}
330
1F
100
AcDbEntity
  8
ELE 1
100
AcDbLine
 10
11200.61036443792
 20
44836.6281681918
 30
0.0
 11
11200.61036443792
 21
44848.2853110485
 31
0.0
  0
LINE
  5
17E2
102
{ACAD_REACTORS
330
17E4
102
}
330
1F
100
AcDbEntity
  8
ELE 1
100
AcDbLine
 10
11200.61036443792
 20
44848.2853110485
 30
0.0
 11
11239.4675072945
 21
44848.2853110485
 31
0.0
  0
LINE
  5
17E3
102
{ACAD_REACTORS
330
17E4
102
}
330
1F
100
AcDbEntity
  8
ELE 1
100
AcDbLine
 10
11239.4675072945
 20
44848.2853110485
 30
0.0
 11
11239.4675072945
 21
44875.48531104838
 31
0.0
  0
LINE
  5
17E6
102
{ACAD_REACTORS
330
1823
102
}
330
1F
100
AcDbEntity
  8
FURN
100
AcDbLine
 10
13226.75322158135
 20
43507.71869011892
 30
0.0
 11
13226.75322158135
 21
43051.29011869
 31
0.0
  0
LINE
  5
17E7
102
{ACAD_REACTORS
330
1823
102
}
330
1F
100
AcDbEntity
  8
FURN
100
AcDbLine
 10
13023.89607872433
 20
43051.29011869
 30
0.0
 11
13023.89607872433
 21
43507.71869011892
 31
0.0
  0
ARC
  5
17E8
102
{ACAD_REACTORS
330
1823
102
}
330
1F
100
AcDbEntity
  8
FURN
100
AcDbCircle
 10
12819.88644983766
 20
43011.99090362139
 30
0.0
 40
424.0364753324617
100
AcDbArc
 50
90.0
 51
105.0731376427824
  0
ARC
  5
17E9
102
{ACAD_REACTORS
330
1823
102
}
330
1F
100
AcDbEntity
  8
FURN
100
AcDbCircle
 10
12784.38812288512
 20
43143.79922319621
 30
0.0
 40
328.1030896091321
100
AcDbArc
 50
105.0731376427824
 51
123.0315475519804
  0
ARC
  5
17EA
102
{ACAD_REACTORS
330
1823
102
}
330
1F
100
AcDbEntity
  8
FURN
100
AcDbCircle
 10
12855.38477679236
 20
43143.79922319599
 30
0.0
 40
328.1030896092497
100
AcDbArc
 50
59.09657470214058
 51
74.92686235721753
  0
ARC
  5
17EB
102
{ACAD_REACTORS
330
1823
102
}
330
1F
100
AcDbEntity
  8
FURN
100
AcDbCircle
 10
12819.88644983766
 20
43011.99090362117
 30
0.0
 40
424.0364753326227
100
AcDbArc
 50
74.92686235721753
 51
90.0
  0
ARC
  5
17EC
102
{ACAD_REACTORS
330
1823
102
}
330
1F
100
AcDbEntity
  8
FURN
100
AcDbCircle
 10
13049.25322158168
 20
43051.29011869
 30
0.0
 40
25.35714285714909
100
AcDbArc
 50
180.0
 51
270.0
  0
LINE
  5
17ED
102
{ACAD_REACTORS
330
1823
102
}
330
1F
100
AcDbEntity
  8
FURN
100
AcDbLine
 10
12952.89607872421
 20
43144.7174376778
 30
0.0
 11
12952.89607872421
 21
43414.29137113112
 31
0.0
  0
ARC
  5
17EE
102
{ACAD_REACTORS
330
1823
102
}
330
1F
100
AcDbEntity
  8
FURN
100
AcDbCircle
 10
12647.94878719616
 20
43279.50440440436
 30
0.0
 40
131.1955656148112
100
AcDbArc
 50
180.0
 51
212.4997749145027
  0
ARC
  5
17EF
102
{ACAD_REACTORS
330
1823
102
}
330
1F
100
AcDbEntity
  8
FURN
100
AcDbCircle
 10
12647.94878719616
 20
43279.50440440436
 30
0.0
 40
90.62413704336222
100
AcDbArc
 50
180.0
 51
212.4997749145027
  0
ARC
  5
17F0
102
{ACAD_REACTORS
330
1823
102
}
330
1F
100
AcDbEntity
  8
FURN
100
AcDbCircle
 10
12819.88644983766
 20
43547.01790518796
 30
0.0
 40
464.6079039040936
100
AcDbArc
 50
254.9268623570159
 51
270.0
  0
ARC
  5
17F1
102
{ACAD_REACTORS
330
1823
102
}
330
1F
100
AcDbEntity
  8
FURN
100
AcDbCircle
 10
12819.88644983766
 20
43547.01790518796
 30
0.0
 40
424.0364753326574
100
AcDbArc
 50
254.9268623570159
 51
270.0
  0
ARC
  5
17F2
102
{ACAD_REACTORS
330
1823
102
}
330
1F
100
AcDbEntity
  8
FURN
100
AcDbCircle
 10
12730.24002349118
 20
43331.92924932103
 30
0.0
 40
228.767139013323
100
AcDbArc
 50
212.4997749145027
 51
236.9684524480189
  0
ARC
  5
17F3
102
{ACAD_REACTORS
330
1823
102
}
330
1F
100
AcDbEntity
  8
FURN
100
AcDbCircle
 10
12784.38812288512
 20
43415.20958561293
 30
0.0
 40
287.5316610378234
100
AcDbArc
 50
236.9684524480189
 51
254.9268623570159
  0
ARC
  5
17F4
102
{ACAD_REACTORS
330
1823
102
}
330
1F
100
AcDbEntity
  8
FURN
100
AcDbCircle
 10
12784.38812288512
 20
43415.20958561293
 30
0.0
 40
328.1030896092488
100
AcDbArc
 50
236.9684524480189
 51
254.9268623570159
  0
ARC
  5
17F5
102
{ACAD_REACTORS
330
1823
102
}
330
1F
100
AcDbEntity
  8
FURN
100
AcDbCircle
 10
12730.24002349118
 20
43331.92924932125
 30
0.0
 40
188.1957104418842
100
AcDbArc
 50
212.4997749145027
 51
236.9684524480189
  0
LINE
  5
17F6
102
{ACAD_REACTORS
330
1823
102
}
330
1F
100
AcDbEntity
  8
FURN
100
AcDbLine
 10
12975.61372022277
 20
43181.9402314967
 30
0.0
 11
12952.79222568302
 21
43181.9402314967
 31
0.0
  0
LINE
  5
17F7
102
{ACAD_REACTORS
330
1823
102
}
330
1F
100
AcDbEntity
  8
FURN
100
AcDbLine
 10
12952.79222568302
 20
43191.83689915166
 30
0.0
 11
12975.61372022277
 21
43191.83689915166
 31
0.0
  0
ARC
  5
17F8
102
{ACAD_REACTORS
330
1823
102
}
330
1F
100
AcDbEntity
  8
FURN
100
AcDbCircle
 10
12855.38477679236
 20
43415.20958561293
 30
0.0
 40
328.1030896091106
100
AcDbArc
 50
285.073137642984
 51
300.9034252978594
  0
ARC
  5
17F9
102
{ACAD_REACTORS
330
1823
102
}
330
1F
100
AcDbEntity
  8
FURN
100
AcDbCircle
 10
12819.88644983766
 20
43547.01790518776
 30
0.0
 40
424.0364753324157
100
AcDbArc
 50
270.0
 51
285.073137642984
  0
ARC
  5
17FA
102
{ACAD_REACTORS
330
1823
102
}
330
1F
100
AcDbEntity
  8
FURN
100
AcDbCircle
 10
12819.88644983766
 20
43547.01790518776
 30
0.0
 40
464.6079039038514
100
AcDbArc
 50
270.0
 51
285.073137642984
  0
ARC
  5
17FB
102
{ACAD_REACTORS
330
1823
102
}
330
1F
100
AcDbEntity
  8
FURN
100
AcDbCircle
 10
12855.38477679236
 20
43415.20958561293
 30
0.0
 40
287.5316610376539
100
AcDbArc
 50
285.073137642984
 51
289.824023917556
  0
LINE
  5
17FC
102
{ACAD_REACTORS
330
1823
102
}
330
1F
100
AcDbEntity
  8
FURN
100
AcDbLine
 10
12952.79222568302
 20
43181.9402314967
 30
0.0
 11
12952.79222568302
 21
43191.83689915166
 31
0.0
  0
LINE
  5
17FD
102
{ACAD_REACTORS
330
1823
102
}
330
1F
100
AcDbEntity
  8
FURN
100
AcDbLine
 10
12975.61372022277
 20
43191.83689915166
 30
0.0
 11
12975.61372022277
 21
43181.9402314967
 31
0.0
  0
ARC
  5
17FE
102
{ACAD_REACTORS
330
1823
102
}
330
1F
100
AcDbEntity
  8
FURN
100
AcDbCircle
 10
12730.24002349118
 20
43227.07955948789
 30
0.0
 40
228.7671390133139
100
AcDbArc
 50
123.0315475519804
 51
147.5002250854973
  0
ARC
  5
17FF
102
{ACAD_REACTORS
330
1823
102
}
330
1F
100
AcDbEntity
  8
FURN
100
AcDbCircle
 10
12784.38812288512
 20
43143.79922319621
 30
0.0
 40
287.5316610376854
100
AcDbArc
 50
105.0731376427824
 51
123.0315475519804
  0
ARC
  5
1800
102
{ACAD_REACTORS
330
1823
102
}
330
1F
100
AcDbEntity
  8
FURN
100
AcDbCircle
 10
12647.94878719616
 20
43279.50440440436
 30
0.0
 40
90.62413704336057
100
AcDbArc
 50
147.5002250854973
 51
180.0
  0
ARC
  5
1801
102
{ACAD_REACTORS
330
1823
102
}
330
1F
100
AcDbEntity
  8
FURN
100
AcDbCircle
 10
12647.94878719616
 20
43279.50440440436
 30
0.0
 40
131.195565614791
100
AcDbArc
 50
147.5002250854973
 51
180.0
  0
ARC
  5
1802
102
{ACAD_REACTORS
330
1823
102
}
330
1F
100
AcDbEntity
  8
FURN
100
AcDbCircle
 10
12730.24002349118
 20
43227.07955948789
 30
0.0
 40
188.1957104418636
100
AcDbArc
 50
123.0315475519804
 51
147.5002250854973
  0
LINE
  5
1803
102
{ACAD_REACTORS
330
1823
102
}
330
1F
100
AcDbEntity
  8
FURN
100
AcDbLine
 10
12975.61372022277
 20
43376.82443876843
 30
0.0
 11
12952.79222568302
 21
43376.82443876843
 31
0.0
  0
LINE
  5
1804
102
{ACAD_REACTORS
330
1823
102
}
330
1F
100
AcDbEntity
  8
FURN
100
AcDbLine
 10
12952.79222568302
 20
43366.92777111347
 30
0.0
 11
12975.61372022277
 21
43366.92777111347
 31
0.0
  0
LINE
  5
1805
102
{ACAD_REACTORS
330
1823
102
}
330
1F
100
AcDbEntity
  8
FURN
100
AcDbLine
 10
12952.79222568302
 20
43376.82443876843
 30
0.0
 11
12952.79222568302
 21
43366.92777111347
 31
0.0
  0
LINE
  5
1806
102
{ACAD_REACTORS
330
1823
102
}
330
1F
100
AcDbEntity
  8
FURN
100
AcDbLine
 10
12975.61372022277
 20
43366.92777111347
 30
0.0
 11
12975.61372022277
 21
43376.82443876843
 31
0.0
  0
ARC
  5
1807
102
{ACAD_REACTORS
330
1823
102
}
330
1F
100
AcDbEntity
  8
FURN
100
AcDbCircle
 10
12855.38477679236
 20
43143.79922319599
 30
0.0
 40
287.5316610378145
100
AcDbArc
 50
70.17597608244393
 51
74.92686235721753
  0
ARC
  5
1808
102
{ACAD_REACTORS
330
1823
102
}
330
1F
100
AcDbEntity
  8
FURN
100
AcDbCircle
 10
13201.39607872357
 20
43051.29011869
 30
0.0
 40
25.35714285714909
100
AcDbArc
 50
270.0
 51
0.0
  0
LINE
  5
1809
102
{ACAD_REACTORS
330
1823
102
}
330
1F
100
AcDbEntity
  8
FURN
100
AcDbLine
 10
13201.39607872357
 20
43025.93297583287
 30
0.0
 11
13049.25322158168
 21
43025.93297583287
 31
0.0
  0
ARC
  5
180A
102
{ACAD_REACTORS
330
1823
102
}
330
1F
100
AcDbEntity
  8
FURN
100
AcDbCircle
 10
13049.25322158168
 20
43507.71869011892
 30
0.0
 40
25.35714285714909
100
AcDbArc
 50
90.0
 51
180.0
  0
ARC
  5
180B
102
{ACAD_REACTORS
330
1823
102
}
330
1F
100
AcDbEntity
  8
FURN
100
AcDbCircle
 10
12819.88644983766
 20
43011.99090362139
 30
0.0
 40
464.6079039038975
100
AcDbArc
 50
90.0
 51
105.0731376427824
  0
ARC
  5
180C
102
{ACAD_REACTORS
330
1823
102
}
330
1F
100
AcDbEntity
  8
FURN
100
AcDbCircle
 10
12819.88644983766
 20
43011.99090362117
 30
0.0
 40
464.607903904059
100
AcDbArc
 50
74.92686235721753
 51
90.0
  0
ARC
  5
180D
102
{ACAD_REACTORS
330
1823
102
}
330
1F
100
AcDbEntity
  8
FURN
100
AcDbCircle
 10
13201.39607872357
 20
43507.71869011892
 30
0.0
 40
25.35714285714909
100
AcDbArc
 50
0.0
 51
90.0
  0
LINE
  5
180E
102
{ACAD_REACTORS
330
1823
102
}
330
1F
100
AcDbEntity
  8
FURN
100
AcDbLine
 10
13049.25322158168
 20
43533.07583297584
 30
0.0
 11
13201.39607872357
 21
43533.07583297584
 31
0.0
  0
LINE
  5
180F
102
{ACAD_REACTORS
330
1824
102
}
330
1F
100
AcDbEntity
  8
FURN
100
AcDbLine
 10
12860.97158959709
 20
44552.69366673071
 30
0.0
 11
12860.97158959709
 21
44197.07263563563
 31
0.0
  0
ARC
  5
1810
102
{ACAD_REACTORS
330
1824
102
}
330
1F
100
AcDbEntity
  8
FURN
100
AcDbCircle
 10
12921.93519492844
 20
44197.07263563493
 30
0.0
 40
60.96360533134138
100
AcDbArc
 50
179.9999999991662
 51
269.9999999991662
  0
LINE
  5
1811
102
{ACAD_REACTORS
330
1824
102
}
330
1F
100
AcDbEntity
  8
FURN
100
AcDbLine
 10
12921.93519492773
 20
44136.1090303036
 30
0.0
 11
13043.86240558933
 21
44136.1090303036
 31
0.0
  0
ARC
  5
1812
102
{ACAD_REACTORS
330
1824
102
}
330
1F
100
AcDbEntity
  8
FURN
100
AcDbCircle
 10
13043.86240558933
 20
44237.71503918803
 30
0.0
 40
101.6060088844303
100
AcDbArc
 50
270.0
 51
0.0
  0
LINE
  5
1813
102
{ACAD_REACTORS
330
1824
102
}
330
1F
100
AcDbEntity
  8
FURN
100
AcDbLine
 10
13145.46841447376
 20
44237.71503918803
 30
0.0
 11
13145.46841447376
 21
44512.05126317746
 31
0.0
  0
ARC
  5
1814
102
{ACAD_REACTORS
330
1824
102
}
330
1F
100
AcDbEntity
  8
FURN
100
AcDbCircle
 10
13043.86240558933
 20
44512.05126317746
 30
0.0
 40
101.6060088844303
100
AcDbArc
 50
0.0
 51
90.0
  0
LINE
  5
1815
102
{ACAD_REACTORS
330
1824
102
}
330
1F
100
AcDbEntity
  8
FURN
100
AcDbLine
 10
13043.86240558933
 20
44613.65727206189
 30
0.0
 11
12921.93519492773
 21
44613.65727206189
 31
0.0
  0
ARC
  5
1816
102
{ACAD_REACTORS
330
1824
102
}
330
1F
100
AcDbEntity
  8
FURN
100
AcDbCircle
 10
12921.935194928
 20
44552.69366673098
 30
0.0
 40
60.96360533090756
100
AcDbArc
 50
90.0
 51
180.0
  0
LINE
  5
1817
102
{ACAD_REACTORS
330
1824
102
}
330
1F
100
AcDbEntity
  8
FURN
100
AcDbLine
 10
12820.32918604319
 20
44552.69366673071
 30
0.0
 11
12820.32918604319
 21
44197.07263563563
 31
0.0
  0
ARC
  5
1818
102
{ACAD_REACTORS
330
1824
102
}
330
1F
100
AcDbEntity
  8
FURN
100
AcDbCircle
 10
12921.93519492768
 20
44197.07263563569
 30
0.0
 40
101.6060088844845
100
AcDbArc
 50
180.0
 51
270.0
  0
LINE
  5
1819
102
{ACAD_REACTORS
330
1824
102
}
330
1F
100
AcDbEntity
  8
FURN
100
AcDbLine
 10
12921.93519492773
 20
44095.4666267512
 30
0.0
 11
13226.75322158135
 21
44095.4666267512
 31
0.0
  0
LINE
  5
181A
102
{ACAD_REACTORS
330
1824
102
}
330
1F
100
AcDbEntity
  8
FURN
100
AcDbLine
 10
13226.75322158135
 20
44095.4666267512
 30
0.0
 11
13226.75322158135
 21
44654.29967561513
 31
0.0
  0
LINE
  5
181B
102
{ACAD_REACTORS
330
1824
102
}
330
1F
100
AcDbEntity
  8
FURN
100
AcDbLine
 10
13226.75322158135
 20
44654.29967561513
 30
0.0
 11
12921.93519492773
 21
44654.29967561513
 31
0.0
  0
ARC
  5
181C
102
{ACAD_REACTORS
330
1824
102
}
330
1F
100
AcDbEntity
  8
FURN
100
AcDbCircle
 10
12921.93519492768
 20
44552.69366673065
 30
0.0
 40
101.6060088844845
100
AcDbArc
 50
90.0
 51
179.9999999995831
  0
CIRCLE
  5
181D
102
{ACAD_REACTORS
330
1824
102
}
330
1F
100
AcDbEntity
  8
FURN
100
AcDbCircle
 10
13186.11081802755
 20
44374.8831511836
 30
0.0
 40
20.32120177690412
  0
LINE
  5
181E
102
{ACAD_REACTORS
330
1824
102
}
330
1F
100
AcDbEntity
  8
FURN
100
AcDbLine
 10
13094.66541003144
 20
44425.68615562453
 30
0.0
 11
13094.66541003144
 21
44324.08014674096
 31
0.0
  0
CIRCLE
  5
181F
102
{ACAD_REACTORS
330
1824
102
}
330
1F
100
AcDbEntity
  8
FURN
100
AcDbCircle
 10
13094.66541003144
 20
44374.8831511836
 30
0.0
 40
25.40150222113015
  0
LINE
  5
1820
102
{ACAD_REACTORS
330
1824
102
}
330
1F
100
AcDbEntity
  8
FURN
100
AcDbLine
 10
13043.86240558933
 20
44374.8831511836
 30
0.0
 11
13145.46841447376
 21
44374.8831511836
 31
0.0
  0
CIRCLE
  5
1821
102
{ACAD_REACTORS
330
1824
102
}
330
1F
100
AcDbEntity
  8
FURN
100
AcDbCircle
 10
13186.11081802755
 20
44435.84675651305
 30
0.0
 40
20.32120177690412
  0
CIRCLE
  5
1822
102
{ACAD_REACTORS
330
1824
102
}
330
1F
100
AcDbEntity
  8
FURN
100
AcDbCircle
 10
13186.11081802755
 20
44313.9195458533
 30
0.0
 40
20.32120177690412
  0
LINE
  5
1832
330
1F
100
AcDbEntity
  8
wall
100
AcDbLine
 10
9066.753221581365
 20
48719.97450165518
 30
0.0
 11
9296.753221581365
 21
48719.97450165518
 31
0.0
  0
LINE
  5
1833
330
1F
100
AcDbEntity
  8
wall
100
AcDbLine
 10
9066.753221581365
 20
48719.97450165518
 30
0.0
 11
9066.753221581365
 21
45919.97450165518
 31
0.0
  0
LINE
  5
1834
330
1F
100
AcDbEntity
  8
ELE 2
100
AcDbLine
 10
9296.753221581365
 20
48719.97450165518
 30
0.0
 11
9296.753221581365
 21
48739.97450165518
 31
0.0
  0
ARC
  5
1835
330
1F
100
AcDbEntity
  8
ELE 2
100
AcDbCircle
 10
9296.753221581365
 20
48749.97450165518
 30
0.0
 40
10.0
100
AcDbArc
 50
270.0
 51
90.0
  0
LINE
  5
1836
330
1F
100
AcDbEntity
  8
ELE 2
100
AcDbLine
 10
9296.753221581365
 20
48759.97450165518
 30
0.0
 11
9296.753221581365
 21
49919.97450165518
 31
0.0
  0
LWPOLYLINE
  5
183A
330
1F
100
AcDbEntity
  8
ELE 2
100
AcDbPolyline
 90
        4
 70
     1
 43
0.0
 10
15306.75322157143
 20
71526.14501726605
 10
9066.753221571401
 20
71526.14501726605
 10
9066.753221571401
 20
67066.14501726606
 10
15306.75322157143
 20
67066.14501726606
  0
LINE
  5
183D
330
1F
100
AcDbEntity
  8
ELE 2
100
AcDbLine
 10
15306.75322157144
 20
71526.14501726628
 30
0.0
 11
6.753221571445465
 21
71526.14501726628
 31
0.0
  0
LINE
  5
1841
330
1F
100
AcDbEntity
  8
ELE 2
100
AcDbLine
 10
6064.164784168475
 20
72726.14501726627
 30
0.0
 11
2296.721731587837
 21
72726.14501726627
 31
0.0
  0
LINE
  5
1850
330
1F
100
AcDbEntity
  8
ELE 2
100
AcDbLine
 10
9066.753221571415
 20
66996.14501726627
 30
0.0
 11
5666.753221571417
 21
66996.14501726627
 31
0.0
  0
LINE
  5
1853
330
1F
100
AcDbEntity
  8
ELE 2
100
AcDbLine
 10
15306.75322157144
 20
67066.14501726627
 30
0.0
 11
14456.75322157141
 21
67066.14501726627
 31
0.0
  0
LINE
  5
1854
330
1F
100
AcDbEntity
  8
ELE 2
100
AcDbLine
 10
14456.75322157144
 20
67066.14501726627
 30
0.0
 11
13456.75322157142
 21
67066.14501726627
 31
0.0
  0
LINE
  5
1858
330
1F
100
AcDbEntity
  8
ELE 2
100
AcDbLine
 10
14456.75322157144
 20
66066.14501726627
 30
0.0
 11
13456.75322157143
 21
66066.14501726627
 31
0.0
  0
LINE
  5
185E
330
1F
100
AcDbEntity
  8
ELE 2
100
AcDbLine
 10
9066.753221571445
 20
63786.14501726628
 30
0.0
 11
5666.753221571446
 21
63786.14501726628
 31
0.0
  0
LINE
  5
1861
330
1F
100
AcDbEntity
  8
ELE 2
100
AcDbLine
 10
5666.753221571446
 20
59706.14501726627
 30
0.0
 11
6.753221571445465
 21
59706.14501726627
 31
0.0
  0
LINE
  5
1863
330
1F
100
AcDbEntity
  8
ELE 2
100
AcDbLine
 10
15306.75322157147
 20
71526.14501726628
 30
0.0
 11
15306.75322157143
 21
67066.14501726627
 31
0.0
  0
LINE
  5
1866
330
1F
100
AcDbEntity
  8
ELE 2
100
AcDbLine
 10
15306.75322157141
 20
63786.1450172663
 30
0.0
 11
15306.75322157143
 21
58706.14501726628
 31
0.0
  0
LINE
  5
186D
330
1F
100
AcDbEntity
  8
ELE 2
100
AcDbLine
 10
13456.75322157143
 20
67066.14501726629
 30
0.0
 11
13456.75322157142
 21
66066.14501726626
 31
0.0
  0
LINE
  5
1870
330
1F
100
AcDbEntity
  8
ELE 2
100
AcDbLine
 10
14456.75322157141
 20
67066.14501726627
 30
0.0
 11
14456.75322157152
 21
63786.1450172663
 31
0.0
  0
LINE
  5
1885
330
1F
100
AcDbEntity
  8
ELE 2
100
AcDbLine
 10
5666.75322157146
 20
59706.14501726626
 30
0.0
 11
5666.75322157146
 21
59106.14501726628
 31
0.0
  0
LINE
  5
1887
330
1F
100
AcDbEntity
  8
ELE 2
100
AcDbLine
 10
6.753221571445465
 20
71526.14501726628
 30
0.0
 11
6.753221571445465
 21
59706.14501726627
 31
0.0
  0
LINE
  5
18B6
330
1F
100
AcDbEntity
  8
ELE 2
100
AcDbLine
 10
5666.75322157146
 20
59106.14501726628
 30
0.0
 11
9066.753221571445
 21
59106.14501726638
 31
0.0
  0
LINE
  5
18BD
330
1F
100
AcDbEntity
  8
ELE 2
100
AcDbLine
 10
9066.753221571445
 20
58706.14501726628
 30
0.0
 11
15306.75322157144
 21
58706.14501726628
 31
0.0
  0
LINE
  5
18CC
330
1F
100
AcDbEntity
  8
ELE 2
100
AcDbLine
 10
2296.721731587837
 20
72726.14501726627
 30
0.0
 11
2296.721731587837
 21
71526.14501726628
 31
0.0
  0
LINE
  5
18CD
330
1F
100
AcDbEntity
  8
ELE 2
100
AcDbLine
 10
6064.164784168475
 20
72726.14501726627
 30
0.0
 11
6064.164784168475
 21
71526.14501726628
 31
0.0
  0
LINE
  5
18E9
330
1F
100
AcDbEntity
  8
ELE 2
100
AcDbLine
 10
14456.75322157144
 20
67066.14501726627
 30
0.0
 11
13456.75322157143
 21
66066.14501726627
 31
0.0
  0
LINE
  5
18EA
330
1F
100
AcDbEntity
  8
ELE 2
100
AcDbLine
 10
14456.75322157144
 20
66066.14501726627
 30
0.0
 11
13456.75322157143
 21
67066.14501726627
 31
0.0
  0
LINE
  5
197C
330
1F
100
AcDbEntity
  8
ELE 2
100
AcDbLine
 10
13926.75322157146
 20
71526.14501726628
 30
0.0
 11
13926.75322157146
 21
72726.14501726627
 31
0.0
  0
LINE
  5
197D
330
1F
100
AcDbEntity
  8
ELE 2
100
AcDbLine
 10
13926.75322157146
 20
72726.14501726627
 30
0.0
 11
16506.75322157144
 21
72726.14501726627
 31
0.0
  0
LINE
  5
197E
330
1F
100
AcDbEntity
  8
ELE 2
100
AcDbLine
 10
15306.75322157144
 20
67066.14501726627
 30
0.0
 11
16506.75322157144
 21
67066.14501726627
 31
0.0
  0
LINE
  5
197F
330
1F
100
AcDbEntity
  8
ELE 2
100
AcDbLine
 10
16506.75322157144
 20
67066.14501726627
 30
0.0
 11
16506.75322157144
 21
72726.14501726627
 31
0.0
  0
LINE
  5
1990
330
1F
100
AcDbEntity
  8
ELE 2
100
AcDbLine
 10
1236.753221571431
 20
65386.14501726629
 30
0.0
 11
236.7532215714454
 21
65386.14501726629
 31
0.0
  0
LINE
  5
1991
330
1F
100
AcDbEntity
  8
ELE 2
100
AcDbLine
 10
1236.753221571445
 20
64016.14501726627
 30
0.0
 11
236.7532215714454
 21
64016.14501726627
 31
0.0
  0
LINE
  5
1992
330
1F
100
AcDbEntity
  8
ELE 2
100
AcDbLine
 10
236.7532215714454
 20
65386.14501726629
 30
0.0
 11
236.7532215714454
 21
64016.14501726629
 31
0.0
  0
LINE
  5
1994
330
1F
100
AcDbEntity
  8
ELE 2
100
AcDbLine
 10
1236.753221571445
 20
65386.14501726629
 30
0.0
 11
1236.753221571431
 21
64016.14501726627
 31
0.0
  0
LINE
  5
1998
330
1F
100
AcDbEntity
  8
ELE 2
100
AcDbLine
 10
1236.753221571431
 20
65386.14501726629
 30
0.0
 11
236.7532215714454
 21
64016.14501726627
 31
0.0
  0
LINE
  5
1999
330
1F
100
AcDbEntity
  8
ELE 2
100
AcDbLine
 10
1236.753221571431
 20
64016.14501726627
 30
0.0
 11
236.7532215714454
 21
65386.14501726629
 31
0.0
  0
LINE
  5
199B
330
1F
100
AcDbEntity
  8
ELE 2
100
AcDbLine
 10
9066.753221571445
 20
59106.14501726638
 30
0.0
 11
9066.753221571445
 21
58706.14501726628
 31
0.0
  0
LINE
  5
1A15
330
1F
100
AcDbEntity
  8
ELE 2
100
AcDbLine
 10
9066.753221581365
 20
42409.97450165518
 30
0.0
 11
9066.753221581516
 21
37729.97450165529
 31
0.0
  0
LINE
  5
1A18
330
1F
100
AcDbEntity
  8
wall
100
AcDbLine
 10
9066.753221581363
 20
45689.97450165518
 30
0.0
 11
9066.753221581365
 21
42409.97450165518
 31
0.0
  0
LWPOLYLINE
  5
1A1A
330
1F
100
AcDbEntity
  8
ELE 2
100
AcDbPolyline
 90
        4
 70
     1
 43
0.0
 10
4666.75322157146
 20
59706.14501726627
 10
6.753221571445465
 20
59706.14501726627
 10
6.753221571445465
 20
64016.14501726627
 10
4666.75322157146
 20
64016.14501726627
  0
LINE
  5
1A1B
330
1F
100
AcDbEntity
  8
ELE 2
100
AcDbLine
 10
4666.75322157146
 20
64016.14501726627
 30
0.0
 11
6.753221571445465
 21
59706.14501726627
 31
0.0
  0
LINE
  5
1A1C
330
1F
100
AcDbEntity
  8
ELE 2
100
AcDbLine
 10
4666.75322157146
 20
59706.14501726627
 30
0.0
 11
6.753221571445465
 21
64016.14501726627
 31
0.0
  0
LWPOLYLINE
  5
1A1D
330
1F
100
AcDbEntity
  8
ELE 2
100
AcDbPolyline
 90
        4
 70
     1
 43
0.0
 10
6.753221571445465
 20
71526.14501726628
 10
4466.753221571416
 20
71526.14501726628
 10
4466.753221571416
 20
67066.14501726627
 10
6.753221571445465
 20
67066.14501726627
  0
LINE
  5
1A1E
330
1F
100
AcDbEntity
  8
ELE 2
100
AcDbLine
 10
4466.753221571416
 20
67066.14501726627
 30
0.0
 11
6.753221571445465
 21
71526.14501726628
 31
0.0
  0
LINE
  5
1A1F
330
1F
100
AcDbEntity
  8
ELE 2
100
AcDbLine
 10
4466.753221571416
 20
71526.14501726628
 30
0.0
 11
6.753221571445465
 21
67066.14501726627
 31
0.0
  0
LINE
  5
1A21
330
1F
100
AcDbEntity
  8
ELE 2
100
AcDbLine
 10
15306.75322157141
 20
63786.1450172663
 30
0.0
 11
9066.753221571422
 21
63786.14501726625
 31
0.0
  0
LINE
  5
1A22
330
1F
100
AcDbEntity
  8
ELE 2
100
AcDbLine
 10
9066.75322157146
 20
63786.14501726628
 30
0.0
 11
9066.753221571614
 21
59106.14501726638
 31
0.0
  0
LINE
  5
1A23
330
1F
100
AcDbEntity
  8
ELE 2
100
AcDbLine
 10
9066.75322157146
 20
63786.14501726628
 30
0.0
 11
9066.753221571358
 21
66996.14501726627
 31
0.0
  0
LINE
  5
1A25
330
1F
100
AcDbEntity
  8
ELE 2
100
AcDbLine
 10
5666.753221571417
 20
66996.14501726627
 30
0.0
 11
5666.753221571446
 21
63786.14501726628
 31
0.0
  0
LINE
  5
1A28
330
1F
100
AcDbEntity
  8
ELE 2
100
AcDbLine
 10
15306.75322157143
 20
71526.14501726605
 30
0.0
 11
9066.753221571401
 21
67066.14501726606
 31
0.0
  0
LINE
  5
1A29
330
1F
100
AcDbEntity
  8
ELE 2
100
AcDbLine
 10
15306.75322157143
 20
67066.14501726627
 30
0.0
 11
9066.753221571401
 21
71526.14501726628
 31
0.0
  0
TEXT
  5
1A2F
330
1F
100
AcDbEntity
  8
0
100
AcDbText
 10
5134.295698589094
 20
35545.59088514743
 30
0.0
 40
300.0
  1
FIRST FLOOR PLAN 
100
AcDbText
  0
TEXT
  5
1A30
330
1F
100
AcDbEntity
  8
0
100
AcDbText
 10
6202.257966307141
 20
56947.31377002635
 30
0.0
 40
300.0
  1
ROOF PLAN 
100
AcDbText
  0
MTEXT
  5
1A35
330
1F
100
AcDbEntity
  8
0
100
AcDbMText
 10
12102.8483323863
 20
48986.51671511683
 30
0.0
 40
150.0
 41
2047.873289513169
 46
0.0
 71
     1
 72
     5
  1
MASTER BEDROOM
 73
     1
 44
1.0
1001
ACAD
1000
ACAD_MTEXT_COLUMN_INFO_BEGIN
1070
    75
1070
     2
1070
    79
1070
     0
1070
    76
1070
     1
1070
    78
1070
     0
1070
    48
1040
2047.873289513169
1070
    49
1040
12.5
1070
    50
1070
     1
1040
0.0
1000
ACAD_MTEXT_COLUMN_INFO_END
  0
LINE
  5
1A38
330
1F
100
AcDbEntity
  8
FURN
100
AcDbLine
 10
10596.75322158135
 20
43089.97450165518
 30
0.0
 11
9746.753221581364
 21
43089.97450165518
 31
0.0
  0
LINE
  5
1A39
330
1F
100
AcDbEntity
  8
FURN
100
AcDbLine
 10
10596.75322158134
 20
44025.48531104838
 30
0.0
 11
10596.75322158135
 21
43089.97450165518
 31
0.0
  0
LINE
  5
1A3B
330
1F
100
AcDbEntity
  8
FURN
100
AcDbLine
 10
10596.75322158134
 20
44025.48531104838
 30
0.0
 11
11046.75322158135
 21
44025.48531104838
 31
0.0
  0
LINE
  5
1A3C
330
1F
100
AcDbEntity
  8
FURN
100
AcDbLine
 10
9746.753221581364
 20
44877.58571225507
 30
0.0
 11
9746.753221581364
 21
43089.97450165518
 31
0.0
  0
LINE
  5
1A3D
330
1F
100
AcDbEntity
  8
FURN
100
AcDbLine
 10
9296.753221581365
 20
44877.58571225507
 30
0.0
 11
9746.753221581364
 21
44877.58571225507
 31
0.0
  0
MTEXT
  5
1A3F
330
1F
100
AcDbEntity
  8
0
100
AcDbMText
 10
9657.31476783454
 20
45423.98439355929
 30
0.0
 40
150.0
 41
2047.873289513169
 46
0.0
 71
     1
 72
     5
  1
WALKING WARDROBE
 73
     1
 44
1.0
1001
ACAD
1000
ACAD_MTEXT_COLUMN_INFO_BEGIN
1070
    75
1070
     2
1070
    79
1070
     0
1070
    76
1070
     1
1070
    78
1070
     0
1070
    48
1040
2047.873289513169
1070
    49
1040
12.5
1070
    50
1070
     1
1040
0.0
1000
ACAD_MTEXT_COLUMN_INFO_END
  0
MTEXT
  5
1A41
330
1F
100
AcDbEntity
  8
0
100
AcDbMText
 10
11806.47466804413
 20
44121.578520963
 30
0.0
 40
150.0
 41
2047.873289513169
 46
0.0
 71
     1
 72
     5
  1
TOILET
 73
     1
 44
1.0
1001
ACAD
1000
ACAD_MTEXT_COLUMN_INFO_BEGIN
1070
    75
1070
     2
1070
    79
1070
     0
1070
    76
1070
     1
1070
    78
1070
     0
1070
    48
1040
2047.873289513169
1070
    49
1040
12.5
1070
    50
1070
     1
1040
0.0
1000
ACAD_MTEXT_COLUMN_INFO_END
  0
LINE
  5
1A42
330
1F
100
AcDbEntity
  8
SILL
100
AcDbLine
 10
11276.75322158135
 20
44875.48531104838
 30
0.0
 11
11276.75322158135
 21
44025.48531104838
 31
0.0
  0
MTEXT
  5
1A43
330
1F
100
AcDbEntity
  8
0
100
AcDbMText
 10
6543.319142180732
 20
47229.15907523947
 30
0.0
 40
150.0
 41
2047.873289513169
 46
0.0
 71
     1
 72
     5
  1
DINNING BELOW 
 73
     1
 44
1.0
1001
ACAD
1000
ACAD_MTEXT_COLUMN_INFO_BEGIN
1070
    75
1070
     2
1070
    79
1070
     0
1070
    76
1070
     1
1070
    78
1070
     0
1070
    48
1040
2047.873289513169
1070
    49
1040
12.5
1070
    50
1070
     1
1040
0.0
1000
ACAD_MTEXT_COLUMN_INFO_END
  0
LINE
  5
1A44
330
1F
100
AcDbEntity
  8
ABOVE-DOTTED
100
AcDbLine
 10
9066.753221581334
 20
45919.97450165518
 30
0.0
 11
4466.753221581335
 21
49919.97450165518
 31
0.0
  0
LINE
  5
1A45
330
1F
100
AcDbEntity
  8
ABOVE-DOTTED
100
AcDbLine
 10
4466.753221581336
 20
45919.9745016552
 30
0.0
 11
9066.753221581352
 21
49919.97450165518
 31
0.0
  0
MTEXT
  5
1A47
330
1F
100
AcDbEntity
  8
0
100
AcDbMText
 10
1447.547401432739
 20
27023.3397872094
 30
0.0
 40
150.0
 41
2047.873289513169
 46
0.0
 71
     1
 72
     5
  1
BEDROOM
 73
     1
 44
1.0
1001
ACAD
1000
ACAD_MTEXT_COLUMN_INFO_BEGIN
1070
    75
1070
     2
1070
    79
1070
     0
1070
    76
1070
     1
1070
    78
1070
     0
1070
    48
1040
2047.873289513169
1070
    49
1040
12.5
1070
    50
1070
     1
1040
0.0
1000
ACAD_MTEXT_COLUMN_INFO_END
  0
MTEXT
  5
1A48
330
1F
100
AcDbEntity
  8
0
100
AcDbMText
 10
6600.904022816661
 20
26325.14357922906
 30
0.0
 40
150.0
 41
2047.873289513169
 46
0.0
 71
     1
 72
     5
  1
DINNING AREA 
 73
     1
 44
1.0
1001
ACAD
1000
ACAD_MTEXT_COLUMN_INFO_BEGIN
1070
    75
1070
     2
1070
    79
1070
     0
1070
    76
1070
     1
1070
    78
1070
     0
1070
    48
1040
2047.873289513169
1070
    49
1040
12.5
1070
    50
1070
     1
1040
0.0
1000
ACAD_MTEXT_COLUMN_INFO_END
  0
MTEXT
  5
1A49
330
1F
100
AcDbEntity
  8
0
100
AcDbMText
 10
12329.43569064266
 20
27023.3397872094
 30
0.0
 40
150.0
 41
2047.873289513169
 46
0.0
 71
     1
 72
     5
  1
KITCHEN
 73
     1
 44
1.0
1001
ACAD
1000
ACAD_MTEXT_COLUMN_INFO_BEGIN
1070
    75
1070
     2
1070
    79
1070
     0
1070
    76
1070
     1
1070
    78
1070
     0
1070
    48
1040
2047.873289513169
1070
    49
1040
12.5
1070
    50
1070
     1
1040
0.0
1000
ACAD_MTEXT_COLUMN_INFO_END
  0
MTEXT
  5
1A4B
330
1F
100
AcDbEntity
  8
0
100
AcDbMText
 10
9440.759935947486
 20
27876.51023130695
 30
0.0
 40
150.0
 41
2047.873289513169
 46
0.0
 71
     1
 72
     5
  1
STORE ROOM 
 73
     1
 44
1.0
1001
ACAD
1000
ACAD_MTEXT_COLUMN_INFO_BEGIN
1070
    75
1070
     2
1070
    79
1070
     0
1070
    76
1070
     1
1070
    78
1070
     0
1070
    48
1040
2047.873289513169
1070
    49
1040
12.5
1070
    50
1070
     1
1040
0.0
1000
ACAD_MTEXT_COLUMN_INFO_END
  0
MTEXT
  5
1A4C
330
1F
100
AcDbEntity
  8
0
100
AcDbMText
 10
7012.102972724334
 20
22611.3739665881
 30
0.0
 40
150.0
 41
2047.873289513169
 46
0.0
 71
     1
 72
     5
  1
COURTYARD 
 73
     1
 44
1.0
1001
ACAD
1000
ACAD_MTEXT_COLUMN_INFO_BEGIN
1070
    75
1070
     2
1070
    79
1070
     0
1070
    76
1070
     1
1070
    78
1070
     0
1070
    48
1040
2047.873289513169
1070
    49
1040
12.5
1070
    50
1070
     1
1040
0.0
1000
ACAD_MTEXT_COLUMN_INFO_END
  0
LINE
  5
1A4D
330
1F
100
AcDbEntity
  8
ABOVE-DOTTED
100
AcDbLine
 10
9066.753221581342
 20
25063.27548561918
 30
0.0
 11
5666.753221581357
 21
21553.27548561918
 31
0.0
  0
LINE
  5
1A4E
330
1F
100
AcDbEntity
  8
ABOVE-DOTTED
100
AcDbLine
 10
9066.753221581372
 20
21553.27548561918
 30
0.0
 11
5666.753221581342
 21
25063.27548561918
 31
0.0
  0
MTEXT
  5
1A50
330
1F
100
AcDbEntity
  8
0
100
AcDbMText
 10
9519.301213672617
 20
23646.75382519112
 30
0.0
 40
150.0
 41
2047.873289513169
 46
0.0
 71
     1
 72
     5
  1
POOJA ROOM 
 73
     1
 44
1.0
1001
ACAD
1000
ACAD_MTEXT_COLUMN_INFO_BEGIN
1070
    75
1070
     2
1070
    79
1070
     0
1070
    76
1070
     1
1070
    78
1070
     0
1070
    48
1040
2047.873289513169
1070
    49
1040
12.5
1070
    50
1070
     1
1040
0.0
1000
ACAD_MTEXT_COLUMN_INFO_END
  0
MTEXT
  5
1A51
330
1F
100
AcDbEntity
  8
0
100
AcDbMText
 10
11540.41350922663
 20
23646.75382519112
 30
0.0
 40
150.0
 41
2047.873289513169
 46
0.0
 71
     1
 72
     5
  1
UTILITY AREA
 73
     1
 44
1.0
1001
ACAD
1000
ACAD_MTEXT_COLUMN_INFO_BEGIN
1070
    75
1070
     2
1070
    79
1070
     0
1070
    76
1070
     1
1070
    78
1070
     0
1070
    48
1040
2047.873289513169
1070
    49
1040
12.5
1070
    50
1070
     1
1040
0.0
1000
ACAD_MTEXT_COLUMN_INFO_END
  0
MTEXT
  5
1A52
330
1F
100
AcDbEntity
  8
0
100
AcDbMText
 10
1048.038960512029
 20
24454.42498884538
 30
0.0
 40
150.0
 41
2047.873289513169
 46
0.0
 71
     1
 72
     5
  1
TOILET
 73
     1
 44
1.0
1001
ACAD
1000
ACAD_MTEXT_COLUMN_INFO_BEGIN
1070
    75
1070
     2
1070
    79
1070
     0
1070
    76
1070
     1
1070
    78
1070
     0
1070
    48
1040
2047.873289513169
1070
    49
1040
12.5
1070
    50
1070
     1
1040
0.0
1000
ACAD_MTEXT_COLUMN_INFO_END
  0
LINE
  5
1A54
102
{ACAD_REACTORS
330
1A68
102
}
330
1F
100
AcDbEntity
  8
FURN
100
AcDbLine
 10
3262.53485356561
 20
22920.87109695799
 30
0.0
 11
3262.53485356561
 21
23276.49212805306
 31
0.0
  0
ARC
  5
1A55
102
{ACAD_REACTORS
330
1A68
102
}
330
1F
100
AcDbEntity
  8
FURN
100
AcDbCircle
 10
3201.57124823427
 20
23276.49212805376
 30
0.0
 40
60.96360533134138
100
AcDbArc
 50
359.9999999993747
 51
89.99999999916623
  0
LINE
  5
1A56
102
{ACAD_REACTORS
330
1A68
102
}
330
1F
100
AcDbEntity
  8
FURN
100
AcDbLine
 10
3201.571248234972
 20
23337.4557333851
 30
0.0
 11
3079.644037573375
 21
23337.4557333851
 31
0.0
  0
ARC
  5
1A57
102
{ACAD_REACTORS
330
1A68
102
}
330
1F
100
AcDbEntity
  8
FURN
100
AcDbCircle
 10
3079.644037573375
 20
23235.84972450067
 30
0.0
 40
101.6060088844303
100
AcDbArc
 50
90.0
 51
180.0
  0
LINE
  5
1A58
102
{ACAD_REACTORS
330
1A68
102
}
330
1F
100
AcDbEntity
  8
FURN
100
AcDbLine
 10
2978.038028688943
 20
23235.84972450067
 30
0.0
 11
2978.038028688943
 21
22961.51350051124
 31
0.0
  0
ARC
  5
1A59
102
{ACAD_REACTORS
330
1A68
102
}
330
1F
100
AcDbEntity
  8
FURN
100
AcDbCircle
 10
3079.644037573375
 20
22961.51350051124
 30
0.0
 40
101.6060088844303
100
AcDbArc
 50
180.0
 51
270.0
  0
LINE
  5
1A5A
102
{ACAD_REACTORS
330
1A68
102
}
330
1F
100
AcDbEntity
  8
FURN
100
AcDbLine
 10
3079.644037573375
 20
22859.9074916268
 30
0.0
 11
3201.571248234972
 21
22859.9074916268
 31
0.0
  0
ARC
  5
1A5B
102
{ACAD_REACTORS
330
1A68
102
}
330
1F
100
AcDbEntity
  8
FURN
100
AcDbCircle
 10
3201.571248234703
 20
22920.87109695771
 30
0.0
 40
60.96360533090756
100
AcDbArc
 50
270.0
 51
0.0000000002084408
  0
LINE
  5
1A5C
102
{ACAD_REACTORS
330
1A68
102
}
330
1F
100
AcDbEntity
  8
FURN
100
AcDbLine
 10
3303.177257119513
 20
22920.87109695799
 30
0.0
 11
3303.177257119513
 21
23276.49212805306
 31
0.0
  0
ARC
  5
1A5D
102
{ACAD_REACTORS
330
1A68
102
}
330
1F
100
AcDbEntity
  8
FURN
100
AcDbCircle
 10
3201.571248235027
 20
23276.49212805301
 30
0.0
 40
101.6060088844845
100
AcDbArc
 50
0.0
 51
90.0
  0
LINE
  5
1A5E
102
{ACAD_REACTORS
330
1A68
102
}
330
1F
100
AcDbEntity
  8
FURN
100
AcDbLine
 10
3201.571248234972
 20
23378.09813693749
 30
0.0
 11
2896.753221581358
 21
23378.09813693749
 31
0.0
  0
LINE
  5
1A5F
102
{ACAD_REACTORS
330
1A68
102
}
330
1F
100
AcDbEntity
  8
FURN
100
AcDbLine
 10
2896.753221581358
 20
23378.09813693749
 30
0.0
 11
2896.753221581358
 21
22819.26508807355
 31
0.0
  0
LINE
  5
1A60
102
{ACAD_REACTORS
330
1A68
102
}
330
1F
100
AcDbEntity
  8
FURN
100
AcDbLine
 10
2896.753221581358
 20
22819.26508807355
 30
0.0
 11
3201.571248234972
 21
22819.26508807355
 31
0.0
  0
ARC
  5
1A61
102
{ACAD_REACTORS
330
1A68
102
}
330
1F
100
AcDbEntity
  8
FURN
100
AcDbCircle
 10
3201.571248235027
 20
22920.87109695804
 30
0.0
 40
101.6060088844845
100
AcDbArc
 50
270.0
 51
0.0
  0
CIRCLE
  5
1A62
102
{ACAD_REACTORS
330
1A68
102
}
330
1F
100
AcDbEntity
  8
FURN
100
AcDbCircle
 10
2937.39562513515
 20
23098.68161250509
 30
0.0
 40
20.32120177690412
  0
LINE
  5
1A63
102
{ACAD_REACTORS
330
1A68
102
}
330
1F
100
AcDbEntity
  8
FURN
100
AcDbLine
 10
3028.841033131268
 20
23047.87860806417
 30
0.0
 11
3028.841033131268
 21
23149.48461694774
 31
0.0
  0
CIRCLE
  5
1A64
102
{ACAD_REACTORS
330
1A68
102
}
330
1F
100
AcDbEntity
  8
FURN
100
AcDbCircle
 10
3028.841033131268
 20
23098.68161250509
 30
0.0
 40
25.40150222113015
  0
LINE
  5
1A65
102
{ACAD_REACTORS
330
1A68
102
}
330
1F
100
AcDbEntity
  8
FURN
100
AcDbLine
 10
3079.644037573375
 20
23098.68161250509
 30
0.0
 11
2978.038028688943
 21
23098.68161250509
 31
0.0
  0
CIRCLE
  5
1A66
102
{ACAD_REACTORS
330
1A68
102
}
330
1F
100
AcDbEntity
  8
FURN
100
AcDbCircle
 10
2937.39562513515
 20
23037.71800717564
 30
0.0
 40
20.32120177690412
  0
CIRCLE
  5
1A67
102
{ACAD_REACTORS
330
1A68
102
}
330
1F
100
AcDbEntity
  8
FURN
100
AcDbCircle
 10
2937.39562513515
 20
23159.6452178354
 30
0.0
 40
20.32120177690412
  0
LINE
  5
1A6A
330
1F
100
AcDbEntity
  8
FURN
100
AcDbLine
 10
2896.753221581372
 20
22666.57005176051
 30
0.0
 11
3449.531041393057
 21
22666.57005176051
 31
0.0
  0
LINE
  5
1A6B
330
1F
100
AcDbEntity
  8
FURN
100
AcDbLine
 10
3449.531041393057
 20
22666.57005176051
 30
0.0
 11
3449.531041393057
 21
23541.47761936311
 31
0.0
  0
LINE
  5
1A6C
330
1F
100
AcDbEntity
  8
FURN
100
AcDbLine
 10
3449.531041393057
 20
23541.47761936311
 30
0.0
 11
2896.753221581358
 21
23541.47761936311
 31
0.0
  0
MTEXT
  5
1A6E
330
1F
100
AcDbEntity
  8
0
100
AcDbMText
 10
2942.5924345206
 20
20348.2196295493
 30
0.0
 40
150.0
 41
2047.873289513169
 46
0.0
 71
     1
 72
     5
  1
LIVING AREA
 73
     1
 44
1.0
1001
ACAD
1000
ACAD_MTEXT_COLUMN_INFO_BEGIN
1070
    75
1070
     2
1070
    79
1070
     0
1070
    76
1070
     1
1070
    78
1070
     0
1070
    48
1040
2047.873289513169
1070
    49
1040
12.5
1070
    50
1070
     1
1040
0.0
1000
ACAD_MTEXT_COLUMN_INFO_END
  0
MTEXT
  5
1A6F
330
1F
100
AcDbEntity
  8
0
100
AcDbMText
 10
6609.339776076935
 20
19174.50783427198
 30
0.0
 40
150.0
 41
2047.873289513169
 46
0.0
 71
     1
 72
     5
  1
ENTRANCE FOYER  
 73
     1
 44
1.0
1001
ACAD
1000
ACAD_MTEXT_COLUMN_INFO_BEGIN
1070
    75
1070
     2
1070
    79
1070
     0
1070
    76
1070
     1
1070
    78
1070
     0
1070
    48
1040
2047.873289513169
1070
    49
1040
12.5
1070
    50
1070
     1
1040
0.0
1000
ACAD_MTEXT_COLUMN_INFO_END
  0
MTEXT
  5
1A70
330
1F
100
AcDbEntity
  8
0
100
AcDbMText
 10
11521.67356831507
 20
19409.34003366453
 30
0.0
 40
150.0
 41
2047.873289513169
 46
0.0
 71
     1
 72
     5
  1
CAR PARKING   
 73
     1
 44
1.0
1001
ACAD
1000
ACAD_MTEXT_COLUMN_INFO_BEGIN
1070
    75
1070
     2
1070
    79
1070
     0
1070
    76
1070
     1
1070
    78
1070
     0
1070
    48
1040
2047.873289513169
1070
    49
1040
12.5
1070
    50
1070
     1
1040
0.0
1000
ACAD_MTEXT_COLUMN_INFO_END
  0
LINE
  5
1A72
330
1F
100
AcDbEntity
  8
FURN
100
AcDbLine
 10
8627.110454192532
 20
16905.19432467391
 30
0.0
 11
8627.110454192532
 21
17422.16241744432
 31
0.0
  0
LINE
  5
1A75
330
1F
100
AcDbEntity
  8
FURN
100
AcDbLine
 10
8627.110454192532
 20
17422.16241744432
 30
0.0
 11
8692.785840273634
 21
17308.40931194516
 31
0.0
  0
LINE
  5
1A76
330
1F
100
AcDbEntity
  8
FURN
100
AcDbLine
 10
8692.785840273634
 20
17308.40931194516
 30
0.0
 11
8627.110454192534
 21
17308.40931194516
 31
0.0
  0
LINE
  5
1A77
330
1F
100
AcDbEntity
  8
FURN
100
AcDbLine
 10
8627.110454192534
 20
17422.16241744432
 30
0.0
 11
8561.435068111434
 21
17308.40931194516
 31
0.0
  0
LINE
  5
1A78
330
1F
100
AcDbEntity
  8
FURN
100
AcDbLine
 10
8561.435068111434
 20
17308.40931194516
 30
0.0
 11
8627.110454192534
 21
17308.40931194516
 31
0.0
  0
MTEXT
  5
1A7A
330
1F
100
AcDbEntity
  8
0
100
AcDbMText
 10
8515.647231973241
 20
16758.65945117002
 30
0.0
 40
150.0
 41
2047.873289513169
 46
0.0
 71
     1
 72
     5
  1
UP\P 
 73
     1
 44
1.0
1001
ACAD
1000
ACAD_MTEXT_COLUMN_INFO_BEGIN
1070
    75
1070
     2
1070
    79
1070
     0
1070
    76
1070
     1
1070
    78
1070
     0
1070
    48
1040
2047.873289513169
1070
    49
1040
12.5
1070
    50
1070
     1
1040
0.0
1000
ACAD_MTEXT_COLUMN_INFO_END
  0
CIRCLE
  5
1A7B
102
{ACAD_REACTORS
330
1A8D
330
1A8E
102
}
330
1F
100
AcDbEntity
  8
0
100
AcDbCircle
 10
7627.307130823145
 20
16585.24608773138
 30
0.0
 40
92.55768912312271
  0
LINE
  5
1A7C
102
{ACAD_REACTORS
330
1A8D
330
1A8E
102
}
330
1F
100
AcDbEntity
  8
0
100
AcDbLine
 10
7627.307130823145
 20
16432.68839860826
 30
0.0
 11
7627.307130823145
 21
16737.80377685451
 31
0.0
  0
LINE
  5
1A7D
102
{ACAD_REACTORS
330
1A8D
330
1A8E
102
}
330
1F
100
AcDbEntity
  8
0
100
AcDbLine
 10
7474.749441700021
 20
16585.24608773138
 30
0.0
 11
7779.864819946268
 21
16585.24608773138
 31
0.0
  0
HATCH
  5
1A8D
102
{ACAD_REACTORS
330
1A8E
102
}
330
1F
100
AcDbEntity
  8
0
100
AcDbHatch
 10
0.0
 20
0.0
 30
0.0
210
0.0
220
0.0
230
1.0
  2
SOLID
 70
     1
 71
     1
 91
        2
 92
        7
 72
     1
 73
     1
 93
        3
 10
7534.749441700022
 20
16585.24608773138
 42
0.0
 10
7627.307130823145
 20
16585.24608773138
 42
0.0
 10
7627.307130823145
 20
16677.8037768545
 42
0.4142135623730951
 97
        3
330
1A7B
330
1A7D
330
1A7C
 92
        7
 72
     1
 73
     1
 93
        3
 10
7627.307130823145
 20
16585.24608773138
 42
0.0
 10
7627.307130823145
 20
16492.68839860826
 42
0.4142135623730951
 10
7719.864819946268
 20
16585.24608773138
 42
0.0
 97
        3
330
1A7D
330
1A7C
330
1A7B
 75
     1
 76
     1
 47
0.7498393146199946
 98
        2
 10
7613.451610844349
 20
16666.07505102793
 10
7668.236914238661
 20
16550.59992217418
450
        0
451
        0
460
0.0
461
0.0
452
        0
462
0.0
453
        2
463
0.0
 63
     5
421
      255
463
1.0
 63
     2
421
 16776960
470
LINEAR
1001
GradientColor1ACI
1070
     5
1001
GradientColor2ACI
1070
     2
1001
ACAD
1010
0.0
1020
0.0
1030
0.0
  0
MTEXT
  5
1A8F
330
1F
100
AcDbEntity
  8
0
100
AcDbMText
 10
7838.85719022178
 20
16653.82889116708
 30
0.0
 40
150.0
 41
2047.873289513169
 46
0.0
 71
     1
 72
     5
  1
+0.0\P 
 73
     1
 44
1.0
1001
ACAD
1000
ACAD_MTEXT_COLUMN_INFO_BEGIN
1070
    75
1070
     2
1070
    79
1070
     0
1070
    76
1070
     1
1070
    78
1070
     0
1070
    48
1040
2047.873289513169
1070
    49
1040
12.5
1070
    50
1070
     1
1040
0.0
1000
ACAD_MTEXT_COLUMN_INFO_END
  0
MTEXT
  5
1A90
330
1F
100
AcDbEntity
  8
0
100
AcDbMText
 10
7863.252282993402
 20
16579.92766171135
 30
0.0
 40
150.0
 41
2047.873289513169
 46
0.0
 71
     1
 72
     5
  1
- 
 73
     1
 44
1.0
1001
ACAD
1000
ACAD_MTEXT_COLUMN_INFO_BEGIN
1070
    75
1070
     2
1070
    79
1070
     0
1070
    76
1070
     1
1070
    78
1070
     0
1070
    48
1040
2047.873289513169
1070
    49
1040
12.5
1070
    50
1070
     1
1040
0.0
1000
ACAD_MTEXT_COLUMN_INFO_END
  0
HATCH
  5
1A91
102
{ACAD_REACTORS
330
1A97
102
}
330
1F
100
AcDbEntity
  8
0
100
AcDbHatch
 10
0.0
 20
0.0
 30
0.0
210
0.0
220
0.0
230
1.0
  2
SOLID
 70
     1
 71
     1
 91
        2
 92
        7
 72
     1
 73
     1
 93
        3
 10
7534.749441700022
 20
17924.22581700084
 42
0.0
 10
7627.307130823145
 20
17924.22581700084
 42
0.0
 10
7627.307130823145
 20
18016.78350612396
 42
0.4142135623730951
 97
        3
330
1A92
330
1A94
330
1A93
 92
        7
 72
     1
 73
     1
 93
        3
 10
7627.307130823145
 20
17924.22581700084
 42
0.0
 10
7627.307130823145
 20
17831.66812787772
 42
0.4142135623730951
 10
7719.864819946268
 20
17924.22581700084
 42
0.0
 97
        3
330
1A94
330
1A93
330
1A92
 75
     1
 76
     1
 47
0.7498393146199946
 98
        2
 10
7613.451610844349
 20
18005.05478029739
 10
7668.236914238661
 20
17889.57965144364
450
        0
451
        0
460
0.0
461
0.0
452
        0
462
0.0
453
        2
463
0.0
 63
     5
421
      255
463
1.0
 63
     2
421
 16776960
470
LINEAR
1001
GradientColor1ACI
1070
     5
1001
GradientColor2ACI
1070
     2
1001
ACAD
1010
0.0
1020
0.0
1030
0.0
  0
CIRCLE
  5
1A92
102
{ACAD_REACTORS
330
1A91
330
1A97
102
}
330
1F
100
AcDbEntity
  8
0
100
AcDbCircle
 10
7627.307130823145
 20
17924.22581700084
 30
0.0
 40
92.55768912312271
  0
LINE
  5
1A93
102
{ACAD_REACTORS
330
1A91
330
1A97
102
}
330
1F
100
AcDbEntity
  8
0
100
AcDbLine
 10
7627.307130823145
 20
17771.66812787771
 30
0.0
 11
7627.307130823145
 21
18076.78350612397
 31
0.0
  0
LINE
  5
1A94
102
{ACAD_REACTORS
330
1A91
330
1A97
102
}
330
1F
100
AcDbEntity
  8
0
100
AcDbLine
 10
7474.749441700021
 20
17924.22581700084
 30
0.0
 11
7779.864819946268
 21
17924.22581700084
 31
0.0
  0
MTEXT
  5
1A95
330
1F
100
AcDbEntity
  8
0
100
AcDbMText
 10
7838.85719022178
 20
17992.80862043653
 30
0.0
 40
150.0
 41
2047.873289513169
 46
0.0
 71
     1
 72
     5
  1
+450\P 
 73
     1
 44
1.0
1001
ACAD
1000
ACAD_MTEXT_COLUMN_INFO_BEGIN
1070
    75
1070
     2
1070
    79
1070
     0
1070
    76
1070
     1
1070
    78
1070
     0
1070
    48
1040
2047.873289513169
1070
    49
1040
12.5
1070
    50
1070
     1
1040
0.0
1000
ACAD_MTEXT_COLUMN_INFO_END
  0
MTEXT
  5
1A96
330
1F
100
AcDbEntity
  8
0
100
AcDbMText
 10
7863.252282993402
 20
17918.9073909808
 30
0.0
 40
150.0
 41
2047.873289513169
 46
0.0
 71
     1
 72
     5
  1
- 
 73
     1
 44
1.0
1001
ACAD
1000
ACAD_MTEXT_COLUMN_INFO_BEGIN
1070
    75
1070
     2
1070
    79
1070
     0
1070
    76
1070
     1
1070
    78
1070
     0
1070
    48
1040
2047.873289513169
1070
    49
1040
12.5
1070
    50
1070
     1
1040
0.0
1000
ACAD_MTEXT_COLUMN_INFO_END
  0
HATCH
  5
1A9F
102
{ACAD_REACTORS
330
1AA5
102
}
330
1F
100
AcDbEntity
  8
0
100
AcDbHatch
 10
0.0
 20
0.0
 30
0.0
210
0.0
220
0.0
230
1.0
  2
SOLID
 70
     1
 71
     1
 91
        2
 92
        7
 72
     1
 73
     1
 93
        3
 10
7534.749441700022
 20
23268.04438886588
 42
0.0
 10
7627.307130823145
 20
23268.04438886588
 42
0.0
 10
7627.307130823145
 20
23360.602077989
 42
0.4142135623730951
 97
        3
330
1AA0
330
1AA2
330
1AA1
 92
        7
 72
     1
 73
     1
 93
        3
 10
7627.307130823145
 20
23268.04438886588
 42
0.0
 10
7627.307130823145
 20
23175.48669974275
 42
0.4142135623730951
 10
7719.864819946268
 20
23268.04438886588
 42
0.0
 97
        3
330
1AA2
330
1AA1
330
1AA0
 75
     1
 76
     1
 47
0.7498393146199946
 98
        2
 10
7613.451610844349
 20
23348.87335216242
 10
7668.236914238661
 20
23233.39822330867
450
        0
451
        0
460
0.0
461
0.0
452
        0
462
0.0
453
        2
463
0.0
 63
     5
421
      255
463
1.0
 63
     2
421
 16776960
470
LINEAR
1001
GradientColor1ACI
1070
     5
1001
GradientColor2ACI
1070
     2
1001
ACAD
1010
0.0
1020
0.0
1030
0.0
  0
CIRCLE
  5
1AA0
102
{ACAD_REACTORS
330
1A9F
330
1AA5
102
}
330
1F
100
AcDbEntity
  8
0
100
AcDbCircle
 10
7627.307130823145
 20
23268.04438886588
 30
0.0
 40
92.55768912312271
  0
LINE
  5
1AA1
102
{ACAD_REACTORS
330
1A9F
330
1AA5
102
}
330
1F
100
AcDbEntity
  8
0
100
AcDbLine
 10
7627.307130823145
 20
23115.48669974275
 30
0.0
 11
7627.307130823145
 21
23420.602077989
 31
0.0
  0
LINE
  5
1AA2
102
{ACAD_REACTORS
330
1A9F
330
1AA5
102
}
330
1F
100
AcDbEntity
  8
0
100
AcDbLine
 10
7474.749441700021
 20
23268.04438886588
 30
0.0
 11
7779.864819946268
 21
23268.04438886588
 31
0.0
  0
MTEXT
  5
1AA3
330
1F
100
AcDbEntity
  8
0
100
AcDbMText
 10
7838.85719022178
 20
23336.62719230157
 30
0.0
 40
150.0
 41
2047.873289513169
 46
0.0
 71
     1
 72
     5
  1
+0.0\P 
 73
     1
 44
1.0
1001
ACAD
1000
ACAD_MTEXT_COLUMN_INFO_BEGIN
1070
    75
1070
     2
1070
    79
1070
     0
1070
    76
1070
     1
1070
    78
1070
     0
1070
    48
1040
2047.873289513169
1070
    49
1040
12.5
1070
    50
1070
     1
1040
0.0
1000
ACAD_MTEXT_COLUMN_INFO_END
  0
MTEXT
  5
1AA4
330
1F
100
AcDbEntity
  8
0
100
AcDbMText
 10
7863.252282993402
 20
23262.72596284584
 30
0.0
 40
150.0
 41
2047.873289513169
 46
0.0
 71
     1
 72
     5
  1
- 
 73
     1
 44
1.0
1001
ACAD
1000
ACAD_MTEXT_COLUMN_INFO_BEGIN
1070
    75
1070
     2
1070
    79
1070
     0
1070
    76
1070
     1
1070
    78
1070
     0
1070
    48
1040
2047.873289513169
1070
    49
1040
12.5
1070
    50
1070
     1
1040
0.0
1000
ACAD_MTEXT_COLUMN_INFO_END
  0
LINE
  5
1B09
102
{ACAD_REACTORS
330
1B2E
330
1B36
102
}
330
1F
100
AcDbEntity
  8
0
100
AcDbLine
 10
9969.494023523061
 20
14290.57059097418
 30
0.0
 11
14969.49402352306
 21
14290.57059097418
 31
0.0
  0
LINE
  5
1B0B
102
{ACAD_REACTORS
330
1B2E
330
1B36
102
}
330
1F
100
AcDbEntity
  8
0
100
AcDbLine
 10
14969.49402352306
 20
14016.92977826588
 30
0.0
 11
9969.494023523061
 21
14016.92977826588
 31
0.0
  0
LINE
  5
1B0C
102
{ACAD_REACTORS
330
1B2E
330
1B36
102
}
330
1F
100
AcDbEntity
  8
0
100
AcDbLine
 10
9969.494023523061
 20
14016.92977826588
 30
0.0
 11
9969.494023523061
 21
14290.57059097418
 31
0.0
  0
LINE
  5
1B0D
102
{ACAD_REACTORS
330
1B2E
330
1B36
102
}
330
1F
100
AcDbEntity
  8
0
100
AcDbLine
 10
10969.49402352306
 20
14016.92977826588
 30
0.0
 11
10969.49402352306
 21
14290.57059097418
 31
0.0
  0
LINE
  5
1B0E
102
{ACAD_REACTORS
330
1B2E
330
1B36
102
}
330
1F
100
AcDbEntity
  8
0
100
AcDbLine
 10
11969.49402352306
 20
14016.92977826588
 30
0.0
 11
11969.49402352306
 21
14290.57059097418
 31
0.0
  0
LINE
  5
1B0F
102
{ACAD_REACTORS
330
1B2E
330
1B36
102
}
330
1F
100
AcDbEntity
  8
0
100
AcDbLine
 10
12969.49402352306
 20
14016.92977826588
 30
0.0
 11
12969.49402352306
 21
14290.57059097418
 31
0.0
  0
LINE
  5
1B10
102
{ACAD_REACTORS
330
1B2E
330
1B36
102
}
330
1F
100
AcDbEntity
  8
0
100
AcDbLine
 10
13969.49402352306
 20
14016.92977826588
 30
0.0
 11
13969.49402352306
 21
14290.57059097418
 31
0.0
  0
LINE
  5
1B11
102
{ACAD_REACTORS
330
1B2E
330
1B36
102
}
330
1F
100
AcDbEntity
  8
0
100
AcDbLine
 10
14969.49402352306
 20
14016.92977826588
 30
0.0
 11
14969.49402352306
 21
14290.57059097418
 31
0.0
  0
LINE
  5
1B12
102
{ACAD_REACTORS
330
1B2E
330
1B36
102
}
330
1F
100
AcDbEntity
  8
0
100
AcDbLine
 10
14969.49402352306
 20
14153.75018462003
 30
0.0
 11
9969.494023523061
 21
14153.75018462003
 31
0.0
  0
HATCH
  5
1B2E
102
{ACAD_REACTORS
330
1B36
102
}
330
1F
100
AcDbEntity
  8
0
100
AcDbHatch
 10
0.0
 20
0.0
 30
0.0
210
0.0
220
0.0
230
1.0
  2
SOLID
 70
     1
 71
     1
 91
        5
 92
        7
 72
     0
 73
     1
 93
        4
 10
10969.49402352306
 20
14153.75018462003
 10
10969.49402352306
 20
14290.57059097418
 10
9969.494023523061
 20
14290.57059097418
 10
9969.494023523061
 20
14153.75018462003
 97
        4
330
1B09
330
1B0C
330
1B12
330
1B0D
 92
        7
 72
     0
 73
     1
 93
        4
 10
10969.49402352306
 20
14153.75018462003
 10
10969.49402352306
 20
14016.92977826588
 10
11969.49402352306
 20
14016.92977826588
 10
11969.49402352306
 20
14153.75018462003
 97
        4
330
1B12
330
1B0D
330
1B0B
330
1B0E
 92
        7
 72
     0
 73
     1
 93
        4
 10
12969.49402352306
 20
14153.75018462003
 10
12969.49402352306
 20
14290.57059097418
 10
11969.49402352306
 20
14290.57059097418
 10
11969.49402352306
 20
14153.75018462003
 97
        4
330
1B09
330
1B0E
330
1B12
330
1B0F
 92
        7
 72
     0
 73
     1
 93
        4
 10
12969.49402352306
 20
14153.75018462003
 10
12969.49402352306
 20
14016.92977826588
 10
13969.49402352306
 20
14016.92977826588
 10
13969.49402352306
 20
14153.75018462003
 97
        4
330
1B12
330
1B0F
330
1B0B
330
1B10
 92
        7
 72
     0
 73
     1
 93
        4
 10
13969.49402352306
 20
14290.57059097418
 10
13969.49402352306
 20
14153.75018462003
 10
14969.49402352306
 20
14153.75018462003
 10
14969.49402352306
 20
14290.57059097418
 97
        4
330
1B09
330
1B10
330
1B12
330
1B11
 75
     1
 76
     1
 47
3.891051779414511
 98
        5
 10
10599.13700885558
 20
14212.54437336902
 10
11187.19193536625
 20
14088.03092983749
 10
12410.03319968283
 20
14220.3263912446
 10
13371.94965411699
 20
14111.37698346434
 10
14407.86015447182
 20
14235.89081283641
450
        0
451
        0
460
0.0
461
0.0
452
        0
462
0.0
453
        2
463
0.0
 63
     5
421
      255
463
1.0
 63
     2
421
 16776960
470
LINEAR
1001
GradientColor1ACI
1070
     5
1001
GradientColor2ACI
1070
     2
1001
ACAD
1010
0.0
1020
0.0
1030
0.0
  0
MTEXT
  5
1B2F
102
{ACAD_REACTORS
330
1B36
102
}
330
1F
100
AcDbEntity
  8
0
100
AcDbMText
 10
9921.920060658827
 20
13936.20646100361
 30
0.0
 40
150.0
 41
2047.873289513169
 46
0.0
 71
     1
 72
     5
  1
0 
 73
     1
 44
1.0
1001
ACAD
1000
ACAD_MTEXT_COLUMN_INFO_BEGIN
1070
    75
1070
     2
1070
    79
1070
     0
1070
    76
1070
     1
1070
    78
1070
     0
1070
    48
1040
2047.873289513169
1070
    49
1040
12.5
1070
    50
1070
     1
1040
0.0
1000
ACAD_MTEXT_COLUMN_INFO_END
  0
MTEXT
  5
1B31
102
{ACAD_REACTORS
330
1B36
102
}
330
1F
100
AcDbEntity
  8
0
100
AcDbMText
 10
10913.88274354348
 20
13936.20646100361
 30
0.0
 40
150.0
 41
2047.873289513169
 46
0.0
 71
     1
 72
     5
  1
1
 73
     1
 44
1.0
1001
ACAD
1000
ACAD_MTEXT_COLUMN_INFO_BEGIN
1070
    75
1070
     2
1070
    79
1070
     0
1070
    76
1070
     1
1070
    78
1070
     0
1070
    48
1040
2047.873289513169
1070
    49
1040
12.5
1070
    50
1070
     1
1040
0.0
1000
ACAD_MTEXT_COLUMN_INFO_END
  0
MTEXT
  5
1B32
102
{ACAD_REACTORS
330
1B36
102
}
330
1F
100
AcDbEntity
  8
0
100
AcDbMText
 10
11921.71774664009
 20
13936.20646100361
 30
0.0
 40
150.0
 41
2047.873289513169
 46
0.0
 71
     1
 72
     5
  1
2
 73
     1
 44
1.0
1001
ACAD
1000
ACAD_MTEXT_COLUMN_INFO_BEGIN
1070
    75
1070
     2
1070
    79
1070
     0
1070
    76
1070
     1
1070
    78
1070
     0
1070
    48
1040
2047.873289513169
1070
    49
1040
12.5
1070
    50
1070
     1
1040
0.0
1000
ACAD_MTEXT_COLUMN_INFO_END
  0
MTEXT
  5
1B33
102
{ACAD_REACTORS
330
1B36
102
}
330
1F
100
AcDbEntity
  8
0
100
AcDbMText
 10
12917.64748582151
 20
13936.20646100361
 30
0.0
 40
150.0
 41
2047.873289513169
 46
0.0
 71
     1
 72
     5
  1
3
 73
     1
 44
1.0
1001
ACAD
1000
ACAD_MTEXT_COLUMN_INFO_BEGIN
1070
    75
1070
     2
1070
    79
1070
     0
1070
    76
1070
     1
1070
    78
1070
     0
1070
    48
1040
2047.873289513169
1070
    49
1040
12.5
1070
    50
1070
     1
1040
0.0
1000
ACAD_MTEXT_COLUMN_INFO_END
  0
MTEXT
  5
1B34
102
{ACAD_REACTORS
330
1B36
102
}
330
1F
100
AcDbEntity
  8
0
100
AcDbMText
 10
13941.35378537374
 20
13936.20646100361
 30
0.0
 40
150.0
 41
2047.873289513169
 46
0.0
 71
     1
 72
     5
  1
4 
 73
     1
 44
1.0
1001
ACAD
1000
ACAD_MTEXT_COLUMN_INFO_BEGIN
1070
    75
1070
     2
1070
    79
1070
     0
1070
    76
1070
     1
1070
    78
1070
     0
1070
    48
1040
2047.873289513169
1070
    49
1040
12.5
1070
    50
1070
     1
1040
0.0
1000
ACAD_MTEXT_COLUMN_INFO_END
  0
MTEXT
  5
1B35
102
{ACAD_REACTORS
330
1B36
102
}
330
1F
100
AcDbEntity
  8
0
100
AcDbMText
 10
14918.20070407307
 20
13936.20646100361
 30
0.0
 40
150.0
 41
2047.873289513169
 46
0.0
 71
     1
 72
     5
  1
5m 
 73
     1
 44
1.0
1001
ACAD
1000
ACAD_MTEXT_COLUMN_INFO_BEGIN
1070
    75
1070
     2
1070
    79
1070
     0
1070
    76
1070
     1
1070
    78
1070
     0
1070
    48
1040
2047.873289513169
1070
    49
1040
12.5
1070
    50
1070
     1
1040
0.0
1000
ACAD_MTEXT_COLUMN_INFO_END
  0
HATCH
  5
1B37
102
{ACAD_REACTORS
330
1B47
102
}
330
1F
100
AcDbEntity
  8
0
100
AcDbHatch
 10
0.0
 20
0.0
 30
0.0
210
0.0
220
0.0
230
1.0
  2
SOLID
 70
     1
 71
     1
 91
        5
 92
        7
 72
     0
 73
     1
 93
        4
 10
10969.49402352306
 20
35050.46336209594
 10
10969.49402352306
 20
35187.28376845009
 10
9969.494023523063
 20
35187.28376845009
 10
9969.494023523063
 20
35050.46336209594
 97
        4
330
1B38
330
1B3A
330
1B40
330
1B3B
 92
        7
 72
     0
 73
     1
 93
        4
 10
10969.49402352306
 20
35050.46336209594
 10
10969.49402352306
 20
34913.64295574179
 10
11969.49402352306
 20
34913.64295574179
 10
11969.49402352306
 20
35050.46336209594
 97
        4
330
1B40
330
1B3B
330
1B39
330
1B3C
 92
        7
 72
     0
 73
     1
 93
        4
 10
12969.49402352306
 20
35050.46336209594
 10
12969.49402352306
 20
35187.28376845009
 10
11969.49402352306
 20
35187.28376845009
 10
11969.49402352306
 20
35050.46336209594
 97
        4
330
1B38
330
1B3C
330
1B40
330
1B3D
 92
        7
 72
     0
 73
     1
 93
        4
 10
12969.49402352306
 20
35050.46336209594
 10
12969.49402352306
 20
34913.64295574179
 10
13969.49402352306
 20
34913.64295574179
 10
13969.49402352306
 20
35050.46336209594
 97
        4
330
1B40
330
1B3D
330
1B39
330
1B3E
 92
        7
 72
     0
 73
     1
 93
        4
 10
13969.49402352306
 20
35187.28376845009
 10
13969.49402352306
 20
35050.46336209594
 10
14969.49402352306
 20
35050.46336209594
 10
14969.49402352306
 20
35187.28376845009
 97
        4
330
1B38
330
1B3E
330
1B40
330
1B3F
 75
     1
 76
     1
 47
3.891051779414511
 98
        5
 10
10599.13700885559
 20
35109.25755084493
 10
11187.19193536625
 20
34984.7441073134
 10
12410.03319968283
 20
35117.0395687205
 10
13371.94965411699
 20
35008.09016094025
 10
14407.86015447183
 20
35132.60399031232
450
        0
451
        0
460
0.0
461
0.0
452
        0
462
0.0
453
        2
463
0.0
 63
     5
421
      255
463
1.0
 63
     2
421
 16776960
470
LINEAR
1001
GradientColor1ACI
1070
     5
1001
GradientColor2ACI
1070
     2
1001
ACAD
1010
0.0
1020
0.0
1030
0.0
  0
LINE
  5
1B38
102
{ACAD_REACTORS
330
1B37
330
1B47
102
}
330
1F
100
AcDbEntity
  8
0
100
AcDbLine
 10
9969.494023523063
 20
35187.28376845009
 30
0.0
 11
14969.49402352306
 21
35187.28376845009
 31
0.0
  0
LINE
  5
1B39
102
{ACAD_REACTORS
330
1B37
330
1B47
102
}
330
1F
100
AcDbEntity
  8
0
100
AcDbLine
 10
14969.49402352306
 20
34913.64295574179
 30
0.0
 11
9969.494023523063
 21
34913.64295574179
 31
0.0
  0
LINE
  5
1B3A
102
{ACAD_REACTORS
330
1B37
330
1B47
102
}
330
1F
100
AcDbEntity
  8
0
100
AcDbLine
 10
9969.494023523063
 20
34913.64295574179
 30
0.0
 11
9969.494023523063
 21
35187.28376845009
 31
0.0
  0
LINE
  5
1B3B
102
{ACAD_REACTORS
330
1B37
330
1B47
102
}
330
1F
100
AcDbEntity
  8
0
100
AcDbLine
 10
10969.49402352306
 20
34913.64295574179
 30
0.0
 11
10969.49402352306
 21
35187.28376845009
 31
0.0
  0
LINE
  5
1B3C
102
{ACAD_REACTORS
330
1B37
330
1B47
102
}
330
1F
100
AcDbEntity
  8
0
100
AcDbLine
 10
11969.49402352306
 20
34913.64295574179
 30
0.0
 11
11969.49402352306
 21
35187.28376845009
 31
0.0
  0
LINE
  5
1B3D
102
{ACAD_REACTORS
330
1B37
330
1B47
102
}
330
1F
100
AcDbEntity
  8
0
100
AcDbLine
 10
12969.49402352306
 20
34913.64295574179
 30
0.0
 11
12969.49402352306
 21
35187.28376845009
 31
0.0
  0
LINE
  5
1B3E
102
{ACAD_REACTORS
330
1B37
330
1B47
102
}
330
1F
100
AcDbEntity
  8
0
100
AcDbLine
 10
13969.49402352306
 20
34913.64295574179
 30
0.0
 11
13969.49402352306
 21
35187.28376845009
 31
0.0
  0
LINE
  5
1B3F
102
{ACAD_REACTORS
330
1B37
330
1B47
102
}
330
1F
100
AcDbEntity
  8
0
100
AcDbLine
 10
14969.49402352306
 20
34913.64295574179
 30
0.0
 11
14969.49402352306
 21
35187.28376845009
 31
0.0
  0
LINE
  5
1B40
102
{ACAD_REACTORS
330
1B37
330
1B47
102
}
330
1F
100
AcDbEntity
  8
0
100
AcDbLine
 10
14969.49402352306
 20
35050.46336209594
 30
0.0
 11
9969.494023523063
 21
35050.46336209594
 31
0.0
  0
MTEXT
  5
1B41
102
{ACAD_REACTORS
330
1B47
102
}
330
1F
100
AcDbEntity
  8
0
100
AcDbMText
 10
9921.920060658829
 20
34832.91963847952
 30
0.0
 40
150.0
 41
2047.873289513169
 46
0.0
 71
     1
 72
     5
  1
0 
 73
     1
 44
1.0
1001
ACAD
1000
ACAD_MTEXT_COLUMN_INFO_BEGIN
1070
    75
1070
     2
1070
    79
1070
     0
1070
    76
1070
     1
1070
    78
1070
     0
1070
    48
1040
2047.873289513169
1070
    49
1040
12.5
1070
    50
1070
     1
1040
0.0
1000
ACAD_MTEXT_COLUMN_INFO_END
  0
MTEXT
  5
1B42
102
{ACAD_REACTORS
330
1B47
102
}
330
1F
100
AcDbEntity
  8
0
100
AcDbMText
 10
10913.88274354348
 20
34832.91963847952
 30
0.0
 40
150.0
 41
2047.873289513169
 46
0.0
 71
     1
 72
     5
  1
1
 73
     1
 44
1.0
1001
ACAD
1000
ACAD_MTEXT_COLUMN_INFO_BEGIN
1070
    75
1070
     2
1070
    79
1070
     0
1070
    76
1070
     1
1070
    78
1070
     0
1070
    48
1040
2047.873289513169
1070
    49
1040
12.5
1070
    50
1070
     1
1040
0.0
1000
ACAD_MTEXT_COLUMN_INFO_END
  0
MTEXT
  5
1B43
102
{ACAD_REACTORS
330
1B47
102
}
330
1F
100
AcDbEntity
  8
0
100
AcDbMText
 10
11921.71774664009
 20
34832.91963847952
 30
0.0
 40
150.0
 41
2047.873289513169
 46
0.0
 71
     1
 72
     5
  1
2
 73
     1
 44
1.0
1001
ACAD
1000
ACAD_MTEXT_COLUMN_INFO_BEGIN
1070
    75
1070
     2
1070
    79
1070
     0
1070
    76
1070
     1
1070
    78
1070
     0
1070
    48
1040
2047.873289513169
1070
    49
1040
12.5
1070
    50
1070
     1
1040
0.0
1000
ACAD_MTEXT_COLUMN_INFO_END
  0
MTEXT
  5
1B44
102
{ACAD_REACTORS
330
1B47
102
}
330
1F
100
AcDbEntity
  8
0
100
AcDbMText
 10
12917.64748582151
 20
34832.91963847952
 30
0.0
 40
150.0
 41
2047.873289513169
 46
0.0
 71
     1
 72
     5
  1
3
 73
     1
 44
1.0
1001
ACAD
1000
ACAD_MTEXT_COLUMN_INFO_BEGIN
1070
    75
1070
     2
1070
    79
1070
     0
1070
    76
1070
     1
1070
    78
1070
     0
1070
    48
1040
2047.873289513169
1070
    49
1040
12.5
1070
    50
1070
     1
1040
0.0
1000
ACAD_MTEXT_COLUMN_INFO_END
  0
MTEXT
  5
1B45
102
{ACAD_REACTORS
330
1B47
102
}
330
1F
100
AcDbEntity
  8
0
100
AcDbMText
 10
13941.35378537374
 20
34832.91963847952
 30
0.0
 40
150.0
 41
2047.873289513169
 46
0.0
 71
     1
 72
     5
  1
4 
 73
     1
 44
1.0
1001
ACAD
1000
ACAD_MTEXT_COLUMN_INFO_BEGIN
1070
    75
1070
     2
1070
    79
1070
     0
1070
    76
1070
     1
1070
    78
1070
     0
1070
    48
1040
2047.873289513169
1070
    49
1040
12.5
1070
    50
1070
     1
1040
0.0
1000
ACAD_MTEXT_COLUMN_INFO_END
  0
MTEXT
  5
1B46
102
{ACAD_REACTORS
330
1B47
102
}
330
1F
100
AcDbEntity
  8
0
100
AcDbMText
 10
14918.20070407307
 20
34832.91963847952
 30
0.0
 40
150.0
 41
2047.873289513169
 46
0.0
 71
     1
 72
     5
  1
5m 
 73
     1
 44
1.0
1001
ACAD
1000
ACAD_MTEXT_COLUMN_INFO_BEGIN
1070
    75
1070
     2
1070
    79
1070
     0
1070
    76
1070
     1
1070
    78
1070
     0
1070
    48
1040
2047.873289513169
1070
    49
1040
12.5
1070
    50
1070
     1
1040
0.0
1000
ACAD_MTEXT_COLUMN_INFO_END
  0
HATCH
  5
1B48
102
{ACAD_REACTORS
330
1B58
102
}
330
1F
100
AcDbEntity
  8
0
100
AcDbHatch
 10
0.0
 20
0.0
 30
0.0
210
0.0
220
0.0
230
1.0
  2
SOLID
 70
     1
 71
     1
 91
        5
 92
        7
 72
     0
 73
     1
 93
        4
 10
10969.49402352306
 20
56657.38705032429
 10
10969.49402352306
 20
56794.20745667844
 10
9969.494023523065
 20
56794.20745667844
 10
9969.494023523065
 20
56657.38705032429
 97
        4
330
1B49
330
1B4B
330
1B51
330
1B4C
 92
        7
 72
     0
 73
     1
 93
        4
 10
10969.49402352306
 20
56657.38705032429
 10
10969.49402352306
 20
56520.56664397014
 10
11969.49402352306
 20
56520.56664397014
 10
11969.49402352306
 20
56657.38705032429
 97
        4
330
1B51
330
1B4C
330
1B4A
330
1B4D
 92
        7
 72
     0
 73
     1
 93
        4
 10
12969.49402352306
 20
56657.38705032429
 10
12969.49402352306
 20
56794.20745667844
 10
11969.49402352306
 20
56794.20745667844
 10
11969.49402352306
 20
56657.38705032429
 97
        4
330
1B49
330
1B4D
330
1B51
330
1B4E
 92
        7
 72
     0
 73
     1
 93
        4
 10
12969.49402352306
 20
56657.38705032429
 10
12969.49402352306
 20
56520.56664397014
 10
13969.49402352306
 20
56520.56664397014
 10
13969.49402352306
 20
56657.38705032429
 97
        4
330
1B51
330
1B4E
330
1B4A
330
1B4F
 92
        7
 72
     0
 73
     1
 93
        4
 10
13969.49402352306
 20
56794.20745667844
 10
13969.49402352306
 20
56657.38705032429
 10
14969.49402352306
 20
56657.38705032429
 10
14969.49402352306
 20
56794.20745667844
 97
        4
330
1B49
330
1B4F
330
1B51
330
1B50
 75
     1
 76
     1
 47
3.891051779414511
 98
        5
 10
10599.13700885559
 20
56716.18123907328
 10
11187.19193536625
 20
56591.66779554175
 10
12410.03319968283
 20
56723.96325694886
 10
13371.949654117
 20
56615.01384916861
 10
14407.86015447183
 20
56739.52767854067
450
        0
451
        0
460
0.0
461
0.0
452
        0
462
0.0
453
        2
463
0.0
 63
     5
421
      255
463
1.0
 63
     2
421
 16776960
470
LINEAR
1001
GradientColor1ACI
1070
     5
1001
GradientColor2ACI
1070
     2
1001
ACAD
1010
0.0
1020
0.0
1030
0.0
  0
LINE
  5
1B49
102
{ACAD_REACTORS
330
1B48
330
1B58
102
}
330
1F
100
AcDbEntity
  8
0
100
AcDbLine
 10
9969.494023523065
 20
56794.20745667844
 30
0.0
 11
14969.49402352306
 21
56794.20745667844
 31
0.0
  0
LINE
  5
1B4A
102
{ACAD_REACTORS
330
1B48
330
1B58
102
}
330
1F
100
AcDbEntity
  8
0
100
AcDbLine
 10
14969.49402352306
 20
56520.56664397014
 30
0.0
 11
9969.494023523065
 21
56520.56664397014
 31
0.0
  0
LINE
  5
1B4B
102
{ACAD_REACTORS
330
1B48
330
1B58
102
}
330
1F
100
AcDbEntity
  8
0
100
AcDbLine
 10
9969.494023523065
 20
56520.56664397014
 30
0.0
 11
9969.494023523065
 21
56794.20745667844
 31
0.0
  0
LINE
  5
1B4C
102
{ACAD_REACTORS
330
1B48
330
1B58
102
}
330
1F
100
AcDbEntity
  8
0
100
AcDbLine
 10
10969.49402352306
 20
56520.56664397014
 30
0.0
 11
10969.49402352306
 21
56794.20745667844
 31
0.0
  0
LINE
  5
1B4D
102
{ACAD_REACTORS
330
1B48
330
1B58
102
}
330
1F
100
AcDbEntity
  8
0
100
AcDbLine
 10
11969.49402352306
 20
56520.56664397014
 30
0.0
 11
11969.49402352306
 21
56794.20745667844
 31
0.0
  0
LINE
  5
1B4E
102
{ACAD_REACTORS
330
1B48
330
1B58
102
}
330
1F
100
AcDbEntity
  8
0
100
AcDbLine
 10
12969.49402352306
 20
56520.56664397014
 30
0.0
 11
12969.49402352306
 21
56794.20745667844
 31
0.0
  0
LINE
  5
1B4F
102
{ACAD_REACTORS
330
1B48
330
1B58
102
}
330
1F
100
AcDbEntity
  8
0
100
AcDbLine
 10
13969.49402352306
 20
56520.56664397014
 30
0.0
 11
13969.49402352306
 21
56794.20745667844
 31
0.0
  0
LINE
  5
1B50
102
{ACAD_REACTORS
330
1B48
330
1B58
102
}
330
1F
100
AcDbEntity
  8
0
100
AcDbLine
 10
14969.49402352306
 20
56520.56664397014
 30
0.0
 11
14969.49402352306
 21
56794.20745667844
 31
0.0
  0
LINE
  5
1B51
102
{ACAD_REACTORS
330
1B48
330
1B58
102
}
330
1F
100
AcDbEntity
  8
0
100
AcDbLine
 10
14969.49402352306
 20
56657.38705032429
 30
0.0
 11
9969.494023523065
 21
56657.38705032429
 31
0.0
  0
MTEXT
  5
1B52
102
{ACAD_REACTORS
330
1B58
102
}
330
1F
100
AcDbEntity
  8
0
100
AcDbMText
 10
9921.920060658832
 20
56439.84332670787
 30
0.0
 40
150.0
 41
2047.873289513169
 46
0.0
 71
     1
 72
     5
  1
0 
 73
     1
 44
1.0
1001
ACAD
1000
ACAD_MTEXT_COLUMN_INFO_BEGIN
1070
    75
1070
     2
1070
    79
1070
     0
1070
    76
1070
     1
1070
    78
1070
     0
1070
    48
1040
2047.873289513169
1070
    49
1040
12.5
1070
    50
1070
     1
1040
0.0
1000
ACAD_MTEXT_COLUMN_INFO_END
  0
MTEXT
  5
1B53
102
{ACAD_REACTORS
330
1B58
102
}
330
1F
100
AcDbEntity
  8
0
100
AcDbMText
 10
10913.88274354348
 20
56439.84332670787
 30
0.0
 40
150.0
 41
2047.873289513169
 46
0.0
 71
     1
 72
     5
  1
1
 73
     1
 44
1.0
1001
ACAD
1000
ACAD_MTEXT_COLUMN_INFO_BEGIN
1070
    75
1070
     2
1070
    79
1070
     0
1070
    76
1070
     1
1070
    78
1070
     0
1070
    48
1040
2047.873289513169
1070
    49
1040
12.5
1070
    50
1070
     1
1040
0.0
1000
ACAD_MTEXT_COLUMN_INFO_END
  0
MTEXT
  5
1B54
102
{ACAD_REACTORS
330
1B58
102
}
330
1F
100
AcDbEntity
  8
0
100
AcDbMText
 10
11921.71774664009
 20
56439.84332670787
 30
0.0
 40
150.0
 41
2047.873289513169
 46
0.0
 71
     1
 72
     5
  1
2
 73
     1
 44
1.0
1001
ACAD
1000
ACAD_MTEXT_COLUMN_INFO_BEGIN
1070
    75
1070
     2
1070
    79
1070
     0
1070
    76
1070
     1
1070
    78
1070
     0
1070
    48
1040
2047.873289513169
1070
    49
1040
12.5
1070
    50
1070
     1
1040
0.0
1000
ACAD_MTEXT_COLUMN_INFO_END
  0
MTEXT
  5
1B55
102
{ACAD_REACTORS
330
1B58
102
}
330
1F
100
AcDbEntity
  8
0
100
AcDbMText
 10
12917.64748582151
 20
56439.84332670787
 30
0.0
 40
150.0
 41
2047.873289513169
 46
0.0
 71
     1
 72
     5
  1
3
 73
     1
 44
1.0
1001
ACAD
1000
ACAD_MTEXT_COLUMN_INFO_BEGIN
1070
    75
1070
     2
1070
    79
1070
     0
1070
    76
1070
     1
1070
    78
1070
     0
1070
    48
1040
2047.873289513169
1070
    49
1040
12.5
1070
    50
1070
     1
1040
0.0
1000
ACAD_MTEXT_COLUMN_INFO_END
  0
MTEXT
  5
1B56
102
{ACAD_REACTORS
330
1B58
102
}
330
1F
100
AcDbEntity
  8
0
100
AcDbMText
 10
13941.35378537374
 20
56439.84332670787
 30
0.0
 40
150.0
 41
2047.873289513169
 46
0.0
 71
     1
 72
     5
  1
4 
 73
     1
 44
1.0
1001
ACAD
1000
ACAD_MTEXT_COLUMN_INFO_BEGIN
1070
    75
1070
     2
1070
    79
1070
     0
1070
    76
1070
     1
1070
    78
1070
     0
1070
    48
1040
2047.873289513169
1070
    49
1040
12.5
1070
    50
1070
     1
1040
0.0
1000
ACAD_MTEXT_COLUMN_INFO_END
  0
MTEXT
  5
1B57
102
{ACAD_REACTORS
330
1B58
102
}
330
1F
100
AcDbEntity
  8
0
100
AcDbMText
 10
14918.20070407307
 20
56439.84332670787
 30
0.0
 40
150.0
 41
2047.873289513169
 46
0.0
 71
     1
 72
     5
  1
5m 
 73
     1
 44
1.0
1001
ACAD
1000
ACAD_MTEXT_COLUMN_INFO_BEGIN
1070
    75
1070
     2
1070
    79
1070
     0
1070
    76
1070
     1
1070
    78
1070
     0
1070
    48
1040
2047.873289513169
1070
    49
1040
12.5
1070
    50
1070
     1
1040
0.0
1000
ACAD_MTEXT_COLUMN_INFO_END
  0
LINE
  5
1B5B
330
1F
100
AcDbEntity
  8
wall
100
AcDbLine
 10
4236.753221581351
 20
50149.97450165518
 30
0.0
 11
4236.753221581335
 21
45689.97450165519
 31
0.0
  0
LINE
  5
1B5C
330
1F
100
AcDbEntity
  8
ELE 2
100
AcDbLine
 10
4236.753221581334
 20
45689.97450165519
 30
0.0
 11
6.753221581364414
 21
45689.97450165521
 31
0.0
  0
LINE
  5
2057
102
{ACAD_REACTORS
330
2592
102
}
330
1F
100
AcDbEntity
  8
wall
100
AcDbLine
 10
9831.43066005665
 20
82059.51451626106
 30
0.0
 11
14221.43066005667
 21
82059.51451626106
 31
0.0
  0
LINE
  5
205A
102
{ACAD_REACTORS
330
2592
102
}
330
1F
100
AcDbEntity
  8
ELE 2
100
AcDbLine
 10
771.4306600566779
 20
75609.51451626106
 30
0.0
 11
16071.43066005665
 21
75609.51451626106
 31
0.0
  0
LINE
  5
2060
102
{ACAD_REACTORS
330
2592
102
}
330
1F
100
AcDbEntity
  8
wall
100
AcDbLine
 10
9831.43066005665
 20
81909.51451626105
 30
0.0
 11
14221.43066005667
 21
81909.51451626105
 31
0.0
  0
LINE
  5
2069
102
{ACAD_REACTORS
330
2592
102
}
330
1F
100
AcDbEntity
  8
wall
100
AcDbLine
 10
771.4306600566779
 20
75609.51451626106
 30
0.0
 11
-228.5693399433221
 21
75609.51451626106
 31
0.0
  0
LINE
  5
206A
102
{ACAD_REACTORS
330
2592
102
}
330
1F
100
AcDbEntity
  8
wall
100
AcDbLine
 10
771.4306600566779
 20
75609.51451626106
 30
0.0
 11
771.4306600566779
 21
79059.51451626106
 31
0.0
  0
LINE
  5
206C
102
{ACAD_REACTORS
330
2592
102
}
330
1F
100
AcDbEntity
  8
wall
100
AcDbLine
 10
1001.430660056678
 20
76059.51451626106
 30
0.0
 11
1001.430660056678
 21
79059.51451626106
 31
0.0
  0
LINE
  5
2081
102
{ACAD_REACTORS
330
2592
102
}
330
1F
100
AcDbEntity
  8
wall
100
AcDbLine
 10
2001.430660056671
 20
79059.51451626106
 30
0.0
 11
2001.430660056671
 21
76059.51451626106
 31
0.0
  0
LINE
  5
2082
102
{ACAD_REACTORS
330
2592
102
}
330
1F
100
AcDbEntity
  8
wall
100
AcDbLine
 10
2231.430660056671
 20
78909.51451626105
 30
0.0
 11
2231.430660056671
 21
76059.51451626106
 31
0.0
  0
LINE
  5
2083
102
{ACAD_REACTORS
330
2592
102
}
330
1F
100
AcDbEntity
  8
wall
100
AcDbLine
 10
771.4306600566779
 20
79059.51451626106
 30
0.0
 11
1001.430660056678
 21
79059.51451626106
 31
0.0
  0
LINE
  5
2084
102
{ACAD_REACTORS
330
2592
102
}
330
1F
100
AcDbEntity
  8
wall
100
AcDbLine
 10
771.4306600566779
 20
78909.51451626105
 30
0.0
 11
1001.430660056678
 21
78909.51451626105
 31
0.0
  0
LINE
  5
208B
102
{ACAD_REACTORS
330
2592
102
}
330
1F
100
AcDbEntity
  8
ELE 1
100
AcDbLine
 10
3431.430660056634
 20
76059.51451626106
 30
0.0
 11
3431.430660056634
 21
78159.51451626106
 31
0.0
  0
LINE
  5
208D
102
{ACAD_REACTORS
330
2592
102
}
330
1F
100
AcDbEntity
  8
ELE 1
100
AcDbLine
 10
3661.430660056664
 20
76059.51451626106
 30
0.0
 11
3661.430660056664
 21
78159.51451626106
 31
0.0
  0
LINE
  5
208E
102
{ACAD_REACTORS
330
2592
102
}
330
1F
100
AcDbEntity
  8
wall
100
AcDbLine
 10
3431.430660056634
 20
78909.51451626105
 30
0.0
 11
3431.430660056634
 21
78159.51451626106
 31
0.0
  0
LINE
  5
208F
102
{ACAD_REACTORS
330
2592
102
}
330
1F
100
AcDbEntity
  8
wall
100
AcDbLine
 10
3431.430660056634
 20
78159.51451626106
 30
0.0
 11
3661.430660056664
 21
78159.51451626106
 31
0.0
  0
LINE
  5
2090
102
{ACAD_REACTORS
330
2592
102
}
330
1F
100
AcDbEntity
  8
wall
100
AcDbLine
 10
3661.430660056664
 20
78159.51451626106
 30
0.0
 11
3661.430660056664
 21
78909.51451626105
 31
0.0
  0
LINE
  5
2091
102
{ACAD_REACTORS
330
2592
102
}
330
1F
100
AcDbEntity
  8
wall
100
AcDbLine
 10
2001.430660056671
 20
78909.51451626105
 30
0.0
 11
6431.430660056664
 21
78909.51451626105
 31
0.0
  0
LINE
  5
2092
102
{ACAD_REACTORS
330
2592
102
}
330
1F
100
AcDbEntity
  8
wall
100
AcDbLine
 10
2001.430660056671
 20
79059.51451626106
 30
0.0
 11
6431.430660056664
 21
79059.51451626106
 31
0.0
  0
LINE
  5
209B
102
{ACAD_REACTORS
330
2592
102
}
330
1F
100
AcDbEntity
  8
ELE 1
100
AcDbLine
 10
5231.430660056648
 20
78909.51451626105
 30
0.0
 11
5231.430660056648
 21
76059.51451626106
 31
0.0
  0
LINE
  5
20A0
102
{ACAD_REACTORS
330
2592
102
}
330
1F
100
AcDbEntity
  8
wall
100
AcDbLine
 10
6431.430660056664
 20
76059.51451626106
 30
0.0
 11
6431.430660056664
 21
75909.51451626105
 31
0.0
  0
LINE
  5
20A1
102
{ACAD_REACTORS
330
2592
102
}
330
1F
100
AcDbEntity
  8
wall
100
AcDbLine
 10
6431.430660056664
 20
75909.51451626105
 30
0.0
 11
6731.430660056664
 21
75909.51451626105
 31
0.0
  0
LINE
  5
20A2
102
{ACAD_REACTORS
330
2592
102
}
330
1F
100
AcDbEntity
  8
wall
100
AcDbLine
 10
6731.430660056664
 20
75909.51451626105
 30
0.0
 11
6731.430660056664
 21
75759.51451626106
 31
0.0
  0
LINE
  5
20A3
102
{ACAD_REACTORS
330
2592
102
}
330
1F
100
AcDbEntity
  8
wall
100
AcDbLine
 10
6731.430660056664
 20
75759.51451626106
 30
0.0
 11
7031.430660056663
 21
75759.51451626106
 31
0.0
  0
LINE
  5
20A4
102
{ACAD_REACTORS
330
2592
102
}
330
1F
100
AcDbEntity
  8
wall
100
AcDbLine
 10
7031.430660056663
 20
75759.51451626106
 30
0.0
 11
7031.430660056678
 21
75609.51451626106
 31
0.0
  0
LINE
  5
20AB
102
{ACAD_REACTORS
330
2592
102
}
330
1F
100
AcDbEntity
  8
wall
100
AcDbLine
 10
9831.43066005665
 20
75609.51451626106
 30
0.0
 11
9831.43066005665
 21
76509.51451626106
 31
0.0
  0
LINE
  5
20AC
102
{ACAD_REACTORS
330
2592
102
}
330
1F
100
AcDbEntity
  8
ELE 2
100
AcDbLine
 10
6431.430660056664
 20
76059.51451626106
 30
0.0
 11
9831.43066005665
 21
76059.51451626106
 31
0.0
  0
LINE
  5
20AE
102
{ACAD_REACTORS
330
2592
102
}
330
1F
100
AcDbEntity
  8
wall
100
AcDbLine
 10
9831.43066005665
 20
76059.51451626106
 30
0.0
 11
14821.43066005666
 21
76059.51451626106
 31
0.0
  0
LINE
  5
20AF
102
{ACAD_REACTORS
330
2592
102
}
330
1F
100
AcDbEntity
  8
wall
100
AcDbLine
 10
9831.43066005665
 20
75909.51451626105
 30
0.0
 11
14821.43066005666
 21
75909.51451626105
 31
0.0
  0
LINE
  5
20B0
102
{ACAD_REACTORS
330
2592
102
}
330
1F
100
AcDbEntity
  8
wall
100
AcDbLine
 10
10061.43066005666
 20
76059.51451626106
 30
0.0
 11
10061.43066005666
 21
76509.51451626106
 31
0.0
  0
LINE
  5
20B1
102
{ACAD_REACTORS
330
2592
102
}
330
1F
100
AcDbEntity
  8
wall
100
AcDbLine
 10
9956.430660056664
 20
76509.51451626106
 30
0.0
 11
9956.43066005665
 21
78159.51451626106
 31
0.0
  0
LINE
  5
20B2
102
{ACAD_REACTORS
330
2592
102
}
330
1F
100
AcDbEntity
  8
wall
100
AcDbLine
 10
9946.430660056662
 20
76509.51451626106
 30
0.0
 11
9946.430660056648
 21
78159.51451626106
 31
0.0
  0
LINE
  5
20B3
102
{ACAD_REACTORS
330
2592
102
}
330
1F
100
AcDbEntity
  8
wall
100
AcDbLine
 10
9936.430660056664
 20
76509.51451626106
 30
0.0
 11
9936.43066005665
 21
78159.51451626106
 31
0.0
  0
LINE
  5
20B9
102
{ACAD_REACTORS
330
2592
102
}
330
1F
100
AcDbEntity
  8
wall
100
AcDbLine
 10
7031.430660056678
 20
75609.51451626106
 30
0.0
 11
9831.43066005665
 21
75609.51451626106
 31
0.0
  0
LINE
  5
20BB
102
{ACAD_REACTORS
330
2592
102
}
330
1F
100
AcDbEntity
  8
wall
100
AcDbLine
 10
9831.43066005665
 20
76509.51451626106
 30
0.0
 11
10061.43066005665
 21
76509.51451626106
 31
0.0
  0
LINE
  5
20BD
102
{ACAD_REACTORS
330
2592
102
}
330
1F
100
AcDbEntity
  8
wall
100
AcDbLine
 10
10061.43066005666
 20
78159.51451626106
 30
0.0
 11
9831.43066005665
 21
78159.51451626106
 31
0.0
  0
LINE
  5
20C3
102
{ACAD_REACTORS
330
2592
102
}
330
1F
100
AcDbEntity
  8
wall
100
AcDbLine
 10
11811.43066005666
 20
78909.51451626105
 30
0.0
 11
11811.43066005666
 21
76059.51451626106
 31
0.0
  0
LINE
  5
20C4
102
{ACAD_REACTORS
330
2592
102
}
330
1F
100
AcDbEntity
  8
wall
100
AcDbLine
 10
12041.43066005666
 20
78909.51451626105
 30
0.0
 11
12041.43066005666
 21
76059.51451626106
 31
0.0
  0
LINE
  5
20CB
102
{ACAD_REACTORS
330
2592
102
}
330
1F
100
AcDbEntity
  8
ELE 1
100
AcDbLine
 10
13991.43066005666
 20
76059.51451626106
 30
0.0
 11
13991.43066005666
 21
78159.51451626106
 31
0.0
  0
LINE
  5
20CC
102
{ACAD_REACTORS
330
2592
102
}
330
1F
100
AcDbEntity
  8
wall
100
AcDbLine
 10
13991.43066005666
 20
78159.51451626106
 30
0.0
 11
14221.43066005665
 21
78159.51451626106
 31
0.0
  0
LINE
  5
20CD
102
{ACAD_REACTORS
330
2592
102
}
330
1F
100
AcDbEntity
  8
ELE 1
100
AcDbLine
 10
14221.43066005665
 20
78159.51451626106
 30
0.0
 11
14221.43066005665
 21
76059.51451626106
 31
0.0
  0
LINE
  5
20CE
102
{ACAD_REACTORS
330
2592
102
}
330
1F
100
AcDbEntity
  8
wall
100
AcDbLine
 10
13991.43066005666
 20
78159.51451626106
 30
0.0
 11
13991.43066005665
 21
78909.51451626105
 31
0.0
  0
LINE
  5
20CF
102
{ACAD_REACTORS
330
2592
102
}
330
1F
100
AcDbEntity
  8
wall
100
AcDbLine
 10
14221.43066005663
 20
78159.51451626106
 30
0.0
 11
14221.43066005665
 21
78909.51451626105
 31
0.0
  0
LINE
  5
20DB
102
{ACAD_REACTORS
330
2592
102
}
330
1F
100
AcDbEntity
  8
wall
100
AcDbLine
 10
14821.43066005666
 20
76059.51451626106
 30
0.0
 11
14821.43066005666
 21
75909.51451626105
 31
0.0
  0
LINE
  5
20DC
102
{ACAD_REACTORS
330
2592
102
}
330
1F
100
AcDbEntity
  8
wall
100
AcDbLine
 10
14821.43066005666
 20
75909.51451626105
 30
0.0
 11
15121.43066005666
 21
75909.51451626105
 31
0.0
  0
LINE
  5
20DD
102
{ACAD_REACTORS
330
2592
102
}
330
1F
100
AcDbEntity
  8
wall
100
AcDbLine
 10
15121.43066005666
 20
75909.51451626105
 30
0.0
 11
15121.43066005666
 21
75759.51451626106
 31
0.0
  0
LINE
  5
20DE
102
{ACAD_REACTORS
330
2592
102
}
330
1F
100
AcDbEntity
  8
wall
100
AcDbLine
 10
15121.43066005666
 20
75759.51451626106
 30
0.0
 11
15421.43066005666
 21
75759.51451626106
 31
0.0
  0
LINE
  5
20DF
102
{ACAD_REACTORS
330
2592
102
}
330
1F
100
AcDbEntity
  8
wall
100
AcDbLine
 10
15421.43066005666
 20
75759.51451626106
 30
0.0
 11
15421.43066005666
 21
75609.51451626106
 31
0.0
  0
LINE
  5
20E0
102
{ACAD_REACTORS
330
2592
102
}
330
1F
100
AcDbEntity
  8
ELE 1
100
AcDbLine
 10
15451.43066005667
 20
75609.51451626106
 30
0.0
 11
15451.43066005667
 21
78909.51451626105
 31
0.0
  0
LINE
  5
20E2
102
{ACAD_REACTORS
330
2592
102
}
330
1F
100
AcDbEntity
  8
wall
100
AcDbLine
 10
16071.43066005666
 20
78909.51451626105
 30
0.0
 11
16071.43066005665
 21
79059.51451626106
 31
0.0
  0
LINE
  5
22F7
102
{ACAD_REACTORS
330
2592
102
}
330
1F
100
AcDbEntity
  8
wall
100
AcDbLine
 10
14221.43066005665
 20
79059.51451626106
 30
0.0
 11
14221.43066005666
 21
80259.51451626106
 31
0.0
  0
LINE
  5
22F8
102
{ACAD_REACTORS
330
2592
102
}
330
1F
100
AcDbEntity
  8
wall
100
AcDbLine
 10
13991.43066005665
 20
79059.51451626106
 30
0.0
 11
13991.43066005662
 21
80259.51451626106
 31
0.0
  0
LINE
  5
22F9
102
{ACAD_REACTORS
330
2592
102
}
330
1F
100
AcDbEntity
  8
wall
100
AcDbLine
 10
13991.43066005662
 20
80259.51451626106
 30
0.0
 11
14221.43066005667
 21
80259.51451626106
 31
0.0
  0
LINE
  5
22FA
102
{ACAD_REACTORS
330
2592
102
}
330
1F
100
AcDbEntity
  8
wall
100
AcDbLine
 10
13991.43066005662
 20
81159.51451626106
 30
0.0
 11
14221.43066005667
 21
81159.51451626106
 31
0.0
  0
LINE
  5
22FB
102
{ACAD_REACTORS
330
2592
102
}
330
1F
100
AcDbEntity
  8
wall
100
AcDbLine
 10
14221.43066005667
 20
81159.51451626106
 30
0.0
 11
14221.43066005667
 21
81909.51451626105
 31
0.0
  0
LINE
  5
22FC
102
{ACAD_REACTORS
330
2592
102
}
330
1F
100
AcDbEntity
  8
wall
100
AcDbLine
 10
13991.43066005662
 20
81159.51451626106
 30
0.0
 11
13991.4306600566
 21
81909.51451626105
 31
0.0
  0
LINE
  5
22FD
102
{ACAD_REACTORS
330
2592
102
}
330
1F
100
AcDbEntity
  8
SILL
100
AcDbLine
 10
14221.43066005667
 20
81159.51451626106
 30
0.0
 11
14221.43066005669
 21
80259.51451626106
 31
0.0
  0
LINE
  5
22FE
102
{ACAD_REACTORS
330
2592
102
}
330
1F
100
AcDbEntity
  8
SILL
100
AcDbLine
 10
13991.43066005662
 20
81159.51451626106
 30
0.0
 11
13991.43066005662
 21
80259.51451626106
 31
0.0
  0
LINE
  5
2302
102
{ACAD_REACTORS
330
2592
102
}
330
1F
100
AcDbEntity
  8
wall
100
AcDbLine
 10
12041.43066005663
 20
81909.51451626105
 30
0.0
 11
12041.43066005663
 21
79059.51451626106
 31
0.0
  0
LINE
  5
2303
102
{ACAD_REACTORS
330
2592
102
}
330
1F
100
AcDbEntity
  8
wall
100
AcDbLine
 10
11811.43066005663
 20
81909.51451626105
 30
0.0
 11
11811.43066005663
 21
79059.51451626106
 31
0.0
  0
LINE
  5
2304
102
{ACAD_REACTORS
330
2592
102
}
330
1F
100
AcDbEntity
  8
wall
100
AcDbLine
 10
14221.43066005667
 20
81909.51451626105
 30
0.0
 11
14221.43066005667
 21
82059.51451626106
 31
0.0
  0
LINE
  5
2306
102
{ACAD_REACTORS
330
2592
102
}
330
1F
100
AcDbEntity
  8
ELE 1
100
AcDbLine
 10
2001.430660056671
 20
79059.51451626106
 30
0.0
 11
1001.430660056678
 21
79059.51451626106
 31
0.0
  0
LINE
  5
2309
102
{ACAD_REACTORS
330
2592
102
}
330
1F
100
AcDbEntity
  8
wall
100
AcDbLine
 10
10061.43066005665
 20
81909.51451626105
 30
0.0
 11
10061.43066005665
 21
79059.51451626106
 31
0.0
  0
LINE
  5
230A
102
{ACAD_REACTORS
330
2592
102
}
330
1F
100
AcDbEntity
  8
wall
100
AcDbLine
 10
9831.43066005665
 20
79059.51451626106
 30
0.0
 11
9831.43066005665
 21
82059.51451626106
 31
0.0
  0
LINE
  5
230C
102
{ACAD_REACTORS
330
2592
102
}
330
1F
100
AcDbEntity
  8
wall
100
AcDbLine
 10
10061.43066005666
 20
78159.51451626106
 30
0.0
 11
10061.43066005666
 21
78909.51451626105
 31
0.0
  0
LINE
  5
230D
102
{ACAD_REACTORS
330
2592
102
}
330
1F
100
AcDbEntity
  8
wall
100
AcDbLine
 10
9831.43066005665
 20
78159.51451626106
 30
0.0
 11
9831.43066005665
 21
78909.51451626105
 31
0.0
  0
LINE
  5
230E
102
{ACAD_REACTORS
330
2592
102
}
330
1F
100
AcDbEntity
  8
SILL
100
AcDbLine
 10
10061.43066005666
 20
78159.51451626106
 30
0.0
 11
10061.43066005665
 21
76509.51451626106
 31
0.0
  0
LINE
  5
230F
102
{ACAD_REACTORS
330
2592
102
}
330
1F
100
AcDbEntity
  8
SILL
100
AcDbLine
 10
9831.43066005665
 20
76509.51451626106
 30
0.0
 11
9831.43066005665
 21
78159.51451626106
 31
0.0
  0
LINE
  5
2310
102
{ACAD_REACTORS
330
2592
102
}
330
1F
100
AcDbEntity
  8
SILL
100
AcDbLine
 10
14106.43066005665
 20
81159.51451626106
 30
0.0
 11
14106.43066005665
 21
80259.51451626106
 31
0.0
  0
LINE
  5
2311
102
{ACAD_REACTORS
330
2592
102
}
330
1F
100
AcDbEntity
  8
SILL
100
AcDbLine
 10
14116.43066005665
 20
81159.51451626106
 30
0.0
 11
14116.43066005665
 21
80259.51451626106
 31
0.0
  0
LINE
  5
2312
102
{ACAD_REACTORS
330
2592
102
}
330
1F
100
AcDbEntity
  8
SILL
100
AcDbLine
 10
14096.43066005665
 20
81159.51451626106
 30
0.0
 11
14096.43066005665
 21
80259.51451626106
 31
0.0
  0
LINE
  5
2316
102
{ACAD_REACTORS
330
2592
102
}
330
1F
100
AcDbEntity
  8
SILL
100
AcDbLine
 10
6431.430660056664
 20
76059.51451626106
 30
0.0
 11
5231.430660056648
 21
76059.51451626106
 31
0.0
  0
LINE
  5
2317
102
{ACAD_REACTORS
330
2592
102
}
330
1F
100
AcDbEntity
  8
SILL
100
AcDbLine
 10
6431.430660056664
 20
76209.51451626106
 30
0.0
 11
6411.430660056663
 21
76209.51451626106
 31
0.0
  0
LINE
  5
2318
102
{ACAD_REACTORS
330
2592
102
}
330
1F
100
AcDbEntity
  8
SILL
100
AcDbLine
 10
6431.430660056664
 20
76359.51451626105
 30
0.0
 11
6411.430660056663
 21
76359.51451626105
 31
0.0
  0
LINE
  5
2319
102
{ACAD_REACTORS
330
2592
102
}
330
1F
100
AcDbEntity
  8
SILL
100
AcDbLine
 10
6431.430660056664
 20
76509.51451626106
 30
0.0
 11
6411.430660056663
 21
76509.51451626106
 31
0.0
  0
LINE
  5
231A
102
{ACAD_REACTORS
330
2592
102
}
330
1F
100
AcDbEntity
  8
SILL
100
AcDbLine
 10
6431.430660056664
 20
76659.51451626106
 30
0.0
 11
6411.430660056663
 21
76659.51451626106
 31
0.0
  0
LINE
  5
231B
102
{ACAD_REACTORS
330
2592
102
}
330
1F
100
AcDbEntity
  8
SILL
100
AcDbLine
 10
6431.430660056664
 20
76809.51451626105
 30
0.0
 11
6411.430660056663
 21
76809.51451626105
 31
0.0
  0
LINE
  5
231C
102
{ACAD_REACTORS
330
2592
102
}
330
1F
100
AcDbEntity
  8
SILL
100
AcDbLine
 10
6431.430660056664
 20
76959.51451626106
 30
0.0
 11
6411.430660056663
 21
76959.51451626106
 31
0.0
  0
LINE
  5
231D
102
{ACAD_REACTORS
330
2592
102
}
330
1F
100
AcDbEntity
  8
SILL
100
AcDbLine
 10
6431.430660056664
 20
77109.51451626105
 30
0.0
 11
5231.430660056648
 21
77109.51451626105
 31
0.0
  0
LINE
  5
231E
102
{ACAD_REACTORS
330
2592
102
}
330
1F
100
AcDbEntity
  8
SILL
100
AcDbLine
 10
6431.430660067562
 20
77259.51451626105
 30
0.0
 11
6431.430660078461
 21
77409.51451626106
 31
0.0
  0
LINE
  5
231F
102
{ACAD_REACTORS
330
2592
102
}
330
1F
100
AcDbEntity
  8
SILL
100
AcDbLine
 10
6431.430660078461
 20
77409.51451626106
 30
0.0
 11
6731.430660078462
 21
77409.51451626106
 31
0.0
  0
LINE
  5
2320
102
{ACAD_REACTORS
330
2592
102
}
330
1F
100
AcDbEntity
  8
SILL
100
AcDbLine
 10
6731.430660078462
 20
77409.51451626106
 30
0.0
 11
6731.430660078462
 21
77559.51451626105
 31
0.0
  0
LINE
  5
2321
102
{ACAD_REACTORS
330
2592
102
}
330
1F
100
AcDbEntity
  8
SILL
100
AcDbLine
 10
6731.430660078462
 20
77559.51451626105
 30
0.0
 11
7031.430660078462
 21
77559.51451626105
 31
0.0
  0
LINE
  5
2322
102
{ACAD_REACTORS
330
2592
102
}
330
1F
100
AcDbEntity
  8
SILL
100
AcDbLine
 10
7031.430660078462
 20
77559.51451626105
 30
0.0
 11
7031.430660078462
 21
77709.51451626106
 31
0.0
  0
LINE
  5
2323
102
{ACAD_REACTORS
330
2592
102
}
330
1F
100
AcDbEntity
  8
SILL
100
AcDbLine
 10
7031.430660078462
 20
77709.51451626106
 30
0.0
 11
7331.430660078462
 21
77709.51451626106
 31
0.0
  0
LINE
  5
2324
102
{ACAD_REACTORS
330
2592
102
}
330
1F
100
AcDbEntity
  8
SILL
100
AcDbLine
 10
7331.430660078462
 20
77709.51451626106
 30
0.0
 11
7331.430660078462
 21
77859.51451626106
 31
0.0
  0
LINE
  5
2325
102
{ACAD_REACTORS
330
2592
102
}
330
1F
100
AcDbEntity
  8
SILL
100
AcDbLine
 10
7331.430660078462
 20
77859.51451626106
 30
0.0
 11
7631.430660078462
 21
77859.51451626106
 31
0.0
  0
LINE
  5
2326
102
{ACAD_REACTORS
330
2592
102
}
330
1F
100
AcDbEntity
  8
SILL
100
AcDbLine
 10
7631.430660078462
 20
77859.51451626106
 30
0.0
 11
7631.430660078462
 21
78009.51451626105
 31
0.0
  0
LINE
  5
2327
102
{ACAD_REACTORS
330
2592
102
}
330
1F
100
AcDbEntity
  8
SILL
100
AcDbLine
 10
7631.430660078462
 20
78009.51451626105
 30
0.0
 11
7931.430660078461
 21
78009.51451626105
 31
0.0
  0
LINE
  5
2328
102
{ACAD_REACTORS
330
2592
102
}
330
1F
100
AcDbEntity
  8
SILL
100
AcDbLine
 10
7931.430660078461
 20
78009.51451626105
 30
0.0
 11
7931.430660078461
 21
78159.51451626106
 31
0.0
  0
LINE
  5
232A
102
{ACAD_REACTORS
330
2592
102
}
330
1F
100
AcDbEntity
  8
SILL
100
AcDbLine
 10
7931.430660089361
 20
78159.51451626106
 30
0.0
 11
8231.430660089362
 21
78159.51451626106
 31
0.0
  0
LINE
  5
232B
102
{ACAD_REACTORS
330
2592
102
}
330
1F
100
AcDbEntity
  8
SILL
100
AcDbLine
 10
8231.430660089362
 20
78159.51451626106
 30
0.0
 11
8231.430660089362
 21
78309.51451626106
 31
0.0
  0
LINE
  5
232C
102
{ACAD_REACTORS
330
2592
102
}
330
1F
100
AcDbEntity
  8
SILL
100
AcDbLine
 10
8231.430660089362
 20
78309.51451626106
 30
0.0
 11
8531.430660089361
 21
78309.51451626106
 31
0.0
  0
LINE
  5
232D
102
{ACAD_REACTORS
330
2592
102
}
330
1F
100
AcDbEntity
  8
SILL
100
AcDbLine
 10
8531.430660089361
 20
78309.51451626106
 30
0.0
 11
8531.430660089361
 21
78459.51451626105
 31
0.0
  0
LINE
  5
232E
102
{ACAD_REACTORS
330
2592
102
}
330
1F
100
AcDbEntity
  8
SILL
100
AcDbLine
 10
8531.430660089361
 20
78459.51451626105
 30
0.0
 11
8831.430660089361
 21
78459.51451626105
 31
0.0
  0
LINE
  5
232F
102
{ACAD_REACTORS
330
2592
102
}
330
1F
100
AcDbEntity
  8
SILL
100
AcDbLine
 10
8831.430660089361
 20
78459.51451626105
 30
0.0
 11
8831.430660089361
 21
78609.51451626106
 31
0.0
  0
LINE
  5
2330
102
{ACAD_REACTORS
330
2592
102
}
330
1F
100
AcDbEntity
  8
SILL
100
AcDbLine
 10
8831.430660089361
 20
78609.51451626106
 30
0.0
 11
9131.430660089362
 21
78609.51451626106
 31
0.0
  0
LINE
  5
2332
102
{ACAD_REACTORS
330
2592
102
}
330
1F
100
AcDbEntity
  8
SILL
100
AcDbLine
 10
9131.430660089362
 20
78609.51451626106
 30
0.0
 11
9131.430660089362
 21
78759.51451626105
 31
0.0
  0
LINE
  5
2333
102
{ACAD_REACTORS
330
2592
102
}
330
1F
100
AcDbEntity
  8
SILL
100
AcDbLine
 10
9131.430660089362
 20
78759.51451626105
 30
0.0
 11
9431.430660089361
 21
78759.51451626105
 31
0.0
  0
LINE
  5
2334
102
{ACAD_REACTORS
330
2592
102
}
330
1F
100
AcDbEntity
  8
SILL
100
AcDbLine
 10
9431.430660089361
 20
78759.51451626105
 30
0.0
 11
9431.430660089361
 21
78909.51451626105
 31
0.0
  0
LINE
  5
2335
102
{ACAD_REACTORS
330
2592
102
}
330
1F
100
AcDbEntity
  8
SILL
100
AcDbLine
 10
9431.430660089361
 20
78909.51451626105
 30
0.0
 11
9731.430660089362
 21
78909.51451626105
 31
0.0
  0
LINE
  5
2336
102
{ACAD_REACTORS
330
2592
102
}
330
1F
100
AcDbEntity
  8
SILL
100
AcDbLine
 10
9731.430660089362
 20
78909.51451626105
 30
0.0
 11
9731.430660089362
 21
79059.51451626106
 31
0.0
  0
LINE
  5
2337
102
{ACAD_REACTORS
330
2592
102
}
330
1F
100
AcDbEntity
  8
SILL
100
AcDbLine
 10
9731.430660089362
 20
79059.51451626106
 30
0.0
 11
9831.43066005665
 21
79059.51451626106
 31
0.0
  0
LINE
  5
2338
102
{ACAD_REACTORS
330
2592
102
}
330
1F
100
AcDbEntity
  8
SILL
100
AcDbLine
 10
6431.430660056664
 20
77259.51451626105
 30
0.0
 11
5231.430660056648
 21
77259.51451626105
 31
0.0
  0
LINE
  5
233A
102
{ACAD_REACTORS
330
2592
102
}
330
1F
100
AcDbEntity
  8
SILL
100
AcDbLine
 10
6431.430660056664
 20
77259.51451626105
 30
0.0
 11
6431.430660056664
 21
76059.51451626106
 31
0.0
  0
LINE
  5
233B
102
{ACAD_REACTORS
330
2592
102
}
330
1F
100
AcDbEntity
  8
SILL
100
AcDbLine
 10
6411.430660056663
 20
77259.51451626105
 30
0.0
 11
6411.430660056663
 21
77059.51451626106
 31
0.0
  0
LINE
  5
233C
102
{ACAD_REACTORS
330
2592
102
}
330
1F
100
AcDbEntity
  8
SILL
100
AcDbLine
 10
6391.430660056663
 20
77259.51451626105
 30
0.0
 11
6391.430660056663
 21
77059.51451626106
 31
0.0
  0
LINE
  5
233E
102
{ACAD_REACTORS
330
2592
102
}
330
1F
100
AcDbEntity
  8
SILL
100
AcDbLine
 10
6391.430660056663
 20
76959.51451626106
 30
0.0
 11
5231.430660056648
 21
76959.51451626106
 31
0.0
  0
LINE
  5
233F
102
{ACAD_REACTORS
330
2592
102
}
330
1F
100
AcDbEntity
  8
SILL
100
AcDbLine
 10
6391.430660056663
 20
76809.51451626105
 30
0.0
 11
5231.430660056648
 21
76809.51451626105
 31
0.0
  0
LINE
  5
2340
102
{ACAD_REACTORS
330
2592
102
}
330
1F
100
AcDbEntity
  8
SILL
100
AcDbLine
 10
6391.430660056663
 20
76659.51451626106
 30
0.0
 11
5231.430660056648
 21
76659.51451626106
 31
0.0
  0
LINE
  5
2341
102
{ACAD_REACTORS
330
2592
102
}
330
1F
100
AcDbEntity
  8
SILL
100
AcDbLine
 10
6391.430660056663
 20
76509.51451626106
 30
0.0
 11
5231.430660056648
 21
76509.51451626106
 31
0.0
  0
LINE
  5
2342
102
{ACAD_REACTORS
330
2592
102
}
330
1F
100
AcDbEntity
  8
SILL
100
AcDbLine
 10
6391.430660056663
 20
76359.51451626105
 30
0.0
 11
5231.430660056648
 21
76359.51451626105
 31
0.0
  0
LINE
  5
2343
102
{ACAD_REACTORS
330
2592
102
}
330
1F
100
AcDbEntity
  8
SILL
100
AcDbLine
 10
6391.430660056663
 20
76209.51451626106
 30
0.0
 11
5231.430660056648
 21
76209.51451626106
 31
0.0
  0
LINE
  5
2345
102
{ACAD_REACTORS
330
2592
102
}
330
1F
100
AcDbEntity
  8
SILL
100
AcDbLine
 10
6411.430660056663
 20
77059.51451626106
 30
0.0
 11
6411.430660056663
 21
76059.51451626106
 31
0.0
  0
LINE
  5
2346
102
{ACAD_REACTORS
330
2592
102
}
330
1F
100
AcDbEntity
  8
SILL
100
AcDbLine
 10
6391.430660056663
 20
77059.51451626106
 30
0.0
 11
6391.430660056663
 21
76059.51451626106
 31
0.0
  0
ARC
  5
2347
102
{ACAD_REACTORS
330
2592
102
}
330
1F
100
AcDbEntity
  8
SILL
100
AcDbCircle
 10
6401.430660056664
 20
77059.51451626106
 30
0.0
 40
10.0
100
AcDbArc
 50
0.0
 51
180.0
  0
LINE
  5
2348
102
{ACAD_REACTORS
330
2592
102
}
330
1F
100
AcDbEntity
  8
SILL
100
AcDbLine
 10
6411.430660056663
 20
78259.51451626106
 30
0.0
 11
6411.430660056663
 21
77259.51451626105
 31
0.0
  0
ARC
  5
2349
102
{ACAD_REACTORS
330
2592
102
}
330
1F
100
AcDbEntity
  8
SILL
100
AcDbCircle
 10
6401.430660056664
 20
78259.51451626106
 30
0.0
 40
10.0
100
AcDbArc
 50
0.0
 51
180.0
  0
LINE
  5
234A
102
{ACAD_REACTORS
330
2592
102
}
330
1F
100
AcDbEntity
  8
SILL
100
AcDbLine
 10
6391.430660056663
 20
78259.51451626106
 30
0.0
 11
6391.430660056663
 21
77259.51451626105
 31
0.0
  0
LINE
  5
234C
102
{ACAD_REACTORS
330
2592
102
}
330
1F
100
AcDbEntity
  8
wall
100
AcDbLine
 10
9831.43066005665
 20
78909.51451626105
 30
0.0
 11
16071.43066005666
 21
78909.51451626105
 31
0.0
  0
LINE
  5
234D
102
{ACAD_REACTORS
330
2592
102
}
330
1F
100
AcDbEntity
  8
wall
100
AcDbLine
 10
9731.430660089362
 20
79059.51451626106
 30
0.0
 11
16071.43066005665
 21
79059.51451626106
 31
0.0
  0
LINE
  5
234F
102
{ACAD_REACTORS
330
2592
102
}
330
1F
100
AcDbEntity
  8
wall
100
AcDbLine
 10
6431.430660056664
 20
79059.51451626106
 30
0.0
 11
6431.430660056664
 21
78909.51451626105
 31
0.0
  0
LINE
  5
2350
102
{ACAD_REACTORS
330
2592
102
}
330
1F
100
AcDbEntity
  8
wall
100
AcDbLine
 10
9831.43066005665
 20
79059.51451626106
 30
0.0
 11
9831.43066005665
 21
78909.51451626105
 31
0.0
  0
LINE
  5
2352
102
{ACAD_REACTORS
330
2592
102
}
330
1F
100
AcDbEntity
  8
SILL
100
AcDbLine
 10
6431.430660056664
 20
77091.80941794891
 30
0.0
 11
9831.43066005665
 21
78791.80941793205
 31
0.0
  0
LINE
  5
2357
102
{ACAD_REACTORS
330
2592
102
}
330
1F
100
AcDbEntity
  8
SILL
100
AcDbLine
 10
6411.430660056663
 20
78259.51451626106
 30
0.0
 11
7913.652882274037
 21
79059.51451626106
 31
0.0
  0
LINE
  5
2358
102
{ACAD_REACTORS
330
2592
102
}
330
1F
100
AcDbEntity
  8
SILL
100
AcDbLine
 10
6591.430660078462
 20
78332.71325895003
 30
0.0
 11
6591.430660078462
 21
77409.51451626106
 31
0.0
  0
LINE
  5
235A
102
{ACAD_REACTORS
330
2592
102
}
330
1F
100
AcDbEntity
  8
SILL
100
AcDbLine
 10
6571.430660078462
 20
78322.06237137603
 30
0.0
 11
6571.430660078462
 21
77409.51451626106
 31
0.0
  0
LINE
  5
236D
102
{ACAD_REACTORS
330
2592
102
}
330
1F
100
AcDbEntity
  8
SILL
100
AcDbLine
 10
6891.430660078476
 20
78492.47657256
 30
0.0
 11
6891.430660078462
 21
77559.51451626105
 31
0.0
  0
LINE
  5
236E
102
{ACAD_REACTORS
330
2592
102
}
330
1F
100
AcDbEntity
  8
SILL
100
AcDbLine
 10
6871.430660078463
 20
78481.82568498602
 30
0.0
 11
6871.430660078463
 21
77559.51451626105
 31
0.0
  0
LINE
  5
236F
102
{ACAD_REACTORS
330
2592
102
}
330
1F
100
AcDbEntity
  8
SILL
100
AcDbLine
 10
7191.430660078447
 20
78652.23988616999
 30
0.0
 11
7191.430660078463
 21
77709.51451626106
 31
0.0
  0
LINE
  5
2370
102
{ACAD_REACTORS
330
2592
102
}
330
1F
100
AcDbEntity
  8
SILL
100
AcDbLine
 10
7171.430660078477
 20
78641.58899859599
 30
0.0
 11
7171.430660078462
 21
77709.51451626106
 31
0.0
  0
LINE
  5
2371
102
{ACAD_REACTORS
330
2592
102
}
330
1F
100
AcDbEntity
  8
SILL
100
AcDbLine
 10
7491.430660078463
 20
78812.00319977998
 30
0.0
 11
7491.430660078463
 21
77859.51451626106
 31
0.0
  0
LINE
  5
2372
102
{ACAD_REACTORS
330
2592
102
}
330
1F
100
AcDbEntity
  8
SILL
100
AcDbLine
 10
7471.430660078477
 20
78801.35231220599
 30
0.0
 11
7471.430660078462
 21
77859.51451626106
 31
0.0
  0
LINE
  5
2373
102
{ACAD_REACTORS
330
2592
102
}
330
1F
100
AcDbEntity
  8
SILL
100
AcDbLine
 10
7791.430660078477
 20
78971.76651338997
 30
0.0
 11
7791.430660078463
 21
78009.51451626105
 31
0.0
  0
LINE
  5
2374
102
{ACAD_REACTORS
330
2592
102
}
330
1F
100
AcDbEntity
  8
SILL
100
AcDbLine
 10
7771.430660078476
 20
78961.11562581596
 30
0.0
 11
7771.430660078462
 21
78009.51451626105
 31
0.0
  0
LINE
  5
2377
102
{ACAD_REACTORS
330
2592
102
}
330
1F
100
AcDbEntity
  8
SILL
100
AcDbLine
 10
8391.43066008936
 20
79059.51451626106
 30
0.0
 11
8391.43066008936
 21
78309.51451626106
 31
0.0
  0
LINE
  5
2378
102
{ACAD_REACTORS
330
2592
102
}
330
1F
100
AcDbEntity
  8
SILL
100
AcDbLine
 10
8371.430660089362
 20
79059.51451626106
 30
0.0
 11
8371.430660089362
 21
78309.51451626106
 31
0.0
  0
LINE
  5
2379
102
{ACAD_REACTORS
330
2592
102
}
330
1F
100
AcDbEntity
  8
SILL
100
AcDbLine
 10
8691.430660089361
 20
79059.51451626106
 30
0.0
 11
8691.430660089361
 21
78459.51451626105
 31
0.0
  0
LINE
  5
237A
102
{ACAD_REACTORS
330
2592
102
}
330
1F
100
AcDbEntity
  8
SILL
100
AcDbLine
 10
8671.430660089361
 20
79059.51451626106
 30
0.0
 11
8671.430660089361
 21
78459.51451626105
 31
0.0
  0
LINE
  5
237B
102
{ACAD_REACTORS
330
2592
102
}
330
1F
100
AcDbEntity
  8
SILL
100
AcDbLine
 10
8991.430660089362
 20
79059.51451626106
 30
0.0
 11
8991.430660089362
 21
78609.51451626106
 31
0.0
  0
LINE
  5
237C
102
{ACAD_REACTORS
330
2592
102
}
330
1F
100
AcDbEntity
  8
SILL
100
AcDbLine
 10
8971.430660089362
 20
79059.51451626106
 30
0.0
 11
8971.430660089362
 21
78609.51451626106
 31
0.0
  0
LINE
  5
237D
102
{ACAD_REACTORS
330
2592
102
}
330
1F
100
AcDbEntity
  8
SILL
100
AcDbLine
 10
9291.430660089361
 20
79059.51451626106
 30
0.0
 11
9291.430660089361
 21
78759.51451626105
 31
0.0
  0
LINE
  5
237E
102
{ACAD_REACTORS
330
2592
102
}
330
1F
100
AcDbEntity
  8
SILL
100
AcDbLine
 10
9271.430660089363
 20
79059.51451626106
 30
0.0
 11
9271.430660089363
 21
78759.51451626105
 31
0.0
  0
LINE
  5
237F
102
{ACAD_REACTORS
330
2592
102
}
330
1F
100
AcDbEntity
  8
SILL
100
AcDbLine
 10
9591.430660089361
 20
79059.51451626106
 30
0.0
 11
9591.430660089361
 21
78909.51451626105
 31
0.0
  0
LINE
  5
2380
102
{ACAD_REACTORS
330
2592
102
}
330
1F
100
AcDbEntity
  8
SILL
100
AcDbLine
 10
9571.430660089362
 20
79059.51451626106
 30
0.0
 11
9571.430660089362
 21
78909.51451626105
 31
0.0
  0
LINE
  5
2381
102
{ACAD_REACTORS
330
2592
102
}
330
1F
100
AcDbEntity
  8
SILL
100
AcDbLine
 10
6411.430660056677
 20
78236.85527077243
 30
0.0
 11
7956.201909913652
 21
79059.51451626106
 31
0.0
  0
LINE
  5
2382
102
{ACAD_REACTORS
330
2592
102
}
330
1F
100
AcDbEntity
  8
SILL
100
AcDbLine
 10
8091.430660089361
 20
79059.51451626106
 30
0.0
 11
8091.430660089361
 21
78159.51451626106
 31
0.0
  0
LINE
  5
2383
102
{ACAD_REACTORS
330
2592
102
}
330
1F
100
AcDbEntity
  8
SILL
100
AcDbLine
 10
8071.430660089362
 20
79059.51451626106
 30
0.0
 11
8071.430660089362
 21
78159.51451626106
 31
0.0
  0
LINE
  5
2386
102
{ACAD_REACTORS
330
2592
102
}
330
1F
100
AcDbEntity
  8
ELE 1
100
AcDbLine
 10
5001.43066005662
 20
79059.51451626106
 30
0.0
 11
5001.430660056627
 21
82059.51451626106
 31
0.0
  0
LINE
  5
23CD
102
{ACAD_REACTORS
330
2592
102
}
330
1F
100
AcDbEntity
  8
ELE 1
100
AcDbLine
 10
5001.430660056627
 20
79162.65352971397
 30
0.0
 11
3001.430660056634
 21
80059.51451626106
 31
0.0
  0
LINE
  5
23CE
102
{ACAD_REACTORS
330
2592
102
}
330
1F
100
AcDbEntity
  8
ELE 1
100
AcDbLine
 10
3001.430660056634
 20
80059.51451626106
 30
0.0
 11
771.4306600566487
 21
79059.51451626106
 31
0.0
  0
LINE
  5
23D5
102
{ACAD_REACTORS
330
2592
102
}
330
1F
100
AcDbEntity
  8
ELE 1
100
AcDbLine
 10
14221.43066005667
 20
82059.51451626106
 30
0.0
 11
16071.43066005665
 21
82059.51451626106
 31
0.0
  0
LINE
  5
23D6
102
{ACAD_REACTORS
330
2592
102
}
330
1F
100
AcDbEntity
  8
ELE 1
100
AcDbLine
 10
16071.43066005665
 20
82059.51451626106
 30
0.0
 11
12951.43066005676
 21
83059.51451626105
 31
0.0
  0
LINE
  5
23D7
102
{ACAD_REACTORS
330
2592
102
}
330
1F
100
AcDbEntity
  8
ELE 1
100
AcDbLine
 10
12951.43066005676
 20
83059.51451626105
 30
0.0
 11
9831.430660056605
 21
82059.51451626106
 31
0.0
  0
LINE
  5
23D9
102
{ACAD_REACTORS
330
2592
102
}
330
1F
100
AcDbEntity
  8
ELE 1
100
AcDbLine
 10
16071.43066005665
 20
82059.51451626106
 30
0.0
 11
16071.43066005665
 21
82059.51451626106
 31
0.0
  0
LINE
  5
23E5
102
{ACAD_REACTORS
330
2592
102
}
330
1F
100
AcDbEntity
  8
ELE 1
100
AcDbLine
 10
16071.43066005665
 20
81909.51451626105
 30
0.0
 11
16071.43066005665
 21
79059.51451626106
 31
0.0
  0
LINE
  5
23E6
102
{ACAD_REACTORS
330
2592
102
}
330
1F
100
AcDbEntity
  8
ELE 1
100
AcDbLine
 10
16071.43066005665
 20
79059.51451626106
 30
0.0
 11
17271.43066005665
 21
79059.51451626106
 31
0.0
  0
LINE
  5
23E7
102
{ACAD_REACTORS
330
2592
102
}
330
1F
100
AcDbEntity
  8
ELE 1
100
AcDbLine
 10
17271.43066005665
 20
78909.51451626105
 30
0.0
 11
17271.43066005665
 21
80059.51451626106
 31
0.0
  0
LINE
  5
23E8
102
{ACAD_REACTORS
330
2592
102
}
330
1F
100
AcDbEntity
  8
ELE 1
100
AcDbLine
 10
17271.43066005665
 20
80059.51451626106
 30
0.0
 11
16071.43066005665
 21
80059.51451626106
 31
0.0
  0
LINE
  5
23E9
102
{ACAD_REACTORS
330
2592
102
}
330
1F
100
AcDbEntity
  8
ELE 1
100
AcDbLine
 10
17271.43066005665
 20
80039.51451626106
 30
0.0
 11
16071.43066005665
 21
80039.51451626106
 31
0.0
  0
LINE
  5
23EA
102
{ACAD_REACTORS
330
2592
102
}
330
1F
100
AcDbEntity
  8
ELE 1
100
AcDbLine
 10
17251.43066005665
 20
79059.51451626106
 30
0.0
 11
17251.43066005665
 21
80039.51451626106
 31
0.0
  0
LINE
  5
23EB
102
{ACAD_REACTORS
330
2592
102
}
330
1F
100
AcDbEntity
  8
ELE 1
100
AcDbLine
 10
16071.43066005665
 20
78909.51451626105
 30
0.0
 11
17271.43066005665
 21
78909.51451626105
 31
0.0
  0
LINE
  5
23EC
102
{ACAD_REACTORS
330
2592
102
}
330
1F
100
AcDbEntity
  8
ELE 1
100
AcDbLine
 10
17211.43066005665
 20
79059.51451626106
 30
0.0
 11
17211.43066005665
 21
80039.51451626106
 31
0.0
  0
LINE
  5
23ED
102
{ACAD_REACTORS
330
2592
102
}
330
1F
100
AcDbEntity
  8
ELE 1
100
AcDbLine
 10
17191.43066005665
 20
79059.51451626106
 30
0.0
 11
17191.43066005665
 21
80039.51451626106
 31
0.0
  0
LINE
  5
23EE
102
{ACAD_REACTORS
330
2592
102
}
330
1F
100
AcDbEntity
  8
ELE 1
100
AcDbLine
 10
17151.43066005665
 20
79059.51451626106
 30
0.0
 11
17151.43066005665
 21
80039.51451626106
 31
0.0
  0
LINE
  5
23EF
102
{ACAD_REACTORS
330
2592
102
}
330
1F
100
AcDbEntity
  8
ELE 1
100
AcDbLine
 10
17131.43066005665
 20
79059.51451626106
 30
0.0
 11
17131.43066005665
 21
80039.51451626106
 31
0.0
  0
LINE
  5
23F0
102
{ACAD_REACTORS
330
2592
102
}
330
1F
100
AcDbEntity
  8
ELE 1
100
AcDbLine
 10
17091.43066005665
 20
79059.51451626106
 30
0.0
 11
17091.43066005665
 21
80039.51451626106
 31
0.0
  0
LINE
  5
23F1
102
{ACAD_REACTORS
330
2592
102
}
330
1F
100
AcDbEntity
  8
ELE 1
100
AcDbLine
 10
17071.43066005665
 20
79059.51451626106
 30
0.0
 11
17071.43066005665
 21
80039.51451626106
 31
0.0
  0
LINE
  5
23F2
102
{ACAD_REACTORS
330
2592
102
}
330
1F
100
AcDbEntity
  8
ELE 1
100
AcDbLine
 10
17031.43066005665
 20
79059.51451626106
 30
0.0
 11
17031.43066005665
 21
80039.51451626106
 31
0.0
  0
LINE
  5
23F3
102
{ACAD_REACTORS
330
2592
102
}
330
1F
100
AcDbEntity
  8
ELE 1
100
AcDbLine
 10
17011.43066005665
 20
79059.51451626106
 30
0.0
 11
17011.43066005665
 21
80039.51451626106
 31
0.0
  0
LINE
  5
23F4
102
{ACAD_REACTORS
330
2592
102
}
330
1F
100
AcDbEntity
  8
ELE 1
100
AcDbLine
 10
16971.43066005665
 20
79059.51451626106
 30
0.0
 11
16971.43066005665
 21
80039.51451626106
 31
0.0
  0
LINE
  5
23F5
102
{ACAD_REACTORS
330
2592
102
}
330
1F
100
AcDbEntity
  8
ELE 1
100
AcDbLine
 10
16951.43066005665
 20
79059.51451626106
 30
0.0
 11
16951.43066005665
 21
80039.51451626106
 31
0.0
  0
LINE
  5
23F6
102
{ACAD_REACTORS
330
2592
102
}
330
1F
100
AcDbEntity
  8
ELE 1
100
AcDbLine
 10
16911.43066005665
 20
79059.51451626106
 30
0.0
 11
16911.43066005665
 21
80039.51451626106
 31
0.0
  0
LINE
  5
23F7
102
{ACAD_REACTORS
330
2592
102
}
330
1F
100
AcDbEntity
  8
ELE 1
100
AcDbLine
 10
16891.43066005665
 20
79059.51451626106
 30
0.0
 11
16891.43066005665
 21
80039.51451626106
 31
0.0
  0
LINE
  5
23F8
102
{ACAD_REACTORS
330
2592
102
}
330
1F
100
AcDbEntity
  8
ELE 1
100
AcDbLine
 10
16851.43066005665
 20
79059.51451626106
 30
0.0
 11
16851.43066005665
 21
80039.51451626106
 31
0.0
  0
LINE
  5
23F9
102
{ACAD_REACTORS
330
2592
102
}
330
1F
100
AcDbEntity
  8
ELE 1
100
AcDbLine
 10
16831.43066005665
 20
79059.51451626106
 30
0.0
 11
16831.43066005665
 21
80039.51451626106
 31
0.0
  0
LINE
  5
23FA
102
{ACAD_REACTORS
330
2592
102
}
330
1F
100
AcDbEntity
  8
ELE 1
100
AcDbLine
 10
16791.43066005665
 20
79059.51451626106
 30
0.0
 11
16791.43066005665
 21
80039.51451626106
 31
0.0
  0
LINE
  5
23FB
102
{ACAD_REACTORS
330
2592
102
}
330
1F
100
AcDbEntity
  8
ELE 1
100
AcDbLine
 10
16771.43066005665
 20
79059.51451626106
 30
0.0
 11
16771.43066005665
 21
80039.51451626106
 31
0.0
  0
LINE
  5
23FC
102
{ACAD_REACTORS
330
2592
102
}
330
1F
100
AcDbEntity
  8
ELE 1
100
AcDbLine
 10
16731.43066005665
 20
79059.51451626106
 30
0.0
 11
16731.43066005665
 21
80039.51451626106
 31
0.0
  0
LINE
  5
23FD
102
{ACAD_REACTORS
330
2592
102
}
330
1F
100
AcDbEntity
  8
ELE 1
100
AcDbLine
 10
16711.43066005665
 20
79059.51451626106
 30
0.0
 11
16711.43066005665
 21
80039.51451626106
 31
0.0
  0
LINE
  5
23FE
102
{ACAD_REACTORS
330
2592
102
}
330
1F
100
AcDbEntity
  8
ELE 1
100
AcDbLine
 10
16671.43066005665
 20
79059.51451626106
 30
0.0
 11
16671.43066005665
 21
80039.51451626106
 31
0.0
  0
LINE
  5
23FF
102
{ACAD_REACTORS
330
2592
102
}
330
1F
100
AcDbEntity
  8
ELE 1
100
AcDbLine
 10
16651.43066005665
 20
79059.51451626106
 30
0.0
 11
16651.43066005665
 21
80039.51451626106
 31
0.0
  0
LINE
  5
2400
102
{ACAD_REACTORS
330
2592
102
}
330
1F
100
AcDbEntity
  8
ELE 1
100
AcDbLine
 10
16611.43066005665
 20
79059.51451626106
 30
0.0
 11
16611.43066005665
 21
80039.51451626106
 31
0.0
  0
LINE
  5
2401
102
{ACAD_REACTORS
330
2592
102
}
330
1F
100
AcDbEntity
  8
ELE 1
100
AcDbLine
 10
16591.43066005665
 20
79059.51451626106
 30
0.0
 11
16591.43066005665
 21
80039.51451626106
 31
0.0
  0
LINE
  5
2402
102
{ACAD_REACTORS
330
2592
102
}
330
1F
100
AcDbEntity
  8
ELE 1
100
AcDbLine
 10
16551.43066005665
 20
79059.51451626106
 30
0.0
 11
16551.43066005665
 21
80039.51451626106
 31
0.0
  0
LINE
  5
2403
102
{ACAD_REACTORS
330
2592
102
}
330
1F
100
AcDbEntity
  8
ELE 1
100
AcDbLine
 10
16531.43066005665
 20
79059.51451626106
 30
0.0
 11
16531.43066005665
 21
80039.51451626106
 31
0.0
  0
LINE
  5
2404
102
{ACAD_REACTORS
330
2592
102
}
330
1F
100
AcDbEntity
  8
ELE 1
100
AcDbLine
 10
16491.43066005665
 20
79059.51451626106
 30
0.0
 11
16491.43066005665
 21
80039.51451626106
 31
0.0
  0
LINE
  5
2405
102
{ACAD_REACTORS
330
2592
102
}
330
1F
100
AcDbEntity
  8
ELE 1
100
AcDbLine
 10
16471.43066005665
 20
79059.51451626106
 30
0.0
 11
16471.43066005665
 21
80039.51451626106
 31
0.0
  0
LINE
  5
2406
102
{ACAD_REACTORS
330
2592
102
}
330
1F
100
AcDbEntity
  8
ELE 1
100
AcDbLine
 10
16431.43066005665
 20
79059.51451626106
 30
0.0
 11
16431.43066005665
 21
80039.51451626106
 31
0.0
  0
LINE
  5
2407
102
{ACAD_REACTORS
330
2592
102
}
330
1F
100
AcDbEntity
  8
ELE 1
100
AcDbLine
 10
16411.43066005665
 20
79059.51451626106
 30
0.0
 11
16411.43066005665
 21
80039.51451626106
 31
0.0
  0
LINE
  5
2408
102
{ACAD_REACTORS
330
2592
102
}
330
1F
100
AcDbEntity
  8
ELE 1
100
AcDbLine
 10
16371.43066005665
 20
79059.51451626106
 30
0.0
 11
16371.43066005665
 21
80039.51451626106
 31
0.0
  0
LINE
  5
2409
102
{ACAD_REACTORS
330
2592
102
}
330
1F
100
AcDbEntity
  8
ELE 1
100
AcDbLine
 10
16351.43066005665
 20
79059.51451626106
 30
0.0
 11
16351.43066005665
 21
80039.51451626106
 31
0.0
  0
LINE
  5
240A
102
{ACAD_REACTORS
330
2592
102
}
330
1F
100
AcDbEntity
  8
ELE 1
100
AcDbLine
 10
16311.43066005665
 20
79059.51451626106
 30
0.0
 11
16311.43066005665
 21
80039.51451626106
 31
0.0
  0
LINE
  5
240B
102
{ACAD_REACTORS
330
2592
102
}
330
1F
100
AcDbEntity
  8
ELE 1
100
AcDbLine
 10
16291.43066005665
 20
79059.51451626106
 30
0.0
 11
16291.43066005665
 21
80039.51451626106
 31
0.0
  0
LINE
  5
240C
102
{ACAD_REACTORS
330
2592
102
}
330
1F
100
AcDbEntity
  8
ELE 1
100
AcDbLine
 10
16251.43066005665
 20
79059.51451626106
 30
0.0
 11
16251.43066005665
 21
80039.51451626106
 31
0.0
  0
LINE
  5
240D
102
{ACAD_REACTORS
330
2592
102
}
330
1F
100
AcDbEntity
  8
ELE 1
100
AcDbLine
 10
16231.43066005665
 20
79059.51451626106
 30
0.0
 11
16231.43066005665
 21
80039.51451626106
 31
0.0
  0
LINE
  5
240E
102
{ACAD_REACTORS
330
2592
102
}
330
1F
100
AcDbEntity
  8
ELE 1
100
AcDbLine
 10
16191.43066005665
 20
79059.51451626106
 30
0.0
 11
16191.43066005665
 21
80039.51451626106
 31
0.0
  0
LINE
  5
240F
102
{ACAD_REACTORS
330
2592
102
}
330
1F
100
AcDbEntity
  8
ELE 1
100
AcDbLine
 10
16171.43066005665
 20
79059.51451626106
 30
0.0
 11
16171.43066005665
 21
80039.51451626106
 31
0.0
  0
LINE
  5
2410
102
{ACAD_REACTORS
330
2592
102
}
330
1F
100
AcDbEntity
  8
ELE 1
100
AcDbLine
 10
16131.43066005665
 20
79059.51451626106
 30
0.0
 11
16131.43066005665
 21
80039.51451626106
 31
0.0
  0
LINE
  5
2411
102
{ACAD_REACTORS
330
2592
102
}
330
1F
100
AcDbEntity
  8
ELE 1
100
AcDbLine
 10
16111.43066005665
 20
79059.51451626106
 30
0.0
 11
16111.43066005665
 21
80039.51451626106
 31
0.0
  0
LINE
  5
2413
102
{ACAD_REACTORS
330
2592
102
}
330
1F
100
AcDbEntity
  8
ELE 1
100
AcDbLine
 10
16071.43066005665
 20
82059.51451626106
 30
0.0
 11
17271.43066005665
 21
82059.51451626106
 31
0.0
  0
LINE
  5
2414
102
{ACAD_REACTORS
330
2592
102
}
330
1F
100
AcDbEntity
  8
ELE 1
100
AcDbLine
 10
17271.43066005665
 20
82059.51451626106
 30
0.0
 11
17271.43066005665
 21
81909.51451626105
 31
0.0
  0
LINE
  5
2415
102
{ACAD_REACTORS
330
2592
102
}
330
1F
100
AcDbEntity
  8
ELE 1
100
AcDbLine
 10
17271.43066005665
 20
81909.51451626105
 30
0.0
 11
16071.43066005665
 21
81909.51451626105
 31
0.0
  0
LINE
  5
2416
102
{ACAD_REACTORS
330
2592
102
}
330
1F
100
AcDbEntity
  8
ELE 1
100
AcDbLine
 10
14221.43066005667
 20
81909.51451626105
 30
0.0
 11
16071.43066005665
 21
81909.51451626105
 31
0.0
  0
LWPOLYLINE
  5
241D
102
{ACAD_REACTORS
330
2592
102
}
330
1F
100
AcDbEntity
  8
ELE 1
100
AcDbPolyline
 90
        4
 70
     0
 43
0.0
 10
10161.43066005663
 20
79059.51451626106
 10
10161.43066005663
 20
81159.51451626106
 10
11159.59493971434
 20
81159.51451626106
 10
11159.59493971434
 20
79059.51451626106
  0
LWPOLYLINE
  5
241E
102
{ACAD_REACTORS
330
2592
102
}
330
1F
100
AcDbEntity
  8
ELE 1
100
AcDbPolyline
 90
        4
 70
     0
 43
0.0
 10
10181.43066005663
 20
79059.51451626106
 10
10181.43066005663
 20
81139.51451626105
 10
11139.59493971434
 20
81139.51451626105
 10
11139.59493971434
 20
79059.51451626106
  0
LWPOLYLINE
  5
241F
102
{ACAD_REACTORS
330
2592
102
}
330
1F
100
AcDbEntity
  8
ELE 1
100
AcDbPolyline
 90
        4
 70
     0
 43
0.0
 10
10161.43066005668
 20
76059.51451626106
 10
10161.43066005668
 20
78159.51451626106
 10
11711.43066005666
 20
78159.51451626106
 10
11711.43066005666
 20
76059.51451626106
  0
LWPOLYLINE
  5
2420
102
{ACAD_REACTORS
330
2592
102
}
330
1F
100
AcDbEntity
  8
ELE 1
100
AcDbPolyline
 90
        4
 70
     0
 43
0.0
 10
10181.43066005668
 20
76059.51451626106
 10
10181.43066005668
 20
78139.51451626105
 10
11691.43066005666
 20
78139.51451626105
 10
11691.43066005666
 20
76059.51451626106
  0
LWPOLYLINE
  5
2421
102
{ACAD_REACTORS
330
2592
102
}
330
1F
100
AcDbEntity
  8
ELE 1
100
AcDbPolyline
 90
        2
 70
     0
 43
0.0
 10
3901.430660056663
 20
76059.51451626106
 10
3901.430660056663
 20
76648.49197885356
  0
LWPOLYLINE
  5
2422
102
{ACAD_REACTORS
330
2592
102
}
330
1F
100
AcDbEntity
  8
ELE 1
100
AcDbPolyline
 90
        2
 70
     0
 43
0.0
 10
3921.430660056664
 20
76059.51451626106
 10
3921.430660056664
 20
76865.52409505454
  0
LINE
  5
2423
102
{ACAD_REACTORS
330
2592
102
}
330
1F
100
AcDbEntity
  8
ABOVE-DOTTED
100
AcDbLine
 10
10181.43066005663
 20
81139.51451626105
 30
0.0
 11
11139.59493971434
 21
80099.51451626106
 31
0.0
  0
LINE
  5
2424
102
{ACAD_REACTORS
330
2592
102
}
330
1F
100
AcDbEntity
  8
ABOVE-DOTTED
100
AcDbLine
 10
11139.59493971434
 20
80099.51451626106
 30
0.0
 11
10181.43066005663
 21
79059.51451626106
 31
0.0
  0
LINE
  5
242C
102
{ACAD_REACTORS
330
2592
102
}
330
1F
100
AcDbEntity
  8
ABOVE-DOTTED
100
AcDbLine
 10
10181.43066005668
 20
78139.51451626105
 30
0.0
 11
10936.43066005666
 21
77099.51451626106
 31
0.0
  0
LINE
  5
242D
102
{ACAD_REACTORS
330
2592
102
}
330
1F
100
AcDbEntity
  8
ABOVE-DOTTED
100
AcDbLine
 10
10936.43066005666
 20
77099.51451626106
 30
0.0
 11
10181.43066005668
 21
76059.51451626106
 31
0.0
  0
LINE
  5
2430
102
{ACAD_REACTORS
330
2592
102
}
330
1F
100
AcDbEntity
  8
ABOVE-DOTTED
100
AcDbLine
 10
11691.43066005665
 20
78139.51451626105
 30
0.0
 11
10936.43066005666
 21
77099.51451626106
 31
0.0
  0
LINE
  5
2431
102
{ACAD_REACTORS
330
2592
102
}
330
1F
100
AcDbEntity
  8
ABOVE-DOTTED
100
AcDbLine
 10
10936.43066005666
 20
77099.51451626106
 30
0.0
 11
11691.43066005665
 21
76059.51451626106
 31
0.0
  0
LINE
  5
2432
102
{ACAD_REACTORS
330
2592
102
}
330
1F
100
AcDbEntity
  8
ABOVE-DOTTED
100
AcDbLine
 10
10936.43066005666
 20
76059.51451626106
 30
0.0
 11
10936.43066005666
 21
78139.51451626105
 31
0.0
  0
LWPOLYLINE
  5
2436
102
{ACAD_REACTORS
330
2592
102
}
330
1F
100
AcDbEntity
  8
ELE 1
100
AcDbPolyline
 90
        4
 70
     0
 43
0.0
 10
12141.43066005666
 20
76059.51451626106
 10
12141.43066005666
 20
78159.51451626106
 10
13141.43066005668
 20
78159.51451626106
 10
13141.43066005668
 20
76059.51451626106
  0
LWPOLYLINE
  5
2437
102
{ACAD_REACTORS
330
2592
102
}
330
1F
100
AcDbEntity
  8
ELE 1
100
AcDbPolyline
 90
        4
 70
     0
 43
0.0
 10
12161.43066005666
 20
76059.51451626106
 10
12161.43066005666
 20
78139.51451626105
 10
13121.43066005668
 20
78139.51451626105
 10
13121.43066005668
 20
76059.51451626106
  0
LWPOLYLINE
  5
2440
102
{ACAD_REACTORS
330
2592
102
}
330
1F
100
AcDbEntity
  8
wall
100
AcDbPolyline
 90
        6
 70
     0
 43
0.0
 10
6431.430660056664
 20
76059.51451626106
 10
3431.430660056627
 20
76059.51451626106
 10
3431.430660056627
 20
75859.51451626105
 10
2231.430660056671
 20
75859.51451626105
 10
2231.430660056671
 20
76059.51451626106
 10
771.4306600566779
 20
76059.51451626106
  0
LWPOLYLINE
  5
2441
102
{ACAD_REACTORS
330
2592
102
}
330
1F
100
AcDbEntity
  8
wall
100
AcDbPolyline
 90
        6
 70
     0
 43
0.0
 10
6431.430660056664
 20
75909.51451626105
 10
3581.430660056627
 20
75909.51451626105
 10
3581.430660056627
 20
75709.51451626106
 10
2081.430660056671
 20
75709.51451626106
 10
2081.430660056671
 20
75909.51451626105
 10
771.4306600566779
 20
75909.51451626105
  0
LINE
  5
2442
102
{ACAD_REACTORS
330
2592
102
}
330
1F
100
AcDbEntity
  8
ELE 1
100
AcDbLine
 10
2231.430660056671
 20
76059.51451626106
 30
0.0
 11
3431.430660056634
 21
76059.51451626106
 31
0.0
  0
LINE
  5
2464
102
{ACAD_REACTORS
330
247E
330
2592
102
}
330
1F
100
AcDbEntity
  8
FURN
100
AcDbLine
 10
3868.114378987593
 20
76683.10551755765
 30
0.0
 11
3868.114378987593
 21
76870.4396390891
 31
0.0
  0
LINE
  5
2465
102
{ACAD_REACTORS
330
247E
330
2592
102
}
330
1F
100
AcDbEntity
  8
FURN
100
AcDbLine
 10
3909.097686201116
 20
76683.10551755765
 30
0.0
 11
3909.097686201116
 21
76865.99699805205
 31
0.0
  0
LINE
  5
2466
102
{ACAD_REACTORS
330
247E
330
2592
102
}
330
1F
100
AcDbEntity
  8
FURN
100
AcDbLine
 10
3661.430660056664
 20
76763.63048767537
 30
0.0
 11
3661.430660056664
 21
76722.64718046394
 31
0.0
  0
ARC
  5
2467
102
{ACAD_REACTORS
330
247E
330
2592
102
}
330
1F
100
AcDbEntity
  8
FURN
100
AcDbCircle
 10
3827.131071776865
 20
76683.10551755765
 30
0.0
 40
40.98330721132812
100
AcDbArc
 50
180.0
 51
0.0
  0
ARC
  5
2468
102
{ACAD_REACTORS
330
247E
330
2592
102
}
330
1F
100
AcDbEntity
  8
FURN
100
AcDbCircle
 10
3827.13107177733
 20
76683.10551755765
 30
0.0
 40
81.96661442378536
100
AcDbArc
 50
180.0
 51
0.0
  0
LINE
  5
2469
102
{ACAD_REACTORS
330
247E
330
2592
102
}
330
1F
100
AcDbEntity
  8
FURN
100
AcDbLine
 10
3745.164457353546
 20
76683.10551755765
 30
0.0
 11
3745.164457353546
 21
76714.45051902177
 31
0.0
  0
ARC
  5
246A
102
{ACAD_REACTORS
330
247E
330
2592
102
}
330
1F
100
AcDbEntity
  8
FURN
100
AcDbCircle
 10
3736.967795912133
 20
76714.45051902253
 30
0.0
 40
8.196661441412288
100
AcDbArc
 50
359.9999999945806
 51
89.99999999458053
  0
LINE
  5
246B
102
{ACAD_REACTORS
330
247E
330
2592
102
}
330
1F
100
AcDbEntity
  8
FURN
100
AcDbLine
 10
3736.967795912889
 20
76722.64718046394
 30
0.0
 11
3661.430660056664
 21
76722.64718046394
 31
0.0
  0
LINE
  5
246C
102
{ACAD_REACTORS
330
247E
330
2592
102
}
330
1F
100
AcDbEntity
  8
FURN
100
AcDbLine
 10
3786.147764566136
 20
76683.10551755765
 30
0.0
 11
3786.147764566136
 21
76736.30828286783
 31
0.0
  0
ARC
  5
246D
102
{ACAD_REACTORS
330
247E
330
2592
102
}
330
1F
100
AcDbEntity
  8
FURN
100
AcDbCircle
 10
3758.82555975848
 20
76736.30828286771
 30
0.0
 40
27.32220480765682
100
AcDbArc
 50
0.0
 51
90.0
  0
LINE
  5
246E
102
{ACAD_REACTORS
330
247E
330
2592
102
}
330
1F
100
AcDbEntity
  8
FURN
100
AcDbLine
 10
3758.825559758363
 20
76763.63048767537
 30
0.0
 11
3661.430660056664
 21
76763.63048767537
 31
0.0
  0
ARC
  5
246F
102
{ACAD_REACTORS
330
247E
330
2592
102
}
330
1F
100
AcDbEntity
  8
FURN
100
AcDbCircle
 10
3871.434382219581
 20
77191.37125162798
 30
0.0
 40
280.6891613860013
100
AcDbArc
 50
237.2152534573209
 51
324.0240570807995
  0
LINE
  5
2470
102
{ACAD_REACTORS
330
247E
330
2592
102
}
330
1F
100
AcDbEntity
  8
FURN
100
AcDbLine
 10
4153.230346592856
 20
77108.44827726314
 30
0.0
 11
3661.430660056664
 21
77108.44827726314
 31
0.0
  0
LINE
  5
2471
102
{ACAD_REACTORS
330
247E
330
2592
102
}
330
1F
100
AcDbEntity
  8
FURN
100
AcDbLine
 10
4098.585936978241
 20
77026.48166284053
 30
0.0
 11
3661.430660056664
 21
76944.51504841767
 31
0.0
  0
LINE
  5
2472
102
{ACAD_REACTORS
330
247E
330
2592
102
}
330
1F
100
AcDbEntity
  8
FURN
100
AcDbLine
 10
3661.430660056664
 20
77108.44827726314
 30
0.0
 11
3661.430660056664
 21
76944.51504841767
 31
0.0
  0
LINE
  5
2473
102
{ACAD_REACTORS
330
247E
330
2592
102
}
330
1F
100
AcDbEntity
  8
FURN
100
AcDbLine
 10
3827.730593107423
 20
77146.86673390184
 30
0.0
 11
3759.396409330672
 21
77134.67281458661
 31
0.0
  0
LINE
  5
2474
102
{ACAD_REACTORS
330
247E
330
2592
102
}
330
1F
100
AcDbEntity
  8
FURN
100
AcDbLine
 10
3759.396409330672
 20
77168.71819572843
 30
0.0
 11
3827.730593107423
 21
77176.91249391361
 31
0.0
  0
ARC
  5
2475
102
{ACAD_REACTORS
330
247E
330
2592
102
}
330
1F
100
AcDbEntity
  8
FURN
100
AcDbCircle
 10
3930.000991505352
 20
77250.0862894351
 30
0.0
 40
384.6576814882615
100
AcDbArc
 50
231.3213018969647
 51
271.0210143057793
  0
LINE
  5
2476
102
{ACAD_REACTORS
330
247E
330
2592
102
}
330
1F
100
AcDbEntity
  8
FURN
100
AcDbLine
 10
3707.304940662129
 20
77108.44827726314
 30
0.0
 11
3729.32951412235
 21
77209.68968665361
 31
0.0
  0
LINE
  5
2477
102
{ACAD_REACTORS
330
247E
330
2592
102
}
330
1F
100
AcDbEntity
  8
FURN
100
AcDbLine
 10
3759.396409330672
 20
77209.68968665361
 30
0.0
 11
3759.396409330672
 21
77108.44827726314
 31
0.0
  0
LINE
  5
2478
102
{ACAD_REACTORS
330
247E
330
2592
102
}
330
1F
100
AcDbEntity
  8
FURN
100
AcDbLine
 10
3729.32951412235
 20
77209.68968665361
 30
0.0
 11
3759.396409330672
 21
77209.68968665361
 31
0.0
  0
LINE
  5
2479
102
{ACAD_REACTORS
330
247E
330
2592
102
}
330
1F
100
AcDbEntity
  8
FURN
100
AcDbLine
 10
3827.730593107423
 20
77176.91249391361
 30
0.0
 11
3827.730593107423
 21
77146.86673390184
 31
0.0
  0
LINE
  5
247A
102
{ACAD_REACTORS
330
247E
330
2592
102
}
330
1F
100
AcDbEntity
  8
FURN
100
AcDbLine
 10
3936.855252209833
 20
76914.55327121046
 30
0.0
 11
3936.855252209833
 21
76865.48968123639
 31
0.0
  0
LINE
  5
247B
102
{ACAD_REACTORS
330
247E
330
2592
102
}
330
1F
100
AcDbEntity
  8
FURN
100
AcDbLine
 10
4153.230346592856
 20
77026.48166284053
 30
0.0
 11
4098.585936978241
 21
77026.48166284053
 31
0.0
  0
LINE
  5
247C
102
{ACAD_REACTORS
330
247E
330
2592
102
}
330
1F
100
AcDbEntity
  8
FURN
100
AcDbLine
 10
4098.585936978241
 20
77108.44827726314
 30
0.0
 11
4098.585936978241
 21
77026.48166284053
 31
0.0
  0
LINE
  5
247D
102
{ACAD_REACTORS
330
247E
330
2592
102
}
330
1F
100
AcDbEntity
  8
FURN
100
AcDbLine
 10
4153.230346592856
 20
77108.44827726314
 30
0.0
 11
4153.230346592856
 21
77026.48166284053
 31
0.0
  0
INSERT
  5
24A2
102
{ACAD_REACTORS
330
2592
102
}
330
1F
100
AcDbEntity
  8
DIEN HOA
  6
Continuous
100
AcDbBlockReference
  2
A$C428C23EF
 10
12442.63254031357
 20
79047.16049664546
 30
0.0
  0
INSERT
  5
24A4
102
{ACAD_REACTORS
330
2592
102
}
330
1F
100
AcDbEntity
  8
DIEN HOA
  6
Continuous
100
AcDbBlockReference
  2
A$C428C23EF
 10
4271.637345513322
 20
76047.16049664546
 30
0.0
  0
LWPOLYLINE
  5
2585
102
{ACAD_REACTORS
330
2592
102
}
330
1F
100
AcDbEntity
  8
ELE 1
100
AcDbPolyline
 90
        4
 70
     0
 43
0.0
 10
3921.430660056664
 20
77108.44827726314
 10
3921.430660056664
 20
78139.51451626105
 10
4881.430660056663
 20
78139.51451626105
 10
4881.430660056656
 20
76059.51451626106
  0
LWPOLYLINE
  5
2586
102
{ACAD_REACTORS
330
2592
102
}
330
1F
100
AcDbEntity
  8
ELE 1
100
AcDbPolyline
 90
        4
 70
     0
 43
0.0
 10
3901.430660056663
 20
77108.44827726314
 10
3901.430660056663
 20
78159.51451626106
 10
4901.430660056663
 20
78159.51451626106
 10
4901.430660056656
 20
76059.51451626106
  0
LINE
  5
2588
102
{ACAD_REACTORS
330
2592
102
}
330
1F
100
AcDbEntity
  8
SILL
100
AcDbLine
 10
6431.430660056664
 20
79059.51451626106
 30
0.0
 11
9831.43066005665
 21
79059.51451626106
 31
0.0
  0
LINE
  5
258C
102
{ACAD_REACTORS
330
2592
102
}
330
1F
100
AcDbEntity
  8
ELE 1
100
AcDbLine
 10
9831.43066005665
 20
82059.51451626106
 30
0.0
 11
5001.430660056627
 21
82059.51451626106
 31
0.0
  0
LINE
  5
258D
102
{ACAD_REACTORS
330
2592
102
}
330
1F
100
AcDbEntity
  8
ABOVE-DOTTED
100
AcDbLine
 10
2001.430660056671
 20
76059.51451626106
 30
0.0
 11
1001.430660056678
 21
79059.51451626106
 31
0.0
  0
LINE
  5
258E
102
{ACAD_REACTORS
330
2592
102
}
330
1F
100
AcDbEntity
  8
ABOVE-DOTTED
100
AcDbLine
 10
1001.430660056678
 20
76059.51451626106
 30
0.0
 11
2001.430660056671
 21
79059.51451626106
 31
0.0
  0
LWPOLYLINE
  5
2590
102
{ACAD_REACTORS
330
2592
102
}
330
1F
100
AcDbEntity
  8
ELE 1
100
AcDbPolyline
 90
        4
 70
     1
 43
0.0
 10
771.4306600566487
 20
79059.51451626106
 10
621.4306600566487
 20
79059.51451626106
 10
621.4306600566487
 20
78909.51451626105
 10
771.4306600566487
 20
78909.51451626105
  0
LINE
  5
2591
102
{ACAD_REACTORS
330
2592
102
}
330
1F
100
AcDbEntity
  8
ELE 1
100
AcDbLine
 10
15451.43066005667
 20
79059.51451626106
 30
0.0
 11
15451.43066005667
 21
81909.51451626105
 31
0.0
  0
VIEWPORT
  5
1AB1
102
{ACAD_XDICTIONARY
360
1AB2
102
}
330
D6
100
AcDbEntity
 67
     1
  8
0
100
AcDbViewport
 10
1269.838361198998
 20
-130.4104821645704
 30
0.0
 40
1592.216980767997
 41
628.2667732546289
 68
     1
 69
     1
 12
1269.838361198998
 22
-130.4104821645704
 13
0.0
 23
0.0
 14
10.0
 24
10.0
 15
10.0
 25
10.0
 16
0.0
 26
0.0
 36
1.0
 17
0.0
 27
0.0
 37
0.0
 42
50.0
 43
0.0
 44
0.0
 45
628.2667732546289
 50
0.0
 51
0.0
 72
  1000
 90
   819232
  1

281
     0
 71
     1
 74
     0
110
0.0
120
0.0
130
0.0
111
1.0
121
0.0
131
0.0
112
0.0
122
1.0
132
0.0
 79
     0
146
0.0
170
     0
 61
     5
348
F5
292
     1
282
     1
141
0.0
142
0.0
 63
   250
421
  3355443
  0
VIEWPORT
  5
1AB5
102
{ACAD_XDICTIONARY
360
1AB6
102
}
330
D6
100
AcDbEntity
 67
     1
  8
0
100
AcDbViewport
 10
128.5
 20
97.5
 30
0.0
 40
205.6
 41
156.0
 68
     2
 69
     2
 12
14276.97761227013
 22
32564.08741343424
 13
0.0
 23
0.0
 14
10.0
 24
10.0
 15
10.0
 25
10.0
 16
0.0
 26
0.0
 36
1.0
 17
0.0
 27
0.0
 37
0.0
 42
50.0
 43
0.0
 44
0.0
 45
111238.9559196681
 50
0.0
 51
0.0
 72
  1000
 90
   819296
  1

281
     0
 71
     1
 74
     0
110
0.0
120
0.0
130
0.0
111
1.0
121
0.0
131
0.0
112
0.0
122
1.0
132
0.0
 79
     0
146
0.0
170
     0
 61
     5
348
F5
292
     1
282
     1
141
0.0
142
0.0
 63
   250
421
  3355443
  0
LWPOLYLINE
  5
1AB9
330
D6
100
AcDbEntity
 67
     1
  8
0
100
AcDbPolyline
 90
        4
 70
     1
 43
0.0
 10
608.6697120277881
 20
127.6115400460792
 10
1028.669712027788
 20
127.6115400460792
 10
1028.669712027788
 20
-169.3884599539208
 10
608.6697120277881
 20
-169.3884599539208
  0
VIEWPORT
  5
1ABB
102
{ACAD_XDICTIONARY
360
1ABC
102
}
330
D6
100
AcDbEntity
 67
     1
  8
0
100
AcDbViewport
 10
818.669712027788
 20
-20.8884599539208
 30
0.0
 40
420.0
 41
297.0
 68
     3
 69
     3
 12
7965.656818178946
 22
23463.72964604225
 13
0.0
 23
0.0
 14
10.0
 24
10.0
 15
10.0
 25
10.0
 16
0.0
 26
0.0
 36
1.0
 17
0.0
 27
0.0
 37
0.0
 42
50.0
 43
0.0
 44
0.0
 45
20790.0
 50
0.0
 51
0.0
 72
  1000
 90
   819296
  1

281
     0
 71
     1
 74
     0
110
0.0
120
0.0
130
0.0
111
1.0
121
0.0
131
0.0
112
0.0
122
1.0
132
0.0
 79
     0
146
0.0
170
     0
 61
     5
348
F5
292
     1
282
     1
141
0.0
142
0.0
 63
   250
421
  3355443
  0
ENDSEC
  0
SECTION
  2
OBJECTS
  0
DICTIONARY
  5
C
330
0
100
AcDbDictionary
281
     1
  3
ACAD_CIP_PREVIOUS_PRODUCT_INFO
350
216
  3
ACAD_COLOR
350
6B
  3
ACAD_DETAILVIEWSTYLE
350
21B
  3
ACAD_GROUP
350
D
  3
ACAD_LAYOUT
350
1A
  3
ACAD_MATERIAL
350
6A
  3
ACAD_MLEADERSTYLE
350
12D
  3
ACAD_MLINESTYLE
350
17
  3
ACAD_PLOTSETTINGS
350
19
  3
ACAD_PLOTSTYLENAME
350
E
  3
ACAD_SCALELIST
350
10C
  3
ACAD_SECTIONVIEWSTYLE
350
219
  3
ACAD_TABLESTYLE
350
7E
  3
ACAD_VISUALSTYLE
350
EF
  3
ACDB_RECOMPOSE_DATA
350
25EB
  3
AcDbVariableDictionary
350
5E
  3
AcDsDecomposeData
350
25F1
  3
AEC_PROPERTY_SET_DEFS
350
955
  0
DICTIONARY
  5
1FF
330
2
100
AcDbDictionary
280
     1
281
     1
  3
ACAD_LAYERSTATES
360
200
  0
DICTIONARY
  5
13C
330
10
100
AcDbDictionary
280
     1
281
     1
  0
DICTIONARY
  5
1AD1
330
8E8
100
AcDbDictionary
280
     1
281
     1
  3
ADSK_XREC_LAYER_LINETYPE_OVR
360
1AD2
  0
DICTIONARY
  5
11A7
330
11A6
100
AcDbDictionary
280
     1
281
     1
  0
DICTIONARY
  5
2498
330
2497
100
AcDbDictionary
280
     1
281
     1
  0
DICTIONARY
  5
1CE
330
1F
100
AcDbDictionary
280
     1
281
     1
  3
ACAD_SORTENTS
360
8CF
  0
DICTIONARY
  5
1AB2
330
1AB1
100
AcDbDictionary
280
     1
281
     1
  3
ASDK_XREC_ANNOTATION_SCALE_INFO
360
1AB3
  0
DICTIONARY
  5
1AB6
330
1AB5
100
AcDbDictionary
280
     1
281
     1
  3
ASDK_XREC_ANNOTATION_SCALE_INFO
360
1AB7
  0
DICTIONARY
  5
1ABC
330
1ABB
100
AcDbDictionary
280
     1
281
     1
  3
ASDK_XREC_ANNOTATION_SCALE_INFO
360
1ABD
  0
XRECORD
  5
216
102
{ACAD_REACTORS
330
C
102
}
330
C
100
AcDbXrecord
280
     1
300
ACD
300
2023
300

  0
DICTIONARY
  5
6B
102
{ACAD_REACTORS
330
C
102
}
330
C
100
AcDbDictionary
281
     1
  0
DICTIONARY
  5
21B
102
{ACAD_REACTORS
330
C
102
}
330
C
100
AcDbDictionary
281
     1
  3
Imperial24
350
249A
  3
Metric50
350
21C
  0
DICTIONARY
  5
D
102
{ACAD_REACTORS
330
C
102
}
330
C
100
AcDbDictionary
281
     1
  3
*A1
350
FAE
  3
*A11
350
1281
  3
*A12
350
FC1
  3
*A13
350
1288
  3
*A14
350
1297
  3
*A17
350
D5C
  3
*A19
350
96F
  3
*A20
350
971
  3
*A21
350
BE1
  3
*A23
350
D1E
  3
*A25
350
D1F
  3
*A27
350
12B4
  3
*A28
350
8FF
  3
*A29
350
1729
  3
*A30
350
172A
  3
*A31
350
112B
  3
*A33
350
E80
  3
*A34
350
247E
  3
*A35
350
101B
  3
*A36
350
1734
  3
*A39
350
D4D
  3
*A40
350
1736
  3
*A41
350
1739
  3
*A42
350
1020
  3
*A43
350
173C
  3
*A46
350
2592
  3
*A47
350
1038
  3
*A50
350
1766
  3
*A51
350
17C5
  3
*A54
350
17E4
  3
*A55
350
1823
  3
*A56
350
1824
  3
*A6
350
1227
  3
*A60
350
E93
  3
*A61
350
106E
  3
*A62
350
F79
  3
*A64
350
1124
  3
*A66
350
1A68
  3
*A68
350
1A8E
  3
*A69
350
1A97
  3
*A7
350
1246
  3
*A70
350
11A2
  3
*A73
350
1AA5
  3
*A74
350
1B36
  3
*A75
350
1B47
  3
*A76
350
1B58
  3
*A77
350
1125
  3
*A8
350
1265
  3
*A81
350
11EA
  3
*A92
350
1209
  3
*A98
350
90D
  0
DICTIONARY
  5
1A
102
{ACAD_REACTORS
330
C
102
}
330
C
100
AcDbDictionary
281
     1
  3
Layout1
350
D3
  3
Layout2
350
D7
  3
Model
350
22
  0
DICTIONARY
  5
6A
102
{ACAD_REACTORS
330
C
102
}
330
C
100
AcDbDictionary
281
     1
  3
ByBlock
350
ED
  3
ByLayer
350
EC
  3
Global
350
EE
  0
DICTIONARY
  5
12D
102
{ACAD_REACTORS
330
C
102
}
330
C
100
AcDbDictionary
281
     1
  3
Annotative
350
13B
  3
Standard
350
12E
  0
DICTIONARY
  5
17
102
{ACAD_REACTORS
330
C
102
}
330
C
100
AcDbDictionary
281
     1
  3
Standard
350
18
  0
DICTIONARY
  5
19
102
{ACAD_REACTORS
330
C
102
}
330
C
100
AcDbDictionary
281
     1
  0
ACDBDICTIONARYWDFLT
  5
E
102
{ACAD_REACTORS
330
C
102
}
330
C
100
AcDbDictionary
281
     1
  3
Normal
350
F
100
AcDbDictionaryWithDefault
340
F
  0
DICTIONARY
  5
10C
102
{ACAD_REACTORS
330
C
102
}
330
C
100
AcDbDictionary
281
     1
  3
A0
350
10D
  3
A1
350
1AF0
  3
A2
350
1AF1
  3
A3
350
1AF2
  3
A4
350
1AF3
  3
A5
350
1AF4
  3
A6
350
1AF5
  3
A7
350
1AF6
  3
A8
350
1AF7
  3
A9
350
1AF8
  3
B0
350
1AF9
  3
B1
350
1C7
  3
B2
350
1AFA
  3
B3
350
1AFB
  3
B4
350
1AFC
  3
B5
350
1AFD
  3
B6
350
1AFE
  3
B7
350
1AFF
  0
DICTIONARY
  5
219
102
{ACAD_REACTORS
330
C
102
}
330
C
100
AcDbDictionary
281
     1
  3
Imperial24
350
2499
  3
Metric50
350
21A
  0
DICTIONARY
  5
7E
102
{ACAD_REACTORS
330
C
102
}
330
C
100
AcDbDictionary
281
     1
  3
Standard
350
7F
  0
DICTIONARY
  5
EF
102
{ACAD_REACTORS
330
C
102
}
330
C
100
AcDbDictionary
281
     1
  3
2dWireframe
350
F5
  3
Basic
350
F4
  3
Brighten
350
FB
  3
ColorChange
350
FF
  3
Conceptual
350
F8
  3
Dim
350
FA
  3
EdgeColorOff
350
1E6
  3
Facepattern
350
FE
  3
Flat
350
F0
  3
FlatWithEdges
350
F1
  3
Gouraud
350
F2
  3
GouraudWithEdges
350
F3
  3
Hidden
350
F7
  3
JitterOff
350
1E4
  3
Linepattern
350
FD
  3
OverhangOff
350
1E5
  3
Realistic
350
F9
  3
Shaded
350
1F3
  3
Shaded with edges
350
1F2
  3
Shades of Gray
350
1EF
  3
Sketchy
350
1F0
  3
Thicken
350
FC
  3
Wireframe
350
F6
  3
X-Ray
350
1F1
  0
XRECORD
  5
25EB
102
{ACAD_REACTORS
330
C
102
}
330
C
100
AcDbXrecord
280
     1
 90
        1
330
7F
330
1A35
330
1A3F
330
1A41
330
1A43
330
1A47
330
1A48
330
1A49
330
1A4B
330
1A4C
330
1A50
330
1A51
330
1A52
330
1A6E
330
1A6F
330
1A70
330
1A7A
330
1A8F
330
1A90
330
1A95
330
1A96
330
1AA3
330
1AA4
330
1B2F
330
1B31
330
1B32
330
1B33
330
1B34
330
1B35
330
1B41
330
1B42
330
1B43
330
1B44
330
1B45
330
1B46
330
1B52
330
1B53
330
1B54
330
1B55
330
1B56
330
1B57
  0
DICTIONARY
  5
5E
102
{ACAD_REACTORS
330
C
102
}
330
C
100
AcDbDictionary
281
     1
  3
CANNOSCALE
350
146
  3
CENTEREXE
350
259
  3
CENTERLTYPEFILE
350
25A
  3
CMLEADERSTYLE
350
145
  3
CTABLESTYLE
350
84
  3
CVIEWDETAILSTYLE
350
227
  3
CVIEWSECTIONSTYLE
350
228
  3
DIMASSOC
350
5F
  3
HIDETEXT
350
63
  3
HPCOLOR
350
1A85
  3
HPTRANSPARENCY
350
1A84
  3
LAYEREVAL
350
1AE
  3
LAYERNOTIFY
350
1AF
  0
DICTIONARY
  5
25F1
102
{ACAD_REACTORS
330
C
102
}
330
C
100
AcDbDictionary
281
     1
  3
AcDsRecords
350
25F3
  3
AcDsSchemas
350
25F2
1001
ACAD
1070
     2
  0
DICTIONARY
  5
955
102
{ACAD_REACTORS
330
C
102
}
330
C
100
AcDbDictionary
281
     1
  0
DICTIONARY
  5
200
102
{ACAD_REACTORS
330
1FF
102
}
330
1FF
100
AcDbDictionary
281
     1
  0
XRECORD
  5
1AD2
102
{ACAD_REACTORS
330
1AD1
102
}
330
1AD1
100
AcDbXrecord
280
     1
102
{ADSK_LYR_LINETYPE_OVERRIDE
335
1ABB
343
1AD6
102
}
  0
SORTENTSTABLE
  5
8CF
102
{ACAD_REACTORS
330
1CE
102
}
330
1CE
100
AcDbSortentsTable
330
1F
331
5BF
  5
5C0
331
5C0
  5
5C1
331
5C1
  5
5C2
331
5C2
  5
5C3
331
5C3
  5
5C4
331
5C4
  5
5C5
331
5C5
  5
5C6
331
5C6
  5
5C8
331
5C7
  5
5C9
331
5C8
  5
5CB
331
5C9
  5
5CC
331
5CA
  5
5CD
331
5CB
  5
5CF
331
5CC
  5
5D2
331
5CE
  5
5D3
331
5CF
  5
5D4
331
5D0
  5
5D5
331
5D1
  5
5D6
331
5D2
  5
5D9
331
5D3
  5
5DA
331
5D4
  5
5DB
331
5D5
  5
5DC
331
5D6
  5
5DD
331
5D9
  5
5DE
331
5DA
  5
5DF
331
5DB
  5
5E0
331
5DC
  5
5E1
331
5DD
  5
5E2
331
5DE
  5
5E3
331
5DF
  5
5E4
331
5E0
  5
5E5
331
5E1
  5
5E6
331
5E2
  5
5E8
331
5E3
  5
5E9
331
5E4
  5
5EA
331
5E5
  5
5EB
331
5E7
  5
5EE
331
5E8
  5
5EF
331
5E9
  5
5F0
331
5EA
  5
5F1
331
5EB
  5
5F2
331
5EC
  5
5F3
331
5ED
  5
5F4
331
5EE
  5
5F5
331
5EF
  5
5F8
331
5F0
  5
5F9
331
5F1
  5
5FA
331
5F2
  5
5FB
331
5F3
  5
5FC
331
5F4
  5
5FD
331
5F5
  5
5FE
331
5F6
  5
5FF
331
5F7
  5
601
331
5F8
  5
603
331
5F9
  5
604
331
5FA
  5
605
331
5FB
  5
606
331
5FC
  5
607
331
5FD
  5
608
331
5FE
  5
609
331
5FF
  5
60A
331
600
  5
60B
331
601
  5
60C
331
603
  5
60D
331
604
  5
60F
331
605
  5
610
331
606
  5
612
331
607
  5
613
331
608
  5
614
331
609
  5
615
331
60A
  5
616
331
60B
  5
618
331
60C
  5
619
331
60D
  5
61A
331
60E
  5
61B
331
60F
  5
61C
331
610
  5
61E
331
611
  5
620
331
612
  5
621
331
613
  5
622
331
614
  5
625
331
615
  5
628
331
616
  5
62A
331
617
  5
62B
331
618
  5
62C
331
619
  5
62D
331
61A
  5
62F
331
61B
  5
630
331
61C
  5
632
331
61D
  5
633
331
61E
  5
634
331
61F
  5
638
331
621
  5
63B
331
622
  5
63C
331
624
  5
63D
331
625
  5
63F
331
626
  5
640
331
627
  5
641
331
628
  5
642
331
629
  5
643
331
62A
  5
644
331
62B
  5
645
331
62C
  5
646
331
62D
  5
647
331
62E
  5
649
331
62F
  5
64B
331
630
  5
64C
331
631
  5
64D
331
632
  5
64E
331
633
  5
64F
331
634
  5
650
331
635
  5
651
331
636
  5
653
331
637
  5
654
331
638
  5
655
331
639
  5
656
331
63A
  5
657
331
63B
  5
658
331
63C
  5
659
331
63D
  5
65A
331
63E
  5
65C
331
63F
  5
65E
331
640
  5
660
331
641
  5
662
331
642
  5
664
331
643
  5
666
331
644
  5
668
331
645
  5
66A
331
646
  5
66C
331
647
  5
66E
331
648
  5
670
331
649
  5
672
331
64A
  5
674
331
64B
  5
676
331
64C
  5
678
331
64D
  5
67A
331
64E
  5
67B
331
64F
  5
67C
331
650
  5
67D
331
651
  5
67E
331
652
  5
67F
331
653
  5
680
331
654
  5
681
331
655
  5
682
331
656
  5
683
331
657
  5
684
331
658
  5
685
331
659
  5
688
331
65C
  5
689
331
65D
  5
68A
331
65E
  5
68B
331
660
  5
68D
331
661
  5
68E
331
662
  5
68F
331
663
  5
690
331
664
  5
691
331
665
  5
692
331
666
  5
693
331
667
  5
694
331
668
  5
695
331
669
  5
697
331
66B
  5
698
331
66C
  5
699
331
66D
  5
69A
331
66E
  5
69C
331
66F
  5
69D
331
670
  5
69E
331
671
  5
69F
331
672
  5
6A0
331
673
  5
6A1
331
674
  5
6A2
331
675
  5
6A3
331
676
  5
6A5
331
678
  5
6A6
331
679
  5
6A7
331
67A
  5
6A9
331
67B
  5
6AB
331
67C
  5
6AC
331
67D
  5
6AD
331
67E
  5
6AE
331
67F
  5
6AF
331
680
  5
6B0
331
681
  5
6B1
331
682
  5
6B2
331
683
  5
6B3
331
684
  5
6B4
331
685
  5
6B5
331
686
  5
6B6
331
687
  5
6B7
331
688
  5
6B8
331
68A
  5
6BA
331
68C
  5
819
331
68D
  5
81A
331
68E
  5
81B
331
68F
  5
81C
331
690
  5
81D
331
691
  5
81E
331
692
  5
81F
331
693
  5
820
331
6A1
  5
82E
331
6A2
  5
82F
331
6A3
  5
830
331
6A4
  5
831
331
6A5
  5
832
331
6A6
  5
833
331
6A7
  5
834
331
6A8
  5
835
331
6A9
  5
836
331
6AA
  5
837
331
6AB
  5
838
331
6AC
  5
839
331
6AD
  5
83A
331
6AE
  5
83B
331
6AF
  5
83C
331
6B0
  5
83D
331
6B1
  5
83E
331
6B2
  5
83F
331
6B3
  5
840
331
6B4
  5
841
331
6B5
  5
842
331
6B6
  5
843
331
6B7
  5
844
331
6B8
  5
845
331
6B9
  5
846
331
6BA
  5
847
331
88B
  5
8F5
331
88E
  5
8F8
331
88F
  5
8F9
331
898
  5
907
331
899
  5
908
331
89A
  5
909
331
89B
  5
90A
331
89C
  5
90B
331
89D
  5
90C
331
8CE
  5
611
331
8D0
  5
957
331
8D9
  5
958
331
8DE
  5
959
331
8DF
  5
95A
331
8E1
  5
95B
331
8E2
  5
95C
331
8E4
  5
69B
331
8E5
  5
64A
331
8EA
  5
960
331
8F9
  5
969
331
900
  5
96A
331
901
  5
96B
331
902
  5
96C
331
903
  5
96D
331
904
  5
96E
331
905
  5
973
331
906
  5
974
331
907
  5
975
331
908
  5
976
331
909
  5
977
331
90A
  5
978
331
90B
  5
B2E
331
90C
  5
B8D
331
91A
  5
B8E
331
91B
  5
B8F
331
91C
  5
B90
331
91D
  5
636
331
91E
  5
637
331
920
  5
961
331
921
  5
962
331
922
  5
5C7
331
923
  5
635
331
924
  5
65B
331
925
  5
65D
331
926
  5
671
331
927
  5
673
331
928
  5
675
331
929
  5
677
331
92A
  5
679
331
92B
  5
65F
331
92C
  5
661
331
92D
  5
663
331
92E
  5
665
331
92F
  5
667
331
930
  5
669
331
931
  5
66B
331
932
  5
66D
331
933
  5
66F
331
957
  5
B91
331
958
  5
B92
331
959
  5
B93
331
95A
  5
B94
331
95B
  5
B95
331
95C
  5
B96
331
95D
  5
B97
331
95E
  5
B98
331
95F
  5
B99
331
960
  5
B9A
331
961
  5
B9B
331
962
  5
B9C
331
963
  5
B9D
331
964
  5
B9E
331
965
  5
B9F
331
966
  5
BA0
331
967
  5
BA1
331
968
  5
BA2
331
969
  5
BA3
331
96A
  5
BA4
331
96B
  5
BA5
331
96C
  5
BA6
331
96D
  5
BA7
331
96E
  5
BA8
331
973
  5
5D0
331
974
  5
639
331
975
  5
5F6
331
976
  5
5D1
331
977
  5
63A
331
978
  5
5F7
331
B2E
  5
BA9
331
B8D
  5
BAA
331
B8E
  5
BAB
331
B8F
  5
BAC
331
B90
  5
BAD
331
B91
  5
BAE
331
B92
  5
BAF
331
B93
  5
BB0
331
B94
  5
BB1
331
B95
  5
BB2
331
B96
  5
BB3
331
B97
  5
BB4
331
B98
  5
BB5
331
B99
  5
BB6
331
B9A
  5
BB7
331
B9B
  5
BB8
331
B9C
  5
BB9
331
B9D
  5
BBA
331
B9E
  5
BBB
331
B9F
  5
BBC
331
BA0
  5
BBD
331
BA1
  5
BBE
331
BA2
  5
BBF
331
BA3
  5
BC0
331
BA4
  5
BC1
331
BA5
  5
BC2
331
BA6
  5
BC3
331
BA7
  5
BC4
331
BA8
  5
BC5
331
BA9
  5
BC6
331
BAA
  5
BC7
331
BAB
  5
BC8
331
BAC
  5
BC9
331
BAD
  5
BCA
331
BAE
  5
BCB
331
BAF
  5
BCC
331
BB0
  5
BCD
331
BB1
  5
BCE
331
BB2
  5
BCF
331
BB3
  5
BD0
331
BB4
  5
BD1
331
BB5
  5
BD2
331
BB6
  5
BD3
331
BB7
  5
BD4
331
BB8
  5
BD5
331
BB9
  5
BD6
331
BBA
  5
BD7
331
BBB
  5
BD8
331
BBC
  5
BD9
331
BBD
  5
BDA
331
BBE
  5
BDB
331
BBF
  5
BDC
331
BC0
  5
BDD
331
BC1
  5
BDE
331
BC2
  5
BDF
331
BC3
  5
BE0
331
BC4
  5
BE2
331
BC5
  5
BE3
331
BC6
  5
BE4
331
BC7
  5
BE5
331
BC8
  5
BE6
331
BC9
  5
BE7
331
BCA
  5
BE8
331
BCB
  5
BE9
331
BCC
  5
BEA
331
BCD
  5
BEB
331
BCE
  5
BEC
331
BCF
  5
BED
331
BD0
  5
BEE
331
BD1
  5
BEF
331
BD2
  5
BF0
331
BD3
  5
BF1
331
BD4
  5
BF2
331
BD5
  5
CC2
331
BD6
  5
CC3
331
BD7
  5
CC4
331
BD8
  5
CC5
331
BD9
  5
CC6
331
BDA
  5
CC7
331
BDB
  5
CC8
331
BDC
  5
CC9
331
BDD
  5
CCA
331
BDE
  5
CCB
331
BDF
  5
CCC
331
BE0
  5
CCD
331
C3C
  5
CCF
331
C3D
  5
CCE
331
C3E
  5
61F
331
C3F
  5
61D
331
C40
  5
CD0
331
C41
  5
CD1
331
C52
  5
CD4
331
C53
  5
CD5
331
C54
  5
CD6
331
C55
  5
CD7
331
CBD
  5
CD8
331
CBE
  5
CD9
331
CBF
  5
CDA
331
CC0
  5
CDB
331
CC1
  5
CDC
331
CC2
  5
CDD
331
CC3
  5
CDE
331
CC4
  5
CDF
331
CC5
  5
CE0
331
CC6
  5
CE1
331
CC7
  5
CE2
331
CC8
  5
CE3
331
CC9
  5
CE4
331
CCA
  5
CE5
331
CCB
  5
CE6
331
CCC
  5
CE7
331
CCD
  5
CE8
331
CCE
  5
CE9
331
CCF
  5
CEA
331
CD0
  5
CEB
331
CD1
  5
CEC
331
CD2
  5
CED
331
CD3
  5
CEE
331
CD4
  5
CEF
331
CD5
  5
CF0
331
CD6
  5
CF1
331
CD7
  5
CF2
331
CD8
  5
CF3
331
CD9
  5
CF4
331
CDA
  5
CF5
331
CDB
  5
CF6
331
CDC
  5
CF7
331
CDD
  5
CF8
331
CDE
  5
CF9
331
CDF
  5
CFA
331
CE0
  5
CFB
331
CE1
  5
CFC
331
CE2
  5
CFD
331
CE3
  5
CFE
331
CE4
  5
CFF
331
CE5
  5
D00
331
CE6
  5
D01
331
CE7
  5
D02
331
CE8
  5
D03
331
CE9
  5
D04
331
CEA
  5
D05
331
CEB
  5
D06
331
CEC
  5
D07
331
CED
  5
D08
331
CEE
  5
D09
331
CEF
  5
D0A
331
CF0
  5
D0B
331
CF1
  5
D0C
331
CF2
  5
D0D
331
CF3
  5
D0E
331
CF4
  5
D0F
331
CF5
  5
D10
331
CF6
  5
D11
331
CF7
  5
D12
331
CF8
  5
D13
331
CF9
  5
D14
331
CFA
  5
D15
331
CFB
  5
D16
331
CFC
  5
D17
331
CFD
  5
D18
331
CFE
  5
D19
331
CFF
  5
D1A
331
D00
  5
D1B
331
D01
  5
D1C
331
D02
  5
D1D
331
D03
  5
D24
331
D04
  5
D25
331
D05
  5
D26
331
D06
  5
D27
331
D07
  5
D28
331
D08
  5
D29
331
D09
  5
D2A
331
D0A
  5
D2B
331
D0B
  5
D2C
331
D0C
  5
D2D
331
D0D
  5
D2E
331
D0E
  5
D2F
331
D0F
  5
D30
331
D10
  5
D31
331
D11
  5
D32
331
D12
  5
D33
331
D13
  5
D34
331
D14
  5
D35
331
D15
  5
D36
331
D16
  5
D37
331
D17
  5
D38
331
D18
  5
D39
331
D19
  5
D3A
331
D1A
  5
D3B
331
D1B
  5
D3C
331
D1C
  5
D3D
331
D1D
  5
D3E
331
D24
  5
D3F
331
D25
  5
D40
331
D26
  5
D41
331
D27
  5
D42
331
D28
  5
D43
331
D29
  5
D44
331
D2A
  5
D45
331
D2B
  5
D46
331
D2C
  5
D47
331
D2D
  5
D48
331
D2E
  5
D49
331
D2F
  5
D4A
331
D30
  5
D4B
331
D31
  5
D4C
331
D32
  5
D4F
331
D33
  5
D50
331
D34
  5
D51
331
D35
  5
D52
331
D36
  5
D53
331
D37
  5
D54
331
D38
  5
D55
331
D39
  5
D56
331
D3A
  5
D57
331
D3B
  5
D58
331
D3C
  5
D59
331
D3D
  5
D5A
331
D3E
  5
D5B
331
D3F
  5
D5E
331
D40
  5
DF3
331
D41
  5
DF4
331
D42
  5
DF5
331
D43
  5
DF6
331
D44
  5
DF7
331
D45
  5
DF8
331
D46
  5
DF9
331
D47
  5
DFA
331
D48
  5
DFB
331
D49
  5
DFC
331
D4A
  5
DFD
331
D4B
  5
DFE
331
D4C
  5
E00
331
D4F
  5
E02
331
D50
  5
E03
331
D52
  5
E05
331
D54
  5
E0E
331
D55
  5
E0F
331
D56
  5
E10
331
D57
  5
E11
331
D58
  5
E12
331
D59
  5
E13
331
D5A
  5
E14
331
D5B
  5
E15
331
D5E
  5
95D
331
DF3
  5
E16
331
DF4
  5
E17
331
DF5
  5
E18
331
DF6
  5
E19
331
DF7
  5
E1A
331
DF8
  5
E1B
331
DF9
  5
E1C
331
DFA
  5
E1D
331
DFB
  5
E1E
331
DFC
  5
E1F
331
DFD
  5
E20
331
DFE
  5
E21
331
DFF
  5
E22
331
E00
  5
E23
331
E01
  5
E24
331
E02
  5
E25
331
E03
  5
E26
331
E04
  5
E27
331
E05
  5
E28
331
E06
  5
E29
331
E86
  5
F19
331
E87
  5
F1A
331
E89
  5
F1C
331
E8B
  5
F25
331
E8C
  5
F26
331
E8D
  5
F27
331
E8E
  5
F28
331
E8F
  5
F29
331
E90
  5
F2A
331
E91
  5
F2B
331
E92
  5
F2C
331
E95
  5
95E
331
E96
  5
F1B
331
E97
  5
F1D
331
E98
  5
F1E
331
E99
  5
F1F
331
E9A
  5
F20
331
E9B
  5
F21
331
E9C
  5
F22
331
E9D
  5
F23
331
E9E
  5
F24
331
E9F
  5
6B9
331
EA0
  5
6BB
331
EA1
  5
812
331
EA2
  5
813
331
EA3
  5
814
331
EA4
  5
815
331
EA5
  5
816
331
EA6
  5
817
331
EA7
  5
818
331
F14
  5
F2D
331
F15
  5
F2E
331
F16
  5
F2F
331
F17
  5
F30
331
F18
  5
F31
331
F19
  5
F32
331
F1A
  5
F33
331
F1B
  5
F34
331
F1C
  5
F35
331
F1D
  5
F36
331
F1E
  5
F37
331
F1F
  5
F38
331
F20
  5
F39
331
F21
  5
F3A
331
F22
  5
F3B
331
F23
  5
F3C
331
F24
  5
F3D
331
F25
  5
F3E
331
F26
  5
F3F
331
F27
  5
F40
331
F28
  5
F41
331
F29
  5
F42
331
F2A
  5
F43
331
F2B
  5
F44
331
F2C
  5
F45
331
F2D
  5
F46
331
F2E
  5
F47
331
F2F
  5
F48
331
F30
  5
F49
331
F31
  5
F4A
331
F32
  5
F4B
331
F33
  5
F4C
331
F34
  5
F4D
331
F35
  5
F4E
331
F36
  5
F4F
331
F37
  5
F50
331
F38
  5
F51
331
F39
  5
F52
331
F3A
  5
F53
331
F3B
  5
F54
331
F3C
  5
F55
331
F3D
  5
F56
331
F3E
  5
F57
331
F3F
  5
F58
331
F40
  5
F59
331
F41
  5
F5A
331
F42
  5
F5B
331
F43
  5
F5C
331
F44
  5
F5D
331
F45
  5
F5E
331
F46
  5
F5F
331
F47
  5
F60
331
F48
  5
F61
331
F49
  5
F62
331
F4A
  5
F63
331
F4B
  5
F64
331
F4C
  5
F65
331
F4D
  5
F66
331
F4E
  5
F67
331
F4F
  5
F68
331
F50
  5
F69
331
F51
  5
F6A
331
F52
  5
F6B
331
F53
  5
F6C
331
F54
  5
F6D
331
F55
  5
F6E
331
F56
  5
F6F
331
F57
  5
F70
331
F58
  5
F71
331
F59
  5
F72
331
F5A
  5
F73
331
F5B
  5
F74
331
F5C
  5
F75
331
F5D
  5
F76
331
F5E
  5
F77
331
F5F
  5
F78
331
F60
  5
F7A
331
F61
  5
F7C
331
F62
  5
F80
331
F63
  5
F84
331
F64
  5
F85
331
F65
  5
F86
331
F66
  5
F9E
331
F67
  5
F9F
331
F68
  5
FA0
331
F69
  5
FA1
331
F6A
  5
FA2
331
F6B
  5
FA3
331
F6C
  5
FA4
331
F6D
  5
FA5
331
F6E
  5
FA6
331
F6F
  5
FA7
331
F70
  5
FA8
331
F71
  5
FA9
331
F72
  5
FAA
331
F73
  5
FAB
331
F74
  5
FAC
331
F75
  5
FAD
331
F76
  5
FB1
331
F77
  5
FB2
331
F78
  5
FB3
331
F7A
  5
600
331
F7C
  5
FB4
331
F80
  5
FB5
331
F84
  5
627
331
F85
  5
5CA
331
F86
  5
FB6
331
F9E
  5
FB7
331
F9F
  5
FB8
331
FA0
  5
FB9
331
FA1
  5
FBA
331
FA2
  5
FBB
331
FA3
  5
FBC
331
FA4
  5
FBD
331
FA5
  5
FBE
331
FA6
  5
FBF
331
FA7
  5
FC0
331
FA8
  5
FC2
331
FA9
  5
FC4
331
FAA
  5
FC7
331
FAB
  5
FC8
331
FAC
  5
FC9
331
FAD
  5
FCA
331
FB1
  5
FCB
331
FB2
  5
FCC
331
FB3
  5
FCD
331
FB4
  5
FCE
331
FB5
  5
FCF
331
FB6
  5
FD0
331
FB7
  5
FD1
331
FB8
  5
FD2
331
FB9
  5
FD3
331
FBA
  5
FD4
331
FBB
  5
FD5
331
FBC
  5
FD6
331
FBD
  5
FD7
331
FBE
  5
FD8
331
FBF
  5
FD9
331
FC0
  5
FDA
331
FC2
  5
617
331
FC4
  5
FDB
331
FC7
  5
FDC
331
FC8
  5
FDD
331
FC9
  5
FDE
331
FCA
  5
FDF
331
FCB
  5
FE0
331
FCC
  5
FE1
331
FCD
  5
FE2
331
FCE
  5
FE3
331
FCF
  5
FE4
331
FD0
  5
FE5
331
FD1
  5
FE6
331
FD2
  5
FE7
331
FD3
  5
FE8
331
FD4
  5
FE9
331
FD5
  5
FEA
331
FD6
  5
FEB
331
FD7
  5
FEC
331
FD8
  5
FED
331
FD9
  5
FEE
331
FDA
  5
FEF
331
FDB
  5
FF0
331
FDC
  5
FF1
331
FDD
  5
FF2
331
FDE
  5
FF3
331
FDF
  5
FF4
331
FE0
  5
FF5
331
FE1
  5
FF6
331
FE2
  5
FF7
331
FE3
  5
FF8
331
FE4
  5
FF9
331
FE5
  5
FFA
331
FE6
  5
FFB
331
FE7
  5
FFC
331
FE8
  5
FFD
331
FE9
  5
FFE
331
FEA
  5
FFF
331
FEB
  5
1000
331
FEC
  5
1001
331
FED
  5
1002
331
FEE
  5
1003
331
FEF
  5
1004
331
FF0
  5
1005
331
FF1
  5
1006
331
FF2
  5
1007
331
FF3
  5
1008
331
FF4
  5
1009
331
FF5
  5
100A
331
FF6
  5
100B
331
FF7
  5
100C
331
FF8
  5
100D
331
FF9
  5
100E
331
FFA
  5
100F
331
FFB
  5
1010
331
FFC
  5
1011
331
FFD
  5
1012
331
FFE
  5
1013
331
FFF
  5
1014
331
1000
  5
1015
331
1001
  5
1016
331
1002
  5
1017
331
1003
  5
1018
331
1004
  5
1019
331
1005
  5
101A
331
1006
  5
101E
331
1007
  5
1039
331
1008
  5
103B
331
1009
  5
103D
331
100A
  5
103E
331
100B
  5
1040
331
100C
  5
1041
331
100D
  5
1042
331
100E
  5
1043
331
100F
  5
1044
331
1010
  5
1045
331
1011
  5
1046
331
1012
  5
1047
331
1013
  5
1048
331
1014
  5
1049
331
1015
  5
104A
331
1016
  5
104B
331
1017
  5
104C
331
1018
  5
104D
331
1019
  5
104E
331
101A
  5
104F
331
1039
  5
652
331
103B
  5
95F
331
103D
  5
5BF
331
103E
  5
60E
331
1040
  5
1051
331
1041
  5
1052
331
1042
  5
1053
331
1043
  5
1062
331
1051
  5
1063
331
1052
  5
1066
331
1053
  5
1068
331
1054
  5
1067
331
1055
  5
1065
331
1056
  5
1064
331
1059
  5
5ED
331
105A
  5
1069
331
105B
  5
106A
331
105C
  5
629
331
105D
  5
62E
331
105E
  5
106B
331
105F
  5
106C
331
1060
  5
1072
331
1062
  5
1075
331
1063
  5
1073
331
1064
  5
E04
331
1065
  5
E06
331
1066
  5
E07
331
1067
  5
E08
331
1068
  5
E09
331
1069
  5
E0A
331
106A
  5
E0B
331
106B
  5
E0C
331
106C
  5
E0D
331
1072
  5
631
331
1073
  5
1076
331
1075
  5
63E
331
1076
  5
10D1
331
10D1
  5
10D2
331
10D2
  5
10D3
331
10D3
  5
10D4
331
10D4
  5
10D5
331
10D5
  5
10D6
331
10D6
  5
10D7
331
10D7
  5
10D8
331
10D8
  5
10D9
331
10D9
  5
10DA
331
10DA
  5
10DB
331
10DB
  5
10DC
331
10DC
  5
10DD
331
10DD
  5
10DE
331
10DE
  5
10DF
331
10DF
  5
10E0
331
10E0
  5
10E1
331
10E1
  5
10E2
331
10E2
  5
10E3
331
10E3
  5
10E4
331
10E4
  5
10E5
331
10E5
  5
10E6
331
10E6
  5
10E7
331
10E7
  5
10E8
331
10E8
  5
10E9
331
10E9
  5
10EA
331
10EA
  5
10EB
331
10EB
  5
10EC
331
10EC
  5
10ED
331
10ED
  5
10EE
331
10EE
  5
10EF
331
10EF
  5
10F0
331
10F0
  5
10F1
331
10F1
  5
10F2
331
10F2
  5
10F3
331
10F3
  5
10F4
331
10F4
  5
10F5
331
10F5
  5
10F6
331
10F6
  5
10F7
331
10F7
  5
10F8
331
10F8
  5
10F9
331
10F9
  5
10FA
331
10FA
  5
10FB
331
10FB
  5
10FC
331
10FC
  5
10FD
331
10FD
  5
10FE
331
10FE
  5
10FF
331
10FF
  5
1100
331
1100
  5
1101
331
1101
  5
1102
331
1102
  5
1103
331
1103
  5
1104
331
1104
  5
1105
331
1105
  5
1106
331
1106
  5
1107
331
1107
  5
1108
331
1108
  5
1109
331
1109
  5
110A
331
110A
  5
110B
331
110B
  5
110C
331
110C
  5
110D
331
110D
  5
110E
331
110E
  5
110F
331
110F
  5
1110
331
1110
  5
1111
331
1111
  5
1112
331
1112
  5
1113
331
1113
  5
1114
331
1114
  5
1115
331
1115
  5
1116
331
1116
  5
1117
331
1117
  5
1118
331
1118
  5
1119
331
1119
  5
111A
331
111A
  5
111B
331
111B
  5
111C
331
111C
  5
111D
331
111D
  5
111E
331
111E
  5
111F
331
111F
  5
1120
331
1120
  5
1121
331
1121
  5
1122
331
1122
  5
1123
331
1123
  5
116C
331
116C
  5
116D
331
116D
  5
116E
331
116E
  5
116F
331
116F
  5
1170
331
1170
  5
1171
331
1171
  5
1172
331
1172
  5
1173
331
1173
  5
1174
331
1174
  5
1175
331
1175
  5
1176
331
1176
  5
1177
331
1177
  5
1178
331
1178
  5
1179
331
1179
  5
117A
331
117A
  5
117B
331
117B
  5
117C
331
117C
  5
117D
331
117D
  5
117E
331
117E
  5
117F
331
117F
  5
1180
331
1180
  5
1181
331
1181
  5
1182
331
1182
  5
1183
331
1183
  5
1184
331
1184
  5
1185
331
1185
  5
1186
331
1186
  5
1187
331
1187
  5
1188
331
1188
  5
1189
331
1189
  5
118A
331
118A
  5
118B
331
118B
  5
118C
331
118C
  5
118D
331
118D
  5
118E
331
118E
  5
118F
331
118F
  5
1190
331
1190
  5
1191
331
1191
  5
1192
331
1192
  5
1193
331
1193
  5
1194
331
1194
  5
1195
331
1195
  5
1196
331
1196
  5
1197
331
1197
  5
1198
331
1198
  5
1199
331
1199
  5
119A
331
119A
  5
119B
331
119B
  5
119C
331
119C
  5
119D
331
119D
  5
119E
331
119E
  5
119F
331
119F
  5
11A0
331
11A0
  5
11A1
331
11A1
  5
11CB
331
11CB
  5
11CC
331
11CC
  5
11CD
331
11CD
  5
11CE
331
11CE
  5
11CF
331
11CF
  5
11D0
331
11D0
  5
11D1
331
11D1
  5
11D2
331
11D2
  5
11D3
331
11D3
  5
11D4
331
11D4
  5
11D5
331
11D5
  5
11D6
331
11D6
  5
11D7
331
11D7
  5
11D8
331
11D8
  5
11D9
331
11D9
  5
11DA
331
11DA
  5
11DB
331
11DB
  5
11DC
331
11DC
  5
11DD
331
11DD
  5
11DE
331
11DE
  5
11DF
331
11DF
  5
11E0
331
11E0
  5
11E1
331
11E1
  5
11E2
331
11E2
  5
11E3
331
11E3
  5
11E4
331
11E4
  5
11E5
331
11E5
  5
11E6
331
11E6
  5
11E7
331
11E7
  5
11EC
331
11EC
  5
11ED
331
11ED
  5
11EE
331
11EE
  5
11EF
331
11EF
  5
11F0
331
11F0
  5
11F1
331
11F1
  5
11F2
331
11F2
  5
11F3
331
11F3
  5
11F4
331
11F4
  5
11F5
331
11F5
  5
11F6
331
11F6
  5
11F7
331
11F7
  5
11F8
331
11F8
  5
11F9
331
11F9
  5
11FA
331
11FA
  5
11FB
331
11FB
  5
11FC
331
11FC
  5
11FD
331
11FD
  5
11FE
331
11FE
  5
11FF
331
11FF
  5
1200
331
1200
  5
1201
331
1201
  5
1202
331
1202
  5
1203
331
1203
  5
1204
331
1204
  5
1205
331
1205
  5
1206
331
1206
  5
1207
331
1207
  5
1208
331
1208
  5
120A
331
120A
  5
120B
331
120B
  5
120C
331
120C
  5
120D
331
120D
  5
120E
331
120E
  5
120F
331
120F
  5
1210
331
1210
  5
1211
331
1211
  5
1212
331
1212
  5
1213
331
1213
  5
1214
331
1214
  5
1215
331
1215
  5
1216
331
1216
  5
1217
331
1217
  5
1218
331
1218
  5
1219
331
1219
  5
121A
331
121A
  5
121B
331
121B
  5
121C
331
121C
  5
121D
331
121D
  5
121E
331
121E
  5
121F
331
121F
  5
1220
331
1220
  5
1221
331
1221
  5
1222
331
1222
  5
1223
331
1223
  5
1224
331
1224
  5
1225
331
1225
  5
1226
331
1226
  5
1229
331
1229
  5
122A
331
122A
  5
122B
331
122B
  5
122C
331
122C
  5
122D
331
122D
  5
122E
331
122E
  5
122F
331
122F
  5
1230
331
1230
  5
1231
331
1231
  5
1232
331
1232
  5
1233
331
1233
  5
1234
331
1234
  5
1235
331
1235
  5
1236
331
1236
  5
1237
331
1237
  5
1238
331
1238
  5
1239
331
1239
  5
123A
331
123A
  5
123B
331
123B
  5
123C
331
123C
  5
123D
331
123D
  5
123E
331
123E
  5
123F
331
123F
  5
1240
331
1240
  5
1241
331
1241
  5
1242
331
1242
  5
1243
331
1243
  5
1244
331
1244
  5
1245
331
1245
  5
1248
331
1248
  5
1249
331
1249
  5
124A
331
124A
  5
124B
331
124B
  5
124C
331
124C
  5
124D
331
124D
  5
124E
331
124E
  5
124F
331
124F
  5
1250
331
1250
  5
1251
331
1251
  5
1252
331
1252
  5
1253
331
1253
  5
1254
331
1254
  5
1255
331
1255
  5
1256
331
1256
  5
1257
331
1257
  5
1258
331
1258
  5
1259
331
1259
  5
125A
331
125A
  5
125B
331
125B
  5
125C
331
125C
  5
125D
331
125D
  5
125E
331
125E
  5
125F
331
125F
  5
1260
331
1260
  5
1261
331
1261
  5
1262
331
1262
  5
1263
331
1263
  5
1264
331
1264
  5
1268
331
1268
  5
126A
331
126A
  5
126B
331
126B
  5
623
331
128D
  5
1290
331
128F
  5
1291
331
1290
  5
128D
331
1293
  5
1294
331
1294
  5
1295
331
1295
  5
1293
331
12F1
  5
12FA
331
12FA
  5
12FC
331
12FB
  5
1303
331
12FC
  5
130D
331
130A
  5
1310
331
130F
  5
1311
331
1310
  5
1312
331
1311
  5
1315
331
1313
  5
1317
331
1315
  5
1318
331
1317
  5
1319
331
1318
  5
131A
331
1319
  5
131D
331
131A
  5
1320
331
131D
  5
1322
331
131E
  5
1323
331
1320
  5
1325
331
1321
  5
1326
331
1322
  5
1327
331
1323
  5
1328
331
1324
  5
132A
331
1325
  5
132E
331
1326
  5
132F
331
1327
  5
133A
331
1328
  5
133C
331
1334
  5
134B
331
1336
  5
135E
331
1337
  5
135F
331
1338
  5
1361
331
1339
  5
1362
331
133A
  5
1363
331
133B
  5
1364
331
133C
  5
1365
331
133E
  5
1366
331
1359
  5
1367
331
135A
  5
1368
331
135B
  5
1369
331
135C
  5
136A
331
135D
  5
136B
331
135E
  5
136C
331
135F
  5
136D
331
1360
  5
136E
331
1361
  5
136F
331
1362
  5
1370
331
1363
  5
1371
331
1364
  5
1372
331
1365
  5
1373
331
1366
  5
1374
331
1367
  5
1375
331
1368
  5
1376
331
1369
  5
1377
331
136A
  5
1378
331
136B
  5
1379
331
136C
  5
137A
331
136D
  5
137B
331
136E
  5
137C
331
136F
  5
137D
331
1370
  5
137E
331
1371
  5
1385
331
1372
  5
1386
331
1373
  5
1387
331
1374
  5
138A
331
1375
  5
138D
331
1376
  5
138E
331
1377
  5
138F
331
1378
  5
1390
331
1379
  5
1391
331
137A
  5
1392
331
137B
  5
1393
331
1380
  5
1394
331
1381
  5
1398
331
1382
  5
139B
331
1383
  5
139E
331
1384
  5
13A1
331
1385
  5
13AD
331
1386
  5
13D5
331
1387
  5
13D7
331
138A
  5
13D8
331
138D
  5
13D9
331
138E
  5
13DA
331
138F
  5
13DB
331
1390
  5
13DC
331
1391
  5
13DD
331
1392
  5
13DE
331
1393
  5
13DF
331
1394
  5
13E0
331
13AE
  5
13E1
331
13D2
  5
13E2
331
13D3
  5
13E3
331
13D4
  5
13E4
331
13D5
  5
13E7
331
13D6
  5
13E8
331
13D7
  5
13EB
331
13D8
  5
13F1
331
13D9
  5
13F2
331
13DA
  5
13F3
331
13DB
  5
13F6
331
13DC
  5
13F8
331
13DD
  5
13F9
331
13DE
  5
13FA
331
13DF
  5
13FB
331
13E2
  5
13FC
331
13E4
  5
13FD
331
13E6
  5
13FE
331
13E7
  5
13FF
331
13EB
  5
1400
331
13F1
  5
1401
331
13F2
  5
1402
331
13F3
  5
1470
331
13F4
  5
1471
331
13F5
  5
1472
331
13F6
  5
1473
331
13F7
  5
1474
331
13F8
  5
1475
331
13F9
  5
156D
331
13FA
  5
15E3
331
13FB
  5
15E4
331
13FC
  5
15E5
331
13FD
  5
164C
331
13FE
  5
164D
331
13FF
  5
164E
331
1400
  5
164F
331
1401
  5
1650
331
1402
  5
1651
331
1403
  5
1652
331
1470
  5
1654
331
1471
  5
1655
331
1472
  5
1656
331
1473
  5
1657
331
1474
  5
1658
331
1475
  5
1659
331
1649
  5
165A
331
164A
  5
165B
331
164B
  5
165C
331
164C
  5
165D
331
164D
  5
165E
331
164E
  5
165F
331
164F
  5
1660
331
1650
  5
1661
331
1651
  5
1662
331
1652
  5
1663
331
1653
  5
1664
331
1654
  5
1665
331
1655
  5
1666
331
1656
  5
1667
331
1657
  5
1668
331
1658
  5
1669
331
1659
  5
166A
331
165A
  5
166B
331
165B
  5
166C
331
165C
  5
166D
331
165D
  5
166E
331
165E
  5
166F
331
165F
  5
1670
331
1660
  5
1671
331
1661
  5
1672
331
1662
  5
1673
331
1663
  5
1674
331
1664
  5
1675
331
1665
  5
1676
331
1666
  5
1677
331
1667
  5
1678
331
1668
  5
1679
331
1669
  5
167A
331
166A
  5
167B
331
166B
  5
167C
331
166C
  5
167D
331
166D
  5
167E
331
166E
  5
167F
331
166F
  5
1680
331
1670
  5
1681
331
1671
  5
1682
331
1672
  5
1683
331
1673
  5
1684
331
1674
  5
1685
331
1675
  5
1686
331
1676
  5
1687
331
1677
  5
1688
331
1678
  5
1689
331
1679
  5
168A
331
167A
  5
168B
331
167B
  5
168C
331
167C
  5
168D
331
167D
  5
168E
331
167E
  5
168F
331
167F
  5
1690
331
1680
  5
1691
331
1681
  5
1692
331
1682
  5
1693
331
1683
  5
1694
331
1684
  5
1695
331
1685
  5
1696
331
1686
  5
1697
331
1687
  5
1698
331
1688
  5
1699
331
1689
  5
169A
331
168A
  5
169B
331
168B
  5
169C
331
168C
  5
169D
331
168D
  5
169E
331
168E
  5
169F
331
168F
  5
16A0
331
1690
  5
16A1
331
1691
  5
16A2
331
1692
  5
16A3
331
1693
  5
16A4
331
1694
  5
16A5
331
1695
  5
16A6
331
1696
  5
16A7
331
1697
  5
16A8
331
1698
  5
16A9
331
1699
  5
16AA
331
169A
  5
16AB
331
169B
  5
16AC
331
169C
  5
16AD
331
169D
  5
16AE
331
169E
  5
16AF
331
169F
  5
16B0
331
16A0
  5
16B1
331
16A1
  5
16B2
331
16A2
  5
16B3
331
16A3
  5
16B4
331
16A4
  5
16B5
331
16A5
  5
16B6
331
16A6
  5
16B7
331
16A7
  5
16B8
331
16A8
  5
16D6
331
16A9
  5
16D7
331
16AA
  5
16D8
331
16AB
  5
16D9
331
16AC
  5
16DA
331
16AD
  5
16DB
331
16AE
  5
16DC
331
16AF
  5
16DD
331
16B0
  5
16DE
331
16B1
  5
16DF
331
16B2
  5
16E0
331
16B3
  5
16E1
331
16B4
  5
16E2
331
16B5
  5
16E3
331
16B6
  5
16E4
331
16B7
  5
16E5
331
16B8
  5
16E6
331
16D6
  5
16E7
331
16D7
  5
16E8
331
16D8
  5
16E9
331
16D9
  5
16EA
331
16DA
  5
16EB
331
16DB
  5
16EC
331
16DC
  5
16ED
331
16DD
  5
16EE
331
16DE
  5
16EF
331
16DF
  5
16F0
331
16E0
  5
16F1
331
16E1
  5
16F2
331
16E2
  5
1711
331
16E3
  5
1748
331
16E4
  5
1749
331
16E5
  5
174D
331
16E6
  5
174F
331
16E7
  5
1750
331
16E8
  5
1751
331
16E9
  5
1752
331
16EA
  5
1753
331
16EB
  5
1754
331
16EC
  5
1755
331
16ED
  5
1757
331
16EE
  5
1758
331
16EF
  5
1759
331
16F0
  5
175A
331
16F1
  5
175B
331
16F2
  5
175C
331
1711
  5
175D
331
1748
  5
12F1
331
174D
  5
175E
331
174E
  5
175F
331
174F
  5
1760
331
1750
  5
131E
331
1751
  5
1338
331
1752
  5
1761
331
1753
  5
1762
331
1754
  5
1763
331
1755
  5
1764
331
1757
  5
133E
331
1758
  5
1341
331
1759
  5
1765
331
175A
  5
1768
331
175B
  5
1769
331
175C
  5
176B
331
175D
  5
176E
331
175E
  5
176F
331
175F
  5
1770
331
1760
  5
1771
331
1761
  5
1772
331
1762
  5
1773
331
1763
  5
1774
331
1764
  5
1775
331
1765
  5
1776
331
1768
  5
1777
331
1769
  5
1778
331
176B
  5
177A
331
176E
  5
177B
331
176F
  5
177D
331
1770
  5
177E
331
1771
  5
1780
331
1772
  5
1781
331
1773
  5
1782
331
1774
  5
17A8
331
1775
  5
17A9
331
1776
  5
17AA
331
1777
  5
17AB
331
1778
  5
17AC
331
177A
  5
17AD
331
177B
  5
17AE
331
177D
  5
17AF
331
177E
  5
17B1
331
1781
  5
17B2
331
1782
  5
17B3
331
17A8
  5
17B4
331
17A9
  5
17B5
331
17AA
  5
17B6
331
17AB
  5
17B7
331
17AC
  5
17B8
331
17AD
  5
17B9
331
17AE
  5
17BA
331
17AF
  5
17BB
331
17B0
  5
17BC
331
17B1
  5
17BD
331
17B2
  5
17BE
331
17B3
  5
17BF
331
17B4
  5
17C0
331
17B5
  5
17C1
331
17B6
  5
17C2
331
17B7
  5
17C3
331
17B8
  5
17C4
331
17B9
  5
17C7
331
17BA
  5
17C8
331
17BB
  5
17D0
331
17BC
  5
17D1
331
17BD
  5
17D2
331
17BE
  5
17D3
331
17BF
  5
17D4
331
17C0
  5
17D5
331
17C1
  5
17D7
331
17C2
  5
17D8
331
17C3
  5
17D9
331
17C4
  5
17DA
331
17C7
  5
17DB
331
17C8
  5
17DC
331
17D0
  5
17DE
331
17D1
  5
17DD
331
17D2
  5
1324
331
17D3
  5
1321
331
17D4
  5
17DF
331
17D5
  5
17E0
331
17D7
  5
17E1
331
17D8
  5
17E2
331
17D9
  5
17E3
331
17DA
  5
17E6
331
17DB
  5
17E7
331
17DC
  5
17E8
331
17DD
  5
17E9
331
17DE
  5
17EA
331
17DF
  5
17EB
331
17E0
  5
17EC
331
17E1
  5
17ED
331
17E2
  5
17EE
331
17E3
  5
17EF
331
17E6
  5
17F0
331
17E7
  5
17F1
331
17E8
  5
17F2
331
17E9
  5
17F3
331
17EA
  5
17F4
331
17EB
  5
17F5
331
17EC
  5
17F6
331
17ED
  5
17F7
331
17EE
  5
17F8
331
17EF
  5
17F9
331
17F0
  5
17FA
331
17F1
  5
17FB
331
17F2
  5
17FC
331
17F3
  5
17FD
331
17F4
  5
17FE
331
17F5
  5
17FF
331
17F6
  5
1800
331
17F7
  5
1801
331
17F8
  5
1802
331
17F9
  5
1803
331
17FA
  5
1804
331
17FB
  5
1805
331
17FC
  5
1806
331
17FD
  5
1807
331
17FE
  5
1808
331
17FF
  5
1809
331
1800
  5
180A
331
1801
  5
180B
331
1802
  5
180C
331
1803
  5
180D
331
1804
  5
180E
331
1805
  5
180F
331
1806
  5
1810
331
1807
  5
1811
331
1808
  5
1812
331
1809
  5
1813
331
180A
  5
1814
331
180B
  5
1815
331
180C
  5
1816
331
180D
  5
1817
331
180E
  5
1818
331
180F
  5
1819
331
1810
  5
181A
331
1811
  5
181B
331
1812
  5
181C
331
1813
  5
181D
331
1814
  5
181E
331
1815
  5
181F
331
1816
  5
1820
331
1817
  5
1821
331
1818
  5
1822
331
1819
  5
1832
331
181A
  5
1833
331
181B
  5
1834
331
181C
  5
1835
331
181D
  5
1836
331
181E
  5
183A
331
181F
  5
183C
331
1820
  5
1841
331
1821
  5
1842
331
1822
  5
1851
331
1832
  5
1854
331
1833
  5
1343
331
1834
  5
137F
331
1835
  5
1403
331
1836
  5
1380
331
183A
  5
1855
331
183D
  5
1859
331
1841
  5
185F
331
1850
  5
1862
331
1853
  5
1866
331
1854
  5
1869
331
1858
  5
186E
331
185E
  5
1871
331
1861
  5
1887
331
1863
  5
1888
331
1866
  5
18BD
331
186D
  5
18CC
331
1870
  5
18CD
331
1885
  5
18D0
331
1887
  5
18EA
331
18B6
  5
1978
331
18BD
  5
197D
331
18CC
  5
197E
331
18CD
  5
197F
331
18E9
  5
1990
331
18EA
  5
1991
331
197C
  5
1992
331
197D
  5
1993
331
197E
  5
1995
331
197F
  5
1999
331
1990
  5
199A
331
1991
  5
19BB
331
1992
  5
1A17
331
1994
  5
1A1A
331
1998
  5
1A1B
331
1999
  5
1A1C
331
199B
  5
1A1D
331
1A15
  5
1A1E
331
1A18
  5
1345
331
1A1A
  5
1A1F
331
1A1B
  5
1A21
331
1A1C
  5
1A22
331
1A1D
  5
1A23
331
1A1E
  5
1A25
331
1A1F
  5
1A28
331
1A21
  5
1A29
331
1A22
  5
1A2F
331
1A23
  5
1A30
331
1A25
  5
1A35
331
1A28
  5
1A37
331
1A29
  5
1A38
331
1A2F
  5
1A39
331
1A30
  5
1A3B
331
1A35
  5
1A3C
331
1A38
  5
12FB
331
1A39
  5
1339
331
1A3B
  5
1A3D
331
1A3C
  5
1342
331
1A3D
  5
1A3F
331
1A3F
  5
1A41
331
1A41
  5
1A42
331
1A42
  5
1A43
331
1A43
  5
1A44
331
1A44
  5
1A45
331
1A45
  5
1A47
331
1A47
  5
1A48
331
1A48
  5
1A49
331
1A49
  5
1A4B
331
1A4B
  5
1A4C
331
1A4C
  5
1A4D
331
1A4D
  5
1A4E
331
1A4E
  5
1A50
331
1A50
  5
1A51
331
1A51
  5
1A52
331
1A52
  5
1A54
331
1A54
  5
1A55
331
1A55
  5
1A56
331
1A56
  5
1A57
331
1A57
  5
1A58
331
1A58
  5
1A59
331
1A59
  5
1A5A
331
1A5A
  5
1A5B
331
1A5B
  5
1A5C
331
1A5C
  5
1A5D
331
1A5D
  5
1A5E
331
1A5E
  5
1A5F
331
1A5F
  5
1A60
331
1A60
  5
1A61
331
1A61
  5
1A62
331
1A62
  5
1A63
331
1A63
  5
1A64
331
1A64
  5
1A65
331
1A65
  5
1A66
331
1A66
  5
1A67
331
1A67
  5
1A6A
331
1A6A
  5
1A6B
331
1A6B
  5
1A6C
331
1A6C
  5
1A6E
331
1A6E
  5
1A6F
331
1A6F
  5
1A70
331
1A70
  5
1A72
331
1A72
  5
1A75
331
1A75
  5
1A76
331
1A76
  5
1A77
331
1A77
  5
1A78
331
1A78
  5
1A7A
331
1A7A
  5
1A7F
331
1A7B
  5
1A81
331
1A7C
  5
1A82
331
1A7D
  5
1A8F
331
1A8D
  5
1A80
331
1A8F
  5
1A90
331
1A90
  5
1A91
331
1A91
  5
1A92
331
1A92
  5
1A93
331
1A93
  5
1A94
331
1A94
  5
1A95
331
1A95
  5
1A96
331
1A96
  5
1A9F
331
1A9F
  5
1AA0
331
1AA0
  5
1AA1
331
1AA1
  5
1AA2
331
1AA2
  5
1AA3
331
1AA3
  5
1AA4
331
1AA4
  5
1B0E
331
1B09
  5
1B10
331
1B0B
  5
1B11
331
1B0C
  5
1B12
331
1B0D
  5
1B13
331
1B0E
  5
1B14
331
1B0F
  5
1B15
331
1B10
  5
1B16
331
1B11
  5
1B17
331
1B12
  5
1B2F
331
1B2E
  5
1B0F
331
1B2F
  5
1B31
331
1B31
  5
1B32
331
1B32
  5
1B33
331
1B33
  5
1B34
331
1B34
  5
1B35
331
1B35
  5
1B37
331
1B37
  5
1B38
331
1B38
  5
1B39
331
1B39
  5
1B3A
331
1B3A
  5
1B3B
331
1B3B
  5
1B3C
331
1B3C
  5
1B3D
331
1B3D
  5
1B3E
331
1B3E
  5
1B3F
331
1B3F
  5
1B40
331
1B40
  5
1B41
331
1B41
  5
1B42
331
1B42
  5
1B43
331
1B43
  5
1B44
331
1B44
  5
1B45
331
1B45
  5
1B46
331
1B46
  5
1B48
331
1B48
  5
1B49
331
1B49
  5
1B4A
331
1B4A
  5
1B4B
331
1B4B
  5
1B4C
331
1B4C
  5
1B4D
331
1B4D
  5
1B4E
331
1B4E
  5
1B4F
331
1B4F
  5
1B50
331
1B50
  5
1B51
331
1B51
  5
1B52
331
1B52
  5
1B53
331
1B53
  5
1B54
331
1B54
  5
1B55
331
1B55
  5
1B56
331
1B56
  5
1B57
331
1B57
  5
1B5B
331
1B5B
  5
1359
331
2057
  5
2082
331
205A
  5
2081
331
2060
  5
2084
331
2069
  5
2086
331
206A
  5
2087
331
206C
  5
208B
331
2081
  5
20A1
331
2082
  5
20A7
331
2083
  5
208D
331
2084
  5
2098
331
208B
  5
20AC
331
208D
  5
20B0
331
208E
  5
20B2
331
208F
  5
20B5
331
2090
  5
20B6
331
2091
  5
209B
331
2092
  5
208E
331
209B
  5
20B7
331
20A0
  5
20B8
331
20A1
  5
20B9
331
20A2
  5
20BB
331
20A3
  5
20BD
331
20A4
  5
20C3
331
20AB
  5
20CC
331
20AC
  5
20CE
331
20AE
  5
20CF
331
20AF
  5
20DF
331
20B0
  5
20C4
331
20B1
  5
20C7
331
20B2
  5
20C6
331
20B3
  5
20CB
331
20B9
  5
20E0
331
20BB
  5
20DE
331
20BD
  5
20E2
331
20C3
  5
20EF
331
20C4
  5
20F0
331
20CB
  5
20F1
331
20CC
  5
20F2
331
20CD
  5
20F3
331
20CE
  5
20F4
331
20CF
  5
20F7
331
20DB
  5
20FA
331
20DC
  5
20FB
331
20DD
  5
20FC
331
20DE
  5
20FD
331
20DF
  5
20FE
331
20E0
  5
20FF
331
20E2
  5
2101
331
22F7
  5
20F8
331
22F8
  5
20F5
331
22F9
  5
2091
331
22FA
  5
2090
331
22FB
  5
20F9
331
22FC
  5
20F6
331
22FD
  5
2311
331
22FE
  5
2312
331
2302
  5
2316
331
2303
  5
2318
331
2304
  5
2319
331
2306
  5
231A
331
2309
  5
231B
331
230A
  5
231C
331
230C
  5
20C5
331
230D
  5
20CD
331
230E
  5
231D
331
230F
  5
231E
331
2310
  5
231F
331
2311
  5
2321
331
2312
  5
2320
331
2316
  5
2322
331
2317
  5
2323
331
2318
  5
2325
331
2319
  5
2327
331
231A
  5
232A
331
231B
  5
232C
331
231C
  5
232E
331
231D
  5
2330
331
231E
  5
2333
331
231F
  5
2334
331
2320
  5
2335
331
2321
  5
2336
331
2322
  5
2337
331
2323
  5
2338
331
2324
  5
233A
331
2325
  5
233B
331
2326
  5
233C
331
2327
  5
233D
331
2328
  5
233E
331
232A
  5
233F
331
232B
  5
2340
331
232C
  5
2341
331
232D
  5
2342
331
232E
  5
2343
331
232F
  5
2345
331
2330
  5
2346
331
2332
  5
2347
331
2333
  5
2348
331
2334
  5
2349
331
2335
  5
234A
331
2336
  5
234B
331
2337
  5
234C
331
2338
  5
2332
331
233A
  5
234F
331
233B
  5
2350
331
233C
  5
2355
331
233E
  5
232F
331
233F
  5
232D
331
2340
  5
232B
331
2341
  5
2328
331
2342
  5
2326
331
2343
  5
2324
331
2345
  5
2352
331
2346
  5
2356
331
2347
  5
2354
331
2348
  5
2357
331
2349
  5
2358
331
234A
  5
235A
331
234C
  5
20A0
331
234D
  5
208F
331
234F
  5
236D
331
2350
  5
236E
331
2352
  5
2372
331
2357
  5
2373
331
2358
  5
2377
331
235A
  5
2379
331
236D
  5
237A
331
236E
  5
237B
331
236F
  5
237C
331
2370
  5
237D
331
2371
  5
237E
331
2372
  5
237F
331
2373
  5
2380
331
2374
  5
2381
331
2377
  5
2386
331
2378
  5
2388
331
2379
  5
2389
331
237A
  5
238A
331
237B
  5
238B
331
237C
  5
238C
331
237D
  5
238D
331
237E
  5
238E
331
237F
  5
238F
331
2380
  5
2390
331
2381
  5
2375
331
2386
  5
2392
331
23CD
  5
23E7
331
23CE
  5
23E8
331
23D5
  5
23E9
331
23D6
  5
23EB
331
23D7
  5
23EC
331
23D9
  5
23ED
331
23E5
  5
23EE
331
23E6
  5
23EF
331
23E7
  5
23F1
331
23E8
  5
23F5
331
23E9
  5
23F6
331
23EA
  5
23F2
331
23EB
  5
23F0
331
23EC
  5
23F3
331
23ED
  5
23F4
331
23EE
  5
23F7
331
23EF
  5
23F8
331
23F0
  5
23F9
331
23F1
  5
23FA
331
23F2
  5
23FB
331
23F3
  5
23FC
331
23F4
  5
23FD
331
23F5
  5
23FE
331
23F6
  5
23FF
331
23F7
  5
2400
331
23F8
  5
2401
331
23F9
  5
2402
331
23FA
  5
2403
331
23FB
  5
2404
331
23FC
  5
2405
331
23FD
  5
2406
331
23FE
  5
2407
331
23FF
  5
2408
331
2400
  5
2409
331
2401
  5
240A
331
2402
  5
240B
331
2403
  5
240C
331
2404
  5
240D
331
2405
  5
240E
331
2406
  5
240F
331
2407
  5
2410
331
2408
  5
2411
331
2409
  5
2413
331
240A
  5
2414
331
240B
  5
2415
331
240C
  5
2416
331
240D
  5
241D
331
240E
  5
241E
331
240F
  5
241F
331
2410
  5
2420
331
2411
  5
2421
331
2413
  5
2422
331
2414
  5
2423
331
2415
  5
2424
331
2416
  5
23EA
331
241D
  5
242C
331
241E
  5
242D
331
241F
  5
2430
331
2420
  5
2431
331
2421
  5
2432
331
2422
  5
2437
331
2423
  5
2440
331
2424
  5
2441
331
242C
  5
2442
331
242D
  5
2445
331
2430
  5
2447
331
2431
  5
2448
331
2432
  5
2449
331
2436
  5
244A
331
2437
  5
244B
331
2440
  5
244C
331
2441
  5
244D
331
2442
  5
244E
331
2464
  5
2468
331
2465
  5
2469
331
2466
  5
246A
331
2467
  5
246B
331
2468
  5
246C
331
2469
  5
246D
331
246A
  5
246E
331
246B
  5
246F
331
246C
  5
2470
331
246D
  5
2471
331
246E
  5
2472
331
246F
  5
2473
331
2470
  5
2474
331
2471
  5
2475
331
2472
  5
2476
331
2473
  5
2477
331
2474
  5
2478
331
2475
  5
2479
331
2476
  5
247A
331
2477
  5
247B
331
2478
  5
247C
331
2479
  5
247D
331
247A
  5
24A2
331
247B
  5
24A4
331
247C
  5
2585
331
247D
  5
2586
331
24A2
  5
2588
331
24A4
  5
258A
331
2585
  5
243B
331
2586
  5
2436
331
2588
  5
258C
331
258C
  5
258D
331
258D
  5
258E
331
258E
  5
2590
331
2590
  5
2591
331
2591
  5
2100
  0
XRECORD
  5
1AB3
102
{ACAD_REACTORS
330
1AB2
102
}
330
1AB2
100
AcDbXrecord
280
     1
 90
        1
340
10D
  0
XRECORD
  5
1AB7
102
{ACAD_REACTORS
330
1AB6
102
}
330
1AB6
100
AcDbXrecord
280
     1
 90
        1
340
10D
  0
XRECORD
  5
1ABD
102
{ACAD_REACTORS
330
1ABC
102
}
330
1ABC
100
AcDbXrecord
280
     1
 90
        1
340
1AF0
  0
ACDBDETAILVIEWSTYLE
  5
249A
102
{ACAD_XDICTIONARY
360
25FA
102
}
102
{ACAD_REACTORS
330
21B
102
}
330
21B
100
AcDbModelDocViewStyle
 70
     0
  3
Imperial24
290
     0
100
AcDbDetailViewStyle
 70
     0
 71
     0
 90
        3
 71
     1
340
11
 62
   256
 40
0.24
340
0
 62
   256
 40
0.24
300

 40
0.36
280
     3
 71
     2
340
16
 90
       25
 62
   256
 71
     3
340
11
 62
   256
 40
0.24
 90
        1
 40
0.75
 90
        1
300
%<\AcVar ViewType \f "%tc1">% %<\AcVar ViewDetailId>%\PSCALE %<\AcVar ViewScale \f "%sn">%
 71
     4
340
16
 90
       25
 62
   256
340
16
 90
       25
 62
   256
280
     0
  0
ACDBDETAILVIEWSTYLE
  5
21C
102
{ACAD_XDICTIONARY
360
25F6
102
}
102
{ACAD_REACTORS
330
21B
102
}
330
21B
100
AcDbModelDocViewStyle
 70
     0
  3
Metric50
290
     0
100
AcDbDetailViewStyle
 70
     0
 71
     0
 90
        3
 71
     1
340
11
 62
   256
 40
5.0
340
0
 62
   256
 40
5.0
300

 40
0.0
280
     1
 71
     2
340
16
 90
       25
 62
   256
 71
     3
340
11
 62
   256
 40
5.0
 90
        0
 40
15.0
 90
        1
300
%<\AcVar ViewDetailId>% (%<\AcVar ViewScale \f "%sn">%)
 71
     4
340
16
 90
       25
 62
   256
340
16
 90
       25
 62
   256
280
     0
  0
GROUP
  5
FAE
102
{ACAD_REACTORS
330
D
102
}
330
D
100
AcDbGroup
300

 70
     1
 71
     1
340
FAD
340
FAC
340
FAB
340
FAA
340
FA9
340
FA8
340
FA7
340
FA6
340
FA5
340
FA4
340
FA3
340
FA2
340
FA1
340
FA0
340
F9F
340
F9E
  0
GROUP
  5
1281
102
{ACAD_REACTORS
330
D
102
}
330
D
100
AcDbGroup
300

 70
     1
 71
     1
340
1280
340
127F
340
127E
340
127D
340
127C
340
127B
  0
GROUP
  5
FC1
102
{ACAD_REACTORS
330
D
102
}
330
D
100
AcDbGroup
300

 70
     1
 71
     1
340
FC0
340
FBF
340
FBE
340
FBD
340
FBC
340
FBB
340
FBA
340
FB9
340
FB8
340
FB7
340
FB6
340
FB5
340
FB4
340
FB3
340
FB2
340
FB1
  0
GROUP
  5
1288
102
{ACAD_REACTORS
330
D
102
}
330
D
100
AcDbGroup
300

 70
     1
 71
     1
340
1287
340
1286
340
1285
340
1284
340
1283
340
1282
  0
GROUP
  5
1297
102
{ACAD_REACTORS
330
D
102
}
330
D
100
AcDbGroup
300

 70
     1
 71
     1
340
6A5
340
6A8
340
6A7
340
6A6
340
6AC
340
6AB
340
6AA
340
6A9
340
6AD
340
6A3
340
6A2
340
6A1
340
6A4
  0
GROUP
  5
D5C
102
{ACAD_REACTORS
330
D
102
}
330
D
100
AcDbGroup
300

 70
     1
 71
     1
340
D52
340
D5B
340
D5A
340
D59
340
D58
340
D4F
340
D54
340
D57
340
D56
340
D55
340
D50
  0
GROUP
  5
96F
102
{ACAD_REACTORS
330
D
102
}
330
D
100
AcDbGroup
300

 70
     1
 71
     1
340
96E
340
96D
340
96C
340
96B
340
96A
340
969
340
968
340
967
340
966
340
965
340
964
340
963
340
962
340
961
340
960
340
95F
340
95E
340
95D
340
95C
340
95B
340
95A
340
959
340
958
340
957
  0
GROUP
  5
971
102
{ACAD_REACTORS
330
D
102
}
330
D
100
AcDbGroup
300

 70
     1
 71
     1
340
68A
340
693
340
692
340
691
340
690
340
687
340
68C
340
68F
340
68E
340
68D
340
688
  0
GROUP
  5
BE1
102
{ACAD_REACTORS
330
D
102
}
330
D
100
AcDbGroup
300

 70
     1
 71
     1
340
BE0
340
BDF
340
BDE
340
BDD
340
BDC
340
BDB
340
BDA
340
BD9
340
BD8
340
BD7
340
BD6
340
BD5
340
BD4
340
BD3
340
BD2
340
BD1
340
BD0
340
BCF
340
BCE
340
BCD
340
BCC
340
BCB
340
BCA
340
BC9
340
BC8
340
BC7
340
BC6
340
BC5
340
BC4
340
BC3
340
BC2
340
BC1
340
BC0
340
BBF
340
BBE
340
BBD
340
BBC
340
BBB
340
BBA
340
BB9
340
BB8
340
BB7
340
BB6
340
BB5
340
BB4
340
BB3
340
BB2
340
BB1
340
BB0
340
BAF
340
BAE
340
BAD
340
BAC
340
BAB
340
BAA
340
BA9
340
BA8
340
BA7
340
BA6
340
BA5
340
BA4
340
BA3
340
BA2
340
BA1
340
BA0
340
B9F
340
B9E
340
B9D
340
B9C
340
B9B
340
B9A
340
B99
340
B98
340
B97
340
B96
340
B95
340
B94
340
B93
340
B92
340
B91
340
B90
340
B8F
340
B8E
340
B8D
  0
GROUP
  5
D1E
102
{ACAD_REACTORS
330
D
102
}
330
D
100
AcDbGroup
300

 70
     1
 71
     1
340
D1D
340
D1C
340
D1B
340
D1A
340
D19
340
D18
340
D17
340
D16
340
D15
340
D14
340
D13
340
D12
340
D11
340
D10
340
D0F
340
D0E
340
D0D
340
D0C
340
D0B
340
D0A
340
D09
340
D08
340
D07
340
D06
340
D05
340
D04
340
D03
340
D02
340
D01
340
D00
340
CFF
340
CFE
340
CFD
340
CFC
340
CFB
340
CFA
340
CF9
340
CF8
340
CF7
340
CF6
340
CF5
  0
GROUP
  5
D1F
102
{ACAD_REACTORS
330
D
102
}
330
D
100
AcDbGroup
300

 70
     1
 71
     1
340
CF4
340
CF3
340
CF2
340
CF1
340
CF0
340
CEF
340
CEE
340
CED
340
CEC
340
CEB
340
CEA
340
CE9
340
CE8
340
CE7
340
CE6
340
CE5
340
CE4
340
CE3
340
CE2
340
CE1
340
CE0
340
CDF
340
CDE
340
CDD
340
CDC
340
CDB
340
CDA
340
CD9
340
CD8
340
CD7
340
CD6
340
CD5
340
CD4
340
CD3
340
CD2
340
CD1
340
CD0
340
CCF
340
CCE
340
CCD
340
CCC
340
CCB
340
CC9
340
CC8
340
CC6
340
CC4
340
CC3
340
CC1
340
CC0
340
CBF
340
CBE
340
CBD
340
CCA
340
CC7
340
CC5
340
CC2
340
B2E
  0
GROUP
  5
12B4
102
{ACAD_REACTORS
330
D
102
}
330
D
100
AcDbGroup
300

 70
     1
 71
     1
340
12AF
340
12AE
  0
GROUP
  5
8FF
102
{ACAD_REACTORS
330
D
102
}
330
D
100
AcDbGroup
300

 70
     1
 71
     1
340
6B3
340
6BA
340
6B9
340
6B8
340
6B7
340
6B0
340
6AE
340
6B6
340
6B5
340
6B4
340
6B1
340
6AF
340
6B2
  0
GROUP
  5
1729
102
{ACAD_REACTORS
330
D
102
}
330
D
100
AcDbGroup
300

 70
     1
 71
     1
340
167E
340
167D
340
167C
340
167B
340
167A
340
1679
340
1678
340
1677
340
1676
340
1675
340
1674
340
1673
340
1672
340
1671
340
1670
340
166F
340
166E
340
166D
340
166C
340
166B
340
166A
340
1669
340
1668
340
1667
340
1666
340
1665
340
1664
340
1663
340
1662
340
1661
340
1660
340
165F
340
165E
340
165D
340
165C
340
165B
340
165A
340
1659
340
1658
340
1657
340
1656
340
1655
340
1654
340
1653
340
1652
340
1651
340
1650
340
164F
340
164E
340
164D
340
164C
340
164B
340
164A
340
1649
  0
GROUP
  5
172A
102
{ACAD_REACTORS
330
D
102
}
330
D
100
AcDbGroup
300

 70
     1
 71
     1
340
169B
340
169A
340
1699
340
1698
340
1697
340
1696
340
1695
340
1694
340
1693
340
1692
340
1691
340
1690
340
168F
340
168E
340
168D
340
168C
340
168B
340
168A
340
1689
340
1688
340
1687
340
1686
340
1685
340
1684
340
1683
340
1682
340
1681
340
1680
340
167F
  0
GROUP
  5
112B
102
{ACAD_REACTORS
330
D
102
}
330
D
100
AcDbGroup
300

 70
     1
 71
     1
340
1043
340
1042
340
1041
340
1040
  0
GROUP
  5
E80
102
{ACAD_REACTORS
330
D
102
}
330
D
100
AcDbGroup
300

 70
     1
 71
     1
340
E06
340
E05
340
E04
340
E03
340
E02
340
E01
340
E00
340
DFF
340
DFE
340
DFD
340
DFC
340
DFB
340
DFA
340
DF9
340
DF8
340
DF7
340
DF6
340
DF5
340
DF4
340
DF3
  0
GROUP
  5
247E
102
{ACAD_REACTORS
330
D
102
}
330
D
100
AcDbGroup
300

 70
     1
 71
     1
340
247D
340
247C
340
247B
340
247A
340
2479
340
2478
340
2477
340
2476
340
2475
340
2474
340
2473
340
2472
340
2471
340
2470
340
246F
340
246E
340
246D
340
246C
340
246B
340
246A
340
2469
340
2468
340
2467
340
2466
340
2465
340
2464
  0
GROUP
  5
101B
102
{ACAD_REACTORS
330
D
102
}
330
D
100
AcDbGroup
300

 70
     1
 71
     1
340
101A
340
1019
340
1018
340
1017
340
1016
340
1015
340
1014
340
1013
340
1012
340
1011
340
1010
340
100F
340
100E
340
100D
340
100C
340
100B
340
100A
340
1009
340
1008
340
1007
340
1006
340
1005
340
1004
340
1003
340
1002
340
1001
340
1000
340
FFF
340
FFE
340
FFD
340
FFC
340
FFB
340
FFA
340
FF9
340
FF8
340
FF7
340
FF6
340
FF5
340
FF4
340
FF3
340
FF2
340
FF1
340
FF0
340
FEF
340
FEE
340
FED
340
FEC
340
FEB
340
FEA
340
FE9
340
FE8
340
FE7
340
FE6
340
FE5
340
FE4
340
FE3
340
FE2
340
FE1
340
FE0
340
FDF
340
FDE
340
FDD
340
FDC
340
FDB
340
FDA
340
FD9
340
FD8
340
FD7
340
FD6
340
FD5
340
FD4
340
FD3
340
FD2
340
FD1
340
FD0
340
FCF
340
FCE
340
FCD
340
FCC
340
FCB
340
FCA
340
FC9
340
FC8
340
FC7
  0
GROUP
  5
1734
102
{ACAD_REACTORS
330
D
102
}
330
D
100
AcDbGroup
300

 70
     1
 71
     1
340
16B8
340
16B7
340
16B6
340
16B5
340
16B4
340
16B3
340
16B2
340
16B1
340
16B0
340
16AF
340
16AE
340
16AD
340
16AC
340
16AB
340
16AA
340
16A9
340
16A8
340
16A7
340
16A6
340
16A5
340
16A4
340
16A3
340
16A2
340
16A1
340
16A0
340
169F
340
169E
340
169D
340
169C
  0
GROUP
  5
D4D
102
{ACAD_REACTORS
330
D
102
}
330
D
100
AcDbGroup
300

 70
     1
 71
     1
340
D4C
340
D4B
340
D4A
340
D49
340
D48
340
D47
340
D46
340
D45
340
D44
340
D43
340
D42
340
D41
340
D40
340
D3F
340
D3E
340
D3D
340
D3C
340
D3B
340
D3A
340
D39
340
D38
340
D37
340
D36
340
D35
340
D34
340
D33
340
D32
340
D31
340
D30
340
D2F
340
D2E
340
D2D
340
D2C
340
D2B
340
D2A
340
D29
340
D28
340
D27
340
D26
340
D25
340
D24
  0
GROUP
  5
1736
102
{ACAD_REACTORS
330
D
102
}
330
D
100
AcDbGroup
300

 70
     1
 71
     1
340
16F2
340
16F1
340
16F0
340
16EF
340
16EE
340
16ED
340
16EC
340
16EB
340
16EA
340
16E9
340
16E8
340
16E7
340
16E6
340
16E5
340
16E4
340
16E3
340
16E2
340
16E1
340
16E0
340
16DF
340
16DE
340
16DD
340
16DC
340
16DB
340
16DA
340
16D9
340
16D8
340
16D7
340
16D6
  0
GROUP
  5
1739
102
{ACAD_REACTORS
330
D
102
}
330
D
100
AcDbGroup
300

 70
     1
 71
     1
340
13D7
340
13DE
340
13DD
340
13DC
340
13DB
340
13D4
340
13D2
340
13DA
340
13D9
340
13D8
340
13D5
340
13D3
340
13D6
  0
GROUP
  5
1020
102
{ACAD_REACTORS
330
D
102
}
330
D
100
AcDbGroup
300

 70
     1
 71
     1
340
E96
340
E8F
340
E89
340
E92
340
E91
340
E90
340
E86
340
E8B
340
E8E
340
E8D
340
E8C
340
E87
340
E98
340
E97
340
E99
340
E9B
340
E9D
340
E9C
340
E9E
  0
GROUP
  5
173C
102
{ACAD_REACTORS
330
D
102
}
330
D
100
AcDbGroup
300

 70
     1
 71
     1
340
13F9
340
1400
340
13FF
340
13FE
340
13FD
340
13F6
340
13F4
340
13FC
340
13FB
340
13FA
340
13F7
340
13F5
340
13F8
  0
GROUP
  5
2592
102
{ACAD_REACTORS
330
D
102
}
330
D
100
AcDbGroup
300

 70
     1
 71
     1
340
2590
340
258E
340
258D
340
258C
340
2588
340
24A4
340
24A2
340
247D
340
247C
340
247B
340
247A
340
2479
340
2478
340
2477
340
2476
340
2475
340
2474
340
2473
340
2472
340
2471
340
2470
340
246F
340
246E
340
246D
340
246C
340
246B
340
246A
340
2469
340
2468
340
2467
340
2466
340
2465
340
2464
340
2442
340
2441
340
2440
340
2437
340
2436
340
2432
340
2431
340
2430
340
242D
340
242C
340
2424
340
2423
340
2585
340
2422
340
2586
340
2421
340
2420
340
241F
340
241E
340
241D
340
2415
340
2414
340
2413
340
2411
340
2410
340
240F
340
240E
340
240D
340
240C
340
240B
340
240A
340
2409
340
2408
340
2407
340
2406
340
2405
340
2404
340
2403
340
2402
340
2401
340
2400
340
23FF
340
23FE
340
23FD
340
23FC
340
23FB
340
23FA
340
23F9
340
23F8
340
23F7
340
23F6
340
23F5
340
23F4
340
23F3
340
23F2
340
23F1
340
23F0
340
23EF
340
23EE
340
23E9
340
23E8
340
23ED
340
23EC
340
23EA
340
23E7
340
23EB
340
23E6
340
23E5
340
23D9
340
23D7
340
23D6
340
2416
340
23D5
340
23CE
340
23CD
340
2386
340
2380
340
237F
340
237E
340
237D
340
237C
340
237B
340
237A
340
2379
340
2378
340
2377
340
2383
340
2382
340
2374
340
2373
340
2372
340
2371
340
2370
340
236F
340
236E
340
236D
340
235A
340
2358
340
2381
340
2357
340
2352
340
2350
340
234F
340
234A
340
2349
340
2348
340
2346
340
233C
340
2347
340
2345
340
233B
340
233A
340
2337
340
2336
340
2335
340
2334
340
2333
340
2332
340
2330
340
232F
340
232E
340
232D
340
232C
340
232B
340
232A
340
2328
340
2327
340
2326
340
2325
340
2324
340
2323
340
2322
340
2321
340
2320
340
231F
340
231E
340
2338
340
231D
340
233E
340
231C
340
233F
340
231B
340
2340
340
231A
340
2341
340
2319
340
2342
340
2318
340
2343
340
2317
340
2316
340
2311
340
2312
340
2310
340
230F
340
230E
340
230A
340
2309
340
2306
340
2304
340
2303
340
2302
340
22FE
340
22FD
340
20E2
340
2591
340
20E0
340
20DF
340
20DE
340
20DD
340
20DC
340
20DB
340
22FB
340
22F7
340
20CF
340
22FC
340
22F8
340
20CE
340
20CD
340
20CC
340
20CB
340
20C4
340
20C3
340
20BD
340
20B9
340
20AF
340
20BB
340
20AE
340
20AC
340
230D
340
20AB
340
20B3
340
20B1
340
20B2
340
230C
340
20B0
340
20A4
340
20A3
340
20A2
340
20A1
340
20A0
340
209B
340
2090
340
208F
340
208E
340
208D
340
208B
340
2082
340
2081
340
234C
340
2091
340
2084
340
22F9
340
22FA
340
234D
340
2092
340
2083
340
206C
340
206A
340
2069
340
2060
340
2057
340
205A
340
CF4
340
CF3
340
CF2
340
CF1
340
CF0
340
CEF
340
CEE
340
CED
340
CEC
340
CEB
340
CEA
340
CE9
340
CE8
340
CE7
340
CE6
340
CE5
340
CE4
340
CE3
340
CE2
340
CE1
340
CE0
340
CDF
340
CDE
340
CDD
340
CDC
340
CDB
340
CDA
340
CD9
340
CD8
340
CD7
340
CD6
340
CD5
340
CD4
340
CD3
340
CD2
340
CD1
340
CD0
340
CCF
340
CCE
340
CCD
340
CCC
340
CCB
340
CC9
340
CC8
340
CC6
340
CC4
340
CC3
340
CC1
340
CC0
340
CBF
340
CBE
340
CBD
340
CCA
340
CC7
340
CC5
340
CC2
340
B2E
  0
GROUP
  5
1038
102
{ACAD_REACTORS
330
D
102
}
330
D
100
AcDbGroup
300

 70
     1
 71
     1
340
E9B
340
E96
340
E8F
340
E89
340
E92
340
E91
340
E90
340
E86
340
E8B
340
E8E
340
E8D
340
E8C
340
E87
340
E98
340
E97
340
E99
340
E9D
340
E9C
340
E9E
340
E9A
  0
GROUP
  5
1766
102
{ACAD_REACTORS
330
D
102
}
330
D
100
AcDbGroup
300

 70
     1
 71
     1
340
175E
340
1765
340
1764
340
1763
340
1762
340
175B
340
1759
340
1761
340
1760
340
175F
340
175C
340
175A
340
175D
  0
GROUP
  5
17C5
102
{ACAD_REACTORS
330
D
102
}
330
D
100
AcDbGroup
300

 70
     1
 71
     1
340
17C4
340
17C3
340
17C2
340
17C1
340
17C0
340
17BF
340
17BE
340
17BD
340
17BC
340
17BB
340
17BA
340
17B9
340
17B8
340
17B7
340
17B6
340
17B5
340
17B4
340
17B3
340
17B2
340
17B1
340
17B0
340
17AF
340
17AE
340
17AD
340
17AC
340
17AB
340
17AA
340
17A9
340
17A8
  0
GROUP
  5
17E4
102
{ACAD_REACTORS
330
D
102
}
330
D
100
AcDbGroup
300

 70
     1
 71
     1
340
17DC
340
17E3
340
17E2
340
17E1
340
17E0
340
17D9
340
17D7
340
17DF
340
17DE
340
17DD
340
17DA
340
17D8
340
17DB
  0
GROUP
  5
1823
102
{ACAD_REACTORS
330
D
102
}
330
D
100
AcDbGroup
300

 70
     1
 71
     1
340
180E
340
180D
340
180C
340
180B
340
180A
340
1809
340
1808
340
1807
340
1806
340
1805
340
1804
340
1803
340
1802
340
1801
340
1800
340
17FF
340
17FE
340
17FD
340
17FC
340
17FB
340
17FA
340
17F9
340
17F8
340
17F7
340
17F6
340
17F5
340
17F4
340
17F3
340
17F2
340
17F1
340
17F0
340
17EF
340
17EE
340
17ED
340
17EC
340
17EB
340
17EA
340
17E9
340
17E8
340
17E7
340
17E6
  0
GROUP
  5
1824
102
{ACAD_REACTORS
330
D
102
}
330
D
100
AcDbGroup
300

 70
     1
 71
     1
340
1822
340
1821
340
1820
340
181F
340
181E
340
181D
340
181C
340
181B
340
181A
340
1819
340
1818
340
1817
340
1816
340
1815
340
1814
340
1813
340
1812
340
1811
340
1810
340
180F
  0
GROUP
  5
1227
102
{ACAD_REACTORS
330
D
102
}
330
D
100
AcDbGroup
300

 70
     1
 71
     1
340
1226
340
1225
340
1224
340
1223
340
1222
340
1221
340
1220
340
121F
340
121E
340
121D
340
121C
340
121B
340
121A
340
1219
340
1218
340
1217
340
1216
340
1215
340
1214
340
1213
340
1212
340
1211
340
1210
340
120F
340
120E
340
120D
340
120C
340
120B
340
120A
  0
GROUP
  5
E93
102
{ACAD_REACTORS
330
D
102
}
330
D
100
AcDbGroup
300

 70
     1
 71
     1
340
E89
340
E92
340
E91
340
E90
340
E8F
340
E86
340
E8B
340
E8E
340
E8D
340
E8C
340
E87
  0
GROUP
  5
106E
102
{ACAD_REACTORS
330
D
102
}
330
D
100
AcDbGroup
300

 70
     1
 71
     1
340
106C
340
106B
340
106A
340
1069
340
1068
340
1067
340
1066
340
D52
340
D5B
340
D5A
340
D59
340
D58
340
D4F
340
D54
340
D57
340
D56
340
D55
340
D50
340
1065
340
1064
  0
GROUP
  5
F79
102
{ACAD_REACTORS
330
D
102
}
330
D
100
AcDbGroup
300

 70
     1
 71
     1
340
F78
340
F77
340
F76
340
F75
340
F74
340
F73
340
F72
340
F71
340
F70
340
F6F
340
F6E
340
F6D
340
F6C
340
F6B
340
F6A
340
F69
340
F68
340
F67
340
F66
340
F65
340
F64
340
F63
340
F62
340
F61
340
F60
340
F5F
340
F5E
340
F5D
340
F5C
340
F5B
340
F5A
340
F59
340
F58
340
F57
340
F56
340
F55
340
F54
340
F53
340
F52
340
F51
340
F50
340
F4F
340
F4E
340
F4D
340
F4C
340
F4B
340
F4A
340
F49
340
F48
340
F47
340
F46
340
F45
340
F44
340
F43
340
F42
340
F41
340
F40
340
F3F
340
F3E
340
F3D
340
F3C
340
F3B
340
F3A
340
F39
340
F38
340
F37
340
F36
340
F35
340
F34
340
F33
340
F32
340
F31
340
F30
340
F2F
340
F2E
340
F2D
340
F2C
340
F2B
340
F2A
340
F29
340
F28
340
F27
340
F26
340
F25
340
F24
340
F23
340
F22
340
F21
340
F20
340
F1F
340
F1E
340
F1D
340
F1C
340
F1B
340
F1A
340
F19
340
F18
340
F17
340
F16
340
F15
340
F14
  0
GROUP
  5
1124
102
{ACAD_REACTORS
330
D
102
}
330
D
100
AcDbGroup
300

 70
     1
 71
     1
340
10F3
340
10F2
340
10F1
340
10F0
340
10EF
340
10EE
340
10ED
340
10EC
340
10EB
340
10EA
340
10E9
340
10E8
340
10E7
340
10E6
340
10E5
340
10E4
340
10E3
340
10E2
340
10E1
340
10E0
340
10DF
340
10DE
340
10DD
340
10DC
340
10DB
340
10DA
340
10D9
340
10D8
340
10D7
340
10D6
340
10D5
340
10D4
340
10D3
340
10D2
340
10D1
  0
GROUP
  5
1A68
102
{ACAD_REACTORS
330
D
102
}
330
D
100
AcDbGroup
300

 70
     1
 71
     1
340
1A67
340
1A66
340
1A65
340
1A64
340
1A63
340
1A62
340
1A61
340
1A60
340
1A5F
340
1A5E
340
1A5D
340
1A5C
340
1A5B
340
1A5A
340
1A59
340
1A58
340
1A57
340
1A56
340
1A55
340
1A54
  0
GROUP
  5
1A8E
102
{ACAD_REACTORS
330
D
102
}
330
D
100
AcDbGroup
300

 70
     1
 71
     1
340
1A7D
340
1A7C
340
1A7B
340
1A8D
  0
GROUP
  5
1A97
102
{ACAD_REACTORS
330
D
102
}
330
D
100
AcDbGroup
300

 70
     1
 71
     1
340
1A94
340
1A93
340
1A92
340
1A91
  0
GROUP
  5
1246
102
{ACAD_REACTORS
330
D
102
}
330
D
100
AcDbGroup
300

 70
     1
 71
     1
340
1245
340
1244
340
1243
340
1242
340
1241
340
1240
340
123F
340
123E
340
123D
340
123C
340
123B
340
123A
340
1239
340
1238
340
1237
340
1236
340
1235
340
1234
340
1233
340
1232
340
1231
340
1230
340
122F
340
122E
340
122D
340
122C
340
122B
340
122A
340
1229
  0
GROUP
  5
11A2
102
{ACAD_REACTORS
330
D
102
}
330
D
100
AcDbGroup
300

 70
     1
 71
     1
340
11A1
340
11A0
340
119F
340
119E
340
119D
340
119C
340
119B
340
119A
340
1199
340
1198
340
1197
340
1196
340
1195
340
1194
340
1193
340
1192
340
1191
340
1190
340
118F
340
118E
340
118D
340
118C
340
118B
340
118A
340
1189
340
1188
340
1187
340
1186
340
1185
340
1184
340
1183
340
1182
340
1181
340
1180
340
117F
340
117E
340
117D
340
117C
340
117B
340
117A
340
1179
340
1178
340
1177
340
1176
340
1175
340
1174
340
1173
340
1172
340
1171
340
1170
340
116F
340
116E
340
116D
340
116C
  0
GROUP
  5
1AA5
102
{ACAD_REACTORS
330
D
102
}
330
D
100
AcDbGroup
300

 70
     1
 71
     1
340
1AA2
340
1AA1
340
1AA0
340
1A9F
  0
GROUP
  5
1B36
102
{ACAD_REACTORS
330
D
102
}
330
D
100
AcDbGroup
300

 70
     1
 71
     1
340
1B35
340
1B34
340
1B33
340
1B32
340
1B31
340
1B2F
340
1B12
340
1B11
340
1B10
340
1B0F
340
1B0E
340
1B0D
340
1B0C
340
1B0B
340
1B09
340
1B2E
  0
GROUP
  5
1B47
102
{ACAD_REACTORS
330
D
102
}
330
D
100
AcDbGroup
300

 70
     1
 71
     1
340
1B46
340
1B45
340
1B44
340
1B43
340
1B42
340
1B41
340
1B40
340
1B3F
340
1B3E
340
1B3D
340
1B3C
340
1B3B
340
1B3A
340
1B39
340
1B38
340
1B37
  0
GROUP
  5
1B58
102
{ACAD_REACTORS
330
D
102
}
330
D
100
AcDbGroup
300

 70
     1
 71
     1
340
1B57
340
1B56
340
1B55
340
1B54
340
1B53
340
1B52
340
1B51
340
1B50
340
1B4F
340
1B4E
340
1B4D
340
1B4C
340
1B4B
340
1B4A
340
1B49
340
1B48
  0
GROUP
  5
1125
102
{ACAD_REACTORS
330
D
102
}
330
D
100
AcDbGroup
300

 70
     1
 71
     1
340
1123
340
1122
340
1121
340
1120
340
111F
340
111E
340
111D
340
111C
340
111B
340
111A
340
1119
340
1118
340
1117
340
1116
340
1115
340
1114
340
1113
340
1112
340
1111
340
1110
340
110F
340
110E
340
110D
340
110C
340
110B
340
110A
340
1109
340
1108
340
1106
340
1105
340
1104
340
1103
340
1102
340
1101
340
1100
340
10FF
340
10FE
340
10FD
340
10FC
340
10FB
340
10FA
340
10F9
340
10F8
340
10F5
340
10F4
340
1107
340
10F7
340
10F6
  0
GROUP
  5
1265
102
{ACAD_REACTORS
330
D
102
}
330
D
100
AcDbGroup
300

 70
     1
 71
     1
340
1264
340
1263
340
1262
340
1261
340
1260
340
125F
340
125E
340
125D
340
125C
340
125B
340
125A
340
1259
340
1258
340
1257
340
1256
340
1255
340
1254
340
1253
340
1252
340
1251
340
1250
340
124F
340
124E
340
124D
340
124C
340
124B
340
124A
340
1249
340
1248
  0
GROUP
  5
11EA
102
{ACAD_REACTORS
330
D
102
}
330
D
100
AcDbGroup
300

 70
     1
 71
     1
340
11E7
340
11E6
340
11E5
340
11E4
340
11E3
340
11E2
340
11E1
340
11E0
340
11DF
340
11DE
340
11DD
340
11DC
340
11DB
340
11DA
340
11D9
340
11D8
340
11D7
340
11D6
340
11D5
340
11D4
340
11D3
340
11D2
340
11D1
340
11D0
340
11CF
340
11CE
340
11CD
340
11CC
340
11CB
  0
GROUP
  5
1209
102
{ACAD_REACTORS
330
D
102
}
330
D
100
AcDbGroup
300

 70
     1
 71
     1
340
1208
340
1207
340
1206
340
1205
340
1204
340
1203
340
1202
340
1201
340
1200
340
11FF
340
11FE
340
11FD
340
11FC
340
11FB
340
11FA
340
11F9
340
11F8
340
11F7
340
11F6
340
11F5
340
11F4
340
11F3
340
11F2
340
11F1
340
11F0
340
11EF
340
11EE
340
11ED
340
11EC
  0
GROUP
  5
90D
102
{ACAD_REACTORS
330
D
102
}
330
D
100
AcDbGroup
300

 70
     1
 71
     1
340
905
340
90C
340
90B
340
90A
340
909
340
902
340
900
340
908
340
907
340
906
340
903
340
901
340
904
  0
LAYOUT
  5
D3
102
{ACAD_REACTORS
330
1A
102
}
330
1A
100
AcDbPlotSettings
  1

  2
C:\Documents and Settings\basas\Application Data\Autodesk\AutoCAD 2005\R16.1\enu\plotters\Default Windows System Printer.pc3
  4

  6

 40
0.0
 41
0.0
 42
0.0
 43
0.0
 44
0.0
 45
0.0
 46
0.0
 47
0.0
 48
0.0
 49
0.0
140
0.0
141
0.0
142
1.0
143
1.0
 70
   688
 72
     0
 73
     0
 74
     5
  7

 75
    16
147
1.0
 76
     0
 77
     2
 78
   300
148
0.0
149
0.0
100
AcDbLayout
  1
Layout1
 70
     1
 71
     1
 10
0.0
 20
0.0
 11
12.0
 21
9.0
 12
0.0
 22
0.0
 32
0.0
 14
0.0
 24
0.0
 34
0.0
 15
0.0
 25
0.0
 35
0.0
146
0.0
 13
0.0
 23
0.0
 33
0.0
 16
1.0
 26
0.0
 36
0.0
 17
0.0
 27
1.0
 37
0.0
 76
     0
330
D2
  0
LAYOUT
  5
D7
102
{ACAD_REACTORS
330
1A
102
}
330
1A
100
AcDbPlotSettings
  1

  2
none_device
  4
ISO_A4_(210.00_x_297.00_MM)
  6

 40
7.5
 41
20.0
 42
7.5
 43
20.0
 44
210.0
 45
297.0
 46
0.0
 47
0.0
 48
0.0
 49
0.0
140
0.0
141
0.0
142
1.0
143
1.0
 70
   688
 72
     1
 73
     1
 74
     5
  7

 75
    16
147
1.0
 76
     0
 77
     2
 78
   300
148
0.0
149
0.0
100
AcDbLayout
  1
Layout2
 70
     1
 71
     2
 10
-20.0
 20
-7.5
 11
277.0
 21
202.5
 12
0.0
 22
0.0
 32
0.0
 14
25.69999999999999
 24
-169.3884599539208
 34
0.0
 15
1028.669712027788
 25
175.5
 35
0.0
146
0.0
 13
0.0
 23
0.0
 33
0.0
 16
1.0
 26
0.0
 36
0.0
 17
0.0
 27
1.0
 37
0.0
 76
     0
330
D6
331
1AB1
1001
ACAD_PSEXT
1000
None
1000
None
1000
Not applicable
1000
The layout will not be plotted unless a new plotter configuration name is selected.
1070
     0
  0
LAYOUT
  5
22
102
{ACAD_XDICTIONARY
360
205
102
}
102
{ACAD_REACTORS
330
1A
102
}
330
1A
100
AcDbPlotSettings
  1

  2
none_device
  4
ISO_A4_(210.00_x_297.00_MM)
  6

 40
7.5
 41
20.0
 42
7.5
 43
20.0
 44
210.0
 45
297.0
 46
11.54999923706054
 47
-13.65000009536743
 48
0.0
 49
0.0
140
0.0
141
0.0
142
1.0
143
8.704084754739808
 70
 11952
 72
     1
 73
     0
 74
     0
  7

 75
     0
147
0.1148885871608098
 76
     0
 77
     2
 78
   300
148
0.0
149
0.0
100
AcDbLayout
  1
Model
 70
     1
 71
     0
 10
0.0
 20
0.0
 11
12.0
 21
9.0
 12
0.0
 22
0.0
 32
0.0
 14
0.0
 24
0.0
 34
0.0
 15
0.0
 25
0.0
 35
0.0
146
0.0
 13
0.0
 23
0.0
 33
0.0
 16
1.0
 26
0.0
 36
0.0
 17
0.0
 27
1.0
 37
0.0
 76
     0
330
1F
331
EA
1001
ACAD_PSEXT
1000
None
1000
None
1000
Not applicable
1000
The layout will not be plotted unless a new plotter configuration name is selected.
1070
     0
  0
MATERIAL
  5
ED
102
{ACAD_XDICTIONARY
360
1F9
102
}
102
{ACAD_REACTORS
330
6A
102
}
330
6A
100
AcDbMaterial
  1
ByBlock
 94
       63
  0
MATERIAL
  5
EC
102
{ACAD_XDICTIONARY
360
1F7
102
}
102
{ACAD_REACTORS
330
6A
102
}
330
6A
100
AcDbMaterial
  1
ByLayer
 94
       63
  0
MATERIAL
  5
EE
102
{ACAD_XDICTIONARY
360
173
102
}
102
{ACAD_REACTORS
330
6A
102
}
330
6A
100
AcDbMaterial
  1
Global
 43
0.0007999999797903
 43
0.0
 43
0.0
 43
0.0
 43
0.0
 43
0.0007999999797903
 43
0.0
 43
0.0
 43
0.0
 43
0.0
 43
1.0
 43
0.0
 43
0.0
 43
0.0
 43
0.0
 43
1.0
 49
0.0007999999797903
 49
0.0
 49
0.0
 49
0.0
 49
0.0
 49
0.0007999999797903
 49
0.0
 49
0.0
 49
0.0
 49
0.0
 49
1.0
 49
0.0
 49
0.0
 49
0.0
 49
0.0
 49
1.0
142
0.0007999999797903
142
0.0
142
0.0
142
0.0
142
0.0
142
0.0007999999797903
142
0.0
142
0.0
142
0.0
142
0.0
142
1.0
142
0.0
142
0.0
142
0.0
142
0.0
142
1.0
144
0.0007999999797903
144
0.0
144
0.0
144
0.0
144
0.0
144
0.0007999999797903
144
0.0
144
0.0
144
0.0
144
0.0
144
1.0
144
0.0
144
0.0
144
0.0
144
0.0
144
1.0
 94
       63
1001
ACAD
1070
    -1
1070
     3
1070
     0
1000

1071
        0
1070
     0
  0
MLEADERSTYLE
  5
13B
102
{ACAD_REACTORS
330
12D
102
}
330
12D
100
AcDbMLeaderStyle
179
     2
170
     2
171
     1
172
     0
 90
        2
 40
0.0
 41
0.0
173
     1
 91
-1056964608
340
14
 92
       -2
290
     1
 42
2.0
291
     1
 43
8.0
  3
Standard
 44
4.0
300

342
11
174
     1
178
     1
175
     1
176
     0
 93
-1056964608
 45
4.0
292
     0
297
     0
 46
4.0
 94
-1056964608
 47
1.0
 49
1.0
140
1.0
293
     1
141
0.0
294
     1
177
     0
142
1.0
295
     0
296
     1
143
3.75
271
     0
272
     9
273
     9
298
     0
  0
MLEADERSTYLE
  5
12E
102
{ACAD_REACTORS
330
12D
102
}
330
12D
100
AcDbMLeaderStyle
179
     2
170
     2
171
     1
172
     0
 90
        2
 40
0.0
 41
0.0
173
     1
 91
-1056964608
340
14
 92
       -2
290
     1
 42
2.0
291
     1
 43
8.0
  3
Standard
 44
4.0
300

342
11
174
     1
178
     1
175
     1
176
     0
 93
-1056964608
 45
4.0
292
     0
297
     0
 46
4.0
 94
-1056964608
 47
1.0
 49
1.0
140
1.0
293
     1
141
0.0
294
     1
177
     0
142
1.0
295
     0
296
     0
143
3.75
271
     0
272
     9
273
     9
298
     0
  0
MLINESTYLE
  5
18
102
{ACAD_REACTORS
330
17
102
}
330
17
100
AcDbMlineStyle
  2
STANDARD
 70
     0
  3

 62
   256
 51
90.0
 52
90.0
 71
     2
 49
0.5
 62
   256
  6
BYLAYER
 49
-0.5
 62
   256
  6
BYLAYER
  0
ACDBPLACEHOLDER
  5
F
102
{ACAD_REACTORS
330
E
102
}
330
E
  0
SCALE
  5
10D
102
{ACAD_REACTORS
330
10C
102
}
330
10C
100
AcDbScale
 70
     0
300
1:1
140
1.0
141
1.0
290
     1
  0
SCALE
  5
1AF0
102
{ACAD_REACTORS
330
10C
102
}
330
10C
100
AcDbScale
 70
     0
300
1:70
140
1.0
141
70.0
290
     0
  0
SCALE
  5
1AF1
102
{ACAD_REACTORS
330
10C
102
}
330
10C
100
AcDbScale
 70
     0
300
1:2
140
1.0
141
2.0
290
     0
  0
SCALE
  5
1AF2
102
{ACAD_REACTORS
330
10C
102
}
330
10C
100
AcDbScale
 70
     0
300
1:4
140
1.0
141
4.0
290
     0
  0
SCALE
  5
1AF3
102
{ACAD_REACTORS
330
10C
102
}
330
10C
100
AcDbScale
 70
     0
300
1:5
140
1.0
141
5.0
290
     0
  0
SCALE
  5
1AF4
102
{ACAD_REACTORS
330
10C
102
}
330
10C
100
AcDbScale
 70
     0
300
1:8
140
1.0
141
8.0
290
     0
  0
SCALE
  5
1AF5
102
{ACAD_REACTORS
330
10C
102
}
330
10C
100
AcDbScale
 70
     0
300
1:10
140
1.0
141
10.0
290
     0
  0
SCALE
  5
1AF6
102
{ACAD_REACTORS
330
10C
102
}
330
10C
100
AcDbScale
 70
     0
300
1:16
140
1.0
141
16.0
290
     0
  0
SCALE
  5
1AF7
102
{ACAD_REACTORS
330
10C
102
}
330
10C
100
AcDbScale
 70
     0
300
1:20
140
1.0
141
20.0
290
     0
  0
SCALE
  5
1AF8
102
{ACAD_REACTORS
330
10C
102
}
330
10C
100
AcDbScale
 70
     0
300
1:30
140
1.0
141
30.0
290
     0
  0
SCALE
  5
1AF9
102
{ACAD_REACTORS
330
10C
102
}
330
10C
100
AcDbScale
 70
     0
300
1:40
140
1.0
141
40.0
290
     0
  0
SCALE
  5
1C7
102
{ACAD_REACTORS
330
10C
102
}
330
10C
100
AcDbScale
 70
     0
300
1:50
140
1.0
141
50.0
290
     0
  0
SCALE
  5
1AFA
102
{ACAD_REACTORS
330
10C
102
}
330
10C
100
AcDbScale
 70
     0
300
1:100
140
1.0
141
100.0
290
     0
  0
SCALE
  5
1AFB
102
{ACAD_REACTORS
330
10C
102
}
330
10C
100
AcDbScale
 70
     0
300
2:1
140
2.0
141
1.0
290
     0
  0
SCALE
  5
1AFC
102
{ACAD_REACTORS
330
10C
102
}
330
10C
100
AcDbScale
 70
     0
300
4:1
140
4.0
141
1.0
290
     0
  0
SCALE
  5
1AFD
102
{ACAD_REACTORS
330
10C
102
}
330
10C
100
AcDbScale
 70
     0
300
8:1
140
8.0
141
1.0
290
     0
  0
SCALE
  5
1AFE
102
{ACAD_REACTORS
330
10C
102
}
330
10C
100
AcDbScale
 70
     0
300
10:1
140
10.0
141
1.0
290
     0
  0
SCALE
  5
1AFF
102
{ACAD_REACTORS
330
10C
102
}
330
10C
100
AcDbScale
 70
     0
300
100:1
140
100.0
141
1.0
290
     0
  0
ACDBSECTIONVIEWSTYLE
  5
2499
102
{ACAD_XDICTIONARY
360
25F8
102
}
102
{ACAD_REACTORS
330
219
102
}
330
219
100
AcDbModelDocViewStyle
 70
     0
  3
Imperial24
290
     0
100
AcDbSectionViewStyle
 70
     0
 71
     0
 90
       78
 71
     1
340
11
 62
   256
 40
0.24
340
0
340
0
 62
   256
 40
0.24
300
I, O, Q, S, X, Z
 40
0.48
 90
        3
 40
0.18
 90
        1
 71
     2
340
16
 90
       25
 62
   256
340
16
 90
       50
 62
   256
 40
0.24
 40
0.0
 40
0.24
 71
     3
340
11
 62
   256
 40
0.24
 90
        1
 40
0.75
 90
        1
300
%<\AcVar ViewType \f "%tc1">% %<\AcVar ViewSectionStartId>%-%<\AcVar ViewSectionEndId>%\PSCALE %<\AcVar ViewScale \f "%sn">%
 71
     4
 62
   256
 62
   257
300
ANSI31
 40
1.0
 90
        0
290
     0
290
     0
 90
        6
 40
0.0
 40
1.570796326794896
 40
0.2617993877991494
 40
1.308996938995747
 40
-0.2617993877991494
 40
1.832595714594046
  0
ACDBSECTIONVIEWSTYLE
  5
21A
102
{ACAD_XDICTIONARY
360
25F4
102
}
102
{ACAD_REACTORS
330
219
102
}
330
219
100
AcDbModelDocViewStyle
 70
     0
  3
Metric50
290
     0
100
AcDbSectionViewStyle
 70
     0
 71
     0
 90
      102
 71
     1
340
11
 62
   256
 40
5.0
340
0
340
0
 62
   256
 40
5.0
300
I, O, Q, S, X, Z
 40
10.0
 90
        0
 40
2.5
 90
        0
 71
     2
340
16
 90
       25
 62
   256
340
16
 90
       50
 62
   256
 40
5.0
 40
2.5
 40
5.0
 71
     3
340
11
 62
   256
 40
5.0
 90
        0
 40
15.0
 90
        1
300
%<\AcVar ViewSectionStartId>%-%<\AcVar ViewSectionEndId>% (%<\AcVar ViewScale \f "%sn">%)
 71
     4
 62
   256
 62
   257
300
ANSI31
 40
1.0
 90
        0
290
     0
290
     0
 90
        6
 40
0.0
 40
1.570796326794896
 40
0.2617993877991494
 40
1.308996938995747
 40
-0.2617993877991494
 40
1.832595714594046
  0
TABLESTYLE
  5
7F
102
{ACAD_XDICTIONARY
360
162
102
}
102
{ACAD_REACTORS
330
7E
102
}
330
7E
100
AcDbTableStyle
280
     0
  3
Standard
 70
     0
 71
     0
 40
1.5
 41
1.5
280
     0
281
     0
  7
Standard
140
4.5
170
     2
 62
     0
 63
     7
283
     0
 90
      512
 91
        0
  1

274
    -2
284
     1
 64
     0
275
    -2
285
     1
 65
     0
276
    -2
286
     1
 66
     0
277
    -2
287
     1
 67
     0
278
    -2
288
     1
 68
     0
279
    -2
289
     1
 69
     0
  7
Standard
140
6.0
170
     5
 62
     0
 63
     7
283
     0
 90
      512
 91
        0
  1

274
    -2
284
     1
 64
     0
275
    -2
285
     1
 65
     0
276
    -2
286
     1
 66
     0
277
    -2
287
     1
 67
     0
278
    -2
288
     1
 68
     0
279
    -2
289
     1
 69
     0
  7
Standard
140
4.5
170
     5
 62
     0
 63
     7
283
     0
 90
      512
 91
        0
  1

274
    -2
284
     1
 64
     0
275
    -2
285
     1
 65
     0
276
    -2
286
     1
 66
     0
277
    -2
287
     1
 67
     0
278
    -2
288
     1
 68
     0
279
    -2
289
     1
 69
     0
  0
VISUALSTYLE
  5
F5
102
{ACAD_REACTORS
330
EF
102
}
330
EF
100
AcDbVisualStyle
  2
2dWireframe
 70
     4
177
     3
291
     0
 70
    58
 90
        0
176
     1
 90
        2
176
     1
 90
        1
176
     1
 90
        0
176
     1
 40
0.6
176
     1
 40
30.0
176
     1
 62
     7
420
 16777215
176
     1
 90
        1
176
     1
 90
        4
176
     1
 62
     7
176
     1
 62
   257
176
     1
 90
        1
176
     1
 90
        1
176
     1
 40
1.0
176
     1
 90
        0
176
     1
 62
   257
176
     1
 40
1.0
176
     1
 90
        1
176
     1
 90
        6
176
     1
 90
        2
176
     1
 62
     7
176
     1
 90
        5
176
     1
 90
        0
176
     1
 90
        0
176
     1
290
     0
176
     1
 90
        1
176
     1
 40
0.0
176
     1
 90
        0
176
     1
290
     1
176
     1
290
     1
176
     1
290
     0
176
     1
290
     0
176
     1
290
     0
176
     1
290
     0
176
     1
290
     0
176
     1
290
     0
176
     1
290
     0
176
     1
 90
       50
176
     1
 40
0.0
176
     1
 40
1.0
176
     1
 90
        0
176
     1
 62
    18
420
        0
176
     1
 90
       50
176
     1
 90
        3
176
     1
 62
     5
420
      255
176
     1
290
     0
176
     1
 90
       50
176
     1
 90
       50
176
     1
 90
       50
176
     1
290
     0
176
     1
 90
       50
176
     1
 62
   256
176
     0
 40
1.0
176
     0
 90
        2
176
     1
  1
strokes_ogs.tif
176
     1
290
     0
176
     1
 40
1.0
176
     1
 40
1.0
176
     1
1001
ACAD
1000
AcDbSavedByObjectVersion
1070
     0
  0
VISUALSTYLE
  5
F4
102
{ACAD_REACTORS
330
EF
102
}
330
EF
100
AcDbVisualStyle
  2
Basic
 70
     7
177
     3
291
     1
 70
    58
 90
        1
176
     1
 90
        0
176
     1
 90
        1
176
     1
 90
        0
176
     1
 40
0.6
176
     1
 40
30.0
176
     1
 62
     7
420
 16777215
176
     1
 90
        0
176
     1
 90
        4
176
     1
 62
     7
176
     1
 62
   257
176
     1
 90
        1
176
     1
 90
        1
176
     1
 40
1.0
176
     1
 90
        8
176
     1
 62
     7
176
     1
 40
1.0
176
     1
 90
        1
176
     1
 90
        6
176
     1
 90
        2
176
     1
 62
     7
176
     1
 90
        5
176
     1
 90
        0
176
     1
 90
        0
176
     1
290
     0
176
     1
 90
        1
176
     1
 40
0.0
176
     1
 90
        0
176
     1
290
     0
176
     1
290
     1
176
     1
290
     1
176
     1
290
     0
176
     1
290
     0
176
     1
290
     0
176
     1
290
     0
176
     1
290
     0
176
     1
290
     0
176
     1
 90
       50
176
     1
 40
0.0
176
     1
 40
1.0
176
     1
 90
        0
176
     1
 62
    18
420
        0
176
     1
 90
       50
176
     1
 90
        3
176
     1
 62
     5
420
      255
176
     1
290
     0
176
     1
 90
       50
176
     1
 90
       50
176
     1
 90
       50
176
     1
290
     0
176
     1
 90
       50
176
     1
 62
   256
176
     0
 40
1.0
176
     0
 90
        2
176
     1
  1
strokes_ogs.tif
176
     1
290
     0
176
     1
 40
1.0
176
     1
 40
1.0
176
     1
1001
ACAD
1000
AcDbSavedByObjectVersion
1070
     0
  0
VISUALSTYLE
  5
FB
102
{ACAD_REACTORS
330
EF
102
}
330
EF
100
AcDbVisualStyle
  2
Brighten
 70
    12
177
     3
291
     1
 70
    58
 90
        2
176
     1
 90
        2
176
     1
 90
        1
176
     1
 90
        0
176
     1
 40
0.6
176
     1
 40
30.0
176
     1
 62
     7
420
 16777215
176
     1
 90
        1
176
     1
 90
        4
176
     1
 62
     7
176
     1
 62
   257
176
     1
 90
        1
176
     1
 90
        1
176
     1
 40
1.0
176
     1
 90
        8
176
     1
 62
     7
176
     1
 40
1.0
176
     1
 90
        1
176
     1
 90
        6
176
     1
 90
        2
176
     1
 62
     7
176
     1
 90
        5
176
     1
 90
        0
176
     1
 90
        0
176
     1
290
     0
176
     1
 90
        1
176
     1
 40
50.0
176
     1
 90
        0
176
     1
290
     0
176
     1
290
     1
176
     1
290
     1
176
     1
290
     0
176
     1
290
     0
176
     1
290
     0
176
     1
290
     0
176
     1
290
     0
176
     1
290
     0
176
     1
 90
       50
176
     1
 40
0.0
176
     1
 40
1.0
176
     1
 90
        0
176
     1
 62
    18
420
        0
176
     1
 90
       50
176
     1
 90
        3
176
     1
 62
     5
420
      255
176
     1
290
     0
176
     1
 90
       50
176
     1
 90
       50
176
     1
 90
       50
176
     1
290
     0
176
     1
 90
       50
176
     1
 62
   256
176
     0
 40
1.0
176
     0
 90
        2
176
     1
  1
strokes_ogs.tif
176
     1
290
     0
176
     1
 40
1.0
176
     1
 40
1.0
176
     1
1001
ACAD
1000
AcDbSavedByObjectVersion
1070
     0
  0
VISUALSTYLE
  5
FF
102
{ACAD_REACTORS
330
EF
102
}
330
EF
100
AcDbVisualStyle
  2
ColorChange
 70
    16
177
     3
291
     1
 70
    58
 90
        2
176
     1
 90
        2
176
     1
 90
        3
176
     1
 90
        0
176
     1
 40
0.6
176
     1
 40
30.0
176
     1
 62
     8
420
  8421504
176
     1
 90
        1
176
     1
 90
        4
176
     1
 62
     7
176
     1
 62
   257
176
     1
 90
        1
176
     1
 90
        1
176
     1
 40
1.0
176
     1
 90
        8
176
     1
 62
     8
420
  8421504
176
     1
 40
1.0
176
     1
 90
        1
176
     1
 90
        6
176
     1
 90
        2
176
     1
 62
     7
176
     1
 90
        5
176
     1
 90
        0
176
     1
 90
        0
176
     1
290
     0
176
     1
 90
        1
176
     1
 40
0.0
176
     1
 90
        0
176
     1
290
     0
176
     1
290
     1
176
     1
290
     1
176
     1
290
     0
176
     1
290
     0
176
     1
290
     0
176
     1
290
     0
176
     1
290
     0
176
     1
290
     0
176
     1
 90
       50
176
     1
 40
0.0
176
     1
 40
1.0
176
     1
 90
        0
176
     1
 62
    18
420
        0
176
     1
 90
       50
176
     1
 90
        3
176
     1
 62
     5
420
      255
176
     1
290
     0
176
     1
 90
       50
176
     1
 90
       50
176
     1
 90
       50
176
     1
290
     0
176
     1
 90
       50
176
     1
 62
   256
176
     0
 40
1.0
176
     0
 90
        2
176
     1
  1
strokes_ogs.tif
176
     1
290
     0
176
     1
 40
1.0
176
     1
 40
1.0
176
     1
1001
ACAD
1000
AcDbSavedByObjectVersion
1070
     0
  0
VISUALSTYLE
  5
F8
102
{ACAD_REACTORS
330
EF
102
}
330
EF
100
AcDbVisualStyle
  2
Conceptual
 70
     9
177
     3
291
     0
 70
    58
 90
        3
176
     1
 90
        2
176
     1
 90
        1
176
     1
 90
        0
176
     1
 40
0.6
176
     1
 40
30.0
176
     1
 62
     7
420
 16777215
176
     1
 90
        2
176
     1
 90
        2
176
     1
 62
     7
176
     1
 62
   257
176
     1
 90
        1
176
     1
 90
        1
176
     1
 40
40.0
176
     1
 90
        8
176
     1
 62
     7
176
     1
 40
1.0
176
     1
 90
        1
176
     1
 90
        6
176
     1
 90
        2
176
     1
 62
     7
176
     1
 90
        3
176
     1
 90
        0
176
     1
 90
        0
176
     1
290
     0
176
     1
 90
        1
176
     1
 40
0.0
176
     1
 90
        0
176
     1
290
     0
176
     1
290
     1
176
     1
290
     1
176
     1
290
     0
176
     1
290
     0
176
     1
290
     0
176
     1
290
     0
176
     1
290
     0
176
     1
290
     0
176
     1
 90
       50
176
     1
 40
0.0
176
     1
 40
1.0
176
     1
 90
        0
176
     1
 62
    18
420
        0
176
     1
 90
       50
176
     1
 90
        3
176
     1
 62
     5
420
      255
176
     1
290
     0
176
     1
 90
       50
176
     1
 90
       50
176
     1
 90
       50
176
     1
290
     0
176
     1
 90
       50
176
     1
 62
   256
176
     0
 40
1.0
176
     0
 90
        2
176
     1
  1
strokes_ogs.tif
176
     1
290
     0
176
     1
 40
1.0
176
     1
 40
1.0
176
     1
1001
ACAD
1000
AcDbSavedByObjectVersion
1070
     0
  0
VISUALSTYLE
  5
FA
102
{ACAD_REACTORS
330
EF
102
}
330
EF
100
AcDbVisualStyle
  2
Dim
 70
    11
177
     3
291
     1
 70
    58
 90
        2
176
     1
 90
        2
176
     1
 90
        1
176
     1
 90
        0
176
     1
 40
0.6
176
     1
 40
30.0
176
     1
 62
     7
420
 16777215
176
     1
 90
        1
176
     1
 90
        4
176
     1
 62
     7
176
     1
 62
   257
176
     1
 90
        1
176
     1
 90
        1
176
     1
 40
1.0
176
     1
 90
        8
176
     1
 62
     7
176
     1
 40
1.0
176
     1
 90
        1
176
     1
 90
        6
176
     1
 90
        2
176
     1
 62
     7
176
     1
 90
        5
176
     1
 90
        0
176
     1
 90
        0
176
     1
290
     0
176
     1
 90
        1
176
     1
 40
-50.0
176
     1
 90
        0
176
     1
290
     0
176
     1
290
     1
176
     1
290
     1
176
     1
290
     0
176
     1
290
     0
176
     1
290
     0
176
     1
290
     0
176
     1
290
     0
176
     1
290
     0
176
     1
 90
       50
176
     1
 40
0.0
176
     1
 40
1.0
176
     1
 90
        0
176
     1
 62
    18
420
        0
176
     1
 90
       50
176
     1
 90
        3
176
     1
 62
     5
420
      255
176
     1
290
     0
176
     1
 90
       50
176
     1
 90
       50
176
     1
 90
       50
176
     1
290
     0
176
     1
 90
       50
176
     1
 62
   256
176
     0
 40
1.0
176
     0
 90
        2
176
     1
  1
strokes_ogs.tif
176
     1
290
     0
176
     1
 40
1.0
176
     1
 40
1.0
176
     1
1001
ACAD
1000
AcDbSavedByObjectVersion
1070
     0
  0
VISUALSTYLE
  5
1E6
102
{ACAD_REACTORS
330
EF
102
}
330
EF
100
AcDbVisualStyle
  2
EdgeColorOff
 70
    22
177
     3
291
     1
 70
    58
 90
        2
176
     0
 90
        2
176
     0
 90
        0
176
     0
 90
        0
176
     0
 40
0.6
176
     0
 40
30.0
176
     0
 62
     7
420
 16777215
176
     0
 90
        1
176
     0
 90
        4
176
     0
 62
     7
176
     0
 62
   257
176
     0
 90
        1
176
     0
 90
        1
176
     0
 40
1.0
176
     0
 90
        8
176
     2
 62
     7
176
     0
 40
1.0
176
     0
 90
        1
176
     0
 90
        6
176
     0
 90
        2
176
     0
 62
     7
176
     0
 90
        5
176
     0
 90
        0
176
     0
 90
        0
176
     0
290
     0
176
     0
 90
        1
176
     0
 40
0.0
176
     0
 90
        0
176
     0
290
     0
176
     1
290
     1
176
     1
290
     1
176
     1
290
     0
176
     1
290
     0
176
     1
290
     0
176
     1
290
     0
176
     1
290
     0
176
     1
290
     0
176
     1
 90
       50
176
     1
 40
0.0
176
     1
 40
1.0
176
     1
 90
        0
176
     1
 62
    18
420
        0
176
     1
 90
       50
176
     1
 90
        3
176
     1
 62
     5
420
      255
176
     1
290
     0
176
     1
 90
       50
176
     1
 90
       50
176
     1
 90
       50
176
     1
290
     0
176
     1
 90
       50
176
     1
 62
   256
176
     0
 40
1.0
176
     0
 90
        2
176
     1
  1
strokes_ogs.tif
176
     1
290
     0
176
     1
 40
1.0
176
     1
 40
1.0
176
     1
1001
ACAD
1000
AcDbSavedByObjectVersion
1070
     0
  0
VISUALSTYLE
  5
FE
102
{ACAD_REACTORS
330
EF
102
}
330
EF
100
AcDbVisualStyle
  2
Facepattern
 70
    15
177
     3
291
     1
 70
    58
 90
        2
176
     1
 90
        2
176
     1
 90
        1
176
     1
 90
        0
176
     1
 40
0.6
176
     1
 40
30.0
176
     1
 62
     7
420
 16777215
176
     1
 90
        1
176
     1
 90
        4
176
     1
 62
     7
176
     1
 62
   257
176
     1
 90
        1
176
     1
 90
        1
176
     1
 40
1.0
176
     1
 90
        8
176
     1
 62
     7
176
     1
 40
1.0
176
     1
 90
        1
176
     1
 90
        6
176
     1
 90
        2
176
     1
 62
     7
176
     1
 90
        5
176
     1
 90
        0
176
     1
 90
        0
176
     1
290
     0
176
     1
 90
        1
176
     1
 40
0.0
176
     1
 90
        0
176
     1
290
     0
176
     1
290
     1
176
     1
290
     1
176
     1
290
     0
176
     1
290
     0
176
     1
290
     0
176
     1
290
     0
176
     1
290
     0
176
     1
290
     0
176
     1
 90
       50
176
     1
 40
0.0
176
     1
 40
1.0
176
     1
 90
        0
176
     1
 62
    18
420
        0
176
     1
 90
       50
176
     1
 90
        3
176
     1
 62
     5
420
      255
176
     1
290
     0
176
     1
 90
       50
176
     1
 90
       50
176
     1
 90
       50
176
     1
290
     0
176
     1
 90
       50
176
     1
 62
   256
176
     0
 40
1.0
176
     0
 90
        2
176
     1
  1
strokes_ogs.tif
176
     1
290
     0
176
     1
 40
1.0
176
     1
 40
1.0
176
     1
1001
ACAD
1000
AcDbSavedByObjectVersion
1070
     0
  0
VISUALSTYLE
  5
F0
102
{ACAD_REACTORS
330
EF
102
}
330
EF
100
AcDbVisualStyle
  2
Flat
 70
     0
177
     3
291
     1
 70
    58
 90
        2
176
     1
 90
        1
176
     1
 90
        1
176
     1
 90
        2
176
     1
 40
0.6
176
     1
 40
30.0
176
     1
 62
     7
420
 16777215
176
     1
 90
        0
176
     1
 90
        0
176
     1
 62
     7
176
     1
 62
   257
176
     1
 90
        1
176
     1
 90
        1
176
     1
 40
1.0
176
     1
 90
        8
176
     1
 62
     7
176
     1
 40
1.0
176
     1
 90
        1
176
     1
 90
        6
176
     1
 90
        2
176
     1
 62
     7
176
     1
 90
        5
176
     1
 90
        0
176
     1
 90
        0
176
     1
290
     0
176
     1
 90
       13
176
     1
 40
0.0
176
     1
 90
        0
176
     1
290
     0
176
     1
290
     1
176
     1
290
     1
176
     1
290
     0
176
     1
290
     0
176
     1
290
     0
176
     1
290
     0
176
     1
290
     0
176
     1
290
     0
176
     1
 90
       50
176
     1
 40
0.0
176
     1
 40
1.0
176
     1
 90
        0
176
     1
 62
    18
420
        0
176
     1
 90
       50
176
     1
 90
        3
176
     1
 62
     5
420
      255
176
     1
290
     0
176
     1
 90
       50
176
     1
 90
       50
176
     1
 90
       50
176
     1
290
     0
176
     1
 90
       50
176
     1
 62
   256
176
     0
 40
1.0
176
     0
 90
        2
176
     1
  1
strokes_ogs.tif
176
     1
290
     0
176
     1
 40
1.0
176
     1
 40
1.0
176
     1
1001
ACAD
1000
AcDbSavedByObjectVersion
1070
     0
  0
VISUALSTYLE
  5
F1
102
{ACAD_REACTORS
330
EF
102
}
330
EF
100
AcDbVisualStyle
  2
FlatWithEdges
 70
     1
177
     3
291
     1
 70
    58
 90
        2
176
     1
 90
        1
176
     1
 90
        1
176
     1
 90
        2
176
     1
 40
0.6
176
     1
 40
30.0
176
     1
 62
     7
420
 16777215
176
     1
 90
        1
176
     1
 90
        0
176
     1
 62
     7
176
     1
 62
   257
176
     1
 90
        1
176
     1
 90
        1
176
     1
 40
1.0
176
     1
 90
        0
176
     1
 62
   257
176
     1
 40
1.0
176
     1
 90
        1
176
     1
 90
        6
176
     1
 90
        2
176
     1
 62
     7
176
     1
 90
        5
176
     1
 90
        0
176
     1
 90
        0
176
     1
290
     0
176
     1
 90
       13
176
     1
 40
0.0
176
     1
 90
        0
176
     1
290
     0
176
     1
290
     1
176
     1
290
     1
176
     1
290
     0
176
     1
290
     0
176
     1
290
     0
176
     1
290
     0
176
     1
290
     0
176
     1
290
     0
176
     1
 90
       50
176
     1
 40
0.0
176
     1
 40
1.0
176
     1
 90
        0
176
     1
 62
    18
420
        0
176
     1
 90
       50
176
     1
 90
        3
176
     1
 62
     5
420
      255
176
     1
290
     0
176
     1
 90
       50
176
     1
 90
       50
176
     1
 90
       50
176
     1
290
     0
176
     1
 90
       50
176
     1
 62
   256
176
     0
 40
1.0
176
     0
 90
        2
176
     1
  1
strokes_ogs.tif
176
     1
290
     0
176
     1
 40
1.0
176
     1
 40
1.0
176
     1
1001
ACAD
1000
AcDbSavedByObjectVersion
1070
     0
  0
VISUALSTYLE
  5
F2
102
{ACAD_REACTORS
330
EF
102
}
330
EF
100
AcDbVisualStyle
  2
Gouraud
 70
     2
177
     3
291
     1
 70
    58
 90
        2
176
     1
 90
        2
176
     1
 90
        1
176
     1
 90
        2
176
     1
 40
0.6
176
     1
 40
30.0
176
     1
 62
     7
420
 16777215
176
     1
 90
        0
176
     1
 90
        0
176
     1
 62
     7
176
     1
 62
   257
176
     1
 90
        1
176
     1
 90
        1
176
     1
 40
1.0
176
     1
 90
        0
176
     1
 62
     7
176
     1
 40
1.0
176
     1
 90
        1
176
     1
 90
        6
176
     1
 90
        2
176
     1
 62
     7
176
     1
 90
        5
176
     1
 90
        0
176
     1
 90
        0
176
     1
290
     0
176
     1
 90
       13
176
     1
 40
0.0
176
     1
 90
        0
176
     1
290
     0
176
     1
290
     1
176
     1
290
     1
176
     1
290
     0
176
     1
290
     0
176
     1
290
     0
176
     1
290
     0
176
     1
290
     0
176
     1
290
     0
176
     1
 90
       50
176
     1
 40
0.0
176
     1
 40
1.0
176
     1
 90
        0
176
     1
 62
    18
420
        0
176
     1
 90
       50
176
     1
 90
        3
176
     1
 62
     5
420
      255
176
     1
290
     0
176
     1
 90
       50
176
     1
 90
       50
176
     1
 90
       50
176
     1
290
     0
176
     1
 90
       50
176
     1
 62
   256
176
     0
 40
1.0
176
     0
 90
        2
176
     1
  1
strokes_ogs.tif
176
     1
290
     0
176
     1
 40
1.0
176
     1
 40
1.0
176
     1
1001
ACAD
1000
AcDbSavedByObjectVersion
1070
     0
  0
VISUALSTYLE
  5
F3
102
{ACAD_REACTORS
330
EF
102
}
330
EF
100
AcDbVisualStyle
  2
GouraudWithEdges
 70
     3
177
     3
291
     1
 70
    58
 90
        2
176
     1
 90
        2
176
     1
 90
        1
176
     1
 90
        2
176
     1
 40
0.6
176
     1
 40
30.0
176
     1
 62
     7
420
 16777215
176
     1
 90
        1
176
     1
 90
        0
176
     1
 62
     7
176
     1
 62
   257
176
     1
 90
        1
176
     1
 90
        1
176
     1
 40
1.0
176
     1
 90
        0
176
     1
 62
   257
176
     1
 40
1.0
176
     1
 90
        1
176
     1
 90
        6
176
     1
 90
        2
176
     1
 62
     7
176
     1
 90
        5
176
     1
 90
        0
176
     1
 90
        0
176
     1
290
     0
176
     1
 90
       13
176
     1
 40
0.0
176
     1
 90
        0
176
     1
290
     0
176
     1
290
     1
176
     1
290
     1
176
     1
290
     0
176
     1
290
     0
176
     1
290
     0
176
     1
290
     0
176
     1
290
     0
176
     1
290
     0
176
     1
 90
       50
176
     1
 40
0.0
176
     1
 40
1.0
176
     1
 90
        0
176
     1
 62
    18
420
        0
176
     1
 90
       50
176
     1
 90
        3
176
     1
 62
     5
420
      255
176
     1
290
     0
176
     1
 90
       50
176
     1
 90
       50
176
     1
 90
       50
176
     1
290
     0
176
     1
 90
       50
176
     1
 62
   256
176
     0
 40
1.0
176
     0
 90
        2
176
     1
  1
strokes_ogs.tif
176
     1
290
     0
176
     1
 40
1.0
176
     1
 40
1.0
176
     1
1001
ACAD
1000
AcDbSavedByObjectVersion
1070
     0
  0
VISUALSTYLE
  5
F7
102
{ACAD_REACTORS
330
EF
102
}
330
EF
100
AcDbVisualStyle
  2
Hidden
 70
     6
177
     3
291
     0
 70
    58
 90
        1
176
     1
 90
        2
176
     1
 90
        2
176
     1
 90
        0
176
     1
 40
0.6
176
     1
 40
30.0
176
     1
 62
     7
420
 16777215
176
     1
 90
        2
176
     1
 90
        2
176
     1
 62
     7
176
     1
 62
   257
176
     1
 90
        2
176
     1
 90
        1
176
     1
 40
40.0
176
     1
 90
        0
176
     1
 62
   257
176
     1
 40
1.0
176
     1
 90
        1
176
     1
 90
        6
176
     1
 90
        2
176
     1
 62
     7
176
     1
 90
        3
176
     1
 90
        0
176
     1
 90
        0
176
     1
290
     0
176
     1
 90
        1
176
     1
 40
0.0
176
     1
 90
        0
176
     1
290
     0
176
     1
290
     1
176
     1
290
     1
176
     1
290
     0
176
     1
290
     0
176
     1
290
     0
176
     1
290
     0
176
     1
290
     0
176
     1
290
     0
176
     1
 90
       50
176
     1
 40
0.0
176
     1
 40
1.0
176
     1
 90
        0
176
     1
 62
    18
420
        0
176
     1
 90
       50
176
     1
 90
        3
176
     1
 62
     5
420
      255
176
     1
290
     0
176
     1
 90
       50
176
     1
 90
       50
176
     1
 90
       50
176
     1
290
     0
176
     1
 90
       50
176
     1
 62
   256
176
     0
 40
1.0
176
     0
 90
        2
176
     1
  1
strokes_ogs.tif
176
     1
290
     0
176
     1
 40
1.0
176
     1
 40
1.0
176
     1
1001
ACAD
1000
AcDbSavedByObjectVersion
1070
     0
  0
VISUALSTYLE
  5
1E4
102
{ACAD_REACTORS
330
EF
102
}
330
EF
100
AcDbVisualStyle
  2
JitterOff
 70
    20
177
     3
291
     1
 70
    58
 90
        2
176
     0
 90
        2
176
     0
 90
        0
176
     0
 90
        0
176
     0
 40
0.6
176
     0
 40
30.0
176
     0
 62
     7
420
 16777215
176
     0
 90
        1
176
     0
 90
        4
176
     0
 62
     7
176
     0
 62
   257
176
     0
 90
        1
176
     0
 90
        1
176
     0
 40
1.0
176
     0
 90
       10
176
     2
 62
     7
176
     0
 40
1.0
176
     0
 90
        1
176
     0
 90
        6
176
     0
 90
        2
176
     0
 62
     7
176
     0
 90
        5
176
     0
 90
        0
176
     0
 90
        0
176
     0
290
     0
176
     0
 90
        1
176
     0
 40
0.0
176
     0
 90
        0
176
     0
290
     0
176
     1
290
     1
176
     1
290
     1
176
     1
290
     0
176
     1
290
     0
176
     1
290
     0
176
     1
290
     0
176
     1
290
     0
176
     1
290
     0
176
     1
 90
       50
176
     1
 40
0.0
176
     1
 40
1.0
176
     1
 90
        0
176
     1
 62
    18
420
        0
176
     1
 90
       50
176
     1
 90
        3
176
     1
 62
     5
420
      255
176
     1
290
     0
176
     1
 90
       50
176
     1
 90
       50
176
     1
 90
       50
176
     1
290
     0
176
     1
 90
       50
176
     1
 62
   256
176
     0
 40
1.0
176
     0
 90
        2
176
     1
  1
strokes_ogs.tif
176
     1
290
     0
176
     1
 40
1.0
176
     1
 40
1.0
176
     1
1001
ACAD
1000
AcDbSavedByObjectVersion
1070
     0
  0
VISUALSTYLE
  5
FD
102
{ACAD_REACTORS
330
EF
102
}
330
EF
100
AcDbVisualStyle
  2
Linepattern
 70
    14
177
     3
291
     1
 70
    58
 90
        2
176
     1
 90
        2
176
     1
 90
        1
176
     1
 90
        0
176
     1
 40
0.6
176
     1
 40
30.0
176
     1
 62
     7
420
 16777215
176
     1
 90
        1
176
     1
 90
        4
176
     1
 62
     7
176
     1
 62
   257
176
     1
 90
        7
176
     1
 90
        7
176
     1
 40
1.0
176
     1
 90
        8
176
     1
 62
     7
176
     1
 40
1.0
176
     1
 90
        1
176
     1
 90
        6
176
     1
 90
        2
176
     1
 62
     7
176
     1
 90
        5
176
     1
 90
        0
176
     1
 90
        0
176
     1
290
     0
176
     1
 90
        1
176
     1
 40
0.0
176
     1
 90
        0
176
     1
290
     0
176
     1
290
     1
176
     1
290
     1
176
     1
290
     0
176
     1
290
     0
176
     1
290
     0
176
     1
290
     0
176
     1
290
     0
176
     1
290
     0
176
     1
 90
       50
176
     1
 40
0.0
176
     1
 40
1.0
176
     1
 90
        0
176
     1
 62
    18
420
        0
176
     1
 90
       50
176
     1
 90
        3
176
     1
 62
     5
420
      255
176
     1
290
     0
176
     1
 90
       50
176
     1
 90
       50
176
     1
 90
       50
176
     1
290
     0
176
     1
 90
       50
176
     1
 62
   256
176
     0
 40
1.0
176
     0
 90
        2
176
     1
  1
strokes_ogs.tif
176
     1
290
     0
176
     1
 40
1.0
176
     1
 40
1.0
176
     1
1001
ACAD
1000
AcDbSavedByObjectVersion
1070
     0
  0
VISUALSTYLE
  5
1E5
102
{ACAD_REACTORS
330
EF
102
}
330
EF
100
AcDbVisualStyle
  2
OverhangOff
 70
    21
177
     3
291
     1
 70
    58
 90
        2
176
     0
 90
        2
176
     0
 90
        0
176
     0
 90
        0
176
     0
 40
0.6
176
     0
 40
30.0
176
     0
 62
     7
420
 16777215
176
     0
 90
        1
176
     0
 90
        4
176
     0
 62
     7
176
     0
 62
   257
176
     0
 90
        1
176
     0
 90
        1
176
     0
 40
1.0
176
     0
 90
        9
176
     2
 62
     7
176
     0
 40
1.0
176
     0
 90
        1
176
     0
 90
        6
176
     0
 90
        2
176
     0
 62
     7
176
     0
 90
        5
176
     0
 90
        0
176
     0
 90
        0
176
     0
290
     0
176
     0
 90
        1
176
     0
 40
0.0
176
     0
 90
        0
176
     0
290
     0
176
     1
290
     1
176
     1
290
     1
176
     1
290
     0
176
     1
290
     0
176
     1
290
     0
176
     1
290
     0
176
     1
290
     0
176
     1
290
     0
176
     1
 90
       50
176
     1
 40
0.0
176
     1
 40
1.0
176
     1
 90
        0
176
     1
 62
    18
420
        0
176
     1
 90
       50
176
     1
 90
        3
176
     1
 62
     5
420
      255
176
     1
290
     0
176
     1
 90
       50
176
     1
 90
       50
176
     1
 90
       50
176
     1
290
     0
176
     1
 90
       50
176
     1
 62
   256
176
     0
 40
1.0
176
     0
 90
        2
176
     1
  1
strokes_ogs.tif
176
     1
290
     0
176
     1
 40
1.0
176
     1
 40
1.0
176
     1
1001
ACAD
1000
AcDbSavedByObjectVersion
1070
     0
  0
VISUALSTYLE
  5
F9
102
{ACAD_REACTORS
330
EF
102
}
330
EF
100
AcDbVisualStyle
  2
Realistic
 70
     8
177
     3
291
     0
 70
    58
 90
        2
176
     1
 90
        3
176
     1
 90
        0
176
     1
 90
        2
176
     1
 40
0.6
176
     1
 40
30.0
176
     1
 62
     7
420
 16777215
176
     1
 90
        0
176
     1
 90
        0
176
     1
 62
     7
176
     1
 62
   257
176
     1
 90
        1
176
     1
 90
        1
176
     1
 40
1.0
176
     1
 90
        8
176
     1
 62
   257
176
     1
 40
1.0
176
     1
 90
        1
176
     1
 90
        6
176
     1
 90
        2
176
     1
 62
     7
176
     1
 90
        3
176
     1
 90
        0
176
     1
 90
        0
176
     1
290
     0
176
     1
 90
       13
176
     1
 40
0.0
176
     1
 90
        0
176
     1
290
     0
176
     1
290
     1
176
     1
290
     1
176
     1
290
     0
176
     1
290
     0
176
     1
290
     0
176
     1
290
     0
176
     1
290
     0
176
     1
290
     0
176
     1
 90
       50
176
     1
 40
0.0
176
     1
 40
1.0
176
     1
 90
        0
176
     1
 62
    18
420
        0
176
     1
 90
       50
176
     1
 90
        3
176
     1
 62
     5
420
      255
176
     1
290
     0
176
     1
 90
       50
176
     1
 90
       50
176
     1
 90
       50
176
     1
290
     0
176
     1
 90
       50
176
     1
 62
   256
176
     0
 40
1.0
176
     0
 90
        2
176
     1
  1
strokes_ogs.tif
176
     1
290
     0
176
     1
 40
1.0
176
     1
 40
1.0
176
     1
1001
ACAD
1000
AcDbSavedByObjectVersion
1070
     0
  0
VISUALSTYLE
  5
1F3
102
{ACAD_REACTORS
330
EF
102
}
330
EF
100
AcDbVisualStyle
  2
Shaded
 70
    27
177
     3
291
     0
 70
    58
 90
        2
176
     1
 90
        2
176
     1
 90
        1
176
     1
 90
        2
176
     1
 40
0.6
176
     1
 40
30.0
176
     1
 62
     7
420
 16777215
176
     1
 90
        0
176
     1
 90
        4
176
     1
 62
     7
176
     1
 62
   257
176
     1
 90
        1
176
     1
 90
        1
176
     1
 40
1.0
176
     1
 90
        8
176
     1
 62
   257
176
     1
 40
1.0
176
     1
 90
        1
176
     1
 90
        6
176
     1
 90
        2
176
     1
 62
     8
420
  7895160
176
     1
 90
        3
176
     1
 90
        0
176
     1
 90
        0
176
     1
290
     0
176
     1
 90
        5
176
     1
 40
0.0
176
     1
 90
        0
176
     1
290
     0
176
     1
290
     1
176
     1
290
     1
176
     1
290
     0
176
     1
290
     0
176
     1
290
     0
176
     1
290
     0
176
     1
290
     0
176
     1
290
     0
176
     1
 90
       50
176
     1
 40
0.0
176
     1
 40
1.0
176
     1
 90
        0
176
     1
 62
    18
420
        0
176
     1
 90
       50
176
     1
 90
        3
176
     1
 62
     5
420
      255
176
     1
290
     0
176
     1
 90
       50
176
     1
 90
       50
176
     1
 90
       50
176
     1
290
     0
176
     1
 90
       50
176
     1
 62
   256
176
     0
 40
1.0
176
     0
 90
        2
176
     1
  1
strokes_ogs.tif
176
     1
290
     0
176
     1
 40
1.0
176
     1
 40
1.0
176
     1
1001
ACAD
1000
AcDbSavedByObjectVersion
1070
     0
  0
VISUALSTYLE
  5
1F2
102
{ACAD_REACTORS
330
EF
102
}
330
EF
100
AcDbVisualStyle
  2
Shaded with edges
 70
    26
177
     3
291
     0
 70
    58
 90
        2
176
     1
 90
        2
176
     1
 90
        1
176
     1
 90
        2
176
     1
 40
0.6
176
     1
 40
30.0
176
     1
 62
     7
420
 16777215
176
     1
 90
        1
176
     1
 90
        2
176
     1
 62
     7
176
     1
 62
   257
176
     1
 90
        2
176
     1
 90
        1
176
     1
 40
1.0
176
     1
 90
        8
176
     1
 62
   257
176
     1
 40
1.0
176
     1
 90
        1
176
     1
 90
        6
176
     1
 90
        2
176
     1
 62
     7
176
     1
 90
        3
176
     1
 90
        0
176
     1
 90
        0
176
     1
290
     0
176
     1
 90
        5
176
     1
 40
0.0
176
     1
 90
        0
176
     1
290
     0
176
     1
290
     1
176
     1
290
     1
176
     1
290
     0
176
     1
290
     0
176
     1
290
     0
176
     1
290
     0
176
     1
290
     0
176
     1
290
     0
176
     1
 90
       50
176
     1
 40
0.0
176
     1
 40
1.0
176
     1
 90
        0
176
     1
 62
    18
420
        0
176
     1
 90
       50
176
     1
 90
        3
176
     1
 62
     5
420
      255
176
     1
290
     0
176
     1
 90
       50
176
     1
 90
       50
176
     1
 90
       50
176
     1
290
     0
176
     1
 90
       50
176
     1
 62
   256
176
     0
 40
1.0
176
     0
 90
        2
176
     1
  1
strokes_ogs.tif
176
     1
290
     0
176
     1
 40
1.0
176
     1
 40
1.0
176
     1
1001
ACAD
1000
AcDbSavedByObjectVersion
1070
     0
  0
VISUALSTYLE
  5
1EF
102
{ACAD_REACTORS
330
EF
102
}
330
EF
100
AcDbVisualStyle
  2
Shades of Gray
 70
    23
177
     3
291
     0
 70
    58
 90
        2
176
     1
 90
        2
176
     1
 90
        3
176
     1
 90
        0
176
     1
 40
0.6
176
     1
 40
30.0
176
     1
 62
     7
420
 16777215
176
     1
 90
        2
176
     1
 90
        2
176
     1
 62
     7
176
     1
 62
     7
176
     1
 90
        1
176
     1
 90
        1
176
     1
 40
40.0
176
     1
 90
        8
176
     1
 62
     7
176
     1
 40
1.0
176
     1
 90
        1
176
     1
 90
        6
176
     1
 90
        2
176
     1
 62
     7
176
     1
 90
        3
176
     1
 90
        0
176
     1
 90
        0
176
     1
290
     0
176
     1
 90
        1
176
     1
 40
0.0
176
     1
 90
        0
176
     1
290
     0
176
     1
290
     1
176
     1
290
     1
176
     1
290
     0
176
     1
290
     0
176
     1
290
     0
176
     1
290
     0
176
     1
290
     0
176
     1
290
     0
176
     1
 90
       50
176
     1
 40
0.0
176
     1
 40
1.0
176
     1
 90
        0
176
     1
 62
    18
420
        0
176
     1
 90
       50
176
     1
 90
        3
176
     1
 62
     5
420
      255
176
     1
290
     0
176
     1
 90
       50
176
     1
 90
       50
176
     1
 90
       50
176
     1
290
     0
176
     1
 90
       50
176
     1
 62
   256
176
     0
 40
1.0
176
     0
 90
        2
176
     1
  1
strokes_ogs.tif
176
     1
290
     0
176
     1
 40
1.0
176
     1
 40
1.0
176
     1
1001
ACAD
1000
AcDbSavedByObjectVersion
1070
     0
  0
VISUALSTYLE
  5
1F0
102
{ACAD_REACTORS
330
EF
102
}
330
EF
100
AcDbVisualStyle
  2
Sketchy
 70
    24
177
     3
291
     0
 70
    58
 90
        1
176
     1
 90
        2
176
     1
 90
        2
176
     1
 90
        0
176
     1
 40
0.6
176
     1
 40
30.0
176
     1
 62
     7
420
 16777215
176
     1
 90
        2
176
     1
 90
        2
176
     1
 62
     7
176
     1
 62
     7
176
     1
 90
        1
176
     1
 90
        1
176
     1
 40
40.0
176
     1
 90
       11
176
     1
 62
     7
176
     1
 40
1.0
176
     1
 90
        1
176
     1
 90
        6
176
     1
 90
        2
176
     1
 62
     7
176
     1
 90
        6
176
     1
 90
        0
176
     1
 90
        0
176
     1
290
     0
176
     1
 90
        1
176
     1
 40
0.0
176
     1
 90
        0
176
     1
290
     0
176
     1
290
     1
176
     1
290
     1
176
     1
290
     0
176
     1
290
     0
176
     1
290
     0
176
     1
290
     0
176
     1
290
     0
176
     1
290
     0
176
     1
 90
       50
176
     1
 40
0.0
176
     1
 40
1.0
176
     1
 90
        0
176
     1
 62
    18
420
        0
176
     1
 90
       50
176
     1
 90
        3
176
     1
 62
     5
420
      255
176
     1
290
     0
176
     1
 90
       50
176
     1
 90
       50
176
     1
 90
       50
176
     1
290
     0
176
     1
 90
       50
176
     1
 62
   256
176
     0
 40
1.0
176
     0
 90
        2
176
     1
  1
strokes_ogs.tif
176
     1
290
     0
176
     1
 40
1.0
176
     1
 40
1.0
176
     1
1001
ACAD
1000
AcDbSavedByObjectVersion
1070
     0
  0
VISUALSTYLE
  5
FC
102
{ACAD_REACTORS
330
EF
102
}
330
EF
100
AcDbVisualStyle
  2
Thicken
 70
    13
177
     3
291
     1
 70
    58
 90
        2
176
     1
 90
        2
176
     1
 90
        1
176
     1
 90
        0
176
     1
 40
0.6
176
     1
 40
30.0
176
     1
 62
     7
420
 16777215
176
     1
 90
        1
176
     1
 90
        4
176
     1
 62
     7
176
     1
 62
   257
176
     1
 90
        1
176
     1
 90
        1
176
     1
 40
1.0
176
     1
 90
       12
176
     1
 62
     7
176
     1
 40
1.0
176
     1
 90
        1
176
     1
 90
        6
176
     1
 90
        2
176
     1
 62
     7
176
     1
 90
        5
176
     1
 90
        0
176
     1
 90
        0
176
     1
290
     0
176
     1
 90
        1
176
     1
 40
0.0
176
     1
 90
        0
176
     1
290
     0
176
     1
290
     1
176
     1
290
     1
176
     1
290
     0
176
     1
290
     0
176
     1
290
     0
176
     1
290
     0
176
     1
290
     0
176
     1
290
     0
176
     1
 90
       50
176
     1
 40
0.0
176
     1
 40
1.0
176
     1
 90
        0
176
     1
 62
    18
420
        0
176
     1
 90
       50
176
     1
 90
        3
176
     1
 62
     5
420
      255
176
     1
290
     0
176
     1
 90
       50
176
     1
 90
       50
176
     1
 90
       50
176
     1
290
     0
176
     1
 90
       50
176
     1
 62
   256
176
     0
 40
1.0
176
     0
 90
        2
176
     1
  1
strokes_ogs.tif
176
     1
290
     0
176
     1
 40
1.0
176
     1
 40
1.0
176
     1
1001
ACAD
1000
AcDbSavedByObjectVersion
1070
     0
  0
VISUALSTYLE
  5
F6
102
{ACAD_REACTORS
330
EF
102
}
330
EF
100
AcDbVisualStyle
  2
Wireframe
 70
     5
177
     3
291
     0
 70
    58
 90
        0
176
     1
 90
        2
176
     1
 90
        0
176
     1
 90
        0
176
     1
 40
0.6
176
     1
 40
30.0
176
     1
 62
     7
420
 16777215
176
     1
 90
        1
176
     1
 90
        4
176
     1
 62
     7
176
     1
 62
   257
176
     1
 90
        1
176
     1
 90
        1
176
     1
 40
1.0
176
     1
 90
        0
176
     1
 62
   257
176
     1
 40
1.0
176
     1
 90
        1
176
     1
 90
        6
176
     1
 90
        2
176
     1
 62
     7
176
     1
 90
        3
176
     1
 90
        0
176
     1
 90
        0
176
     1
290
     0
176
     1
 90
        1
176
     1
 40
0.0
176
     1
 90
        0
176
     1
290
     0
176
     1
290
     1
176
     1
290
     1
176
     1
290
     0
176
     1
290
     0
176
     1
290
     0
176
     1
290
     0
176
     1
290
     0
176
     1
290
     0
176
     1
 90
       50
176
     1
 40
0.0
176
     1
 40
1.0
176
     1
 90
        0
176
     1
 62
    18
420
        0
176
     1
 90
       50
176
     1
 90
        3
176
     1
 62
     5
420
      255
176
     1
290
     0
176
     1
 90
       50
176
     1
 90
       50
176
     1
 90
       50
176
     1
290
     0
176
     1
 90
       50
176
     1
 62
   256
176
     0
 40
1.0
176
     0
 90
        2
176
     1
  1
strokes_ogs.tif
176
     1
290
     0
176
     1
 40
1.0
176
     1
 40
1.0
176
     1
1001
ACAD
1000
AcDbSavedByObjectVersion
1070
     0
  0
VISUALSTYLE
  5
1F1
102
{ACAD_REACTORS
330
EF
102
}
330
EF
100
AcDbVisualStyle
  2
X-Ray
 70
    25
177
     3
291
     0
 70
    58
 90
        2
176
     1
 90
        2
176
     1
 90
        1
176
     1
 90
        1
176
     1
 40
0.5
176
     1
 40
30.0
176
     1
 62
     7
420
 16777215
176
     1
 90
        1
176
     1
 90
        0
176
     1
 62
     7
176
     1
 62
   257
176
     1
 90
        1
176
     1
 90
        1
176
     1
 40
1.0
176
     1
 90
        8
176
     1
 62
     7
176
     1
 40
1.0
176
     1
 90
        1
176
     1
 90
        6
176
     1
 90
        2
176
     1
 62
     7
176
     1
 90
        3
176
     1
 90
        0
176
     1
 90
        0
176
     1
290
     0
176
     1
 90
       13
176
     1
 40
0.0
176
     1
 90
        0
176
     1
290
     0
176
     1
290
     1
176
     1
290
     1
176
     1
290
     0
176
     1
290
     0
176
     1
290
     0
176
     1
290
     0
176
     1
290
     0
176
     1
290
     0
176
     1
 90
       50
176
     1
 40
0.0
176
     1
 40
1.0
176
     1
 90
        0
176
     1
 62
    18
420
        0
176
     1
 90
       50
176
     1
 90
        3
176
     1
 62
     5
420
      255
176
     1
290
     0
176
     1
 90
       50
176
     1
 90
       50
176
     1
 90
       50
176
     1
290
     0
176
     1
 90
       50
176
     1
 62
   256
176
     0
 40
1.0
176
     0
 90
        2
176
     1
  1
strokes_ogs.tif
176
     1
290
     0
176
     1
 40
1.0
176
     1
 40
1.0
176
     1
1001
ACAD
1000
AcDbSavedByObjectVersion
1070
     0
  0
DICTIONARYVAR
  5
146
102
{ACAD_REACTORS
330
5E
102
}
330
5E
100
DictionaryVariables
280
     0
  1
1:1
  0
DICTIONARYVAR
  5
259
102
{ACAD_REACTORS
330
5E
102
}
330
5E
100
DictionaryVariables
280
     0
  1
3.500000
  0
DICTIONARYVAR
  5
25A
102
{ACAD_REACTORS
330
5E
102
}
330
5E
100
DictionaryVariables
280
     0
  1
acadiso.lin
  0
DICTIONARYVAR
  5
145
102
{ACAD_REACTORS
330
5E
102
}
330
5E
100
DictionaryVariables
280
     0
  1
STANDARD
  0
DICTIONARYVAR
  5
84
102
{ACAD_REACTORS
330
5E
102
}
330
5E
100
DictionaryVariables
280
     0
  1
STANDARD
  0
DICTIONARYVAR
  5
227
102
{ACAD_REACTORS
330
5E
102
}
330
5E
100
DictionaryVariables
280
     0
  1
Metric50
  0
DICTIONARYVAR
  5
228
102
{ACAD_REACTORS
330
5E
102
}
330
5E
100
DictionaryVariables
280
     0
  1
Metric50
  0
DICTIONARYVAR
  5
5F
102
{ACAD_REACTORS
330
5E
102
}
330
5E
100
DictionaryVariables
280
     0
  1
2
  0
DICTIONARYVAR
  5
63
102
{ACAD_REACTORS
330
5E
102
}
330
5E
100
DictionaryVariables
280
     0
  1
1
  0
DICTIONARYVAR
  5
1A85
102
{ACAD_REACTORS
330
5E
102
}
330
5E
100
DictionaryVariables
280
     0
  1
BYLAYER
  0
DICTIONARYVAR
  5
1A84
102
{ACAD_REACTORS
330
5E
102
}
330
5E
100
DictionaryVariables
280
     0
  1
ByLayer
  0
DICTIONARYVAR
  5
1AE
102
{ACAD_REACTORS
330
5E
102
}
330
5E
100
DictionaryVariables
280
     0
  1
0
  0
DICTIONARYVAR
  5
1AF
102
{ACAD_REACTORS
330
5E
102
}
330
5E
100
DictionaryVariables
280
     0
  1
0
  0
DICTIONARY
  5
25F3
102
{ACAD_REACTORS
330
25F1
102
}
330
25F1
100
AcDbDictionary
281
     1
  0
DICTIONARY
  5
25F2
102
{ACAD_REACTORS
330
25F1
102
}
330
25F1
100
AcDbDictionary
281
     1
  3
1949788437312
350
25EC
  3
1949788437328
350
25ED
  3
1949788437344
350
25EE
  3
1949788437360
350
25EF
  3
1949788437376
350
25F0
  0
DICTIONARY
  5
25FA
330
249A
100
AcDbDictionary
280
     1
281
     1
  3
ACAD_XREC_ROUNDTRIP
360
25FB
  0
DICTIONARY
  5
25F6
330
21C
100
AcDbDictionary
280
     1
281
     1
  3
ACAD_XREC_ROUNDTRIP
360
25F7
  0
DICTIONARY
  5
205
330
22
100
AcDbDictionary
280
     1
281
     1
  0
DICTIONARY
  5
1F9
330
ED
100
AcDbDictionary
280
     1
281
     1
  3
FBXASSET
360
1FA
  0
DICTIONARY
  5
1F7
330
EC
100
AcDbDictionary
280
     1
281
     1
  3
FBXASSET
360
1F8
  0
DICTIONARY
  5
173
330
EE
100
AcDbDictionary
280
     1
281
     1
  3
BUMPTILE
360
175
  3
DIFFUSETILE
360
174
  3
FBXASSET
360
1FB
  3
OPACITYTILE
360
176
  3
REFLECTIONTILE
360
177
  0
DICTIONARY
  5
25F8
330
2499
100
AcDbDictionary
280
     1
281
     1
  3
ACAD_XREC_ROUNDTRIP
360
25F9
  0
DICTIONARY
  5
25F4
330
21A
100
AcDbDictionary
280
     1
281
     1
  3
ACAD_XREC_ROUNDTRIP
360
25F5
  0
DICTIONARY
  5
162
330
7F
100
AcDbDictionary
280
     1
281
     1
  3
ACAD_ROUNDTRIP_2008_TABLESTYLE_CELLSTYLEMAP
360
25EA
  0
XRECORD
  5
25EC
102
{ACAD_REACTORS
330
25F2
102
}
330
25F2
100
AcDbXrecord
280
     1
  1
AcDb_Thumbnail_Schema
102
{ATTRRECORD
341
25ED
  2
AcDbDs::TreatedAsObjectData
280
     1
291
     1
102
ATTRRECORD}
102
{ATTRRECORD
341
25EE
  2
AcDbDs::Legacy
280
     1
291
     1
102
ATTRRECORD}
  2
AcDbDs::ID
280
    10
 91
        8
102
{ATTRRECORD
341
25EF
  2
AcDs:Indexable
280
     1
291
     1
102
ATTRRECORD}
102
{ATTRRECORD
341
25F0
  2
AcDbDs::HandleAttribute
280
     7
282
     1
102
ATTRRECORD}
  2
Thumbnail_Data
280
    15
 91
        0
  0
XRECORD
  5
25ED
102
{ACAD_REACTORS
330
25F2
102
}
330
25F2
100
AcDbXrecord
280
     1
  1
AcDbDs::TreatedAsObjectDataSchema
  2
AcDbDs::TreatedAsObjectData
280
     1
 91
        0
  0
XRECORD
  5
25EE
102
{ACAD_REACTORS
330
25F2
102
}
330
25F2
100
AcDbXrecord
280
     1
  1
AcDbDs::LegacySchema
  2
AcDbDs::Legacy
280
     1
 91
        0
  0
XRECORD
  5
25EF
102
{ACAD_REACTORS
330
25F2
102
}
330
25F2
100
AcDbXrecord
280
     1
  1
AcDbDs::IndexedPropertySchema
  2
AcDs:Indexable
280
     1
 91
        0
  0
XRECORD
  5
25F0
102
{ACAD_REACTORS
330
25F2
102
}
330
25F2
100
AcDbXrecord
280
     1
  1
AcDbDs::HandleAttributeSchema
  2
AcDbDs::HandleAttribute
280
     7
 91
        1
284
     1
  0
XRECORD
  5
25FB
102
{ACAD_REACTORS
330
25FA
102
}
330
25FA
100
AcDbXrecord
280
     1
102
DISPLAYNAME
  1
Imperial24
102
FLAGS
 90
        0
  0
XRECORD
  5
25F7
102
{ACAD_REACTORS
330
25F6
102
}
330
25F6
100
AcDbXrecord
280
     1
102
DISPLAYNAME
  1
Metric50
102
FLAGS
 90
        0
  0
XRECORD
  5
1FA
102
{ACAD_REACTORS
330
1F9
102
}
330
1F9
100
AcDbXrecord
280
     1
 70
     1
 90
429727718
  1
D62C5603-E3A1-4AEA-B7FB-FE5D8D0755AF
310
504B03040A0000080000CC70623B3DEE336E79000000790000001B0000006175746F6465736B2D64657369676E2D7061636B6167652E786D6C3C3F786D6C2076657273696F6E3D22312E302220656E636F64696E673D227574662D3822203F3E3C666F726D6174733E3C666F726D61743E687474703A2F2F736368656D612E
310
6175746F6465736B2E636F6D2F64657369676E2D7061636B6167652F323030393C2F666F726D61743E3C2F666F726D6174733E504B0304140006080800CC70623BD486FD9CA0000000F4000000130000005B436F6E74656E745F54797065735D2E786D6C7D8EC10E82300C865F65E91D8A1E8C310C0EEA1BF002731658846E
310
D98AC1B77784ABF1D8FE5FBFBF75BBCE937A534CCEB38643598122B6FEE978D0B0485F9C41B54DDD7D022595594E1A469170414C76A4D9A4D207E29CF43ECE46F218070CC6BECC4078ACAA135ACF422C856C0E68EA1BF5669944DDD7BCDE7B1F8E415D77AECB980613C2E4AC91FC167A2B244592486606FC29C8FD7F045B9A
310
EF7053A7E60B504B0304140006080800CC70623B853B8169EB0000007C01000008000000636F72652E786D6C8D90416EC3201045AF62CDB6C206821CC7C244919D9CA01740401C94182C03558F5F9C3852BBEB6A467FFE9B197D7EFC9E1EC5975982F5AE035262288C535E5B377690E21535501C055FBC8FBF6C503839990E
310
5619041F179FE64D52DE45E362569DD7661365082642A11EB9E920A89B99642953CC8E702F67A9EE7234257977194EC9EAE275C4EABCCF5EAD5940D4AC6F0E35A568B8F43562CD7046CD199FD07E60174276A7BE677B5EADB0E0D14EEFFB6A31321A0D82627C4084204C3F096B71DD52F6819B16635EADF63F509AF53FA164
310
5DDCD1EDDD17164090FCC8732078B56691CB33A85CD7DCC40F504B0304140006080800CC70623B55019EA25F0000007C00000007000000636E782E786D6C4DCB3B0E80201045D1AD90E915ED2CF8AC45050C11660C8261F98AB1B07AC9C97D42D718D865D3E909258CFD00CCE24AC6E326A164D74DC0B4128928FF32603847
310
2BA13128B1252AC747C6BAB984FC68F0B87FE8960A5C09FE86CFB69FBA01504B0304140006080800CC70623BDBABAAF470010000D40300000C0000006662782F636F72652E786D6CC553D16E823014FD95A6AF4B694182CC941A83FA05FB810A9511A125A5257EFE2E82712ECEB8A7F100CD39F7F69E734AF9FADC366850B6
310
AF8DCE7018308C942E4C59EB2AC3DE1D498AD15A706B8CFB56869196ADCAF00863C12B6B7C374385D14E6907A836A59A41D9F7CA615434B0C8705F7CAA5606D23BA8E84F41278B93AC54100640439DE0BDB320004D43C63716C7C399D30917DCFBBA9CD9BA8469F5B156168B24CED3F7248AC8769F27244EB73B92EED8862C
310
B7F13E0C179B3C8F979C8ECD82BBBABDAA2BAC924E9558448CBD9330242CFA08E3154B5651FCC6D215639C8EE5774DBE2B5F6CF2B5768B68963BB5F5588420E442FC700B1139D4CB01F450C1E918227C2E09DF070D8140C84E1E9AAB8F1340832A9CB13130A5F1376A908D57309505ECF2A0DF179C4E9D30F5B239B87E3823
310
7A79C6F31DE1A8A5AEC08474B03C7837EAE4938639B44E5932B833D2C6B6B279CDC613877FA26EE21F4A2A4C63EC7F29A2F301D1F9F7A0E37D145F504B0304140006080800CC70623B9C113CC27E0000009D0000000B0000006662782F636E782E786D6C4DCCDF0A83201C86E15B91DFB94BFB330DD428C8FB886521330DA7
310
6397BF1A1DECE883878F57749FCDA1B7892F1BBC047A23808C7F84D9FA55424E0BE6803A256208E9EF06C84F9B91703228B1C690F78B66B34CD9A5439DF5CF0BFBF65E35BCA1B8D6A5C6F540381E886698B5741C695F9503EBA150A2F8958E3DC3EA0B504B0304140006080800CC70623B7DF2F77C2A010000120200003100
310
00006662782F41393633353835312D344632462D344230382D423046372D3739314545314133324237412F636F72652E786D6C8D51DB8EC22014FC15C2939B0D2DB4B45643319AE817EC0F6041255A68B86CFCFC856D4D76DF7CE190393373060EDB3DC707F856CE6B6B7A480A0C81328395DA5C7B18C3057510EC3873D686
310
3F34088C18550F330C39BB3A1BA7051AAC09CA84841A2BD5020AEF55806078A44B0FFD7053A328440C89E1EFC52486BBB8AA8214A99D789CF9E05200300FC927E4FB4D5B375D43103D5527440FB843077C5AA3F5861C8F645F5787F59E95B390B318B55CE45AA638FAA2957BD7248B390B7A7CC51F9C124149C82B8C378810
310
84AB2F42B7B8DD56F413775B8C5999E9FF4471926F8AA236A1AE96B8B3CC434E5839373893369E1FAF30EA395917409EB7F26AF8801C171837A4A6AC9C89E9F9C9B1A58BA30FD6A5EF5DDDCF894B9AD9B6A59C957943A9FCAE2FD5BC4DFE03504B0304140006080800CC70623BAD7543B64E01000033030000300000006662
310
782F41393633353835312D344632462D344230382D423046372D3739314545314133324237412F636E782E786D6CD593CD6EC32010845F0571AD6CE3D48AD20813A9873E410FBD12D82434182C7EAAE6EDBB2424CD25871E7B41D6EC30B3FA84F9E67BB2E40B4234DE8DB46F1925E094D7C6ED479AD3AE5951B2113C789FEE
310
6C943839C1488B4C05DF079FE72A69D8C96C13AAD6B8631503449F83828872B949AC57D26200B826A308D316B4064D6E46FCDA41C05550DC9E483A00797BFD207EFB092A45DE9514C1BBD22178396BD39D891265658C238DEA00936C654E5E433CB65A26D9F6EDB5EBC14EBF49A45CB856E66048291F6939A9A81BB5C89177
310
38143CA680F4AA299D66A042CEB3354A2684DC9D8D178FE0D9B8B41CAAD720F880EE7EF93C0C18769E099ECC04D5A102C8049A8A05632F4DDF376CF1DE0F6BB65C2F8627B65A33C6BB62177CEBBDAD973006829F89F22E814B54F4BC2BE347F8AA8F681390B50FA73F804400B5F542E796F19FF974E7F78DB802FE05E20750
310
4B0304140006080800CC70623BE75B7789680500003C100000340000006662782F41393633353835312D344632462D344230382D423046372D3739314545314133324237412F6F626A656374732E786D6CAD575B8F9B3818FD2B887D06C22499CB8AA1CA655245D5B455A356FB305264C061D8018C6C3393D95FBFC7600890
310
A4CD5EF210B0B1BFEBF98E3F7B1FF6596ABC522E1296DF9BAE3D320D9A872C4AF2F8DE2CE5CEBA358D0FBEC719939D65A691938CDE9B6ADAF4BD98B3B2D05311DD91329583D9D5FC0F438434A7A611A644887B5384CF34233629258BA878B12322891DEFF6B66BD70BFB62634E8AE781D082709A4B588AF91C528CDA28B73F
310
1C998EEF39EABBEFA97FBD6A7C7E9553F9D3D79FE442923C3C523610337627CB87ABE99D359D4CC6D6E4FACAB5E6ABF9D2726FC6A3C5F56271377BB88362213924694B38DD99FE47C48627A1E7D49F5A8BB5E1A74C0A599ED3B0F21F1E56366B89112D681E218F0915D0D6F17AD41FBA2A369DCF6335D62ABBD39779D5DDD1
310
11D4D8DE3CBB96B2E04FB8202E41051754A1AA8E8F76B4C6DFE810B580B1547F4B84911149794252234D024EF8BBE963A95AE27B3D310A9D5C215C7960FAEE415ED75694C6AFB17BCACA5D99A60A9AA65F217B0BFC53292ACB92BF283FAD0D3621576592CB5BED907C2FA8E9DF794E35E97BEA31BED21FEB401ABB94C44839
310
DCACBF0E1C5DA8DA5B2F4DFFD32AD86F543D9E565E7056502E157C00AD2671CD534549AB752FCA9CDA00677A313F04E51B22FF19E57B300579E3C97EB29F682D92935CEC18CF901B7B54FD8C51F362B56FC72FE0B3C1EAE335EDCCBF5AEC39ADB17DC238973F804BA5E6F6BFE7AF1FB32E523BE9F3BD571418E3631DCA4D48
310
5250CF639223210A9446CA30052EDF057BD35F8329C1ECD84552BF0DC8D18BE7BCE23BFE6BD960AB4A7DE79923A103BEBD80F911CBAA2C60DB19B01CF164A5583B772EE6D3FFA56666CBCDA74DC97724A48F9A58967497E489C4D979006FD7A05E227A1EBDD0F737C623387A9C844D3709995625106D157315F8B8392CD4E0
310
A0B9A720C4BE9829CEF37EA1E13111214D53925356365ADA634861B52519DD27A00AEB808EAF0628E6F435519D446F45CF2C9CF5214F0A15B2F6D06B79DA3EE3CBF7F56780D2F4E7EF73A0F5E5B02A38D07DC852C6B7C1FBB6664213E0C39E3EBA7FF4E1AD23EA2829407C85E586727488B751B2DB9502BC7B228A3FD68B6E
310
A65A22397E690AA8D158D7E404EC8CDA235CC3B7D1898680131CEC2CDF2638C65196279577750F15884AEE19F94199155B92B13297978469D4F8D358DF0AEF7631E28DC8F0D9F437D5D39A83B2231A1D52D543813A824EF8D44BCFF2FA6A31BD1E8DAD87F1CCB526B3879935BF59CDADD5C37479BB1CDD4CA7B3556B516589
310
EF352754B706114D9C885EC9131DE6EFEB43D99AFE2391C2F958179413D7CFEF6B1B6DB1E7600F00DE6E5C67454A339A4BA2E0FBA85ED26F045D454F463DBFCE484C2F90F2E5E3666003662ED8F755951A7D1BECD5B30B550B2785C8E7320B7292A4838DDA71BBC863ED7613CAF659337A3354231D4FF4A182A54904C2898C
310
98B28C4AD0CE056CCF332A80986E571EE9DBC305BB5FEB7E509220A58D25CF042D712A806AC0AD0C657FDEF80D2D9CEAA2EE4D1C76F60BFE74219A06527D6F82DF6412526107381E55E353090704D085B52408A8913C4ED159D79BDA71BB4BC506F4831350EB6F975CD22D69BF7AC49B91A2C0A9DDA3D5CA36AD20FC478E37
310
E61844E2352865EBCB61A275A65283CAAA9DD27703B4102F5AF51EF5F573B75CBB5AD38BC845F7A49F82A0966A49C2E3EA5EA0ECD326CD965F1DB402C6FA8B51A4658C5C5E2EC9E214602E55810345408596591009A82E7E7FFACA19EEA299B14A0081A705CB3296EBC14CDF658DCD336EA6D1136881AAEB87B81AB9EE53D5
310
F5EB8BC8362082DA24122F98680A4E7930C01A0079749CEA14382A0783E5EBA5A10F8C098456A03D6A4AEB6BB881E2513747552A5DB22C7EDAF83BD5528081A365F7FF06504B0304140006080000CC70623B000000000000000000000000350000006662782F41393633353835312D344632462D344230382D423046372D37
310
39314545314133324237412F76657274696365732E62696E504B0304140006080800CC70623BF270F1330600000004000000360000006662782F41393633353835312D344632462D344230382D423046372D3739314545314133324237412F747269616E676C65732E62696E636660600000504B0304140006080000CC7062
310
3B000000000000000000000000370000006662782F41393633353835312D344632462D344230382D423046372D3739314545314133324237412F617474726962757465732E62696E504B0304140006080800CC70623B08DA0BD19000000041010000360000006662782F41393633353835312D344632462D344230382D4230
310
46372D3739314545314133324237412F6469726563746F72792E786D6C858F410AC3201045AF22B36F53E9A60B35CBEEBAE80D244E44489C6234F4F835464A48035D0DF398FF9F8AF63D0E6CC63039F212F8F9020C7D47C6792B21C5FE7403D62A1188E2E60C98D7234A5830286103A55745067B9D86B8A3CF9C7F90C11DE6
310
07FB144396D7B6A82D282E9A152AD114D5EF2CB866EEE831B8EEA07A7BB5A8D7D61A2BAAEB7FD5F70921FF497D00504B0304140006080800CC70623BEDD1DC58FD000000A00100003B0000006662782F41393633353835312D344632462D344230382D423046372D3739314545314133324237412F7265736F75726365732F
310
636F72652E786D6C8D504B6E833010BD0A9A6D65B00922041947112427E8052C33A156828DFCA97AFC9A40A576D7CDCCE87D344F8F9FBFE667F689CE6B6B3A6039850C8DB2A336530731DC4903D95970676DF82583CCC8193B5861107C72362E3BA4AC096842428D1D7107A5F7182053CF7474E0D507CE32973124857FE48B
310
540F3961CEF244279DE03EB81420DB9EAC1384436FA353E879B1B182C7A8C75DA3C7F453DF353A1075D537A7BA6464B8F535A99AE14A9A2BBD90E350DD183B5CFABE3AF262350B1EF4FC9351399401471025A527C218A1E53BAB5A5AB765F5469B96525EACF23FA6B88CFF34456DC2A1DCE36E360F82A5202F42F062ED2BAD
310
579969AFDD8A6F504B010214000A0000080000CC70623B3DEE336E79000000790000001B00000000000000000000000000000000006175746F6465736B2D64657369676E2D7061636B6167652E786D6C504B01021400140006080800CC70623BD486FD9CA0000000F40000001300000000000000000000000000B20000005B
310
436F6E74656E745F54797065735D2E786D6C504B01021400140006080800CC70623B853B8169EB0000007C010000080000000000000000000000000083010000636F72652E786D6C504B01021400140006080800CC70623B55019EA25F0000007C000000070000000000000000000000000094020000636E782E786D6C504B
310
01021400140006080800CC70623BDBABAAF470010000D40300000C00000000000000000000000000180300006662782F636F72652E786D6C504B01021400140006080800CC70623B9C113CC27E0000009D0000000B00000000000000000000000000B20400006662782F636E782E786D6C504B01021400140006080800CC70
310
623B7DF2F77C2A010000120200003100000000000000000000000000590500006662782F41393633353835312D344632462D344230382D423046372D3739314545314133324237412F636F72652E786D6C504B01021400140006080800CC70623BAD7543B64E010000330300003000000000000000000000000000D2060000
310
6662782F41393633353835312D344632462D344230382D423046372D3739314545314133324237412F636E782E786D6C504B01021400140006080800CC70623BE75B7789680500003C10000034000000000000000000000000006E0800006662782F41393633353835312D344632462D344230382D423046372D3739314545
310
314133324237412F6F626A656374732E786D6C504B01021400140006080000CC70623B0000000000000000000000003500000000000000000000000000280E00006662782F41393633353835312D344632462D344230382D423046372D3739314545314133324237412F76657274696365732E62696E504B01021400140006
310
080800CC70623BF270F133060000000400000036000000000000000000000000007B0E00006662782F41393633353835312D344632462D344230382D423046372D3739314545314133324237412F747269616E676C65732E62696E504B01021400140006080000CC70623B0000000000000000000000003700000000000000
310
000000000000D50E00006662782F41393633353835312D344632462D344230382D423046372D3739314545314133324237412F617474726962757465732E62696E504B01021400140006080800CC70623B08DA0BD1900000004101000036000000000000000000000000002A0F00006662782F41393633353835312D344632
310
462D344230382D423046372D3739314545314133324237412F6469726563746F72792E786D6C504B01021400140006080800CC70623BEDD1DC58FD000000A00100003B000000000000000000000000000E1000006662782F41393633353835312D344632462D344230382D423046372D3739314545314133324237412F7265
310
736F75726365732F636F72652E786D6C504B0506000000000E000E0080040000641100000000
  0
XRECORD
  5
1F8
102
{ACAD_REACTORS
330
1F7
102
}
330
1F7
100
AcDbXrecord
280
     1
 70
     1
 90
429727718
  1
30362254-06B7-45E0-A893-8CFA70E3D6BC
310
504B03040A0000080000CC70623B3DEE336E79000000790000001B0000006175746F6465736B2D64657369676E2D7061636B6167652E786D6C3C3F786D6C2076657273696F6E3D22312E302220656E636F64696E673D227574662D3822203F3E3C666F726D6174733E3C666F726D61743E687474703A2F2F736368656D612E
310
6175746F6465736B2E636F6D2F64657369676E2D7061636B6167652F323030393C2F666F726D61743E3C2F666F726D6174733E504B0304140006080800CC70623BD486FD9CA0000000F4000000130000005B436F6E74656E745F54797065735D2E786D6C7D8EC10E82300C865F65E91D8A1E8C310C0EEA1BF002731658846E
310
D98AC1B77784ABF1D8FE5FBFBF75BBCE937A534CCEB38643598122B6FEE978D0B0485F9C41B54DDD7D022595594E1A469170414C76A4D9A4D207E29CF43ECE46F218070CC6BECC4078ACAA135ACF422C856C0E68EA1BF5669944DDD7BCDE7B1F8E415D77AECB980613C2E4AC91FC167A2B244592486606FC29C8FD7F045B9A
310
EF7053A7E60B504B0304140006080800CC70623B1EC5D7A3EB0000007C01000008000000636F72652E786D6C8D90416EC3201045AF82665B6103C6756C6122AB4D4ED00B204C5C94182C03558F5F9C3852BBEB6A467FFE9B197D71FC9E6FE8CBACC17AD7032D0820E3B41FAD9B7A48F1820F808E52ACDEC75F36404ECDA687
310
4D0629A6D5A76597B477D1B89855E747B38B2A041301E95B6E7A08FAD3CCAA50296647B8168BD2573599823EBB0CA76447F43862C7BCCF5EAC59410E4DDD9C7973C2755553CCCFA4C603E3040F1565ED3B1FDE4E432BCA0D9622DAF9795FAF464533826484B498524CD807E51D79ED187F21878E10516EF63F505AC67F42C9
310
BA58B1FDDD071640D2FCC87D2045B96591CB3DA85CB7DCE40F504B0304140006080800CC70623B55019EA25F0000007C00000007000000636E782E786D6C4DCB3B0E80201045D1AD90E915ED2CF8AC45050C11660C8261F98AB1B07AC9C97D42D718D865D3E909258CFD00CCE24AC6E326A164D74DC0B4128928FF32603847
310
2BA13128B1252AC747C6BAB984FC68F0B87FE8960A5C09FE86CFB69FBA01504B0304140006080800CC70623B8C9102E971010000D40300000C0000006662782F636F72652E786D6CC5535B6E833010BC8AE5DF0A6C08340F1947A84D4ED00B38C6A128602363A31CBFCB234A53A551FA553EC09AD9F5CE8C31DB9E9B1AF5CA
310
7695D1198E428A91D2D214952E33ECDD315861B4E5CC1AE3BE9561A445A3323CC098B3D21ADFCE9034DA29ED00D5A6503328BA4E398C640D8B0C77F253352214DE4145770A5B214FA2546114020D759C75CE8200340D19DE981F0F6746269C33EFAB6266AB02A655C74A59CCF365BADC27CB5D902ED22848F6340DF238A141
310
BE88E2F57B92BFEDF23523433367AE6A2EEAA455C2A902F398D2751045018D3FA264435F3771F242571B4A1919CA6F9A7C5B3CD9E42BED16F12C776AEB308F40C848FC700B1139D4891EF410CEC810227CC6846F8386402064270EF5C5C709A05E49676C024C61FC95EA45ED154CA5211D1FF4FB8291A913A68E9B83EBBB33
310
E2A7673CDE118E5AE8124C0807CB8377834E366998436B950D7A7746DAD846D4CFD978E0F04FD455FC5D49D2D4C6FE9722321F10997F0F32DC47FE05504B0304140006080800CC70623BFFEA85907E0000009D0000000B0000006662782F636E782E786D6C4DCCD10A83201886E15B91FFDC95D95A811AB6F23E625948A6C3
310
E9D8E5AF46073BFAE0E1E365ED67B3E8ADC3CB78C7815C7240DA3DFC64DCC221C519D7805AC182F7F1EF06C88D9BE6703008B6049F9E274D7A1E938DBB5AE3D6131B2589BA0D3D965551E0B2EA732C9B9A624AAEB41E3A557677029960D9AFB4EF11165F504B0304140006080800CC70623B4FEEA4082C0100001202000031
310
0000006662782F39464131463745442D413632322D343644302D413938332D3331353338454246344243312F636F72652E786D6C8D515B6EC32010BC0AE2AB55850DD871ED0813254D72825EC00192A2C460F1A872FC42ED48ED5F7E00CDCECCCEB26C731F6FE05B39AFADE921293004CA082BB5B9F43086336A21D870E6AC
310
0D7F68109861543DCC30E4ECE26C9C164858139409093556AA051CBC570102714B8F1E7AF1A5C6A11862480C7F2DA6415C878B2A4891CA89C7990F2E050073937C42DE1DB7E4F87ED8A36D4329AA9B3D46DBAEAD504556557BD81DEBDD0761E52CE42C462D17B996298E3E6BE59E35C962CE821E1FF18553435012728A7187
310
0841987E927A8D9B35ADDF70BBC6989599FE4F1427F9A4286A132ABAC49D651EF234CD5CE04CDA78BA3DC2A8FB645D00B9DF8B57E215725C60BCA2A463E54C4CE327C7A65E1C7DB02E7DEFCBF594B864C5CA6CDBD49C957943E9FA5D5FBAF336F90F504B0304140006080800CC70623BAD7543B64E01000033030000300000
310
006662782F39464131463745442D413632322D343644302D413938332D3331353338454246344243312F636E782E786D6CD593CD6EC32010845F0571AD6CE3D48AD20813A9873E410FBD12D82434182C7EAAE6EDBB2424CD25871E7B41D6EC30B3FA84F9E67BB2E40B4234DE8DB46F1925E094D7C6ED479AD3AE5951B2113C
310
789FEE6C943839C1488B4C05DF079FE72A69D8C96C13AAD6B8631503449F83828872B949AC57D26200B826A308D316B4064D6E46FCDA41C05550DC9E483A00797BFD207EFB092A45DE9514C1BBD22178396BD39D891265658C238DEA00936C654E5E433CB65A26D9F6EDB5EBC14EBF49A45CB856E66048291F6939A9A81BB5
310
C8917738143CA680F4AA299D66A042CEB3354A2684DC9D8D178FE0D9B8B41CAAD720F880EE7EF93C0C18769E099ECC04D5A102C8049A8A05632F4DDF376CF1DE0F6BB65C2F8627B65A33C6BB62177CEBBDAD973006829F89F22E814B54F4BC2BE347F8AA8F681390B50FA73F804400B5F542E796F19FF974E7F78DB802FE05
310
E207504B0304140006080800CC70623B16AB87BA640500003C100000340000006662782F39464131463745442D413632322D343644302D413938332D3331353338454246344243312F6F626A656374732E786D6CAD575B6FA33818FD2B887DE6924B3BED8A326A92B68A663B534DD4D13E548A0C38942D60649B369D5FBFC7
310
600890A493BDE42160637FD7F31D7FF63E6FB3D478A55C242CBF3247B66B1A340F5994E4F19559CA8D75611A9F7D8F33263BCB4C232719BD32D5B4E97B316765A1A722BA21652A07B3B7B33F0D11D29C9A46981221AE4C113ED38CD8A4942CA2E2C58E882476BCD9DA23BB5ED8171B73523C0F841684D35CC252CCE79062D4
310
468DFA43D7747CCF51DF7D4FFDEB5593E3AB9CCA9FBEFE241792E4E19EB28198C968BAB8199F5D5A67D3E9C49A9E8F47D6EC76B6B0469F26EEFC7C3EBFBCBEB98462213924694B38DD98FE1D62C393D073EA4FADC5DAF04326852CCF6958F90F0F2B9BB5C48816348F90C7840A68EB78EDF68723159BCEE7891A6B95DDE9D3
310
BCEAEEE8086A6C6F9E5D4B59F0175C10A7A0820BAA5055C7473B5AE3CFDD452D602CD5DF12616444529E90D448938013FE6EFA58AA96F85E4F8C42275708571E98FE6827AF6B2B4AE3D7D83D64E5A64C53054DD3AF90BD06FEA9149565C94FCA0F6B834DC85599E4F2423B24DF0B6AFA979E534DFA9E7A4CC6FA631D486393
310
921829879BF5D781A373557BCB85E97FB90DB62B558F8795179C15944B051F40AB495CF35451D26A4727654E6D8033BD98EF82F21D91FF8AF2DD9982BCF1643BDD4EB516C9492E368C67C88DED563FC36D5EACF66DFF057C3658BDBFA69DF9578B3DA735B64F18C7F20770A9D45CFCF7FCF563D6456A277DBEF78A02637CA2
310
43B90A490AEAB94F72244481D24819A6C0E59B606BFA4B3025981DBB48EAB701D97BF19C577CC77F2D1B6C55A9EF3C732474C0B727303F625995056C3B02963D9EAC146BE78EC5FCEC7FA999EBC5EACBAAE41B12D27B4D2C0BBA49F244E2ECDC81B76B502F113D8F5EE8FB1BE3111CDD4FC2AA9B844CAB1288B68AB90A7CDC
310
1C166AB0D3DC5310625FCC14E779BFD0709F8890A629C9292B1B2DED31A4B0DA928CEE135085754027E3018A397D4D5427D15BD1330B677DC8934285AC3DF45A9EB68FF8F2B8FC0A509AFEECFD0FF2DE25CC6047F7214B195F07EFEB9A094D800F7BFAE8FED187B78EA8A3A400F115961BCAD1215E47C966530AF0EE8128FE
310
58CEBB996A8964FFA529A046635D9353B0336A8F700DDF46271A024E70B0B37C9DE01847591E54DED53D54202AB947E4076556AC49C6CA5C9E1226B7F1A7B1BE15DEED62C41B91E1B3E9AFAAA735036547343A925075041DF0A9979E893B391F8FCFA6967B3EFB644DCF6E5CEBFAE272625DCC6FAF3FB93793C5F90CE1EF57
310
407342756B10D1C489E8953CD1617E5CEECAD6F4EF8914CE5D5D504E5C3F1F9736DA62CFC11E00BCDDB8CC8A9466349744C1F75EBDA4DF09BA8A9E8C7A7E9991989E20E5DBDD6A6003664ED8F7A04A8DBE0DF6EAD9B9AA858342E47399053949D2C146EDB85DE4B176BB0965FBAC19BD19AA918E27FA50C1D22402E144464C
310
59462568E704B6E71915404CB72B8FF4EDE184DDAF753F284990D2C6926782963815403548A70C657FDEF80D2D9CEAA2AE4C1C76F60BFE74219A06527D6582DF6412526107381E55E353090704D085B52408D0933C4ED159D79BDA71BB4BC506F4831350EB6F979CD22D69BF7AC49B91A2C0A9DDA3D5CA36AD20FC478E37E6
310
1844E2352865EBCB6EA275A652E3836BE04EFB400BF1A2556F515F1FBB35B2AB35BD889C744FFA1004B5544B121E57F70215746DD2F5E2C1412B602CBF19455AC6C8E5E9922C4E01E65215385004546899059180EAFCF7A707CE7017CD8CDB0410789AB32C63B91E5CEBBBACB17AC6CD347A022D5075FD106377347AAABA7E
310
7D11590744509B44E205134DC1290F06580320F78E537D3D73540E06CB970B431F185308AD40BBD794D6D77003C5A36E8EAA54BA64597CD8F83BD552A080A365F7FF06504B0304140006080000CC70623B000000000000000000000000350000006662782F39464131463745442D413632322D343644302D413938332D3331
310
353338454246344243312F76657274696365732E62696E504B0304140006080800CC70623BF270F1330600000004000000360000006662782F39464131463745442D413632322D343644302D413938332D3331353338454246344243312F747269616E676C65732E62696E636660600000504B0304140006080000CC70623B
310
000000000000000000000000370000006662782F39464131463745442D413632322D343644302D413938332D3331353338454246344243312F617474726962757465732E62696E504B0304140006080800CC70623B08DA0BD19000000041010000360000006662782F39464131463745442D413632322D343644302D413938
310
332D3331353338454246344243312F6469726563746F72792E786D6C858F410AC3201045AF22B36F53E9A60B35CBEEBAE80D244E44489C6234F4F835464A48035D0DF398FF9F8AF63D0E6CC63039F212F8F9020C7D47C6792B21C5FE7403D62A1188E2E60C98D7234A5830286103A55745067B9D86B8A3CF9C7F90C11DE607
310
FB144396D7B6A82D282E9A152AD114D5EF2CB866EEE831B8EEA07A7BB5A8D7D61A2BAAEB7FD5F70921FF497D00504B0304140006080800CC70623B0D6EF93BFE000000A00100003B0000006662782F39464131463745442D413632322D343644302D413938332D3331353338454246344243312F7265736F75726365732F63
310
6F72652E786D6C8D50596E833010BD0A9ADFCA60B334011947A8694ED00B586642AC041B79A97AFC9A40A5F6AF3F33A3B7689E1E3F7DCD8FEC139DD7D6F4C0720A191A65476DA61E62B892236427C19DB5E1970C322367EC618541F0C9D9B8EC90B226A009093576C41D94DE63804C3DD2D18357379C652E63480A7FCF17A9
310
EE72C29CE5894E3AC17D702940B63D59270887DE46A7D0F36263058F518FBB468FE9A7BE6A7420864373B8D4873369AA8691FA421B3294352543C5CAF65C0F6FEF43CB8BD52C78D0F34F46E550061C419494B6843142CB0F5677F4B52BEB177AEC28E5C52AFF638ACBF84F53D42654E51E77B379102C05791282176B5F693D
310
CB4C7BED567C03504B010214000A0000080000CC70623B3DEE336E79000000790000001B00000000000000000000000000000000006175746F6465736B2D64657369676E2D7061636B6167652E786D6C504B01021400140006080800CC70623BD486FD9CA0000000F40000001300000000000000000000000000B20000005B
310
436F6E74656E745F54797065735D2E786D6C504B01021400140006080800CC70623B1EC5D7A3EB0000007C010000080000000000000000000000000083010000636F72652E786D6C504B01021400140006080800CC70623B55019EA25F0000007C000000070000000000000000000000000094020000636E782E786D6C504B
310
01021400140006080800CC70623B8C9102E971010000D40300000C00000000000000000000000000180300006662782F636F72652E786D6C504B01021400140006080800CC70623BFFEA85907E0000009D0000000B00000000000000000000000000B30400006662782F636E782E786D6C504B01021400140006080800CC70
310
623B4FEEA4082C0100001202000031000000000000000000000000005A0500006662782F39464131463745442D413632322D343644302D413938332D3331353338454246344243312F636F72652E786D6C504B01021400140006080800CC70623BAD7543B64E010000330300003000000000000000000000000000D5060000
310
6662782F39464131463745442D413632322D343644302D413938332D3331353338454246344243312F636E782E786D6C504B01021400140006080800CC70623B16AB87BA640500003C1000003400000000000000000000000000710800006662782F39464131463745442D413632322D343644302D413938332D3331353338
310
454246344243312F6F626A656374732E786D6C504B01021400140006080000CC70623B0000000000000000000000003500000000000000000000000000270E00006662782F39464131463745442D413632322D343644302D413938332D3331353338454246344243312F76657274696365732E62696E504B01021400140006
310
080800CC70623BF270F133060000000400000036000000000000000000000000007A0E00006662782F39464131463745442D413632322D343644302D413938332D3331353338454246344243312F747269616E676C65732E62696E504B01021400140006080000CC70623B0000000000000000000000003700000000000000
310
000000000000D40E00006662782F39464131463745442D413632322D343644302D413938332D3331353338454246344243312F617474726962757465732E62696E504B01021400140006080800CC70623B08DA0BD190000000410100003600000000000000000000000000290F00006662782F39464131463745442D413632
310
322D343644302D413938332D3331353338454246344243312F6469726563746F72792E786D6C504B01021400140006080800CC70623B0D6EF93BFE000000A00100003B000000000000000000000000000D1000006662782F39464131463745442D413632322D343644302D413938332D3331353338454246344243312F7265
310
736F75726365732F636F72652E786D6C504B0506000000000E000E0080040000641100000000
  0
XRECORD
  5
175
102
{ACAD_REACTORS
330
173
102
}
330
173
100
AcDbXrecord
280
     1
270
     1
271
     1
  0
XRECORD
  5
174
102
{ACAD_REACTORS
330
173
102
}
330
173
100
AcDbXrecord
280
     1
270
     1
271
     1
  0
XRECORD
  5
1FB
102
{ACAD_REACTORS
330
173
102
}
330
173
100
AcDbXrecord
280
     1
 70
     0
 90
1673772943
  1
ECE7A1D2-D628-4531-984C-D00F80459256
310
504B03040A0000080000CC70623B3DEE336E79000000790000001B0000006175746F6465736B2D64657369676E2D7061636B6167652E786D6C3C3F786D6C2076657273696F6E3D22312E302220656E636F64696E673D227574662D3822203F3E3C666F726D6174733E3C666F726D61743E687474703A2F2F736368656D612E
310
6175746F6465736B2E636F6D2F64657369676E2D7061636B6167652F323030393C2F666F726D61743E3C2F666F726D6174733E504B0304140006080800CC70623BD486FD9CA0000000F4000000130000005B436F6E74656E745F54797065735D2E786D6C7D8EC10E82300C865F65E91D8A1E8C310C0EEA1BF002731658846E
310
D98AC1B77784ABF1D8FE5FBFBF75BBCE937A534CCEB38643598122B6FEE978D0B0485F9C41B54DDD7D022595594E1A469170414C76A4D9A4D207E29CF43ECE46F218070CC6BECC4078ACAA135ACF422C856C0E68EA1BF5669944DDD7BCDE7B1F8E415D77AECB980613C2E4AC91FC167A2B244592486606FC29C8FD7F045B9A
310
EF7053A7E60B504B0304140006080800CC70623BD9DDAED0EC0000007C01000008000000636F72652E786D6C8D90416EC3201045AF82665B61836D9CD8C2444DD39CA01740405C94182C03558F5F9C3852BBEB6A467FFE9B197D7EF89E6EE8CB2CC17A37002D0820E394D7D68D03A478C17B4007C117EFE32F1B20272733C0
310
2A83E0E3E2D3BC49CABB685CCCAAF3DA6CA20CC14440EA969B0182FA34932C648AD911AEC52CD5558EA6A0CF2EC329598D1E47ACCEFBECC59A050463A7EA5833865FEBDD0E37353BE3EE8DBDE3F6786A48D375FBF6CC78B9C282473B3DEFABC5C86834888A900E538A49F5419B9EB47DD5BC907D4F082F57FB1F28CDFA9F50
310
B22ED6D5F6EE030B20687EE43E10BC5CB3C8E51E54AE6B6EE207504B0304140006080800CC70623B55019EA25F0000007C00000007000000636E782E786D6C4DCB3B0E80201045D1AD90E915ED2CF8AC45050C11660C8261F98AB1B07AC9C97D42D718D865D3E909258CFD00CCE24AC6E326A164D74DC0B4128928FF326038
310
472BA13128B1252AC747C6BAB984FC68F0B87FE8960A5C09FE86CFB69FBA01504B0304140006080800CC70623BA24EB22D72010000D40300000C0000006662782F636F72652E786D6CC5535B6E833010BC8AE5DF0A6C5E49888CA3A6694ED00B38E05014B091B1518EDFE511A5A9D228FD2A1F60CDEC7A67C6986DCE4D8D7A
310
69BA4AAB0C073EC548AA5C17952A33ECECD15B61B4E1CC686DBF9561A44423333CC098B3D268D7CE50AE9595CA02AA74216750749DB418E5352C32DCE59FB211BE70162ABA93DF8AFC244AE9073ED050C759670D0840D390E18DF9F1706664C23973AE2A66B62A605A75ACA4C13C4976E1364A12EF355A2EBD384AF65EFA96
310
BC7B8BED2EA6719AAE16FB8491A199335B351775B991C2CA02F390D2D40B028F861F41BCA68B7518BFD0D59A524686F29B26D7164F36B94AD9289CE54E6D1DE6010819891F6E21228B3AD1831EC219194284CF98F06DD01008846CC5A1BEF83801D4CBDC6A1303536877A57A513B0953A94FC707FDBE6064EA84A9E3E6E0FA
310
EE8CF0E9198F7784A316AA0413C2C2F2E0ECA0934D1AE6D05A69BCDE9E91D2A611F573361E38FC1375157F5752AE6B6DFE4B11990F88CCBF0719EE23FF02504B0304140006080800CC70623B408A7D3B7C0000009D0000000B0000006662782F636E782E786D6C4DCCD10A83201886E15B91FFDC552A92A0064DBC8F581632
310
D3703A76F9ABD1C18E3E78F878E5F0D9027ABBFCF2292AE86E2D20171F69F6715550CB827B40839639A5F2770314A7CD293819B45C73AAFB45B35BA61ACAA1C1C7E7855C58C15BC331339661262CC762340413D68D77DA5B42298546CBE6573AF60CEB2F504B0304140006080800CC70623B449FB9BD290100001202000031
310
0000006662782F36394639363044362D344446342D343946362D394244322D3234314243333846323333332F636F72652E786D6C8D515B6EC32010BC0AE22B55850D98B871848994463E412FE002495162B07854397EA176A4F62F3F2C9A9D991D587EB84F37F0AD7D30CEF6905418026DA553C65E7A98E219ED203808EE9D
310
8B7F6810D871D23D2C3014FCE25D9A57483A1BB58D19B54EE9151C43D0110279CB971E06F9A5A7B11A53CC8C70ADE6515EC78BAE4895DB992778883E0700CB907242D17643D7E2538BD869608875438BBAE38922CAC8F1BDD90DB4691A5E2F42C153326A951B95E398B3D1FE599322163C9AE9115F7A3D46ADA0A018778810
310
84E907617BDCEE297BC5BB3DC6BC2EF47FA234AB2745C9D8D8D035EE220B50105E2F0DC1954B9FB747187D9F9D8FA0CCDB042D5FA0C015C65B42DF78BD10F3F3B363CB56C7109DCFDFBBB97E662ED92EB62D13BC2E1BCAE5777DB9966D8A1F504B0304140006080800CC70623BAD7543B64E01000033030000300000006662
310
782F36394639363044362D344446342D343946362D394244322D3234314243333846323333332F636E782E786D6CD593CD6EC32010845F0571AD6CE3D48AD20813A9873E410FBD12D82434182C7EAAE6EDBB2424CD25871E7B41D6EC30B3FA84F9E67BB2E40B4234DE8DB46F1925E094D7C6ED479AD3AE5951B2113C789FEE
310
6C943839C1488B4C05DF079FE72A69D8C96C13AAD6B8631503449F83828872B949AC57D26200B826A308D316B4064D6E46FCDA41C05550DC9E483A00797BFD207EFB092A45DE9514C1BBD22178396BD39D891265658C238DEA00936C654E5E433CB65A26D9F6EDB5EBC14EBF49A45CB856E66048291F6939A9A81BB5C89177
310
38143CA680F4AA299D66A042CEB3354A2684DC9D8D178FE0D9B8B41CAAD720F880EE7EF93C0C18769E099ECC04D5A102C8049A8A05632F4DDF376CF1DE0F6BB65C2F8627B65A33C6BB62177CEBBDAD973006829F89F22E814B54F4BC2BE347F8AA8F681390B50FA73F804400B5F542E796F19FF974E7F78DB802FE05E20750
310
4B0304140006080800CC70623B8D05915C650500003B100000340000006662782F36394639363044362D344446342D343946362D394244322D3234314243333846323333332F6F626A656374732E786D6CAD575B6FA33814FE2B887D06429276DA1565D4266D158D3A339A6846FB502932E050B66023DB74D2FDF5FB190C01
310
9276B2973C046C8ECFF53B17071F77456EBD502133CEAE6CDF9DD81665314F32965ED995DA3A17B6F5310C04E7AA47665B8C14F4CAD6DB7618A48257A5D94AE89654B91AEDDEDDFC61C998326A5B714EA4BCB265FC440BE2924AF184CA6737218AB8E976E7FA6E4338649B0A523E8D98964450A6A029F619B8588D52FE7039
310
B1BD30F0F4F730D0FF866AF6369557DB33949F31A9088B0F848DD8CCFCF9F2767A76E99CCDE733677E3EF59D9BBB9BA5E37F984D16E78BC5E5F5ED25044B25C0C96822E8D60EEFE11B91C581D77CEA34368A1F5329E68CD1B8B61F16D63A1B8E092D294B10C78C4A48EB593D192E7DED9BDEE7995E1B91FDEDD3ACEA9FE831
310
6A756F9F7D4D79F4274C90A7A04248AA51D5F8C718DAE06FB2F75AC4796EBE65D22A88A22223B995679120E2D50E41AA49C260C046A35368846B0BECD0DFF3EBEB8AD4F835768F69B9ADF25C43D30E6B646F807FAA64AD59F61715C7A54127C4AACA98BA3006A9D792DAE165E0D59B61A01FB3A9F9D838D2DAE62445C86166
310
F37564E842E7DE6A69879FEEA2DD5AE7E371E1A5E025154AC307D06A03D73EB5978C58FFA4C8E9033066E0F3BD53BEC1F39F91BE7B55103791EDE6BBB991A2046172CB4581D8B893FA674DDA17A77B3B7C413D1B511FD2743BFF8A38F03A658705E3ADF8015C3A3417FF3D7E439FF591DA0B5F18BC20C1B8981957AE6392A3
310
F43C640C01D1A0B4728E2DD4F26DB4B3C3152A252A3B4E913CEC1C72F012782FF88EFF8637AA552DBEF76408E8A8DE9E50F9E1CB3A2DA0DB1B6039A893B56063DC5B3E3FFB5F72E67AB9FEB4AEC496C4F4C1149625DD662C53E89D7BF0F6151A046260D1337DFDC94502430F83B0EE07A130A224BCAD7DAE1D9FB6CD422FF6
310
920702629C4BB9AE79C12F243C6432A6794E18E5552BA56B431AAB5D91317302B2B071E86C3A42B1A02F999E24061403B5D0EB639195DA655DD3EBEAB4FB862DDF579F014AD0E73C22F99E28DA57FB98E75C6CA2D74D53086D600F4786E0FE3144B771A8A7B900F03594DB8A633CBC49B2EDB69228BB479CF863B5E807AAAB
310
23872F6DFEB4129B949CA33823F58830E86D65621E10047D9DB34D862E8EAC3C2ABC2F7B2C40D67CDFE01F5545B92105AF983AC54D93D69E56FB8E797F88913F898A9FEC705D3F9D1B54EC8426FB500D40A03BD0119B06E1B95DDC7EB8F6975367793EBD70E66733DFB9BC982F9CE564727731999F5D4ECFCE3B8D6A4DC2A0
310
6D50FD148437D110834A64C6CDDF57FBACB5C307A2A477DFE4939736CFEF2B175371E0E10CF0DD1D5C15654E0BCA14D1E87DD02FF93782A162C0A3D95F1524A52770F972BF1EE9809D13CE7DD599467F8ECE9ADD85CE85A34CD45355448C64F9E8A031DC2D596ACC6E5DD93D9B82DE2EF5CAF81363A8E47996A0DE24564A79
310
4115AACE09C55E14540231FDA13C319787134EBF34E3A022514E5B4D9E0826E25C02D5805B15ABE1BEF51B26383D445DD9E875EE33FE4C22DA16427D65A3BCA92CA6D28DD01DF5DC53330704308475351050232CCD31583787BA75774AFB06E5070DD0C8EF484E19968C5D83BA5B90B244D31E54D55A372320FE4786B7EA58
310
44E135AA5467CB7EA333A61683CC6A8C3257034C10CF46F40EF9F5BE59BE5BD30C3C72D235E95D10345C1D45445A5F0BB47E46A5EBE5570F9380B5FA629579952296A773720405982B9DE04011506178964401AA8BDF1FBF0A8EAB6861DD6580C0E38217056766716DAEB2D6FA0917D3E4116581EADB879C4E7CFFB11EFACD
310
3D641311495D92C8676CB409A72D18610D803CE8A626049E8EC1887CB5B44CC39883690DDA8399B4B9855B481E7D71D4A9D22F96E5BB73BF5793020C02137BF837504B0304140006080000CC70623B000000000000000000000000350000006662782F36394639363044362D344446342D343946362D394244322D32343142
310
43333846323333332F76657274696365732E62696E504B0304140006080800CC70623BF270F1330600000004000000360000006662782F36394639363044362D344446342D343946362D394244322D3234314243333846323333332F747269616E676C65732E62696E636660600000504B0304140006080000CC70623B0000
310
00000000000000000000370000006662782F36394639363044362D344446342D343946362D394244322D3234314243333846323333332F617474726962757465732E62696E504B0304140006080800CC70623B08DA0BD19000000041010000360000006662782F36394639363044362D344446342D343946362D394244322D
310
3234314243333846323333332F6469726563746F72792E786D6C858F410AC3201045AF22B36F53E9A60B35CBEEBAE80D244E44489C6234F4F835464A48035D0DF398FF9F8AF63D0E6CC63039F212F8F9020C7D47C6792B21C5FE7403D62A1188E2E60C98D7234A5830286103A55745067B9D86B8A3CF9C7F90C11DE607FB14
310
4396D7B6A82D282E9A152AD114D5EF2CB866EEE831B8EEA07A7BB5A8D7D61A2BAAEB7FD5F70921FF497D00504B0304140006080800CC70623BCA768048FE000000A00100003B0000006662782F36394639363044362D344446342D343946362D394244322D3234314243333846323333332F7265736F75726365732F636F72
310
652E786D6C8D50596E833010BD0A9ADFCA60D600328E9AA639412F609909B1126CE4A5EAF16B0295DABFFECC8CDEA2797AECF8353F924FB44E193D409E5248504B332A3D0D10FC95B4901C39B3C6F85F3248B49871801506CE266BC2B243D2688FDA47549B11775038871E12F988C7004EDE7016A9083E2ADC3D5D84BC8B09
310
D33C8D74D471E6BC8D0192EDC93A815B742658898E651BCB59086ADC356A8C3FD555A1055ED7E7E254D615792D0F075295F585746FF53B694EE78A565DD736979A65AB9933AFE69F8CD2A2F038022F28ED489E135A7CE4554F9BBEA85E68DB53CAB255FEC71496F19FA6A0B42F8B3DEE6673C0F318E4497096AD7DC5F52C33
310
EEB55BFE0D504B010214000A0000080000CC70623B3DEE336E79000000790000001B00000000000000000000000000000000006175746F6465736B2D64657369676E2D7061636B6167652E786D6C504B01021400140006080800CC70623BD486FD9CA0000000F40000001300000000000000000000000000B20000005B436F
310
6E74656E745F54797065735D2E786D6C504B01021400140006080800CC70623BD9DDAED0EC0000007C010000080000000000000000000000000083010000636F72652E786D6C504B01021400140006080800CC70623B55019EA25F0000007C000000070000000000000000000000000095020000636E782E786D6C504B0102
310
1400140006080800CC70623BA24EB22D72010000D40300000C00000000000000000000000000190300006662782F636F72652E786D6C504B01021400140006080800CC70623B408A7D3B7C0000009D0000000B00000000000000000000000000B50400006662782F636E782E786D6C504B01021400140006080800CC70623B
310
449FB9BD290100001202000031000000000000000000000000005A0500006662782F36394639363044362D344446342D343946362D394244322D3234314243333846323333332F636F72652E786D6C504B01021400140006080800CC70623BAD7543B64E010000330300003000000000000000000000000000D20600006662
310
782F36394639363044362D344446342D343946362D394244322D3234314243333846323333332F636E782E786D6C504B01021400140006080800CC70623B8D05915C650500003B10000034000000000000000000000000006E0800006662782F36394639363044362D344446342D343946362D394244322D32343142433338
310
46323333332F6F626A656374732E786D6C504B01021400140006080000CC70623B0000000000000000000000003500000000000000000000000000250E00006662782F36394639363044362D344446342D343946362D394244322D3234314243333846323333332F76657274696365732E62696E504B010214001400060808
310
00CC70623BF270F13306000000040000003600000000000000000000000000780E00006662782F36394639363044362D344446342D343946362D394244322D3234314243333846323333332F747269616E676C65732E62696E504B01021400140006080000CC70623B00000000000000000000000037000000000000000000
310
00000000D20E00006662782F36394639363044362D344446342D343946362D394244322D3234314243333846323333332F617474726962757465732E62696E504B01021400140006080800CC70623B08DA0BD190000000410100003600000000000000000000000000270F00006662782F36394639363044362D344446342D
310
343946362D394244322D3234314243333846323333332F6469726563746F72792E786D6C504B01021400140006080800CC70623BCA768048FE000000A00100003B000000000000000000000000000B1000006662782F36394639363044362D344446342D343946362D394244322D3234314243333846323333332F7265736F
310
75726365732F636F72652E786D6C504B0506000000000E000E0080040000621100000000
  0
XRECORD
  5
176
102
{ACAD_REACTORS
330
173
102
}
330
173
100
AcDbXrecord
280
     1
270
     1
271
     1
  0
XRECORD
  5
177
102
{ACAD_REACTORS
330
173
102
}
330
173
100
AcDbXrecord
280
     1
270
     1
271
     1
  0
XRECORD
  5
25F9
102
{ACAD_REACTORS
330
25F8
102
}
330
25F8
100
AcDbXrecord
280
     1
102
DISPLAYNAME
  1
Imperial24
102
FLAGS
 90
        0
  0
XRECORD
  5
25F5
102
{ACAD_REACTORS
330
25F4
102
}
330
25F4
100
AcDbXrecord
280
     1
102
DISPLAYNAME
  1
Metric50
102
FLAGS
 90
        0
  0
CELLSTYLEMAP
  5
25EA
102
{ACAD_REACTORS
330
162
102
}
330
162
100
AcDbCellStyleMap
 90
        3
300
CELLSTYLE
  1
TABLEFORMAT_BEGIN
 90
        5
170
     1
 91
        0
 92
    32768
 62
   257
 93
        1
300
CONTENTFORMAT
  1
CONTENTFORMAT_BEGIN
 90
        0
 91
        0
 92
      512
 93
        0
300

 40
0.0
140
1.0
 94
        5
 62
     0
340
11
144
6.0
309
CONTENTFORMAT_END
171
     1
301
MARGIN
  1
CELLMARGIN_BEGIN
 40
1.5
 40
1.5
 40
1.5
 40
1.5
 40
4.5
 40
4.5
309
CELLMARGIN_END
 94
        6
 95
        1
302
GRIDFORMAT
  1
GRIDFORMAT_BEGIN
 90
        0
 91
        1
 62
     0
 92
       -2
340
14
 93
        0
 40
1.125
309
GRIDFORMAT_END
 95
        2
302
GRIDFORMAT
  1
GRIDFORMAT_BEGIN
 90
        0
 91
        1
 62
     0
 92
       -2
340
14
 93
        0
 40
1.125
309
GRIDFORMAT_END
 95
        4
302
GRIDFORMAT
  1
GRIDFORMAT_BEGIN
 90
        0
 91
        1
 62
     0
 92
       -2
340
14
 93
        0
 40
1.125
309
GRIDFORMAT_END
 95
        8
302
GRIDFORMAT
  1
GRIDFORMAT_BEGIN
 90
        0
 91
        1
 62
     0
 92
       -2
340
14
 93
        0
 40
1.125
309
GRIDFORMAT_END
 95
       16
302
GRIDFORMAT
  1
GRIDFORMAT_BEGIN
 90
        0
 91
        1
 62
     0
 92
       -2
340
14
 93
        0
 40
1.125
309
GRIDFORMAT_END
 95
       32
302
GRIDFORMAT
  1
GRIDFORMAT_BEGIN
 90
        0
 91
        1
 62
     0
 92
       -2
340
14
 93
        0
 40
1.125
309
GRIDFORMAT_END
309
TABLEFORMAT_END
  1
CELLSTYLE_BEGIN
 90
        1
 91
        1
300
_TITLE
309
CELLSTYLE_END
300
CELLSTYLE
  1
TABLEFORMAT_BEGIN
 90
        5
170
     1
 91
        0
 92
        0
 62
   257
 93
        1
300
CONTENTFORMAT
  1
CONTENTFORMAT_BEGIN
 90
        0
 91
        0
 92
      512
 93
        0
300

 40
0.0
140
1.0
 94
        5
 62
     0
340
11
144
4.5
309
CONTENTFORMAT_END
171
     1
301
MARGIN
  1
CELLMARGIN_BEGIN
 40
1.5
 40
1.5
 40
1.5
 40
1.5
 40
4.5
 40
4.5
309
CELLMARGIN_END
 94
        6
 95
        1
302
GRIDFORMAT
  1
GRIDFORMAT_BEGIN
 90
        0
 91
        1
 62
     0
 92
       -2
340
14
 93
        0
 40
1.125
309
GRIDFORMAT_END
 95
        2
302
GRIDFORMAT
  1
GRIDFORMAT_BEGIN
 90
        0
 91
        1
 62
     0
 92
       -2
340
14
 93
        0
 40
1.125
309
GRIDFORMAT_END
 95
        4
302
GRIDFORMAT
  1
GRIDFORMAT_BEGIN
 90
        0
 91
        1
 62
     0
 92
       -2
340
14
 93
        0
 40
1.125
309
GRIDFORMAT_END
 95
        8
302
GRIDFORMAT
  1
GRIDFORMAT_BEGIN
 90
        0
 91
        1
 62
     0
 92
       -2
340
14
 93
        0
 40
1.125
309
GRIDFORMAT_END
 95
       16
302
GRIDFORMAT
  1
GRIDFORMAT_BEGIN
 90
        0
 91
        1
 62
     0
 92
       -2
340
14
 93
        0
 40
1.125
309
GRIDFORMAT_END
 95
       32
302
GRIDFORMAT
  1
GRIDFORMAT_BEGIN
 90
        0
 91
        1
 62
     0
 92
       -2
340
14
 93
        0
 40
1.125
309
GRIDFORMAT_END
309
TABLEFORMAT_END
  1
CELLSTYLE_BEGIN
 90
        2
 91
        1
300
_HEADER
309
CELLSTYLE_END
300
CELLSTYLE
  1
TABLEFORMAT_BEGIN
 90
        5
170
     1
 91
        0
 92
        0
 62
   257
 93
        1
300
CONTENTFORMAT
  1
CONTENTFORMAT_BEGIN
 90
        0
 91
        0
 92
      512
 93
        0
300

 40
0.0
140
1.0
 94
        2
 62
     0
340
11
144
4.5
309
CONTENTFORMAT_END
171
     1
301
MARGIN
  1
CELLMARGIN_BEGIN
 40
1.5
 40
1.5
 40
1.5
 40
1.5
 40
4.5
 40
4.5
309
CELLMARGIN_END
 94
        6
 95
        1
302
GRIDFORMAT
  1
GRIDFORMAT_BEGIN
 90
        0
 91
        1
 62
     0
 92
       -2
340
14
 93
        0
 40
1.125
309
GRIDFORMAT_END
 95
        2
302
GRIDFORMAT
  1
GRIDFORMAT_BEGIN
 90
        0
 91
        1
 62
     0
 92
       -2
340
14
 93
        0
 40
1.125
309
GRIDFORMAT_END
 95
        4
302
GRIDFORMAT
  1
GRIDFORMAT_BEGIN
 90
        0
 91
        1
 62
     0
 92
       -2
340
14
 93
        0
 40
1.125
309
GRIDFORMAT_END
 95
        8
302
GRIDFORMAT
  1
GRIDFORMAT_BEGIN
 90
        0
 91
        1
 62
     0
 92
       -2
340
14
 93
        0
 40
1.125
309
GRIDFORMAT_END
 95
       16
302
GRIDFORMAT
  1
GRIDFORMAT_BEGIN
 90
        0
 91
        1
 62
     0
 92
       -2
340
14
 93
        0
 40
1.125
309
GRIDFORMAT_END
 95
       32
302
GRIDFORMAT
  1
GRIDFORMAT_BEGIN
 90
        0
 91
        1
 62
     0
 92
       -2
340
14
 93
        0
 40
1.125
309
GRIDFORMAT_END
309
TABLEFORMAT_END
  1
CELLSTYLE_BEGIN
 90
        3
 91
        2
300
_DATA
309
CELLSTYLE_END
  0
ENDSEC
  0
SECTION
  2
ACDSDATA
 70
     2
 71
     8
  0
ACDSSCHEMA
 90
        0
  1
AcDb_Thumbnail_Schema
  2
AcDbDs::ID
280
    10
 91
        8
  2
Thumbnail_Data
280
    15
 91
        0
101
ACDSRECORD
 95
        0
 90
        1
  2
AcDbDs::TreatedAsObjectData
280
     1
291
     1
101
ACDSRECORD
 95
        0
 90
        2
  2
AcDbDs::Legacy
280
     1
291
     1
101
ACDSRECORD
  1
AcDbDs::ID
 90
        3
  2
AcDs:Indexable
280
     1
291
     1
101
ACDSRECORD
  1
AcDbDs::ID
 90
        4
  2
AcDbDs::HandleAttribute
280
     7
282
     1
  0
ACDSSCHEMA
 90
        1
  1
AcDbDs::TreatedAsObjectDataSchema
  2
AcDbDs::TreatedAsObjectData
280
     1
 91
        0
  0
ACDSSCHEMA
 90
        2
  1
AcDbDs::LegacySchema
  2
AcDbDs::Legacy
280
     1
 91
        0
  0
ACDSSCHEMA
 90
        3
  1
AcDbDs::IndexedPropertySchema
  2
AcDs:Indexable
280
     1
 91
        0
  0
ACDSSCHEMA
 90
        4
  1
AcDbDs::HandleAttributeSchema
  2
AcDbDs::HandleAttribute
280
     7
 91
        1
284
     1
  0
ACDSRECORD
 90
        0
  2
AcDbDs::ID
280
    10
320
D7
  2
Thumbnail_Data
280
    15
 94
     1643
310
89504E470D0A1A0A0000000D4948445200000100000000B5080300000087DCD12600000300504C5445FFFFFFFFFFFFFFFFFF0000000000000000000000000000000000000000000000000000330000660000990000CC0000FF0033000033330033660033990033CC0033FF0066000066330066660066990066CC0066FF0099
310
000099330099660099990099CC0099FF00CC0000CC3300CC6600CC9900CCCC00CCFF00FF0000FF3300FF6600FF9900FFCC00FFFF3300003300333300663300993300CC3300FF3333003333333333663333993333CC3333FF3366003366333366663366993366CC3366FF3399003399333399663399993399CC3399FF33CC00
310
33CC3333CC6633CC9933CCCC33CCFF33FF0033FF3333FF6633FF9933FFCC33FFFF6600006600336600666600996600CC6600FF6633006633336633666633996633CC6633FF6666006666336666666666996666CC6666FF6699006699336699666699996699CC6699FF66CC0066CC3366CC6666CC9966CCCC66CCFF66FF0066
310
FF3366FF6666FF9966FFCC66FFFF9900009900339900669900999900CC9900FF9933009933339933669933999933CC9933FF9966009966339966669966999966CC9966FF9999009999339999669999999999CC9999FF99CC0099CC3399CC6699CC9999CCCC99CCFF99FF0099FF3399FF6699FF9999FFCC99FFFFCC0000CC00
310
33CC0066CC0099CC00CCCC00FFCC3300CC3333CC3366CC3399CC33CCCC33FFCC6600CC6633CC6666CC6699CC66CCCC66FFCC9900CC9933CC9966CC9999CC99CCCC99FFCCCC00CCCC33CCCC66CCCC99CCCCCCCCCCFFCCFF00CCFF33CCFF66CCFF99CCFFCCCCFFFFFF0000FF0033FF0066FF0099FF00CCFF00FFFF3300FF3333
310
FF3366FF3399FF33CCFF33FFFF6600FF6633FF6666FF6699FF66CCFF66FFFF9900FF9933FF9966FF9999FF99CCFF99FFFFCC00FFCC33FFCC66FFCC99FFCCCCFFCCFFFFFF00FFFF33FFFF66FFFF99FFFFCCFFFFFF0000000D0D0D1A1A1A2828283535354343435050505D5D5D6B6B6B787878868686939393A1A1A1AEAEAEBB
310
BBBBC9C9C9D6D6D6E4E4E4F1F1F1FFFFFF000000000000000000000000000000000000000000000000000000000000AD4AB4E4000003264944415478DAED9B5176E2300C45B51B2FC05BCCD2FCA96F2DC0DF59442D27B45066A665DA04635D9D420AF4E4D437D67BB644640D1ED27E220700000000007C7EAF567F4CFAFC2D
310
00135F700044D7808A08064F0141030000005C0017C005D00000000017C0051E4C81FA6AF1EB00CEBB263FFBFCB151000000EB8F4E780400ED21BA1FE5F6A8F3033872068417415CE015003C5D03C203C005260620D1530017000000622F85D90B8C9002D9E3E6553400FBE3FD553E62228D2A82E53EA201D81E1B8BED6934
310
00878A60F1E1EF00761C00381180444F81110074DDBB16C11C4B043F0EE53223241200DFD75E039001011C2B82E101DC6BC09900C6720139720A0C0BE0661D703A800A80E029308A08961216C01F76C5B144F0B400C0A02208801700200040040180081E082067D57F7486A6DF0B78A4A585FFB22C395A59DC3743DA016849
310
EA1C22F605544DB548F2FAD812AC2CDE016453B376B4162101F419904A0760019BA3DA9550B7F1178BDB1E6F7960D5723011EC91FC8C756D048E5A608D0AA0EA3B80626B9B0129D85278AF82A5169B04A4988D115F003B093BB926485F0000632C85230308DF1CBDEB88C46D8C3CA33344597C10000FDCDF3E9B08BEC20C98
310
198044D780F00070811100B48D60CA2303387829EC6580ABC6C8126C2F605E01485B6344939D0DE0F922B8781DBCE4DC0E0D801359A20110933E7E2B564E0750C79801C9096C778C8403D066FEE59E81B4A5800513C1D4C65D459B17AA9786B5C67201D73EBFE66DE05ABD47A8E73646648014B00EA09DAF0190091B235FA4
310
B49AA6FECD8036037A5F244D5611B22F442DF77ED0A601B6758783015896FE574D0ACBA800E460007DD89E085302906F02686650FCCB0176EE3AE0F92E90F37EE1AB5D221680A6FA655DDB86B05A9952041FF807F31E410144AD0801E0B900247A0A081A000000E002B8002E8006000000B8002E800BA0010000002E800BE0
310
0268000000800BE002B8001A000000E002B8002E8006000000B8002E800B208200400401800802E0EEDD578BDF16C1390200FF2F82009833A2A580A0010000002E800BE00268000000800BE0027F4F815E4D98F59919000000000000B700624778006FC091150D6BF4BF920000000049454E44AE426082
  0
ACDSRECORD
 90
        0
  2
AcDbDs::ID
280
    10
320
22
  2
Thumbnail_Data
280
    15
 94
     2265
310
89504E470D0A1A0A0000000D4948445200000100000000600803000000C52F5CBA00000300504C5445000000FFFFFF0000000000000000000000000000000000000000000000000000000000330000660000990000CC0000FF0033000033330033660033990033CC0033FF0066000066330066660066990066CC0066FF0099
310
000099330099660099990099CC0099FF00CC0000CC3300CC6600CC9900CCCC00CCFF00FF0000FF3300FF6600FF9900FFCC00FFFF3300003300333300663300993300CC3300FF3333003333333333663333993333CC3333FF3366003366333366663366993366CC3366FF3399003399333399663399993399CC3399FF33CC00
310
33CC3333CC6633CC9933CCCC33CCFF33FF0033FF3333FF6633FF9933FFCC33FFFF6600006600336600666600996600CC6600FF6633006633336633666633996633CC6633FF6666006666336666666666996666CC6666FF6699006699336699666699996699CC6699FF66CC0066CC3366CC6666CC9966CCCC66CCFF66FF0066
310
FF3366FF6666FF9966FFCC66FFFF9900009900339900669900999900CC9900FF9933009933339933669933999933CC9933FF9966009966339966669966999966CC9966FF9999009999339999669999999999CC9999FF99CC0099CC3399CC6699CC9999CCCC99CCFF99FF0099FF3399FF6699FF9999FFCC99FFFFCC0000CC00
310
33CC0066CC0099CC00CCCC00FFCC3300CC3333CC3366CC3399CC33CCCC33FFCC6600CC6633CC6666CC6699CC66CCCC66FFCC9900CC9933CC9966CC9999CC99CCCC99FFCCCC00CCCC33CCCC66CCCC99CCCCCCCCCCFFCCFF00CCFF33CCFF66CCFF99CCFFCCCCFFFFFF0000FF0033FF0066FF0099FF00CCFF00FFFF3300FF3333
310
FF3366FF3399FF33CCFF33FFFF6600FF6633FF6666FF6699FF66CCFF66FFFF9900FF9933FF9966FF9999FF99CCFF99FFFFCC00FFCC33FFCC66FFCC99FFCCCCFFCCFFFFFF00FFFF33FFFF66FFFF99FFFFCCFFFFFF0000000D0D0D1A1A1A2828283535354343435050505D5D5D6B6B6B787878868686939393A1A1A1AEAEAEBB
310
BBBBC9C9C9D6D6D6E4E4E4F1F1F1FFFFFF0000000000000000000000000000000000000000000000000000000000003AE5ACE90000023E4944415478DAED9B4D6EC3400885B90D0798ABE55C7389B064CD35BCF2BE30765AAB491CA7AED422DEA7AA6925B2E085BF191CA2DFA16D78FFDDAC22CC53C07CB9F8DF4CA570016C
310
11405599EB09206A7609015C0A1720ADFBF3C2FB6F548F001760C40273B9CFDF03C0DDBE48A04B04340200E4C17BBFB65F354C55C144CC8C7BEF51BFFC45CE1A26C32C5CF3466EE197BFC8BEA1BE344C4677573CB62D88066EFDAC613A0168F52BFAF8AE00070DD3A5807A4CB7CF01D03FE69386D98A20FBF82A1A053E725B
310
673B6B982D02668DDC56D239665A9D4F1B2623EABFFBC5710C9279B6A707199DA66386FFB2D3ED09A07E9C6F3A7B4C4BD4F747DDED1A4CD3F58E24FEEF29D062BC318DC41E1DEE697B3F6C982C025AEFA3C2BF16E0A861B68340EFC39D9B5B7B021C33CC298057B6D52F3B6B98EE2838725B3EFD92B38649CF84EED7916BF1
310
C38600E4E3F0B5F88FEFCF0100000090F8DCB019802B0EC3EEF0D76AAC8D9F4ADE8B34D1B11A93588D35A926407CE4B14353216625EAD5040809622930968466565300258F80F556AC620AE87810886D51A09A00818CC70478528B8BA15202A80E1998C81598BC165672FEFA8C7A29D0E229C0E561996A73E028826D9D01C9
310
AACD81B7367813802000D54E8192027CFB4A45DDCD50C36AAC30632384CD10000080AA13D0F69F72026C07E07A8B913B2ADE0AB7558AE557C5BDC02DF847024000A440ED22D8EA45C0A613D6F21E8B91C77300954B8186BD0004202C46B018C162048B91CA6031B2C8804800000000000000000000F8233E007F4B5C1328F1
310
9EC00000000049454E44AE42608240F60330FAFB37380E00D2C9D01200C4AA08481F1F8700684387AB02480BC3A40DF82172CC05740CB82C00ACEB2F8F21723C0802E471F012009E523E3129BF13CB92E32E501D06DF0B003400DF3D74DAE600C62CA09E088D00908C00F4DF18C0F1B65DDA33330CF2A6C2CB00D8DEA1DD34
310
14257E138910F364283C0AAC00FCE2ECB16BEA9818C21C00EEE930215C0074EFDC7A550A4008313417982C88BC1740A8AFC0C659675E128B13798C13814B01B0C5D73806ECEDD85C7DCB8BA25B462002202F09203275EC79485E16DF3202610EA2D70615257191E2CCFD16B940A4FF1080868591CAEAF0E1886007E53000FB
310
658B25007CAF100601B42C8D550178E5CD47F4E6C5C261D0F50A611000D617C74F771ADA4804E0DE7D96851A044B12A169006DCBE393000C812573815900B55103195CC0FA00CB6C50D2000243EECA0398B6C8948360B8858EA52082743920F2E4A66D9A8F9AFF4771A05287A30747BB6591B32A1C174450F6480EA0779BDC
310
1000C909A0A52608CD005AB346AC14644FF900EBCA10E3C5DD5B65E1EDD2CBBE6201039BA51B1FD3D88301000F29DABD30F245956F97EFFBBA405FB8590300CE00D4A214C71746DE0E403CE2A1B4E3AE8AC5FD384FFC780085C96F76626D8EFC8100086592BA74F1BC3B01A0048A2672330B687B86BA6B0C683380BFB300D5
310
249C008E427C42372D0228D7CE66121316003F003F007704F0EFDFBFE73703000D00FE1A802A0350D120F0510084386FFC0200E2B4F1B300907B366B06900310703F00CA772E9AA70BF3C5F86371F9F810D9FF0460333CB3FAE1BFB360F58F015850F1796F0550AADB0ABF48886EAFDCDE4601F0F13ECC318B0092F3DE1B03
310
0A16702CDDE500020240004846BD22805593A16100B00370FE2D822F4E392F3856B3844CEBCAED00D4D5013414EBC23DC81E00414001510FE036016600B20B80EC0700EA2D00CEA6C3240075964D47DFC608008406EE16857300F1697F04E02CFA25001A86E76CFFA18F01115C0A00A8ECB45B01484E2B01F87317F801A802
310
50DF0A20CB04BF1080E7C00C60A3BE37775B1720F2808F02003F000980AD28CD003E7B18BC17808E54781C403EF12101AC5D1D9E9F0C4DC48040B5E35DD316A02E551465CD0455752E90641F703300F97C9806E0E53F954282B16AB44F050000000049454E44AE426082
  0
ENDSEC
  0
EOF
