  0
SECTION
  2
HEADER
  9
$ACADVER
  1
AC1032
  9
$ACADMAINTVER
 90
      327
  9
$DWGCODEPAGE
  3
ANSI_1252
  9
$LASTSAVEDBY
  1
Sakshi
  9
$REQUIREDVERSIONS
160
                 0
  9
$INSBASE
 10
0.0
 20
0.0
 30
0.0
  9
$EXTMIN
 10
17.61188593059709
 20
11.07944000932148
 30
0.0
  9
$EXTMAX
 10
39640.55719687045
 20
29232.27620416053
 30
0.0
  9
$LIMMIN
 10
0.0
 20
0.0
  9
$LIMMAX
 10
12.0
 20
9.0
  9
$ORTHOMODE
 70
     0
  9
$REGENMODE
 70
     1
  9
$FILLMODE
 70
     1
  9
$QTEXTMODE
 70
     0
  9
$MIRRTEXT
 70
     0
  9
$LTSCALE
 40
1.0
  9
$ATTMODE
 70
     1
  9
$TEXTSIZE
 40
0.2
  9
$TRACEWID
 40
0.05
  9
$TEXTSTYLE
  7
Standard
  9
$CLAYER
  8
0
  9
$CELTYPE
  6
ByLayer
  9
$CECOLOR
 62
   256
  9
$CELTSCALE
 40
1.0
  9
$DISPSILH
 70
     0
  9
$DIMSCALE
 40
1.0
  9
$DIMASZ
 40
0.18
  9
$DIMEXO
 40
0.0625
  9
$DIMDLI
 40
0.38
  9
$DIMRND
 40
0.0
  9
$DIMDLE
 40
0.0
  9
$DIMEXE
 40
0.18
  9
$DIMTP
 40
0.0
  9
$DIMTM
 40
0.0
  9
$DIMTXT
 40
0.18
  9
$DIMCEN
 40
0.09
  9
$DIMTSZ
 40
0.0
  9
$DIMTOL
 70
     0
  9
$DIMLIM
 70
     0
  9
$DIMTIH
 70
     1
  9
$DIMTOH
 70
     1
  9
$DIMSE1
 70
     0
  9
$DIMSE2
 70
     0
  9
$DIMTAD
 70
     0
  9
$DIMZIN
 70
     0
  9
$DIMBLK
  1

  9
$DIMASO
 70
     1
  9
$DIMSHO
 70
     1
  9
$DIMPOST
  1

  9
$DIMAPOST
  1

  9
$DIMALT
 70
     0
  9
$DIMALTD
 70
     2
  9
$DIMALTF
 40
25.4
  9
$DIMLFAC
 40
1.0
  9
$DIMTOFL
 70
     0
  9
$DIMTVP
 40
0.0
  9
$DIMTIX
 70
     0
  9
$DIMSOXD
 70
     0
  9
$DIMSAH
 70
     0
  9
$DIMBLK1
  1

  9
$DIMBLK2
  1

  9
$DIMSTYLE
  2
Standard
  9
$DIMCLRD
 70
     0
  9
$DIMCLRE
 70
     0
  9
$DIMCLRT
 70
     0
  9
$DIMTFAC
 40
1.0
  9
$DIMGAP
 40
0.09
  9
$DIMJUST
 70
     0
  9
$DIMSD1
 70
     0
  9
$DIMSD2
 70
     0
  9
$DIMTOLJ
 70
     1
  9
$DIMTZIN
 70
     0
  9
$DIMALTZ
 70
     0
  9
$DIMALTTZ
 70
     0
  9
$DIMUPT
 70
     0
  9
$DIMDEC
 70
     4
  9
$DIMTDEC
 70
     4
  9
$DIMALTU
 70
     2
  9
$DIMALTTD
 70
     2
  9
$DIMTXSTY
  7
Standard
  9
$DIMAUNIT
 70
     0
  9
$DIMADEC
 70
     0
  9
$DIMALTRND
 40
0.0
  9
$DIMAZIN
 70
     0
  9
$DIMDSEP
 70
    46
  9
$DIMATFIT
 70
     3
  9
$DIMFRAC
 70
     0
  9
$DIMLDRBLK
  1

  9
$DIMLUNIT
 70
     2
  9
$DIMLWD
 70
    -2
  9
$DIMLWE
 70
    -2
  9
$DIMTMOVE
 70
     0
  9
$DIMFXL
 40
1.0
  9
$DIMFXLON
 70
     0
  9
$DIMJOGANG
 40
0.7853981633974483
  9
$DIMTFILL
 70
     0
  9
$DIMTFILLCLR
 70
     0
  9
$DIMARCSYM
 70
     0
  9
$DIMLTYPE
  6

  9
$DIMLTEX1
  6

  9
$DIMLTEX2
  6

  9
$DIMTXTDIRECTION
 70
     0
  9
$LUNITS
 70
     2
  9
$LUPREC
 70
     4
  9
$SKETCHINC
 40
0.1
  9
$FILLETRAD
 40
0.0
  9
$AUNITS
 70
     0
  9
$AUPREC
 70
     0
  9
$MENU
  1
.
  9
$ELEVATION
 40
0.0
  9
$PELEVATION
 40
0.0
  9
$THICKNESS
 40
0.0
  9
$LIMCHECK
 70
     0
  9
$CHAMFERA
 40
0.0
  9
$CHAMFERB
 40
0.0
  9
$CHAMFERC
 40
0.0
  9
$CHAMFERD
 40
0.0
  9
$SKPOLY
 70
     0
  9
$TDCREATE
 40
2460803.414328704
  9
$TDUCREATE
 40
2460803.185162037
  9
$TDUPDATE
 40
2460803.418310185
  9
$TDUUPDATE
 40
2460803.189143518
  9
$TDINDWG
 40
0.0039814815
  9
$TDUSRTIMER
 40
0.0039814815
  9
$USRTIMER
 70
     1
  9
$ANGBASE
 50
0.0
  9
$ANGDIR
 70
     0
  9
$PDMODE
 70
     0
  9
$PDSIZE
 40
0.0
  9
$PLINEWID
 40
0.0
  9
$SPLFRAME
 70
     0
  9
$SPLINETYPE
 70
     6
  9
$SPLINESEGS
 70
     8
  9
$HANDSEED
  5
B0B
  9
$SURFTAB1
 70
     6
  9
$SURFTAB2
 70
     6
  9
$SURFTYPE
 70
     6
  9
$SURFU
 70
     6
  9
$SURFV
 70
     6
  9
$UCSBASE
  2

  9
$UCSNAME
  2

  9
$UCSORG
 10
0.0
 20
0.0
 30
0.0
  9
$UCSXDIR
 10
1.0
 20
0.0
 30
0.0
  9
$UCSYDIR
 10
0.0
 20
1.0
 30
0.0
  9
$UCSORTHOREF
  2

  9
$UCSORTHOVIEW
 70
     0
  9
$UCSORGTOP
 10
0.0
 20
0.0
 30
0.0
  9
$UCSORGBOTTOM
 10
0.0
 20
0.0
 30
0.0
  9
$UCSORGLEFT
 10
0.0
 20
0.0
 30
0.0
  9
$UCSORGRIGHT
 10
0.0
 20
0.0
 30
0.0
  9
$UCSORGFRONT
 10
0.0
 20
0.0
 30
0.0
  9
$UCSORGBACK
 10
0.0
 20
0.0
 30
0.0
  9
$PUCSBASE
  2

  9
$PUCSNAME
  2

  9
$PUCSORG
 10
0.0
 20
0.0
 30
0.0
  9
$PUCSXDIR
 10
1.0
 20
0.0
 30
0.0
  9
$PUCSYDIR
 10
0.0
 20
1.0
 30
0.0
  9
$PUCSORTHOREF
  2

  9
$PUCSORTHOVIEW
 70
     0
  9
$PUCSORGTOP
 10
0.0
 20
0.0
 30
0.0
  9
$PUCSORGBOTTOM
 10
0.0
 20
0.0
 30
0.0
  9
$PUCSORGLEFT
 10
0.0
 20
0.0
 30
0.0
  9
$PUCSORGRIGHT
 10
0.0
 20
0.0
 30
0.0
  9
$PUCSORGFRONT
 10
0.0
 20
0.0
 30
0.0
  9
$PUCSORGBACK
 10
0.0
 20
0.0
 30
0.0
  9
$USERI1
 70
     0
  9
$USERI2
 70
     0
  9
$USERI3
 70
     0
  9
$USERI4
 70
     0
  9
$USERI5
 70
     0
  9
$USERR1
 40
0.0
  9
$USERR2
 40
0.0
  9
$USERR3
 40
0.0
  9
$USERR4
 40
0.0
  9
$USERR5
 40
0.0
  9
$WORLDVIEW
 70
     1
  9
$SHADEDGE
 70
     3
  9
$SHADEDIF
 70
    70
  9
$TILEMODE
 70
     1
  9
$MAXACTVP
 70
    64
  9
$PINSBASE
 10
0.0
 20
0.0
 30
0.0
  9
$PLIMCHECK
 70
     0
  9
$PEXTMIN
 10
0.0
 20
0.0
 30
0.0
  9
$PEXTMAX
 10
0.0
 20
0.0
 30
0.0
  9
$PLIMMIN
 10
0.0
 20
0.0
  9
$PLIMMAX
 10
12.0
 20
9.0
  9
$UNITMODE
 70
     0
  9
$VISRETAIN
 70
     1
  9
$PLINEGEN
 70
     0
  9
$PSLTSCALE
 70
     1
  9
$TREEDEPTH
 70
  3020
  9
$CMLSTYLE
  2
Standard
  9
$CMLJUST
 70
     0
  9
$CMLSCALE
 40
1.0
  9
$PROXYGRAPHICS
 70
     1
  9
$MEASUREMENT
 70
     0
  9
$CELWEIGHT
370
    -1
  9
$ENDCAPS
280
     0
  9
$JOINSTYLE
280
     0
  9
$LWDISPLAY
290
     0
  9
$INSUNITS
 70
     1
  9
$HYPERLINKBASE
  1

  9
$STYLESHEET
  1

  9
$XEDIT
290
     1
  9
$CEPSNTYPE
380
     0
  9
$PSTYLEMODE
290
     1
  9
$FINGERPRINTGUID
  2
{BFEDDB49-7FBD-3543-AF9A-38486299BAC9}
  9
$VERSIONGUID
  2
{EEAD58C8-F70A-6248-92FC-305B88E4DDD0}
  9
$EXTNAMES
290
     1
  9
$PSVPSCALE
 40
0.0
  9
$OLESTARTUP
290
     0
  9
$SORTENTS
280
   127
  9
$INDEXCTL
280
     0
  9
$HIDETEXT
280
     1
  9
$XCLIPFRAME
280
     2
  9
$HALOGAP
280
     0
  9
$OBSCOLOR
 70
   257
  9
$OBSLTYPE
280
     0
  9
$INTERSECTIONDISPLAY
280
     0
  9
$INTERSECTIONCOLOR
 70
   257
  9
$DIMASSOC
280
     2
  9
$PROJECTNAME
  1

  9
$CAMERADISPLAY
290
     0
  9
$LENSLENGTH
 40
50.0
  9
$CAMERAHEIGHT
 40
0.0
  9
$STEPSPERSEC
 40
2.0
  9
$STEPSIZE
 40
6.0
  9
$3DDWFPREC
 40
2.0
  9
$PSOLWIDTH
 40
0.25
  9
$PSOLHEIGHT
 40
4.0
  9
$LOFTANG1
 40
1.570796326794896
  9
$LOFTANG2
 40
1.570796326794896
  9
$LOFTMAG1
 40
0.0
  9
$LOFTMAG2
 40
0.0
  9
$LOFTPARAM
 70
     7
  9
$LOFTNORMALS
280
     1
  9
$LATITUDE
 40
37.795
  9
$LONGITUDE
 40
-122.394
  9
$NORTHDIRECTION
 40
0.0
  9
$TIMEZONE
 70
 -8000
  9
$LIGHTGLYPHDISPLAY
280
     1
  9
$TILEMODELIGHTSYNCH
280
     1
  9
$CMATERIAL
347
96
  9
$SOLIDHIST
280
     0
  9
$SHOWHIST
280
     1
  9
$DWFFRAME
280
     2
  9
$DGNFRAME
280
     0
  9
$REALWORLDSCALE
290
     1
  9
$INTERFERECOLOR
 62
     1
  9
$INTERFEREOBJVS
345
A3
  9
$INTERFEREVPVS
346
A0
  9
$CSHADOW
280
     0
  9
$SHADOWPLANELOCATION
 40
0.0
  0
ENDSEC
  0
SECTION
  2
CLASSES
  0
CLASS
  1
ACDBDICTIONARYWDFLT
  2
AcDbDictionaryWithDefault
  3
ObjectDBX Classes
 90
        0
 91
        1
280
     0
281
     0
  0
CLASS
  1
DICTIONARYVAR
  2
AcDbDictionaryVar
  3
ObjectDBX Classes
 90
        0
 91
        9
280
     0
281
     0
  0
CLASS
  1
TABLESTYLE
  2
AcDbTableStyle
  3
ObjectDBX Classes
 90
     4095
 91
        1
280
     0
281
     0
  0
CLASS
  1
MATERIAL
  2
AcDbMaterial
  3
ObjectDBX Classes
 90
     1153
 91
        3
280
     0
281
     0
  0
CLASS
  1
VISUALSTYLE
  2
AcDbVisualStyle
  3
ObjectDBX Classes
 90
     4095
 91
       24
280
     0
281
     0
  0
CLASS
  1
SCALE
  2
AcDbScale
  3
ObjectDBX Classes
 90
     1153
 91
       33
280
     0
281
     0
  0
CLASS
  1
MLEADERSTYLE
  2
AcDbMLeaderStyle
  3
ACDB_MLEADERSTYLE_CLASS
 90
     4095
 91
        2
280
     0
281
     0
  0
CLASS
  1
CELLSTYLEMAP
  2
AcDbCellStyleMap
  3
ObjectDBX Classes
 90
     1152
 91
        1
280
     0
281
     0
  0
CLASS
  1
EXACXREFPANELOBJECT
  2
ExAcXREFPanelObject
  3
EXAC_ESW
 90
     1025
 91
        0
280
     0
281
     0
  0
CLASS
  1
NPOCOLLECTION
  2
AcDbImpNonPersistentObjectsCollection
  3
ObjectDBX Classes
 90
     1153
 91
        0
280
     0
281
     0
  0
CLASS
  1
LAYER_INDEX
  2
AcDbLayerIndex
  3
ObjectDBX Classes
 90
        0
 91
        0
280
     0
281
     0
  0
CLASS
  1
SPATIAL_INDEX
  2
AcDbSpatialIndex
  3
ObjectDBX Classes
 90
        0
 91
        0
280
     0
281
     0
  0
CLASS
  1
IDBUFFER
  2
AcDbIdBuffer
  3
ObjectDBX Classes
 90
        0
 91
        0
280
     0
281
     0
  0
CLASS
  1
ACDBSECTIONVIEWSTYLE
  2
AcDbSectionViewStyle
  3
ObjectDBX Classes
 90
     1025
 91
        2
280
     0
281
     0
  0
CLASS
  1
ACDBDETAILVIEWSTYLE
  2
AcDbDetailViewStyle
  3
ObjectDBX Classes
 90
     1025
 91
        2
280
     0
281
     0
  0
CLASS
  1
SORTENTSTABLE
  2
AcDbSortentsTable
  3
ObjectDBX Classes
 90
        0
 91
        4
280
     0
281
     0
  0
ENDSEC
  0
SECTION
  2
TABLES
  0
TABLE
  2
VPORT
  5
8
330
0
100
AcDbSymbolTable
 70
     1
  0
VPORT
  5
94
330
8
100
AcDbSymbolTableRecord
100
AcDbViewportTableRecord
  2
*Active
 70
     0
 10
0.0
 20
0.0
 11
1.0
 21
1.0
 12
9077.613421373033
 22
24047.65122248605
 13
0.0
 23
0.0
 14
0.5
 24
0.5
 15
0.5
 25
0.5
 16
0.0
 26
0.0
 36
1.0
 17
0.0
 27
0.0
 37
0.0
 40
51198.11836034432
 41
2.390213299874529
 42
50.0
 43
0.0
 44
0.0
 50
0.0
 51
0.0
 71
     0
 72
  1000
 73
     1
 74
     3
 75
     0
 76
     1
 77
     0
 78
     0
281
     0
 65
     1
110
0.0
120
0.0
130
0.0
111
1.0
121
0.0
131
0.0
112
0.0
122
1.0
132
0.0
 79
     0
146
0.0
348
9F
 60
     3
 61
     5
292
     1
282
     1
141
0.0
142
0.0
 63
   250
421
  3355443
1001
ACAD_NAV_VCDISPLAY
1070
     3
  0
ENDTAB
  0
TABLE
  2
LTYPE
  5
5
330
0
100
AcDbSymbolTable
 70
     3
  0
LTYPE
  5
14
330
5
100
AcDbSymbolTableRecord
100
AcDbLinetypeTableRecord
  2
ByBlock
 70
     0
  3

 72
    65
 73
     0
 40
0.0
  0
LTYPE
  5
15
330
5
100
AcDbSymbolTableRecord
100
AcDbLinetypeTableRecord
  2
ByLayer
 70
     0
  3

 72
    65
 73
     0
 40
0.0
  0
LTYPE
  5
16
330
5
100
AcDbSymbolTableRecord
100
AcDbLinetypeTableRecord
  2
Continuous
 70
     0
  3
Solid line
 72
    65
 73
     0
 40
0.0
  0
LTYPE
  5
24F
330
5
100
AcDbSymbolTableRecord
100
AcDbLinetypeTableRecord
  2
HIDDEN
 70
     0
  3
Hidden __ __ __ __ __ __ __ __ __ __ __ __ __ _
 72
    65
 73
     2
 40
9.524999999999996
 49
6.349999999999998
 74
     0
 49
-3.174999999999998
 74
     0
  0
ENDTAB
  0
TABLE
  2
LAYER
  5
2
102
{ACAD_XDICTIONARY
360
18E
102
}
330
0
100
AcDbSymbolTable
 70
     9
  0
LAYER
  5
10
102
{ACAD_XDICTIONARY
360
E6
102
}
330
2
100
AcDbSymbolTableRecord
100
AcDbLayerTableRecord
  2
0
 70
     0
 62
     7
  6
Continuous
370
    -3
390
F
347
98
348
0
  0
LAYER
  5
250
330
2
100
AcDbSymbolTableRecord
100
AcDbLayerTableRecord
  2
wall
 70
     0
 62
    20
  6
Continuous
370
    35
390
F
347
98
348
0
1001
AcAecLayerStandard
1000

1000

1001
AcCmTransparency
1071
        0
  0
LAYER
  5
251
330
2
100
AcDbSymbolTableRecord
100
AcDbLayerTableRecord
  2
SILL
 70
     0
 62
   253
  6
Continuous
370
    15
390
F
347
98
348
0
1001
AcAecLayerStandard
1000

1000

1001
AcCmTransparency
1071
        0
  0
LAYER
  5
252
330
2
100
AcDbSymbolTableRecord
100
AcDbLayerTableRecord
  2
FURN
 70
     0
 62
    40
  6
Continuous
370
     9
390
F
347
98
348
0
1001
AcAecLayerStandard
1000

1000

1001
AcCmTransparency
1071
        0
  0
LAYER
  5
253
330
2
100
AcDbSymbolTableRecord
100
AcDbLayerTableRecord
  2
ELE 1
 70
     0
 62
   140
  6
Continuous
370
    20
390
F
347
98
348
0
1001
AcAecLayerStandard
1000

1000

1001
AcCmTransparency
1071
        0
  0
LAYER
  5
254
330
2
100
AcDbSymbolTableRecord
100
AcDbLayerTableRecord
  2
ELE 2
 70
     0
 62
   180
  6
Continuous
370
    13
390
F
347
98
348
0
1001
AcAecLayerStandard
1000

1000

1001
AcCmTransparency
1071
        0
  0
LAYER
  5
255
102
{ACAD_XDICTIONARY
360
256
102
}
330
2
100
AcDbSymbolTableRecord
100
AcDbLayerTableRecord
  2
ABOVE-DOTTED
 70
     0
 62
    11
  6
HIDDEN
370
    15
390
F
347
98
348
0
1001
AcAecLayerStandard
1000

1000

1001
AcCmTransparency
1071
        0
  0
LAYER
  5
258
102
{ACAD_XDICTIONARY
360
259
102
}
330
2
100
AcDbSymbolTableRecord
100
AcDbLayerTableRecord
  2
FUR
 70
     0
 62
    33
  6
Continuous
370
     9
390
F
347
98
348
0
1001
AcAecLayerStandard
1000

1000

1001
AcCmTransparency
1071
 33554636
  0
LAYER
  5
887
102
{ACAD_XDICTIONARY
360
888
102
}
330
2
100
AcDbSymbolTableRecord
100
AcDbLayerTableRecord
  2
DIEN HOA
 70
     0
 62
   111
  6
Continuous
370
    -3
390
F
347
98
348
0
  0
ENDTAB
  0
TABLE
  2
STYLE
  5
3
330
0
100
AcDbSymbolTable
 70
     2
  0
STYLE
  5
11
330
3
100
AcDbSymbolTableRecord
100
AcDbTextStyleTableRecord
  2
Standard
 70
     0
 40
0.0
 41
1.0
 50
0.0
 71
     0
 42
0.2
  3
arial.ttf
  4

1001
ACAD
1000
Arial
1071
       34
  0
STYLE
  5
DC
330
3
100
AcDbSymbolTableRecord
100
AcDbTextStyleTableRecord
  2
Annotative
 70
     0
 40
0.0
 41
1.0
 50
0.0
 71
     0
 42
0.2
  3
arial.ttf
  4

1001
AcadAnnotative
1000
AnnotativeData
1002
{
1070
     1
1070
     1
1002
}
1001
ACAD
1000
Arial
1071
       34
  0
ENDTAB
  0
TABLE
  2
VIEW
  5
6
330
0
100
AcDbSymbolTable
 70
     0
  0
ENDTAB
  0
TABLE
  2
UCS
  5
7
330
0
100
AcDbSymbolTable
 70
     0
  0
ENDTAB
  0
TABLE
  2
APPID
  5
9
330
0
100
AcDbSymbolTable
 70
    11
  0
APPID
  5
12
330
9
100
AcDbSymbolTableRecord
100
AcDbRegAppTableRecord
  2
ACAD
 70
     0
  0
APPID
  5
DD
330
9
100
AcDbSymbolTableRecord
100
AcDbRegAppTableRecord
  2
AcadAnnoPO
 70
     0
  0
APPID
  5
DE
330
9
100
AcDbSymbolTableRecord
100
AcDbRegAppTableRecord
  2
AcadAnnotative
 70
     0
  0
APPID
  5
DF
330
9
100
AcDbSymbolTableRecord
100
AcDbRegAppTableRecord
  2
ACAD_DSTYLE_DIMJAG
 70
     0
  0
APPID
  5
E0
330
9
100
AcDbSymbolTableRecord
100
AcDbRegAppTableRecord
  2
ACAD_DSTYLE_DIMTALN
 70
     0
  0
APPID
  5
107
330
9
100
AcDbSymbolTableRecord
100
AcDbRegAppTableRecord
  2
ACAD_MLEADERVER
 70
     0
  0
APPID
  5
1A6
330
9
100
AcDbSymbolTableRecord
100
AcDbRegAppTableRecord
  2
ACAD_NAV_VCDISPLAY
 70
     0
  0
APPID
  5
25B
330
9
100
AcDbSymbolTableRecord
100
AcDbRegAppTableRecord
  2
ACAD_PSEXT
 70
     0
  0
APPID
  5
25C
330
9
100
AcDbSymbolTableRecord
100
AcDbRegAppTableRecord
  2
AcAecLayerStandard
 70
     0
  0
APPID
  5
25D
330
9
100
AcDbSymbolTableRecord
100
AcDbRegAppTableRecord
  2
AcCmTransparency
 70
     0
  0
APPID
  5
B01
330
9
100
AcDbSymbolTableRecord
100
AcDbRegAppTableRecord
  2
ACAD_EXEMPT_FROM_CAD_STANDARDS
 70
     0
  0
ENDTAB
  0
TABLE
  2
DIMSTYLE
  5
A
330
0
100
AcDbSymbolTable
 70
     4
100
AcDbDimStyleTable
 71
     2
340
27
340
E1
  0
DIMSTYLE
105
27
330
A
100
AcDbSymbolTableRecord
100
AcDbDimStyleTableRecord
  2
Standard
 70
     0
340
11
  0
DIMSTYLE
105
E1
330
A
100
AcDbSymbolTableRecord
100
AcDbDimStyleTableRecord
  2
Annotative
 70
     0
 40
0.0
340
11
1001
AcadAnnotative
1000
AnnotativeData
1002
{
1070
     1
1070
     1
1002
}
1001
ACAD_DSTYLE_DIMJAG
1070
   388
1040
1.5
1001
ACAD_DSTYLE_DIMTALN
1070
   392
1070
     0
  0
DIMSTYLE
105
25A
330
A
100
AcDbSymbolTableRecord
100
AcDbDimStyleTableRecord
  2
ISO-25
 70
     0
 41
2.5
 42
0.625
 43
3.75
 44
1.25
 73
     0
 74
     0
 77
     1
 78
     8
140
2.5
141
2.5
143
0.03937007874016
147
0.625
171
     3
172
     1
271
     2
272
     2
274
     3
278
    44
283
     0
284
     8
340
11
  0
ENDTAB
  0
TABLE
  2
BLOCK_RECORD
  5
1
330
0
100
AcDbSymbolTable
 70
     7
  0
BLOCK_RECORD
  5
1F
102
{ACAD_XDICTIONARY
360
15D
102
}
330
1
100
AcDbSymbolTableRecord
100
AcDbBlockTableRecord
  2
*Model_Space
340
22
 70
     0
280
     1
281
     0
  0
BLOCK_RECORD
  5
58
330
1
100
AcDbSymbolTableRecord
100
AcDbBlockTableRecord
  2
*Paper_Space
340
59
 70
     0
280
     1
281
     0
  0
BLOCK_RECORD
  5
5D
330
1
100
AcDbSymbolTableRecord
100
AcDbBlockTableRecord
  2
*Paper_Space0
340
5E
 70
     0
280
     1
281
     0
  0
BLOCK_RECORD
  5
629
102
{ACAD_XDICTIONARY
360
80B
102
}
330
1
100
AcDbSymbolTableRecord
100
AcDbBlockTableRecord
  2
A$C005110a3
340
0
 70
     4
280
     1
281
     0
  0
BLOCK_RECORD
  5
86F
330
1
100
AcDbSymbolTableRecord
100
AcDbBlockTableRecord
  2
A$C428C23EF
340
0
 70
     0
280
     1
281
     0
  0
ENDTAB
  0
ENDSEC
  0
SECTION
  2
BLOCKS
  0
BLOCK
  5
20
330
1F
100
AcDbEntity
  8
0
100
AcDbBlockBegin
  2
*Model_Space
 70
     0
 10
0.0
 20
0.0
 30
0.0
  3
*Model_Space
  1

  0
ENDBLK
  5
21
330
1F
100
AcDbEntity
  8
0
100
AcDbBlockEnd
  0
BLOCK
  5
5A
330
58
100
AcDbEntity
 67
     1
  8
0
100
AcDbBlockBegin
  2
*Paper_Space
 70
     0
 10
0.0
 20
0.0
 30
0.0
  3
*Paper_Space
  1

  0
ENDBLK
  5
5B
330
58
100
AcDbEntity
 67
     1
  8
0
100
AcDbBlockEnd
  0
BLOCK
  5
5F
330
5D
100
AcDbEntity
 67
     1
  8
0
100
AcDbBlockBegin
  2
*Paper_Space0
 70
     0
 10
0.0
 20
0.0
 30
0.0
  3
*Paper_Space0
  1

  0
ENDBLK
  5
60
330
5D
100
AcDbEntity
 67
     1
  8
0
100
AcDbBlockEnd
  0
BLOCK
  5
80D
330
629
100
AcDbEntity
  8
0
100
AcDbBlockBegin
  2
A$C005110a3
 70
     0
 10
0.0
 20
0.0
 30
0.0
  3
A$C005110a3
  1

  0
LINE
  5
62A
330
629
100
AcDbEntity
  8
0
100
AcDbLine
 10
13334.99999999997
 20
6174.529902749281
 30
0.0
 11
13334.99999999997
 21
5724.529902749281
 31
0.0
  0
LINE
  5
62B
330
629
100
AcDbEntity
  8
wall
100
AcDbLine
 10
15299.99999999999
 20
12820.0
 30
0.0
 11
13920.00000000001
 21
12820.0
 31
0.0
  0
LINE
  5
62C
330
629
100
AcDbEntity
  8
wall
100
AcDbLine
 10
12420.00000000003
 20
12820.0
 30
0.0
 11
8057.41156259703
 21
12820.0
 31
0.0
  0
LINE
  5
62D
330
629
100
AcDbEntity
  8
wall
100
AcDbLine
 10
6057.411562597029
 20
12820.0
 30
0.0
 11
5459.99999999997
 21
12820.0
 31
0.0
  0
LINE
  5
62E
330
629
100
AcDbEntity
  8
wall
100
AcDbLine
 10
4559.99999999997
 20
12820.0
 30
0.0
 11
4229.999999999985
 21
12820.0
 31
0.0
  0
LINE
  5
62F
330
629
100
AcDbEntity
  8
ELE 2
100
AcDbLine
 10
6057.411562597029
 20
14020.0
 30
0.0
 11
2289.968510016391
 21
14020.0
 31
0.0
  0
LINE
  5
630
330
629
100
AcDbEntity
  8
wall
100
AcDbLine
 10
4229.999999999986
 20
12820.0
 30
0.0
 11
0.0000000000001403
 21
12820.0
 31
0.0
  0
LINE
  5
631
330
629
100
AcDbEntity
  8
wall
100
AcDbLine
 10
15069.99999999999
 20
12590.0
 30
0.0
 11
13920.00000000001
 21
12590.0
 31
0.0
  0
LINE
  5
632
330
629
100
AcDbEntity
  8
wall
100
AcDbLine
 10
12420.00000000001
 20
12590.0
 30
0.0
 11
11270.00000000001
 21
12590.0
 31
0.0
  0
LINE
  5
633
330
629
100
AcDbEntity
  8
wall
100
AcDbLine
 10
11270.00000000003
 20
12490.0
 30
0.0
 11
11040.00000000002
 21
12490.0
 31
0.0
  0
LINE
  5
634
330
629
100
AcDbEntity
  8
wall
100
AcDbLine
 10
11270.00000000003
 20
11490.00000000001
 30
0.0
 11
11040.00000000001
 21
11490.00000000001
 31
0.0
  0
LINE
  5
635
330
629
100
AcDbEntity
  8
wall
100
AcDbLine
 10
11040.00000000002
 20
12590.0
 30
0.0
 11
8057.41156259703
 21
12589.99999999998
 31
0.0
  0
LINE
  5
636
330
629
100
AcDbEntity
  8
wall
100
AcDbLine
 10
6057.411562597029
 20
12589.99999999998
 30
0.0
 11
5459.999999999985
 21
12589.99999999998
 31
0.0
  0
LINE
  5
637
330
629
100
AcDbEntity
  8
wall
100
AcDbLine
 10
4559.999999999984
 20
12589.99999999998
 30
0.0
 11
4459.999999999985
 21
12590.0
 31
0.0
  0
LINE
  5
638
330
629
100
AcDbEntity
  8
ELE 2
100
AcDbLine
 10
5659.999999999985
 20
11390.0
 30
0.0
 11
5639.999999999986
 21
11390.0
 31
0.0
  0
LINE
  5
639
330
629
100
AcDbEntity
  8
ELE 2
100
AcDbLine
 10
5619.999999999985
 20
11390.0
 30
0.0
 11
4459.999999999985
 21
11390.0
 31
0.0
  0
LINE
  5
63A
330
629
100
AcDbEntity
  8
wall
100
AcDbLine
 10
11039.99999999998
 20
10140.00000000001
 30
0.0
 11
9290.000000000015
 21
10139.99999999998
 31
0.0
  0
LINE
  5
63B
330
629
100
AcDbEntity
  8
wall
100
AcDbLine
 10
11269.99999999998
 20
9910.0
 30
0.0
 11
9290.0
 21
9909.999999999985
 31
0.0
  0
LINE
  5
63C
330
629
100
AcDbEntity
  8
wall
100
AcDbLine
 10
15069.99999999998
 20
8590.0
 30
0.0
 11
10388.16427965769
 21
8590.0
 31
0.0
  0
LINE
  5
63D
330
629
100
AcDbEntity
  8
wall
100
AcDbLine
 10
9389.999999999984
 20
8590.0
 30
0.0
 11
9290.0
 21
8590.0
 31
0.0
  0
LINE
  5
63E
330
629
100
AcDbEntity
  8
ELE 1
100
AcDbLine
 10
9059.99999999997
 20
8290.0
 30
0.0
 11
5959.999999999972
 21
8290.0
 31
0.0
  0
LINE
  5
63F
330
629
100
AcDbEntity
  8
ELE 1
100
AcDbLine
 10
9059.99999999997
 20
7990.0
 30
0.0
 11
6259.999999999974
 21
7990.0
 31
0.0
  0
LINE
  5
640
330
629
100
AcDbEntity
  8
wall
100
AcDbLine
 10
9390.0
 20
8360.0
 30
0.0
 11
9289.999999999988
 21
8360.0
 31
0.0
  0
LINE
  5
641
330
629
100
AcDbEntity
  8
wall
100
AcDbLine
 10
15299.99999999999
 20
8360.0
 30
0.0
 11
14679.99999999996
 21
8360.0
 31
0.0
  0
LINE
  5
642
330
629
100
AcDbEntity
  8
wall
100
AcDbLine
 10
14449.99999999999
 20
8360.0
 30
0.0
 11
13449.99999999996
 21
8360.0
 31
0.0
  0
LINE
  5
643
330
629
100
AcDbEntity
  8
wall
100
AcDbLine
 10
13219.99999999998
 20
8360.0
 30
0.0
 11
11269.99999999998
 21
8360.0
 31
0.0
  0
LINE
  5
644
330
629
100
AcDbEntity
  8
wall
100
AcDbLine
 10
11039.99999999998
 20
8360.0
 30
0.0
 11
10388.16427965769
 21
8360.000000000029
 31
0.0
  0
LINE
  5
645
330
629
100
AcDbEntity
  8
wall
100
AcDbLine
 10
9389.999999999984
 20
8360.0
 30
0.0
 11
9289.999999999988
 21
8360.0
 31
0.0
  0
LINE
  5
646
330
629
100
AcDbEntity
  8
wall
100
AcDbLine
 10
14449.99999999999
 20
7360.0
 30
0.0
 11
13449.99999999998
 21
7360.0
 31
0.0
  0
LINE
  5
647
330
629
100
AcDbEntity
  8
wall
100
AcDbLine
 10
14679.99999999996
 20
7130.0
 30
0.0
 11
13449.99999999998
 21
7130.0
 31
0.0
  0
LINE
  5
648
330
629
100
AcDbEntity
  8
wall
100
AcDbLine
 10
15299.99999999996
 20
5310.0
 30
0.0
 11
13449.99999999998
 21
5310.0
 31
0.0
  0
LINE
  5
649
330
629
100
AcDbEntity
  8
wall
100
AcDbLine
 10
13219.99999999998
 20
5310.0
 30
0.0
 11
11269.99999999996
 21
5310.0
 31
0.0
  0
LINE
  5
64A
330
629
100
AcDbEntity
  8
wall
100
AcDbLine
 10
15299.99999999996
 20
5080.00000000003
 30
0.0
 11
9059.999999999957
 21
5079.999999999978
 31
0.0
  0
LINE
  5
64B
330
629
100
AcDbEntity
  8
wall
100
AcDbLine
 10
11039.99999999996
 20
5310.0
 30
0.0
 11
9289.999999999988
 21
5310.0
 31
0.0
  0
LINE
  5
64C
330
629
100
AcDbEntity
  8
FURN
100
AcDbLine
 10
10589.99999999998
 20
5760.0
 30
0.0
 11
9740.0
 21
5760.0
 31
0.0
  0
LINE
  5
64D
330
629
100
AcDbEntity
  8
ELE 2
100
AcDbLine
 10
9060.0
 20
5080.0
 30
0.0
 11
5660.0
 21
5080.0
 31
0.0
  0
LINE
  5
64E
330
629
100
AcDbEntity
  8
ELE 1
100
AcDbLine
 10
9060.0
 20
5380.0
 30
0.0
 11
5959.999999999983
 21
5380.0
 31
0.0
  0
LINE
  5
64F
330
629
100
AcDbEntity
  8
ELE 1
100
AcDbLine
 10
9060.0
 20
5680.0
 30
0.0
 11
6259.999999999983
 21
5680.0
 31
0.0
  0
LINE
  5
650
330
629
100
AcDbEntity
  8
ELE 2
100
AcDbLine
 10
5660.0
 20
1000.0
 30
0.0
 11
0.0000000000001403
 21
1000.0
 31
0.0
  0
LINE
  5
651
330
629
100
AcDbEntity
  8
wall
100
AcDbLine
 10
15299.99999999999
 20
12820.0
 30
0.0
 11
15299.99999999999
 21
11340.0
 31
0.0
  0
LINE
  5
652
330
629
100
AcDbEntity
  8
wall
100
AcDbLine
 10
15299.99999999999
 20
9840.0
 30
0.0
 11
15299.99999999998
 21
8360.0
 31
0.0
  0
LINE
  5
653
330
629
100
AcDbEntity
  8
wall
100
AcDbLine
 10
15069.99999999999
 20
12590.0
 30
0.0
 11
15069.99999999999
 21
11340.0
 31
0.0
  0
LINE
  5
654
330
629
100
AcDbEntity
  8
wall
100
AcDbLine
 10
15069.99999999999
 20
9840.0
 30
0.0
 11
15069.99999999998
 21
8590.0
 31
0.0
  0
LINE
  5
655
330
629
100
AcDbEntity
  8
ELE 2
100
AcDbLine
 10
15299.99999999996
 20
5310.0
 30
0.0
 11
15299.99999999998
 21
0.0
 31
0.0
  0
LINE
  5
656
330
629
100
AcDbEntity
  8
wall
100
AcDbLine
 10
11270.00000000003
 20
12590.0
 30
0.0
 11
11270.00000000004
 21
12490.0
 31
0.0
  0
LINE
  5
657
330
629
100
AcDbEntity
  8
wall
100
AcDbLine
 10
11269.99999999999
 20
11490.00000000001
 30
0.0
 11
11269.99999999998
 21
9909.999999999985
 31
0.0
  0
LINE
  5
658
330
629
100
AcDbEntity
  8
wall
100
AcDbLine
 10
11269.99999999998
 20
8360.0
 30
0.0
 11
11269.99999999998
 21
7545.510809393199
 31
0.0
  0
LINE
  5
659
330
629
100
AcDbEntity
  8
wall
100
AcDbLine
 10
11269.99999999998
 20
6695.5108093932
 30
0.0
 11
11269.99999999998
 21
5310.0
 31
0.0
  0
LINE
  5
65A
330
629
100
AcDbEntity
  8
wall
100
AcDbLine
 10
13219.99999999998
 20
8360.0
 30
0.0
 11
13219.99999999998
 21
6174.529902749281
 31
0.0
  0
LINE
  5
65B
330
629
100
AcDbEntity
  8
wall
100
AcDbLine
 10
13219.99999999998
 20
5724.529902749281
 30
0.0
 11
13219.99999999998
 21
5310.0
 31
0.0
  0
LINE
  5
65C
330
629
100
AcDbEntity
  8
wall
100
AcDbLine
 10
13449.99999999998
 20
8360.0
 30
0.0
 11
13449.99999999996
 21
7359.999999999985
 31
0.0
  0
LINE
  5
65D
330
629
100
AcDbEntity
  8
wall
100
AcDbLine
 10
13449.99999999996
 20
7129.999999999985
 30
0.0
 11
13449.99999999996
 21
6174.529902749281
 31
0.0
  0
LINE
  5
65E
330
629
100
AcDbEntity
  8
wall
100
AcDbLine
 10
13449.99999999996
 20
5724.529902749281
 30
0.0
 11
13449.99999999996
 21
5310.0
 31
0.0
  0
LINE
  5
65F
330
629
100
AcDbEntity
  8
wall
100
AcDbLine
 10
14449.99999999996
 20
8360.0
 30
0.0
 11
14449.99999999997
 21
8160.0
 31
0.0
  0
LINE
  5
660
330
629
100
AcDbEntity
  8
wall
100
AcDbLine
 10
14449.99999999999
 20
7560.0
 30
0.0
 11
14449.99999999999
 21
7360.0
 31
0.0
  0
LINE
  5
661
330
629
100
AcDbEntity
  8
wall
100
AcDbLine
 10
14679.99999999996
 20
8360.0
 30
0.0
 11
14679.99999999998
 21
8160.0
 31
0.0
  0
LINE
  5
662
330
629
100
AcDbEntity
  8
wall
100
AcDbLine
 10
14679.99999999998
 20
7560.0
 30
0.0
 11
14679.99999999999
 21
7130.0
 31
0.0
  0
LINE
  5
663
330
629
100
AcDbEntity
  8
wall
100
AcDbLine
 10
11039.99999999999
 20
12590.0
 30
0.0
 11
11039.99999999999
 21
12490.00000000003
 31
0.0
  0
LINE
  5
664
330
629
100
AcDbEntity
  8
wall
100
AcDbLine
 10
11039.99999999998
 20
11490.00000000001
 30
0.0
 11
11039.99999999998
 21
10140.0
 31
0.0
  0
LINE
  5
665
330
629
100
AcDbEntity
  8
wall
100
AcDbLine
 10
11039.99999999998
 20
8360.0
 30
0.0
 11
11039.99999999998
 21
7545.510809393199
 31
0.0
  0
LINE
  5
666
330
629
100
AcDbEntity
  8
wall
100
AcDbLine
 10
11039.99999999998
 20
6695.5108093932
 30
0.0
 11
11039.99999999998
 21
5310.0
 31
0.0
  0
LINE
  5
667
330
629
100
AcDbEntity
  8
FURN
100
AcDbLine
 10
10589.99999999997
 20
6695.5108093932
 30
0.0
 11
10589.99999999998
 21
5760.0
 31
0.0
  0
LINE
  5
668
330
629
100
AcDbEntity
  8
wall
100
AcDbLine
 10
10388.16427965769
 20
8360.000000000029
 30
0.0
 11
10388.16427965769
 21
8360.000000000015
 31
0.0
  0
LINE
  5
669
330
629
100
AcDbEntity
  8
wall
100
AcDbLine
 10
9290.0
 20
11390.0
 30
0.0
 11
9290.0
 21
10139.99999999998
 31
0.0
  0
LINE
  5
66A
330
629
100
AcDbEntity
  8
wall
100
AcDbLine
 10
9290.0
 20
9909.999999999985
 30
0.0
 11
9290.0
 21
8590.0
 31
0.0
  0
LINE
  5
66B
330
629
100
AcDbEntity
  8
wall
100
AcDbLine
 10
9290.0
 20
8360.0
 30
0.0
 11
9290.0
 21
5310.0
 31
0.0
  0
LINE
  5
66C
330
629
100
AcDbEntity
  8
FURN
100
AcDbLine
 10
9740.0
 20
7547.611210599884
 30
0.0
 11
9740.0
 21
5760.0
 31
0.0
  0
LINE
  5
66D
330
629
100
AcDbEntity
  8
wall
100
AcDbLine
 10
9060.0
 20
11390.0
 30
0.0
 11
9060.0
 21
8590.0
 31
0.0
  0
LINE
  5
66E
330
629
100
AcDbEntity
  8
wall
100
AcDbLine
 10
9060.0
 20
8360.0
 30
0.0
 11
9060.0
 21
5080.0
 31
0.0
  0
LINE
  5
66F
330
629
100
AcDbEntity
  8
wall
100
AcDbLine
 10
4459.999999999986
 20
12820.0
 30
0.0
 11
4459.999999999971
 21
8590.000000000015
 31
0.0
  0
LINE
  5
670
330
629
100
AcDbEntity
  8
wall
100
AcDbLine
 10
4229.999999999986
 20
12820.0
 30
0.0
 11
4229.99999999997
 21
8360.0
 31
0.0
  0
LINE
  5
671
330
629
100
AcDbEntity
  8
ELE 2
100
AcDbLine
 10
5659.999999999985
 20
12590.0
 30
0.0
 11
5659.999999999987
 21
11430.0
 31
0.0
  0
LINE
  5
672
330
629
100
AcDbEntity
  8
ELE 2
100
AcDbLine
 10
5659.999999999985
 20
11409.99999999998
 30
0.0
 11
5659.999999999985
 21
9590.0
 31
0.0
  0
LINE
  5
673
330
629
100
AcDbEntity
  8
ELE 2
100
AcDbLine
 10
5639.999999999986
 20
11410.0
 30
0.0
 11
5639.999999999986
 21
9590.0
 31
0.0
  0
LINE
  5
674
330
629
100
AcDbEntity
  8
ELE 2
100
AcDbLine
 10
5619.999999999985
 20
11430.0
 30
0.0
 11
5619.999999999985
 21
9590.0
 31
0.0
  0
LINE
  5
675
330
629
100
AcDbEntity
  8
ELE 2
100
AcDbLine
 10
5659.999999999971
 20
8360.0
 30
0.0
 11
5659.999999999985
 21
5080.0
 31
0.0
  0
LINE
  5
676
330
629
100
AcDbEntity
  8
ELE 1
100
AcDbLine
 10
5959.999999999972
 20
8290.0
 30
0.0
 11
5959.999999999984
 21
5380.0
 31
0.0
  0
LINE
  5
677
330
629
100
AcDbEntity
  8
ELE 1
100
AcDbLine
 10
6259.999999999974
 20
7990.0
 30
0.0
 11
6259.999999999982
 21
5680.0
 31
0.0
  0
LINE
  5
678
330
629
100
AcDbEntity
  8
ELE 2
100
AcDbLine
 10
5660.000000000014
 20
999.9999999999854
 30
0.0
 11
5660.000000000014
 21
400.0
 31
0.0
  0
LINE
  5
679
330
629
100
AcDbEntity
  8
ELE 2
100
AcDbLine
 10
0.0000000000001403
 20
12820.0
 30
0.0
 11
0.0000000000001403
 21
6495.0
 31
0.0
  0
LINE
  5
67A
330
629
100
AcDbEntity
  8
ELE 2
100
AcDbLine
 10
0.0000000000001403
 20
5495.000000000015
 30
0.0
 11
0.0000000000001403
 21
1000.0
 31
0.0
  0
LINE
  5
67B
330
629
100
AcDbEntity
  8
ELE 2
100
AcDbLine
 10
5959.999999999985
 20
11390.0
 30
0.0
 11
5959.999999999984
 21
11410.0
 31
0.0
  0
LINE
  5
67C
330
629
100
AcDbEntity
  8
ELE 2
100
AcDbLine
 10
5959.999999999985
 20
11430.0
 30
0.0
 11
5959.999999999985
 21
12590.0
 31
0.0
  0
LINE
  5
67D
330
629
100
AcDbEntity
  8
ELE 2
100
AcDbLine
 10
6259.999999999986
 20
11390.0
 30
0.0
 11
6259.999999999986
 21
11409.99999999998
 31
0.0
  0
LINE
  5
67E
330
629
100
AcDbEntity
  8
ELE 2
100
AcDbLine
 10
6259.999999999986
 20
11430.0
 30
0.0
 11
6259.999999999986
 21
12590.0
 31
0.0
  0
LINE
  5
67F
330
629
100
AcDbEntity
  8
ELE 2
100
AcDbLine
 10
6559.999999999985
 20
11390.0
 30
0.0
 11
6559.999999999985
 21
11409.99999999998
 31
0.0
  0
LINE
  5
680
330
629
100
AcDbEntity
  8
ELE 2
100
AcDbLine
 10
6559.999999999985
 20
11430.0
 30
0.0
 11
6559.999999999985
 21
12590.0
 31
0.0
  0
LINE
  5
681
330
629
100
AcDbEntity
  8
ELE 2
100
AcDbLine
 10
6859.999999999985
 20
11390.0
 30
0.0
 11
6859.999999999985
 21
11409.99999999998
 31
0.0
  0
LINE
  5
682
330
629
100
AcDbEntity
  8
ELE 2
100
AcDbLine
 10
6859.999999999985
 20
11430.0
 30
0.0
 11
6859.999999999985
 21
12590.0
 31
0.0
  0
LINE
  5
683
330
629
100
AcDbEntity
  8
ELE 2
100
AcDbLine
 10
7159.999999999985
 20
11390.0
 30
0.0
 11
7159.999999999988
 21
11409.99999999998
 31
0.0
  0
LINE
  5
684
330
629
100
AcDbEntity
  8
ELE 2
100
AcDbLine
 10
7159.999999999988
 20
11430.0
 30
0.0
 11
7159.999999999985
 21
12590.0
 31
0.0
  0
LINE
  5
685
330
629
100
AcDbEntity
  8
ELE 2
100
AcDbLine
 10
7459.999999999985
 20
11390.0
 30
0.0
 11
7459.999999999985
 21
11409.99999999998
 31
0.0
  0
LINE
  5
686
330
629
100
AcDbEntity
  8
ELE 2
100
AcDbLine
 10
7459.999999999985
 20
11430.0
 30
0.0
 11
7459.999999999985
 21
12590.0
 31
0.0
  0
LINE
  5
687
330
629
100
AcDbEntity
  8
ELE 2
100
AcDbLine
 10
7759.999999999985
 20
11390.0
 30
0.0
 11
7759.999999999985
 21
11409.99999999998
 31
0.0
  0
LINE
  5
688
330
629
100
AcDbEntity
  8
ELE 2
100
AcDbLine
 10
7759.999999999985
 20
11430.0
 30
0.0
 11
7759.999999999985
 21
12590.0
 31
0.0
  0
LINE
  5
689
330
629
100
AcDbEntity
  8
ELE 2
100
AcDbLine
 10
8059.999999999986
 20
11390.0
 30
0.0
 11
8059.999999999986
 21
11409.99999999998
 31
0.0
  0
LINE
  5
68A
330
629
100
AcDbEntity
  8
ELE 2
100
AcDbLine
 10
8059.999999999986
 20
11430.0
 30
0.0
 11
8059.999999999986
 21
12590.0
 31
0.0
  0
LINE
  5
68B
330
629
100
AcDbEntity
  8
ELE 2
100
AcDbLine
 10
8359.999999999983
 20
11390.0
 30
0.0
 11
8359.999999999983
 21
11409.99999999998
 31
0.0
  0
LINE
  5
68C
330
629
100
AcDbEntity
  8
ELE 2
100
AcDbLine
 10
8359.999999999983
 20
11430.0
 30
0.0
 11
8359.999999999983
 21
12590.0
 31
0.0
  0
LINE
  5
68D
330
629
100
AcDbEntity
  8
ELE 2
100
AcDbLine
 10
8659.999999999985
 20
11390.0
 30
0.0
 11
8659.999999999985
 21
11409.99999999998
 31
0.0
  0
LINE
  5
68E
330
629
100
AcDbEntity
  8
ELE 2
100
AcDbLine
 10
8659.999999999985
 20
11430.0
 30
0.0
 11
8659.999999999985
 21
12590.0
 31
0.0
  0
LINE
  5
68F
330
629
100
AcDbEntity
  8
ELE 2
100
AcDbLine
 10
8959.999999999984
 20
11390.0
 30
0.0
 11
8959.999999999984
 21
11409.99999999998
 31
0.0
  0
LINE
  5
690
330
629
100
AcDbEntity
  8
ELE 2
100
AcDbLine
 10
8959.999999999984
 20
11430.0
 30
0.0
 11
8959.999999999984
 21
12590.0
 31
0.0
  0
LINE
  5
691
330
629
100
AcDbEntity
  8
ELE 2
100
AcDbLine
 10
9290.0
 20
11390.0
 30
0.0
 11
9290.0
 21
11410.0
 31
0.0
  0
LINE
  5
692
330
629
100
AcDbEntity
  8
ELE 2
100
AcDbLine
 10
9290.0
 20
11430.0
 30
0.0
 11
9290.0
 21
12590.0
 31
0.0
  0
LINE
  5
693
330
629
100
AcDbEntity
  8
ELE 2
100
AcDbLine
 10
4459.999999999985
 20
11090.0
 30
0.0
 11
5619.999999999985
 21
11090.0
 31
0.0
  0
LINE
  5
694
330
629
100
AcDbEntity
  8
ELE 2
100
AcDbLine
 10
5639.999999999986
 20
11090.0
 30
0.0
 11
5659.999999999985
 21
11090.0
 31
0.0
  0
LINE
  5
695
330
629
100
AcDbEntity
  8
ELE 2
100
AcDbLine
 10
4459.999999999985
 20
10790.0
 30
0.0
 11
5619.999999999985
 21
10790.0
 31
0.0
  0
LINE
  5
696
330
629
100
AcDbEntity
  8
ELE 2
100
AcDbLine
 10
5639.999999999986
 20
10790.0
 30
0.0
 11
5659.999999999985
 21
10790.0
 31
0.0
  0
LINE
  5
697
330
629
100
AcDbEntity
  8
ELE 2
100
AcDbLine
 10
4459.999999999985
 20
10490.0
 30
0.0
 11
5619.999999999985
 21
10490.0
 31
0.0
  0
LINE
  5
698
330
629
100
AcDbEntity
  8
ELE 2
100
AcDbLine
 10
5639.999999999986
 20
10490.0
 30
0.0
 11
5659.999999999985
 21
10490.0
 31
0.0
  0
LINE
  5
699
330
629
100
AcDbEntity
  8
ELE 2
100
AcDbLine
 10
4459.999999999985
 20
10190.0
 30
0.0
 11
5619.999999999985
 21
10190.0
 31
0.0
  0
LINE
  5
69A
330
629
100
AcDbEntity
  8
ELE 2
100
AcDbLine
 10
5639.999999999986
 20
10190.0
 30
0.0
 11
5659.999999999985
 21
10190.0
 31
0.0
  0
LINE
  5
69B
330
629
100
AcDbEntity
  8
ELE 2
100
AcDbLine
 10
4459.999999999985
 20
9890.0
 30
0.0
 11
5619.999999999985
 21
9890.0
 31
0.0
  0
LINE
  5
69C
330
629
100
AcDbEntity
  8
ELE 2
100
AcDbLine
 10
5639.999999999986
 20
9890.0
 30
0.0
 11
5659.999999999985
 21
9890.0
 31
0.0
  0
LINE
  5
69D
330
629
100
AcDbEntity
  8
ELE 2
100
AcDbLine
 10
4459.999999999985
 20
9590.0
 30
0.0
 11
5659.999999999985
 21
9590.0
 31
0.0
  0
LINE
  5
69E
330
629
100
AcDbEntity
  8
wall
100
AcDbLine
 10
12420.00000000001
 20
12820.0
 30
0.0
 11
12420.00000000001
 21
12590.0
 31
0.0
  0
LINE
  5
69F
330
629
100
AcDbEntity
  8
wall
100
AcDbLine
 10
13920.00000000001
 20
12820.0
 30
0.0
 11
13920.00000000001
 21
12590.0
 31
0.0
  0
LINE
  5
6A0
330
629
100
AcDbEntity
  8
wall
100
AcDbLine
 10
15299.99999999998
 20
9840.0
 30
0.0
 11
15069.99999999998
 21
9840.0
 31
0.0
  0
LINE
  5
6A1
330
629
100
AcDbEntity
  8
wall
100
AcDbLine
 10
15299.99999999999
 20
11340.0
 30
0.0
 11
15069.99999999999
 21
11340.0
 31
0.0
  0
LINE
  5
6A2
330
629
100
AcDbEntity
  8
SILL
100
AcDbLine
 10
12420.00000000001
 20
12820.0
 30
0.0
 11
13920.00000000001
 21
12820.0
 31
0.0
  0
LINE
  5
6A3
330
629
100
AcDbEntity
  8
SILL
100
AcDbLine
 10
12420.00000000001
 20
12590.0
 30
0.0
 11
13920.00000000001
 21
12590.0
 31
0.0
  0
LINE
  5
6A4
330
629
100
AcDbEntity
  8
SILL
100
AcDbLine
 10
15299.99999999999
 20
11340.0
 30
0.0
 11
15299.99999999998
 21
9840.0
 31
0.0
  0
LINE
  5
6A5
330
629
100
AcDbEntity
  8
SILL
100
AcDbLine
 10
15069.99999999999
 20
11340.0
 30
0.0
 11
15069.99999999998
 21
9840.0
 31
0.0
  0
LINE
  5
6A6
330
629
100
AcDbEntity
  8
wall
100
AcDbLine
 10
9389.999999999984
 20
8590.0
 30
0.0
 11
9389.999999999984
 21
8360.0
 31
0.0
  0
LINE
  5
6A7
330
629
100
AcDbEntity
  8
ELE 1
100
AcDbLine
 10
14649.99999999998
 20
7130.0
 30
0.0
 11
14649.99999999999
 21
5310.0
 31
0.0
  0
LINE
  5
6A8
330
629
100
AcDbEntity
  8
ELE 2
100
AcDbLine
 10
5660.000000000014
 20
400.0
 30
0.0
 11
9060.0
 21
400.0000000001091
 31
0.0
  0
LINE
  5
6A9
330
629
100
AcDbEntity
  8
0
100
AcDbLine
 10
6057.411562597029
 20
12820.0
 30
0.0
 11
6057.411562597029
 21
12589.99999999998
 31
0.0
  0
LINE
  5
6AA
330
629
100
AcDbEntity
  8
0
100
AcDbLine
 10
8057.41156259703
 20
12820.0
 30
0.0
 11
8057.411562597044
 21
12590.0
 31
0.0
  0
LINE
  5
6AB
330
629
100
AcDbEntity
  8
SILL
100
AcDbLine
 10
6057.411562597029
 20
12589.99999999998
 30
0.0
 11
8057.411562597044
 21
12590.00000000012
 31
0.0
  0
LINE
  5
6AC
330
629
100
AcDbEntity
  8
SILL
100
AcDbLine
 10
6057.411562597029
 20
12820.0
 30
0.0
 11
8057.41156259703
 21
12820.00000000013
 31
0.0
  0
LINE
  5
6AD
330
629
100
AcDbEntity
  8
wall
100
AcDbLine
 10
8057.41156259703
 20
12820.00000000013
 30
0.0
 11
8057.411562597044
 21
12590.00000000013
 31
0.0
  0
LINE
  5
6AE
330
629
100
AcDbEntity
  8
wall
100
AcDbLine
 10
6057.411562597029
 20
12820.0
 30
0.0
 11
6057.411562597029
 21
12589.99999999998
 31
0.0
  0
LINE
  5
6AF
330
629
100
AcDbEntity
  8
ELE 2
100
AcDbLine
 10
9060.0
 20
0.0
 30
0.0
 11
15299.99999999999
 21
0.0
 31
0.0
  0
LINE
  5
6B0
330
629
100
AcDbEntity
  8
ELE 1
100
AcDbLine
 10
11235.13962685414
 20
12458.0587430511
 30
0.0
 11
12169.42139261688
 21
12458.05874305108
 31
0.0
  0
LINE
  5
6B1
330
629
100
AcDbEntity
  8
ELE 1
100
AcDbLine
 10
11235.13962685414
 20
12421.55444939423
 30
0.0
 11
12168.67609649193
 21
12421.55444939423
 31
0.0
  0
LWPOLYLINE
  5
6B2
330
629
100
AcDbEntity
  8
ELE 1
100
AcDbPolyline
 90
        2
 70
     0
 43
0.0
 10
11235.13962685414
 20
12458.0587430511
 10
11235.13962685414
 20
12421.55444939423
  0
ARC
  5
6B3
330
629
100
AcDbEntity
  8
ABOVE-DOTTED
100
AcDbCircle
 10
11205.83148219791
 20
12487.36688770684
 30
0.0
 40
964.0355194694748
100
AcDbArc
 50
271.7421471932108
 51
358.2578528067866
  0
LWPOLYLINE
  5
6B4
330
629
100
AcDbEntity
  8
ELE 1
100
AcDbPolyline
 90
        8
 70
     1
 43
0.0
 10
11235.13962685412
 20
11491.83572034228
 10
11052.61815857652
 20
11491.83572034228
 10
11052.61815857652
 20
11523.77697729119
 10
11098.24852564593
 20
11523.77697729119
 10
11098.24852564593
 20
11537.46608741168
 10
11189.50925978472
 20
11537.46608741168
 10
11189.50925978472
 20
11523.77697729119
 10
11235.13962685412
 20
11523.77697729119
  0
LINE
  5
6B5
330
629
100
AcDbEntity
  8
ELE 1
100
AcDbLine
 10
11235.13962685414
 20
12490.0
 30
0.0
 11
11052.61815857652
 21
12490.0
 31
0.0
  0
LINE
  5
6B6
330
629
100
AcDbEntity
  8
ELE 1
100
AcDbLine
 10
11052.61815857652
 20
12490.0
 30
0.0
 11
11052.61815857652
 21
12458.0587430511
 31
0.0
  0
LINE
  5
6B7
330
629
100
AcDbEntity
  8
ELE 1
100
AcDbLine
 10
11052.61815857652
 20
12458.0587430511
 30
0.0
 11
11098.24852564593
 21
12458.0587430511
 31
0.0
  0
LINE
  5
6B8
330
629
100
AcDbEntity
  8
ELE 1
100
AcDbLine
 10
11098.24852564593
 20
12458.0587430511
 30
0.0
 11
11098.24852564593
 21
12444.36963293059
 31
0.0
  0
LINE
  5
6B9
330
629
100
AcDbEntity
  8
ELE 1
100
AcDbLine
 10
11098.24852564593
 20
12444.36963293059
 30
0.0
 11
11189.50925978473
 21
12444.36963293059
 31
0.0
  0
LINE
  5
6BA
330
629
100
AcDbEntity
  8
ELE 1
100
AcDbLine
 10
11189.50925978473
 20
12444.36963293059
 30
0.0
 11
11189.50925978473
 21
12458.0587430511
 31
0.0
  0
LINE
  5
6BB
330
629
100
AcDbEntity
  8
ELE 1
100
AcDbLine
 10
11189.50925978473
 20
12458.0587430511
 30
0.0
 11
11235.13962685414
 21
12458.0587430511
 31
0.0
  0
LINE
  5
6BC
330
629
100
AcDbEntity
  8
ELE 1
100
AcDbLine
 10
11235.13962685414
 20
12458.0587430511
 30
0.0
 11
11235.13962685414
 21
12490.0
 31
0.0
  0
LINE
  5
6BD
330
629
100
AcDbEntity
  8
ELE 2
100
AcDbLine
 10
5659.999999999971
 20
8590.0
 30
0.0
 11
9059.99999999997
 21
8590.0
 31
0.0
  0
LINE
  5
6BE
330
629
100
AcDbEntity
  8
ELE 2
100
AcDbLine
 10
2289.968510016391
 20
14020.0
 30
0.0
 11
2289.968510016391
 21
12820.0
 31
0.0
  0
LINE
  5
6BF
330
629
100
AcDbEntity
  8
ELE 2
100
AcDbLine
 10
6057.411562597029
 20
14020.0
 30
0.0
 11
6057.411562597029
 21
12820.0
 31
0.0
  0
LINE
  5
6C0
330
629
100
AcDbEntity
  8
wall
100
AcDbLine
 10
4559.999999999984
 20
12590.0
 30
0.0
 11
4559.999999999984
 21
12820.0
 31
0.0
  0
LINE
  5
6C1
330
629
100
AcDbEntity
  8
wall
100
AcDbLine
 10
5459.999999999985
 20
12590.0
 30
0.0
 11
5459.999999999985
 21
12820.0
 31
0.0
  0
LINE
  5
6C2
330
629
100
AcDbEntity
  8
SILL
100
AcDbLine
 10
0.0000000000001403
 20
6495.0
 30
0.0
 11
0.0
 21
5495.000000000015
 31
0.0
  0
LINE
  5
6C3
330
629
100
AcDbEntity
  8
ELE 2
100
AcDbLine
 10
6259.999999999986
 20
11390.0
 30
0.0
 11
9060.0
 21
11390.0
 31
0.0
  0
LINE
  5
6C4
330
629
100
AcDbEntity
  8
ELE 2
100
AcDbLine
 10
6259.999999999986
 20
11410.0
 30
0.0
 11
9290.0
 21
11410.0
 31
0.0
  0
ARC
  5
6C5
330
629
100
AcDbEntity
  8
ELE 2
100
AcDbCircle
 10
9290.0
 20
11420.0
 30
0.0
 40
10.0
100
AcDbArc
 50
270.0
 51
90.0
  0
LINE
  5
6C6
330
629
100
AcDbEntity
  8
ELE 2
100
AcDbLine
 10
6259.999999999986
 20
11430.0
 30
0.0
 11
9290.0
 21
11430.0
 31
0.0
  0
LINE
  5
6C7
330
629
100
AcDbEntity
  8
ELE 1
100
AcDbLine
 10
5431.209602710425
 20
12778.25582179986
 30
0.0
 11
5431.209602710412
 21
13620.37494252599
 31
0.0
  0
LINE
  5
6C8
330
629
100
AcDbEntity
  8
ELE 1
100
AcDbLine
 10
5398.306291521482
 20
12778.25582179986
 30
0.0
 11
5398.306291521482
 21
13619.70316647253
 31
0.0
  0
LWPOLYLINE
  5
6C9
330
629
100
AcDbEntity
  8
ELE 1
100
AcDbPolyline
 90
        2
 70
     0
 43
0.0
 10
5431.209602710425
 20
12778.25582179986
 10
5398.306291521482
 20
12778.25582179986
  0
ARC
  5
6CA
330
629
100
AcDbEntity
  8
ABOVE-DOTTED
100
AcDbCircle
 10
5457.626632253396
 20
12751.83879225646
 30
0.0
 40
868.9378020148053
100
AcDbArc
 50
91.74214719320794
 51
178.2578528067865
  0
LWPOLYLINE
  5
6CB
330
629
100
AcDbEntity
  8
ELE 1
100
AcDbPolyline
 90
        8
 70
     1
 43
0.0
 10
4560.300084697307
 20
12778.25582179984
 10
4560.300084697307
 20
12613.73926586119
 10
4589.090481986866
 20
12613.73926586119
 10
4589.090481986866
 20
12654.86840484585
 10
4601.429223681974
 20
12654.86840484585
 10
4601.429223681974
 20
12737.12668281518
 10
4589.090481986866
 20
12737.12668281518
 10
4589.090481986866
 20
12778.25582179984
  0
LINE
  5
6CC
330
629
100
AcDbEntity
  8
ELE 1
100
AcDbLine
 10
5459.999999999985
 20
12778.25582179986
 30
0.0
 11
5459.999999999985
 21
12613.73926586119
 31
0.0
  0
LINE
  5
6CD
330
629
100
AcDbEntity
  8
ELE 1
100
AcDbLine
 10
5459.999999999985
 20
12613.73926586119
 30
0.0
 11
5431.209602710425
 21
12613.73926586119
 31
0.0
  0
LINE
  5
6CE
330
629
100
AcDbEntity
  8
ELE 1
100
AcDbLine
 10
5431.209602710425
 20
12613.73926586119
 30
0.0
 11
5431.209602710425
 21
12654.86840484585
 31
0.0
  0
LINE
  5
6CF
330
629
100
AcDbEntity
  8
ELE 1
100
AcDbLine
 10
5431.209602710425
 20
12654.86840484585
 30
0.0
 11
5418.870861015318
 21
12654.86840484585
 31
0.0
  0
LINE
  5
6D0
330
629
100
AcDbEntity
  8
ELE 1
100
AcDbLine
 10
5418.870861015318
 20
12654.86840484585
 30
0.0
 11
5418.870861015318
 21
12737.12668281518
 31
0.0
  0
LINE
  5
6D1
330
629
100
AcDbEntity
  8
ELE 1
100
AcDbLine
 10
5418.870861015318
 20
12737.12668281518
 30
0.0
 11
5431.209602710425
 21
12737.12668281518
 31
0.0
  0
LINE
  5
6D2
330
629
100
AcDbEntity
  8
ELE 1
100
AcDbLine
 10
5431.209602710425
 20
12737.12668281518
 30
0.0
 11
5431.209602710425
 21
12778.25582179986
 31
0.0
  0
LINE
  5
6D3
330
629
100
AcDbEntity
  8
ELE 1
100
AcDbLine
 10
5431.209602710425
 20
12778.25582179986
 30
0.0
 11
5459.999999999985
 21
12778.25582179986
 31
0.0
  0
LINE
  5
6D4
330
629
100
AcDbEntity
  8
ELE 2
100
AcDbLine
 10
5659.999999999985
 20
11390.0
 30
0.0
 11
6259.999999999986
 21
11390.0
 31
0.0
  0
LINE
  5
6D5
330
629
100
AcDbEntity
  8
ELE 2
100
AcDbLine
 10
5639.999999999986
 20
11410.0
 30
0.0
 11
6259.999999999986
 21
11410.0
 31
0.0
  0
LINE
  5
6D6
330
629
100
AcDbEntity
  8
ELE 2
100
AcDbLine
 10
5619.999999999985
 20
11430.0
 30
0.0
 11
6259.999999999986
 21
11430.0
 31
0.0
  0
LINE
  5
6D7
330
629
100
AcDbEntity
  8
wall
100
AcDbLine
 10
14449.99999999998
 20
7560.0
 30
0.0
 11
14679.99999999998
 21
7560.0
 31
0.0
  0
LINE
  5
6D8
330
629
100
AcDbEntity
  8
wall
100
AcDbLine
 10
14449.99999999997
 20
8160.0
 30
0.0
 11
14679.99999999998
 21
8160.0
 31
0.0
  0
LINE
  5
6D9
330
629
100
AcDbEntity
  8
SILL
100
AcDbLine
 10
14679.99999999998
 20
8160.0
 30
0.0
 11
14679.99999999998
 21
7560.0
 31
0.0
  0
LINE
  5
6DA
330
629
100
AcDbEntity
  8
SILL
100
AcDbLine
 10
14449.99999999997
 20
8160.0
 30
0.0
 11
14449.99999999999
 21
7560.0
 31
0.0
  0
LINE
  5
6DB
330
629
100
AcDbEntity
  8
ABOVE-DOTTED
100
AcDbLine
 10
14449.99999999999
 20
8360.0
 30
0.0
 11
13449.99999999998
 21
7360.0
 31
0.0
  0
LINE
  5
6DC
330
629
100
AcDbEntity
  8
ABOVE-DOTTED
100
AcDbLine
 10
14449.99999999999
 20
7360.0
 30
0.0
 11
13449.99999999998
 21
8360.0
 31
0.0
  0
LINE
  5
6DD
330
629
100
AcDbEntity
  8
FURN
 48
6.0
100
AcDbLine
 10
7978.879140410484
 20
11647.45706575576
 30
0.0
 11
7978.879140410484
 21
11326.02849432666
 31
0.0
  0
ARC
  5
6DE
330
629
100
AcDbEntity
  8
FURN
 48
6.0
100
AcDbCircle
 10
7914.593426125034
 20
11647.45706575576
 30
0.0
 40
64.28571428566637
100
AcDbArc
 50
0.0
 51
90.0
  0
LINE
  5
6DF
330
629
100
AcDbEntity
  8
FURN
 48
6.0
100
AcDbLine
 10
7657.450568982311
 20
11711.74278004309
 30
0.0
 11
7914.593426125034
 21
11711.74278004309
 31
0.0
  0
ARC
  5
6E0
330
629
100
AcDbEntity
  8
FURN
 48
6.0
100
AcDbCircle
 10
7657.450568982311
 20
11647.45706575576
 30
0.0
 40
64.28571428566637
100
AcDbArc
 50
90.0
 51
180.0
  0
LINE
  5
6E1
330
629
100
AcDbEntity
  8
FURN
 48
6.0
100
AcDbLine
 10
7978.879140410484
 20
10104.59992289757
 30
0.0
 11
7978.879140410484
 21
10426.02849432668
 31
0.0
  0
LINE
  5
6E2
330
629
100
AcDbEntity
  8
FURN
 48
6.0
100
AcDbLine
 10
8410.61067905175
 20
11068.88563718487
 30
0.0
 11
8089.182107622646
 21
11068.88563718487
 31
0.0
  0
ARC
  5
6E3
330
629
100
AcDbEntity
  8
FURN
 48
6.0
100
AcDbCircle
 10
8410.61067905175
 20
11004.5999229013
 30
0.0
 40
64.28571428566637
100
AcDbArc
 50
0.0
 51
90.0
  0
LINE
  5
6E4
330
629
100
AcDbEntity
  8
FURN
 48
6.0
100
AcDbLine
 10
8474.896393336267
 20
10747.4570657595
 30
0.0
 11
8474.896393336267
 21
11004.5999229013
 31
0.0
  0
ARC
  5
6E5
330
629
100
AcDbEntity
  8
FURN
 48
6.0
100
AcDbCircle
 10
8410.61067905175
 20
10747.4570657595
 30
0.0
 40
64.28571428566637
100
AcDbArc
 50
270.0
 51
0.0
  0
LINE
  5
6E6
330
629
100
AcDbEntity
  8
FURN
 48
6.0
100
AcDbLine
 10
8089.182107622646
 20
10683.17135147219
 30
0.0
 11
8410.61067905175
 21
10683.17135147219
 31
0.0
  0
LINE
  5
6E7
330
629
100
AcDbEntity
  8
FURN
 48
6.0
100
AcDbLine
 10
8089.182107622646
 20
11068.88563718487
 30
0.0
 11
8089.182107622646
 21
10683.17135147219
 31
0.0
  0
LINE
  5
6E8
330
629
100
AcDbEntity
  8
FURN
 48
6.0
100
AcDbLine
 10
7978.879140410484
 20
11326.02849432666
 30
0.0
 11
7593.164854697794
 21
11326.02849432666
 31
0.0
  0
LINE
  5
6E9
330
629
100
AcDbEntity
  8
FURN
 48
6.0
100
AcDbLine
 10
8024.896393337199
 20
11326.02849432666
 30
0.0
 11
6610.610679052681
 21
11326.02849432666
 31
0.0
  0
ARC
  5
6EA
330
629
100
AcDbEntity
  8
FURN
 48
6.0
100
AcDbCircle
 10
8024.896393337199
 20
11261.74278004309
 30
0.0
 40
64.28571428566637
100
AcDbArc
 50
0.0
 51
90.0
  0
LINE
  5
6EB
330
629
100
AcDbEntity
  8
FURN
 48
6.0
100
AcDbLine
 10
8089.182107622646
 20
10490.31420861398
 30
0.0
 11
8089.182107622646
 21
11261.74278004309
 31
0.0
  0
ARC
  5
6EC
330
629
100
AcDbEntity
  8
FURN
 48
6.0
100
AcDbCircle
 10
8024.896393337199
 20
10490.31420861398
 30
0.0
 40
64.28571428566637
100
AcDbArc
 50
270.0
 51
0.0
  0
LINE
  5
6ED
330
629
100
AcDbEntity
  8
FURN
 48
6.0
100
AcDbLine
 10
6610.610679052681
 20
10426.02849432668
 30
0.0
 11
8024.896393337199
 21
10426.02849432668
 31
0.0
  0
LINE
  5
6EE
330
629
100
AcDbEntity
  8
FURN
 48
6.0
100
AcDbLine
 10
7978.879140410484
 20
10426.02849432668
 30
0.0
 11
7593.164854697794
 21
10426.02849432668
 31
0.0
  0
ARC
  5
6EF
330
629
100
AcDbEntity
  8
FURN
 48
6.0
100
AcDbCircle
 10
7914.593426125034
 20
10104.59992289757
 30
0.0
 40
64.28571428566637
100
AcDbArc
 50
270.0
 51
0.0
  0
LINE
  5
6F0
330
629
100
AcDbEntity
  8
FURN
 48
6.0
100
AcDbLine
 10
7657.450568982311
 20
10040.31420861398
 30
0.0
 11
7914.593426125034
 21
10040.31420861398
 31
0.0
  0
ARC
  5
6F1
330
629
100
AcDbEntity
  8
FURN
 48
6.0
100
AcDbCircle
 10
7657.450568982311
 20
10104.59992289757
 30
0.0
 40
64.28571428566637
100
AcDbArc
 50
180.0
 51
270.0
  0
LINE
  5
6F2
330
629
100
AcDbEntity
  8
FURN
 48
6.0
100
AcDbLine
 10
7505.881076133722
 20
10104.59992289757
 30
0.0
 11
7505.881076133722
 21
10426.02849432668
 31
0.0
  0
LINE
  5
6F3
330
629
100
AcDbEntity
  8
FURN
 48
6.0
100
AcDbLine
 10
7120.166790419169
 20
10426.02849432668
 30
0.0
 11
7120.166790419169
 21
10104.59992289757
 31
0.0
  0
LINE
  5
6F4
330
629
100
AcDbEntity
  8
FURN
 48
6.0
100
AcDbLine
 10
7032.882392636411
 20
10104.59992289757
 30
0.0
 11
7032.882392636411
 21
10426.02849432668
 31
0.0
  0
LINE
  5
6F5
330
629
100
AcDbEntity
  8
FURN
 48
6.0
100
AcDbLine
 10
6647.168106921859
 20
10426.02849432668
 30
0.0
 11
6647.168106921859
 21
10104.59992289757
 31
0.0
  0
LINE
  5
6F6
330
629
100
AcDbEntity
  8
FURN
 48
6.0
100
AcDbLine
 10
7593.164854697794
 20
10426.02849432668
 30
0.0
 11
7593.164854697794
 21
10104.59992289757
 31
0.0
  0
ARC
  5
6F7
330
629
100
AcDbEntity
  8
FURN
 48
6.0
100
AcDbCircle
 10
7441.595361848273
 20
10104.59992289757
 30
0.0
 40
64.28571428566637
100
AcDbArc
 50
270.0
 51
0.0
  0
LINE
  5
6F8
330
629
100
AcDbEntity
  8
FURN
 48
6.0
100
AcDbLine
 10
7184.452504705548
 20
10040.31420861398
 30
0.0
 11
7441.595361848273
 21
10040.31420861398
 31
0.0
  0
ARC
  5
6F9
330
629
100
AcDbEntity
  8
FURN
 48
6.0
100
AcDbCircle
 10
7184.452504705548
 20
10104.59992289757
 30
0.0
 40
64.28571428566637
100
AcDbArc
 50
180.0
 51
270.0
  0
ARC
  5
6FA
330
629
100
AcDbEntity
  8
FURN
 48
6.0
100
AcDbCircle
 10
6968.596678350962
 20
10104.59992289757
 30
0.0
 40
64.28571428566637
100
AcDbArc
 50
270.0
 51
0.0
  0
LINE
  5
6FB
330
629
100
AcDbEntity
  8
FURN
 48
6.0
100
AcDbLine
 10
6711.453821208239
 20
10040.31420861398
 30
0.0
 11
6968.596678350962
 21
10040.31420861398
 31
0.0
  0
ARC
  5
6FC
330
629
100
AcDbEntity
  8
FURN
 48
6.0
100
AcDbCircle
 10
6711.453821208239
 20
10104.59992289757
 30
0.0
 40
64.28571428566637
100
AcDbArc
 50
180.0
 51
270.0
  0
LINE
  5
6FD
330
629
100
AcDbEntity
  8
FURN
 48
6.0
100
AcDbLine
 10
6647.168106921859
 20
11326.02849432666
 30
0.0
 11
6647.168106921859
 21
11647.45706575576
 31
0.0
  0
LINE
  5
6FE
330
629
100
AcDbEntity
  8
FURN
 48
6.0
100
AcDbLine
 10
7032.882392636411
 20
11326.02849432666
 30
0.0
 11
6647.168106921859
 21
11326.02849432666
 31
0.0
  0
ARC
  5
6FF
330
629
100
AcDbEntity
  8
FURN
 48
6.0
100
AcDbCircle
 10
6610.610679052681
 20
11261.74278004309
 30
0.0
 40
64.28571428566637
100
AcDbArc
 50
90.0
 51
180.0
  0
ARC
  5
700
330
629
100
AcDbEntity
  8
FURN
 48
6.0
100
AcDbCircle
 10
6610.610679052681
 20
10490.31420861398
 30
0.0
 40
64.28571428566637
100
AcDbArc
 50
180.0
 51
270.0
  0
LINE
  5
701
330
629
100
AcDbEntity
  8
FURN
 48
6.0
100
AcDbLine
 10
6546.324964768164
 20
11261.74278004309
 30
0.0
 11
6546.324964768164
 21
10490.31420861398
 31
0.0
  0
LINE
  5
702
330
629
100
AcDbEntity
  8
FURN
 48
6.0
100
AcDbLine
 10
7032.882392636411
 20
10426.02849432668
 30
0.0
 11
6647.168106921859
 21
10426.02849432668
 31
0.0
  0
LINE
  5
703
330
629
100
AcDbEntity
  8
FURN
 48
6.0
100
AcDbLine
 10
6224.896393338129
 20
11068.88563718487
 30
0.0
 11
6546.324964768164
 21
11068.88563718487
 31
0.0
  0
ARC
  5
704
330
629
100
AcDbEntity
  8
FURN
 48
6.0
100
AcDbCircle
 10
6224.896393338129
 20
11004.5999229013
 30
0.0
 40
64.28571428566637
100
AcDbArc
 50
90.0
 51
180.0
  0
LINE
  5
705
330
629
100
AcDbEntity
  8
FURN
 48
6.0
100
AcDbLine
 10
6160.610679053612
 20
10747.4570657595
 30
0.0
 11
6160.610679053612
 21
11004.5999229013
 31
0.0
  0
ARC
  5
706
330
629
100
AcDbEntity
  8
FURN
 48
6.0
100
AcDbCircle
 10
6224.896393338129
 20
10747.4570657595
 30
0.0
 40
64.28571428566637
100
AcDbArc
 50
180.0
 51
270.0
  0
LINE
  5
707
330
629
100
AcDbEntity
  8
FURN
 48
6.0
100
AcDbLine
 10
6546.324964768164
 20
10683.17135147219
 30
0.0
 11
6224.896393338129
 21
10683.17135147219
 31
0.0
  0
LINE
  5
708
330
629
100
AcDbEntity
  8
FURN
 48
6.0
100
AcDbLine
 10
6546.324964768164
 20
11068.88563718487
 30
0.0
 11
6546.324964768164
 21
10683.17135147219
 31
0.0
  0
LINE
  5
709
330
629
100
AcDbEntity
  8
FURN
 48
6.0
100
AcDbLine
 10
7032.882392636411
 20
11647.45706575576
 30
0.0
 11
7032.882392636411
 21
11326.02849432666
 31
0.0
  0
LINE
  5
70A
330
629
100
AcDbEntity
  8
FURN
 48
6.0
100
AcDbLine
 10
7593.164854697794
 20
11326.02849432666
 30
0.0
 11
7593.164854697794
 21
11647.45706575576
 31
0.0
  0
LINE
  5
70B
330
629
100
AcDbEntity
  8
FURN
 48
6.0
100
AcDbLine
 10
7505.881076133722
 20
11647.45706575576
 30
0.0
 11
7505.881076133722
 21
11326.02849432666
 31
0.0
  0
LINE
  5
70C
330
629
100
AcDbEntity
  8
FURN
 48
6.0
100
AcDbLine
 10
7120.166790419169
 20
11326.02849432666
 30
0.0
 11
7120.166790419169
 21
11647.45706575576
 31
0.0
  0
ARC
  5
70D
330
629
100
AcDbEntity
  8
FURN
 48
6.0
100
AcDbCircle
 10
6968.596678350962
 20
11647.45706575576
 30
0.0
 40
64.28571428566637
100
AcDbArc
 50
0.0
 51
90.0
  0
LINE
  5
70E
330
629
100
AcDbEntity
  8
FURN
 48
6.0
100
AcDbLine
 10
6711.453821208239
 20
11711.74278004309
 30
0.0
 11
6968.596678350962
 21
11711.74278004309
 31
0.0
  0
ARC
  5
70F
330
629
100
AcDbEntity
  8
FURN
 48
6.0
100
AcDbCircle
 10
6711.453821208239
 20
11647.45706575576
 30
0.0
 40
64.28571428566637
100
AcDbArc
 50
90.0
 51
180.0
  0
ARC
  5
710
330
629
100
AcDbEntity
  8
FURN
 48
6.0
100
AcDbCircle
 10
7441.595361848273
 20
11647.45706575576
 30
0.0
 40
64.28571428566637
100
AcDbArc
 50
0.0
 51
90.0
  0
LINE
  5
711
330
629
100
AcDbEntity
  8
FURN
 48
6.0
100
AcDbLine
 10
7184.452504705548
 20
11711.74278004309
 30
0.0
 11
7441.595361848273
 21
11711.74278004309
 31
0.0
  0
ARC
  5
712
330
629
100
AcDbEntity
  8
FURN
 48
6.0
100
AcDbCircle
 10
7184.452504705548
 20
11647.45706575576
 30
0.0
 40
64.28571428566637
100
AcDbArc
 50
90.0
 51
180.0
  0
LINE
  5
713
330
629
100
AcDbEntity
  8
FUR
100
AcDbLine
 10
8057.411562597037
 20
12788.33333333017
 30
0.0
 11
6974.07822926765
 21
12788.33333333017
 31
0.0
  0
LINE
  5
714
330
629
100
AcDbEntity
  8
FUR
100
AcDbLine
 10
7057.411562593157
 20
12788.33333333017
 30
0.0
 11
6057.411562597036
 21
12788.33333333017
 31
0.0
  0
LINE
  5
715
330
629
100
AcDbEntity
  8
FUR
100
AcDbLine
 10
7974.07822926532
 20
12705.00000000932
 30
0.0
 11
6974.07822926765
 21
12705.00000000932
 31
0.0
  0
LINE
  5
716
330
629
100
AcDbEntity
  8
FUR
100
AcDbLine
 10
7057.411562593157
 20
12621.66666666983
 30
0.0
 11
6140.744895928754
 21
12621.66666666983
 31
0.0
  0
LINE
  5
717
330
629
100
AcDbEntity
  8
FUR
100
AcDbLine
 10
6224.078229260469
 20
12680.00000000934
 30
0.0
 11
6974.07822926765
 21
12680.00000000934
 31
0.0
  0
LINE
  5
718
330
629
100
AcDbEntity
  8
FUR
100
AcDbLine
 10
6224.078229260469
 20
12646.66666666981
 30
0.0
 11
6974.07822926765
 21
12646.66666666981
 31
0.0
  0
LINE
  5
719
330
629
100
AcDbEntity
  8
FUR
100
AcDbLine
 10
6224.078229260469
 20
12663.33333333648
 30
0.0
 11
6974.07822926765
 21
12663.33333333648
 31
0.0
  0
LINE
  5
71A
330
629
100
AcDbEntity
  8
FUR
100
AcDbLine
 10
6057.411562597036
 20
12621.66666666983
 30
0.0
 11
6224.078229260469
 21
12621.66666666983
 31
0.0
  0
LINE
  5
71B
330
629
100
AcDbEntity
  8
FUR
100
AcDbLine
 10
7057.411562593157
 20
12621.66666666983
 30
0.0
 11
8057.411562597037
 21
12621.66666666983
 31
0.0
  0
LINE
  5
71C
330
629
100
AcDbEntity
  8
FUR
100
AcDbLine
 10
7890.74489593205
 20
12788.33333333017
 30
0.0
 11
7890.74489593205
 21
12705.00000000932
 31
0.0
  0
LINE
  5
71D
330
629
100
AcDbEntity
  8
FUR
100
AcDbLine
 10
7057.411562599364
 20
12705.00000000932
 30
0.0
 11
7057.411562599364
 21
12788.33333333017
 31
0.0
  0
LINE
  5
71E
330
629
100
AcDbEntity
  8
FUR
100
AcDbLine
 10
7057.411562593157
 20
12621.66666666983
 30
0.0
 11
7057.411562593157
 21
12705.00000000932
 31
0.0
  0
LINE
  5
71F
330
629
100
AcDbEntity
  8
FUR
100
AcDbLine
 10
6974.07822926765
 20
12621.66666666983
 30
0.0
 11
6974.07822926765
 21
12788.33333333017
 31
0.0
  0
LINE
  5
720
330
629
100
AcDbEntity
  8
FUR
100
AcDbLine
 10
7974.07822926532
 20
12621.66666666983
 30
0.0
 11
8057.411562597037
 21
12621.66666666983
 31
0.0
  0
LINE
  5
721
330
629
100
AcDbEntity
  8
FUR
100
AcDbLine
 10
7974.07822926532
 20
12788.33333333017
 30
0.0
 11
7974.07822926532
 21
12621.66666666983
 31
0.0
  0
LINE
  5
722
330
629
100
AcDbEntity
  8
FUR
100
AcDbLine
 10
8057.411562597037
 20
12621.66666666983
 30
0.0
 11
8057.411562597037
 21
12788.33333333017
 31
0.0
  0
LINE
  5
723
330
629
100
AcDbEntity
  8
FUR
100
AcDbLine
 10
7974.07822926532
 20
12788.33333333017
 30
0.0
 11
7974.07822926532
 21
12621.66666666983
 31
0.0
  0
LINE
  5
724
330
629
100
AcDbEntity
  8
FUR
100
AcDbLine
 10
7890.74489593205
 20
12746.66666666975
 30
0.0
 11
7057.411562599364
 21
12746.66666666975
 31
0.0
  0
LINE
  5
725
330
629
100
AcDbEntity
  8
FUR
100
AcDbLine
 10
7890.74489593205
 20
12730.00000000309
 30
0.0
 11
7057.411562599364
 21
12730.00000000309
 31
0.0
  0
LINE
  5
726
330
629
100
AcDbEntity
  8
FUR
100
AcDbLine
 10
7890.74489593205
 20
12763.3333333364
 30
0.0
 11
7057.411562599364
 21
12763.3333333364
 31
0.0
  0
LINE
  5
727
330
629
100
AcDbEntity
  8
FUR
100
AcDbLine
 10
6224.078229260469
 20
12705.00000000932
 30
0.0
 11
6224.078229260469
 21
12621.66666666983
 31
0.0
  0
LINE
  5
728
330
629
100
AcDbEntity
  8
FUR
100
AcDbLine
 10
6140.744895928754
 20
12621.66666666983
 30
0.0
 11
6057.411562597036
 21
12621.66666666983
 31
0.0
  0
LINE
  5
729
330
629
100
AcDbEntity
  8
FUR
100
AcDbLine
 10
6140.744895928754
 20
12788.33333333017
 30
0.0
 11
6140.744895928754
 21
12621.66666666983
 31
0.0
  0
LINE
  5
72A
330
629
100
AcDbEntity
  8
FUR
100
AcDbLine
 10
6057.411562597036
 20
12788.33333333017
 30
0.0
 11
6140.744895928754
 21
12788.33333333017
 31
0.0
  0
LINE
  5
72B
330
629
100
AcDbEntity
  8
FUR
100
AcDbLine
 10
6057.411562597036
 20
12788.33333333017
 30
0.0
 11
6057.411562597036
 21
12621.66666666983
 31
0.0
  0
LINE
  5
72C
330
629
100
AcDbEntity
  8
FUR
100
AcDbLine
 10
6140.744895928754
 20
12788.33333333017
 30
0.0
 11
6140.744895928754
 21
12621.66666666983
 31
0.0
  0
LINE
  5
72D
330
629
100
AcDbEntity
  8
FUR
100
AcDbLine
 10
6140.744895928754
 20
12788.33333333017
 30
0.0
 11
6140.744895928754
 21
12621.66666666983
 31
0.0
  0
LINE
  5
72E
330
629
100
AcDbEntity
  8
FUR
100
AcDbLine
 10
6224.078229260469
 20
12705.00000000932
 30
0.0
 11
6140.744895928754
 21
12705.00000000312
 31
0.0
  0
LINE
  5
72F
330
629
100
AcDbEntity
  8
FUR
100
AcDbLine
 10
6974.07822926765
 20
12705.00000000932
 30
0.0
 11
6224.078229260469
 21
12705.00000000932
 31
0.0
  0
LINE
  5
730
330
629
100
AcDbEntity
  8
FUR
100
AcDbLine
 10
15247.4999999976
 20
9840.0
 30
0.0
 11
15247.4999999976
 21
10652.49999999703
 31
0.0
  0
LINE
  5
731
330
629
100
AcDbEntity
  8
FUR
100
AcDbLine
 10
15247.4999999976
 20
10590.0000000029
 30
0.0
 11
15247.4999999976
 21
11340.0
 31
0.0
  0
LINE
  5
732
330
629
100
AcDbEntity
  8
FUR
100
AcDbLine
 10
15185.00000000696
 20
9902.499999998786
 30
0.0
 11
15185.00000000696
 21
10652.49999999703
 31
0.0
  0
LINE
  5
733
330
629
100
AcDbEntity
  8
FUR
100
AcDbLine
 10
15122.50000000235
 20
10590.0000000029
 30
0.0
 11
15122.50000000235
 21
11277.50000000121
 31
0.0
  0
LINE
  5
734
330
629
100
AcDbEntity
  8
FUR
100
AcDbLine
 10
15166.25000000698
 20
11215.00000000241
 30
0.0
 11
15166.25000000698
 21
10652.49999999703
 31
0.0
  0
LINE
  5
735
330
629
100
AcDbEntity
  8
FUR
100
AcDbLine
 10
15141.25000000234
 20
11215.00000000241
 30
0.0
 11
15141.25000000234
 21
10652.49999999703
 31
0.0
  0
LINE
  5
736
330
629
100
AcDbEntity
  8
FUR
100
AcDbLine
 10
15153.75000000233
 20
11215.00000000241
 30
0.0
 11
15153.75000000233
 21
10652.49999999703
 31
0.0
  0
LINE
  5
737
330
629
100
AcDbEntity
  8
FUR
100
AcDbLine
 10
15122.50000000235
 20
11340.0
 30
0.0
 11
15122.50000000235
 21
11215.00000000241
 31
0.0
  0
LINE
  5
738
330
629
100
AcDbEntity
  8
FUR
100
AcDbLine
 10
15122.50000000235
 20
10590.0000000029
 30
0.0
 11
15122.50000000235
 21
9840.0
 31
0.0
  0
LINE
  5
739
330
629
100
AcDbEntity
  8
FUR
100
AcDbLine
 10
15247.4999999976
 20
9964.999999998735
 30
0.0
 11
15185.00000000696
 21
9964.999999998735
 31
0.0
  0
LINE
  5
73A
330
629
100
AcDbEntity
  8
FUR
100
AcDbLine
 10
15185.00000000696
 20
10589.99999999825
 30
0.0
 11
15247.4999999976
 21
10589.99999999825
 31
0.0
  0
LINE
  5
73B
330
629
100
AcDbEntity
  8
FUR
100
AcDbLine
 10
15122.50000000235
 20
10590.0000000029
 30
0.0
 11
15185.00000000696
 21
10590.0000000029
 31
0.0
  0
LINE
  5
73C
330
629
100
AcDbEntity
  8
FUR
100
AcDbLine
 10
15122.50000000235
 20
10652.49999999703
 30
0.0
 11
15247.4999999976
 21
10652.49999999703
 31
0.0
  0
LINE
  5
73D
330
629
100
AcDbEntity
  8
FUR
100
AcDbLine
 10
15122.50000000235
 20
9902.499999998786
 30
0.0
 11
15122.50000000235
 21
9840.0
 31
0.0
  0
LINE
  5
73E
330
629
100
AcDbEntity
  8
FUR
100
AcDbLine
 10
15247.4999999976
 20
9902.499999998786
 30
0.0
 11
15122.50000000235
 21
9902.499999998786
 31
0.0
  0
LINE
  5
73F
330
629
100
AcDbEntity
  8
FUR
100
AcDbLine
 10
15122.50000000235
 20
9840.0
 30
0.0
 11
15247.4999999976
 21
9840.0
 31
0.0
  0
LINE
  5
740
330
629
100
AcDbEntity
  8
FUR
100
AcDbLine
 10
15247.4999999976
 20
9902.499999998786
 30
0.0
 11
15122.50000000235
 21
9902.499999998786
 31
0.0
  0
LINE
  5
741
330
629
100
AcDbEntity
  8
FUR
100
AcDbLine
 10
15216.25000000228
 20
9964.999999998735
 30
0.0
 11
15216.25000000228
 21
10589.99999999825
 31
0.0
  0
LINE
  5
742
330
629
100
AcDbEntity
  8
FUR
100
AcDbLine
 10
15203.75000000229
 20
9964.999999998735
 30
0.0
 11
15203.75000000229
 21
10589.99999999825
 31
0.0
  0
LINE
  5
743
330
629
100
AcDbEntity
  8
FUR
100
AcDbLine
 10
15228.75000000227
 20
9964.999999998735
 30
0.0
 11
15228.75000000227
 21
10589.99999999825
 31
0.0
  0
LINE
  5
744
330
629
100
AcDbEntity
  8
FUR
100
AcDbLine
 10
15185.00000000696
 20
11215.00000000241
 30
0.0
 11
15122.50000000235
 21
11215.00000000241
 31
0.0
  0
LINE
  5
745
330
629
100
AcDbEntity
  8
FUR
100
AcDbLine
 10
15122.50000000235
 20
11277.50000000121
 30
0.0
 11
15122.50000000235
 21
11340.0
 31
0.0
  0
LINE
  5
746
330
629
100
AcDbEntity
  8
FUR
100
AcDbLine
 10
15247.4999999976
 20
11277.50000000121
 30
0.0
 11
15122.50000000235
 21
11277.50000000121
 31
0.0
  0
LINE
  5
747
330
629
100
AcDbEntity
  8
FUR
100
AcDbLine
 10
15247.4999999976
 20
11340.0
 30
0.0
 11
15247.4999999976
 21
11277.50000000121
 31
0.0
  0
LINE
  5
748
330
629
100
AcDbEntity
  8
FUR
100
AcDbLine
 10
15247.4999999976
 20
11340.0
 30
0.0
 11
15122.50000000235
 21
11340.0
 31
0.0
  0
LINE
  5
749
330
629
100
AcDbEntity
  8
FUR
100
AcDbLine
 10
15247.4999999976
 20
11277.50000000121
 30
0.0
 11
15122.50000000235
 21
11277.50000000121
 31
0.0
  0
LINE
  5
74A
330
629
100
AcDbEntity
  8
FUR
100
AcDbLine
 10
15247.4999999976
 20
11277.50000000121
 30
0.0
 11
15122.50000000235
 21
11277.50000000121
 31
0.0
  0
LINE
  5
74B
330
629
100
AcDbEntity
  8
FUR
100
AcDbLine
 10
15185.00000000696
 20
11215.00000000241
 30
0.0
 11
15185.00000000232
 21
11277.50000000121
 31
0.0
  0
LINE
  5
74C
330
629
100
AcDbEntity
  8
FUR
100
AcDbLine
 10
15185.00000000696
 20
10652.49999999703
 30
0.0
 11
15185.00000000696
 21
11215.00000000241
 31
0.0
  0
LINE
  5
74D
330
629
100
AcDbEntity
  8
FUR
100
AcDbLine
 10
13920.00000000001
 20
12767.49999999762
 30
0.0
 11
13107.50000000296
 21
12767.49999999762
 31
0.0
  0
LINE
  5
74E
330
629
100
AcDbEntity
  8
FUR
100
AcDbLine
 10
13169.9999999971
 20
12767.49999999762
 30
0.0
 11
12420.00000000001
 21
12767.49999999762
 31
0.0
  0
LINE
  5
74F
330
629
100
AcDbEntity
  8
FUR
100
AcDbLine
 10
13857.50000000122
 20
12705.00000000698
 30
0.0
 11
13107.50000000296
 21
12705.00000000698
 31
0.0
  0
LINE
  5
750
330
629
100
AcDbEntity
  8
FUR
100
AcDbLine
 10
13169.9999999971
 20
12642.50000000236
 30
0.0
 11
12482.49999999879
 21
12642.50000000236
 31
0.0
  0
LINE
  5
751
330
629
100
AcDbEntity
  8
FUR
100
AcDbLine
 10
12544.99999999758
 20
12686.25000000699
 30
0.0
 11
13107.50000000296
 21
12686.25000000699
 31
0.0
  0
LINE
  5
752
330
629
100
AcDbEntity
  8
FUR
100
AcDbLine
 10
12544.99999999758
 20
12661.25000000235
 30
0.0
 11
13107.50000000296
 21
12661.25000000235
 31
0.0
  0
LINE
  5
753
330
629
100
AcDbEntity
  8
FUR
100
AcDbLine
 10
12544.99999999758
 20
12673.75000000235
 30
0.0
 11
13107.50000000296
 21
12673.75000000235
 31
0.0
  0
LINE
  5
754
330
629
100
AcDbEntity
  8
FUR
100
AcDbLine
 10
12420.00000000001
 20
12642.50000000236
 30
0.0
 11
12544.99999999758
 21
12642.50000000236
 31
0.0
  0
LINE
  5
755
330
629
100
AcDbEntity
  8
FUR
100
AcDbLine
 10
13169.9999999971
 20
12642.50000000236
 30
0.0
 11
13920.00000000001
 21
12642.50000000236
 31
0.0
  0
LINE
  5
756
330
629
100
AcDbEntity
  8
FUR
100
AcDbLine
 10
13795.00000000128
 20
12767.49999999762
 30
0.0
 11
13795.00000000128
 21
12705.00000000698
 31
0.0
  0
LINE
  5
757
330
629
100
AcDbEntity
  8
FUR
100
AcDbLine
 10
13170.00000000175
 20
12705.00000000698
 30
0.0
 11
13170.00000000175
 21
12767.49999999762
 31
0.0
  0
LINE
  5
758
330
629
100
AcDbEntity
  8
FUR
100
AcDbLine
 10
13169.9999999971
 20
12642.50000000236
 30
0.0
 11
13169.9999999971
 21
12705.00000000698
 31
0.0
  0
LINE
  5
759
330
629
100
AcDbEntity
  8
FUR
100
AcDbLine
 10
13107.50000000296
 20
12642.50000000236
 30
0.0
 11
13107.50000000296
 21
12767.49999999762
 31
0.0
  0
LINE
  5
75A
330
629
100
AcDbEntity
  8
FUR
100
AcDbLine
 10
13857.50000000122
 20
12642.50000000236
 30
0.0
 11
13920.00000000001
 21
12642.50000000236
 31
0.0
  0
LINE
  5
75B
330
629
100
AcDbEntity
  8
FUR
100
AcDbLine
 10
13857.50000000122
 20
12767.49999999762
 30
0.0
 11
13857.50000000122
 21
12642.50000000236
 31
0.0
  0
LINE
  5
75C
330
629
100
AcDbEntity
  8
FUR
100
AcDbLine
 10
13920.00000000001
 20
12642.50000000236
 30
0.0
 11
13920.00000000001
 21
12767.49999999762
 31
0.0
  0
LINE
  5
75D
330
629
100
AcDbEntity
  8
FUR
100
AcDbLine
 10
13857.50000000122
 20
12767.49999999762
 30
0.0
 11
13857.50000000122
 21
12642.50000000236
 31
0.0
  0
LINE
  5
75E
330
629
100
AcDbEntity
  8
FUR
100
AcDbLine
 10
13795.00000000128
 20
12736.2500000023
 30
0.0
 11
13170.00000000175
 21
12736.2500000023
 31
0.0
  0
LINE
  5
75F
330
629
100
AcDbEntity
  8
FUR
100
AcDbLine
 10
13795.00000000128
 20
12723.7500000023
 30
0.0
 11
13170.00000000175
 21
12723.7500000023
 31
0.0
  0
LINE
  5
760
330
629
100
AcDbEntity
  8
FUR
100
AcDbLine
 10
13795.00000000128
 20
12748.7500000023
 30
0.0
 11
13170.00000000175
 21
12748.7500000023
 31
0.0
  0
LINE
  5
761
330
629
100
AcDbEntity
  8
FUR
100
AcDbLine
 10
12544.99999999758
 20
12705.00000000698
 30
0.0
 11
12544.99999999758
 21
12642.50000000236
 31
0.0
  0
LINE
  5
762
330
629
100
AcDbEntity
  8
FUR
100
AcDbLine
 10
12482.49999999879
 20
12642.50000000236
 30
0.0
 11
12420.00000000001
 21
12642.50000000236
 31
0.0
  0
LINE
  5
763
330
629
100
AcDbEntity
  8
FUR
100
AcDbLine
 10
12482.49999999879
 20
12767.49999999762
 30
0.0
 11
12482.49999999879
 21
12642.50000000236
 31
0.0
  0
LINE
  5
764
330
629
100
AcDbEntity
  8
FUR
100
AcDbLine
 10
12420.00000000001
 20
12767.49999999762
 30
0.0
 11
12482.49999999879
 21
12767.49999999762
 31
0.0
  0
LINE
  5
765
330
629
100
AcDbEntity
  8
FUR
100
AcDbLine
 10
12420.00000000001
 20
12767.49999999762
 30
0.0
 11
12420.00000000001
 21
12642.50000000236
 31
0.0
  0
LINE
  5
766
330
629
100
AcDbEntity
  8
FUR
100
AcDbLine
 10
12482.49999999879
 20
12767.49999999762
 30
0.0
 11
12482.49999999879
 21
12642.50000000236
 31
0.0
  0
LINE
  5
767
330
629
100
AcDbEntity
  8
FUR
100
AcDbLine
 10
12482.49999999879
 20
12767.49999999762
 30
0.0
 11
12482.49999999879
 21
12642.50000000236
 31
0.0
  0
LINE
  5
768
330
629
100
AcDbEntity
  8
FUR
100
AcDbLine
 10
12544.99999999758
 20
12705.00000000698
 30
0.0
 11
12482.49999999879
 21
12705.00000000233
 31
0.0
  0
LINE
  5
769
330
629
100
AcDbEntity
  8
FUR
100
AcDbLine
 10
13107.50000000296
 20
12705.00000000698
 30
0.0
 11
12544.99999999758
 21
12705.00000000698
 31
0.0
  0
LINE
  5
76A
330
629
100
AcDbEntity
  8
0
100
AcDbLine
 10
14564.99999999997
 20
8160.0
 30
0.0
 11
14564.99999999998
 21
7560.0
 31
0.0
  0
LINE
  5
76B
330
629
100
AcDbEntity
  8
wall
100
AcDbLine
 10
11269.99999999998
 20
7545.510809393199
 30
0.0
 11
11039.99999999998
 21
7545.510809393199
 31
0.0
  0
LINE
  5
76C
330
629
100
AcDbEntity
  8
wall
100
AcDbLine
 10
11269.99999999998
 20
6695.5108093932
 30
0.0
 11
11039.99999999998
 21
6695.5108093932
 31
0.0
  0
LINE
  5
76D
330
629
100
AcDbEntity
  8
wall
100
AcDbLine
 10
11039.99999999998
 20
6695.5108093932
 30
0.0
 11
11269.99999999998
 21
6695.5108093932
 31
0.0
  0
LINE
  5
76E
330
629
100
AcDbEntity
  8
ELE 2
100
AcDbLine
 10
13920.00000000001
 20
12820.0
 30
0.0
 11
13920.00000000001
 21
14020.0
 31
0.0
  0
LINE
  5
76F
330
629
100
AcDbEntity
  8
ELE 2
100
AcDbLine
 10
13920.00000000001
 20
14020.0
 30
0.0
 11
16499.99999999999
 21
14020.0
 31
0.0
  0
LINE
  5
770
330
629
100
AcDbEntity
  8
ELE 2
100
AcDbLine
 10
15299.99999999999
 20
8360.0
 30
0.0
 11
16499.99999999999
 21
8360.0
 31
0.0
  0
LINE
  5
771
330
629
100
AcDbEntity
  8
ELE 2
100
AcDbLine
 10
16499.99999999999
 20
8360.0
 30
0.0
 11
16499.99999999999
 21
14020.0
 31
0.0
  0
LINE
  5
772
330
629
100
AcDbEntity
  8
ELE 1
100
AcDbLine
 10
9421.941256948892
 20
8566.260734138799
 30
0.0
 11
9421.941256948892
 21
9500.542499901545
 31
0.0
  0
LINE
  5
773
330
629
100
AcDbEntity
  8
ELE 1
100
AcDbLine
 10
9458.445550605757
 20
8566.260734138799
 30
0.0
 11
9458.445550605743
 21
9499.797203776594
 31
0.0
  0
LWPOLYLINE
  5
774
330
629
100
AcDbEntity
  8
ELE 1
100
AcDbPolyline
 90
        2
 70
     0
 43
0.0
 10
9421.941256948892
 20
8566.260734138799
 10
9458.445550605757
 20
8566.260734138799
  0
ARC
  5
775
330
629
100
AcDbEntity
  8
ABOVE-DOTTED
100
AcDbCircle
 10
9392.633112293145
 20
8536.952589482572
 30
0.0
 40
964.0355194694748
100
AcDbArc
 50
1.742147193213444
 51
88.25785280677848
  0
LWPOLYLINE
  5
776
330
629
100
AcDbEntity
  8
ELE 1
100
AcDbPolyline
 90
        8
 70
     1
 43
0.0
 10
10388.16427965768
 20
8566.260734138799
 10
10388.16427965769
 20
8383.739265861192
 10
10356.22302270878
 20
8383.739265861192
 10
10356.22302270878
 20
8429.369632930612
 10
10342.53391258828
 20
8429.369632930612
 10
10342.53391258828
 20
8520.630367069411
 10
10356.22302270878
 20
8520.630367069411
 10
10356.22302270878
 20
8566.260734138799
  0
LINE
  5
777
330
629
100
AcDbEntity
  8
ELE 1
100
AcDbLine
 10
9389.999999999984
 20
8566.260734138799
 30
0.0
 11
9389.999999999988
 21
8383.739265861185
 31
0.0
  0
LINE
  5
778
330
629
100
AcDbEntity
  8
ELE 1
100
AcDbLine
 10
9389.999999999988
 20
8383.739265861185
 30
0.0
 11
9421.941256948896
 21
8383.739265861185
 31
0.0
  0
LINE
  5
779
330
629
100
AcDbEntity
  8
ELE 1
100
AcDbLine
 10
9421.941256948896
 20
8383.739265861185
 30
0.0
 11
9421.941256948892
 21
8429.36963293059
 31
0.0
  0
LINE
  5
77A
330
629
100
AcDbEntity
  8
ELE 1
100
AcDbLine
 10
9421.941256948892
 20
8429.36963293059
 30
0.0
 11
9435.630367069391
 21
8429.36963293059
 31
0.0
  0
LINE
  5
77B
330
629
100
AcDbEntity
  8
ELE 1
100
AcDbLine
 10
9435.630367069391
 20
8429.36963293059
 30
0.0
 11
9435.630367069391
 21
8520.630367069411
 31
0.0
  0
LINE
  5
77C
330
629
100
AcDbEntity
  8
ELE 1
100
AcDbLine
 10
9435.630367069391
 20
8520.630367069411
 30
0.0
 11
9421.941256948892
 21
8520.630367069411
 31
0.0
  0
LINE
  5
77D
330
629
100
AcDbEntity
  8
ELE 1
100
AcDbLine
 10
9421.941256948892
 20
8520.630367069411
 30
0.0
 11
9421.941256948892
 21
8566.260734138799
 31
0.0
  0
LINE
  5
77E
330
629
100
AcDbEntity
  8
ELE 1
100
AcDbLine
 10
9421.941256948892
 20
8566.260734138799
 30
0.0
 11
9389.999999999984
 21
8566.260734138799
 31
0.0
  0
LINE
  5
77F
330
629
100
AcDbEntity
  8
wall
100
AcDbLine
 10
10388.16427965769
 20
8590.0
 30
0.0
 11
10388.16427965769
 21
8360.000000000015
 31
0.0
  0
LINE
  5
780
330
629
100
AcDbEntity
  8
wall
100
AcDbLine
 10
9059.99999999997
 20
8590.0
 30
0.0
 11
4459.99999999997
 21
8590.000000000015
 31
0.0
  0
LINE
  5
781
330
629
100
AcDbEntity
  8
wall
100
AcDbLine
 10
9059.99999999997
 20
8360.0
 30
0.0
 11
4229.99999999997
 21
8360.0
 31
0.0
  0
LINE
  5
782
330
629
100
AcDbEntity
  8
ELE 2
100
AcDbLine
 10
1229.999999999985
 20
6680.000000000015
 30
0.0
 11
230.0000000000002
 21
6680.000000000015
 31
0.0
  0
LINE
  5
783
330
629
100
AcDbEntity
  8
ELE 2
100
AcDbLine
 10
1229.999999999999
 20
5310.0
 30
0.0
 11
230.0000000000002
 21
5310.0
 31
0.0
  0
LINE
  5
784
330
629
100
AcDbEntity
  8
ELE 2
100
AcDbLine
 10
230.0000000000002
 20
6680.000000000015
 30
0.0
 11
230.0000000000002
 21
6495.0
 31
0.0
  0
LINE
  5
785
330
629
100
AcDbEntity
  8
ELE 2
100
AcDbLine
 10
230.0000000000002
 20
5495.000000000015
 30
0.0
 11
230.0000000000002
 21
5310.0
 31
0.0
  0
LINE
  5
786
330
629
100
AcDbEntity
  8
ELE 2
100
AcDbLine
 10
1229.999999999999
 20
6680.000000000015
 30
0.0
 11
1229.999999999985
 21
5310.0
 31
0.0
  0
LINE
  5
787
330
629
100
AcDbEntity
  8
ELE 2
100
AcDbLine
 10
230.0000000000002
 20
5495.000000000015
 30
0.0
 11
0.0000000000001403
 21
5495.000000000015
 31
0.0
  0
LINE
  5
788
330
629
100
AcDbEntity
  8
ELE 2
100
AcDbLine
 10
230.0000000000002
 20
6495.0
 30
0.0
 11
0.0000000000001403
 21
6495.0
 31
0.0
  0
LINE
  5
789
330
629
100
AcDbEntity
  8
SILL
100
AcDbLine
 10
230.0000000000002
 20
6495.0
 30
0.0
 11
230.0000000000002
 21
5495.000000000015
 31
0.0
  0
LINE
  5
78A
330
629
100
AcDbEntity
  8
ABOVE-DOTTED
100
AcDbLine
 10
1229.999999999985
 20
6680.000000000015
 30
0.0
 11
230.0000000000002
 21
5310.0
 31
0.0
  0
LINE
  5
78B
330
629
100
AcDbEntity
  8
ABOVE-DOTTED
100
AcDbLine
 10
1229.999999999985
 20
5310.0
 30
0.0
 11
230.0000000000002
 21
6680.000000000015
 31
0.0
  0
LINE
  5
78C
330
629
100
AcDbEntity
  8
0
100
AcDbLine
 10
115.0000000000001
 20
6495.0
 30
0.0
 11
115.0000000000001
 21
5495.000000000015
 31
0.0
  0
LWPOLYLINE
  5
78D
330
629
100
AcDbEntity
  8
ELE 2
100
AcDbPolyline
 90
        4
 70
     1
 43
0.0
 10
4660.000000000014
 20
1000.0
 10
0.0000000000001403
 20
1000.0
 10
0.0000000000001403
 20
5310.0
 10
4660.000000000014
 20
5310.0
  0
LINE
  5
78E
330
629
100
AcDbEntity
  8
ELE 2
100
AcDbLine
 10
4660.000000000014
 20
5310.0
 30
0.0
 11
0.0000000000001403
 21
1000.0
 31
0.0
  0
LINE
  5
78F
330
629
100
AcDbEntity
  8
ELE 2
100
AcDbLine
 10
4660.000000000014
 20
1000.0
 30
0.0
 11
0.0000000000001403
 21
5310.0
 31
0.0
  0
LINE
  5
790
330
629
100
AcDbEntity
  8
ELE 2
100
AcDbLine
 10
4229.99999999997
 20
8360.0
 30
0.0
 11
0.0000000000001403
 21
12820.0
 31
0.0
  0
LINE
  5
791
330
629
100
AcDbEntity
  8
ELE 2
100
AcDbLine
 10
4229.999999999985
 20
12820.0
 30
0.0
 11
0.0000000000001403
 21
8360.0
 31
0.0
  0
ARC
  5
792
330
629
100
AcDbEntity
  8
FURN
100
AcDbCircle
 10
13055.95320514106
 20
10834.31819444119
 30
0.0
 40
1663.754472219193
100
AcDbArc
 50
273.3064569998881
 51
286.9428860002441
  0
ARC
  5
793
330
629
100
AcDbEntity
  8
FURN
100
AcDbCircle
 10
14385.70909402856
 20
6823.796305559554
 30
0.0
 40
2562.291916662001
100
AcDbArc
 50
93.36646100009643
 51
109.2534040003587
  0
LINE
  5
794
330
629
100
AcDbEntity
  8
FURN
100
AcDbLine
 10
14235.24612180543
 20
8590.0
 30
0.0
 11
12068.57945514227
 21
8590.0
 31
0.0
  0
LINE
  5
795
330
629
100
AcDbEntity
  8
FURN
100
AcDbLine
 10
12068.57945514227
 20
8756.666666669634
 30
0.0
 11
12068.57945514227
 21
10923.3333333328
 31
0.0
  0
LINE
  5
796
330
629
100
AcDbEntity
  8
FURN
100
AcDbLine
 10
12151.91278847547
 20
11006.66666666275
 30
0.0
 11
14151.91278847547
 21
11006.66666666275
 31
0.0
  0
LINE
  5
797
330
629
100
AcDbEntity
  8
FURN
100
AcDbLine
 10
14235.24612180543
 20
10923.3333333328
 30
0.0
 11
14235.24612180543
 21
8756.666666669634
 31
0.0
  0
LINE
  5
798
330
629
100
AcDbEntity
  8
FURN
100
AcDbLine
 10
14235.24612180543
 20
8673.333333329967
 30
0.0
 11
12068.57945514227
 21
8673.333333329967
 31
0.0
  0
LINE
  5
799
330
629
100
AcDbEntity
  8
FURN
100
AcDbLine
 10
14151.91278847547
 20
8728.888888888665
 30
0.0
 11
14151.91278847547
 21
9117.777777776929
 31
0.0
  0
LINE
  5
79A
330
629
100
AcDbEntity
  8
FURN
100
AcDbLine
 10
14151.91278847547
 20
9117.777777776929
 30
0.0
 11
13235.24612180706
 21
9117.777777776929
 31
0.0
  0
LINE
  5
79B
330
629
100
AcDbEntity
  8
FURN
100
AcDbLine
 10
13235.24612180706
 20
9117.777777776929
 30
0.0
 11
13235.24612180706
 21
8728.888888888665
 31
0.0
  0
LINE
  5
79C
330
629
100
AcDbEntity
  8
FURN
100
AcDbLine
 10
13235.24612180706
 20
8728.888888888665
 30
0.0
 11
14151.91278847547
 21
8728.888888888665
 31
0.0
  0
LINE
  5
79D
330
629
100
AcDbEntity
  8
FURN
100
AcDbLine
 10
12151.91278847547
 20
8728.888888888665
 30
0.0
 11
13068.57945514389
 21
8728.888888888665
 31
0.0
  0
LINE
  5
79E
330
629
100
AcDbEntity
  8
FURN
100
AcDbLine
 10
12151.91278847547
 20
9117.777777776929
 30
0.0
 11
12151.91278847547
 21
8728.888888888665
 31
0.0
  0
LINE
  5
79F
330
629
100
AcDbEntity
  8
FURN
100
AcDbLine
 10
13068.57945514389
 20
9117.777777776929
 30
0.0
 11
12151.91278847547
 21
9117.777777776929
 31
0.0
  0
LINE
  5
7A0
330
629
100
AcDbEntity
  8
FURN
100
AcDbLine
 10
13068.57945514389
 20
8728.888888888665
 30
0.0
 11
13068.57945514389
 21
9117.777777776929
 31
0.0
  0
LINE
  5
7A1
330
629
100
AcDbEntity
  8
FURN
100
AcDbLine
 10
13596.35723292081
 20
9395.555555554253
 30
0.0
 11
12068.57945514227
 21
9395.555555554253
 31
0.0
  0
ARC
  5
7A2
330
629
100
AcDbEntity
  8
FURN
100
AcDbCircle
 10
14193.57945513883
 20
8610.833333330054
 30
0.0
 40
981.6261388871016
100
AcDbArc
 50
87.56726000000389
 51
129.5460809999235
  0
ARC
  5
7A3
330
629
100
AcDbEntity
  8
FURN
100
AcDbCircle
 10
12967.77301069403
 20
10193.49461111019
 30
0.0
 40
1021.164388887029
100
AcDbArc
 50
272.5397819999606
 51
306.0403109996359
  0
LINE
  5
7A4
330
629
100
AcDbEntity
  8
FURN
100
AcDbLine
 10
13151.91278847385
 20
9173.333333332383
 30
0.0
 11
12068.57945514227
 21
9173.333333332383
 31
0.0
  0
ARC
  5
7A5
330
629
100
AcDbEntity
  8
FURN
100
AcDbCircle
 10
14818.57945513782
 20
8923.333333332797
 30
0.0
 40
694.4444444431799
100
AcDbArc
 50
163.7397949999403
 51
196.2602050000596
  0
ARC
  5
7A6
330
629
100
AcDbEntity
  8
FURN
100
AcDbCircle
 10
12568.57945514469
 20
8923.333333332797
 30
0.0
 40
694.4444444431799
100
AcDbArc
 50
343.7397949999403
 51
16.26020500005965
  0
ARC
  5
7A7
330
629
100
AcDbEntity
  8
FURN
100
AcDbCircle
 10
11485.24612181311
 20
8923.333333332797
 30
0.0
 40
694.4444444431799
100
AcDbArc
 50
343.7397949999403
 51
16.26020500005965
  0
ARC
  5
7A8
330
629
100
AcDbEntity
  8
FURN
100
AcDbCircle
 10
13735.24612180624
 20
8923.333333332797
 30
0.0
 40
694.4444444431799
100
AcDbArc
 50
163.7397949999403
 51
196.2602050000596
  0
ARC
  5
7A9
330
629
100
AcDbEntity
  8
FURN
100
AcDbCircle
 10
14151.91278847547
 20
10923.3333333328
 30
0.0
 40
83.33333333318158
100
AcDbArc
 50
0.0
 51
90.0
  0
ARC
  5
7AA
330
629
100
AcDbEntity
  8
FURN
100
AcDbCircle
 10
12151.91278847547
 20
10923.3333333328
 30
0.0
 40
83.33333333318158
100
AcDbArc
 50
90.0
 51
180.0
  0
ARC
  5
7AB
330
629
100
AcDbEntity
  8
FURN
100
AcDbCircle
 10
12151.91278847547
 20
8756.666666669634
 30
0.0
 40
83.33333333318158
100
AcDbArc
 50
180.0
 51
270.0
  0
ARC
  5
7AC
330
629
100
AcDbEntity
  8
FURN
100
AcDbCircle
 10
14151.91278847547
 20
8756.666666669634
 30
0.0
 40
83.33333333318158
100
AcDbArc
 50
270.0
 51
0.0
  0
LINE
  5
7AD
330
629
100
AcDbEntity
  8
FURN
100
AcDbLine
 10
12068.57945514227
 20
8673.333333329967
 30
0.0
 11
12068.57945514227
 21
8590.0
 31
0.0
  0
LINE
  5
7AE
330
629
100
AcDbEntity
  8
FURN
100
AcDbLine
 10
14235.24612180543
 20
8673.333333329967
 30
0.0
 11
14235.24612180543
 21
8590.0
 31
0.0
  0
LWPOLYLINE
  5
7AF
330
629
100
AcDbEntity
  8
FURN
100
AcDbPolyline
 90
        4
 70
     1
 43
0.0
 10
12068.57945514227
 20
9040.0
 10
12068.57945514227
 20
8590.0
 10
11618.57945514227
 20
8590.0
 10
11618.57945514227
 20
9040.0
  0
LWPOLYLINE
  5
7B0
330
629
100
AcDbEntity
  8
FURN
100
AcDbPolyline
 90
        4
 70
     1
 43
0.0
 10
14235.24612180543
 20
9040.0
 10
14235.24612180543
 20
8590.0
 10
14685.24612180543
 20
8590.0
 10
14685.24612180543
 20
9040.0
  0
LINE
  5
7B1
330
629
100
AcDbEntity
  8
wall
100
AcDbLine
 10
13449.99999999996
 20
5724.529902749281
 30
0.0
 11
13219.99999999998
 21
5724.529902749281
 31
0.0
  0
LINE
  5
7B2
330
629
100
AcDbEntity
  8
wall
100
AcDbLine
 10
13449.99999999996
 20
6174.529902749281
 30
0.0
 11
13219.99999999998
 21
6174.529902749281
 31
0.0
  0
LINE
  5
7B3
330
629
100
AcDbEntity
  8
SILL
100
AcDbLine
 10
13449.99999999996
 20
6174.529902749281
 30
0.0
 11
13449.99999999996
 21
5724.529902749281
 31
0.0
  0
LINE
  5
7B4
330
629
100
AcDbEntity
  8
SILL
100
AcDbLine
 10
13219.99999999998
 20
6174.529902749288
 30
0.0
 11
13219.99999999997
 21
5724.529902749281
 31
0.0
  0
LINE
  5
7B5
330
629
100
AcDbEntity
  8
ELE 1
100
AcDbLine
 10
11232.71428571313
 20
7518.310809393311
 30
0.0
 11
12028.31428571579
 21
7518.310809393304
 31
0.0
  0
LINE
  5
7B6
330
629
100
AcDbEntity
  8
ELE 1
100
AcDbLine
 10
11232.71428571313
 20
7487.225095106907
 30
0.0
 11
12027.67961893888
 21
7487.225095106907
 31
0.0
  0
LWPOLYLINE
  5
7B7
330
629
100
AcDbEntity
  8
ELE 1
100
AcDbPolyline
 90
        2
 70
     0
 43
0.0
 10
11232.71428571313
 20
7518.310809393311
 10
11232.71428571313
 20
7487.225095106907
  0
ARC
  5
7B8
330
629
100
AcDbEntity
  8
ABOVE-DOTTED
100
AcDbCircle
 10
11207.75654732729
 20
7543.268547778753
 30
0.0
 40
820.9372026717366
100
AcDbArc
 50
271.7421471932074
 51
358.2578528067866
  0
LWPOLYLINE
  5
7B9
330
629
100
AcDbEntity
  8
ELE 1
100
AcDbPolyline
 90
        8
 70
     1
 43
0.0
 10
11232.71428571312
 20
6695.5108093932
 10
11077.28571428683
 20
6695.5108093932
 10
11077.28571428683
 20
6722.710809393088
 10
11116.14285714339
 20
6722.710809393088
 10
11116.14285714339
 20
6734.367952249792
 10
11193.85714285654
 20
6734.367952249792
 10
11193.85714285654
 20
6722.710809393088
 10
11232.71428571312
 20
6722.710809393088
  0
LINE
  5
7BA
330
629
100
AcDbEntity
  8
ELE 1
100
AcDbLine
 10
11232.71428571313
 20
7545.510809393199
 30
0.0
 11
11077.28571428683
 21
7545.510809393199
 31
0.0
  0
LINE
  5
7BB
330
629
100
AcDbEntity
  8
ELE 1
100
AcDbLine
 10
11077.28571428683
 20
7545.510809393199
 30
0.0
 11
11077.28571428683
 21
7518.310809393311
 31
0.0
  0
LINE
  5
7BC
330
629
100
AcDbEntity
  8
ELE 1
100
AcDbLine
 10
11077.28571428683
 20
7518.310809393311
 30
0.0
 11
11116.1428571434
 21
7518.310809393311
 31
0.0
  0
LINE
  5
7BD
330
629
100
AcDbEntity
  8
ELE 1
100
AcDbLine
 10
11116.1428571434
 20
7518.310809393311
 30
0.0
 11
11116.1428571434
 21
7506.653666536614
 31
0.0
  0
LINE
  5
7BE
330
629
100
AcDbEntity
  8
ELE 1
100
AcDbLine
 10
11116.1428571434
 20
7506.653666536614
 30
0.0
 11
11193.85714285655
 21
7506.653666536614
 31
0.0
  0
LINE
  5
7BF
330
629
100
AcDbEntity
  8
ELE 1
100
AcDbLine
 10
11193.85714285655
 20
7506.653666536614
 30
0.0
 11
11193.85714285655
 21
7518.310809393311
 31
0.0
  0
LINE
  5
7C0
330
629
100
AcDbEntity
  8
ELE 1
100
AcDbLine
 10
11193.85714285655
 20
7518.310809393311
 30
0.0
 11
11232.71428571313
 21
7518.310809393311
 31
0.0
  0
LINE
  5
7C1
330
629
100
AcDbEntity
  8
ELE 1
100
AcDbLine
 10
11232.71428571313
 20
7518.310809393311
 30
0.0
 11
11232.71428571313
 21
7545.510809393199
 31
0.0
  0
LINE
  5
7C2
330
629
100
AcDbEntity
  8
FURN
100
AcDbLine
 10
13219.99999999998
 20
6177.744188463737
 30
0.0
 11
13219.99999999998
 21
5721.315617034815
 31
0.0
  0
LINE
  5
7C3
330
629
100
AcDbEntity
  8
FURN
100
AcDbLine
 10
13017.14285714296
 20
5721.315617034815
 30
0.0
 11
13017.14285714296
 21
6177.744188463737
 31
0.0
  0
ARC
  5
7C4
330
629
100
AcDbEntity
  8
FURN
100
AcDbCircle
 10
12813.13322825629
 20
5682.016401966205
 30
0.0
 40
424.0364753324617
100
AcDbArc
 50
90.0
 51
105.0731376427531
  0
ARC
  5
7C5
330
629
100
AcDbEntity
  8
FURN
100
AcDbCircle
 10
12777.63490130375
 20
5813.82472154103
 30
0.0
 40
328.1030896091321
100
AcDbArc
 50
105.0731376427531
 51
123.0315475519223
  0
ARC
  5
7C6
330
629
100
AcDbEntity
  8
FURN
100
AcDbCircle
 10
12848.63155521099
 20
5813.824721540805
 30
0.0
 40
328.1030896092497
100
AcDbArc
 50
59.09657470214241
 51
74.92686235724685
  0
ARC
  5
7C7
330
629
100
AcDbEntity
  8
FURN
100
AcDbCircle
 10
12813.13322825629
 20
5682.016401965986
 30
0.0
 40
424.0364753326226
100
AcDbArc
 50
74.92686235724685
 51
90.0
  0
ARC
  5
7C8
330
629
100
AcDbEntity
  8
FURN
100
AcDbCircle
 10
13042.50000000031
 20
5721.315617034815
 30
0.0
 40
25.35714285714909
100
AcDbArc
 50
180.0
 51
270.0
  0
LINE
  5
7C9
330
629
100
AcDbEntity
  8
FURN
100
AcDbLine
 10
12946.14285714284
 20
5814.742936022616
 30
0.0
 11
12946.14285714284
 21
6084.316869475937
 31
0.0
  0
ARC
  5
7CA
330
629
100
AcDbEntity
  8
FURN
100
AcDbCircle
 10
12641.19556561479
 20
5949.529902749178
 30
0.0
 40
131.1955656148112
100
AcDbArc
 50
180.0
 51
212.4997749144813
  0
ARC
  5
7CB
330
629
100
AcDbEntity
  8
FURN
100
AcDbCircle
 10
12641.19556561479
 20
5949.529902749178
 30
0.0
 40
90.6241370433622
100
AcDbArc
 50
180.0
 51
212.4997749144813
  0
ARC
  5
7CC
330
629
100
AcDbEntity
  8
FURN
100
AcDbCircle
 10
12813.13322825629
 20
6217.043403532778
 30
0.0
 40
464.6079039040936
100
AcDbArc
 50
254.9268623570589
 51
270.0
  0
ARC
  5
7CD
330
629
100
AcDbEntity
  8
FURN
100
AcDbCircle
 10
12813.13322825629
 20
6217.043403532778
 30
0.0
 40
424.0364753326574
100
AcDbArc
 50
254.9268623570589
 51
270.0
  0
ARC
  5
7CE
330
629
100
AcDbEntity
  8
FURN
100
AcDbCircle
 10
12723.48680190981
 20
6001.954747665848
 30
0.0
 40
228.767139013323
100
AcDbArc
 50
212.4997749144813
 51
236.9684524480772
  0
ARC
  5
7CF
330
629
100
AcDbEntity
  8
FURN
100
AcDbCircle
 10
12777.63490130375
 20
6085.235083957748
 30
0.0
 40
287.5316610378234
100
AcDbArc
 50
236.9684524480772
 51
254.9268623570589
  0
ARC
  5
7D0
330
629
100
AcDbEntity
  8
FURN
100
AcDbCircle
 10
12777.63490130375
 20
6085.235083957748
 30
0.0
 40
328.1030896092488
100
AcDbArc
 50
236.9684524480772
 51
254.9268623570589
  0
ARC
  5
7D1
330
629
100
AcDbEntity
  8
FURN
100
AcDbCircle
 10
12723.48680190981
 20
6001.954747666066
 30
0.0
 40
188.1957104418842
100
AcDbArc
 50
212.4997749144813
 51
236.9684524480772
  0
LINE
  5
7D2
330
629
100
AcDbEntity
  8
FURN
100
AcDbLine
 10
12968.86049864141
 20
5851.965729841519
 30
0.0
 11
12946.03900410165
 21
5851.965729841519
 31
0.0
  0
LINE
  5
7D3
330
629
100
AcDbEntity
  8
FURN
100
AcDbLine
 10
12946.03900410165
 20
5861.86239749648
 30
0.0
 11
12968.86049864141
 21
5861.86239749648
 31
0.0
  0
ARC
  5
7D4
330
629
100
AcDbEntity
  8
FURN
100
AcDbCircle
 10
12848.63155521099
 20
6085.235083957748
 30
0.0
 40
328.1030896091106
100
AcDbArc
 50
285.073137642941
 51
300.9034252978576
  0
ARC
  5
7D5
330
629
100
AcDbEntity
  8
FURN
100
AcDbCircle
 10
12813.13322825629
 20
6217.043403532581
 30
0.0
 40
424.0364753324157
100
AcDbArc
 50
270.0
 51
285.073137642941
  0
ARC
  5
7D6
330
629
100
AcDbEntity
  8
FURN
100
AcDbCircle
 10
12813.13322825629
 20
6217.043403532581
 30
0.0
 40
464.6079039038514
100
AcDbArc
 50
270.0
 51
285.073137642941
  0
ARC
  5
7D7
330
629
100
AcDbEntity
  8
FURN
100
AcDbCircle
 10
12848.63155521099
 20
6085.235083957748
 30
0.0
 40
287.5316610376539
100
AcDbArc
 50
285.073137642941
 51
289.8240239175992
  0
LINE
  5
7D8
330
629
100
AcDbEntity
  8
FURN
100
AcDbLine
 10
12946.03900410165
 20
5851.965729841519
 30
0.0
 11
12946.03900410165
 21
5861.86239749648
 31
0.0
  0
LINE
  5
7D9
330
629
100
AcDbEntity
  8
FURN
100
AcDbLine
 10
12968.86049864141
 20
5861.86239749648
 30
0.0
 11
12968.86049864141
 21
5851.965729841519
 31
0.0
  0
ARC
  5
7DA
330
629
100
AcDbEntity
  8
FURN
100
AcDbCircle
 10
12723.48680190981
 20
5897.105057832705
 30
0.0
 40
228.7671390133139
100
AcDbArc
 50
123.0315475519223
 51
147.5002250855187
  0
ARC
  5
7DB
330
629
100
AcDbEntity
  8
FURN
100
AcDbCircle
 10
12777.63490130375
 20
5813.82472154103
 30
0.0
 40
287.5316610376854
100
AcDbArc
 50
105.0731376427531
 51
123.0315475519223
  0
ARC
  5
7DC
330
629
100
AcDbEntity
  8
FURN
100
AcDbCircle
 10
12641.19556561479
 20
5949.529902749178
 30
0.0
 40
90.62413704336057
100
AcDbArc
 50
147.5002250855187
 51
180.0
  0
ARC
  5
7DD
330
629
100
AcDbEntity
  8
FURN
100
AcDbCircle
 10
12641.19556561479
 20
5949.529902749178
 30
0.0
 40
131.1955656147909
100
AcDbArc
 50
147.5002250855187
 51
180.0
  0
ARC
  5
7DE
330
629
100
AcDbEntity
  8
FURN
100
AcDbCircle
 10
12723.48680190981
 20
5897.105057832705
 30
0.0
 40
188.1957104418636
100
AcDbArc
 50
123.0315475519223
 51
147.5002250855187
  0
LINE
  5
7DF
330
629
100
AcDbEntity
  8
FURN
100
AcDbLine
 10
12968.86049864141
 20
6046.84993711325
 30
0.0
 11
12946.03900410165
 21
6046.84993711325
 31
0.0
  0
LINE
  5
7E0
330
629
100
AcDbEntity
  8
FURN
100
AcDbLine
 10
12946.03900410165
 20
6036.953269458281
 30
0.0
 11
12968.86049864141
 21
6036.953269458281
 31
0.0
  0
LINE
  5
7E1
330
629
100
AcDbEntity
  8
FURN
100
AcDbLine
 10
12946.03900410165
 20
6046.84993711325
 30
0.0
 11
12946.03900410165
 21
6036.953269458281
 31
0.0
  0
LINE
  5
7E2
330
629
100
AcDbEntity
  8
FURN
100
AcDbLine
 10
12968.86049864141
 20
6036.953269458281
 30
0.0
 11
12968.86049864141
 21
6046.84993711325
 31
0.0
  0
ARC
  5
7E3
330
629
100
AcDbEntity
  8
FURN
100
AcDbCircle
 10
12848.63155521099
 20
5813.824721540805
 30
0.0
 40
287.5316610378145
100
AcDbArc
 50
70.17597608240073
 51
74.92686235724685
  0
ARC
  5
7E4
330
629
100
AcDbEntity
  8
FURN
100
AcDbCircle
 10
13194.6428571422
 20
5721.315617034815
 30
0.0
 40
25.35714285714909
100
AcDbArc
 50
270.0
 51
0.0
  0
LINE
  5
7E5
330
629
100
AcDbEntity
  8
FURN
100
AcDbLine
 10
13194.6428571422
 20
5695.958474177685
 30
0.0
 11
13042.50000000031
 21
5695.958474177685
 31
0.0
  0
ARC
  5
7E6
330
629
100
AcDbEntity
  8
FURN
100
AcDbCircle
 10
13042.50000000031
 20
6177.744188463737
 30
0.0
 40
25.35714285714909
100
AcDbArc
 50
90.0
 51
180.0
  0
ARC
  5
7E7
330
629
100
AcDbEntity
  8
FURN
100
AcDbCircle
 10
12813.13322825629
 20
5682.016401966205
 30
0.0
 40
464.6079039038975
100
AcDbArc
 50
90.0
 51
105.0731376427531
  0
ARC
  5
7E8
330
629
100
AcDbEntity
  8
FURN
100
AcDbCircle
 10
12813.13322825629
 20
5682.016401965986
 30
0.0
 40
464.607903904059
100
AcDbArc
 50
74.92686235724685
 51
90.0
  0
ARC
  5
7E9
330
629
100
AcDbEntity
  8
FURN
100
AcDbCircle
 10
13194.6428571422
 20
6177.744188463737
 30
0.0
 40
25.35714285714909
100
AcDbArc
 50
0.0
 51
90.0
  0
LINE
  5
7EA
330
629
100
AcDbEntity
  8
FURN
100
AcDbLine
 10
13042.50000000031
 20
6203.101331320657
 30
0.0
 11
13194.6428571422
 21
6203.101331320657
 31
0.0
  0
LINE
  5
7EB
330
629
100
AcDbEntity
  8
FURN
100
AcDbLine
 10
12854.21836801572
 20
7222.719165075535
 30
0.0
 11
12854.21836801572
 21
6867.09813398045
 31
0.0
  0
ARC
  5
7EC
330
629
100
AcDbEntity
  8
FURN
100
AcDbCircle
 10
12915.18197334707
 20
6867.098133979751
 30
0.0
 40
60.96360533134138
100
AcDbArc
 50
179.9999999991662
 51
269.9999999991661
  0
LINE
  5
7ED
330
629
100
AcDbEntity
  8
FURN
100
AcDbLine
 10
12915.18197334636
 20
6806.134528648421
 30
0.0
 11
13037.10918400796
 21
6806.134528648421
 31
0.0
  0
ARC
  5
7EE
330
629
100
AcDbEntity
  8
FURN
100
AcDbCircle
 10
13037.10918400796
 20
6907.740537532845
 30
0.0
 40
101.6060088844303
100
AcDbArc
 50
270.0
 51
0.0
  0
LINE
  5
7EF
330
629
100
AcDbEntity
  8
FURN
100
AcDbLine
 10
13138.71519289239
 20
6907.740537532845
 30
0.0
 11
13138.71519289239
 21
7182.076761522279
 31
0.0
  0
ARC
  5
7F0
330
629
100
AcDbEntity
  8
FURN
100
AcDbCircle
 10
13037.10918400796
 20
7182.076761522279
 30
0.0
 40
101.6060088844303
100
AcDbArc
 50
0.0
 51
90.0
  0
LINE
  5
7F1
330
629
100
AcDbEntity
  8
FURN
100
AcDbLine
 10
13037.10918400796
 20
7283.682770406703
 30
0.0
 11
12915.18197334636
 21
7283.682770406703
 31
0.0
  0
ARC
  5
7F2
330
629
100
AcDbEntity
  8
FURN
100
AcDbCircle
 10
12915.18197334663
 20
7222.719165075796
 30
0.0
 40
60.96360533090756
100
AcDbArc
 50
90.0
 51
180.0
  0
LINE
  5
7F3
330
629
100
AcDbEntity
  8
FURN
100
AcDbLine
 10
12813.57596446182
 20
7222.719165075535
 30
0.0
 11
12813.57596446182
 21
6867.09813398045
 31
0.0
  0
ARC
  5
7F4
330
629
100
AcDbEntity
  8
FURN
100
AcDbCircle
 10
12915.18197334631
 20
6867.098133980501
 30
0.0
 40
101.6060088844845
100
AcDbArc
 50
180.0
 51
270.0
  0
LINE
  5
7F5
330
629
100
AcDbEntity
  8
FURN
100
AcDbLine
 10
12915.18197334636
 20
6765.492125096018
 30
0.0
 11
13219.99999999998
 21
6765.492125096018
 31
0.0
  0
LINE
  5
7F6
330
629
100
AcDbEntity
  8
FURN
100
AcDbLine
 10
13219.99999999998
 20
6765.492125096018
 30
0.0
 11
13219.99999999998
 21
7324.325173959945
 31
0.0
  0
LINE
  5
7F7
330
629
100
AcDbEntity
  8
FURN
100
AcDbLine
 10
13219.99999999998
 20
7324.325173959945
 30
0.0
 11
12915.18197334636
 21
7324.325173959945
 31
0.0
  0
ARC
  5
7F8
330
629
100
AcDbEntity
  8
FURN
100
AcDbCircle
 10
12915.18197334631
 20
7222.719165075469
 30
0.0
 40
101.6060088844845
100
AcDbArc
 50
90.0
 51
179.9999999995831
  0
CIRCLE
  5
7F9
330
629
100
AcDbEntity
  8
FURN
100
AcDbCircle
 10
13179.35759644618
 20
7044.90864952842
 30
0.0
 40
20.32120177690412
  0
LINE
  5
7FA
330
629
100
AcDbEntity
  8
FURN
100
AcDbLine
 10
13087.91218845007
 20
7095.711653969352
 30
0.0
 11
13087.91218845007
 21
6994.105645085787
 31
0.0
  0
CIRCLE
  5
7FB
330
629
100
AcDbEntity
  8
FURN
100
AcDbCircle
 10
13087.91218845007
 20
7044.90864952842
 30
0.0
 40
25.40150222113015
  0
LINE
  5
7FC
330
629
100
AcDbEntity
  8
FURN
100
AcDbLine
 10
13037.10918400796
 20
7044.90864952842
 30
0.0
 11
13138.71519289239
 21
7044.90864952842
 31
0.0
  0
CIRCLE
  5
7FD
330
629
100
AcDbEntity
  8
FURN
100
AcDbCircle
 10
13179.35759644618
 20
7105.872254857866
 30
0.0
 40
20.32120177690412
  0
CIRCLE
  5
7FE
330
629
100
AcDbEntity
  8
FURN
100
AcDbCircle
 10
13179.35759644618
 20
6983.945044198117
 30
0.0
 40
20.32120177690412
  0
LINE
  5
7FF
330
629
100
AcDbEntity
  8
wall
100
AcDbLine
 10
9060.0
 20
11390.0
 30
0.0
 11
9290.0
 21
11390.0
 31
0.0
  0
LINE
  5
800
330
629
100
AcDbEntity
  8
ELE 2
100
AcDbLine
 10
9060.0
 20
5080.0
 30
0.0
 11
9060.000000000151
 21
400.0000000001091
 31
0.0
  0
MTEXT
  5
801
330
629
100
AcDbEntity
  8
0
100
AcDbMText
 10
12096.09511080493
 20
11656.54221346165
 30
0.0
 40
150.0
 41
2047.873289513169
 46
0.0
 71
     1
 72
     5
  1
MASTER BEDROOM
 73
     1
 44
1.0
101
Embedded Object
 70
     1
 10
1.0
 20
0.0
 30
0.0
 11
12096.09511080493
 21
11656.54221346165
 31
0.0
 40
2047.873289513169
 41
0.0
 42
1982.742155525239
 43
155.2182810368349
 71
     2
 72
     1
 44
2047.873289513169
 45
12.5
 73
     0
 74
     0
 46
0.0
  0
LINE
  5
802
330
629
100
AcDbEntity
  8
FURN
100
AcDbLine
 10
10589.99999999997
 20
6695.5108093932
 30
0.0
 11
11039.99999999998
 21
6695.5108093932
 31
0.0
  0
LINE
  5
803
330
629
100
AcDbEntity
  8
FURN
100
AcDbLine
 10
9290.0
 20
7547.611210599884
 30
0.0
 11
9740.0
 21
7547.611210599884
 31
0.0
  0
MTEXT
  5
804
330
629
100
AcDbEntity
  8
0
100
AcDbMText
 10
9650.561546253177
 20
8094.009891904105
 30
0.0
 40
150.0
 41
2047.873289513169
 46
0.0
 71
     1
 72
     5
  1
WALKING WARDROBE
 73
     1
 44
1.0
101
Embedded Object
 70
     1
 10
1.0
 20
0.0
 30
0.0
 11
9650.561546253177
 21
8094.009891904105
 31
0.0
 40
2047.873289513169
 41
0.0
 42
1220.259208731241
 43
407.7762619372442
 71
     2
 72
     1
 44
2047.873289513169
 45
12.5
 73
     0
 74
     0
 46
0.0
  0
MTEXT
  5
805
330
629
100
AcDbEntity
  8
0
100
AcDbMText
 10
11799.72144646276
 20
6791.604019307815
 30
0.0
 40
150.0
 41
2047.873289513169
 46
0.0
 71
     1
 72
     5
  1
TOILET
 73
     1
 44
1.0
101
Embedded Object
 70
     1
 10
1.0
 20
0.0
 30
0.0
 11
11799.72144646276
 21
6791.604019307815
 31
0.0
 40
2047.873289513169
 41
0.0
 42
724.4201909959073
 43
155.2182810368349
 71
     2
 72
     1
 44
2047.873289513169
 45
12.5
 73
     0
 74
     0
 46
0.0
  0
LINE
  5
806
330
629
100
AcDbEntity
  8
SILL
100
AcDbLine
 10
11269.99999999998
 20
7545.510809393199
 30
0.0
 11
11269.99999999998
 21
6695.5108093932
 31
0.0
  0
MTEXT
  5
807
330
629
100
AcDbEntity
  8
0
100
AcDbMText
 10
6536.565920599368
 20
9899.184573584287
 30
0.0
 40
150.0
 41
2047.873289513169
 46
0.0
 71
     1
 72
     5
  1
DINNING BELOW 
 73
     1
 44
1.0
101
Embedded Object
 70
     1
 10
1.0
 20
0.0
 30
0.0
 11
6536.565920599368
 21
9899.184573584287
 31
0.0
 40
2047.873289513169
 41
0.0
 42
1681.309686221009
 43
155.2182810368349
 71
     2
 72
     1
 44
2047.873289513169
 45
12.5
 73
     0
 74
     0
 46
0.0
  0
LINE
  5
808
330
629
100
AcDbEntity
  8
ABOVE-DOTTED
100
AcDbLine
 10
9059.99999999997
 20
8590.0
 30
0.0
 11
4459.99999999997
 21
12590.0
 31
0.0
  0
LINE
  5
809
330
629
100
AcDbEntity
  8
ABOVE-DOTTED
100
AcDbLine
 10
4459.999999999971
 20
8590.000000000015
 30
0.0
 11
9059.999999999988
 21
12590.0
 31
0.0
  0
LINE
  5
80A
330
629
100
AcDbEntity
  8
ELE 2
100
AcDbLine
 10
4229.99999999997
 20
8360.0
 30
0.0
 11
0.0000000000001403
 21
8360.000000000029
 31
0.0
  0
ENDBLK
  5
80E
330
629
100
AcDbEntity
  8
0
100
AcDbBlockEnd
  0
BLOCK
  5
870
330
86F
100
AcDbEntity
  8
0
100
AcDbBlockBegin
  2
A$C428C23EF
 70
     0
 10
0.0
 20
0.0
 30
0.0
  3
A$C428C23EF
  1

  0
3DFACE
  5
871
330
86F
100
AcDbEntity
  8
DIEN HOA
  6
Continuous
100
AcDbFace
 10
511.0763774109508
 20
1112.634183201063
 30
0.0
 11
597.5552196103088
 21
1100.280062886866
 31
0.0
 12
511.8919229268939
 22
827.7082920598337
 32
0.0
 13
474.8295619843119
 23
778.2918108030497
 33
0.0
 70
     1
  0
3DFACE
  5
872
330
86F
100
AcDbEntity
  8
DIEN HOA
  6
Continuous
100
AcDbFace
 10
114.3219086682802
 20
864.6032500848805
 30
0.0
 11
123.1109902338794
 21
1036.982550071865
 31
0.0
 12
63.7247949919547
 22
910.2255784846484
 32
0.0
 13
0.0000101733603515
 23
889.9764271782517
 33
0.0
 70
     1
  0
3DFACE
  5
873
330
86F
100
AcDbEntity
  8
DIEN HOA
  6
Continuous
100
AcDbFace
 10
153.1298156196134
 20
1220.25353370697
 30
0.0
 11
199.5892217954533
 21
1062.454246322266
 31
0.0
 12
114.3219086682802
 22
864.6032500848805
 32
0.0
 13
123.1109902338794
 23
1036.982550071865
 33
0.0
 70
     5
  0
3DFACE
  5
874
330
86F
100
AcDbEntity
  8
DIEN HOA
  6
Continuous
100
AcDbFace
 10
480.8319887467513
 20
1001.372150751606
 30
0.0
 11
199.5892217954533
 21
1062.454246322266
 31
0.0
 12
199.5892217954533
 22
975.9754041228934
 32
0.0
 13
457.0970204704353
 23
798.4193073442725
 33
0.0
 70
     5
  0
3DFACE
  5
875
330
86F
100
AcDbEntity
  8
DIEN HOA
  6
Continuous
100
AcDbFace
 10
199.5892217954533
 20
975.9754041228934
 30
0.0
 11
457.0970204704353
 21
798.4193073442725
 31
0.0
 12
292.2046877769608
 22
686.497868600753
 32
0.0
 13
292.2046877769608
 23
686.497868600753
 33
0.0
 70
    11
  0
3DFACE
  5
876
330
86F
100
AcDbEntity
  8
DIEN HOA
  6
Continuous
100
AcDbFace
 10
199.5892217954533
 20
975.9754041228934
 30
0.0
 11
292.2046877769608
 21
686.497868600753
 31
0.0
 12
249.0057030522439
 22
444.7482306124588
 32
0.0
 13
113.1103795960807
 23
481.8105915550486
 33
0.0
 70
     5
  0
3DFACE
  5
877
330
86F
100
AcDbEntity
  8
DIEN HOA
  6
Continuous
100
AcDbFace
 10
470.1683952008751
 20
12.35401961559546
 30
0.0
 11
286.4538684027939
 21
12.35401961559546
 31
0.0
 12
327.3822736331349
 22
62.95039055677034
 32
0.0
 13
327.3822736331349
 23
62.95039055677034
 33
0.0
 70
     8
  0
3DFACE
  5
878
330
86F
100
AcDbEntity
  8
DIEN HOA
  6
Continuous
100
AcDbFace
 10
299.1784005476367
 20
432.3941102982643
 30
0.0
 11
447.4278443179937
 21
407.6858696698695
 31
0.0
 12
470.1683952008751
 22
12.35401961559546
 32
0.0
 13
327.3822736331349
 23
62.95039055677034
 33
0.0
 70
     5
  0
3DFACE
  5
879
330
86F
100
AcDbEntity
  8
DIEN HOA
  6
Continuous
100
AcDbFace
 10
457.0970204704353
 20
798.4193073442725
 30
0.0
 11
292.2046877769608
 21
686.497868600753
 31
0.0
 12
299.1784005476367
 22
432.3941102982643
 32
0.0
 13
447.4278443179937
 23
407.6858696698695
 33
0.0
 70
     5
  0
3DFACE
  5
87A
330
86F
100
AcDbEntity
  8
DIEN HOA
  6
Continuous
100
AcDbFace
 10
249.0057030522439
 20
444.7482306124588
 30
0.0
 11
113.1103795960807
 21
481.8105915550486
 31
0.0
 12
125.464530020894
 22
62.74217518083696
 32
0.0
 13
236.6515827380499
 23
86.47874150077131
 33
0.0
 70
     5
  0
3DFACE
  5
87B
330
86F
100
AcDbEntity
  8
DIEN HOA
  6
Continuous
100
AcDbFace
 10
125.464530020894
 20
62.74217518083696
 30
0.0
 11
236.6515827380499
 21
86.47874150077131
 31
0.0
 12
249.0057030522439
 22
12.35401961559546
 32
0.0
 13
38.98565771090216
 23
-0.0001006986021821
 33
0.0
 70
     1
  0
3DFACE
  5
87C
330
86F
100
AcDbEntity
  8
DIEN HOA
  6
Continuous
100
AcDbFace
 10
523.6468737928808
 20
1357.124929890674
 30
0.0
 11
466.9308203872642
 21
1200.801393426554
 31
0.0
 12
511.0763774109508
 22
1112.634183201063
 32
0.0
 13
597.5552196103088
 23
1100.280062886866
 33
0.0
 70
     5
  0
3DFACE
  5
87D
330
86F
100
AcDbEntity
  8
DIEN HOA
  6
Continuous
100
AcDbFace
 10
355.4654296948574
 20
1489.020403154944
 30
0.0
 11
253.7830126577173
 21
1491.630831685971
 31
0.0
 12
249.1151529457857
 22
1439.513107014475
 32
0.0
 13
380.7735550122889
 23
1459.789317450327
 33
0.0
 70
     5
  0
3DFACE
  5
87E
330
86F
100
AcDbEntity
  8
DIEN HOA
  6
Continuous
100
AcDbFace
 10
144.4592464140878
 20
1314.9203315812
 30
0.0
 11
523.6468737928808
 21
1357.124929890674
 31
0.0
 12
466.9308203872642
 22
1200.801393426554
 32
0.0
 13
153.1298156196134
 23
1220.25353370697
 33
0.0
 70
     7
  0
3DFACE
  5
87F
330
86F
100
AcDbEntity
  8
DIEN HOA
  6
Continuous
100
AcDbFace
 10
466.9308203872642
 20
1200.801393426554
 30
0.0
 11
153.1298156196134
 21
1220.25353370697
 31
0.0
 12
199.5892217954533
 22
1062.454246322266
 32
0.0
 13
480.8319887467513
 23
1001.372150751606
 33
0.0
 70
     7
  0
3DFACE
  5
880
330
86F
100
AcDbEntity
  8
DIEN HOA
  6
Continuous
100
AcDbFace
 10
224.4161669546156
 20
1704.868502660466
 30
0.0
 11
403.4915670065529
 21
1661.94491404596
 31
0.0
 12
388.0785888657411
 22
1562.859287615267
 32
0.0
 13
199.707926326213
 23
1618.389660461093
 33
0.0
 70
     5
  0
3DFACE
  5
881
330
86F
100
AcDbEntity
  8
DIEN HOA
  6
Continuous
100
AcDbFace
 10
388.0785888657411
 20
1562.859287615267
 30
0.0
 11
199.707926326213
 21
1618.389660461093
 31
0.0
 12
208.8844842830586
 22
1519.556697947525
 32
0.0
 13
360.3114904107642
 23
1519.556697947525
 33
0.0
 70
     5
  0
3DFACE
  5
882
330
86F
100
AcDbEntity
  8
DIEN HOA
  6
Continuous
100
AcDbFace
 10
208.8844842830586
 20
1519.556697947525
 30
0.0
 11
360.3114904107642
 21
1519.556697947525
 31
0.0
 12
355.4654296948574
 22
1489.020403154944
 32
0.0
 13
253.7830126577173
 23
1491.630831685971
 33
0.0
 70
     5
  0
3DFACE
  5
883
330
86F
100
AcDbEntity
  8
DIEN HOA
  6
Continuous
100
AcDbFace
 10
480.2294191814872
 20
1418.895531461656
 30
0.0
 11
149.8853745645756
 21
1369.638894838535
 31
0.0
 12
144.4592464140878
 22
1314.9203315812
 32
0.0
 13
523.6468737928808
 23
1357.124929890674
 33
0.0
 70
     5
  0
3DFACE
  5
884
330
86F
100
AcDbEntity
  8
DIEN HOA
  6
Continuous
100
AcDbFace
 10
249.1151529457857
 20
1439.513107014475
 30
0.0
 11
380.7735550122889
 21
1459.789317450327
 31
0.0
 12
480.2294191814872
 22
1418.895531461656
 32
0.0
 13
149.8853745645756
 23
1369.638894838535
 33
0.0
 70
     5
  0
3DFACE
  5
885
330
86F
100
AcDbEntity
  8
DIEN HOA
  6
Continuous
100
AcDbFace
 10
360.3114904107642
 20
1729.576743288857
 30
0.0
 11
273.8326482113917
 21
1741.930863603055
 31
0.0
 12
224.4161669546156
 22
1704.868502660466
 32
0.0
 13
403.4915670065529
 23
1661.94491404596
 33
0.0
 70
     4
  0
ENDBLK
  5
886
330
86F
100
AcDbEntity
  8
0
100
AcDbBlockEnd
  0
ENDSEC
  0
SECTION
  2
ENTITIES
  0
LINE
  5
448
330
1F
100
AcDbEntity
  8
0
100
AcDbLine
 10
13352.61188593057
 20
6185.609342758603
 30
0.0
 11
13352.61188593057
 21
5735.609342758602
 31
0.0
  0
LINE
  5
449
330
1F
100
AcDbEntity
  8
wall
100
AcDbLine
 10
15317.61188593059
 20
12831.07944000932
 30
0.0
 11
13937.61188593061
 21
12831.07944000932
 31
0.0
  0
LINE
  5
44A
330
1F
100
AcDbEntity
  8
wall
100
AcDbLine
 10
12437.61188593062
 20
12831.07944000932
 30
0.0
 11
8075.023448527627
 21
12831.07944000932
 31
0.0
  0
LINE
  5
44B
330
1F
100
AcDbEntity
  8
wall
100
AcDbLine
 10
6075.023448527626
 20
12831.07944000932
 30
0.0
 11
5477.611885930567
 21
12831.07944000932
 31
0.0
  0
LINE
  5
44C
330
1F
100
AcDbEntity
  8
wall
100
AcDbLine
 10
4577.611885930567
 20
12831.07944000932
 30
0.0
 11
4247.611885930581
 21
12831.07944000932
 31
0.0
  0
LINE
  5
44D
330
1F
100
AcDbEntity
  8
ELE 2
100
AcDbLine
 10
6075.023448527626
 20
14031.07944000932
 30
0.0
 11
2307.580395946989
 21
14031.07944000932
 31
0.0
  0
LINE
  5
44E
330
1F
100
AcDbEntity
  8
wall
100
AcDbLine
 10
4247.611885930584
 20
12831.07944000932
 30
0.0
 11
17.61188593059724
 21
12831.07944000932
 31
0.0
  0
LINE
  5
44F
330
1F
100
AcDbEntity
  8
wall
100
AcDbLine
 10
15087.61188593059
 20
12601.07944000932
 30
0.0
 11
13937.61188593061
 21
12601.07944000932
 31
0.0
  0
LINE
  5
450
330
1F
100
AcDbEntity
  8
wall
100
AcDbLine
 10
12437.61188593061
 20
12601.07944000932
 30
0.0
 11
11287.61188593061
 21
12601.07944000932
 31
0.0
  0
LINE
  5
451
330
1F
100
AcDbEntity
  8
wall
100
AcDbLine
 10
11287.61188593062
 20
12501.07944000932
 30
0.0
 11
11057.61188593062
 21
12501.07944000932
 31
0.0
  0
LINE
  5
452
330
1F
100
AcDbEntity
  8
wall
100
AcDbLine
 10
11287.61188593062
 20
11501.07944000933
 30
0.0
 11
11057.61188593061
 21
11501.07944000933
 31
0.0
  0
LINE
  5
453
330
1F
100
AcDbEntity
  8
wall
100
AcDbLine
 10
11057.61188593062
 20
12601.07944000932
 30
0.0
 11
8075.023448527627
 21
12601.07944000931
 31
0.0
  0
LINE
  5
454
330
1F
100
AcDbEntity
  8
wall
100
AcDbLine
 10
6075.023448527626
 20
12601.07944000931
 30
0.0
 11
5477.611885930582
 21
12601.07944000931
 31
0.0
  0
LINE
  5
455
330
1F
100
AcDbEntity
  8
wall
100
AcDbLine
 10
4577.611885930582
 20
12601.07944000931
 30
0.0
 11
4477.611885930582
 21
12601.07944000932
 31
0.0
  0
LINE
  5
456
330
1F
100
AcDbEntity
  8
ELE 2
100
AcDbLine
 10
5677.611885930582
 20
11401.07944000932
 30
0.0
 11
5657.611885930583
 21
11401.07944000932
 31
0.0
  0
LINE
  5
457
330
1F
100
AcDbEntity
  8
ELE 2
100
AcDbLine
 10
5637.611885930582
 20
11401.07944000932
 30
0.0
 11
4477.611885930582
 21
11401.07944000932
 31
0.0
  0
LINE
  5
458
330
1F
100
AcDbEntity
  8
wall
100
AcDbLine
 10
11057.61188593058
 20
10151.07944000933
 30
0.0
 11
9307.611885930612
 21
10151.0794400093
 31
0.0
  0
LINE
  5
459
330
1F
100
AcDbEntity
  8
wall
100
AcDbLine
 10
11287.61188593058
 20
9921.079440009322
 30
0.0
 11
9307.611885930597
 21
9921.079440009307
 31
0.0
  0
LINE
  5
45A
330
1F
100
AcDbEntity
  8
wall
100
AcDbLine
 10
15087.61188593058
 20
8601.079440009321
 30
0.0
 11
10405.77616558829
 21
8601.079440009321
 31
0.0
  0
LINE
  5
45B
330
1F
100
AcDbEntity
  8
wall
100
AcDbLine
 10
9407.611885930583
 20
8601.079440009321
 30
0.0
 11
9307.611885930597
 21
8601.079440009321
 31
0.0
  0
LINE
  5
45C
330
1F
100
AcDbEntity
  8
ELE 1
100
AcDbLine
 10
9077.611885930567
 20
8301.079440009322
 30
0.0
 11
5977.611885930569
 21
8301.079440009322
 31
0.0
  0
LINE
  5
45D
330
1F
100
AcDbEntity
  8
ELE 1
100
AcDbLine
 10
9077.611885930567
 20
8001.079440009322
 30
0.0
 11
6277.611885930571
 21
8001.079440009322
 31
0.0
  0
LINE
  5
45E
330
1F
100
AcDbEntity
  8
wall
100
AcDbLine
 10
9407.611885930597
 20
8371.079440009323
 30
0.0
 11
9307.611885930585
 21
8371.079440009323
 31
0.0
  0
LINE
  5
45F
330
1F
100
AcDbEntity
  8
wall
100
AcDbLine
 10
15317.61188593059
 20
8371.079440009323
 30
0.0
 11
14697.61188593056
 21
8371.079440009323
 31
0.0
  0
LINE
  5
460
330
1F
100
AcDbEntity
  8
wall
100
AcDbLine
 10
14467.61188593059
 20
8371.079440009323
 30
0.0
 11
13467.61188593056
 21
8371.079440009323
 31
0.0
  0
LINE
  5
461
330
1F
100
AcDbEntity
  8
wall
100
AcDbLine
 10
13237.61188593058
 20
8371.079440009323
 30
0.0
 11
11287.61188593058
 21
8371.079440009323
 31
0.0
  0
LINE
  5
462
330
1F
100
AcDbEntity
  8
wall
100
AcDbLine
 10
11057.61188593058
 20
8371.079440009323
 30
0.0
 11
10405.77616558829
 21
8371.079440009351
 31
0.0
  0
LINE
  5
463
330
1F
100
AcDbEntity
  8
wall
100
AcDbLine
 10
9407.611885930583
 20
8371.079440009323
 30
0.0
 11
9307.611885930585
 21
8371.079440009323
 31
0.0
  0
LINE
  5
464
330
1F
100
AcDbEntity
  8
wall
100
AcDbLine
 10
14467.61188593059
 20
7371.079440009322
 30
0.0
 11
13467.61188593058
 21
7371.079440009322
 31
0.0
  0
LINE
  5
465
330
1F
100
AcDbEntity
  8
wall
100
AcDbLine
 10
14697.61188593056
 20
7141.079440009322
 30
0.0
 11
13467.61188593058
 21
7141.079440009322
 31
0.0
  0
LINE
  5
466
330
1F
100
AcDbEntity
  8
wall
100
AcDbLine
 10
15317.61188593056
 20
5321.079440009322
 30
0.0
 11
13467.61188593058
 21
5321.079440009322
 31
0.0
  0
LINE
  5
467
330
1F
100
AcDbEntity
  8
wall
100
AcDbLine
 10
13237.61188593058
 20
5321.079440009322
 30
0.0
 11
11287.61188593056
 21
5321.079440009322
 31
0.0
  0
LINE
  5
468
330
1F
100
AcDbEntity
  8
wall
100
AcDbLine
 10
15317.61188593056
 20
5091.079440009351
 30
0.0
 11
9077.611885930556
 21
5091.0794400093
 31
0.0
  0
LINE
  5
469
330
1F
100
AcDbEntity
  8
wall
100
AcDbLine
 10
11057.61188593056
 20
5321.079440009322
 30
0.0
 11
9307.611885930585
 21
5321.079440009322
 31
0.0
  0
LINE
  5
46A
330
1F
100
AcDbEntity
  8
FURN
100
AcDbLine
 10
10607.61188593058
 20
5771.079440009322
 30
0.0
 11
9757.611885930598
 21
5771.079440009322
 31
0.0
  0
LINE
  5
46B
330
1F
100
AcDbEntity
  8
ELE 2
100
AcDbLine
 10
9077.611885930597
 20
5091.079440009321
 30
0.0
 11
5677.611885930596
 21
5091.079440009321
 31
0.0
  0
LINE
  5
46C
330
1F
100
AcDbEntity
  8
ELE 1
100
AcDbLine
 10
9077.611885930597
 20
5391.079440009321
 30
0.0
 11
5977.611885930581
 21
5391.079440009321
 31
0.0
  0
LINE
  5
46D
330
1F
100
AcDbEntity
  8
ELE 1
100
AcDbLine
 10
9077.611885930597
 20
5691.079440009321
 30
0.0
 11
6277.611885930581
 21
5691.079440009321
 31
0.0
  0
LINE
  5
46E
330
1F
100
AcDbEntity
  8
ELE 2
100
AcDbLine
 10
5677.611885930596
 20
1011.079440009321
 30
0.0
 11
17.61188593059724
 21
1011.079440009321
 31
0.0
  0
LINE
  5
46F
330
1F
100
AcDbEntity
  8
wall
100
AcDbLine
 10
15317.61188593059
 20
12831.07944000932
 30
0.0
 11
15317.61188593059
 21
11351.07944000932
 31
0.0
  0
LINE
  5
470
330
1F
100
AcDbEntity
  8
wall
100
AcDbLine
 10
15317.61188593059
 20
9851.079440009321
 30
0.0
 11
15317.61188593058
 21
8371.079440009323
 31
0.0
  0
LINE
  5
471
330
1F
100
AcDbEntity
  8
wall
100
AcDbLine
 10
15087.61188593059
 20
12601.07944000932
 30
0.0
 11
15087.61188593059
 21
11351.07944000932
 31
0.0
  0
LINE
  5
472
330
1F
100
AcDbEntity
  8
wall
100
AcDbLine
 10
15087.61188593059
 20
9851.079440009321
 30
0.0
 11
15087.61188593058
 21
8601.079440009321
 31
0.0
  0
LINE
  5
473
330
1F
100
AcDbEntity
  8
ELE 2
100
AcDbLine
 10
15317.61188593056
 20
5321.079440009322
 30
0.0
 11
15317.61188593058
 21
11.07944000932148
 31
0.0
  0
LINE
  5
474
330
1F
100
AcDbEntity
  8
wall
100
AcDbLine
 10
11287.61188593062
 20
12601.07944000932
 30
0.0
 11
11287.61188593064
 21
12501.07944000932
 31
0.0
  0
LINE
  5
475
330
1F
100
AcDbEntity
  8
wall
100
AcDbLine
 10
11287.61188593059
 20
11501.07944000933
 30
0.0
 11
11287.61188593058
 21
9921.079440009307
 31
0.0
  0
LINE
  5
476
330
1F
100
AcDbEntity
  8
wall
100
AcDbLine
 10
11287.61188593058
 20
8371.079440009323
 30
0.0
 11
11287.61188593058
 21
7556.590249402521
 31
0.0
  0
LINE
  5
477
330
1F
100
AcDbEntity
  8
wall
100
AcDbLine
 10
11287.61188593058
 20
6706.590249402521
 30
0.0
 11
11287.61188593058
 21
5321.079440009322
 31
0.0
  0
LINE
  5
478
330
1F
100
AcDbEntity
  8
wall
100
AcDbLine
 10
13237.61188593058
 20
8371.079440009323
 30
0.0
 11
13237.61188593058
 21
6185.609342758603
 31
0.0
  0
LINE
  5
479
330
1F
100
AcDbEntity
  8
wall
100
AcDbLine
 10
13237.61188593058
 20
5735.609342758602
 30
0.0
 11
13237.61188593058
 21
5321.079440009322
 31
0.0
  0
LINE
  5
47A
330
1F
100
AcDbEntity
  8
wall
100
AcDbLine
 10
13467.61188593058
 20
8371.079440009323
 30
0.0
 11
13467.61188593056
 21
7371.079440009308
 31
0.0
  0
LINE
  5
47B
330
1F
100
AcDbEntity
  8
wall
100
AcDbLine
 10
13467.61188593056
 20
7141.079440009308
 30
0.0
 11
13467.61188593056
 21
6185.609342758603
 31
0.0
  0
LINE
  5
47C
330
1F
100
AcDbEntity
  8
wall
100
AcDbLine
 10
13467.61188593056
 20
5735.609342758602
 30
0.0
 11
13467.61188593056
 21
5321.079440009322
 31
0.0
  0
LINE
  5
47D
330
1F
100
AcDbEntity
  8
wall
100
AcDbLine
 10
14467.61188593056
 20
8371.079440009323
 30
0.0
 11
14467.61188593057
 21
8171.079440009322
 31
0.0
  0
LINE
  5
47E
330
1F
100
AcDbEntity
  8
wall
100
AcDbLine
 10
14467.61188593059
 20
7571.079440009322
 30
0.0
 11
14467.61188593059
 21
7371.079440009322
 31
0.0
  0
LINE
  5
47F
330
1F
100
AcDbEntity
  8
wall
100
AcDbLine
 10
14697.61188593056
 20
8371.079440009323
 30
0.0
 11
14697.61188593057
 21
8171.079440009322
 31
0.0
  0
LINE
  5
480
330
1F
100
AcDbEntity
  8
wall
100
AcDbLine
 10
14697.61188593058
 20
7571.079440009322
 30
0.0
 11
14697.61188593059
 21
7141.079440009322
 31
0.0
  0
LINE
  5
481
330
1F
100
AcDbEntity
  8
wall
100
AcDbLine
 10
11057.61188593059
 20
12601.07944000932
 30
0.0
 11
11057.61188593059
 21
12501.07944000935
 31
0.0
  0
LINE
  5
482
330
1F
100
AcDbEntity
  8
wall
100
AcDbLine
 10
11057.61188593058
 20
11501.07944000933
 30
0.0
 11
11057.61188593058
 21
10151.07944000932
 31
0.0
  0
LINE
  5
483
330
1F
100
AcDbEntity
  8
wall
100
AcDbLine
 10
11057.61188593058
 20
8371.079440009323
 30
0.0
 11
11057.61188593058
 21
7556.590249402521
 31
0.0
  0
LINE
  5
484
330
1F
100
AcDbEntity
  8
wall
100
AcDbLine
 10
11057.61188593058
 20
6706.590249402521
 30
0.0
 11
11057.61188593058
 21
5321.079440009322
 31
0.0
  0
LINE
  5
485
330
1F
100
AcDbEntity
  8
FURN
100
AcDbLine
 10
10607.61188593057
 20
6706.590249402521
 30
0.0
 11
10607.61188593058
 21
5771.079440009322
 31
0.0
  0
LINE
  5
486
330
1F
100
AcDbEntity
  8
wall
100
AcDbLine
 10
10405.77616558829
 20
8371.079440009351
 30
0.0
 11
10405.77616558829
 21
8371.079440009337
 31
0.0
  0
LINE
  5
487
330
1F
100
AcDbEntity
  8
wall
100
AcDbLine
 10
9307.611885930597
 20
11401.07944000932
 30
0.0
 11
9307.611885930597
 21
10151.0794400093
 31
0.0
  0
LINE
  5
488
330
1F
100
AcDbEntity
  8
wall
100
AcDbLine
 10
9307.611885930597
 20
9921.079440009307
 30
0.0
 11
9307.611885930597
 21
8601.079440009321
 31
0.0
  0
LINE
  5
489
330
1F
100
AcDbEntity
  8
wall
100
AcDbLine
 10
9307.611885930597
 20
8371.079440009323
 30
0.0
 11
9307.611885930597
 21
5321.079440009322
 31
0.0
  0
LINE
  5
48A
330
1F
100
AcDbEntity
  8
FURN
100
AcDbLine
 10
9757.611885930598
 20
7558.690650609206
 30
0.0
 11
9757.611885930598
 21
5771.079440009322
 31
0.0
  0
LINE
  5
48B
330
1F
100
AcDbEntity
  8
wall
100
AcDbLine
 10
9077.611885930597
 20
11401.07944000932
 30
0.0
 11
9077.611885930597
 21
8601.079440009321
 31
0.0
  0
LINE
  5
48C
330
1F
100
AcDbEntity
  8
wall
100
AcDbLine
 10
9077.611885930597
 20
8371.079440009323
 30
0.0
 11
9077.611885930597
 21
5091.079440009321
 31
0.0
  0
LINE
  5
48D
330
1F
100
AcDbEntity
  8
wall
100
AcDbLine
 10
4477.611885930583
 20
12831.07944000932
 30
0.0
 11
4477.611885930569
 21
8601.079440009335
 31
0.0
  0
LINE
  5
48E
330
1F
100
AcDbEntity
  8
wall
100
AcDbLine
 10
4247.611885930584
 20
12831.07944000932
 30
0.0
 11
4247.611885930567
 21
8371.079440009323
 31
0.0
  0
LINE
  5
48F
330
1F
100
AcDbEntity
  8
ELE 2
100
AcDbLine
 10
5677.611885930582
 20
12601.07944000932
 30
0.0
 11
5677.611885930584
 21
11441.07944000932
 31
0.0
  0
LINE
  5
490
330
1F
100
AcDbEntity
  8
ELE 2
100
AcDbLine
 10
5677.611885930582
 20
11421.0794400093
 30
0.0
 11
5677.611885930582
 21
9601.079440009321
 31
0.0
  0
LINE
  5
491
330
1F
100
AcDbEntity
  8
ELE 2
100
AcDbLine
 10
5657.611885930583
 20
11421.07944000932
 30
0.0
 11
5657.611885930583
 21
9601.079440009321
 31
0.0
  0
LINE
  5
492
330
1F
100
AcDbEntity
  8
ELE 2
100
AcDbLine
 10
5637.611885930582
 20
11441.07944000932
 30
0.0
 11
5637.611885930582
 21
9601.079440009321
 31
0.0
  0
LINE
  5
493
330
1F
100
AcDbEntity
  8
ELE 2
100
AcDbLine
 10
5677.611885930569
 20
8371.079440009323
 30
0.0
 11
5677.611885930582
 21
5091.079440009321
 31
0.0
  0
LINE
  5
494
330
1F
100
AcDbEntity
  8
ELE 1
100
AcDbLine
 10
5977.611885930569
 20
8301.079440009322
 30
0.0
 11
5977.611885930581
 21
5391.079440009321
 31
0.0
  0
LINE
  5
495
330
1F
100
AcDbEntity
  8
ELE 1
100
AcDbLine
 10
6277.611885930571
 20
8001.079440009322
 30
0.0
 11
6277.611885930578
 21
5691.079440009321
 31
0.0
  0
LINE
  5
496
330
1F
100
AcDbEntity
  8
ELE 2
100
AcDbLine
 10
5677.611885930612
 20
1011.079440009307
 30
0.0
 11
5677.611885930612
 21
411.0794400093214
 31
0.0
  0
LINE
  5
497
330
1F
100
AcDbEntity
  8
ELE 2
100
AcDbLine
 10
17.61188593059724
 20
12831.07944000932
 30
0.0
 11
17.61188593059724
 21
6506.079440009322
 31
0.0
  0
LINE
  5
498
330
1F
100
AcDbEntity
  8
ELE 2
100
AcDbLine
 10
17.61188593059724
 20
5506.079440009337
 30
0.0
 11
17.61188593059724
 21
1011.079440009321
 31
0.0
  0
LINE
  5
499
330
1F
100
AcDbEntity
  8
ELE 2
100
AcDbLine
 10
5977.611885930582
 20
11401.07944000932
 30
0.0
 11
5977.611885930581
 21
11421.07944000932
 31
0.0
  0
LINE
  5
49A
330
1F
100
AcDbEntity
  8
ELE 2
100
AcDbLine
 10
5977.611885930582
 20
11441.07944000932
 30
0.0
 11
5977.611885930582
 21
12601.07944000932
 31
0.0
  0
LINE
  5
49B
330
1F
100
AcDbEntity
  8
ELE 2
100
AcDbLine
 10
6277.611885930582
 20
11401.07944000932
 30
0.0
 11
6277.611885930582
 21
11421.0794400093
 31
0.0
  0
LINE
  5
49C
330
1F
100
AcDbEntity
  8
ELE 2
100
AcDbLine
 10
6277.611885930582
 20
11441.07944000932
 30
0.0
 11
6277.611885930582
 21
12601.07944000932
 31
0.0
  0
LINE
  5
49D
330
1F
100
AcDbEntity
  8
ELE 2
100
AcDbLine
 10
6577.611885930581
 20
11401.07944000932
 30
0.0
 11
6577.611885930581
 21
11421.0794400093
 31
0.0
  0
LINE
  5
49E
330
1F
100
AcDbEntity
  8
ELE 2
100
AcDbLine
 10
6577.611885930581
 20
11441.07944000932
 30
0.0
 11
6577.611885930581
 21
12601.07944000932
 31
0.0
  0
LINE
  5
49F
330
1F
100
AcDbEntity
  8
ELE 2
100
AcDbLine
 10
6877.611885930581
 20
11401.07944000932
 30
0.0
 11
6877.611885930581
 21
11421.0794400093
 31
0.0
  0
LINE
  5
4A0
330
1F
100
AcDbEntity
  8
ELE 2
100
AcDbLine
 10
6877.611885930581
 20
11441.07944000932
 30
0.0
 11
6877.611885930581
 21
12601.07944000932
 31
0.0
  0
LINE
  5
4A1
330
1F
100
AcDbEntity
  8
ELE 2
100
AcDbLine
 10
7177.611885930581
 20
11401.07944000932
 30
0.0
 11
7177.611885930584
 21
11421.0794400093
 31
0.0
  0
LINE
  5
4A2
330
1F
100
AcDbEntity
  8
ELE 2
100
AcDbLine
 10
7177.611885930584
 20
11441.07944000932
 30
0.0
 11
7177.611885930581
 21
12601.07944000932
 31
0.0
  0
LINE
  5
4A3
330
1F
100
AcDbEntity
  8
ELE 2
100
AcDbLine
 10
7477.611885930581
 20
11401.07944000932
 30
0.0
 11
7477.611885930581
 21
11421.0794400093
 31
0.0
  0
LINE
  5
4A4
330
1F
100
AcDbEntity
  8
ELE 2
100
AcDbLine
 10
7477.611885930581
 20
11441.07944000932
 30
0.0
 11
7477.611885930581
 21
12601.07944000932
 31
0.0
  0
LINE
  5
4A5
330
1F
100
AcDbEntity
  8
ELE 2
100
AcDbLine
 10
7777.611885930582
 20
11401.07944000932
 30
0.0
 11
7777.611885930582
 21
11421.0794400093
 31
0.0
  0
LINE
  5
4A6
330
1F
100
AcDbEntity
  8
ELE 2
100
AcDbLine
 10
7777.611885930582
 20
11441.07944000932
 30
0.0
 11
7777.611885930582
 21
12601.07944000932
 31
0.0
  0
LINE
  5
4A7
330
1F
100
AcDbEntity
  8
ELE 2
100
AcDbLine
 10
8077.611885930581
 20
11401.07944000932
 30
0.0
 11
8077.611885930581
 21
11421.0794400093
 31
0.0
  0
LINE
  5
4A8
330
1F
100
AcDbEntity
  8
ELE 2
100
AcDbLine
 10
8077.611885930581
 20
11441.07944000932
 30
0.0
 11
8077.611885930581
 21
12601.07944000932
 31
0.0
  0
LINE
  5
4A9
330
1F
100
AcDbEntity
  8
ELE 2
100
AcDbLine
 10
8377.611885930582
 20
11401.07944000932
 30
0.0
 11
8377.611885930582
 21
11421.0794400093
 31
0.0
  0
LINE
  5
4AA
330
1F
100
AcDbEntity
  8
ELE 2
100
AcDbLine
 10
8377.611885930582
 20
11441.07944000932
 30
0.0
 11
8377.611885930582
 21
12601.07944000932
 31
0.0
  0
LINE
  5
4AB
330
1F
100
AcDbEntity
  8
ELE 2
100
AcDbLine
 10
8677.611885930582
 20
11401.07944000932
 30
0.0
 11
8677.611885930582
 21
11421.0794400093
 31
0.0
  0
LINE
  5
4AC
330
1F
100
AcDbEntity
  8
ELE 2
100
AcDbLine
 10
8677.611885930582
 20
11441.07944000932
 30
0.0
 11
8677.611885930582
 21
12601.07944000932
 31
0.0
  0
LINE
  5
4AD
330
1F
100
AcDbEntity
  8
ELE 2
100
AcDbLine
 10
8977.611885930581
 20
11401.07944000932
 30
0.0
 11
8977.611885930581
 21
11421.0794400093
 31
0.0
  0
LINE
  5
4AE
330
1F
100
AcDbEntity
  8
ELE 2
100
AcDbLine
 10
8977.611885930581
 20
11441.07944000932
 30
0.0
 11
8977.611885930581
 21
12601.07944000932
 31
0.0
  0
LINE
  5
4AF
330
1F
100
AcDbEntity
  8
ELE 2
100
AcDbLine
 10
9307.611885930597
 20
11401.07944000932
 30
0.0
 11
9307.611885930597
 21
11421.07944000932
 31
0.0
  0
LINE
  5
4B0
330
1F
100
AcDbEntity
  8
ELE 2
100
AcDbLine
 10
9307.611885930597
 20
11441.07944000932
 30
0.0
 11
9307.611885930597
 21
12601.07944000932
 31
0.0
  0
LINE
  5
4B1
330
1F
100
AcDbEntity
  8
ELE 2
100
AcDbLine
 10
4477.611885930582
 20
11101.07944000932
 30
0.0
 11
5637.611885930582
 21
11101.07944000932
 31
0.0
  0
LINE
  5
4B2
330
1F
100
AcDbEntity
  8
ELE 2
100
AcDbLine
 10
5657.611885930583
 20
11101.07944000932
 30
0.0
 11
5677.611885930582
 21
11101.07944000932
 31
0.0
  0
LINE
  5
4B3
330
1F
100
AcDbEntity
  8
ELE 2
100
AcDbLine
 10
4477.611885930582
 20
10801.07944000932
 30
0.0
 11
5637.611885930582
 21
10801.07944000932
 31
0.0
  0
LINE
  5
4B4
330
1F
100
AcDbEntity
  8
ELE 2
100
AcDbLine
 10
5657.611885930583
 20
10801.07944000932
 30
0.0
 11
5677.611885930582
 21
10801.07944000932
 31
0.0
  0
LINE
  5
4B5
330
1F
100
AcDbEntity
  8
ELE 2
100
AcDbLine
 10
4477.611885930582
 20
10501.07944000932
 30
0.0
 11
5637.611885930582
 21
10501.07944000932
 31
0.0
  0
LINE
  5
4B6
330
1F
100
AcDbEntity
  8
ELE 2
100
AcDbLine
 10
5657.611885930583
 20
10501.07944000932
 30
0.0
 11
5677.611885930582
 21
10501.07944000932
 31
0.0
  0
LINE
  5
4B7
330
1F
100
AcDbEntity
  8
ELE 2
100
AcDbLine
 10
4477.611885930582
 20
10201.07944000932
 30
0.0
 11
5637.611885930582
 21
10201.07944000932
 31
0.0
  0
LINE
  5
4B8
330
1F
100
AcDbEntity
  8
ELE 2
100
AcDbLine
 10
5657.611885930583
 20
10201.07944000932
 30
0.0
 11
5677.611885930582
 21
10201.07944000932
 31
0.0
  0
LINE
  5
4B9
330
1F
100
AcDbEntity
  8
ELE 2
100
AcDbLine
 10
4477.611885930582
 20
9901.079440009322
 30
0.0
 11
5637.611885930582
 21
9901.079440009322
 31
0.0
  0
LINE
  5
4BA
330
1F
100
AcDbEntity
  8
ELE 2
100
AcDbLine
 10
5657.611885930583
 20
9901.079440009322
 30
0.0
 11
5677.611885930582
 21
9901.079440009322
 31
0.0
  0
LINE
  5
4BB
330
1F
100
AcDbEntity
  8
ELE 2
100
AcDbLine
 10
4477.611885930582
 20
9601.079440009321
 30
0.0
 11
5677.611885930582
 21
9601.079440009321
 31
0.0
  0
LINE
  5
4BC
330
1F
100
AcDbEntity
  8
wall
100
AcDbLine
 10
12437.61188593061
 20
12831.07944000932
 30
0.0
 11
12437.61188593061
 21
12601.07944000932
 31
0.0
  0
LINE
  5
4BD
330
1F
100
AcDbEntity
  8
wall
100
AcDbLine
 10
13937.61188593061
 20
12831.07944000932
 30
0.0
 11
13937.61188593061
 21
12601.07944000932
 31
0.0
  0
LINE
  5
4BE
330
1F
100
AcDbEntity
  8
wall
100
AcDbLine
 10
15317.61188593058
 20
9851.079440009321
 30
0.0
 11
15087.61188593058
 21
9851.079440009321
 31
0.0
  0
LINE
  5
4BF
330
1F
100
AcDbEntity
  8
wall
100
AcDbLine
 10
15317.61188593059
 20
11351.07944000932
 30
0.0
 11
15087.61188593059
 21
11351.07944000932
 31
0.0
  0
LINE
  5
4C0
330
1F
100
AcDbEntity
  8
SILL
100
AcDbLine
 10
12437.61188593061
 20
12831.07944000932
 30
0.0
 11
13937.61188593061
 21
12831.07944000932
 31
0.0
  0
LINE
  5
4C1
330
1F
100
AcDbEntity
  8
SILL
100
AcDbLine
 10
12437.61188593061
 20
12601.07944000932
 30
0.0
 11
13937.61188593061
 21
12601.07944000932
 31
0.0
  0
LINE
  5
4C2
330
1F
100
AcDbEntity
  8
SILL
100
AcDbLine
 10
15317.61188593059
 20
11351.07944000932
 30
0.0
 11
15317.61188593058
 21
9851.079440009321
 31
0.0
  0
LINE
  5
4C3
330
1F
100
AcDbEntity
  8
SILL
100
AcDbLine
 10
15087.61188593059
 20
11351.07944000932
 30
0.0
 11
15087.61188593058
 21
9851.079440009321
 31
0.0
  0
LINE
  5
4C4
330
1F
100
AcDbEntity
  8
wall
100
AcDbLine
 10
9407.611885930583
 20
8601.079440009321
 30
0.0
 11
9407.611885930583
 21
8371.079440009323
 31
0.0
  0
LINE
  5
4C5
330
1F
100
AcDbEntity
  8
ELE 1
100
AcDbLine
 10
14667.61188593058
 20
7141.079440009322
 30
0.0
 11
14667.61188593059
 21
5321.079440009322
 31
0.0
  0
LINE
  5
4C6
330
1F
100
AcDbEntity
  8
ELE 2
100
AcDbLine
 10
5677.611885930612
 20
411.0794400093214
 30
0.0
 11
9077.611885930597
 21
411.0794400094306
 31
0.0
  0
LINE
  5
4C7
330
1F
100
AcDbEntity
  8
0
100
AcDbLine
 10
6075.023448527626
 20
12831.07944000932
 30
0.0
 11
6075.023448527626
 21
12601.07944000931
 31
0.0
  0
LINE
  5
4C8
330
1F
100
AcDbEntity
  8
0
100
AcDbLine
 10
8075.023448527627
 20
12831.07944000932
 30
0.0
 11
8075.023448527643
 21
12601.07944000932
 31
0.0
  0
LINE
  5
4C9
330
1F
100
AcDbEntity
  8
SILL
100
AcDbLine
 10
6075.023448527626
 20
12601.07944000931
 30
0.0
 11
8075.023448527643
 21
12601.07944000944
 31
0.0
  0
LINE
  5
4CA
330
1F
100
AcDbEntity
  8
SILL
100
AcDbLine
 10
6075.023448527626
 20
12831.07944000932
 30
0.0
 11
8075.023448527627
 21
12831.07944000945
 31
0.0
  0
LINE
  5
4CB
330
1F
100
AcDbEntity
  8
wall
100
AcDbLine
 10
8075.023448527627
 20
12831.07944000945
 30
0.0
 11
8075.023448527643
 21
12601.07944000945
 31
0.0
  0
LINE
  5
4CC
330
1F
100
AcDbEntity
  8
wall
100
AcDbLine
 10
6075.023448527626
 20
12831.07944000932
 30
0.0
 11
6075.023448527626
 21
12601.07944000931
 31
0.0
  0
LINE
  5
4CD
330
1F
100
AcDbEntity
  8
ELE 2
100
AcDbLine
 10
9077.611885930597
 20
11.07944000932148
 30
0.0
 11
15317.61188593059
 21
11.07944000932148
 31
0.0
  0
LINE
  5
4CE
330
1F
100
AcDbEntity
  8
ELE 1
100
AcDbLine
 10
11252.75151278474
 20
12469.13818306042
 30
0.0
 11
12187.03327854748
 21
12469.1381830604
 31
0.0
  0
LINE
  5
4CF
330
1F
100
AcDbEntity
  8
ELE 1
100
AcDbLine
 10
11252.75151278474
 20
12432.63388940355
 30
0.0
 11
12186.28798242253
 21
12432.63388940355
 31
0.0
  0
LWPOLYLINE
  5
4D0
330
1F
100
AcDbEntity
  8
ELE 1
100
AcDbPolyline
 90
        2
 70
     0
 43
0.0
 10
11252.75151278474
 20
12469.13818306042
 10
11252.75151278474
 20
12432.63388940355
  0
ARC
  5
4D1
330
1F
100
AcDbEntity
  8
ABOVE-DOTTED
100
AcDbCircle
 10
11223.44336812851
 20
12498.44632771616
 30
0.0
 40
964.0355194694748
100
AcDbArc
 50
271.7421471932108
 51
358.2578528067866
  0
LWPOLYLINE
  5
4D2
330
1F
100
AcDbEntity
  8
ELE 1
100
AcDbPolyline
 90
        8
 70
     1
 43
0.0
 10
11252.75151278472
 20
11502.9151603516
 10
11070.23004450712
 20
11502.9151603516
 10
11070.23004450712
 20
11534.85641730051
 10
11115.86041157653
 20
11534.85641730051
 10
11115.86041157653
 20
11548.545527421
 10
11207.12114571532
 20
11548.545527421
 10
11207.12114571532
 20
11534.85641730051
 10
11252.75151278472
 20
11534.85641730051
  0
LINE
  5
4D3
330
1F
100
AcDbEntity
  8
ELE 1
100
AcDbLine
 10
11252.75151278474
 20
12501.07944000932
 30
0.0
 11
11070.23004450712
 21
12501.07944000932
 31
0.0
  0
LINE
  5
4D4
330
1F
100
AcDbEntity
  8
ELE 1
100
AcDbLine
 10
11070.23004450712
 20
12501.07944000932
 30
0.0
 11
11070.23004450712
 21
12469.13818306042
 31
0.0
  0
LINE
  5
4D5
330
1F
100
AcDbEntity
  8
ELE 1
100
AcDbLine
 10
11070.23004450712
 20
12469.13818306042
 30
0.0
 11
11115.86041157653
 21
12469.13818306042
 31
0.0
  0
LINE
  5
4D6
330
1F
100
AcDbEntity
  8
ELE 1
100
AcDbLine
 10
11115.86041157653
 20
12469.13818306042
 30
0.0
 11
11115.86041157653
 21
12455.44907293992
 31
0.0
  0
LINE
  5
4D7
330
1F
100
AcDbEntity
  8
ELE 1
100
AcDbLine
 10
11115.86041157653
 20
12455.44907293992
 30
0.0
 11
11207.12114571533
 21
12455.44907293992
 31
0.0
  0
LINE
  5
4D8
330
1F
100
AcDbEntity
  8
ELE 1
100
AcDbLine
 10
11207.12114571533
 20
12455.44907293992
 30
0.0
 11
11207.12114571533
 21
12469.13818306042
 31
0.0
  0
LINE
  5
4D9
330
1F
100
AcDbEntity
  8
ELE 1
100
AcDbLine
 10
11207.12114571533
 20
12469.13818306042
 30
0.0
 11
11252.75151278474
 21
12469.13818306042
 31
0.0
  0
LINE
  5
4DA
330
1F
100
AcDbEntity
  8
ELE 1
100
AcDbLine
 10
11252.75151278474
 20
12469.13818306042
 30
0.0
 11
11252.75151278474
 21
12501.07944000932
 31
0.0
  0
LINE
  5
4DB
330
1F
100
AcDbEntity
  8
ELE 2
100
AcDbLine
 10
5677.611885930568
 20
8601.079440009321
 30
0.0
 11
9077.611885930567
 21
8601.079440009321
 31
0.0
  0
LINE
  5
4DC
330
1F
100
AcDbEntity
  8
ELE 2
100
AcDbLine
 10
2307.580395946989
 20
14031.07944000932
 30
0.0
 11
2307.580395946989
 21
12831.07944000932
 31
0.0
  0
LINE
  5
4DD
330
1F
100
AcDbEntity
  8
ELE 2
100
AcDbLine
 10
6075.023448527626
 20
14031.07944000932
 30
0.0
 11
6075.023448527626
 21
12831.07944000932
 31
0.0
  0
LINE
  5
4DE
330
1F
100
AcDbEntity
  8
wall
100
AcDbLine
 10
4577.611885930582
 20
12601.07944000932
 30
0.0
 11
4577.611885930582
 21
12831.07944000932
 31
0.0
  0
LINE
  5
4DF
330
1F
100
AcDbEntity
  8
wall
100
AcDbLine
 10
5477.611885930582
 20
12601.07944000932
 30
0.0
 11
5477.611885930582
 21
12831.07944000932
 31
0.0
  0
LINE
  5
4E0
330
1F
100
AcDbEntity
  8
SILL
100
AcDbLine
 10
17.61188593059724
 20
6506.079440009322
 30
0.0
 11
17.61188593059709
 21
5506.079440009337
 31
0.0
  0
LINE
  5
4E1
330
1F
100
AcDbEntity
  8
ELE 2
100
AcDbLine
 10
6277.611885930582
 20
11401.07944000932
 30
0.0
 11
9077.611885930597
 21
11401.07944000932
 31
0.0
  0
LINE
  5
4E2
330
1F
100
AcDbEntity
  8
ELE 2
100
AcDbLine
 10
6277.611885930582
 20
11421.07944000932
 30
0.0
 11
9307.611885930597
 21
11421.07944000932
 31
0.0
  0
ARC
  5
4E3
330
1F
100
AcDbEntity
  8
ELE 2
100
AcDbCircle
 10
9307.611885930597
 20
11431.07944000932
 30
0.0
 40
10.0
100
AcDbArc
 50
270.0
 51
90.0
  0
LINE
  5
4E4
330
1F
100
AcDbEntity
  8
ELE 2
100
AcDbLine
 10
6277.611885930582
 20
11441.07944000932
 30
0.0
 11
9307.611885930597
 21
11441.07944000932
 31
0.0
  0
LINE
  5
4E5
330
1F
100
AcDbEntity
  8
ELE 1
100
AcDbLine
 10
5448.821488641023
 20
12789.33526180919
 30
0.0
 11
5448.821488641009
 21
13631.45438253531
 31
0.0
  0
LINE
  5
4E6
330
1F
100
AcDbEntity
  8
ELE 1
100
AcDbLine
 10
5415.918177452079
 20
12789.33526180919
 30
0.0
 11
5415.918177452079
 21
13630.78260648185
 31
0.0
  0
LWPOLYLINE
  5
4E7
330
1F
100
AcDbEntity
  8
ELE 1
100
AcDbPolyline
 90
        2
 70
     0
 43
0.0
 10
5448.821488641023
 20
12789.33526180919
 10
5415.918177452079
 20
12789.33526180919
  0
ARC
  5
4E8
330
1F
100
AcDbEntity
  8
ABOVE-DOTTED
100
AcDbCircle
 10
5475.238518183992
 20
12762.91823226578
 30
0.0
 40
868.9378020148053
100
AcDbArc
 50
91.74214719320794
 51
178.2578528067865
  0
LWPOLYLINE
  5
4E9
330
1F
100
AcDbEntity
  8
ELE 1
100
AcDbPolyline
 90
        8
 70
     1
 43
0.0
 10
4577.911970627904
 20
12789.33526180916
 10
4577.911970627904
 20
12624.81870587051
 10
4606.702367917463
 20
12624.81870587051
 10
4606.702367917463
 20
12665.94784485517
 10
4619.041109612572
 20
12665.94784485517
 10
4619.041109612572
 20
12748.2061228245
 10
4606.702367917463
 20
12748.2061228245
 10
4606.702367917463
 20
12789.33526180916
  0
LINE
  5
4EA
330
1F
100
AcDbEntity
  8
ELE 1
100
AcDbLine
 10
5477.611885930582
 20
12789.33526180919
 30
0.0
 11
5477.611885930582
 21
12624.81870587051
 31
0.0
  0
LINE
  5
4EB
330
1F
100
AcDbEntity
  8
ELE 1
100
AcDbLine
 10
5477.611885930582
 20
12624.81870587051
 30
0.0
 11
5448.821488641023
 21
12624.81870587051
 31
0.0
  0
LINE
  5
4EC
330
1F
100
AcDbEntity
  8
ELE 1
100
AcDbLine
 10
5448.821488641023
 20
12624.81870587051
 30
0.0
 11
5448.821488641023
 21
12665.94784485517
 31
0.0
  0
LINE
  5
4ED
330
1F
100
AcDbEntity
  8
ELE 1
100
AcDbLine
 10
5448.821488641023
 20
12665.94784485517
 30
0.0
 11
5436.482746945915
 21
12665.94784485517
 31
0.0
  0
LINE
  5
4EE
330
1F
100
AcDbEntity
  8
ELE 1
100
AcDbLine
 10
5436.482746945915
 20
12665.94784485517
 30
0.0
 11
5436.482746945915
 21
12748.20612282451
 31
0.0
  0
LINE
  5
4EF
330
1F
100
AcDbEntity
  8
ELE 1
100
AcDbLine
 10
5436.482746945915
 20
12748.20612282451
 30
0.0
 11
5448.821488641023
 21
12748.20612282451
 31
0.0
  0
LINE
  5
4F0
330
1F
100
AcDbEntity
  8
ELE 1
100
AcDbLine
 10
5448.821488641023
 20
12748.20612282451
 30
0.0
 11
5448.821488641023
 21
12789.33526180919
 31
0.0
  0
LINE
  5
4F1
330
1F
100
AcDbEntity
  8
ELE 1
100
AcDbLine
 10
5448.821488641023
 20
12789.33526180919
 30
0.0
 11
5477.611885930582
 21
12789.33526180919
 31
0.0
  0
LINE
  5
4F2
330
1F
100
AcDbEntity
  8
ELE 2
100
AcDbLine
 10
5677.611885930582
 20
11401.07944000932
 30
0.0
 11
6277.611885930582
 21
11401.07944000932
 31
0.0
  0
LINE
  5
4F3
330
1F
100
AcDbEntity
  8
ELE 2
100
AcDbLine
 10
5657.611885930583
 20
11421.07944000932
 30
0.0
 11
6277.611885930582
 21
11421.07944000932
 31
0.0
  0
LINE
  5
4F4
330
1F
100
AcDbEntity
  8
ELE 2
100
AcDbLine
 10
5637.611885930582
 20
11441.07944000932
 30
0.0
 11
6277.611885930582
 21
11441.07944000932
 31
0.0
  0
LINE
  5
4F5
330
1F
100
AcDbEntity
  8
wall
100
AcDbLine
 10
14467.61188593058
 20
7571.079440009322
 30
0.0
 11
14697.61188593058
 21
7571.079440009322
 31
0.0
  0
LINE
  5
4F6
330
1F
100
AcDbEntity
  8
wall
100
AcDbLine
 10
14467.61188593057
 20
8171.079440009322
 30
0.0
 11
14697.61188593057
 21
8171.079440009322
 31
0.0
  0
LINE
  5
4F7
330
1F
100
AcDbEntity
  8
SILL
100
AcDbLine
 10
14697.61188593057
 20
8171.079440009322
 30
0.0
 11
14697.61188593058
 21
7571.079440009322
 31
0.0
  0
LINE
  5
4F8
330
1F
100
AcDbEntity
  8
SILL
100
AcDbLine
 10
14467.61188593057
 20
8171.079440009322
 30
0.0
 11
14467.61188593059
 21
7571.079440009322
 31
0.0
  0
LINE
  5
4F9
330
1F
100
AcDbEntity
  8
ABOVE-DOTTED
100
AcDbLine
 10
14467.61188593059
 20
8371.079440009323
 30
0.0
 11
13467.61188593058
 21
7371.079440009322
 31
0.0
  0
LINE
  5
4FA
330
1F
100
AcDbEntity
  8
ABOVE-DOTTED
100
AcDbLine
 10
14467.61188593059
 20
7371.079440009322
 30
0.0
 11
13467.61188593058
 21
8371.079440009323
 31
0.0
  0
LINE
  5
4FB
330
1F
100
AcDbEntity
  8
FURN
 48
6.0
100
AcDbLine
 10
7996.491026341081
 20
11658.53650576508
 30
0.0
 11
7996.491026341081
 21
11337.10793433598
 31
0.0
  0
ARC
  5
4FC
330
1F
100
AcDbEntity
  8
FURN
 48
6.0
100
AcDbCircle
 10
7932.205312055632
 20
11658.53650576508
 30
0.0
 40
64.28571428566637
100
AcDbArc
 50
0.0
 51
90.0
  0
LINE
  5
4FD
330
1F
100
AcDbEntity
  8
FURN
 48
6.0
100
AcDbLine
 10
7675.062454912908
 20
11722.82222005241
 30
0.0
 11
7932.205312055632
 21
11722.82222005241
 31
0.0
  0
ARC
  5
4FE
330
1F
100
AcDbEntity
  8
FURN
 48
6.0
100
AcDbCircle
 10
7675.062454912908
 20
11658.53650576508
 30
0.0
 40
64.28571428566637
100
AcDbArc
 50
90.0
 51
180.0
  0
LINE
  5
4FF
330
1F
100
AcDbEntity
  8
FURN
 48
6.0
100
AcDbLine
 10
7996.491026341081
 20
10115.67936290689
 30
0.0
 11
7996.491026341081
 21
10437.107934336
 31
0.0
  0
LINE
  5
500
330
1F
100
AcDbEntity
  8
FURN
 48
6.0
100
AcDbLine
 10
8428.222564982347
 20
11079.96507719419
 30
0.0
 11
8106.793993553241
 21
11079.96507719419
 31
0.0
  0
ARC
  5
501
330
1F
100
AcDbEntity
  8
FURN
 48
6.0
100
AcDbCircle
 10
8428.222564982347
 20
11015.67936291062
 30
0.0
 40
64.28571428566637
100
AcDbArc
 50
0.0
 51
90.0
  0
LINE
  5
502
330
1F
100
AcDbEntity
  8
FURN
 48
6.0
100
AcDbLine
 10
8492.508279266862
 20
10758.53650576882
 30
0.0
 11
8492.508279266862
 21
11015.67936291062
 31
0.0
  0
ARC
  5
503
330
1F
100
AcDbEntity
  8
FURN
 48
6.0
100
AcDbCircle
 10
8428.222564982347
 20
10758.53650576882
 30
0.0
 40
64.28571428566637
100
AcDbArc
 50
270.0
 51
0.0
  0
LINE
  5
504
330
1F
100
AcDbEntity
  8
FURN
 48
6.0
100
AcDbLine
 10
8106.793993553241
 20
10694.25079148151
 30
0.0
 11
8428.222564982347
 21
10694.25079148151
 31
0.0
  0
LINE
  5
505
330
1F
100
AcDbEntity
  8
FURN
 48
6.0
100
AcDbLine
 10
8106.793993553241
 20
11079.96507719419
 30
0.0
 11
8106.793993553241
 21
10694.25079148151
 31
0.0
  0
LINE
  5
506
330
1F
100
AcDbEntity
  8
FURN
 48
6.0
100
AcDbLine
 10
7996.491026341081
 20
11337.10793433598
 30
0.0
 11
7610.77674062839
 21
11337.10793433598
 31
0.0
  0
LINE
  5
507
330
1F
100
AcDbEntity
  8
FURN
 48
6.0
100
AcDbLine
 10
8042.508279267796
 20
11337.10793433598
 30
0.0
 11
6628.222564983278
 21
11337.10793433598
 31
0.0
  0
ARC
  5
508
330
1F
100
AcDbEntity
  8
FURN
 48
6.0
100
AcDbCircle
 10
8042.508279267796
 20
11272.82222005241
 30
0.0
 40
64.28571428566637
100
AcDbArc
 50
0.0
 51
90.0
  0
LINE
  5
509
330
1F
100
AcDbEntity
  8
FURN
 48
6.0
100
AcDbLine
 10
8106.793993553241
 20
10501.3936486233
 30
0.0
 11
8106.793993553241
 21
11272.82222005241
 31
0.0
  0
ARC
  5
50A
330
1F
100
AcDbEntity
  8
FURN
 48
6.0
100
AcDbCircle
 10
8042.508279267796
 20
10501.3936486233
 30
0.0
 40
64.28571428566637
100
AcDbArc
 50
270.0
 51
0.0
  0
LINE
  5
50B
330
1F
100
AcDbEntity
  8
FURN
 48
6.0
100
AcDbLine
 10
6628.222564983278
 20
10437.107934336
 30
0.0
 11
8042.508279267796
 21
10437.107934336
 31
0.0
  0
LINE
  5
50C
330
1F
100
AcDbEntity
  8
FURN
 48
6.0
100
AcDbLine
 10
7996.491026341081
 20
10437.107934336
 30
0.0
 11
7610.77674062839
 21
10437.107934336
 31
0.0
  0
ARC
  5
50D
330
1F
100
AcDbEntity
  8
FURN
 48
6.0
100
AcDbCircle
 10
7932.205312055632
 20
10115.67936290689
 30
0.0
 40
64.28571428566637
100
AcDbArc
 50
270.0
 51
0.0
  0
LINE
  5
50E
330
1F
100
AcDbEntity
  8
FURN
 48
6.0
100
AcDbLine
 10
7675.062454912908
 20
10051.3936486233
 30
0.0
 11
7932.205312055632
 21
10051.3936486233
 31
0.0
  0
ARC
  5
50F
330
1F
100
AcDbEntity
  8
FURN
 48
6.0
100
AcDbCircle
 10
7675.062454912908
 20
10115.67936290689
 30
0.0
 40
64.28571428566637
100
AcDbArc
 50
180.0
 51
270.0
  0
LINE
  5
510
330
1F
100
AcDbEntity
  8
FURN
 48
6.0
100
AcDbLine
 10
7523.492962064318
 20
10115.67936290689
 30
0.0
 11
7523.492962064318
 21
10437.107934336
 31
0.0
  0
LINE
  5
511
330
1F
100
AcDbEntity
  8
FURN
 48
6.0
100
AcDbLine
 10
7137.778676349767
 20
10437.107934336
 30
0.0
 11
7137.778676349767
 21
10115.67936290689
 31
0.0
  0
LINE
  5
512
330
1F
100
AcDbEntity
  8
FURN
 48
6.0
100
AcDbLine
 10
7050.494278567008
 20
10115.67936290689
 30
0.0
 11
7050.494278567008
 21
10437.107934336
 31
0.0
  0
LINE
  5
513
330
1F
100
AcDbEntity
  8
FURN
 48
6.0
100
AcDbLine
 10
6664.779992852456
 20
10437.107934336
 30
0.0
 11
6664.779992852456
 21
10115.67936290689
 31
0.0
  0
LINE
  5
514
330
1F
100
AcDbEntity
  8
FURN
 48
6.0
100
AcDbLine
 10
7610.77674062839
 20
10437.107934336
 30
0.0
 11
7610.77674062839
 21
10115.67936290689
 31
0.0
  0
ARC
  5
515
330
1F
100
AcDbEntity
  8
FURN
 48
6.0
100
AcDbCircle
 10
7459.20724777887
 20
10115.67936290689
 30
0.0
 40
64.28571428566637
100
AcDbArc
 50
270.0
 51
0.0
  0
LINE
  5
516
330
1F
100
AcDbEntity
  8
FURN
 48
6.0
100
AcDbLine
 10
7202.064390636145
 20
10051.3936486233
 30
0.0
 11
7459.20724777887
 21
10051.3936486233
 31
0.0
  0
ARC
  5
517
330
1F
100
AcDbEntity
  8
FURN
 48
6.0
100
AcDbCircle
 10
7202.064390636145
 20
10115.67936290689
 30
0.0
 40
64.28571428566637
100
AcDbArc
 50
180.0
 51
270.0
  0
ARC
  5
518
330
1F
100
AcDbEntity
  8
FURN
 48
6.0
100
AcDbCircle
 10
6986.208564281558
 20
10115.67936290689
 30
0.0
 40
64.28571428566637
100
AcDbArc
 50
270.0
 51
0.0
  0
LINE
  5
519
330
1F
100
AcDbEntity
  8
FURN
 48
6.0
100
AcDbLine
 10
6729.065707138836
 20
10051.3936486233
 30
0.0
 11
6986.208564281558
 21
10051.3936486233
 31
0.0
  0
ARC
  5
51A
330
1F
100
AcDbEntity
  8
FURN
 48
6.0
100
AcDbCircle
 10
6729.065707138836
 20
10115.67936290689
 30
0.0
 40
64.28571428566637
100
AcDbArc
 50
180.0
 51
270.0
  0
LINE
  5
51B
330
1F
100
AcDbEntity
  8
FURN
 48
6.0
100
AcDbLine
 10
6664.779992852456
 20
11337.10793433598
 30
0.0
 11
6664.779992852456
 21
11658.53650576508
 31
0.0
  0
LINE
  5
51C
330
1F
100
AcDbEntity
  8
FURN
 48
6.0
100
AcDbLine
 10
7050.494278567008
 20
11337.10793433598
 30
0.0
 11
6664.779992852456
 21
11337.10793433598
 31
0.0
  0
ARC
  5
51D
330
1F
100
AcDbEntity
  8
FURN
 48
6.0
100
AcDbCircle
 10
6628.222564983278
 20
11272.82222005241
 30
0.0
 40
64.28571428566637
100
AcDbArc
 50
90.0
 51
180.0
  0
ARC
  5
51E
330
1F
100
AcDbEntity
  8
FURN
 48
6.0
100
AcDbCircle
 10
6628.222564983278
 20
10501.3936486233
 30
0.0
 40
64.28571428566637
100
AcDbArc
 50
180.0
 51
270.0
  0
LINE
  5
51F
330
1F
100
AcDbEntity
  8
FURN
 48
6.0
100
AcDbLine
 10
6563.936850698761
 20
11272.82222005241
 30
0.0
 11
6563.936850698761
 21
10501.3936486233
 31
0.0
  0
LINE
  5
520
330
1F
100
AcDbEntity
  8
FURN
 48
6.0
100
AcDbLine
 10
7050.494278567008
 20
10437.107934336
 30
0.0
 11
6664.779992852456
 21
10437.107934336
 31
0.0
  0
LINE
  5
521
330
1F
100
AcDbEntity
  8
FURN
 48
6.0
100
AcDbLine
 10
6242.508279268726
 20
11079.96507719419
 30
0.0
 11
6563.936850698761
 21
11079.96507719419
 31
0.0
  0
ARC
  5
522
330
1F
100
AcDbEntity
  8
FURN
 48
6.0
100
AcDbCircle
 10
6242.508279268726
 20
11015.67936291062
 30
0.0
 40
64.28571428566637
100
AcDbArc
 50
90.0
 51
180.0
  0
LINE
  5
523
330
1F
100
AcDbEntity
  8
FURN
 48
6.0
100
AcDbLine
 10
6178.22256498421
 20
10758.53650576882
 30
0.0
 11
6178.22256498421
 21
11015.67936291062
 31
0.0
  0
ARC
  5
524
330
1F
100
AcDbEntity
  8
FURN
 48
6.0
100
AcDbCircle
 10
6242.508279268726
 20
10758.53650576882
 30
0.0
 40
64.28571428566637
100
AcDbArc
 50
180.0
 51
270.0
  0
LINE
  5
525
330
1F
100
AcDbEntity
  8
FURN
 48
6.0
100
AcDbLine
 10
6563.936850698761
 20
10694.25079148151
 30
0.0
 11
6242.508279268726
 21
10694.25079148151
 31
0.0
  0
LINE
  5
526
330
1F
100
AcDbEntity
  8
FURN
 48
6.0
100
AcDbLine
 10
6563.936850698761
 20
11079.96507719419
 30
0.0
 11
6563.936850698761
 21
10694.25079148151
 31
0.0
  0
LINE
  5
527
330
1F
100
AcDbEntity
  8
FURN
 48
6.0
100
AcDbLine
 10
7050.494278567008
 20
11658.53650576508
 30
0.0
 11
7050.494278567008
 21
11337.10793433598
 31
0.0
  0
LINE
  5
528
330
1F
100
AcDbEntity
  8
FURN
 48
6.0
100
AcDbLine
 10
7610.77674062839
 20
11337.10793433598
 30
0.0
 11
7610.77674062839
 21
11658.53650576508
 31
0.0
  0
LINE
  5
529
330
1F
100
AcDbEntity
  8
FURN
 48
6.0
100
AcDbLine
 10
7523.492962064318
 20
11658.53650576508
 30
0.0
 11
7523.492962064318
 21
11337.10793433598
 31
0.0
  0
LINE
  5
52A
330
1F
100
AcDbEntity
  8
FURN
 48
6.0
100
AcDbLine
 10
7137.778676349767
 20
11337.10793433598
 30
0.0
 11
7137.778676349767
 21
11658.53650576508
 31
0.0
  0
ARC
  5
52B
330
1F
100
AcDbEntity
  8
FURN
 48
6.0
100
AcDbCircle
 10
6986.208564281558
 20
11658.53650576508
 30
0.0
 40
64.28571428566637
100
AcDbArc
 50
0.0
 51
90.0
  0
LINE
  5
52C
330
1F
100
AcDbEntity
  8
FURN
 48
6.0
100
AcDbLine
 10
6729.065707138836
 20
11722.82222005241
 30
0.0
 11
6986.208564281558
 21
11722.82222005241
 31
0.0
  0
ARC
  5
52D
330
1F
100
AcDbEntity
  8
FURN
 48
6.0
100
AcDbCircle
 10
6729.065707138836
 20
11658.53650576508
 30
0.0
 40
64.28571428566637
100
AcDbArc
 50
90.0
 51
180.0
  0
ARC
  5
52E
330
1F
100
AcDbEntity
  8
FURN
 48
6.0
100
AcDbCircle
 10
7459.20724777887
 20
11658.53650576508
 30
0.0
 40
64.28571428566637
100
AcDbArc
 50
0.0
 51
90.0
  0
LINE
  5
52F
330
1F
100
AcDbEntity
  8
FURN
 48
6.0
100
AcDbLine
 10
7202.064390636145
 20
11722.82222005241
 30
0.0
 11
7459.20724777887
 21
11722.82222005241
 31
0.0
  0
ARC
  5
530
330
1F
100
AcDbEntity
  8
FURN
 48
6.0
100
AcDbCircle
 10
7202.064390636145
 20
11658.53650576508
 30
0.0
 40
64.28571428566637
100
AcDbArc
 50
90.0
 51
180.0
  0
LINE
  5
531
330
1F
100
AcDbEntity
  8
FUR
100
AcDbLine
 10
8075.023448527636
 20
12799.41277333949
 30
0.0
 11
6991.690115198247
 21
12799.41277333949
 31
0.0
  0
LINE
  5
532
330
1F
100
AcDbEntity
  8
FUR
100
AcDbLine
 10
7075.023448523754
 20
12799.41277333949
 30
0.0
 11
6075.023448527634
 21
12799.41277333949
 31
0.0
  0
LINE
  5
533
330
1F
100
AcDbEntity
  8
FUR
100
AcDbLine
 10
7991.690115195918
 20
12716.07944001864
 30
0.0
 11
6991.690115198247
 21
12716.07944001864
 31
0.0
  0
LINE
  5
534
330
1F
100
AcDbEntity
  8
FUR
100
AcDbLine
 10
7075.023448523754
 20
12632.74610667916
 30
0.0
 11
6158.35678185935
 21
12632.74610667916
 31
0.0
  0
LINE
  5
535
330
1F
100
AcDbEntity
  8
FUR
100
AcDbLine
 10
6241.690115191066
 20
12691.07944001866
 30
0.0
 11
6991.690115198247
 21
12691.07944001866
 31
0.0
  0
LINE
  5
536
330
1F
100
AcDbEntity
  8
FUR
100
AcDbLine
 10
6241.690115191066
 20
12657.74610667913
 30
0.0
 11
6991.690115198247
 21
12657.74610667913
 31
0.0
  0
LINE
  5
537
330
1F
100
AcDbEntity
  8
FUR
100
AcDbLine
 10
6241.690115191066
 20
12674.4127733458
 30
0.0
 11
6991.690115198247
 21
12674.4127733458
 31
0.0
  0
LINE
  5
538
330
1F
100
AcDbEntity
  8
FUR
100
AcDbLine
 10
6075.023448527634
 20
12632.74610667916
 30
0.0
 11
6241.690115191066
 21
12632.74610667916
 31
0.0
  0
LINE
  5
539
330
1F
100
AcDbEntity
  8
FUR
100
AcDbLine
 10
7075.023448523754
 20
12632.74610667916
 30
0.0
 11
8075.023448527636
 21
12632.74610667916
 31
0.0
  0
LINE
  5
53A
330
1F
100
AcDbEntity
  8
FUR
100
AcDbLine
 10
7908.356781862647
 20
12799.41277333949
 30
0.0
 11
7908.356781862647
 21
12716.07944001864
 31
0.0
  0
LINE
  5
53B
330
1F
100
AcDbEntity
  8
FUR
100
AcDbLine
 10
7075.023448529961
 20
12716.07944001864
 30
0.0
 11
7075.023448529961
 21
12799.41277333949
 31
0.0
  0
LINE
  5
53C
330
1F
100
AcDbEntity
  8
FUR
100
AcDbLine
 10
7075.023448523754
 20
12632.74610667916
 30
0.0
 11
7075.023448523754
 21
12716.07944001864
 31
0.0
  0
LINE
  5
53D
330
1F
100
AcDbEntity
  8
FUR
100
AcDbLine
 10
6991.690115198247
 20
12632.74610667916
 30
0.0
 11
6991.690115198247
 21
12799.41277333949
 31
0.0
  0
LINE
  5
53E
330
1F
100
AcDbEntity
  8
FUR
100
AcDbLine
 10
7991.690115195918
 20
12632.74610667916
 30
0.0
 11
8075.023448527636
 21
12632.74610667916
 31
0.0
  0
LINE
  5
53F
330
1F
100
AcDbEntity
  8
FUR
100
AcDbLine
 10
7991.690115195918
 20
12799.41277333949
 30
0.0
 11
7991.690115195918
 21
12632.74610667916
 31
0.0
  0
LINE
  5
540
330
1F
100
AcDbEntity
  8
FUR
100
AcDbLine
 10
8075.023448527636
 20
12632.74610667916
 30
0.0
 11
8075.023448527636
 21
12799.41277333949
 31
0.0
  0
LINE
  5
541
330
1F
100
AcDbEntity
  8
FUR
100
AcDbLine
 10
7991.690115195918
 20
12799.41277333949
 30
0.0
 11
7991.690115195918
 21
12632.74610667916
 31
0.0
  0
LINE
  5
542
330
1F
100
AcDbEntity
  8
FUR
100
AcDbLine
 10
7908.356781862647
 20
12757.74610667907
 30
0.0
 11
7075.023448529961
 21
12757.74610667907
 31
0.0
  0
LINE
  5
543
330
1F
100
AcDbEntity
  8
FUR
100
AcDbLine
 10
7908.356781862647
 20
12741.07944001241
 30
0.0
 11
7075.023448529961
 21
12741.07944001241
 31
0.0
  0
LINE
  5
544
330
1F
100
AcDbEntity
  8
FUR
100
AcDbLine
 10
7908.356781862647
 20
12774.41277334572
 30
0.0
 11
7075.023448529961
 21
12774.41277334572
 31
0.0
  0
LINE
  5
545
330
1F
100
AcDbEntity
  8
FUR
100
AcDbLine
 10
6241.690115191066
 20
12716.07944001864
 30
0.0
 11
6241.690115191066
 21
12632.74610667916
 31
0.0
  0
LINE
  5
546
330
1F
100
AcDbEntity
  8
FUR
100
AcDbLine
 10
6158.35678185935
 20
12632.74610667916
 30
0.0
 11
6075.023448527634
 21
12632.74610667916
 31
0.0
  0
LINE
  5
547
330
1F
100
AcDbEntity
  8
FUR
100
AcDbLine
 10
6158.35678185935
 20
12799.41277333949
 30
0.0
 11
6158.35678185935
 21
12632.74610667916
 31
0.0
  0
LINE
  5
548
330
1F
100
AcDbEntity
  8
FUR
100
AcDbLine
 10
6075.023448527634
 20
12799.41277333949
 30
0.0
 11
6158.35678185935
 21
12799.41277333949
 31
0.0
  0
LINE
  5
549
330
1F
100
AcDbEntity
  8
FUR
100
AcDbLine
 10
6075.023448527634
 20
12799.41277333949
 30
0.0
 11
6075.023448527634
 21
12632.74610667916
 31
0.0
  0
LINE
  5
54A
330
1F
100
AcDbEntity
  8
FUR
100
AcDbLine
 10
6158.35678185935
 20
12799.41277333949
 30
0.0
 11
6158.35678185935
 21
12632.74610667916
 31
0.0
  0
LINE
  5
54B
330
1F
100
AcDbEntity
  8
FUR
100
AcDbLine
 10
6158.35678185935
 20
12799.41277333949
 30
0.0
 11
6158.35678185935
 21
12632.74610667916
 31
0.0
  0
LINE
  5
54C
330
1F
100
AcDbEntity
  8
FUR
100
AcDbLine
 10
6241.690115191066
 20
12716.07944001864
 30
0.0
 11
6158.35678185935
 21
12716.07944001244
 31
0.0
  0
LINE
  5
54D
330
1F
100
AcDbEntity
  8
FUR
100
AcDbLine
 10
6991.690115198247
 20
12716.07944001864
 30
0.0
 11
6241.690115191066
 21
12716.07944001864
 31
0.0
  0
LINE
  5
54E
330
1F
100
AcDbEntity
  8
FUR
100
AcDbLine
 10
15265.1118859282
 20
9851.079440009321
 30
0.0
 11
15265.1118859282
 21
10663.57944000635
 31
0.0
  0
LINE
  5
54F
330
1F
100
AcDbEntity
  8
FUR
100
AcDbLine
 10
15265.1118859282
 20
10601.07944001222
 30
0.0
 11
15265.1118859282
 21
11351.07944000932
 31
0.0
  0
LINE
  5
550
330
1F
100
AcDbEntity
  8
FUR
100
AcDbLine
 10
15202.61188593756
 20
9913.579440008106
 30
0.0
 11
15202.61188593756
 21
10663.57944000635
 31
0.0
  0
LINE
  5
551
330
1F
100
AcDbEntity
  8
FUR
100
AcDbLine
 10
15140.11188593295
 20
10601.07944001222
 30
0.0
 11
15140.11188593295
 21
11288.57944001053
 31
0.0
  0
LINE
  5
552
330
1F
100
AcDbEntity
  8
FUR
100
AcDbLine
 10
15183.86188593758
 20
11226.07944001174
 30
0.0
 11
15183.86188593758
 21
10663.57944000635
 31
0.0
  0
LINE
  5
553
330
1F
100
AcDbEntity
  8
FUR
100
AcDbLine
 10
15158.86188593294
 20
11226.07944001174
 30
0.0
 11
15158.86188593294
 21
10663.57944000635
 31
0.0
  0
LINE
  5
554
330
1F
100
AcDbEntity
  8
FUR
100
AcDbLine
 10
15171.36188593293
 20
11226.07944001174
 30
0.0
 11
15171.36188593293
 21
10663.57944000635
 31
0.0
  0
LINE
  5
555
330
1F
100
AcDbEntity
  8
FUR
100
AcDbLine
 10
15140.11188593295
 20
11351.07944000932
 30
0.0
 11
15140.11188593295
 21
11226.07944001174
 31
0.0
  0
LINE
  5
556
330
1F
100
AcDbEntity
  8
FUR
100
AcDbLine
 10
15140.11188593295
 20
10601.07944001222
 30
0.0
 11
15140.11188593295
 21
9851.079440009321
 31
0.0
  0
LINE
  5
557
330
1F
100
AcDbEntity
  8
FUR
100
AcDbLine
 10
15265.1118859282
 20
9976.079440008057
 30
0.0
 11
15202.61188593756
 21
9976.079440008057
 31
0.0
  0
LINE
  5
558
330
1F
100
AcDbEntity
  8
FUR
100
AcDbLine
 10
15202.61188593756
 20
10601.07944000757
 30
0.0
 11
15265.1118859282
 21
10601.07944000757
 31
0.0
  0
LINE
  5
559
330
1F
100
AcDbEntity
  8
FUR
100
AcDbLine
 10
15140.11188593295
 20
10601.07944001222
 30
0.0
 11
15202.61188593756
 21
10601.07944001222
 31
0.0
  0
LINE
  5
55A
330
1F
100
AcDbEntity
  8
FUR
100
AcDbLine
 10
15140.11188593295
 20
10663.57944000635
 30
0.0
 11
15265.1118859282
 21
10663.57944000635
 31
0.0
  0
LINE
  5
55B
330
1F
100
AcDbEntity
  8
FUR
100
AcDbLine
 10
15140.11188593295
 20
9913.579440008106
 30
0.0
 11
15140.11188593295
 21
9851.079440009321
 31
0.0
  0
LINE
  5
55C
330
1F
100
AcDbEntity
  8
FUR
100
AcDbLine
 10
15265.1118859282
 20
9913.579440008106
 30
0.0
 11
15140.11188593295
 21
9913.579440008106
 31
0.0
  0
LINE
  5
55D
330
1F
100
AcDbEntity
  8
FUR
100
AcDbLine
 10
15140.11188593295
 20
9851.079440009321
 30
0.0
 11
15265.1118859282
 21
9851.079440009321
 31
0.0
  0
LINE
  5
55E
330
1F
100
AcDbEntity
  8
FUR
100
AcDbLine
 10
15265.1118859282
 20
9913.579440008106
 30
0.0
 11
15140.11188593295
 21
9913.579440008106
 31
0.0
  0
LINE
  5
55F
330
1F
100
AcDbEntity
  8
FUR
100
AcDbLine
 10
15233.86188593288
 20
9976.079440008057
 30
0.0
 11
15233.86188593288
 21
10601.07944000757
 31
0.0
  0
LINE
  5
560
330
1F
100
AcDbEntity
  8
FUR
100
AcDbLine
 10
15221.36188593289
 20
9976.079440008057
 30
0.0
 11
15221.36188593289
 21
10601.07944000757
 31
0.0
  0
LINE
  5
561
330
1F
100
AcDbEntity
  8
FUR
100
AcDbLine
 10
15246.36188593287
 20
9976.079440008057
 30
0.0
 11
15246.36188593287
 21
10601.07944000757
 31
0.0
  0
LINE
  5
562
330
1F
100
AcDbEntity
  8
FUR
100
AcDbLine
 10
15202.61188593756
 20
11226.07944001174
 30
0.0
 11
15140.11188593295
 21
11226.07944001174
 31
0.0
  0
LINE
  5
563
330
1F
100
AcDbEntity
  8
FUR
100
AcDbLine
 10
15140.11188593295
 20
11288.57944001053
 30
0.0
 11
15140.11188593295
 21
11351.07944000932
 31
0.0
  0
LINE
  5
564
330
1F
100
AcDbEntity
  8
FUR
100
AcDbLine
 10
15265.1118859282
 20
11288.57944001053
 30
0.0
 11
15140.11188593295
 21
11288.57944001053
 31
0.0
  0
LINE
  5
565
330
1F
100
AcDbEntity
  8
FUR
100
AcDbLine
 10
15265.1118859282
 20
11351.07944000932
 30
0.0
 11
15265.1118859282
 21
11288.57944001053
 31
0.0
  0
LINE
  5
566
330
1F
100
AcDbEntity
  8
FUR
100
AcDbLine
 10
15265.1118859282
 20
11351.07944000932
 30
0.0
 11
15140.11188593295
 21
11351.07944000932
 31
0.0
  0
LINE
  5
567
330
1F
100
AcDbEntity
  8
FUR
100
AcDbLine
 10
15265.1118859282
 20
11288.57944001053
 30
0.0
 11
15140.11188593295
 21
11288.57944001053
 31
0.0
  0
LINE
  5
568
330
1F
100
AcDbEntity
  8
FUR
100
AcDbLine
 10
15265.1118859282
 20
11288.57944001053
 30
0.0
 11
15140.11188593295
 21
11288.57944001053
 31
0.0
  0
LINE
  5
569
330
1F
100
AcDbEntity
  8
FUR
100
AcDbLine
 10
15202.61188593756
 20
11226.07944001174
 30
0.0
 11
15202.61188593291
 21
11288.57944001053
 31
0.0
  0
LINE
  5
56A
330
1F
100
AcDbEntity
  8
FUR
100
AcDbLine
 10
15202.61188593756
 20
10663.57944000635
 30
0.0
 11
15202.61188593756
 21
11226.07944001174
 31
0.0
  0
LINE
  5
56B
330
1F
100
AcDbEntity
  8
FUR
100
AcDbLine
 10
13937.61188593061
 20
12778.57944000694
 30
0.0
 11
13125.11188593356
 21
12778.57944000694
 31
0.0
  0
LINE
  5
56C
330
1F
100
AcDbEntity
  8
FUR
100
AcDbLine
 10
13187.6118859277
 20
12778.57944000694
 30
0.0
 11
12437.61188593061
 21
12778.57944000694
 31
0.0
  0
LINE
  5
56D
330
1F
100
AcDbEntity
  8
FUR
100
AcDbLine
 10
13875.11188593182
 20
12716.0794400163
 30
0.0
 11
13125.11188593356
 21
12716.0794400163
 31
0.0
  0
LINE
  5
56E
330
1F
100
AcDbEntity
  8
FUR
100
AcDbLine
 10
13187.6118859277
 20
12653.57944001168
 30
0.0
 11
12500.11188592939
 21
12653.57944001168
 31
0.0
  0
LINE
  5
56F
330
1F
100
AcDbEntity
  8
FUR
100
AcDbLine
 10
12562.61188592818
 20
12697.32944001631
 30
0.0
 11
13125.11188593356
 21
12697.32944001631
 31
0.0
  0
LINE
  5
570
330
1F
100
AcDbEntity
  8
FUR
100
AcDbLine
 10
12562.61188592818
 20
12672.32944001168
 30
0.0
 11
13125.11188593356
 21
12672.32944001168
 31
0.0
  0
LINE
  5
571
330
1F
100
AcDbEntity
  8
FUR
100
AcDbLine
 10
12562.61188592818
 20
12684.82944001167
 30
0.0
 11
13125.11188593356
 21
12684.82944001167
 31
0.0
  0
LINE
  5
572
330
1F
100
AcDbEntity
  8
FUR
100
AcDbLine
 10
12437.61188593061
 20
12653.57944001168
 30
0.0
 11
12562.61188592818
 21
12653.57944001168
 31
0.0
  0
LINE
  5
573
330
1F
100
AcDbEntity
  8
FUR
100
AcDbLine
 10
13187.6118859277
 20
12653.57944001168
 30
0.0
 11
13937.61188593061
 21
12653.57944001168
 31
0.0
  0
LINE
  5
574
330
1F
100
AcDbEntity
  8
FUR
100
AcDbLine
 10
13812.61188593187
 20
12778.57944000694
 30
0.0
 11
13812.61188593187
 21
12716.0794400163
 31
0.0
  0
LINE
  5
575
330
1F
100
AcDbEntity
  8
FUR
100
AcDbLine
 10
13187.61188593235
 20
12716.0794400163
 30
0.0
 11
13187.61188593235
 21
12778.57944000694
 31
0.0
  0
LINE
  5
576
330
1F
100
AcDbEntity
  8
FUR
100
AcDbLine
 10
13187.6118859277
 20
12653.57944001168
 30
0.0
 11
13187.6118859277
 21
12716.0794400163
 31
0.0
  0
LINE
  5
577
330
1F
100
AcDbEntity
  8
FUR
100
AcDbLine
 10
13125.11188593356
 20
12653.57944001168
 30
0.0
 11
13125.11188593356
 21
12778.57944000694
 31
0.0
  0
LINE
  5
578
330
1F
100
AcDbEntity
  8
FUR
100
AcDbLine
 10
13875.11188593182
 20
12653.57944001168
 30
0.0
 11
13937.61188593061
 21
12653.57944001168
 31
0.0
  0
LINE
  5
579
330
1F
100
AcDbEntity
  8
FUR
100
AcDbLine
 10
13875.11188593182
 20
12778.57944000694
 30
0.0
 11
13875.11188593182
 21
12653.57944001168
 31
0.0
  0
LINE
  5
57A
330
1F
100
AcDbEntity
  8
FUR
100
AcDbLine
 10
13937.61188593061
 20
12653.57944001168
 30
0.0
 11
13937.61188593061
 21
12778.57944000694
 31
0.0
  0
LINE
  5
57B
330
1F
100
AcDbEntity
  8
FUR
100
AcDbLine
 10
13875.11188593182
 20
12778.57944000694
 30
0.0
 11
13875.11188593182
 21
12653.57944001168
 31
0.0
  0
LINE
  5
57C
330
1F
100
AcDbEntity
  8
FUR
100
AcDbLine
 10
13812.61188593187
 20
12747.32944001163
 30
0.0
 11
13187.61188593235
 21
12747.32944001163
 31
0.0
  0
LINE
  5
57D
330
1F
100
AcDbEntity
  8
FUR
100
AcDbLine
 10
13812.61188593187
 20
12734.82944001163
 30
0.0
 11
13187.61188593235
 21
12734.82944001163
 31
0.0
  0
LINE
  5
57E
330
1F
100
AcDbEntity
  8
FUR
100
AcDbLine
 10
13812.61188593187
 20
12759.82944001162
 30
0.0
 11
13187.61188593235
 21
12759.82944001162
 31
0.0
  0
LINE
  5
57F
330
1F
100
AcDbEntity
  8
FUR
100
AcDbLine
 10
12562.61188592818
 20
12716.0794400163
 30
0.0
 11
12562.61188592818
 21
12653.57944001168
 31
0.0
  0
LINE
  5
580
330
1F
100
AcDbEntity
  8
FUR
100
AcDbLine
 10
12500.11188592939
 20
12653.57944001168
 30
0.0
 11
12437.61188593061
 21
12653.57944001168
 31
0.0
  0
LINE
  5
581
330
1F
100
AcDbEntity
  8
FUR
100
AcDbLine
 10
12500.11188592939
 20
12778.57944000694
 30
0.0
 11
12500.11188592939
 21
12653.57944001168
 31
0.0
  0
LINE
  5
582
330
1F
100
AcDbEntity
  8
FUR
100
AcDbLine
 10
12437.61188593061
 20
12778.57944000694
 30
0.0
 11
12500.11188592939
 21
12778.57944000694
 31
0.0
  0
LINE
  5
583
330
1F
100
AcDbEntity
  8
FUR
100
AcDbLine
 10
12437.61188593061
 20
12778.57944000694
 30
0.0
 11
12437.61188593061
 21
12653.57944001168
 31
0.0
  0
LINE
  5
584
330
1F
100
AcDbEntity
  8
FUR
100
AcDbLine
 10
12500.11188592939
 20
12778.57944000694
 30
0.0
 11
12500.11188592939
 21
12653.57944001168
 31
0.0
  0
LINE
  5
585
330
1F
100
AcDbEntity
  8
FUR
100
AcDbLine
 10
12500.11188592939
 20
12778.57944000694
 30
0.0
 11
12500.11188592939
 21
12653.57944001168
 31
0.0
  0
LINE
  5
586
330
1F
100
AcDbEntity
  8
FUR
100
AcDbLine
 10
12562.61188592818
 20
12716.0794400163
 30
0.0
 11
12500.11188592939
 21
12716.07944001165
 31
0.0
  0
LINE
  5
587
330
1F
100
AcDbEntity
  8
FUR
100
AcDbLine
 10
13125.11188593356
 20
12716.0794400163
 30
0.0
 11
12562.61188592818
 21
12716.0794400163
 31
0.0
  0
LINE
  5
588
330
1F
100
AcDbEntity
  8
0
100
AcDbLine
 10
14582.61188593057
 20
8171.079440009322
 30
0.0
 11
14582.61188593058
 21
7571.079440009322
 31
0.0
  0
LINE
  5
589
330
1F
100
AcDbEntity
  8
wall
100
AcDbLine
 10
11287.61188593058
 20
7556.590249402521
 30
0.0
 11
11057.61188593058
 21
7556.590249402521
 31
0.0
  0
LINE
  5
58A
330
1F
100
AcDbEntity
  8
wall
100
AcDbLine
 10
11287.61188593058
 20
6706.590249402521
 30
0.0
 11
11057.61188593058
 21
6706.590249402521
 31
0.0
  0
LINE
  5
58B
330
1F
100
AcDbEntity
  8
wall
100
AcDbLine
 10
11057.61188593058
 20
6706.590249402521
 30
0.0
 11
11287.61188593058
 21
6706.590249402521
 31
0.0
  0
LINE
  5
58C
330
1F
100
AcDbEntity
  8
ELE 2
100
AcDbLine
 10
13937.61188593061
 20
12831.07944000932
 30
0.0
 11
13937.61188593061
 21
14031.07944000932
 31
0.0
  0
LINE
  5
58D
330
1F
100
AcDbEntity
  8
ELE 2
100
AcDbLine
 10
13937.61188593061
 20
14031.07944000932
 30
0.0
 11
16517.61188593059
 21
14031.07944000932
 31
0.0
  0
LINE
  5
58E
330
1F
100
AcDbEntity
  8
ELE 2
100
AcDbLine
 10
15317.61188593059
 20
8371.079440009323
 30
0.0
 11
16517.61188593059
 21
8371.079440009323
 31
0.0
  0
LINE
  5
58F
330
1F
100
AcDbEntity
  8
ELE 2
100
AcDbLine
 10
16517.61188593059
 20
8371.079440009323
 30
0.0
 11
16517.61188593059
 21
14031.07944000932
 31
0.0
  0
LINE
  5
590
330
1F
100
AcDbEntity
  8
ELE 1
100
AcDbLine
 10
9439.553142879489
 20
8577.340174148121
 30
0.0
 11
9439.553142879489
 21
9511.621939910867
 31
0.0
  0
LINE
  5
591
330
1F
100
AcDbEntity
  8
ELE 1
100
AcDbLine
 10
9476.057436536354
 20
8577.340174148121
 30
0.0
 11
9476.05743653634
 21
9510.876643785916
 31
0.0
  0
LWPOLYLINE
  5
592
330
1F
100
AcDbEntity
  8
ELE 1
100
AcDbPolyline
 90
        2
 70
     0
 43
0.0
 10
9439.553142879489
 20
8577.340174148121
 10
9476.057436536354
 20
8577.340174148121
  0
ARC
  5
593
330
1F
100
AcDbEntity
  8
ABOVE-DOTTED
100
AcDbCircle
 10
9410.244998223742
 20
8548.032029491892
 30
0.0
 40
964.0355194694748
100
AcDbArc
 50
1.742147193213446
 51
88.25785280677841
  0
LWPOLYLINE
  5
594
330
1F
100
AcDbEntity
  8
ELE 1
100
AcDbPolyline
 90
        8
 70
     1
 43
0.0
 10
10405.77616558828
 20
8577.340174148121
 10
10405.77616558829
 20
8394.818705870516
 10
10373.83490863938
 20
8394.818705870516
 10
10373.83490863938
 20
8440.449072939932
 10
10360.14579851888
 20
8440.449072939932
 10
10360.14579851888
 20
8531.709807078732
 10
10373.83490863938
 20
8531.709807078732
 10
10373.83490863938
 20
8577.340174148121
  0
LINE
  5
595
330
1F
100
AcDbEntity
  8
ELE 1
100
AcDbLine
 10
9407.611885930581
 20
8577.340174148121
 30
0.0
 11
9407.611885930585
 21
8394.818705870509
 31
0.0
  0
LINE
  5
596
330
1F
100
AcDbEntity
  8
ELE 1
100
AcDbLine
 10
9407.611885930585
 20
8394.818705870509
 30
0.0
 11
9439.553142879493
 21
8394.818705870509
 31
0.0
  0
LINE
  5
597
330
1F
100
AcDbEntity
  8
ELE 1
100
AcDbLine
 10
9439.553142879493
 20
8394.818705870509
 30
0.0
 11
9439.553142879489
 21
8440.449072939911
 31
0.0
  0
LINE
  5
598
330
1F
100
AcDbEntity
  8
ELE 1
100
AcDbLine
 10
9439.553142879489
 20
8440.449072939911
 30
0.0
 11
9453.242252999988
 21
8440.449072939911
 31
0.0
  0
LINE
  5
599
330
1F
100
AcDbEntity
  8
ELE 1
100
AcDbLine
 10
9453.242252999988
 20
8440.449072939911
 30
0.0
 11
9453.242252999988
 21
8531.709807078732
 31
0.0
  0
LINE
  5
59A
330
1F
100
AcDbEntity
  8
ELE 1
100
AcDbLine
 10
9453.242252999988
 20
8531.709807078732
 30
0.0
 11
9439.553142879489
 21
8531.709807078732
 31
0.0
  0
LINE
  5
59B
330
1F
100
AcDbEntity
  8
ELE 1
100
AcDbLine
 10
9439.553142879489
 20
8531.709807078732
 30
0.0
 11
9439.553142879489
 21
8577.340174148121
 31
0.0
  0
LINE
  5
59C
330
1F
100
AcDbEntity
  8
ELE 1
100
AcDbLine
 10
9439.553142879489
 20
8577.340174148121
 30
0.0
 11
9407.611885930581
 21
8577.340174148121
 31
0.0
  0
LINE
  5
59D
330
1F
100
AcDbEntity
  8
wall
100
AcDbLine
 10
10405.77616558829
 20
8601.079440009321
 30
0.0
 11
10405.77616558829
 21
8371.079440009337
 31
0.0
  0
LINE
  5
59E
330
1F
100
AcDbEntity
  8
wall
100
AcDbLine
 10
9077.611885930567
 20
8601.079440009321
 30
0.0
 11
4477.611885930566
 21
8601.079440009335
 31
0.0
  0
LINE
  5
59F
330
1F
100
AcDbEntity
  8
wall
100
AcDbLine
 10
9077.611885930567
 20
8371.079440009323
 30
0.0
 11
4247.611885930567
 21
8371.079440009323
 31
0.0
  0
LINE
  5
5A0
330
1F
100
AcDbEntity
  8
ELE 2
100
AcDbLine
 10
1247.611885930583
 20
6691.079440009336
 30
0.0
 11
247.6118859305972
 21
6691.079440009336
 31
0.0
  0
LINE
  5
5A1
330
1F
100
AcDbEntity
  8
ELE 2
100
AcDbLine
 10
1247.611885930597
 20
5321.079440009322
 30
0.0
 11
247.6118859305972
 21
5321.079440009322
 31
0.0
  0
LINE
  5
5A2
330
1F
100
AcDbEntity
  8
ELE 2
100
AcDbLine
 10
247.6118859305972
 20
6691.079440009336
 30
0.0
 11
247.6118859305972
 21
6506.079440009322
 31
0.0
  0
LINE
  5
5A3
330
1F
100
AcDbEntity
  8
ELE 2
100
AcDbLine
 10
247.6118859305972
 20
5506.079440009337
 30
0.0
 11
247.6118859305972
 21
5321.079440009322
 31
0.0
  0
LINE
  5
5A4
330
1F
100
AcDbEntity
  8
ELE 2
100
AcDbLine
 10
1247.611885930597
 20
6691.079440009336
 30
0.0
 11
1247.611885930583
 21
5321.079440009322
 31
0.0
  0
LINE
  5
5A5
330
1F
100
AcDbEntity
  8
ELE 2
100
AcDbLine
 10
247.6118859305972
 20
5506.079440009337
 30
0.0
 11
17.61188593059724
 21
5506.079440009337
 31
0.0
  0
LINE
  5
5A6
330
1F
100
AcDbEntity
  8
ELE 2
100
AcDbLine
 10
247.6118859305972
 20
6506.079440009322
 30
0.0
 11
17.61188593059724
 21
6506.079440009322
 31
0.0
  0
LINE
  5
5A7
330
1F
100
AcDbEntity
  8
SILL
100
AcDbLine
 10
247.6118859305972
 20
6506.079440009322
 30
0.0
 11
247.6118859305972
 21
5506.079440009337
 31
0.0
  0
LINE
  5
5A8
330
1F
100
AcDbEntity
  8
ABOVE-DOTTED
100
AcDbLine
 10
1247.611885930583
 20
6691.079440009336
 30
0.0
 11
247.6118859305972
 21
5321.079440009322
 31
0.0
  0
LINE
  5
5A9
330
1F
100
AcDbEntity
  8
ABOVE-DOTTED
100
AcDbLine
 10
1247.611885930583
 20
5321.079440009322
 30
0.0
 11
247.6118859305972
 21
6691.079440009336
 31
0.0
  0
LINE
  5
5AA
330
1F
100
AcDbEntity
  8
0
100
AcDbLine
 10
132.6118859305972
 20
6506.079440009322
 30
0.0
 11
132.6118859305972
 21
5506.079440009337
 31
0.0
  0
LWPOLYLINE
  5
5AB
330
1F
100
AcDbEntity
  8
ELE 2
100
AcDbPolyline
 90
        4
 70
     1
 43
0.0
 10
4677.611885930612
 20
1011.079440009321
 10
17.61188593059724
 20
1011.079440009321
 10
17.61188593059724
 20
5321.079440009322
 10
4677.611885930612
 20
5321.079440009322
  0
LINE
  5
5AC
330
1F
100
AcDbEntity
  8
ELE 2
100
AcDbLine
 10
4677.611885930612
 20
5321.079440009322
 30
0.0
 11
17.61188593059724
 21
1011.079440009321
 31
0.0
  0
LINE
  5
5AD
330
1F
100
AcDbEntity
  8
ELE 2
100
AcDbLine
 10
4677.611885930612
 20
1011.079440009321
 30
0.0
 11
17.61188593059724
 21
5321.079440009322
 31
0.0
  0
LINE
  5
5AE
330
1F
100
AcDbEntity
  8
ELE 2
100
AcDbLine
 10
4247.611885930567
 20
8371.079440009323
 30
0.0
 11
17.61188593059724
 21
12831.07944000932
 31
0.0
  0
LINE
  5
5AF
330
1F
100
AcDbEntity
  8
ELE 2
100
AcDbLine
 10
4247.611885930581
 20
12831.07944000932
 30
0.0
 11
17.61188593059724
 21
8371.079440009323
 31
0.0
  0
ARC
  5
5B0
330
1F
100
AcDbEntity
  8
FURN
100
AcDbCircle
 10
13073.56509107166
 20
10845.39763445051
 30
0.0
 40
1663.754472219193
100
AcDbArc
 50
273.306456999888
 51
286.9428860002442
  0
ARC
  5
5B1
330
1F
100
AcDbEntity
  8
FURN
100
AcDbCircle
 10
14403.32097995916
 20
6834.875745568876
 30
0.0
 40
2562.291916662001
100
AcDbArc
 50
93.36646100009643
 51
109.2534040003586
  0
LINE
  5
5B2
330
1F
100
AcDbEntity
  8
FURN
100
AcDbLine
 10
14252.85800773603
 20
8601.079440009321
 30
0.0
 11
12086.19134107287
 21
8601.079440009321
 31
0.0
  0
LINE
  5
5B3
330
1F
100
AcDbEntity
  8
FURN
100
AcDbLine
 10
12086.19134107287
 20
8767.746106678954
 30
0.0
 11
12086.19134107287
 21
10934.41277334212
 31
0.0
  0
LINE
  5
5B4
330
1F
100
AcDbEntity
  8
FURN
100
AcDbLine
 10
12169.52467440607
 20
11017.74610667207
 30
0.0
 11
14169.52467440607
 21
11017.74610667207
 31
0.0
  0
LINE
  5
5B5
330
1F
100
AcDbEntity
  8
FURN
100
AcDbLine
 10
14252.85800773603
 20
10934.41277334212
 30
0.0
 11
14252.85800773603
 21
8767.746106678954
 31
0.0
  0
LINE
  5
5B6
330
1F
100
AcDbEntity
  8
FURN
100
AcDbLine
 10
14252.85800773603
 20
8684.412773339289
 30
0.0
 11
12086.19134107287
 21
8684.412773339289
 31
0.0
  0
LINE
  5
5B7
330
1F
100
AcDbEntity
  8
FURN
100
AcDbLine
 10
14169.52467440607
 20
8739.968328897987
 30
0.0
 11
14169.52467440607
 21
9128.857217786253
 31
0.0
  0
LINE
  5
5B8
330
1F
100
AcDbEntity
  8
FURN
100
AcDbLine
 10
14169.52467440607
 20
9128.857217786253
 30
0.0
 11
13252.85800773765
 21
9128.857217786253
 31
0.0
  0
LINE
  5
5B9
330
1F
100
AcDbEntity
  8
FURN
100
AcDbLine
 10
13252.85800773765
 20
9128.857217786253
 30
0.0
 11
13252.85800773765
 21
8739.968328897987
 31
0.0
  0
LINE
  5
5BA
330
1F
100
AcDbEntity
  8
FURN
100
AcDbLine
 10
13252.85800773765
 20
8739.968328897987
 30
0.0
 11
14169.52467440607
 21
8739.968328897987
 31
0.0
  0
LINE
  5
5BB
330
1F
100
AcDbEntity
  8
FURN
100
AcDbLine
 10
12169.52467440607
 20
8739.968328897987
 30
0.0
 11
13086.19134107449
 21
8739.968328897987
 31
0.0
  0
LINE
  5
5BC
330
1F
100
AcDbEntity
  8
FURN
100
AcDbLine
 10
12169.52467440607
 20
9128.857217786253
 30
0.0
 11
12169.52467440607
 21
8739.968328897987
 31
0.0
  0
LINE
  5
5BD
330
1F
100
AcDbEntity
  8
FURN
100
AcDbLine
 10
13086.19134107449
 20
9128.857217786253
 30
0.0
 11
12169.52467440607
 21
9128.857217786253
 31
0.0
  0
LINE
  5
5BE
330
1F
100
AcDbEntity
  8
FURN
100
AcDbLine
 10
13086.19134107449
 20
8739.968328897987
 30
0.0
 11
13086.19134107449
 21
9128.857217786253
 31
0.0
  0
LINE
  5
5BF
330
1F
100
AcDbEntity
  8
FURN
100
AcDbLine
 10
13613.96911885141
 20
9406.634995563575
 30
0.0
 11
12086.19134107287
 21
9406.634995563575
 31
0.0
  0
ARC
  5
5C0
330
1F
100
AcDbEntity
  8
FURN
100
AcDbCircle
 10
14211.19134106943
 20
8621.912773339376
 30
0.0
 40
981.6261388871016
100
AcDbArc
 50
87.56726000000384
 51
129.5460809999235
  0
ARC
  5
5C1
330
1F
100
AcDbEntity
  8
FURN
100
AcDbCircle
 10
12985.38489662463
 20
10204.57405111951
 30
0.0
 40
1021.164388887029
100
AcDbArc
 50
272.5397819999607
 51
306.040310999636
  0
LINE
  5
5C2
330
1F
100
AcDbEntity
  8
FURN
100
AcDbLine
 10
13169.52467440445
 20
9184.412773341703
 30
0.0
 11
12086.19134107287
 21
9184.412773341703
 31
0.0
  0
ARC
  5
5C3
330
1F
100
AcDbEntity
  8
FURN
100
AcDbCircle
 10
14836.19134106842
 20
8934.412773342119
 30
0.0
 40
694.4444444431799
100
AcDbArc
 50
163.7397949999403
 51
196.2602050000596
  0
ARC
  5
5C4
330
1F
100
AcDbEntity
  8
FURN
100
AcDbCircle
 10
12586.19134107529
 20
8934.412773342119
 30
0.0
 40
694.4444444431799
100
AcDbArc
 50
343.7397949999403
 51
16.26020500005966
  0
ARC
  5
5C5
330
1F
100
AcDbEntity
  8
FURN
100
AcDbCircle
 10
11502.85800774371
 20
8934.412773342119
 30
0.0
 40
694.4444444431799
100
AcDbArc
 50
343.7397949999403
 51
16.26020500005966
  0
ARC
  5
5C6
330
1F
100
AcDbEntity
  8
FURN
100
AcDbCircle
 10
13752.85800773684
 20
8934.412773342119
 30
0.0
 40
694.4444444431799
100
AcDbArc
 50
163.7397949999403
 51
196.2602050000596
  0
ARC
  5
5C7
330
1F
100
AcDbEntity
  8
FURN
100
AcDbCircle
 10
14169.52467440607
 20
10934.41277334212
 30
0.0
 40
83.33333333318158
100
AcDbArc
 50
0.0
 51
90.0
  0
ARC
  5
5C8
330
1F
100
AcDbEntity
  8
FURN
100
AcDbCircle
 10
12169.52467440607
 20
10934.41277334212
 30
0.0
 40
83.33333333318158
100
AcDbArc
 50
90.0
 51
180.0
  0
ARC
  5
5C9
330
1F
100
AcDbEntity
  8
FURN
100
AcDbCircle
 10
12169.52467440607
 20
8767.746106678954
 30
0.0
 40
83.33333333318158
100
AcDbArc
 50
180.0
 51
270.0
  0
ARC
  5
5CA
330
1F
100
AcDbEntity
  8
FURN
100
AcDbCircle
 10
14169.52467440607
 20
8767.746106678954
 30
0.0
 40
83.33333333318158
100
AcDbArc
 50
270.0
 51
0.0
  0
LINE
  5
5CB
330
1F
100
AcDbEntity
  8
FURN
100
AcDbLine
 10
12086.19134107287
 20
8684.412773339289
 30
0.0
 11
12086.19134107287
 21
8601.079440009321
 31
0.0
  0
LINE
  5
5CC
330
1F
100
AcDbEntity
  8
FURN
100
AcDbLine
 10
14252.85800773603
 20
8684.412773339289
 30
0.0
 11
14252.85800773603
 21
8601.079440009321
 31
0.0
  0
LWPOLYLINE
  5
5CD
330
1F
100
AcDbEntity
  8
FURN
100
AcDbPolyline
 90
        4
 70
     1
 43
0.0
 10
12086.19134107287
 20
9051.079440009322
 10
12086.19134107287
 20
8601.079440009321
 10
11636.19134107287
 20
8601.079440009321
 10
11636.19134107287
 20
9051.079440009322
  0
LWPOLYLINE
  5
5CE
330
1F
100
AcDbEntity
  8
FURN
100
AcDbPolyline
 90
        4
 70
     1
 43
0.0
 10
14252.85800773603
 20
9051.079440009322
 10
14252.85800773603
 20
8601.079440009321
 10
14702.85800773603
 20
8601.079440009321
 10
14702.85800773603
 20
9051.079440009322
  0
LINE
  5
5CF
330
1F
100
AcDbEntity
  8
wall
100
AcDbLine
 10
13467.61188593056
 20
5735.609342758602
 30
0.0
 11
13237.61188593058
 21
5735.609342758602
 31
0.0
  0
LINE
  5
5D0
330
1F
100
AcDbEntity
  8
wall
100
AcDbLine
 10
13467.61188593056
 20
6185.609342758603
 30
0.0
 11
13237.61188593058
 21
6185.609342758603
 31
0.0
  0
LINE
  5
5D1
330
1F
100
AcDbEntity
  8
SILL
100
AcDbLine
 10
13467.61188593056
 20
6185.609342758603
 30
0.0
 11
13467.61188593056
 21
5735.609342758602
 31
0.0
  0
LINE
  5
5D2
330
1F
100
AcDbEntity
  8
SILL
100
AcDbLine
 10
13237.61188593058
 20
6185.60934275861
 30
0.0
 11
13237.61188593057
 21
5735.609342758602
 31
0.0
  0
LINE
  5
5D3
330
1F
100
AcDbEntity
  8
ELE 1
100
AcDbLine
 10
11250.32617164373
 20
7529.390249402634
 30
0.0
 11
12045.92617164639
 21
7529.390249402625
 31
0.0
  0
LINE
  5
5D4
330
1F
100
AcDbEntity
  8
ELE 1
100
AcDbLine
 10
11250.32617164373
 20
7498.304535116229
 30
0.0
 11
12045.29150486947
 21
7498.304535116229
 31
0.0
  0
LWPOLYLINE
  5
5D5
330
1F
100
AcDbEntity
  8
ELE 1
100
AcDbPolyline
 90
        2
 70
     0
 43
0.0
 10
11250.32617164373
 20
7529.390249402634
 10
11250.32617164373
 20
7498.304535116229
  0
ARC
  5
5D6
330
1F
100
AcDbEntity
  8
ABOVE-DOTTED
100
AcDbCircle
 10
11225.36843325789
 20
7554.347987788074
 30
0.0
 40
820.9372026717366
100
AcDbArc
 50
271.7421471932073
 51
358.2578528067866
  0
LWPOLYLINE
  5
5D7
330
1F
100
AcDbEntity
  8
ELE 1
100
AcDbPolyline
 90
        8
 70
     1
 43
0.0
 10
11250.32617164372
 20
6706.590249402521
 10
11094.89760021742
 20
6706.590249402521
 10
11094.89760021742
 20
6733.790249402409
 10
11133.75474307399
 20
6733.790249402409
 10
11133.75474307399
 20
6745.447392259113
 10
11211.46902878714
 20
6745.447392259113
 10
11211.46902878714
 20
6733.790249402409
 10
11250.32617164372
 20
6733.790249402409
  0
LINE
  5
5D8
330
1F
100
AcDbEntity
  8
ELE 1
100
AcDbLine
 10
11250.32617164373
 20
7556.590249402521
 30
0.0
 11
11094.89760021742
 21
7556.590249402521
 31
0.0
  0
LINE
  5
5D9
330
1F
100
AcDbEntity
  8
ELE 1
100
AcDbLine
 10
11094.89760021742
 20
7556.590249402521
 30
0.0
 11
11094.89760021742
 21
7529.390249402634
 31
0.0
  0
LINE
  5
5DA
330
1F
100
AcDbEntity
  8
ELE 1
100
AcDbLine
 10
11094.89760021742
 20
7529.390249402634
 30
0.0
 11
11133.754743074
 21
7529.390249402634
 31
0.0
  0
LINE
  5
5DB
330
1F
100
AcDbEntity
  8
ELE 1
100
AcDbLine
 10
11133.754743074
 20
7529.390249402634
 30
0.0
 11
11133.754743074
 21
7517.733106545937
 31
0.0
  0
LINE
  5
5DC
330
1F
100
AcDbEntity
  8
ELE 1
100
AcDbLine
 10
11133.754743074
 20
7517.733106545937
 30
0.0
 11
11211.46902878715
 21
7517.733106545937
 31
0.0
  0
LINE
  5
5DD
330
1F
100
AcDbEntity
  8
ELE 1
100
AcDbLine
 10
11211.46902878715
 20
7517.733106545937
 30
0.0
 11
11211.46902878715
 21
7529.390249402634
 31
0.0
  0
LINE
  5
5DE
330
1F
100
AcDbEntity
  8
ELE 1
100
AcDbLine
 10
11211.46902878715
 20
7529.390249402634
 30
0.0
 11
11250.32617164373
 21
7529.390249402634
 31
0.0
  0
LINE
  5
5DF
330
1F
100
AcDbEntity
  8
ELE 1
100
AcDbLine
 10
11250.32617164373
 20
7529.390249402634
 30
0.0
 11
11250.32617164373
 21
7556.590249402521
 31
0.0
  0
LINE
  5
5E0
330
1F
100
AcDbEntity
  8
FURN
100
AcDbLine
 10
13237.61188593058
 20
6188.823628473059
 30
0.0
 11
13237.61188593058
 21
5732.395057044137
 31
0.0
  0
LINE
  5
5E1
330
1F
100
AcDbEntity
  8
FURN
100
AcDbLine
 10
13034.75474307356
 20
5732.395057044137
 30
0.0
 11
13034.75474307356
 21
6188.823628473059
 31
0.0
  0
ARC
  5
5E2
330
1F
100
AcDbEntity
  8
FURN
100
AcDbCircle
 10
12830.74511418689
 20
5693.095841975527
 30
0.0
 40
424.0364753324617
100
AcDbArc
 50
90.0
 51
105.073137642753
  0
ARC
  5
5E3
330
1F
100
AcDbEntity
  8
FURN
100
AcDbCircle
 10
12795.24678723435
 20
5824.904161550352
 30
0.0
 40
328.1030896091321
100
AcDbArc
 50
105.073137642753
 51
123.0315475519224
  0
ARC
  5
5E4
330
1F
100
AcDbEntity
  8
FURN
100
AcDbCircle
 10
12866.24344114159
 20
5824.904161550126
 30
0.0
 40
328.1030896092497
100
AcDbArc
 50
59.09657470214232
 51
74.92686235724679
  0
ARC
  5
5E5
330
1F
100
AcDbEntity
  8
FURN
100
AcDbCircle
 10
12830.74511418689
 20
5693.095841975308
 30
0.0
 40
424.0364753326226
100
AcDbArc
 50
74.92686235724679
 51
90.0
  0
ARC
  5
5E6
330
1F
100
AcDbEntity
  8
FURN
100
AcDbCircle
 10
13060.11188593091
 20
5732.395057044137
 30
0.0
 40
25.35714285714909
100
AcDbArc
 50
180.0
 51
270.0
  0
LINE
  5
5E7
330
1F
100
AcDbEntity
  8
FURN
100
AcDbLine
 10
12963.75474307344
 20
5825.822376031938
 30
0.0
 11
12963.75474307344
 21
6095.396309485259
 31
0.0
  0
ARC
  5
5E8
330
1F
100
AcDbEntity
  8
FURN
100
AcDbCircle
 10
12658.80745154539
 20
5960.6093427585
 30
0.0
 40
131.1955656148112
100
AcDbArc
 50
180.0
 51
212.4997749144813
  0
ARC
  5
5E9
330
1F
100
AcDbEntity
  8
FURN
100
AcDbCircle
 10
12658.80745154539
 20
5960.6093427585
 30
0.0
 40
90.6241370433622
100
AcDbArc
 50
180.0
 51
212.4997749144813
  0
ARC
  5
5EA
330
1F
100
AcDbEntity
  8
FURN
100
AcDbCircle
 10
12830.74511418689
 20
6228.1228435421
 30
0.0
 40
464.6079039040936
100
AcDbArc
 50
254.926862357059
 51
270.0
  0
ARC
  5
5EB
330
1F
100
AcDbEntity
  8
FURN
100
AcDbCircle
 10
12830.74511418689
 20
6228.1228435421
 30
0.0
 40
424.0364753326574
100
AcDbArc
 50
254.926862357059
 51
270.0
  0
ARC
  5
5EC
330
1F
100
AcDbEntity
  8
FURN
100
AcDbCircle
 10
12741.09868784041
 20
6013.03418767517
 30
0.0
 40
228.767139013323
100
AcDbArc
 50
212.4997749144813
 51
236.9684524480771
  0
ARC
  5
5ED
330
1F
100
AcDbEntity
  8
FURN
100
AcDbCircle
 10
12795.24678723435
 20
6096.31452396707
 30
0.0
 40
287.5316610378234
100
AcDbArc
 50
236.9684524480771
 51
254.926862357059
  0
ARC
  5
5EE
330
1F
100
AcDbEntity
  8
FURN
100
AcDbCircle
 10
12795.24678723435
 20
6096.31452396707
 30
0.0
 40
328.1030896092488
100
AcDbArc
 50
236.9684524480771
 51
254.926862357059
  0
ARC
  5
5EF
330
1F
100
AcDbEntity
  8
FURN
100
AcDbCircle
 10
12741.09868784041
 20
6013.034187675388
 30
0.0
 40
188.1957104418842
100
AcDbArc
 50
212.4997749144813
 51
236.9684524480771
  0
LINE
  5
5F0
330
1F
100
AcDbEntity
  8
FURN
100
AcDbLine
 10
12986.472384572
 20
5863.045169850841
 30
0.0
 11
12963.65089003225
 21
5863.045169850841
 31
0.0
  0
LINE
  5
5F1
330
1F
100
AcDbEntity
  8
FURN
100
AcDbLine
 10
12963.65089003225
 20
5872.941837505801
 30
0.0
 11
12986.472384572
 21
5872.941837505801
 31
0.0
  0
ARC
  5
5F2
330
1F
100
AcDbEntity
  8
FURN
100
AcDbCircle
 10
12866.24344114159
 20
6096.31452396707
 30
0.0
 40
328.1030896091106
100
AcDbArc
 50
285.073137642941
 51
300.9034252978574
  0
ARC
  5
5F3
330
1F
100
AcDbEntity
  8
FURN
100
AcDbCircle
 10
12830.74511418689
 20
6228.122843541903
 30
0.0
 40
424.0364753324157
100
AcDbArc
 50
270.0
 51
285.073137642941
  0
ARC
  5
5F4
330
1F
100
AcDbEntity
  8
FURN
100
AcDbCircle
 10
12830.74511418689
 20
6228.122843541903
 30
0.0
 40
464.6079039038514
100
AcDbArc
 50
270.0
 51
285.073137642941
  0
ARC
  5
5F5
330
1F
100
AcDbEntity
  8
FURN
100
AcDbCircle
 10
12866.24344114159
 20
6096.31452396707
 30
0.0
 40
287.5316610376539
100
AcDbArc
 50
285.073137642941
 51
289.8240239175994
  0
LINE
  5
5F6
330
1F
100
AcDbEntity
  8
FURN
100
AcDbLine
 10
12963.65089003225
 20
5863.045169850841
 30
0.0
 11
12963.65089003225
 21
5872.941837505801
 31
0.0
  0
LINE
  5
5F7
330
1F
100
AcDbEntity
  8
FURN
100
AcDbLine
 10
12986.472384572
 20
5872.941837505801
 30
0.0
 11
12986.472384572
 21
5863.045169850841
 31
0.0
  0
ARC
  5
5F8
330
1F
100
AcDbEntity
  8
FURN
100
AcDbCircle
 10
12741.09868784041
 20
5908.184497842027
 30
0.0
 40
228.7671390133139
100
AcDbArc
 50
123.0315475519224
 51
147.5002250855187
  0
ARC
  5
5F9
330
1F
100
AcDbEntity
  8
FURN
100
AcDbCircle
 10
12795.24678723435
 20
5824.904161550352
 30
0.0
 40
287.5316610376854
100
AcDbArc
 50
105.073137642753
 51
123.0315475519224
  0
ARC
  5
5FA
330
1F
100
AcDbEntity
  8
FURN
100
AcDbCircle
 10
12658.80745154539
 20
5960.6093427585
 30
0.0
 40
90.62413704336057
100
AcDbArc
 50
147.5002250855187
 51
180.0
  0
ARC
  5
5FB
330
1F
100
AcDbEntity
  8
FURN
100
AcDbCircle
 10
12658.80745154539
 20
5960.6093427585
 30
0.0
 40
131.1955656147909
100
AcDbArc
 50
147.5002250855187
 51
180.0
  0
ARC
  5
5FC
330
1F
100
AcDbEntity
  8
FURN
100
AcDbCircle
 10
12741.09868784041
 20
5908.184497842027
 30
0.0
 40
188.1957104418636
100
AcDbArc
 50
123.0315475519224
 51
147.5002250855187
  0
LINE
  5
5FD
330
1F
100
AcDbEntity
  8
FURN
100
AcDbLine
 10
12986.472384572
 20
6057.929377122571
 30
0.0
 11
12963.65089003225
 21
6057.929377122571
 31
0.0
  0
LINE
  5
5FE
330
1F
100
AcDbEntity
  8
FURN
100
AcDbLine
 10
12963.65089003225
 20
6048.032709467603
 30
0.0
 11
12986.472384572
 21
6048.032709467603
 31
0.0
  0
LINE
  5
5FF
330
1F
100
AcDbEntity
  8
FURN
100
AcDbLine
 10
12963.65089003225
 20
6057.929377122571
 30
0.0
 11
12963.65089003225
 21
6048.032709467603
 31
0.0
  0
LINE
  5
600
330
1F
100
AcDbEntity
  8
FURN
100
AcDbLine
 10
12986.472384572
 20
6048.032709467603
 30
0.0
 11
12986.472384572
 21
6057.929377122571
 31
0.0
  0
ARC
  5
601
330
1F
100
AcDbEntity
  8
FURN
100
AcDbCircle
 10
12866.24344114159
 20
5824.904161550126
 30
0.0
 40
287.5316610378145
100
AcDbArc
 50
70.1759760824007
 51
74.92686235724679
  0
ARC
  5
602
330
1F
100
AcDbEntity
  8
FURN
100
AcDbCircle
 10
13212.2547430728
 20
5732.395057044137
 30
0.0
 40
25.35714285714909
100
AcDbArc
 50
270.0
 51
0.0
  0
LINE
  5
603
330
1F
100
AcDbEntity
  8
FURN
100
AcDbLine
 10
13212.2547430728
 20
5707.037914187007
 30
0.0
 11
13060.11188593091
 21
5707.037914187007
 31
0.0
  0
ARC
  5
604
330
1F
100
AcDbEntity
  8
FURN
100
AcDbCircle
 10
13060.11188593091
 20
6188.823628473059
 30
0.0
 40
25.35714285714909
100
AcDbArc
 50
90.0
 51
180.0
  0
ARC
  5
605
330
1F
100
AcDbEntity
  8
FURN
100
AcDbCircle
 10
12830.74511418689
 20
5693.095841975527
 30
0.0
 40
464.6079039038975
100
AcDbArc
 50
90.0
 51
105.073137642753
  0
ARC
  5
606
330
1F
100
AcDbEntity
  8
FURN
100
AcDbCircle
 10
12830.74511418689
 20
5693.095841975308
 30
0.0
 40
464.607903904059
100
AcDbArc
 50
74.92686235724679
 51
90.0
  0
ARC
  5
607
330
1F
100
AcDbEntity
  8
FURN
100
AcDbCircle
 10
13212.2547430728
 20
6188.823628473059
 30
0.0
 40
25.35714285714909
100
AcDbArc
 50
0.0
 51
90.0
  0
LINE
  5
608
330
1F
100
AcDbEntity
  8
FURN
100
AcDbLine
 10
13060.11188593091
 20
6214.180771329979
 30
0.0
 11
13212.2547430728
 21
6214.180771329979
 31
0.0
  0
LINE
  5
609
330
1F
100
AcDbEntity
  8
FURN
100
AcDbLine
 10
12871.83025394632
 20
7233.798605084856
 30
0.0
 11
12871.83025394632
 21
6878.177573989771
 31
0.0
  0
ARC
  5
60A
330
1F
100
AcDbEntity
  8
FURN
100
AcDbCircle
 10
12932.79385927767
 20
6878.177573989074
 30
0.0
 40
60.96360533134138
100
AcDbArc
 50
179.9999999991662
 51
269.9999999991662
  0
LINE
  5
60B
330
1F
100
AcDbEntity
  8
FURN
100
AcDbLine
 10
12932.79385927696
 20
6817.213968657743
 30
0.0
 11
13054.72106993856
 21
6817.213968657743
 31
0.0
  0
ARC
  5
60C
330
1F
100
AcDbEntity
  8
FURN
100
AcDbCircle
 10
13054.72106993856
 20
6918.819977542168
 30
0.0
 40
101.6060088844303
100
AcDbArc
 50
270.0
 51
0.0
  0
LINE
  5
60D
330
1F
100
AcDbEntity
  8
FURN
100
AcDbLine
 10
13156.32707882299
 20
6918.819977542168
 30
0.0
 11
13156.32707882299
 21
7193.156201531602
 31
0.0
  0
ARC
  5
60E
330
1F
100
AcDbEntity
  8
FURN
100
AcDbCircle
 10
13054.72106993856
 20
7193.156201531602
 30
0.0
 40
101.6060088844303
100
AcDbArc
 50
0.0
 51
90.0
  0
LINE
  5
60F
330
1F
100
AcDbEntity
  8
FURN
100
AcDbLine
 10
13054.72106993856
 20
7294.762210416026
 30
0.0
 11
12932.79385927696
 21
7294.762210416026
 31
0.0
  0
ARC
  5
610
330
1F
100
AcDbEntity
  8
FURN
100
AcDbCircle
 10
12932.79385927723
 20
7233.798605085119
 30
0.0
 40
60.96360533090756
100
AcDbArc
 50
90.0
 51
180.0
  0
LINE
  5
611
330
1F
100
AcDbEntity
  8
FURN
100
AcDbLine
 10
12831.18785039242
 20
7233.798605084856
 30
0.0
 11
12831.18785039242
 21
6878.177573989771
 31
0.0
  0
ARC
  5
612
330
1F
100
AcDbEntity
  8
FURN
100
AcDbCircle
 10
12932.79385927691
 20
6878.177573989822
 30
0.0
 40
101.6060088844845
100
AcDbArc
 50
180.0
 51
270.0
  0
LINE
  5
613
330
1F
100
AcDbEntity
  8
FURN
100
AcDbLine
 10
12932.79385927696
 20
6776.571565105339
 30
0.0
 11
13237.61188593058
 21
6776.571565105339
 31
0.0
  0
LINE
  5
614
330
1F
100
AcDbEntity
  8
FURN
100
AcDbLine
 10
13237.61188593058
 20
6776.571565105339
 30
0.0
 11
13237.61188593058
 21
7335.404613969266
 31
0.0
  0
LINE
  5
615
330
1F
100
AcDbEntity
  8
FURN
100
AcDbLine
 10
13237.61188593058
 20
7335.404613969266
 30
0.0
 11
12932.79385927696
 21
7335.404613969266
 31
0.0
  0
ARC
  5
616
330
1F
100
AcDbEntity
  8
FURN
100
AcDbCircle
 10
12932.79385927691
 20
7233.79860508479
 30
0.0
 40
101.6060088844845
100
AcDbArc
 50
90.0
 51
179.9999999995831
  0
CIRCLE
  5
617
330
1F
100
AcDbEntity
  8
FURN
100
AcDbCircle
 10
13196.96948237678
 20
7055.988089537743
 30
0.0
 40
20.32120177690412
  0
LINE
  5
618
330
1F
100
AcDbEntity
  8
FURN
100
AcDbLine
 10
13105.52407438067
 20
7106.791093978674
 30
0.0
 11
13105.52407438067
 21
7005.185085095108
 31
0.0
  0
CIRCLE
  5
619
330
1F
100
AcDbEntity
  8
FURN
100
AcDbCircle
 10
13105.52407438067
 20
7055.988089537743
 30
0.0
 40
25.40150222113015
  0
LINE
  5
61A
330
1F
100
AcDbEntity
  8
FURN
100
AcDbLine
 10
13054.72106993856
 20
7055.988089537743
 30
0.0
 11
13156.32707882299
 21
7055.988089537743
 31
0.0
  0
CIRCLE
  5
61B
330
1F
100
AcDbEntity
  8
FURN
100
AcDbCircle
 10
13196.96948237678
 20
7116.951694867188
 30
0.0
 40
20.32120177690412
  0
CIRCLE
  5
61C
330
1F
100
AcDbEntity
  8
FURN
100
AcDbCircle
 10
13196.96948237678
 20
6995.02448420744
 30
0.0
 40
20.32120177690412
  0
LINE
  5
61D
330
1F
100
AcDbEntity
  8
wall
100
AcDbLine
 10
9077.611885930597
 20
11401.07944000932
 30
0.0
 11
9307.611885930597
 21
11401.07944000932
 31
0.0
  0
LINE
  5
61E
330
1F
100
AcDbEntity
  8
ELE 2
100
AcDbLine
 10
9077.611885930597
 20
5091.079440009321
 30
0.0
 11
9077.611885930748
 21
411.0794400094306
 31
0.0
  0
MTEXT
  5
61F
330
1F
100
AcDbEntity
  8
0
100
AcDbMText
 10
12113.70699673553
 20
11667.62165347097
 30
0.0
 40
150.0
 41
2047.873289513169
 46
0.0
 71
     1
 72
     5
  1
MASTER BEDROOM
 73
     1
 44
1.0
101
Embedded Object
 70
     1
 10
1.0
 20
0.0
 30
0.0
 11
12113.70699673553
 21
11667.62165347097
 31
0.0
 40
2047.873289513169
 41
0.0
 42
1982.742155525239
 43
155.2182810368349
 71
     2
 72
     1
 44
2047.873289513169
 45
12.5
 73
     0
 74
     0
 46
0.0
  0
LINE
  5
620
330
1F
100
AcDbEntity
  8
FURN
100
AcDbLine
 10
10607.61188593057
 20
6706.590249402521
 30
0.0
 11
11057.61188593058
 21
6706.590249402521
 31
0.0
  0
LINE
  5
621
330
1F
100
AcDbEntity
  8
FURN
100
AcDbLine
 10
9307.611885930597
 20
7558.690650609206
 30
0.0
 11
9757.611885930598
 21
7558.690650609206
 31
0.0
  0
MTEXT
  5
622
330
1F
100
AcDbEntity
  8
0
100
AcDbMText
 10
9668.173432183774
 20
8105.089331913426
 30
0.0
 40
150.0
 41
2047.873289513169
 46
0.0
 71
     1
 72
     5
  1
WALKING WARDROBE
 73
     1
 44
1.0
101
Embedded Object
 70
     1
 10
1.0
 20
0.0
 30
0.0
 11
9668.173432183774
 21
8105.089331913426
 31
0.0
 40
2047.873289513169
 41
0.0
 42
1220.259208731241
 43
407.7762619372442
 71
     2
 72
     1
 44
2047.873289513169
 45
12.5
 73
     0
 74
     0
 46
0.0
  0
MTEXT
  5
623
330
1F
100
AcDbEntity
  8
0
100
AcDbMText
 10
11817.33333239336
 20
6802.683459317137
 30
0.0
 40
150.0
 41
2047.873289513169
 46
0.0
 71
     1
 72
     5
  1
TOILET
 73
     1
 44
1.0
101
Embedded Object
 70
     1
 10
1.0
 20
0.0
 30
0.0
 11
11817.33333239336
 21
6802.683459317137
 31
0.0
 40
2047.873289513169
 41
0.0
 42
724.4201909959073
 43
155.2182810368349
 71
     2
 72
     1
 44
2047.873289513169
 45
12.5
 73
     0
 74
     0
 46
0.0
  0
LINE
  5
624
330
1F
100
AcDbEntity
  8
SILL
100
AcDbLine
 10
11287.61188593058
 20
7556.590249402521
 30
0.0
 11
11287.61188593058
 21
6706.590249402521
 31
0.0
  0
MTEXT
  5
625
330
1F
100
AcDbEntity
  8
0
100
AcDbMText
 10
6554.177806529965
 20
9910.264013593611
 30
0.0
 40
150.0
 41
2047.873289513169
 46
0.0
 71
     1
 72
     5
  1
DINNING BELOW 
 73
     1
 44
1.0
101
Embedded Object
 70
     1
 10
1.0
 20
0.0
 30
0.0
 11
6554.177806529965
 21
9910.264013593611
 31
0.0
 40
2047.873289513169
 41
0.0
 42
1681.309686221009
 43
155.2182810368349
 71
     2
 72
     1
 44
2047.873289513169
 45
12.5
 73
     0
 74
     0
 46
0.0
  0
LINE
  5
626
330
1F
100
AcDbEntity
  8
ABOVE-DOTTED
100
AcDbLine
 10
9077.611885930567
 20
8601.079440009321
 30
0.0
 11
4477.611885930566
 21
12601.07944000932
 31
0.0
  0
LINE
  5
627
330
1F
100
AcDbEntity
  8
ABOVE-DOTTED
100
AcDbLine
 10
4477.611885930569
 20
8601.079440009335
 30
0.0
 11
9077.611885930584
 21
12601.07944000932
 31
0.0
  0
LINE
  5
628
330
1F
100
AcDbEntity
  8
ELE 2
100
AcDbLine
 10
4247.611885930567
 20
8371.079440009323
 30
0.0
 11
17.61188593059724
 21
8371.079440009351
 31
0.0
  0
LWPOLYLINE
  5
842
330
1F
100
AcDbEntity
  8
ELE 2
100
AcDbPolyline
 90
        4
 70
     1
 43
0.0
 10
38440.55719687043
 20
28032.27620416031
 10
32200.5571968704
 20
28032.27620416031
 10
32200.5571968704
 20
23572.27620416032
 10
38440.55719687043
 20
23572.27620416032
  0
LINE
  5
843
330
1F
100
AcDbEntity
  8
ELE 2
100
AcDbLine
 10
38440.55719687044
 20
28032.27620416052
 30
0.0
 11
23140.55719687045
 21
28032.27620416052
 31
0.0
  0
LINE
  5
844
330
1F
100
AcDbEntity
  8
ELE 2
100
AcDbLine
 10
29197.96875946748
 20
29232.27620416053
 30
0.0
 11
25430.52570688684
 21
29232.27620416053
 31
0.0
  0
LINE
  5
845
330
1F
100
AcDbEntity
  8
ELE 2
100
AcDbLine
 10
32200.55719687042
 20
23502.27620416053
 30
0.0
 11
28800.55719687042
 21
23502.27620416053
 31
0.0
  0
LINE
  5
846
330
1F
100
AcDbEntity
  8
ELE 2
100
AcDbLine
 10
38440.55719687044
 20
23572.27620416052
 30
0.0
 11
37590.55719687041
 21
23572.27620416052
 31
0.0
  0
LINE
  5
847
330
1F
100
AcDbEntity
  8
ELE 2
100
AcDbLine
 10
37590.55719687044
 20
23572.27620416052
 30
0.0
 11
36590.55719687042
 21
23572.27620416052
 31
0.0
  0
LINE
  5
848
330
1F
100
AcDbEntity
  8
ELE 2
100
AcDbLine
 10
37590.55719687044
 20
22572.27620416053
 30
0.0
 11
36590.55719687043
 21
22572.27620416053
 31
0.0
  0
LINE
  5
849
330
1F
100
AcDbEntity
  8
ELE 2
100
AcDbLine
 10
32200.55719687045
 20
20292.27620416053
 30
0.0
 11
28800.55719687045
 21
20292.27620416053
 31
0.0
  0
LINE
  5
84A
330
1F
100
AcDbEntity
  8
ELE 2
100
AcDbLine
 10
28800.55719687045
 20
16212.27620416053
 30
0.0
 11
23140.55719687045
 21
16212.27620416053
 31
0.0
  0
LINE
  5
84B
330
1F
100
AcDbEntity
  8
ELE 2
100
AcDbLine
 10
38440.55719687047
 20
28032.27620416052
 30
0.0
 11
38440.55719687043
 21
23572.27620416052
 31
0.0
  0
LINE
  5
84C
330
1F
100
AcDbEntity
  8
ELE 2
100
AcDbLine
 10
38440.55719687041
 20
20292.27620416055
 30
0.0
 11
38440.55719687043
 21
15212.27620416053
 31
0.0
  0
LINE
  5
84D
330
1F
100
AcDbEntity
  8
ELE 2
100
AcDbLine
 10
36590.55719687043
 20
23572.27620416054
 30
0.0
 11
36590.55719687042
 21
22572.27620416051
 31
0.0
  0
LINE
  5
84E
330
1F
100
AcDbEntity
  8
ELE 2
100
AcDbLine
 10
37590.55719687041
 20
23572.27620416052
 30
0.0
 11
37590.55719687052
 21
20292.27620416055
 31
0.0
  0
LINE
  5
84F
330
1F
100
AcDbEntity
  8
ELE 2
100
AcDbLine
 10
28800.55719687046
 20
16212.27620416051
 30
0.0
 11
28800.55719687046
 21
15612.27620416053
 31
0.0
  0
LINE
  5
850
330
1F
100
AcDbEntity
  8
ELE 2
100
AcDbLine
 10
23140.55719687045
 20
28032.27620416052
 30
0.0
 11
23140.55719687045
 21
16212.27620416053
 31
0.0
  0
LINE
  5
851
330
1F
100
AcDbEntity
  8
ELE 2
100
AcDbLine
 10
28800.55719687046
 20
15612.27620416053
 30
0.0
 11
32200.55719687045
 21
15612.27620416062
 31
0.0
  0
LINE
  5
852
330
1F
100
AcDbEntity
  8
ELE 2
100
AcDbLine
 10
32200.55719687045
 20
15212.27620416053
 30
0.0
 11
38440.55719687044
 21
15212.27620416053
 31
0.0
  0
LINE
  5
853
330
1F
100
AcDbEntity
  8
ELE 2
100
AcDbLine
 10
25430.52570688684
 20
29232.27620416053
 30
0.0
 11
25430.52570688684
 21
28032.27620416052
 31
0.0
  0
LINE
  5
854
330
1F
100
AcDbEntity
  8
ELE 2
100
AcDbLine
 10
29197.96875946748
 20
29232.27620416053
 30
0.0
 11
29197.96875946748
 21
28032.27620416052
 31
0.0
  0
LINE
  5
855
330
1F
100
AcDbEntity
  8
ELE 2
100
AcDbLine
 10
37590.55719687044
 20
23572.27620416052
 30
0.0
 11
36590.55719687043
 21
22572.27620416053
 31
0.0
  0
LINE
  5
856
330
1F
100
AcDbEntity
  8
ELE 2
100
AcDbLine
 10
37590.55719687044
 20
22572.27620416053
 30
0.0
 11
36590.55719687043
 21
23572.27620416052
 31
0.0
  0
LINE
  5
857
330
1F
100
AcDbEntity
  8
ELE 2
100
AcDbLine
 10
37060.55719687046
 20
28032.27620416052
 30
0.0
 11
37060.55719687046
 21
29232.27620416053
 31
0.0
  0
LINE
  5
858
330
1F
100
AcDbEntity
  8
ELE 2
100
AcDbLine
 10
37060.55719687046
 20
29232.27620416053
 30
0.0
 11
39640.55719687045
 21
29232.27620416053
 31
0.0
  0
LINE
  5
859
330
1F
100
AcDbEntity
  8
ELE 2
100
AcDbLine
 10
38440.55719687044
 20
23572.27620416052
 30
0.0
 11
39640.55719687045
 21
23572.27620416052
 31
0.0
  0
LINE
  5
85A
330
1F
100
AcDbEntity
  8
ELE 2
100
AcDbLine
 10
39640.55719687045
 20
23572.27620416052
 30
0.0
 11
39640.55719687045
 21
29232.27620416053
 31
0.0
  0
LINE
  5
85B
330
1F
100
AcDbEntity
  8
ELE 2
100
AcDbLine
 10
24370.55719687043
 20
21892.27620416054
 30
0.0
 11
23370.55719687045
 21
21892.27620416054
 31
0.0
  0
LINE
  5
85C
330
1F
100
AcDbEntity
  8
ELE 2
100
AcDbLine
 10
24370.55719687045
 20
20522.27620416053
 30
0.0
 11
23370.55719687045
 21
20522.27620416053
 31
0.0
  0
LINE
  5
85D
330
1F
100
AcDbEntity
  8
ELE 2
100
AcDbLine
 10
23370.55719687045
 20
21892.27620416054
 30
0.0
 11
23370.55719687045
 21
20522.27620416054
 31
0.0
  0
LINE
  5
85E
330
1F
100
AcDbEntity
  8
ELE 2
100
AcDbLine
 10
24370.55719687045
 20
21892.27620416054
 30
0.0
 11
24370.55719687043
 21
20522.27620416053
 31
0.0
  0
LINE
  5
85F
330
1F
100
AcDbEntity
  8
ELE 2
100
AcDbLine
 10
24370.55719687043
 20
21892.27620416054
 30
0.0
 11
23370.55719687045
 21
20522.27620416053
 31
0.0
  0
LINE
  5
860
330
1F
100
AcDbEntity
  8
ELE 2
100
AcDbLine
 10
24370.55719687043
 20
20522.27620416053
 30
0.0
 11
23370.55719687045
 21
21892.27620416054
 31
0.0
  0
LINE
  5
861
330
1F
100
AcDbEntity
  8
ELE 2
100
AcDbLine
 10
32200.55719687045
 20
15612.27620416062
 30
0.0
 11
32200.55719687045
 21
15212.27620416053
 31
0.0
  0
LWPOLYLINE
  5
862
330
1F
100
AcDbEntity
  8
ELE 2
100
AcDbPolyline
 90
        4
 70
     1
 43
0.0
 10
27800.55719687046
 20
16212.27620416053
 10
23140.55719687045
 20
16212.27620416053
 10
23140.55719687045
 20
20522.27620416053
 10
27800.55719687046
 20
20522.27620416053
  0
LINE
  5
863
330
1F
100
AcDbEntity
  8
ELE 2
100
AcDbLine
 10
27800.55719687046
 20
20522.27620416053
 30
0.0
 11
23140.55719687045
 21
16212.27620416053
 31
0.0
  0
LINE
  5
864
330
1F
100
AcDbEntity
  8
ELE 2
100
AcDbLine
 10
27800.55719687046
 20
16212.27620416053
 30
0.0
 11
23140.55719687045
 21
20522.27620416053
 31
0.0
  0
LWPOLYLINE
  5
865
330
1F
100
AcDbEntity
  8
ELE 2
100
AcDbPolyline
 90
        4
 70
     1
 43
0.0
 10
23140.55719687045
 20
28032.27620416052
 10
27600.55719687042
 20
28032.27620416052
 10
27600.55719687042
 20
23572.27620416052
 10
23140.55719687045
 20
23572.27620416052
  0
LINE
  5
866
330
1F
100
AcDbEntity
  8
ELE 2
100
AcDbLine
 10
27600.55719687042
 20
23572.27620416052
 30
0.0
 11
23140.55719687045
 21
28032.27620416052
 31
0.0
  0
LINE
  5
867
330
1F
100
AcDbEntity
  8
ELE 2
100
AcDbLine
 10
27600.55719687042
 20
28032.27620416052
 30
0.0
 11
23140.55719687045
 21
23572.27620416052
 31
0.0
  0
LINE
  5
868
330
1F
100
AcDbEntity
  8
ELE 2
100
AcDbLine
 10
38440.55719687041
 20
20292.27620416055
 30
0.0
 11
32200.55719687043
 21
20292.2762041605
 31
0.0
  0
LINE
  5
869
330
1F
100
AcDbEntity
  8
ELE 2
100
AcDbLine
 10
32200.55719687046
 20
20292.27620416053
 30
0.0
 11
32200.55719687061
 21
15612.27620416062
 31
0.0
  0
LINE
  5
86A
330
1F
100
AcDbEntity
  8
ELE 2
100
AcDbLine
 10
32200.55719687046
 20
20292.27620416053
 30
0.0
 11
32200.55719687036
 21
23502.27620416053
 31
0.0
  0
LINE
  5
86B
330
1F
100
AcDbEntity
  8
ELE 2
100
AcDbLine
 10
28800.55719687042
 20
23502.27620416053
 30
0.0
 11
28800.55719687045
 21
20292.27620416053
 31
0.0
  0
LINE
  5
86C
330
1F
100
AcDbEntity
  8
ELE 2
100
AcDbLine
 10
38440.55719687043
 20
28032.27620416031
 30
0.0
 11
32200.5571968704
 21
23572.27620416032
 31
0.0
  0
LINE
  5
86D
330
1F
100
AcDbEntity
  8
ELE 2
100
AcDbLine
 10
38440.55719687043
 20
23572.27620416052
 30
0.0
 11
32200.5571968704
 21
28032.27620416052
 31
0.0
  0
TEXT
  5
86E
330
1F
100
AcDbEntity
  8
0
100
AcDbText
 10
29336.06194160614
 20
13453.44495692059
 30
0.0
 40
300.0
  1
ROOF PLAN 
100
AcDbText
  0
LINE
  5
9C8
330
1F
100
AcDbEntity
  8
FURN
100
AcDbLine
 10
2676.156180134698
 20
18668.21117981629
 30
0.0
 11
2676.156180134698
 21
18663.21117981629
 31
0.0
  0
LINE
  5
9C9
330
1F
100
AcDbEntity
  8
FURN
100
AcDbLine
 10
3340.09752159864
 20
18663.21117981709
 30
0.0
 11
3314.126149915348
 21
18891.21938974781
 31
0.0
  0
LINE
  5
9CA
330
1F
100
AcDbEntity
  8
FURN
100
AcDbLine
 10
2968.647033257134
 20
19017.81077410583
 30
0.0
 11
3029.188430689465
 21
18843.21117981709
 31
0.0
  0
LINE
  5
9CB
330
1F
100
AcDbEntity
  8
FURN
100
AcDbLine
 10
2898.279339779823
 20
18685.0293616352
 30
0.0
 11
2814.917803425531
 21
18925.09762905839
 31
0.0
  0
LINE
  5
9CC
330
1F
100
AcDbEntity
  8
FURN
100
AcDbLine
 10
3029.188430689465
 20
18875.93845254437
 30
0.0
 11
3029.188430689465
 21
18706.84754345333
 31
0.0
  0
LINE
  5
9CD
330
1F
100
AcDbEntity
  8
FURN
100
AcDbLine
 10
3029.188430689465
 20
18843.21117981709
 30
0.0
 11
3309.363230101954
 21
18902.44661838744
 31
0.0
  0
POINT
  5
9CE
330
1F
100
AcDbEntity
  8
FURN
100
AcDbPoint
 10
3340.09752159864
 20
18663.21117981709
 30
0.0
  0
POINT
  5
9CF
330
1F
100
AcDbEntity
  8
FURN
100
AcDbPoint
 10
3029.188430689465
 20
18843.21117981709
 30
0.0
  0
POINT
  5
9D0
330
1F
100
AcDbEntity
  8
FURN
100
AcDbPoint
 10
3029.188430689465
 20
18685.0293616352
 30
0.0
  0
POINT
  5
9D1
330
1F
100
AcDbEntity
  8
FURN
100
AcDbPoint
 10
3029.188430689465
 20
18663.21117981709
 30
0.0
  0
ARC
  5
9D2
330
1F
100
AcDbEntity
  8
FURN
100
AcDbCircle
 10
3007.370248870648
 20
18706.84754345333
 30
0.0
 40
21.81818181818428
100
AcDbArc
 50
270.0
 51
0.0
  0
POINT
  5
9D3
330
1F
100
AcDbEntity
  8
FURN
100
AcDbPoint
 10
2838.279339779358
 20
18663.21117981709
 30
0.0
  0
ARC
  5
9D4
330
1F
100
AcDbEntity
  8
FURN
100
AcDbCircle
 10
2889.182704795341
 20
18685.06158254505
 30
0.0
 40
55.39487944967371
100
AcDbArc
 50
100.2359366183715
 51
203.2315554213548
  0
LINE
  5
9D5
330
1F
100
AcDbEntity
  8
FURN
100
AcDbLine
 10
3007.370248870648
 20
18685.0293616352
 30
0.0
 11
2898.279339779823
 21
18685.0293616352
 31
0.0
  0
LINE
  5
9D6
330
1F
100
AcDbEntity
  8
FURN
100
AcDbLine
 10
2838.279339779358
 20
18663.21117981709
 30
0.0
 11
3340.09752159864
 21
18663.21117981709
 31
0.0
  0
ARC
  5
9D7
330
1F
100
AcDbEntity
  8
FURN
100
AcDbCircle
 10
2778.407631206981
 20
19082.87857130727
 30
0.0
 40
454.9986536387058
100
AcDbArc
 50
79.65710540188178
 51
100.3428945981182
  0
LINE
  5
9D8
330
1F
100
AcDbEntity
  8
FURN
100
AcDbLine
 10
2871.00661250735
 20
19519.57481618084
 30
0.0
 11
2685.552067052762
 21
19519.57481618084
 31
0.0
  0
LINE
  5
9D9
330
1F
100
AcDbEntity
  8
FURN
100
AcDbLine
 10
2685.552067052762
 20
19530.48390708979
 30
0.0
 11
2871.00661250735
 21
19530.48390708979
 31
0.0
  0
ARC
  5
9DA
330
1F
100
AcDbEntity
  8
FURN
100
AcDbCircle
 10
2849.188430689465
 20
19028.66572527165
 30
0.0
 40
109.0909090909214
100
AcDbArc
 50
180.0
 51
272.5871606265064
  0
LINE
  5
9DB
330
1F
100
AcDbEntity
  8
FURN
100
AcDbLine
 10
2860.097521598174
 20
19028.66572527165
 30
0.0
 11
2729.188430688533
 21
19028.66572527165
 31
0.0
  0
LINE
  5
9DC
330
1F
100
AcDbEntity
  8
FURN
100
AcDbLine
 10
2707.370248870648
 20
19072.3020889079
 30
0.0
 11
3438.279339780289
 21
19072.3020889079
 31
0.0
  0
POINT
  5
9DD
330
1F
100
AcDbEntity
  8
FURN
100
AcDbPoint
 10
2685.552067052762
 20
19530.48390708979
 30
0.0
  0
POINT
  5
9DE
330
1F
100
AcDbEntity
  8
FURN
100
AcDbPoint
 10
2685.552067052762
 20
19530.48390708979
 30
0.0
  0
POINT
  5
9DF
330
1F
100
AcDbEntity
  8
FURN
100
AcDbPoint
 10
2685.552067052762
 20
19530.48390708979
 30
0.0
  0
POINT
  5
9E0
330
1F
100
AcDbEntity
  8
FURN
100
AcDbPoint
 10
2685.552067052762
 20
19530.48390708979
 30
0.0
  0
POINT
  5
9E1
330
1F
100
AcDbEntity
  8
FURN
100
AcDbPoint
 10
2685.552067052762
 20
19530.48390708979
 30
0.0
  0
POINT
  5
9E2
330
1F
100
AcDbEntity
  8
FURN
100
AcDbPoint
 10
2685.552067052762
 20
19530.48390708979
 30
0.0
  0
POINT
  5
9E3
330
1F
100
AcDbEntity
  8
FURN
100
AcDbPoint
 10
2685.552067052762
 20
19530.48390708979
 30
0.0
  0
POINT
  5
9E4
330
1F
100
AcDbEntity
  8
FURN
100
AcDbPoint
 10
2685.552067052762
 20
19530.48390708979
 30
0.0
  0
POINT
  5
9E5
330
1F
100
AcDbEntity
  8
FURN
100
AcDbPoint
 10
2685.552067052762
 20
19530.48390708979
 30
0.0
  0
POINT
  5
9E6
330
1F
100
AcDbEntity
  8
FURN
100
AcDbPoint
 10
2740.097521597709
 20
19028.66572527165
 30
0.0
  0
POINT
  5
9E7
330
1F
100
AcDbEntity
  8
FURN
100
AcDbPoint
 10
2729.188430688533
 20
19028.66572527165
 30
0.0
  0
LINE
  5
9E8
330
1F
100
AcDbEntity
  8
FURN
100
AcDbLine
 10
2729.188430688533
 20
19028.66572527165
 30
0.0
 11
2729.188430688533
 21
19072.3020889079
 31
0.0
  0
LINE
  5
9E9
330
1F
100
AcDbEntity
  8
FURN
100
AcDbLine
 10
2685.552067052762
 20
19530.48390708979
 30
0.0
 11
2707.370248870648
 21
19072.3020889079
 31
0.0
  0
POINT
  5
9EA
330
1F
100
AcDbEntity
  8
FURN
100
AcDbPoint
 10
3460.097521598175
 20
19050.48390708978
 30
0.0
  0
ARC
  5
9EB
330
1F
100
AcDbEntity
  8
FURN
100
AcDbCircle
 10
3438.279339780289
 20
19050.48390708978
 30
0.0
 40
21.81818181818428
100
AcDbArc
 50
0.0
 51
90.0
  0
POINT
  5
9EC
330
1F
100
AcDbEntity
  8
FURN
100
AcDbPoint
 10
3312.824794325236
 20
18903.21117981709
 30
0.0
  0
POINT
  5
9ED
330
1F
100
AcDbEntity
  8
FURN
100
AcDbPoint
 10
3312.824794325236
 20
18903.21117981709
 30
0.0
  0
ARC
  5
9EE
330
1F
100
AcDbEntity
  8
FURN
100
AcDbCircle
 10
3331.342650721039
 20
18890.34400727715
 30
0.0
 40
17.23874109321013
100
AcDbArc
 50
105.7665349209503
 51
177.089271130399
  0
ARC
  5
9EF
330
1F
100
AcDbEntity
  8
FURN
100
AcDbCircle
 10
3268.74529329846
 20
19094.56340811656
 30
0.0
 40
196.3636363636585
100
AcDbArc
 50
275.1223246654344
 51
282.9722399147774
  0
ARC
  5
9F0
330
1F
100
AcDbEntity
  8
FURN
100
AcDbCircle
 10
3268.74529329846
 20
19094.56340811656
 30
0.0
 40
196.3636363636585
100
AcDbArc
 50
282.9722399147774
 51
347.0277601176722
  0
POINT
  5
9F1
330
1F
100
AcDbEntity
  8
FURN
100
AcDbPoint
 10
2871.00661250735
 20
19530.48390708979
 30
0.0
  0
POINT
  5
9F2
330
1F
100
AcDbEntity
  8
FURN
100
AcDbPoint
 10
2860.097521598174
 20
19530.48390708979
 30
0.0
  0
POINT
  5
9F3
330
1F
100
AcDbEntity
  8
FURN
100
AcDbPoint
 10
2860.097521598174
 20
19530.48390708979
 30
0.0
  0
POINT
  5
9F4
330
1F
100
AcDbEntity
  8
FURN
100
AcDbPoint
 10
2860.097521598174
 20
19530.48390708979
 30
0.0
  0
POINT
  5
9F5
330
1F
100
AcDbEntity
  8
FURN
100
AcDbPoint
 10
2860.097521598174
 20
19519.57481618084
 30
0.0
  0
POINT
  5
9F6
330
1F
100
AcDbEntity
  8
FURN
100
AcDbPoint
 10
2860.097521598174
 20
19508.66572527165
 30
0.0
  0
POINT
  5
9F7
330
1F
100
AcDbEntity
  8
FURN
100
AcDbPoint
 10
2969.188430688999
 20
19017.75663436249
 30
0.0
  0
ARC
  5
9F8
330
1F
100
AcDbEntity
  8
FURN
100
AcDbCircle
 10
2991.00661250735
 20
19072.3020889079
 30
0.0
 40
21.81818181818428
100
AcDbArc
 50
180.0
 51
270.0
  0
POINT
  5
9F9
330
1F
100
AcDbEntity
  8
FURN
100
AcDbPoint
 10
3029.188430689465
 20
18875.93845254437
 30
0.0
  0
POINT
  5
9FA
330
1F
100
AcDbEntity
  8
FURN
100
AcDbPoint
 10
3029.188430689465
 20
18875.93845254437
 30
0.0
  0
LINE
  5
9FB
330
1F
100
AcDbEntity
  8
FURN
100
AcDbLine
 10
2860.097521598174
 20
19028.66572527165
 30
0.0
 11
2968.647033257134
 21
19017.81077410583
 31
0.0
  0
LINE
  5
9FC
330
1F
100
AcDbEntity
  8
FURN
100
AcDbLine
 10
2860.097521598174
 20
19530.48390708979
 30
0.0
 11
2860.097521598174
 21
19028.66572527165
 31
0.0
  0
LINE
  5
9FD
330
1F
100
AcDbEntity
  8
FURN
100
AcDbLine
 10
2871.00661250735
 20
19530.48390708979
 30
0.0
 11
2871.00661250735
 21
19072.3020889079
 31
0.0
  0
LINE
  5
9FE
330
1F
100
AcDbEntity
  8
FURN
100
AcDbLine
 10
3029.188430689465
 20
18875.93845254437
 30
0.0
 11
3286.277107330228
 21
18898.98397877229
 31
0.0
  0
LINE
  5
9FF
330
1F
100
AcDbEntity
  8
FURN
100
AcDbLine
 10
2968.647033257134
 20
19017.81077410583
 30
0.0
 11
3274.101578711722
 21
19017.81077410583
 31
0.0
  0
LINE
  5
A00
330
1F
100
AcDbEntity
  8
FURN
100
AcDbLine
 10
3460.097521598175
 20
19050.48390708978
 30
0.0
 11
2991.00661250735
 21
19050.48390708978
 31
0.0
  0
LINE
  5
A01
330
1F
100
AcDbEntity
  8
ELE 2
100
AcDbLine
 10
1220.378881312907
 20
18213.21117981709
 30
0.0
 11
16520.37888131288
 21
18213.21117981709
 31
0.0
  0
LINE
  5
A02
330
1F
100
AcDbEntity
  8
wall
100
AcDbLine
 10
10280.37888131288
 20
24663.21117981709
 30
0.0
 11
14670.3788813129
 21
24663.21117981709
 31
0.0
  0
LINE
  5
A03
330
1F
100
AcDbEntity
  8
wall
100
AcDbLine
 10
10280.37888131288
 20
24513.21117981708
 30
0.0
 11
14670.3788813129
 21
24513.21117981708
 31
0.0
  0
LINE
  5
A04
330
1F
100
AcDbEntity
  8
wall
100
AcDbLine
 10
1220.378881312907
 20
18213.21117981709
 30
0.0
 11
220.3788813129067
 21
18213.21117981709
 31
0.0
  0
LINE
  5
A05
330
1F
100
AcDbEntity
  8
wall
100
AcDbLine
 10
1220.378881312907
 20
18213.21117981709
 30
0.0
 11
1220.378881312907
 21
21663.2111798171
 31
0.0
  0
LINE
  5
A06
330
1F
100
AcDbEntity
  8
wall
100
AcDbLine
 10
1450.378881312906
 20
18663.21117981709
 30
0.0
 11
1450.378881312906
 21
21663.2111798171
 31
0.0
  0
LINE
  5
A07
330
1F
100
AcDbEntity
  8
wall
100
AcDbLine
 10
1220.378881312907
 20
21663.2111798171
 30
0.0
 11
1450.378881312906
 21
21663.2111798171
 31
0.0
  0
LINE
  5
A08
330
1F
100
AcDbEntity
  8
wall
100
AcDbLine
 10
2450.3788813129
 20
21663.2111798171
 30
0.0
 11
6880.378881312893
 21
21663.2111798171
 31
0.0
  0
LINE
  5
A09
330
1F
100
AcDbEntity
  8
wall
100
AcDbLine
 10
10180.37888134559
 20
21663.2111798171
 30
0.0
 11
16520.37888131288
 21
21663.2111798171
 31
0.0
  0
LINE
  5
A0A
330
1F
100
AcDbEntity
  8
wall
100
AcDbLine
 10
14440.37888131285
 20
23763.2111798171
 30
0.0
 11
14670.3788813129
 21
23763.2111798171
 31
0.0
  0
LINE
  5
A0B
330
1F
100
AcDbEntity
  8
wall
100
AcDbLine
 10
14440.37888131285
 20
22863.2111798171
 30
0.0
 11
14670.3788813129
 21
22863.2111798171
 31
0.0
  0
LINE
  5
A0C
330
1F
100
AcDbEntity
  8
wall
100
AcDbLine
 10
1220.378881312907
 20
21513.21117981708
 30
0.0
 11
1450.378881312906
 21
21513.21117981708
 31
0.0
  0
LINE
  5
A0D
330
1F
100
AcDbEntity
  8
wall
100
AcDbLine
 10
2450.3788813129
 20
21513.21117981708
 30
0.0
 11
6880.378881312893
 21
21513.21117981708
 31
0.0
  0
LINE
  5
A0E
330
1F
100
AcDbEntity
  8
wall
100
AcDbLine
 10
10280.37888131288
 20
21513.21117981708
 30
0.0
 11
16520.37888131289
 21
21513.21117981708
 31
0.0
  0
LINE
  5
A0F
330
1F
100
AcDbEntity
  8
wall
100
AcDbLine
 10
2450.3788813129
 20
21663.2111798171
 30
0.0
 11
2450.3788813129
 21
18663.21117981709
 31
0.0
  0
LINE
  5
A10
330
1F
100
AcDbEntity
  8
wall
100
AcDbLine
 10
2680.3788813129
 20
21513.21117981708
 30
0.0
 11
2680.3788813129
 21
18663.21117981709
 31
0.0
  0
LINE
  5
A11
330
1F
100
AcDbEntity
  8
ELE 1
100
AcDbLine
 10
3880.378881312863
 20
18663.21117981709
 30
0.0
 11
3880.378881312863
 21
20763.2111798171
 31
0.0
  0
LINE
  5
A12
330
1F
100
AcDbEntity
  8
ELE 1
100
AcDbLine
 10
4110.378881312892
 20
18663.21117981709
 30
0.0
 11
4110.378881312892
 21
20763.2111798171
 31
0.0
  0
LINE
  5
A13
330
1F
100
AcDbEntity
  8
wall
100
AcDbLine
 10
3880.378881312863
 20
21513.21117981708
 30
0.0
 11
3880.378881312863
 21
20763.2111798171
 31
0.0
  0
LINE
  5
A14
330
1F
100
AcDbEntity
  8
wall
100
AcDbLine
 10
3880.378881312863
 20
20763.2111798171
 30
0.0
 11
4110.378881312892
 21
20763.2111798171
 31
0.0
  0
LINE
  5
A15
330
1F
100
AcDbEntity
  8
wall
100
AcDbLine
 10
4110.378881312892
 20
20763.2111798171
 30
0.0
 11
4110.378881312892
 21
21513.21117981708
 31
0.0
  0
LINE
  5
A16
330
1F
100
AcDbEntity
  8
ELE 1
100
AcDbLine
 10
5680.378881312877
 20
21513.21117981708
 30
0.0
 11
5680.378881312877
 21
18663.21117981709
 31
0.0
  0
LINE
  5
A17
330
1F
100
AcDbEntity
  8
wall
100
AcDbLine
 10
6880.378881312893
 20
18663.21117981709
 30
0.0
 11
6880.378881312893
 21
18513.21117981708
 31
0.0
  0
LINE
  5
A18
330
1F
100
AcDbEntity
  8
wall
100
AcDbLine
 10
6880.378881312893
 20
18513.21117981708
 30
0.0
 11
7180.378881312893
 21
18513.21117981708
 31
0.0
  0
LINE
  5
A19
330
1F
100
AcDbEntity
  8
wall
100
AcDbLine
 10
7180.378881312893
 20
18513.21117981708
 30
0.0
 11
7180.378881312893
 21
18363.21117981709
 31
0.0
  0
LINE
  5
A1A
330
1F
100
AcDbEntity
  8
wall
100
AcDbLine
 10
7180.378881312893
 20
18363.21117981709
 30
0.0
 11
7480.378881312891
 21
18363.21117981709
 31
0.0
  0
LINE
  5
A1B
330
1F
100
AcDbEntity
  8
wall
100
AcDbLine
 10
7480.378881312891
 20
18363.21117981709
 30
0.0
 11
7480.378881312907
 21
18213.21117981709
 31
0.0
  0
LINE
  5
A1C
330
1F
100
AcDbEntity
  8
wall
100
AcDbLine
 10
10510.37888131289
 20
18663.21117981709
 30
0.0
 11
10510.37888131289
 21
19113.21117981709
 31
0.0
  0
LINE
  5
A1D
330
1F
100
AcDbEntity
  8
wall
100
AcDbLine
 10
10510.37888131289
 20
20763.2111798171
 30
0.0
 11
10510.37888131289
 21
21513.21117981708
 31
0.0
  0
LINE
  5
A1E
330
1F
100
AcDbEntity
  8
wall
100
AcDbLine
 10
10395.37888131289
 20
19113.21117981709
 30
0.0
 11
10395.37888131288
 21
20763.2111798171
 31
0.0
  0
LINE
  5
A1F
330
1F
100
AcDbEntity
  8
wall
100
AcDbLine
 10
10405.37888131289
 20
19113.21117981709
 30
0.0
 11
10405.37888131288
 21
20763.2111798171
 31
0.0
  0
LINE
  5
A20
330
1F
100
AcDbEntity
  8
wall
100
AcDbLine
 10
10385.37888131289
 20
19113.21117981709
 30
0.0
 11
10385.37888131288
 21
20763.2111798171
 31
0.0
  0
LINE
  5
A21
330
1F
100
AcDbEntity
  8
wall
100
AcDbLine
 10
10280.37888131288
 20
18213.21117981709
 30
0.0
 11
10280.37888131288
 21
19113.21117981709
 31
0.0
  0
LINE
  5
A22
330
1F
100
AcDbEntity
  8
wall
100
AcDbLine
 10
10280.37888131288
 20
20763.2111798171
 30
0.0
 11
10280.37888131288
 21
21513.21117981708
 31
0.0
  0
LINE
  5
A23
330
1F
100
AcDbEntity
  8
ELE 2
100
AcDbLine
 10
6880.378881312893
 20
18663.21117981709
 30
0.0
 11
10280.37888131288
 21
18663.21117981709
 31
0.0
  0
LINE
  5
A24
330
1F
100
AcDbEntity
  8
wall
100
AcDbLine
 10
10280.37888131288
 20
18663.21117981709
 30
0.0
 11
15270.37888131289
 21
18663.21117981709
 31
0.0
  0
LINE
  5
A25
330
1F
100
AcDbEntity
  8
wall
100
AcDbLine
 10
10280.37888131288
 20
19113.21117981709
 30
0.0
 11
10510.37888131288
 21
19113.21117981709
 31
0.0
  0
LINE
  5
A26
330
1F
100
AcDbEntity
  8
wall
100
AcDbLine
 10
10280.37888131288
 20
18513.21117981708
 30
0.0
 11
15270.37888131289
 21
18513.21117981708
 31
0.0
  0
LINE
  5
A27
330
1F
100
AcDbEntity
  8
wall
100
AcDbLine
 10
7480.378881312907
 20
18213.21117981709
 30
0.0
 11
10280.37888131288
 21
18213.21117981709
 31
0.0
  0
LINE
  5
A28
330
1F
100
AcDbEntity
  8
wall
100
AcDbLine
 10
10510.37888131289
 20
20763.2111798171
 30
0.0
 11
10280.37888131288
 21
20763.2111798171
 31
0.0
  0
LINE
  5
A29
330
1F
100
AcDbEntity
  8
wall
100
AcDbLine
 10
12260.37888131289
 20
21513.21117981708
 30
0.0
 11
12260.37888131289
 21
18663.21117981709
 31
0.0
  0
LINE
  5
A2A
330
1F
100
AcDbEntity
  8
wall
100
AcDbLine
 10
12490.37888131289
 20
21513.21117981708
 30
0.0
 11
12490.37888131289
 21
18663.21117981709
 31
0.0
  0
LINE
  5
A2B
330
1F
100
AcDbEntity
  8
ELE 1
100
AcDbLine
 10
14440.37888131289
 20
18663.21117981709
 30
0.0
 11
14440.37888131289
 21
20763.2111798171
 31
0.0
  0
LINE
  5
A2C
330
1F
100
AcDbEntity
  8
wall
100
AcDbLine
 10
14440.37888131289
 20
20763.2111798171
 30
0.0
 11
14670.37888131288
 21
20763.2111798171
 31
0.0
  0
LINE
  5
A2D
330
1F
100
AcDbEntity
  8
ELE 1
100
AcDbLine
 10
14670.37888131288
 20
20763.2111798171
 30
0.0
 11
14670.37888131288
 21
18663.21117981709
 31
0.0
  0
LINE
  5
A2E
330
1F
100
AcDbEntity
  8
wall
100
AcDbLine
 10
14440.37888131289
 20
20763.2111798171
 30
0.0
 11
14440.37888131288
 21
21513.21117981708
 31
0.0
  0
LINE
  5
A2F
330
1F
100
AcDbEntity
  8
wall
100
AcDbLine
 10
14440.37888131288
 20
21663.2111798171
 30
0.0
 11
14440.37888131285
 21
22863.2111798171
 31
0.0
  0
LINE
  5
A30
330
1F
100
AcDbEntity
  8
wall
100
AcDbLine
 10
14440.37888131285
 20
23763.2111798171
 30
0.0
 11
14440.37888131283
 21
24513.21117981708
 31
0.0
  0
LINE
  5
A31
330
1F
100
AcDbEntity
  8
wall
100
AcDbLine
 10
14670.37888131286
 20
20763.2111798171
 30
0.0
 11
14670.37888131288
 21
21513.21117981708
 31
0.0
  0
LINE
  5
A32
330
1F
100
AcDbEntity
  8
wall
100
AcDbLine
 10
14670.37888131288
 20
21663.2111798171
 30
0.0
 11
14670.37888131289
 21
22863.2111798171
 31
0.0
  0
LINE
  5
A33
330
1F
100
AcDbEntity
  8
wall
100
AcDbLine
 10
14670.3788813129
 20
23763.2111798171
 30
0.0
 11
14670.3788813129
 21
24513.21117981708
 31
0.0
  0
LINE
  5
A34
330
1F
100
AcDbEntity
  8
wall
100
AcDbLine
 10
15270.37888131289
 20
18663.21117981709
 30
0.0
 11
15270.37888131289
 21
18513.21117981708
 31
0.0
  0
LINE
  5
A35
330
1F
100
AcDbEntity
  8
wall
100
AcDbLine
 10
15270.37888131289
 20
18513.21117981708
 30
0.0
 11
15570.37888131289
 21
18513.21117981708
 31
0.0
  0
LINE
  5
A36
330
1F
100
AcDbEntity
  8
wall
100
AcDbLine
 10
15570.37888131289
 20
18513.21117981708
 30
0.0
 11
15570.37888131289
 21
18363.21117981709
 31
0.0
  0
LINE
  5
A37
330
1F
100
AcDbEntity
  8
wall
100
AcDbLine
 10
15570.37888131289
 20
18363.21117981709
 30
0.0
 11
15870.37888131289
 21
18363.21117981709
 31
0.0
  0
LINE
  5
A38
330
1F
100
AcDbEntity
  8
wall
100
AcDbLine
 10
15870.37888131289
 20
18363.21117981709
 30
0.0
 11
15870.37888131289
 21
18213.21117981709
 31
0.0
  0
LINE
  5
A39
330
1F
100
AcDbEntity
  8
ELE 1
100
AcDbLine
 10
15900.3788813129
 20
18213.21117981709
 30
0.0
 11
15900.3788813129
 21
21513.21117981708
 31
0.0
  0
LINE
  5
A3A
330
1F
100
AcDbEntity
  8
ELE 1
100
AcDbLine
 10
15900.3788813129
 20
21663.2111798171
 30
0.0
 11
15900.3788813129
 21
24513.21117981708
 31
0.0
  0
LINE
  5
A3B
330
1F
100
AcDbEntity
  8
wall
100
AcDbLine
 10
16520.37888131289
 20
21513.21117981708
 30
0.0
 11
16520.37888131288
 21
21663.2111798171
 31
0.0
  0
LINE
  5
A3C
330
1F
100
AcDbEntity
  8
SILL
100
AcDbLine
 10
14670.3788813129
 20
23763.2111798171
 30
0.0
 11
14670.37888131291
 21
22863.2111798171
 31
0.0
  0
LINE
  5
A3D
330
1F
100
AcDbEntity
  8
SILL
100
AcDbLine
 10
14440.37888131285
 20
23763.2111798171
 30
0.0
 11
14440.37888131285
 21
22863.2111798171
 31
0.0
  0
LINE
  5
A3E
330
1F
100
AcDbEntity
  8
wall
100
AcDbLine
 10
12490.37888131286
 20
24513.21117981708
 30
0.0
 11
12490.37888131286
 21
21663.2111798171
 31
0.0
  0
LINE
  5
A3F
330
1F
100
AcDbEntity
  8
wall
100
AcDbLine
 10
12260.37888131286
 20
24513.21117981708
 30
0.0
 11
12260.37888131286
 21
21663.2111798171
 31
0.0
  0
LINE
  5
A40
330
1F
100
AcDbEntity
  8
wall
100
AcDbLine
 10
14670.3788813129
 20
24513.21117981708
 30
0.0
 11
14670.3788813129
 21
24663.21117981709
 31
0.0
  0
LINE
  5
A41
330
1F
100
AcDbEntity
  8
ELE 1
100
AcDbLine
 10
2450.3788813129
 20
21663.2111798171
 30
0.0
 11
1450.378881312906
 21
21663.2111798171
 31
0.0
  0
LINE
  5
A42
330
1F
100
AcDbEntity
  8
wall
100
AcDbLine
 10
10510.37888131288
 20
24513.21117981708
 30
0.0
 11
10510.37888131288
 21
21663.2111798171
 31
0.0
  0
LINE
  5
A43
330
1F
100
AcDbEntity
  8
wall
100
AcDbLine
 10
10280.37888131288
 20
21663.2111798171
 30
0.0
 11
10280.37888131288
 21
24663.21117981709
 31
0.0
  0
LINE
  5
A44
330
1F
100
AcDbEntity
  8
SILL
100
AcDbLine
 10
10510.37888131289
 20
20763.2111798171
 30
0.0
 11
10510.37888131288
 21
19113.21117981709
 31
0.0
  0
LINE
  5
A45
330
1F
100
AcDbEntity
  8
SILL
100
AcDbLine
 10
10280.37888131288
 20
19113.21117981709
 30
0.0
 11
10280.37888131288
 21
20763.2111798171
 31
0.0
  0
LINE
  5
A46
330
1F
100
AcDbEntity
  8
SILL
100
AcDbLine
 10
14555.37888131288
 20
23763.2111798171
 30
0.0
 11
14555.37888131288
 21
22863.2111798171
 31
0.0
  0
LINE
  5
A47
330
1F
100
AcDbEntity
  8
SILL
100
AcDbLine
 10
14545.37888131288
 20
23763.2111798171
 30
0.0
 11
14545.37888131288
 21
22863.2111798171
 31
0.0
  0
LINE
  5
A48
330
1F
100
AcDbEntity
  8
SILL
100
AcDbLine
 10
14565.37888131288
 20
23763.2111798171
 30
0.0
 11
14565.37888131288
 21
22863.2111798171
 31
0.0
  0
LINE
  5
A49
330
1F
100
AcDbEntity
  8
SILL
100
AcDbLine
 10
6880.378881312893
 20
18663.21117981709
 30
0.0
 11
5680.378881312877
 21
18663.21117981709
 31
0.0
  0
LINE
  5
A4A
330
1F
100
AcDbEntity
  8
SILL
100
AcDbLine
 10
6880.378881312893
 20
18813.21117981709
 30
0.0
 11
6860.378881312891
 21
18813.21117981709
 31
0.0
  0
LINE
  5
A4B
330
1F
100
AcDbEntity
  8
SILL
100
AcDbLine
 10
6840.378881312891
 20
18813.21117981709
 30
0.0
 11
5680.378881312877
 21
18813.21117981709
 31
0.0
  0
LINE
  5
A4C
330
1F
100
AcDbEntity
  8
SILL
100
AcDbLine
 10
6880.378881312893
 20
18963.21117981708
 30
0.0
 11
6860.378881312891
 21
18963.21117981708
 31
0.0
  0
LINE
  5
A4D
330
1F
100
AcDbEntity
  8
SILL
100
AcDbLine
 10
6840.378881312891
 20
18963.21117981708
 30
0.0
 11
5680.378881312877
 21
18963.21117981708
 31
0.0
  0
LINE
  5
A4E
330
1F
100
AcDbEntity
  8
SILL
100
AcDbLine
 10
6880.378881312893
 20
19113.21117981709
 30
0.0
 11
6860.378881312891
 21
19113.21117981709
 31
0.0
  0
LINE
  5
A4F
330
1F
100
AcDbEntity
  8
SILL
100
AcDbLine
 10
6840.378881312891
 20
19113.21117981709
 30
0.0
 11
5680.378881312877
 21
19113.21117981709
 31
0.0
  0
LINE
  5
A50
330
1F
100
AcDbEntity
  8
SILL
100
AcDbLine
 10
6880.378881312893
 20
19263.21117981709
 30
0.0
 11
6860.378881312891
 21
19263.21117981709
 31
0.0
  0
LINE
  5
A51
330
1F
100
AcDbEntity
  8
SILL
100
AcDbLine
 10
6840.378881312891
 20
19263.21117981709
 30
0.0
 11
5680.378881312877
 21
19263.21117981709
 31
0.0
  0
LINE
  5
A52
330
1F
100
AcDbEntity
  8
SILL
100
AcDbLine
 10
6880.378881312893
 20
19413.21117981708
 30
0.0
 11
6860.378881312891
 21
19413.21117981708
 31
0.0
  0
LINE
  5
A53
330
1F
100
AcDbEntity
  8
SILL
100
AcDbLine
 10
6840.378881312891
 20
19413.21117981708
 30
0.0
 11
5680.378881312877
 21
19413.21117981708
 31
0.0
  0
LINE
  5
A54
330
1F
100
AcDbEntity
  8
SILL
100
AcDbLine
 10
6880.378881312893
 20
19563.21117981709
 30
0.0
 11
6860.378881312891
 21
19563.21117981709
 31
0.0
  0
LINE
  5
A55
330
1F
100
AcDbEntity
  8
SILL
100
AcDbLine
 10
6840.378881312891
 20
19563.21117981709
 30
0.0
 11
5680.378881312877
 21
19563.21117981709
 31
0.0
  0
LINE
  5
A56
330
1F
100
AcDbEntity
  8
SILL
100
AcDbLine
 10
6880.378881312893
 20
19713.21117981708
 30
0.0
 11
5680.378881312877
 21
19713.21117981708
 31
0.0
  0
LINE
  5
A57
330
1F
100
AcDbEntity
  8
SILL
100
AcDbLine
 10
6880.378881312893
 20
19863.21117981708
 30
0.0
 11
5680.378881312877
 21
19863.21117981708
 31
0.0
  0
LINE
  5
A58
330
1F
100
AcDbEntity
  8
SILL
100
AcDbLine
 10
6880.378881323792
 20
19863.21117981708
 30
0.0
 11
6880.378881334689
 21
20013.2111798171
 31
0.0
  0
LINE
  5
A59
330
1F
100
AcDbEntity
  8
SILL
100
AcDbLine
 10
6880.378881334689
 20
20013.2111798171
 30
0.0
 11
7180.378881334691
 21
20013.2111798171
 31
0.0
  0
LINE
  5
A5A
330
1F
100
AcDbEntity
  8
SILL
100
AcDbLine
 10
7180.378881334691
 20
20013.2111798171
 30
0.0
 11
7180.378881334691
 21
20163.21117981708
 31
0.0
  0
LINE
  5
A5B
330
1F
100
AcDbEntity
  8
SILL
100
AcDbLine
 10
7180.378881334691
 20
20163.21117981708
 30
0.0
 11
7480.378881334691
 21
20163.21117981708
 31
0.0
  0
LINE
  5
A5C
330
1F
100
AcDbEntity
  8
SILL
100
AcDbLine
 10
7480.378881334691
 20
20163.21117981708
 30
0.0
 11
7480.378881334691
 21
20313.21117981709
 31
0.0
  0
LINE
  5
A5D
330
1F
100
AcDbEntity
  8
SILL
100
AcDbLine
 10
7480.378881334691
 20
20313.21117981709
 30
0.0
 11
7780.378881334691
 21
20313.21117981709
 31
0.0
  0
LINE
  5
A5E
330
1F
100
AcDbEntity
  8
SILL
100
AcDbLine
 10
7780.378881334691
 20
20313.21117981709
 30
0.0
 11
7780.378881334691
 21
20463.2111798171
 31
0.0
  0
LINE
  5
A5F
330
1F
100
AcDbEntity
  8
SILL
100
AcDbLine
 10
7780.378881334691
 20
20463.2111798171
 30
0.0
 11
8080.378881334691
 21
20463.2111798171
 31
0.0
  0
LINE
  5
A60
330
1F
100
AcDbEntity
  8
SILL
100
AcDbLine
 10
8080.378881334691
 20
20463.2111798171
 30
0.0
 11
8080.378881334691
 21
20613.21117981708
 31
0.0
  0
LINE
  5
A61
330
1F
100
AcDbEntity
  8
SILL
100
AcDbLine
 10
8080.378881334691
 20
20613.21117981708
 30
0.0
 11
8380.37888133469
 21
20613.21117981708
 31
0.0
  0
LINE
  5
A62
330
1F
100
AcDbEntity
  8
SILL
100
AcDbLine
 10
8380.37888133469
 20
20613.21117981708
 30
0.0
 11
8380.37888133469
 21
20763.2111798171
 31
0.0
  0
LINE
  5
A63
330
1F
100
AcDbEntity
  8
SILL
100
AcDbLine
 10
8380.37888134559
 20
20763.2111798171
 30
0.0
 11
8680.378881345591
 21
20763.2111798171
 31
0.0
  0
LINE
  5
A64
330
1F
100
AcDbEntity
  8
SILL
100
AcDbLine
 10
8680.378881345591
 20
20763.2111798171
 30
0.0
 11
8680.378881345591
 21
20913.21117981709
 31
0.0
  0
LINE
  5
A65
330
1F
100
AcDbEntity
  8
SILL
100
AcDbLine
 10
8680.378881345591
 20
20913.21117981709
 30
0.0
 11
8980.378881345592
 21
20913.21117981709
 31
0.0
  0
LINE
  5
A66
330
1F
100
AcDbEntity
  8
SILL
100
AcDbLine
 10
8980.378881345592
 20
20913.21117981709
 30
0.0
 11
8980.378881345592
 21
21063.21117981708
 31
0.0
  0
LINE
  5
A67
330
1F
100
AcDbEntity
  8
SILL
100
AcDbLine
 10
8980.378881345592
 20
21063.21117981708
 30
0.0
 11
9280.37888134559
 21
21063.21117981708
 31
0.0
  0
LINE
  5
A68
330
1F
100
AcDbEntity
  8
SILL
100
AcDbLine
 10
9280.37888134559
 20
21063.21117981708
 30
0.0
 11
9280.37888134559
 21
21213.2111798171
 31
0.0
  0
LINE
  5
A69
330
1F
100
AcDbEntity
  8
SILL
100
AcDbLine
 10
9280.37888134559
 20
21213.2111798171
 30
0.0
 11
9580.378881345591
 21
21213.2111798171
 31
0.0
  0
LINE
  5
A6A
330
1F
100
AcDbEntity
  8
SILL
100
AcDbLine
 10
9580.378881345591
 20
21213.2111798171
 30
0.0
 11
9580.378881345591
 21
21363.21117981708
 31
0.0
  0
LINE
  5
A6B
330
1F
100
AcDbEntity
  8
SILL
100
AcDbLine
 10
9580.378881345591
 20
21363.21117981708
 30
0.0
 11
9880.378881345588
 21
21363.21117981708
 31
0.0
  0
LINE
  5
A6C
330
1F
100
AcDbEntity
  8
SILL
100
AcDbLine
 10
9880.378881345588
 20
21363.21117981708
 30
0.0
 11
9880.378881345588
 21
21513.21117981708
 31
0.0
  0
LINE
  5
A6D
330
1F
100
AcDbEntity
  8
SILL
100
AcDbLine
 10
9880.378881345588
 20
21513.21117981708
 30
0.0
 11
10180.37888134559
 21
21513.21117981708
 31
0.0
  0
LINE
  5
A6E
330
1F
100
AcDbEntity
  8
SILL
100
AcDbLine
 10
10180.37888134559
 20
21513.21117981708
 30
0.0
 11
10180.37888134559
 21
21663.2111798171
 31
0.0
  0
LINE
  5
A6F
330
1F
100
AcDbEntity
  8
SILL
100
AcDbLine
 10
10180.37888134559
 20
21663.2111798171
 30
0.0
 11
10280.37888131288
 21
21663.2111798171
 31
0.0
  0
LINE
  5
A70
330
1F
100
AcDbEntity
  8
SILL
100
AcDbLine
 10
6880.378881312893
 20
19863.21117981708
 30
0.0
 11
6880.378881312893
 21
18663.21117981709
 31
0.0
  0
LINE
  5
A71
330
1F
100
AcDbEntity
  8
SILL
100
AcDbLine
 10
6860.378881312891
 20
19863.21117981708
 30
0.0
 11
6860.378881312891
 21
19663.2111798171
 31
0.0
  0
LINE
  5
A72
330
1F
100
AcDbEntity
  8
SILL
100
AcDbLine
 10
6860.378881312891
 20
19663.2111798171
 30
0.0
 11
6860.378881312891
 21
18663.21117981709
 31
0.0
  0
ARC
  5
A73
330
1F
100
AcDbEntity
  8
SILL
100
AcDbCircle
 10
6850.378881312893
 20
19663.2111798171
 30
0.0
 40
10.0
100
AcDbArc
 50
0.0
 51
180.0
  0
LINE
  5
A74
330
1F
100
AcDbEntity
  8
SILL
100
AcDbLine
 10
6840.378881312891
 20
19863.21117981708
 30
0.0
 11
6840.378881312891
 21
19663.2111798171
 31
0.0
  0
LINE
  5
A75
330
1F
100
AcDbEntity
  8
SILL
100
AcDbLine
 10
6840.378881312891
 20
19663.2111798171
 30
0.0
 11
6840.378881312891
 21
18663.21117981709
 31
0.0
  0
LINE
  5
A76
330
1F
100
AcDbEntity
  8
SILL
100
AcDbLine
 10
6860.378881312891
 20
20863.2111798171
 30
0.0
 11
6860.378881312891
 21
19863.21117981708
 31
0.0
  0
ARC
  5
A77
330
1F
100
AcDbEntity
  8
SILL
100
AcDbCircle
 10
6850.378881312893
 20
20863.2111798171
 30
0.0
 40
10.0
100
AcDbArc
 50
0.0
 51
180.0
  0
LINE
  5
A78
330
1F
100
AcDbEntity
  8
SILL
100
AcDbLine
 10
6840.378881312891
 20
20863.2111798171
 30
0.0
 11
6840.378881312891
 21
19863.21117981708
 31
0.0
  0
LINE
  5
A79
330
1F
100
AcDbEntity
  8
wall
100
AcDbLine
 10
6880.378881312893
 20
21663.2111798171
 30
0.0
 11
6880.378881312893
 21
21513.21117981708
 31
0.0
  0
LINE
  5
A7A
330
1F
100
AcDbEntity
  8
wall
100
AcDbLine
 10
10280.37888131288
 20
21663.2111798171
 30
0.0
 11
10280.37888131288
 21
21513.21117981708
 31
0.0
  0
LINE
  5
A7B
330
1F
100
AcDbEntity
  8
SILL
100
AcDbLine
 10
6880.378881312893
 20
19695.50608150493
 30
0.0
 11
10280.37888131288
 21
21395.50608148807
 31
0.0
  0
LINE
  5
A7C
330
1F
100
AcDbEntity
  8
SILL
100
AcDbLine
 10
6860.378881312891
 20
20863.2111798171
 30
0.0
 11
8362.601103530264
 21
21663.2111798171
 31
0.0
  0
LINE
  5
A7D
330
1F
100
AcDbEntity
  8
SILL
100
AcDbLine
 10
6860.378881312906
 20
20840.55193432844
 30
0.0
 11
8405.150131169881
 21
21663.2111798171
 31
0.0
  0
LINE
  5
A7E
330
1F
100
AcDbEntity
  8
SILL
100
AcDbLine
 10
7040.378881334691
 20
20936.40992250605
 30
0.0
 11
7040.378881334691
 21
20013.2111798171
 31
0.0
  0
LINE
  5
A7F
330
1F
100
AcDbEntity
  8
SILL
100
AcDbLine
 10
7020.378881334692
 20
20925.75903493205
 30
0.0
 11
7020.378881334692
 21
20013.2111798171
 31
0.0
  0
LINE
  5
A80
330
1F
100
AcDbEntity
  8
SILL
100
AcDbLine
 10
7340.378881334706
 20
21096.17323611602
 30
0.0
 11
7340.37888133469
 21
20163.21117981708
 31
0.0
  0
LINE
  5
A81
330
1F
100
AcDbEntity
  8
SILL
100
AcDbLine
 10
7320.378881334692
 20
21085.52234854204
 30
0.0
 11
7320.378881334692
 21
20163.21117981708
 31
0.0
  0
LINE
  5
A82
330
1F
100
AcDbEntity
  8
SILL
100
AcDbLine
 10
7640.378881334676
 20
21255.93654972602
 30
0.0
 11
7640.378881334692
 21
20313.21117981709
 31
0.0
  0
LINE
  5
A83
330
1F
100
AcDbEntity
  8
SILL
100
AcDbLine
 10
7620.378881334706
 20
21245.28566215201
 30
0.0
 11
7620.378881334691
 21
20313.21117981709
 31
0.0
  0
LINE
  5
A84
330
1F
100
AcDbEntity
  8
SILL
100
AcDbLine
 10
7940.378881334692
 20
21415.69986333599
 30
0.0
 11
7940.378881334692
 21
20463.2111798171
 31
0.0
  0
LINE
  5
A85
330
1F
100
AcDbEntity
  8
SILL
100
AcDbLine
 10
7920.378881334706
 20
21405.04897576201
 30
0.0
 11
7920.378881334691
 21
20463.2111798171
 31
0.0
  0
LINE
  5
A86
330
1F
100
AcDbEntity
  8
SILL
100
AcDbLine
 10
8240.378881334706
 20
21575.46317694599
 30
0.0
 11
8240.37888133469
 21
20613.21117981708
 31
0.0
  0
LINE
  5
A87
330
1F
100
AcDbEntity
  8
SILL
100
AcDbLine
 10
8220.378881334706
 20
21564.81228937198
 30
0.0
 11
8220.378881334692
 21
20613.21117981708
 31
0.0
  0
LINE
  5
A88
330
1F
100
AcDbEntity
  8
SILL
100
AcDbLine
 10
8540.37888134559
 20
21663.2111798171
 30
0.0
 11
8540.37888134559
 21
20763.2111798171
 31
0.0
  0
LINE
  5
A89
330
1F
100
AcDbEntity
  8
SILL
100
AcDbLine
 10
8520.378881345591
 20
21663.2111798171
 30
0.0
 11
8520.378881345591
 21
20763.2111798171
 31
0.0
  0
LINE
  5
A8A
330
1F
100
AcDbEntity
  8
SILL
100
AcDbLine
 10
8840.378881345589
 20
21663.2111798171
 30
0.0
 11
8840.378881345589
 21
20913.21117981709
 31
0.0
  0
LINE
  5
A8B
330
1F
100
AcDbEntity
  8
SILL
100
AcDbLine
 10
8820.37888134559
 20
21663.2111798171
 30
0.0
 11
8820.37888134559
 21
20913.21117981709
 31
0.0
  0
LINE
  5
A8C
330
1F
100
AcDbEntity
  8
SILL
100
AcDbLine
 10
9140.37888134559
 20
21663.2111798171
 30
0.0
 11
9140.37888134559
 21
21063.21117981708
 31
0.0
  0
LINE
  5
A8D
330
1F
100
AcDbEntity
  8
SILL
100
AcDbLine
 10
9120.37888134559
 20
21663.2111798171
 30
0.0
 11
9120.37888134559
 21
21063.21117981708
 31
0.0
  0
LINE
  5
A8E
330
1F
100
AcDbEntity
  8
SILL
100
AcDbLine
 10
9440.378881345591
 20
21663.2111798171
 30
0.0
 11
9440.378881345591
 21
21213.2111798171
 31
0.0
  0
LINE
  5
A8F
330
1F
100
AcDbEntity
  8
SILL
100
AcDbLine
 10
9420.378881345589
 20
21663.2111798171
 30
0.0
 11
9420.378881345589
 21
21213.2111798171
 31
0.0
  0
LINE
  5
A90
330
1F
100
AcDbEntity
  8
SILL
100
AcDbLine
 10
9740.37888134559
 20
21663.2111798171
 30
0.0
 11
9740.37888134559
 21
21363.21117981708
 31
0.0
  0
LINE
  5
A91
330
1F
100
AcDbEntity
  8
SILL
100
AcDbLine
 10
9720.378881345594
 20
21663.2111798171
 30
0.0
 11
9720.378881345594
 21
21363.21117981708
 31
0.0
  0
LINE
  5
A92
330
1F
100
AcDbEntity
  8
SILL
100
AcDbLine
 10
10040.37888134559
 20
21663.2111798171
 30
0.0
 11
10040.37888134559
 21
21513.21117981708
 31
0.0
  0
LINE
  5
A93
330
1F
100
AcDbEntity
  8
SILL
100
AcDbLine
 10
10020.37888134559
 20
21663.2111798171
 30
0.0
 11
10020.37888134559
 21
21513.21117981708
 31
0.0
  0
LINE
  5
A94
330
1F
100
AcDbEntity
  8
ELE 1
100
AcDbLine
 10
5450.378881312849
 20
21663.2111798171
 30
0.0
 11
5450.378881312856
 21
24663.21117981709
 31
0.0
  0
LINE
  5
A95
330
1F
100
AcDbEntity
  8
ELE 1
100
AcDbLine
 10
5450.378881312856
 20
21766.35019327
 30
0.0
 11
3450.378881312863
 21
22663.2111798171
 31
0.0
  0
LINE
  5
A96
330
1F
100
AcDbEntity
  8
ELE 1
100
AcDbLine
 10
3450.378881312863
 20
22663.2111798171
 30
0.0
 11
1220.378881312877
 21
21663.2111798171
 31
0.0
  0
LINE
  5
A97
330
1F
100
AcDbEntity
  8
ELE 1
100
AcDbLine
 10
14670.3788813129
 20
24663.21117981709
 30
0.0
 11
16520.37888131288
 21
24663.21117981709
 31
0.0
  0
LINE
  5
A98
330
1F
100
AcDbEntity
  8
ELE 1
100
AcDbLine
 10
14670.3788813129
 20
24513.21117981708
 30
0.0
 11
16520.37888131288
 21
24513.21117981708
 31
0.0
  0
LINE
  5
A99
330
1F
100
AcDbEntity
  8
ELE 1
100
AcDbLine
 10
16520.37888131288
 20
24663.21117981709
 30
0.0
 11
13400.37888131299
 21
25663.21117981708
 31
0.0
  0
LINE
  5
A9A
330
1F
100
AcDbEntity
  8
ELE 1
100
AcDbLine
 10
13400.37888131299
 20
25663.21117981708
 30
0.0
 11
10280.37888131283
 21
24663.21117981709
 31
0.0
  0
LINE
  5
A9B
330
1F
100
AcDbEntity
  8
ELE 1
100
AcDbLine
 10
16520.37888131288
 20
24663.21117981709
 30
0.0
 11
16520.37888131288
 21
24663.21117981709
 31
0.0
  0
LINE
  5
A9C
330
1F
100
AcDbEntity
  8
ELE 1
100
AcDbLine
 10
16520.37888131288
 20
24513.21117981708
 30
0.0
 11
16520.37888131288
 21
21663.2111798171
 31
0.0
  0
LINE
  5
A9D
330
1F
100
AcDbEntity
  8
ELE 1
100
AcDbLine
 10
16520.37888131288
 20
21663.2111798171
 30
0.0
 11
17720.37888131288
 21
21663.2111798171
 31
0.0
  0
LINE
  5
A9E
330
1F
100
AcDbEntity
  8
ELE 1
100
AcDbLine
 10
16520.37888131288
 20
21513.21117981708
 30
0.0
 11
17720.37888131288
 21
21513.21117981708
 31
0.0
  0
LINE
  5
A9F
330
1F
100
AcDbEntity
  8
ELE 1
100
AcDbLine
 10
17720.37888131288
 20
21513.21117981708
 30
0.0
 11
17720.37888131288
 21
22663.2111798171
 31
0.0
  0
LINE
  5
AA0
330
1F
100
AcDbEntity
  8
ELE 1
100
AcDbLine
 10
17700.37888131288
 20
21663.2111798171
 30
0.0
 11
17700.37888131288
 21
22643.21117981709
 31
0.0
  0
LINE
  5
AA1
330
1F
100
AcDbEntity
  8
ELE 1
100
AcDbLine
 10
17660.37888131288
 20
21663.2111798171
 30
0.0
 11
17660.37888131288
 21
22643.21117981709
 31
0.0
  0
LINE
  5
AA2
330
1F
100
AcDbEntity
  8
ELE 1
100
AcDbLine
 10
17640.37888131288
 20
21663.2111798171
 30
0.0
 11
17640.37888131288
 21
22643.21117981709
 31
0.0
  0
LINE
  5
AA3
330
1F
100
AcDbEntity
  8
ELE 1
100
AcDbLine
 10
17720.37888131288
 20
22663.2111798171
 30
0.0
 11
16520.37888131288
 21
22663.2111798171
 31
0.0
  0
LINE
  5
AA4
330
1F
100
AcDbEntity
  8
ELE 1
100
AcDbLine
 10
17720.37888131288
 20
22643.21117981709
 30
0.0
 11
16520.37888131288
 21
22643.21117981709
 31
0.0
  0
LINE
  5
AA5
330
1F
100
AcDbEntity
  8
ELE 1
100
AcDbLine
 10
17600.37888131288
 20
21663.2111798171
 30
0.0
 11
17600.37888131288
 21
22643.21117981709
 31
0.0
  0
LINE
  5
AA6
330
1F
100
AcDbEntity
  8
ELE 1
100
AcDbLine
 10
17580.37888131288
 20
21663.2111798171
 30
0.0
 11
17580.37888131288
 21
22643.21117981709
 31
0.0
  0
LINE
  5
AA7
330
1F
100
AcDbEntity
  8
ELE 1
100
AcDbLine
 10
17540.37888131288
 20
21663.2111798171
 30
0.0
 11
17540.37888131288
 21
22643.21117981709
 31
0.0
  0
LINE
  5
AA8
330
1F
100
AcDbEntity
  8
ELE 1
100
AcDbLine
 10
17520.37888131288
 20
21663.2111798171
 30
0.0
 11
17520.37888131288
 21
22643.21117981709
 31
0.0
  0
LINE
  5
AA9
330
1F
100
AcDbEntity
  8
ELE 1
100
AcDbLine
 10
17480.37888131288
 20
21663.2111798171
 30
0.0
 11
17480.37888131288
 21
22643.21117981709
 31
0.0
  0
LINE
  5
AAA
330
1F
100
AcDbEntity
  8
ELE 1
100
AcDbLine
 10
17460.37888131288
 20
21663.2111798171
 30
0.0
 11
17460.37888131288
 21
22643.21117981709
 31
0.0
  0
LINE
  5
AAB
330
1F
100
AcDbEntity
  8
ELE 1
100
AcDbLine
 10
17420.37888131288
 20
21663.2111798171
 30
0.0
 11
17420.37888131288
 21
22643.21117981709
 31
0.0
  0
LINE
  5
AAC
330
1F
100
AcDbEntity
  8
ELE 1
100
AcDbLine
 10
17400.37888131288
 20
21663.2111798171
 30
0.0
 11
17400.37888131288
 21
22643.21117981709
 31
0.0
  0
LINE
  5
AAD
330
1F
100
AcDbEntity
  8
ELE 1
100
AcDbLine
 10
17360.37888131288
 20
21663.2111798171
 30
0.0
 11
17360.37888131288
 21
22643.21117981709
 31
0.0
  0
LINE
  5
AAE
330
1F
100
AcDbEntity
  8
ELE 1
100
AcDbLine
 10
17340.37888131288
 20
21663.2111798171
 30
0.0
 11
17340.37888131288
 21
22643.21117981709
 31
0.0
  0
LINE
  5
AAF
330
1F
100
AcDbEntity
  8
ELE 1
100
AcDbLine
 10
17300.37888131288
 20
21663.2111798171
 30
0.0
 11
17300.37888131288
 21
22643.21117981709
 31
0.0
  0
LINE
  5
AB0
330
1F
100
AcDbEntity
  8
ELE 1
100
AcDbLine
 10
17280.37888131288
 20
21663.2111798171
 30
0.0
 11
17280.37888131288
 21
22643.21117981709
 31
0.0
  0
LINE
  5
AB1
330
1F
100
AcDbEntity
  8
ELE 1
100
AcDbLine
 10
17240.37888131288
 20
21663.2111798171
 30
0.0
 11
17240.37888131288
 21
22643.21117981709
 31
0.0
  0
LINE
  5
AB2
330
1F
100
AcDbEntity
  8
ELE 1
100
AcDbLine
 10
17220.37888131288
 20
21663.2111798171
 30
0.0
 11
17220.37888131288
 21
22643.21117981709
 31
0.0
  0
LINE
  5
AB3
330
1F
100
AcDbEntity
  8
ELE 1
100
AcDbLine
 10
17180.37888131288
 20
21663.2111798171
 30
0.0
 11
17180.37888131288
 21
22643.21117981709
 31
0.0
  0
LINE
  5
AB4
330
1F
100
AcDbEntity
  8
ELE 1
100
AcDbLine
 10
17160.37888131288
 20
21663.2111798171
 30
0.0
 11
17160.37888131288
 21
22643.21117981709
 31
0.0
  0
LINE
  5
AB5
330
1F
100
AcDbEntity
  8
ELE 1
100
AcDbLine
 10
17120.37888131288
 20
21663.2111798171
 30
0.0
 11
17120.37888131288
 21
22643.21117981709
 31
0.0
  0
LINE
  5
AB6
330
1F
100
AcDbEntity
  8
ELE 1
100
AcDbLine
 10
17100.37888131288
 20
21663.2111798171
 30
0.0
 11
17100.37888131288
 21
22643.21117981709
 31
0.0
  0
LINE
  5
AB7
330
1F
100
AcDbEntity
  8
ELE 1
100
AcDbLine
 10
17060.37888131288
 20
21663.2111798171
 30
0.0
 11
17060.37888131288
 21
22643.21117981709
 31
0.0
  0
LINE
  5
AB8
330
1F
100
AcDbEntity
  8
ELE 1
100
AcDbLine
 10
17040.37888131288
 20
21663.2111798171
 30
0.0
 11
17040.37888131288
 21
22643.21117981709
 31
0.0
  0
LINE
  5
AB9
330
1F
100
AcDbEntity
  8
ELE 1
100
AcDbLine
 10
17000.37888131288
 20
21663.2111798171
 30
0.0
 11
17000.37888131288
 21
22643.21117981709
 31
0.0
  0
LINE
  5
ABA
330
1F
100
AcDbEntity
  8
ELE 1
100
AcDbLine
 10
16980.37888131288
 20
21663.2111798171
 30
0.0
 11
16980.37888131288
 21
22643.21117981709
 31
0.0
  0
LINE
  5
ABB
330
1F
100
AcDbEntity
  8
ELE 1
100
AcDbLine
 10
16940.37888131288
 20
21663.2111798171
 30
0.0
 11
16940.37888131288
 21
22643.21117981709
 31
0.0
  0
LINE
  5
ABC
330
1F
100
AcDbEntity
  8
ELE 1
100
AcDbLine
 10
16920.37888131288
 20
21663.2111798171
 30
0.0
 11
16920.37888131288
 21
22643.21117981709
 31
0.0
  0
LINE
  5
ABD
330
1F
100
AcDbEntity
  8
ELE 1
100
AcDbLine
 10
16880.37888131288
 20
21663.2111798171
 30
0.0
 11
16880.37888131288
 21
22643.21117981709
 31
0.0
  0
LINE
  5
ABE
330
1F
100
AcDbEntity
  8
ELE 1
100
AcDbLine
 10
16860.37888131288
 20
21663.2111798171
 30
0.0
 11
16860.37888131288
 21
22643.21117981709
 31
0.0
  0
LINE
  5
ABF
330
1F
100
AcDbEntity
  8
ELE 1
100
AcDbLine
 10
16820.37888131288
 20
21663.2111798171
 30
0.0
 11
16820.37888131288
 21
22643.21117981709
 31
0.0
  0
LINE
  5
AC0
330
1F
100
AcDbEntity
  8
ELE 1
100
AcDbLine
 10
16800.37888131288
 20
21663.2111798171
 30
0.0
 11
16800.37888131288
 21
22643.21117981709
 31
0.0
  0
LINE
  5
AC1
330
1F
100
AcDbEntity
  8
ELE 1
100
AcDbLine
 10
16760.37888131288
 20
21663.2111798171
 30
0.0
 11
16760.37888131288
 21
22643.21117981709
 31
0.0
  0
LINE
  5
AC2
330
1F
100
AcDbEntity
  8
ELE 1
100
AcDbLine
 10
16740.37888131288
 20
21663.2111798171
 30
0.0
 11
16740.37888131288
 21
22643.21117981709
 31
0.0
  0
LINE
  5
AC3
330
1F
100
AcDbEntity
  8
ELE 1
100
AcDbLine
 10
16700.37888131288
 20
21663.2111798171
 30
0.0
 11
16700.37888131288
 21
22643.21117981709
 31
0.0
  0
LINE
  5
AC4
330
1F
100
AcDbEntity
  8
ELE 1
100
AcDbLine
 10
16680.37888131288
 20
21663.2111798171
 30
0.0
 11
16680.37888131288
 21
22643.21117981709
 31
0.0
  0
LINE
  5
AC5
330
1F
100
AcDbEntity
  8
ELE 1
100
AcDbLine
 10
16640.37888131288
 20
21663.2111798171
 30
0.0
 11
16640.37888131288
 21
22643.21117981709
 31
0.0
  0
LINE
  5
AC6
330
1F
100
AcDbEntity
  8
ELE 1
100
AcDbLine
 10
16620.37888131288
 20
21663.2111798171
 30
0.0
 11
16620.37888131288
 21
22643.21117981709
 31
0.0
  0
LINE
  5
AC7
330
1F
100
AcDbEntity
  8
ELE 1
100
AcDbLine
 10
16580.37888131288
 20
21663.2111798171
 30
0.0
 11
16580.37888131288
 21
22643.21117981709
 31
0.0
  0
LINE
  5
AC8
330
1F
100
AcDbEntity
  8
ELE 1
100
AcDbLine
 10
16560.37888131288
 20
21663.2111798171
 30
0.0
 11
16560.37888131288
 21
22643.21117981709
 31
0.0
  0
LINE
  5
AC9
330
1F
100
AcDbEntity
  8
ELE 1
100
AcDbLine
 10
16520.37888131288
 20
24663.21117981709
 30
0.0
 11
17720.37888131288
 21
24663.21117981709
 31
0.0
  0
LINE
  5
ACA
330
1F
100
AcDbEntity
  8
ELE 1
100
AcDbLine
 10
17720.37888131288
 20
24663.21117981709
 30
0.0
 11
17720.37888131288
 21
24513.21117981708
 31
0.0
  0
LINE
  5
ACB
330
1F
100
AcDbEntity
  8
ELE 1
100
AcDbLine
 10
17720.37888131288
 20
24513.21117981708
 30
0.0
 11
16520.37888131288
 21
24513.21117981708
 31
0.0
  0
LWPOLYLINE
  5
ACC
330
1F
100
AcDbEntity
  8
ELE 1
100
AcDbPolyline
 90
        4
 70
     0
 43
0.0
 10
10610.37888131286
 20
21663.2111798171
 10
10610.37888131286
 20
23763.2111798171
 10
11608.54316097057
 20
23763.2111798171
 10
11608.54316097057
 20
21663.2111798171
  0
LWPOLYLINE
  5
ACD
330
1F
100
AcDbEntity
  8
ELE 1
100
AcDbPolyline
 90
        4
 70
     0
 43
0.0
 10
10630.37888131286
 20
21663.2111798171
 10
10630.37888131286
 20
23743.21117981708
 10
11588.54316097057
 20
23743.21117981708
 10
11588.54316097057
 20
21663.2111798171
  0
LWPOLYLINE
  5
ACE
330
1F
100
AcDbEntity
  8
ELE 1
100
AcDbPolyline
 90
        4
 70
     0
 43
0.0
 10
10610.37888131291
 20
18663.21117981709
 10
10610.37888131291
 20
20763.2111798171
 10
12160.37888131289
 20
20763.2111798171
 10
12160.37888131289
 20
18663.21117981709
  0
LWPOLYLINE
  5
ACF
330
1F
100
AcDbEntity
  8
ELE 1
100
AcDbPolyline
 90
        4
 70
     0
 43
0.0
 10
10630.37888131291
 20
18663.21117981709
 10
10630.37888131291
 20
20743.21117981708
 10
12140.37888131289
 20
20743.21117981708
 10
12140.37888131289
 20
18663.21117981709
  0
LWPOLYLINE
  5
AD0
330
1F
100
AcDbEntity
  8
ELE 1
100
AcDbPolyline
 90
        2
 70
     0
 43
0.0
 10
4350.378881312892
 20
18663.21117981709
 10
4350.378881312892
 20
19252.18864240958
  0
LWPOLYLINE
  5
AD1
330
1F
100
AcDbEntity
  8
ELE 1
100
AcDbPolyline
 90
        4
 70
     0
 43
0.0
 10
4350.378881312892
 20
19712.14494081915
 10
4350.378881312892
 20
20763.2111798171
 10
5350.378881312892
 20
20763.2111798171
 10
5350.378881312884
 20
18663.21117981709
  0
LWPOLYLINE
  5
AD2
330
1F
100
AcDbEntity
  8
ELE 1
100
AcDbPolyline
 90
        2
 70
     0
 43
0.0
 10
4370.378881312892
 20
18663.21117981709
 10
4370.378881312892
 20
19469.22075861056
  0
LWPOLYLINE
  5
AD3
330
1F
100
AcDbEntity
  8
ELE 1
100
AcDbPolyline
 90
        4
 70
     0
 43
0.0
 10
4370.378881312892
 20
19712.14494081915
 10
4370.378881312892
 20
20743.21117981708
 10
5330.378881312892
 20
20743.21117981708
 10
5330.378881312885
 20
18663.21117981709
  0
LINE
  5
AD4
330
1F
100
AcDbEntity
  8
ABOVE-DOTTED
100
AcDbLine
 10
10630.37888131286
 20
23743.21117981708
 30
0.0
 11
11588.54316097057
 21
22703.2111798171
 31
0.0
  0
LINE
  5
AD5
330
1F
100
AcDbEntity
  8
ABOVE-DOTTED
100
AcDbLine
 10
11588.54316097057
 20
22703.2111798171
 30
0.0
 11
10630.37888131286
 21
21663.2111798171
 31
0.0
  0
LINE
  5
AD6
330
1F
100
AcDbEntity
  8
ABOVE-DOTTED
100
AcDbLine
 10
10630.37888131291
 20
20743.21117981708
 30
0.0
 11
11385.37888131289
 21
19703.21117981709
 31
0.0
  0
LINE
  5
AD7
330
1F
100
AcDbEntity
  8
ABOVE-DOTTED
100
AcDbLine
 10
11385.37888131289
 20
19703.21117981709
 30
0.0
 11
10630.37888131291
 21
18663.21117981709
 31
0.0
  0
LINE
  5
AD8
330
1F
100
AcDbEntity
  8
ABOVE-DOTTED
100
AcDbLine
 10
12140.37888131288
 20
20743.21117981708
 30
0.0
 11
11385.37888131289
 21
19703.21117981709
 31
0.0
  0
LINE
  5
AD9
330
1F
100
AcDbEntity
  8
ABOVE-DOTTED
100
AcDbLine
 10
11385.37888131289
 20
19703.21117981709
 30
0.0
 11
12140.37888131288
 21
18663.21117981709
 31
0.0
  0
LINE
  5
ADA
330
1F
100
AcDbEntity
  8
ABOVE-DOTTED
100
AcDbLine
 10
11385.37888131289
 20
18663.21117981709
 30
0.0
 11
11385.37888131289
 21
20743.21117981708
 31
0.0
  0
LWPOLYLINE
  5
ADB
330
1F
100
AcDbEntity
  8
ELE 1
100
AcDbPolyline
 90
        4
 70
     0
 43
0.0
 10
12590.37888131289
 20
18663.21117981709
 10
12590.37888131289
 20
20763.2111798171
 10
13590.37888131291
 20
20763.2111798171
 10
13590.37888131291
 20
18663.21117981709
  0
LWPOLYLINE
  5
ADC
330
1F
100
AcDbEntity
  8
ELE 1
100
AcDbPolyline
 90
        4
 70
     0
 43
0.0
 10
12610.37888131289
 20
18663.21117981709
 10
12610.37888131289
 20
20743.21117981708
 10
13570.37888131291
 20
20743.21117981708
 10
13570.37888131291
 20
18663.21117981709
  0
LWPOLYLINE
  5
ADD
330
1F
100
AcDbEntity
  8
wall
100
AcDbPolyline
 90
        6
 70
     0
 43
0.0
 10
6880.378881312893
 20
18663.21117981709
 10
3880.378881312856
 20
18663.21117981709
 10
3880.378881312856
 20
18463.21117981708
 10
2680.3788813129
 20
18463.21117981708
 10
2680.3788813129
 20
18663.21117981709
 10
1220.378881312907
 20
18663.21117981709
  0
LWPOLYLINE
  5
ADE
330
1F
100
AcDbEntity
  8
wall
100
AcDbPolyline
 90
        6
 70
     0
 43
0.0
 10
6880.378881312893
 20
18513.21117981708
 10
4030.378881312856
 20
18513.21117981708
 10
4030.378881312856
 20
18313.21117981709
 10
2530.3788813129
 20
18313.21117981709
 10
2530.3788813129
 20
18513.21117981708
 10
1220.378881312907
 20
18513.21117981708
  0
LINE
  5
ADF
330
1F
100
AcDbEntity
  8
ELE 1
100
AcDbLine
 10
2680.3788813129
 20
18663.21117981709
 30
0.0
 11
3880.378881312863
 21
18663.21117981709
 31
0.0
  0
LINE
  5
AE0
330
1F
100
AcDbEntity
  8
FURN
100
AcDbLine
 10
4317.062600243821
 20
19286.80218111367
 30
0.0
 11
4317.062600243821
 21
19474.13630264513
 31
0.0
  0
LINE
  5
AE1
330
1F
100
AcDbEntity
  8
FURN
100
AcDbLine
 10
4358.045907457344
 20
19286.80218111367
 30
0.0
 11
4358.045907457344
 21
19469.69366160807
 31
0.0
  0
LINE
  5
AE2
330
1F
100
AcDbEntity
  8
FURN
100
AcDbLine
 10
4110.378881312892
 20
19367.32715123139
 30
0.0
 11
4110.378881312892
 21
19326.34384401995
 31
0.0
  0
ARC
  5
AE3
330
1F
100
AcDbEntity
  8
FURN
100
AcDbCircle
 10
4276.079293033093
 20
19286.80218111367
 30
0.0
 40
40.98330721132811
100
AcDbArc
 50
180.0
 51
0.0
  0
ARC
  5
AE4
330
1F
100
AcDbEntity
  8
FURN
100
AcDbCircle
 10
4276.079293033559
 20
19286.80218111367
 30
0.0
 40
81.96661442378536
100
AcDbArc
 50
180.0
 51
0.0
  0
LINE
  5
AE5
330
1F
100
AcDbEntity
  8
FURN
100
AcDbLine
 10
4194.112678609775
 20
19286.80218111367
 30
0.0
 11
4194.112678609775
 21
19318.1471825778
 31
0.0
  0
ARC
  5
AE6
330
1F
100
AcDbEntity
  8
FURN
100
AcDbCircle
 10
4185.916017168362
 20
19318.14718257855
 30
0.0
 40
8.196661441412286
100
AcDbArc
 50
359.9999999949974
 51
89.99999999458053
  0
LINE
  5
AE7
330
1F
100
AcDbEntity
  8
FURN
100
AcDbLine
 10
4185.916017169119
 20
19326.34384401995
 30
0.0
 11
4110.378881312892
 21
19326.34384401995
 31
0.0
  0
LINE
  5
AE8
330
1F
100
AcDbEntity
  8
FURN
100
AcDbLine
 10
4235.095985822365
 20
19286.80218111367
 30
0.0
 11
4235.095985822365
 21
19340.00494642384
 31
0.0
  0
ARC
  5
AE9
330
1F
100
AcDbEntity
  8
FURN
100
AcDbCircle
 10
4207.773781014708
 20
19340.00494642374
 30
0.0
 40
27.32220480765682
100
AcDbArc
 50
0.0
 51
90.0
  0
LINE
  5
AEA
330
1F
100
AcDbEntity
  8
FURN
100
AcDbLine
 10
4207.773781014592
 20
19367.32715123139
 30
0.0
 11
4110.378881312892
 21
19367.32715123139
 31
0.0
  0
ARC
  5
AEB
330
1F
100
AcDbEntity
  8
FURN
100
AcDbCircle
 10
4320.38260347581
 20
19795.067915184
 30
0.0
 40
280.6891613860013
100
AcDbArc
 50
237.2152534574113
 51
324.0240570808549
  0
LINE
  5
AEC
330
1F
100
AcDbEntity
  8
FURN
100
AcDbLine
 10
4602.178567849085
 20
19712.14494081915
 30
0.0
 11
4110.378881312892
 21
19712.14494081915
 31
0.0
  0
LINE
  5
AED
330
1F
100
AcDbEntity
  8
FURN
100
AcDbLine
 10
4547.534158234469
 20
19630.17832639654
 30
0.0
 11
4110.378881312892
 21
19548.21171197369
 31
0.0
  0
LINE
  5
AEE
330
1F
100
AcDbEntity
  8
FURN
100
AcDbLine
 10
4110.378881312892
 20
19712.14494081915
 30
0.0
 11
4110.378881312892
 21
19548.21171197369
 31
0.0
  0
LINE
  5
AEF
330
1F
100
AcDbEntity
  8
FURN
100
AcDbLine
 10
4276.678814363651
 20
19750.56339745787
 30
0.0
 11
4208.344630586901
 21
19738.36947814263
 31
0.0
  0
LINE
  5
AF0
330
1F
100
AcDbEntity
  8
FURN
100
AcDbLine
 10
4208.344630586901
 20
19772.41485928446
 30
0.0
 11
4276.678814363651
 21
19780.60915746963
 31
0.0
  0
ARC
  5
AF1
330
1F
100
AcDbEntity
  8
FURN
100
AcDbCircle
 10
4378.94921276158
 20
19853.78295299112
 30
0.0
 40
384.6576814882615
100
AcDbArc
 50
231.3213018968706
 51
271.0210143057821
  0
LINE
  5
AF2
330
1F
100
AcDbEntity
  8
FURN
100
AcDbLine
 10
4156.253161918357
 20
19712.14494081915
 30
0.0
 11
4178.277735378578
 21
19813.38635020963
 31
0.0
  0
LINE
  5
AF3
330
1F
100
AcDbEntity
  8
FURN
100
AcDbLine
 10
4208.344630586901
 20
19813.38635020963
 30
0.0
 11
4208.344630586901
 21
19712.14494081915
 31
0.0
  0
LINE
  5
AF4
330
1F
100
AcDbEntity
  8
FURN
100
AcDbLine
 10
4178.277735378578
 20
19813.38635020963
 30
0.0
 11
4208.344630586901
 21
19813.38635020963
 31
0.0
  0
LINE
  5
AF5
330
1F
100
AcDbEntity
  8
FURN
100
AcDbLine
 10
4276.678814363651
 20
19780.60915746963
 30
0.0
 11
4276.678814363651
 21
19750.56339745787
 31
0.0
  0
LINE
  5
AF6
330
1F
100
AcDbEntity
  8
FURN
100
AcDbLine
 10
4385.803473466061
 20
19518.24993476648
 30
0.0
 11
4385.803473466061
 21
19469.18634479241
 31
0.0
  0
LINE
  5
AF7
330
1F
100
AcDbEntity
  8
FURN
100
AcDbLine
 10
4602.178567849085
 20
19630.17832639654
 30
0.0
 11
4547.534158234469
 21
19630.17832639654
 31
0.0
  0
LINE
  5
AF8
330
1F
100
AcDbEntity
  8
FURN
100
AcDbLine
 10
4547.534158234469
 20
19712.14494081915
 30
0.0
 11
4547.534158234469
 21
19630.17832639654
 31
0.0
  0
LINE
  5
AF9
330
1F
100
AcDbEntity
  8
FURN
100
AcDbLine
 10
4602.178567849085
 20
19712.14494081915
 30
0.0
 11
4602.178567849085
 21
19630.17832639654
 31
0.0
  0
LINE
  5
AFC
330
1F
100
AcDbEntity
  8
SILL
100
AcDbLine
 10
6880.378881312893
 20
21663.2111798171
 30
0.0
 11
10280.37888131288
 21
21663.2111798171
 31
0.0
  0
LINE
  5
AFD
330
1F
100
AcDbEntity
  8
ELE 1
100
AcDbLine
 10
10280.37888131288
 20
24663.21117981709
 30
0.0
 11
5450.378881312856
 21
24663.21117981709
 31
0.0
  0
LINE
  5
AFE
330
1F
100
AcDbEntity
  8
ABOVE-DOTTED
100
AcDbLine
 10
2450.3788813129
 20
18663.21117981709
 30
0.0
 11
1450.378881312906
 21
21663.2111798171
 31
0.0
  0
LINE
  5
AFF
330
1F
100
AcDbEntity
  8
ABOVE-DOTTED
100
AcDbLine
 10
1450.378881312906
 20
18663.21117981709
 30
0.0
 11
2450.3788813129
 21
21663.2111798171
 31
0.0
  0
LWPOLYLINE
  5
B00
330
1F
100
AcDbEntity
  8
ELE 1
100
AcDbPolyline
 90
        4
 70
     1
 43
0.0
 10
1220.378881312877
 20
21663.2111798171
 10
1070.378881312877
 20
21663.2111798171
 10
1070.378881312877
 20
21513.21117981708
 10
1220.378881312877
 20
21513.21117981708
  0
ENDSEC
  0
SECTION
  2
OBJECTS
  0
DICTIONARY
  5
C
330
0
100
AcDbDictionary
281
     1
  3
ACAD_CIP_PREVIOUS_PRODUCT_INFO
350
1A5
  3
ACAD_COLOR
350
73
  3
ACAD_DETAILVIEWSTYLE
350
1AB
  3
ACAD_GROUP
350
D
  3
ACAD_LAST_SAVED_VERSION_INFO
350
B08
  3
ACAD_LAYOUT
350
1A
  3
ACAD_MATERIAL
350
72
  3
ACAD_MLEADERSTYLE
350
D7
  3
ACAD_MLINESTYLE
350
17
  3
ACAD_PLOTSETTINGS
350
19
  3
ACAD_PLOTSTYLENAME
350
E
  3
ACAD_SCALELIST
350
B6
  3
ACAD_SECTIONVIEWSTYLE
350
1A8
  3
ACAD_TABLESTYLE
350
86
  3
ACAD_VISUALSTYLE
350
99
  3
ACDB_RECOMPOSE_DATA
350
B0A
  3
AcDbVariableDictionary
350
66
  0
DICTIONARY
  5
18E
330
2
100
AcDbDictionary
280
     1
281
     1
  3
ACAD_LAYERSTATES
360
18F
  0
DICTIONARY
  5
E6
330
10
100
AcDbDictionary
280
     1
281
     1
  0
DICTIONARY
  5
256
330
255
100
AcDbDictionary
280
     1
281
     1
  0
DICTIONARY
  5
259
330
258
100
AcDbDictionary
280
     1
281
     1
  0
DICTIONARY
  5
888
330
887
100
AcDbDictionary
280
     1
281
     1
  0
DICTIONARY
  5
15D
330
1F
100
AcDbDictionary
280
     1
281
     1
  0
DICTIONARY
  5
80B
330
629
100
AcDbDictionary
280
     1
281
     1
  3
ACAD_SORTENTS
360
80C
  0
XRECORD
  5
1A5
102
{ACAD_REACTORS
330
C
102
}
330
C
100
AcDbXrecord
280
     1
300
ACD
300
2025
300

  0
DICTIONARY
  5
73
102
{ACAD_REACTORS
330
C
102
}
330
C
100
AcDbDictionary
281
     1
  0
DICTIONARY
  5
1AB
102
{ACAD_REACTORS
330
C
102
}
330
C
100
AcDbDictionary
281
     1
  3
Imperial24
350
1AC
  3
Metric50
350
25F
  0
DICTIONARY
  5
D
102
{ACAD_REACTORS
330
C
102
}
330
C
100
AcDbDictionary
281
     1
  0
XRECORD
  5
B08
102
{ACAD_REACTORS
330
C
102
}
330
C
100
AcDbXrecord
280
     1
300
{EEAD58C8-F70A-6248-92FC-305B88E4DDD0}
301
{0CC008F1-93CE-6E4F-9B34-DB7F0723C50B}
302
{EEAD58C8-F70A-6248-92FC-305B88E4DDD0}
303
C:\Users\Sakshi\Desktop\shriya_final\bungalow-new-plan-2.dxf
  0
DICTIONARY
  5
1A
102
{ACAD_REACTORS
330
C
102
}
330
C
100
AcDbDictionary
281
     1
  3
Layout1
350
59
  3
Layout2
350
5E
  3
Model
350
22
  0
DICTIONARY
  5
72
102
{ACAD_REACTORS
330
C
102
}
330
C
100
AcDbDictionary
281
     1
  3
ByBlock
350
97
  3
ByLayer
350
96
  3
Global
350
98
  0
DICTIONARY
  5
D7
102
{ACAD_REACTORS
330
C
102
}
330
C
100
AcDbDictionary
281
     1
  3
Annotative
350
E5
  3
Standard
350
D8
  0
DICTIONARY
  5
17
102
{ACAD_REACTORS
330
C
102
}
330
C
100
AcDbDictionary
281
     1
  3
Standard
350
18
  0
DICTIONARY
  5
19
102
{ACAD_REACTORS
330
C
102
}
330
C
100
AcDbDictionary
281
     1
  0
ACDBDICTIONARYWDFLT
  5
E
102
{ACAD_REACTORS
330
C
102
}
330
C
100
AcDbDictionary
281
     1
  3
Normal
350
F
100
AcDbDictionaryWithDefault
340
F
  0
DICTIONARY
  5
B6
102
{ACAD_REACTORS
330
C
102
}
330
C
100
AcDbDictionary
281
     1
  3
A0
350
B7
  3
A1
350
124
  3
A2
350
125
  3
A3
350
126
  3
A4
350
127
  3
A5
350
128
  3
A6
350
129
  3
A7
350
12A
  3
A8
350
12B
  3
A9
350
12C
  3
B0
350
12D
  3
B1
350
12E
  3
B2
350
12F
  3
B3
350
130
  3
B4
350
131
  3
B5
350
132
  3
B6
350
133
  3
B7
350
134
  3
B8
350
135
  3
B9
350
136
  3
C0
350
137
  3
C1
350
138
  3
C2
350
139
  3
C3
350
13A
  3
C4
350
13B
  3
C5
350
13C
  3
C6
350
13D
  3
C7
350
13E
  3
C8
350
13F
  3
C9
350
140
  3
D0
350
141
  3
D1
350
142
  3
D2
350
143
  0
DICTIONARY
  5
1A8
102
{ACAD_REACTORS
330
C
102
}
330
C
100
AcDbDictionary
281
     1
  3
Imperial24
350
1AA
  3
Metric50
350
25E
  0
DICTIONARY
  5
86
102
{ACAD_REACTORS
330
C
102
}
330
C
100
AcDbDictionary
281
     1
  3
Standard
350
87
  0
DICTIONARY
  5
99
102
{ACAD_REACTORS
330
C
102
}
330
C
100
AcDbDictionary
281
     1
  3
2dWireframe
350
9F
  3
Basic
350
9E
  3
Brighten
350
A5
  3
ColorChange
350
A9
  3
Conceptual
350
A2
  3
Dim
350
A4
  3
EdgeColorOff
350
175
  3
Facepattern
350
A8
  3
Flat
350
9A
  3
FlatWithEdges
350
9B
  3
Gouraud
350
9C
  3
GouraudWithEdges
350
9D
  3
Hidden
350
A1
  3
JitterOff
350
173
  3
Linepattern
350
A7
  3
OverhangOff
350
174
  3
Realistic
350
A3
  3
Shaded
350
182
  3
Shaded with edges
350
181
  3
Shades of Gray
350
17E
  3
Sketchy
350
17F
  3
Thicken
350
A6
  3
Wireframe
350
A0
  3
X-Ray
350
180
  0
XRECORD
  5
B0A
102
{ACAD_REACTORS
330
C
102
}
330
C
100
AcDbXrecord
280
     1
 90
        1
330
87
  0
DICTIONARY
  5
66
102
{ACAD_REACTORS
330
C
102
}
330
C
100
AcDbDictionary
281
     1
  3
CANNOSCALE
350
F0
  3
CMLEADERSTYLE
350
EF
  3
CTABLESTYLE
350
89
  3
CVIEWDETAILSTYLE
350
1B7
  3
CVIEWSECTIONSTYLE
350
1B8
  3
DIMASSOC
350
67
  3
HIDETEXT
350
6B
  3
LAYEREVAL
350
14D
  3
LAYERNOTIFY
350
14E
  0
DICTIONARY
  5
18F
102
{ACAD_REACTORS
330
18E
102
}
330
18E
100
AcDbDictionary
281
     1
  0
SORTENTSTABLE
  5
80C
102
{ACAD_REACTORS
330
80B
102
}
330
80B
100
AcDbSortentsTable
330
629
  0
ACDBDETAILVIEWSTYLE
  5
1AC
102
{ACAD_REACTORS
330
1AB
102
}
330
1AB
100
AcDbModelDocViewStyle
 70
     0
  3
Imperial24
290
     0
300
Imperial24
 90
        0
100
AcDbDetailViewStyle
 70
     0
 71
     0
 90
        3
 71
     1
340
11
 62
   256
 40
0.24
340
0
 62
   256
 40
0.24
300

 40
0.36
280
     3
 71
     2
340
16
 90
       25
 62
   256
 71
     3
340
11
 62
   256
 40
0.24
 90
        1
 40
0.75
 90
        1
300
%<\AcVar ViewType \f "%tc1">% %<\AcVar ViewDetailId>%\PSCALE %<\AcVar ViewScale \f "%sn">%
 71
     4
340
16
 90
       25
 62
   256
340
16
 90
       25
 62
   256
280
     0
  0
ACDBDETAILVIEWSTYLE
  5
25F
102
{ACAD_REACTORS
330
1AB
102
}
330
1AB
100
AcDbModelDocViewStyle
 70
     0
  3
Metric50
290
     0
300
Metric50
 90
        0
100
AcDbDetailViewStyle
 70
     0
 71
     0
 90
        3
 71
     1
340
11
 62
   256
 40
5.0
340
0
 62
   256
 40
5.0
300

 40
0.0
280
     1
 71
     2
340
16
 90
       25
 62
   256
 71
     3
340
11
 62
   256
 40
5.0
 90
        0
 40
15.0
 90
        1
300
%<\AcVar ViewDetailId>% (%<\AcVar ViewScale \f "%sn">%)
 71
     4
340
16
 90
       25
 62
   256
340
16
 90
       25
 62
   256
280
     0
  0
LAYOUT
  5
59
102
{ACAD_REACTORS
330
1A
102
}
330
1A
100
AcDbPlotSettings
  1

  2
None
  4

  6

 40
0.0
 41
0.0
 42
0.0
 43
0.0
 44
0.0
 45
0.0
 46
0.0
 47
0.0
 48
0.0
 49
0.0
140
0.0
141
0.0
142
1.0
143
1.0
 70
   688
 72
     0
 73
     0
 74
     5
  7

 75
    16
147
1.0
 76
     0
 77
     2
 78
   300
148
0.0
149
0.0
100
AcDbLayout
  1
Layout1
 70
     1
 71
     1
 10
0.0
 20
0.0
 11
12.0
 21
9.0
 12
0.0
 22
0.0
 32
0.0
 14
0.0
 24
0.0
 34
0.0
 15
0.0
 25
0.0
 35
0.0
146
0.0
 13
0.0
 23
0.0
 33
0.0
 16
1.0
 26
0.0
 36
0.0
 17
0.0
 27
1.0
 37
0.0
 76
     0
330
58
  0
LAYOUT
  5
5E
102
{ACAD_REACTORS
330
1A
102
}
330
1A
100
AcDbPlotSettings
  1

  2
None
  4

  6

 40
0.0
 41
0.0
 42
0.0
 43
0.0
 44
0.0
 45
0.0
 46
0.0
 47
0.0
 48
0.0
 49
0.0
140
0.0
141
0.0
142
1.0
143
1.0
 70
   688
 72
     0
 73
     0
 74
     5
  7

 75
    16
147
1.0
 76
     0
 77
     2
 78
   300
148
0.0
149
0.0
100
AcDbLayout
  1
Layout2
 70
     1
 71
     2
 10
0.0
 20
0.0
 11
12.0
 21
9.0
 12
0.0
 22
0.0
 32
0.0
 14
0.0
 24
0.0
 34
0.0
 15
0.0
 25
0.0
 35
0.0
146
0.0
 13
0.0
 23
0.0
 33
0.0
 16
1.0
 26
0.0
 36
0.0
 17
0.0
 27
1.0
 37
0.0
 76
     0
330
5D
  0
LAYOUT
  5
22
102
{ACAD_XDICTIONARY
360
194
102
}
102
{ACAD_REACTORS
330
1A
102
}
330
1A
100
AcDbPlotSettings
  1

  2
none_device
  4
ANSI_A_(8.50_x_11.00_Inches)
  6

 40
6.349999904632568
 41
19.04999923706055
 42
6.350006103515625
 43
19.04998779296875
 44
215.8999938964844
 45
279.3999938964844
 46
0.0
 47
0.0
 48
0.0
 49
0.0
140
0.0
141
0.0
142
1.0
143
2.584895464708373
 70
 11952
 72
     0
 73
     1
 74
     0
  7

 75
     0
147
0.3868628397755418
 76
     0
 77
     2
 78
   300
148
0.0
149
0.0
100
AcDbLayout
  1
Model
 70
     1
 71
     0
 10
0.0
 20
0.0
 11
12.0
 21
9.0
 12
0.0
 22
0.0
 32
0.0
 14
0.0
 24
0.0
 34
0.0
 15
0.0
 25
0.0
 35
0.0
146
0.0
 13
0.0
 23
0.0
 33
0.0
 16
1.0
 26
0.0
 36
0.0
 17
0.0
 27
1.0
 37
0.0
 76
     0
330
1F
331
94
  0
MATERIAL
  5
97
102
{ACAD_XDICTIONARY
360
188
102
}
102
{ACAD_REACTORS
330
72
102
}
330
72
100
AcDbMaterial
  1
ByBlock
 94
       63
  0
MATERIAL
  5
96
102
{ACAD_XDICTIONARY
360
186
102
}
102
{ACAD_REACTORS
330
72
102
}
330
72
100
AcDbMaterial
  1
ByLayer
 94
       63
  0
MATERIAL
  5
98
102
{ACAD_XDICTIONARY
360
110
102
}
102
{ACAD_REACTORS
330
72
102
}
330
72
100
AcDbMaterial
  1
Global
 43
0.0208000000566244
 43
0.0
 43
0.0
 43
0.0
 43
0.0
 43
0.0208000000566244
 43
0.0
 43
0.0
 43
0.0
 43
0.0
 43
1.0
 43
0.0
 43
0.0
 43
0.0
 43
0.0
 43
1.0
 49
0.0208000000566244
 49
0.0
 49
0.0
 49
0.0
 49
0.0
 49
0.0208000000566244
 49
0.0
 49
0.0
 49
0.0
 49
0.0
 49
1.0
 49
0.0
 49
0.0
 49
0.0
 49
0.0
 49
1.0
142
0.0208000000566244
142
0.0
142
0.0
142
0.0
142
0.0
142
0.0208000000566244
142
0.0
142
0.0
142
0.0
142
0.0
142
1.0
142
0.0
142
0.0
142
0.0
142
0.0
142
1.0
144
0.0208000000566244
144
0.0
144
0.0
144
0.0
144
0.0
144
0.0208000000566244
144
0.0
144
0.0
144
0.0
144
0.0
144
1.0
144
0.0
144
0.0
144
0.0
144
0.0
144
1.0
 94
       63
1001
ACAD
1070
    -1
1070
     3
1070
     0
1000

1071
        0
1070
     0
  0
MLEADERSTYLE
  5
E5
102
{ACAD_REACTORS
330
D7
102
}
330
D7
100
AcDbMLeaderStyle
179
     2
170
     2
171
     1
172
     0
 90
        2
 40
0.0
 41
0.0
173
     1
 91
-1056964608
340
14
 92
       -2
290
     1
 42
0.09
291
     1
 43
0.36
  3
Standard
 44
0.18
300

342
11
174
     1
178
     1
175
     1
176
     0
 93
-1056964608
 45
0.18
292
     0
297
     0
 46
0.18
 94
-1056964608
 47
1.0
 49
1.0
140
1.0
293
     1
141
0.0
294
     1
177
     0
142
1.0
295
     0
296
     1
143
0.125
271
     0
272
     9
273
     9
298
     0
  0
MLEADERSTYLE
  5
D8
102
{ACAD_REACTORS
330
D7
102
}
330
D7
100
AcDbMLeaderStyle
179
     2
170
     2
171
     1
172
     0
 90
        2
 40
0.0
 41
0.0
173
     1
 91
-1056964608
340
14
 92
       -2
290
     1
 42
0.09
291
     1
 43
0.36
  3
Standard
 44
0.18
300

342
11
174
     1
178
     1
175
     1
176
     0
 93
-1056964608
 45
0.18
292
     0
297
     0
 46
0.18
 94
-1056964608
 47
1.0
 49
1.0
140
1.0
293
     1
141
0.0
294
     1
177
     0
142
1.0
295
     0
296
     0
143
0.125
271
     0
272
     9
273
     9
298
     0
  0
MLINESTYLE
  5
18
102
{ACAD_REACTORS
330
17
102
}
330
17
100
AcDbMlineStyle
  2
STANDARD
 70
     0
  3

 62
   256
 51
90.0
 52
90.0
 71
     2
 49
0.5
 62
   256
  6
BYLAYER
 49
-0.5
 62
   256
  6
BYLAYER
  0
ACDBPLACEHOLDER
  5
F
102
{ACAD_REACTORS
330
E
102
}
330
E
  0
SCALE
  5
B7
102
{ACAD_REACTORS
330
B6
102
}
330
B6
100
AcDbScale
 70
     0
300
1:1
140
1.0
141
1.0
290
     1
  0
SCALE
  5
124
102
{ACAD_REACTORS
330
B6
102
}
330
B6
100
AcDbScale
 70
     0
300
1:2
140
1.0
141
2.0
290
     0
  0
SCALE
  5
125
102
{ACAD_REACTORS
330
B6
102
}
330
B6
100
AcDbScale
 70
     0
300
1:4
140
1.0
141
4.0
290
     0
  0
SCALE
  5
126
102
{ACAD_REACTORS
330
B6
102
}
330
B6
100
AcDbScale
 70
     0
300
1:5
140
1.0
141
5.0
290
     0
  0
SCALE
  5
127
102
{ACAD_REACTORS
330
B6
102
}
330
B6
100
AcDbScale
 70
     0
300
1:8
140
1.0
141
8.0
290
     0
  0
SCALE
  5
128
102
{ACAD_REACTORS
330
B6
102
}
330
B6
100
AcDbScale
 70
     0
300
1:10
140
1.0
141
10.0
290
     0
  0
SCALE
  5
129
102
{ACAD_REACTORS
330
B6
102
}
330
B6
100
AcDbScale
 70
     0
300
1:16
140
1.0
141
16.0
290
     0
  0
SCALE
  5
12A
102
{ACAD_REACTORS
330
B6
102
}
330
B6
100
AcDbScale
 70
     0
300
1:20
140
1.0
141
20.0
290
     0
  0
SCALE
  5
12B
102
{ACAD_REACTORS
330
B6
102
}
330
B6
100
AcDbScale
 70
     0
300
1:30
140
1.0
141
30.0
290
     0
  0
SCALE
  5
12C
102
{ACAD_REACTORS
330
B6
102
}
330
B6
100
AcDbScale
 70
     0
300
1:40
140
1.0
141
40.0
290
     0
  0
SCALE
  5
12D
102
{ACAD_REACTORS
330
B6
102
}
330
B6
100
AcDbScale
 70
     0
300
1:50
140
1.0
141
50.0
290
     0
  0
SCALE
  5
12E
102
{ACAD_REACTORS
330
B6
102
}
330
B6
100
AcDbScale
 70
     0
300
1:100
140
1.0
141
100.0
290
     0
  0
SCALE
  5
12F
102
{ACAD_REACTORS
330
B6
102
}
330
B6
100
AcDbScale
 70
     0
300
2:1
140
2.0
141
1.0
290
     0
  0
SCALE
  5
130
102
{ACAD_REACTORS
330
B6
102
}
330
B6
100
AcDbScale
 70
     0
300
4:1
140
4.0
141
1.0
290
     0
  0
SCALE
  5
131
102
{ACAD_REACTORS
330
B6
102
}
330
B6
100
AcDbScale
 70
     0
300
8:1
140
8.0
141
1.0
290
     0
  0
SCALE
  5
132
102
{ACAD_REACTORS
330
B6
102
}
330
B6
100
AcDbScale
 70
     0
300
10:1
140
10.0
141
1.0
290
     0
  0
SCALE
  5
133
102
{ACAD_REACTORS
330
B6
102
}
330
B6
100
AcDbScale
 70
     0
300
100:1
140
100.0
141
1.0
290
     0
  0
SCALE
  5
134
102
{ACAD_REACTORS
330
B6
102
}
330
B6
100
AcDbScale
 70
     0
300
1/128" = 1'-0"
140
0.0078125
141
12.0
290
     0
  0
SCALE
  5
135
102
{ACAD_REACTORS
330
B6
102
}
330
B6
100
AcDbScale
 70
     0
300
1/64" = 1'-0"
140
0.015625
141
12.0
290
     0
  0
SCALE
  5
136
102
{ACAD_REACTORS
330
B6
102
}
330
B6
100
AcDbScale
 70
     0
300
1/32" = 1'-0"
140
0.03125
141
12.0
290
     0
  0
SCALE
  5
137
102
{ACAD_REACTORS
330
B6
102
}
330
B6
100
AcDbScale
 70
     0
300
1/16" = 1'-0"
140
0.0625
141
12.0
290
     0
  0
SCALE
  5
138
102
{ACAD_REACTORS
330
B6
102
}
330
B6
100
AcDbScale
 70
     0
300
3/32" = 1'-0"
140
0.09375
141
12.0
290
     0
  0
SCALE
  5
139
102
{ACAD_REACTORS
330
B6
102
}
330
B6
100
AcDbScale
 70
     0
300
1/8" = 1'-0"
140
0.125
141
12.0
290
     0
  0
SCALE
  5
13A
102
{ACAD_REACTORS
330
B6
102
}
330
B6
100
AcDbScale
 70
     0
300
3/16" = 1'-0"
140
0.1875
141
12.0
290
     0
  0
SCALE
  5
13B
102
{ACAD_REACTORS
330
B6
102
}
330
B6
100
AcDbScale
 70
     0
300
1/4" = 1'-0"
140
0.25
141
12.0
290
     0
  0
SCALE
  5
13C
102
{ACAD_REACTORS
330
B6
102
}
330
B6
100
AcDbScale
 70
     0
300
3/8" = 1'-0"
140
0.375
141
12.0
290
     0
  0
SCALE
  5
13D
102
{ACAD_REACTORS
330
B6
102
}
330
B6
100
AcDbScale
 70
     0
300
1/2" = 1'-0"
140
0.5
141
12.0
290
     0
  0
SCALE
  5
13E
102
{ACAD_REACTORS
330
B6
102
}
330
B6
100
AcDbScale
 70
     0
300
3/4" = 1'-0"
140
0.75
141
12.0
290
     0
  0
SCALE
  5
13F
102
{ACAD_REACTORS
330
B6
102
}
330
B6
100
AcDbScale
 70
     0
300
1" = 1'-0"
140
1.0
141
12.0
290
     0
  0
SCALE
  5
140
102
{ACAD_REACTORS
330
B6
102
}
330
B6
100
AcDbScale
 70
     0
300
1-1/2" = 1'-0"
140
1.5
141
12.0
290
     0
  0
SCALE
  5
141
102
{ACAD_REACTORS
330
B6
102
}
330
B6
100
AcDbScale
 70
     0
300
3" = 1'-0"
140
3.0
141
12.0
290
     0
  0
SCALE
  5
142
102
{ACAD_REACTORS
330
B6
102
}
330
B6
100
AcDbScale
 70
     0
300
6" = 1'-0"
140
6.0
141
12.0
290
     0
  0
SCALE
  5
143
102
{ACAD_REACTORS
330
B6
102
}
330
B6
100
AcDbScale
 70
     0
300
1'-0" = 1'-0"
140
12.0
141
12.0
290
     0
  0
ACDBSECTIONVIEWSTYLE
  5
1AA
102
{ACAD_REACTORS
330
1A8
102
}
330
1A8
100
AcDbModelDocViewStyle
 70
     0
  3
Imperial24
290
     0
300
Imperial24
 90
        0
100
AcDbSectionViewStyle
 70
     0
 71
     0
 90
       78
 71
     1
340
11
 62
   256
 40
0.24
340
0
340
0
 62
   256
 40
0.24
300
I, O, Q, S, X, Z
 40
0.48
 90
        3
 40
0.18
 90
        1
 71
     2
340
16
 90
       25
 62
   256
340
16
 90
       50
 62
   256
 40
0.24
 40
0.0
 40
0.24
 71
     3
340
11
 62
   256
 40
0.24
 90
        1
 40
0.75
 90
        1
300
%<\AcVar ViewType \f "%tc1">% %<\AcVar ViewSectionStartId>%-%<\AcVar ViewSectionEndId>%\PSCALE %<\AcVar ViewScale \f "%sn">%
 71
     4
 62
   256
 62
   257
300
ANSI31
 40
1.0
 90
        0
290
     0
290
     0
 90
        6
 40
0.0
 40
1.570796326794896
 40
0.2617993877991494
 40
1.308996938995747
 40
-0.2617993877991494
 40
1.832595714594046
  0
ACDBSECTIONVIEWSTYLE
  5
25E
102
{ACAD_REACTORS
330
1A8
102
}
330
1A8
100
AcDbModelDocViewStyle
 70
     0
  3
Metric50
290
     0
300
Metric50
 90
        0
100
AcDbSectionViewStyle
 70
     0
 71
     0
 90
      102
 71
     1
340
11
 62
   256
 40
5.0
340
0
340
0
 62
   256
 40
5.0
300
I, O, Q, S, X, Z
 40
10.0
 90
        0
 40
2.5
 90
        0
 71
     2
340
16
 90
       25
 62
   256
340
16
 90
       50
 62
   256
 40
5.0
 40
2.5
 40
5.0
 71
     3
340
11
 62
   256
 40
5.0
 90
        0
 40
15.0
 90
        1
300
%<\AcVar ViewSectionStartId>%-%<\AcVar ViewSectionEndId>% (%<\AcVar ViewScale \f "%sn">%)
 71
     4
 62
   256
 62
   257
300
ANSI31
 40
1.0
 90
        0
290
     0
290
     0
 90
        6
 40
0.0
 40
1.570796326794896
 40
0.2617993877991494
 40
1.308996938995747
 40
-0.2617993877991494
 40
1.832595714594046
  0
TABLESTYLE
  5
87
102
{ACAD_XDICTIONARY
360
104
102
}
102
{ACAD_REACTORS
330
86
102
}
330
86
100
AcDbTableStyle
280
     0
  3
Standard
 70
     0
 71
     0
 40
0.06
 41
0.06
280
     0
281
     0
  7
Standard
140
0.18
170
     2
 62
     0
 63
     7
283
     0
 90
      512
 91
        0
  1

274
    -2
284
     1
 64
     0
275
    -2
285
     1
 65
     0
276
    -2
286
     1
 66
     0
277
    -2
287
     1
 67
     0
278
    -2
288
     1
 68
     0
279
    -2
289
     1
 69
     0
  7
Standard
140
0.25
170
     5
 62
     0
 63
     7
283
     0
 90
      512
 91
        0
  1

274
    -2
284
     1
 64
     0
275
    -2
285
     1
 65
     0
276
    -2
286
     1
 66
     0
277
    -2
287
     1
 67
     0
278
    -2
288
     1
 68
     0
279
    -2
289
     1
 69
     0
  7
Standard
140
0.18
170
     5
 62
     0
 63
     7
283
     0
 90
      512
 91
        0
  1

274
    -2
284
     1
 64
     0
275
    -2
285
     1
 65
     0
276
    -2
286
     1
 66
     0
277
    -2
287
     1
 67
     0
278
    -2
288
     1
 68
     0
279
    -2
289
     1
 69
     0
  0
VISUALSTYLE
  5
9F
102
{ACAD_REACTORS
330
99
102
}
330
99
100
AcDbVisualStyle
  2
2dWireframe
 70
     4
177
     3
291
     0
 70
    58
 90
        0
176
     1
 90
        2
176
     1
 90
        1
176
     1
 90
        0
176
     1
 40
0.6
176
     1
 40
30.0
176
     1
 62
     7
420
 16777215
176
     1
 90
        1
176
     1
 90
        4
176
     1
 62
     7
176
     1
 62
   257
176
     1
 90
        1
176
     1
 90
        1
176
     1
 40
1.0
176
     1
 90
        0
176
     1
 62
   257
176
     1
 40
1.0
176
     1
 90
        1
176
     1
 90
        6
176
     1
 90
        2
176
     1
 62
     7
176
     1
 90
        5
176
     1
 90
        0
176
     1
 90
        0
176
     1
290
     0
176
     1
 90
        1
176
     1
 40
0.0
176
     1
 90
        0
176
     1
290
     1
176
     1
290
     1
176
     1
290
     0
176
     1
290
     0
176
     1
290
     0
176
     1
290
     0
176
     1
290
     0
176
     1
290
     0
176
     1
290
     0
176
     1
 90
       50
176
     1
 40
0.0
176
     1
 40
1.0
176
     1
 90
        0
176
     1
 62
    18
420
        0
176
     1
 90
       50
176
     1
 90
        3
176
     1
 62
     5
420
      255
176
     1
290
     0
176
     1
 90
       50
176
     1
 90
       50
176
     1
 90
       50
176
     1
290
     0
176
     1
 90
       50
176
     1
 62
   256
176
     0
 40
1.0
176
     0
 90
        2
176
     1
  1
strokes_ogs.tif
176
     1
290
     0
176
     1
 40
1.0
176
     1
 40
1.0
176
     1
  0
VISUALSTYLE
  5
9E
102
{ACAD_REACTORS
330
99
102
}
330
99
100
AcDbVisualStyle
  2
Basic
 70
     7
177
     3
291
     1
 70
    58
 90
        1
176
     1
 90
        0
176
     1
 90
        1
176
     1
 90
        0
176
     1
 40
0.6
176
     1
 40
30.0
176
     1
 62
     7
420
 16777215
176
     1
 90
        0
176
     1
 90
        4
176
     1
 62
     7
176
     1
 62
   257
176
     1
 90
        1
176
     1
 90
        1
176
     1
 40
1.0
176
     1
 90
        8
176
     1
 62
     7
176
     1
 40
1.0
176
     1
 90
        1
176
     1
 90
        6
176
     1
 90
        2
176
     1
 62
     7
176
     1
 90
        5
176
     1
 90
        0
176
     1
 90
        0
176
     1
290
     0
176
     1
 90
        1
176
     1
 40
0.0
176
     1
 90
        0
176
     1
290
     0
176
     1
290
     1
176
     1
290
     1
176
     1
290
     0
176
     1
290
     0
176
     1
290
     0
176
     1
290
     0
176
     1
290
     0
176
     1
290
     0
176
     1
 90
       50
176
     1
 40
0.0
176
     1
 40
1.0
176
     1
 90
        0
176
     1
 62
    18
420
        0
176
     1
 90
       50
176
     1
 90
        3
176
     1
 62
     5
420
      255
176
     1
290
     0
176
     1
 90
       50
176
     1
 90
       50
176
     1
 90
       50
176
     1
290
     0
176
     1
 90
       50
176
     1
 62
   256
176
     0
 40
1.0
176
     0
 90
        2
176
     1
  1
strokes_ogs.tif
176
     1
290
     0
176
     1
 40
1.0
176
     1
 40
1.0
176
     1
  0
VISUALSTYLE
  5
A5
102
{ACAD_REACTORS
330
99
102
}
330
99
100
AcDbVisualStyle
  2
Brighten
 70
    12
177
     3
291
     1
 70
    58
 90
        2
176
     1
 90
        2
176
     1
 90
        1
176
     1
 90
        0
176
     1
 40
0.6
176
     1
 40
30.0
176
     1
 62
     7
420
 16777215
176
     1
 90
        1
176
     1
 90
        4
176
     1
 62
     7
176
     1
 62
   257
176
     1
 90
        1
176
     1
 90
        1
176
     1
 40
1.0
176
     1
 90
        8
176
     1
 62
     7
176
     1
 40
1.0
176
     1
 90
        1
176
     1
 90
        6
176
     1
 90
        2
176
     1
 62
     7
176
     1
 90
        5
176
     1
 90
        0
176
     1
 90
        0
176
     1
290
     0
176
     1
 90
        1
176
     1
 40
50.0
176
     1
 90
        0
176
     1
290
     0
176
     1
290
     1
176
     1
290
     1
176
     1
290
     0
176
     1
290
     0
176
     1
290
     0
176
     1
290
     0
176
     1
290
     0
176
     1
290
     0
176
     1
 90
       50
176
     1
 40
0.0
176
     1
 40
1.0
176
     1
 90
        0
176
     1
 62
    18
420
        0
176
     1
 90
       50
176
     1
 90
        3
176
     1
 62
     5
420
      255
176
     1
290
     0
176
     1
 90
       50
176
     1
 90
       50
176
     1
 90
       50
176
     1
290
     0
176
     1
 90
       50
176
     1
 62
   256
176
     0
 40
1.0
176
     0
 90
        2
176
     1
  1
strokes_ogs.tif
176
     1
290
     0
176
     1
 40
1.0
176
     1
 40
1.0
176
     1
  0
VISUALSTYLE
  5
A9
102
{ACAD_REACTORS
330
99
102
}
330
99
100
AcDbVisualStyle
  2
ColorChange
 70
    16
177
     3
291
     1
 70
    58
 90
        2
176
     1
 90
        2
176
     1
 90
        3
176
     1
 90
        0
176
     1
 40
0.6
176
     1
 40
30.0
176
     1
 62
     8
420
  8421504
176
     1
 90
        1
176
     1
 90
        4
176
     1
 62
     7
176
     1
 62
   257
176
     1
 90
        1
176
     1
 90
        1
176
     1
 40
1.0
176
     1
 90
        8
176
     1
 62
     8
420
  8421504
176
     1
 40
1.0
176
     1
 90
        1
176
     1
 90
        6
176
     1
 90
        2
176
     1
 62
     7
176
     1
 90
        5
176
     1
 90
        0
176
     1
 90
        0
176
     1
290
     0
176
     1
 90
        1
176
     1
 40
0.0
176
     1
 90
        0
176
     1
290
     0
176
     1
290
     1
176
     1
290
     1
176
     1
290
     0
176
     1
290
     0
176
     1
290
     0
176
     1
290
     0
176
     1
290
     0
176
     1
290
     0
176
     1
 90
       50
176
     1
 40
0.0
176
     1
 40
1.0
176
     1
 90
        0
176
     1
 62
    18
420
        0
176
     1
 90
       50
176
     1
 90
        3
176
     1
 62
     5
420
      255
176
     1
290
     0
176
     1
 90
       50
176
     1
 90
       50
176
     1
 90
       50
176
     1
290
     0
176
     1
 90
       50
176
     1
 62
   256
176
     0
 40
1.0
176
     0
 90
        2
176
     1
  1
strokes_ogs.tif
176
     1
290
     0
176
     1
 40
1.0
176
     1
 40
1.0
176
     1
  0
VISUALSTYLE
  5
A2
102
{ACAD_REACTORS
330
99
102
}
330
99
100
AcDbVisualStyle
  2
Conceptual
 70
     9
177
     3
291
     0
 70
    58
 90
        3
176
     1
 90
        2
176
     1
 90
        1
176
     1
 90
        0
176
     1
 40
0.6
176
     1
 40
30.0
176
     1
 62
     7
420
 16777215
176
     1
 90
        2
176
     1
 90
        2
176
     1
 62
     7
176
     1
 62
   257
176
     1
 90
        1
176
     1
 90
        1
176
     1
 40
40.0
176
     1
 90
        8
176
     1
 62
     7
176
     1
 40
1.0
176
     1
 90
        1
176
     1
 90
        6
176
     1
 90
        2
176
     1
 62
     7
176
     1
 90
        3
176
     1
 90
        0
176
     1
 90
        0
176
     1
290
     0
176
     1
 90
        1
176
     1
 40
0.0
176
     1
 90
        0
176
     1
290
     0
176
     1
290
     1
176
     1
290
     1
176
     1
290
     0
176
     1
290
     0
176
     1
290
     0
176
     1
290
     0
176
     1
290
     0
176
     1
290
     0
176
     1
 90
       50
176
     1
 40
0.0
176
     1
 40
1.0
176
     1
 90
        0
176
     1
 62
    18
420
        0
176
     1
 90
       50
176
     1
 90
        3
176
     1
 62
     5
420
      255
176
     1
290
     0
176
     1
 90
       50
176
     1
 90
       50
176
     1
 90
       50
176
     1
290
     0
176
     1
 90
       50
176
     1
 62
   256
176
     0
 40
1.0
176
     0
 90
        2
176
     1
  1
strokes_ogs.tif
176
     1
290
     0
176
     1
 40
1.0
176
     1
 40
1.0
176
     1
  0
VISUALSTYLE
  5
A4
102
{ACAD_REACTORS
330
99
102
}
330
99
100
AcDbVisualStyle
  2
Dim
 70
    11
177
     3
291
     1
 70
    58
 90
        2
176
     1
 90
        2
176
     1
 90
        1
176
     1
 90
        0
176
     1
 40
0.6
176
     1
 40
30.0
176
     1
 62
     7
420
 16777215
176
     1
 90
        1
176
     1
 90
        4
176
     1
 62
     7
176
     1
 62
   257
176
     1
 90
        1
176
     1
 90
        1
176
     1
 40
1.0
176
     1
 90
        8
176
     1
 62
     7
176
     1
 40
1.0
176
     1
 90
        1
176
     1
 90
        6
176
     1
 90
        2
176
     1
 62
     7
176
     1
 90
        5
176
     1
 90
        0
176
     1
 90
        0
176
     1
290
     0
176
     1
 90
        1
176
     1
 40
-50.0
176
     1
 90
        0
176
     1
290
     0
176
     1
290
     1
176
     1
290
     1
176
     1
290
     0
176
     1
290
     0
176
     1
290
     0
176
     1
290
     0
176
     1
290
     0
176
     1
290
     0
176
     1
 90
       50
176
     1
 40
0.0
176
     1
 40
1.0
176
     1
 90
        0
176
     1
 62
    18
420
        0
176
     1
 90
       50
176
     1
 90
        3
176
     1
 62
     5
420
      255
176
     1
290
     0
176
     1
 90
       50
176
     1
 90
       50
176
     1
 90
       50
176
     1
290
     0
176
     1
 90
       50
176
     1
 62
   256
176
     0
 40
1.0
176
     0
 90
        2
176
     1
  1
strokes_ogs.tif
176
     1
290
     0
176
     1
 40
1.0
176
     1
 40
1.0
176
     1
  0
VISUALSTYLE
  5
175
102
{ACAD_REACTORS
330
99
102
}
330
99
100
AcDbVisualStyle
  2
EdgeColorOff
 70
    22
177
     3
291
     1
 70
    58
 90
        2
176
     0
 90
        2
176
     0
 90
        0
176
     0
 90
        0
176
     0
 40
0.6
176
     0
 40
30.0
176
     0
 62
     7
420
 16777215
176
     0
 90
        1
176
     0
 90
        4
176
     0
 62
     7
176
     0
 62
   257
176
     0
 90
        1
176
     0
 90
        1
176
     0
 40
1.0
176
     0
 90
        8
176
     2
 62
     7
176
     0
 40
1.0
176
     0
 90
        1
176
     0
 90
        6
176
     0
 90
        2
176
     0
 62
     7
176
     0
 90
        5
176
     0
 90
        0
176
     0
 90
        0
176
     0
290
     0
176
     0
 90
        1
176
     0
 40
0.0
176
     0
 90
        0
176
     0
290
     0
176
     1
290
     1
176
     1
290
     1
176
     1
290
     0
176
     1
290
     0
176
     1
290
     0
176
     1
290
     0
176
     1
290
     0
176
     1
290
     0
176
     1
 90
       50
176
     1
 40
0.0
176
     1
 40
1.0
176
     1
 90
        0
176
     1
 62
    18
420
        0
176
     1
 90
       50
176
     1
 90
        3
176
     1
 62
     5
420
      255
176
     1
290
     0
176
     1
 90
       50
176
     1
 90
       50
176
     1
 90
       50
176
     1
290
     0
176
     1
 90
       50
176
     1
 62
   256
176
     0
 40
1.0
176
     0
 90
        2
176
     1
  1
strokes_ogs.tif
176
     1
290
     0
176
     1
 40
1.0
176
     1
 40
1.0
176
     1
  0
VISUALSTYLE
  5
A8
102
{ACAD_REACTORS
330
99
102
}
330
99
100
AcDbVisualStyle
  2
Facepattern
 70
    15
177
     3
291
     1
 70
    58
 90
        2
176
     1
 90
        2
176
     1
 90
        1
176
     1
 90
        0
176
     1
 40
0.6
176
     1
 40
30.0
176
     1
 62
     7
420
 16777215
176
     1
 90
        1
176
     1
 90
        4
176
     1
 62
     7
176
     1
 62
   257
176
     1
 90
        1
176
     1
 90
        1
176
     1
 40
1.0
176
     1
 90
        8
176
     1
 62
     7
176
     1
 40
1.0
176
     1
 90
        1
176
     1
 90
        6
176
     1
 90
        2
176
     1
 62
     7
176
     1
 90
        5
176
     1
 90
        0
176
     1
 90
        0
176
     1
290
     0
176
     1
 90
        1
176
     1
 40
0.0
176
     1
 90
        0
176
     1
290
     0
176
     1
290
     1
176
     1
290
     1
176
     1
290
     0
176
     1
290
     0
176
     1
290
     0
176
     1
290
     0
176
     1
290
     0
176
     1
290
     0
176
     1
 90
       50
176
     1
 40
0.0
176
     1
 40
1.0
176
     1
 90
        0
176
     1
 62
    18
420
        0
176
     1
 90
       50
176
     1
 90
        3
176
     1
 62
     5
420
      255
176
     1
290
     0
176
     1
 90
       50
176
     1
 90
       50
176
     1
 90
       50
176
     1
290
     0
176
     1
 90
       50
176
     1
 62
   256
176
     0
 40
1.0
176
     0
 90
        2
176
     1
  1
strokes_ogs.tif
176
     1
290
     0
176
     1
 40
1.0
176
     1
 40
1.0
176
     1
  0
VISUALSTYLE
  5
9A
102
{ACAD_REACTORS
330
99
102
}
330
99
100
AcDbVisualStyle
  2
Flat
 70
     0
177
     3
291
     1
 70
    58
 90
        2
176
     1
 90
        1
176
     1
 90
        1
176
     1
 90
        2
176
     1
 40
0.6
176
     1
 40
30.0
176
     1
 62
     7
420
 16777215
176
     1
 90
        0
176
     1
 90
        0
176
     1
 62
     7
176
     1
 62
   257
176
     1
 90
        1
176
     1
 90
        1
176
     1
 40
1.0
176
     1
 90
        8
176
     1
 62
     7
176
     1
 40
1.0
176
     1
 90
        1
176
     1
 90
        6
176
     1
 90
        2
176
     1
 62
     7
176
     1
 90
        5
176
     1
 90
        0
176
     1
 90
        0
176
     1
290
     0
176
     1
 90
       13
176
     1
 40
0.0
176
     1
 90
        0
176
     1
290
     0
176
     1
290
     1
176
     1
290
     1
176
     1
290
     0
176
     1
290
     0
176
     1
290
     0
176
     1
290
     0
176
     1
290
     0
176
     1
290
     0
176
     1
 90
       50
176
     1
 40
0.0
176
     1
 40
1.0
176
     1
 90
        0
176
     1
 62
    18
420
        0
176
     1
 90
       50
176
     1
 90
        3
176
     1
 62
     5
420
      255
176
     1
290
     0
176
     1
 90
       50
176
     1
 90
       50
176
     1
 90
       50
176
     1
290
     0
176
     1
 90
       50
176
     1
 62
   256
176
     0
 40
1.0
176
     0
 90
        2
176
     1
  1
strokes_ogs.tif
176
     1
290
     0
176
     1
 40
1.0
176
     1
 40
1.0
176
     1
  0
VISUALSTYLE
  5
9B
102
{ACAD_REACTORS
330
99
102
}
330
99
100
AcDbVisualStyle
  2
FlatWithEdges
 70
     1
177
     3
291
     1
 70
    58
 90
        2
176
     1
 90
        1
176
     1
 90
        1
176
     1
 90
        2
176
     1
 40
0.6
176
     1
 40
30.0
176
     1
 62
     7
420
 16777215
176
     1
 90
        1
176
     1
 90
        0
176
     1
 62
     7
176
     1
 62
   257
176
     1
 90
        1
176
     1
 90
        1
176
     1
 40
1.0
176
     1
 90
        0
176
     1
 62
   257
176
     1
 40
1.0
176
     1
 90
        1
176
     1
 90
        6
176
     1
 90
        2
176
     1
 62
     7
176
     1
 90
        5
176
     1
 90
        0
176
     1
 90
        0
176
     1
290
     0
176
     1
 90
       13
176
     1
 40
0.0
176
     1
 90
        0
176
     1
290
     0
176
     1
290
     1
176
     1
290
     1
176
     1
290
     0
176
     1
290
     0
176
     1
290
     0
176
     1
290
     0
176
     1
290
     0
176
     1
290
     0
176
     1
 90
       50
176
     1
 40
0.0
176
     1
 40
1.0
176
     1
 90
        0
176
     1
 62
    18
420
        0
176
     1
 90
       50
176
     1
 90
        3
176
     1
 62
     5
420
      255
176
     1
290
     0
176
     1
 90
       50
176
     1
 90
       50
176
     1
 90
       50
176
     1
290
     0
176
     1
 90
       50
176
     1
 62
   256
176
     0
 40
1.0
176
     0
 90
        2
176
     1
  1
strokes_ogs.tif
176
     1
290
     0
176
     1
 40
1.0
176
     1
 40
1.0
176
     1
  0
VISUALSTYLE
  5
9C
102
{ACAD_REACTORS
330
99
102
}
330
99
100
AcDbVisualStyle
  2
Gouraud
 70
     2
177
     3
291
     1
 70
    58
 90
        2
176
     1
 90
        2
176
     1
 90
        1
176
     1
 90
        2
176
     1
 40
0.6
176
     1
 40
30.0
176
     1
 62
     7
420
 16777215
176
     1
 90
        0
176
     1
 90
        0
176
     1
 62
     7
176
     1
 62
   257
176
     1
 90
        1
176
     1
 90
        1
176
     1
 40
1.0
176
     1
 90
        0
176
     1
 62
     7
176
     1
 40
1.0
176
     1
 90
        1
176
     1
 90
        6
176
     1
 90
        2
176
     1
 62
     7
176
     1
 90
        5
176
     1
 90
        0
176
     1
 90
        0
176
     1
290
     0
176
     1
 90
       13
176
     1
 40
0.0
176
     1
 90
        0
176
     1
290
     0
176
     1
290
     1
176
     1
290
     1
176
     1
290
     0
176
     1
290
     0
176
     1
290
     0
176
     1
290
     0
176
     1
290
     0
176
     1
290
     0
176
     1
 90
       50
176
     1
 40
0.0
176
     1
 40
1.0
176
     1
 90
        0
176
     1
 62
    18
420
        0
176
     1
 90
       50
176
     1
 90
        3
176
     1
 62
     5
420
      255
176
     1
290
     0
176
     1
 90
       50
176
     1
 90
       50
176
     1
 90
       50
176
     1
290
     0
176
     1
 90
       50
176
     1
 62
   256
176
     0
 40
1.0
176
     0
 90
        2
176
     1
  1
strokes_ogs.tif
176
     1
290
     0
176
     1
 40
1.0
176
     1
 40
1.0
176
     1
  0
VISUALSTYLE
  5
9D
102
{ACAD_REACTORS
330
99
102
}
330
99
100
AcDbVisualStyle
  2
GouraudWithEdges
 70
     3
177
     3
291
     1
 70
    58
 90
        2
176
     1
 90
        2
176
     1
 90
        1
176
     1
 90
        2
176
     1
 40
0.6
176
     1
 40
30.0
176
     1
 62
     7
420
 16777215
176
     1
 90
        1
176
     1
 90
        0
176
     1
 62
     7
176
     1
 62
   257
176
     1
 90
        1
176
     1
 90
        1
176
     1
 40
1.0
176
     1
 90
        0
176
     1
 62
   257
176
     1
 40
1.0
176
     1
 90
        1
176
     1
 90
        6
176
     1
 90
        2
176
     1
 62
     7
176
     1
 90
        5
176
     1
 90
        0
176
     1
 90
        0
176
     1
290
     0
176
     1
 90
       13
176
     1
 40
0.0
176
     1
 90
        0
176
     1
290
     0
176
     1
290
     1
176
     1
290
     1
176
     1
290
     0
176
     1
290
     0
176
     1
290
     0
176
     1
290
     0
176
     1
290
     0
176
     1
290
     0
176
     1
 90
       50
176
     1
 40
0.0
176
     1
 40
1.0
176
     1
 90
        0
176
     1
 62
    18
420
        0
176
     1
 90
       50
176
     1
 90
        3
176
     1
 62
     5
420
      255
176
     1
290
     0
176
     1
 90
       50
176
     1
 90
       50
176
     1
 90
       50
176
     1
290
     0
176
     1
 90
       50
176
     1
 62
   256
176
     0
 40
1.0
176
     0
 90
        2
176
     1
  1
strokes_ogs.tif
176
     1
290
     0
176
     1
 40
1.0
176
     1
 40
1.0
176
     1
  0
VISUALSTYLE
  5
A1
102
{ACAD_REACTORS
330
99
102
}
330
99
100
AcDbVisualStyle
  2
Hidden
 70
     6
177
     3
291
     0
 70
    58
 90
        1
176
     1
 90
        2
176
     1
 90
        2
176
     1
 90
        0
176
     1
 40
0.6
176
     1
 40
30.0
176
     1
 62
     7
420
 16777215
176
     1
 90
        2
176
     1
 90
        2
176
     1
 62
     7
176
     1
 62
   257
176
     1
 90
        2
176
     1
 90
        1
176
     1
 40
40.0
176
     1
 90
        0
176
     1
 62
   257
176
     1
 40
1.0
176
     1
 90
        1
176
     1
 90
        6
176
     1
 90
        2
176
     1
 62
     7
176
     1
 90
        3
176
     1
 90
        0
176
     1
 90
        0
176
     1
290
     0
176
     1
 90
        1
176
     1
 40
0.0
176
     1
 90
        0
176
     1
290
     0
176
     1
290
     1
176
     1
290
     1
176
     1
290
     0
176
     1
290
     0
176
     1
290
     0
176
     1
290
     0
176
     1
290
     0
176
     1
290
     0
176
     1
 90
       50
176
     1
 40
0.0
176
     1
 40
1.0
176
     1
 90
        0
176
     1
 62
    18
420
        0
176
     1
 90
       50
176
     1
 90
        3
176
     1
 62
     5
420
      255
176
     1
290
     0
176
     1
 90
       50
176
     1
 90
       50
176
     1
 90
       50
176
     1
290
     0
176
     1
 90
       50
176
     1
 62
   256
176
     0
 40
1.0
176
     0
 90
        2
176
     1
  1
strokes_ogs.tif
176
     1
290
     0
176
     1
 40
1.0
176
     1
 40
1.0
176
     1
  0
VISUALSTYLE
  5
173
102
{ACAD_REACTORS
330
99
102
}
330
99
100
AcDbVisualStyle
  2
JitterOff
 70
    20
177
     3
291
     1
 70
    58
 90
        2
176
     0
 90
        2
176
     0
 90
        0
176
     0
 90
        0
176
     0
 40
0.6
176
     0
 40
30.0
176
     0
 62
     7
420
 16777215
176
     0
 90
        1
176
     0
 90
        4
176
     0
 62
     7
176
     0
 62
   257
176
     0
 90
        1
176
     0
 90
        1
176
     0
 40
1.0
176
     0
 90
       10
176
     2
 62
     7
176
     0
 40
1.0
176
     0
 90
        1
176
     0
 90
        6
176
     0
 90
        2
176
     0
 62
     7
176
     0
 90
        5
176
     0
 90
        0
176
     0
 90
        0
176
     0
290
     0
176
     0
 90
        1
176
     0
 40
0.0
176
     0
 90
        0
176
     0
290
     0
176
     1
290
     1
176
     1
290
     1
176
     1
290
     0
176
     1
290
     0
176
     1
290
     0
176
     1
290
     0
176
     1
290
     0
176
     1
290
     0
176
     1
 90
       50
176
     1
 40
0.0
176
     1
 40
1.0
176
     1
 90
        0
176
     1
 62
    18
420
        0
176
     1
 90
       50
176
     1
 90
        3
176
     1
 62
     5
420
      255
176
     1
290
     0
176
     1
 90
       50
176
     1
 90
       50
176
     1
 90
       50
176
     1
290
     0
176
     1
 90
       50
176
     1
 62
   256
176
     0
 40
1.0
176
     0
 90
        2
176
     1
  1
strokes_ogs.tif
176
     1
290
     0
176
     1
 40
1.0
176
     1
 40
1.0
176
     1
  0
VISUALSTYLE
  5
A7
102
{ACAD_REACTORS
330
99
102
}
330
99
100
AcDbVisualStyle
  2
Linepattern
 70
    14
177
     3
291
     1
 70
    58
 90
        2
176
     1
 90
        2
176
     1
 90
        1
176
     1
 90
        0
176
     1
 40
0.6
176
     1
 40
30.0
176
     1
 62
     7
420
 16777215
176
     1
 90
        1
176
     1
 90
        4
176
     1
 62
     7
176
     1
 62
   257
176
     1
 90
        7
176
     1
 90
        7
176
     1
 40
1.0
176
     1
 90
        8
176
     1
 62
     7
176
     1
 40
1.0
176
     1
 90
        1
176
     1
 90
        6
176
     1
 90
        2
176
     1
 62
     7
176
     1
 90
        5
176
     1
 90
        0
176
     1
 90
        0
176
     1
290
     0
176
     1
 90
        1
176
     1
 40
0.0
176
     1
 90
        0
176
     1
290
     0
176
     1
290
     1
176
     1
290
     1
176
     1
290
     0
176
     1
290
     0
176
     1
290
     0
176
     1
290
     0
176
     1
290
     0
176
     1
290
     0
176
     1
 90
       50
176
     1
 40
0.0
176
     1
 40
1.0
176
     1
 90
        0
176
     1
 62
    18
420
        0
176
     1
 90
       50
176
     1
 90
        3
176
     1
 62
     5
420
      255
176
     1
290
     0
176
     1
 90
       50
176
     1
 90
       50
176
     1
 90
       50
176
     1
290
     0
176
     1
 90
       50
176
     1
 62
   256
176
     0
 40
1.0
176
     0
 90
        2
176
     1
  1
strokes_ogs.tif
176
     1
290
     0
176
     1
 40
1.0
176
     1
 40
1.0
176
     1
  0
VISUALSTYLE
  5
174
102
{ACAD_REACTORS
330
99
102
}
330
99
100
AcDbVisualStyle
  2
OverhangOff
 70
    21
177
     3
291
     1
 70
    58
 90
        2
176
     0
 90
        2
176
     0
 90
        0
176
     0
 90
        0
176
     0
 40
0.6
176
     0
 40
30.0
176
     0
 62
     7
420
 16777215
176
     0
 90
        1
176
     0
 90
        4
176
     0
 62
     7
176
     0
 62
   257
176
     0
 90
        1
176
     0
 90
        1
176
     0
 40
1.0
176
     0
 90
        9
176
     2
 62
     7
176
     0
 40
1.0
176
     0
 90
        1
176
     0
 90
        6
176
     0
 90
        2
176
     0
 62
     7
176
     0
 90
        5
176
     0
 90
        0
176
     0
 90
        0
176
     0
290
     0
176
     0
 90
        1
176
     0
 40
0.0
176
     0
 90
        0
176
     0
290
     0
176
     1
290
     1
176
     1
290
     1
176
     1
290
     0
176
     1
290
     0
176
     1
290
     0
176
     1
290
     0
176
     1
290
     0
176
     1
290
     0
176
     1
 90
       50
176
     1
 40
0.0
176
     1
 40
1.0
176
     1
 90
        0
176
     1
 62
    18
420
        0
176
     1
 90
       50
176
     1
 90
        3
176
     1
 62
     5
420
      255
176
     1
290
     0
176
     1
 90
       50
176
     1
 90
       50
176
     1
 90
       50
176
     1
290
     0
176
     1
 90
       50
176
     1
 62
   256
176
     0
 40
1.0
176
     0
 90
        2
176
     1
  1
strokes_ogs.tif
176
     1
290
     0
176
     1
 40
1.0
176
     1
 40
1.0
176
     1
  0
VISUALSTYLE
  5
A3
102
{ACAD_REACTORS
330
99
102
}
330
99
100
AcDbVisualStyle
  2
Realistic
 70
     8
177
     3
291
     0
 70
    58
 90
        2
176
     1
 90
        3
176
     1
 90
        0
176
     1
 90
        2
176
     1
 40
0.6
176
     1
 40
30.0
176
     1
 62
     7
420
 16777215
176
     1
 90
        0
176
     1
 90
        0
176
     1
 62
     7
176
     1
 62
   257
176
     1
 90
        1
176
     1
 90
        1
176
     1
 40
1.0
176
     1
 90
        8
176
     1
 62
   257
176
     1
 40
1.0
176
     1
 90
        1
176
     1
 90
        6
176
     1
 90
        2
176
     1
 62
     7
176
     1
 90
        3
176
     1
 90
        0
176
     1
 90
        0
176
     1
290
     0
176
     1
 90
       13
176
     1
 40
0.0
176
     1
 90
        0
176
     1
290
     0
176
     1
290
     1
176
     1
290
     1
176
     1
290
     0
176
     1
290
     0
176
     1
290
     0
176
     1
290
     0
176
     1
290
     0
176
     1
290
     0
176
     1
 90
       50
176
     1
 40
0.0
176
     1
 40
1.0
176
     1
 90
        0
176
     1
 62
    18
420
        0
176
     1
 90
       50
176
     1
 90
        3
176
     1
 62
     5
420
      255
176
     1
290
     0
176
     1
 90
       50
176
     1
 90
       50
176
     1
 90
       50
176
     1
290
     0
176
     1
 90
       50
176
     1
 62
   256
176
     0
 40
1.0
176
     0
 90
        2
176
     1
  1
strokes_ogs.tif
176
     1
290
     0
176
     1
 40
1.0
176
     1
 40
1.0
176
     1
  0
VISUALSTYLE
  5
182
102
{ACAD_REACTORS
330
99
102
}
330
99
100
AcDbVisualStyle
  2
Shaded
 70
    27
177
     3
291
     0
 70
    58
 90
        2
176
     1
 90
        2
176
     1
 90
        1
176
     1
 90
        2
176
     1
 40
0.6
176
     1
 40
30.0
176
     1
 62
     7
420
 16777215
176
     1
 90
        0
176
     1
 90
        4
176
     1
 62
     7
176
     1
 62
   257
176
     1
 90
        1
176
     1
 90
        1
176
     1
 40
1.0
176
     1
 90
        8
176
     1
 62
   257
176
     1
 40
1.0
176
     1
 90
        1
176
     1
 90
        6
176
     1
 90
        2
176
     1
 62
     8
420
  7895160
176
     1
 90
        3
176
     1
 90
        0
176
     1
 90
        0
176
     1
290
     0
176
     1
 90
        5
176
     1
 40
0.0
176
     1
 90
        0
176
     1
290
     0
176
     1
290
     1
176
     1
290
     1
176
     1
290
     0
176
     1
290
     0
176
     1
290
     0
176
     1
290
     0
176
     1
290
     0
176
     1
290
     0
176
     1
 90
       50
176
     1
 40
0.0
176
     1
 40
1.0
176
     1
 90
        0
176
     1
 62
    18
420
        0
176
     1
 90
       50
176
     1
 90
        3
176
     1
 62
     5
420
      255
176
     1
290
     0
176
     1
 90
       50
176
     1
 90
       50
176
     1
 90
       50
176
     1
290
     0
176
     1
 90
       50
176
     1
 62
   256
176
     0
 40
1.0
176
     0
 90
        2
176
     1
  1
strokes_ogs.tif
176
     1
290
     0
176
     1
 40
1.0
176
     1
 40
1.0
176
     1
  0
VISUALSTYLE
  5
181
102
{ACAD_REACTORS
330
99
102
}
330
99
100
AcDbVisualStyle
  2
Shaded with edges
 70
    26
177
     3
291
     0
 70
    58
 90
        2
176
     1
 90
        2
176
     1
 90
        1
176
     1
 90
        2
176
     1
 40
0.6
176
     1
 40
30.0
176
     1
 62
     7
420
 16777215
176
     1
 90
        1
176
     1
 90
        2
176
     1
 62
     7
176
     1
 62
   257
176
     1
 90
        2
176
     1
 90
        1
176
     1
 40
1.0
176
     1
 90
        8
176
     1
 62
   257
176
     1
 40
1.0
176
     1
 90
        1
176
     1
 90
        6
176
     1
 90
        2
176
     1
 62
     7
176
     1
 90
        3
176
     1
 90
        0
176
     1
 90
        0
176
     1
290
     0
176
     1
 90
        5
176
     1
 40
0.0
176
     1
 90
        0
176
     1
290
     0
176
     1
290
     1
176
     1
290
     1
176
     1
290
     0
176
     1
290
     0
176
     1
290
     0
176
     1
290
     0
176
     1
290
     0
176
     1
290
     0
176
     1
 90
       50
176
     1
 40
0.0
176
     1
 40
1.0
176
     1
 90
        0
176
     1
 62
    18
420
        0
176
     1
 90
       50
176
     1
 90
        3
176
     1
 62
     5
420
      255
176
     1
290
     0
176
     1
 90
       50
176
     1
 90
       50
176
     1
 90
       50
176
     1
290
     0
176
     1
 90
       50
176
     1
 62
   256
176
     0
 40
1.0
176
     0
 90
        2
176
     1
  1
strokes_ogs.tif
176
     1
290
     0
176
     1
 40
1.0
176
     1
 40
1.0
176
     1
  0
VISUALSTYLE
  5
17E
102
{ACAD_REACTORS
330
99
102
}
330
99
100
AcDbVisualStyle
  2
Shades of Gray
 70
    23
177
     3
291
     0
 70
    58
 90
        2
176
     1
 90
        2
176
     1
 90
        3
176
     1
 90
        0
176
     1
 40
0.6
176
     1
 40
30.0
176
     1
 62
     7
420
 16777215
176
     1
 90
        2
176
     1
 90
        2
176
     1
 62
     7
176
     1
 62
     7
176
     1
 90
        1
176
     1
 90
        1
176
     1
 40
40.0
176
     1
 90
        8
176
     1
 62
     7
176
     1
 40
1.0
176
     1
 90
        1
176
     1
 90
        6
176
     1
 90
        2
176
     1
 62
     7
176
     1
 90
        3
176
     1
 90
        0
176
     1
 90
        0
176
     1
290
     0
176
     1
 90
        1
176
     1
 40
0.0
176
     1
 90
        0
176
     1
290
     0
176
     1
290
     1
176
     1
290
     1
176
     1
290
     0
176
     1
290
     0
176
     1
290
     0
176
     1
290
     0
176
     1
290
     0
176
     1
290
     0
176
     1
 90
       50
176
     1
 40
0.0
176
     1
 40
1.0
176
     1
 90
        0
176
     1
 62
    18
420
        0
176
     1
 90
       50
176
     1
 90
        3
176
     1
 62
     5
420
      255
176
     1
290
     0
176
     1
 90
       50
176
     1
 90
       50
176
     1
 90
       50
176
     1
290
     0
176
     1
 90
       50
176
     1
 62
   256
176
     0
 40
1.0
176
     0
 90
        2
176
     1
  1
strokes_ogs.tif
176
     1
290
     0
176
     1
 40
1.0
176
     1
 40
1.0
176
     1
  0
VISUALSTYLE
  5
17F
102
{ACAD_REACTORS
330
99
102
}
330
99
100
AcDbVisualStyle
  2
Sketchy
 70
    24
177
     3
291
     0
 70
    58
 90
        1
176
     1
 90
        2
176
     1
 90
        2
176
     1
 90
        0
176
     1
 40
0.6
176
     1
 40
30.0
176
     1
 62
     7
420
 16777215
176
     1
 90
        2
176
     1
 90
        2
176
     1
 62
     7
176
     1
 62
     7
176
     1
 90
        1
176
     1
 90
        1
176
     1
 40
40.0
176
     1
 90
       11
176
     1
 62
     7
176
     1
 40
1.0
176
     1
 90
        1
176
     1
 90
        6
176
     1
 90
        2
176
     1
 62
     7
176
     1
 90
        6
176
     1
 90
        0
176
     1
 90
        0
176
     1
290
     0
176
     1
 90
        1
176
     1
 40
0.0
176
     1
 90
        0
176
     1
290
     0
176
     1
290
     1
176
     1
290
     1
176
     1
290
     0
176
     1
290
     0
176
     1
290
     0
176
     1
290
     0
176
     1
290
     0
176
     1
290
     0
176
     1
 90
       50
176
     1
 40
0.0
176
     1
 40
1.0
176
     1
 90
        0
176
     1
 62
    18
420
        0
176
     1
 90
       50
176
     1
 90
        3
176
     1
 62
     5
420
      255
176
     1
290
     0
176
     1
 90
       50
176
     1
 90
       50
176
     1
 90
       50
176
     1
290
     0
176
     1
 90
       50
176
     1
 62
   256
176
     0
 40
1.0
176
     0
 90
        2
176
     1
  1
strokes_ogs.tif
176
     1
290
     0
176
     1
 40
1.0
176
     1
 40
1.0
176
     1
  0
VISUALSTYLE
  5
A6
102
{ACAD_REACTORS
330
99
102
}
330
99
100
AcDbVisualStyle
  2
Thicken
 70
    13
177
     3
291
     1
 70
    58
 90
        2
176
     1
 90
        2
176
     1
 90
        1
176
     1
 90
        0
176
     1
 40
0.6
176
     1
 40
30.0
176
     1
 62
     7
420
 16777215
176
     1
 90
        1
176
     1
 90
        4
176
     1
 62
     7
176
     1
 62
   257
176
     1
 90
        1
176
     1
 90
        1
176
     1
 40
1.0
176
     1
 90
       12
176
     1
 62
     7
176
     1
 40
1.0
176
     1
 90
        1
176
     1
 90
        6
176
     1
 90
        2
176
     1
 62
     7
176
     1
 90
        5
176
     1
 90
        0
176
     1
 90
        0
176
     1
290
     0
176
     1
 90
        1
176
     1
 40
0.0
176
     1
 90
        0
176
     1
290
     0
176
     1
290
     1
176
     1
290
     1
176
     1
290
     0
176
     1
290
     0
176
     1
290
     0
176
     1
290
     0
176
     1
290
     0
176
     1
290
     0
176
     1
 90
       50
176
     1
 40
0.0
176
     1
 40
1.0
176
     1
 90
        0
176
     1
 62
    18
420
        0
176
     1
 90
       50
176
     1
 90
        3
176
     1
 62
     5
420
      255
176
     1
290
     0
176
     1
 90
       50
176
     1
 90
       50
176
     1
 90
       50
176
     1
290
     0
176
     1
 90
       50
176
     1
 62
   256
176
     0
 40
1.0
176
     0
 90
        2
176
     1
  1
strokes_ogs.tif
176
     1
290
     0
176
     1
 40
1.0
176
     1
 40
1.0
176
     1
  0
VISUALSTYLE
  5
A0
102
{ACAD_REACTORS
330
99
102
}
330
99
100
AcDbVisualStyle
  2
Wireframe
 70
     5
177
     3
291
     0
 70
    58
 90
        0
176
     1
 90
        2
176
     1
 90
        0
176
     1
 90
        0
176
     1
 40
0.6
176
     1
 40
30.0
176
     1
 62
     7
420
 16777215
176
     1
 90
        1
176
     1
 90
        4
176
     1
 62
     7
176
     1
 62
   257
176
     1
 90
        1
176
     1
 90
        1
176
     1
 40
1.0
176
     1
 90
        0
176
     1
 62
   257
176
     1
 40
1.0
176
     1
 90
        1
176
     1
 90
        6
176
     1
 90
        2
176
     1
 62
     7
176
     1
 90
        3
176
     1
 90
        0
176
     1
 90
        0
176
     1
290
     0
176
     1
 90
        1
176
     1
 40
0.0
176
     1
 90
        0
176
     1
290
     0
176
     1
290
     1
176
     1
290
     1
176
     1
290
     0
176
     1
290
     0
176
     1
290
     0
176
     1
290
     0
176
     1
290
     0
176
     1
290
     0
176
     1
 90
       50
176
     1
 40
0.0
176
     1
 40
1.0
176
     1
 90
        0
176
     1
 62
    18
420
        0
176
     1
 90
       50
176
     1
 90
        3
176
     1
 62
     5
420
      255
176
     1
290
     0
176
     1
 90
       50
176
     1
 90
       50
176
     1
 90
       50
176
     1
290
     0
176
     1
 90
       50
176
     1
 62
   256
176
     0
 40
1.0
176
     0
 90
        2
176
     1
  1
strokes_ogs.tif
176
     1
290
     0
176
     1
 40
1.0
176
     1
 40
1.0
176
     1
  0
VISUALSTYLE
  5
180
102
{ACAD_REACTORS
330
99
102
}
330
99
100
AcDbVisualStyle
  2
X-Ray
 70
    25
177
     3
291
     0
 70
    58
 90
        2
176
     1
 90
        2
176
     1
 90
        1
176
     1
 90
        1
176
     1
 40
0.5
176
     1
 40
30.0
176
     1
 62
     7
420
 16777215
176
     1
 90
        1
176
     1
 90
        0
176
     1
 62
     7
176
     1
 62
   257
176
     1
 90
        1
176
     1
 90
        1
176
     1
 40
1.0
176
     1
 90
        8
176
     1
 62
     7
176
     1
 40
1.0
176
     1
 90
        1
176
     1
 90
        6
176
     1
 90
        2
176
     1
 62
     7
176
     1
 90
        3
176
     1
 90
        0
176
     1
 90
        0
176
     1
290
     0
176
     1
 90
       13
176
     1
 40
0.0
176
     1
 90
        0
176
     1
290
     0
176
     1
290
     1
176
     1
290
     1
176
     1
290
     0
176
     1
290
     0
176
     1
290
     0
176
     1
290
     0
176
     1
290
     0
176
     1
290
     0
176
     1
 90
       50
176
     1
 40
0.0
176
     1
 40
1.0
176
     1
 90
        0
176
     1
 62
    18
420
        0
176
     1
 90
       50
176
     1
 90
        3
176
     1
 62
     5
420
      255
176
     1
290
     0
176
     1
 90
       50
176
     1
 90
       50
176
     1
 90
       50
176
     1
290
     0
176
     1
 90
       50
176
     1
 62
   256
176
     0
 40
1.0
176
     0
 90
        2
176
     1
  1
strokes_ogs.tif
176
     1
290
     0
176
     1
 40
1.0
176
     1
 40
1.0
176
     1
  0
DICTIONARYVAR
  5
F0
102
{ACAD_REACTORS
330
66
102
}
330
66
100
DictionaryVariables
280
     0
  1
1:1
  0
DICTIONARYVAR
  5
EF
102
{ACAD_REACTORS
330
66
102
}
330
66
100
DictionaryVariables
280
     0
  1
STANDARD
  0
DICTIONARYVAR
  5
89
102
{ACAD_REACTORS
330
66
102
}
330
66
100
DictionaryVariables
280
     0
  1
STANDARD
  0
DICTIONARYVAR
  5
1B7
102
{ACAD_REACTORS
330
66
102
}
330
66
100
DictionaryVariables
280
     0
  1
Imperial24
  0
DICTIONARYVAR
  5
1B8
102
{ACAD_REACTORS
330
66
102
}
330
66
100
DictionaryVariables
280
     0
  1
Imperial24
  0
DICTIONARYVAR
  5
67
102
{ACAD_REACTORS
330
66
102
}
330
66
100
DictionaryVariables
280
     0
  1
2
  0
DICTIONARYVAR
  5
6B
102
{ACAD_REACTORS
330
66
102
}
330
66
100
DictionaryVariables
280
     0
  1
1
  0
DICTIONARYVAR
  5
14D
102
{ACAD_REACTORS
330
66
102
}
330
66
100
DictionaryVariables
280
     0
  1
0
  0
DICTIONARYVAR
  5
14E
102
{ACAD_REACTORS
330
66
102
}
330
66
100
DictionaryVariables
280
     0
  1
0
  0
DICTIONARY
  5
194
330
22
100
AcDbDictionary
280
     1
281
     1
  0
DICTIONARY
  5
188
330
97
100
AcDbDictionary
280
     1
281
     1
  3
FBXASSET
360
189
  0
DICTIONARY
  5
186
330
96
100
AcDbDictionary
280
     1
281
     1
  3
FBXASSET
360
187
  0
DICTIONARY
  5
110
330
98
100
AcDbDictionary
280
     1
281
     1
  3
BUMPTILE
360
112
  3
DIFFUSETILE
360
111
  3
FBXASSET
360
18A
  3
OPACITYTILE
360
113
  3
REFLECTIONTILE
360
114
  0
DICTIONARY
  5
104
330
87
100
AcDbDictionary
280
     1
281
     1
  3
ACAD_ROUNDTRIP_2008_TABLESTYLE_CELLSTYLEMAP
360
B09
  0
XRECORD
  5
189
102
{ACAD_REACTORS
330
188
102
}
330
188
100
AcDbXrecord
280
     1
 70
     1
 90
429727718
  1
508B35C9-AEE7-456F-BE74-D52651303AC6
310
504B03040A0000080000B670623B3DEE336E79000000790000001B0000006175746F6465736B2D64657369676E2D7061636B6167652E786D6C3C3F786D6C2076657273696F6E3D22312E302220656E636F64696E673D227574662D3822203F3E3C666F726D6174733E3C666F726D61743E687474703A2F2F736368656D612E
310
6175746F6465736B2E636F6D2F64657369676E2D7061636B6167652F323030393C2F666F726D61743E3C2F666F726D6174733E504B0304140006080800B670623BD486FD9CA0000000F4000000130000005B436F6E74656E745F54797065735D2E786D6C7D8EC10E82300C865F65E91D8A1E8C310C0EEA1BF002731658846E
310
D98AC1B77784ABF1D8FE5FBFBF75BBCE937A534CCEB38643598122B6FEE978D0B0485F9C41B54DDD7D022595594E1A469170414C76A4D9A4D207E29CF43ECE46F218070CC6BECC4078ACAA135ACF422C856C0E68EA1BF5669944DDD7BCDE7B1F8E415D77AECB980613C2E4AC91FC167A2B244592486606FC29C8FD7F045B9A
310
EF7053A7E60B504B0304140006080800B670623B28ED286BEB0000007C01000008000000636F72652E786D6C8D90416EC3201045AF82665B6183218D6D61A254764FD00B204C5C94182C03558F5F9C3852BBEB6A467FFE9B197D71FA9E6FE8CBACC17AD7012D0820E3B41FAD9B3A48F1826B40272956EFE32F1B20A766D3C1
310
268314D3EAD3B24BDABB685CCCAAF3A3D94515828980F42D371D04FD696655A814B3235C8B45E9AB9A4C419F5D8653B2237A1CB163DE672FD6AC209BF3C08E0D1B30EB19C3FC9D72FCC6EB231EFA33EDE96BDD341517E5064B11EDFCBCAF57A3A2194156843498524CAA0FCA5B7268F9E185D42D21A2DCEC7FA0B48CFF8492
310
759155FBBB0F2C80A4F991FB408A72CB22977B50B96EB9C91F504B0304140006080800B670623B55019EA25F0000007C00000007000000636E782E786D6C4DCB3B0E80201045D1AD90E915ED2CF8AC45050C11660C8261F98AB1B07AC9C97D42D718D865D3E909258CFD00CCE24AC6E326A164D74DC0B4128928FF32603847
310
2BA13128B1252AC747C6BAB984FC68F0B87FE8960A5C09FE86CFB69FBA01504B0304140006080800B670623B7BC41AC871010000D40300000C0000006662782F636F72652E786D6CC553ED6E8320147D15C2DF4501B56B6D90A64BBB27D80B50A5CE54C120983EFEAE1F4DD7A56BBA5FF3879273EEE59E7310BE393735EA95
310
ED2AA333CC428A91D2B9292A5D66D8BB63B0C26823B835C67D2BC348CB46657880B1E0A535BE9DA1DC68A7B403549B42CDA0EC3AE530CA6B5864B8CB3F552343E91D5474A7B095F949962A6421D0502778E72C0840D390E18DC5F170E664C205F7BE2A66B62A605A75AC94C522DDEEE3651AEF837817C741F2CE92E02D592D
310
83FD6ECB76EC7595A651C2C9D02CB8AB9A8BBADC2AE954814544691A3016D0E883256BBA58278B17BA5A53CAC9507ED3E4DBE2C9265F691747B3DCA9ADC382819091F8E1162272A8933DE82182932144F88C09DF060D8140C84E1EEA8B8F1340BDCA9DB1093085F157AA97B557309586747CD0EF0B4EA64E983A6E0EAEEFCE
310
889E9EF17847386AA94B30211D2C0FDE0D3AF9A4610EAD5536E8DD1969631B593F67E381C33F5157F17725E5A636F6BF1491F980C8FC7B90E13E8A2F504B0304140006080800B670623B70102A487D0000009D0000000B0000006662782F636E782E786D6C4DCCD10A83201886E15B91FFDC95A5C30335ACCDFB886521330D
310
A76397BF1A1DECE883878F57749FD5A3B74D2F17830472A901D9F088930B8B849267CC01754AA418F3DF0D5018572BE160506249B16C274D761E8BCFBB7A179E27F65CB39A0F14D396184C9921B81F34C3ACA1B4B99ABB6E6F062A25AA5F69DF23ACBE504B0304140006080800B670623B3610CA3329010000120200003100
310
00006662782F42384135303843342D343331462D343546312D424341352D3532343432364645413344462F636F72652E786D6C8D515B6EC32010BC0AE22B55850D0E446E848992B43E412FE000495162B07854397EA176A4F62F3F2C9A9D991D58BEBB8F37F0AD7D30CE76905418026DA553C65E3A98E219B510EC04F7CEC5
310
3F3408EC30EA0E16180A7EF12E4D0B249D8DDAC68C5AA7F4020E21E80881BCE54B0783FCD2E3500D296646B856D320AFC34557A4CAEDCC133C449F0380794839A138B47B86DB2345744D7A44594FD0E1B867883594369BFE63BF7EEF793D0B054FC9A8456E548E63CE46FB674D8A58F068C6477CE9F510B582A2C1F80D1182
310
70F349E816B32D65AFB8DD62CCEB42FF274A937A52948C8DEB66893BCB021484D7734370E5D2E9F608A3EF93F3119479ABA0E50B14B8C298119A43CCC4FCFCECB8A18B6388CEE7EF5D5D4F994BD86CBBA182D76543B9FCAE2FD7B24DF103504B0304140006080800B670623B1B8617914E0100003303000030000000666278
310
2F42384135303843342D343331462D343546312D424341352D3532343432364645413344462F636E782E786D6CD593C16EC32010447F0571AD6CE3D489D20813A9877E410FBD62D82434182CC055F3F75D1292E692438FBD206B7698593D61BEFD1E2DF982108D773D6D6B460938E5B571FB9ECE6957AD29D90A1EBC4F7736
310
4A9C1CA1A759A682EF839FA72269D8C9D92654AD71C72206887E0E0A22CAF926B15E498B01E0AA19451807D01A34B919F16B070157417138917400F2F6FA41FCF0092A45DEE414C19BDC21783E4BD39D891265658C3D8DEA00A3ACE59CBC8678ACB54CB26EEB6BD7839D7E9348BE70AD9C8321B9BCA7F9A4A26C542347DEE0
310
50F09802D22BA6749A800A394DD62899107273365E3C82CFC6A55557BC06C10774B7ABE7AEC3B0F34CF06446280E154026D0542C187BA9DAB6628BF7B6DBB0E5A65B3EB1F58631DE64BBE083F7B65CC218087E22CABB042E51D1F2268F1FE12B3EA24D40D63E9CFE00120194D60B9D5BC67FE6D39CDF37E20AF817881F504B
310
0304140006080800B670623BBFEF2E3B690500003C100000340000006662782F42384135303843342D343331462D343546312D424341352D3532343432364645413344462F6F626A656374732E786D6CAD575D739B3814FD2B0CFB0C98D84E931D4227B6938EA793B6534F3BFB90198F0099B001899144EAECAFDF231018B0
310
D37A3FFC609090EEE7B94757C1FB7D915B2F54C88CB31BDB7727B64559CC938CA53776A576CE956DBD0F03C1B9EA2DB32D460A7A63EB693B0C52C1ABD24C257447AA5C8D66EF177F5832A68CDA569C13296F6C193FD182B8A4523CA1F2D94D88226EBADBBBBEDB2C1C8A4D05299F46424B222853B014F30C52ACC6287F389C
310
D85E1878FA7B18E87FB36AFAF62AAFF667A83F635211161F291B8999FAB3D5DDC5FCDA99CF6653677679E13B8BFBC5CAF1DF4D27CBCBE5F2FAF6EE1A8AA51290642C117467871F101B91C581D77CEA2C36869F3229E68CD1B8F61F1ED6361B89092D294B90C78C4A68EB793D190E7D1D9BDEE7A91E1B95FDE9F3BCEAEFE809
310
6A6D6F9F7D4B79F4275C90E7A04248AA51D5C4C738DAE06F72885AC4796EBE65D22A88A22223B995679120E2D50EB1542F098381188D4EA111AE3DB043FF20AF6F2B4AE3D7D83D65E5AECA730D4D3BAC91BD05FEA992B565D95F549CD6069B90AB2A63EACA38A45E4B6A87D781574F86817E4C2FCCC72690D62E2729520E37
310
9BAF234797BAF6D62B3BFC781FED37BA1E4F2B2F052FA9501A3E80569BB8F6A9A364D4FA67654E6F803383981F82F21591FF84F23D9882BC896C3FDBCF8C162508933B2E0AE4C69DD43F6BD2BE38DDDBF10BF86CB4FA784D37F3AF16075E67EC9030DECA1FC0A55373F5DFF3378C591FA9BDF485C10B0A8C8BA909E5262639
310
A8E72163488806A595734C81CB77D1DE0ED7604A303B76913CEC0272F412782FF88EFF4636D8AA56DF7B322474C4B767303F625997056C7B032C473C592B36CEBD15F3F9FF5233B7ABCDC74D257624A60F8658567497B14CE1EC3C80B76FD02011038F9EE9EB0F2E12387A9C844D3F09855125116D1D731DF8B43D2CF4E0A0
310
79A020C6BE946BCE0B7EA1E1219331CD73C228AF5A2DDD31A4B1DA918CE91350854D40A71723140BFA92E94E62B0626016CEFA5864A50E5977E8753CEDBEE1CBB7F52780D20E17AF0BA0F5F9B02A3AD07DCC732EB6D1EBB661421BE0C39E21BABF0FE16D22EA6929407C8DE596724C88B749B6DB5512BC7B228ADFD7CB7EA6
310
3A22397E690BA8D5D8D4E40CEC8CDA23C2C0B7D5898640101CEC9C6D331CE328CB93CAFBBAC70A642DF70DF95155945B52F08AA973C23469FD69ADEF84F7BB18F983A8F8C90E37F5D35980B2139A1C523540813E824EF83448CF7C72B598CE97D7CEEDDDDD3B6736BFBC771677EF66CE6A7E7139F7A793E9EDF2B2B3A8B624
310
0CDA13AA5F8388264EC4A0129909F3B7F5A16CEDF08128E97D680ACA4B9BE7B7B58BB638F0B00700EF36AE8B32A705658A68F83EE897FC2B41573190D1CCAF0B92D233A47CFEB019D9809933F67DD1A5467F8CF69AD9A5AE859342D45355448C64F968A371DC2D596ADC6E43D93D1B466F877A64E2893E54F23C4B40388995
310
525E5005DA3983ED45412510D3EFCA13737B3863F74BD30F2A12E5B4B5E489A025CE25500DB855B11ACE5BBFA185D35DD48D8DC3CE7DC69F2944DB42AA6F6CF09BCA622ADD08C7A36E7C6AE18000BAB08E040135C2D21C9D75B3A91B77BB746C403F38018DFE6EC939DD92F16B40BC05294B9CDA035AAD6D330AE27FE4786B
310
8E45145EA34A75BE1C263A676A35A8ACC6297337400BF16C54EF515F3F77CB77EB3583889C754FFA29081AA98E2222ADEF05DA3E63D2EDEA8B8756C05A7FB6CABC4A91CBF325398202CC952E70A008A830324BA200D5E5EF8F5F04C75DB4B0EE3340E071C98B823333B83577596BF3849B69F2085AA0FAFA212F26BEFF5877
310
FDE622B28D88A42E49E43326DA82D31E8CB006401E1DA726059ECEC168F97A6599036306A135688F9AD2E61A6EA178F4CD51974A9F2CCB9F36FE5EBD14601068D9C3BF01504B0304140006080000B670623B000000000000000000000000350000006662782F42384135303843342D343331462D343546312D424341352D35
310
32343432364645413344462F76657274696365732E62696E504B0304140006080800B670623BF270F1330600000004000000360000006662782F42384135303843342D343331462D343546312D424341352D3532343432364645413344462F747269616E676C65732E62696E636660600000504B0304140006080000B67062
310
3B000000000000000000000000370000006662782F42384135303843342D343331462D343546312D424341352D3532343432364645413344462F617474726962757465732E62696E504B0304140006080800B670623B08DA0BD19000000041010000360000006662782F42384135303843342D343331462D343546312D4243
310
41352D3532343432364645413344462F6469726563746F72792E786D6C858F410AC3201045AF22B36F53E9A60B35CBEEBAE80D244E44489C6234F4F835464A48035D0DF398FF9F8AF63D0E6CC63039F212F8F9020C7D47C6792B21C5FE7403D62A1188E2E60C98D7234A5830286103A55745067B9D86B8A3CF9C7F90C11DE6
310
07FB144396D7B6A82D282E9A152AD114D5EF2CB866EEE831B8EEA07A7BB5A8D7D61A2BAAEB7FD5F70921FF497D00504B0304140006080800B670623B3B4606F3FE000000A00100003B0000006662782F42384135303843342D343331462D343546312D424341352D3532343432364645413344462F7265736F75726365732F
310
636F72652E786D6C8D504B6E833010BD0A9A6D65B08134808CA354A427E8052C332156828DFCA97AFC9A40A576D7CDCCE87D344F8F9FBEE647F689CE6B6B7A6039850C8DB2A336530F315C4903D94970676DF82583CCC8197B5861107C72362E3BA4AC096842428D1D7107A5F71820538F74F4E0D50D6799CB1892C2DFF345
310
AABB9C306779A2934E701F5C0A906D4FD609C2A1B7D129F4BCD858C163D4E3AED163FAA9AF1A1D88F67CA98E6D35906AA82A52BFB39ABCD5CD915C86331BD86BD3B665CD8BD52C78D0F34F46E550061C419494B6843142CB0F5677F4D0D58717DA7494F26295FF31C565FCA7296A13AA728FBBD93C0896823C09C18BB5AFB4
310
9E65A6BD762BBE01504B010214000A0000080000B670623B3DEE336E79000000790000001B00000000000000000000000000000000006175746F6465736B2D64657369676E2D7061636B6167652E786D6C504B01021400140006080800B670623BD486FD9CA0000000F40000001300000000000000000000000000B2000000
310
5B436F6E74656E745F54797065735D2E786D6C504B01021400140006080800B670623B28ED286BEB0000007C010000080000000000000000000000000083010000636F72652E786D6C504B01021400140006080800B670623B55019EA25F0000007C000000070000000000000000000000000094020000636E782E786D6C50
310
4B01021400140006080800B670623B7BC41AC871010000D40300000C00000000000000000000000000180300006662782F636F72652E786D6C504B01021400140006080800B670623B70102A487D0000009D0000000B00000000000000000000000000B30400006662782F636E782E786D6C504B01021400140006080800B6
310
70623B3610CA3329010000120200003100000000000000000000000000590500006662782F42384135303843342D343331462D343546312D424341352D3532343432364645413344462F636F72652E786D6C504B01021400140006080800B670623B1B8617914E010000330300003000000000000000000000000000D10600
310
006662782F42384135303843342D343331462D343546312D424341352D3532343432364645413344462F636E782E786D6C504B01021400140006080800B670623BBFEF2E3B690500003C10000034000000000000000000000000006D0800006662782F42384135303843342D343331462D343546312D424341352D35323434
310
32364645413344462F6F626A656374732E786D6C504B01021400140006080000B670623B0000000000000000000000003500000000000000000000000000280E00006662782F42384135303843342D343331462D343546312D424341352D3532343432364645413344462F76657274696365732E62696E504B010214001400
310
06080800B670623BF270F133060000000400000036000000000000000000000000007B0E00006662782F42384135303843342D343331462D343546312D424341352D3532343432364645413344462F747269616E676C65732E62696E504B01021400140006080000B670623B00000000000000000000000037000000000000
310
00000000000000D50E00006662782F42384135303843342D343331462D343546312D424341352D3532343432364645413344462F617474726962757465732E62696E504B01021400140006080800B670623B08DA0BD1900000004101000036000000000000000000000000002A0F00006662782F42384135303843342D3433
310
31462D343546312D424341352D3532343432364645413344462F6469726563746F72792E786D6C504B01021400140006080800B670623B3B4606F3FE000000A00100003B000000000000000000000000000E1000006662782F42384135303843342D343331462D343546312D424341352D3532343432364645413344462F72
310
65736F75726365732F636F72652E786D6C504B0506000000000E000E0080040000651100000000
  0
XRECORD
  5
187
102
{ACAD_REACTORS
330
186
102
}
330
186
100
AcDbXrecord
280
     1
 70
     1
 90
429727718
  1
887D55A9-D0DD-414E-B741-A7DCD4DA2B4C
310
504B03040A0000080000B670623B3DEE336E79000000790000001B0000006175746F6465736B2D64657369676E2D7061636B6167652E786D6C3C3F786D6C2076657273696F6E3D22312E302220656E636F64696E673D227574662D3822203F3E3C666F726D6174733E3C666F726D61743E687474703A2F2F736368656D612E
310
6175746F6465736B2E636F6D2F64657369676E2D7061636B6167652F323030393C2F666F726D61743E3C2F666F726D6174733E504B0304140006080800B670623BD486FD9CA0000000F4000000130000005B436F6E74656E745F54797065735D2E786D6C7D8EC10E82300C865F65E91D8A1E8C310C0EEA1BF002731658846E
310
D98AC1B77784ABF1D8FE5FBFBF75BBCE937A534CCEB38643598122B6FEE978D0B0485F9C41B54DDD7D022595594E1A469170414C76A4D9A4D207E29CF43ECE46F218070CC6BECC4078ACAA135ACF422C856C0E68EA1BF5669944DDD7BCDE7B1F8E415D77AECB980613C2E4AC91FC167A2B244592486606FC29C8FD7F045B9A
310
EF7053A7E60B504B0304140006080800B670623BBC1638F5EC0000007C01000008000000636F72652E786D6C8D90416EC3201045AF82665B61836BE2D8C24471DB9CA01740401C94182C03558F5F9C3852BBEB6A467FFE9B197D7EF89E6EE8CB2CC17AD7032D0820E394D7D68D3DA478C67B4007C117EFE32F1B202727D3C3
310
2A83E0E3E2D3BC49CABB685CCCAAF3DA6CA20CC14440EA969B1E82BA98491632C5EC08D76296EA2A4753D06797E194AC468F2356E77DF66CCD02825543D50CACC62D39ED70FDC68EB8FD68F6F8787A6784342D1DDA1D2F5758F068A7E77DB518198D065111D2624A31A93E69DD11D6D5EC85EC3B4278B9DAFF4069D6FF8492
310
75F1B5DADE7D600104CD8FDC0782976B16B9DC83CA75CD4DFC00504B0304140006080800B670623B55019EA25F0000007C00000007000000636E782E786D6C4DCB3B0E80201045D1AD90E915ED2CF8AC45050C11660C8261F98AB1B07AC9C97D42D718D865D3E909258CFD00CCE24AC6E326A164D74DC0B4128928FF326038
310
472BA13128B1252AC747C6BAB984FC68F0B87FE8960A5C09FE86CFB69FBA01504B0304140006080800B670623B3586FFB671010000D40300000C0000006662782F636F72652E786D6CC553ED6E8320147D15C2DF4541A76D6D90A6DDD627D80B50A4CE54C120983EFEAE1F4DD7A55BBA5FF3879273EEE59E7310B6393735EA
310
95ED2AA3731C851423A5A5292A5DE6D8BB63B0C268C39935C67D29C3488B46E578803167A535BE9D2169B453DA01AA4DA16650749D7218C91A1639EEE4876A4428BC838AEE14B6429E44A9C228041AEA38EB9C0501681A32BC313F1ECE8C4C3867DE57C5CC56054CAB8E95B298A7F12E5EEED224C8E87E11242FE936C8DE96
310
AB60BB7F4D295D66D12E5B30323473E6AAE6A24E5A259C2A308F29CD82280A68FC1E256B9AAE93F489AED694323294DF34F9B678B0C957DA3DC7B3DCA9ADC33C022123F1CD2D44E450277AD04338234388F01913BE0D1A0281909D38D4171F27807A259DB1093085F157AA17B557309586747CD0CF0B46A64E983A6E0EAEEF
310
CE881F9EF1FB8E70D44297604238581EBC1B74B249C31C5AAB6CD0BB33D2C636A27ECCC62F0EFF445DC5DF95244D6DEC7F2922F30191F9F720C37DE49F504B0304140006080800B670623B4220A0FF7D0000009D0000000B0000006662782F636E782E786D6C4DCCD10A83201886E15B91FFDCE542CB0335D0EC3E6259C84A
310
C3E9D8E5AF46073BFAE0E1E315DD675BD1DBA5978F41C2FD4600B9F088930F8B849267CC01754AA418F3DF0D50183727E164506249B1EC174D6E1ECB9A0F5D7D785E68DB8151CD286E5A5363CA6B8A39E90D36D40E96B086F55A43A544F52B1D7B86D517504B0304140006080800B670623B2FA3FEDE290100001202000031
310
0000006662782F45374635344235342D363743322D343832342D383044432D4334454645303536354442422F636F72652E786D6C8D515B6EC32010BC0AE22B55850D2E386E848994D7097A0117488A1283C5A3CAF10BB523B57FF961D1ECCCECC0F2ED7DBC816FED8371B687A4C210682B9D32F6D2C314CFA883602BB8772E
310
FEA141608751F7B0C050F08B77695A20E96CD43666D43AA5177008414708E42D5F7A18E4971E876A483133C2B59A06791D2EBA22556E679EE021FA1C00CC43CA09C5717D6274C7286AD7FB06D1AEA1A8C3873DDAD3E3E98859CB0EBB1DAF67A1E02919B5C88DCA71CCD968FFAC49110B1ECDF8882FBD1EA256503418BF2342
310
106E3E08DD60B6A1EC15771B8C795DE8FF4469524F8A92B1F1AD59E2CEB20005E1F5DC105CB9F4797B84D1F7C9F908CABC55D0F2050A5C61CC1AD2F27A26E6E767C7962E8E213A9FBF7775FDCC5CC266DB960A5E970DE5F2BBBE5CCB36C50F504B0304140006080800B670623B1B8617914E01000033030000300000006662
310
782F45374635344235342D363743322D343832342D383044432D4334454645303536354442422F636E782E786D6CD593C16EC32010447F0571AD6CE3D489D20813A9877E410FBD62D82434182CC055F3F75D1292E692438FBD206B7698593D61BEFD1E2DF982108D773D6D6B460938E5B571FB9ECE6957AD29D90A1EBC4F77
310
364A9C1CA1A759A682EF839FA72269D8C9D92654AD71C72206887E0E0A22CAF926B15E498B01E0AA19451807D01A34B919F16B070157417138917400F2F6FA41FCF0092A45DEE414C19BDC21783E4BD39D891265658C3D8DEA00A3ACE59CBC8678ACB54CB26EEB6BD7839D7E9348BE70AD9C8321B9BCA7F9A4A26C542347DE
310
E050F09802D22BA6749A800A394DD62899107273365E3C82CFC6A55557BC06C10774B7ABE7AEC3B0F34CF06446280E154026D0542C187BA9DAB6628BF7B6DBB0E5A65B3EB1F58631DE64BBE083F7B65CC218087E22CABB042E51D1F2268F1FE12B3EA24D40D63E9CFE00120194D60B9D5BC67FE6D39CDF37E20AF817881F50
310
4B0304140006080800B670623B29652116630500003C100000340000006662782F45374635344235342D363743322D343832342D383044432D4334454645303536354442422F6F626A656374732E786D6CAD575D739B3814FD2B0CFB0C989834C90EA1639B24E3E9A6EDD4D3CE3E64C623834CD8006224913AFDF57B040203
310
B65BEF871F0C12D2FD3CF7E8CA7FBFCB33E3957291B2E2D674ED8969D02262715A24B76625B7D6B569BC0F7CCE98EC2D338D82E4F4D654D366E0279C55A59E8AE99654991CCDDECFFF3444440B6A1A514684B83545F44C7362934AB2988A173B2692D8C97667BB76B3702836E1A47C1E092D09A78584A5982F20C5688C7287
310
C389E904BEA3BE07BEFAD7ABA6A75739B53F43FD69212429A20365233153D70BEF2E2E6FAC4BCF9B5ADEBB0BD79ADFCF43CBBD9A4E16EF168B9BD9DD0D140BC921495BC2E9D60C1E101B9E46BED37CEA2CD6861F3329624541A3DA7F7858DBAC25C6B4A4458C3CA654405BCFEBC970E8AAD8F43E4FD558ABEC4F9FE7557F47
310
4F506B7BFBEC5BCA367FC105710E2AB8A00A554D7CB4A30DFE26FBA86D18CBF4B75418399194A72433B274C3097F33032C554B027F2046A1932B842B0FCCC0DDCBEBDB8AD2F835768F59B9ADB24C41D30C6A64AF817F2A456D59FA83F2E3DA60137255A585BCD60EC9B7929AC18DEFD49381AF1ED30BFDB109A4B1CD488294
310
C3CDE6EBC8D185AABD6568061FEE37BB95AAC7E3CA4BCE4ACAA5820FA0D526AE7DAA2869B5EE5999531BE0CC20E6FBA07C41E43FA27CF7A6206F3CDD793B4F6B919C1462CB788EDCD893FA674CDA17AB7B3B7C019F8D561FAEE966FED562DFE98C1D12C6A9FC015C2A35D7FF3D7FC398F591DA4B5FE0BFA2C0189FEA50AE22
310
92817A1ED3020951A03432862970F976B33383259812CC8E5D240BBA801CBCF8CE2BBEE3BF910DB6AAD5F79E05123AE2DB33981FB1ACCB02B69D00CB014FD68AB573A7627EF9BFD4CC2C5C7D58557C4B22FAA88925A4DBB44825CECE3D78FB060D1231F0E885BE7D673C86A3874958F593906B5502D1563157814FDAC3420D
310
F69A070A22EC4B98E23CFF171A1E5311D12C23056555ABA53B8614563B92D17D02AAB009E8F46284624E5F53D5490C560CCCC2591FF1B45421EB0EBD8EA7ED13BE7C5D7E0428CD60FEF60779EB13E6664FF711CB185F6FDED60D139A001FF60CD1FD6D086F1D51474901E26B2CB794A343BC8ED3EDB612E0DD2351FCB65CF4
310
33D511C9E14B5B40ADC6A6263DB0336A8F700DDF56271A024E70B0B3629DE21847591E55DED73D56206AB927E46FAABC5C939C55853C274C93D69FD6FA4E78BF8B11DF898C9ECD60553FAD39283BA6F18984AA23E8884F83F45C5F5F859797B31B2B9C84A1E5B9DE9D35BFF25C6B76152E422F9C5DCC3D847F5801ED09D5AF
310
41441327A25FF15487F9EB725FB666F048A4701E9A827292E6F97569A32DF61DEC01C0BB8DCBBCCC684E0B49147C1FD54BF685A0AB18C868E6973949E819523E3DAC463660E68C7D9F55A9D1EFA3BD7A76A16AE1A810F95CE59B82A4D968A376DC2E8B44BBDD86B27B368CDE0ED548C7137DA860591A83706223A12CA712B4
310
7306DBF39C0A20A6DF95C7FAF670C6EED7A61F946493D1D6926782963813403548A78AE470DEF80D2D9CEAA26E4D1C76F60BFE74219A06527D6B82DF641A51616F703CAAC6A7160E08A00BEB4810A0274592A1B36E3675E36E978A0DE80727A0D6DF2D39A75BD27E0D8837276589537B40ABB56D5A41F48F1C6FCD3188C4EB
310
A6929D2FFB89CE995A4D00AE813BDD032DC48B56BD437DFDDC2DD7AED70C2272D63DE9A72068A45A92F0A4BE17A8A06B9366E16707AD80B1FC649459952097E74BB23805982B55E0401150A165964402AA8BDF9F3E7386BB686EDCA780C0D382E5392BF460A6EFB2C6EA1937D3F809B440D5F5435C4C5CF7A9EEFAF54564BD
310
2182DA24162F98680B4E7930C21A0079709CEAEB99A372305ABE0C0D7D6078105A83F6A0296DAEE1068A47DD1C55A9F4C9B2FC69E3EFD44B81028E963DF81B504B0304140006080000B670623B000000000000000000000000350000006662782F45374635344235342D363743322D343832342D383044432D433445464530
310
3536354442422F76657274696365732E62696E504B0304140006080800B670623BF270F1330600000004000000360000006662782F45374635344235342D363743322D343832342D383044432D4334454645303536354442422F747269616E676C65732E62696E636660600000504B0304140006080000B670623B00000000
310
0000000000000000370000006662782F45374635344235342D363743322D343832342D383044432D4334454645303536354442422F617474726962757465732E62696E504B0304140006080800B670623B08DA0BD19000000041010000360000006662782F45374635344235342D363743322D343832342D383044432D4334
310
454645303536354442422F6469726563746F72792E786D6C858F410AC3201045AF22B36F53E9A60B35CBEEBAE80D244E44489C6234F4F835464A48035D0DF398FF9F8AF63D0E6CC63039F212F8F9020C7D47C6792B21C5FE7403D62A1188E2E60C98D7234A5830286103A55745067B9D86B8A3CF9C7F90C11DE607FB144396
310
D7B6A82D282E9A152AD114D5EF2CB866EEE831B8EEA07A7BB5A8D7D61A2BAAEB7FD5F70921FF497D00504B0304140006080800B670623B6378F24DFF000000A00100003B0000006662782F45374635344235342D363743322D343832342D383044432D4334454645303536354442422F7265736F75726365732F636F72652E
310
786D6C8D504B6E833010BD0A9A6D65B0094E42641C85B639412F6099496225D8C89FAAC7AF09546A77DDCC8CDE47F3F4C4F16B7C149FE88371B603565228D06A37187BED20C50BD9437194C23B177FC9A0B06AC40E6618A4B87A97A615D2CE46B431A3D60DB8822A048C50E8473E3A08FA86A32A558A5911EEE5A4F45D5DB1
310
6465A6B34E8A107D0E502C4FE609D26370C96B0CA25A58295232C3AA3143FE692E063D485EF7F5AEE71BD2D2F39634AFFC44DAF7DD9E9CCE6F9CD25DCBFA762BAAD92C4534E34F46ED51451C40D694B6843142EB0FD61C283F34FC85EE0F948A6A96FF31A569F8A729191B37F51A77B105902C0779125254735F793DCBCC7B
310
EE567E03504B010214000A0000080000B670623B3DEE336E79000000790000001B00000000000000000000000000000000006175746F6465736B2D64657369676E2D7061636B6167652E786D6C504B01021400140006080800B670623BD486FD9CA0000000F40000001300000000000000000000000000B20000005B436F6E
310
74656E745F54797065735D2E786D6C504B01021400140006080800B670623BBC1638F5EC0000007C010000080000000000000000000000000083010000636F72652E786D6C504B01021400140006080800B670623B55019EA25F0000007C000000070000000000000000000000000095020000636E782E786D6C504B010214
310
00140006080800B670623B3586FFB671010000D40300000C00000000000000000000000000190300006662782F636F72652E786D6C504B01021400140006080800B670623B4220A0FF7D0000009D0000000B00000000000000000000000000B40400006662782F636E782E786D6C504B01021400140006080800B670623B2F
310
A3FEDE290100001202000031000000000000000000000000005A0500006662782F45374635344235342D363743322D343832342D383044432D4334454645303536354442422F636F72652E786D6C504B01021400140006080800B670623B1B8617914E010000330300003000000000000000000000000000D2060000666278
310
2F45374635344235342D363743322D343832342D383044432D4334454645303536354442422F636E782E786D6C504B01021400140006080800B670623B29652116630500003C10000034000000000000000000000000006E0800006662782F45374635344235342D363743322D343832342D383044432D4334454645303536
310
354442422F6F626A656374732E786D6C504B01021400140006080000B670623B0000000000000000000000003500000000000000000000000000230E00006662782F45374635344235342D363743322D343832342D383044432D4334454645303536354442422F76657274696365732E62696E504B01021400140006080800
310
B670623BF270F13306000000040000003600000000000000000000000000760E00006662782F45374635344235342D363743322D343832342D383044432D4334454645303536354442422F747269616E676C65732E62696E504B01021400140006080000B670623B0000000000000000000000003700000000000000000000
310
000000D00E00006662782F45374635344235342D363743322D343832342D383044432D4334454645303536354442422F617474726962757465732E62696E504B01021400140006080800B670623B08DA0BD190000000410100003600000000000000000000000000250F00006662782F45374635344235342D363743322D34
310
3832342D383044432D4334454645303536354442422F6469726563746F72792E786D6C504B01021400140006080800B670623B6378F24DFF000000A00100003B00000000000000000000000000091000006662782F45374635344235342D363743322D343832342D383044432D4334454645303536354442422F7265736F75
310
726365732F636F72652E786D6C504B0506000000000E000E0080040000611100000000
  0
XRECORD
  5
112
102
{ACAD_REACTORS
330
110
102
}
330
110
100
AcDbXrecord
280
     1
270
     1
271
     1
  0
XRECORD
  5
111
102
{ACAD_REACTORS
330
110
102
}
330
110
100
AcDbXrecord
280
     1
270
     1
271
     1
  0
XRECORD
  5
18A
102
{ACAD_REACTORS
330
110
102
}
330
110
100
AcDbXrecord
280
     1
 70
     0
 90
1778669749
  1
9BF507EE-FAF7-4A99-A33D-4EE51894BC40
310
504B03040A0000080000B670623B3DEE336E79000000790000001B0000006175746F6465736B2D64657369676E2D7061636B6167652E786D6C3C3F786D6C2076657273696F6E3D22312E302220656E636F64696E673D227574662D3822203F3E3C666F726D6174733E3C666F726D61743E687474703A2F2F736368656D612E
310
6175746F6465736B2E636F6D2F64657369676E2D7061636B6167652F323030393C2F666F726D61743E3C2F666F726D6174733E504B0304140006080800B670623BD486FD9CA0000000F4000000130000005B436F6E74656E745F54797065735D2E786D6C7D8EC10E82300C865F65E91D8A1E8C310C0EEA1BF002731658846E
310
D98AC1B77784ABF1D8FE5FBFBF75BBCE937A534CCEB38643598122B6FEE978D0B0485F9C41B54DDD7D022595594E1A469170414C76A4D9A4D207E29CF43ECE46F218070CC6BECC4078ACAA135ACF422C856C0E68EA1BF5669944DDD7BCDE7B1F8E415D77AECB980613C2E4AC91FC167A2B244592486606FC29C8FD7F045B9A
310
EF7053A7E60B504B0304140006080800B670623BCA089DFFEC0000007C01000008000000636F72652E786D6C8D90416E83301045AF62CDB632D8402020E32882F604BD80653BC44AB011B6AB1EBF262152BBEB6A467FFE9B197D76FA9EEFE84BAFDE38DB03CD08206DA553C64E3DC470C1474027CE56E7C22F1B202B66DDC3
310
260367D3EAE2B24BD2D9A06D48AA754AEFA2F05E0740F29E9A1EBCBCEA59642286E4F0B76C11F226269DD15797E0188D42CF2346A57DE662F40ABCAEC77628C6120F654571D50C04B7F5B9C1E3997CD4F550BE3745C3F20DE62C98F9755FAE5A04AD801784B498524C8A4F5A75E4D055873772EC0861F966FF03C545FD138A
310
C686B2D8DF7D621E384D8F3C069CE55B16A93C824A75CB8DFF00504B0304140006080800B670623B55019EA25F0000007C00000007000000636E782E786D6C4DCB3B0E80201045D1AD90E915ED2CF8AC45050C11660C8261F98AB1B07AC9C97D42D718D865D3E909258CFD00CCE24AC6E326A164D74DC0B4128928FF326038
310
472BA13128B1252AC747C6BAB984FC68F0B87FE8960A5C09FE86CFB69FBA01504B0304140006080800B670623B68FC0B7272010000D40300000C0000006662782F636F72652E786D6CC5535B6E833010BC8AE5DF0A6C1E8124328E22D29EA01770C0A128602363A31CBFCB234A53A555FA553EC09AD9F5CE8C31DB5DDA060D
310
D2F4B556190E7C8A9154852E6B5565D8D993B7C668C799D1DA7E29C3488956667884316795D1AE5BA0422B2B950554E9522EA0E87B69312A1A5864B82F3E642B7CE12C54F467BF13C55954D20F7CA0A18EB3DE1A1080E621E31BF3D3F1C2C88C73E65C5D2E6C5DC2B4FA544B8379921C36797888BC3C8A032F4E73EA6D927D
310
EA1DF6F42D49F2E8350D5346C666CE6CDD5ED515460A2B4BCC434A375E1078347C0FE22D5D6DE3D50B5D6F2965642CBF6B725DF96493AB958DC245EEDCD6631E809089F8E61622B2A81703E8219C913144F84C09DF070D8140C8561C9BAB8F3340832CAC363130A576376A108D933095FA747AD0CF0B46E64E983A6D0EAE1F
310
CE089F9EF1FB8E70D44255604258581E9D1D75B259C3125A278D37D80B52DAB4A279CEC62F0EFF44DDC43F9454E8469BFF5244960322CBEF41C6FBC83F01504B0304140006080800B670623B0F71DDB67E0000009D0000000B0000006662782F636E782E786D6C4DCCD10A83201886E15B91FFDCA54DB73F502386BB8F5816
310
32D3703976F9ABD1C18E3E78F87855FB990379BBFCF2296AE02706C4C5471A7C9C349475A408A4352AA7B4FEDD80C47E761A7606A3A69CCA72D0E0C6BE8475D3E0E3F3409428EA6B27A84079A782899AA2EC1A7AE3ECCC2FD858CB2D544655BFD2B67BD87C01504B0304140006080800B670623BE134B4FB28010000120200
310
00310000006662782F38353834323741342D343835462D343034322D383541392D4331303331363839454531452F636F72652E786D6C8D515B6EC32010BC0AE22B55850D0EA424C24451959EA0172086A42831583CAA1CBF503B52FB971F16CDCECC0EACD8DFC71BF836215AEF7A481A0C817183D7D65D7A98D3197108F652
310
04EFD31F1A044E8DA6871586525C82CFD3020DDE25E352419DD76601558C264130DCCAA58771F832A36A544E8511AFCDA486ABBA988634A55D7852C4144A00300FA927949C71DABD1D28A29C7D208A6987383B6CD13BC16BB2E1DBE3911C453B0BA5C8D9EA456E758963CFD684674DAA588A64C747FC2118958C86B2C3788B
310
0841B8FB247487D98EB257CC77188BB6D2FF89F2A49F1465EBD2BA5BE2CEB2082511EDDC9042FB7CBA3DC298FBE4430275DE2A9AE1054ADC60CC08E3A29D89E5F9C5714317C7987C28DFBBBA9E0A97B0D97643A568EB864AF95D5FA9759BF207504B0304140006080800B670623B1B8617914E010000330300003000000066
310
62782F38353834323741342D343835462D343034322D383541392D4331303331363839454531452F636E782E786D6CD593C16EC32010447F0571AD6CE3D489D20813A9877E410FBD62D82434182CC055F3F75D1292E692438FBD206B7698593D61BEFD1E2DF982108D773D6D6B460938E5B571FB9ECE6957AD29D90A1EBC4F
310
77364A9C1CA1A759A682EF839FA72269D8C9D92654AD71C72206887E0E0A22CAF926B15E498B01E0AA19451807D01A34B919F16B070157417138917400F2F6FA41FCF0092A45DEE414C19BDC21783E4BD39D891265658C3D8DEA00A3ACE59CBC8678ACB54CB26EEB6BD7839D7E9348BE70AD9C8321B9BCA7F9A4A26C542347
310
DEE050F09802D22BA6749A800A394DD62899107273365E3C82CFC6A55557BC06C10774B7ABE7AEC3B0F34CF06446280E154026D0542C187BA9DAB6628BF7B6DBB0E5A65B3EB1F58631DE64BBE083F7B65CC218087E22CABB042E51D1F2268F1FE12B3EA24D40D63E9CFE00120194D60B9D5BC67FE6D39CDF37E20AF817881F
310
504B0304140006080800B670623B5933D422630500003B100000340000006662782F38353834323741342D343835462D343034322D383541392D4331303331363839454531452F6F626A656374732E786D6CAD575B6FA33814FE2B887D0642934E9B156594264D158D3A534DD4D13E548A0C38942D60649B4EBABF7E3F8321
310
40924EF6928780CDF1B97EE762EFF32E4B8D37CA45C2F21BD3B547A641F39045491EDF98A5DC5AD7A6F1D9F73863B243661A39C9E88DA9B64DDF8B392B0BBD15D12D295339D85DDEFE618890E6D434C2940871638AF08566C426A5641115AF764424B1E3EDCE76ED9AB0CF36E6A47819302D08A7B984A6D8CFC1C5A89572FB
310
CB91E9F89EA3BEFB9EFAD754E3D3544E654F5F7E920B49F2F040D880CDD89D2CEE2E2EA7D6E56432B6269F2E5CEB7679BBB0DCABF168FE693E9FCEEEA6102C240727AD09A75BD3BF876F78127A4EFDA9D5582B7E4CA590E5390D2BFB6161A5B3E618D182E611E2985001691DAB47FDA5AB7CD3F93C566B2DB2BB7D9E55DD13
310
1D468DEECDB3AB290BFE8409E21C54704115AA6AFF68436BFC8DF65E0B184BF5B74418199194272435D224E084BF9B3E481589EFF5D828747285706581E9BB7B7E5D5D911ABFC6EE312DB7659A2A689A7E85EC0DF04FA5A8344BFEA2FCB834E8845895492EAFB541F2BDA0A63FF59C6AD3F7D4637CA13FD68E34B629891172
310
98597F1D183A57B9B75A98FE9765B05BAB7C3C2EBCE0ACA05C2AF8005A4DE09AA7F29216EB9E15397500C6F47CBE77CA7778FE2BD277AF0AE2C693DD6437D1522427B9D8329E2136F6A8FA19A3E6C56ADF0E5F50CF06D48734EDCEBF22F69C56D97EC138153F804B85E6FABFC7AFEFB32E523BE1F3BD372418E363EDCA7548
310
52949E8724474014288D94610BB57C1BEC4C7F854A89CA8E5324F55B871CBC78CE1BBEE3BFE68D6A5589EF3C730474506FCFA8FCF0659516D0ED04580EEA6425581B77CAE797FF4BCECC16EB2FEB926F49481F746159D06D922712BD730FDEAE42BD40F42C7AA5EF3F198F60E86110D6DD20645A9480B795CF95E3E3A659A8
310
C55E724F408873315335CFFB8584874484344D494E59D94869DB90C26A5B64F49C802CAC1D3ABE18A098D3B7444D123D8A9E5AE8F5214F0AE5B2B6E9B575DA3E61CBD3EA2B4009FA940524DD1305FB6A1FB294F14DF0BEA90BA109ECE1481FDC3FFAE8D60E75141700BE82725371B4873751B2DD960265F788137FACE6DD40
310
B575E4F0A5C99F46629D92131467A41EE11ABD8D4CCC039CA0AFB37C93A08B232B8F0AEFCA1E0A1015DF13FC83322B362463652ECF71D3A8B1A7D1BE65DE1D62C44F22C317D35F574FEB16153BA2D13E543D10A80E74C4A65E78A6B7CBCBD1D5DD9DB59C2DAFACC96C3AB566E3F1C29ADCDD5DBAD7D3C9ED7C822ED74F80A6
310
41755310DE4443F44A9E68373FADF6596BFA0F440AE7BECE2727AE9F4F2B1B53B1E7E00CF0DD1E5C65454A339A4BA2D0FBA05ED2EF0443458F47BDBFCA484CCFE0F2ED7E3DD0013B679C7B5499467F0ECEEADDB9CA85A34CE44B99053949D2C1416DB85DE4B136BB7165FBAC0B7AB3542BED4F8CA182A549847A1319316519
310
95A83A67147B9E5101C47487F2485F1ECE38FD568F839204296D3479219888530154036E6528FBFBC66F98E0D4107563A2D7D9AFF8D389681A08F58D89F22693900A3B407754734FC51C10C010D6D640809EE4718AC1BA3ED4AEDB53CA37283F68805A7E4B72CEB0A4EDEAD5DD8C14059A76AFAA56BA6901E13F32BC51C720
310
12AF41295B5BF61BAD3195181FB506E6B40F4C10AF5AF40EF9F5B159AE5DD1F43C72D635E94310D45C2D49785C5D0B94D3B54AB3C5A38349C0587D338AB48C11CBF339599C02CCA54A70A008A8D03C0B2201D5F9EFCF8F9CE12A9A19CB0410789EB32C63B95ECCF455D658BFE0621A3DA32C5075FB101723D77DAE867E7D0F
310
D90444509B44E2151B4DC2290B065803200FBAA9BE9D392A0603F2D5C2D00D6302A615680F66D2FA166E2079D4C551A54AB758161FCEFD4E450A14704CECFEDF504B0304140006080000B670623B000000000000000000000000350000006662782F38353834323741342D343835462D343034322D383541392D4331303331
310
363839454531452F76657274696365732E62696E504B0304140006080800B670623BF270F1330600000004000000360000006662782F38353834323741342D343835462D343034322D383541392D4331303331363839454531452F747269616E676C65732E62696E636660600000504B0304140006080000B670623B000000
310
000000000000000000370000006662782F38353834323741342D343835462D343034322D383541392D4331303331363839454531452F617474726962757465732E62696E504B0304140006080800B670623B08DA0BD19000000041010000360000006662782F38353834323741342D343835462D343034322D383541392D43
310
31303331363839454531452F6469726563746F72792E786D6C858F410AC3201045AF22B36F53E9A60B35CBEEBAE80D244E44489C6234F4F835464A48035D0DF398FF9F8AF63D0E6CC63039F212F8F9020C7D47C6792B21C5FE7403D62A1188E2E60C98D7234A5830286103A55745067B9D86B8A3CF9C7F90C11DE607FB1443
310
96D7B6A82D282E9A152AD114D5EF2CB866EEE831B8EEA07A7BB5A8D7D61A2BAAEB7FD5F70921FF497D00504B0304140006080800B670623BD9A3B367FE000000A00100003B0000006662782F38353834323741342D343835462D343034322D383541392D4331303331363839454531452F7265736F75726365732F636F7265
310
2E786D6C8D504B6E833010BD0A9A6D65B01D0201194711694FD00B586642AD043BF2A7EAF16B122AB5BB6E6646EFA3797AE2F8B5DC8A4FF4C1383B002B291468B59B8C9D0748F1420E501CA5F0CEC55F3228AC5A708015062966EFD27D83B4B3116DCCA875136EA00A012314FA968F0182FEC045952AC5AC08D7F2AEF455CD
310
58B232D3592745883E07289E4FD609D26370C96B0CA27AB252A464A64D63A6FCD35C0C7A904D73EE467EE664DCD58CD4ED4849D79C5A723ED1B7A61977AF2D6F45B59AA58866F9C9A83DAA8813484E6947182394BFB3BAA7FBBEDEBFD0434FA9A856F91F53BA4FFF342563E38E6F719FB60092E5200F428A6AED2BAF479979
310
AFDDCA6F504B010214000A0000080000B670623B3DEE336E79000000790000001B00000000000000000000000000000000006175746F6465736B2D64657369676E2D7061636B6167652E786D6C504B01021400140006080800B670623BD486FD9CA0000000F40000001300000000000000000000000000B20000005B436F6E
310
74656E745F54797065735D2E786D6C504B01021400140006080800B670623BCA089DFFEC0000007C010000080000000000000000000000000083010000636F72652E786D6C504B01021400140006080800B670623B55019EA25F0000007C000000070000000000000000000000000095020000636E782E786D6C504B010214
310
00140006080800B670623B68FC0B7272010000D40300000C00000000000000000000000000190300006662782F636F72652E786D6C504B01021400140006080800B670623B0F71DDB67E0000009D0000000B00000000000000000000000000B50400006662782F636E782E786D6C504B01021400140006080800B670623BE1
310
34B4FB280100001202000031000000000000000000000000005C0500006662782F38353834323741342D343835462D343034322D383541392D4331303331363839454531452F636F72652E786D6C504B01021400140006080800B670623B1B8617914E010000330300003000000000000000000000000000D3060000666278
310
2F38353834323741342D343835462D343034322D383541392D4331303331363839454531452F636E782E786D6C504B01021400140006080800B670623B5933D422630500003B10000034000000000000000000000000006F0800006662782F38353834323741342D343835462D343034322D383541392D4331303331363839
310
454531452F6F626A656374732E786D6C504B01021400140006080000B670623B0000000000000000000000003500000000000000000000000000240E00006662782F38353834323741342D343835462D343034322D383541392D4331303331363839454531452F76657274696365732E62696E504B01021400140006080800
310
B670623BF270F13306000000040000003600000000000000000000000000770E00006662782F38353834323741342D343835462D343034322D383541392D4331303331363839454531452F747269616E676C65732E62696E504B01021400140006080000B670623B0000000000000000000000003700000000000000000000
310
000000D10E00006662782F38353834323741342D343835462D343034322D383541392D4331303331363839454531452F617474726962757465732E62696E504B01021400140006080800B670623B08DA0BD190000000410100003600000000000000000000000000260F00006662782F38353834323741342D343835462D34
310
3034322D383541392D4331303331363839454531452F6469726563746F72792E786D6C504B01021400140006080800B670623BD9A3B367FE000000A00100003B000000000000000000000000000A1000006662782F38353834323741342D343835462D343034322D383541392D4331303331363839454531452F7265736F75
310
726365732F636F72652E786D6C504B0506000000000E000E0080040000611100000000
  0
XRECORD
  5
113
102
{ACAD_REACTORS
330
110
102
}
330
110
100
AcDbXrecord
280
     1
270
     1
271
     1
  0
XRECORD
  5
114
102
{ACAD_REACTORS
330
110
102
}
330
110
100
AcDbXrecord
280
     1
270
     1
271
     1
  0
CELLSTYLEMAP
  5
B09
102
{ACAD_REACTORS
330
104
102
}
330
104
100
AcDbCellStyleMap
 90
        3
300
CELLSTYLE
  1
TABLEFORMAT_BEGIN
 90
        5
170
     1
 91
        0
 92
    32768
 62
   257
 93
        1
300
CONTENTFORMAT
  1
CONTENTFORMAT_BEGIN
 90
        0
 91
        0
 92
      512
 93
        0
300

 40
0.0
140
1.0
 94
        5
 62
     0
340
11
144
0.25
309
CONTENTFORMAT_END
171
     1
301
MARGIN
  1
CELLMARGIN_BEGIN
 40
0.06
 40
0.06
 40
0.06
 40
0.06
 40
0.18
 40
0.18
309
CELLMARGIN_END
 94
        6
 95
        1
302
GRIDFORMAT
  1
GRIDFORMAT_BEGIN
 90
        0
 91
        1
 62
     0
 92
       -2
340
0
 93
        0
 40
0.045
309
GRIDFORMAT_END
 95
        2
302
GRIDFORMAT
  1
GRIDFORMAT_BEGIN
 90
        0
 91
        1
 62
     0
 92
       -2
340
0
 93
        0
 40
0.045
309
GRIDFORMAT_END
 95
        4
302
GRIDFORMAT
  1
GRIDFORMAT_BEGIN
 90
        0
 91
        1
 62
     0
 92
       -2
340
0
 93
        0
 40
0.045
309
GRIDFORMAT_END
 95
        8
302
GRIDFORMAT
  1
GRIDFORMAT_BEGIN
 90
        0
 91
        1
 62
     0
 92
       -2
340
0
 93
        0
 40
0.045
309
GRIDFORMAT_END
 95
       16
302
GRIDFORMAT
  1
GRIDFORMAT_BEGIN
 90
        0
 91
        1
 62
     0
 92
       -2
340
0
 93
        0
 40
0.045
309
GRIDFORMAT_END
 95
       32
302
GRIDFORMAT
  1
GRIDFORMAT_BEGIN
 90
        0
 91
        1
 62
     0
 92
       -2
340
0
 93
        0
 40
0.045
309
GRIDFORMAT_END
309
TABLEFORMAT_END
  1
CELLSTYLE_BEGIN
 90
        1
 91
        1
300
_TITLE
309
CELLSTYLE_END
300
CELLSTYLE
  1
TABLEFORMAT_BEGIN
 90
        5
170
     1
 91
        0
 92
        0
 62
   257
 93
        1
300
CONTENTFORMAT
  1
CONTENTFORMAT_BEGIN
 90
        0
 91
        0
 92
      512
 93
        0
300

 40
0.0
140
1.0
 94
        5
 62
     0
340
11
144
0.18
309
CONTENTFORMAT_END
171
     1
301
MARGIN
  1
CELLMARGIN_BEGIN
 40
0.06
 40
0.06
 40
0.06
 40
0.06
 40
0.18
 40
0.18
309
CELLMARGIN_END
 94
        6
 95
        1
302
GRIDFORMAT
  1
GRIDFORMAT_BEGIN
 90
        0
 91
        1
 62
     0
 92
       -2
340
0
 93
        0
 40
0.045
309
GRIDFORMAT_END
 95
        2
302
GRIDFORMAT
  1
GRIDFORMAT_BEGIN
 90
        0
 91
        1
 62
     0
 92
       -2
340
0
 93
        0
 40
0.045
309
GRIDFORMAT_END
 95
        4
302
GRIDFORMAT
  1
GRIDFORMAT_BEGIN
 90
        0
 91
        1
 62
     0
 92
       -2
340
0
 93
        0
 40
0.045
309
GRIDFORMAT_END
 95
        8
302
GRIDFORMAT
  1
GRIDFORMAT_BEGIN
 90
        0
 91
        1
 62
     0
 92
       -2
340
0
 93
        0
 40
0.045
309
GRIDFORMAT_END
 95
       16
302
GRIDFORMAT
  1
GRIDFORMAT_BEGIN
 90
        0
 91
        1
 62
     0
 92
       -2
340
0
 93
        0
 40
0.045
309
GRIDFORMAT_END
 95
       32
302
GRIDFORMAT
  1
GRIDFORMAT_BEGIN
 90
        0
 91
        1
 62
     0
 92
       -2
340
0
 93
        0
 40
0.045
309
GRIDFORMAT_END
309
TABLEFORMAT_END
  1
CELLSTYLE_BEGIN
 90
        2
 91
        1
300
_HEADER
309
CELLSTYLE_END
300
CELLSTYLE
  1
TABLEFORMAT_BEGIN
 90
        5
170
     1
 91
        0
 92
        0
 62
   257
 93
        1
300
CONTENTFORMAT
  1
CONTENTFORMAT_BEGIN
 90
        0
 91
        0
 92
      512
 93
        0
300

 40
0.0
140
1.0
 94
        2
 62
     0
340
11
144
0.18
309
CONTENTFORMAT_END
171
     1
301
MARGIN
  1
CELLMARGIN_BEGIN
 40
0.06
 40
0.06
 40
0.06
 40
0.06
 40
0.18
 40
0.18
309
CELLMARGIN_END
 94
        6
 95
        1
302
GRIDFORMAT
  1
GRIDFORMAT_BEGIN
 90
        0
 91
        1
 62
     0
 92
       -2
340
0
 93
        0
 40
0.045
309
GRIDFORMAT_END
 95
        2
302
GRIDFORMAT
  1
GRIDFORMAT_BEGIN
 90
        0
 91
        1
 62
     0
 92
       -2
340
0
 93
        0
 40
0.045
309
GRIDFORMAT_END
 95
        4
302
GRIDFORMAT
  1
GRIDFORMAT_BEGIN
 90
        0
 91
        1
 62
     0
 92
       -2
340
0
 93
        0
 40
0.045
309
GRIDFORMAT_END
 95
        8
302
GRIDFORMAT
  1
GRIDFORMAT_BEGIN
 90
        0
 91
        1
 62
     0
 92
       -2
340
0
 93
        0
 40
0.045
309
GRIDFORMAT_END
 95
       16
302
GRIDFORMAT
  1
GRIDFORMAT_BEGIN
 90
        0
 91
        1
 62
     0
 92
       -2
340
0
 93
        0
 40
0.045
309
GRIDFORMAT_END
 95
       32
302
GRIDFORMAT
  1
GRIDFORMAT_BEGIN
 90
        0
 91
        1
 62
     0
 92
       -2
340
0
 93
        0
 40
0.045
309
GRIDFORMAT_END
309
TABLEFORMAT_END
  1
CELLSTYLE_BEGIN
 90
        3
 91
        2
300
_DATA
309
CELLSTYLE_END
  0
ENDSEC
  0
SECTION
  2
ACDSDATA
 70
     2
 71
     8
  0
ACDSSCHEMA
 90
        0
  1
AcDb_Thumbnail_Schema
  2
AcDbDs::ID
280
    10
 91
        8
  2
Thumbnail_Data
280
    15
 91
        0
101
ACDSRECORD
 95
        0
 90
        1
  2
AcDbDs::TreatedAsObjectData
280
     1
291
     1
101
ACDSRECORD
 95
        0
 90
        2
  2
AcDbDs::Legacy
280
     1
291
     1
101
ACDSRECORD
  1
AcDbDs::ID
 90
        3
  2
AcDs:Indexable
280
     1
291
     1
101
ACDSRECORD
  1
AcDbDs::ID
 90
        4
  2
AcDbDs::HandleAttribute
280
     7
282
     1
  0
ACDSSCHEMA
 90
        1
  1
AcDbDs::TreatedAsObjectDataSchema
  2
AcDbDs::TreatedAsObjectData
280
     1
 91
        0
  0
ACDSSCHEMA
 90
        2
  1
AcDbDs::LegacySchema
  2
AcDbDs::Legacy
280
     1
 91
        0
  0
ACDSSCHEMA
 90
        3
  1
AcDbDs::IndexedPropertySchema
  2
AcDs:Indexable
280
     1
 91
        0
  0
ACDSSCHEMA
 90
        4
  1
AcDbDs::HandleAttributeSchema
  2
AcDbDs::HandleAttribute
280
     7
 91
        1
284
     1
  0
ACDSRECORD
 90
        0
  2
AcDbDs::ID
280
    10
320
22
  2
Thumbnail_Data
280
    15
 94
      896
310
89504E470D0A1A0A0000000D49484452000001000000009108030000001BE1960600000300504C5445212830FFFFFF2128300000000000000000000000000000000000000000000000000000330000660000990000CC0000FF0033000033330033660033990033CC0033FF0066000066330066660066990066CC0066FF0099
310
000099330099660099990099CC0099FF00CC0000CC3300CC6600CC9900CCCC00CCFF00FF0000FF3300FF6600FF9900FFCC00FFFF3300003300333300663300993300CC3300FF3333003333333333663333993333CC3333FF3366003366333366663366993366CC3366FF3399003399333399663399993399CC3399FF33CC00
310
33CC3333CC6633CC9933CCCC33CCFF33FF0033FF3333FF6633FF9933FFCC33FFFF6600006600336600666600996600CC6600FF6633006633336633666633996633CC6633FF6666006666336666666666996666CC6666FF6699006699336699666699996699CC6699FF66CC0066CC3366CC6666CC9966CCCC66CCFF66FF0066
310
FF3366FF6666FF9966FFCC66FFFF9900009900339900669900999900CC9900FF9933009933339933669933999933CC9933FF9966009966339966669966999966CC9966FF9999009999339999669999999999CC9999FF99CC0099CC3399CC6699CC9999CCCC99CCFF99FF0099FF3399FF6699FF9999FFCC99FFFFCC0000CC00
310
33CC0066CC0099CC00CCCC00FFCC3300CC3333CC3366CC3399CC33CCCC33FFCC6600CC6633CC6666CC6699CC66CCCC66FFCC9900CC9933CC9966CC9999CC99CCCC99FFCCCC00CCCC33CCCC66CCCC99CCCCCCCCCCFFCCFF00CCFF33CCFF66CCFF99CCFFCCCCFFFFFF0000FF0033FF0066FF0099FF00CCFF00FFFF3300FF3333
310
FF3366FF3399FF33CCFF33FFFF6600FF6633FF6666FF6699FF66CCFF66FFFF9900FF9933FF9966FF9999FF99CCFF99FFFFCC00FFCC33FFCC66FFCC99FFCCCCFFCCFFFFFF00FFFF33FFFF66FFFF99FFFFCCFFFFFF0000000D0D0D1A1A1A2828283535354343435050505D5D5D6B6B6B787878868686939393A1A1A1AEAEAEBB
310
BBBBC9C9C9D6D6D6E4E4E4F1F1F1FFFFFF0000000000000000000000000000000000000000000000000000000000002E4550F10000003B4944415478DAEDC13101000000C2A0F54F6D0B2FA0000000000000000000000000000000000000000000000000000000000000000000000000CE06919100016C9A5B1B0000000049
310
454E44AE426082
  0
ENDSEC
  0
EOF
