  0
SECTION
  2
HEADER
  9
$ACADVER
  1
AC1032
  9
$ACADMAINTVER
 90
      328
  9
$DWGCODEPAGE
  3
ANSI_1252
  9
$LASTSAVEDBY
  1
Sakshi
  9
$REQUIREDVERSIONS
160
                 0
  9
$INSBASE
 10
0.0
 20
0.0
 30
0.0
  9
$EXTMIN
 10
0.0
 20
0.0
 30
0.0
  9
$EXTMAX
 10
21654.49824877344
 20
22498.86974906316
 30
0.0
  9
$LIMMIN
 10
0.0
 20
0.0
  9
$LIMMAX
 10
420.0
 20
297.0
  9
$ORTHOMODE
 70
     0
  9
$REGENMODE
 70
     1
  9
$FILLMODE
 70
     1
  9
$QTEXTMODE
 70
     0
  9
$MIRRTEXT
 70
     0
  9
$LTSCALE
 40
1.0
  9
$ATTMODE
 70
     1
  9
$TEXTSIZE
 40
2.5
  9
$TRACEWID
 40
1.0
  9
$TEXTSTYLE
  7
Standard
  9
$CLAYER
  8
0
  9
$CELTYPE
  6
ACAD_ISO08W100
  9
$CECOLOR
 62
   256
  9
$CELTSCALE
 40
2.0
  9
$DISPSILH
 70
     0
  9
$DIMSCALE
 40
1.0
  9
$DIMASZ
 40
2.5
  9
$DIMEXO
 40
0.625
  9
$DIMDLI
 40
3.75
  9
$DIMRND
 40
0.0
  9
$DIMDLE
 40
0.0
  9
$DIMEXE
 40
1.25
  9
$DIMTP
 40
0.0
  9
$DIMTM
 40
0.0
  9
$DIMTXT
 40
2.5
  9
$DIMCEN
 40
2.5
  9
$DIMTSZ
 40
0.0
  9
$DIMTOL
 70
     0
  9
$DIMLIM
 70
     0
  9
$DIMTIH
 70
     0
  9
$DIMTOH
 70
     0
  9
$DIMSE1
 70
     0
  9
$DIMSE2
 70
     0
  9
$DIMTAD
 70
     1
  9
$DIMZIN
 70
     8
  9
$DIMBLK
  1

  9
$DIMASO
 70
     1
  9
$DIMSHO
 70
     1
  9
$DIMPOST
  1

  9
$DIMAPOST
  1

  9
$DIMALT
 70
     0
  9
$DIMALTD
 70
     3
  9
$DIMALTF
 40
0.03937007874016
  9
$DIMLFAC
 40
1.0
  9
$DIMTOFL
 70
     1
  9
$DIMTVP
 40
0.0
  9
$DIMTIX
 70
     0
  9
$DIMSOXD
 70
     0
  9
$DIMSAH
 70
     0
  9
$DIMBLK1
  1

  9
$DIMBLK2
  1

  9
$DIMSTYLE
  2
ISO-25
  9
$DIMCLRD
 70
     0
  9
$DIMCLRE
 70
     0
  9
$DIMCLRT
 70
     0
  9
$DIMTFAC
 40
1.0
  9
$DIMGAP
 40
0.625
  9
$DIMJUST
 70
     0
  9
$DIMSD1
 70
     0
  9
$DIMSD2
 70
     0
  9
$DIMTOLJ
 70
     0
  9
$DIMTZIN
 70
     8
  9
$DIMALTZ
 70
     0
  9
$DIMALTTZ
 70
     0
  9
$DIMUPT
 70
     0
  9
$DIMDEC
 70
     2
  9
$DIMTDEC
 70
     2
  9
$DIMALTU
 70
     2
  9
$DIMALTTD
 70
     3
  9
$DIMTXSTY
  7
Standard
  9
$DIMAUNIT
 70
     0
  9
$DIMADEC
 70
     0
  9
$DIMALTRND
 40
0.0
  9
$DIMAZIN
 70
     0
  9
$DIMDSEP
 70
    44
  9
$DIMATFIT
 70
     3
  9
$DIMFRAC
 70
     0
  9
$DIMLDRBLK
  1

  9
$DIMLUNIT
 70
     2
  9
$DIMLWD
 70
    -2
  9
$DIMLWE
 70
    -2
  9
$DIMTMOVE
 70
     0
  9
$DIMFXL
 40
1.0
  9
$DIMFXLON
 70
     0
  9
$DIMJOGANG
 40
0.7853981633974483
  9
$DIMTFILL
 70
     0
  9
$DIMTFILLCLR
 70
     0
  9
$DIMARCSYM
 70
     0
  9
$DIMLTYPE
  6

  9
$DIMLTEX1
  6

  9
$DIMLTEX2
  6

  9
$DIMTXTDIRECTION
 70
     0
  9
$LUNITS
 70
     2
  9
$LUPREC
 70
     4
  9
$SKETCHINC
 40
1.0
  9
$FILLETRAD
 40
0.0
  9
$AUNITS
 70
     0
  9
$AUPREC
 70
     0
  9
$MENU
  1
.
  9
$ELEVATION
 40
0.0
  9
$PELEVATION
 40
0.0
  9
$THICKNESS
 40
0.0
  9
$LIMCHECK
 70
     0
  9
$CHAMFERA
 40
0.0
  9
$CHAMFERB
 40
0.0
  9
$CHAMFERC
 40
0.0
  9
$CHAMFERD
 40
0.0
  9
$SKPOLY
 70
     0
  9
$TDCREATE
 40
2460407.986631945
  9
$TDUCREATE
 40
2460407.757465278
  9
$TDUPDATE
 40
2460655.820370371
  9
$TDUUPDATE
 40
2460655.591203703
  9
$TDINDWG
 40
1.1488657407
  9
$TDUSRTIMER
 40
1.1488657407
  9
$USRTIMER
 70
     1
  9
$ANGBASE
 50
0.0
  9
$ANGDIR
 70
     0
  9
$PDMODE
 70
     1
  9
$PDSIZE
 40
0.0
  9
$PLINEWID
 40
0.0
  9
$SPLFRAME
 70
     0
  9
$SPLINETYPE
 70
     6
  9
$SPLINESEGS
 70
     8
  9
$HANDSEED
  5
1816
  9
$SURFTAB1
 70
     6
  9
$SURFTAB2
 70
     6
  9
$SURFTYPE
 70
     6
  9
$SURFU
 70
     6
  9
$SURFV
 70
     6
  9
$UCSBASE
  2

  9
$UCSNAME
  2

  9
$UCSORG
 10
0.0
 20
0.0
 30
0.0
  9
$UCSXDIR
 10
1.0
 20
0.0
 30
0.0
  9
$UCSYDIR
 10
0.0
 20
1.0
 30
0.0
  9
$UCSORTHOREF
  2

  9
$UCSORTHOVIEW
 70
     0
  9
$UCSORGTOP
 10
0.0
 20
0.0
 30
0.0
  9
$UCSORGBOTTOM
 10
0.0
 20
0.0
 30
0.0
  9
$UCSORGLEFT
 10
0.0
 20
0.0
 30
0.0
  9
$UCSORGRIGHT
 10
0.0
 20
0.0
 30
0.0
  9
$UCSORGFRONT
 10
0.0
 20
0.0
 30
0.0
  9
$UCSORGBACK
 10
0.0
 20
0.0
 30
0.0
  9
$PUCSBASE
  2

  9
$PUCSNAME
  2

  9
$PUCSORG
 10
0.0
 20
0.0
 30
0.0
  9
$PUCSXDIR
 10
1.0
 20
0.0
 30
0.0
  9
$PUCSYDIR
 10
0.0
 20
1.0
 30
0.0
  9
$PUCSORTHOREF
  2

  9
$PUCSORTHOVIEW
 70
     0
  9
$PUCSORGTOP
 10
0.0
 20
0.0
 30
0.0
  9
$PUCSORGBOTTOM
 10
0.0
 20
0.0
 30
0.0
  9
$PUCSORGLEFT
 10
0.0
 20
0.0
 30
0.0
  9
$PUCSORGRIGHT
 10
0.0
 20
0.0
 30
0.0
  9
$PUCSORGFRONT
 10
0.0
 20
0.0
 30
0.0
  9
$PUCSORGBACK
 10
0.0
 20
0.0
 30
0.0
  9
$USERI1
 70
     0
  9
$USERI2
 70
     0
  9
$USERI3
 70
     0
  9
$USERI4
 70
     0
  9
$USERI5
 70
     0
  9
$USERR1
 40
0.0
  9
$USERR2
 40
0.0
  9
$USERR3
 40
0.0
  9
$USERR4
 40
0.0
  9
$USERR5
 40
0.0
  9
$WORLDVIEW
 70
     1
  9
$SHADEDGE
 70
     3
  9
$SHADEDIF
 70
    70
  9
$TILEMODE
 70
     1
  9
$MAXACTVP
 70
    64
  9
$PINSBASE
 10
0.0
 20
0.0
 30
0.0
  9
$PLIMCHECK
 70
     0
  9
$PEXTMIN
 10
0.0
 20
0.0
 30
0.0
  9
$PEXTMAX
 10
0.0
 20
0.0
 30
0.0
  9
$PLIMMIN
 10
0.0
 20
0.0
  9
$PLIMMAX
 10
12.0
 20
9.0
  9
$UNITMODE
 70
     0
  9
$VISRETAIN
 70
     1
  9
$PLINEGEN
 70
     0
  9
$PSLTSCALE
 70
     1
  9
$TREEDEPTH
 70
  3020
  9
$CMLSTYLE
  2
Standard
  9
$CMLJUST
 70
     0
  9
$CMLSCALE
 40
20.0
  9
$PROXYGRAPHICS
 70
     1
  9
$MEASUREMENT
 70
     1
  9
$CELWEIGHT
370
   100
  9
$ENDCAPS
280
     0
  9
$JOINSTYLE
280
     0
  9
$LWDISPLAY
290
     0
  9
$INSUNITS
 70
     6
  9
$HYPERLINKBASE
  1

  9
$STYLESHEET
  1

  9
$XEDIT
290
     1
  9
$CEPSNTYPE
380
     0
  9
$PSTYLEMODE
290
     1
  9
$FINGERPRINTGUID
  2
{A22344AB-01CC-C84E-AB13-B0FF7340BC5F}
  9
$VERSIONGUID
  2
{CE1F5882-61F9-C241-B922-58D571B36F58}
  9
$EXTNAMES
290
     1
  9
$PSVPSCALE
 40
0.0
  9
$OLESTARTUP
290
     0
  9
$SORTENTS
280
   127
  9
$INDEXCTL
280
     0
  9
$HIDETEXT
280
     1
  9
$XCLIPFRAME
280
     2
  9
$HALOGAP
280
     0
  9
$OBSCOLOR
 70
   257
  9
$OBSLTYPE
280
     0
  9
$INTERSECTIONDISPLAY
280
     0
  9
$INTERSECTIONCOLOR
 70
   257
  9
$DIMASSOC
280
     2
  9
$PROJECTNAME
  1

  9
$CAMERADISPLAY
290
     0
  9
$LENSLENGTH
 40
50.0
  9
$CAMERAHEIGHT
 40
0.0
  9
$STEPSPERSEC
 40
2.0
  9
$STEPSIZE
 40
6.0
  9
$3DDWFPREC
 40
2.0
  9
$PSOLWIDTH
 40
5.0
  9
$PSOLHEIGHT
 40
80.0
  9
$LOFTANG1
 40
1.570796326794896
  9
$LOFTANG2
 40
1.570796326794896
  9
$LOFTMAG1
 40
0.0
  9
$LOFTMAG2
 40
0.0
  9
$LOFTPARAM
 70
     7
  9
$LOFTNORMALS
280
     1
  9
$LATITUDE
 40
37.795
  9
$LONGITUDE
 40
-122.394
  9
$NORTHDIRECTION
 40
0.0
  9
$TIMEZONE
 70
 -8000
  9
$LIGHTGLYPHDISPLAY
280
     1
  9
$TILEMODELIGHTSYNCH
280
     1
  9
$CMATERIAL
347
EC
  9
$SOLIDHIST
280
     0
  9
$SHOWHIST
280
     1
  9
$DWFFRAME
280
     2
  9
$DGNFRAME
280
     0
  9
$REALWORLDSCALE
290
     1
  9
$INTERFERECOLOR
 62
     1
  9
$INTERFEREOBJVS
345
F9
  9
$INTERFEREVPVS
346
F6
  9
$CSHADOW
280
     0
  9
$SHADOWPLANELOCATION
 40
0.0
  0
ENDSEC
  0
SECTION
  2
CLASSES
  0
CLASS
  1
ACDBDICTIONARYWDFLT
  2
AcDbDictionaryWithDefault
  3
ObjectDBX Classes
 90
        0
 91
        1
280
     0
281
     0
  0
CLASS
  1
DICTIONARYVAR
  2
AcDbDictionaryVar
  3
ObjectDBX Classes
 90
        0
 91
       15
280
     0
281
     0
  0
CLASS
  1
TABLESTYLE
  2
AcDbTableStyle
  3
ObjectDBX Classes
 90
     4095
 91
        1
280
     0
281
     0
  0
CLASS
  1
MATERIAL
  2
AcDbMaterial
  3
ObjectDBX Classes
 90
     1153
 91
        3
280
     0
281
     0
  0
CLASS
  1
VISUALSTYLE
  2
AcDbVisualStyle
  3
ObjectDBX Classes
 90
     4095
 91
       24
280
     0
281
     0
  0
CLASS
  1
SCALE
  2
AcDbScale
  3
ObjectDBX Classes
 90
     1153
 91
       17
280
     0
281
     0
  0
CLASS
  1
MLEADERSTYLE
  2
AcDbMLeaderStyle
  3
ACDB_MLEADERSTYLE_CLASS
 90
     4095
 91
        2
280
     0
281
     0
  0
CLASS
  1
CELLSTYLEMAP
  2
AcDbCellStyleMap
  3
ObjectDBX Classes
 90
     1152
 91
        1
280
     0
281
     0
  0
CLASS
  1
EXACXREFPANELOBJECT
  2
ExAcXREFPanelObject
  3
EXAC_ESW
 90
     1025
 91
        0
280
     0
281
     0
  0
CLASS
  1
NPOCOLLECTION
  2
AcDbImpNonPersistentObjectsCollection
  3
ObjectDBX Classes
 90
     1153
 91
        0
280
     0
281
     0
  0
CLASS
  1
LAYER_INDEX
  2
AcDbLayerIndex
  3
ObjectDBX Classes
 90
        0
 91
        0
280
     0
281
     0
  0
CLASS
  1
SPATIAL_INDEX
  2
AcDbSpatialIndex
  3
ObjectDBX Classes
 90
        0
 91
        0
280
     0
281
     0
  0
CLASS
  1
IDBUFFER
  2
AcDbIdBuffer
  3
ObjectDBX Classes
 90
        0
 91
        0
280
     0
281
     0
  0
CLASS
  1
ACDBSECTIONVIEWSTYLE
  2
AcDbSectionViewStyle
  3
ObjectDBX Classes
 90
     1025
 91
        1
280
     0
281
     0
  0
CLASS
  1
ACDBDETAILVIEWSTYLE
  2
AcDbDetailViewStyle
  3
ObjectDBX Classes
 90
     1025
 91
        1
280
     0
281
     0
  0
CLASS
  1
SORTENTSTABLE
  2
AcDbSortentsTable
  3
ObjectDBX Classes
 90
        0
 91
        1
280
     0
281
     0
  0
CLASS
  1
ACDBASSOCPERSSUBENTMANAGER
  2
AcDbAssocPersSubentManager
  3
ObjectDBX Classes
 90
     1024
 91
        1
280
     0
281
     0
  0
CLASS
  1
ACDBPERSSUBENTMANAGER
  2
AcDbPersSubentManager
  3
AcDbPersSubentManager
 90
     1024
 91
        1
280
     0
281
     0
  0
CLASS
  1
MULTILEADER
  2
AcDbMLeader
  3
ACDB_MLEADER_CLASS
 90
     1025
 91
       11
280
     0
281
     1
  0
CLASS
  1
ACDB_MLEADEROBJECTCONTEXTDATA_CLASS
  2
AcDbMLeaderObjectContextData
  3
ObjectDBX Classes
 90
     1153
 91
       11
280
     0
281
     0
  0
CLASS
  1
DIMASSOC
  2
AcDbDimAssoc
  3
"AcDbDimAssoc|Product Desc:     AcDim ARX App For Dimension|Company:          Autodesk, Inc.|WEB Address:      www.autodesk.com"
 90
        0
 91
        2
280
     0
281
     0
  0
CLASS
  1
ACAD_TABLE
  2
AcDbTable
  3
ObjectDBX Classes
 90
     1025
 91
        0
280
     0
281
     1
  0
CLASS
  1
SOLID_BACKGROUND
  2
AcDbSolidBackground
  3
SCENEOE
 90
     4095
 91
        0
280
     0
281
     0
  0
CLASS
  1
ACDBASSOCNETWORK
  2
AcDbAssocNetwork
  3
ObjectDBX Classes
 90
     1025
 91
        2
280
     0
281
     0
  0
CLASS
  1
ACDBASSOCACTION
  2
AcDbAssocAction
  3
ObjectDBX Classes
 90
     1025
 91
        1
280
     0
281
     0
  0
CLASS
  1
ACDBASSOCROTATEDDIMACTIONBODY
  2
AcDbAssocRotatedDimActionBody
  3
ObjectDBX Classes
 90
     1025
 91
        1
280
     0
281
     0
  0
CLASS
  1
ACDBASSOCOSNAPPOINTREFACTIONPARAM
  2
AcDbAssocOsnapPointRefActionParam
  3
ObjectDBX Classes
 90
     1025
 91
        2
280
     0
281
     0
  0
CLASS
  1
ACDBASSOCEDGEACTIONPARAM
  2
AcDbAssocEdgeActionParam
  3
ObjectDBX Classes
 90
     1025
 91
        4
280
     0
281
     0
  0
CLASS
  1
ACDBASSOCGEOMDEPENDENCY
  2
AcDbAssocGeomDependency
  3
ObjectDBX Classes
 90
     1025
 91
        4
280
     0
281
     0
  0
CLASS
  1
ACDBASSOCDEPENDENCY
  2
AcDbAssocDependency
  3
ObjectDBX Classes
 90
     1025
 91
        1
280
     0
281
     0
  0
ENDSEC
  0
SECTION
  2
TABLES
  0
TABLE
  2
VPORT
  5
8
330
0
100
AcDbSymbolTable
 70
     1
  0
VPORT
  5
EA
330
8
100
AcDbSymbolTableRecord
100
AcDbViewportTableRecord
  2
*Active
 70
     0
 10
0.0
 20
0.0
 11
1.0
 21
1.0
 12
11037.96030949771
 22
11305.86779352089
 13
0.0
 23
0.0
 14
10.0
 24
10.0
 15
10.0
 25
10.0
 16
0.0
 26
0.0
 36
1.0
 17
0.0
 27
0.0
 37
0.0
 40
264.7826739843331
 41
1.917082917082917
 42
50.0
 43
0.0
 44
0.0
 50
0.0
 51
0.0
 71
     0
 72
  1000
 73
     1
 74
     3
 75
     0
 76
     1
 77
     0
 78
     0
281
     0
 65
     1
110
0.0
120
0.0
130
0.0
111
1.0
121
0.0
131
0.0
112
0.0
122
1.0
132
0.0
 79
     0
146
0.0
348
F5
 60
     3
 61
     5
292
     1
282
     1
141
0.0
142
0.0
 63
   250
421
  3355443
1001
ACAD_NAV_VCDISPLAY
1070
     3
  0
ENDTAB
  0
TABLE
  2
LTYPE
  5
5
330
0
100
AcDbSymbolTable
 70
     5
  0
LTYPE
  5
14
330
5
100
AcDbSymbolTableRecord
100
AcDbLinetypeTableRecord
  2
ByBlock
 70
     0
  3

 72
    65
 73
     0
 40
0.0
  0
LTYPE
  5
15
330
5
100
AcDbSymbolTableRecord
100
AcDbLinetypeTableRecord
  2
ByLayer
 70
     0
  3

 72
    65
 73
     0
 40
0.0
  0
LTYPE
  5
16
330
5
100
AcDbSymbolTableRecord
100
AcDbLinetypeTableRecord
  2
Continuous
 70
     0
  3
Solid line
 72
    65
 73
     0
 40
0.0
  0
LTYPE
  5
4AF
330
5
100
AcDbSymbolTableRecord
100
AcDbLinetypeTableRecord
  2
ACAD_ISO02W100
 70
     0
  3
ISO dash __ __ __ __ __ __ __ __ __ __ __ __ __
 72
    65
 73
     2
 40
15.0
 49
12.0
 74
     0
 49
-3.0
 74
     0
  0
LTYPE
  5
5D3
330
5
100
AcDbSymbolTableRecord
100
AcDbLinetypeTableRecord
  2
ACAD_ISO03W100
 70
     0
  3
ISO dash space __    __    __    __    __    __
 72
    65
 73
     2
 40
30.0
 49
12.0
 74
     0
 49
-18.0
 74
     0
  0
LTYPE
  5
5D7
330
5
100
AcDbSymbolTableRecord
100
AcDbLinetypeTableRecord
  2
DASHED2
 70
     0
  3
Dashed (.5x) _ _ _ _ _ _ _ _ _ _ _ _ _ _ _ _ _
 72
    65
 73
     2
 40
9.524999999999998
 49
6.349999999999999
 74
     0
 49
-3.174999999999999
 74
     0
  0
LTYPE
  5
167B
330
5
100
AcDbSymbolTableRecord
100
AcDbLinetypeTableRecord
  2
ACAD_ISO08W100
 70
     0
  3
ISO long-dash short-dash ____ __ ____ __ ____ _
 72
    65
 73
     4
 40
36.0
 49
24.0
 74
     0
 49
-3.0
 74
     0
 49
6.0
 74
     0
 49
-3.0
 74
     0
  0
ENDTAB
  0
TABLE
  2
LAYER
  5
2
102
{ACAD_XDICTIONARY
360
1FF
102
}
330
0
100
AcDbSymbolTable
 70
     5
  0
LAYER
  5
10
102
{ACAD_XDICTIONARY
360
13C
102
}
330
2
100
AcDbSymbolTableRecord
100
AcDbLayerTableRecord
  2
0
 70
     0
 62
     7
  6
Continuous
370
    -3
390
F
347
EE
348
0
  0
LAYER
  5
4ED
330
2
100
AcDbSymbolTableRecord
100
AcDbLayerTableRecord
  2
column
 70
     0
 62
    30
420
 16553987
  6
Continuous
370
    -3
390
F
347
EE
348
0
1001
AcAecLayerStandard
1000

1000

1001
AcCmTransparency
1071
        0
  0
LAYER
  5
56E
330
2
100
AcDbSymbolTableRecord
100
AcDbLayerTableRecord
  2
window
 70
     0
 62
   140
  6
Continuous
370
    -3
390
F
347
EE
348
0
1001
AcAecLayerStandard
1000

1000

1001
AcCmTransparency
1071
        0
  0
LAYER
  5
5CF
330
2
100
AcDbSymbolTableRecord
100
AcDbLayerTableRecord
  2
chajja
 70
     0
 62
   100
  6
DASHED2
370
    -3
390
F
347
EE
348
0
1001
AcAecLayerStandard
1000

1000

1001
AcCmTransparency
1071
        0
  0
LAYER
  5
E2E
330
2
100
AcDbSymbolTableRecord
100
AcDbLayerTableRecord
  2
Defpoints
 70
     0
 62
     7
  6
Continuous
290
     0
370
    -3
390
F
347
EE
348
0
  0
ENDTAB
  0
TABLE
  2
STYLE
  5
3
330
0
100
AcDbSymbolTable
 70
     3
  0
STYLE
  5
11
330
3
100
AcDbSymbolTableRecord
100
AcDbTextStyleTableRecord
  2
Standard
 70
     0
 40
0.0
 41
1.0
 50
0.0
 71
     0
 42
2.5
  3
arial.ttf
  4

1001
ACAD
1000
Arial
1071
       34
  0
STYLE
  5
132
330
3
100
AcDbSymbolTableRecord
100
AcDbTextStyleTableRecord
  2
Annotative
 70
     0
 40
0.0
 41
1.0
 50
0.0
 71
     0
 42
2.5
  3
arial.ttf
  4

1001
AcadAnnotative
1000
AnnotativeData
1002
{
1070
     1
1070
     1
1002
}
1001
ACAD
1000
Arial
1071
       34
  0
STYLE
  5
4AE
330
3
100
AcDbSymbolTableRecord
100
AcDbTextStyleTableRecord
  2

 70
     1
 40
0.0
 41
1.0
 50
0.0
 71
     0
 42
2.5
  3
ltypeshp.shx
  4

  0
ENDTAB
  0
TABLE
  2
VIEW
  5
6
330
0
100
AcDbSymbolTable
 70
     0
  0
ENDTAB
  0
TABLE
  2
UCS
  5
7
330
0
100
AcDbSymbolTable
 70
     0
  0
ENDTAB
  0
TABLE
  2
APPID
  5
9
330
0
100
AcDbSymbolTable
 70
    16
  0
APPID
  5
12
330
9
100
AcDbSymbolTableRecord
100
AcDbRegAppTableRecord
  2
ACAD
 70
     0
  0
APPID
  5
9E
330
9
100
AcDbSymbolTableRecord
100
AcDbRegAppTableRecord
  2
ACAD_PSEXT
 70
     0
  0
APPID
  5
133
330
9
100
AcDbSymbolTableRecord
100
AcDbRegAppTableRecord
  2
AcadAnnoPO
 70
     0
  0
APPID
  5
134
330
9
100
AcDbSymbolTableRecord
100
AcDbRegAppTableRecord
  2
AcadAnnotative
 70
     0
  0
APPID
  5
135
330
9
100
AcDbSymbolTableRecord
100
AcDbRegAppTableRecord
  2
ACAD_DSTYLE_DIMJAG
 70
     0
  0
APPID
  5
136
330
9
100
AcDbSymbolTableRecord
100
AcDbRegAppTableRecord
  2
ACAD_DSTYLE_DIMTALN
 70
     0
  0
APPID
  5
165
330
9
100
AcDbSymbolTableRecord
100
AcDbRegAppTableRecord
  2
ACAD_MLEADERVER
 70
     0
  0
APPID
  5
217
330
9
100
AcDbSymbolTableRecord
100
AcDbRegAppTableRecord
  2
ACAD_NAV_VCDISPLAY
 70
     0
  0
APPID
  5
274
330
9
100
AcDbSymbolTableRecord
100
AcDbRegAppTableRecord
  2
ACAD_EXEMPT_FROM_CAD_STANDARDS
 70
     0
  0
APPID
  5
27B
330
9
100
AcDbSymbolTableRecord
100
AcDbRegAppTableRecord
  2
Acad_TC
 70
     0
  0
APPID
  5
3C1
330
9
100
AcDbSymbolTableRecord
100
AcDbRegAppTableRecord
  2
GradientColor1ACI
 70
     0
  0
APPID
  5
3C2
330
9
100
AcDbSymbolTableRecord
100
AcDbRegAppTableRecord
  2
GradientColor2ACI
 70
     0
  0
APPID
  5
4EE
330
9
100
AcDbSymbolTableRecord
100
AcDbRegAppTableRecord
  2
AcAecLayerStandard
 70
     0
  0
APPID
  5
4EF
330
9
100
AcDbSymbolTableRecord
100
AcDbRegAppTableRecord
  2
AcCmTransparency
 70
     0
  0
APPID
  5
E4A
330
9
100
AcDbSymbolTableRecord
100
AcDbRegAppTableRecord
  2
AcadAnnoMonitorAlertIconDisabled
 70
     0
  0
APPID
  5
176B
330
9
100
AcDbSymbolTableRecord
100
AcDbRegAppTableRecord
  2
DCO15
 70
     0
  0
ENDTAB
  0
TABLE
  2
DIMSTYLE
  5
A
330
0
100
AcDbSymbolTable
 70
     3
100
AcDbDimStyleTable
 71
     2
340
27
340
137
  0
DIMSTYLE
105
1B0
330
A
100
AcDbSymbolTableRecord
100
AcDbDimStyleTableRecord
  2
Standard
 70
     0
340
11
  0
DIMSTYLE
105
137
330
A
100
AcDbSymbolTableRecord
100
AcDbDimStyleTableRecord
  2
Annotative
 70
     0
 40
0.0
 41
2.5
 42
0.625
 43
3.75
 44
1.25
 73
     0
 74
     0
 77
     1
 78
     8
140
2.5
141
2.5
143
0.03937007874016
147
0.625
171
     3
172
     1
271
     2
272
     2
274
     3
278
    44
283
     0
284
     8
340
11
1001
AcadAnnotative
1000
AnnotativeData
1002
{
1070
     1
1070
     1
1002
}
1001
ACAD_DSTYLE_DIMJAG
1070
   388
1040
1.5
1001
ACAD_DSTYLE_DIMTALN
1070
   392
1070
     0
  0
DIMSTYLE
105
27
102
{ACAD_REACTORS
330
13FA
330
1426
330
14A5
330
14F5
102
}
330
A
100
AcDbSymbolTableRecord
100
AcDbDimStyleTableRecord
  2
ISO-25
 70
     0
 41
2.5
 42
0.625
 43
3.75
 44
1.25
 73
     0
 74
     0
 77
     1
 78
     8
140
2.5
141
2.5
143
0.03937007874016
147
0.625
171
     3
172
     1
271
     2
272
     2
274
     3
278
    44
283
     0
284
     8
340
11
  0
ENDTAB
  0
TABLE
  2
BLOCK_RECORD
  5
1
330
0
100
AcDbSymbolTable
 70
     5
  0
BLOCK_RECORD
  5
1F
102
{ACAD_XDICTIONARY
360
1CE
102
}
330
1
100
AcDbSymbolTableRecord
100
AcDbBlockTableRecord
  2
*Model_Space
340
22
 70
     0
280
     1
281
     0
  0
BLOCK_RECORD
  5
D2
330
1
100
AcDbSymbolTableRecord
100
AcDbBlockTableRecord
  2
*Paper_Space
340
D3
 70
     0
280
     1
281
     0
  0
BLOCK_RECORD
  5
D6
330
1
100
AcDbSymbolTableRecord
100
AcDbBlockTableRecord
  2
*Paper_Space0
340
D7
 70
     0
280
     1
281
     0
  0
BLOCK_RECORD
  5
13FB
330
1
100
AcDbSymbolTableRecord
100
AcDbBlockTableRecord
  2
*D1
340
0
 70
     0
280
     1
281
     0
  0
BLOCK_RECORD
  5
1427
330
1
100
AcDbSymbolTableRecord
100
AcDbBlockTableRecord
  2
*D2
340
0
 70
     0
280
     1
281
     0
  0
BLOCK_RECORD
  5
14A6
330
1
100
AcDbSymbolTableRecord
100
AcDbBlockTableRecord
  2
*D3
340
0
 70
     0
280
     1
281
     0
  0
BLOCK_RECORD
  5
14F6
330
1
100
AcDbSymbolTableRecord
100
AcDbBlockTableRecord
  2
*D4
340
0
 70
     0
280
     1
281
     0
  0
ENDTAB
  0
ENDSEC
  0
SECTION
  2
BLOCKS
  0
BLOCK
  5
20
330
1F
100
AcDbEntity
  8
0
100
AcDbBlockBegin
  2
*Model_Space
 70
     0
 10
0.0
 20
0.0
 30
0.0
  3
*Model_Space
  1

  0
ENDBLK
  5
21
330
1F
100
AcDbEntity
  8
0
100
AcDbBlockEnd
  0
BLOCK
  5
D4
330
D2
100
AcDbEntity
 67
     1
  8
0
100
AcDbBlockBegin
  2
*Paper_Space
 70
     0
 10
0.0
 20
0.0
 30
0.0
  3
*Paper_Space
  1

  0
ENDBLK
  5
D5
330
D2
100
AcDbEntity
 67
     1
  8
0
100
AcDbBlockEnd
  0
BLOCK
  5
D8
330
D6
100
AcDbEntity
 67
     1
  8
0
100
AcDbBlockBegin
  2
*Paper_Space0
 70
     0
 10
0.0
 20
0.0
 30
0.0
  3
*Paper_Space0
  1

  0
ENDBLK
  5
D9
330
D6
100
AcDbEntity
 67
     1
  8
0
100
AcDbBlockEnd
  0
BLOCK
  5
13FC
330
13FB
100
AcDbEntity
  8
0
 48
2.0
370
   100
100
AcDbBlockBegin
  2
*D1
 70
     1
 10
0.0
 20
0.0
 30
0.0
  3
*D1
  1

  0
LINE
  5
1732
330
13FB
100
AcDbEntity
  8
0
  6
Continuous
 62
     0
440
 16777216
 48
2.0
370
    -2
100
AcDbLine
 10
11094.76061369303
 20
11362.793269108
 30
0.0
 11
11094.76061369303
 21
11373.36720079692
 31
0.0
  0
LINE
  5
1733
330
13FB
100
AcDbEntity
  8
0
  6
Continuous
 62
     0
440
 16777216
 48
2.0
370
    -2
100
AcDbLine
 10
11128.76061369303
 20
11362.793269108
 30
0.0
 11
11128.76061369303
 21
11373.36720079692
 31
0.0
  0
LINE
  5
1734
330
13FB
100
AcDbEntity
  8
0
  6
Continuous
 62
     0
440
 16777216
 48
2.0
370
    -2
100
AcDbLine
 10
11097.26061369303
 20
11372.11720079692
 30
0.0
 11
11126.26061369303
 21
11372.11720079692
 31
0.0
  0
SOLID
  5
1735
330
13FB
100
AcDbEntity
  8
0
  6
Continuous
 62
     0
440
 16777216
 48
2.0
370
   100
100
AcDbTrace
 10
11097.26061369303
 20
11372.53386746359
 30
0.0
 11
11097.26061369303
 21
11371.70053413026
 31
0.0
 12
11094.76061369303
 22
11372.11720079692
 32
0.0
 13
11094.76061369303
 23
11372.11720079692
 33
0.0
  0
SOLID
  5
1736
330
13FB
100
AcDbEntity
  8
0
  6
Continuous
 62
     0
440
 16777216
 48
2.0
370
   100
100
AcDbTrace
 10
11126.26061369303
 20
11372.53386746359
 30
0.0
 11
11126.26061369303
 21
11371.70053413026
 31
0.0
 12
11128.76061369303
 22
11372.11720079692
 32
0.0
 13
11128.76061369303
 23
11372.11720079692
 33
0.0
  0
MTEXT
  5
1737
330
13FB
100
AcDbEntity
  8
0
  6
Continuous
 62
     0
440
 16777216
 48
2.0
370
   100
100
AcDbMText
 10
11111.76061369303
 20
11373.25311484876
 30
0.0
 40
2.5
 41
5.03796011430677
 46
0.0
 71
     5
 72
     1
  1
{\H0.4x;34 M}
 73
     1
 44
1.0
  0
POINT
  5
1738
330
13FB
100
AcDbEntity
  8
Defpoints
  6
Continuous
 62
     0
440
 16777216
 48
2.0
370
   100
100
AcDbPoint
 10
11094.76061369303
 20
11362.168269108
 30
0.0
  0
POINT
  5
1739
330
13FB
100
AcDbEntity
  8
Defpoints
  6
Continuous
 62
     0
440
 16777216
 48
2.0
370
   100
100
AcDbPoint
 10
11128.76061369303
 20
11362.168269108
 30
0.0
  0
POINT
  5
173A
330
13FB
100
AcDbEntity
  8
Defpoints
  6
Continuous
 62
     0
440
 16777216
 48
2.0
370
   100
100
AcDbPoint
 10
11128.76061369303
 20
11372.11720079692
 30
0.0
  0
ENDBLK
  5
13FD
330
13FB
100
AcDbEntity
  8
0
 48
2.0
370
   100
100
AcDbBlockEnd
  0
BLOCK
  5
1428
330
1427
100
AcDbEntity
  8
0
 48
2.0
370
   100
100
AcDbBlockBegin
  2
*D2
 70
     1
 10
0.0
 20
0.0
 30
0.0
  3
*D2
  1

  0
LINE
  5
173B
330
1427
100
AcDbEntity
  8
0
  6
Continuous
 62
     0
440
 16777216
 48
2.0
370
    -2
100
AcDbLine
 10
11111.13561369304
 20
11362.16826910801
 30
0.0
 11
11110.39887584608
 21
11362.16826910801
 31
0.0
  0
LINE
  5
173C
330
1427
100
AcDbEntity
  8
0
  6
Continuous
 62
     0
440
 16777216
 48
2.0
370
    -2
100
AcDbLine
 10
11111.13561369304
 20
11367.16826910801
 30
0.0
 11
11110.39887584608
 21
11367.16826910801
 31
0.0
  0
LINE
  5
173D
330
1427
100
AcDbEntity
  8
0
  6
Continuous
 62
     0
440
 16777216
 48
2.0
370
    -2
100
AcDbLine
 10
11111.64887584608
 20
11359.668269108
 30
0.0
 11
11111.64887584608
 21
11357.16826910801
 31
0.0
  0
LINE
  5
173E
330
1427
100
AcDbEntity
  8
0
  6
Continuous
 62
     0
440
 16777216
 48
2.0
370
    -2
100
AcDbLine
 10
11111.64887584608
 20
11369.66826910801
 30
0.0
 11
11111.64887584608
 21
11372.168269108
 31
0.0
  0
LINE
  5
173F
330
1427
100
AcDbEntity
  8
0
  6
Continuous
 62
     0
440
 16777216
 48
2.0
370
    -2
100
AcDbLine
 10
11111.64887584608
 20
11362.16826910801
 30
0.0
 11
11111.64887584608
 21
11367.16826910801
 31
0.0
  0
SOLID
  5
1740
330
1427
100
AcDbEntity
  8
0
  6
Continuous
 62
     0
440
 16777216
 48
2.0
370
   100
100
AcDbTrace
 10
11111.23220917942
 20
11359.668269108
 30
0.0
 11
11112.06554251275
 21
11359.668269108
 31
0.0
 12
11111.64887584608
 22
11362.16826910801
 32
0.0
 13
11111.64887584608
 23
11362.16826910801
 33
0.0
  0
SOLID
  5
1741
330
1427
100
AcDbEntity
  8
0
  6
Continuous
 62
     0
440
 16777216
 48
2.0
370
   100
100
AcDbTrace
 10
11111.23220917942
 20
11369.66826910801
 30
0.0
 11
11112.06554251275
 21
11369.66826910801
 31
0.0
 12
11111.64887584608
 22
11367.16826910801
 32
0.0
 13
11111.64887584608
 23
11367.16826910801
 33
0.0
  0
MTEXT
  5
1742
330
1427
100
AcDbEntity
  8
0
  6
Continuous
 62
     0
440
 16777216
 48
2.0
370
   100
100
AcDbMText
 10
11110.51534924308
 20
11364.668269108
 30
0.0
 40
2.5
 41
0.0
 46
0.0
 71
     5
 72
     1
  1
{\H0.4x;5M}
 11
0.0000000000000001
 21
1.0
 31
0.0
 73
     1
 44
1.0
  0
POINT
  5
1743
330
1427
100
AcDbEntity
  8
Defpoints
  6
Continuous
 62
     0
440
 16777216
 48
2.0
370
   100
100
AcDbPoint
 10
11111.76061369304
 20
11362.16826910801
 30
0.0
  0
POINT
  5
1744
330
1427
100
AcDbEntity
  8
Defpoints
  6
Continuous
 62
     0
440
 16777216
 48
2.0
370
   100
100
AcDbPoint
 10
11111.76061369304
 20
11367.16826910801
 30
0.0
  0
POINT
  5
1745
330
1427
100
AcDbEntity
  8
Defpoints
  6
Continuous
 62
     0
440
 16777216
 48
2.0
370
   100
100
AcDbPoint
 10
11111.64887584608
 20
11367.16826910801
 30
0.0
  0
ENDBLK
  5
1429
330
1427
100
AcDbEntity
  8
0
 48
2.0
370
   100
100
AcDbBlockEnd
  0
BLOCK
  5
14A7
330
14A6
100
AcDbEntity
  8
0
 48
2.0
370
   100
100
AcDbBlockBegin
  2
*D3
 70
     1
 10
0.0
 20
0.0
 30
0.0
  3
*D3
  1

  0
LINE
  5
1746
330
14A6
100
AcDbEntity
  8
0
  6
Continuous
 62
     0
440
 16777216
 48
2.0
370
    -2
100
AcDbLine
 10
11094.13561369304
 20
11362.16826910801
 30
0.0
 11
11087.72712523793
 21
11362.16826910801
 31
0.0
  0
LINE
  5
1747
330
14A6
100
AcDbEntity
  8
0
  6
Continuous
 62
     0
440
 16777216
 48
2.0
370
    -2
100
AcDbLine
 10
11094.13561369304
 20
11322.16826910801
 30
0.0
 11
11087.72712523793
 21
11322.16826910801
 31
0.0
  0
LINE
  5
1748
330
14A6
100
AcDbEntity
  8
0
  6
Continuous
 62
     0
440
 16777216
 48
2.0
370
    -2
100
AcDbLine
 10
11088.97712523793
 20
11359.668269108
 30
0.0
 11
11088.97712523793
 21
11324.66826910801
 31
0.0
  0
SOLID
  5
1749
330
14A6
100
AcDbEntity
  8
0
  6
Continuous
 62
     0
440
 16777216
 48
2.0
370
   100
100
AcDbTrace
 10
11088.56045857127
 20
11359.668269108
 30
0.0
 11
11089.3937919046
 21
11359.668269108
 31
0.0
 12
11088.97712523793
 22
11362.16826910801
 32
0.0
 13
11088.97712523793
 23
11362.16826910801
 33
0.0
  0
SOLID
  5
174A
330
14A6
100
AcDbEntity
  8
0
  6
Continuous
 62
     0
440
 16777216
 48
2.0
370
   100
100
AcDbTrace
 10
11088.56045857127
 20
11324.66826910801
 30
0.0
 11
11089.3937919046
 21
11324.66826910801
 31
0.0
 12
11088.97712523793
 22
11322.16826910801
 32
0.0
 13
11088.97712523793
 23
11322.16826910801
 33
0.0
  0
MTEXT
  5
174B
330
14A6
100
AcDbEntity
  8
0
  6
Continuous
 62
     0
440
 16777216
 48
2.0
370
   100
100
AcDbMText
 10
11086.75821891688
 20
11342.168269108
 30
0.0
 40
2.5
 41
0.0
 46
0.0
 71
     5
 72
     1
  1
{\H0.4x;\P40 M}
 11
0.0000000000000001
 21
1.0
 31
0.0
 73
     1
 44
1.0
  0
POINT
  5
174C
330
14A6
100
AcDbEntity
  8
Defpoints
  6
Continuous
 62
     0
440
 16777216
 48
2.0
370
   100
100
AcDbPoint
 10
11094.76061369304
 20
11362.16826910801
 30
0.0
  0
POINT
  5
174D
330
14A6
100
AcDbEntity
  8
Defpoints
  6
Continuous
 62
     0
440
 16777216
 48
2.0
370
   100
100
AcDbPoint
 10
11094.76061369304
 20
11322.16826910801
 30
0.0
  0
POINT
  5
174E
330
14A6
100
AcDbEntity
  8
Defpoints
  6
Continuous
 62
     0
440
 16777216
 48
2.0
370
   100
100
AcDbPoint
 10
11088.97712523793
 20
11322.16826910801
 30
0.0
  0
ENDBLK
  5
14A8
330
14A6
100
AcDbEntity
  8
0
 48
2.0
370
   100
100
AcDbBlockEnd
  0
BLOCK
  5
14F7
330
14F6
100
AcDbEntity
  8
0
 48
2.0
370
   100
100
AcDbBlockBegin
  2
*D4
 70
     1
 10
0.0
 20
0.0
 30
0.0
  3
*D4
  1

  0
LINE
  5
174F
330
14F6
100
AcDbEntity
  8
0
  6
Continuous
 62
     0
440
 16777216
 48
2.0
370
    -2
100
AcDbLine
 10
11112.07590896868
 20
11312.43864247501
 30
0.0
 11
11112.70090896869
 21
11312.43864247501
 31
0.0
  0
LINE
  5
1750
330
14F6
100
AcDbEntity
  8
0
  6
Continuous
 62
     0
440
 16777216
 48
2.0
370
    -2
100
AcDbLine
 10
11112.07590896868
 20
11322.16826910801
 30
0.0
 11
11112.70090896869
 21
11322.16826910801
 31
0.0
  0
LINE
  5
1751
330
14F6
100
AcDbEntity
  8
0
  6
Continuous
 62
     0
440
 16777216
 48
2.0
370
    -2
100
AcDbLine
 10
11111.45090896869
 20
11314.93864247501
 30
0.0
 11
11111.45090896869
 21
11319.668269108
 31
0.0
  0
SOLID
  5
1752
330
14F6
100
AcDbEntity
  8
0
  6
Continuous
 62
     0
440
 16777216
 48
2.0
370
   100
100
AcDbTrace
 10
11111.03424230202
 20
11314.93864247501
 30
0.0
 11
11111.86757563536
 21
11314.93864247501
 31
0.0
 12
11111.45090896869
 22
11312.43864247501
 32
0.0
 13
11111.45090896869
 23
11312.43864247501
 33
0.0
  0
SOLID
  5
1753
330
14F6
100
AcDbEntity
  8
0
  6
Continuous
 62
     0
440
 16777216
 48
2.0
370
   100
100
AcDbTrace
 10
11111.03424230202
 20
11319.668269108
 30
0.0
 11
11111.86757563536
 21
11319.668269108
 31
0.0
 12
11111.45090896869
 22
11322.16826910801
 32
0.0
 13
11111.45090896869
 23
11322.16826910801
 33
0.0
  0
MTEXT
  5
1754
330
14F6
100
AcDbEntity
  8
0
  6
Continuous
 62
     0
440
 16777216
 48
2.0
370
   100
100
AcDbMText
 10
11110.31533598097
 20
11317.3034557915
 30
0.0
 40
2.5
 41
0.0
 46
0.0
 71
     5
 72
     1
  1
{\H0.4x;8M}
 11
0.0000000000000001
 21
1.0
 31
0.0
 73
     1
 44
1.0
  0
POINT
  5
1755
330
14F6
100
AcDbEntity
  8
Defpoints
  6
Continuous
 62
     0
440
 16777216
 48
2.0
370
   100
100
AcDbPoint
 10
11111.45090896868
 20
11312.43864247501
 30
0.0
  0
POINT
  5
1756
330
14F6
100
AcDbEntity
  8
Defpoints
  6
Continuous
 62
     0
440
 16777216
 48
2.0
370
   100
100
AcDbPoint
 10
11111.45090896868
 20
11322.16826910801
 30
0.0
  0
POINT
  5
1757
330
14F6
100
AcDbEntity
  8
Defpoints
  6
Continuous
 62
     0
440
 16777216
 48
2.0
370
   100
100
AcDbPoint
 10
11111.45090896869
 20
11322.16826910801
 30
0.0
  0
ENDBLK
  5
14F8
330
14F6
100
AcDbEntity
  8
0
 48
2.0
370
   100
100
AcDbBlockEnd
  0
ENDSEC
  0
SECTION
  2
ENTITIES
  0
LINE
  5
27C
330
1F
100
AcDbEntity
  8
0
100
AcDbLine
 10
10795.10455332086
 20
11275.29219779213
 30
0.0
 11
10795.10455332086
 21
11272.53379467852
 31
0.0
  0
LINE
  5
27D
330
1F
100
AcDbEntity
  8
0
100
AcDbLine
 10
10795.10455332086
 20
11234.79219779213
 30
0.0
 11
10829.60455332086
 21
11234.79219779213
 31
0.0
  0
LINE
  5
27E
330
1F
100
AcDbEntity
  8
0
100
AcDbLine
 10
10829.60455332086
 20
11234.79219779213
 30
0.0
 11
10829.60455332086
 21
11255.79219779213
 31
0.0
  0
LINE
  5
27F
330
1F
100
AcDbEntity
  8
0
100
AcDbLine
 10
10829.60455332086
 20
11275.29219779213
 30
0.0
 11
10795.10455332086
 21
11275.29219779213
 31
0.0
  0
LINE
  5
286
330
1F
100
AcDbEntity
  8
0
100
AcDbLine
 10
10794.80455332086
 20
11234.79219779213
 30
0.0
 11
10794.80455332086
 21
11269.50343844131
 31
0.0
  0
LINE
  5
287
330
1F
100
AcDbEntity
  8
0
100
AcDbLine
 10
10794.80455332086
 20
11275.59219779235
 30
0.0
 11
10829.90455332085
 21
11275.59219779213
 31
0.0
  0
LINE
  5
288
330
1F
100
AcDbEntity
  8
0
100
AcDbLine
 10
10829.90455332086
 20
11234.79219779213
 30
0.0
 11
10829.90455332086
 21
11254.74521961669
 31
0.0
  0
LINE
  5
289
330
1F
100
AcDbEntity
  8
0
100
AcDbLine
 10
10829.60455332086
 20
11255.79219779213
 30
0.0
 11
10795.10455332086
 21
11255.79219779213
 31
0.0
  0
LINE
  5
28B
330
1F
100
AcDbEntity
  8
0
100
AcDbLine
 10
10829.60455332086
 20
11255.49219779213
 30
0.0
 11
10795.10455332086
 21
11255.49219779213
 31
0.0
  0
LINE
  5
28C
330
1F
100
AcDbEntity
  8
0
100
AcDbLine
 10
10829.60455332086
 20
11255.49219779213
 30
0.0
 11
10825.60455332086
 21
11255.49219779213
 31
0.0
  0
LINE
  5
28D
330
1F
100
AcDbEntity
  8
0
100
AcDbLine
 10
10825.60455332086
 20
11255.49219779213
 30
0.0
 11
10825.60455332086
 21
11251.49219779213
 31
0.0
  0
LINE
  5
28E
330
1F
100
AcDbEntity
  8
0
100
AcDbLine
 10
10825.60455332086
 20
11251.49219779213
 30
0.0
 11
10829.60455332086
 21
11251.49219779213
 31
0.0
  0
LINE
  5
291
330
1F
100
AcDbEntity
  8
0
100
AcDbLine
 10
10825.40455332086
 20
11255.49219779213
 30
0.0
 11
10825.40455332086
 21
11251.29219779213
 31
0.0
  0
LINE
  5
292
330
1F
100
AcDbEntity
  8
0
100
AcDbLine
 10
10829.60455332086
 20
11251.29219779213
 30
0.0
 11
10825.40455332086
 21
11251.29219779213
 31
0.0
  0
LINE
  5
293
330
1F
100
AcDbEntity
  8
0
100
AcDbLine
 10
10825.40455332086
 20
11251.49219779213
 30
0.0
 11
10825.30455332086
 21
11251.49219779214
 31
0.0
  0
LINE
  5
294
330
1F
100
AcDbEntity
  8
0
100
AcDbLine
 10
10822.40455332086
 20
11251.49219779213
 30
0.0
 11
10822.40455332086
 21
11255.49219779213
 31
0.0
  0
LINE
  5
297
330
1F
100
AcDbEntity
  8
0
100
AcDbLine
 10
10822.20455332082
 20
11255.49219779213
 30
0.0
 11
10822.20455332086
 21
11251.29219779214
 31
0.0
  0
LINE
  5
299
330
1F
100
AcDbEntity
  8
0
100
AcDbLine
 10
10824.50455332086
 20
11251.29219779211
 30
0.0
 11
10822.20455332086
 21
11251.29219779213
 31
0.0
  0
LINE
  5
29A
330
1F
100
AcDbEntity
  8
0
100
AcDbLine
 10
10822.20455332086
 20
11251.49219779213
 30
0.0
 11
10822.10455332086
 21
11251.49219779214
 31
0.0
  0
LINE
  5
29B
330
1F
100
AcDbEntity
  8
0
100
AcDbLine
 10
10819.20455332086
 20
11251.49219779213
 30
0.0
 11
10819.20455332086
 21
11255.49219779213
 31
0.0
  0
LINE
  5
29D
330
1F
100
AcDbEntity
  8
0
100
AcDbLine
 10
10819.00455332086
 20
11251.29219779213
 30
0.0
 11
10819.00455332086
 21
11255.49219779213
 31
0.0
  0
LINE
  5
29E
330
1F
100
AcDbEntity
  8
0
100
AcDbLine
 10
10821.30455332086
 20
11251.29219779211
 30
0.0
 11
10819.00455332086
 21
11251.29219779213
 31
0.0
  0
LINE
  5
29F
330
1F
100
AcDbEntity
  8
0
100
AcDbLine
 10
10819.00455332086
 20
11251.49219779213
 30
0.0
 11
10816.00455332085
 21
11251.49219779213
 31
0.0
  0
LINE
  5
2A0
330
1F
100
AcDbEntity
  8
0
100
AcDbLine
 10
10816.00455332085
 20
11251.49219779213
 30
0.0
 11
10816.00455332085
 21
11255.49219779213
 31
0.0
  0
LINE
  5
2A1
330
1F
100
AcDbEntity
  8
0
100
AcDbLine
 10
10819.00455332086
 20
11251.29219779213
 30
0.0
 11
10815.79516828499
 21
11251.29219779213
 31
0.0
  0
LINE
  5
2A2
330
1F
100
AcDbEntity
  8
0
100
AcDbLine
 10
10815.80455332086
 20
11251.29219779213
 30
0.0
 11
10815.80455332086
 21
11255.49219779213
 31
0.0
  0
LINE
  5
2A4
330
1F
100
AcDbEntity
  8
0
100
AcDbLine
 10
10815.80292589001
 20
11251.49219779213
 30
0.0
 11
10812.80292589001
 21
11251.49219779213
 31
0.0
  0
LINE
  5
2A5
330
1F
100
AcDbEntity
  8
0
100
AcDbLine
 10
10812.80292589001
 20
11251.49219779213
 30
0.0
 11
10812.80292589001
 21
11255.49219779213
 31
0.0
  0
LINE
  5
2A6
330
1F
100
AcDbEntity
  8
0
100
AcDbLine
 10
10812.60292589001
 20
11251.29219779213
 30
0.0
 11
10812.60292589001
 21
11255.49219779213
 31
0.0
  0
LINE
  5
2A7
330
1F
100
AcDbEntity
  8
0
100
AcDbLine
 10
10815.80292589001
 20
11251.29219779213
 30
0.0
 11
10812.59354085415
 21
11251.29219779213
 31
0.0
  0
LINE
  5
2AA
330
1F
100
AcDbEntity
  8
0
100
AcDbLine
 10
10812.60292589001
 20
11251.49219779213
 30
0.0
 11
10812.2475482956
 21
11251.49219779213
 31
0.0
  0
LINE
  5
2AB
330
1F
100
AcDbEntity
  8
0
100
AcDbLine
 10
10808.60292589001
 20
11251.49219779213
 30
0.0
 11
10808.60292589001
 21
11255.49219779213
 31
0.0
  0
LINE
  5
2AD
330
1F
100
AcDbEntity
  8
0
100
AcDbLine
 10
10808.40292589001
 20
11251.29219779213
 30
0.0
 11
10808.40292589001
 21
11255.49219779213
 31
0.0
  0
LINE
  5
2AE
330
1F
100
AcDbEntity
  8
0
100
AcDbLine
 10
10812.60292589001
 20
11251.29219779213
 30
0.0
 11
10812.34754829559
 21
11251.29219779213
 31
0.0
  0
LINE
  5
2AF
330
1F
100
AcDbEntity
  8
0
100
AcDbLine
 10
10808.40292589001
 20
11251.49219779213
 30
0.0
 11
10807.96476473301
 21
11251.49219779214
 31
0.0
  0
LINE
  5
2B0
330
1F
100
AcDbEntity
  8
0
100
AcDbLine
 10
10805.40292589001
 20
11251.49219779213
 30
0.0
 11
10805.40292589001
 21
11255.49219779213
 31
0.0
  0
LINE
  5
2B1
330
1F
100
AcDbEntity
  8
0
100
AcDbLine
 10
10808.40292589001
 20
11251.29219779213
 30
0.0
 11
10808.06476473301
 21
11251.29219779213
 31
0.0
  0
LINE
  5
2B2
330
1F
100
AcDbEntity
  8
0
100
AcDbLine
 10
10805.20292589
 20
11251.29219779213
 30
0.0
 11
10805.20292589
 21
11255.49219779213
 31
0.0
  0
LINE
  5
2B3
330
1F
100
AcDbEntity
  8
0
100
AcDbLine
 10
10795.10455332086
 20
11255.79219779213
 30
0.0
 11
10799.10455332086
 21
11255.79219779213
 31
0.0
  0
LWPOLYLINE
  5
2BB
330
1F
100
AcDbEntity
  8
0
100
AcDbPolyline
 90
        4
 70
     0
 43
0.0
 10
10799.30455332086
 20
11255.79219779213
 10
10799.30455332086
 20
11261.99219779213
 10
10799.10455332086
 20
11261.99219779213
 10
10795.10455332086
 20
11261.99219779213
  0
LWPOLYLINE
  5
2BC
330
1F
100
AcDbEntity
  8
0
100
AcDbPolyline
 90
        3
 70
     0
 43
0.0
 10
10799.10455332086
 20
11255.79219779213
 10
10799.10455332086
 20
11261.79219779213
 10
10795.10455332086
 20
11261.79219779213
  0
LINE
  5
2BD
330
1F
100
AcDbEntity
  8
0
100
AcDbLine
 10
10829.60455332086
 20
11251.29219779213
 30
0.0
 11
10827.10455332086
 21
11251.29219779213
 31
0.0
  0
LINE
  5
2BE
330
1F
100
AcDbEntity
  8
0
100
AcDbLine
 10
10827.10455332086
 20
11251.29219779213
 30
0.0
 11
10827.10455332086
 21
11249.29219779213
 31
0.0
  0
LINE
  5
2BF
330
1F
100
AcDbEntity
  8
0
100
AcDbLine
 10
10827.10455332086
 20
11249.29219779213
 30
0.0
 11
10829.60455332086
 21
11249.29219779213
 31
0.0
  0
LINE
  5
2C5
330
1F
100
AcDbEntity
  8
0
100
AcDbLine
 10
10826.90455332087
 20
11251.29219779213
 30
0.0
 11
10826.90455332085
 21
11249.09219779213
 31
0.0
  0
LINE
  5
2C6
330
1F
100
AcDbEntity
  8
0
100
AcDbLine
 10
10829.60455332086
 20
11249.09219779213
 30
0.0
 11
10826.90455332085
 21
11249.09219779213
 31
0.0
  0
LINE
  5
2CF
330
1F
100
AcDbEntity
  8
0
100
AcDbLine
 10
10827.10455332086
 20
11249.09169349986
 30
0.0
 11
10827.10455332086
 21
11247.09169349986
 31
0.0
  0
LINE
  5
2D0
330
1F
100
AcDbEntity
  8
0
100
AcDbLine
 10
10827.10455332086
 20
11247.09169349986
 30
0.0
 11
10829.60455332086
 21
11247.09169349986
 31
0.0
  0
LINE
  5
2D1
330
1F
100
AcDbEntity
  8
0
100
AcDbLine
 10
10826.90455332087
 20
11249.09169349986
 30
0.0
 11
10826.90455332085
 21
11246.89169349986
 31
0.0
  0
LINE
  5
2D2
330
1F
100
AcDbEntity
  8
0
100
AcDbLine
 10
10829.60455332086
 20
11246.89169349986
 30
0.0
 11
10826.90455332085
 21
11246.89169349986
 31
0.0
  0
LINE
  5
2E2
330
1F
100
AcDbEntity
  8
0
100
AcDbLine
 10
10797.309515976
 20
11251.80017805497
 30
0.0
 11
10800.26478536947
 21
11252.3163009202
 31
0.0
  0
LINE
  5
2E3
330
1F
100
AcDbEntity
  8
0
100
AcDbLine
 10
10797.309515976
 20
11251.80017805497
 30
0.0
 11
10799.64017022359
 21
11246.8184062037
 31
0.0
  0
LINE
  5
2E6
330
1F
100
AcDbEntity
  8
0
100
AcDbLine
 10
10800.26478536947
 20
11252.3163009202
 30
0.0
 11
10802.59543961706
 21
11247.33452906892
 31
0.0
  0
LINE
  5
2E7
330
1F
100
AcDbEntity
  8
0
100
AcDbLine
 10
10799.64017022359
 20
11246.8184062037
 30
0.0
 11
10802.59543961706
 21
11247.33452906892
 31
0.0
  0
LINE
  5
2E8
330
1F
100
AcDbEntity
  8
0
100
AcDbLine
 10
10796.34675801945
 20
11242.68172669727
 30
0.0
 11
10799.30202741292
 21
11243.1978495625
 31
0.0
  0
LINE
  5
2E9
330
1F
100
AcDbEntity
  8
0
100
AcDbLine
 10
10796.34675801945
 20
11242.68172669727
 30
0.0
 11
10798.67741226705
 21
11237.69995484599
 31
0.0
  0
LINE
  5
2EA
330
1F
100
AcDbEntity
  8
0
100
AcDbLine
 10
10799.30202741292
 20
11243.1978495625
 30
0.0
 11
10801.63268166052
 21
11238.21607771122
 31
0.0
  0
LINE
  5
2EB
330
1F
100
AcDbEntity
  8
0
100
AcDbLine
 10
10798.67741226705
 20
11237.69995484599
 30
0.0
 11
10801.63268166052
 21
11238.21607771122
 31
0.0
  0
LINE
  5
2EC
330
1F
100
AcDbEntity
  8
0
100
AcDbLine
 10
10807.2540840399
 20
11241.33570280182
 30
0.0
 11
10810.20935343337
 21
11241.85182566705
 31
0.0
  0
LINE
  5
2ED
330
1F
100
AcDbEntity
  8
0
100
AcDbLine
 10
10807.2540840399
 20
11241.33570280182
 30
0.0
 11
10809.58473828749
 21
11236.35393095055
 31
0.0
  0
LINE
  5
2EE
330
1F
100
AcDbEntity
  8
0
100
AcDbLine
 10
10810.20935343337
 20
11241.85182566705
 30
0.0
 11
10812.54000768096
 21
11236.87005381578
 31
0.0
  0
LINE
  5
2EF
330
1F
100
AcDbEntity
  8
0
100
AcDbLine
 10
10809.58473828749
 20
11236.35393095055
 30
0.0
 11
10812.54000768096
 21
11236.87005381578
 31
0.0
  0
LINE
  5
2F4
330
1F
100
AcDbEntity
  8
0
100
AcDbLine
 10
10829.60455332086
 20
11255.79219779213
 30
0.0
 11
10822.10455332086
 21
11255.79219779213
 31
0.0
  0
LINE
  5
2F5
330
1F
100
AcDbEntity
  8
0
100
AcDbLine
 10
10822.10455332086
 20
11255.79219779213
 30
0.0
 11
10822.10455332086
 21
11259.79219779213
 31
0.0
  0
LINE
  5
2F6
330
1F
100
AcDbEntity
  8
0
100
AcDbLine
 10
10822.10455332086
 20
11259.79219779213
 30
0.0
 11
10818.10455332086
 21
11259.79219779213
 31
0.0
  0
LINE
  5
2F7
330
1F
100
AcDbEntity
  8
0
100
AcDbLine
 10
10818.10455332086
 20
11259.79219779213
 30
0.0
 11
10818.10455332086
 21
11255.79219779213
 31
0.0
  0
LINE
  5
2FA
330
1F
100
AcDbEntity
  8
0
100
AcDbLine
 10
10817.90455332086
 20
11259.99219779213
 30
0.0
 11
10817.90455332086
 21
11255.79219779213
 31
0.0
  0
LINE
  5
2FC
330
1F
100
AcDbEntity
  8
0
100
AcDbLine
 10
10822.30455332086
 20
11255.79219779213
 30
0.0
 11
10822.30455332086
 21
11259.99219779213
 31
0.0
  0
LINE
  5
2FD
330
1F
100
AcDbEntity
  8
0
100
AcDbLine
 10
10822.30455332086
 20
11259.99219779213
 30
0.0
 11
10817.90455332086
 21
11259.99219779213
 31
0.0
  0
LINE
  5
2FF
330
1F
100
AcDbEntity
  8
0
100
AcDbLine
 10
10829.60455332086
 20
11275.29219779213
 30
0.0
 11
10825.60455332086
 21
11275.29219779213
 31
0.0
  0
LINE
  5
300
330
1F
100
AcDbEntity
  8
0
100
AcDbLine
 10
10825.60455332086
 20
11275.29219779213
 30
0.0
 11
10825.60455332086
 21
11271.29219779213
 31
0.0
  0
LINE
  5
301
330
1F
100
AcDbEntity
  8
0
100
AcDbLine
 10
10825.60455332086
 20
11271.29219779213
 30
0.0
 11
10829.60455332086
 21
11271.29219779213
 31
0.0
  0
LINE
  5
302
330
1F
100
AcDbEntity
  8
0
100
AcDbLine
 10
10825.40455332086
 20
11275.29219779213
 30
0.0
 11
10825.40455332086
 21
11271.29219779213
 31
0.0
  0
LINE
  5
304
330
1F
100
AcDbEntity
  8
0
100
AcDbLine
 10
10825.40455332086
 20
11271.29219779213
 30
0.0
 11
10822.40455332086
 21
11271.29219779213
 31
0.0
  0
LINE
  5
305
330
1F
100
AcDbEntity
  8
0
100
AcDbLine
 10
10822.40455332086
 20
11271.29219779213
 30
0.0
 11
10822.40455332086
 21
11275.29219779213
 31
0.0
  0
LINE
  5
309
330
1F
100
AcDbEntity
  8
0
100
AcDbLine
 10
10822.20455332086
 20
11271.29219779213
 30
0.0
 11
10822.20455332086
 21
11275.29219779213
 31
0.0
  0
LINE
  5
30A
330
1F
100
AcDbEntity
  8
0
100
AcDbLine
 10
10822.20455332086
 20
11271.29219779213
 30
0.0
 11
10818.20455332086
 21
11271.29219779213
 31
0.0
  0
LINE
  5
30B
330
1F
100
AcDbEntity
  8
0
100
AcDbLine
 10
10818.20455332086
 20
11271.29219779213
 30
0.0
 11
10818.20455332086
 21
11275.29219779213
 31
0.0
  0
LINE
  5
30D
330
1F
100
AcDbEntity
  8
0
100
AcDbLine
 10
10829.60455332086
 20
11271.09219779213
 30
0.0
 11
10818.00455332086
 21
11271.09219779213
 31
0.0
  0
LINE
  5
311
330
1F
100
AcDbEntity
  8
0
100
AcDbLine
 10
10818.00455332086
 20
11275.29219779213
 30
0.0
 11
10818.00455332086
 21
11271.09219779213
 31
0.0
  0
LINE
  5
312
330
1F
100
AcDbEntity
  8
0
100
AcDbLine
 10
10829.60455332086
 20
11271.09219779213
 30
0.0
 11
10826.60455332086
 21
11271.09219779213
 31
0.0
  0
LINE
  5
313
330
1F
100
AcDbEntity
  8
0
100
AcDbLine
 10
10826.60455332086
 20
11271.09219779213
 30
0.0
 11
10826.60455332086
 21
11268.09219779213
 31
0.0
  0
LINE
  5
314
330
1F
100
AcDbEntity
  8
0
100
AcDbLine
 10
10826.60455332086
 20
11268.09219779213
 30
0.0
 11
10829.60455332086
 21
11268.09219779213
 31
0.0
  0
LINE
  5
315
330
1F
100
AcDbEntity
  8
0
100
AcDbLine
 10
10826.40455332086
 20
11271.09219779213
 30
0.0
 11
10826.40455332086
 21
11268.09219779213
 31
0.0
  0
LINE
  5
318
330
1F
100
AcDbEntity
  8
0
100
AcDbLine
 10
10826.60455332086
 20
11267.89219779213
 30
0.0
 11
10829.60455332086
 21
11267.89219779213
 31
0.0
  0
LINE
  5
319
330
1F
100
AcDbEntity
  8
0
100
AcDbLine
 10
10826.60455332086
 20
11267.89219779213
 30
0.0
 11
10826.60455332086
 21
11264.89219779213
 31
0.0
  0
LINE
  5
31A
330
1F
100
AcDbEntity
  8
0
100
AcDbLine
 10
10826.60455332086
 20
11264.89219779213
 30
0.0
 11
10829.60455332086
 21
11264.89219779213
 31
0.0
  0
LINE
  5
31B
330
1F
100
AcDbEntity
  8
0
100
AcDbLine
 10
10826.40455332086
 20
11268.09219779213
 30
0.0
 11
10826.40455332086
 21
11261.49219779213
 31
0.0
  0
LINE
  5
31C
330
1F
100
AcDbEntity
  8
0
100
AcDbLine
 10
10826.60455332086
 20
11264.69219779213
 30
0.0
 11
10829.60455332086
 21
11264.69219779213
 31
0.0
  0
LINE
  5
31D
330
1F
100
AcDbEntity
  8
0
100
AcDbLine
 10
10826.60455332086
 20
11264.69219779213
 30
0.0
 11
10826.60455332086
 21
11261.69219779213
 31
0.0
  0
LINE
  5
31E
330
1F
100
AcDbEntity
  8
0
100
AcDbLine
 10
10826.60455332086
 20
11261.69219779213
 30
0.0
 11
10829.60455332086
 21
11261.69219779213
 31
0.0
  0
LINE
  5
31F
330
1F
100
AcDbEntity
  8
0
100
AcDbLine
 10
10826.40455332086
 20
11261.49219779213
 30
0.0
 11
10829.60455332086
 21
11261.49219779213
 31
0.0
  0
MTEXT
  5
332
330
1F
100
AcDbEntity
  8
0
100
AcDbMText
 10
10805.9988543489
 20
11254.58136082525
 30
0.0
 40
0.35
 41
1.831773302867077
 46
0.0
 71
     1
 72
     5
  1
\pxqc;{\fArtifakt Element Medium|b0|i0|c0|p34;S.M\PCABIN\P3 x 4 m}
 73
     1
 44
1.0
101
Embedded Object
 70
     1
 10
1.0
 20
0.0
 30
0.0
 11
10805.9988543489
 21
11254.58136082525
 31
0.0
 40
1.831773302867077
 41
0.0
 42
1.631
 43
1.540666666666666
 71
     2
 72
     1
 44
1.831773302867077
 45
12.5
 73
     0
 74
     0
 46
0.0
  0
MTEXT
  5
333
330
1F
100
AcDbEntity
  8
0
100
AcDbMText
 10
10809.61638461338
 20
11254.58136082525
 30
0.0
 40
0.35
 41
2.26255084114382
 46
0.0
 71
     1
 72
     5
  1
\pxqc;{\fArtifakt Element Medium|b0|i0|c0|p34;RTO and\PINSURANCE\P4 x4 m}
 73
     1
 44
1.0
101
Embedded Object
 70
     1
 10
1.0
 20
0.0
 30
0.0
 11
10809.61638461338
 21
11254.58136082525
 31
0.0
 40
2.26255084114382
 41
0.0
 42
2.77
 43
1.542666666666666
 71
     2
 72
     1
 44
2.26255084114382
 45
12.5
 73
     0
 74
     0
 46
0.0
  0
MTEXT
  5
336
330
1F
100
AcDbEntity
  8
0
100
AcDbMText
 10
10822.97920718652
 20
11254.58136082525
 30
0.0
 40
0.35
 41
1.831773302867077
 46
0.0
 71
     1
 72
     5
  1
\pxqc;{\fArtifakt Element Medium|b0|i0|c0|p34;C.L\P3 x 4 m}
 73
     1
 44
1.0
101
Embedded Object
 70
     1
 10
1.0
 20
0.0
 30
0.0
 11
10822.97920718652
 21
11254.58136082525
 31
0.0
 40
1.831773302867077
 41
0.0
 42
1.631
 43
0.9513333333333331
 71
     2
 72
     1
 44
1.831773302867077
 45
12.5
 73
     0
 74
     0
 46
0.0
  0
MTEXT
  5
337
330
1F
100
AcDbEntity
  8
0
100
AcDbMText
 10
10827.55189152691
 20
11251.01380073876
 30
0.0
 40
0.25
 41
1.617332172763781
 46
0.0
 71
     1
 72
     5
  1
\pxqc;{\fArtifakt Element Medium|b0|i0|c0|p34;CCTV ROOM\P2 x 2.5 m}
 73
     1
 44
1.0
101
Embedded Object
 70
     1
 10
1.0
 20
0.0
 30
0.0
 11
10827.55189152691
 21
11251.01380073876
 31
0.0
 40
1.617332172763781
 41
0.0
 42
1.419642857142857
 43
1.10047619047619
 71
     2
 72
     1
 44
1.617332172763781
 45
12.5
 73
     0
 74
     0
 46
0.0
  0
MTEXT
  5
339
330
1F
100
AcDbEntity
  8
0
100
AcDbMText
 10
10816.58019092036
 20
11254.621336884
 30
0.0
 40
0.35
 41
1.831773302867077
 46
0.0
 71
     1
 72
     5
  1
\pxqc;{\fArtifakt Element Medium|b0|i0|c0|p34;D.R 1\P3 x 4 m}
 73
     1
 44
1.0
101
Embedded Object
 70
     1
 10
1.0
 20
0.0
 30
0.0
 11
10816.58019092036
 21
11254.621336884
 31
0.0
 40
1.831773302867077
 41
0.0
 42
1.631
 43
0.9453333333333333
 71
     2
 72
     1
 44
1.831773302867077
 45
12.5
 73
     0
 74
     0
 46
0.0
  0
MTEXT
  5
33A
330
1F
100
AcDbEntity
  8
0
100
AcDbMText
 10
10819.76613634231
 20
11254.621336884
 30
0.0
 40
0.35
 41
1.831773302867077
 46
0.0
 71
     1
 72
     5
  1
\pxqc;{\fArtifakt Element Medium|b0|i0|c0|p34;D.R 2\P3 x 4 m}
 73
     1
 44
1.0
101
Embedded Object
 70
     1
 10
1.0
 20
0.0
 30
0.0
 11
10819.76613634231
 21
11254.621336884
 31
0.0
 40
1.831773302867077
 41
0.0
 42
1.631
 43
0.9513333333333331
 71
     2
 72
     1
 44
1.831773302867077
 45
12.5
 73
     0
 74
     0
 46
0.0
  0
MTEXT
  5
349
330
1F
100
AcDbEntity
  8
0
100
AcDbMText
 10
10827.55189152691
 20
11248.69515195602
 30
0.0
 40
0.25
 41
1.617332172763781
 46
0.0
 71
     1
 72
     5
  1
\pxqc;{\fArtifakt Element Medium|b0|i0|c0|p34;LIFT\P2 x 2.5 m}
 73
     1
 44
1.0
101
Embedded Object
 70
     1
 10
1.0
 20
0.0
 30
0.0
 11
10827.55189152691
 21
11248.69515195602
 31
0.0
 40
1.617332172763781
 41
0.0
 42
1.419642857142857
 43
0.6752380952380952
 71
     2
 72
     1
 44
1.617332172763781
 45
12.5
 73
     0
 74
     0
 46
0.0
  0
MTEXT
  5
34A
330
1F
100
AcDbEntity
  8
0
100
AcDbMText
 10
10819.21694631958
 20
11258.64314655944
 30
0.0
 40
0.35
 41
1.831773302867077
 46
0.0
 71
     1
 72
     5
  1
\pxqc;{\fArtifakt Element Medium|b0|i0|c0|p34;WAITING LOUNGE\P4 x 4 m}
 73
     1
 44
1.0
101
Embedded Object
 70
     1
 10
1.0
 20
0.0
 30
0.0
 11
10819.21694631958
 21
11258.64314655944
 31
0.0
 40
1.831773302867077
 41
0.0
 42
2.1165
 43
1.528666666666666
 71
     2
 72
     1
 44
1.831773302867077
 45
12.5
 73
     0
 74
     0
 46
0.0
  0
MTEXT
  5
34B
330
1F
100
AcDbEntity
  8
0
100
AcDbMText
 10
10796.28387903849
 20
11258.64314655944
 30
0.0
 40
0.35
 41
1.831773302867077
 46
0.0
 71
     1
 72
     5
  1
\pxqc;{\fArtifakt Element Medium|b0|i0|c0|p34;CAR LIFT\P4 x 6 m}
 73
     1
 44
1.0
101
Embedded Object
 70
     1
 10
1.0
 20
0.0
 30
0.0
 11
10796.28387903849
 21
11258.64314655944
 31
0.0
 40
1.831773302867077
 41
0.0
 42
1.625
 43
1.534666666666666
 71
     2
 72
     1
 44
1.831773302867077
 45
12.5
 73
     0
 74
     0
 46
0.0
  0
MTEXT
  5
34C
330
1F
100
AcDbEntity
  8
0
100
AcDbMText
 10
10827.21879736381
 20
11263.89831304307
 30
0.0
 40
0.35
 41
1.831773302867077
 46
0.0
 71
     1
 72
     5
  1
\pxqc;{\fArtifakt Element Medium|b0|i0|c0|p34;T.R\P3 x 3 m}
 73
     1
 44
1.0
101
Embedded Object
 70
     1
 10
1.0
 20
0.0
 30
0.0
 11
10827.21879736381
 21
11263.89831304307
 31
0.0
 40
1.831773302867077
 41
0.0
 42
1.631
 43
0.9453333333333333
 71
     2
 72
     1
 44
1.831773302867077
 45
12.5
 73
     0
 74
     0
 46
0.0
  0
MTEXT
  5
34D
330
1F
100
AcDbEntity
  8
0
100
AcDbMText
 10
10827.18580813768
 20
11267.09439377981
 30
0.0
 40
0.35
 41
1.831773302867077
 46
0.0
 71
     1
 72
     5
  1
\pxqc;{\fArtifakt Element Medium|b0|i0|c0|p34;S.M CABIN\P3 x 3 m}
 73
     1
 44
1.0
101
Embedded Object
 70
     1
 10
1.0
 20
0.0
 30
0.0
 11
10827.18580813768
 21
11267.09439377981
 31
0.0
 40
1.831773302867077
 41
0.0
 42
1.631
 43
1.540666666666666
 71
     2
 72
     1
 44
1.831773302867077
 45
12.5
 73
     0
 74
     0
 46
0.0
  0
MTEXT
  5
34E
330
1F
100
AcDbEntity
  8
0
100
AcDbMText
 10
10827.08089809351
 20
11270.08909914329
 30
0.0
 40
0.35
 41
1.831773302867077
 46
0.0
 71
     1
 72
     5
  1
\pxqc;{\fArtifakt Element Medium|b0|i0|c0|p34;S.R\P3 x 3 m}
 73
     1
 44
1.0
101
Embedded Object
 70
     1
 10
1.0
 20
0.0
 30
0.0
 11
10827.08089809351
 21
11270.08909914329
 31
0.0
 40
1.831773302867077
 41
0.0
 42
1.631
 43
0.9513333333333331
 71
     2
 72
     1
 44
1.831773302867077
 45
12.5
 73
     0
 74
     0
 46
0.0
  0
MTEXT
  5
34F
330
1F
100
AcDbEntity
  8
0
100
AcDbMText
 10
10822.98375408383
 20
11273.95028353245
 30
0.0
 40
0.35
 41
1.831773302867077
 46
0.0
 71
     1
 72
     5
  1
\pxqc;{\fArtifakt Element Medium|b0|i0|c0|p34;CHANGING ROOM\P3 x 4 m}
 73
     1
 44
1.0
101
Embedded Object
 70
     1
 10
1.0
 20
0.0
 30
0.0
 11
10822.98375408383
 21
11273.95028353245
 31
0.0
 40
1.831773302867077
 41
0.0
 42
2.5325
 43
1.540666666666666
 71
     2
 72
     1
 44
1.831773302867077
 45
12.5
 73
     0
 74
     0
 46
0.0
  0
MTEXT
  5
350
330
1F
100
AcDbEntity
  8
0
100
AcDbMText
 10
10819.15094198007
 20
11273.95028353245
 30
0.0
 40
0.35
 41
1.831773302867077
 46
0.0
 71
     1
 72
     5
  1
\pxqc;{\fArtifakt Element Medium|b0|i0|c0|p34;DINING ROOM\P4 x 4 m}
 73
     1
 44
1.0
101
Embedded Object
 70
     1
 10
1.0
 20
0.0
 30
0.0
 11
10819.15094198007
 21
11273.95028353245
 31
0.0
 40
1.831773302867077
 41
0.0
 42
1.757
 43
1.528666666666666
 71
     2
 72
     1
 44
1.831773302867077
 45
12.5
 73
     0
 74
     0
 46
0.0
  0
LINE
  5
3E0
330
1F
100
AcDbEntity
  8
0
100
AcDbLine
 10
10795.10455332086
 20
11275.29219779213
 30
0.0
 11
10795.10455332086
 21
11275.59219779234
 31
0.0
  0
LINE
  5
3E4
330
1F
100
AcDbEntity
  8
0
100
AcDbLine
 10
10825.60455332086
 20
11255.49219779213
 30
0.0
 11
10826.60455332086
 21
11255.49219779213
 31
0.0
  0
LINE
  5
3E5
330
1F
100
AcDbEntity
  8
0
100
AcDbLine
 10
10826.60455332086
 20
11255.49219779213
 30
0.0
 11
10826.60455332086
 21
11251.49219779213
 31
0.0
  0
LINE
  5
3E6
330
1F
100
AcDbEntity
  8
0
100
AcDbLine
 10
10826.60455332086
 20
11255.49219779213
 30
0.0
 11
10826.60455332086
 21
11253.49219779213
 31
0.0
  0
LINE
  5
3EA
330
1F
100
AcDbEntity
  8
0
100
AcDbLine
 10
10826.60455332086
 20
11253.59219779213
 30
0.0
 11
10829.60455332086
 21
11253.59219779214
 31
0.0
  0
LINE
  5
3EB
330
1F
100
AcDbEntity
  8
0
100
AcDbLine
 10
10826.60455332086
 20
11253.59219779213
 30
0.0
 11
10829.60455332086
 21
11253.59219779214
 31
0.0
  0
LINE
  5
3EC
330
1F
100
AcDbEntity
  8
0
100
AcDbLine
 10
10826.60455332086
 20
11253.59219779213
 30
0.0
 11
10829.60455332086
 21
11253.59219779214
 31
0.0
  0
LINE
  5
3ED
330
1F
100
AcDbEntity
  8
0
100
AcDbLine
 10
10826.60455332086
 20
11253.39219779213
 30
0.0
 11
10829.60455332086
 21
11253.39219779214
 31
0.0
  0
LINE
  5
3EE
330
1F
100
AcDbEntity
  8
0
100
AcDbLine
 10
10826.80455332086
 20
11255.49219779213
 30
0.0
 11
10826.80455332086
 21
11251.49219779213
 31
0.0
  0
LINE
  5
3F1
330
1F
100
AcDbEntity
  8
0
100
AcDbLine
 10
10818.00455332086
 20
11270.09219779213
 30
0.0
 11
10825.40455332086
 21
11270.09219779214
 31
0.0
  0
LINE
  5
3F4
330
1F
100
AcDbEntity
  8
0
100
AcDbLine
 10
10825.40455332086
 20
11270.09219779213
 30
0.0
 11
10825.40455332086
 21
11267.89219779213
 31
0.0
  0
LINE
  5
3F5
330
1F
100
AcDbEntity
  8
0
100
AcDbLine
 10
10818.00455332086
 20
11270.09219779213
 30
0.0
 11
10818.00455332086
 21
11267.89219779213
 31
0.0
  0
LINE
  5
3F6
330
1F
100
AcDbEntity
  8
0
100
AcDbLine
 10
10825.40455332086
 20
11267.89219779213
 30
0.0
 11
10818.00455332086
 21
11267.89219779213
 31
0.0
  0
LINE
  5
3F7
330
1F
100
AcDbEntity
  8
0
100
AcDbLine
 10
10818.00455332086
 20
11267.89219779213
 30
0.0
 11
10825.40455332086
 21
11270.09219779214
 31
0.0
  0
LINE
  5
3F8
330
1F
100
AcDbEntity
  8
0
100
AcDbLine
 10
10818.00455332086
 20
11270.09219779213
 30
0.0
 11
10825.40455332086
 21
11267.89219779213
 31
0.0
  0
MTEXT
  5
3FD
330
1F
100
AcDbEntity
  8
0
100
AcDbMText
 10
10809.11670679786
 20
11239.29156757156
 30
0.0
 40
0.35
 41
1.831773302867077
 46
0.0
 71
     1
 72
     5
  1
\pxqc;{\fArtifakt Element Medium|b0|i0|c0|p34;CAR 3}
 73
     1
 44
1.0
101
Embedded Object
 70
     1
 10
1.0
 20
0.0
 30
0.0
 11
10809.11670679786
 21
11239.29156757156
 31
0.0
 40
1.831773302867077
 41
0.0
 42
1.292
 43
0.362
 71
     2
 72
     1
 44
1.831773302867077
 45
12.5
 73
     0
 74
     0
 46
0.0
  0
MTEXT
  5
3FE
330
1F
100
AcDbEntity
  8
0
100
AcDbMText
 10
10797.96133971439
 20
11240.80368153392
 30
0.0
 40
0.35
 41
1.831773302867077
 46
0.0
 71
     1
 72
     5
  1
\pxqc;{\fArtifakt Element Medium|b0|i0|c0|p34;CAR 2}
 73
     1
 44
1.0
101
Embedded Object
 70
     1
 10
1.0
 20
0.0
 30
0.0
 11
10797.96133971439
 21
11240.80368153392
 31
0.0
 40
1.831773302867077
 41
0.0
 42
1.268499999999999
 43
0.362
 71
     2
 72
     1
 44
1.831773302867077
 45
12.5
 73
     0
 74
     0
 46
0.0
  0
MTEXT
  5
3FF
330
1F
100
AcDbEntity
  8
0
100
AcDbMText
 10
10798.91751413715
 20
11249.99574330562
 30
0.0
 40
0.35
 41
1.831773302867077
 46
0.0
 71
     1
 72
     5
  1
\pxqc;{\fArtifakt Element Medium|b0|i0|c0|p34;CAR 1}
 73
     1
 44
1.0
101
Embedded Object
 70
     1
 10
1.0
 20
0.0
 30
0.0
 11
10798.91751413715
 21
11249.99574330562
 31
0.0
 40
1.831773302867077
 41
0.0
 42
1.247999999999999
 43
0.362
 71
     2
 72
     1
 44
1.831773302867077
 45
12.5
 73
     0
 74
     0
 46
0.0
  0
LINE
  5
401
330
1F
100
AcDbEntity
  8
0
100
AcDbLine
 10
10880.05455686995
 20
11275.29219779213
 30
0.0
 11
10880.05455686995
 21
11237.01999371174
 31
0.0
  0
LINE
  5
402
330
1F
100
AcDbEntity
  8
0
100
AcDbLine
 10
10882.82408345862
 20
11234.79219779213
 30
0.0
 11
10890.30964845177
 21
11234.79219779214
 31
0.0
  0
LINE
  5
403
330
1F
100
AcDbEntity
  8
0
100
AcDbLine
 10
10914.55455686995
 20
11234.79219779213
 30
0.0
 11
10914.55455686995
 21
11275.29219779213
 31
0.0
  0
LINE
  5
404
330
1F
100
AcDbEntity
  8
0
100
AcDbLine
 10
10914.55455686995
 20
11275.29219779213
 30
0.0
 11
10880.05455686995
 21
11275.29219779213
 31
0.0
  0
LINE
  5
405
330
1F
100
AcDbEntity
  8
0
100
AcDbLine
 10
10914.55455686995
 20
11255.79219779213
 30
0.0
 11
10880.05455686995
 21
11255.79219779213
 31
0.0
  0
LINE
  5
406
330
1F
100
AcDbEntity
  8
0
100
AcDbLine
 10
10914.55455686995
 20
11255.49219779213
 30
0.0
 11
10880.05455686995
 21
11255.49219779213
 31
0.0
  0
LINE
  5
407
330
1F
100
AcDbEntity
  8
0
100
AcDbLine
 10
10879.75455686996
 20
11234.79219779213
 30
0.0
 11
10879.75455686996
 21
11275.59219779213
 31
0.0
  0
LINE
  5
408
330
1F
100
AcDbEntity
  8
0
100
AcDbLine
 10
10879.75455686996
 20
11275.59219779235
 30
0.0
 11
10914.85455686995
 21
11275.59219779213
 31
0.0
  0
LINE
  5
409
330
1F
100
AcDbEntity
  8
0
100
AcDbLine
 10
10914.85455686995
 20
11234.79219779213
 30
0.0
 11
10914.85455686995
 21
11275.59219779213
 31
0.0
  0
LINE
  5
40A
330
1F
100
AcDbEntity
  8
0
100
AcDbLine
 10
10914.55455686995
 20
11255.49219779213
 30
0.0
 11
10910.55455686995
 21
11255.49219779213
 31
0.0
  0
LINE
  5
40B
330
1F
100
AcDbEntity
  8
0
100
AcDbLine
 10
10910.55455686995
 20
11255.49219779213
 30
0.0
 11
10910.55455686995
 21
11251.49219779213
 31
0.0
  0
LINE
  5
40C
330
1F
100
AcDbEntity
  8
0
100
AcDbLine
 10
10910.55455686995
 20
11251.49219779213
 30
0.0
 11
10914.55455686995
 21
11251.49219779213
 31
0.0
  0
LINE
  5
40D
330
1F
100
AcDbEntity
  8
0
100
AcDbLine
 10
10910.35455686995
 20
11255.49219779213
 30
0.0
 11
10910.35455686995
 21
11251.29219779213
 31
0.0
  0
LINE
  5
40E
330
1F
100
AcDbEntity
  8
0
100
AcDbLine
 10
10914.55455686995
 20
11251.29219779213
 30
0.0
 11
10910.35455686995
 21
11251.29219779213
 31
0.0
  0
LINE
  5
418
330
1F
100
AcDbEntity
  8
0
100
AcDbLine
 10
10900.95455686995
 20
11251.49219779213
 30
0.0
 11
10900.95455686995
 21
11255.49219779213
 31
0.0
  0
LINE
  5
419
330
1F
100
AcDbEntity
  8
0
100
AcDbLine
 10
10900.75455686995
 20
11251.29219779213
 30
0.0
 11
10900.75455686995
 21
11255.49219779213
 31
0.0
  0
LINE
  5
41B
330
1F
100
AcDbEntity
  8
0
100
AcDbLine
 10
10900.7529294391
 20
11251.49219779213
 30
0.0
 11
10897.7529294391
 21
11251.49219779213
 31
0.0
  0
LINE
  5
41C
330
1F
100
AcDbEntity
  8
0
100
AcDbLine
 10
10897.7529294391
 20
11251.49219779213
 30
0.0
 11
10897.7529294391
 21
11255.49219779213
 31
0.0
  0
LINE
  5
41D
330
1F
100
AcDbEntity
  8
0
100
AcDbLine
 10
10897.5529294391
 20
11251.29219779213
 30
0.0
 11
10897.5529294391
 21
11255.49219779213
 31
0.0
  0
LINE
  5
41E
330
1F
100
AcDbEntity
  8
0
100
AcDbLine
 10
10900.7529294391
 20
11251.29219779213
 30
0.0
 11
10897.54354440324
 21
11251.29219779213
 31
0.0
  0
LINE
  5
427
330
1F
100
AcDbEntity
  8
0
100
AcDbLine
 10
10880.05455686995
 20
11255.79219779213
 30
0.0
 11
10884.05455686995
 21
11255.79219779213
 31
0.0
  0
LWPOLYLINE
  5
428
330
1F
100
AcDbEntity
  8
0
100
AcDbPolyline
 90
        4
 70
     0
 43
0.0
 10
10884.25455686995
 20
11255.79219779213
 10
10884.25455686995
 20
11261.99219779213
 10
10884.05455686995
 20
11261.99219779213
 10
10880.05455686995
 20
11261.99219779213
  0
LWPOLYLINE
  5
429
330
1F
100
AcDbEntity
  8
0
100
AcDbPolyline
 90
        3
 70
     0
 43
0.0
 10
10884.05455686995
 20
11255.79219779213
 10
10884.05455686995
 20
11261.79219779213
 10
10880.05455686995
 20
11261.79219779213
  0
LINE
  5
42A
330
1F
100
AcDbEntity
  8
0
100
AcDbLine
 10
10914.55455686995
 20
11251.29219779213
 30
0.0
 11
10912.05455686995
 21
11251.29219779213
 31
0.0
  0
LINE
  5
42F
330
1F
100
AcDbEntity
  8
0
100
AcDbLine
 10
10912.05455686995
 20
11249.09169349986
 30
0.0
 11
10912.05455686995
 21
11248.79169349986
 31
0.0
  0
LINE
  5
430
330
1F
100
AcDbEntity
  8
0
100
AcDbLine
 10
10912.05455686995
 20
11247.09169349986
 30
0.0
 11
10914.55455686995
 21
11247.09169349986
 31
0.0
  0
LINE
  5
431
330
1F
100
AcDbEntity
  8
0
100
AcDbLine
 10
10911.85455686997
 20
11249.09169349986
 30
0.0
 11
10911.85455686997
 21
11248.79169349986
 31
0.0
  0
LINE
  5
432
330
1F
100
AcDbEntity
  8
0
100
AcDbLine
 10
10914.55455686995
 20
11246.89169349986
 30
0.0
 11
10911.85455686995
 21
11246.89169349986
 31
0.0
  0
LINE
  5
433
330
1F
100
AcDbEntity
  8
0
100
AcDbLine
 10
10882.19106885257
 20
11254.24063671484
 30
0.0
 11
10885.14633824604
 21
11254.75675958007
 31
0.0
  0
LINE
  5
434
330
1F
100
AcDbEntity
  8
0
100
AcDbLine
 10
10882.19106885257
 20
11254.24063671484
 30
0.0
 11
10884.52172310016
 21
11249.25886486356
 31
0.0
  0
LINE
  5
435
330
1F
100
AcDbEntity
  8
0
100
AcDbLine
 10
10885.14633824604
 20
11254.75675958007
 30
0.0
 11
10887.47699249363
 21
11249.77498772879
 31
0.0
  0
LINE
  5
436
330
1F
100
AcDbEntity
  8
0
100
AcDbLine
 10
10884.52172310016
 20
11249.25886486356
 30
0.0
 11
10887.47699249363
 21
11249.77498772879
 31
0.0
  0
LINE
  5
437
330
1F
100
AcDbEntity
  8
0
100
AcDbLine
 10
10887.74912414563
 20
11241.45339462632
 30
0.0
 11
10884.79385475215
 21
11241.96951749155
 31
0.0
  0
LINE
  5
438
330
1F
100
AcDbEntity
  8
0
100
AcDbLine
 10
10887.74912414563
 20
11241.45339462632
 30
0.0
 11
10885.41846989803
 21
11236.47162277504
 31
0.0
  0
LINE
  5
439
330
1F
100
AcDbEntity
  8
0
100
AcDbLine
 10
10884.79385475215
 20
11241.96951749155
 30
0.0
 11
10882.46320050456
 21
11236.98774564027
 31
0.0
  0
LINE
  5
43A
330
1F
100
AcDbEntity
  8
0
100
AcDbLine
 10
10885.41846989803
 20
11236.47162277504
 30
0.0
 11
10882.46320050456
 21
11236.98774564027
 31
0.0
  0
LINE
  5
443
330
1F
100
AcDbEntity
  8
0
100
AcDbLine
 10
10914.55455686995
 20
11255.79219779213
 30
0.0
 11
10907.05455686995
 21
11255.79219779213
 31
0.0
  0
LINE
  5
44A
330
1F
100
AcDbEntity
  8
0
100
AcDbLine
 10
10914.55455686995
 20
11275.29219779213
 30
0.0
 11
10910.55455686995
 21
11275.29219779213
 31
0.0
  0
MTEXT
  5
463
330
1F
100
AcDbEntity
  8
0
100
AcDbMText
 10
10907.41748525502
 20
11254.29207350631
 30
0.0
 40
0.35
 41
1.831773302867077
 46
0.0
 71
     1
 72
     5
  1
\pxqc;{\fArtifakt Element Medium|b0|i0|c0|p34;C.L\P4 x 4 m}
 73
     1
 44
1.0
101
Embedded Object
 70
     1
 10
1.0
 20
0.0
 30
0.0
 11
10907.41748525502
 21
11254.29207350631
 31
0.0
 40
1.831773302867077
 41
0.0
 42
1.627
 43
0.9393333333333334
 71
     2
 72
     1
 44
1.831773302867077
 45
12.5
 73
     0
 74
     0
 46
0.0
  0
MTEXT
  5
467
330
1F
100
AcDbEntity
  8
0
100
AcDbMText
 10
10912.50189507601
 20
11248.69515195602
 30
0.0
 40
0.25
 41
1.617332172763781
 46
0.0
 71
     1
 72
     5
  1
\pxqc;{\fArtifakt Element Medium|b0|i0|c0|p34;LIFT\P2 x 2.5 m}
 73
     1
 44
1.0
101
Embedded Object
 70
     1
 10
1.0
 20
0.0
 30
0.0
 11
10912.50189507601
 21
11248.69515195602
 31
0.0
 40
1.617332172763781
 41
0.0
 42
1.419642857142857
 43
0.6752380952380952
 71
     2
 72
     1
 44
1.617332172763781
 45
12.5
 73
     0
 74
     0
 46
0.0
  0
MTEXT
  5
469
330
1F
100
AcDbEntity
  8
0
100
AcDbMText
 10
10881.23388258759
 20
11258.64314655944
 30
0.0
 40
0.35
 41
1.831773302867077
 46
0.0
 71
     1
 72
     5
  1
\pxqc;{\fArtifakt Element Medium|b0|i0|c0|p34;CAR LIFT\P4 x 6 m}
 73
     1
 44
1.0
101
Embedded Object
 70
     1
 10
1.0
 20
0.0
 30
0.0
 11
10881.23388258759
 21
11258.64314655944
 31
0.0
 40
1.831773302867077
 41
0.0
 42
1.625
 43
1.534666666666666
 71
     2
 72
     1
 44
1.831773302867077
 45
12.5
 73
     0
 74
     0
 46
0.0
  0
LINE
  5
46F
330
1F
100
AcDbEntity
  8
0
100
AcDbLine
 10
10880.05455686995
 20
11275.29219779213
 30
0.0
 11
10880.05455686995
 21
11275.59219779234
 31
0.0
  0
LINE
  5
470
330
1F
100
AcDbEntity
  8
0
100
AcDbLine
 10
10910.55455686995
 20
11255.49219779213
 30
0.0
 11
10911.55455686996
 21
11255.49219779213
 31
0.0
  0
LINE
  5
471
330
1F
100
AcDbEntity
  8
0
100
AcDbLine
 10
10911.55455686996
 20
11255.49219779213
 30
0.0
 11
10911.55455686996
 21
11251.49219779213
 31
0.0
  0
LINE
  5
472
330
1F
100
AcDbEntity
  8
0
100
AcDbLine
 10
10911.75455686995
 20
11255.49219779213
 30
0.0
 11
10911.75455686995
 21
11251.49219779213
 31
0.0
  0
LINE
  5
473
330
1F
100
AcDbEntity
  8
0
100
AcDbLine
 10
10911.55455686996
 20
11255.49219779213
 30
0.0
 11
10911.55455686996
 21
11253.49219779213
 31
0.0
  0
LINE
  5
474
330
1F
100
AcDbEntity
  8
0
100
AcDbLine
 10
10911.55455686996
 20
11253.39219779213
 30
0.0
 11
10914.55455686995
 21
11253.39219779214
 31
0.0
  0
LINE
  5
475
330
1F
100
AcDbEntity
  8
0
100
AcDbLine
 10
10911.55455686996
 20
11253.59219779213
 30
0.0
 11
10914.55455686995
 21
11253.59219779214
 31
0.0
  0
LINE
  5
476
330
1F
100
AcDbEntity
  8
0
100
AcDbLine
 10
10911.55455686996
 20
11253.59219779213
 30
0.0
 11
10914.55455686995
 21
11253.59219779214
 31
0.0
  0
LINE
  5
477
330
1F
100
AcDbEntity
  8
0
100
AcDbLine
 10
10911.55455686996
 20
11253.59219779213
 30
0.0
 11
10914.55455686995
 21
11253.59219779214
 31
0.0
  0
MTEXT
  5
480
330
1F
100
AcDbEntity
  8
0
100
AcDbMText
 10
10886.13454245068
 20
11239.57534946297
 30
0.0
 40
0.35
 41
1.831773302867077
 46
0.0
 71
     3
 72
     5
  1
\pxqc;{\fArtifakt Element Medium|b0|i0|c0|p34;CAR 2}
 73
     1
 44
1.0
101
Embedded Object
 70
     3
 10
1.0
 20
0.0
 30
0.0
 11
10886.13454245068
 21
11239.57534946297
 31
0.0
 40
1.831773302867077
 41
0.0
 42
1.268499999999999
 43
0.362
 71
     2
 72
     1
 44
1.831773302867077
 45
12.5
 73
     0
 74
     0
 46
0.0
  0
MTEXT
  5
481
330
1F
100
AcDbEntity
  8
0
100
AcDbMText
 10
10883.79906701372
 20
11252.43620196548
 30
0.0
 40
0.35
 41
1.831773302867077
 46
0.0
 71
     1
 72
     5
  1
\pxqc;{\fArtifakt Element Medium|b0|i0|c0|p34;CAR 1}
 73
     1
 44
1.0
101
Embedded Object
 70
     1
 10
1.0
 20
0.0
 30
0.0
 11
10883.79906701372
 21
11252.43620196548
 31
0.0
 40
1.831773302867077
 41
0.0
 42
1.247999999999999
 43
0.362
 71
     2
 72
     1
 44
1.831773302867077
 45
12.5
 73
     0
 74
     0
 46
0.0
  0
LINE
  5
482
330
1F
100
AcDbEntity
  8
0
100
AcDbLine
 10
10884.25455686995
 20
11261.99219779213
 30
0.0
 11
10914.55455686995
 21
11275.29219779213
 31
0.0
  0
LINE
  5
483
330
1F
100
AcDbEntity
  8
0
100
AcDbLine
 10
10914.55455686995
 20
11255.79219779213
 30
0.0
 11
10880.05455686995
 21
11275.29219779213
 31
0.0
  0
LINE
  5
484
330
1F
100
AcDbEntity
  8
0
100
AcDbLine
 10
10900.95455686995
 20
11251.49219779213
 30
0.0
 11
10900.95455686995
 21
11251.29219779213
 31
0.0
  0
LINE
  5
485
330
1F
100
AcDbEntity
  8
0
100
AcDbLine
 10
10910.35455686995
 20
11251.49219779213
 30
0.0
 11
10906.35455686995
 21
11251.49219779213
 31
0.0
  0
LINE
  5
486
330
1F
100
AcDbEntity
  8
0
100
AcDbLine
 10
10906.35455686995
 20
11251.49219779213
 30
0.0
 11
10906.35455686995
 21
11255.49219779213
 31
0.0
  0
LINE
  5
487
330
1F
100
AcDbEntity
  8
0
100
AcDbLine
 10
10910.35455686995
 20
11251.29219779213
 30
0.0
 11
10906.15455686995
 21
11251.29219779213
 31
0.0
  0
LINE
  5
488
330
1F
100
AcDbEntity
  8
0
100
AcDbLine
 10
10906.15455686995
 20
11251.29219779213
 30
0.0
 11
10906.15455686995
 21
11255.49219779213
 31
0.0
  0
LINE
  5
48A
330
1F
100
AcDbEntity
  8
0
100
AcDbLine
 10
10914.55455686995
 20
11249.29219779213
 30
0.0
 11
10911.85455686995
 21
11249.29219779213
 31
0.0
  0
LINE
  5
48B
330
1F
100
AcDbEntity
  8
0
100
AcDbLine
 10
10897.7529294391
 20
11255.49219779213
 30
0.0
 11
10897.7529294391
 21
11254.99219779213
 31
0.0
  0
LINE
  5
48C
330
1F
100
AcDbEntity
  8
0
100
AcDbLine
 10
10897.7529294391
 20
11254.49219779213
 30
0.0
 11
10900.75455686995
 21
11254.49219779213
 31
0.0
  0
LINE
  5
48E
330
1F
100
AcDbEntity
  8
0
100
AcDbLine
 10
10897.7529294391
 20
11254.49219779213
 30
0.0
 11
10899.2529294391
 21
11254.49219779213
 31
0.0
  0
LINE
  5
491
330
1F
100
AcDbEntity
  8
0
100
AcDbLine
 10
10899.0029294391
 20
11254.49219779213
 30
0.0
 11
10899.0029294391
 21
11251.49219779214
 31
0.0
  0
LINE
  5
4A1
330
1F
100
AcDbEntity
  8
0
100
AcDbLine
 10
10899.5029294391
 20
11254.49219779213
 30
0.0
 11
10899.5029294391
 21
11251.49219779214
 31
0.0
  0
LINE
  5
4A2
330
1F
100
AcDbEntity
  8
0
100
AcDbLine
 10
10899.5029294391
 20
11254.49219779213
 30
0.0
 11
10900.75455686995
 21
11254.49219779213
 31
0.0
  0
HATCH
  5
4FC
330
1F
100
AcDbEntity
  8
column
  6
ACAD_ISO02W100
440
 33554687
370
   100
100
AcDbHatch
 10
0.0
 20
0.0
 30
0.0
210
0.0
220
0.0
230
1.0
  2
SOLID
 70
     1
 71
     0
 91
        1
 92
        1
 93
        4
 72
     1
 10
10829.90455332086
 20
11275.59219779213
 11
10829.15455332086
 21
11275.59219779213
 72
     1
 10
10829.15455332086
 20
11275.59219779213
 11
10829.15455332086
 21
11274.84219779213
 72
     1
 10
10829.15455332086
 20
11274.84219779213
 11
10829.90455332086
 21
11274.84219779213
 72
     1
 10
10829.90455332086
 20
11274.84219779213
 11
10829.90455332086
 21
11275.59219779213
 97
        0
 75
     1
 76
     1
 98
        1
 10
-1.477996466910553
 20
-0.3293534997901588
450
        0
451
        0
460
0.0
461
0.0
452
        0
462
0.0
453
        2
463
0.0
 63
     5
421
      255
463
1.0
 63
     2
421
 16776960
470
LINEAR
1001
GradientColor1ACI
1070
     5
1001
GradientColor2ACI
1070
     2
1001
ACAD
1010
0.0
1020
0.0
1030
0.0
  0
HATCH
  5
4FD
330
1F
100
AcDbEntity
  8
column
  6
ACAD_ISO02W100
440
 33554687
370
   100
100
AcDbHatch
 10
0.0
 20
0.0
 30
0.0
210
0.0
220
0.0
230
1.0
  2
SOLID
 70
     1
 71
     0
 91
        1
 92
        1
 93
        4
 72
     1
 10
10829.90455332086
 20
11275.59219779213
 11
10829.15455332086
 21
11275.59219779213
 72
     1
 10
10829.15455332086
 20
11275.59219779213
 11
10829.15455332086
 21
11274.84219779213
 72
     1
 10
10829.15455332086
 20
11274.84219779213
 11
10829.90455332086
 21
11274.84219779213
 72
     1
 10
10829.90455332086
 20
11274.84219779213
 11
10829.90455332086
 21
11275.59219779213
 97
        0
 75
     1
 76
     1
 98
        1
 10
-1.477996466908734
 20
-0.3293534997883398
450
        0
451
        0
460
0.0
461
0.0
452
        0
462
0.0
453
        2
463
0.0
 63
     5
421
      255
463
1.0
 63
     2
421
 16776960
470
LINEAR
1001
GradientColor1ACI
1070
     5
1001
GradientColor2ACI
1070
     2
1001
ACAD
1010
0.0
1020
0.0
1030
0.0
  0
HATCH
  5
4FE
330
1F
100
AcDbEntity
  8
column
  6
ACAD_ISO02W100
440
 33554687
370
   100
100
AcDbHatch
 10
0.0
 20
0.0
 30
0.0
210
0.0
220
0.0
230
1.0
  2
SOLID
 70
     1
 71
     0
 91
        1
 92
        1
 93
        4
 72
     1
 10
10829.90455332086
 20
11275.59219779213
 11
10829.15455332086
 21
11275.59219779213
 72
     1
 10
10829.15455332086
 20
11275.59219779213
 11
10829.15455332086
 21
11274.84219779213
 72
     1
 10
10829.15455332086
 20
11274.84219779213
 11
10829.90455332086
 21
11274.84219779213
 72
     1
 10
10829.90455332086
 20
11274.84219779213
 11
10829.90455332086
 21
11275.59219779213
 97
        0
 75
     1
 76
     1
 98
        1
 10
-1.477996466908734
 20
-0.3293534997883398
450
        0
451
        0
460
0.0
461
0.0
452
        0
462
0.0
453
        2
463
0.0
 63
     5
421
      255
463
1.0
 63
     2
421
 16776960
470
LINEAR
1001
GradientColor1ACI
1070
     5
1001
GradientColor2ACI
1070
     2
1001
ACAD
1010
0.0
1020
0.0
1030
0.0
  0
HATCH
  5
4FF
330
1F
100
AcDbEntity
  8
column
  6
ACAD_ISO02W100
440
 33554687
370
   100
100
AcDbHatch
 10
0.0
 20
0.0
 30
0.0
210
0.0
220
0.0
230
1.0
  2
SOLID
 70
     1
 71
     0
 91
        1
 92
        1
 93
        4
 72
     1
 10
10829.90455332086
 20
11275.59219779213
 11
10829.15455332086
 21
11275.59219779213
 72
     1
 10
10829.15455332086
 20
11275.59219779213
 11
10829.15455332086
 21
11274.84219779213
 72
     1
 10
10829.15455332086
 20
11274.84219779213
 11
10829.90455332086
 21
11274.84219779213
 72
     1
 10
10829.90455332086
 20
11274.84219779213
 11
10829.90455332086
 21
11275.59219779213
 97
        0
 75
     1
 76
     1
 98
        1
 10
-1.477996466908734
 20
-0.3293534997883398
450
        0
451
        0
460
0.0
461
0.0
452
        0
462
0.0
453
        2
463
0.0
 63
     5
421
      255
463
1.0
 63
     2
421
 16776960
470
LINEAR
1001
GradientColor1ACI
1070
     5
1001
GradientColor2ACI
1070
     2
1001
ACAD
1010
0.0
1020
0.0
1030
0.0
  0
HATCH
  5
500
330
1F
100
AcDbEntity
  8
column
  6
ACAD_ISO02W100
440
 33554687
370
   100
100
AcDbHatch
 10
0.0
 20
0.0
 30
0.0
210
0.0
220
0.0
230
1.0
  2
SOLID
 70
     1
 71
     0
 91
        1
 92
        1
 93
        4
 72
     1
 10
10829.90455332086
 20
11271.59219779213
 11
10829.15455332086
 21
11271.59219779213
 72
     1
 10
10829.15455332086
 20
11271.59219779213
 11
10829.15455332086
 21
11270.84219779213
 72
     1
 10
10829.15455332086
 20
11270.84219779213
 11
10829.90455332086
 21
11270.84219779213
 72
     1
 10
10829.90455332086
 20
11270.84219779213
 11
10829.90455332086
 21
11271.59219779213
 97
        0
 75
     1
 76
     1
 98
        1
 10
-1.477996466908734
 20
-4.329353499788339
450
        0
451
        0
460
0.0
461
0.0
452
        0
462
0.0
453
        2
463
0.0
 63
     5
421
      255
463
1.0
 63
     2
421
 16776960
470
LINEAR
1001
GradientColor1ACI
1070
     5
1001
GradientColor2ACI
1070
     2
1001
ACAD
1010
0.0
1020
0.0
1030
0.0
  0
HATCH
  5
503
330
1F
100
AcDbEntity
  8
column
  6
ACAD_ISO02W100
440
 33554687
370
   100
100
AcDbHatch
 10
0.0
 20
0.0
 30
0.0
210
0.0
220
0.0
230
1.0
  2
SOLID
 70
     1
 71
     0
 91
        1
 92
        1
 93
        4
 72
     1
 10
10829.90455332086
 20
11261.99219779213
 11
10829.15455332086
 21
11261.99219779213
 72
     1
 10
10829.15455332086
 20
11261.99219779213
 11
10829.15455332086
 21
11261.24219779213
 72
     1
 10
10829.15455332086
 20
11261.24219779213
 11
10829.90455332086
 21
11261.24219779213
 72
     1
 10
10829.90455332086
 20
11261.24219779213
 11
10829.90455332086
 21
11261.99219779213
 97
        0
 75
     1
 76
     1
 98
        1
 10
-1.477996466908734
 20
-13.92935349979052
450
        0
451
        0
460
0.0
461
0.0
452
        0
462
0.0
453
        2
463
0.0
 63
     5
421
      255
463
1.0
 63
     2
421
 16776960
470
LINEAR
1001
GradientColor1ACI
1070
     5
1001
GradientColor2ACI
1070
     2
1001
ACAD
1010
0.0
1020
0.0
1030
0.0
  0
HATCH
  5
504
330
1F
100
AcDbEntity
  8
column
  6
ACAD_ISO02W100
440
 33554687
370
   100
100
AcDbHatch
 10
0.0
 20
0.0
 30
0.0
210
0.0
220
0.0
230
1.0
  2
SOLID
 70
     1
 71
     0
 91
        1
 92
        1
 93
        4
 72
     1
 10
10826.90455332086
 20
11261.99219779213
 11
10826.15455332086
 21
11261.99219779213
 72
     1
 10
10826.15455332086
 20
11261.99219779213
 11
10826.15455332086
 21
11261.24219779213
 72
     1
 10
10826.15455332086
 20
11261.24219779213
 11
10826.90455332086
 21
11261.24219779213
 72
     1
 10
10826.90455332086
 20
11261.24219779213
 11
10826.90455332086
 21
11261.99219779213
 97
        0
 75
     1
 76
     1
 98
        1
 10
-4.477996466908734
 20
-13.92935349979052
450
        0
451
        0
460
0.0
461
0.0
452
        0
462
0.0
453
        2
463
0.0
 63
     5
421
      255
463
1.0
 63
     2
421
 16776960
470
LINEAR
1001
GradientColor1ACI
1070
     5
1001
GradientColor2ACI
1070
     2
1001
ACAD
1010
0.0
1020
0.0
1030
0.0
  0
HATCH
  5
508
330
1F
100
AcDbEntity
  8
column
  6
ACAD_ISO02W100
440
 33554687
370
   100
100
AcDbHatch
 10
0.0
 20
0.0
 30
0.0
210
0.0
220
0.0
230
1.0
  2
SOLID
 70
     1
 71
     0
 91
        1
 92
        1
 93
        4
 72
     1
 10
10822.70455332086
 20
11271.59219779213
 11
10821.95455332086
 21
11271.59219779213
 72
     1
 10
10821.95455332086
 20
11271.59219779213
 11
10821.95455332086
 21
11270.84219779213
 72
     1
 10
10821.95455332086
 20
11270.84219779213
 11
10822.70455332086
 21
11270.84219779213
 72
     1
 10
10822.70455332086
 20
11270.84219779213
 11
10822.70455332086
 21
11271.59219779213
 97
        0
 75
     1
 76
     1
 98
        1
 10
-8.677996466909462
 20
-4.329353499788339
450
        0
451
        0
460
0.0
461
0.0
452
        0
462
0.0
453
        2
463
0.0
 63
     5
421
      255
463
1.0
 63
     2
421
 16776960
470
LINEAR
1001
GradientColor1ACI
1070
     5
1001
GradientColor2ACI
1070
     2
1001
ACAD
1010
0.0
1020
0.0
1030
0.0
  0
HATCH
  5
509
330
1F
100
AcDbEntity
  8
column
  6
ACAD_ISO02W100
440
 33554687
370
   100
100
AcDbHatch
 10
0.0
 20
0.0
 30
0.0
210
0.0
220
0.0
230
1.0
  2
SOLID
 70
     1
 71
     0
 91
        1
 92
        1
 93
        4
 72
     1
 10
10822.70455332086
 20
11275.59219779213
 11
10821.95455332086
 21
11275.59219779213
 72
     1
 10
10821.95455332086
 20
11275.59219779213
 11
10821.95455332086
 21
11274.84219779213
 72
     1
 10
10821.95455332086
 20
11274.84219779213
 11
10822.70455332086
 21
11274.84219779213
 72
     1
 10
10822.70455332086
 20
11274.84219779213
 11
10822.70455332086
 21
11275.59219779213
 97
        0
 75
     1
 76
     1
 98
        1
 10
-8.677996466909462
 20
-0.3293534997883398
450
        0
451
        0
460
0.0
461
0.0
452
        0
462
0.0
453
        2
463
0.0
 63
     5
421
      255
463
1.0
 63
     2
421
 16776960
470
LINEAR
1001
GradientColor1ACI
1070
     5
1001
GradientColor2ACI
1070
     2
1001
ACAD
1010
0.0
1020
0.0
1030
0.0
  0
HATCH
  5
50A
330
1F
100
AcDbEntity
  8
column
  6
ACAD_ISO02W100
440
 33554687
370
   100
100
AcDbHatch
 10
0.0
 20
0.0
 30
0.0
210
0.0
220
0.0
230
1.0
  2
SOLID
 70
     1
 71
     0
 91
        1
 92
        1
 93
        4
 72
     1
 10
10818.50455332086
 20
11271.59219779213
 11
10817.75455332086
 21
11271.59219779213
 72
     1
 10
10817.75455332086
 20
11271.59219779213
 11
10817.75455332086
 21
11270.84219779213
 72
     1
 10
10817.75455332086
 20
11270.84219779213
 11
10818.50455332086
 21
11270.84219779213
 72
     1
 10
10818.50455332086
 20
11270.84219779213
 11
10818.50455332086
 21
11271.59219779213
 97
        0
 75
     1
 76
     1
 98
        1
 10
-12.87799646691019
 20
-4.329353499788339
450
        0
451
        0
460
0.0
461
0.0
452
        0
462
0.0
453
        2
463
0.0
 63
     5
421
      255
463
1.0
 63
     2
421
 16776960
470
LINEAR
1001
GradientColor1ACI
1070
     5
1001
GradientColor2ACI
1070
     2
1001
ACAD
1010
0.0
1020
0.0
1030
0.0
  0
HATCH
  5
50B
330
1F
100
AcDbEntity
  8
column
  6
ACAD_ISO02W100
440
 33554687
370
   100
100
AcDbHatch
 10
0.0
 20
0.0
 30
0.0
210
0.0
220
0.0
230
1.0
  2
SOLID
 70
     1
 71
     0
 91
        1
 92
        1
 93
        4
 72
     1
 10
10818.50455332086
 20
11275.59219779213
 11
10817.75455332086
 21
11275.59219779213
 72
     1
 10
10817.75455332086
 20
11275.59219779213
 11
10817.75455332086
 21
11274.84219779213
 72
     1
 10
10817.75455332086
 20
11274.84219779213
 11
10818.50455332086
 21
11274.84219779213
 72
     1
 10
10818.50455332086
 20
11274.84219779213
 11
10818.50455332086
 21
11275.59219779213
 97
        0
 75
     1
 76
     1
 98
        1
 10
-12.87799646691019
 20
-0.3293534997883398
450
        0
451
        0
460
0.0
461
0.0
452
        0
462
0.0
453
        2
463
0.0
 63
     5
421
      255
463
1.0
 63
     2
421
 16776960
470
LINEAR
1001
GradientColor1ACI
1070
     5
1001
GradientColor2ACI
1070
     2
1001
ACAD
1010
0.0
1020
0.0
1030
0.0
  0
HATCH
  5
50E
330
1F
100
AcDbEntity
  8
column
  6
ACAD_ISO02W100
440
 33554687
370
   100
100
AcDbHatch
 10
0.0
 20
0.0
 30
0.0
210
0.0
220
0.0
230
1.0
  2
SOLID
 70
     1
 71
     0
 91
        1
 92
        1
 93
        4
 72
     1
 10
10799.30673559901
 20
11261.9935810124
 11
10798.55673559901
 21
11261.9935810124
 72
     1
 10
10798.55673559901
 20
11261.9935810124
 11
10798.55673559901
 21
11261.2435810124
 72
     1
 10
10798.55673559901
 20
11261.2435810124
 11
10799.30673559901
 21
11261.2435810124
 72
     1
 10
10799.30673559901
 20
11261.2435810124
 11
10799.30673559901
 21
11261.9935810124
 97
        0
 75
     1
 76
     1
 98
        1
 10
-32.07581418875816
 20
-13.92797027952292
450
        0
451
        0
460
0.0
461
0.0
452
        0
462
0.0
453
        2
463
0.0
 63
     5
421
      255
463
1.0
 63
     2
421
 16776960
470
LINEAR
1001
GradientColor1ACI
1070
     5
1001
GradientColor2ACI
1070
     2
1001
ACAD
1010
0.0
1020
0.0
1030
0.0
  0
HATCH
  5
522
330
1F
100
AcDbEntity
  8
column
  6
ACAD_ISO02W100
440
 33554687
370
   100
100
AcDbHatch
 10
0.0
 20
0.0
 30
0.0
210
0.0
220
0.0
230
1.0
  2
SOLID
 70
     1
 71
     0
 91
        1
 92
        1
 93
        4
 72
     1
 10
10829.90455332086
 20
11265.16335423114
 11
10829.15455332086
 21
11265.16335423114
 72
     1
 10
10829.15455332086
 20
11265.16335423114
 11
10829.15455332086
 21
11264.41335423114
 72
     1
 10
10829.15455332086
 20
11264.41335423114
 11
10829.90455332086
 21
11264.41335423114
 72
     1
 10
10829.90455332086
 20
11264.41335423114
 11
10829.90455332086
 21
11265.16335423114
 97
        0
 75
     1
 76
     1
 98
        1
 10
-1.477996466908734
 20
-10.75819706077709
450
        0
451
        0
460
0.0
461
0.0
452
        0
462
0.0
453
        2
463
0.0
 63
     5
421
      255
463
1.0
 63
     2
421
 16776960
470
LINEAR
1001
GradientColor1ACI
1070
     5
1001
GradientColor2ACI
1070
     2
1001
ACAD
1010
0.0
1020
0.0
1030
0.0
  0
HATCH
  5
523
330
1F
100
AcDbEntity
  8
column
  6
ACAD_ISO02W100
440
 33554687
370
   100
100
AcDbHatch
 10
0.0
 20
0.0
 30
0.0
210
0.0
220
0.0
230
1.0
  2
SOLID
 70
     1
 71
     0
 91
        1
 92
        1
 93
        4
 72
     1
 10
10826.90455332086
 20
11265.16335423114
 11
10826.15455332086
 21
11265.16335423114
 72
     1
 10
10826.15455332086
 20
11265.16335423114
 11
10826.15455332086
 21
11264.41335423114
 72
     1
 10
10826.15455332086
 20
11264.41335423114
 11
10826.90455332086
 21
11264.41335423114
 72
     1
 10
10826.90455332086
 20
11264.41335423114
 11
10826.90455332086
 21
11265.16335423114
 97
        0
 75
     1
 76
     1
 98
        1
 10
-4.477996466908734
 20
-10.75819706077709
450
        0
451
        0
460
0.0
461
0.0
452
        0
462
0.0
453
        2
463
0.0
 63
     5
421
      255
463
1.0
 63
     2
421
 16776960
470
LINEAR
1001
GradientColor1ACI
1070
     5
1001
GradientColor2ACI
1070
     2
1001
ACAD
1010
0.0
1020
0.0
1030
0.0
  0
HATCH
  5
524
330
1F
100
AcDbEntity
  8
column
  6
ACAD_ISO02W100
440
 33554687
370
   100
100
AcDbHatch
 10
0.0
 20
0.0
 30
0.0
210
0.0
220
0.0
230
1.0
  2
SOLID
 70
     1
 71
     0
 91
        1
 92
        1
 93
        4
 72
     1
 10
10829.90455332086
 20
11268.3832446212
 11
10829.15455332086
 21
11268.3832446212
 72
     1
 10
10829.15455332086
 20
11268.3832446212
 11
10829.15455332086
 21
11267.6332446212
 72
     1
 10
10829.15455332086
 20
11267.6332446212
 11
10829.90455332086
 21
11267.6332446212
 72
     1
 10
10829.90455332086
 20
11267.6332446212
 11
10829.90455332086
 21
11268.3832446212
 97
        0
 75
     1
 76
     1
 98
        1
 10
-1.477996466908734
 20
-7.538306670719975
450
        0
451
        0
460
0.0
461
0.0
452
        0
462
0.0
453
        2
463
0.0
 63
     5
421
      255
463
1.0
 63
     2
421
 16776960
470
LINEAR
1001
GradientColor1ACI
1070
     5
1001
GradientColor2ACI
1070
     2
1001
ACAD
1010
0.0
1020
0.0
1030
0.0
  0
HATCH
  5
525
330
1F
100
AcDbEntity
  8
column
  6
ACAD_ISO02W100
440
 33554687
370
   100
100
AcDbHatch
 10
0.0
 20
0.0
 30
0.0
210
0.0
220
0.0
230
1.0
  2
SOLID
 70
     1
 71
     0
 91
        1
 92
        1
 93
        4
 72
     1
 10
10826.90455332086
 20
11268.3832446212
 11
10826.15455332086
 21
11268.3832446212
 72
     1
 10
10826.15455332086
 20
11268.3832446212
 11
10826.15455332086
 21
11267.6332446212
 72
     1
 10
10826.15455332086
 20
11267.6332446212
 11
10826.90455332086
 21
11267.6332446212
 72
     1
 10
10826.90455332086
 20
11267.6332446212
 11
10826.90455332086
 21
11268.3832446212
 97
        0
 75
     1
 76
     1
 98
        1
 10
-4.477996466908734
 20
-7.538306670719975
450
        0
451
        0
460
0.0
461
0.0
452
        0
462
0.0
453
        2
463
0.0
 63
     5
421
      255
463
1.0
 63
     2
421
 16776960
470
LINEAR
1001
GradientColor1ACI
1070
     5
1001
GradientColor2ACI
1070
     2
1001
ACAD
1010
0.0
1020
0.0
1030
0.0
  0
HATCH
  5
52F
330
1F
100
AcDbEntity
  8
column
  6
ACAD_ISO02W100
440
 33554687
370
   100
100
AcDbHatch
 10
0.0
 20
0.0
 30
0.0
210
0.0
220
0.0
230
1.0
  2
SOLID
 70
     1
 71
     0
 91
        1
 92
        1
 93
        4
 72
     1
 10
10813.10292589001
 20
11251.79219779213
 11
10812.35292589001
 21
11251.79219779213
 72
     1
 10
10812.35292589001
 20
11251.79219779213
 11
10812.35292589001
 21
11251.04219779213
 72
     1
 10
10812.35292589001
 20
11251.04219779213
 11
10813.10292589001
 21
11251.04219779213
 72
     1
 10
10813.10292589001
 20
11251.04219779213
 11
10813.10292589001
 21
11251.79219779213
 97
        0
 75
     1
 76
     1
 98
        1
 10
-18.27962389775894
 20
-24.12935349978762
450
        0
451
        0
460
0.0
461
0.0
452
        0
462
0.0
453
        2
463
0.0
 63
     5
421
      255
463
1.0
 63
     2
421
 16776960
470
LINEAR
1001
GradientColor1ACI
1070
     5
1001
GradientColor2ACI
1070
     2
1001
ACAD
1010
0.0
1020
0.0
1030
0.0
  0
HATCH
  5
530
330
1F
100
AcDbEntity
  8
column
  6
ACAD_ISO02W100
440
 33554687
370
   100
100
AcDbHatch
 10
0.0
 20
0.0
 30
0.0
210
0.0
220
0.0
230
1.0
  2
SOLID
 70
     1
 71
     0
 91
        1
 92
        1
 93
        4
 72
     1
 10
10816.30455332086
 20
11251.79219779213
 11
10815.55455332086
 21
11251.79219779213
 72
     1
 10
10815.55455332086
 20
11251.79219779213
 11
10815.55455332086
 21
11251.04219779213
 72
     1
 10
10815.55455332086
 20
11251.04219779213
 11
10816.30455332086
 21
11251.04219779213
 72
     1
 10
10816.30455332086
 20
11251.04219779213
 11
10816.30455332086
 21
11251.79219779213
 97
        0
 75
     1
 76
     1
 98
        1
 10
-15.07799646691092
 20
-24.12935349978762
450
        0
451
        0
460
0.0
461
0.0
452
        0
462
0.0
453
        2
463
0.0
 63
     5
421
      255
463
1.0
 63
     2
421
 16776960
470
LINEAR
1001
GradientColor1ACI
1070
     5
1001
GradientColor2ACI
1070
     2
1001
ACAD
1010
0.0
1020
0.0
1030
0.0
  0
HATCH
  5
532
330
1F
100
AcDbEntity
  8
column
  6
ACAD_ISO02W100
440
 33554687
370
   100
100
AcDbHatch
 10
0.0
 20
0.0
 30
0.0
210
0.0
220
0.0
230
1.0
  2
SOLID
 70
     1
 71
     0
 91
        1
 92
        1
 93
        4
 72
     1
 10
10829.90455332086
 20
11275.59219779213
 11
10829.15455332086
 21
11275.59219779213
 72
     1
 10
10829.15455332086
 20
11275.59219779213
 11
10829.15455332086
 21
11274.84219779213
 72
     1
 10
10829.15455332086
 20
11274.84219779213
 11
10829.90455332086
 21
11274.84219779213
 72
     1
 10
10829.90455332086
 20
11274.84219779213
 11
10829.90455332086
 21
11275.59219779213
 97
        0
 75
     1
 76
     1
 98
        1
 10
-1.477996466908734
 20
-0.3293534997883398
450
        0
451
        0
460
0.0
461
0.0
452
        0
462
0.0
453
        2
463
0.0
 63
     5
421
      255
463
1.0
 63
     2
421
 16776960
470
LINEAR
1001
GradientColor1ACI
1070
     5
1001
GradientColor2ACI
1070
     2
1001
ACAD
1010
0.0
1020
0.0
1030
0.0
  0
HATCH
  5
538
330
1F
100
AcDbEntity
  8
column
  6
ACAD_ISO02W100
440
 33554687
370
   100
100
AcDbHatch
 10
0.0
 20
0.0
 30
0.0
210
0.0
220
0.0
230
1.0
  2
SOLID
 70
     1
 71
     0
 91
        1
 92
        1
 93
        4
 72
     1
 10
10829.90455332086
 20
11275.59219779213
 11
10829.15455332086
 21
11275.59219779213
 72
     1
 10
10829.15455332086
 20
11275.59219779213
 11
10829.15455332086
 21
11274.84219779213
 72
     1
 10
10829.15455332086
 20
11274.84219779213
 11
10829.90455332086
 21
11274.84219779213
 72
     1
 10
10829.90455332086
 20
11274.84219779213
 11
10829.90455332086
 21
11275.59219779213
 97
        0
 75
     1
 76
     1
 98
        1
 10
-1.477996466908734
 20
-0.3293534997883398
450
        0
451
        0
460
0.0
461
0.0
452
        0
462
0.0
453
        2
463
0.0
 63
     5
421
      255
463
1.0
 63
     2
421
 16776960
470
LINEAR
1001
GradientColor1ACI
1070
     5
1001
GradientColor2ACI
1070
     2
1001
ACAD
1010
0.0
1020
0.0
1030
0.0
  0
HATCH
  5
539
330
1F
100
AcDbEntity
  8
column
  6
ACAD_ISO02W100
440
 33554687
370
   100
100
AcDbHatch
 10
0.0
 20
0.0
 30
0.0
210
0.0
220
0.0
230
1.0
  2
SOLID
 70
     1
 71
     0
 91
        1
 92
        1
 93
        4
 72
     1
 10
10829.90455332086
 20
11275.59219779213
 11
10829.15455332086
 21
11275.59219779213
 72
     1
 10
10829.15455332086
 20
11275.59219779213
 11
10829.15455332086
 21
11274.84219779213
 72
     1
 10
10829.15455332086
 20
11274.84219779213
 11
10829.90455332086
 21
11274.84219779213
 72
     1
 10
10829.90455332086
 20
11274.84219779213
 11
10829.90455332086
 21
11275.59219779213
 97
        0
 75
     1
 76
     1
 98
        1
 10
-1.477996466908734
 20
-0.3293534997883398
450
        0
451
        0
460
0.0
461
0.0
452
        0
462
0.0
453
        2
463
0.0
 63
     5
421
      255
463
1.0
 63
     2
421
 16776960
470
LINEAR
1001
GradientColor1ACI
1070
     5
1001
GradientColor2ACI
1070
     2
1001
ACAD
1010
0.0
1020
0.0
1030
0.0
  0
HATCH
  5
53A
330
1F
100
AcDbEntity
  8
column
  6
ACAD_ISO02W100
440
 33554687
370
   100
100
AcDbHatch
 10
0.0
 20
0.0
 30
0.0
210
0.0
220
0.0
230
1.0
  2
SOLID
 70
     1
 71
     0
 91
        1
 92
        1
 93
        4
 72
     1
 10
10829.90455332086
 20
11275.59219779213
 11
10829.15455332086
 21
11275.59219779213
 72
     1
 10
10829.15455332086
 20
11275.59219779213
 11
10829.15455332086
 21
11274.84219779213
 72
     1
 10
10829.15455332086
 20
11274.84219779213
 11
10829.90455332086
 21
11274.84219779213
 72
     1
 10
10829.90455332086
 20
11274.84219779213
 11
10829.90455332086
 21
11275.59219779213
 97
        0
 75
     1
 76
     1
 98
        1
 10
-1.477996466908734
 20
-0.3293534997883398
450
        0
451
        0
460
0.0
461
0.0
452
        0
462
0.0
453
        2
463
0.0
 63
     5
421
      255
463
1.0
 63
     2
421
 16776960
470
LINEAR
1001
GradientColor1ACI
1070
     5
1001
GradientColor2ACI
1070
     2
1001
ACAD
1010
0.0
1020
0.0
1030
0.0
  0
HATCH
  5
53B
330
1F
100
AcDbEntity
  8
column
  6
ACAD_ISO02W100
440
 33554687
370
   100
100
AcDbHatch
 10
0.0
 20
0.0
 30
0.0
210
0.0
220
0.0
230
1.0
  2
SOLID
 70
     1
 71
     0
 91
        1
 92
        1
 93
        4
 72
     1
 10
10829.90458246834
 20
11275.59223214119
 11
10829.15458246834
 21
11275.59223214119
 72
     1
 10
10829.15458246834
 20
11275.59223214119
 11
10829.15458246834
 21
11274.84223214119
 72
     1
 10
10829.15458246834
 20
11274.84223214119
 11
10829.90458246834
 21
11274.84223214119
 72
     1
 10
10829.90458246834
 20
11274.84223214119
 11
10829.90458246834
 21
11275.59223214119
 97
        0
 75
     1
 76
     1
 98
        1
 10
-1.477967319429808
 20
-0.329319150729134
450
        0
451
        0
460
0.0
461
0.0
452
        0
462
0.0
453
        2
463
0.0
 63
     5
421
      255
463
1.0
 63
     2
421
 16776960
470
LINEAR
1001
GradientColor1ACI
1070
     5
1001
GradientColor2ACI
1070
     2
1001
ACAD
1010
0.0
1020
0.0
1030
0.0
  0
HATCH
  5
53C
330
1F
100
AcDbEntity
  8
column
  6
ACAD_ISO02W100
440
 33554687
370
   100
100
AcDbHatch
 10
0.0
 20
0.0
 30
0.0
210
0.0
220
0.0
230
1.0
  2
SOLID
 70
     1
 71
     0
 91
        1
 92
        1
 93
        4
 72
     1
 10
10829.90455332086
 20
11275.59219779213
 11
10829.15455332086
 21
11275.59219779213
 72
     1
 10
10829.15455332086
 20
11275.59219779213
 11
10829.15455332086
 21
11274.84219779213
 72
     1
 10
10829.15455332086
 20
11274.84219779213
 11
10829.90455332086
 21
11274.84219779213
 72
     1
 10
10829.90455332086
 20
11274.84219779213
 11
10829.90455332086
 21
11275.59219779213
 97
        0
 75
     1
 76
     1
 98
        1
 10
-1.477996466908734
 20
-0.3293534997883398
450
        0
451
        0
460
0.0
461
0.0
452
        0
462
0.0
453
        2
463
0.0
 63
     5
421
      255
463
1.0
 63
     2
421
 16776960
470
LINEAR
1001
GradientColor1ACI
1070
     5
1001
GradientColor2ACI
1070
     2
1001
ACAD
1010
0.0
1020
0.0
1030
0.0
  0
HATCH
  5
53D
330
1F
100
AcDbEntity
  8
column
  6
ACAD_ISO02W100
440
 33554687
370
   100
100
AcDbHatch
 10
0.0
 20
0.0
 30
0.0
210
0.0
220
0.0
230
1.0
  2
SOLID
 70
     1
 71
     0
 91
        1
 92
        1
 93
        4
 72
     1
 10
10829.90455332086
 20
11275.59219779213
 11
10829.15455332086
 21
11275.59219779213
 72
     1
 10
10829.15455332086
 20
11275.59219779213
 11
10829.15455332086
 21
11274.84219779213
 72
     1
 10
10829.15455332086
 20
11274.84219779213
 11
10829.90455332086
 21
11274.84219779213
 72
     1
 10
10829.90455332086
 20
11274.84219779213
 11
10829.90455332086
 21
11275.59219779213
 97
        0
 75
     1
 76
     1
 98
        1
 10
-1.477996466908734
 20
-0.3293534997883398
450
        0
451
        0
460
0.0
461
0.0
452
        0
462
0.0
453
        2
463
0.0
 63
     5
421
      255
463
1.0
 63
     2
421
 16776960
470
LINEAR
1001
GradientColor1ACI
1070
     5
1001
GradientColor2ACI
1070
     2
1001
ACAD
1010
0.0
1020
0.0
1030
0.0
  0
LINE
  5
541
330
1F
100
AcDbEntity
  8
0
  6
ACAD_ISO02W100
370
   100
100
AcDbLine
 10
10802.05455332086
 20
11275.5921977923
 30
0.0
 11
10802.80455332086
 21
11275.5921977923
 31
0.0
  0
HATCH
  5
544
330
1F
100
AcDbEntity
  8
column
  6
ACAD_ISO02W100
440
 33554687
370
   100
100
AcDbHatch
 10
0.0
 20
0.0
 30
0.0
210
0.0
220
0.0
230
1.0
  2
SOLID
 70
     1
 71
     0
 91
        1
 92
        1
 93
        4
 72
     1
 10
10805.70292589001
 20
11251.79219779213
 11
10804.95292589001
 21
11251.79219779213
 72
     1
 10
10804.95292589001
 20
11251.79219779213
 11
10804.95292589001
 21
11251.04219779213
 72
     1
 10
10804.95292589001
 20
11251.04219779213
 11
10805.70292589001
 21
11251.04219779213
 72
     1
 10
10805.70292589001
 20
11251.04219779213
 11
10805.70292589001
 21
11251.79219779213
 97
        0
 75
     1
 76
     1
 98
        1
 10
-25.67962389776039
 20
-24.12935349978762
450
        0
451
        0
460
0.0
461
0.0
452
        0
462
0.0
453
        2
463
0.0
 63
     5
421
      255
463
1.0
 63
     2
421
 16776960
470
LINEAR
1001
GradientColor1ACI
1070
     5
1001
GradientColor2ACI
1070
     2
1001
ACAD
1010
0.0
1020
0.0
1030
0.0
  0
HATCH
  5
545
330
1F
100
AcDbEntity
  8
column
  6
ACAD_ISO02W100
440
 33554687
370
   100
100
AcDbHatch
 10
0.0
 20
0.0
 30
0.0
210
0.0
220
0.0
230
1.0
  2
SOLID
 70
     1
 71
     0
 91
        1
 92
        1
 93
        4
 72
     1
 10
10808.90292589001
 20
11251.79219779213
 11
10808.15292589001
 21
11251.79219779213
 72
     1
 10
10808.15292589001
 20
11251.79219779213
 11
10808.15292589001
 21
11251.04219779213
 72
     1
 10
10808.15292589001
 20
11251.04219779213
 11
10808.90292589001
 21
11251.04219779213
 72
     1
 10
10808.90292589001
 20
11251.04219779213
 11
10808.90292589001
 21
11251.79219779213
 97
        0
 75
     1
 76
     1
 98
        1
 10
-22.47962389775967
 20
-24.12935349978762
450
        0
451
        0
460
0.0
461
0.0
452
        0
462
0.0
453
        2
463
0.0
 63
     5
421
      255
463
1.0
 63
     2
421
 16776960
470
LINEAR
1001
GradientColor1ACI
1070
     5
1001
GradientColor2ACI
1070
     2
1001
ACAD
1010
0.0
1020
0.0
1030
0.0
  0
LINE
  5
546
330
1F
100
AcDbEntity
  8
0
  6
ACAD_ISO02W100
370
   100
100
AcDbLine
 10
10795.10455332086
 20
11255.79219779213
 30
0.0
 11
10795.10455332086
 21
11255.79219779213
 31
0.0
  0
LINE
  5
547
330
1F
100
AcDbEntity
  8
0
  6
ACAD_ISO02W100
370
   100
100
AcDbLine
 10
10795.10455332086
 20
11255.79219779213
 30
0.0
 11
10795.10455332086
 21
11255.79219779213
 31
0.0
  0
HATCH
  5
54A
330
1F
100
AcDbEntity
  8
column
  6
ACAD_ISO02W100
440
 33554687
370
   100
100
AcDbHatch
 10
0.0
 20
0.0
 30
0.0
210
0.0
220
0.0
230
1.0
  2
SOLID
 70
     1
 71
     0
 91
        1
 92
        1
 93
        4
 72
     1
 10
10805.70524367296
 20
11275.59219779213
 11
10804.95524367296
 21
11275.59219779213
 72
     1
 10
10804.95524367296
 20
11275.59219779213
 11
10804.95524367296
 21
11274.84219779213
 72
     1
 10
10804.95524367296
 20
11274.84219779213
 11
10805.70524367296
 21
11274.84219779213
 72
     1
 10
10805.70524367296
 20
11274.84219779213
 11
10805.70524367296
 21
11275.59219779213
 97
        0
 75
     1
 76
     1
 98
        1
 10
-25.67730611480693
 20
-0.3293534997883398
450
        0
451
        0
460
0.0
461
0.0
452
        0
462
0.0
453
        2
463
0.0
 63
     5
421
      255
463
1.0
 63
     2
421
 16776960
470
LINEAR
1001
GradientColor1ACI
1070
     5
1001
GradientColor2ACI
1070
     2
1001
ACAD
1010
0.0
1020
0.0
1030
0.0
  0
HATCH
  5
54D
330
1F
100
AcDbEntity
  8
column
  6
ACAD_ISO02W100
440
 33554687
370
   100
100
AcDbHatch
 10
0.0
 20
0.0
 30
0.0
210
0.0
220
0.0
230
1.0
  2
SOLID
 70
     1
 71
     0
 91
        1
 92
        1
 93
        4
 72
     1
 10
10813.10099366968
 20
11275.59219779213
 11
10812.35099366968
 21
11275.59219779213
 72
     1
 10
10812.35099366968
 20
11275.59219779213
 11
10812.35099366968
 21
11274.84219779213
 72
     1
 10
10812.35099366968
 20
11274.84219779213
 11
10813.10099366968
 21
11274.84219779213
 72
     1
 10
10813.10099366968
 20
11274.84219779213
 11
10813.10099366968
 21
11275.59219779213
 97
        0
 75
     1
 76
     1
 98
        1
 10
-18.28155611809052
 20
-0.3293534997883398
450
        0
451
        0
460
0.0
461
0.0
452
        0
462
0.0
453
        2
463
0.0
 63
     5
421
      255
463
1.0
 63
     2
421
 16776960
470
LINEAR
1001
GradientColor1ACI
1070
     5
1001
GradientColor2ACI
1070
     2
1001
ACAD
1010
0.0
1020
0.0
1030
0.0
  0
LINE
  5
54F
330
1F
100
AcDbEntity
  8
0
370
   100
100
AcDbLine
 10
10795.10455332086
 20
11255.79219779213
 30
0.0
 11
10804.95325332086
 21
11255.79219779213
 31
0.0
  0
LINE
  5
551
330
1F
100
AcDbEntity
  8
0
370
   100
100
AcDbLine
 10
10795.10455332086
 20
11255.79219779213
 30
0.0
 11
10812.35165332086
 21
11255.79219779213
 31
0.0
  0
HATCH
  5
55B
330
1F
100
AcDbEntity
  8
column
  6
ACAD_ISO02W100
440
 33554687
370
   100
100
AcDbHatch
 10
0.0
 20
0.0
 30
0.0
210
0.0
220
0.0
230
1.0
  2
SOLID
 70
     1
 71
     0
 91
        1
 92
        1
 93
        4
 72
     1
 10
10818.50049236469
 20
11268.38618800095
 11
10817.75049236469
 21
11268.38618800095
 72
     1
 10
10817.75049236469
 20
11268.38618800095
 11
10817.75049236469
 21
11267.63618800095
 72
     1
 10
10817.75049236469
 20
11267.63618800095
 11
10818.50049236469
 21
11267.63618800095
 72
     1
 10
10818.50049236469
 20
11267.63618800095
 11
10818.50049236469
 21
11268.38618800095
 97
        0
 75
     1
 76
     1
 98
        1
 10
-12.88205742307582
 20
-7.53536329097551
450
        0
451
        0
460
0.0
461
0.0
452
        0
462
0.0
453
        2
463
0.0
 63
     5
421
      255
463
1.0
 63
     2
421
 16776960
470
LINEAR
1001
GradientColor1ACI
1070
     5
1001
GradientColor2ACI
1070
     2
1001
ACAD
1010
0.0
1020
0.0
1030
0.0
  0
HATCH
  5
55C
330
1F
100
AcDbEntity
  8
column
  6
ACAD_ISO02W100
440
 33554687
370
   100
100
AcDbHatch
 10
0.0
 20
0.0
 30
0.0
210
0.0
220
0.0
230
1.0
  2
SOLID
 70
     1
 71
     0
 91
        1
 92
        1
 93
        4
 72
     1
 10
10813.10352407012
 20
11268.38491799392
 11
10812.35352407012
 21
11268.38491799392
 72
     1
 10
10812.35352407012
 20
11268.38491799392
 11
10812.35352407012
 21
11267.63491799393
 72
     1
 10
10812.35352407012
 20
11267.63491799393
 11
10813.10352407012
 21
11267.63491799393
 72
     1
 10
10813.10352407012
 20
11267.63491799393
 11
10813.10352407012
 21
11268.38491799392
 97
        0
 75
     1
 76
     1
 98
        1
 10
-18.27902571764389
 20
-7.536633297995649
450
        0
451
        0
460
0.0
461
0.0
452
        0
462
0.0
453
        2
463
0.0
 63
     5
421
      255
463
1.0
 63
     2
421
 16776960
470
LINEAR
1001
GradientColor1ACI
1070
     5
1001
GradientColor2ACI
1070
     2
1001
ACAD
1010
0.0
1020
0.0
1030
0.0
  0
HATCH
  5
55D
330
1F
100
AcDbEntity
  8
column
  6
ACAD_ISO02W100
440
 33554687
370
   100
100
AcDbHatch
 10
0.0
 20
0.0
 30
0.0
210
0.0
220
0.0
230
1.0
  2
SOLID
 70
     1
 71
     0
 91
        1
 92
        1
 93
        4
 72
     1
 10
10805.7069168648
 20
11268.38407085982
 11
10804.9569168648
 21
11268.38407085982
 72
     1
 10
10804.9569168648
 20
11268.38407085982
 11
10804.9569168648
 21
11267.63407085981
 72
     1
 10
10804.9569168648
 20
11267.63407085981
 11
10805.7069168648
 21
11267.63407085981
 72
     1
 10
10805.7069168648
 20
11267.63407085981
 11
10805.7069168648
 21
11268.38407085982
 97
        0
 75
     1
 76
     1
 98
        1
 10
-25.675632922972
 20
-7.537480432105439
450
        0
451
        0
460
0.0
461
0.0
452
        0
462
0.0
453
        2
463
0.0
 63
     5
421
      255
463
1.0
 63
     2
421
 16776960
470
LINEAR
1001
GradientColor1ACI
1070
     5
1001
GradientColor2ACI
1070
     2
1001
ACAD
1010
0.0
1020
0.0
1030
0.0
  0
HATCH
  5
55E
330
1F
100
AcDbEntity
  8
column
  6
ACAD_ISO02W100
440
 33554687
370
   100
100
AcDbHatch
 10
0.0
 20
0.0
 30
0.0
210
0.0
220
0.0
230
1.0
  2
SOLID
 70
     1
 71
     0
 91
        1
 92
        1
 93
        4
 72
     1
 10
10805.70515218111
 20
11261.9985133265
 11
10804.95515218111
 21
11261.9985133265
 72
     1
 10
10804.95515218111
 20
11261.9985133265
 11
10804.95515218111
 21
11261.2485133265
 72
     1
 10
10804.95515218111
 20
11261.2485133265
 11
10805.70515218111
 21
11261.2485133265
 72
     1
 10
10805.70515218111
 20
11261.2485133265
 11
10805.70515218111
 21
11261.9985133265
 97
        0
 75
     1
 76
     1
 98
        1
 10
-25.67739760665791
 20
-13.92303796542182
450
        0
451
        0
460
0.0
461
0.0
452
        0
462
0.0
453
        2
463
0.0
 63
     5
421
      255
463
1.0
 63
     2
421
 16776960
470
LINEAR
1001
GradientColor1ACI
1070
     5
1001
GradientColor2ACI
1070
     2
1001
ACAD
1010
0.0
1020
0.0
1030
0.0
  0
HATCH
  5
55F
330
1F
100
AcDbEntity
  8
column
  6
ACAD_ISO02W100
440
 33554687
370
   100
100
AcDbHatch
 10
0.0
 20
0.0
 30
0.0
210
0.0
220
0.0
230
1.0
  2
SOLID
 70
     1
 71
     0
 91
        1
 92
        1
 93
        4
 72
     1
 10
10813.10450344877
 20
11261.99821539962
 11
10812.35450344877
 21
11261.99821539962
 72
     1
 10
10812.35450344877
 20
11261.99821539962
 11
10812.35450344877
 21
11261.24821539962
 72
     1
 10
10812.35450344877
 20
11261.24821539962
 11
10813.10450344877
 21
11261.24821539962
 72
     1
 10
10813.10450344877
 20
11261.24821539962
 11
10813.10450344877
 21
11261.99821539962
 97
        0
 75
     1
 76
     1
 98
        1
 10
-18.27804633899359
 20
-13.92333589229747
450
        0
451
        0
460
0.0
461
0.0
452
        0
462
0.0
453
        2
463
0.0
 63
     5
421
      255
463
1.0
 63
     2
421
 16776960
470
LINEAR
1001
GradientColor1ACI
1070
     5
1001
GradientColor2ACI
1070
     2
1001
ACAD
1010
0.0
1020
0.0
1030
0.0
  0
HATCH
  5
563
330
1F
100
AcDbEntity
  8
column
  6
ACAD_ISO02W100
440
 33554687
370
   100
100
AcDbHatch
 10
0.0
 20
0.0
 30
0.0
210
0.0
220
0.0
230
1.0
  2
SOLID
 70
     1
 71
     0
 91
        1
 92
        1
 93
        4
 72
     1
 10
10818.49893353767
 20
11259.99861211513
 11
10817.74893353767
 21
11259.99861211513
 72
     1
 10
10817.74893353767
 20
11259.99861211513
 11
10817.74893353767
 21
11259.24861211513
 72
     1
 10
10817.74893353767
 20
11259.24861211513
 11
10818.49893353767
 21
11259.24861211513
 72
     1
 10
10818.49893353767
 20
11259.24861211513
 11
10818.49893353767
 21
11259.99861211513
 97
        0
 75
     1
 76
     1
 98
        1
 10
-12.88361625010111
 20
-15.92293917678762
450
        0
451
        0
460
0.0
461
0.0
452
        0
462
0.0
453
        2
463
0.0
 63
     5
421
      255
463
1.0
 63
     2
421
 16776960
470
LINEAR
1001
GradientColor1ACI
1070
     5
1001
GradientColor2ACI
1070
     2
1001
ACAD
1010
0.0
1020
0.0
1030
0.0
  0
HATCH
  5
564
330
1F
100
AcDbEntity
  8
column
  6
ACAD_ISO02W100
440
 33554687
370
   100
100
AcDbHatch
 10
0.0
 20
0.0
 30
0.0
210
0.0
220
0.0
230
1.0
  2
SOLID
 70
     1
 71
     0
 91
        1
 92
        1
 93
        4
 72
     1
 10
10822.30335520849
 20
11259.99376809623
 11
10821.55335520849
 21
11259.99376809623
 72
     1
 10
10821.55335520849
 20
11259.99376809623
 11
10821.55335520849
 21
11259.24376809623
 72
     1
 10
10821.55335520849
 20
11259.24376809623
 11
10822.30335520849
 21
11259.24376809623
 72
     1
 10
10822.30335520849
 20
11259.24376809623
 11
10822.30335520849
 21
11259.99376809623
 97
        0
 75
     1
 76
     1
 98
        1
 10
-9.079194579278919
 20
-15.92778319569152
450
        0
451
        0
460
0.0
461
0.0
452
        0
462
0.0
453
        2
463
0.0
 63
     5
421
      255
463
1.0
 63
     2
421
 16776960
470
LINEAR
1001
GradientColor1ACI
1070
     5
1001
GradientColor2ACI
1070
     2
1001
ACAD
1010
0.0
1020
0.0
1030
0.0
  0
HATCH
  5
568
330
1F
100
AcDbEntity
  8
column
  6
ACAD_ISO02W100
440
 33554687
370
   100
100
AcDbHatch
 10
0.0
 20
0.0
 30
0.0
210
0.0
220
0.0
230
1.0
  2
SOLID
 70
     1
 71
     0
 91
        1
 92
        1
 93
        4
 72
     1
 10
10816.39893353766
 20
11255.99861211513
 11
10815.64893353766
 21
11255.99861211513
 72
     1
 10
10815.64893353766
 20
11255.99861211513
 11
10815.64893353766
 21
11255.24861211513
 72
     1
 10
10815.64893353766
 20
11255.24861211513
 11
10816.39893353766
 21
11255.24861211513
 72
     1
 10
10816.39893353766
 20
11255.24861211513
 11
10816.39893353766
 21
11255.99861211513
 97
        0
 75
     1
 76
     1
 98
        1
 10
-14.98361625010329
 20
-19.92293917678762
450
        0
451
        0
460
0.0
461
0.0
452
        0
462
0.0
453
        2
463
0.0
 63
     5
421
      255
463
1.0
 63
     2
421
 16776960
470
LINEAR
1001
GradientColor1ACI
1070
     5
1001
GradientColor2ACI
1070
     2
1001
ACAD
1010
0.0
1020
0.0
1030
0.0
  0
HATCH
  5
569
330
1F
100
AcDbEntity
  8
column
  6
ACAD_ISO02W100
440
 33554687
370
   100
100
AcDbHatch
 10
0.0
 20
0.0
 30
0.0
210
0.0
220
0.0
230
1.0
  2
SOLID
 70
     1
 71
     0
 91
        1
 92
        1
 93
        4
 72
     1
 10
10829.89369545258
 20
11256.07755127102
 11
10829.14369545258
 21
11256.07755127102
 72
     1
 10
10829.14369545258
 20
11256.07755127102
 11
10829.14369545258
 21
11255.32755127102
 72
     1
 10
10829.14369545258
 20
11255.32755127102
 11
10829.89369545258
 21
11255.32755127102
 72
     1
 10
10829.89369545258
 20
11255.32755127102
 11
10829.89369545258
 21
11256.07755127102
 97
        0
 75
     1
 76
     1
 98
        1
 10
-1.488854335188079
 20
-19.84400002089933
450
        0
451
        0
460
0.0
461
0.0
452
        0
462
0.0
453
        2
463
0.0
 63
     5
421
      255
463
1.0
 63
     2
421
 16776960
470
LINEAR
1001
GradientColor1ACI
1070
     5
1001
GradientColor2ACI
1070
     2
1001
ACAD
1010
0.0
1020
0.0
1030
0.0
  0
HATCH
  5
56A
330
1F
100
AcDbEntity
  8
column
  6
ACAD_ISO02W100
440
 33554687
370
   100
100
AcDbHatch
 10
0.0
 20
0.0
 30
0.0
210
0.0
220
0.0
230
1.0
  2
SOLID
 70
     1
 71
     0
 91
        1
 92
        1
 93
        4
 72
     1
 10
10813.19730610682
 20
11255.99861211513
 11
10812.44730610682
 21
11255.99861211513
 72
     1
 10
10812.44730610682
 20
11255.99861211513
 11
10812.44730610682
 21
11255.24861211513
 72
     1
 10
10812.44730610682
 20
11255.24861211513
 11
10813.19730610682
 21
11255.24861211513
 72
     1
 10
10813.19730610682
 20
11255.24861211513
 11
10813.19730610682
 21
11255.99861211513
 97
        0
 75
     1
 76
     1
 98
        1
 10
-18.18524368095132
 20
-19.92293917678762
450
        0
451
        0
460
0.0
461
0.0
452
        0
462
0.0
453
        2
463
0.0
 63
     5
421
      255
463
1.0
 63
     2
421
 16776960
470
LINEAR
1001
GradientColor1ACI
1070
     5
1001
GradientColor2ACI
1070
     2
1001
ACAD
1010
0.0
1020
0.0
1030
0.0
  0
HATCH
  5
56B
330
1F
100
AcDbEntity
  8
column
  6
ACAD_ISO02W100
440
 33554687
370
   100
100
AcDbHatch
 10
0.0
 20
0.0
 30
0.0
210
0.0
220
0.0
230
1.0
  2
SOLID
 70
     1
 71
     0
 91
        1
 92
        1
 93
        4
 72
     1
 10
10818.49893353767
 20
11255.99861211513
 11
10817.74893353767
 21
11255.99861211513
 72
     1
 10
10817.74893353767
 20
11255.99861211513
 11
10817.74893353767
 21
11255.24861211513
 72
     1
 10
10817.74893353767
 20
11255.24861211513
 11
10818.49893353767
 21
11255.24861211513
 72
     1
 10
10818.49893353767
 20
11255.24861211513
 11
10818.49893353767
 21
11255.99861211513
 97
        0
 75
     1
 76
     1
 98
        1
 10
-12.88361625010111
 20
-19.92293917678762
450
        0
451
        0
460
0.0
461
0.0
452
        0
462
0.0
453
        2
463
0.0
 63
     5
421
      255
463
1.0
 63
     2
421
 16776960
470
LINEAR
1001
GradientColor1ACI
1070
     5
1001
GradientColor2ACI
1070
     2
1001
ACAD
1010
0.0
1020
0.0
1030
0.0
  0
HATCH
  5
56D
330
1F
100
AcDbEntity
  8
column
  6
ACAD_ISO02W100
440
 33554687
370
   100
100
AcDbHatch
 10
0.0
 20
0.0
 30
0.0
210
0.0
220
0.0
230
1.0
  2
SOLID
 70
     1
 71
     0
 91
        1
 92
        1
 93
        4
 72
     1
 10
10805.6961722545
 20
11255.99861211513
 11
10804.9461722545
 21
11255.99861211513
 72
     1
 10
10804.9461722545
 20
11255.99861211513
 11
10804.9461722545
 21
11255.24861211513
 72
     1
 10
10804.9461722545
 20
11255.24861211513
 11
10805.6961722545
 21
11255.24861211513
 72
     1
 10
10805.6961722545
 20
11255.24861211513
 11
10805.6961722545
 21
11255.99861211513
 97
        0
 75
     1
 76
     1
 98
        1
 10
-25.6863775332713
 20
-19.92293917678762
450
        0
451
        0
460
0.0
461
0.0
452
        0
462
0.0
453
        2
463
0.0
 63
     5
421
      255
463
1.0
 63
     2
421
 16776960
470
LINEAR
1001
GradientColor1ACI
1070
     5
1001
GradientColor2ACI
1070
     2
1001
ACAD
1010
0.0
1020
0.0
1030
0.0
  0
LINE
  5
5A0
330
1F
100
AcDbEntity
  8
window
370
   100
100
AcDbLine
 10
10800.27567440457
 20
11275.59219779231
 30
0.0
 11
10800.27567440457
 21
11275.29219779213
 31
0.0
  0
LINE
  5
5A2
330
1F
100
AcDbEntity
  8
window
370
   100
100
AcDbLine
 10
10799.47567440457
 20
11275.29219779213
 30
0.0
 11
10799.47567440457
 21
11275.59219779232
 31
0.0
  0
LINE
  5
5A4
330
1F
100
AcDbEntity
  8
window
370
   100
100
AcDbLine
 10
10800.27567440457
 20
11275.29219779213
 30
0.0
 11
10800.27567440457
 21
11275.44219779213
 31
0.0
  0
LINE
  5
5AD
330
1F
100
AcDbEntity
  8
window
370
   100
100
AcDbLine
 10
10800.27567440457
 20
11275.43219779213
 30
0.0
 11
10799.47567440457
 21
11275.43219779213
 31
0.0
  0
LINE
  5
5AE
330
1F
100
AcDbEntity
  8
window
370
   100
100
AcDbLine
 10
10800.27567440457
 20
11275.45219779213
 30
0.0
 11
10799.47567440457
 21
11275.45219779213
 31
0.0
  0
LINE
  5
5B9
330
1F
100
AcDbEntity
  8
window
370
   100
100
AcDbLine
 10
10808.61927440457
 20
11275.59219779226
 30
0.0
 11
10808.61927440457
 21
11275.29219779213
 31
0.0
  0
LINE
  5
5BD
330
1F
100
AcDbEntity
  8
window
370
   100
100
AcDbLine
 10
10808.61927440457
 20
11275.59219779226
 30
0.0
 11
10808.61927440457
 21
11275.44219779226
 31
0.0
  0
LINE
  5
5BF
330
1F
100
AcDbEntity
  8
window
370
   100
100
AcDbLine
 10
10809.41927440457
 20
11275.59219779231
 30
0.0
 11
10809.41927440457
 21
11275.29219779213
 31
0.0
  0
LINE
  5
5C1
330
1F
100
AcDbEntity
  8
window
370
   100
100
AcDbLine
 10
10809.41927440457
 20
11275.29219779213
 30
0.0
 11
10809.41927440457
 21
11275.44219779213
 31
0.0
  0
LINE
  5
5C2
330
1F
100
AcDbEntity
  8
window
370
   100
100
AcDbLine
 10
10809.41927440457
 20
11275.45219779213
 30
0.0
 11
10808.61927440457
 21
11275.45219779213
 31
0.0
  0
LINE
  5
5C3
330
1F
100
AcDbEntity
  8
window
370
   100
100
AcDbLine
 10
10809.41927440457
 20
11275.43219779213
 30
0.0
 11
10808.61927440457
 21
11275.43219779213
 31
0.0
  0
LINE
  5
5C8
330
1F
100
AcDbEntity
  8
window
370
   100
100
AcDbLine
 10
10815.02207440457
 20
11275.59219779222
 30
0.0
 11
10815.02207440457
 21
11275.29219779213
 31
0.0
  0
LINE
  5
5CA
330
1F
100
AcDbEntity
  8
window
370
   100
100
AcDbLine
 10
10815.02207440457
 20
11275.59219779226
 30
0.0
 11
10815.02207440457
 21
11275.44219779226
 31
0.0
  0
LINE
  5
5CB
330
1F
100
AcDbEntity
  8
window
370
   100
100
AcDbLine
 10
10815.82207440457
 20
11275.59219779231
 30
0.0
 11
10815.82207440457
 21
11275.29219779213
 31
0.0
  0
LINE
  5
5CC
330
1F
100
AcDbEntity
  8
window
370
   100
100
AcDbLine
 10
10815.82207440457
 20
11275.29219779213
 30
0.0
 11
10815.82207440457
 21
11275.44219779213
 31
0.0
  0
LINE
  5
5CD
330
1F
100
AcDbEntity
  8
window
370
   100
100
AcDbLine
 10
10815.82207440457
 20
11275.45219779213
 30
0.0
 11
10815.02207440457
 21
11275.45219779213
 31
0.0
  0
LINE
  5
5CE
330
1F
100
AcDbEntity
  8
window
370
   100
100
AcDbLine
 10
10815.82207440457
 20
11275.43219779213
 30
0.0
 11
10815.02207440457
 21
11275.43219779213
 31
0.0
  0
LINE
  5
5EA
330
1F
100
AcDbEntity
  8
0
  6
DASHED2
 48
2.0
370
     0
100
AcDbLine
 10
10795.10455332086
 20
11255.79219779213
 30
0.0
 11
10804.95325332086
 21
11255.79219779213
 31
0.0
  0
HATCH
  5
5EC
330
1F
100
AcDbEntity
  8
column
  6
ACAD_ISO02W100
440
 33554687
370
   100
100
AcDbHatch
 10
0.0
 20
0.0
 30
0.0
210
0.0
220
0.0
230
1.0
  2
SOLID
 70
     1
 71
     0
 91
        1
 92
        1
 93
        4
 72
     1
 10
10829.89369545258
 20
11249.57755127102
 11
10829.14369545258
 21
11249.57755127102
 72
     1
 10
10829.14369545258
 20
11249.57755127102
 11
10829.14369545258
 21
11248.82755127102
 72
     1
 10
10829.14369545258
 20
11248.82755127102
 11
10829.89369545258
 21
11248.82755127102
 72
     1
 10
10829.89369545258
 20
11248.82755127102
 11
10829.89369545258
 21
11249.57755127102
 97
        0
 75
     1
 76
     1
 98
        1
 10
-1.488854335188079
 20
-26.34400002089933
450
        0
451
        0
460
0.0
461
0.0
452
        0
462
0.0
453
        2
463
0.0
 63
     5
421
      255
463
1.0
 63
     2
421
 16776960
470
LINEAR
1001
GradientColor1ACI
1070
     5
1001
GradientColor2ACI
1070
     2
1001
ACAD
1010
0.0
1020
0.0
1030
0.0
  0
HATCH
  5
5ED
330
1F
100
AcDbEntity
  8
column
  6
ACAD_ISO02W100
440
 33554687
370
   100
100
AcDbHatch
 10
0.0
 20
0.0
 30
0.0
210
0.0
220
0.0
230
1.0
  2
SOLID
 70
     1
 71
     0
 91
        1
 92
        1
 93
        4
 72
     1
 10
10829.89369545258
 20
11247.37704697875
 11
10829.14369545258
 21
11247.37704697875
 72
     1
 10
10829.14369545258
 20
11247.37704697875
 11
10829.14369545258
 21
11246.62704697875
 72
     1
 10
10829.14369545258
 20
11246.62704697875
 11
10829.89369545258
 21
11246.62704697875
 72
     1
 10
10829.89369545258
 20
11246.62704697875
 11
10829.89369545258
 21
11247.37704697875
 97
        0
 75
     1
 76
     1
 98
        1
 10
-1.488854335188079
 20
-28.54450431317128
450
        0
451
        0
460
0.0
461
0.0
452
        0
462
0.0
453
        2
463
0.0
 63
     5
421
      255
463
1.0
 63
     2
421
 16776960
470
LINEAR
1001
GradientColor1ACI
1070
     5
1001
GradientColor2ACI
1070
     2
1001
ACAD
1010
0.0
1020
0.0
1030
0.0
  0
HATCH
  5
5EE
330
1F
100
AcDbEntity
  8
column
  6
ACAD_ISO02W100
440
 33554687
370
   100
100
AcDbHatch
 10
0.0
 20
0.0
 30
0.0
210
0.0
220
0.0
230
1.0
  2
SOLID
 70
     1
 71
     0
 91
        1
 92
        1
 93
        4
 72
     1
 10
10827.39369545258
 20
11247.37704697875
 11
10826.64369545258
 21
11247.37704697875
 72
     1
 10
10826.64369545258
 20
11247.37704697875
 11
10826.64369545258
 21
11246.62704697875
 72
     1
 10
10826.64369545258
 20
11246.62704697875
 11
10827.39369545258
 21
11246.62704697875
 72
     1
 10
10827.39369545258
 20
11246.62704697875
 11
10827.39369545258
 21
11247.37704697875
 97
        0
 75
     1
 76
     1
 98
        1
 10
-3.988854335188079
 20
-28.54450431317128
450
        0
451
        0
460
0.0
461
0.0
452
        0
462
0.0
453
        2
463
0.0
 63
     5
421
      255
463
1.0
 63
     2
421
 16776960
470
LINEAR
1001
GradientColor1ACI
1070
     5
1001
GradientColor2ACI
1070
     2
1001
ACAD
1010
0.0
1020
0.0
1030
0.0
  0
HATCH
  5
5EF
330
1F
100
AcDbEntity
  8
column
  6
ACAD_ISO02W100
440
 33554687
370
   100
100
AcDbHatch
 10
0.0
 20
0.0
 30
0.0
210
0.0
220
0.0
230
1.0
  2
SOLID
 70
     1
 71
     0
 91
        1
 92
        1
 93
        4
 72
     1
 10
10827.39369545258
 20
11249.57755127102
 11
10826.64369545258
 21
11249.57755127102
 72
     1
 10
10826.64369545258
 20
11249.57755127102
 11
10826.64369545258
 21
11248.82755127102
 72
     1
 10
10826.64369545258
 20
11248.82755127102
 11
10827.39369545258
 21
11248.82755127102
 72
     1
 10
10827.39369545258
 20
11248.82755127102
 11
10827.39369545258
 21
11249.57755127102
 97
        0
 75
     1
 76
     1
 98
        1
 10
-3.988854335188079
 20
-26.34400002089933
450
        0
451
        0
460
0.0
461
0.0
452
        0
462
0.0
453
        2
463
0.0
 63
     5
421
      255
463
1.0
 63
     2
421
 16776960
470
LINEAR
1001
GradientColor1ACI
1070
     5
1001
GradientColor2ACI
1070
     2
1001
ACAD
1010
0.0
1020
0.0
1030
0.0
  0
HATCH
  5
5F0
330
1F
100
AcDbEntity
  8
column
  6
ACAD_ISO02W100
440
 33554687
370
   100
100
AcDbHatch
 10
0.0
 20
0.0
 30
0.0
210
0.0
220
0.0
230
1.0
  2
SOLID
 70
     1
 71
     0
 91
        1
 92
        1
 93
        4
 72
     1
 10
10829.89369545258
 20
11251.77755127102
 11
10829.14369545258
 21
11251.77755127102
 72
     1
 10
10829.14369545258
 20
11251.77755127102
 11
10829.14369545258
 21
11251.02755127102
 72
     1
 10
10829.14369545258
 20
11251.02755127102
 11
10829.89369545258
 21
11251.02755127102
 72
     1
 10
10829.89369545258
 20
11251.02755127102
 11
10829.89369545258
 21
11251.77755127102
 97
        0
 75
     1
 76
     1
 98
        1
 10
-1.488854335188079
 20
-24.1440000208986
450
        0
451
        0
460
0.0
461
0.0
452
        0
462
0.0
453
        2
463
0.0
 63
     5
421
      255
463
1.0
 63
     2
421
 16776960
470
LINEAR
1001
GradientColor1ACI
1070
     5
1001
GradientColor2ACI
1070
     2
1001
ACAD
1010
0.0
1020
0.0
1030
0.0
  0
HATCH
  5
5F6
330
1F
100
AcDbEntity
  8
column
  6
ACAD_ISO02W100
440
 33554687
370
   100
100
AcDbHatch
 10
0.0
 20
0.0
 30
0.0
210
0.0
220
0.0
230
1.0
  2
SOLID
 70
     1
 71
     0
 91
        1
 92
        1
 93
        4
 72
     1
 10
10795.55466100728
 20
11242.29430467631
 11
10794.80466100728
 21
11242.29430467631
 72
     1
 10
10794.80466100728
 20
11242.29430467631
 11
10794.80466100728
 21
11241.54430467631
 72
     1
 10
10794.80466100728
 20
11241.54430467631
 11
10795.55466100728
 21
11241.54430467631
 72
     1
 10
10795.55466100728
 20
11241.54430467631
 11
10795.55466100728
 21
11242.29430467631
 97
        0
 75
     1
 76
     1
 98
        1
 10
-35.82788878048632
 20
-33.62724661561515
450
        0
451
        0
460
0.0
461
0.0
452
        0
462
0.0
453
        2
463
0.0
 63
     5
421
      255
463
1.0
 63
     2
421
 16776960
470
LINEAR
1001
GradientColor1ACI
1070
     5
1001
GradientColor2ACI
1070
     2
1001
ACAD
1010
0.0
1020
0.0
1030
0.0
  0
HATCH
  5
5F8
330
1F
100
AcDbEntity
  8
column
  6
ACAD_ISO02W100
440
 33554687
370
   100
100
AcDbHatch
 10
0.0
 20
0.0
 30
0.0
210
0.0
220
0.0
230
1.0
  2
SOLID
 70
     1
 71
     0
 91
        1
 92
        1
 93
        4
 72
     1
 10
10795.55466100728
 20
11249.57570593007
 11
10794.80466100728
 21
11249.57570593007
 72
     1
 10
10794.80466100728
 20
11249.57570593007
 11
10794.80466100728
 21
11248.82570593007
 72
     1
 10
10794.80466100728
 20
11248.82570593007
 11
10795.55466100728
 21
11248.82570593007
 72
     1
 10
10795.55466100728
 20
11248.82570593007
 11
10795.55466100728
 21
11249.57570593007
 97
        0
 75
     1
 76
     1
 98
        1
 10
-35.82788878048632
 20
-26.34584536185139
450
        0
451
        0
460
0.0
461
0.0
452
        0
462
0.0
453
        2
463
0.0
 63
     5
421
      255
463
1.0
 63
     2
421
 16776960
470
LINEAR
1001
GradientColor1ACI
1070
     5
1001
GradientColor2ACI
1070
     2
1001
ACAD
1010
0.0
1020
0.0
1030
0.0
  0
HATCH
  5
5FA
330
1F
100
AcDbEntity
  8
column
  6
ACAD_ISO02W100
440
 33554687
370
   100
100
AcDbHatch
 10
0.0
 20
0.0
 30
0.0
210
0.0
220
0.0
230
1.0
  2
SOLID
 70
     1
 71
     0
 91
        1
 92
        1
 93
        4
 72
     1
 10
10819.50455332086
 20
11251.79219779213
 11
10818.75455332086
 21
11251.79219779213
 72
     1
 10
10818.75455332086
 20
11251.79219779213
 11
10818.75455332086
 21
11251.04219779213
 72
     1
 10
10818.75455332086
 20
11251.04219779213
 11
10819.50455332086
 21
11251.04219779213
 72
     1
 10
10819.50455332086
 20
11251.04219779213
 11
10819.50455332086
 21
11251.79219779213
 97
        0
 75
     1
 76
     1
 98
        1
 10
-11.87799646691019
 20
-24.12935349978762
450
        0
451
        0
460
0.0
461
0.0
452
        0
462
0.0
453
        2
463
0.0
 63
     5
421
      255
463
1.0
 63
     2
421
 16776960
470
LINEAR
1001
GradientColor1ACI
1070
     5
1001
GradientColor2ACI
1070
     2
1001
ACAD
1010
0.0
1020
0.0
1030
0.0
  0
HATCH
  5
5FB
330
1F
100
AcDbEntity
  8
column
  6
ACAD_ISO02W100
440
 33554687
370
   100
100
AcDbHatch
 10
0.0
 20
0.0
 30
0.0
210
0.0
220
0.0
230
1.0
  2
SOLID
 70
     1
 71
     0
 91
        1
 92
        1
 93
        4
 72
     1
 10
10822.70455332086
 20
11251.79219779213
 11
10821.95455332086
 21
11251.79219779213
 72
     1
 10
10821.95455332086
 20
11251.79219779213
 11
10821.95455332086
 21
11251.04219779213
 72
     1
 10
10821.95455332086
 20
11251.04219779213
 11
10822.70455332086
 21
11251.04219779213
 72
     1
 10
10822.70455332086
 20
11251.04219779213
 11
10822.70455332086
 21
11251.79219779213
 97
        0
 75
     1
 76
     1
 98
        1
 10
-8.677996466909462
 20
-24.12935349978762
450
        0
451
        0
460
0.0
461
0.0
452
        0
462
0.0
453
        2
463
0.0
 63
     5
421
      255
463
1.0
 63
     2
421
 16776960
470
LINEAR
1001
GradientColor1ACI
1070
     5
1001
GradientColor2ACI
1070
     2
1001
ACAD
1010
0.0
1020
0.0
1030
0.0
  0
HATCH
  5
5FC
330
1F
100
AcDbEntity
  8
column
  6
ACAD_ISO02W100
440
 33554687
370
   100
100
AcDbHatch
 10
0.0
 20
0.0
 30
0.0
210
0.0
220
0.0
230
1.0
  2
SOLID
 70
     1
 71
     0
 91
        1
 92
        1
 93
        4
 72
     1
 10
10825.90455332086
 20
11251.79219779213
 11
10825.15455332086
 21
11251.79219779213
 72
     1
 10
10825.15455332086
 20
11251.79219779213
 11
10825.15455332086
 21
11251.04219779213
 72
     1
 10
10825.15455332086
 20
11251.04219779213
 11
10825.90455332086
 21
11251.04219779213
 72
     1
 10
10825.90455332086
 20
11251.04219779213
 11
10825.90455332086
 21
11251.79219779213
 97
        0
 75
     1
 76
     1
 98
        1
 10
-5.477996466908734
 20
-24.12935349978762
450
        0
451
        0
460
0.0
461
0.0
452
        0
462
0.0
453
        2
463
0.0
 63
     5
421
      255
463
1.0
 63
     2
421
 16776960
470
LINEAR
1001
GradientColor1ACI
1070
     5
1001
GradientColor2ACI
1070
     2
1001
ACAD
1010
0.0
1020
0.0
1030
0.0
  0
HATCH
  5
5FF
330
1F
100
AcDbEntity
  8
0
  6
DASHED2
 62
    30
420
 16292126
440
 33554687
 48
2.0
370
     0
100
AcDbHatch
 10
0.0
 20
0.0
 30
0.0
210
0.0
220
0.0
230
1.0
  2
SOLID
 70
     1
 71
     1
 91
        1
 92
        1
 93
        1
 72
     2
 10
10819.12888487482
 20
11249.19548585682
 40
0.375
 50
0.0
 51
360.0
 73
     1
 97
        0
 75
     1
 76
     1
 98
        1
 10
-26.95917149378147
 20
-23.78263599501224
450
        0
451
        0
460
0.0
461
0.0
452
        0
462
0.0
453
        2
463
0.0
 63
     5
421
      255
463
1.0
 63
     2
421
 16776960
470
LINEAR
1001
GradientColor1ACI
1070
     5
1001
GradientColor2ACI
1070
     2
1001
ACAD
1010
0.0
1020
0.0
1030
0.0
  0
HATCH
  5
600
330
1F
100
AcDbEntity
  8
0
  6
DASHED2
 62
    30
420
 16292126
440
 33554687
 48
2.0
370
     0
100
AcDbHatch
 10
0.0
 20
0.0
 30
0.0
210
0.0
220
0.0
230
1.0
  2
SOLID
 70
     1
 71
     1
 91
        1
 92
        1
 93
        1
 72
     2
 10
10819.15337192207
 20
11241.92404959071
 40
0.375
 50
0.0
 51
360.0
 73
     1
 97
        0
 75
     1
 76
     1
 98
        1
 10
-26.93468444652899
 20
-31.05407226112584
450
        0
451
        0
460
0.0
461
0.0
452
        0
462
0.0
453
        2
463
0.0
 63
     5
421
      255
463
1.0
 63
     2
421
 16776960
470
LINEAR
1001
GradientColor1ACI
1070
     5
1001
GradientColor2ACI
1070
     2
1001
ACAD
1010
0.0
1020
0.0
1030
0.0
  0
HATCH
  5
601
330
1F
100
AcDbEntity
  8
0
  6
DASHED2
 62
    30
420
 16292126
440
 33554687
 48
2.0
370
     0
100
AcDbHatch
 10
0.0
 20
0.0
 30
0.0
210
0.0
220
0.0
230
1.0
  2
SOLID
 70
     1
 71
     1
 91
        1
 92
        1
 93
        1
 72
     2
 10
10812.72220711408
 20
11241.91405611535
 40
0.375
 50
0.0
 51
360.0
 73
     1
 97
        0
 75
     1
 76
     1
 98
        1
 10
-33.36584925452007
 20
-31.06406573648383
450
        0
451
        0
460
0.0
461
0.0
452
        0
462
0.0
453
        2
463
0.0
 63
     5
421
      255
463
1.0
 63
     2
421
 16776960
470
LINEAR
1001
GradientColor1ACI
1070
     5
1001
GradientColor2ACI
1070
     2
1001
ACAD
1010
0.0
1020
0.0
1030
0.0
  0
HATCH
  5
602
330
1F
100
AcDbEntity
  8
0
  6
DASHED2
 62
    30
420
 16292126
440
 33554687
 48
2.0
370
     0
100
AcDbHatch
 10
0.0
 20
0.0
 30
0.0
210
0.0
220
0.0
230
1.0
  2
SOLID
 70
     1
 71
     1
 91
        1
 92
        1
 93
        1
 72
     2
 10
10812.72900592259
 20
11249.19843261767
 40
0.375
 50
0.0
 51
360.0
 73
     1
 97
        0
 75
     1
 76
     1
 98
        1
 10
-33.35905044600441
 20
-23.77968923416302
450
        0
451
        0
460
0.0
461
0.0
452
        0
462
0.0
453
        2
463
0.0
 63
     5
421
      255
463
1.0
 63
     2
421
 16776960
470
LINEAR
1001
GradientColor1ACI
1070
     5
1001
GradientColor2ACI
1070
     2
1001
ACAD
1010
0.0
1020
0.0
1030
0.0
  0
HATCH
  5
603
330
1F
100
AcDbEntity
  8
0
  6
DASHED2
 62
    30
420
 16292126
440
 33554687
 48
2.0
370
     0
100
AcDbHatch
 10
0.0
 20
0.0
 30
0.0
210
0.0
220
0.0
230
1.0
  2
SOLID
 70
     1
 71
     1
 91
        1
 92
        1
 93
        1
 72
     2
 10
10805.32389053868
 20
11249.19692958656
 40
0.375
 50
0.0
 51
360.0
 73
     1
 97
        0
 75
     1
 76
     1
 98
        1
 10
-40.76416582992169
 20
-23.78119226527451
450
        0
451
        0
460
0.0
461
0.0
452
        0
462
0.0
453
        2
463
0.0
 63
     5
421
      255
463
1.0
 63
     2
421
 16776960
470
LINEAR
1001
GradientColor1ACI
1070
     5
1001
GradientColor2ACI
1070
     2
1001
ACAD
1010
0.0
1020
0.0
1030
0.0
  0
HATCH
  5
605
330
1F
100
AcDbEntity
  8
0
  6
DASHED2
 62
    30
420
 16292126
440
 33554687
 48
2.0
370
     0
100
AcDbHatch
 10
0.0
 20
0.0
 30
0.0
210
0.0
220
0.0
230
1.0
  2
SOLID
 70
     1
 71
     1
 91
        1
 92
        1
 93
        1
 72
     2
 10
10805.32389053868
 20
11241.9575749653
 40
0.375
 50
0.0
 51
360.0
 73
     1
 97
        0
 75
     1
 76
     1
 98
        1
 10
-40.76416582992169
 20
-31.02054688652606
450
        0
451
        0
460
0.0
461
0.0
452
        0
462
0.0
453
        2
463
0.0
 63
     5
421
      255
463
1.0
 63
     2
421
 16776960
470
LINEAR
1001
GradientColor1ACI
1070
     5
1001
GradientColor2ACI
1070
     2
1001
ACAD
1010
0.0
1020
0.0
1030
0.0
  0
HATCH
  5
606
330
1F
100
AcDbEntity
  8
0
  6
DASHED2
 62
    30
420
 16292126
440
 33554687
 48
2.0
370
     0
100
AcDbHatch
 10
0.0
 20
0.0
 30
0.0
210
0.0
220
0.0
230
1.0
  2
SOLID
 70
     1
 71
     1
 91
        1
 92
        1
 93
        1
 72
     2
 10
10805.32389053868
 20
11235.19148311116
 40
0.375
 50
0.0
 51
360.0
 73
     1
 97
        0
 75
     1
 76
     1
 98
        1
 10
-40.76416582992169
 20
-37.78663874067388
450
        0
451
        0
460
0.0
461
0.0
452
        0
462
0.0
453
        2
463
0.0
 63
     5
421
      255
463
1.0
 63
     2
421
 16776960
470
LINEAR
1001
GradientColor1ACI
1070
     5
1001
GradientColor2ACI
1070
     2
1001
ACAD
1010
0.0
1020
0.0
1030
0.0
  0
HATCH
  5
607
330
1F
100
AcDbEntity
  8
0
  6
DASHED2
 62
    30
420
 16292126
440
 33554687
 48
2.0
370
     0
100
AcDbHatch
 10
0.0
 20
0.0
 30
0.0
210
0.0
220
0.0
230
1.0
  2
SOLID
 70
     1
 71
     1
 91
        1
 92
        1
 93
        1
 72
     2
 10
10812.73680980431
 20
11235.16803598502
 40
0.375
 50
0.0
 51
360.0
 73
     1
 97
        0
 75
     1
 76
     1
 98
        1
 10
-33.35124656428343
 20
-37.8100858668131
450
        0
451
        0
460
0.0
461
0.0
452
        0
462
0.0
453
        2
463
0.0
 63
     5
421
      255
463
1.0
 63
     2
421
 16776960
470
LINEAR
1001
GradientColor1ACI
1070
     5
1001
GradientColor2ACI
1070
     2
1001
ACAD
1010
0.0
1020
0.0
1030
0.0
  0
HATCH
  5
608
330
1F
100
AcDbEntity
  8
0
  6
DASHED2
 62
    30
420
 16292126
440
 33554687
 48
2.0
370
     0
100
AcDbHatch
 10
0.0
 20
0.0
 30
0.0
210
0.0
220
0.0
230
1.0
  2
SOLID
 70
     1
 71
     1
 91
        1
 92
        1
 93
        1
 72
     2
 10
10819.17574070537
 20
11235.16988606846
 40
0.375
 50
0.0
 51
360.0
 73
     1
 97
        0
 75
     1
 76
     1
 98
        1
 10
-26.91231566322495
 20
-37.80823578337004
450
        0
451
        0
460
0.0
461
0.0
452
        0
462
0.0
453
        2
463
0.0
 63
     5
421
      255
463
1.0
 63
     2
421
 16776960
470
LINEAR
1001
GradientColor1ACI
1070
     5
1001
GradientColor2ACI
1070
     2
1001
ACAD
1010
0.0
1020
0.0
1030
0.0
  0
LINE
  5
60B
330
1F
100
AcDbEntity
  8
0
 48
2.0
370
     0
100
AcDbLine
 10
10814.05372589001
 20
11254.49219779213
 30
0.0
 11
10814.05372589001
 21
11251.49219779213
 31
0.0
  0
LINE
  5
60C
330
1F
100
AcDbEntity
  8
0
 48
2.0
370
     0
100
AcDbLine
 10
10814.55372589001
 20
11254.49219779213
 30
0.0
 11
10814.55372589001
 21
11251.49219779213
 31
0.0
  0
CIRCLE
  5
60E
330
1F
100
AcDbEntity
  8
0
 48
2.0
370
     0
100
AcDbCircle
 10
10805.25049815128
 20
11245.71883480175
 30
0.0
 40
1.939999999999999
  0
CIRCLE
  5
60F
330
1F
100
AcDbEntity
  8
0
 48
2.0
370
     0
100
AcDbCircle
 10
10815.92465691141
 20
11245.71883480175
 30
0.0
 40
1.939999999999999
  0
MTEXT
  5
610
330
1F
100
AcDbEntity
  8
0
100
AcDbMText
 10
10804.38437455529
 20
11246.18172449243
 30
0.0
 40
0.35
 41
1.831773302867077
 46
0.0
 71
     1
 72
     5
  1
\pxqc;{\fArtifakt Element Medium|b0|i0|c0|p34;SEATING AREA}
 73
     1
 44
1.0
101
Embedded Object
 70
     1
 10
1.0
 20
0.0
 30
0.0
 11
10804.38437455529
 21
11246.18172449243
 31
0.0
 40
1.831773302867077
 41
0.0
 42
2.052499999999999
 43
0.9393333333333334
 71
     2
 72
     1
 44
1.831773302867077
 45
12.5
 73
     0
 74
     0
 46
0.0
  0
MTEXT
  5
614
330
1F
100
AcDbEntity
  8
0
100
AcDbMText
 10
10815.00307111911
 20
11246.18172449243
 30
0.0
 40
0.35
 41
1.831773302867077
 46
0.0
 71
     1
 72
     5
  1
\pxqc;{\fArtifakt Element Medium|b0|i0|c0|p34;SEATING AREA}
 73
     1
 44
1.0
101
Embedded Object
 70
     1
 10
1.0
 20
0.0
 30
0.0
 11
10815.00307111911
 21
11246.18172449243
 31
0.0
 40
1.831773302867077
 41
0.0
 42
2.052499999999999
 43
0.9393333333333334
 71
     2
 72
     1
 44
1.831773302867077
 45
12.5
 73
     0
 74
     0
 46
0.0
  0
LINE
  5
615
330
1F
100
AcDbEntity
  8
0
100
AcDbLine
 10
10819.92671018567
 20
11245.84510653688
 30
0.0
 11
10822.88197957915
 21
11246.3612294021
 31
0.0
  0
LINE
  5
616
330
1F
100
AcDbEntity
  8
0
100
AcDbLine
 10
10819.92671018567
 20
11245.84510653688
 30
0.0
 11
10822.25736443327
 21
11240.8633346856
 31
0.0
  0
LINE
  5
617
330
1F
100
AcDbEntity
  8
0
100
AcDbLine
 10
10822.88197957915
 20
11246.3612294021
 30
0.0
 11
10825.21263382674
 21
11241.37945755083
 31
0.0
  0
LINE
  5
618
330
1F
100
AcDbEntity
  8
0
100
AcDbLine
 10
10822.25736443327
 20
11240.8633346856
 30
0.0
 11
10825.21263382674
 21
11241.37945755083
 31
0.0
  0
MTEXT
  5
619
330
1F
100
AcDbEntity
  8
0
100
AcDbMText
 10
10821.78933294363
 20
11243.80097130661
 30
0.0
 40
0.35
 41
1.831773302867077
 46
0.0
 71
     1
 72
     5
  1
\pxqc;{\fArtifakt Element Medium|b0|i0|c0|p34;CAR 4}
 73
     1
 44
1.0
101
Embedded Object
 70
     1
 10
1.0
 20
0.0
 30
0.0
 11
10821.78933294363
 21
11243.80097130661
 31
0.0
 40
1.831773302867077
 41
0.0
 42
1.310499999999999
 43
0.362
 71
     2
 72
     1
 44
1.831773302867077
 45
12.5
 73
     0
 74
     0
 46
0.0
  0
LINE
  5
61A
330
1F
100
AcDbEntity
  8
0
 48
2.0
370
     0
100
AcDbLine
 10
10795.10455332086
 20
11234.79219779213
 30
0.0
 11
10805.35964490268
 21
11234.79219779213
 31
0.0
  0
LINE
  5
61C
330
1F
100
AcDbEntity
  8
0
 48
2.0
370
     0
100
AcDbLine
 10
10805.35964490268
 20
11234.79219779213
 30
0.0
 11
10795.10455332086
 21
11234.79219779213
 31
0.0
  0
LINE
  5
61D
330
1F
100
AcDbEntity
  8
0
 48
2.0
370
     0
100
AcDbLine
 10
10829.60455332086
 20
11241.54219779213
 30
0.0
 11
10829.60455332086
 21
11241.54219779213
 31
0.0
  0
ARC
  5
624
330
1F
100
AcDbEntity
  8
0
 48
2.0
370
     0
100
AcDbCircle
 10
10829.60455332086
 20
11240.99019524755
 30
0.0
 40
1.818861329821963
100
AcDbArc
 50
90.0
 51
270.0
  0
ARC
  5
627
330
1F
100
AcDbEntity
  8
0
 48
2.0
370
     0
100
AcDbCircle
 10
10829.60455332086
 20
11240.99019524755
 30
0.0
 40
1.310999999999999
100
AcDbArc
 50
90.0
 51
270.0
  0
HATCH
  5
62F
330
1F
100
AcDbEntity
  8
column
  6
ACAD_ISO02W100
440
 33554687
370
   100
100
AcDbHatch
 10
0.0
 20
0.0
 30
0.0
210
0.0
220
0.0
230
1.0
  2
SOLID
 70
     1
 71
     0
 91
        1
 92
        1
 93
        4
 72
     1
 10
10829.89369545258
 20
11242.30725287243
 11
10829.14369545258
 21
11242.30725287243
 72
     1
 10
10829.14369545258
 20
11242.30725287243
 11
10829.14369545258
 21
11241.55725287243
 72
     1
 10
10829.14369545258
 20
11241.55725287243
 11
10829.89369545258
 21
11241.55725287243
 72
     1
 10
10829.89369545258
 20
11241.55725287243
 11
10829.89369545258
 21
11242.30725287243
 97
        0
 75
     1
 76
     1
 98
        1
 10
-1.488854335188079
 20
-33.61429841949212
450
        0
451
        0
460
0.0
461
0.0
452
        0
462
0.0
453
        2
463
0.0
 63
     5
421
      255
463
1.0
 63
     2
421
 16776960
470
LINEAR
1001
GradientColor1ACI
1070
     5
1001
GradientColor2ACI
1070
     2
1001
ACAD
1010
0.0
1020
0.0
1030
0.0
  0
ARC
  5
632
330
1F
100
AcDbEntity
  8
0
 48
2.0
370
     0
100
AcDbCircle
 10
10824.80455332086
 20
11255.79219779213
 30
0.0
 40
1.818861329821963
100
AcDbArc
 50
0.3296813273399738
 51
180.3296813273399
  0
ARC
  5
633
330
1F
100
AcDbEntity
  8
0
 48
2.0
370
     0
100
AcDbCircle
 10
10824.80455332086
 20
11255.79219779213
 30
0.0
 40
1.310999999999999
100
AcDbArc
 50
0.3296813273399738
 51
180.3296813273399
  0
LINE
  5
634
330
1F
100
AcDbEntity
  8
0
 48
2.0
370
     0
100
AcDbLine
 10
10822.30455332086
 20
11255.79219779213
 30
0.0
 11
10822.10455332086
 21
11255.79219779213
 31
0.0
  0
LINE
  5
635
330
1F
100
AcDbEntity
  8
0
 48
2.0
370
     0
100
AcDbLine
 10
10822.10455332086
 20
11255.79219779213
 30
0.0
 11
10822.10455332086
 21
11255.79219779213
 31
0.0
  0
LINE
  5
636
330
1F
100
AcDbEntity
  8
0
 48
2.0
370
     0
100
AcDbLine
 10
10822.30455332086
 20
11255.79219779213
 30
0.0
 11
10824.80455332086
 21
11255.79219779213
 31
0.0
  0
MTEXT
  5
638
330
1F
100
AcDbEntity
  8
0
100
AcDbMText
 10
10824.10000266752
 20
11256.7250720809
 30
0.0
 40
0.35
 41
1.831773302867077
 46
0.0
 71
     1
 72
     5
  1
{\fArtifakt Element Medium|b0|i0|c0|p34;RECEP}
 73
     1
 44
1.0
101
Embedded Object
 70
     1
 10
1.0
 20
0.0
 30
0.0
 11
10824.10000266752
 21
11256.7250720809
 31
0.0
 40
1.831773302867077
 41
0.0
 42
1.432
 43
0.362
 71
     2
 72
     1
 44
1.831773302867077
 45
12.5
 73
     0
 74
     0
 46
0.0
  0
MTEXT
  5
639
330
1F
100
AcDbEntity
  8
0
100
AcDbMText
 10
10828.05232547644
 20
11241.21553557737
 30
0.0
 40
0.275
 41
1.831773302867077
 46
0.0
 71
     1
 72
     5
  1
\pxqc;{\fArtifakt Element Medium|b0|i0|c0|p34;RECEP}
 73
     1
 44
1.0
101
Embedded Object
 70
     1
 10
1.0
 20
0.0
 30
0.0
 11
10828.05232547644
 21
11241.21553557737
 31
0.0
 40
1.831773302867077
 41
0.0
 42
1.125142857142857
 43
0.2844285714285715
 71
     2
 72
     1
 44
1.831773302867077
 45
12.5
 73
     0
 74
     0
 46
0.0
  0
HATCH
  5
63B
330
1F
100
AcDbEntity
  8
column
  6
ACAD_ISO02W100
440
 33554687
370
   100
100
AcDbHatch
 10
0.0
 20
0.0
 30
0.0
210
0.0
220
0.0
230
1.0
  2
SOLID
 70
     1
 71
     0
 91
        1
 92
        1
 93
        4
 72
     1
 10
10795.53045878022
 20
11261.9935810124
 11
10794.78045878023
 21
11261.9935810124
 72
     1
 10
10794.78045878023
 20
11261.9935810124
 11
10794.78045878023
 21
11261.2435810124
 72
     1
 10
10794.78045878023
 20
11261.2435810124
 11
10795.53045878022
 21
11261.2435810124
 72
     1
 10
10795.53045878022
 20
11261.2435810124
 11
10795.53045878022
 21
11261.9935810124
 97
        0
 75
     1
 76
     1
 98
        1
 10
-35.85209100754219
 20
-13.92797027952292
450
        0
451
        0
460
0.0
461
0.0
452
        0
462
0.0
453
        2
463
0.0
 63
     5
421
      255
463
1.0
 63
     2
421
 16776960
470
LINEAR
1001
GradientColor1ACI
1070
     5
1001
GradientColor2ACI
1070
     2
1001
ACAD
1010
0.0
1020
0.0
1030
0.0
  0
HATCH
  5
63C
330
1F
100
AcDbEntity
  8
column
  6
ACAD_ISO02W100
440
 33554687
370
   100
100
AcDbHatch
 10
0.0
 20
0.0
 30
0.0
210
0.0
220
0.0
230
1.0
  2
SOLID
 70
     1
 71
     0
 91
        1
 92
        1
 93
        4
 72
     1
 10
10795.54833427284
 20
11275.59174001391
 11
10794.79833427284
 21
11275.59174001391
 72
     1
 10
10794.79833427284
 20
11275.59174001391
 11
10794.79833427284
 21
11274.84174001391
 72
     1
 10
10794.79833427284
 20
11274.84174001391
 11
10795.54833427284
 21
11274.84174001391
 72
     1
 10
10795.54833427284
 20
11274.84174001391
 11
10795.54833427284
 21
11275.59174001391
 97
        0
 75
     1
 76
     1
 98
        1
 10
-35.83421551492575
 20
-0.329811278013949
450
        0
451
        0
460
0.0
461
0.0
452
        0
462
0.0
453
        2
463
0.0
 63
     5
421
      255
463
1.0
 63
     2
421
 16776960
470
LINEAR
1001
GradientColor1ACI
1070
     5
1001
GradientColor2ACI
1070
     2
1001
ACAD
1010
0.0
1020
0.0
1030
0.0
  0
HATCH
  5
63D
330
1F
100
AcDbEntity
  8
column
  6
ACAD_ISO02W100
440
 33554687
370
   100
100
AcDbHatch
 10
0.0
 20
0.0
 30
0.0
210
0.0
220
0.0
230
1.0
  2
SOLID
 70
     1
 71
     0
 91
        1
 92
        1
 93
        4
 72
     1
 10
10795.54833427284
 20
11275.59174001391
 11
10794.79833427284
 21
11275.59174001391
 72
     1
 10
10794.79833427284
 20
11275.59174001391
 11
10794.79833427284
 21
11274.84174001391
 72
     1
 10
10794.79833427284
 20
11274.84174001391
 11
10795.54833427284
 21
11274.84174001391
 72
     1
 10
10795.54833427284
 20
11274.84174001391
 11
10795.54833427284
 21
11275.59174001391
 97
        0
 75
     1
 76
     1
 98
        1
 10
-35.83421551492575
 20
-0.329811278013949
450
        0
451
        0
460
0.0
461
0.0
452
        0
462
0.0
453
        2
463
0.0
 63
     5
421
      255
463
1.0
 63
     2
421
 16776960
470
LINEAR
1001
GradientColor1ACI
1070
     5
1001
GradientColor2ACI
1070
     2
1001
ACAD
1010
0.0
1020
0.0
1030
0.0
  0
HATCH
  5
63E
330
1F
100
AcDbEntity
  8
column
  6
ACAD_ISO02W100
440
 33554687
370
   100
100
AcDbHatch
 10
0.0
 20
0.0
 30
0.0
210
0.0
220
0.0
230
1.0
  2
SOLID
 70
     1
 71
     0
 91
        1
 92
        1
 93
        4
 72
     1
 10
10795.54833427284
 20
11275.59174001391
 11
10794.79833427284
 21
11275.59174001391
 72
     1
 10
10794.79833427284
 20
11275.59174001391
 11
10794.79833427284
 21
11274.84174001391
 72
     1
 10
10794.79833427284
 20
11274.84174001391
 11
10795.54833427284
 21
11274.84174001391
 72
     1
 10
10795.54833427284
 20
11274.84174001391
 11
10795.54833427284
 21
11275.59174001391
 97
        0
 75
     1
 76
     1
 98
        1
 10
-35.83421551492575
 20
-0.329811278013949
450
        0
451
        0
460
0.0
461
0.0
452
        0
462
0.0
453
        2
463
0.0
 63
     5
421
      255
463
1.0
 63
     2
421
 16776960
470
LINEAR
1001
GradientColor1ACI
1070
     5
1001
GradientColor2ACI
1070
     2
1001
ACAD
1010
0.0
1020
0.0
1030
0.0
  0
LINE
  5
649
330
1F
100
AcDbEntity
  8
chajja
  6
ACAD_ISO03W100
 48
0.002
370
     0
100
AcDbLine
 10
10799.47567440457
 20
11275.59219779231
 30
0.0
 11
10799.47567440457
 21
11276.16458482155
 31
0.0
  0
LINE
  5
64A
330
1F
100
AcDbEntity
  8
chajja
  6
ACAD_ISO03W100
 48
0.002
370
     0
100
AcDbLine
 10
10800.27567440457
 20
11275.59219779227
 30
0.0
 11
10800.27567440457
 21
11276.16458482155
 31
0.0
  0
LINE
  5
64B
330
1F
100
AcDbEntity
  8
chajja
  6
ACAD_ISO03W100
 48
0.002
370
     0
100
AcDbLine
 10
10799.47567440457
 20
11276.16458482155
 30
0.0
 11
10800.27567440457
 21
11276.16458482155
 31
0.0
  0
LINE
  5
64C
330
1F
100
AcDbEntity
  8
chajja
  6
ACAD_ISO03W100
 48
0.002
370
     0
100
AcDbLine
 10
10808.61927440457
 20
11275.59219779236
 30
0.0
 11
10808.61927440457
 21
11276.16458482159
 31
0.0
  0
LINE
  5
64D
330
1F
100
AcDbEntity
  8
chajja
  6
ACAD_ISO03W100
 48
0.002
370
     0
100
AcDbLine
 10
10809.41927440457
 20
11275.59219779231
 30
0.0
 11
10809.41927440457
 21
11276.16458482159
 31
0.0
  0
LINE
  5
64E
330
1F
100
AcDbEntity
  8
chajja
  6
ACAD_ISO03W100
 48
0.002
370
     0
100
AcDbLine
 10
10808.61927440457
 20
11276.16458482159
 30
0.0
 11
10809.41927440457
 21
11276.16458482159
 31
0.0
  0
LINE
  5
64F
330
1F
100
AcDbEntity
  8
chajja
  6
ACAD_ISO03W100
 48
0.002
370
     0
100
AcDbLine
 10
10815.02207440457
 20
11275.59219779236
 30
0.0
 11
10815.02207440457
 21
11276.16458482159
 31
0.0
  0
LINE
  5
650
330
1F
100
AcDbEntity
  8
chajja
  6
ACAD_ISO03W100
 48
0.002
370
     0
100
AcDbLine
 10
10815.82207440457
 20
11275.59219779231
 30
0.0
 11
10815.82207440457
 21
11276.16458482159
 31
0.0
  0
LINE
  5
651
330
1F
100
AcDbEntity
  8
chajja
  6
ACAD_ISO03W100
 48
0.002
370
     0
100
AcDbLine
 10
10815.02207440457
 20
11276.16458482159
 30
0.0
 11
10815.82207440457
 21
11276.16458482159
 31
0.0
  0
MTEXT
  5
652
330
1F
100
AcDbEntity
  8
0
  6
ACAD_ISO02W100
 48
2.0
370
     0
100
AcDbMText
 10
10808.85088555951
 20
11275.8821817328
 30
0.0
 40
0.175
 41
0.3793392954266892
 46
0.0
 71
     1
 72
     5
  1
\pxqc;W
 73
     1
 44
1.0
101
Embedded Object
 70
     1
 10
1.0
 20
0.0
 30
0.0
 11
10808.85088555951
 21
11275.8821817328
 31
0.0
 40
0.3793392954266892
 41
0.0
 42
0.2250170532060027
 43
0.175
 71
     2
 72
     1
 44
0.3793392954266892
 45
12.5
 73
     0
 74
     0
 46
0.0
  0
MTEXT
  5
653
330
1F
100
AcDbEntity
  8
0
  6
ACAD_ISO02W100
 48
2.0
370
     0
100
AcDbMText
 10
10799.71656718003
 20
11275.8821817328
 30
0.0
 40
0.175
 41
0.3793392954266892
 46
0.0
 71
     1
 72
     5
  1
\pxqc;W
 73
     1
 44
1.0
101
Embedded Object
 70
     1
 10
1.0
 20
0.0
 30
0.0
 11
10799.71656718003
 21
11275.8821817328
 31
0.0
 40
0.3793392954266892
 41
0.0
 42
0.2250170532060027
 43
0.175
 71
     2
 72
     1
 44
0.3793392954266892
 45
12.5
 73
     0
 74
     0
 46
0.0
  0
MTEXT
  5
654
330
1F
100
AcDbEntity
  8
0
  6
ACAD_ISO02W100
 48
2.0
370
     0
100
AcDbMText
 10
10815.22430248251
 20
11275.8821817328
 30
0.0
 40
0.175
 41
0.3793392954266892
 46
0.0
 71
     1
 72
     5
  1
\pxqc;W
 73
     1
 44
1.0
101
Embedded Object
 70
     1
 10
1.0
 20
0.0
 30
0.0
 11
10815.22430248251
 21
11275.8821817328
 31
0.0
 40
0.3793392954266892
 41
0.0
 42
0.2250170532060027
 43
0.175
 71
     2
 72
     1
 44
0.3793392954266892
 45
12.5
 73
     0
 74
     0
 46
0.0
  0
LINE
  5
655
330
1F
100
AcDbEntity
  8
chajja
  6
ACAD_ISO02W100
 48
2.0
370
     0
100
AcDbLine
 10
10829.60455332086
 20
11275.29219779213
 30
0.0
 11
10829.60455332086
 21
11275.29219779213
 31
0.0
  0
HATCH
  5
658
330
1F
100
AcDbEntity
  8
column
  6
ACAD_ISO02W100
440
 33554687
370
   100
100
AcDbHatch
 10
0.0
 20
0.0
 30
0.0
210
0.0
220
0.0
230
1.0
  2
SOLID
 70
     1
 71
     0
 91
        1
 92
        1
 93
        4
 72
     1
 10
10795.54833427284
 20
11268.37465500067
 11
10794.79833427284
 21
11268.37465500067
 72
     1
 10
10794.79833427284
 20
11268.37465500067
 11
10794.79833427284
 21
11267.62465500067
 72
     1
 10
10794.79833427284
 20
11267.62465500067
 11
10795.54833427284
 21
11267.62465500067
 72
     1
 10
10795.54833427284
 20
11267.62465500067
 11
10795.54833427284
 21
11268.37465500067
 97
        0
 75
     1
 76
     1
 98
        1
 10
-35.83421551492575
 20
-7.54689629124914
450
        0
451
        0
460
0.0
461
0.0
452
        0
462
0.0
453
        2
463
0.0
 63
     5
421
      255
463
1.0
 63
     2
421
 16776960
470
LINEAR
1001
GradientColor1ACI
1070
     5
1001
GradientColor2ACI
1070
     2
1001
ACAD
1010
0.0
1020
0.0
1030
0.0
  0
HATCH
  5
65C
330
1F
100
AcDbEntity
  8
column
  6
ACAD_ISO02W100
440
 33554687
370
   100
100
AcDbHatch
 10
0.0
 20
0.0
 30
0.0
210
0.0
220
0.0
230
1.0
  2
SOLID
 70
     1
 71
     0
 91
        1
 92
        1
 93
        4
 72
     1
 10
10795.39779968535
 20
11255.99861211513
 11
10794.64779968535
 21
11255.99861211513
 72
     1
 10
10794.64779968535
 20
11255.99861211513
 11
10794.64779968535
 21
11255.24861211513
 72
     1
 10
10794.64779968535
 20
11255.24861211513
 11
10795.39779968535
 21
11255.24861211513
 72
     1
 10
10795.39779968535
 20
11255.24861211513
 11
10795.39779968535
 21
11255.99861211513
 97
        0
 75
     1
 76
     1
 98
        1
 10
-35.98475010241964
 20
-19.92293917678762
450
        0
451
        0
460
0.0
461
0.0
452
        0
462
0.0
453
        2
463
0.0
 63
     5
421
      255
463
1.0
 63
     2
421
 16776960
470
LINEAR
1001
GradientColor1ACI
1070
     5
1001
GradientColor2ACI
1070
     2
1001
ACAD
1010
0.0
1020
0.0
1030
0.0
  0
HATCH
  5
65E
330
1F
100
AcDbEntity
  8
column
  6
ACAD_ISO02W100
440
 33554687
370
   100
100
AcDbHatch
 10
0.0
 20
0.0
 30
0.0
210
0.0
220
0.0
230
1.0
  2
SOLID
 70
     1
 71
     0
 91
        1
 92
        1
 93
        4
 72
     1
 10
10795.39779968535
 20
11255.99861211513
 11
10794.64779968535
 21
11255.99861211513
 72
     1
 10
10794.64779968535
 20
11255.99861211513
 11
10794.64779968535
 21
11255.24861211513
 72
     1
 10
10794.64779968535
 20
11255.24861211513
 11
10795.39779968535
 21
11255.24861211513
 72
     1
 10
10795.39779968535
 20
11255.24861211513
 11
10795.39779968535
 21
11255.99861211513
 97
        0
 75
     1
 76
     1
 98
        1
 10
-35.98475010241964
 20
-19.92293917678762
450
        0
451
        0
460
0.0
461
0.0
452
        0
462
0.0
453
        2
463
0.0
 63
     5
421
      255
463
1.0
 63
     2
421
 16776960
470
LINEAR
1001
GradientColor1ACI
1070
     5
1001
GradientColor2ACI
1070
     2
1001
ACAD
1010
0.0
1020
0.0
1030
0.0
  0
LINE
  5
673
102
{ACAD_REACTORS
330
986
102
}
330
1F
100
AcDbEntity
  8
0
  6
Continuous
 48
2.0
370
   100
100
AcDbLine
 10
10794.80455332086
 20
11298.9776202029
 30
0.0
 11
10829.90455332085
 21
11298.9776202029
 31
0.0
  0
LINE
  5
674
330
1F
100
AcDbEntity
  8
0
  6
Continuous
 48
2.0
370
   100
100
AcDbLine
 10
10794.80455332086
 20
11275.59219779213
 30
0.0
 11
10794.80455332086
 21
11275.59219779235
 31
0.0
  0
LINE
  5
676
330
1F
100
AcDbEntity
  8
0
  6
Continuous
 48
2.0
370
   100
100
AcDbLine
 10
10829.90455332085
 20
11298.9776202029
 30
0.0
 11
10829.90455332085
 21
11307.95196063051
 31
0.0
  0
LINE
  5
677
330
1F
100
AcDbEntity
  8
0
  6
Continuous
 48
2.0
370
   100
100
AcDbLine
 10
10829.60455332086
 20
11275.29219779213
 30
0.0
 11
10829.60455332086
 21
11275.59219779213
 31
0.0
  0
LINE
  5
679
330
1F
100
AcDbEntity
  8
0
  6
Continuous
 48
2.0
370
   100
100
AcDbLine
 10
10825.60455332086
 20
11275.29219779213
 30
0.0
 11
10827.60455332086
 21
11275.29219779213
 31
0.0
  0
LINE
  5
67A
330
1F
100
AcDbEntity
  8
0
  6
Continuous
 48
2.0
370
   100
100
AcDbLine
 10
10826.40104197554
 20
11275.29219779213
 30
0.0
 11
10826.40104197554
 21
11271.29219779213
 31
0.0
  0
LINE
  5
67B
330
1F
100
AcDbEntity
  8
0
  6
Continuous
 48
2.0
370
   100
100
AcDbLine
 10
10826.60166802028
 20
11275.29219779213
 30
0.0
 11
10826.60166802028
 21
11271.29219779213
 31
0.0
  0
LINE
  5
67D
330
1F
100
AcDbEntity
  8
0
100
AcDbLine
 10
10829.60455332086
 20
11273.19219779213
 30
0.0
 11
10826.60166802028
 21
11273.19219779213
 31
0.0
  0
LINE
  5
67E
330
1F
100
AcDbEntity
  8
0
100
AcDbLine
 10
10829.60455332086
 20
11273.19219779213
 30
0.0
 11
10827.60455332086
 21
11273.19219779213
 31
0.0
  0
LINE
  5
67F
330
1F
100
AcDbEntity
  8
0
100
AcDbLine
 10
10829.60455332086
 20
11273.19219779213
 30
0.0
 11
10827.60455332086
 21
11273.19219779213
 31
0.0
  0
LINE
  5
680
330
1F
100
AcDbEntity
  8
0
100
AcDbLine
 10
10829.60455332086
 20
11273.39219779213
 30
0.0
 11
10826.60166802028
 21
11273.39219779213
 31
0.0
  0
HATCH
  5
681
330
1F
100
AcDbEntity
  8
column
  6
ACAD_ISO02W100
440
 33554687
370
   100
100
AcDbHatch
 10
0.0
 20
0.0
 30
0.0
210
0.0
220
0.0
230
1.0
  2
SOLID
 70
     1
 71
     0
 91
        1
 92
        1
 93
        4
 72
     1
 10
10829.90455332086
 20
11275.59219779213
 11
10829.15455332086
 21
11275.59219779213
 72
     1
 10
10829.15455332086
 20
11275.59219779213
 11
10829.15455332086
 21
11274.84219779213
 72
     1
 10
10829.15455332086
 20
11274.84219779213
 11
10829.90455332086
 21
11274.84219779213
 72
     1
 10
10829.90455332086
 20
11274.84219779213
 11
10829.90455332086
 21
11275.59219779213
 97
        0
 75
     1
 76
     1
 98
        1
 10
-1.477996466908734
 20
-0.3293534997883398
450
        0
451
        0
460
0.0
461
0.0
452
        0
462
0.0
453
        2
463
0.0
 63
     5
421
      255
463
1.0
 63
     2
421
 16776960
470
LINEAR
1001
GradientColor1ACI
1070
     5
1001
GradientColor2ACI
1070
     2
1001
ACAD
1010
0.0
1020
0.0
1030
0.0
  0
LINE
  5
685
330
1F
100
AcDbEntity
  8
window
  6
Continuous
 48
2.0
370
   100
100
AcDbLine
 10
10829.60455332086
 20
11274.54219779213
 30
0.0
 11
10829.90455332086
 21
11274.54219779213
 31
0.0
  0
LINE
  5
686
330
1F
100
AcDbEntity
  8
window
  6
Continuous
 48
2.0
370
   100
100
AcDbLine
 10
10829.60455332086
 20
11274.14219779213
 30
0.0
 11
10829.90455332086
 21
11274.14219779213
 31
0.0
  0
LINE
  5
68A
330
1F
100
AcDbEntity
  8
window
  6
Continuous
 48
2.0
370
   100
100
AcDbLine
 10
10829.75455332086
 20
11274.54219779213
 30
0.0
 11
10829.76455332086
 21
11274.54219779213
 31
0.0
  0
LINE
  5
68B
330
1F
100
AcDbEntity
  8
window
  6
Continuous
 48
2.0
370
   100
100
AcDbLine
 10
10829.76455332086
 20
11274.54219779213
 30
0.0
 11
10829.76455332086
 21
11274.14219779213
 31
0.0
  0
LINE
  5
68C
330
1F
100
AcDbEntity
  8
window
  6
Continuous
 48
2.0
370
   100
100
AcDbLine
 10
10829.75455332086
 20
11274.54219779213
 30
0.0
 11
10829.74455332086
 21
11274.54219779213
 31
0.0
  0
LINE
  5
68D
330
1F
100
AcDbEntity
  8
window
  6
Continuous
 48
2.0
370
   100
100
AcDbLine
 10
10829.74455332086
 20
11274.54219779213
 30
0.0
 11
10829.74455332086
 21
11274.14219779213
 31
0.0
  0
MTEXT
  5
690
330
1F
100
AcDbEntity
  8
0
  6
Continuous
 48
2.0
370
   100
100
AcDbMText
 10
10829.957054087
 20
11274.44839018706
 30
0.0
 40
0.175
 41
0.1432453308079857
 46
0.0
 71
     1
 72
     5
  1
{\C0;V}
 73
     1
 44
1.0
101
Embedded Object
 70
     1
 10
1.0
 20
0.0
 30
0.0
 11
10829.957054087
 21
11274.44839018706
 31
0.0
 40
0.1432453308079857
 41
0.0
 42
0.1600784447476125
 43
0.175
 71
     2
 72
     1
 44
0.1432453308079857
 45
12.5
 73
     0
 74
     0
 46
0.0
  0
LINE
  5
6A9
330
1F
100
AcDbEntity
  8
window
  6
Continuous
 48
2.0
370
   100
100
AcDbLine
 10
10829.60455332086
 20
11272.23845962594
 30
0.0
 11
10829.90455332086
 21
11272.23845962594
 31
0.0
  0
LINE
  5
6AA
330
1F
100
AcDbEntity
  8
window
  6
Continuous
 48
2.0
370
   100
100
AcDbLine
 10
10829.60455332086
 20
11272.63845962595
 30
0.0
 11
10829.90455332086
 21
11272.63845962595
 31
0.0
  0
LINE
  5
6AB
330
1F
100
AcDbEntity
  8
window
  6
Continuous
 48
2.0
370
   100
100
AcDbLine
 10
10829.75455332086
 20
11272.63845962595
 30
0.0
 11
10829.76455332086
 21
11272.63845962595
 31
0.0
  0
LINE
  5
6AC
330
1F
100
AcDbEntity
  8
window
  6
Continuous
 48
2.0
370
   100
100
AcDbLine
 10
10829.76455332086
 20
11272.63845962595
 30
0.0
 11
10829.76455332086
 21
11272.23845962594
 31
0.0
  0
LINE
  5
6AD
330
1F
100
AcDbEntity
  8
window
  6
Continuous
 48
2.0
370
   100
100
AcDbLine
 10
10829.75455332086
 20
11272.63845962595
 30
0.0
 11
10829.74455332086
 21
11272.63845962595
 31
0.0
  0
LINE
  5
6AE
330
1F
100
AcDbEntity
  8
window
  6
Continuous
 48
2.0
370
   100
100
AcDbLine
 10
10829.74455332086
 20
11272.63845962595
 30
0.0
 11
10829.74455332086
 21
11272.23845962594
 31
0.0
  0
LINE
  5
6B0
330
1F
100
AcDbEntity
  8
window
  6
Continuous
 48
2.0
370
   100
100
AcDbLine
 10
10829.44455332086
 20
11234.79219779213
 30
0.0
 11
10829.74455332086
 21
11234.79219779213
 31
0.0
  0
LINE
  5
6B1
330
1F
100
AcDbEntity
  8
window
  6
Continuous
 48
2.0
370
   100
100
AcDbLine
 10
10829.59455332086
 20
11234.79219779213
 30
0.0
 11
10829.60455332086
 21
11234.79219779213
 31
0.0
  0
LINE
  5
6B3
330
1F
100
AcDbEntity
  8
window
  6
Continuous
 48
2.0
370
   100
100
AcDbLine
 10
10829.59455332086
 20
11234.79219779213
 30
0.0
 11
10829.58455332086
 21
11234.79219779213
 31
0.0
  0
LINE
  5
6B5
330
1F
100
AcDbEntity
  8
window
  6
Continuous
 48
2.0
370
   100
100
AcDbLine
 10
10829.60455332086
 20
11254.34521961669
 30
0.0
 11
10829.90455332086
 21
11254.34521961669
 31
0.0
  0
LINE
  5
6B6
330
1F
100
AcDbEntity
  8
window
  6
Continuous
 48
2.0
370
   100
100
AcDbLine
 10
10829.60455332086
 20
11254.74521961669
 30
0.0
 11
10829.90455332086
 21
11254.74521961669
 31
0.0
  0
LINE
  5
6B7
330
1F
100
AcDbEntity
  8
window
  6
Continuous
 48
2.0
370
   100
100
AcDbLine
 10
10829.75455332086
 20
11254.74521961669
 30
0.0
 11
10829.76455332086
 21
11254.74521961669
 31
0.0
  0
LINE
  5
6B8
330
1F
100
AcDbEntity
  8
window
  6
Continuous
 48
2.0
370
   100
100
AcDbLine
 10
10829.76455332086
 20
11254.74521961669
 30
0.0
 11
10829.76455332086
 21
11254.34521961668
 31
0.0
  0
LINE
  5
6B9
330
1F
100
AcDbEntity
  8
window
  6
Continuous
 48
2.0
370
   100
100
AcDbLine
 10
10829.75455332086
 20
11254.74521961669
 30
0.0
 11
10829.74455332086
 21
11254.74521961669
 31
0.0
  0
LINE
  5
6BA
330
1F
100
AcDbEntity
  8
window
  6
Continuous
 48
2.0
370
   100
100
AcDbLine
 10
10829.74455332086
 20
11254.74521961669
 30
0.0
 11
10829.74455332086
 21
11254.34521961668
 31
0.0
  0
LINE
  5
6BB
330
1F
100
AcDbEntity
  8
window
  6
Continuous
 48
2.0
370
   100
100
AcDbLine
 10
10829.60455332086
 20
11252.45824368437
 30
0.0
 11
10829.90455332086
 21
11252.45824368437
 31
0.0
  0
LINE
  5
6BC
330
1F
100
AcDbEntity
  8
window
  6
Continuous
 48
2.0
370
   100
100
AcDbLine
 10
10829.60455332086
 20
11252.85824368437
 30
0.0
 11
10829.90455332086
 21
11252.85824368437
 31
0.0
  0
LINE
  5
6BD
330
1F
100
AcDbEntity
  8
window
  6
Continuous
 48
2.0
370
   100
100
AcDbLine
 10
10829.75455332086
 20
11252.85824368437
 30
0.0
 11
10829.76455332086
 21
11252.85824368437
 31
0.0
  0
LINE
  5
6BE
330
1F
100
AcDbEntity
  8
window
  6
Continuous
 48
2.0
370
   100
100
AcDbLine
 10
10829.76455332086
 20
11252.85824368437
 30
0.0
 11
10829.76455332086
 21
11252.45824368437
 31
0.0
  0
LINE
  5
6BF
330
1F
100
AcDbEntity
  8
window
  6
Continuous
 48
2.0
370
   100
100
AcDbLine
 10
10829.75455332086
 20
11252.85824368437
 30
0.0
 11
10829.74455332086
 21
11252.85824368437
 31
0.0
  0
LINE
  5
6C0
330
1F
100
AcDbEntity
  8
window
  6
Continuous
 48
2.0
370
   100
100
AcDbLine
 10
10829.74455332086
 20
11252.85824368437
 30
0.0
 11
10829.74455332086
 21
11252.45824368437
 31
0.0
  0
MTEXT
  5
6C1
330
1F
100
AcDbEntity
  8
0
  6
Continuous
 48
2.0
370
   100
100
AcDbMText
 10
10829.957054087
 20
11272.51261574965
 30
0.0
 40
0.175
 41
0.1432453308079857
 46
0.0
 71
     1
 72
     5
  1
{\C0;V}
 73
     1
 44
1.0
101
Embedded Object
 70
     1
 10
1.0
 20
0.0
 30
0.0
 11
10829.957054087
 21
11272.51261574965
 31
0.0
 40
0.1432453308079857
 41
0.0
 42
0.1600784447476125
 43
0.175
 71
     2
 72
     1
 44
0.1432453308079857
 45
12.5
 73
     0
 74
     0
 46
0.0
  0
MTEXT
  5
6C2
330
1F
100
AcDbEntity
  8
0
  6
Continuous
 48
2.0
370
   100
100
AcDbMText
 10
10829.957054087
 20
11254.63321478802
 30
0.0
 40
0.175
 41
0.1432453308079857
 46
0.0
 71
     1
 72
     5
  1
{\C0;V}
 73
     1
 44
1.0
101
Embedded Object
 70
     1
 10
1.0
 20
0.0
 30
0.0
 11
10829.957054087
 21
11254.63321478802
 31
0.0
 40
0.1432453308079857
 41
0.0
 42
0.1600784447476125
 43
0.175
 71
     2
 72
     1
 44
0.1432453308079857
 45
12.5
 73
     0
 74
     0
 46
0.0
  0
MTEXT
  5
6C3
330
1F
100
AcDbEntity
  8
0
  6
Continuous
 48
2.0
370
   100
100
AcDbMText
 10
10829.957054087
 20
11252.69824773922
 30
0.0
 40
0.175
 41
0.1432453308079857
 46
0.0
 71
     1
 72
     5
  1
{\C0;V}
 73
     1
 44
1.0
101
Embedded Object
 70
     1
 10
1.0
 20
0.0
 30
0.0
 11
10829.957054087
 21
11252.69824773922
 31
0.0
 40
0.1432453308079857
 41
0.0
 42
0.1600784447476125
 43
0.175
 71
     2
 72
     1
 44
0.1432453308079857
 45
12.5
 73
     0
 74
     0
 46
0.0
  0
LINE
  5
6CE
330
1F
100
AcDbEntity
  8
window
370
   100
100
AcDbLine
 10
10794.80191149852
 20
11252.56000282063
 30
0.0
 11
10795.1019114987
 21
11252.56000282063
 31
0.0
  0
LINE
  5
6CF
330
1F
100
AcDbEntity
  8
window
370
   100
100
AcDbLine
 10
10795.1019114987
 20
11251.76000282063
 30
0.0
 11
10794.80191149852
 21
11251.76000282063
 31
0.0
  0
LINE
  5
6D0
330
1F
100
AcDbEntity
  8
window
370
   100
100
AcDbLine
 10
10795.1019114987
 20
11252.56000282063
 30
0.0
 11
10794.9519114987
 21
11252.56000282063
 31
0.0
  0
LINE
  5
6D1
330
1F
100
AcDbEntity
  8
window
370
   100
100
AcDbLine
 10
10794.9419114987
 20
11252.56000282063
 30
0.0
 11
10794.9419114987
 21
11251.76000282063
 31
0.0
  0
LINE
  5
6D2
330
1F
100
AcDbEntity
  8
window
370
   100
100
AcDbLine
 10
10794.9619114987
 20
11252.56000282063
 30
0.0
 11
10794.9619114987
 21
11251.76000282063
 31
0.0
  0
LINE
  5
6E2
330
1F
100
AcDbEntity
  8
window
370
   100
100
AcDbLine
 10
10794.80191149852
 20
11245.88951212866
 30
0.0
 11
10795.1019114987
 21
11245.88951212866
 31
0.0
  0
LINE
  5
6E3
330
1F
100
AcDbEntity
  8
window
370
   100
100
AcDbLine
 10
10795.1019114987
 20
11245.08951212866
 30
0.0
 11
10794.80191149852
 21
11245.08951212866
 31
0.0
  0
LINE
  5
6E4
330
1F
100
AcDbEntity
  8
window
370
   100
100
AcDbLine
 10
10795.1019114987
 20
11245.88951212866
 30
0.0
 11
10794.9519114987
 21
11245.88951212866
 31
0.0
  0
LINE
  5
6E5
330
1F
100
AcDbEntity
  8
window
370
   100
100
AcDbLine
 10
10794.9419114987
 20
11245.88951212866
 30
0.0
 11
10794.9419114987
 21
11245.08951212866
 31
0.0
  0
LINE
  5
6E6
330
1F
100
AcDbEntity
  8
window
370
   100
100
AcDbLine
 10
10794.9619114987
 20
11245.88951212866
 30
0.0
 11
10794.9619114987
 21
11245.08951212866
 31
0.0
  0
LINE
  5
6F1
330
1F
100
AcDbEntity
  8
window
370
   100
100
AcDbLine
 10
10794.80191149852
 20
11238.3978290903
 30
0.0
 11
10795.1019114987
 21
11238.3978290903
 31
0.0
  0
LINE
  5
6F2
330
1F
100
AcDbEntity
  8
window
370
   100
100
AcDbLine
 10
10795.1019114987
 20
11237.5978290903
 30
0.0
 11
10794.80191149852
 21
11237.5978290903
 31
0.0
  0
LINE
  5
6F3
330
1F
100
AcDbEntity
  8
window
370
   100
100
AcDbLine
 10
10795.1019114987
 20
11238.3978290903
 30
0.0
 11
10794.9519114987
 21
11238.3978290903
 31
0.0
  0
LINE
  5
6F4
330
1F
100
AcDbEntity
  8
window
370
   100
100
AcDbLine
 10
10794.9419114987
 20
11238.3978290903
 30
0.0
 11
10794.9419114987
 21
11237.5978290903
 31
0.0
  0
LINE
  5
6F5
330
1F
100
AcDbEntity
  8
window
370
   100
100
AcDbLine
 10
10794.9619114987
 20
11238.3978290903
 30
0.0
 11
10794.9619114987
 21
11237.5978290903
 31
0.0
  0
LINE
  5
6F6
330
1F
100
AcDbEntity
  8
chajja
  6
ACAD_ISO03W100
 48
0.002
370
     0
100
AcDbLine
 10
10794.80191149852
 20
11251.76000282063
 30
0.0
 11
10794.22952446928
 21
11251.76000282063
 31
0.0
  0
LINE
  5
6F7
330
1F
100
AcDbEntity
  8
chajja
  6
ACAD_ISO03W100
 48
0.002
370
     0
100
AcDbLine
 10
10794.80191149856
 20
11252.56000282063
 30
0.0
 11
10794.22952446928
 21
11252.56000282063
 31
0.0
  0
LINE
  5
6F8
330
1F
100
AcDbEntity
  8
chajja
  6
ACAD_ISO03W100
 48
0.002
370
     0
100
AcDbLine
 10
10794.22952446928
 20
11251.76000282063
 30
0.0
 11
10794.22952446928
 21
11252.56000282063
 31
0.0
  0
MTEXT
  5
6F9
330
1F
100
AcDbEntity
  8
0
  6
ACAD_ISO02W100
 48
2.0
370
     0
100
AcDbMText
 10
10794.51192755803
 20
11252.00089559609
 30
0.0
 40
0.175
 41
0.3793392954266892
 46
0.0
 71
     1
 72
     5
  1
\pxqc;W
 11
0.0000000000000001
 21
1.0
 31
0.0
 73
     1
 44
1.0
101
Embedded Object
 70
     1
 10
0.0000000000000001
 20
1.0
 30
0.0
 11
10794.51192755803
 21
11252.00089559609
 31
0.0
 40
0.3793392954266892
 41
0.0
 42
0.2250170532060027
 43
0.175
 71
     2
 72
     1
 44
0.3793392954266892
 45
12.5
 73
     0
 74
     0
 46
0.0
  0
LINE
  5
6FA
330
1F
100
AcDbEntity
  8
chajja
  6
ACAD_ISO03W100
 48
0.002
370
     0
100
AcDbLine
 10
10794.80191149852
 20
11245.08951212866
 30
0.0
 11
10794.22952446928
 21
11245.08951212866
 31
0.0
  0
LINE
  5
6FB
330
1F
100
AcDbEntity
  8
chajja
  6
ACAD_ISO03W100
 48
0.002
370
     0
100
AcDbLine
 10
10794.80191149856
 20
11245.88951212866
 30
0.0
 11
10794.22952446928
 21
11245.88951212866
 31
0.0
  0
LINE
  5
6FC
330
1F
100
AcDbEntity
  8
chajja
  6
ACAD_ISO03W100
 48
0.002
370
     0
100
AcDbLine
 10
10794.22952446928
 20
11245.08951212866
 30
0.0
 11
10794.22952446928
 21
11245.88951212866
 31
0.0
  0
MTEXT
  5
6FD
330
1F
100
AcDbEntity
  8
0
  6
ACAD_ISO02W100
 48
2.0
370
     0
100
AcDbMText
 10
10794.51192755803
 20
11245.33040490412
 30
0.0
 40
0.175
 41
0.3793392954266892
 46
0.0
 71
     1
 72
     5
  1
\pxqc;W
 11
0.0000000000000001
 21
1.0
 31
0.0
 73
     1
 44
1.0
101
Embedded Object
 70
     1
 10
0.0000000000000001
 20
1.0
 30
0.0
 11
10794.51192755803
 21
11245.33040490412
 31
0.0
 40
0.3793392954266892
 41
0.0
 42
0.2250170532060027
 43
0.175
 71
     2
 72
     1
 44
0.3793392954266892
 45
12.5
 73
     0
 74
     0
 46
0.0
  0
LINE
  5
6FE
330
1F
100
AcDbEntity
  8
chajja
  6
ACAD_ISO03W100
 48
0.002
370
     0
100
AcDbLine
 10
10794.79926967617
 20
11237.5978290903
 30
0.0
 11
10794.22688264694
 21
11237.5978290903
 31
0.0
  0
LINE
  5
6FF
330
1F
100
AcDbEntity
  8
chajja
  6
ACAD_ISO03W100
 48
0.002
370
     0
100
AcDbLine
 10
10794.79926967622
 20
11238.3978290903
 30
0.0
 11
10794.22688264694
 21
11238.3978290903
 31
0.0
  0
LINE
  5
700
330
1F
100
AcDbEntity
  8
chajja
  6
ACAD_ISO03W100
 48
0.002
370
     0
100
AcDbLine
 10
10794.22688264694
 20
11237.5978290903
 30
0.0
 11
10794.22688264694
 21
11238.3978290903
 31
0.0
  0
MTEXT
  5
701
330
1F
100
AcDbEntity
  8
0
  6
ACAD_ISO02W100
 48
2.0
370
     0
100
AcDbMText
 10
10794.50928573569
 20
11237.83872186576
 30
0.0
 40
0.175
 41
0.3793392954266892
 46
0.0
 71
     1
 72
     5
  1
\pxqc;W
 11
0.0000000000000001
 21
1.0
 31
0.0
 73
     1
 44
1.0
101
Embedded Object
 70
     1
 10
0.0000000000000001
 20
1.0
 30
0.0
 11
10794.50928573569
 21
11237.83872186576
 31
0.0
 40
0.3793392954266892
 41
0.0
 42
0.2250170532060027
 43
0.175
 71
     2
 72
     1
 44
0.3793392954266892
 45
12.5
 73
     0
 74
     0
 46
0.0
  0
LINE
  5
703
330
1F
100
AcDbEntity
  8
window
370
   100
100
AcDbLine
 10
10829.90455332086
 20
11234.79219779213
 30
0.0
 11
10829.60455332067
 21
11234.79219779213
 31
0.0
  0
LINE
  5
708
330
1F
100
AcDbEntity
  8
window
370
   100
100
AcDbLine
 10
10829.90455332086
 20
11234.79219779213
 30
0.0
 11
10829.60455332067
 21
11234.79219779213
 31
0.0
  0
LINE
  5
70D
330
1F
100
AcDbEntity
  8
window
370
   100
100
AcDbLine
 10
10829.90455332086
 20
11234.79219779213
 30
0.0
 11
10829.60455332067
 21
11234.79219779213
 31
0.0
  0
LINE
  5
712
330
1F
100
AcDbEntity
  8
window
370
   100
100
AcDbLine
 10
10829.90455332086
 20
11234.79219779213
 30
0.0
 11
10829.60455332067
 21
11234.79219779213
 31
0.0
  0
LINE
  5
725
330
1F
100
AcDbEntity
  8
window
370
   100
100
AcDbLine
 10
10829.61960171654
 20
11250.83690398132
 30
0.0
 11
10829.91960171672
 21
11250.83690398132
 31
0.0
  0
LINE
  5
726
330
1F
100
AcDbEntity
  8
window
370
   100
100
AcDbLine
 10
10829.91960171672
 20
11250.03690398132
 30
0.0
 11
10829.61960171654
 21
11250.03690398132
 31
0.0
  0
LINE
  5
727
330
1F
100
AcDbEntity
  8
window
370
   100
100
AcDbLine
 10
10829.91960171672
 20
11250.83690398132
 30
0.0
 11
10829.76960171672
 21
11250.83690398132
 31
0.0
  0
LINE
  5
728
330
1F
100
AcDbEntity
  8
window
370
   100
100
AcDbLine
 10
10829.75960171672
 20
11250.83690398132
 30
0.0
 11
10829.75960171672
 21
11250.03690398132
 31
0.0
  0
LINE
  5
729
330
1F
100
AcDbEntity
  8
window
370
   100
100
AcDbLine
 10
10829.77960171672
 20
11250.83690398132
 30
0.0
 11
10829.77960171672
 21
11250.03690398132
 31
0.0
  0
LINE
  5
72A
330
1F
100
AcDbEntity
  8
window
370
   100
100
AcDbLine
 10
10829.59674956537
 20
11263.62542792931
 30
0.0
 11
10829.89674956555
 21
11263.62542792931
 31
0.0
  0
LINE
  5
72B
330
1F
100
AcDbEntity
  8
window
370
   100
100
AcDbLine
 10
10829.89674956555
 20
11262.82542792931
 30
0.0
 11
10829.59674956536
 21
11262.82542792931
 31
0.0
  0
LINE
  5
72C
330
1F
100
AcDbEntity
  8
window
370
   100
100
AcDbLine
 10
10829.89674956555
 20
11263.62542792931
 30
0.0
 11
10829.74674956555
 21
11263.62542792931
 31
0.0
  0
LINE
  5
72D
330
1F
100
AcDbEntity
  8
window
370
   100
100
AcDbLine
 10
10829.73674956555
 20
11263.62542792931
 30
0.0
 11
10829.73674956555
 21
11262.82542792931
 31
0.0
  0
LINE
  5
72E
330
1F
100
AcDbEntity
  8
window
370
   100
100
AcDbLine
 10
10829.75674956555
 20
11263.62542792931
 30
0.0
 11
10829.75674956555
 21
11262.82542792931
 31
0.0
  0
LINE
  5
72F
330
1F
100
AcDbEntity
  8
window
370
   100
100
AcDbLine
 10
10829.59796697116
 20
11266.80680036485
 30
0.0
 11
10829.89796697134
 21
11266.80680036485
 31
0.0
  0
LINE
  5
730
330
1F
100
AcDbEntity
  8
window
370
   100
100
AcDbLine
 10
10829.89796697134
 20
11266.00680036485
 30
0.0
 11
10829.59796697116
 21
11266.00680036485
 31
0.0
  0
LINE
  5
731
330
1F
100
AcDbEntity
  8
window
370
   100
100
AcDbLine
 10
10829.89796697134
 20
11266.80680036485
 30
0.0
 11
10829.74796697134
 21
11266.80680036485
 31
0.0
  0
LINE
  5
732
330
1F
100
AcDbEntity
  8
window
370
   100
100
AcDbLine
 10
10829.73796697134
 20
11266.80680036485
 30
0.0
 11
10829.73796697134
 21
11266.00680036485
 31
0.0
  0
LINE
  5
733
330
1F
100
AcDbEntity
  8
window
370
   100
100
AcDbLine
 10
10829.75796697134
 20
11266.80680036485
 30
0.0
 11
10829.75796697134
 21
11266.00680036485
 31
0.0
  0
LINE
  5
734
330
1F
100
AcDbEntity
  8
window
370
   100
100
AcDbLine
 10
10829.59443443096
 20
11270.09633549197
 30
0.0
 11
10829.89443443113
 21
11270.09633549197
 31
0.0
  0
LINE
  5
735
330
1F
100
AcDbEntity
  8
window
370
   100
100
AcDbLine
 10
10829.89443443113
 20
11269.29633549197
 30
0.0
 11
10829.59443443095
 21
11269.29633549197
 31
0.0
  0
LINE
  5
736
330
1F
100
AcDbEntity
  8
window
370
   100
100
AcDbLine
 10
10829.89443443113
 20
11270.09633549197
 30
0.0
 11
10829.74443443113
 21
11270.09633549197
 31
0.0
  0
LINE
  5
737
330
1F
100
AcDbEntity
  8
window
370
   100
100
AcDbLine
 10
10829.73443443113
 20
11270.09633549197
 30
0.0
 11
10829.73443443113
 21
11269.29633549197
 31
0.0
  0
LINE
  5
738
330
1F
100
AcDbEntity
  8
window
370
   100
100
AcDbLine
 10
10829.75443443114
 20
11270.09633549197
 30
0.0
 11
10829.75443443114
 21
11269.29633549197
 31
0.0
  0
LINE
  5
739
330
1F
100
AcDbEntity
  8
chajja
  6
ACAD_ISO03W100
 48
0.002
370
     0
100
AcDbLine
 10
10829.91960171676
 20
11250.83690398132
 30
0.0
 11
10830.491988746
 21
11250.83690398132
 31
0.0
  0
LINE
  5
73A
330
1F
100
AcDbEntity
  8
chajja
  6
ACAD_ISO03W100
 48
0.002
370
     0
100
AcDbLine
 10
10829.91960171672
 20
11250.03690398132
 30
0.0
 11
10830.491988746
 21
11250.03690398132
 31
0.0
  0
LINE
  5
73B
330
1F
100
AcDbEntity
  8
chajja
  6
ACAD_ISO03W100
 48
0.002
370
     0
100
AcDbLine
 10
10830.491988746
 20
11250.83690398132
 30
0.0
 11
10830.491988746
 21
11250.03690398133
 31
0.0
  0
MTEXT
  5
73C
330
1F
100
AcDbEntity
  8
0
  6
ACAD_ISO02W100
 48
2.0
370
     0
100
AcDbMText
 10
10830.20958565725
 20
11250.59601120587
 30
0.0
 40
0.175
 41
0.3793392954266892
 46
0.0
 71
     1
 72
     5
  1
\pxqc;W
 11
-0.0000000000000002
 21
-1.0
 31
0.0
 73
     1
 44
1.0
101
Embedded Object
 70
     1
 10
-0.0000000000000002
 20
-1.0
 30
0.0
 11
10830.20958565725
 21
11250.59601120587
 31
0.0
 40
0.3793392954266892
 41
0.0
 42
0.2250170532060027
 43
0.175
 71
     2
 72
     1
 44
0.3793392954266892
 45
12.5
 73
     0
 74
     0
 46
0.0
  0
LINE
  5
73D
330
1F
100
AcDbEntity
  8
chajja
  6
ACAD_ISO03W100
 48
0.002
370
     0
100
AcDbLine
 10
10829.91179796145
 20
11263.62542792931
 30
0.0
 11
10830.48418499069
 21
11263.62542792931
 31
0.0
  0
LINE
  5
73E
330
1F
100
AcDbEntity
  8
chajja
  6
ACAD_ISO03W100
 48
0.002
370
     0
100
AcDbLine
 10
10829.91179796141
 20
11262.82542792931
 30
0.0
 11
10830.48418499069
 21
11262.82542792931
 31
0.0
  0
LINE
  5
73F
330
1F
100
AcDbEntity
  8
chajja
  6
ACAD_ISO03W100
 48
0.002
370
     0
100
AcDbLine
 10
10830.48418499069
 20
11263.62542792931
 30
0.0
 11
10830.48418499069
 21
11262.82542792931
 31
0.0
  0
MTEXT
  5
740
330
1F
100
AcDbEntity
  8
0
  6
ACAD_ISO02W100
 48
2.0
370
     0
100
AcDbMText
 10
10830.20178190194
 20
11263.38453515386
 30
0.0
 40
0.175
 41
0.3793392954266892
 46
0.0
 71
     1
 72
     5
  1
\pxqc;W
 11
-0.0000000000000002
 21
-1.0
 31
0.0
 73
     1
 44
1.0
101
Embedded Object
 70
     1
 10
-0.0000000000000002
 20
-1.0
 30
0.0
 11
10830.20178190194
 21
11263.38453515386
 31
0.0
 40
0.3793392954266892
 41
0.0
 42
0.2250170532060027
 43
0.175
 71
     2
 72
     1
 44
0.3793392954266892
 45
12.5
 73
     0
 74
     0
 46
0.0
  0
LINE
  5
741
330
1F
100
AcDbEntity
  8
chajja
  6
ACAD_ISO03W100
 48
0.002
370
     0
100
AcDbLine
 10
10829.91301536725
 20
11266.80680036485
 30
0.0
 11
10830.48540239649
 21
11266.80680036485
 31
0.0
  0
LINE
  5
742
330
1F
100
AcDbEntity
  8
chajja
  6
ACAD_ISO03W100
 48
0.002
370
     0
100
AcDbLine
 10
10829.9130153672
 20
11266.00680036485
 30
0.0
 11
10830.48540239649
 21
11266.00680036485
 31
0.0
  0
LINE
  5
743
330
1F
100
AcDbEntity
  8
chajja
  6
ACAD_ISO03W100
 48
0.002
370
     0
100
AcDbLine
 10
10830.48540239649
 20
11266.80680036485
 30
0.0
 11
10830.48540239648
 21
11266.00680036485
 31
0.0
  0
MTEXT
  5
744
330
1F
100
AcDbEntity
  8
0
  6
ACAD_ISO02W100
 48
2.0
370
     0
100
AcDbMText
 10
10830.20299930773
 20
11266.56590758939
 30
0.0
 40
0.175
 41
0.3793392954266892
 46
0.0
 71
     1
 72
     5
  1
\pxqc;W
 11
-0.0000000000000002
 21
-1.0
 31
0.0
 73
     1
 44
1.0
101
Embedded Object
 70
     1
 10
-0.0000000000000002
 20
-1.0
 30
0.0
 11
10830.20299930773
 21
11266.56590758939
 31
0.0
 40
0.3793392954266892
 41
0.0
 42
0.2250170532060027
 43
0.175
 71
     2
 72
     1
 44
0.3793392954266892
 45
12.5
 73
     0
 74
     0
 46
0.0
  0
LINE
  5
745
330
1F
100
AcDbEntity
  8
chajja
  6
ACAD_ISO03W100
 48
0.002
370
     0
100
AcDbLine
 10
10829.90948282704
 20
11270.09633549197
 30
0.0
 11
10830.48186985628
 21
11270.09633549197
 31
0.0
  0
LINE
  5
746
330
1F
100
AcDbEntity
  8
chajja
  6
ACAD_ISO03W100
 48
0.002
370
     0
100
AcDbLine
 10
10829.909482827
 20
11269.29633549197
 30
0.0
 11
10830.48186985628
 21
11269.29633549197
 31
0.0
  0
LINE
  5
747
330
1F
100
AcDbEntity
  8
chajja
  6
ACAD_ISO03W100
 48
0.002
370
     0
100
AcDbLine
 10
10830.48186985628
 20
11270.09633549197
 30
0.0
 11
10830.48186985628
 21
11269.29633549197
 31
0.0
  0
MTEXT
  5
748
330
1F
100
AcDbEntity
  8
0
  6
ACAD_ISO02W100
 48
2.0
370
     0
100
AcDbMText
 10
10830.19946676753
 20
11269.85544271651
 30
0.0
 40
0.175
 41
0.3793392954266892
 46
0.0
 71
     1
 72
     5
  1
\pxqc;W
 11
-0.0000000000000002
 21
-1.0
 31
0.0
 73
     1
 44
1.0
101
Embedded Object
 70
     1
 10
-0.0000000000000002
 20
-1.0
 30
0.0
 11
10830.19946676753
 21
11269.85544271651
 31
0.0
 40
0.3793392954266892
 41
0.0
 42
0.2250170532060027
 43
0.175
 71
     2
 72
     1
 44
0.3793392954266892
 45
12.5
 73
     0
 74
     0
 46
0.0
  0
LINE
  5
74A
330
1F
100
AcDbEntity
  8
0
  6
Continuous
 48
2.0
370
   100
100
AcDbLine
 10
10794.80455332086
 20
11298.9776202029
 30
0.0
 11
10794.80455332086
 21
11308.9776202029
 31
0.0
  0
LINE
  5
74B
330
1F
100
AcDbEntity
  8
0
100
AcDbLine
 10
11092.90048153267
 20
11275.29219779213
 30
0.0
 11
11092.90048153267
 21
11234.79219779213
 31
0.0
  0
LINE
  5
74C
330
1F
100
AcDbEntity
  8
0
100
AcDbLine
 10
11092.90048153267
 20
11234.79219779213
 30
0.0
 11
11127.40048153267
 21
11234.79219779213
 31
0.0
  0
LINE
  5
74D
330
1F
100
AcDbEntity
  8
0
100
AcDbLine
 10
11127.40048153267
 20
11234.79219779213
 30
0.0
 11
11127.40048153267
 21
11275.29219779213
 31
0.0
  0
LINE
  5
74E
330
1F
100
AcDbEntity
  8
0
100
AcDbLine
 10
11112.2309612626
 20
11275.29219779213
 30
0.0
 11
11092.90048153267
 21
11275.29219779213
 31
0.0
  0
LINE
  5
751
330
1F
100
AcDbEntity
  8
0
100
AcDbLine
 10
11092.60048153267
 20
11234.79219779213
 30
0.0
 11
11092.60048153267
 21
11275.59219779213
 31
0.0
  0
LINE
  5
752
330
1F
100
AcDbEntity
  8
0
100
AcDbLine
 10
11092.60048153267
 20
11275.59219779235
 30
0.0
 11
11112.2309612626
 21
11275.59219779223
 31
0.0
  0
LINE
  5
753
330
1F
100
AcDbEntity
  8
0
100
AcDbLine
 10
11127.70048153267
 20
11234.79219779213
 30
0.0
 11
11127.70048153267
 21
11275.59219779213
 31
0.0
  0
LINE
  5
75B
330
1F
100
AcDbEntity
  8
0
100
AcDbLine
 10
11120.00048153267
 20
11251.49219779213
 30
0.0
 11
11120.00048153267
 21
11251.29219779214
 31
0.0
  0
LINE
  5
790
330
1F
100
AcDbEntity
  8
0
100
AcDbLine
 10
11127.40048153267
 20
11275.29219779213
 30
0.0
 11
11123.40048153267
 21
11275.29219779213
 31
0.0
  0
LINE
  5
7B9
330
1F
100
AcDbEntity
  8
0
100
AcDbLine
 10
11092.90048153267
 20
11275.29219779213
 30
0.0
 11
11092.90048153267
 21
11275.59219779234
 31
0.0
  0
HATCH
  5
7CB
330
1F
100
AcDbEntity
  8
column
  6
ACAD_ISO02W100
440
 33554687
370
   100
100
AcDbHatch
 10
0.0
 20
0.0
 30
0.0
210
0.0
220
0.0
230
1.0
  2
SOLID
 70
     1
 71
     0
 91
        1
 92
        1
 93
        4
 72
     1
 10
11127.70048153267
 20
11275.59219779213
 11
11126.95048153267
 21
11275.59219779213
 72
     1
 10
11126.95048153267
 20
11275.59219779213
 11
11126.95048153267
 21
11274.84219779213
 72
     1
 10
11126.95048153267
 20
11274.84219779213
 11
11127.70048153267
 21
11274.84219779213
 72
     1
 10
11127.70048153267
 20
11274.84219779213
 11
11127.70048153267
 21
11275.59219779213
 97
        0
 75
     1
 76
     1
 98
        1
 10
296.317931744903
 20
-0.3293534997901588
450
        0
451
        0
460
0.0
461
0.0
452
        0
462
0.0
453
        2
463
0.0
 63
     5
421
      255
463
1.0
 63
     2
421
 16776960
470
LINEAR
1001
GradientColor1ACI
1070
     5
1001
GradientColor2ACI
1070
     2
1001
ACAD
1010
0.0
1020
0.0
1030
0.0
  0
HATCH
  5
7CC
330
1F
100
AcDbEntity
  8
column
  6
ACAD_ISO02W100
440
 33554687
370
   100
100
AcDbHatch
 10
0.0
 20
0.0
 30
0.0
210
0.0
220
0.0
230
1.0
  2
SOLID
 70
     1
 71
     0
 91
        1
 92
        1
 93
        4
 72
     1
 10
11127.70048153267
 20
11275.59219779213
 11
11126.95048153267
 21
11275.59219779213
 72
     1
 10
11126.95048153267
 20
11275.59219779213
 11
11126.95048153267
 21
11274.84219779213
 72
     1
 10
11126.95048153267
 20
11274.84219779213
 11
11127.70048153267
 21
11274.84219779213
 72
     1
 10
11127.70048153267
 20
11274.84219779213
 11
11127.70048153267
 21
11275.59219779213
 97
        0
 75
     1
 76
     1
 98
        1
 10
296.3179317449048
 20
-0.3293534997883398
450
        0
451
        0
460
0.0
461
0.0
452
        0
462
0.0
453
        2
463
0.0
 63
     5
421
      255
463
1.0
 63
     2
421
 16776960
470
LINEAR
1001
GradientColor1ACI
1070
     5
1001
GradientColor2ACI
1070
     2
1001
ACAD
1010
0.0
1020
0.0
1030
0.0
  0
HATCH
  5
7CD
330
1F
100
AcDbEntity
  8
column
  6
ACAD_ISO02W100
440
 33554687
370
   100
100
AcDbHatch
 10
0.0
 20
0.0
 30
0.0
210
0.0
220
0.0
230
1.0
  2
SOLID
 70
     1
 71
     0
 91
        1
 92
        1
 93
        4
 72
     1
 10
11127.70048153267
 20
11275.59219779213
 11
11126.95048153267
 21
11275.59219779213
 72
     1
 10
11126.95048153267
 20
11275.59219779213
 11
11126.95048153267
 21
11274.84219779213
 72
     1
 10
11126.95048153267
 20
11274.84219779213
 11
11127.70048153267
 21
11274.84219779213
 72
     1
 10
11127.70048153267
 20
11274.84219779213
 11
11127.70048153267
 21
11275.59219779213
 97
        0
 75
     1
 76
     1
 98
        1
 10
296.3179317449048
 20
-0.3293534997883398
450
        0
451
        0
460
0.0
461
0.0
452
        0
462
0.0
453
        2
463
0.0
 63
     5
421
      255
463
1.0
 63
     2
421
 16776960
470
LINEAR
1001
GradientColor1ACI
1070
     5
1001
GradientColor2ACI
1070
     2
1001
ACAD
1010
0.0
1020
0.0
1030
0.0
  0
HATCH
  5
7CE
330
1F
100
AcDbEntity
  8
column
  6
ACAD_ISO02W100
440
 33554687
370
   100
100
AcDbHatch
 10
0.0
 20
0.0
 30
0.0
210
0.0
220
0.0
230
1.0
  2
SOLID
 70
     1
 71
     0
 91
        1
 92
        1
 93
        4
 72
     1
 10
11127.70048153267
 20
11275.59219779213
 11
11126.95048153267
 21
11275.59219779213
 72
     1
 10
11126.95048153267
 20
11275.59219779213
 11
11126.95048153267
 21
11274.84219779213
 72
     1
 10
11126.95048153267
 20
11274.84219779213
 11
11127.70048153267
 21
11274.84219779213
 72
     1
 10
11127.70048153267
 20
11274.84219779213
 11
11127.70048153267
 21
11275.59219779213
 97
        0
 75
     1
 76
     1
 98
        1
 10
296.3179317449048
 20
-0.3293534997883398
450
        0
451
        0
460
0.0
461
0.0
452
        0
462
0.0
453
        2
463
0.0
 63
     5
421
      255
463
1.0
 63
     2
421
 16776960
470
LINEAR
1001
GradientColor1ACI
1070
     5
1001
GradientColor2ACI
1070
     2
1001
ACAD
1010
0.0
1020
0.0
1030
0.0
  0
HATCH
  5
7D0
330
1F
100
AcDbEntity
  8
column
  6
ACAD_ISO02W100
440
 33554687
370
   100
100
AcDbHatch
 10
0.0
 20
0.0
 30
0.0
210
0.0
220
0.0
230
1.0
  2
SOLID
 70
     1
 71
     0
 91
        1
 92
        1
 93
        4
 72
     1
 10
11127.70048153267
 20
11261.99219779213
 11
11126.95048153267
 21
11261.99219779213
 72
     1
 10
11126.95048153267
 20
11261.99219779213
 11
11126.95048153267
 21
11261.24219779213
 72
     1
 10
11126.95048153267
 20
11261.24219779213
 11
11127.70048153267
 21
11261.24219779213
 72
     1
 10
11127.70048153267
 20
11261.24219779213
 11
11127.70048153267
 21
11261.99219779213
 97
        0
 75
     1
 76
     1
 98
        1
 10
296.3179317449048
 20
-13.92935349979052
450
        0
451
        0
460
0.0
461
0.0
452
        0
462
0.0
453
        2
463
0.0
 63
     5
421
      255
463
1.0
 63
     2
421
 16776960
470
LINEAR
1001
GradientColor1ACI
1070
     5
1001
GradientColor2ACI
1070
     2
1001
ACAD
1010
0.0
1020
0.0
1030
0.0
  0
HATCH
  5
7D3
330
1F
100
AcDbEntity
  8
column
  6
ACAD_ISO02W100
440
 33554687
370
   100
100
AcDbHatch
 10
0.0
 20
0.0
 30
0.0
210
0.0
220
0.0
230
1.0
  2
SOLID
 70
     1
 71
     0
 91
        1
 92
        1
 93
        4
 72
     1
 10
11120.50048153267
 20
11275.59219779213
 11
11119.75048153267
 21
11275.59219779213
 72
     1
 10
11119.75048153267
 20
11275.59219779213
 11
11119.75048153267
 21
11274.84219779213
 72
     1
 10
11119.75048153267
 20
11274.84219779213
 11
11120.50048153267
 21
11274.84219779213
 72
     1
 10
11120.50048153267
 20
11274.84219779213
 11
11120.50048153267
 21
11275.59219779213
 97
        0
 75
     1
 76
     1
 98
        1
 10
289.1179317449041
 20
-0.3293534997883398
450
        0
451
        0
460
0.0
461
0.0
452
        0
462
0.0
453
        2
463
0.0
 63
     5
421
      255
463
1.0
 63
     2
421
 16776960
470
LINEAR
1001
GradientColor1ACI
1070
     5
1001
GradientColor2ACI
1070
     2
1001
ACAD
1010
0.0
1020
0.0
1030
0.0
  0
HATCH
  5
7D5
330
1F
100
AcDbEntity
  8
column
  6
ACAD_ISO02W100
440
 33554687
370
   100
100
AcDbHatch
 10
0.0
 20
0.0
 30
0.0
210
0.0
220
0.0
230
1.0
  2
SOLID
 70
     1
 71
     0
 91
        1
 92
        1
 93
        4
 72
     1
 10
11116.54169212178
 20
11275.59219779213
 11
11115.79169212178
 21
11275.59219779213
 72
     1
 10
11115.79169212178
 20
11275.59219779213
 11
11115.79169212178
 21
11274.84219779213
 72
     1
 10
11115.79169212178
 20
11274.84219779213
 11
11116.54169212178
 21
11274.84219779213
 72
     1
 10
11116.54169212178
 20
11274.84219779213
 11
11116.54169212178
 21
11275.59219779213
 97
        0
 75
     1
 76
     1
 98
        1
 10
285.1591423340087
 20
-0.3293534997883398
450
        0
451
        0
460
0.0
461
0.0
452
        0
462
0.0
453
        2
463
0.0
 63
     5
421
      255
463
1.0
 63
     2
421
 16776960
470
LINEAR
1001
GradientColor1ACI
1070
     5
1001
GradientColor2ACI
1070
     2
1001
ACAD
1010
0.0
1020
0.0
1030
0.0
  0
HATCH
  5
7D7
330
1F
100
AcDbEntity
  8
column
  6
ACAD_ISO02W100
440
 33554687
370
   100
100
AcDbHatch
 10
0.0
 20
0.0
 30
0.0
210
0.0
220
0.0
230
1.0
  2
SOLID
 70
     1
 71
     0
 91
        1
 92
        1
 93
        4
 72
     1
 10
11127.70048153267
 20
11265.16335423114
 11
11126.95048153267
 21
11265.16335423114
 72
     1
 10
11126.95048153267
 20
11265.16335423114
 11
11126.95048153267
 21
11264.41335423114
 72
     1
 10
11126.95048153267
 20
11264.41335423114
 11
11127.70048153267
 21
11264.41335423114
 72
     1
 10
11127.70048153267
 20
11264.41335423114
 11
11127.70048153267
 21
11265.16335423114
 97
        0
 75
     1
 76
     1
 98
        1
 10
296.3179317449048
 20
-10.75819706077709
450
        0
451
        0
460
0.0
461
0.0
452
        0
462
0.0
453
        2
463
0.0
 63
     5
421
      255
463
1.0
 63
     2
421
 16776960
470
LINEAR
1001
GradientColor1ACI
1070
     5
1001
GradientColor2ACI
1070
     2
1001
ACAD
1010
0.0
1020
0.0
1030
0.0
  0
HATCH
  5
7D9
330
1F
100
AcDbEntity
  8
column
  6
ACAD_ISO02W100
440
 33554687
370
   100
100
AcDbHatch
 10
0.0
 20
0.0
 30
0.0
210
0.0
220
0.0
230
1.0
  2
SOLID
 70
     1
 71
     0
 91
        1
 92
        1
 93
        4
 72
     1
 10
11127.70048153267
 20
11268.3832446212
 11
11126.95048153267
 21
11268.3832446212
 72
     1
 10
11126.95048153267
 20
11268.3832446212
 11
11126.95048153267
 21
11267.6332446212
 72
     1
 10
11126.95048153267
 20
11267.6332446212
 11
11127.70048153267
 21
11267.6332446212
 72
     1
 10
11127.70048153267
 20
11267.6332446212
 11
11127.70048153267
 21
11268.3832446212
 97
        0
 75
     1
 76
     1
 98
        1
 10
296.3179317449048
 20
-7.538306670719975
450
        0
451
        0
460
0.0
461
0.0
452
        0
462
0.0
453
        2
463
0.0
 63
     5
421
      255
463
1.0
 63
     2
421
 16776960
470
LINEAR
1001
GradientColor1ACI
1070
     5
1001
GradientColor2ACI
1070
     2
1001
ACAD
1010
0.0
1020
0.0
1030
0.0
  0
HATCH
  5
7DD
330
1F
100
AcDbEntity
  8
column
  6
ACAD_ISO02W100
440
 33554687
370
   100
100
AcDbHatch
 10
0.0
 20
0.0
 30
0.0
210
0.0
220
0.0
230
1.0
  2
SOLID
 70
     1
 71
     0
 91
        1
 92
        1
 93
        4
 72
     1
 10
11127.70048153267
 20
11275.59219779213
 11
11126.95048153267
 21
11275.59219779213
 72
     1
 10
11126.95048153267
 20
11275.59219779213
 11
11126.95048153267
 21
11274.84219779213
 72
     1
 10
11126.95048153267
 20
11274.84219779213
 11
11127.70048153267
 21
11274.84219779213
 72
     1
 10
11127.70048153267
 20
11274.84219779213
 11
11127.70048153267
 21
11275.59219779213
 97
        0
 75
     1
 76
     1
 98
        1
 10
296.3179317449048
 20
-0.3293534997883398
450
        0
451
        0
460
0.0
461
0.0
452
        0
462
0.0
453
        2
463
0.0
 63
     5
421
      255
463
1.0
 63
     2
421
 16776960
470
LINEAR
1001
GradientColor1ACI
1070
     5
1001
GradientColor2ACI
1070
     2
1001
ACAD
1010
0.0
1020
0.0
1030
0.0
  0
HATCH
  5
7DE
330
1F
100
AcDbEntity
  8
column
  6
ACAD_ISO02W100
440
 33554687
370
   100
100
AcDbHatch
 10
0.0
 20
0.0
 30
0.0
210
0.0
220
0.0
230
1.0
  2
SOLID
 70
     1
 71
     0
 91
        1
 92
        1
 93
        4
 72
     1
 10
11127.70048153267
 20
11275.59219779213
 11
11126.95048153267
 21
11275.59219779213
 72
     1
 10
11126.95048153267
 20
11275.59219779213
 11
11126.95048153267
 21
11274.84219779213
 72
     1
 10
11126.95048153267
 20
11274.84219779213
 11
11127.70048153267
 21
11274.84219779213
 72
     1
 10
11127.70048153267
 20
11274.84219779213
 11
11127.70048153267
 21
11275.59219779213
 97
        0
 75
     1
 76
     1
 98
        1
 10
296.3179317449048
 20
-0.3293534997883398
450
        0
451
        0
460
0.0
461
0.0
452
        0
462
0.0
453
        2
463
0.0
 63
     5
421
      255
463
1.0
 63
     2
421
 16776960
470
LINEAR
1001
GradientColor1ACI
1070
     5
1001
GradientColor2ACI
1070
     2
1001
ACAD
1010
0.0
1020
0.0
1030
0.0
  0
HATCH
  5
7DF
330
1F
100
AcDbEntity
  8
column
  6
ACAD_ISO02W100
440
 33554687
370
   100
100
AcDbHatch
 10
0.0
 20
0.0
 30
0.0
210
0.0
220
0.0
230
1.0
  2
SOLID
 70
     1
 71
     0
 91
        1
 92
        1
 93
        4
 72
     1
 10
11127.70048153267
 20
11275.59219779213
 11
11126.95048153267
 21
11275.59219779213
 72
     1
 10
11126.95048153267
 20
11275.59219779213
 11
11126.95048153267
 21
11274.84219779213
 72
     1
 10
11126.95048153267
 20
11274.84219779213
 11
11127.70048153267
 21
11274.84219779213
 72
     1
 10
11127.70048153267
 20
11274.84219779213
 11
11127.70048153267
 21
11275.59219779213
 97
        0
 75
     1
 76
     1
 98
        1
 10
296.3179317449048
 20
-0.3293534997883398
450
        0
451
        0
460
0.0
461
0.0
452
        0
462
0.0
453
        2
463
0.0
 63
     5
421
      255
463
1.0
 63
     2
421
 16776960
470
LINEAR
1001
GradientColor1ACI
1070
     5
1001
GradientColor2ACI
1070
     2
1001
ACAD
1010
0.0
1020
0.0
1030
0.0
  0
HATCH
  5
7E0
330
1F
100
AcDbEntity
  8
column
  6
ACAD_ISO02W100
440
 33554687
370
   100
100
AcDbHatch
 10
0.0
 20
0.0
 30
0.0
210
0.0
220
0.0
230
1.0
  2
SOLID
 70
     1
 71
     0
 91
        1
 92
        1
 93
        4
 72
     1
 10
11127.70048153267
 20
11275.59219779213
 11
11126.95048153267
 21
11275.59219779213
 72
     1
 10
11126.95048153267
 20
11275.59219779213
 11
11126.95048153267
 21
11274.84219779213
 72
     1
 10
11126.95048153267
 20
11274.84219779213
 11
11127.70048153267
 21
11274.84219779213
 72
     1
 10
11127.70048153267
 20
11274.84219779213
 11
11127.70048153267
 21
11275.59219779213
 97
        0
 75
     1
 76
     1
 98
        1
 10
296.3179317449048
 20
-0.3293534997883398
450
        0
451
        0
460
0.0
461
0.0
452
        0
462
0.0
453
        2
463
0.0
 63
     5
421
      255
463
1.0
 63
     2
421
 16776960
470
LINEAR
1001
GradientColor1ACI
1070
     5
1001
GradientColor2ACI
1070
     2
1001
ACAD
1010
0.0
1020
0.0
1030
0.0
  0
HATCH
  5
7E1
330
1F
100
AcDbEntity
  8
column
  6
ACAD_ISO02W100
440
 33554687
370
   100
100
AcDbHatch
 10
0.0
 20
0.0
 30
0.0
210
0.0
220
0.0
230
1.0
  2
SOLID
 70
     1
 71
     0
 91
        1
 92
        1
 93
        4
 72
     1
 10
11127.70051068015
 20
11275.59223214119
 11
11126.95051068015
 21
11275.59223214119
 72
     1
 10
11126.95051068015
 20
11275.59223214119
 11
11126.95051068015
 21
11274.84223214119
 72
     1
 10
11126.95051068015
 20
11274.84223214119
 11
11127.70051068015
 21
11274.84223214119
 72
     1
 10
11127.70051068015
 20
11274.84223214119
 11
11127.70051068015
 21
11275.59223214119
 97
        0
 75
     1
 76
     1
 98
        1
 10
296.3179608923838
 20
-0.329319150729134
450
        0
451
        0
460
0.0
461
0.0
452
        0
462
0.0
453
        2
463
0.0
 63
     5
421
      255
463
1.0
 63
     2
421
 16776960
470
LINEAR
1001
GradientColor1ACI
1070
     5
1001
GradientColor2ACI
1070
     2
1001
ACAD
1010
0.0
1020
0.0
1030
0.0
  0
HATCH
  5
7E2
330
1F
100
AcDbEntity
  8
column
  6
ACAD_ISO02W100
440
 33554687
370
   100
100
AcDbHatch
 10
0.0
 20
0.0
 30
0.0
210
0.0
220
0.0
230
1.0
  2
SOLID
 70
     1
 71
     0
 91
        1
 92
        1
 93
        4
 72
     1
 10
11127.70048153267
 20
11275.59219779213
 11
11126.95048153267
 21
11275.59219779213
 72
     1
 10
11126.95048153267
 20
11275.59219779213
 11
11126.95048153267
 21
11274.84219779213
 72
     1
 10
11126.95048153267
 20
11274.84219779213
 11
11127.70048153267
 21
11274.84219779213
 72
     1
 10
11127.70048153267
 20
11274.84219779213
 11
11127.70048153267
 21
11275.59219779213
 97
        0
 75
     1
 76
     1
 98
        1
 10
296.3179317449048
 20
-0.3293534997883398
450
        0
451
        0
460
0.0
461
0.0
452
        0
462
0.0
453
        2
463
0.0
 63
     5
421
      255
463
1.0
 63
     2
421
 16776960
470
LINEAR
1001
GradientColor1ACI
1070
     5
1001
GradientColor2ACI
1070
     2
1001
ACAD
1010
0.0
1020
0.0
1030
0.0
  0
HATCH
  5
7E3
330
1F
100
AcDbEntity
  8
column
  6
ACAD_ISO02W100
440
 33554687
370
   100
100
AcDbHatch
 10
0.0
 20
0.0
 30
0.0
210
0.0
220
0.0
230
1.0
  2
SOLID
 70
     1
 71
     0
 91
        1
 92
        1
 93
        4
 72
     1
 10
11127.70048153267
 20
11275.59219779213
 11
11126.95048153267
 21
11275.59219779213
 72
     1
 10
11126.95048153267
 20
11275.59219779213
 11
11126.95048153267
 21
11274.84219779213
 72
     1
 10
11126.95048153267
 20
11274.84219779213
 11
11127.70048153267
 21
11274.84219779213
 72
     1
 10
11127.70048153267
 20
11274.84219779213
 11
11127.70048153267
 21
11275.59219779213
 97
        0
 75
     1
 76
     1
 98
        1
 10
296.3179317449048
 20
-0.3293534997883398
450
        0
451
        0
460
0.0
461
0.0
452
        0
462
0.0
453
        2
463
0.0
 63
     5
421
      255
463
1.0
 63
     2
421
 16776960
470
LINEAR
1001
GradientColor1ACI
1070
     5
1001
GradientColor2ACI
1070
     2
1001
ACAD
1010
0.0
1020
0.0
1030
0.0
  0
LINE
  5
7E4
330
1F
100
AcDbEntity
  8
0
  6
ACAD_ISO02W100
370
   100
100
AcDbLine
 10
11099.85048153267
 20
11275.5921977923
 30
0.0
 11
11100.60048153267
 21
11275.5921977923
 31
0.0
  0
LINE
  5
7E7
330
1F
100
AcDbEntity
  8
0
  6
ACAD_ISO02W100
370
   100
100
AcDbLine
 10
11092.90048153267
 20
11255.79219779213
 30
0.0
 11
11092.90048153267
 21
11255.79219779213
 31
0.0
  0
LINE
  5
7E8
330
1F
100
AcDbEntity
  8
0
  6
ACAD_ISO02W100
370
   100
100
AcDbLine
 10
11092.90048153267
 20
11255.79219779213
 30
0.0
 11
11092.90048153267
 21
11255.79219779213
 31
0.0
  0
HATCH
  5
7E9
330
1F
100
AcDbEntity
  8
column
  6
ACAD_ISO02W100
440
 33554687
370
   100
100
AcDbHatch
 10
0.0
 20
0.0
 30
0.0
210
0.0
220
0.0
230
1.0
  2
SOLID
 70
     1
 71
     0
 91
        1
 92
        1
 93
        4
 72
     1
 10
11103.50117188477
 20
11275.59219779213
 11
11102.75117188477
 21
11275.59219779213
 72
     1
 10
11102.75117188477
 20
11275.59219779213
 11
11102.75117188477
 21
11274.84219779213
 72
     1
 10
11102.75117188477
 20
11274.84219779213
 11
11103.50117188477
 21
11274.84219779213
 72
     1
 10
11103.50117188477
 20
11274.84219779213
 11
11103.50117188477
 21
11275.59219779213
 97
        0
 75
     1
 76
     1
 98
        1
 10
272.1186220970067
 20
-0.3293534997883398
450
        0
451
        0
460
0.0
461
0.0
452
        0
462
0.0
453
        2
463
0.0
 63
     5
421
      255
463
1.0
 63
     2
421
 16776960
470
LINEAR
1001
GradientColor1ACI
1070
     5
1001
GradientColor2ACI
1070
     2
1001
ACAD
1010
0.0
1020
0.0
1030
0.0
  0
HATCH
  5
7EA
330
1F
100
AcDbEntity
  8
column
  6
ACAD_ISO02W100
440
 33554687
370
   100
100
AcDbHatch
 10
0.0
 20
0.0
 30
0.0
210
0.0
220
0.0
230
1.0
  2
SOLID
 70
     1
 71
     0
 91
        1
 92
        1
 93
        4
 72
     1
 10
11110.89692188149
 20
11275.59219779213
 11
11110.14692188149
 21
11275.59219779213
 72
     1
 10
11110.14692188149
 20
11275.59219779213
 11
11110.14692188149
 21
11274.84219779213
 72
     1
 10
11110.14692188149
 20
11274.84219779213
 11
11110.89692188149
 21
11274.84219779213
 72
     1
 10
11110.89692188149
 20
11274.84219779213
 11
11110.89692188149
 21
11275.59219779213
 97
        0
 75
     1
 76
     1
 98
        1
 10
279.5143720937231
 20
-0.3293534997883398
450
        0
451
        0
460
0.0
461
0.0
452
        0
462
0.0
453
        2
463
0.0
 63
     5
421
      255
463
1.0
 63
     2
421
 16776960
470
LINEAR
1001
GradientColor1ACI
1070
     5
1001
GradientColor2ACI
1070
     2
1001
ACAD
1010
0.0
1020
0.0
1030
0.0
  0
HATCH
  5
7F5
330
1F
100
AcDbEntity
  8
column
  6
ACAD_ISO02W100
440
 33554687
370
   100
100
AcDbHatch
 10
0.0
 20
0.0
 30
0.0
210
0.0
220
0.0
230
1.0
  2
SOLID
 70
     1
 71
     0
 91
        1
 92
        1
 93
        4
 72
     1
 10
11127.68962366439
 20
11256.07755127102
 11
11126.93962366439
 21
11256.07755127102
 72
     1
 10
11126.93962366439
 20
11256.07755127102
 11
11126.93962366439
 21
11255.32755127102
 72
     1
 10
11126.93962366439
 20
11255.32755127102
 11
11127.68962366439
 21
11255.32755127102
 72
     1
 10
11127.68962366439
 20
11255.32755127102
 11
11127.68962366439
 21
11256.07755127102
 97
        0
 75
     1
 76
     1
 98
        1
 10
296.3070738766255
 20
-19.84400002089933
450
        0
451
        0
460
0.0
461
0.0
452
        0
462
0.0
453
        2
463
0.0
 63
     5
421
      255
463
1.0
 63
     2
421
 16776960
470
LINEAR
1001
GradientColor1ACI
1070
     5
1001
GradientColor2ACI
1070
     2
1001
ACAD
1010
0.0
1020
0.0
1030
0.0
  0
LINE
  5
7F9
330
1F
100
AcDbEntity
  8
window
370
   100
100
AcDbLine
 10
11099.98263805861
 20
11275.59219779231
 30
0.0
 11
11099.98263805861
 21
11275.29219779213
 31
0.0
  0
LINE
  5
7FA
330
1F
100
AcDbEntity
  8
window
370
   100
100
AcDbLine
 10
11099.18263805862
 20
11275.29219779213
 30
0.0
 11
11099.18263805862
 21
11275.59219779232
 31
0.0
  0
LINE
  5
7FB
330
1F
100
AcDbEntity
  8
window
370
   100
100
AcDbLine
 10
11099.98263805861
 20
11275.29219779213
 30
0.0
 11
11099.98263805861
 21
11275.44219779213
 31
0.0
  0
LINE
  5
7FC
330
1F
100
AcDbEntity
  8
window
370
   100
100
AcDbLine
 10
11099.98263805861
 20
11275.45219779213
 30
0.0
 11
11099.18263805862
 21
11275.45219779213
 31
0.0
  0
LINE
  5
7FD
330
1F
100
AcDbEntity
  8
window
370
   100
100
AcDbLine
 10
11099.98263805861
 20
11275.43219779213
 30
0.0
 11
11099.18263805862
 21
11275.43219779213
 31
0.0
  0
LINE
  5
7FE
330
1F
100
AcDbEntity
  8
window
370
   100
100
AcDbLine
 10
11106.41520261639
 20
11275.59219779226
 30
0.0
 11
11106.41520261639
 21
11275.29219779213
 31
0.0
  0
LINE
  5
7FF
330
1F
100
AcDbEntity
  8
window
370
   100
100
AcDbLine
 10
11106.41520261639
 20
11275.59219779226
 30
0.0
 11
11106.41520261639
 21
11275.44219779226
 31
0.0
  0
LINE
  5
800
330
1F
100
AcDbEntity
  8
window
370
   100
100
AcDbLine
 10
11107.21520261638
 20
11275.59219779231
 30
0.0
 11
11107.21520261638
 21
11275.29219779213
 31
0.0
  0
LINE
  5
801
330
1F
100
AcDbEntity
  8
window
370
   100
100
AcDbLine
 10
11107.21520261638
 20
11275.29219779213
 30
0.0
 11
11107.21520261638
 21
11275.44219779213
 31
0.0
  0
LINE
  5
802
330
1F
100
AcDbEntity
  8
window
370
   100
100
AcDbLine
 10
11107.21520261638
 20
11275.45219779213
 30
0.0
 11
11106.41520261639
 21
11275.45219779213
 31
0.0
  0
LINE
  5
803
330
1F
100
AcDbEntity
  8
window
370
   100
100
AcDbLine
 10
11107.21520261638
 20
11275.43219779213
 30
0.0
 11
11106.41520261639
 21
11275.43219779213
 31
0.0
  0
HATCH
  5
80B
330
1F
100
AcDbEntity
  8
column
  6
ACAD_ISO02W100
440
 33554687
370
   100
100
AcDbHatch
 10
0.0
 20
0.0
 30
0.0
210
0.0
220
0.0
230
1.0
  2
SOLID
 70
     1
 71
     0
 91
        1
 92
        1
 93
        4
 72
     1
 10
11127.68962366439
 20
11249.57755127102
 11
11126.93962366439
 21
11249.57755127102
 72
     1
 10
11126.93962366439
 20
11249.57755127102
 11
11126.93962366439
 21
11248.82755127102
 72
     1
 10
11126.93962366439
 20
11248.82755127102
 11
11127.68962366439
 21
11248.82755127102
 72
     1
 10
11127.68962366439
 20
11248.82755127102
 11
11127.68962366439
 21
11249.57755127102
 97
        0
 75
     1
 76
     1
 98
        1
 10
296.3070738766255
 20
-26.34400002089933
450
        0
451
        0
460
0.0
461
0.0
452
        0
462
0.0
453
        2
463
0.0
 63
     5
421
      255
463
1.0
 63
     2
421
 16776960
470
LINEAR
1001
GradientColor1ACI
1070
     5
1001
GradientColor2ACI
1070
     2
1001
ACAD
1010
0.0
1020
0.0
1030
0.0
  0
HATCH
  5
80C
330
1F
100
AcDbEntity
  8
column
  6
ACAD_ISO02W100
440
 33554687
370
   100
100
AcDbHatch
 10
0.0
 20
0.0
 30
0.0
210
0.0
220
0.0
230
1.0
  2
SOLID
 70
     1
 71
     0
 91
        1
 92
        1
 93
        4
 72
     1
 10
11127.68962366439
 20
11247.37704697875
 11
11126.93962366439
 21
11247.37704697875
 72
     1
 10
11126.93962366439
 20
11247.37704697875
 11
11126.93962366439
 21
11246.62704697875
 72
     1
 10
11126.93962366439
 20
11246.62704697875
 11
11127.68962366439
 21
11246.62704697875
 72
     1
 10
11127.68962366439
 20
11246.62704697875
 11
11127.68962366439
 21
11247.37704697875
 97
        0
 75
     1
 76
     1
 98
        1
 10
296.3070738766255
 20
-28.54450431317128
450
        0
451
        0
460
0.0
461
0.0
452
        0
462
0.0
453
        2
463
0.0
 63
     5
421
      255
463
1.0
 63
     2
421
 16776960
470
LINEAR
1001
GradientColor1ACI
1070
     5
1001
GradientColor2ACI
1070
     2
1001
ACAD
1010
0.0
1020
0.0
1030
0.0
  0
HATCH
  5
80F
330
1F
100
AcDbEntity
  8
column
  6
ACAD_ISO02W100
440
 33554687
370
   100
100
AcDbHatch
 10
0.0
 20
0.0
 30
0.0
210
0.0
220
0.0
230
1.0
  2
SOLID
 70
     1
 71
     0
 91
        1
 92
        1
 93
        4
 72
     1
 10
11127.68962366439
 20
11251.77755127102
 11
11126.93962366439
 21
11251.77755127102
 72
     1
 10
11126.93962366439
 20
11251.77755127102
 11
11126.93962366439
 21
11251.02755127102
 72
     1
 10
11126.93962366439
 20
11251.02755127102
 11
11127.68962366439
 21
11251.02755127102
 72
     1
 10
11127.68962366439
 20
11251.02755127102
 11
11127.68962366439
 21
11251.77755127102
 97
        0
 75
     1
 76
     1
 98
        1
 10
296.3070738766255
 20
-24.1440000208986
450
        0
451
        0
460
0.0
461
0.0
452
        0
462
0.0
453
        2
463
0.0
 63
     5
421
      255
463
1.0
 63
     2
421
 16776960
470
LINEAR
1001
GradientColor1ACI
1070
     5
1001
GradientColor2ACI
1070
     2
1001
ACAD
1010
0.0
1020
0.0
1030
0.0
  0
HATCH
  5
810
330
1F
100
AcDbEntity
  8
column
  6
ACAD_ISO02W100
440
 33554687
370
   100
100
AcDbHatch
 10
0.0
 20
0.0
 30
0.0
210
0.0
220
0.0
230
1.0
  2
SOLID
 70
     1
 71
     0
 91
        1
 92
        1
 93
        4
 72
     1
 10
11093.35058921909
 20
11242.29430467631
 11
11092.60058921909
 21
11242.29430467631
 72
     1
 10
11092.60058921909
 20
11242.29430467631
 11
11092.60058921909
 21
11241.54430467631
 72
     1
 10
11092.60058921909
 20
11241.54430467631
 11
11093.35058921909
 21
11241.54430467631
 72
     1
 10
11093.35058921909
 20
11241.54430467631
 11
11093.35058921909
 21
11242.29430467631
 97
        0
 75
     1
 76
     1
 98
        1
 10
261.9680394313273
 20
-33.62724661561515
450
        0
451
        0
460
0.0
461
0.0
452
        0
462
0.0
453
        2
463
0.0
 63
     5
421
      255
463
1.0
 63
     2
421
 16776960
470
LINEAR
1001
GradientColor1ACI
1070
     5
1001
GradientColor2ACI
1070
     2
1001
ACAD
1010
0.0
1020
0.0
1030
0.0
  0
LINE
  5
829
330
1F
100
AcDbEntity
  8
0
 48
2.0
370
     0
100
AcDbLine
 10
11092.90048153267
 20
11234.79219779213
 30
0.0
 11
11103.15557311449
 21
11234.79219779213
 31
0.0
  0
LINE
  5
82B
330
1F
100
AcDbEntity
  8
0
 48
2.0
370
     0
100
AcDbLine
 10
11103.15557311449
 20
11234.79219779213
 30
0.0
 11
11092.90048153267
 21
11234.79219779213
 31
0.0
  0
LINE
  5
82C
330
1F
100
AcDbEntity
  8
0
 48
2.0
370
     0
100
AcDbLine
 10
11127.40048153267
 20
11241.54219779213
 30
0.0
 11
11127.40048153267
 21
11241.54219779213
 31
0.0
  0
HATCH
  5
82F
330
1F
100
AcDbEntity
  8
column
  6
ACAD_ISO02W100
440
 33554687
370
   100
100
AcDbHatch
 10
0.0
 20
0.0
 30
0.0
210
0.0
220
0.0
230
1.0
  2
SOLID
 70
     1
 71
     0
 91
        1
 92
        1
 93
        4
 72
     1
 10
11127.68962366439
 20
11242.30725287243
 11
11126.93962366439
 21
11242.30725287243
 72
     1
 10
11126.93962366439
 20
11242.30725287243
 11
11126.93962366439
 21
11241.55725287243
 72
     1
 10
11126.93962366439
 20
11241.55725287243
 11
11127.68962366439
 21
11241.55725287243
 72
     1
 10
11127.68962366439
 20
11241.55725287243
 11
11127.68962366439
 21
11242.30725287243
 97
        0
 75
     1
 76
     1
 98
        1
 10
296.3070738766255
 20
-33.61429841949212
450
        0
451
        0
460
0.0
461
0.0
452
        0
462
0.0
453
        2
463
0.0
 63
     5
421
      255
463
1.0
 63
     2
421
 16776960
470
LINEAR
1001
GradientColor1ACI
1070
     5
1001
GradientColor2ACI
1070
     2
1001
ACAD
1010
0.0
1020
0.0
1030
0.0
  0
HATCH
  5
838
330
1F
100
AcDbEntity
  8
column
  6
ACAD_ISO02W100
440
 33554687
370
   100
100
AcDbHatch
 10
0.0
 20
0.0
 30
0.0
210
0.0
220
0.0
230
1.0
  2
SOLID
 70
     1
 71
     0
 91
        1
 92
        1
 93
        4
 72
     1
 10
11093.34426248466
 20
11275.59174001391
 11
11092.59426248466
 21
11275.59174001391
 72
     1
 10
11092.59426248466
 20
11275.59174001391
 11
11092.59426248466
 21
11274.84174001391
 72
     1
 10
11092.59426248466
 20
11274.84174001391
 11
11093.34426248466
 21
11274.84174001391
 72
     1
 10
11093.34426248466
 20
11274.84174001391
 11
11093.34426248466
 21
11275.59174001391
 97
        0
 75
     1
 76
     1
 98
        1
 10
261.9617126968878
 20
-0.329811278013949
450
        0
451
        0
460
0.0
461
0.0
452
        0
462
0.0
453
        2
463
0.0
 63
     5
421
      255
463
1.0
 63
     2
421
 16776960
470
LINEAR
1001
GradientColor1ACI
1070
     5
1001
GradientColor2ACI
1070
     2
1001
ACAD
1010
0.0
1020
0.0
1030
0.0
  0
HATCH
  5
839
330
1F
100
AcDbEntity
  8
column
  6
ACAD_ISO02W100
440
 33554687
370
   100
100
AcDbHatch
 10
0.0
 20
0.0
 30
0.0
210
0.0
220
0.0
230
1.0
  2
SOLID
 70
     1
 71
     0
 91
        1
 92
        1
 93
        4
 72
     1
 10
11093.34426248466
 20
11275.59174001391
 11
11092.59426248466
 21
11275.59174001391
 72
     1
 10
11092.59426248466
 20
11275.59174001391
 11
11092.59426248466
 21
11274.84174001391
 72
     1
 10
11092.59426248466
 20
11274.84174001391
 11
11093.34426248466
 21
11274.84174001391
 72
     1
 10
11093.34426248466
 20
11274.84174001391
 11
11093.34426248466
 21
11275.59174001391
 97
        0
 75
     1
 76
     1
 98
        1
 10
261.9617126968878
 20
-0.329811278013949
450
        0
451
        0
460
0.0
461
0.0
452
        0
462
0.0
453
        2
463
0.0
 63
     5
421
      255
463
1.0
 63
     2
421
 16776960
470
LINEAR
1001
GradientColor1ACI
1070
     5
1001
GradientColor2ACI
1070
     2
1001
ACAD
1010
0.0
1020
0.0
1030
0.0
  0
HATCH
  5
83A
330
1F
100
AcDbEntity
  8
column
  6
ACAD_ISO02W100
440
 33554687
370
   100
100
AcDbHatch
 10
0.0
 20
0.0
 30
0.0
210
0.0
220
0.0
230
1.0
  2
SOLID
 70
     1
 71
     0
 91
        1
 92
        1
 93
        4
 72
     1
 10
11093.34426248466
 20
11275.59174001391
 11
11092.59426248466
 21
11275.59174001391
 72
     1
 10
11092.59426248466
 20
11275.59174001391
 11
11092.59426248466
 21
11274.84174001391
 72
     1
 10
11092.59426248466
 20
11274.84174001391
 11
11093.34426248466
 21
11274.84174001391
 72
     1
 10
11093.34426248466
 20
11274.84174001391
 11
11093.34426248466
 21
11275.59174001391
 97
        0
 75
     1
 76
     1
 98
        1
 10
261.9617126968878
 20
-0.329811278013949
450
        0
451
        0
460
0.0
461
0.0
452
        0
462
0.0
453
        2
463
0.0
 63
     5
421
      255
463
1.0
 63
     2
421
 16776960
470
LINEAR
1001
GradientColor1ACI
1070
     5
1001
GradientColor2ACI
1070
     2
1001
ACAD
1010
0.0
1020
0.0
1030
0.0
  0
LINE
  5
83B
330
1F
100
AcDbEntity
  8
chajja
  6
ACAD_ISO03W100
 48
0.002
370
     0
100
AcDbLine
 10
11099.18263805862
 20
11275.59219779231
 30
0.0
 11
11099.18263805862
 21
11276.16458482155
 31
0.0
  0
LINE
  5
83C
330
1F
100
AcDbEntity
  8
chajja
  6
ACAD_ISO03W100
 48
0.002
370
     0
100
AcDbLine
 10
11099.98263805861
 20
11275.59219779227
 30
0.0
 11
11099.98263805861
 21
11276.16458482155
 31
0.0
  0
LINE
  5
83D
330
1F
100
AcDbEntity
  8
chajja
  6
ACAD_ISO03W100
 48
0.002
370
     0
100
AcDbLine
 10
11099.18263805862
 20
11276.16458482155
 30
0.0
 11
11099.98263805861
 21
11276.16458482155
 31
0.0
  0
LINE
  5
83E
330
1F
100
AcDbEntity
  8
chajja
  6
ACAD_ISO03W100
 48
0.002
370
     0
100
AcDbLine
 10
11106.41520261639
 20
11275.59219779236
 30
0.0
 11
11106.41520261639
 21
11276.16458482159
 31
0.0
  0
LINE
  5
83F
330
1F
100
AcDbEntity
  8
chajja
  6
ACAD_ISO03W100
 48
0.002
370
     0
100
AcDbLine
 10
11107.21520261638
 20
11275.59219779231
 30
0.0
 11
11107.21520261638
 21
11276.16458482159
 31
0.0
  0
LINE
  5
840
330
1F
100
AcDbEntity
  8
chajja
  6
ACAD_ISO03W100
 48
0.002
370
     0
100
AcDbLine
 10
11106.41520261639
 20
11276.16458482159
 30
0.0
 11
11107.21520261638
 21
11276.16458482159
 31
0.0
  0
MTEXT
  5
844
330
1F
100
AcDbEntity
  8
0
  6
ACAD_ISO02W100
 48
2.0
370
     0
100
AcDbMText
 10
11106.64681377132
 20
11275.8821817328
 30
0.0
 40
0.175
 41
0.3793392954266892
 46
0.0
 71
     1
 72
     5
  1
\pxqc;W
 73
     1
 44
1.0
101
Embedded Object
 70
     1
 10
1.0
 20
0.0
 30
0.0
 11
11106.64681377132
 21
11275.8821817328
 31
0.0
 40
0.3793392954266892
 41
0.0
 42
0.2250170532060027
 43
0.175
 71
     2
 72
     1
 44
0.3793392954266892
 45
12.5
 73
     0
 74
     0
 46
0.0
  0
MTEXT
  5
845
330
1F
100
AcDbEntity
  8
0
  6
ACAD_ISO02W100
 48
2.0
370
     0
100
AcDbMText
 10
11099.42353083407
 20
11275.8821817328
 30
0.0
 40
0.175
 41
0.3793392954266892
 46
0.0
 71
     1
 72
     5
  1
\pxqc;W
 73
     1
 44
1.0
101
Embedded Object
 70
     1
 10
1.0
 20
0.0
 30
0.0
 11
11099.42353083407
 21
11275.8821817328
 31
0.0
 40
0.3793392954266892
 41
0.0
 42
0.2250170532060027
 43
0.175
 71
     2
 72
     1
 44
0.3793392954266892
 45
12.5
 73
     0
 74
     0
 46
0.0
  0
LINE
  5
847
330
1F
100
AcDbEntity
  8
chajja
  6
ACAD_ISO02W100
 48
2.0
370
     0
100
AcDbLine
 10
11127.40048153267
 20
11275.29219779213
 30
0.0
 11
11127.40048153267
 21
11275.29219779213
 31
0.0
  0
LINE
  5
84B
330
1F
100
AcDbEntity
  8
0
  6
Continuous
 48
2.0
370
   100
100
AcDbLine
 10
11092.60048153267
 20
11275.59219779213
 30
0.0
 11
11092.60048153267
 21
11275.59219779235
 31
0.0
  0
LINE
  5
84C
330
1F
100
AcDbEntity
  8
0
  6
Continuous
 48
2.0
370
   100
100
AcDbLine
 10
11127.40048153267
 20
11275.29219779213
 30
0.0
 11
11127.40048153267
 21
11275.59219779213
 31
0.0
  0
LINE
  5
84D
330
1F
100
AcDbEntity
  8
0
  6
Continuous
 48
2.0
370
   100
100
AcDbLine
 10
11123.40048153267
 20
11275.29219779213
 30
0.0
 11
11125.40048153267
 21
11275.29219779213
 31
0.0
  0
HATCH
  5
850
330
1F
100
AcDbEntity
  8
column
  6
ACAD_ISO02W100
440
 33554687
370
   100
100
AcDbHatch
 10
0.0
 20
0.0
 30
0.0
210
0.0
220
0.0
230
1.0
  2
SOLID
 70
     1
 71
     0
 91
        1
 92
        1
 93
        4
 72
     1
 10
11127.70048153267
 20
11275.59219779213
 11
11126.95048153267
 21
11275.59219779213
 72
     1
 10
11126.95048153267
 20
11275.59219779213
 11
11126.95048153267
 21
11274.84219779213
 72
     1
 10
11126.95048153267
 20
11274.84219779213
 11
11127.70048153267
 21
11274.84219779213
 72
     1
 10
11127.70048153267
 20
11274.84219779213
 11
11127.70048153267
 21
11275.59219779213
 97
        0
 75
     1
 76
     1
 98
        1
 10
296.3179317449048
 20
-0.3293534997883398
450
        0
451
        0
460
0.0
461
0.0
452
        0
462
0.0
453
        2
463
0.0
 63
     5
421
      255
463
1.0
 63
     2
421
 16776960
470
LINEAR
1001
GradientColor1ACI
1070
     5
1001
GradientColor2ACI
1070
     2
1001
ACAD
1010
0.0
1020
0.0
1030
0.0
  0
LINE
  5
85E
330
1F
100
AcDbEntity
  8
window
  6
Continuous
 48
2.0
370
   100
100
AcDbLine
 10
11127.24048153267
 20
11234.79219779213
 30
0.0
 11
11127.54048153267
 21
11234.79219779213
 31
0.0
  0
LINE
  5
85F
330
1F
100
AcDbEntity
  8
window
  6
Continuous
 48
2.0
370
   100
100
AcDbLine
 10
11127.39048153267
 20
11234.79219779213
 30
0.0
 11
11127.40048153267
 21
11234.79219779213
 31
0.0
  0
LINE
  5
860
330
1F
100
AcDbEntity
  8
window
  6
Continuous
 48
2.0
370
   100
100
AcDbLine
 10
11127.39048153267
 20
11234.79219779213
 30
0.0
 11
11127.38048153267
 21
11234.79219779213
 31
0.0
  0
LINE
  5
870
330
1F
100
AcDbEntity
  8
window
370
   100
100
AcDbLine
 10
11092.60048153267
 20
11234.93219779231
 30
0.0
 11
11092.60048153267
 21
11234.63219779213
 31
0.0
  0
LINE
  5
871
330
1F
100
AcDbEntity
  8
window
370
   100
100
AcDbLine
 10
11092.60048153267
 20
11234.63219779213
 30
0.0
 11
11092.60048153267
 21
11234.78219779213
 31
0.0
  0
LINE
  5
877
330
1F
100
AcDbEntity
  8
window
370
   100
100
AcDbLine
 10
11092.90048153267
 20
11234.93219779231
 30
0.0
 11
11092.90048153267
 21
11234.79219779213
 31
0.0
  0
LINE
  5
878
330
1F
100
AcDbEntity
  8
window
370
   100
100
AcDbLine
 10
11093.06048153267
 20
11234.79219779213
 30
0.0
 11
11092.90048153267
 21
11234.79219779213
 31
0.0
  0
LINE
  5
879
330
1F
100
AcDbEntity
  8
window
370
   100
100
AcDbLine
 10
11092.90048153267
 20
11235.59219779213
 30
0.0
 11
11092.90048153267
 21
11234.79219779213
 31
0.0
  0
LINE
  5
87B
330
1F
100
AcDbEntity
  8
window
370
   100
100
AcDbLine
 10
11092.89783971051
 20
11245.08951212866
 30
0.0
 11
11092.59783971033
 21
11245.08951212866
 31
0.0
  0
LINE
  5
87F
330
1F
100
AcDbEntity
  8
window
370
   100
100
AcDbLine
 10
11093.06048153267
 20
11234.79219779213
 30
0.0
 11
11092.90048153267
 21
11234.79219779213
 31
0.0
  0
LINE
  5
880
330
1F
100
AcDbEntity
  8
window
370
   100
100
AcDbLine
 10
11092.90048153267
 20
11235.59219779213
 30
0.0
 11
11092.90048153267
 21
11234.79219779213
 31
0.0
  0
LINE
  5
881
330
1F
100
AcDbEntity
  8
window
370
   100
100
AcDbLine
 10
11093.06048153267
 20
11234.79219779213
 30
0.0
 11
11092.90048153267
 21
11234.79219779213
 31
0.0
  0
LINE
  5
882
330
1F
100
AcDbEntity
  8
window
370
   100
100
AcDbLine
 10
11092.90048153267
 20
11235.59219779213
 30
0.0
 11
11092.90048153267
 21
11234.79219779213
 31
0.0
  0
LINE
  5
883
330
1F
100
AcDbEntity
  8
window
370
   100
100
AcDbLine
 10
11092.59783971033
 20
11238.3978290903
 30
0.0
 11
11092.89783971051
 21
11238.3978290903
 31
0.0
  0
LINE
  5
884
330
1F
100
AcDbEntity
  8
window
370
   100
100
AcDbLine
 10
11092.89783971051
 20
11237.5978290903
 30
0.0
 11
11092.59783971033
 21
11237.5978290903
 31
0.0
  0
LINE
  5
885
330
1F
100
AcDbEntity
  8
window
370
   100
100
AcDbLine
 10
11092.89783971051
 20
11238.3978290903
 30
0.0
 11
11092.74783971051
 21
11238.3978290903
 31
0.0
  0
LINE
  5
886
330
1F
100
AcDbEntity
  8
window
370
   100
100
AcDbLine
 10
11092.73783971051
 20
11238.3978290903
 30
0.0
 11
11092.73783971051
 21
11237.5978290903
 31
0.0
  0
LINE
  5
887
330
1F
100
AcDbEntity
  8
window
370
   100
100
AcDbLine
 10
11092.75783971051
 20
11238.3978290903
 30
0.0
 11
11092.75783971051
 21
11237.5978290903
 31
0.0
  0
LINE
  5
890
330
1F
100
AcDbEntity
  8
chajja
  6
ACAD_ISO03W100
 48
0.002
370
     0
100
AcDbLine
 10
11092.59519788799
 20
11237.5978290903
 30
0.0
 11
11092.02281085875
 21
11237.5978290903
 31
0.0
  0
LINE
  5
891
330
1F
100
AcDbEntity
  8
chajja
  6
ACAD_ISO03W100
 48
0.002
370
     0
100
AcDbLine
 10
11092.59519788803
 20
11238.3978290903
 30
0.0
 11
11092.02281085875
 21
11238.3978290903
 31
0.0
  0
LINE
  5
892
330
1F
100
AcDbEntity
  8
chajja
  6
ACAD_ISO03W100
 48
0.002
370
     0
100
AcDbLine
 10
11092.02281085875
 20
11237.5978290903
 30
0.0
 11
11092.02281085875
 21
11238.3978290903
 31
0.0
  0
MTEXT
  5
893
330
1F
100
AcDbEntity
  8
0
  6
ACAD_ISO02W100
 48
2.0
370
     0
100
AcDbMText
 10
11092.3052139475
 20
11237.83872186576
 30
0.0
 40
0.175
 41
0.3793392954266892
 46
0.0
 71
     1
 72
     5
  1
\pxqc;W
 11
0.0000000000000001
 21
1.0
 31
0.0
 73
     1
 44
1.0
101
Embedded Object
 70
     1
 10
0.0000000000000001
 20
1.0
 30
0.0
 11
11092.3052139475
 21
11237.83872186576
 31
0.0
 40
0.3793392954266892
 41
0.0
 42
0.2250170532060027
 43
0.175
 71
     2
 72
     1
 44
0.3793392954266892
 45
12.5
 73
     0
 74
     0
 46
0.0
  0
LINE
  5
894
330
1F
100
AcDbEntity
  8
window
370
   100
100
AcDbLine
 10
11127.70048153267
 20
11234.79219779213
 30
0.0
 11
11127.40048153249
 21
11234.79219779213
 31
0.0
  0
LINE
  5
895
330
1F
100
AcDbEntity
  8
window
370
   100
100
AcDbLine
 10
11127.70048153267
 20
11234.79219779213
 30
0.0
 11
11127.40048153249
 21
11234.79219779213
 31
0.0
  0
LINE
  5
8A7
330
1F
100
AcDbEntity
  8
window
370
   100
100
AcDbLine
 10
11127.40048153249
 20
11272.87561510498
 30
0.0
 11
11127.70048153267
 21
11272.87561510498
 31
0.0
  0
LINE
  5
8A8
330
1F
100
AcDbEntity
  8
window
370
   100
100
AcDbLine
 10
11127.70048153267
 20
11272.07561510498
 30
0.0
 11
11127.40048153249
 21
11272.07561510498
 31
0.0
  0
LINE
  5
8A9
330
1F
100
AcDbEntity
  8
window
370
   100
100
AcDbLine
 10
11127.70048153267
 20
11272.87561510498
 30
0.0
 11
11127.55048153267
 21
11272.87561510498
 31
0.0
  0
LINE
  5
8AA
330
1F
100
AcDbEntity
  8
window
370
   100
100
AcDbLine
 10
11127.54048153267
 20
11272.87561510498
 30
0.0
 11
11127.54048153267
 21
11272.07561510498
 31
0.0
  0
LINE
  5
8AB
330
1F
100
AcDbEntity
  8
window
370
   100
100
AcDbLine
 10
11127.56048153267
 20
11272.87561510498
 30
0.0
 11
11127.56048153267
 21
11272.07561510498
 31
0.0
  0
LINE
  5
8B8
330
1F
100
AcDbEntity
  8
chajja
  6
ACAD_ISO03W100
 48
0.002
370
     0
100
AcDbLine
 10
11127.71552992858
 20
11272.87561510498
 30
0.0
 11
11128.28791695781
 21
11272.87561510498
 31
0.0
  0
LINE
  5
8B9
330
1F
100
AcDbEntity
  8
chajja
  6
ACAD_ISO03W100
 48
0.002
370
     0
100
AcDbLine
 10
11127.71552992853
 20
11272.07561510498
 30
0.0
 11
11128.28791695781
 21
11272.07561510498
 31
0.0
  0
LINE
  5
8BA
330
1F
100
AcDbEntity
  8
chajja
  6
ACAD_ISO03W100
 48
0.002
370
     0
100
AcDbLine
 10
11128.28791695781
 20
11272.87561510498
 30
0.0
 11
11128.28791695781
 21
11272.07561510498
 31
0.0
  0
MTEXT
  5
8BB
330
1F
100
AcDbEntity
  8
0
  6
ACAD_ISO02W100
 48
2.0
370
     0
100
AcDbMText
 10
11128.00551386906
 20
11272.63472232952
 30
0.0
 40
0.175
 41
0.3793392954266892
 46
0.0
 71
     1
 72
     5
  1
\pxqc;W
 11
-0.0000000000000002
 21
-1.0
 31
0.0
 73
     1
 44
1.0
101
Embedded Object
 70
     1
 10
-0.0000000000000002
 20
-1.0
 30
0.0
 11
11128.00551386906
 21
11272.63472232952
 31
0.0
 40
0.3793392954266892
 41
0.0
 42
0.2250170532060027
 43
0.175
 71
     2
 72
     1
 44
0.3793392954266892
 45
12.5
 73
     0
 74
     0
 46
0.0
  0
LINE
  5
8BE
330
1F
100
AcDbEntity
  8
window
  6
Continuous
 48
2.0
370
   100
100
AcDbLine
 10
11127.70048153267
 20
11275.59219779213
 30
0.0
 11
11127.70048153267
 21
11275.59219779213
 31
0.0
  0
LINE
  5
8C1
330
1F
100
AcDbEntity
  8
0
  6
Continuous
 48
2.0
370
   100
100
AcDbLine
 10
11092.90048153267
 20
11275.29219779213
 30
0.0
 11
11096.90048153267
 21
11275.29219779213
 31
0.0
  0
LINE
  5
8C2
330
1F
100
AcDbEntity
  8
0
  6
Continuous
 48
2.0
370
   100
100
AcDbLine
 10
11096.90048153267
 20
11275.29219779213
 30
0.0
 11
11096.90048153267
 21
11272.29219779213
 31
0.0
  0
LINE
  5
8C3
330
1F
100
AcDbEntity
  8
0
  6
Continuous
 48
2.0
370
   100
100
AcDbLine
 10
11096.90048153267
 20
11272.29219779213
 30
0.0
 11
11095.90048153267
 21
11272.29219779213
 31
0.0
  0
LINE
  5
8C4
330
1F
100
AcDbEntity
  8
0
  6
Continuous
 48
2.0
370
   100
100
AcDbLine
 10
11097.10048153267
 20
11275.29219779213
 30
0.0
 11
11097.10048153267
 21
11272.29219779213
 31
0.0
  0
LINE
  5
8C5
330
1F
100
AcDbEntity
  8
0
  6
Continuous
 48
2.0
370
   100
100
AcDbLine
 10
11096.90048153267
 20
11272.09219779213
 30
0.0
 11
11095.90048153267
 21
11272.09219779213
 31
0.0
  0
LINE
  5
8C6
330
1F
100
AcDbEntity
  8
0
  6
Continuous
 48
2.0
370
   100
100
AcDbLine
 10
11097.10048153267
 20
11275.29219779213
 30
0.0
 11
11102.100481526
 21
11275.29193942126
 31
0.0
  0
LINE
  5
8C7
330
1F
100
AcDbEntity
  8
0
  6
Continuous
 48
2.0
370
   100
100
AcDbLine
 10
11102.100481526
 20
11275.29193942126
 30
0.0
 11
11102.100481526
 21
11269.29193942126
 31
0.0
  0
LINE
  5
8C8
330
1F
100
AcDbEntity
  8
0
  6
Continuous
 48
2.0
370
   100
100
AcDbLine
 10
11102.100481526
 20
11269.29193942126
 30
0.0
 11
11102.00048152599
 21
11269.29193942126
 31
0.0
  0
LINE
  5
8C9
330
1F
100
AcDbEntity
  8
0
  6
Continuous
 48
2.0
370
   100
100
AcDbLine
 10
11097.100481526
 20
11269.29193942126
 30
0.0
 11
11097.10048153267
 21
11272.29219779213
 31
0.0
  0
LINE
  5
8CA
330
1F
100
AcDbEntity
  8
0
  6
Continuous
 48
2.0
370
   100
100
AcDbLine
 10
11102.300481526
 20
11275.29193942126
 30
0.0
 11
11102.300481526
 21
11272.29193942126
 31
0.0
  0
LINE
  5
8CB
330
1F
100
AcDbEntity
  8
0
  6
Continuous
 48
2.0
370
   100
100
AcDbLine
 10
11102.300481526
 20
11275.29193942126
 30
0.0
 11
11105.300481526
 21
11275.29193942126
 31
0.0
  0
LINE
  5
8CC
330
1F
100
AcDbEntity
  8
0
  6
Continuous
 48
2.0
370
   100
100
AcDbLine
 10
11105.300481526
 20
11275.29193942126
 30
0.0
 11
11105.300481526
 21
11272.29193942126
 31
0.0
  0
LINE
  5
8CD
330
1F
100
AcDbEntity
  8
0
  6
Continuous
 48
2.0
370
   100
100
AcDbLine
 10
11104.48721564583
 20
11272.29193942126
 30
0.0
 11
11102.300481526
 21
11272.29193942126
 31
0.0
  0
LINE
  5
8CE
330
1F
100
AcDbEntity
  8
0
  6
Continuous
 48
2.0
370
   100
100
AcDbLine
 10
11104.48721564583
 20
11272.09193942126
 30
0.0
 11
11102.300481526
 21
11272.09193942126
 31
0.0
  0
LINE
  5
8CF
330
1F
100
AcDbEntity
  8
0
  6
Continuous
 48
2.0
370
   100
100
AcDbLine
 10
11105.500481526
 20
11275.29193942126
 30
0.0
 11
11105.500481526
 21
11272.09193942126
 31
0.0
  0
LINE
  5
8D0
330
1F
100
AcDbEntity
  8
0
  6
Continuous
 48
2.0
370
   100
100
AcDbLine
 10
11105.300481526
 20
11272.09193942126
 30
0.0
 11
11105.50048152599
 21
11272.09193942126
 31
0.0
  0
LINE
  5
8D1
330
1F
100
AcDbEntity
  8
0
  6
Continuous
 48
2.0
370
   100
100
AcDbLine
 10
11096.90048153267
 20
11272.09219779213
 30
0.0
 11
11096.90048153267
 21
11269.09193942126
 31
0.0
  0
LINE
  5
8D2
330
1F
100
AcDbEntity
  8
0
  6
Continuous
 48
2.0
370
   100
100
AcDbLine
 10
11101.19829670615
 20
11269.09193942126
 30
0.0
 11
11096.90048153267
 21
11269.09193942126
 31
0.0
  0
LINE
  5
8D3
330
1F
100
AcDbEntity
  8
0
  6
Continuous
 48
2.0
370
   100
100
AcDbLine
 10
11092.90048153267
 20
11272.09219779213
 30
0.0
 11
11095.70048153267
 21
11272.09219779213
 31
0.0
  0
LINE
  5
8D4
330
1F
100
AcDbEntity
  8
0
  6
Continuous
 48
2.0
370
   100
100
AcDbLine
 10
11095.90048153267
 20
11272.09219779213
 30
0.0
 11
11095.90048153267
 21
11267.19312068346
 31
0.0
  0
LINE
  5
8D5
330
1F
100
AcDbEntity
  8
0
  6
Continuous
 48
2.0
370
   100
100
AcDbLine
 10
11095.90048153267
 20
11266.09219779213
 30
0.0
 11
11092.90048153267
 21
11266.09219779213
 31
0.0
  0
LINE
  5
8D7
330
1F
100
AcDbEntity
  8
0
  6
Continuous
 48
2.0
370
   100
100
AcDbLine
 10
11095.70048153267
 20
11272.09219779213
 30
0.0
 11
11095.70048153267
 21
11267.19219779213
 31
0.0
  0
LINE
  5
8DB
330
1F
100
AcDbEntity
  8
0
  6
Continuous
 48
2.0
370
   100
100
AcDbLine
 10
11095.70048153267
 20
11266.29219779213
 30
0.0
 11
11092.90048153267
 21
11266.29219779213
 31
0.0
  0
LINE
  5
8DC
330
1F
100
AcDbEntity
  8
0
  6
Continuous
 48
2.0
370
   100
100
AcDbLine
 10
11092.90048153267
 20
11266.09219779213
 30
0.0
 11
11092.90048153267
 21
11263.09219779213
 31
0.0
  0
LINE
  5
8DD
330
1F
100
AcDbEntity
  8
0
  6
Continuous
 48
2.0
370
   100
100
AcDbLine
 10
11092.90048153267
 20
11263.09219779213
 30
0.0
 11
11096.00048153267
 21
11263.09219779213
 31
0.0
  0
LINE
  5
8DE
330
1F
100
AcDbEntity
  8
0
  6
Continuous
 48
2.0
370
   100
100
AcDbLine
 10
11096.90048153267
 20
11263.09219779213
 30
0.0
 11
11096.90048153267
 21
11266.09219779213
 31
0.0
  0
LINE
  5
8DF
330
1F
100
AcDbEntity
  8
0
  6
Continuous
 48
2.0
370
   100
100
AcDbLine
 10
11096.90048153267
 20
11266.09219779213
 30
0.0
 11
11095.90048153267
 21
11266.09219779213
 31
0.0
  0
LINE
  5
8E0
330
1F
100
AcDbEntity
  8
0
  6
Continuous
 48
2.0
370
   100
100
AcDbLine
 10
11095.90048153267
 20
11266.29219779213
 30
0.0
 11
11097.53558902934
 21
11266.29219779213
 31
0.0
  0
LINE
  5
8E1
330
1F
100
AcDbEntity
  8
0
  6
Continuous
 48
2.0
370
   100
100
AcDbLine
 10
11097.10048153267
 20
11263.09219779213
 30
0.0
 11
11097.10048153267
 21
11266.09219779213
 31
0.0
  0
LINE
  5
8E2
330
1F
100
AcDbEntity
  8
0
  6
Continuous
 48
2.0
370
   100
100
AcDbLine
 10
11097.10048153267
 20
11266.09219779213
 30
0.0
 11
11100.10048153267
 21
11266.09219779213
 31
0.0
  0
LINE
  5
8E3
330
1F
100
AcDbEntity
  8
0
  6
Continuous
 48
2.0
370
   100
100
AcDbLine
 10
11100.10048153267
 20
11266.09219779213
 30
0.0
 11
11100.10048153267
 21
11263.09219779213
 31
0.0
  0
LINE
  5
8E4
330
1F
100
AcDbEntity
  8
0
  6
Continuous
 48
2.0
370
   100
100
AcDbLine
 10
11100.10048153267
 20
11263.09219779213
 30
0.0
 11
11097.10048153267
 21
11263.09219779213
 31
0.0
  0
LINE
  5
8E5
330
1F
100
AcDbEntity
  8
0
  6
Continuous
 48
2.0
370
   100
100
AcDbLine
 10
11097.53558902934
 20
11266.29219779213
 30
0.0
 11
11100.30048153267
 21
11266.29219779213
 31
0.0
  0
LINE
  5
8E6
330
1F
100
AcDbEntity
  8
0
  6
Continuous
 48
2.0
370
   100
100
AcDbLine
 10
11100.30048153267
 20
11266.29219779213
 30
0.0
 11
11100.30048153267
 21
11262.89219779213
 31
0.0
  0
LINE
  5
8E7
330
1F
100
AcDbEntity
  8
0
  6
Continuous
 48
2.0
370
   100
100
AcDbLine
 10
11092.90048153267
 20
11262.89219779213
 30
0.0
 11
11094.90048153267
 21
11262.89219779213
 31
0.0
  0
LINE
  5
8E8
330
1F
100
AcDbEntity
  8
0
  6
Continuous
 48
2.0
370
   100
100
AcDbLine
 10
11092.90048153267
 20
11262.89219779213
 30
0.0
 11
11094.90048153267
 21
11262.89219779213
 31
0.0
  0
LINE
  5
8E9
330
1F
100
AcDbEntity
  8
0
  6
Continuous
 48
2.0
370
   100
100
AcDbLine
 10
11094.90048153267
 20
11262.89219779213
 30
0.0
 11
11094.90048153267
 21
11261.79022757406
 31
0.0
  0
LINE
  5
8EA
330
1F
100
AcDbEntity
  8
0
  6
Continuous
 48
2.0
370
   100
100
AcDbLine
 10
11094.90048153267
 20
11260.89219779213
 30
0.0
 11
11092.90048153267
 21
11260.89219779213
 31
0.0
  0
LINE
  5
8EB
330
1F
100
AcDbEntity
  8
0
  6
Continuous
 48
2.0
370
   100
100
AcDbLine
 10
11095.10048153267
 20
11262.89219779213
 30
0.0
 11
11095.10048153267
 21
11261.79022757406
 31
0.0
  0
LINE
  5
8F1
330
1F
100
AcDbEntity
  8
0
  6
Continuous
 48
2.0
370
   100
100
AcDbLine
 10
11096.90048153267
 20
11260.69219779213
 30
0.0
 11
11096.90048153267
 21
11258.59219779213
 31
0.0
  0
LINE
  5
8F2
330
1F
100
AcDbEntity
  8
0
  6
Continuous
 48
2.0
370
   100
100
AcDbLine
 10
11096.90048153267
 20
11257.69219779213
 30
0.0
 11
11092.90048153267
 21
11257.69219779213
 31
0.0
  0
LINE
  5
8F3
330
1F
100
AcDbEntity
  8
0
  6
Continuous
 48
2.0
370
   100
100
AcDbLine
 10
11095.10048153267
 20
11260.89219779213
 30
0.0
 11
11097.10048153267
 21
11260.89219779213
 31
0.0
  0
LINE
  5
8F4
330
1F
100
AcDbEntity
  8
0
  6
Continuous
 48
2.0
370
   100
100
AcDbLine
 10
11096.90048153267
 20
11260.69219779213
 30
0.0
 11
11092.90048153267
 21
11260.69219779213
 31
0.0
  0
LINE
  5
8F5
330
1F
100
AcDbEntity
  8
0
  6
Continuous
 48
2.0
370
   100
100
AcDbLine
 10
11097.10048153267
 20
11260.69219779213
 30
0.0
 11
11097.10048153267
 21
11258.59088541014
 31
0.0
  0
LINE
  5
8F6
330
1F
100
AcDbEntity
  8
0
  6
Continuous
 48
2.0
370
   100
100
AcDbLine
 10
11096.90048153267
 20
11257.49219779213
 30
0.0
 11
11092.90048153267
 21
11257.49219779213
 31
0.0
  0
LINE
  5
8F7
330
1F
100
AcDbEntity
  8
0
  6
Continuous
 48
2.0
370
   100
100
AcDbLine
 10
11097.10048153267
 20
11260.69219779213
 30
0.0
 11
11097.10048153267
 21
11260.89219779213
 31
0.0
  0
LINE
  5
8F8
330
1F
100
AcDbEntity
  8
0
  6
Continuous
 48
2.0
370
   100
100
AcDbLine
 10
11096.90048153267
 20
11257.49219779213
 30
0.0
 11
11100.90048153267
 21
11257.49219779213
 31
0.0
  0
LINE
  5
8F9
330
1F
100
AcDbEntity
  8
0
  6
Continuous
 48
2.0
370
   100
100
AcDbLine
 10
11100.90048153267
 20
11257.49219779213
 30
0.0
 11
11100.90048153267
 21
11251.49219779213
 31
0.0
  0
LINE
  5
8FA
330
1F
100
AcDbEntity
  8
0
  6
Continuous
 48
2.0
370
   100
100
AcDbLine
 10
11100.90048153267
 20
11251.49219779213
 30
0.0
 11
11092.90048153267
 21
11251.49219779213
 31
0.0
  0
LINE
  5
8FB
330
1F
100
AcDbEntity
  8
0
  6
Continuous
 48
2.0
370
   100
100
AcDbLine
 10
11097.10048153267
 20
11257.69219779213
 30
0.0
 11
11101.10048153267
 21
11257.69219779213
 31
0.0
  0
LINE
  5
8FC
330
1F
100
AcDbEntity
  8
0
  6
Continuous
 48
2.0
370
   100
100
AcDbLine
 10
11101.10048153267
 20
11257.69219779213
 30
0.0
 11
11101.10048153267
 21
11251.49219779213
 31
0.0
  0
LINE
  5
8FD
330
1F
100
AcDbEntity
  8
0
  6
Continuous
 48
2.0
370
   100
100
AcDbLine
 10
11100.90048153267
 20
11251.29219779213
 30
0.0
 11
11092.90048153267
 21
11251.29219779213
 31
0.0
  0
LINE
  5
8FE
330
1F
100
AcDbEntity
  8
0
  6
Continuous
 48
2.0
370
   100
100
AcDbLine
 10
11100.90048153267
 20
11251.29219779213
 30
0.0
 11
11100.90048153267
 21
11245.29219779213
 31
0.0
  0
LINE
  5
8FF
330
1F
100
AcDbEntity
  8
0
  6
Continuous
 48
2.0
370
   100
100
AcDbLine
 10
11100.90048153267
 20
11245.29219779213
 30
0.0
 11
11092.90048153267
 21
11245.29219779213
 31
0.0
  0
LINE
  5
900
330
1F
100
AcDbEntity
  8
0
  6
Continuous
 48
2.0
370
   100
100
AcDbLine
 10
11100.90048153267
 20
11245.09219779213
 30
0.0
 11
11097.10048153267
 21
11245.09219779213
 31
0.0
  0
LINE
  5
901
330
1F
100
AcDbEntity
  8
0
  6
Continuous
 48
2.0
370
   100
100
AcDbLine
 10
11101.10048153267
 20
11251.29219779213
 30
0.0
 11
11101.10048153267
 21
11245.09219779213
 31
0.0
  0
LINE
  5
902
330
1F
100
AcDbEntity
  8
0
  6
Continuous
 48
2.0
370
   100
100
AcDbLine
 10
11092.90048153267
 20
11245.09219779213
 30
0.0
 11
11094.70048153267
 21
11245.09219779213
 31
0.0
  0
LINE
  5
908
330
1F
100
AcDbEntity
  8
0
  6
Continuous
 48
2.0
370
   100
100
AcDbLine
 10
11092.90048153267
 20
11245.09219779213
 30
0.0
 11
11094.70048153267
 21
11245.09219779213
 31
0.0
  0
LINE
  5
909
330
1F
100
AcDbEntity
  8
0
  6
Continuous
 48
2.0
370
   100
100
AcDbLine
 10
11096.90048153267
 20
11245.09219779213
 30
0.0
 11
11096.90048153267
 21
11241.09219779213
 31
0.0
  0
LINE
  5
90A
330
1F
100
AcDbEntity
  8
0
  6
Continuous
 48
2.0
370
   100
100
AcDbLine
 10
11096.90048153267
 20
11241.09219779213
 30
0.0
 11
11094.90048153267
 21
11241.09219779213
 31
0.0
  0
LINE
  5
90B
330
1F
100
AcDbEntity
  8
0
  6
Continuous
 48
2.0
370
   100
100
AcDbLine
 10
11097.10048153267
 20
11245.09219779213
 30
0.0
 11
11097.10048153267
 21
11241.09219779213
 31
0.0
  0
LINE
  5
90C
330
1F
100
AcDbEntity
  8
0
  6
Continuous
 48
2.0
370
   100
100
AcDbLine
 10
11096.90048153267
 20
11240.89219779213
 30
0.0
 11
11092.90048153267
 21
11240.89219779213
 31
0.0
  0
LINE
  5
90D
330
1F
100
AcDbEntity
  8
0
  6
Continuous
 48
2.0
370
   100
100
AcDbLine
 10
11097.10048153267
 20
11241.09219779213
 30
0.0
 11
11097.10048153267
 21
11240.89219779213
 31
0.0
  0
LINE
  5
90F
330
1F
100
AcDbEntity
  8
0
  6
Continuous
 48
2.0
370
   100
100
AcDbLine
 10
11092.90048153267
 20
11240.89219779213
 30
0.0
 11
11096.90048153267
 21
11240.89219779213
 31
0.0
  0
LINE
  5
910
330
1F
100
AcDbEntity
  8
0
  6
Continuous
 48
2.0
370
   100
100
AcDbLine
 10
11096.90048153267
 20
11240.89219779213
 30
0.0
 11
11096.90048153267
 21
11240.79219779213
 31
0.0
  0
LINE
  5
911
330
1F
100
AcDbEntity
  8
0
  6
Continuous
 48
2.0
370
   100
100
AcDbLine
 10
11097.10048153267
 20
11239.99219779213
 30
0.0
 11
11097.10048153267
 21
11237.99219779214
 31
0.0
  0
LINE
  5
912
330
1F
100
AcDbEntity
  8
0
  6
Continuous
 48
2.0
370
   100
100
AcDbLine
 10
11097.10048153267
 20
11234.79219779213
 30
0.0
 11
11101.10048153267
 21
11234.79219779213
 31
0.0
  0
LINE
  5
913
330
1F
100
AcDbEntity
  8
0
  6
Continuous
 48
2.0
370
   100
100
AcDbLine
 10
11101.10048153267
 20
11234.79219779213
 30
0.0
 11
11101.10048153267
 21
11237.79219779213
 31
0.0
  0
LINE
  5
914
330
1F
100
AcDbEntity
  8
0
  6
Continuous
 48
2.0
370
   100
100
AcDbLine
 10
11101.10048153267
 20
11237.79219779213
 30
0.0
 11
11100.77109555703
 21
11237.79219779213
 31
0.0
  0
LINE
  5
917
330
1F
100
AcDbEntity
  8
0
  6
Continuous
 48
2.0
370
   100
100
AcDbLine
 10
11101.10048153267
 20
11237.99219779213
 30
0.0
 11
11100.87109555703
 21
11237.99219779213
 31
0.0
  0
LINE
  5
918
330
1F
100
AcDbEntity
  8
0
  6
Continuous
 48
2.0
370
   100
100
AcDbLine
 10
11101.30048153267
 20
11234.79219779213
 30
0.0
 11
11101.30048153267
 21
11237.79219779213
 31
0.0
  0
LINE
  5
919
330
1F
100
AcDbEntity
  8
0
  6
Continuous
 48
2.0
370
   100
100
AcDbLine
 10
11101.30048153267
 20
11237.79219779213
 30
0.0
 11
11102.40048153267
 21
11237.79219779213
 31
0.0
  0
LINE
  5
91A
330
1F
100
AcDbEntity
  8
0
  6
Continuous
 48
2.0
370
   100
100
AcDbLine
 10
11103.30048153267
 20
11237.79219779213
 30
0.0
 11
11103.30048153267
 21
11234.79219779213
 31
0.0
  0
LINE
  5
91B
330
1F
100
AcDbEntity
  8
0
  6
Continuous
 48
2.0
370
   100
100
AcDbLine
 10
11101.10048153267
 20
11237.99219779213
 30
0.0
 11
11102.39953720824
 21
11237.99219779213
 31
0.0
  0
LINE
  5
91C
330
1F
100
AcDbEntity
  8
0
  6
Continuous
 48
2.0
370
   100
100
AcDbLine
 10
11103.50048153267
 20
11237.99219779213
 30
0.0
 11
11103.50048153267
 21
11234.79219779213
 31
0.0
  0
LINE
  5
91D
330
1F
100
AcDbEntity
  8
0
  6
Continuous
 48
2.0
370
   100
100
AcDbLine
 10
11096.90048153267
 20
11262.89219779213
 30
0.0
 11
11100.30048153267
 21
11262.89219779213
 31
0.0
  0
LINE
  5
91E
330
1F
100
AcDbEntity
  8
0
  6
Continuous
 48
2.0
370
   100
100
AcDbLine
 10
11102.100481526
 20
11269.09193942126
 30
0.0
 11
11102.300481526
 21
11269.09193942126
 31
0.0
  0
LINE
  5
91F
330
1F
100
AcDbEntity
  8
0
  6
Continuous
 48
2.0
370
   100
100
AcDbLine
 10
11101.10048153267
 20
11251.49219779213
 30
0.0
 11
11101.10048153267
 21
11251.29219779213
 31
0.0
  0
LINE
  5
920
330
1F
100
AcDbEntity
  8
0
  6
Continuous
 48
2.0
370
   100
100
AcDbLine
 10
11100.90048153267
 20
11245.09219779213
 30
0.0
 11
11101.10048153267
 21
11245.09219779213
 31
0.0
  0
LINE
  5
921
330
1F
100
AcDbEntity
  8
0
100
AcDbLine
 10
11092.90048153267
 20
11234.49219779213
 30
0.0
 11
11127.40048153267
 21
11234.49219779213
 31
0.0
  0
HATCH
  5
924
330
1F
100
AcDbEntity
  8
column
  6
ACAD_ISO02W100
440
 33554687
370
   100
100
AcDbHatch
 10
0.0
 20
0.0
 30
0.0
210
0.0
220
0.0
230
1.0
  2
SOLID
 70
     1
 71
     0
 91
        1
 92
        1
 93
        4
 72
     1
 10
11093.37145951954
 20
11266.58746917844
 11
11092.62145951954
 21
11266.58746917844
 72
     1
 10
11092.62145951954
 20
11266.58746917844
 11
11092.62145951954
 21
11265.83746917845
 72
     1
 10
11092.62145951954
 20
11265.83746917845
 11
11093.37145951954
 21
11265.83746917845
 72
     1
 10
11093.37145951954
 20
11265.83746917845
 11
11093.37145951954
 21
11266.58746917844
 97
        0
 75
     1
 76
     1
 98
        1
 10
261.9889097317718
 20
-9.334082113477052
450
        0
451
        0
460
0.0
461
0.0
452
        0
462
0.0
453
        2
463
0.0
 63
     5
421
      255
463
1.0
 63
     2
421
 16776960
470
LINEAR
1001
GradientColor1ACI
1070
     5
1001
GradientColor2ACI
1070
     2
1001
ACAD
1010
0.0
1020
0.0
1030
0.0
  0
HATCH
  5
925
330
1F
100
AcDbEntity
  8
column
  6
ACAD_ISO02W100
440
 33554687
370
   100
100
AcDbHatch
 10
0.0
 20
0.0
 30
0.0
210
0.0
220
0.0
230
1.0
  2
SOLID
 70
     1
 71
     0
 91
        1
 92
        1
 93
        4
 72
     1
 10
11093.39717360603
 20
11257.86765026774
 11
11092.64717360603
 21
11257.86765026774
 72
     1
 10
11092.64717360603
 20
11257.86765026774
 11
11092.64717360603
 21
11257.11765026774
 72
     1
 10
11092.64717360603
 20
11257.11765026774
 11
11093.39717360603
 21
11257.11765026774
 72
     1
 10
11093.39717360603
 20
11257.11765026774
 11
11093.39717360603
 21
11257.86765026774
 97
        0
 75
     1
 76
     1
 98
        1
 10
262.0146238182642
 20
-18.05390102417732
450
        0
451
        0
460
0.0
461
0.0
452
        0
462
0.0
453
        2
463
0.0
 63
     5
421
      255
463
1.0
 63
     2
421
 16776960
470
LINEAR
1001
GradientColor1ACI
1070
     5
1001
GradientColor2ACI
1070
     2
1001
ACAD
1010
0.0
1020
0.0
1030
0.0
  0
HATCH
  5
926
330
1F
100
AcDbEntity
  8
column
  6
ACAD_ISO02W100
440
 33554687
370
   100
100
AcDbHatch
 10
0.0
 20
0.0
 30
0.0
210
0.0
220
0.0
230
1.0
  2
SOLID
 70
     1
 71
     0
 91
        1
 92
        1
 93
        4
 72
     1
 10
11093.35860660309
 20
11263.4083436616
 11
11092.60860660309
 21
11263.4083436616
 72
     1
 10
11092.60860660309
 20
11263.4083436616
 11
11092.60860660309
 21
11262.6583436616
 72
     1
 10
11092.60860660309
 20
11262.6583436616
 11
11093.35860660309
 21
11262.6583436616
 72
     1
 10
11093.35860660309
 20
11262.6583436616
 11
11093.35860660309
 21
11263.4083436616
 97
        0
 75
     1
 76
     1
 98
        1
 10
261.9760568153251
 20
-12.51320763031799
450
        0
451
        0
460
0.0
461
0.0
452
        0
462
0.0
453
        2
463
0.0
 63
     5
421
      255
463
1.0
 63
     2
421
 16776960
470
LINEAR
1001
GradientColor1ACI
1070
     5
1001
GradientColor2ACI
1070
     2
1001
ACAD
1010
0.0
1020
0.0
1030
0.0
  0
HATCH
  5
927
330
1F
100
AcDbEntity
  8
column
  6
ACAD_ISO02W100
440
 33554687
370
   100
100
AcDbHatch
 10
0.0
 20
0.0
 30
0.0
210
0.0
220
0.0
230
1.0
  2
SOLID
 70
     1
 71
     0
 91
        1
 92
        1
 93
        4
 72
     1
 10
11101.39717360603
 20
11257.86765026774
 11
11100.64717360603
 21
11257.86765026774
 72
     1
 10
11100.64717360603
 20
11257.86765026774
 11
11100.64717360603
 21
11257.11765026774
 72
     1
 10
11100.64717360603
 20
11257.11765026774
 11
11101.39717360603
 21
11257.11765026774
 72
     1
 10
11101.39717360603
 20
11257.11765026774
 11
11101.39717360603
 21
11257.86765026774
 97
        0
 75
     1
 76
     1
 98
        1
 10
270.0146238182642
 20
-18.05390102417732
450
        0
451
        0
460
0.0
461
0.0
452
        0
462
0.0
453
        2
463
0.0
 63
     5
421
      255
463
1.0
 63
     2
421
 16776960
470
LINEAR
1001
GradientColor1ACI
1070
     5
1001
GradientColor2ACI
1070
     2
1001
ACAD
1010
0.0
1020
0.0
1030
0.0
  0
HATCH
  5
928
330
1F
100
AcDbEntity
  8
column
  6
ACAD_ISO02W100
440
 33554687
370
   100
100
AcDbHatch
 10
0.0
 20
0.0
 30
0.0
210
0.0
220
0.0
230
1.0
  2
SOLID
 70
     1
 71
     0
 91
        1
 92
        1
 93
        4
 72
     1
 10
11101.39717360603
 20
11251.66765026774
 11
11100.64717360603
 21
11251.66765026774
 72
     1
 10
11100.64717360603
 20
11251.66765026774
 11
11100.64717360603
 21
11250.91765026774
 72
     1
 10
11100.64717360603
 20
11250.91765026774
 11
11101.39717360603
 21
11250.91765026774
 72
     1
 10
11101.39717360603
 20
11250.91765026774
 11
11101.39717360603
 21
11251.66765026774
 97
        0
 75
     1
 76
     1
 98
        1
 10
270.0146238182642
 20
-24.25390102417805
450
        0
451
        0
460
0.0
461
0.0
452
        0
462
0.0
453
        2
463
0.0
 63
     5
421
      255
463
1.0
 63
     2
421
 16776960
470
LINEAR
1001
GradientColor1ACI
1070
     5
1001
GradientColor2ACI
1070
     2
1001
ACAD
1010
0.0
1020
0.0
1030
0.0
  0
HATCH
  5
92A
330
1F
100
AcDbEntity
  8
column
  6
ACAD_ISO02W100
440
 33554687
370
   100
100
AcDbHatch
 10
0.0
 20
0.0
 30
0.0
210
0.0
220
0.0
230
1.0
  2
SOLID
 70
     1
 71
     0
 91
        1
 92
        1
 93
        4
 72
     1
 10
11093.39717360603
 20
11251.50765026774
 11
11092.64717360603
 21
11251.50765026774
 72
     1
 10
11092.64717360603
 20
11251.50765026774
 11
11092.64717360603
 21
11250.75765026774
 72
     1
 10
11092.64717360603
 20
11250.75765026774
 11
11093.39717360603
 21
11250.75765026774
 72
     1
 10
11093.39717360603
 20
11250.75765026774
 11
11093.39717360603
 21
11251.50765026774
 97
        0
 75
     1
 76
     1
 98
        1
 10
262.0146238182642
 20
-24.4139010241779
450
        0
451
        0
460
0.0
461
0.0
452
        0
462
0.0
453
        2
463
0.0
 63
     5
421
      255
463
1.0
 63
     2
421
 16776960
470
LINEAR
1001
GradientColor1ACI
1070
     5
1001
GradientColor2ACI
1070
     2
1001
ACAD
1010
0.0
1020
0.0
1030
0.0
  0
HATCH
  5
92B
330
1F
100
AcDbEntity
  8
column
  6
ACAD_ISO02W100
440
 33554687
370
   100
100
AcDbHatch
 10
0.0
 20
0.0
 30
0.0
210
0.0
220
0.0
230
1.0
  2
SOLID
 70
     1
 71
     0
 91
        1
 92
        1
 93
        4
 72
     1
 10
11093.39717360603
 20
11245.46765026774
 11
11092.64717360603
 21
11245.46765026774
 72
     1
 10
11092.64717360603
 20
11245.46765026774
 11
11092.64717360603
 21
11244.71765026774
 72
     1
 10
11092.64717360603
 20
11244.71765026774
 11
11093.39717360603
 21
11244.71765026774
 72
     1
 10
11093.39717360603
 20
11244.71765026774
 11
11093.39717360603
 21
11245.46765026774
 97
        0
 75
     1
 76
     1
 98
        1
 10
262.0146238182642
 20
-30.45390102417878
450
        0
451
        0
460
0.0
461
0.0
452
        0
462
0.0
453
        2
463
0.0
 63
     5
421
      255
463
1.0
 63
     2
421
 16776960
470
LINEAR
1001
GradientColor1ACI
1070
     5
1001
GradientColor2ACI
1070
     2
1001
ACAD
1010
0.0
1020
0.0
1030
0.0
  0
HATCH
  5
92F
330
1F
100
AcDbEntity
  8
column
  6
ACAD_ISO02W100
440
 33554687
370
   100
100
AcDbHatch
 10
0.0
 20
0.0
 30
0.0
210
0.0
220
0.0
230
1.0
  2
SOLID
 70
     1
 71
     0
 91
        1
 92
        1
 93
        4
 72
     1
 10
11127.53389518316
 20
11266.74909721222
 11
11126.78389518316
 21
11266.74909721222
 72
     1
 10
11126.78389518316
 20
11266.74909721222
 11
11126.78389518316
 21
11265.99909721222
 72
     1
 10
11126.78389518316
 20
11265.99909721222
 11
11127.53389518316
 21
11265.99909721222
 72
     1
 10
11127.53389518316
 20
11265.99909721222
 11
11127.53389518316
 21
11266.74909721222
 97
        0
 75
     1
 76
     1
 98
        1
 10
296.1513453953903
 20
-9.172454079704039
450
        0
451
        0
460
0.0
461
0.0
452
        0
462
0.0
453
        2
463
0.0
 63
     5
421
      255
463
1.0
 63
     2
421
 16776960
470
LINEAR
1001
GradientColor1ACI
1070
     5
1001
GradientColor2ACI
1070
     2
1001
ACAD
1010
0.0
1020
0.0
1030
0.0
  0
LINE
  5
934
330
1F
100
AcDbEntity
  8
0
  6
Continuous
 48
2.0
370
   100
100
AcDbLine
 10
11092.90048153267
 20
11275.29219779213
 30
0.0
 11
11092.90048153267
 21
11265.83509779213
 31
0.0
  0
HATCH
  5
936
330
1F
100
AcDbEntity
  8
column
  6
ACAD_ISO02W100
440
 33554687
370
   100
100
AcDbHatch
 10
0.0
 20
0.0
 30
0.0
210
0.0
220
0.0
230
1.0
  2
SOLID
 70
     1
 71
     0
 91
        1
 92
        1
 93
        4
 72
     1
 10
11100.44672487691
 20
11263.4083436616
 11
11099.69672487691
 21
11263.4083436616
 72
     1
 10
11099.69672487691
 20
11263.4083436616
 11
11099.69672487691
 21
11262.6583436616
 72
     1
 10
11099.69672487691
 20
11262.6583436616
 11
11100.44672487691
 21
11262.6583436616
 72
     1
 10
11100.44672487691
 20
11262.6583436616
 11
11100.44672487691
 21
11263.4083436616
 97
        0
 75
     1
 76
     1
 98
        1
 10
269.0641750891427
 20
-12.51320763031799
450
        0
451
        0
460
0.0
461
0.0
452
        0
462
0.0
453
        2
463
0.0
 63
     5
421
      255
463
1.0
 63
     2
421
 16776960
470
LINEAR
1001
GradientColor1ACI
1070
     5
1001
GradientColor2ACI
1070
     2
1001
ACAD
1010
0.0
1020
0.0
1030
0.0
  0
LINE
  5
937
330
1F
100
AcDbEntity
  8
0
  6
Continuous
 48
2.0
370
   100
100
AcDbLine
 10
11092.90048153267
 20
11262.89219779213
 30
0.0
 11
11092.90048153267
 21
11262.65869779213
 31
0.0
  0
LINE
  5
939
330
1F
100
AcDbEntity
  8
0
  6
Continuous
 48
2.0
370
   100
100
AcDbLine
 10
11092.90048153267
 20
11262.65869779213
 30
0.0
 11
11092.90048153267
 21
11257.11829779213
 31
0.0
  0
LINE
  5
93B
330
1F
100
AcDbEntity
  8
0
  6
Continuous
 48
2.0
370
   100
100
AcDbLine
 10
11092.90048153267
 20
11262.65869779213
 30
0.0
 11
11092.90048153267
 21
11250.91809779213
 31
0.0
  0
LINE
  5
93D
330
1F
100
AcDbEntity
  8
0
  6
Continuous
 48
2.0
370
   100
100
AcDbLine
 10
11092.90048153267
 20
11262.65869779213
 30
0.0
 11
11092.90048153267
 21
11244.71489779213
 31
0.0
  0
HATCH
  5
93F
330
1F
100
AcDbEntity
  8
column
  6
ACAD_ISO02W100
440
 33554687
370
   100
100
AcDbHatch
 10
0.0
 20
0.0
 30
0.0
210
0.0
220
0.0
230
1.0
  2
SOLID
 70
     1
 71
     0
 91
        1
 92
        1
 93
        4
 72
     1
 10
11101.32906619073
 20
11245.46765026774
 11
11100.57906619073
 21
11245.46765026774
 72
     1
 10
11100.57906619073
 20
11245.46765026774
 11
11100.57906619073
 21
11244.71765026774
 72
     1
 10
11100.57906619073
 20
11244.71765026774
 11
11101.32906619073
 21
11244.71765026774
 72
     1
 10
11101.32906619073
 20
11244.71765026774
 11
11101.32906619073
 21
11245.46765026774
 97
        0
 75
     1
 76
     1
 98
        1
 10
269.9465164029589
 20
-30.45390102417878
450
        0
451
        0
460
0.0
461
0.0
452
        0
462
0.0
453
        2
463
0.0
 63
     5
421
      255
463
1.0
 63
     2
421
 16776960
470
LINEAR
1001
GradientColor1ACI
1070
     5
1001
GradientColor2ACI
1070
     2
1001
ACAD
1010
0.0
1020
0.0
1030
0.0
  0
HATCH
  5
940
330
1F
100
AcDbEntity
  8
column
  6
ACAD_ISO02W100
440
 33554687
370
   100
100
AcDbHatch
 10
0.0
 20
0.0
 30
0.0
210
0.0
220
0.0
230
1.0
  2
SOLID
 70
     1
 71
     0
 91
        1
 92
        1
 93
        4
 72
     1
 10
11103.27689050803
 20
11266.54047616936
 11
11102.52689050803
 21
11266.54047616936
 72
     1
 10
11102.52689050803
 20
11266.54047616936
 11
11102.52689050803
 21
11265.79047616936
 72
     1
 10
11102.52689050803
 20
11265.79047616936
 11
11103.27689050803
 21
11265.79047616936
 72
     1
 10
11103.27689050803
 20
11265.79047616936
 11
11103.27689050803
 21
11266.54047616936
 97
        0
 75
     1
 76
     1
 98
        1
 10
271.894340720266
 20
-9.381075122564652
450
        0
451
        0
460
0.0
461
0.0
452
        0
462
0.0
453
        2
463
0.0
 63
     5
421
      255
463
1.0
 63
     2
421
 16776960
470
LINEAR
1001
GradientColor1ACI
1070
     5
1001
GradientColor2ACI
1070
     2
1001
ACAD
1010
0.0
1020
0.0
1030
0.0
  0
HATCH
  5
943
330
1F
100
AcDbEntity
  8
column
  6
ACAD_ISO02W100
440
 33554687
370
   100
100
AcDbHatch
 10
0.0
 20
0.0
 30
0.0
210
0.0
220
0.0
230
1.0
  2
SOLID
 70
     1
 71
     0
 91
        1
 92
        1
 93
        4
 72
     1
 10
11103.27689050803
 20
11266.54047616936
 11
11102.52689050803
 21
11266.54047616936
 72
     1
 10
11102.52689050803
 20
11266.54047616936
 11
11102.52689050803
 21
11265.79047616936
 72
     1
 10
11102.52689050803
 20
11265.79047616936
 11
11103.27689050803
 21
11265.79047616936
 72
     1
 10
11103.27689050803
 20
11265.79047616936
 11
11103.27689050803
 21
11266.54047616936
 97
        0
 75
     1
 76
     1
 98
        1
 10
271.894340720266
 20
-9.381075122564652
450
        0
451
        0
460
0.0
461
0.0
452
        0
462
0.0
453
        2
463
0.0
 63
     5
421
      255
463
1.0
 63
     2
421
 16776960
470
LINEAR
1001
GradientColor1ACI
1070
     5
1001
GradientColor2ACI
1070
     2
1001
ACAD
1010
0.0
1020
0.0
1030
0.0
  0
HATCH
  5
946
330
1F
100
AcDbEntity
  8
column
  6
ACAD_ISO02W100
440
 33554687
370
   100
100
AcDbHatch
 10
0.0
 20
0.0
 30
0.0
210
0.0
220
0.0
230
1.0
  2
SOLID
 70
     1
 71
     0
 91
        1
 92
        1
 93
        4
 72
     1
 10
11103.27689050803
 20
11266.54047616936
 11
11102.52689050803
 21
11266.54047616936
 72
     1
 10
11102.52689050803
 20
11266.54047616936
 11
11102.52689050803
 21
11265.79047616936
 72
     1
 10
11102.52689050803
 20
11265.79047616936
 11
11103.27689050803
 21
11265.79047616936
 72
     1
 10
11103.27689050803
 20
11265.79047616936
 11
11103.27689050803
 21
11266.54047616936
 97
        0
 75
     1
 76
     1
 98
        1
 10
271.894340720266
 20
-9.381075122564652
450
        0
451
        0
460
0.0
461
0.0
452
        0
462
0.0
453
        2
463
0.0
 63
     5
421
      255
463
1.0
 63
     2
421
 16776960
470
LINEAR
1001
GradientColor1ACI
1070
     5
1001
GradientColor2ACI
1070
     2
1001
ACAD
1010
0.0
1020
0.0
1030
0.0
  0
HATCH
  5
949
330
1F
100
AcDbEntity
  8
column
  6
ACAD_ISO02W100
440
 33554687
370
   100
100
AcDbHatch
 10
0.0
 20
0.0
 30
0.0
210
0.0
220
0.0
230
1.0
  2
SOLID
 70
     1
 71
     0
 91
        1
 92
        1
 93
        4
 72
     1
 10
11120.50048153267
 20
11266.59007138516
 11
11119.75048153267
 21
11266.59007138516
 72
     1
 10
11119.75048153267
 20
11266.59007138516
 11
11119.75048153267
 21
11265.84007138517
 72
     1
 10
11119.75048153267
 20
11265.84007138517
 11
11120.50048153267
 21
11265.84007138517
 72
     1
 10
11120.50048153267
 20
11265.84007138517
 11
11120.50048153267
 21
11266.59007138516
 97
        0
 75
     1
 76
     1
 98
        1
 10
289.1179317449041
 20
-9.331479906755703
450
        0
451
        0
460
0.0
461
0.0
452
        0
462
0.0
453
        2
463
0.0
 63
     5
421
      255
463
1.0
 63
     2
421
 16776960
470
LINEAR
1001
GradientColor1ACI
1070
     5
1001
GradientColor2ACI
1070
     2
1001
ACAD
1010
0.0
1020
0.0
1030
0.0
  0
HATCH
  5
94A
330
1F
100
AcDbEntity
  8
column
  6
ACAD_ISO02W100
440
 33554687
370
   100
100
AcDbHatch
 10
0.0
 20
0.0
 30
0.0
210
0.0
220
0.0
230
1.0
  2
SOLID
 70
     1
 71
     0
 91
        1
 92
        1
 93
        4
 72
     1
 10
11116.30048153267
 20
11266.59007138516
 11
11115.55048153267
 21
11266.59007138516
 72
     1
 10
11115.55048153267
 20
11266.59007138516
 11
11115.55048153267
 21
11265.84007138517
 72
     1
 10
11115.55048153267
 20
11265.84007138517
 11
11116.30048153267
 21
11265.84007138517
 72
     1
 10
11116.30048153267
 20
11265.84007138517
 11
11116.30048153267
 21
11266.59007138516
 97
        0
 75
     1
 76
     1
 98
        1
 10
284.9179317449034
 20
-9.331479906755703
450
        0
451
        0
460
0.0
461
0.0
452
        0
462
0.0
453
        2
463
0.0
 63
     5
421
      255
463
1.0
 63
     2
421
 16776960
470
LINEAR
1001
GradientColor1ACI
1070
     5
1001
GradientColor2ACI
1070
     2
1001
ACAD
1010
0.0
1020
0.0
1030
0.0
  0
HATCH
  5
94B
330
1F
100
AcDbEntity
  8
column
  6
ACAD_ISO02W100
440
 33554687
370
   100
100
AcDbHatch
 10
0.0
 20
0.0
 30
0.0
210
0.0
220
0.0
230
1.0
  2
SOLID
 70
     1
 71
     0
 91
        1
 92
        1
 93
        4
 72
     1
 10
11110.89692188149
 20
11266.59007138516
 11
11110.14692188149
 21
11266.59007138516
 72
     1
 10
11110.14692188149
 20
11266.59007138516
 11
11110.14692188149
 21
11265.84007138517
 72
     1
 10
11110.14692188149
 20
11265.84007138517
 11
11110.89692188149
 21
11265.84007138517
 72
     1
 10
11110.89692188149
 20
11265.84007138517
 11
11110.89692188149
 21
11266.59007138516
 97
        0
 75
     1
 76
     1
 98
        1
 10
279.5143720937231
 20
-9.331479906755703
450
        0
451
        0
460
0.0
461
0.0
452
        0
462
0.0
453
        2
463
0.0
 63
     5
421
      255
463
1.0
 63
     2
421
 16776960
470
LINEAR
1001
GradientColor1ACI
1070
     5
1001
GradientColor2ACI
1070
     2
1001
ACAD
1010
0.0
1020
0.0
1030
0.0
  0
HATCH
  5
94C
330
1F
100
AcDbEntity
  8
column
  6
ACAD_ISO02W100
440
 33554687
370
   100
100
AcDbHatch
 10
0.0
 20
0.0
 30
0.0
210
0.0
220
0.0
230
1.0
  2
SOLID
 70
     1
 71
     0
 91
        1
 92
        1
 93
        4
 72
     1
 10
11103.27689050803
 20
11263.36407616935
 11
11102.52689050803
 21
11263.36407616935
 72
     1
 10
11102.52689050803
 20
11263.36407616935
 11
11102.52689050803
 21
11262.61407616935
 72
     1
 10
11102.52689050803
 20
11262.61407616935
 11
11103.27689050803
 21
11262.61407616935
 72
     1
 10
11103.27689050803
 20
11262.61407616935
 11
11103.27689050803
 21
11263.36407616935
 97
        0
 75
     1
 76
     1
 98
        1
 10
271.894340720266
 20
-12.55747512256675
450
        0
451
        0
460
0.0
461
0.0
452
        0
462
0.0
453
        2
463
0.0
 63
     5
421
      255
463
1.0
 63
     2
421
 16776960
470
LINEAR
1001
GradientColor1ACI
1070
     5
1001
GradientColor2ACI
1070
     2
1001
ACAD
1010
0.0
1020
0.0
1030
0.0
  0
HATCH
  5
94F
330
1F
100
AcDbEntity
  8
column
  6
ACAD_ISO02W100
440
 33554687
370
   100
100
AcDbHatch
 10
0.0
 20
0.0
 30
0.0
210
0.0
220
0.0
230
1.0
  2
SOLID
 70
     1
 71
     0
 91
        1
 92
        1
 93
        4
 72
     1
 10
11120.50048153267
 20
11263.41030590332
 11
11119.75048153267
 21
11263.41030590332
 72
     1
 10
11119.75048153267
 20
11263.41030590332
 11
11119.75048153267
 21
11262.66030590332
 72
     1
 10
11119.75048153267
 20
11262.66030590332
 11
11120.50048153267
 21
11262.66030590332
 72
     1
 10
11120.50048153267
 20
11262.66030590332
 11
11120.50048153267
 21
11263.41030590332
 97
        0
 75
     1
 76
     1
 98
        1
 10
289.1179317449041
 20
-12.51124538860131
450
        0
451
        0
460
0.0
461
0.0
452
        0
462
0.0
453
        2
463
0.0
 63
     5
421
      255
463
1.0
 63
     2
421
 16776960
470
LINEAR
1001
GradientColor1ACI
1070
     5
1001
GradientColor2ACI
1070
     2
1001
ACAD
1010
0.0
1020
0.0
1030
0.0
  0
HATCH
  5
950
330
1F
100
AcDbEntity
  8
column
  6
ACAD_ISO02W100
440
 33554687
370
   100
100
AcDbHatch
 10
0.0
 20
0.0
 30
0.0
210
0.0
220
0.0
230
1.0
  2
SOLID
 70
     1
 71
     0
 91
        1
 92
        1
 93
        4
 72
     1
 10
11116.30048153267
 20
11263.41030590332
 11
11115.55048153267
 21
11263.41030590332
 72
     1
 10
11115.55048153267
 20
11263.41030590332
 11
11115.55048153267
 21
11262.66030590332
 72
     1
 10
11115.55048153267
 20
11262.66030590332
 11
11116.30048153267
 21
11262.66030590332
 72
     1
 10
11116.30048153267
 20
11262.66030590332
 11
11116.30048153267
 21
11263.41030590332
 97
        0
 75
     1
 76
     1
 98
        1
 10
284.9179317449034
 20
-12.51124538860131
450
        0
451
        0
460
0.0
461
0.0
452
        0
462
0.0
453
        2
463
0.0
 63
     5
421
      255
463
1.0
 63
     2
421
 16776960
470
LINEAR
1001
GradientColor1ACI
1070
     5
1001
GradientColor2ACI
1070
     2
1001
ACAD
1010
0.0
1020
0.0
1030
0.0
  0
HATCH
  5
951
330
1F
100
AcDbEntity
  8
column
  6
ACAD_ISO02W100
440
 33554687
370
   100
100
AcDbHatch
 10
0.0
 20
0.0
 30
0.0
210
0.0
220
0.0
230
1.0
  2
SOLID
 70
     1
 71
     0
 91
        1
 92
        1
 93
        4
 72
     1
 10
11110.89692188149
 20
11263.41030590332
 11
11110.14692188149
 21
11263.41030590332
 72
     1
 10
11110.14692188149
 20
11263.41030590332
 11
11110.14692188149
 21
11262.66030590332
 72
     1
 10
11110.14692188149
 20
11262.66030590332
 11
11110.89692188149
 21
11262.66030590332
 72
     1
 10
11110.89692188149
 20
11262.66030590332
 11
11110.89692188149
 21
11263.41030590332
 97
        0
 75
     1
 76
     1
 98
        1
 10
279.5143720937231
 20
-12.51124538860131
450
        0
451
        0
460
0.0
461
0.0
452
        0
462
0.0
453
        2
463
0.0
 63
     5
421
      255
463
1.0
 63
     2
421
 16776960
470
LINEAR
1001
GradientColor1ACI
1070
     5
1001
GradientColor2ACI
1070
     2
1001
ACAD
1010
0.0
1020
0.0
1030
0.0
  0
HATCH
  5
952
330
1F
100
AcDbEntity
  8
column
  6
ACAD_ISO02W100
440
 33554687
370
   100
100
AcDbHatch
 10
0.0
 20
0.0
 30
0.0
210
0.0
220
0.0
230
1.0
  2
SOLID
 70
     1
 71
     0
 91
        1
 92
        1
 93
        4
 72
     1
 10
11120.50048153267
 20
11257.8675392732
 11
11119.75048153267
 21
11257.8675392732
 72
     1
 10
11119.75048153267
 20
11257.8675392732
 11
11119.75048153267
 21
11257.1175392732
 72
     1
 10
11119.75048153267
 20
11257.1175392732
 11
11120.50048153267
 21
11257.1175392732
 72
     1
 10
11120.50048153267
 20
11257.1175392732
 11
11120.50048153267
 21
11257.8675392732
 97
        0
 75
     1
 76
     1
 98
        1
 10
289.1179317449041
 20
-18.05401201871973
450
        0
451
        0
460
0.0
461
0.0
452
        0
462
0.0
453
        2
463
0.0
 63
     5
421
      255
463
1.0
 63
     2
421
 16776960
470
LINEAR
1001
GradientColor1ACI
1070
     5
1001
GradientColor2ACI
1070
     2
1001
ACAD
1010
0.0
1020
0.0
1030
0.0
  0
HATCH
  5
953
330
1F
100
AcDbEntity
  8
column
  6
ACAD_ISO02W100
440
 33554687
370
   100
100
AcDbHatch
 10
0.0
 20
0.0
 30
0.0
210
0.0
220
0.0
230
1.0
  2
SOLID
 70
     1
 71
     0
 91
        1
 92
        1
 93
        4
 72
     1
 10
11116.30048153267
 20
11257.8675392732
 11
11115.55048153267
 21
11257.8675392732
 72
     1
 10
11115.55048153267
 20
11257.8675392732
 11
11115.55048153267
 21
11257.1175392732
 72
     1
 10
11115.55048153267
 20
11257.1175392732
 11
11116.30048153267
 21
11257.1175392732
 72
     1
 10
11116.30048153267
 20
11257.1175392732
 11
11116.30048153267
 21
11257.8675392732
 97
        0
 75
     1
 76
     1
 98
        1
 10
284.9179317449034
 20
-18.05401201871973
450
        0
451
        0
460
0.0
461
0.0
452
        0
462
0.0
453
        2
463
0.0
 63
     5
421
      255
463
1.0
 63
     2
421
 16776960
470
LINEAR
1001
GradientColor1ACI
1070
     5
1001
GradientColor2ACI
1070
     2
1001
ACAD
1010
0.0
1020
0.0
1030
0.0
  0
HATCH
  5
954
330
1F
100
AcDbEntity
  8
column
  6
ACAD_ISO02W100
440
 33554687
370
   100
100
AcDbHatch
 10
0.0
 20
0.0
 30
0.0
210
0.0
220
0.0
230
1.0
  2
SOLID
 70
     1
 71
     0
 91
        1
 92
        1
 93
        4
 72
     1
 10
11110.89692188149
 20
11257.8675392732
 11
11110.14692188149
 21
11257.8675392732
 72
     1
 10
11110.14692188149
 20
11257.8675392732
 11
11110.14692188149
 21
11257.1175392732
 72
     1
 10
11110.14692188149
 20
11257.1175392732
 11
11110.89692188149
 21
11257.1175392732
 72
     1
 10
11110.89692188149
 20
11257.1175392732
 11
11110.89692188149
 21
11257.8675392732
 97
        0
 75
     1
 76
     1
 98
        1
 10
279.5143720937231
 20
-18.05401201871973
450
        0
451
        0
460
0.0
461
0.0
452
        0
462
0.0
453
        2
463
0.0
 63
     5
421
      255
463
1.0
 63
     2
421
 16776960
470
LINEAR
1001
GradientColor1ACI
1070
     5
1001
GradientColor2ACI
1070
     2
1001
ACAD
1010
0.0
1020
0.0
1030
0.0
  0
HATCH
  5
955
330
1F
100
AcDbEntity
  8
column
  6
ACAD_ISO02W100
440
 33554687
370
   100
100
AcDbHatch
 10
0.0
 20
0.0
 30
0.0
210
0.0
220
0.0
230
1.0
  2
SOLID
 70
     1
 71
     0
 91
        1
 92
        1
 93
        4
 72
     1
 10
11120.50048153267
 20
11251.66870915499
 11
11119.75048153267
 21
11251.66870915499
 72
     1
 10
11119.75048153267
 20
11251.66870915499
 11
11119.75048153267
 21
11250.91870915499
 72
     1
 10
11119.75048153267
 20
11250.91870915499
 11
11120.50048153267
 21
11250.91870915499
 72
     1
 10
11120.50048153267
 20
11250.91870915499
 11
11120.50048153267
 21
11251.66870915499
 97
        0
 75
     1
 76
     1
 98
        1
 10
289.1179317449041
 20
-24.2528421369334
450
        0
451
        0
460
0.0
461
0.0
452
        0
462
0.0
453
        2
463
0.0
 63
     5
421
      255
463
1.0
 63
     2
421
 16776960
470
LINEAR
1001
GradientColor1ACI
1070
     5
1001
GradientColor2ACI
1070
     2
1001
ACAD
1010
0.0
1020
0.0
1030
0.0
  0
HATCH
  5
956
330
1F
100
AcDbEntity
  8
column
  6
ACAD_ISO02W100
440
 33554687
370
   100
100
AcDbHatch
 10
0.0
 20
0.0
 30
0.0
210
0.0
220
0.0
230
1.0
  2
SOLID
 70
     1
 71
     0
 91
        1
 92
        1
 93
        4
 72
     1
 10
11116.30048153267
 20
11251.66870915499
 11
11115.55048153267
 21
11251.66870915499
 72
     1
 10
11115.55048153267
 20
11251.66870915499
 11
11115.55048153267
 21
11250.91870915499
 72
     1
 10
11115.55048153267
 20
11250.91870915499
 11
11116.30048153267
 21
11250.91870915499
 72
     1
 10
11116.30048153267
 20
11250.91870915499
 11
11116.30048153267
 21
11251.66870915499
 97
        0
 75
     1
 76
     1
 98
        1
 10
284.9179317449034
 20
-24.2528421369334
450
        0
451
        0
460
0.0
461
0.0
452
        0
462
0.0
453
        2
463
0.0
 63
     5
421
      255
463
1.0
 63
     2
421
 16776960
470
LINEAR
1001
GradientColor1ACI
1070
     5
1001
GradientColor2ACI
1070
     2
1001
ACAD
1010
0.0
1020
0.0
1030
0.0
  0
HATCH
  5
957
330
1F
100
AcDbEntity
  8
column
  6
ACAD_ISO02W100
440
 33554687
370
   100
100
AcDbHatch
 10
0.0
 20
0.0
 30
0.0
210
0.0
220
0.0
230
1.0
  2
SOLID
 70
     1
 71
     0
 91
        1
 92
        1
 93
        4
 72
     1
 10
11110.89692188149
 20
11251.66870915499
 11
11110.14692188149
 21
11251.66870915499
 72
     1
 10
11110.14692188149
 20
11251.66870915499
 11
11110.14692188149
 21
11250.91870915499
 72
     1
 10
11110.14692188149
 20
11250.91870915499
 11
11110.89692188149
 21
11250.91870915499
 72
     1
 10
11110.89692188149
 20
11250.91870915499
 11
11110.89692188149
 21
11251.66870915499
 97
        0
 75
     1
 76
     1
 98
        1
 10
279.5143720937231
 20
-24.2528421369334
450
        0
451
        0
460
0.0
461
0.0
452
        0
462
0.0
453
        2
463
0.0
 63
     5
421
      255
463
1.0
 63
     2
421
 16776960
470
LINEAR
1001
GradientColor1ACI
1070
     5
1001
GradientColor2ACI
1070
     2
1001
ACAD
1010
0.0
1020
0.0
1030
0.0
  0
HATCH
  5
958
330
1F
100
AcDbEntity
  8
column
  6
ACAD_ISO02W100
440
 33554687
370
   100
100
AcDbHatch
 10
0.0
 20
0.0
 30
0.0
210
0.0
220
0.0
230
1.0
  2
SOLID
 70
     1
 71
     0
 91
        1
 92
        1
 93
        4
 72
     1
 10
11120.50048153267
 20
11245.46690922363
 11
11119.75048153267
 21
11245.46690922363
 72
     1
 10
11119.75048153267
 20
11245.46690922363
 11
11119.75048153267
 21
11244.71690922363
 72
     1
 10
11119.75048153267
 20
11244.71690922363
 11
11120.50048153267
 21
11244.71690922363
 72
     1
 10
11120.50048153267
 20
11244.71690922363
 11
11120.50048153267
 21
11245.46690922363
 97
        0
 75
     1
 76
     1
 98
        1
 10
289.1179317449041
 20
-30.45464206829456
450
        0
451
        0
460
0.0
461
0.0
452
        0
462
0.0
453
        2
463
0.0
 63
     5
421
      255
463
1.0
 63
     2
421
 16776960
470
LINEAR
1001
GradientColor1ACI
1070
     5
1001
GradientColor2ACI
1070
     2
1001
ACAD
1010
0.0
1020
0.0
1030
0.0
  0
HATCH
  5
959
330
1F
100
AcDbEntity
  8
column
  6
ACAD_ISO02W100
440
 33554687
370
   100
100
AcDbHatch
 10
0.0
 20
0.0
 30
0.0
210
0.0
220
0.0
230
1.0
  2
SOLID
 70
     1
 71
     0
 91
        1
 92
        1
 93
        4
 72
     1
 10
11116.30048153267
 20
11245.46690922363
 11
11115.55048153267
 21
11245.46690922363
 72
     1
 10
11115.55048153267
 20
11245.46690922363
 11
11115.55048153267
 21
11244.71690922363
 72
     1
 10
11115.55048153267
 20
11244.71690922363
 11
11116.30048153267
 21
11244.71690922363
 72
     1
 10
11116.30048153267
 20
11244.71690922363
 11
11116.30048153267
 21
11245.46690922363
 97
        0
 75
     1
 76
     1
 98
        1
 10
284.9179317449034
 20
-30.45464206829456
450
        0
451
        0
460
0.0
461
0.0
452
        0
462
0.0
453
        2
463
0.0
 63
     5
421
      255
463
1.0
 63
     2
421
 16776960
470
LINEAR
1001
GradientColor1ACI
1070
     5
1001
GradientColor2ACI
1070
     2
1001
ACAD
1010
0.0
1020
0.0
1030
0.0
  0
HATCH
  5
95A
330
1F
100
AcDbEntity
  8
column
  6
ACAD_ISO02W100
440
 33554687
370
   100
100
AcDbHatch
 10
0.0
 20
0.0
 30
0.0
210
0.0
220
0.0
230
1.0
  2
SOLID
 70
     1
 71
     0
 91
        1
 92
        1
 93
        4
 72
     1
 10
11110.89692188149
 20
11245.46690922363
 11
11110.14692188149
 21
11245.46690922363
 72
     1
 10
11110.14692188149
 20
11245.46690922363
 11
11110.14692188149
 21
11244.71690922363
 72
     1
 10
11110.14692188149
 20
11244.71690922363
 11
11110.89692188149
 21
11244.71690922363
 72
     1
 10
11110.89692188149
 20
11244.71690922363
 11
11110.89692188149
 21
11245.46690922363
 97
        0
 75
     1
 76
     1
 98
        1
 10
279.5143720937231
 20
-30.45464206829456
450
        0
451
        0
460
0.0
461
0.0
452
        0
462
0.0
453
        2
463
0.0
 63
     5
421
      255
463
1.0
 63
     2
421
 16776960
470
LINEAR
1001
GradientColor1ACI
1070
     5
1001
GradientColor2ACI
1070
     2
1001
ACAD
1010
0.0
1020
0.0
1030
0.0
  0
MTEXT
  5
95B
330
1F
100
AcDbEntity
  8
0
  6
Continuous
 48
2.0
370
   100
100
AcDbMText
 10
11098.3215400211
 20
11273.0671055257
 30
0.0
 40
0.4
 41
2.700416522511659
 46
0.0
 71
     1
 72
     5
  1
\pxqc;WAITING LOUNGE\P\pq*;  5 x 6 m
 73
     1
 44
1.0
101
Embedded Object
 70
     1
 10
1.0
 20
0.0
 30
0.0
 11
11098.3215400211
 21
11273.0671055257
 31
0.0
 40
2.700416522511659
 41
0.0
 42
2.348431105047749
 43
1.755707139608913
 71
     2
 72
     1
 44
2.700416522511659
 45
0.0
 73
     0
 74
     0
 46
1.993548099628926
  0
MTEXT
  5
95C
330
1F
100
AcDbEntity
  8
0
  6
Continuous
 48
2.0
370
   100
100
AcDbMText
 10
11092.90048153267
 20
11275.05942665122
 30
0.0
 40
0.2
 41
2.700416522511659
 46
0.0
 71
     1
 72
     5
  1
\pxqc;W.R\P\pq*;          4 x 4 m
 73
     1
 44
1.0
101
Embedded Object
 70
     1
 10
1.0
 20
0.0
 30
0.0
 11
11092.90048153267
 21
11275.05942665122
 31
0.0
 40
2.700416522511659
 41
0.0
 42
1.674351978171896
 43
0.5333333333333333
 71
     2
 72
     1
 44
2.700416522511659
 45
0.0
 73
     0
 74
     0
 46
1.993548099628926
  0
MTEXT
  5
95D
330
1F
100
AcDbEntity
  8
0
  6
Continuous
 48
2.0
370
   100
100
AcDbMText
 10
11102.49929498437
 20
11274.62957304208
 30
0.0
 40
0.4
 41
2.700416522511659
 46
0.0
 71
     1
 72
     5
  1
\pxqc;BILLING COUNTER\P\pq*;  3 x 3 m
 73
     1
 44
1.0
101
Embedded Object
 70
     1
 10
1.0
 20
0.0
 30
0.0
 11
11102.49929498437
 21
11274.62957304208
 31
0.0
 40
2.700416522511659
 41
0.0
 42
2.727967257844475
 43
1.755979990904956
 71
     2
 72
     1
 44
2.700416522511659
 45
0.0
 73
     0
 74
     0
 46
1.993548099628926
  0
MTEXT
  5
95E
330
1F
100
AcDbEntity
  8
0
  6
Continuous
 48
2.0
370
   100
100
AcDbMText
 10
11092.94599187545
 20
11270.28791588936
 30
0.0
 40
0.4
 41
2.700416522511659
 46
0.0
 71
     1
 72
     5
  1
\pxqc; STORE ROOM \P3 x 6 m
 73
     1
 44
1.0
101
Embedded Object
 70
     1
 10
1.0
 20
0.0
 30
0.0
 11
11092.94599187545
 21
11270.28791588936
 31
0.0
 40
2.700416522511659
 41
0.0
 42
2.050204638472032
 43
1.756252842201
 71
     2
 72
     1
 44
2.700416522511659
 45
0.0
 73
     0
 74
     0
 46
1.993548099628926
  0
MTEXT
  5
95F
330
1F
100
AcDbEntity
  8
0
  6
Continuous
 48
2.0
370
   100
100
AcDbMText
 10
11093.4603375707
 20
11265.52701828832
 30
0.0
 40
0.4
 41
2.700416522511659
 46
0.0
 71
     1
 72
     5
  1
\pxqc;T.R\P4 x 3 m
 73
     1
 44
1.0
101
Embedded Object
 70
     1
 10
1.0
 20
0.0
 30
0.0
 11
11093.4603375707
 21
11265.52701828832
 31
0.0
 40
2.700416522511659
 41
0.0
 42
1.789085948158253
 43
1.075397908140063
 71
     2
 72
     1
 44
2.700416522511659
 45
0.0
 73
     0
 74
     0
 46
1.993548099628926
  0
MTEXT
  5
960
330
1F
100
AcDbEntity
  8
0
  6
Continuous
 48
2.0
370
   100
100
AcDbMText
 10
11097.31291931904
 20
11265.60066276969
 30
0.0
 40
0.4
 41
2.700416522511659
 46
0.0
 71
     1
 72
     5
  1
\pxqc;S.M CABIN \P3 x 3 m
 73
     1
 44
1.0
101
Embedded Object
 70
     1
 10
1.0
 20
0.0
 30
0.0
 11
11097.31291931904
 21
11265.60066276969
 31
0.0
 40
2.700416522511659
 41
0.0
 42
1.772714870395634
 43
1.755707139608913
 71
     2
 72
     1
 44
2.700416522511659
 45
0.0
 73
     0
 74
     0
 46
1.993548099628926
  0
MTEXT
  5
961
330
1F
100
AcDbEntity
  8
0
  6
Continuous
 48
2.0
370
   100
100
AcDbMText
 10
11093.57064897962
 20
11260.11488979555
 30
0.0
 40
0.4
 41
2.700416522511659
 46
0.0
 71
     1
 72
     5
  1
\pxqc;R.P.S.R\P4 x 3 m
 73
     1
 44
1.0
101
Embedded Object
 70
     1
 10
1.0
 20
0.0
 30
0.0
 11
11093.57064897962
 21
11260.11488979555
 31
0.0
 40
2.700416522511659
 41
0.0
 42
1.967257844474761
 43
1.082219190541155
 71
     2
 72
     1
 44
2.700416522511659
 45
0.0
 73
     0
 74
     0
 46
1.993548099628926
  0
MTEXT
  5
962
330
1F
100
AcDbEntity
  8
0
  6
Continuous
 48
2.0
370
   100
100
AcDbMText
 10
11095.38885072629
 20
11255.26525846492
 30
0.0
 40
0.4
 41
5.565983442396827
 46
0.0
 71
     1
 72
     5
  1
\pxqc; PAINTING ROOM 1\P8 x 6 m\P\pq*;\P\P\pt3;\P\ptz;
 73
     1
 44
1.0
101
Embedded Object
 70
     1
 10
1.0
 20
0.0
 30
0.0
 11
11095.38885072629
 21
11255.26525846492
 31
0.0
 40
5.565983442396827
 41
0.0
 42
5.565983442396827
 43
2.399999999999999
 71
     2
 72
     2
 44
2.782991721198413
 45
0.0
 73
     0
 74
     0
 46
1.993548099628926
 46
0.0
  0
MTEXT
  5
963
330
1F
100
AcDbEntity
  8
0
  6
Continuous
 48
2.0
370
   100
100
AcDbMText
 10
11095.47773372981
 20
11249.29170776346
 30
0.0
 40
0.4
 41
2.700416522511659
 46
0.0
 71
     1
 72
     5
  1
\pxqc;PAINTING ROOM 2\P8 x 6 m
 73
     1
 44
1.0
101
Embedded Object
 70
     1
 10
1.0
 20
0.0
 30
0.0
 11
11095.47773372981
 21
11249.29170776346
 31
0.0
 40
2.700416522511659
 41
0.0
 42
2.560982264665757
 43
1.755707139608913
 71
     2
 72
     1
 44
2.700416522511659
 45
0.0
 73
     0
 74
     0
 46
1.993548099628926
  0
MTEXT
  5
964
330
1F
100
AcDbEntity
  8
0
  6
Continuous
 48
2.0
370
   100
100
AcDbMText
 10
11094.48487010131
 20
11243.8828959675
 30
0.0
 40
0.4
 41
2.700416522511659
 46
0.0
 71
     1
 72
     5
  1
\pxqc;W.R\P3 x 3 m
 73
     1
 44
1.0
101
Embedded Object
 70
     1
 10
1.0
 20
0.0
 30
0.0
 11
11094.48487010131
 21
11243.8828959675
 31
0.0
 40
2.700416522511659
 41
0.0
 42
1.772714870395634
 43
1.075397908140063
 71
     2
 72
     1
 44
2.700416522511659
 45
0.0
 73
     0
 74
     0
 46
1.993548099628926
  0
MTEXT
  5
965
330
1F
100
AcDbEntity
  8
0
  6
Continuous
 48
2.0
370
   100
100
AcDbMText
 10
11093.57639554766
 20
11238.96859735852
 30
0.0
 40
0.4
 41
2.700416522511659
 46
0.0
 71
     1
 72
     5
  1
\pxqc;TOOL ROOM\P3 x 6 m
 73
     1
 44
1.0
101
Embedded Object
 70
     1
 10
1.0
 20
0.0
 30
0.0
 11
11093.57639554766
 21
11238.96859735852
 31
0.0
 40
2.700416522511659
 41
0.0
 42
1.772714870395634
 43
1.756252842201
 71
     2
 72
     1
 44
2.700416522511659
 45
0.0
 73
     0
 74
     0
 46
1.993548099628926
  0
MTEXT
  5
966
330
1F
100
AcDbEntity
  8
0
  6
Continuous
 48
2.0
370
   100
100
AcDbMText
 10
11097.71515019406
 20
11237.10840685634
 30
0.0
 40
0.4
 41
2.700416522511659
 46
0.0
 71
     1
 72
     5
  1
\pxqc;DINING ROOM\P\pq*;  4 x 3 m 
 73
     1
 44
1.0
101
Embedded Object
 70
     1
 10
1.0
 20
0.0
 30
0.0
 11
11097.71515019406
 21
11237.10840685634
 31
0.0
 40
2.700416522511659
 41
0.0
 42
2.106684856753069
 43
1.755979990904956
 71
     2
 72
     1
 44
2.700416522511659
 45
0.0
 73
     0
 74
     0
 46
1.993548099628926
  0
LINE
  5
97B
102
{ACAD_REACTORS
330
986
102
}
330
1F
100
AcDbEntity
  8
0
  6
Continuous
 48
2.0
370
   100
100
AcDbLine
 10
10794.80455332086
 20
11299.9776202029
 30
0.0
 11
10829.90455332085
 21
11299.9776202029
 31
0.0
  0
LINE
  5
97C
330
1F
100
AcDbEntity
  8
0
  6
Continuous
 48
2.0
370
   100
100
AcDbLine
 10
10794.80455332086
 20
11308.9776202029
 30
0.0
 11
10800.07051474743
 21
11308.9776202029
 31
0.0
  0
LINE
  5
97D
330
1F
100
AcDbEntity
  8
0
  6
Continuous
 48
2.0
370
   100
100
AcDbLine
 10
10829.60455332086
 20
11275.59219779213
 30
0.0
 11
10818.50695332086
 21
11275.59219779213
 31
0.0
  0
LINE
  5
97E
330
1F
100
AcDbEntity
  8
0
  6
Continuous
 48
2.0
370
   100
100
AcDbLine
 10
10818.50695332086
 20
11299.9776202029
 30
0.0
 11
10818.50695332086
 21
11307.95196063051
 31
0.0
  0
LINE
  5
97F
330
1F
100
AcDbEntity
  8
0
  6
Continuous
 48
2.0
370
   100
100
AcDbLine
 10
10818.50695332086
 20
11275.5921977922
 30
0.0
 11
10813.10465332086
 21
11275.5921977922
 31
0.0
  0
LINE
  5
980
330
1F
100
AcDbEntity
  8
0
  6
Continuous
 48
2.0
370
   100
100
AcDbLine
 10
10813.10465332086
 20
11299.9776202029
 30
0.0
 11
10813.10465332086
 21
11307.95196063051
 31
0.0
  0
LINE
  5
981
330
1F
100
AcDbEntity
  8
0
  6
Continuous
 48
2.0
370
   100
100
AcDbLine
 10
10817.75695332086
 20
11299.9776202029
 30
0.0
 11
10817.75695332086
 21
11307.95196063051
 31
0.0
  0
LINE
  5
982
330
1F
100
AcDbEntity
  8
0
  6
Continuous
 48
2.0
370
   100
100
AcDbLine
 10
10812.35465332086
 20
11299.9776202029
 30
0.0
 11
10812.35465332086
 21
11307.95196063051
 31
0.0
  0
LINE
  5
984
102
{ACAD_REACTORS
330
986
102
}
330
1F
100
AcDbEntity
  8
0
  6
Continuous
 48
2.0
370
   100
100
AcDbLine
 10
10794.80455332086
 20
11299.9776202029
 30
0.0
 11
10794.80455332086
 21
11298.9776202029
 31
0.0
  0
LINE
  5
985
102
{ACAD_REACTORS
330
986
102
}
330
1F
100
AcDbEntity
  8
0
  6
Continuous
 48
2.0
370
   100
100
AcDbLine
 10
10829.90455332085
 20
11299.9776202029
 30
0.0
 11
10829.90455332085
 21
11298.9776202029
 31
0.0
  0
HATCH
  5
9B5
330
1F
100
AcDbEntity
  8
0
  6
Continuous
440
 33554664
 48
2.0
370
   100
100
AcDbHatch
 10
0.0
 20
0.0
 30
0.0
210
0.0
220
0.0
230
1.0
  2
AR-BRSTD
 70
     0
 71
     0
 91
        1
 92
        1
 93
        4
 72
     1
 10
10827.52395332086
 20
11298.97762020289
 11
10827.52395332086
 21
11299.9776202029
 72
     1
 10
10827.52395332086
 20
11299.9776202029
 11
10794.80455332086
 21
11299.9776202029
 72
     1
 10
10794.80455332086
 20
11299.9776202029
 11
10794.80455332086
 21
11298.9776202029
 72
     1
 10
10794.80455332086
 20
11298.9776202029
 11
10827.52395332086
 21
11298.97762020289
 97
        0
 75
     1
 76
     1
 52
0.0
 41
0.005
 77
     0
 78
     2
 53
0.0
 43
10794.80455332086
 44
11299.9776202029
 45
0.0
 46
0.338709
 79
     0
 53
90.0
 43
10794.80455332086
 44
11299.9776202029
 45
-0.508
 46
0.338709
 79
     2
 49
0.338709
 49
-0.338709
 98
        1
 10
10808.57899343329
 20
11298.99380826401
1001
GradientColor1ACI
1070
     5
1001
GradientColor2ACI
1070
     2
1001
ACAD
1010
10794.80455332086
1020
11302.79313061391
1030
0.0
  0
LINE
  5
9BF
330
1F
100
AcDbEntity
  8
0
  6
Continuous
 48
2.0
370
   100
100
AcDbLine
 10
10829.60455332086
 20
11299.9776202029
 30
0.0
 11
10827.52395332086
 21
11299.9776202029
 31
0.0
  0
LINE
  5
9C0
330
1F
100
AcDbEntity
  8
0
  6
Continuous
 48
2.0
370
   100
100
AcDbLine
 10
10827.52395332086
 20
11299.9776202029
 30
0.0
 11
10827.52395332086
 21
11298.97762020289
 31
0.0
  0
LINE
  5
9C1
330
1F
100
AcDbEntity
  8
0
  6
Continuous
 48
2.0
370
   100
100
AcDbLine
 10
10829.60455332086
 20
11299.9776202029
 30
0.0
 11
10829.60455332086
 21
11298.9776202029
 31
0.0
  0
LINE
  5
9C8
330
1F
100
AcDbEntity
  8
0
  6
Continuous
 48
2.0
370
   100
100
AcDbLine
 10
10827.52395332086
 20
11299.9776202029
 30
0.0
 11
10827.52395332086
 21
11299.6550202029
 31
0.0
  0
LINE
  5
9CA
330
1F
100
AcDbEntity
  8
0
  6
Continuous
 48
2.0
370
   100
100
AcDbLine
 10
10827.52395332086
 20
11299.6550202029
 30
0.0
 11
10829.60455332086
 21
11299.6550202029
 31
0.0
  0
LINE
  5
9CB
330
1F
100
AcDbEntity
  8
0
  6
Continuous
 48
2.0
370
   100
100
AcDbLine
 10
10827.52395332086
 20
11298.9776202029
 30
0.0
 11
10827.52395332086
 21
11299.3163202029
 31
0.0
  0
LINE
  5
9CC
330
1F
100
AcDbEntity
  8
0
  6
Continuous
 48
2.0
370
   100
100
AcDbLine
 10
10827.52395332086
 20
11299.3163202029
 30
0.0
 11
10829.60455332086
 21
11299.3163202029
 31
0.0
  0
LINE
  5
9D0
330
1F
100
AcDbEntity
  8
0
  6
Continuous
 48
2.0
370
   100
100
AcDbLine
 10
10879.75455686996
 20
11275.59219779213
 30
0.0
 11
10879.75455686996
 21
11275.59219779235
 31
0.0
  0
LINE
  5
9D1
330
1F
100
AcDbEntity
  8
0
  6
Continuous
 48
2.0
370
   100
100
AcDbLine
 10
10879.75455686996
 20
11275.59219779213
 30
0.0
 11
10879.75455686996
 21
11275.59219779235
 31
0.0
  0
LINE
  5
9D2
102
{ACAD_REACTORS
330
BEB
102
}
330
1F
100
AcDbEntity
  8
0
  6
Continuous
 48
2.0
370
   100
100
AcDbLine
 10
10879.75455686996
 20
11311.7931306139
 30
0.0
 11
10914.85285686995
 21
11311.7931306139
 31
0.0
  0
LINE
  5
9D3
102
{ACAD_REACTORS
330
C09
330
DD1
102
}
330
1F
100
AcDbEntity
  8
0
  6
Continuous
 48
2.0
370
   100
100
AcDbLine
 10
10880.50455686995
 20
11301.79313061391
 30
0.0
 11
10914.85285686995
 21
11301.79313061391
 31
0.0
  0
LINE
  5
9D4
330
1F
100
AcDbEntity
  8
0
  6
Continuous
 48
2.0
370
   100
100
AcDbLine
 10
10879.75455686996
 20
11301.79313061391
 30
0.0
 11
10879.75455686996
 21
11311.7931306139
 31
0.0
  0
LINE
  5
9D5
330
1F
100
AcDbEntity
  8
0
  6
Continuous
 48
2.0
370
   100
100
AcDbLine
 10
10879.75455686996
 20
11301.79313061391
 30
0.0
 11
10879.75455686996
 21
11311.7931306139
 31
0.0
  0
LINE
  5
9D7
330
1F
100
AcDbEntity
  8
0
  6
Continuous
 48
2.0
370
   100
100
AcDbLine
 10
10795.55455332086
 20
11299.9776202029
 30
0.0
 11
10795.55455332086
 21
11308.9776202029
 31
0.0
  0
LINE
  5
9D8
330
1F
100
AcDbEntity
  8
0
  6
Continuous
 48
2.0
370
   100
100
AcDbLine
 10
10829.15455332086
 20
11299.9776202029
 30
0.0
 11
10829.15455332086
 21
11307.95196063051
 31
0.0
  0
LINE
  5
9D9
330
1F
100
AcDbEntity
  8
0
  6
Continuous
 48
2.0
370
   100
100
AcDbLine
 10
10795.55455332086
 20
11308.9776202029
 30
0.0
 11
10795.55455332086
 21
11299.9776202029
 31
0.0
  0
LINE
  5
9DA
330
1F
100
AcDbEntity
  8
0
  6
Continuous
 48
2.0
370
   100
100
AcDbLine
 10
10795.55455332086
 20
11308.9776202029
 30
0.0
 11
10795.55455332086
 21
11303.9776202029
 31
0.0
  0
LINE
  5
9DC
330
1F
100
AcDbEntity
  8
0
  6
Continuous
 48
2.0
370
   100
100
AcDbLine
 10
10800.07051474743
 20
11305.5380217566
 30
0.0
 11
10800.07051474743
 21
11308.9776202029
 31
0.0
  0
LINE
  5
9DE
330
1F
100
AcDbEntity
  8
0
  6
Continuous
 48
2.0
370
   100
100
AcDbLine
 10
10800.07051474743
 20
11308.9776202029
 30
0.0
 11
10800.07051474743
 21
11309.9776202029
 31
0.0
  0
LINE
  5
9DF
330
1F
100
AcDbEntity
  8
0
  6
Continuous
 48
2.0
370
   100
100
AcDbLine
 10
10800.07051474743
 20
11309.9776202029
 30
0.0
 11
10831.77237941532
 21
11309.9776202029
 31
0.0
  0
ARC
  5
9E0
330
1F
100
AcDbEntity
  8
0
  6
Continuous
 48
2.0
370
   100
100
AcDbCircle
 10
10794.56633046452
 20
11314.15266557776
 30
0.0
 40
10.22292193035962
100
AcDbArc
 50
275.5472941482977
 51
302.5758710710154
  0
SPLINE
  5
9E1
330
1F
100
AcDbEntity
  8
0
  6
Continuous
370
   100
100
AcDbSpline
210
0.0
220
0.0
230
1.0
 70
    24
 71
     3
 72
     8
 73
     4
 74
     0
 42
0.000000001
 43
0.0000000001
 40
0.0
 40
0.0
 40
0.0
 40
0.0
 40
1.0
 40
1.0
 40
1.0
 40
1.0
 10
0.0
 20
0.0
 30
0.0
 10
0.3333333333333333
 20
0.0
 30
0.0
 10
0.6666666666666668
 20
0.0
 30
0.0
 10
1.0
 20
0.0
 30
0.0
  0
SPLINE
  5
9E2
330
1F
100
AcDbEntity
  8
0
  6
Continuous
370
   100
100
AcDbSpline
210
0.0
220
0.0
230
1.0
 70
    24
 71
     3
 72
     8
 73
     4
 74
     0
 42
0.000000001
 43
0.0000000001
 40
0.0
 40
0.0
 40
0.0
 40
0.0
 40
1.0
 40
1.0
 40
1.0
 40
1.0
 10
0.0
 20
0.0
 30
0.0
 10
0.3333333333333333
 20
0.0
 30
0.0
 10
0.6666666666666668
 20
0.0
 30
0.0
 10
1.0
 20
0.0
 30
0.0
  0
LINE
  5
9E6
330
1F
100
AcDbEntity
  8
0
  6
Continuous
 48
2.0
370
   100
100
AcDbLine
 10
10831.77237941532
 20
11309.9776202029
 30
0.0
 11
10831.77237941532
 21
11307.95196063051
 31
0.0
  0
LINE
  5
9E7
330
1F
100
AcDbEntity
  8
0
  6
Continuous
 48
2.0
370
   100
100
AcDbLine
 10
10831.77237941532
 20
11307.95196063051
 30
0.0
 11
10809.9573102268
 21
11307.95196063051
 31
0.0
  0
ARC
  5
9ED
330
1F
100
AcDbEntity
  8
0
  6
Continuous
 48
2.0
370
   100
100
AcDbCircle
 10
10833.59080175047
 20
11277.98624984919
 30
0.0
 40
38.16393250477323
100
AcDbArc
 50
128.2622969023803
 51
144.8138768355902
  0
LINE
  5
9F1
330
1F
100
AcDbEntity
  8
0
  6
Continuous
 48
2.0
370
   100
100
AcDbLine
 10
10831.77237941532
 20
11309.9776202029
 30
0.0
 11
10831.77237941532
 21
11309.9776202029
 31
0.0
  0
LINE
  5
9F2
330
1F
100
AcDbEntity
  8
0
  6
Continuous
 48
2.0
370
   100
100
AcDbLine
 10
10831.77237941532
 20
11309.9776202029
 30
0.0
 11
10831.77237941532
 21
11309.9776202029
 31
0.0
  0
LINE
  5
9F7
330
1F
100
AcDbEntity
  8
0
  6
Continuous
 48
2.0
370
   100
100
AcDbLine
 10
10831.77237941532
 20
11309.9776202029
 30
0.0
 11
10831.77237941532
 21
11309.6776202029
 31
0.0
  0
LINE
  5
9F9
330
1F
100
AcDbEntity
  8
0
  6
Continuous
 48
2.0
370
   100
100
AcDbLine
 10
10831.77237941532
 20
11307.95196063051
 30
0.0
 11
10831.77237941532
 21
11308.25196063051
 31
0.0
  0
MTEXT
  5
9FE
330
1F
100
AcDbEntity
  8
0
  6
Continuous
 48
2.0
370
   100
100
AcDbMText
 10
10824.23510896068
 20
11310.77787413485
 30
0.0
 40
2.5
 41
14.45200099485737
 46
0.0
 71
     1
 72
     5
  1
{\fBahnschrift SemiBold|b0|i0|c0|p34;\H0.57028x;\C240;\c2367469;TOYOTA\H1.75352x; }
 73
     1
 44
1.0
101
Embedded Object
 70
     1
 10
1.0
 20
0.0
 30
0.0
 11
10824.23510896068
 21
11310.77787413485
 31
0.0
 40
14.45200099485737
 41
0.0
 42
6.806884044016505
 43
2.514701510767538
 71
     2
 72
     1
 44
14.45200099485737
 45
12.5
 73
     0
 74
     0
 46
0.0
  0
ELLIPSE
  5
A24
330
1F
100
AcDbEntity
  8
0
  6
Continuous
 62
     1
 48
2.0
370
   211
100
AcDbEllipse
 10
10822.53833131513
 20
11308.95522628563
 30
0.0
 11
-1.25
 21
0.0
 31
0.0
210
0.0
220
0.0
230
1.0
 40
0.57024
 41
0.0
 42
6.283185307179586
  0
ELLIPSE
  5
A25
330
1F
100
AcDbEntity
  8
0
  6
Continuous
 62
     1
 48
2.0
370
   211
100
AcDbEllipse
 10
10822.53833131513
 20
11308.95522628563
 30
0.0
 11
0.0
 21
-0.7127999999993336
 31
0.0
210
0.0
220
0.0
230
1.0
 40
0.5658882126672931
 41
0.0
 42
6.283185307179586
  0
ARC
  5
A27
330
1F
100
AcDbEntity
  8
0
  6
Continuous
 62
     1
 48
2.0
370
   211
100
AcDbCircle
 10
10822.53833131513
 20
11310.97760527311
 30
0.0
 40
1.875
100
AcDbArc
 50
237.9943405763444
 51
302.0056594236555
  0
LINE
  5
A29
330
1F
100
AcDbEntity
  8
0
  6
Continuous
 48
2.0
370
   100
100
AcDbLine
 10
10880.50455686995
 20
11302.89313061391
 30
0.0
 11
10880.50455686995
 21
11308.66813061391
 31
0.0
  0
HATCH
  5
A2A
330
1F
100
AcDbEntity
  8
column
  6
ACAD_ISO02W100
440
 33554687
370
   100
100
AcDbHatch
 10
0.0
 20
0.0
 30
0.0
210
0.0
220
0.0
230
1.0
  2
SOLID
 70
     1
 71
     0
 91
        1
 92
        1
 93
        4
 72
     1
 10
10907.65455686995
 20
11275.59219779235
 11
10906.90455686995
 21
11275.59219779235
 72
     1
 10
10906.90455686995
 20
11275.59219779235
 11
10906.90455686995
 21
11274.84219779234
 72
     1
 10
10906.90455686995
 20
11274.84219779234
 11
10907.65455686995
 21
11274.84219779234
 72
     1
 10
10907.65455686995
 20
11274.84219779234
 11
10907.65455686995
 21
11275.59219779235
 97
        0
 75
     1
 76
     1
 98
        1
 10
76.27200708218698
 20
-0.3293534995773371
450
        0
451
        0
460
0.0
461
0.0
452
        0
462
0.0
453
        2
463
0.0
 63
     5
421
      255
463
1.0
 63
     2
421
 16776960
470
LINEAR
1001
GradientColor1ACI
1070
     5
1001
GradientColor2ACI
1070
     2
1001
ACAD
1010
0.0
1020
0.0
1030
0.0
  0
HATCH
  5
A2B
330
1F
100
AcDbEntity
  8
column
  6
ACAD_ISO02W100
440
 33554687
370
   100
100
AcDbHatch
 10
0.0
 20
0.0
 30
0.0
210
0.0
220
0.0
230
1.0
  2
SOLID
 70
     1
 71
     0
 91
        1
 92
        1
 93
        4
 72
     1
 10
10903.45455686995
 20
11275.59219779235
 11
10902.70455686995
 21
11275.59219779235
 72
     1
 10
10902.70455686995
 20
11275.59219779235
 11
10902.70455686995
 21
11274.84219779234
 72
     1
 10
10902.70455686995
 20
11274.84219779234
 11
10903.45455686995
 21
11274.84219779234
 72
     1
 10
10903.45455686995
 20
11274.84219779234
 11
10903.45455686995
 21
11275.59219779235
 97
        0
 75
     1
 76
     1
 98
        1
 10
72.07200708218625
 20
-0.3293534995773371
450
        0
451
        0
460
0.0
461
0.0
452
        0
462
0.0
453
        2
463
0.0
 63
     5
421
      255
463
1.0
 63
     2
421
 16776960
470
LINEAR
1001
GradientColor1ACI
1070
     5
1001
GradientColor2ACI
1070
     2
1001
ACAD
1010
0.0
1020
0.0
1030
0.0
  0
HATCH
  5
A2C
330
1F
100
AcDbEntity
  8
column
  6
ACAD_ISO02W100
440
 33554687
370
   100
100
AcDbHatch
 10
0.0
 20
0.0
 30
0.0
210
0.0
220
0.0
230
1.0
  2
SOLID
 70
     1
 71
     0
 91
        1
 92
        1
 93
        4
 72
     1
 10
10890.65524722206
 20
11275.59219779235
 11
10889.90524722206
 21
11275.59219779235
 72
     1
 10
10889.90524722206
 20
11275.59219779235
 11
10889.90524722206
 21
11274.84219779234
 72
     1
 10
10889.90524722206
 20
11274.84219779234
 11
10890.65524722206
 21
11274.84219779234
 72
     1
 10
10890.65524722206
 20
11274.84219779234
 11
10890.65524722206
 21
11275.59219779235
 97
        0
 75
     1
 76
     1
 98
        1
 10
59.27269743428951
 20
-0.3293534995773371
450
        0
451
        0
460
0.0
461
0.0
452
        0
462
0.0
453
        2
463
0.0
 63
     5
421
      255
463
1.0
 63
     2
421
 16776960
470
LINEAR
1001
GradientColor1ACI
1070
     5
1001
GradientColor2ACI
1070
     2
1001
ACAD
1010
0.0
1020
0.0
1030
0.0
  0
HATCH
  5
A2D
330
1F
100
AcDbEntity
  8
column
  6
ACAD_ISO02W100
440
 33554687
370
   100
100
AcDbHatch
 10
0.0
 20
0.0
 30
0.0
210
0.0
220
0.0
230
1.0
  2
SOLID
 70
     1
 71
     0
 91
        1
 92
        1
 93
        4
 72
     1
 10
10898.05099721877
 20
11275.59219779235
 11
10897.30099721877
 21
11275.59219779235
 72
     1
 10
10897.30099721877
 20
11275.59219779235
 11
10897.30099721877
 21
11274.84219779234
 72
     1
 10
10897.30099721877
 20
11274.84219779234
 11
10898.05099721877
 21
11274.84219779234
 72
     1
 10
10898.05099721877
 20
11274.84219779234
 11
10898.05099721877
 21
11275.59219779235
 97
        0
 75
     1
 76
     1
 98
        1
 10
66.66844743100591
 20
-0.3293534995773371
450
        0
451
        0
460
0.0
461
0.0
452
        0
462
0.0
453
        2
463
0.0
 63
     5
421
      255
463
1.0
 63
     2
421
 16776960
470
LINEAR
1001
GradientColor1ACI
1070
     5
1001
GradientColor2ACI
1070
     2
1001
ACAD
1010
0.0
1020
0.0
1030
0.0
  0
HATCH
  5
A2E
330
1F
100
AcDbEntity
  8
column
  6
ACAD_ISO02W100
440
 33554687
370
   100
100
AcDbHatch
 10
0.0
 20
0.0
 30
0.0
210
0.0
220
0.0
230
1.0
  2
SOLID
 70
     1
 71
     0
 91
        1
 92
        1
 93
        4
 72
     1
 10
10880.49833782194
 20
11275.59174001412
 11
10879.74833782194
 21
11275.59174001412
 72
     1
 10
10879.74833782194
 20
11275.59174001412
 11
10879.74833782194
 21
11274.84174001412
 72
     1
 10
10879.74833782194
 20
11274.84174001412
 11
10880.49833782194
 21
11274.84174001412
 72
     1
 10
10880.49833782194
 20
11274.84174001412
 11
10880.49833782194
 21
11275.59174001412
 97
        0
 75
     1
 76
     1
 98
        1
 10
49.11578803417069
 20
-0.3298112778029463
450
        0
451
        0
460
0.0
461
0.0
452
        0
462
0.0
453
        2
463
0.0
 63
     5
421
      255
463
1.0
 63
     2
421
 16776960
470
LINEAR
1001
GradientColor1ACI
1070
     5
1001
GradientColor2ACI
1070
     2
1001
ACAD
1010
0.0
1020
0.0
1030
0.0
  0
HATCH
  5
A2F
330
1F
100
AcDbEntity
  8
column
  6
ACAD_ISO02W100
440
 33554687
370
   100
100
AcDbHatch
 10
0.0
 20
0.0
 30
0.0
210
0.0
220
0.0
230
1.0
  2
SOLID
 70
     1
 71
     0
 91
        1
 92
        1
 93
        4
 72
     1
 10
10914.85455686995
 20
11275.59219779235
 11
10914.10455686995
 21
11275.59219779235
 72
     1
 10
10914.10455686995
 20
11275.59219779235
 11
10914.10455686995
 21
11274.84219779234
 72
     1
 10
10914.10455686995
 20
11274.84219779234
 11
10914.85455686995
 21
11274.84219779234
 72
     1
 10
10914.85455686995
 20
11274.84219779234
 11
10914.85455686995
 21
11275.59219779235
 97
        0
 75
     1
 76
     1
 98
        1
 10
83.47200708218769
 20
-0.3293534995773371
450
        0
451
        0
460
0.0
461
0.0
452
        0
462
0.0
453
        2
463
0.0
 63
     5
421
      255
463
1.0
 63
     2
421
 16776960
470
LINEAR
1001
GradientColor1ACI
1070
     5
1001
GradientColor2ACI
1070
     2
1001
ACAD
1010
0.0
1020
0.0
1030
0.0
  0
LINE
  5
A30
330
1F
100
AcDbEntity
  8
0
  6
Continuous
 48
2.0
370
   100
100
AcDbLine
 10
10880.05455686995
 20
11275.59219779234
 30
0.0
 11
10889.90515686995
 21
11275.59219779234
 31
0.0
  0
LINE
  5
A34
330
1F
100
AcDbEntity
  8
0
  6
Continuous
 48
2.0
370
   100
100
AcDbLine
 10
10889.90515686995
 20
11275.59219779234
 30
0.0
 11
10897.30075686995
 21
11275.59219779234
 31
0.0
  0
LINE
  5
A35
330
1F
100
AcDbEntity
  8
0
  6
Continuous
 48
2.0
370
   100
100
AcDbLine
 10
10897.30075686995
 20
11302.89313061391
 30
0.0
 11
10897.30075686995
 21
11308.66813061391
 31
0.0
  0
LINE
  5
A36
330
1F
100
AcDbEntity
  8
0
  6
Continuous
 48
2.0
370
   100
100
AcDbLine
 10
10897.30075686995
 20
11275.59219779234
 30
0.0
 11
10902.70455686995
 21
11275.59219779234
 31
0.0
  0
LINE
  5
A39
330
1F
100
AcDbEntity
  8
0
  6
Continuous
 48
2.0
370
   100
100
AcDbLine
 10
10903.45455686995
 20
11311.6681306139
 30
0.0
 11
10903.45455686995
 21
11308.79313061391
 31
0.0
  0
LINE
  5
A3A
330
1F
100
AcDbEntity
  8
0
  6
Continuous
 48
2.0
370
   100
100
AcDbLine
 10
10903.45455686995
 20
11275.5921977922
 30
0.0
 11
10906.90435686995
 21
11275.5921977922
 31
0.0
  0
LINE
  5
A3E
330
1F
100
AcDbEntity
  8
0
  6
Continuous
 48
2.0
370
   100
100
AcDbLine
 10
10907.65435686995
 20
11275.59219779217
 30
0.0
 11
10914.10285686996
 21
11275.59219779217
 31
0.0
  0
LINE
  5
A3F
330
1F
100
AcDbEntity
  8
0
  6
Continuous
 48
2.0
370
   100
100
AcDbLine
 10
10914.10285686996
 20
11302.89313061391
 30
0.0
 11
10914.10285686996
 21
11305.7581306139
 31
0.0
  0
LINE
  5
A41
330
1F
100
AcDbEntity
  8
0
  6
Continuous
 48
2.0
370
   100
100
AcDbLine
 10
10914.85285686995
 20
11311.7931306139
 30
0.0
 11
10914.85285686995
 21
11301.79313061391
 31
0.0
  0
LINE
  5
A42
330
1F
100
AcDbEntity
  8
0
  6
Continuous
 48
2.0
370
   100
100
AcDbLine
 10
10898.05075686995
 20
11302.89313061391
 30
0.0
 11
10898.05075686995
 21
11305.7581306139
 31
0.0
  0
LINE
  5
A43
102
{ACAD_REACTORS
330
BE9
102
}
330
1F
100
AcDbEntity
  8
0
  6
Continuous
 48
2.0
370
   100
100
AcDbLine
 10
10879.75455686996
 20
11302.79313061391
 30
0.0
 11
10914.85285686995
 21
11302.79313061391
 31
0.0
  0
LINE
  5
A48
330
1F
100
AcDbEntity
  8
0
  6
Continuous
 48
2.0
370
   100
100
AcDbLine
 10
10879.75455686996
 20
11302.8831306139
 30
0.0
 11
10914.85285686995
 21
11302.8831306139
 31
0.0
  0
LINE
  5
A4C
330
1F
100
AcDbEntity
  8
0
  6
Continuous
 48
2.0
370
   100
100
AcDbLine
 10
10879.75455686996
 20
11302.89313061391
 30
0.0
 11
10914.85285686995
 21
11302.89313061391
 31
0.0
  0
LINE
  5
A4F
102
{ACAD_REACTORS
330
C07
330
C09
102
}
330
1F
100
AcDbEntity
  8
0
  6
Continuous
 48
2.0
370
   100
100
AcDbLine
 10
10880.50455686995
 20
11302.1931306139
 30
0.0
 11
10914.85285686995
 21
11302.1931306139
 31
0.0
  0
LINE
  5
A51
102
{ACAD_REACTORS
330
BE9
330
C07
102
}
330
1F
100
AcDbEntity
  8
0
  6
Continuous
 48
2.0
370
   100
100
AcDbLine
 10
10880.50455686995
 20
11302.5431306139
 30
0.0
 11
10914.85285686995
 21
11302.5431306139
 31
0.0
  0
LINE
  5
A63
330
1F
100
AcDbEntity
  8
0
  6
Continuous
 48
2.0
370
   100
100
AcDbLine
 10
10906.90435686995
 20
11302.89313061391
 30
0.0
 11
10906.90435686995
 21
11305.7581306139
 31
0.0
  0
LINE
  5
A65
330
1F
100
AcDbEntity
  8
0
  6
Continuous
 48
2.0
370
   100
100
AcDbLine
 10
10902.70455686995
 20
11302.89313061391
 30
0.0
 11
10902.70455686995
 21
11305.75813061391
 31
0.0
  0
LINE
  5
A67
330
1F
100
AcDbEntity
  8
0
  6
Continuous
 48
2.0
370
   100
100
AcDbLine
 10
10889.90515686995
 20
11302.89313061391
 30
0.0
 11
10889.90515686995
 21
11308.66813061391
 31
0.0
  0
LINE
  5
A68
330
1F
100
AcDbEntity
  8
0
  6
Continuous
 48
2.0
370
   100
100
AcDbLine
 10
10890.65515686995
 20
11302.89313061391
 30
0.0
 11
10890.65515686995
 21
11308.6681306139
 31
0.0
  0
LINE
  5
A69
102
{ACAD_REACTORS
330
BD7
102
}
330
1F
100
AcDbEntity
  8
0
  6
Continuous
 48
2.0
370
   100
100
AcDbLine
 10
10879.75455686996
 20
11308.79313061391
 30
0.0
 11
10880.50455686995
 21
11308.79313061391
 31
0.0
  0
LINE
  5
A6A
102
{ACAD_REACTORS
330
BEB
102
}
330
1F
100
AcDbEntity
  8
0
  6
Continuous
 48
2.0
370
   100
100
AcDbLine
 10
10879.75455686996
 20
11311.6681306139
 30
0.0
 11
10914.85285686995
 21
11311.6681306139
 31
0.0
  0
LINE
  5
A6B
102
{ACAD_REACTORS
330
BD7
102
}
330
1F
100
AcDbEntity
  8
0
  6
Continuous
 48
2.0
370
   100
100
AcDbLine
 10
10879.75455686996
 20
11308.66813061391
 30
0.0
 11
10880.50455686995
 21
11308.66813061391
 31
0.0
  0
LINE
  5
A6E
330
1F
100
AcDbEntity
  8
0
  6
Continuous
 48
2.0
370
   100
100
AcDbLine
 10
10890.65515686995
 20
11311.7931306139
 30
0.0
 11
10893.65515686995
 21
11311.7931306139
 31
0.0
  0
LINE
  5
A6F
330
1F
100
AcDbEntity
  8
0
  6
Continuous
 48
2.0
370
   100
100
AcDbLine
 10
10893.65515686995
 20
11311.6681306139
 30
0.0
 11
10893.65515686995
 21
11308.79313061391
 31
0.0
  0
LINE
  5
A70
330
1F
100
AcDbEntity
  8
0
  6
Continuous
 48
2.0
370
   100
100
AcDbLine
 10
10894.40515686995
 20
11311.6681306139
 30
0.0
 11
10894.40515686995
 21
11308.79313061391
 31
0.0
  0
LINE
  5
A9C
102
{ACAD_REACTORS
330
BD7
102
}
330
1F
100
AcDbEntity
  8
0
  6
Continuous
 48
2.0
370
   100
100
AcDbLine
 10
10889.90515686996
 20
11308.79313061391
 30
0.0
 11
10890.65515686995
 21
11308.79313061391
 31
0.0
  0
LINE
  5
A9D
102
{ACAD_REACTORS
330
BD7
102
}
330
1F
100
AcDbEntity
  8
0
  6
Continuous
 48
2.0
370
   100
100
AcDbLine
 10
10889.90515686996
 20
11308.66813061391
 30
0.0
 11
10890.65515686995
 21
11308.66813061391
 31
0.0
  0
LINE
  5
AA0
102
{ACAD_REACTORS
330
BD5
102
}
330
1F
100
AcDbEntity
  8
0
  6
Continuous
 48
2.0
370
   100
100
AcDbLine
 10
10893.65515686995
 20
11308.79313061391
 30
0.0
 11
10914.85285686995
 21
11308.79313061391
 31
0.0
  0
LINE
  5
AA1
102
{ACAD_REACTORS
330
BD5
102
}
330
1F
100
AcDbEntity
  8
0
  6
Continuous
 48
2.0
370
   100
100
AcDbLine
 10
10893.65515686995
 20
11308.66813061391
 30
0.0
 11
10914.85285686995
 21
11308.66813061391
 31
0.0
  0
LINE
  5
AA6
330
1F
100
AcDbEntity
  8
0
  6
Continuous
 48
2.0
370
   100
100
AcDbLine
 10
10910.10285686996
 20
11302.89313061391
 30
0.0
 11
10910.10285686996
 21
11305.75813061391
 31
0.0
  0
LINE
  5
AA7
330
1F
100
AcDbEntity
  8
0
  6
Continuous
 48
2.0
370
   100
100
AcDbLine
 10
10909.35285686996
 20
11302.89313061391
 30
0.0
 11
10909.35285686996
 21
11305.75813061391
 31
0.0
  0
LINE
  5
AB3
330
1F
100
AcDbEntity
  8
0
  6
Continuous
 48
2.0
370
   100
100
AcDbLine
 10
10893.65515686995
 20
11302.89313061391
 30
0.0
 11
10893.65515686995
 21
11304.7056306139
 31
0.0
  0
LINE
  5
AB4
330
1F
100
AcDbEntity
  8
0
  6
Continuous
 48
2.0
370
   100
100
AcDbLine
 10
10893.65515686995
 20
11304.7056306139
 30
0.0
 11
10892.65515686995
 21
11304.7056306139
 31
0.0
  0
LINE
  5
AB5
330
1F
100
AcDbEntity
  8
0
  6
Continuous
 48
2.0
370
   100
100
AcDbLine
 10
10892.65515686995
 20
11304.7056306139
 30
0.0
 11
10892.65515686995
 21
11302.89313061391
 31
0.0
  0
LINE
  5
ABA
330
1F
100
AcDbEntity
  8
0
  6
Continuous
 48
2.0
370
   100
100
AcDbLine
 10
10906.90435686995
 20
11302.89313061391
 30
0.0
 11
10906.90435686995
 21
11304.7056306139
 31
0.0
  0
LINE
  5
ABB
330
1F
100
AcDbEntity
  8
0
  6
Continuous
 48
2.0
370
   100
100
AcDbLine
 10
10906.90435686995
 20
11304.7056306139
 30
0.0
 11
10905.90435686995
 21
11304.7056306139
 31
0.0
  0
LINE
  5
ABC
330
1F
100
AcDbEntity
  8
0
  6
Continuous
 48
2.0
370
   100
100
AcDbLine
 10
10905.90435686995
 20
11304.7056306139
 30
0.0
 11
10905.90435686995
 21
11302.89313061391
 31
0.0
  0
LINE
  5
AC0
330
1F
100
AcDbEntity
  8
0
  6
Continuous
 48
2.0
370
   100
100
AcDbLine
 10
10900.00265686996
 20
11302.89313061391
 30
0.0
 11
10900.00265686996
 21
11305.75813061391
 31
0.0
  0
LINE
  5
AC1
330
1F
100
AcDbEntity
  8
0
  6
Continuous
 48
2.0
370
   100
100
AcDbLine
 10
10900.75265686996
 20
11302.89313061391
 30
0.0
 11
10900.75265686996
 21
11305.75813061391
 31
0.0
  0
LINE
  5
AC4
330
1F
100
AcDbEntity
  8
0
  6
Continuous
 48
2.0
370
   100
100
AcDbLine
 10
10897.30075686995
 20
11302.89313061391
 30
0.0
 11
10897.30075686995
 21
11304.7056306139
 31
0.0
  0
LINE
  5
AC5
330
1F
100
AcDbEntity
  8
0
  6
Continuous
 48
2.0
370
   100
100
AcDbLine
 10
10897.30075686995
 20
11304.7056306139
 30
0.0
 11
10896.30075686995
 21
11304.7056306139
 31
0.0
  0
LINE
  5
AC6
330
1F
100
AcDbEntity
  8
0
  6
Continuous
 48
2.0
370
   100
100
AcDbLine
 10
10896.30075686995
 20
11304.7056306139
 30
0.0
 11
10896.30075686995
 21
11302.89313061391
 31
0.0
  0
LINE
  5
AC7
330
1F
100
AcDbEntity
  8
0
  6
Continuous
 48
2.0
370
   100
100
AcDbLine
 10
10902.70455686995
 20
11302.89313061391
 30
0.0
 11
10902.70455686995
 21
11304.7056306139
 31
0.0
  0
LINE
  5
AC8
330
1F
100
AcDbEntity
  8
0
  6
Continuous
 48
2.0
370
   100
100
AcDbLine
 10
10902.70455686995
 20
11304.7056306139
 30
0.0
 11
10901.70455686996
 21
11304.7056306139
 31
0.0
  0
LINE
  5
AC9
330
1F
100
AcDbEntity
  8
0
  6
Continuous
 48
2.0
370
   100
100
AcDbLine
 10
10901.70455686996
 20
11304.7056306139
 30
0.0
 11
10901.70455686996
 21
11302.89313061391
 31
0.0
  0
LINE
  5
ACA
330
1F
100
AcDbEntity
  8
0
  6
Continuous
 48
2.0
370
   100
100
AcDbLine
 10
10902.70455686995
 20
11305.88313061391
 30
0.0
 11
10902.70455686995
 21
11307.69563061391
 31
0.0
  0
LINE
  5
ACB
330
1F
100
AcDbEntity
  8
0
  6
Continuous
 48
2.0
370
   100
100
AcDbLine
 10
10902.70455686995
 20
11307.69563061391
 30
0.0
 11
10901.70455686996
 21
11307.69563061391
 31
0.0
  0
LINE
  5
ACC
330
1F
100
AcDbEntity
  8
0
  6
Continuous
 48
2.0
370
   100
100
AcDbLine
 10
10901.70455686996
 20
11307.69563061391
 30
0.0
 11
10901.70455686996
 21
11305.88313061391
 31
0.0
  0
LINE
  5
ACD
330
1F
100
AcDbEntity
  8
0
  6
Continuous
 48
2.0
370
   100
100
AcDbLine
 10
10902.70455686995
 20
11308.79313061391
 30
0.0
 11
10902.70455686995
 21
11310.60563061391
 31
0.0
  0
LINE
  5
ACE
330
1F
100
AcDbEntity
  8
0
  6
Continuous
 48
2.0
370
   100
100
AcDbLine
 10
10902.70455686995
 20
11310.60563061391
 30
0.0
 11
10901.70455686995
 21
11310.60563061391
 31
0.0
  0
LINE
  5
ACF
330
1F
100
AcDbEntity
  8
0
  6
Continuous
 48
2.0
370
   100
100
AcDbLine
 10
10901.70455686995
 20
11310.60563061391
 30
0.0
 11
10901.70455686995
 21
11308.79313061391
 31
0.0
  0
LINE
  5
AD0
330
1F
100
AcDbEntity
  8
0
  6
Continuous
 48
2.0
370
   100
100
AcDbLine
 10
10907.65435686995
 20
11308.66813061391
 30
0.0
 11
10907.65435686996
 21
11305.85813061391
 31
0.0
  0
LINE
  5
AD2
330
1F
100
AcDbEntity
  8
0
  6
Continuous
 48
2.0
370
   100
100
AcDbLine
 10
10909.35285686996
 20
11302.89313061391
 30
0.0
 11
10909.35285686996
 21
11304.7056306139
 31
0.0
  0
LINE
  5
AD3
330
1F
100
AcDbEntity
  8
0
  6
Continuous
 48
2.0
370
   100
100
AcDbLine
 10
10909.35285686996
 20
11304.7056306139
 30
0.0
 11
10908.35285686996
 21
11304.7056306139
 31
0.0
  0
LINE
  5
AD4
330
1F
100
AcDbEntity
  8
0
  6
Continuous
 48
2.0
370
   100
100
AcDbLine
 10
10908.35285686996
 20
11304.7056306139
 30
0.0
 11
10908.35285686996
 21
11302.89313061391
 31
0.0
  0
LINE
  5
AD5
330
1F
100
AcDbEntity
  8
0
  6
Continuous
 48
2.0
370
   100
100
AcDbLine
 10
10910.90285686995
 20
11302.89313061391
 30
0.0
 11
10910.90285686995
 21
11305.75813061391
 31
0.0
  0
LINE
  5
AD7
330
1F
100
AcDbEntity
  8
0
  6
Continuous
 48
2.0
370
   100
100
AcDbLine
 10
10911.65285686996
 20
11302.89313061391
 30
0.0
 11
10911.65285686995
 21
11304.09313061391
 31
0.0
  0
LINE
  5
ADA
330
1F
100
AcDbEntity
  8
0
  6
Continuous
 48
2.0
370
   100
100
AcDbLine
 10
10914.10285686996
 20
11302.89313061391
 30
0.0
 11
10914.10285686996
 21
11304.39313061391
 31
0.0
  0
LINE
  5
ADC
330
1F
100
AcDbEntity
  8
0
  6
Continuous
 48
2.0
370
   100
100
AcDbLine
 10
10914.10285686996
 20
11302.89313061391
 30
0.0
 11
10914.10285686996
 21
11304.09313061391
 31
0.0
  0
LINE
  5
ADD
330
1F
100
AcDbEntity
  8
0
  6
Continuous
 48
2.0
370
   100
100
AcDbLine
 10
10914.10285686996
 20
11304.09313061391
 30
0.0
 11
10911.65285686996
 21
11304.09313061391
 31
0.0
  0
LINE
  5
AEA
330
1F
100
AcDbEntity
  8
0
  6
Continuous
 48
2.0
370
   100
100
AcDbLine
 10
10914.10285686996
 20
11302.8931306139
 30
0.0
 11
10911.65285686996
 21
11302.8931306139
 31
0.0
  0
LINE
  5
AFF
330
1F
100
AcDbEntity
  8
0
  6
Continuous
 48
2.0
370
   100
100
AcDbLine
 10
10914.10285686996
 20
11309.99313061391
 30
0.0
 11
10911.65285686996
 21
11309.99313061391
 31
0.0
  0
LINE
  5
B05
330
1F
100
AcDbEntity
  8
0
  6
Continuous
 48
2.0
370
   100
100
AcDbLine
 10
10914.10285686996
 20
11307.08313061391
 30
0.0
 11
10914.85285686996
 21
11307.08313061391
 31
0.0
  0
LINE
  5
B07
102
{ACAD_REACTORS
330
BD3
102
}
330
1F
100
AcDbEntity
  8
0
  6
Continuous
 48
2.0
370
   100
100
AcDbLine
 10
10897.30075686995
 20
11305.75813061391
 30
0.0
 11
10914.85285686995
 21
11305.7581306139
 31
0.0
  0
LINE
  5
B09
102
{ACAD_REACTORS
330
BD7
102
}
330
1F
100
AcDbEntity
  8
0
  6
Continuous
 48
2.0
370
   100
100
AcDbLine
 10
10893.65515686995
 20
11308.79313061391
 30
0.0
 11
10890.65515686995
 21
11308.79313061391
 31
0.0
  0
LINE
  5
B0B
102
{ACAD_REACTORS
330
BD7
102
}
330
1F
100
AcDbEntity
  8
0
  6
Continuous
 48
2.0
370
   100
100
AcDbLine
 10
10890.65515686995
 20
11308.66813061391
 30
0.0
 11
10893.65515686995
 21
11308.66813061391
 31
0.0
  0
LINE
  5
B0C
102
{ACAD_REACTORS
330
BD7
102
}
330
1F
100
AcDbEntity
  8
0
  6
Continuous
 48
2.0
370
   100
100
AcDbLine
 10
10889.90515686995
 20
11308.79313061391
 30
0.0
 11
10880.50455686995
 21
11308.79313061391
 31
0.0
  0
LINE
  5
B0E
102
{ACAD_REACTORS
330
BD7
102
}
330
1F
100
AcDbEntity
  8
0
  6
Continuous
 48
2.0
370
   100
100
AcDbLine
 10
10880.50455686995
 20
11308.66813061391
 30
0.0
 11
10889.90515686996
 21
11308.66813061391
 31
0.0
  0
LINE
  5
B1A
330
1F
100
AcDbEntity
  8
0
  6
Continuous
 48
2.0
370
   100
100
AcDbLine
 10
10914.10285686996
 20
11307.68313061391
 30
0.0
 11
10914.85285686996
 21
11307.68313061391
 31
0.0
  0
LINE
  5
B1B
330
1F
100
AcDbEntity
  8
0
  6
Continuous
 48
2.0
370
   100
100
AcDbLine
 10
10914.10285686996
 20
11307.78313061391
 30
0.0
 11
10914.85285686996
 21
11307.78313061391
 31
0.0
  0
LINE
  5
B1C
330
1F
100
AcDbEntity
  8
0
  6
Continuous
 48
2.0
370
   100
100
AcDbLine
 10
10914.85285686996
 20
11307.78313061391
 30
0.0
 11
10915.35285686996
 21
11307.78313061391
 31
0.0
  0
LINE
  5
B1E
330
1F
100
AcDbEntity
  8
0
  6
Continuous
 48
2.0
370
   100
100
AcDbLine
 10
10915.35285686996
 20
11307.68313061391
 30
0.0
 11
10914.85285686996
 21
11307.68313061391
 31
0.0
  0
LINE
  5
B22
330
1F
100
AcDbEntity
  8
0
  6
Continuous
 48
2.0
370
   100
100
AcDbLine
 10
10914.85285686996
 20
11307.78313061391
 30
0.0
 11
10915.35285686996
 21
11307.78313061391
 31
0.0
  0
LINE
  5
B23
330
1F
100
AcDbEntity
  8
0
  6
Continuous
 48
2.0
370
   100
100
AcDbLine
 10
10915.35285686996
 20
11307.78313061391
 30
0.0
 11
10915.35285686996
 21
11307.68313061391
 31
0.0
  0
LINE
  5
B24
330
1F
100
AcDbEntity
  8
0
  6
Continuous
 48
2.0
370
   100
100
AcDbLine
 10
10914.10285686996
 20
11309.99313061391
 30
0.0
 11
10914.85285686995
 21
11309.99313061391
 31
0.0
  0
LINE
  5
B2A
330
1F
100
AcDbEntity
  8
0
  6
Continuous
 48
2.0
370
   100
100
AcDbLine
 10
10914.10285686996
 20
11304.09313061391
 30
0.0
 11
10914.85285686996
 21
11304.09313061391
 31
0.0
  0
LINE
  5
B2B
330
1F
100
AcDbEntity
  8
0
  6
Continuous
 48
2.0
370
   100
100
AcDbLine
 10
10914.10285686996
 20
11304.69313061391
 30
0.0
 11
10914.85285686996
 21
11304.69313061391
 31
0.0
  0
LINE
  5
B2C
330
1F
100
AcDbEntity
  8
0
  6
Continuous
 48
2.0
370
   100
100
AcDbLine
 10
10914.10285686996
 20
11304.79313061391
 30
0.0
 11
10914.85285686996
 21
11304.79313061391
 31
0.0
  0
LINE
  5
B2D
330
1F
100
AcDbEntity
  8
0
  6
Continuous
 48
2.0
370
   100
100
AcDbLine
 10
10914.85285686996
 20
11304.79313061391
 30
0.0
 11
10915.35285686996
 21
11304.79313061391
 31
0.0
  0
LINE
  5
B2E
330
1F
100
AcDbEntity
  8
0
  6
Continuous
 48
2.0
370
   100
100
AcDbLine
 10
10915.35285686996
 20
11304.6931306139
 30
0.0
 11
10914.85285686996
 21
11304.69313061391
 31
0.0
  0
LINE
  5
B2F
330
1F
100
AcDbEntity
  8
0
  6
Continuous
 48
2.0
370
   100
100
AcDbLine
 10
10914.85285686996
 20
11304.79313061391
 30
0.0
 11
10915.35285686996
 21
11304.79313061391
 31
0.0
  0
LINE
  5
B30
330
1F
100
AcDbEntity
  8
0
  6
Continuous
 48
2.0
370
   100
100
AcDbLine
 10
10915.35285686996
 20
11304.79313061391
 30
0.0
 11
10915.35285686996
 21
11304.69313061391
 31
0.0
  0
LINE
  5
B31
330
1F
100
AcDbEntity
  8
0
  6
Continuous
 48
2.0
370
   100
100
AcDbLine
 10
10914.10285686996
 20
11310.7931306139
 30
0.0
 11
10914.85285686995
 21
11310.7931306139
 31
0.0
  0
LINE
  5
B32
330
1F
100
AcDbEntity
  8
0
  6
Continuous
 48
2.0
370
   100
100
AcDbLine
 10
10914.10285686996
 20
11310.89313061391
 30
0.0
 11
10914.85285686995
 21
11310.89313061391
 31
0.0
  0
LINE
  5
B33
330
1F
100
AcDbEntity
  8
0
  6
Continuous
 48
2.0
370
   100
100
AcDbLine
 10
10914.85285686995
 20
11310.7931306139
 30
0.0
 11
10915.35285686995
 21
11310.7931306139
 31
0.0
  0
LINE
  5
B34
330
1F
100
AcDbEntity
  8
0
  6
Continuous
 48
2.0
370
   100
100
AcDbLine
 10
10915.35285686995
 20
11310.7931306139
 30
0.0
 11
10915.35285686995
 21
11310.89313061391
 31
0.0
  0
LINE
  5
B35
330
1F
100
AcDbEntity
  8
0
  6
Continuous
 48
2.0
370
   100
100
AcDbLine
 10
10915.35285686995
 20
11310.89313061391
 30
0.0
 11
10914.85285686995
 21
11310.89313061391
 31
0.0
  0
LINE
  5
B38
330
1F
100
AcDbEntity
  8
0
  6
Continuous
 48
2.0
370
   100
100
AcDbLine
 10
10898.05075686995
 20
11304.3756306139
 30
0.0
 11
10900.00265686996
 21
11304.3756306139
 31
0.0
  0
LINE
  5
B39
330
1F
100
AcDbEntity
  8
0
  6
Continuous
 48
2.0
370
   100
100
AcDbLine
 10
10898.05075686995
 20
11304.3756306139
 30
0.0
 11
10900.00265686996
 21
11304.3756306139
 31
0.0
  0
LINE
  5
B3A
330
1F
100
AcDbEntity
  8
0
  6
Continuous
 48
2.0
370
   100
100
AcDbLine
 10
10898.05075686995
 20
11304.27563061391
 30
0.0
 11
10900.00265686996
 21
11304.2756306139
 31
0.0
  0
LINE
  5
B3B
330
1F
100
AcDbEntity
  8
0
  6
Continuous
 48
2.0
370
   100
100
AcDbLine
 10
10898.05075686995
 20
11304.3756306139
 30
0.0
 11
10899.05075686995
 21
11304.3756306139
 31
0.0
  0
LINE
  5
B44
330
1F
100
AcDbEntity
  8
0
  6
Continuous
 48
2.0
370
   100
100
AcDbLine
 10
10898.85075686995
 20
11304.3756306139
 30
0.0
 11
10898.85075686995
 21
11305.75813061391
 31
0.0
  0
LINE
  5
B45
330
1F
100
AcDbEntity
  8
0
  6
Continuous
 48
2.0
370
   100
100
AcDbLine
 10
10899.25075686996
 20
11305.85813061391
 30
0.0
 11
10899.25075686996
 21
11305.88313061391
 31
0.0
  0
LINE
  5
B49
330
1F
100
AcDbEntity
  8
0
  6
Continuous
 48
2.0
370
   100
100
AcDbLine
 10
10899.25075686996
 20
11302.89313061391
 30
0.0
 11
10899.25075686996
 21
11304.27563061391
 31
0.0
  0
LINE
  5
B4A
102
{ACAD_REACTORS
330
BD3
102
}
330
1F
100
AcDbEntity
  8
0
  6
Continuous
 48
2.0
370
   100
100
AcDbLine
 10
10897.30075686995
 20
11305.85813061391
 30
0.0
 11
10914.85285686995
 21
11305.85813061391
 31
0.0
  0
LINE
  5
B4C
330
1F
100
AcDbEntity
  8
0
  6
Continuous
 48
2.0
370
   100
100
AcDbLine
 10
10914.10285686996
 20
11307.08313061391
 30
0.0
 11
10911.65285686995
 21
11307.08313061391
 31
0.0
  0
LINE
  5
B4D
330
1F
100
AcDbEntity
  8
0
  6
Continuous
 48
2.0
370
   100
100
AcDbLine
 10
10913.90285686996
 20
11302.89313061391
 30
0.0
 11
10913.90285686996
 21
11304.09313061391
 31
0.0
  0
LINE
  5
B4E
330
1F
100
AcDbEntity
  8
0
  6
Continuous
 48
2.0
370
   100
100
AcDbLine
 10
10913.70285686996
 20
11302.89313061391
 30
0.0
 11
10913.70285686996
 21
11304.09313061391
 31
0.0
  0
LINE
  5
B4F
330
1F
100
AcDbEntity
  8
0
  6
Continuous
 48
2.0
370
   100
100
AcDbLine
 10
10913.50285686995
 20
11302.89313061391
 30
0.0
 11
10913.50285686996
 21
11304.09313061391
 31
0.0
  0
LINE
  5
B50
330
1F
100
AcDbEntity
  8
0
  6
Continuous
 48
2.0
370
   100
100
AcDbLine
 10
10913.30285686995
 20
11302.89313061391
 30
0.0
 11
10913.30285686996
 21
11304.09313061391
 31
0.0
  0
LINE
  5
B51
330
1F
100
AcDbEntity
  8
0
  6
Continuous
 48
2.0
370
   100
100
AcDbLine
 10
10913.10285686995
 20
11302.89313061391
 30
0.0
 11
10913.10285686995
 21
11304.09313061391
 31
0.0
  0
LINE
  5
B52
330
1F
100
AcDbEntity
  8
0
  6
Continuous
 48
2.0
370
   100
100
AcDbLine
 10
10912.90285686996
 20
11302.89313061391
 30
0.0
 11
10912.90285686996
 21
11304.09313061391
 31
0.0
  0
LINE
  5
B53
330
1F
100
AcDbEntity
  8
0
  6
Continuous
 48
2.0
370
   100
100
AcDbLine
 10
10912.70285686996
 20
11302.89313061391
 30
0.0
 11
10912.70285686996
 21
11304.09313061391
 31
0.0
  0
LINE
  5
B54
330
1F
100
AcDbEntity
  8
0
  6
Continuous
 48
2.0
370
   100
100
AcDbLine
 10
10912.50285686995
 20
11302.89313061391
 30
0.0
 11
10912.50285686996
 21
11304.09313061391
 31
0.0
  0
LINE
  5
B55
330
1F
100
AcDbEntity
  8
0
  6
Continuous
 48
2.0
370
   100
100
AcDbLine
 10
10912.30285686995
 20
11302.89313061391
 30
0.0
 11
10912.30285686995
 21
11304.09313061391
 31
0.0
  0
LINE
  5
B56
330
1F
100
AcDbEntity
  8
0
  6
Continuous
 48
2.0
370
   100
100
AcDbLine
 10
10912.10285686995
 20
11302.89313061391
 30
0.0
 11
10912.10285686995
 21
11304.09313061391
 31
0.0
  0
LINE
  5
B57
330
1F
100
AcDbEntity
  8
0
  6
Continuous
 48
2.0
370
   100
100
AcDbLine
 10
10911.90285686995
 20
11302.89313061391
 30
0.0
 11
10911.90285686996
 21
11304.09313061391
 31
0.0
  0
LINE
  5
B58
330
1F
100
AcDbEntity
  8
0
  6
Continuous
 48
2.0
370
   100
100
AcDbLine
 10
10913.90285686996
 20
11308.79313061391
 30
0.0
 11
10913.90285686995
 21
11309.99313061391
 31
0.0
  0
LINE
  5
B59
330
1F
100
AcDbEntity
  8
0
  6
Continuous
 48
2.0
370
   100
100
AcDbLine
 10
10913.70285686995
 20
11308.79313061391
 30
0.0
 11
10913.70285686996
 21
11309.99313061391
 31
0.0
  0
LINE
  5
B5A
330
1F
100
AcDbEntity
  8
0
  6
Continuous
 48
2.0
370
   100
100
AcDbLine
 10
10913.50285686995
 20
11308.79313061391
 30
0.0
 11
10913.50285686995
 21
11309.99313061391
 31
0.0
  0
LINE
  5
B5B
330
1F
100
AcDbEntity
  8
0
  6
Continuous
 48
2.0
370
   100
100
AcDbLine
 10
10913.30285686995
 20
11308.79313061391
 30
0.0
 11
10913.30285686995
 21
11309.99313061391
 31
0.0
  0
LINE
  5
B5C
330
1F
100
AcDbEntity
  8
0
  6
Continuous
 48
2.0
370
   100
100
AcDbLine
 10
10913.10285686995
 20
11308.79313061391
 30
0.0
 11
10913.10285686995
 21
11309.99313061391
 31
0.0
  0
LINE
  5
B5D
330
1F
100
AcDbEntity
  8
0
  6
Continuous
 48
2.0
370
   100
100
AcDbLine
 10
10912.90285686995
 20
11308.79313061391
 30
0.0
 11
10912.90285686996
 21
11309.99313061391
 31
0.0
  0
LINE
  5
B5E
330
1F
100
AcDbEntity
  8
0
  6
Continuous
 48
2.0
370
   100
100
AcDbLine
 10
10912.70285686995
 20
11308.79313061391
 30
0.0
 11
10912.70285686995
 21
11309.99313061391
 31
0.0
  0
LINE
  5
B5F
330
1F
100
AcDbEntity
  8
0
  6
Continuous
 48
2.0
370
   100
100
AcDbLine
 10
10912.50285686995
 20
11308.79313061391
 30
0.0
 11
10912.50285686995
 21
11309.99313061391
 31
0.0
  0
LINE
  5
B60
330
1F
100
AcDbEntity
  8
0
  6
Continuous
 48
2.0
370
   100
100
AcDbLine
 10
10912.30285686995
 20
11308.79313061391
 30
0.0
 11
10912.30285686995
 21
11309.99313061391
 31
0.0
  0
LINE
  5
B61
330
1F
100
AcDbEntity
  8
0
  6
Continuous
 48
2.0
370
   100
100
AcDbLine
 10
10912.10285686995
 20
11308.79313061391
 30
0.0
 11
10912.10285686995
 21
11309.99313061391
 31
0.0
  0
LINE
  5
B62
330
1F
100
AcDbEntity
  8
0
  6
Continuous
 48
2.0
370
   100
100
AcDbLine
 10
10911.90285686995
 20
11308.79313061391
 30
0.0
 11
10911.90285686995
 21
11309.99313061391
 31
0.0
  0
LINE
  5
B63
330
1F
100
AcDbEntity
  8
0
  6
Continuous
 48
2.0
370
   100
100
AcDbLine
 10
10911.65285686995
 20
11308.79313061391
 30
0.0
 11
10911.65285686995
 21
11309.99313061391
 31
0.0
  0
LINE
  5
B71
330
1F
100
AcDbEntity
  8
0
  6
Continuous
 48
2.0
370
   100
100
AcDbLine
 10
10913.90285686996
 20
11305.85813061391
 30
0.0
 11
10913.90285686996
 21
11307.08313061391
 31
0.0
  0
LINE
  5
B72
330
1F
100
AcDbEntity
  8
0
  6
Continuous
 48
2.0
370
   100
100
AcDbLine
 10
10913.70285686996
 20
11305.85813061391
 30
0.0
 11
10913.70285686996
 21
11307.08313061391
 31
0.0
  0
LINE
  5
B73
330
1F
100
AcDbEntity
  8
0
  6
Continuous
 48
2.0
370
   100
100
AcDbLine
 10
10913.50285686995
 20
11305.85813061391
 30
0.0
 11
10913.50285686995
 21
11307.08313061391
 31
0.0
  0
LINE
  5
B74
330
1F
100
AcDbEntity
  8
0
  6
Continuous
 48
2.0
370
   100
100
AcDbLine
 10
10913.30285686995
 20
11305.85813061391
 30
0.0
 11
10913.30285686995
 21
11307.08313061391
 31
0.0
  0
LINE
  5
B75
330
1F
100
AcDbEntity
  8
0
  6
Continuous
 48
2.0
370
   100
100
AcDbLine
 10
10913.10285686995
 20
11305.85813061391
 30
0.0
 11
10913.10285686995
 21
11307.08313061391
 31
0.0
  0
LINE
  5
B76
330
1F
100
AcDbEntity
  8
0
  6
Continuous
 48
2.0
370
   100
100
AcDbLine
 10
10912.90285686996
 20
11305.85813061391
 30
0.0
 11
10912.90285686996
 21
11307.08313061391
 31
0.0
  0
LINE
  5
B77
330
1F
100
AcDbEntity
  8
0
  6
Continuous
 48
2.0
370
   100
100
AcDbLine
 10
10912.70285686996
 20
11305.85813061391
 30
0.0
 11
10912.70285686995
 21
11307.08313061391
 31
0.0
  0
LINE
  5
B78
330
1F
100
AcDbEntity
  8
0
  6
Continuous
 48
2.0
370
   100
100
AcDbLine
 10
10912.50285686995
 20
11305.85813061391
 30
0.0
 11
10912.50285686995
 21
11307.08313061391
 31
0.0
  0
LINE
  5
B79
330
1F
100
AcDbEntity
  8
0
  6
Continuous
 48
2.0
370
   100
100
AcDbLine
 10
10912.30285686995
 20
11305.85813061391
 30
0.0
 11
10912.30285686995
 21
11307.08313061391
 31
0.0
  0
LINE
  5
B7A
330
1F
100
AcDbEntity
  8
0
  6
Continuous
 48
2.0
370
   100
100
AcDbLine
 10
10912.10285686995
 20
11305.85813061391
 30
0.0
 11
10912.10285686995
 21
11307.08313061391
 31
0.0
  0
LINE
  5
B7B
330
1F
100
AcDbEntity
  8
0
  6
Continuous
 48
2.0
370
   100
100
AcDbLine
 10
10911.90285686995
 20
11305.85813061391
 30
0.0
 11
10911.90285686995
 21
11307.08313061391
 31
0.0
  0
LINE
  5
B7C
330
1F
100
AcDbEntity
  8
0
  6
Continuous
 48
2.0
370
   100
100
AcDbLine
 10
10911.65285686995
 20
11305.85813061391
 30
0.0
 11
10911.65285686995
 21
11307.08313061391
 31
0.0
  0
LINE
  5
B7D
330
1F
100
AcDbEntity
  8
0
  6
Continuous
 48
2.0
370
   100
100
AcDbLine
 10
10914.10285686996
 20
11303.89313061391
 30
0.0
 11
10911.65285686996
 21
11303.89313061391
 31
0.0
  0
LINE
  5
B7E
330
1F
100
AcDbEntity
  8
0
  6
Continuous
 48
2.0
370
   100
100
AcDbLine
 10
10914.10285686996
 20
11303.6931306139
 30
0.0
 11
10911.65285686996
 21
11303.6931306139
 31
0.0
  0
LINE
  5
B7F
330
1F
100
AcDbEntity
  8
0
  6
Continuous
 48
2.0
370
   100
100
AcDbLine
 10
10914.10285686996
 20
11303.49313061391
 30
0.0
 11
10911.65285686996
 21
11303.49313061391
 31
0.0
  0
LINE
  5
B80
330
1F
100
AcDbEntity
  8
0
  6
Continuous
 48
2.0
370
   100
100
AcDbLine
 10
10914.10285686996
 20
11303.2931306139
 30
0.0
 11
10911.65285686996
 21
11303.2931306139
 31
0.0
  0
LINE
  5
B81
330
1F
100
AcDbEntity
  8
0
  6
Continuous
 48
2.0
370
   100
100
AcDbLine
 10
10914.10285686996
 20
11303.09313061391
 30
0.0
 11
10911.65285686996
 21
11303.09313061391
 31
0.0
  0
LINE
  5
B82
330
1F
100
AcDbEntity
  8
0
  6
Continuous
 48
2.0
370
   100
100
AcDbLine
 10
10914.10285686996
 20
11302.89313061391
 30
0.0
 11
10911.65285686996
 21
11302.89313061391
 31
0.0
  0
LINE
  5
B83
330
1F
100
AcDbEntity
  8
0
  6
Continuous
 48
2.0
370
   100
100
AcDbLine
 10
10914.10285686996
 20
11306.8831306139
 30
0.0
 11
10911.65285686995
 21
11306.8831306139
 31
0.0
  0
LINE
  5
B84
330
1F
100
AcDbEntity
  8
0
  6
Continuous
 48
2.0
370
   100
100
AcDbLine
 10
10914.10285686996
 20
11306.68313061391
 30
0.0
 11
10911.65285686995
 21
11306.68313061391
 31
0.0
  0
LINE
  5
B85
330
1F
100
AcDbEntity
  8
0
  6
Continuous
 48
2.0
370
   100
100
AcDbLine
 10
10914.10285686996
 20
11306.48313061391
 30
0.0
 11
10911.65285686995
 21
11306.48313061391
 31
0.0
  0
LINE
  5
B86
330
1F
100
AcDbEntity
  8
0
  6
Continuous
 48
2.0
370
   100
100
AcDbLine
 10
10914.10285686996
 20
11306.28313061391
 30
0.0
 11
10911.65285686995
 21
11306.28313061391
 31
0.0
  0
LINE
  5
B87
330
1F
100
AcDbEntity
  8
0
  6
Continuous
 48
2.0
370
   100
100
AcDbLine
 10
10914.10285686996
 20
11306.08313061391
 30
0.0
 11
10911.65285686995
 21
11306.08313061391
 31
0.0
  0
LINE
  5
B88
330
1F
100
AcDbEntity
  8
0
  6
Continuous
 48
2.0
370
   100
100
AcDbLine
 10
10914.10285686996
 20
11309.7931306139
 30
0.0
 11
10911.65285686996
 21
11309.7931306139
 31
0.0
  0
LINE
  5
B89
330
1F
100
AcDbEntity
  8
0
  6
Continuous
 48
2.0
370
   100
100
AcDbLine
 10
10914.10285686996
 20
11309.5931306139
 30
0.0
 11
10911.65285686996
 21
11309.5931306139
 31
0.0
  0
LINE
  5
B8A
330
1F
100
AcDbEntity
  8
0
  6
Continuous
 48
2.0
370
   100
100
AcDbLine
 10
10914.10285686996
 20
11309.3931306139
 30
0.0
 11
10911.65285686996
 21
11309.3931306139
 31
0.0
  0
LINE
  5
B8B
330
1F
100
AcDbEntity
  8
0
  6
Continuous
 48
2.0
370
   100
100
AcDbLine
 10
10914.10285686996
 20
11309.19313061391
 30
0.0
 11
10911.65285686996
 21
11309.19313061391
 31
0.0
  0
LINE
  5
B8C
330
1F
100
AcDbEntity
  8
0
  6
Continuous
 48
2.0
370
   100
100
AcDbLine
 10
10914.10285686996
 20
11308.99313061391
 30
0.0
 11
10911.65285686996
 21
11308.99313061391
 31
0.0
  0
LINE
  5
B8D
330
1F
100
AcDbEntity
  8
0
  6
Continuous
 48
2.0
370
   100
100
AcDbLine
 10
10911.65285686996
 20
11302.89313061391
 30
0.0
 11
10911.65285686996
 21
11305.75813061391
 31
0.0
  0
LINE
  5
B91
330
1F
100
AcDbEntity
  8
0
  6
Continuous
 48
2.0
370
   100
100
AcDbLine
 10
10914.52785686995
 20
11310.7931306139
 30
0.0
 11
10914.52785686995
 21
11309.99313061391
 31
0.0
  0
LINE
  5
B92
330
1F
100
AcDbEntity
  8
0
  6
Continuous
 48
2.0
370
   100
100
AcDbLine
 10
10914.52785686995
 20
11310.7931306139
 30
0.0
 11
10914.52785686995
 21
11309.99313061391
 31
0.0
  0
LINE
  5
B93
330
1F
100
AcDbEntity
  8
0
  6
Continuous
 48
2.0
370
   100
100
AcDbLine
 10
10914.52785686995
 20
11310.7931306139
 30
0.0
 11
10914.52785686995
 21
11309.99313061391
 31
0.0
  0
LINE
  5
B94
330
1F
100
AcDbEntity
  8
0
  6
Continuous
 48
2.0
370
   100
100
AcDbLine
 10
10914.42785686995
 20
11310.7931306139
 30
0.0
 11
10914.42785686995
 21
11309.99313061391
 31
0.0
  0
LINE
  5
B95
330
1F
100
AcDbEntity
  8
0
  6
Continuous
 48
2.0
370
   100
100
AcDbLine
 10
10914.52785686995
 20
11307.68313061391
 30
0.0
 11
10914.52785686995
 21
11307.08313061391
 31
0.0
  0
LINE
  5
B96
330
1F
100
AcDbEntity
  8
0
  6
Continuous
 48
2.0
370
   100
100
AcDbLine
 10
10914.52785686995
 20
11307.68313061391
 30
0.0
 11
10914.52785686995
 21
11307.08313061391
 31
0.0
  0
LINE
  5
B97
330
1F
100
AcDbEntity
  8
0
  6
Continuous
 48
2.0
370
   100
100
AcDbLine
 10
10914.52785686995
 20
11307.68313061391
 30
0.0
 11
10914.52785686995
 21
11307.08313061391
 31
0.0
  0
LINE
  5
B98
330
1F
100
AcDbEntity
  8
0
  6
Continuous
 48
2.0
370
   100
100
AcDbLine
 10
10914.42785686995
 20
11307.68313061391
 30
0.0
 11
10914.42785686995
 21
11307.08313061391
 31
0.0
  0
LINE
  5
B99
330
1F
100
AcDbEntity
  8
0
  6
Continuous
 48
2.0
370
   100
100
AcDbLine
 10
10914.52785686995
 20
11304.69313061391
 30
0.0
 11
10914.52785686995
 21
11304.09313061391
 31
0.0
  0
LINE
  5
B9A
330
1F
100
AcDbEntity
  8
0
  6
Continuous
 48
2.0
370
   100
100
AcDbLine
 10
10914.52785686995
 20
11304.69313061391
 30
0.0
 11
10914.52785686995
 21
11304.09313061391
 31
0.0
  0
LINE
  5
B9B
330
1F
100
AcDbEntity
  8
0
  6
Continuous
 48
2.0
370
   100
100
AcDbLine
 10
10914.52785686995
 20
11304.69313061391
 30
0.0
 11
10914.52785686995
 21
11304.09313061391
 31
0.0
  0
LINE
  5
B9C
330
1F
100
AcDbEntity
  8
0
  6
Continuous
 48
2.0
370
   100
100
AcDbLine
 10
10914.42785686996
 20
11304.69313061391
 30
0.0
 11
10914.42785686996
 21
11304.09313061391
 31
0.0
  0
LINE
  5
BA5
330
1F
100
AcDbEntity
  8
0
  6
Continuous
 48
2.0
370
   100
100
AcDbLine
 10
10898.85075686995
 20
11307.31313061391
 30
0.0
 11
10898.85075686995
 21
11308.66813061391
 31
0.0
  0
LINE
  5
BA7
330
1F
100
AcDbEntity
  8
0
  6
Continuous
 48
2.0
370
   100
100
AcDbLine
 10
10899.25075686996
 20
11305.88313061391
 30
0.0
 11
10899.25075686996
 21
11307.21313061391
 31
0.0
  0
LINE
  5
BAA
330
1F
100
AcDbEntity
  8
0
  6
Continuous
 48
2.0
370
   100
100
AcDbLine
 10
10898.05075686995
 20
11307.31313061391
 30
0.0
 11
10900.00265686996
 21
11307.31313061391
 31
0.0
  0
LINE
  5
BAB
330
1F
100
AcDbEntity
  8
0
  6
Continuous
 48
2.0
370
   100
100
AcDbLine
 10
10898.05075686995
 20
11307.31313061391
 30
0.0
 11
10900.00265686996
 21
11307.31313061391
 31
0.0
  0
LINE
  5
BAC
330
1F
100
AcDbEntity
  8
0
  6
Continuous
 48
2.0
370
   100
100
AcDbLine
 10
10898.05075686995
 20
11307.21313061391
 30
0.0
 11
10900.00265686996
 21
11307.21313061391
 31
0.0
  0
HATCH
  5
BD3
330
1F
100
AcDbEntity
  8
0
  6
Continuous
440
 33554664
 48
2.0
370
   100
100
AcDbHatch
 10
0.0
 20
0.0
 30
0.0
210
0.0
220
0.0
230
1.0
  2
AR-CONC
 70
     0
 71
     1
 91
        1
 92
       33
 93
        2
 72
     1
 10
10897.30075686995
 20
11305.85813061391
 11
10914.85285686995
 21
11305.85813061391
 72
     1
 10
10897.30075686995
 20
11305.75813061391
 11
10914.85285686995
 21
11305.7581306139
 97
        2
330
B4A
330
B07
 75
     1
 76
     1
 52
0.0
 41
0.0011
 77
     0
 78
    13
 53
50.0
 43
10897.30075686995
 44
11305.7581306139
 45
0.2004031358956044
 46
-0.0175329940927934
 79
     2
 49
0.020955
 49
-0.230505
 53
355.0
 43
10897.30075686995
 44
11305.7581306139
 45
-0.0387677635674663
 46
0.2101625297629387
 79
     2
 49
0.016764
 49
-0.184404642587
 53
100.4514447
 43
10897.31745707765
 44
11305.75666953506
 45
0.1616353717993886
 46
0.1926295271034146
 79
     2
 49
0.01780900968
 49
-0.19589926906
 53
46.1842
 43
10897.30075686995
 44
11305.81401061391
 45
0.2981869449813429
 46
-0.0462465607259999
 79
     2
 49
0.0314325
 49
-0.3457575
 53
96.63555760999997
 43
10897.32560575995
 44
11305.81015676391
 45
0.2611445474566533
 46
0.2721687370574937
 79
     2
 49
0.026713525454
 49
-0.293849168976
 53
351.18415117
 43
10897.30075686995
 44
11305.81401061391
 45
0.2611445474714747
 46
0.2721687370440859
 79
     2
 49
0.025145963777
 49
-0.276605705112
 53
21.0
 43
10897.32869686995
 44
11305.8000406139
 45
0.1667758303960457
 46
-0.1124917180057964
 79
     2
 49
0.020955
 49
-0.230505
 53
326.0
 43
10897.32869686995
 44
11305.8000406139
 45
0.0679822311824118
 46
0.2026067627345512
 79
     2
 49
0.016764
 49
-0.184404
 53
71.45144499999999
 43
10897.34259485581
 44
11305.79066630402
 45
0.2347580612065878
 46
0.0901150457744958
 79
     2
 49
0.01780900968
 49
-0.19589893136
 53
37.5
 43
10897.30075686995
 44
11305.7581306139
 45
0.003397463575651
 46
0.0930105427604684
 79
     6
 49
0.0
 49
-0.1821688
 49
0.0
 49
-0.187198
 49
0.0
 49
-0.1851025
 53
7.499999999999999
 43
10897.30075686995
 44
11305.7581306139
 45
0.0735016287613363
 46
0.1101986322999315
 79
     6
 49
0.0
 49
-0.1067308
 49
0.0
 49
-0.1779778
 49
0.0
 49
-0.0705485
 53
327.5
 43
10897.23845066995
 44
11305.7581306139
 45
0.1491496546835585
 46
-0.0063016183919408
 79
     6
 49
0.0
 49
-0.06985
 49
0.0
 49
-0.217932
 49
0.0
 49
-0.289179
 53
317.5
 43
10897.21051066995
 44
11305.7581306139
 45
0.1629420995246198
 46
0.0279691401366663
 79
     6
 49
0.0
 49
-0.090805
 49
0.0
 49
-0.1447292
 49
0.0
 49
-0.205359
 98
        1
 10
0.0
 20
0.0
1001
GradientColor1ACI
1070
     5
1001
GradientColor2ACI
1070
     2
1001
ACAD
1010
10897.30075686995
1020
11305.7581306139
1030
0.0
  0
HATCH
  5
BD5
330
1F
100
AcDbEntity
  8
0
  6
Continuous
440
 33554664
 48
2.0
370
   100
100
AcDbHatch
 10
0.0
 20
0.0
 30
0.0
210
0.0
220
0.0
230
1.0
  2
AR-CONC
 70
     0
 71
     1
 91
        1
 92
       33
 93
        2
 72
     1
 10
10893.65515686995
 20
11308.79313061391
 11
10914.85285686995
 21
11308.79313061391
 72
     1
 10
10893.65515686995
 20
11308.66813061391
 11
10914.85285686995
 21
11308.66813061391
 97
        2
330
AA0
330
AA1
 75
     1
 76
     1
 52
0.0
 41
0.0021
 77
     0
 78
    13
 53
50.0
 43
10893.65515686995
 44
11308.66813061391
 45
0.3825878048916084
 46
-0.0334720796316965
 79
     2
 49
0.040005
 49
-0.440055
 53
355.0
 43
10893.65515686995
 44
11308.66813061391
 45
-0.0740111849924356
 46
0.4012193750019738
 79
     2
 49
0.032004
 49
-0.352045226757
 53
100.4514447
 43
10893.68703908465
 44
11308.66534128156
 45
0.3085766188897419
 46
0.3677472790156097
 79
     2
 49
0.03399901848
 49
-0.3739895136599999
 53
46.1842
 43
10893.65515686995
 44
11308.77481061391
 45
0.5692659858734728
 46
-0.088288888658727
 79
     2
 49
0.0600075
 49
-0.6600824999999999
 53
96.63555760999997
 43
10893.70259565995
 44
11308.76745326391
 45
0.4985486815081563
 46
0.5195948616552152
 79
     2
 49
0.050998548594
 49
-0.560984777136
 53
351.18415117
 43
10893.65515686995
 44
11308.77481061391
 45
0.4985486815364517
 46
0.5195948616296186
 79
     2
 49
0.048005930847
 49
-0.5280654370319999
 53
21.0
 43
10893.70849686995
 44
11308.7481406139
 45
0.3183902216651782
 46
-0.2147569161928839
 79
     2
 49
0.040005
 49
-0.440055
 53
326.0
 43
10893.70849686995
 44
11308.7481406139
 45
0.1297842595300588
 46
0.3867947288568704
 79
     2
 49
0.032004
 49
-0.352044
 53
71.45144499999999
 43
10893.73502938841
 44
11308.73024420411
 45
0.448174480485304
 46
0.172037814660401
 79
     2
 49
0.03399901848
 49
-0.3739888689599999
 53
37.5
 43
10893.65515686995
 44
11308.66813061391
 45
0.0064860668262428
 46
0.1775655816336215
 79
     6
 49
0.0
 49
-0.3477768
 49
0.0
 49
-0.357378
 49
0.0
 49
-0.3533775
 53
7.499999999999999
 43
10893.65515686995
 44
11308.66813061391
 45
0.1403212912716421
 46
0.210379207118051
 79
     6
 49
0.0
 49
-0.2037587999999999
 49
0.0
 49
-0.3397758
 49
0.0
 49
-0.1346835
 53
327.5
 43
10893.53620866995
 44
11308.66813061391
 45
0.2847402498504299
 46
-0.0120303623846142
 79
     6
 49
0.0
 49
-0.13335
 49
0.0
 49
-0.416052
 49
0.0
 49
-0.552069
 53
317.5
 43
10893.48286866995
 44
11308.66813061391
 45
0.3110712809106379
 46
0.0533956311699994
 79
     6
 49
0.0
 49
-0.173355
 49
0.0
 49
-0.2763012
 49
0.0
 49
-0.392049
 98
        1
 10
0.0
 20
0.0
1001
GradientColor1ACI
1070
     5
1001
GradientColor2ACI
1070
     2
1001
ACAD
1010
10893.65515686995
1020
11308.66813061391
1030
0.0
  0
HATCH
  5
BD7
330
1F
100
AcDbEntity
  8
0
  6
Continuous
440
 33554664
 48
2.0
370
   100
100
AcDbHatch
 10
0.0
 20
0.0
 30
0.0
210
0.0
220
0.0
230
1.0
  2
AR-CONC
 70
     0
 71
     1
 91
        1
 92
       33
 93
        8
 72
     1
 10
10893.65515686995
 20
11308.79313061391
 11
10890.65515686995
 21
11308.79313061391
 72
     1
 10
10890.65515686995
 20
11308.66813061391
 11
10893.65515686995
 21
11308.66813061391
 72
     1
 10
10889.90515686996
 20
11308.79313061391
 11
10890.65515686995
 21
11308.79313061391
 72
     1
 10
10889.90515686996
 20
11308.66813061391
 11
10890.65515686995
 21
11308.66813061391
 72
     1
 10
10889.90515686995
 20
11308.79313061391
 11
10880.50455686995
 21
11308.79313061391
 72
     1
 10
10880.50455686995
 20
11308.66813061391
 11
10889.90515686996
 21
11308.66813061391
 72
     1
 10
10879.75455686996
 20
11308.79313061391
 11
10880.50455686995
 21
11308.79313061391
 72
     1
 10
10879.75455686996
 20
11308.66813061391
 11
10880.50455686995
 21
11308.66813061391
 97
        8
330
B09
330
B0B
330
A9C
330
A9D
330
B0C
330
B0E
330
A69
330
A6B
 75
     1
 76
     1
 52
0.0
 41
0.0021
 77
     0
 78
    13
 53
50.0
 43
10879.75455686996
 44
11308.66813061391
 45
0.3825878048916084
 46
-0.0334720796316965
 79
     2
 49
0.040005
 49
-0.440055
 53
355.0
 43
10879.75455686996
 44
11308.66813061391
 45
-0.0740111849924356
 46
0.4012193750019738
 79
     2
 49
0.032004
 49
-0.352045226757
 53
100.4514447
 43
10879.78643908465
 44
11308.66534128156
 45
0.3085766188897419
 46
0.3677472790156097
 79
     2
 49
0.03399901848
 49
-0.3739895136599999
 53
46.1842
 43
10879.75455686996
 44
11308.77481061391
 45
0.5692659858734728
 46
-0.088288888658727
 79
     2
 49
0.0600075
 49
-0.6600824999999999
 53
96.63555760999997
 43
10879.80199565995
 44
11308.76745326391
 45
0.4985486815081563
 46
0.5195948616552152
 79
     2
 49
0.050998548594
 49
-0.560984777136
 53
351.18415117
 43
10879.75455686996
 44
11308.77481061391
 45
0.4985486815364517
 46
0.5195948616296186
 79
     2
 49
0.048005930847
 49
-0.5280654370319999
 53
21.0
 43
10879.80789686995
 44
11308.7481406139
 45
0.3183902216651782
 46
-0.2147569161928839
 79
     2
 49
0.040005
 49
-0.440055
 53
326.0
 43
10879.80789686995
 44
11308.7481406139
 45
0.1297842595300588
 46
0.3867947288568704
 79
     2
 49
0.032004
 49
-0.352044
 53
71.45144499999999
 43
10879.83442938841
 44
11308.73024420411
 45
0.448174480485304
 46
0.172037814660401
 79
     2
 49
0.03399901848
 49
-0.3739888689599999
 53
37.5
 43
10879.75455686996
 44
11308.66813061391
 45
0.0064860668262428
 46
0.1775655816336215
 79
     6
 49
0.0
 49
-0.3477768
 49
0.0
 49
-0.357378
 49
0.0
 49
-0.3533775
 53
7.499999999999999
 43
10879.75455686996
 44
11308.66813061391
 45
0.1403212912716421
 46
0.210379207118051
 79
     6
 49
0.0
 49
-0.2037587999999999
 49
0.0
 49
-0.3397758
 49
0.0
 49
-0.1346835
 53
327.5
 43
10879.63560866995
 44
11308.66813061391
 45
0.2847402498504299
 46
-0.0120303623846142
 79
     6
 49
0.0
 49
-0.13335
 49
0.0
 49
-0.416052
 49
0.0
 49
-0.552069
 53
317.5
 43
10879.58226866996
 44
11308.66813061391
 45
0.3110712809106379
 46
0.0533956311699994
 79
     6
 49
0.0
 49
-0.173355
 49
0.0
 49
-0.2763012
 49
0.0
 49
-0.392049
 98
        1
 10
0.0
 20
0.0
1001
GradientColor1ACI
1070
     5
1001
GradientColor2ACI
1070
     2
1001
ACAD
1010
10879.75455686996
1020
11308.66813061391
1030
0.0
  0
LINE
  5
BD8
330
1F
100
AcDbEntity
  8
0
  6
Continuous
 48
2.0
370
   100
100
AcDbLine
 10
10880.50455686995
 20
11308.79313061391
 30
0.0
 11
10880.50455686996
 21
11311.66813061391
 31
0.0
  0
LINE
  5
BD9
330
1F
100
AcDbEntity
  8
0
  6
Continuous
 48
2.0
370
   100
100
AcDbLine
 10
10889.90515686995
 20
11308.79313061391
 30
0.0
 11
10889.90515686995
 21
11311.66813061391
 31
0.0
  0
LINE
  5
BDA
330
1F
100
AcDbEntity
  8
0
  6
Continuous
 48
2.0
370
   100
100
AcDbLine
 10
10890.65515686995
 20
11308.79313061391
 30
0.0
 11
10890.65515686995
 21
11311.6681306139
 31
0.0
  0
LINE
  5
BDB
330
1F
100
AcDbEntity
  8
0
  6
Continuous
 48
2.0
370
   100
100
AcDbLine
 10
10893.65515686995
 20
11308.66813061391
 30
0.0
 11
10893.65515686995
 21
11302.89313061391
 31
0.0
  0
LINE
  5
BDC
330
1F
100
AcDbEntity
  8
0
  6
Continuous
 48
2.0
370
   100
100
AcDbLine
 10
10894.40515686995
 20
11308.66813061391
 30
0.0
 11
10894.40515686995
 21
11302.89313061391
 31
0.0
  0
LINE
  5
BDD
330
1F
100
AcDbEntity
  8
0
  6
Continuous
 48
2.0
370
   100
100
AcDbLine
 10
10900.00265686995
 20
11308.79313061391
 30
0.0
 11
10900.00265686996
 21
11311.6681306139
 31
0.0
  0
LINE
  5
BDE
330
1F
100
AcDbEntity
  8
0
  6
Continuous
 48
2.0
370
   100
100
AcDbLine
 10
10900.75265686995
 20
11308.79313061391
 30
0.0
 11
10900.75265686995
 21
11311.6681306139
 31
0.0
  0
LINE
  5
BDF
330
1F
100
AcDbEntity
  8
0
  6
Continuous
 48
2.0
370
   100
100
AcDbLine
 10
10902.70455686995
 20
11308.79313061391
 30
0.0
 11
10902.70455686995
 21
11311.6681306139
 31
0.0
  0
LINE
  5
BE0
330
1F
100
AcDbEntity
  8
0
  6
Continuous
 48
2.0
370
   100
100
AcDbLine
 10
10903.45455686995
 20
11308.66813061391
 30
0.0
 11
10903.45455686996
 21
11305.85813061391
 31
0.0
  0
LINE
  5
BE1
330
1F
100
AcDbEntity
  8
0
  6
Continuous
 48
2.0
370
   100
100
AcDbLine
 10
10909.35285686996
 20
11308.79313061391
 30
0.0
 11
10909.35285686996
 21
11311.6681306139
 31
0.0
  0
LINE
  5
BE2
330
1F
100
AcDbEntity
  8
0
  6
Continuous
 48
2.0
370
   100
100
AcDbLine
 10
10910.10285686995
 20
11308.79313061391
 30
0.0
 11
10910.10285686995
 21
11311.6681306139
 31
0.0
  0
LINE
  5
BE3
330
1F
100
AcDbEntity
  8
0
  6
Continuous
 48
2.0
370
   100
100
AcDbLine
 10
10910.90285686995
 20
11308.79313061391
 30
0.0
 11
10910.90285686995
 21
11311.6681306139
 31
0.0
  0
LINE
  5
BE4
330
1F
100
AcDbEntity
  8
0
  6
Continuous
 48
2.0
370
   100
100
AcDbLine
 10
10911.65285686995
 20
11308.79313061391
 30
0.0
 11
10911.65285686995
 21
11311.6681306139
 31
0.0
  0
LINE
  5
BE5
330
1F
100
AcDbEntity
  8
0
  6
Continuous
 48
2.0
370
   100
100
AcDbLine
 10
10914.10285686996
 20
11308.79313061391
 30
0.0
 11
10914.10285686996
 21
11311.6681306139
 31
0.0
  0
LINE
  5
BE6
330
1F
100
AcDbEntity
  8
0
  6
Continuous
 48
2.0
370
   100
100
AcDbLine
 10
10911.65285686996
 20
11305.85813061391
 30
0.0
 11
10911.65285686995
 21
11308.66813061391
 31
0.0
  0
LINE
  5
BE7
330
1F
100
AcDbEntity
  8
0
  6
Continuous
 48
2.0
370
   100
100
AcDbLine
 10
10914.10285686996
 20
11305.85813061391
 30
0.0
 11
10914.10285686996
 21
11308.66813061391
 31
0.0
  0
HATCH
  5
BE9
330
1F
100
AcDbEntity
  8
0
  6
Continuous
440
 33554664
 48
2.0
370
   100
100
AcDbHatch
 10
0.0
 20
0.0
 30
0.0
210
0.0
220
0.0
230
1.0
  2
AR-CONC
 70
     0
 71
     1
 91
        1
 92
       33
 93
        2
 72
     1
 10
10879.75455686996
 20
11302.79313061391
 11
10914.85285686995
 21
11302.79313061391
 72
     1
 10
10879.75455686996
 20
11302.5431306139
 11
10914.85285686995
 21
11302.5431306139
 97
        2
330
A43
330
A51
 75
     1
 76
     1
 52
0.0
 41
0.002
 77
     0
 78
    13
 53
50.0
 43
10879.75455686996
 44
11302.5431306139
 45
0.3643693379920081
 46
-0.0318781710778062
 79
     2
 49
0.0381
 49
-0.4191000000000001
 53
355.0
 43
10879.75455686996
 44
11302.5431306139
 45
-0.0704868428499387
 46
0.3821136904780703
 79
     2
 49
0.03048
 49
-0.3352811683400001
 53
100.4514447
 43
10879.78492088395
 44
11302.54047410691
 45
0.2938824941807066
 46
0.3502355038243902
 79
     2
 49
0.0323800176
 49
-0.3561804892
 53
46.1842
 43
10879.75455686996
 44
11302.6447306139
 45
0.5421580817842599
 46
-0.0840846558654543
 79
     2
 49
0.05715
 49
-0.6286500000000001
 53
96.63555760999997
 43
10879.79973666995
 44
11302.6377236139
 45
0.474808268103006
 46
0.4948522491954431
 79
     2
 49
0.04857004628
 49
-0.53427121632
 53
351.18415117
 43
10879.75455686996
 44
11302.6447306139
 45
0.4748082681299541
 46
0.4948522491710654
 79
     2
 49
0.04571993414
 49
-0.50291946384
 53
21.0
 43
10879.80535686996
 44
11302.6193306139
 45
0.3032287825382649
 46
-0.2045303963741752
 79
     2
 49
0.0381
 49
-0.4191000000000001
 53
326.0
 43
10879.80535686996
 44
11302.6193306139
 45
0.1236040566952941
 46
0.3683759322446385
 79
     2
 49
0.03048
 49
-0.33528
 53
71.45144499999999
 43
10879.83062593516
 44
11302.6022864141
 45
0.4268328385574323
 46
0.1638455377718105
 79
     2
 49
0.0323800176
 49
-0.3561798752
 53
37.5
 43
10879.75455686996
 44
11302.5431306139
 45
0.0061772065011836
 46
0.1691100777463062
 79
     6
 49
0.0
 49
-0.331216
 49
0.0
 49
-0.34036
 49
0.0
 49
-0.33655
 53
7.499999999999999
 43
10879.75455686996
 44
11302.5431306139
 45
0.1336393250206115
 46
0.200361149636239
 79
     6
 49
0.0
 49
-0.194056
 49
0.0
 49
-0.323596
 49
0.0
 49
-0.12827
 53
327.5
 43
10879.64127286995
 44
11302.5431306139
 45
0.2711811903337428
 46
-0.0114574879853469
 79
     6
 49
0.0
 49
-0.127
 49
0.0
 49
-0.39624
 49
0.0
 49
-0.5257800000000001
 53
317.5
 43
10879.59047286996
 44
11302.5431306139
 45
0.2962583627720361
 46
0.0508529820666661
 79
     6
 49
0.0
 49
-0.1651
 49
0.0
 49
-0.263144
 49
0.0
 49
-0.37338
 98
        1
 10
0.0
 20
0.0
1001
GradientColor1ACI
1070
     5
1001
GradientColor2ACI
1070
     2
1001
ACAD
1010
10879.75455686996
1020
11302.5431306139
1030
0.0
  0
HATCH
  5
BEB
330
1F
100
AcDbEntity
  8
0
  6
Continuous
440
 33554664
 48
2.0
370
   100
100
AcDbHatch
 10
0.0
 20
0.0
 30
0.0
210
0.0
220
0.0
230
1.0
  2
AR-CONC
 70
     0
 71
     1
 91
        1
 92
       33
 93
        2
 72
     1
 10
10879.75455686996
 20
11311.7931306139
 11
10914.85285686995
 21
11311.7931306139
 72
     1
 10
10879.75455686996
 20
11311.6681306139
 11
10914.85285686995
 21
11311.6681306139
 97
        2
330
9D2
330
A6A
 75
     1
 76
     1
 52
0.0
 41
0.0021
 77
     0
 78
    13
 53
50.0
 43
10879.75455686996
 44
11311.6681306139
 45
0.3825878048916084
 46
-0.0334720796316965
 79
     2
 49
0.040005
 49
-0.440055
 53
355.0
 43
10879.75455686996
 44
11311.6681306139
 45
-0.0740111849924356
 46
0.4012193750019738
 79
     2
 49
0.032004
 49
-0.352045226757
 53
100.4514447
 43
10879.78643908465
 44
11311.66534128156
 45
0.3085766188897419
 46
0.3677472790156097
 79
     2
 49
0.03399901848
 49
-0.3739895136599999
 53
46.1842
 43
10879.75455686996
 44
11311.77481061391
 45
0.5692659858734728
 46
-0.088288888658727
 79
     2
 49
0.0600075
 49
-0.6600824999999999
 53
96.63555760999997
 43
10879.80199565995
 44
11311.76745326391
 45
0.4985486815081563
 46
0.5195948616552152
 79
     2
 49
0.050998548594
 49
-0.560984777136
 53
351.18415117
 43
10879.75455686996
 44
11311.77481061391
 45
0.4985486815364517
 46
0.5195948616296186
 79
     2
 49
0.048005930847
 49
-0.5280654370319999
 53
21.0
 43
10879.80789686995
 44
11311.7481406139
 45
0.3183902216651782
 46
-0.2147569161928839
 79
     2
 49
0.040005
 49
-0.440055
 53
326.0
 43
10879.80789686995
 44
11311.7481406139
 45
0.1297842595300588
 46
0.3867947288568704
 79
     2
 49
0.032004
 49
-0.352044
 53
71.45144499999999
 43
10879.83442938841
 44
11311.73024420411
 45
0.448174480485304
 46
0.172037814660401
 79
     2
 49
0.03399901848
 49
-0.3739888689599999
 53
37.5
 43
10879.75455686996
 44
11311.6681306139
 45
0.0064860668262428
 46
0.1775655816336215
 79
     6
 49
0.0
 49
-0.3477768
 49
0.0
 49
-0.357378
 49
0.0
 49
-0.3533775
 53
7.499999999999999
 43
10879.75455686996
 44
11311.6681306139
 45
0.1403212912716421
 46
0.210379207118051
 79
     6
 49
0.0
 49
-0.2037587999999999
 49
0.0
 49
-0.3397758
 49
0.0
 49
-0.1346835
 53
327.5
 43
10879.63560866995
 44
11311.6681306139
 45
0.2847402498504299
 46
-0.0120303623846142
 79
     6
 49
0.0
 49
-0.13335
 49
0.0
 49
-0.416052
 49
0.0
 49
-0.552069
 53
317.5
 43
10879.58226866996
 44
11311.6681306139
 45
0.3110712809106379
 46
0.0533956311699994
 79
     6
 49
0.0
 49
-0.173355
 49
0.0
 49
-0.2763012
 49
0.0
 49
-0.392049
 98
        1
 10
0.0
 20
0.0
1001
GradientColor1ACI
1070
     5
1001
GradientColor2ACI
1070
     2
1001
ACAD
1010
10879.75455686996
1020
11311.6681306139
1030
0.0
  0
LINE
  5
BEC
330
1F
100
AcDbEntity
  8
0
  6
Continuous
 48
2.0
370
   100
100
AcDbLine
 10
10898.05075686995
 20
11305.85813061391
 30
0.0
 11
10898.05075686995
 21
11308.66813061391
 31
0.0
  0
LINE
  5
BED
330
1F
100
AcDbEntity
  8
0
  6
Continuous
 48
2.0
370
   100
100
AcDbLine
 10
10900.00265686996
 20
11305.85813061391
 30
0.0
 11
10900.00265686995
 21
11308.66813061391
 31
0.0
  0
LINE
  5
BEE
330
1F
100
AcDbEntity
  8
0
  6
Continuous
 48
2.0
370
   100
100
AcDbLine
 10
10900.75265686996
 20
11305.85813061391
 30
0.0
 11
10900.75265686995
 21
11308.66813061391
 31
0.0
  0
LINE
  5
BEF
330
1F
100
AcDbEntity
  8
0
  6
Continuous
 48
2.0
370
   100
100
AcDbLine
 10
10902.70455686995
 20
11305.85813061391
 30
0.0
 11
10902.70455686995
 21
11308.66813061391
 31
0.0
  0
LINE
  5
BF0
330
1F
100
AcDbEntity
  8
0
  6
Continuous
 48
2.0
370
   100
100
AcDbLine
 10
10903.45455686996
 20
11305.75813061391
 30
0.0
 11
10903.45455686996
 21
11302.89313061391
 31
0.0
  0
LINE
  5
BF1
330
1F
100
AcDbEntity
  8
0
  6
Continuous
 48
2.0
370
   100
100
AcDbLine
 10
10906.90435686995
 20
11305.85813061391
 30
0.0
 11
10906.90435686995
 21
11308.66813061391
 31
0.0
  0
LINE
  5
BF2
330
1F
100
AcDbEntity
  8
0
  6
Continuous
 48
2.0
370
   100
100
AcDbLine
 10
10907.65435686996
 20
11305.7581306139
 30
0.0
 11
10907.65435686996
 21
11302.89313061391
 31
0.0
  0
LINE
  5
BF3
330
1F
100
AcDbEntity
  8
0
  6
Continuous
 48
2.0
370
   100
100
AcDbLine
 10
10909.35285686996
 20
11305.85813061391
 30
0.0
 11
10909.35285686996
 21
11308.66813061391
 31
0.0
  0
LINE
  5
BF4
330
1F
100
AcDbEntity
  8
0
  6
Continuous
 48
2.0
370
   100
100
AcDbLine
 10
10910.10285686996
 20
11305.85813061391
 30
0.0
 11
10910.10285686995
 21
11308.66813061391
 31
0.0
  0
LINE
  5
BF5
330
1F
100
AcDbEntity
  8
0
  6
Continuous
 48
2.0
370
   100
100
AcDbLine
 10
10910.90285686995
 20
11305.85813061391
 30
0.0
 11
10910.90285686995
 21
11308.66813061391
 31
0.0
  0
HATCH
  5
C07
330
1F
100
AcDbEntity
  8
0
  6
Continuous
440
 33554664
 48
2.0
370
   100
100
AcDbHatch
 10
0.0
 20
0.0
 30
0.0
210
0.0
220
0.0
230
1.0
  2
GRAVEL
 70
     0
 71
     1
 91
        1
 92
       33
 93
        2
 72
     1
 10
10879.75455686996
 20
11302.1931306139
 11
10914.85285686995
 21
11302.1931306139
 72
     1
 10
10879.75455686996
 20
11302.5431306139
 11
10914.85285686995
 21
11302.5431306139
 97
        2
330
A4F
330
A51
 75
     1
 76
     1
 52
0.0
 41
0.025
 77
     0
 78
    41
 53
228.0127875
 43
10897.76090686995
 44
11303.00313061391
 45
-5.080000000398952
 46
-5.714999999645446
 79
     2
 49
0.08543036
 49
-8.45762090989125
 53
184.969741
 43
10897.70375686995
 44
11302.93963061391
 45
7.619999996985126
 46
0.635000036174481
 79
     2
 49
0.14660118
 49
-14.51351222338099
 53
132.5104471
 43
10897.55770686996
 44
11302.92693061391
 45
6.350000002681873
 46
-6.984999997561489
 79
     2
 49
0.10337038
 49
-10.233680698525
 53
267.273689
 43
10897.31005686995
 44
11302.76818061391
 45
0.6350000013299314
 46
12.69999999993328
 79
     2
 49
0.13350113
 49
-13.2166093564345
 53
292.83365418
 43
10897.30370686995
 44
11302.63483061391
 45
-3.175000000265852
 46
7.619999999888865
 79
     2
 49
0.130908425
 49
-12.959951936336
 53
357.273689
 43
10897.35450686996
 44
11302.5141806139
 45
-12.69999999993328
 46
0.6350000013299321
 79
     2
 49
0.13350113
 49
-13.2166093564345
 53
37.69424047
 43
10897.48785686995
 44
11302.50783061391
 45
-8.254999999633973
 46
-6.350000000475103
 79
     2
 49
0.176548415
 49
-17.47827882856175
 53
72.25532837
 43
10897.62755686995
 44
11302.6157806139
 45
4.445000001194823
 46
13.96999999961971
 79
     2
 49
0.16667988
 49
-16.50131415047625
 53
121.42956562
 43
10897.67835686995
 44
11302.77453061391
 45
-5.080000000720779
 46
8.254999999556504
 79
     2
 49
0.13395325
 49
-13.261386424678
 53
175.2363583
 43
10897.60850686995
 44
11302.88883061391
 45
6.984999999899881
 46
-0.6350000010973141
 79
     2
 49
0.15292832
 49
-7.493484237499999
 53
222.3974378
 43
10897.45610686996
 44
11302.90153061391
 45
-7.619999999756164
 46
-6.985000000265998
 79
     2
 49
0.19776948
 49
-19.57919312804425
 53
138.81407483
 43
10897.93870686995
 44
11302.76183061391
 45
-4.444999999733377
 46
3.810000000309795
 79
     2
 49
0.067501135
 49
-6.682641456086
 53
171.4692344
 43
10897.88790686995
 44
11302.80628061391
 45
8.255000000222414
 46
-1.269999998559335
 79
     2
 49
0.128420495
 49
-12.71365974926
 53
225.0
 43
10897.76090686995
 44
11302.82533061391
 45
-0.0000000000000001
 46
-0.6350000000000599
 79
     2
 49
0.089802335
 49
-0.808223277107
 53
203.19859051
 43
10897.71645686995
 44
11302.90153061391
 45
3.175000000086522
 46
1.269999999777333
 79
     2
 49
0.04836033
 49
-4.787655592223498
 53
291.80140949
 43
10897.67200686995
 44
11302.8824806139
 45
-0.635000000132874
 46
1.904999999955718
 79
     2
 49
0.068391405
 49
-3.3511882475
 53
30.96375653
 43
10897.69740686995
 44
11302.8189806139
 45
1.905000000046595
 46
1.269999999930281
 79
     2
 49
0.111079915
 49
-3.591574538227499
 53
161.56505118
 43
10897.79265686996
 44
11302.87613061391
 45
1.270000000033145
 46
-0.6349999999334384
 79
     2
 49
0.080321785
 49
-1.927724529206999
 53
16.389540334
 43
10897.30370686995
 44
11302.8824806139
 45
6.350000000000036
 46
1.90500000000006
 79
     2
 49
0.112522
 49
-11.13970666813475
 53
70.34617594
 43
10897.41165686995
 44
11302.9142306139
 45
-2.540000000232328
 46
-6.984999999917602
 79
     2
 49
0.094399735
 49
-9.345553919549999
 53
293.19859051
 43
10897.79265686996
 44
11303.00313061391
 45
-1.269999999778315
 46
3.175000000088821
 79
     2
 49
0.096720025
 49
-4.739295897223498
 53
343.61045967
 43
10897.83075686995
 44
11302.9142306139
 45
-6.350000000133071
 46
1.904999999555714
 79
     2
 49
0.112522
 49
-11.139706668135
 53
339.44395478
 43
10897.30370686995
 44
11302.48878061391
 45
-3.174999999999965
 46
1.270000000000052
 79
     2
 49
0.1085088
 49
-5.3169335782765
 53
294.7751406
 43
10897.40530686995
 44
11302.4506806139
 45
-3.175000003779232
 46
6.984999998281814
 79
     2
 49
0.09091803
 49
-9.000898345180001
 53
66.80140949
 43
10897.79900686995
 44
11302.36813061391
 45
1.269999999800574
 46
3.175000000079825
 79
     2
 49
0.096720025
 49
-4.739295897223499
 53
17.35402464
 43
10897.83710686995
 44
11302.45703061391
 45
-8.254999999835755
 46
-2.540000000533115
 79
     2
 49
0.106445685
 49
-10.53809399505
 53
69.44395478
 43
10897.48785686995
 44
11302.36813061391
 45
-1.270000000022115
 46
-3.174999999991158
 79
     2
 49
0.0542544
 49
-5.371187978276501
 53
101.309932474
 43
10897.76090686995
 44
11302.36813061391
 45
-0.6350000000001001
 46
2.540000000000092
 79
     2
 49
0.03237865
 49
-3.2054987411315
 53
165.963756532
 43
10897.75455686995
 44
11302.39988061391
 45
1.904999999999878
 46
-0.6349999999999663
 79
     2
 49
0.130908425
 49
-2.48726364726725
 53
186.00900596
 43
10897.62755686995
 44
11302.43163061391
 45
6.349999999966343
 46
0.6350000003323384
 79
     2
 49
0.12131675
 49
-12.01034121583425
 53
303.69006753
 43
10897.69740686995
 44
11302.76183061391
 45
-0.6350000000882422
 46
1.269999999955925
 79
     2
 49
0.09158097
 49
-2.19794408992
 53
353.15722659
 43
10897.74820686995
 44
11302.6856306139
 45
10.79500000006642
 46
-1.269999999434848
 79
     2
 49
0.15988919
 49
-15.82900226625775
 53
60.9453959
 43
10897.90695686995
 44
11302.66658061391
 45
-2.540000000069921
 46
-4.444999999960063
 79
     2
 49
0.06537706
 49
-6.472348079527499
 53
90.0
 43
10897.93870686995
 44
11302.72373061391
 45
-0.635
 46
0.635
 79
     2
 49
0.0381
 49
-0.5969
 53
120.25643716
 43
10897.61485686995
 44
11302.4506806139
 45
2.539999999689291
 46
-4.445000000177449
 79
     2
 49
0.08821674
 49
-8.733485193299999
 53
48.01278749999999
 43
10897.57040686995
 44
11302.52688061391
 45
5.080000000418834
 46
5.714999999627551
 79
     2
 49
0.17086072
 49
-8.372190549891248
 53
0.0
 43
10897.68470686995
 44
11302.6538806139
 45
0.635
 46
0.635
 79
     2
 49
0.1651
 49
-0.4699
 53
325.3048465
 43
10897.84980686995
 44
11302.6538806139
 45
6.350000002405383
 46
-4.444999996563644
 79
     2
 49
0.10040239
 49
-9.939829181035001
 53
254.0546040999999
 43
10897.93235686995
 44
11302.59673061391
 45
-0.6349999999556393
 46
-2.540000000011186
 79
     2
 49
0.09245727
 49
-4.530412509692999
 53
207.64597536
 43
10897.90695686995
 44
11302.50783061391
 45
-12.06500000044333
 46
-6.349999999157688
 79
     2
 49
0.150536275
 49
-14.9031161057345
 53
175.42607874
 43
10897.77360686995
 44
11302.43798061391
 45
-8.254999999999707
 46
0.6349999999998696
 79
     2
 49
0.159257365
 49
-15.76646161406
 98
        1
 10
0.0
 20
0.0
1001
GradientColor1ACI
1070
     5
1001
GradientColor2ACI
1070
     2
1001
ACAD
1010
10897.30370686995
1020
11302.36813061391
1030
0.0
  0
HATCH
  5
C09
330
1F
100
AcDbEntity
  8
0
  6
Continuous
440
 33554664
 48
2.0
370
   100
100
AcDbHatch
 10
0.0
 20
0.0
 30
0.0
210
0.0
220
0.0
230
1.0
  2
GRAVEL
 70
     0
 71
     1
 91
        1
 92
       33
 93
        2
 72
     1
 10
10879.75455686996
 20
11301.79313061391
 11
10914.85285686995
 21
11301.79313061391
 72
     1
 10
10879.75455686996
 20
11302.1931306139
 11
10914.85285686995
 21
11302.1931306139
 97
        2
330
9D3
330
A4F
 75
     1
 76
     1
 52
0.0
 41
0.04
 77
     0
 78
    41
 53
228.0127875
 43
10880.48607686995
 44
11302.8091306139
 45
-8.128000000638323
 46
-9.143999999432713
 79
     2
 49
0.136688576
 49
-13.532193455826
 53
184.969741
 43
10880.39463686995
 44
11302.7075306139
 45
12.1919999951762
 46
1.016000057879169
 79
     2
 49
0.2345618879999999
 49
-23.2216195574096
 53
132.5104471
 43
10880.16095686995
 44
11302.68721061391
 45
10.16000000429099
 46
-11.17599999609838
 79
     2
 49
0.165392608
 49
-16.37388911764
 53
267.273689
 43
10879.76471686995
 44
11302.4332106139
 45
1.01600000212789
 46
20.31999999989325
 79
     2
 49
0.213601808
 49
-21.1465749702952
 53
292.83365418
 43
10879.75455686996
 44
11302.21985061391
 45
-5.080000000425363
 46
12.19199999982218
 79
     2
 49
0.20945348
 49
-20.7359230981376
 53
357.273689
 43
10879.83583686995
 44
11302.0268106139
 45
-20.31999999989325
 46
1.016000002127891
 79
     2
 49
0.213601808
 49
-21.1465749702952
 53
37.69424047
 43
10880.04919686996
 44
11302.0166506139
 45
-13.20799999941436
 46
-10.16000000076016
 79
     2
 49
0.2824774639999999
 49
-27.96524612569881
 53
72.25532837
 43
10880.27271686995
 44
11302.18937061391
 45
7.112000001911716
 46
22.35199999939154
 79
     2
 49
0.266687808
 49
-26.402102640762
 53
121.42956562
 43
10880.35399686996
 44
11302.44337061391
 45
-8.128000001153248
 46
13.20799999929041
 79
     2
 49
0.2143252
 49
-21.21821827948481
 53
175.2363583
 43
10880.24223686995
 44
11302.6262506139
 45
11.17599999983981
 46
-1.016000001755702
 79
     2
 49
0.244685312
 49
-11.98957478
 53
222.3974378
 43
10879.99839686995
 44
11302.64657061391
 45
-12.19199999960986
 46
-11.1760000004256
 79
     2
 49
0.316431168
 49
-31.3267090048708
 53
138.81407483
 43
10880.77055686995
 44
11302.42305061391
 45
-7.111999999573403
 46
6.096000000495672
 79
     2
 49
0.108001816
 49
-10.6922263297376
 53
171.4692344
 43
10880.68927686995
 44
11302.49417061391
 45
13.20800000035586
 46
-2.031999997694937
 79
     2
 49
0.205472792
 49
-20.341855598816
 53
225.0
 43
10880.48607686995
 44
11302.5246506139
 45
-0.0000000000000001
 46
-1.016000000000095
 79
     2
 49
0.143683736
 49
-1.293157243371199
 53
203.19859051
 43
10880.41495686996
 44
11302.64657061391
 45
5.080000000138436
 46
2.031999999643733
 79
     2
 49
0.077376528
 49
-7.660248947557597
 53
291.80140949
 43
10880.34383686995
 44
11302.6160906139
 45
-1.016000000212598
 46
3.047999999929148
 79
     2
 49
0.109426248
 49
-5.361901195999999
 53
30.96375653
 43
10880.38447686995
 44
11302.5144906139
 45
3.048000000074553
 46
2.03199999988845
 79
     2
 49
0.177727864
 49
-5.746519261163999
 53
161.56505118
 43
10880.53687686995
 44
11302.6059306139
 45
2.032000000053033
 46
-1.015999999893501
 79
     2
 49
0.128514856
 49
-3.084359246731199
 53
16.389540334
 43
10879.75455686996
 44
11302.6160906139
 45
10.16000000000006
 46
3.048000000000097
 79
     2
 49
0.1800352
 49
-17.8235306690156
 53
70.34617594
 43
10879.92727686996
 44
11302.66689061391
 45
-4.064000000371725
 46
-11.17599999986816
 79
     2
 49
0.151039576
 49
-14.95288627128
 53
293.19859051
 43
10880.53687686995
 44
11302.8091306139
 45
-2.031999999645305
 46
5.080000000142113
 79
     2
 49
0.15475204
 49
-7.582873435557598
 53
343.61045967
 43
10880.59783686995
 44
11302.66689061391
 45
-10.16000000021291
 46
3.047999999289143
 79
     2
 49
0.1800352
 49
-17.823530669016
 53
339.44395478
 43
10879.75455686996
 44
11301.9861706139
 45
-5.079999999999945
 46
2.032000000000083
 79
     2
 49
0.1736140799999999
 49
-8.5070937252424
 53
294.7751406
 43
10879.91711686995
 44
11301.92521061391
 45
-5.080000006046772
 46
11.1759999972509
 79
     2
 49
0.145468848
 49
-14.401437352288
 53
66.80140949
 43
10880.54703686996
 44
11301.79313061391
 45
2.031999999680919
 46
5.080000000127721
 79
     2
 49
0.15475204
 49
-7.582873435557599
 53
17.35402464
 43
10880.60799686995
 44
11301.9353706139
 45
-13.2079999997372
 46
-4.064000000852985
 79
     2
 49
0.1703130960000001
 49
-16.86095039208
 53
69.44395478
 43
10880.04919686996
 44
11301.79313061391
 45
-2.032000000035384
 46
-5.079999999985853
 79
     2
 49
0.08680704
 49
-8.593900765242402
 53
101.309932474
 43
10880.48607686995
 44
11301.79313061391
 45
-1.016000000000159
 46
4.064000000000147
 79
     2
 49
0.05180584
 49
-5.1287979858104
 53
165.963756532
 43
10880.47591686995
 44
11301.84393061391
 45
3.047999999999805
 46
-1.015999999999946
 79
     2
 49
0.20945348
 49
-3.9796218356276
 53
186.00900596
 43
10880.27271686995
 44
11301.89473061391
 45
10.15999999994614
 46
1.016000000531741
 79
     2
 49
0.1941067999999999
 49
-19.2165459453348
 53
303.69006753
 43
10880.38447686995
 44
11302.42305061391
 45
-1.016000000141187
 46
2.03199999992948
 79
     2
 49
0.146529552
 49
-3.516710543872
 53
353.15722659
 43
10880.46575686995
 44
11302.3011306139
 45
17.27200000010627
 46
-2.031999999095757
 79
     2
 49
0.255822704
 49
-25.3264036260124
 53
60.9453959
 43
10880.71975686996
 44
11302.27065061391
 45
-4.064000000111874
 46
-7.111999999936101
 79
     2
 49
0.104603296
 49
-10.355756927244
 53
90.0
 43
10880.77055686995
 44
11302.36209061391
 45
-1.016
 46
1.016
 79
     2
 49
0.06096
 49
-0.9550399999999999
 53
120.25643716
 43
10880.25239686996
 44
11301.92521061391
 45
4.063999999502866
 46
-7.112000000283918
 79
     2
 49
0.141146784
 49
-13.97357630928
 53
48.01278749999999
 43
10880.18127686996
 44
11302.04713061391
 45
8.128000000670136
 46
9.143999999404082
 79
     2
 49
0.273377152
 49
-13.395504879826
 53
0.0
 43
10880.36415686995
 44
11302.2503306139
 45
1.016
 46
1.016
 79
     2
 49
0.26416
 49
-0.75184
 53
325.3048465
 43
10880.62831686996
 44
11302.2503306139
 45
10.16000000384861
 46
-7.111999994501831
 79
     2
 49
0.160643824
 49
-15.903726689656
 53
254.0546040999999
 43
10880.76039686995
 44
11302.15889061391
 45
-1.015999999929022
 46
-4.064000000017898
 79
     2
 49
0.147931632
 49
-7.2486600155088
 53
207.64597536
 43
10880.71975686996
 44
11302.0166506139
 45
-19.30400000070934
 46
-10.1599999986523
 79
     2
 49
0.2408580399999999
 49
-23.8449857691752
 53
175.42607874
 43
10880.50639686995
 44
11301.9048906139
 45
-13.20799999999953
 46
1.015999999999791
 79
     2
 49
0.254811784
 49
-25.226338582496
 98
        1
 10
0.0
 20
0.0
1001
GradientColor1ACI
1070
     5
1001
GradientColor2ACI
1070
     2
1001
ACAD
1010
10879.75455686996
1020
11301.79313061391
1030
0.0
  0
LINE
  5
C35
330
1F
100
AcDbEntity
  8
0
  6
Continuous
 48
2.0
370
   100
100
AcDbLine
 10
10879.75455686996
 20
11311.6681306139
 30
0.0
 11
10879.75455686996
 21
11308.79313061391
 31
0.0
  0
LINE
  5
C42
330
1F
100
AcDbEntity
  8
0
  6
Continuous
 48
2.0
370
   100
100
AcDbLine
 10
10880.17955686995
 20
11310.7931306139
 30
0.0
 11
10880.17955686995
 21
11309.99313061391
 31
0.0
  0
LINE
  5
C43
330
1F
100
AcDbEntity
  8
0
  6
Continuous
 48
2.0
370
   100
100
AcDbLine
 10
10880.07955686996
 20
11310.7931306139
 30
0.0
 11
10880.07955686996
 21
11309.99313061391
 31
0.0
  0
LINE
  5
C44
330
1F
100
AcDbEntity
  8
0
  6
Continuous
 48
2.0
370
   100
100
AcDbLine
 10
10880.07955686996
 20
11310.7931306139
 30
0.0
 11
10880.07955686996
 21
11309.99313061391
 31
0.0
  0
LINE
  5
C45
330
1F
100
AcDbEntity
  8
0
  6
Continuous
 48
2.0
370
   100
100
AcDbLine
 10
10880.07955686996
 20
11310.7931306139
 30
0.0
 11
10880.07955686996
 21
11309.99313061391
 31
0.0
  0
LINE
  5
C46
330
1F
100
AcDbEntity
  8
0
  6
Continuous
 48
2.0
370
   100
100
AcDbLine
 10
10880.50455686995
 20
11309.99313061391
 30
0.0
 11
10879.75455686996
 21
11309.99313061391
 31
0.0
  0
LINE
  5
C47
330
1F
100
AcDbEntity
  8
0
  6
Continuous
 48
2.0
370
   100
100
AcDbLine
 10
10880.50455686995
 20
11310.7931306139
 30
0.0
 11
10879.75455686996
 21
11310.7931306139
 31
0.0
  0
LINE
  5
C48
330
1F
100
AcDbEntity
  8
0
  6
Continuous
 48
2.0
370
   100
100
AcDbLine
 10
10880.50455686995
 20
11310.89313061391
 30
0.0
 11
10879.75455686996
 21
11310.89313061391
 31
0.0
  0
LINE
  5
C49
330
1F
100
AcDbEntity
  8
0
  6
Continuous
 48
2.0
370
   100
100
AcDbLine
 10
10879.75455686996
 20
11310.7931306139
 30
0.0
 11
10879.25455686995
 21
11310.7931306139
 31
0.0
  0
LINE
  5
C4A
330
1F
100
AcDbEntity
  8
0
  6
Continuous
 48
2.0
370
   100
100
AcDbLine
 10
10879.25455686995
 20
11310.7931306139
 30
0.0
 11
10879.25455686995
 21
11310.89313061391
 31
0.0
  0
LINE
  5
C4B
330
1F
100
AcDbEntity
  8
0
  6
Continuous
 48
2.0
370
   100
100
AcDbLine
 10
10879.25455686995
 20
11310.89313061391
 30
0.0
 11
10879.75455686996
 21
11310.89313061391
 31
0.0
  0
HATCH
  5
C5C
330
1F
100
AcDbEntity
  8
0
  6
Continuous
440
 33554664
 48
2.0
370
   100
100
AcDbHatch
 10
0.0
 20
0.0
 30
0.0
210
0.0
220
0.0
230
1.0
  2
JIS_LC_8A
 70
     0
 71
     1
 91
        1
 92
       33
 93
        2
 72
     1
 10
10889.90515686995
 20
11301.79313061391
 11
10889.90515686995
 21
11311.7931306139
 72
     1
 10
10890.65515686995
 20
11302.89313061391
 11
10890.65515686995
 21
11308.66813061391
 97
        2
330
9D5
330
A29
 75
     1
 76
     1
 52
0.0
 41
0.1
 77
     0
 78
     2
 53
45.0
 43
10889.90515686995
 44
11311.7931306139
 45
-0.5515432893255072
 46
0.5515432893255072
 79
     0
 53
45.0
 43
10890.00515686995
 44
11311.7931306139
 45
-0.5515432893255072
 46
0.5515432893255072
 79
     0
 98
        1
 10
10.15059999999903
 20
0.0
1001
GradientColor1ACI
1070
     5
1001
GradientColor2ACI
1070
     2
1001
ACAD
1010
10889.90515686995
1020
11311.7931306139
1030
0.0
  0
LINE
  5
C5F
330
1F
100
AcDbEntity
  8
0
  6
Continuous
 48
2.0
370
   100
100
AcDbLine
 10
10880.50455686996
 20
11311.6681306139
 30
0.0
 11
10880.50455686995
 21
11310.89313061391
 31
0.0
  0
LINE
  5
C60
330
1F
100
AcDbEntity
  8
0
  6
Continuous
 48
2.0
370
   100
100
AcDbLine
 10
10880.50455686995
 20
11310.89313061391
 30
0.0
 11
10879.75455686996
 21
11310.89313061391
 31
0.0
  0
LINE
  5
C61
330
1F
100
AcDbEntity
  8
0
  6
Continuous
 48
2.0
370
   100
100
AcDbLine
 10
10879.75455686996
 20
11310.89313061391
 30
0.0
 11
10879.75455686996
 21
11311.6681306139
 31
0.0
  0
LINE
  5
C62
330
1F
100
AcDbEntity
  8
0
  6
Continuous
 48
2.0
370
   100
100
AcDbLine
 10
10879.75455686996
 20
11311.6681306139
 30
0.0
 11
10880.50455686996
 21
11311.66813061391
 31
0.0
  0
HATCH
  5
C64
330
1F
100
AcDbEntity
  8
0
  6
Continuous
440
 33554664
 48
2.0
370
   100
100
AcDbHatch
 10
0.0
 20
0.0
 30
0.0
210
0.0
220
0.0
230
1.0
  2
JIS_LC_8A
 70
     0
 71
     0
 91
        1
 92
        1
 93
        4
 72
     1
 10
10890.66245060957
 20
11311.6681306139
 11
10890.65515686996
 21
11308.79313061391
 72
     1
 10
10890.65515686996
 20
11308.79313061391
 11
10889.90515686996
 21
11308.79313061391
 72
     1
 10
10889.90515686996
 20
11308.79313061391
 11
10889.91245060957
 21
11311.6681306139
 72
     1
 10
10889.91245060957
 20
11311.6681306139
 11
10890.66245060957
 21
11311.6681306139
 97
        0
 75
     1
 76
     1
 52
0.0
 41
0.08
 77
     0
 78
     2
 53
45.0
 43
10904.56305060957
 44
11311.7931306139
 45
-0.4412346314604057
 46
0.4412346314604057
 79
     0
 53
45.0
 43
10904.64305060957
 44
11311.7931306139
 45
-0.4412346314604057
 46
0.4412346314604057
 79
     0
 98
        1
 10
10.15789373961161
 20
0.0
1001
GradientColor1ACI
1070
     5
1001
GradientColor2ACI
1070
     2
1001
ACAD
1010
10894.40515686995
1020
11311.7931306139
1030
0.0
  0
LINE
  5
C65
330
1F
100
AcDbEntity
  8
0
  6
Continuous
 48
2.0
370
   100
100
AcDbLine
 10
10880.50455686995
 20
11309.99313061391
 30
0.0
 11
10880.50455686995
 21
11308.79313061391
 31
0.0
  0
LINE
  5
C66
330
1F
100
AcDbEntity
  8
0
  6
Continuous
 48
2.0
370
   100
100
AcDbLine
 10
10880.50455686995
 20
11308.79313061391
 30
0.0
 11
10879.75455686996
 21
11308.79313061391
 31
0.0
  0
LINE
  5
C67
330
1F
100
AcDbEntity
  8
0
  6
Continuous
 48
2.0
370
   100
100
AcDbLine
 10
10879.75455686996
 20
11308.79313061391
 30
0.0
 11
10879.75455686996
 21
11309.99313061391
 31
0.0
  0
HATCH
  5
C69
330
1F
100
AcDbEntity
  8
0
  6
Continuous
440
 33554664
 48
2.0
370
   100
100
AcDbHatch
 10
0.0
 20
0.0
 30
0.0
210
0.0
220
0.0
230
1.0
  2
JIS_LC_20A
 70
     0
 71
     0
 91
        1
 92
        1
 93
        4
 72
     1
 10
10880.50455686995
 20
11309.99313061391
 11
10879.75455686996
 21
11309.99313061391
 72
     1
 10
10879.75455686996
 20
11309.99313061391
 11
10879.7481470275
 21
11308.76094254493
 72
     1
 10
10879.7481470275
 20
11308.76094254493
 11
10880.49814702749
 21
11308.76094254493
 72
     1
 10
10880.49814702749
 20
11308.76094254493
 11
10880.50455686995
 21
11309.99313061391
 97
        0
 75
     1
 76
     1
 52
0.0
 41
0.07
 77
     0
 78
     2
 53
45.0
 43
10880.50455686995
 44
11309.99313061391
 45
-0.9899494936611667
 46
0.9899494936611667
 79
     0
 53
45.0
 43
10880.57455686995
 44
11309.99313061391
 45
-0.9899494936611667
 46
0.9899494936611667
 79
     0
 98
        1
 10
-0.0064098424591066
 20
-0.0321880689753016
1001
GradientColor1ACI
1070
     5
1001
GradientColor2ACI
1070
     2
1001
ACAD
1010
10880.50455686995
1020
11309.99313061391
1030
0.0
  0
POINT
  5
C92
330
1F
100
AcDbEntity
  8
0
  6
ACAD_ISO02W100
370
   100
100
AcDbPoint
 10
10898.85075686995
 20
11307.44863061391
 30
0.0
  0
POINT
  5
C93
330
1F
100
AcDbEntity
  8
0
  6
ACAD_ISO02W100
370
   100
100
AcDbPoint
 10
10898.85075686995
 20
11307.58413061391
 30
0.0
  0
POINT
  5
C94
330
1F
100
AcDbEntity
  8
0
  6
ACAD_ISO02W100
370
   100
100
AcDbPoint
 10
10898.85075686995
 20
11307.71963061391
 30
0.0
  0
POINT
  5
C95
330
1F
100
AcDbEntity
  8
0
  6
ACAD_ISO02W100
370
   100
100
AcDbPoint
 10
10898.85075686995
 20
11307.85513061391
 30
0.0
  0
POINT
  5
C96
330
1F
100
AcDbEntity
  8
0
  6
ACAD_ISO02W100
370
   100
100
AcDbPoint
 10
10898.85075686995
 20
11307.99063061391
 30
0.0
  0
POINT
  5
C97
330
1F
100
AcDbEntity
  8
0
  6
ACAD_ISO02W100
370
   100
100
AcDbPoint
 10
10898.85075686995
 20
11308.12613061391
 30
0.0
  0
POINT
  5
C98
330
1F
100
AcDbEntity
  8
0
  6
ACAD_ISO02W100
370
   100
100
AcDbPoint
 10
10898.85075686995
 20
11308.26163061391
 30
0.0
  0
POINT
  5
C99
330
1F
100
AcDbEntity
  8
0
  6
ACAD_ISO02W100
370
   100
100
AcDbPoint
 10
10898.85075686995
 20
11308.39713061391
 30
0.0
  0
POINT
  5
C9A
330
1F
100
AcDbEntity
  8
0
  6
ACAD_ISO02W100
370
   100
100
AcDbPoint
 10
10898.85075686995
 20
11308.53263061391
 30
0.0
  0
LINE
  5
CA4
330
1F
100
AcDbEntity
  8
0
  6
DASHED2
 48
0.01
370
   100
100
AcDbLine
 10
10898.85075686995
 20
11308.53263061391
 30
0.0
 11
10898.05075686995
 21
11308.53263061391
 31
0.0
  0
LINE
  5
CA5
330
1F
100
AcDbEntity
  8
0
  6
DASHED2
 48
0.01
370
   100
100
AcDbLine
 10
10898.85075686995
 20
11308.39713061391
 30
0.0
 11
10898.05075686995
 21
11308.39713061391
 31
0.0
  0
LINE
  5
CA6
330
1F
100
AcDbEntity
  8
0
  6
DASHED2
 48
0.01
370
   100
100
AcDbLine
 10
10898.85075686995
 20
11308.26163061391
 30
0.0
 11
10898.05075686995
 21
11308.26163061391
 31
0.0
  0
LINE
  5
CA7
330
1F
100
AcDbEntity
  8
0
  6
DASHED2
 48
0.01
370
   100
100
AcDbLine
 10
10898.85075686995
 20
11308.12613061391
 30
0.0
 11
10898.05075686995
 21
11308.12613061391
 31
0.0
  0
LINE
  5
CA8
330
1F
100
AcDbEntity
  8
0
  6
DASHED2
 48
0.01
370
   100
100
AcDbLine
 10
10898.85075686995
 20
11307.99063061391
 30
0.0
 11
10898.05075686995
 21
11307.99063061391
 31
0.0
  0
LINE
  5
CA9
330
1F
100
AcDbEntity
  8
0
  6
DASHED2
 48
0.01
370
   100
100
AcDbLine
 10
10898.85075686995
 20
11307.85513061391
 30
0.0
 11
10898.05075686995
 21
11307.85513061391
 31
0.0
  0
LINE
  5
CAA
330
1F
100
AcDbEntity
  8
0
  6
DASHED2
 48
0.01
370
   100
100
AcDbLine
 10
10898.85075686995
 20
11307.71963061391
 30
0.0
 11
10898.05075686995
 21
11307.71963061391
 31
0.0
  0
LINE
  5
CAB
330
1F
100
AcDbEntity
  8
0
  6
DASHED2
 48
0.01
370
   100
100
AcDbLine
 10
10898.85075686995
 20
11307.58413061391
 30
0.0
 11
10898.05075686995
 21
11307.58413061391
 31
0.0
  0
LINE
  5
CAC
330
1F
100
AcDbEntity
  8
0
  6
DASHED2
 48
0.01
370
   100
100
AcDbLine
 10
10898.85075686995
 20
11307.44863061391
 30
0.0
 11
10898.05075686995
 21
11307.44863061391
 31
0.0
  0
POINT
  5
CAE
330
1F
100
AcDbEntity
  8
0
  6
DASHED2
370
   100
100
AcDbPoint
 10
10899.25075686996
 20
11306.01613061391
 30
0.0
  0
POINT
  5
CAF
330
1F
100
AcDbEntity
  8
0
  6
DASHED2
370
   100
100
AcDbPoint
 10
10899.25075686996
 20
11306.14913061391
 30
0.0
  0
POINT
  5
CB0
330
1F
100
AcDbEntity
  8
0
  6
DASHED2
370
   100
100
AcDbPoint
 10
10899.25075686996
 20
11306.28213061391
 30
0.0
  0
POINT
  5
CB1
330
1F
100
AcDbEntity
  8
0
  6
DASHED2
370
   100
100
AcDbPoint
 10
10899.25075686996
 20
11306.41513061391
 30
0.0
  0
POINT
  5
CB2
330
1F
100
AcDbEntity
  8
0
  6
DASHED2
370
   100
100
AcDbPoint
 10
10899.25075686996
 20
11306.54813061391
 30
0.0
  0
POINT
  5
CB3
330
1F
100
AcDbEntity
  8
0
  6
DASHED2
370
   100
100
AcDbPoint
 10
10899.25075686996
 20
11306.68113061391
 30
0.0
  0
POINT
  5
CB4
330
1F
100
AcDbEntity
  8
0
  6
DASHED2
370
   100
100
AcDbPoint
 10
10899.25075686996
 20
11306.81413061391
 30
0.0
  0
POINT
  5
CB5
330
1F
100
AcDbEntity
  8
0
  6
DASHED2
370
   100
100
AcDbPoint
 10
10899.25075686996
 20
11306.94713061391
 30
0.0
  0
POINT
  5
CB6
330
1F
100
AcDbEntity
  8
0
  6
DASHED2
370
   100
100
AcDbPoint
 10
10899.25075686996
 20
11307.08013061391
 30
0.0
  0
LINE
  5
CB7
330
1F
100
AcDbEntity
  8
0
  6
DASHED2
 48
2.0
370
   100
100
AcDbLine
 10
10899.25075686996
 20
11307.08013061391
 30
0.0
 11
10900.00265686996
 21
11307.08013061391
 31
0.0
  0
LINE
  5
CBB
330
1F
100
AcDbEntity
  8
0
  6
DASHED2
 48
2.0
370
   100
100
AcDbLine
 10
10899.25075686996
 20
11306.94713061391
 30
0.0
 11
10900.00265686996
 21
11306.94713061391
 31
0.0
  0
LINE
  5
CBC
330
1F
100
AcDbEntity
  8
0
  6
DASHED2
 48
2.0
370
   100
100
AcDbLine
 10
10899.25075686996
 20
11306.81413061391
 30
0.0
 11
10900.00265686996
 21
11306.81413061391
 31
0.0
  0
LINE
  5
CBD
330
1F
100
AcDbEntity
  8
0
  6
DASHED2
 48
2.0
370
   100
100
AcDbLine
 10
10899.25075686996
 20
11306.68113061391
 30
0.0
 11
10900.00265686996
 21
11306.68113061391
 31
0.0
  0
LINE
  5
CBE
330
1F
100
AcDbEntity
  8
0
  6
DASHED2
 48
2.0
370
   100
100
AcDbLine
 10
10899.25075686996
 20
11306.54813061391
 30
0.0
 11
10900.00265686996
 21
11306.54813061391
 31
0.0
  0
LINE
  5
CC0
330
1F
100
AcDbEntity
  8
0
  6
DASHED2
 48
2.0
370
   100
100
AcDbLine
 10
10899.25075686996
 20
11306.41513061391
 30
0.0
 11
10900.00265686995
 21
11306.41513061391
 31
0.0
  0
LINE
  5
CC1
330
1F
100
AcDbEntity
  8
0
  6
DASHED2
 48
2.0
370
   100
100
AcDbLine
 10
10899.25075686996
 20
11306.28213061391
 30
0.0
 11
10900.00265686995
 21
11306.28213061391
 31
0.0
  0
LINE
  5
CC2
330
1F
100
AcDbEntity
  8
0
  6
DASHED2
 48
2.0
370
   100
100
AcDbLine
 10
10899.25075686996
 20
11306.14913061391
 30
0.0
 11
10900.00265686995
 21
11306.14913061391
 31
0.0
  0
LINE
  5
CC3
330
1F
100
AcDbEntity
  8
0
  6
DASHED2
 48
2.0
370
   100
100
AcDbLine
 10
10899.25075686996
 20
11306.01613061391
 30
0.0
 11
10900.00265686995
 21
11306.01613061391
 31
0.0
  0
POINT
  5
CC4
330
1F
100
AcDbEntity
  8
0
  6
DASHED2
370
   100
100
AcDbPoint
 10
10898.85075686995
 20
11304.51388061391
 30
0.0
  0
POINT
  5
CC5
330
1F
100
AcDbEntity
  8
0
  6
DASHED2
370
   100
100
AcDbPoint
 10
10898.85075686995
 20
11304.65213061391
 30
0.0
  0
POINT
  5
CC6
330
1F
100
AcDbEntity
  8
0
  6
DASHED2
370
   100
100
AcDbPoint
 10
10898.85075686995
 20
11304.7903806139
 30
0.0
  0
POINT
  5
CC7
330
1F
100
AcDbEntity
  8
0
  6
DASHED2
370
   100
100
AcDbPoint
 10
10898.85075686995
 20
11304.92863061391
 30
0.0
  0
POINT
  5
CC8
330
1F
100
AcDbEntity
  8
0
  6
DASHED2
370
   100
100
AcDbPoint
 10
10898.85075686995
 20
11305.0668806139
 30
0.0
  0
POINT
  5
CC9
330
1F
100
AcDbEntity
  8
0
  6
DASHED2
370
   100
100
AcDbPoint
 10
10898.85075686995
 20
11305.20513061391
 30
0.0
  0
POINT
  5
CCA
330
1F
100
AcDbEntity
  8
0
  6
DASHED2
370
   100
100
AcDbPoint
 10
10898.85075686995
 20
11305.34338061391
 30
0.0
  0
POINT
  5
CCB
330
1F
100
AcDbEntity
  8
0
  6
DASHED2
370
   100
100
AcDbPoint
 10
10898.85075686995
 20
11305.48163061391
 30
0.0
  0
POINT
  5
CCC
330
1F
100
AcDbEntity
  8
0
  6
DASHED2
370
   100
100
AcDbPoint
 10
10898.85075686995
 20
11305.61988061391
 30
0.0
  0
POINT
  5
CCD
330
1F
100
AcDbEntity
  8
0
  6
DASHED2
370
   100
100
AcDbPoint
 10
10899.25075686996
 20
11303.03138061391
 30
0.0
  0
POINT
  5
CCE
330
1F
100
AcDbEntity
  8
0
  6
DASHED2
370
   100
100
AcDbPoint
 10
10899.25075686996
 20
11303.1696306139
 30
0.0
  0
POINT
  5
CCF
330
1F
100
AcDbEntity
  8
0
  6
DASHED2
370
   100
100
AcDbPoint
 10
10899.25075686996
 20
11303.30788061391
 30
0.0
  0
POINT
  5
CD0
330
1F
100
AcDbEntity
  8
0
  6
DASHED2
370
   100
100
AcDbPoint
 10
10899.25075686996
 20
11303.44613061391
 30
0.0
  0
POINT
  5
CD1
330
1F
100
AcDbEntity
  8
0
  6
DASHED2
370
   100
100
AcDbPoint
 10
10899.25075686996
 20
11303.58438061391
 30
0.0
  0
POINT
  5
CD2
330
1F
100
AcDbEntity
  8
0
  6
DASHED2
370
   100
100
AcDbPoint
 10
10899.25075686996
 20
11303.72263061391
 30
0.0
  0
POINT
  5
CD3
330
1F
100
AcDbEntity
  8
0
  6
DASHED2
370
   100
100
AcDbPoint
 10
10899.25075686996
 20
11303.86088061391
 30
0.0
  0
POINT
  5
CD4
330
1F
100
AcDbEntity
  8
0
  6
DASHED2
370
   100
100
AcDbPoint
 10
10899.25075686996
 20
11303.99913061391
 30
0.0
  0
POINT
  5
CD5
330
1F
100
AcDbEntity
  8
0
  6
DASHED2
370
   100
100
AcDbPoint
 10
10899.25075686996
 20
11304.13738061391
 30
0.0
  0
LINE
  5
CD6
330
1F
100
AcDbEntity
  8
0
  6
DASHED2
 48
0.01
370
   100
100
AcDbLine
 10
10898.85075686995
 20
11305.61988061391
 30
0.0
 11
10898.05075686995
 21
11305.61988061391
 31
0.0
  0
LINE
  5
CD7
330
1F
100
AcDbEntity
  8
0
  6
DASHED2
 48
0.01
370
   100
100
AcDbLine
 10
10898.85075686995
 20
11305.48163061391
 30
0.0
 11
10898.05075686995
 21
11305.48163061391
 31
0.0
  0
LINE
  5
CD8
330
1F
100
AcDbEntity
  8
0
  6
DASHED2
 48
0.01
370
   100
100
AcDbLine
 10
10898.85075686995
 20
11305.34338061391
 30
0.0
 11
10898.05075686995
 21
11305.34338061391
 31
0.0
  0
LINE
  5
CD9
330
1F
100
AcDbEntity
  8
0
  6
DASHED2
 48
0.01
370
   100
100
AcDbLine
 10
10898.85075686995
 20
11305.20513061391
 30
0.0
 11
10898.05075686995
 21
11305.20513061391
 31
0.0
  0
LINE
  5
CDA
330
1F
100
AcDbEntity
  8
0
  6
DASHED2
 48
0.01
370
   100
100
AcDbLine
 10
10898.85075686995
 20
11305.0668806139
 30
0.0
 11
10898.05075686995
 21
11305.0668806139
 31
0.0
  0
LINE
  5
CDB
330
1F
100
AcDbEntity
  8
0
  6
DASHED2
 48
0.01
370
   100
100
AcDbLine
 10
10898.85075686995
 20
11304.92863061391
 30
0.0
 11
10898.05075686995
 21
11304.92863061391
 31
0.0
  0
LINE
  5
CDC
330
1F
100
AcDbEntity
  8
0
  6
DASHED2
 48
0.01
370
   100
100
AcDbLine
 10
10898.85075686995
 20
11304.7903806139
 30
0.0
 11
10898.05075686995
 21
11304.7903806139
 31
0.0
  0
LINE
  5
CDD
330
1F
100
AcDbEntity
  8
0
  6
DASHED2
 48
0.01
370
   100
100
AcDbLine
 10
10898.85075686995
 20
11304.65213061391
 30
0.0
 11
10898.05075686995
 21
11304.65213061391
 31
0.0
  0
LINE
  5
CDE
330
1F
100
AcDbEntity
  8
0
  6
DASHED2
 48
0.01
370
   100
100
AcDbLine
 10
10898.85075686995
 20
11304.51388061391
 30
0.0
 11
10898.05075686995
 21
11304.51388061391
 31
0.0
  0
LINE
  5
CDF
330
1F
100
AcDbEntity
  8
0
  6
ByBlock
 48
2.0
370
   100
100
AcDbLine
 10
10899.25075686996
 20
11304.13738061391
 30
0.0
 11
10900.00265686996
 21
11304.13738061391
 31
0.0
  0
LINE
  5
CE0
330
1F
100
AcDbEntity
  8
0
  6
ByBlock
 48
2.0
370
   100
100
AcDbLine
 10
10899.25075686996
 20
11303.99913061391
 30
0.0
 11
10900.00265686996
 21
11303.99913061391
 31
0.0
  0
LINE
  5
CE1
330
1F
100
AcDbEntity
  8
0
  6
ByBlock
 48
2.0
370
   100
100
AcDbLine
 10
10899.25075686996
 20
11303.86088061391
 30
0.0
 11
10900.00265686996
 21
11303.86088061391
 31
0.0
  0
LINE
  5
CE2
330
1F
100
AcDbEntity
  8
0
  6
ByBlock
 48
2.0
370
   100
100
AcDbLine
 10
10899.25075686996
 20
11303.72263061391
 30
0.0
 11
10900.00265686996
 21
11303.72263061391
 31
0.0
  0
LINE
  5
CE3
330
1F
100
AcDbEntity
  8
0
  6
ByBlock
 48
2.0
370
   100
100
AcDbLine
 10
10899.25075686996
 20
11303.58438061391
 30
0.0
 11
10900.00265686996
 21
11303.58438061391
 31
0.0
  0
LINE
  5
CE4
330
1F
100
AcDbEntity
  8
0
  6
ByBlock
 48
2.0
370
   100
100
AcDbLine
 10
10899.25075686996
 20
11303.44613061391
 30
0.0
 11
10900.00265686996
 21
11303.44613061391
 31
0.0
  0
LINE
  5
CE5
330
1F
100
AcDbEntity
  8
0
  6
ByBlock
 48
2.0
370
   100
100
AcDbLine
 10
10899.25075686996
 20
11303.30788061391
 30
0.0
 11
10900.00265686996
 21
11303.30788061391
 31
0.0
  0
LINE
  5
CE6
330
1F
100
AcDbEntity
  8
0
  6
ByBlock
 48
2.0
370
   100
100
AcDbLine
 10
10899.25075686996
 20
11303.1696306139
 30
0.0
 11
10900.00265686996
 21
11303.1696306139
 31
0.0
  0
LINE
  5
CE7
330
1F
100
AcDbEntity
  8
0
  6
ByBlock
 48
2.0
370
   100
100
AcDbLine
 10
10899.25075686996
 20
11303.03138061391
 30
0.0
 11
10900.00265686996
 21
11303.03138061391
 31
0.0
  0
LINE
  5
CE8
330
1F
100
AcDbEntity
  8
0
  6
ByBlock
 48
2.0
370
   100
100
AcDbLine
 10
10899.25075686996
 20
11304.27563061391
 30
0.0
 11
10899.25075686996
 21
11304.3756306139
 31
0.0
  0
LINE
  5
CE9
102
{ACAD_REACTORS
330
CF4
102
}
330
1F
100
AcDbEntity
  8
0
  6
ByBlock
 48
2.0
370
   100
100
AcDbLine
 10
10899.25075686996
 20
11307.21313061391
 30
0.0
 11
10899.25075686996
 21
11307.31313061391
 31
0.0
  0
LINE
  5
CEF
102
{ACAD_REACTORS
330
CF4
102
}
330
1F
100
AcDbEntity
  8
0
  6
ByBlock
 48
2.0
370
   100
100
AcDbLine
 10
10898.05075686995
 20
11307.21313061391
 30
0.0
 11
10898.05075686995
 21
11307.31313061391
 31
0.0
  0
LINE
  5
CF0
102
{ACAD_REACTORS
330
CF4
102
}
330
1F
100
AcDbEntity
  8
0
  6
ByBlock
 48
2.0
370
   100
100
AcDbLine
 10
10898.05075686995
 20
11307.31313061391
 30
0.0
 11
10899.25075686996
 21
11307.31313061391
 31
0.0
  0
LINE
  5
CF2
102
{ACAD_REACTORS
330
CF4
102
}
330
1F
100
AcDbEntity
  8
0
  6
ByBlock
 48
2.0
370
   100
100
AcDbLine
 10
10898.05075686995
 20
11307.21313061391
 30
0.0
 11
10899.25075686996
 21
11307.21313061391
 31
0.0
  0
HATCH
  5
CF4
330
1F
100
AcDbEntity
  8
0
  6
ByBlock
440
 33554664
 48
2.0
370
   100
100
AcDbHatch
 10
0.0
 20
0.0
 30
0.0
210
0.0
220
0.0
230
1.0
  2
AR-CONC
 70
     0
 71
     1
 91
        1
 92
        1
 93
        4
 72
     1
 10
10898.05075686995
 20
11307.21313061391
 11
10898.05075686995
 21
11307.31313061391
 72
     1
 10
10898.05075686995
 20
11307.31313061391
 11
10899.25075686996
 21
11307.31313061391
 72
     1
 10
10899.25075686996
 20
11307.31313061391
 11
10899.25075686996
 21
11307.21313061391
 72
     1
 10
10899.25075686996
 20
11307.21313061391
 11
10898.05075686995
 21
11307.21313061391
 97
        4
330
CEF
330
CF0
330
CE9
330
CF2
 75
     1
 76
     1
 52
0.0
 41
0.001
 77
     0
 78
    13
 53
50.0
 43
10894.405157
 44
11311.793131
 45
0.182184668996004
 46
-0.0159390855389031
 79
     2
 49
0.01905
 49
-0.20955
 53
355.0
 43
10894.405157
 44
11311.793131
 45
-0.0352434214249694
 46
0.1910568452390351
 79
     2
 49
0.01524
 49
-0.16764058417
 53
100.4514447
 43
10894.420339007
 44
11311.7918027465
 45
0.1469412470903533
 46
0.1751177519121951
 79
     2
 49
0.0161900088
 49
-0.1780902446
 53
46.1842
 43
10894.405157
 44
11311.843931
 45
0.2710790408921299
 46
-0.0420423279327272
 79
     2
 49
0.028575
 49
-0.314325
 53
96.63555760999997
 43
10894.4277469
 44
11311.8404275
 45
0.237404134051503
 46
0.2474261245977215
 79
     2
 49
0.02428502314
 49
-0.26713560816
 53
351.18415117
 43
10894.405157
 44
11311.843931
 45
0.237404134064977
 46
0.2474261245855327
 79
     2
 49
0.02285996707
 49
-0.25145973192
 53
21.0
 43
10894.430557
 44
11311.831231
 45
0.1516143912691325
 46
-0.1022651981870876
 79
     2
 49
0.01905
 49
-0.20955
 53
326.0
 43
10894.430557
 44
11311.831231
 45
0.0618020283476471
 46
0.1841879661223193
 79
     2
 49
0.01524
 49
-0.16764
 53
71.45144499999999
 43
10894.4431915326
 44
11311.8227089001
 45
0.2134164192787161
 46
0.0819227688859053
 79
     2
 49
0.0161900088
 49
-0.1780899376
 53
37.5
 43
10894.405157
 44
11311.793131
 45
0.0030886032505918
 46
0.0845550388731531
 79
     6
 49
0.0
 49
-0.165608
 49
0.0
 49
-0.17018
 49
0.0
 49
-0.168275
 53
7.499999999999999
 43
10894.405157
 44
11311.793131
 45
0.0668196625103058
 46
0.1001805748181195
 79
     6
 49
0.0
 49
-0.097028
 49
0.0
 49
-0.161798
 49
0.0
 49
-0.064135
 53
327.5
 43
10894.348515
 44
11311.793131
 45
0.1355905951668714
 46
-0.0057287439926734
 79
     6
 49
0.0
 49
-0.0635
 49
0.0
 49
-0.19812
 49
0.0
 49
-0.26289
 53
317.5
 43
10894.323115
 44
11311.793131
 45
0.148129181386018
 46
0.025426491033333
 79
     6
 49
0.0
 49
-0.08255
 49
0.0
 49
-0.131572
 49
0.0
 49
-0.18669
 98
        1
 10
0.0
 20
0.0
1001
GradientColor1ACI
1070
     5
1001
GradientColor2ACI
1070
     2
1001
ACAD
1010
10894.405157
1020
11311.793131
1030
0.0
  0
LINE
  5
CF5
102
{ACAD_REACTORS
330
CFA
102
}
330
1F
100
AcDbEntity
  8
0
  6
ByBlock
 48
2.0
370
   100
100
AcDbLine
 10
10898.05075686995
 20
11304.3756306139
 30
0.0
 11
10899.25075686996
 21
11304.3756306139
 31
0.0
  0
LINE
  5
CF6
102
{ACAD_REACTORS
330
CFA
102
}
330
1F
100
AcDbEntity
  8
0
  6
ByBlock
 48
2.0
370
   100
100
AcDbLine
 10
10899.25075686996
 20
11304.3756306139
 30
0.0
 11
10899.25075686996
 21
11304.27563061391
 31
0.0
  0
LINE
  5
CF7
102
{ACAD_REACTORS
330
CFA
102
}
330
1F
100
AcDbEntity
  8
0
  6
ByBlock
 48
2.0
370
   100
100
AcDbLine
 10
10899.25075686996
 20
11304.27563061391
 30
0.0
 11
10898.05075686995
 21
11304.27563061391
 31
0.0
  0
LINE
  5
CF8
102
{ACAD_REACTORS
330
CFA
102
}
330
1F
100
AcDbEntity
  8
0
  6
ByBlock
 48
2.0
370
   100
100
AcDbLine
 10
10898.05075686995
 20
11304.27563061391
 30
0.0
 11
10898.05075686995
 21
11304.3756306139
 31
0.0
  0
HATCH
  5
CFA
330
1F
100
AcDbEntity
  8
0
  6
ByBlock
440
 33554664
 48
2.0
370
   100
100
AcDbHatch
 10
0.0
 20
0.0
 30
0.0
210
0.0
220
0.0
230
1.0
  2
AR-CONC
 70
     0
 71
     1
 91
        1
 92
        1
 93
        4
 72
     1
 10
10898.05075686995
 20
11304.3756306139
 11
10899.25075686996
 21
11304.3756306139
 72
     1
 10
10899.25075686996
 20
11304.3756306139
 11
10899.25075686996
 21
11304.27563061391
 72
     1
 10
10899.25075686996
 20
11304.27563061391
 11
10898.05075686995
 21
11304.27563061391
 72
     1
 10
10898.05075686995
 20
11304.27563061391
 11
10898.05075686995
 21
11304.3756306139
 97
        4
330
CF5
330
CF6
330
CF7
330
CF8
 75
     1
 76
     1
 52
0.0
 41
0.001
 77
     0
 78
    13
 53
50.0
 43
10894.405157
 44
11311.793131
 45
0.182184668996004
 46
-0.0159390855389031
 79
     2
 49
0.01905
 49
-0.20955
 53
355.0
 43
10894.405157
 44
11311.793131
 45
-0.0352434214249694
 46
0.1910568452390351
 79
     2
 49
0.01524
 49
-0.16764058417
 53
100.4514447
 43
10894.420339007
 44
11311.7918027465
 45
0.1469412470903533
 46
0.1751177519121951
 79
     2
 49
0.0161900088
 49
-0.1780902446
 53
46.1842
 43
10894.405157
 44
11311.843931
 45
0.2710790408921299
 46
-0.0420423279327272
 79
     2
 49
0.028575
 49
-0.314325
 53
96.63555760999997
 43
10894.4277469
 44
11311.8404275
 45
0.237404134051503
 46
0.2474261245977215
 79
     2
 49
0.02428502314
 49
-0.26713560816
 53
351.18415117
 43
10894.405157
 44
11311.843931
 45
0.237404134064977
 46
0.2474261245855327
 79
     2
 49
0.02285996707
 49
-0.25145973192
 53
21.0
 43
10894.430557
 44
11311.831231
 45
0.1516143912691325
 46
-0.1022651981870876
 79
     2
 49
0.01905
 49
-0.20955
 53
326.0
 43
10894.430557
 44
11311.831231
 45
0.0618020283476471
 46
0.1841879661223193
 79
     2
 49
0.01524
 49
-0.16764
 53
71.45144499999999
 43
10894.4431915326
 44
11311.8227089001
 45
0.2134164192787161
 46
0.0819227688859053
 79
     2
 49
0.0161900088
 49
-0.1780899376
 53
37.5
 43
10894.405157
 44
11311.793131
 45
0.0030886032505918
 46
0.0845550388731531
 79
     6
 49
0.0
 49
-0.165608
 49
0.0
 49
-0.17018
 49
0.0
 49
-0.168275
 53
7.499999999999999
 43
10894.405157
 44
11311.793131
 45
0.0668196625103058
 46
0.1001805748181195
 79
     6
 49
0.0
 49
-0.097028
 49
0.0
 49
-0.161798
 49
0.0
 49
-0.064135
 53
327.5
 43
10894.348515
 44
11311.793131
 45
0.1355905951668714
 46
-0.0057287439926734
 79
     6
 49
0.0
 49
-0.0635
 49
0.0
 49
-0.19812
 49
0.0
 49
-0.26289
 53
317.5
 43
10894.323115
 44
11311.793131
 45
0.148129181386018
 46
0.025426491033333
 79
     6
 49
0.0
 49
-0.08255
 49
0.0
 49
-0.131572
 49
0.0
 49
-0.18669
 98
        1
 10
0.0
 20
0.0
1001
GradientColor1ACI
1070
     5
1001
GradientColor2ACI
1070
     2
1001
ACAD
1010
10894.405157
1020
11311.793131
1030
0.0
  0
LINE
  5
CFF
330
1F
100
AcDbEntity
  8
0
  6
ByBlock
 48
2.0
370
   100
100
AcDbLine
 10
10879.75455686996
 20
11311.7931306139
 30
0.0
 11
10885.02055686995
 21
11311.7931306139
 31
0.0
  0
LINE
  5
D00
330
1F
100
AcDbEntity
  8
0
  6
ByBlock
 48
2.0
370
   100
100
AcDbLine
 10
10885.02055686995
 20
11311.7931306139
 30
0.0
 11
10885.02055686995
 21
11312.7931306139
 31
0.0
  0
LINE
  5
D01
330
1F
100
AcDbEntity
  8
0
  6
ByBlock
 48
2.0
370
   100
100
AcDbLine
 10
10885.02055686995
 20
11312.7931306139
 30
0.0
 11
10915.72065686996
 21
11312.7931306139
 31
0.0
  0
LINE
  5
D02
330
1F
100
AcDbEntity
  8
0
  6
ByBlock
 48
2.0
370
   100
100
AcDbLine
 10
10914.85285686995
 20
11302.8831306139
 30
0.0
 11
10914.85285686995
 21
11310.8574306139
 31
0.0
  0
LINE
  5
D06
330
1F
100
AcDbEntity
  8
0
  6
ByBlock
 48
2.0
370
   100
100
AcDbLine
 10
10914.85285686995
 20
11311.7931306139
 30
0.0
 11
10915.72065686995
 21
11311.7931306139
 31
0.0
  0
LINE
  5
D07
330
1F
100
AcDbEntity
  8
0
  6
ByBlock
 48
2.0
370
   100
100
AcDbLine
 10
10915.72065686995
 20
11311.7931306139
 30
0.0
 11
10915.72065686995
 21
11312.7931306139
 31
0.0
  0
HATCH
  5
D09
330
1F
100
AcDbEntity
  8
0
  6
Continuous
440
 33554664
 48
2.0
370
   100
100
AcDbHatch
 10
0.0
 20
0.0
 30
0.0
210
0.0
220
0.0
230
1.0
  2
JIS_LC_8A
 70
     0
 71
     1
 91
        1
 92
       33
 93
        2
 72
     1
 10
10893.65515686995
 20
11301.79313061391
 11
10893.65515686995
 21
11311.7931306139
 72
     1
 10
10894.40515686995
 20
11302.89313061391
 11
10894.40515686995
 21
11308.66813061391
 97
        2
330
9D5
330
A29
 75
     1
 76
     1
 52
0.0
 41
0.1
 77
     0
 78
     2
 53
45.0
 43
10893.65515686995
 44
11311.7931306139
 45
-0.5515432893255072
 46
0.5515432893255072
 79
     0
 53
45.0
 43
10893.75515686995
 44
11311.7931306139
 45
-0.5515432893255072
 46
0.5515432893255072
 79
     0
 98
        1
 10
13.90059999999721
 20
0.0
1001
GradientColor1ACI
1070
     5
1001
GradientColor2ACI
1070
     2
1001
ACAD
1010
10893.65515686995
1020
11311.7931306139
1030
0.0
  0
HATCH
  5
D0D
330
1F
100
AcDbEntity
  8
0
  6
Continuous
440
 33554664
 48
2.0
370
   100
100
AcDbHatch
 10
0.0
 20
0.0
 30
0.0
210
0.0
220
0.0
230
1.0
  2
JIS_LC_8A
 70
     0
 71
     0
 91
        1
 92
        1
 93
        4
 72
     1
 10
10894.41245060957
 20
11311.66813061391
 11
10894.40515686995
 21
11308.79313061391
 72
     1
 10
10894.40515686995
 20
11308.79313061391
 11
10893.65515686995
 21
11308.79313061391
 72
     1
 10
10893.65515686995
 20
11308.79313061391
 11
10893.66245060956
 21
11311.66813061391
 72
     1
 10
10893.66245060956
 20
11311.66813061391
 11
10894.41245060957
 21
11311.66813061391
 97
        0
 75
     1
 76
     1
 52
0.0
 41
0.08
 77
     0
 78
     2
 53
45.0
 43
10894.41245060957
 44
11308.79313061391
 45
-0.4412346314604057
 46
0.4412346314604057
 79
     0
 53
45.0
 43
10894.49245060957
 44
11308.79313061391
 45
-0.4412346314604057
 46
0.4412346314604057
 79
     0
 98
        1
 10
13.90789373960979
 20
0.000000000001819
1001
GradientColor1ACI
1070
     5
1001
GradientColor2ACI
1070
     2
1001
ACAD
1010
10894.41245060957
1020
11308.79313061391
1030
0.0
  0
HATCH
  5
D0E
330
1F
100
AcDbEntity
  8
0
  6
Continuous
440
 33554664
 48
2.0
370
   100
100
AcDbHatch
 10
0.0
 20
0.0
 30
0.0
210
0.0
220
0.0
230
1.0
  2
JIS_LC_8A
 70
     0
 71
     0
 91
        1
 92
        1
 93
        4
 72
     1
 10
10900.75995060957
 20
11311.6681306139
 11
10900.75265686996
 21
11308.7931306139
 72
     1
 10
10900.75265686996
 20
11308.7931306139
 11
10900.00265686996
 21
11308.7931306139
 72
     1
 10
10900.00265686996
 20
11308.7931306139
 11
10900.00995060957
 21
11311.6681306139
 72
     1
 10
10900.00995060957
 20
11311.6681306139
 11
10900.75995060957
 21
11311.6681306139
 97
        0
 75
     1
 76
     1
 52
0.0
 41
0.08
 77
     0
 78
     2
 53
45.0
 43
10900.75995060957
 44
11308.7931306139
 45
-0.4412346314604057
 46
0.4412346314604057
 79
     0
 53
45.0
 43
10900.83995060957
 44
11308.7931306139
 45
-0.4412346314604057
 46
0.4412346314604057
 79
     0
 98
        1
 10
20.25539373961328
 20
-0.000000000007276
1001
GradientColor1ACI
1070
     5
1001
GradientColor2ACI
1070
     2
1001
ACAD
1010
10900.75995060957
1020
11308.7931306139
1030
0.0
  0
HATCH
  5
D0F
330
1F
100
AcDbEntity
  8
0
  6
Continuous
440
 33554664
 48
2.0
370
   100
100
AcDbHatch
 10
0.0
 20
0.0
 30
0.0
210
0.0
220
0.0
230
1.0
  2
JIS_LC_8A
 70
     0
 71
     0
 91
        1
 92
        1
 93
        4
 72
     1
 10
10903.46185060957
 20
11311.66813061391
 11
10903.45455686996
 21
11308.79313061391
 72
     1
 10
10903.45455686996
 20
11308.79313061391
 11
10902.70455686995
 21
11308.79313061391
 72
     1
 10
10902.70455686995
 20
11308.79313061391
 11
10902.71185060957
 21
11311.66813061391
 72
     1
 10
10902.71185060957
 20
11311.66813061391
 11
10903.46185060957
 21
11311.66813061391
 97
        0
 75
     1
 76
     1
 52
0.0
 41
0.08
 77
     0
 78
     2
 53
45.0
 43
10903.46185060957
 44
11308.79313061391
 45
-0.4412346314604057
 46
0.4412346314604057
 79
     0
 53
45.0
 43
10903.54185060957
 44
11308.79313061391
 45
-0.4412346314604057
 46
0.4412346314604057
 79
     0
 98
        1
 10
22.95729373961149
 20
0.0000000000090949
1001
GradientColor1ACI
1070
     5
1001
GradientColor2ACI
1070
     2
1001
ACAD
1010
10903.46185060957
1020
11308.79313061391
1030
0.0
  0
HATCH
  5
D10
330
1F
100
AcDbEntity
  8
0
  6
Continuous
440
 33554664
 48
2.0
370
   100
100
AcDbHatch
 10
0.0
 20
0.0
 30
0.0
210
0.0
220
0.0
230
1.0
  2
JIS_LC_8A
 70
     0
 71
     0
 91
        1
 92
        1
 93
        4
 72
     1
 10
10910.11015060957
 20
11311.6681306139
 11
10910.10285686996
 21
11308.79313061391
 72
     1
 10
10910.10285686996
 20
11308.79313061391
 11
10909.35285686996
 21
11308.79313061391
 72
     1
 10
10909.35285686996
 20
11308.79313061391
 11
10909.36015060957
 21
11311.6681306139
 72
     1
 10
10909.36015060957
 20
11311.6681306139
 11
10910.11015060957
 21
11311.6681306139
 97
        0
 75
     1
 76
     1
 52
0.0
 41
0.08
 77
     0
 78
     2
 53
45.0
 43
10910.11015060957
 44
11308.79313061391
 45
-0.4412346314604057
 46
0.4412346314604057
 79
     0
 53
45.0
 43
10910.19015060957
 44
11308.79313061391
 45
-0.4412346314604057
 46
0.4412346314604057
 79
     0
 98
        1
 10
29.60559373961223
 20
0.0
1001
GradientColor1ACI
1070
     5
1001
GradientColor2ACI
1070
     2
1001
ACAD
1010
10910.11015060957
1020
11308.79313061391
1030
0.0
  0
HATCH
  5
D11
330
1F
100
AcDbEntity
  8
0
  6
Continuous
440
 33554664
 48
2.0
370
   100
100
AcDbHatch
 10
0.0
 20
0.0
 30
0.0
210
0.0
220
0.0
230
1.0
  2
JIS_LC_8A
 70
     0
 71
     0
 91
        1
 92
        1
 93
        4
 72
     1
 10
10911.66015060957
 20
11311.66813061393
 11
10911.65285686995
 21
11308.79313061393
 72
     1
 10
10911.65285686995
 20
11308.79313061393
 11
10910.90285686995
 21
11308.79313061393
 72
     1
 10
10910.90285686995
 20
11308.79313061393
 11
10910.91015060956
 21
11311.66813061393
 72
     1
 10
10910.91015060956
 20
11311.66813061393
 11
10911.66015060957
 21
11311.66813061393
 97
        0
 75
     1
 76
     1
 52
0.0
 41
0.08
 77
     0
 78
     2
 53
45.0
 43
10925.56075060956
 44
11311.79313061393
 45
-0.4412346314604057
 46
0.4412346314604057
 79
     0
 53
45.0
 43
10925.64075060956
 44
11311.79313061393
 45
-0.4412346314604057
 46
0.4412346314604057
 79
     0
 98
        1
 10
31.15559373960969
 20
0.0000000000272848
1001
GradientColor1ACI
1070
     5
1001
GradientColor2ACI
1070
     2
1001
ACAD
1010
10894.40515686995
1020
11311.7931306139
1030
0.0
  0
HATCH
  5
D15
330
1F
100
AcDbEntity
  8
0
  6
Continuous
440
 33554664
 48
2.0
370
   100
100
AcDbHatch
 10
0.0
 20
0.0
 30
0.0
210
0.0
220
0.0
230
1.0
  2
JIS_LC_8A
 70
     0
 71
     0
 91
        1
 92
        1
 93
        4
 72
     1
 10
10880.50455686995
 20
11311.66813061391
 11
10879.75455686996
 21
11311.66813061391
 72
     1
 10
10879.75455686996
 20
11311.66813061391
 11
10879.7481470275
 21
11310.89313061391
 72
     1
 10
10879.7481470275
 20
11310.89313061391
 11
10880.49814702749
 21
11310.89313061391
 72
     1
 10
10880.49814702749
 20
11310.89313061391
 11
10880.50455686995
 21
11311.66813061391
 97
        0
 75
     1
 76
     1
 52
0.0
 41
0.07
 77
     0
 78
     2
 53
45.0
 43
10879.7481470275
 44
11310.89313061391
 45
-0.386080302527855
 46
0.386080302527855
 79
     0
 53
45.0
 43
10879.8181470275
 44
11310.89313061391
 45
-0.386080302527855
 46
0.386080302527855
 79
     0
 98
        1
 10
-0.0064098424591066
 20
1.909915103668026
1001
GradientColor1ACI
1070
     5
1001
GradientColor2ACI
1070
     2
1001
ACAD
1010
10879.7481470275
1020
11310.89313061391
1030
0.0
  0
HATCH
  5
D16
330
1F
100
AcDbEntity
  8
0
  6
Continuous
440
 33554664
 48
2.0
370
   100
100
AcDbHatch
 10
0.0
 20
0.0
 30
0.0
210
0.0
220
0.0
230
1.0
  2
JIS_LC_8A
 70
     0
 71
     0
 91
        1
 92
        1
 93
        4
 72
     1
 10
10900.75995060957
 20
11308.7331306139
 11
10900.75265686996
 21
11305.8581306139
 72
     1
 10
10900.75265686996
 20
11305.8581306139
 11
10900.00265686996
 21
11305.8581306139
 72
     1
 10
10900.00265686996
 20
11305.8581306139
 11
10900.00995060957
 21
11308.7331306139
 72
     1
 10
10900.00995060957
 20
11308.7331306139
 11
10900.75995060957
 21
11308.7331306139
 97
        0
 75
     1
 76
     1
 52
0.0
 41
0.08
 77
     0
 78
     2
 53
45.0
 43
10900.75995060957
 44
11305.8581306139
 45
-0.4412346314604057
 46
0.4412346314604057
 79
     0
 53
45.0
 43
10900.83995060957
 44
11305.8581306139
 45
-0.4412346314604057
 46
0.4412346314604057
 79
     0
 98
        1
 10
20.2553937396151
 20
-2.935000000006766
1001
GradientColor1ACI
1070
     5
1001
GradientColor2ACI
1070
     2
1001
ACAD
1010
10900.75995060957
1020
11305.8581306139
1030
0.0
  0
HATCH
  5
D17
330
1F
100
AcDbEntity
  8
0
  6
Continuous
440
 33554664
 48
2.0
370
   100
100
AcDbHatch
 10
0.0
 20
0.0
 30
0.0
210
0.0
220
0.0
230
1.0
  2
JIS_LC_8A
 70
     0
 71
     0
 91
        1
 92
        1
 93
        4
 72
     1
 10
10903.46185060957
 20
11308.7331306139
 11
10903.45455686996
 21
11305.8581306139
 72
     1
 10
10903.45455686996
 20
11305.8581306139
 11
10902.70455686996
 21
11305.8581306139
 72
     1
 10
10902.70455686996
 20
11305.8581306139
 11
10902.71185060957
 21
11308.7331306139
 72
     1
 10
10902.71185060957
 20
11308.7331306139
 11
10903.46185060957
 21
11308.7331306139
 97
        0
 75
     1
 76
     1
 52
0.0
 41
0.08
 77
     0
 78
     2
 53
45.0
 43
10917.36245060957
 44
11308.8581306139
 45
-0.4412346314604057
 46
0.4412346314604057
 79
     0
 53
45.0
 43
10917.44245060957
 44
11308.8581306139
 45
-0.4412346314604057
 46
0.4412346314604057
 79
     0
 98
        1
 10
22.95729373961512
 20
-2.935000000004947
1001
GradientColor1ACI
1070
     5
1001
GradientColor2ACI
1070
     2
1001
ACAD
1010
10894.40515686995
1020
11311.7931306139
1030
0.0
  0
HATCH
  5
D18
330
1F
100
AcDbEntity
  8
0
  6
Continuous
440
 33554664
 48
2.0
370
   100
100
AcDbHatch
 10
0.0
 20
0.0
 30
0.0
210
0.0
220
0.0
230
1.0
  2
JIS_LC_8A
 70
     0
 71
     0
 91
        1
 92
        1
 93
        4
 72
     1
 10
10900.75995060957
 20
11305.7681306139
 11
10900.75265686996
 21
11302.8931306139
 72
     1
 10
10900.75265686996
 20
11302.8931306139
 11
10900.00265686996
 21
11302.8931306139
 72
     1
 10
10900.00265686996
 20
11302.8931306139
 11
10900.00995060957
 21
11305.7681306139
 72
     1
 10
10900.00995060957
 20
11305.7681306139
 11
10900.75995060957
 21
11305.7681306139
 97
        0
 75
     1
 76
     1
 52
0.0
 41
0.08
 77
     0
 78
     2
 53
45.0
 43
10900.75995060957
 44
11302.8931306139
 45
-0.4412346314604057
 46
0.4412346314604057
 79
     0
 53
45.0
 43
10900.83995060957
 44
11302.8931306139
 45
-0.4412346314604057
 46
0.4412346314604057
 79
     0
 98
        1
 10
20.25539373961328
 20
-5.900000000006912
1001
GradientColor1ACI
1070
     5
1001
GradientColor2ACI
1070
     2
1001
ACAD
1010
10900.75995060957
1020
11302.8931306139
1030
0.0
  0
HATCH
  5
D19
330
1F
100
AcDbEntity
  8
0
  6
Continuous
440
 33554664
 48
2.0
370
   100
100
AcDbHatch
 10
0.0
 20
0.0
 30
0.0
210
0.0
220
0.0
230
1.0
  2
JIS_LC_8A
 70
     0
 71
     0
 91
        1
 92
        1
 93
        4
 72
     1
 10
10903.46185060957
 20
11305.7681306139
 11
10903.45455686996
 21
11302.8931306139
 72
     1
 10
10903.45455686996
 20
11302.8931306139
 11
10902.70455686996
 21
11302.8931306139
 72
     1
 10
10902.70455686996
 20
11302.8931306139
 11
10902.71185060957
 21
11305.7681306139
 72
     1
 10
10902.71185060957
 20
11305.7681306139
 11
10903.46185060957
 21
11305.7681306139
 97
        0
 75
     1
 76
     1
 52
0.0
 41
0.08
 77
     0
 78
     2
 53
45.0
 43
10917.36245060957
 44
11305.8931306139
 45
-0.4412346314604057
 46
0.4412346314604057
 79
     0
 53
45.0
 43
10917.44245060957
 44
11305.8931306139
 45
-0.4412346314604057
 46
0.4412346314604057
 79
     0
 98
        1
 10
22.95729373961512
 20
-5.900000000006912
1001
GradientColor1ACI
1070
     5
1001
GradientColor2ACI
1070
     2
1001
ACAD
1010
10894.40515686995
1020
11311.7931306139
1030
0.0
  0
HATCH
  5
D1A
330
1F
100
AcDbEntity
  8
0
  6
Continuous
440
 33554664
 48
2.0
370
   100
100
AcDbHatch
 10
0.0
 20
0.0
 30
0.0
210
0.0
220
0.0
230
1.0
  2
JIS_LC_8A
 70
     0
 71
     0
 91
        1
 92
        1
 93
        4
 72
     1
 10
10907.66165060957
 20
11308.7331306139
 11
10907.65435686996
 21
11305.8581306139
 72
     1
 10
10907.65435686996
 20
11305.8581306139
 11
10906.90435686996
 21
11305.8581306139
 72
     1
 10
10906.90435686996
 20
11305.8581306139
 11
10906.91165060957
 21
11308.7331306139
 72
     1
 10
10906.91165060957
 20
11308.7331306139
 11
10907.66165060957
 21
11308.7331306139
 97
        0
 75
     1
 76
     1
 52
0.0
 41
0.08
 77
     0
 78
     2
 53
45.0
 43
10906.90435686996
 44
11308.7331306139
 45
-0.4412346314604057
 46
0.4412346314604057
 79
     0
 53
45.0
 43
10906.98435686996
 44
11308.7331306139
 45
-0.4412346314604057
 46
0.4412346314604057
 79
     0
 98
        1
 10
27.15709373961545
 20
-2.935000000004947
1001
GradientColor1ACI
1070
     5
1001
GradientColor2ACI
1070
     2
1001
ACAD
1010
10906.90435686996
1020
11308.7331306139
1030
0.0
  0
HATCH
  5
D1B
330
1F
100
AcDbEntity
  8
0
  6
Continuous
440
 33554664
 48
2.0
370
   100
100
AcDbHatch
 10
0.0
 20
0.0
 30
0.0
210
0.0
220
0.0
230
1.0
  2
JIS_LC_8A
 70
     0
 71
     0
 91
        1
 92
        1
 93
        4
 72
     1
 10
10907.66165060957
 20
11305.7681306139
 11
10907.65435686996
 21
11302.8931306139
 72
     1
 10
10907.65435686996
 20
11302.8931306139
 11
10906.90435686996
 21
11302.8931306139
 72
     1
 10
10906.90435686996
 20
11302.8931306139
 11
10906.91165060957
 21
11305.7681306139
 72
     1
 10
10906.91165060957
 20
11305.7681306139
 11
10907.66165060957
 21
11305.7681306139
 97
        0
 75
     1
 76
     1
 52
0.0
 41
0.08
 77
     0
 78
     2
 53
45.0
 43
10906.90435686996
 44
11305.7681306139
 45
-0.4412346314604057
 46
0.4412346314604057
 79
     0
 53
45.0
 43
10906.98435686996
 44
11305.7681306139
 45
-0.4412346314604057
 46
0.4412346314604057
 79
     0
 98
        1
 10
27.15709373961545
 20
-5.900000000006912
1001
GradientColor1ACI
1070
     5
1001
GradientColor2ACI
1070
     2
1001
ACAD
1010
10906.90435686996
1020
11305.7681306139
1030
0.0
  0
HATCH
  5
D1C
330
1F
100
AcDbEntity
  8
0
  6
Continuous
440
 33554664
 48
2.0
370
   100
100
AcDbHatch
 10
0.0
 20
0.0
 30
0.0
210
0.0
220
0.0
230
1.0
  2
JIS_LC_8A
 70
     0
 71
     0
 91
        1
 92
        1
 93
        4
 72
     1
 10
10910.11015060957
 20
11308.7331306139
 11
10910.10285686996
 21
11305.8581306139
 72
     1
 10
10910.10285686996
 20
11305.8581306139
 11
10909.35285686996
 21
11305.8581306139
 72
     1
 10
10909.35285686996
 20
11305.8581306139
 11
10909.36015060957
 21
11308.7331306139
 72
     1
 10
10909.36015060957
 20
11308.7331306139
 11
10910.11015060957
 21
11308.7331306139
 97
        0
 75
     1
 76
     1
 52
0.0
 41
0.08
 77
     0
 78
     2
 53
45.0
 43
10910.11015060957
 44
11308.7331306139
 45
-0.4412346314604057
 46
0.4412346314604057
 79
     0
 53
45.0
 43
10910.19015060957
 44
11308.7331306139
 45
-0.4412346314604057
 46
0.4412346314604057
 79
     0
 98
        1
 10
29.60559373961587
 20
-2.935000000006766
1001
GradientColor1ACI
1070
     5
1001
GradientColor2ACI
1070
     2
1001
ACAD
1010
10910.11015060957
1020
11308.7331306139
1030
0.0
  0
HATCH
  5
D1D
330
1F
100
AcDbEntity
  8
0
  6
Continuous
440
 33554664
 48
2.0
370
   100
100
AcDbHatch
 10
0.0
 20
0.0
 30
0.0
210
0.0
220
0.0
230
1.0
  2
JIS_LC_8A
 70
     0
 71
     0
 91
        1
 92
        1
 93
        4
 72
     1
 10
10910.11015060957
 20
11305.7681306139
 11
10910.10285686996
 21
11302.8931306139
 72
     1
 10
10910.10285686996
 20
11302.8931306139
 11
10909.35285686996
 21
11302.8931306139
 72
     1
 10
10909.35285686996
 20
11302.8931306139
 11
10909.36015060957
 21
11305.7681306139
 72
     1
 10
10909.36015060957
 20
11305.7681306139
 11
10910.11015060957
 21
11305.7681306139
 97
        0
 75
     1
 76
     1
 52
0.0
 41
0.08
 77
     0
 78
     2
 53
45.0
 43
10924.01075060957
 44
11305.8931306139
 45
-0.4412346314604057
 46
0.4412346314604057
 79
     0
 53
45.0
 43
10924.09075060957
 44
11305.8931306139
 45
-0.4412346314604057
 46
0.4412346314604057
 79
     0
 98
        1
 10
29.60559373961587
 20
-5.900000000006912
1001
GradientColor1ACI
1070
     5
1001
GradientColor2ACI
1070
     2
1001
ACAD
1010
10894.40515686995
1020
11311.7931306139
1030
0.0
  0
HATCH
  5
D1E
330
1F
100
AcDbEntity
  8
0
  6
Continuous
440
 33554664
 48
2.0
370
   100
100
AcDbHatch
 10
0.0
 20
0.0
 30
0.0
210
0.0
220
0.0
230
1.0
  2
JIS_LC_8A
 70
     0
 71
     0
 91
        1
 92
        1
 93
        4
 72
     1
 10
10911.66015060957
 20
11305.7681306139
 11
10911.65285686996
 21
11302.8931306139
 72
     1
 10
10911.65285686996
 20
11302.8931306139
 11
10910.90285686996
 21
11302.8931306139
 72
     1
 10
10910.90285686996
 20
11302.8931306139
 11
10910.91015060957
 21
11305.7681306139
 72
     1
 10
10910.91015060957
 20
11305.7681306139
 11
10911.66015060957
 21
11305.7681306139
 97
        0
 75
     1
 76
     1
 52
0.0
 41
0.08
 77
     0
 78
     2
 53
45.0
 43
10925.56075060957
 44
11305.8931306139
 45
-0.4412346314604057
 46
0.4412346314604057
 79
     0
 53
45.0
 43
10925.64075060957
 44
11305.8931306139
 45
-0.4412346314604057
 46
0.4412346314604057
 79
     0
 98
        1
 10
31.15559373961514
 20
-5.900000000006912
1001
GradientColor1ACI
1070
     5
1001
GradientColor2ACI
1070
     2
1001
ACAD
1010
10894.40515686995
1020
11311.7931306139
1030
0.0
  0
HATCH
  5
D1F
330
1F
100
AcDbEntity
  8
0
  6
Continuous
440
 33554664
 48
2.0
370
   100
100
AcDbHatch
 10
0.0
 20
0.0
 30
0.0
210
0.0
220
0.0
230
1.0
  2
JIS_LC_8A
 70
     0
 71
     0
 91
        1
 92
        1
 93
        4
 72
     1
 10
10911.65620184243
 20
11308.8001502939
 11
10911.64890810281
 21
11305.85813061391
 72
     1
 10
10911.64890810281
 20
11305.85813061391
 11
10910.89890810281
 21
11305.85813061391
 72
     1
 10
10910.89890810281
 20
11305.85813061391
 11
10910.90620184242
 21
11308.8001502939
 72
     1
 10
10910.90620184242
 20
11308.8001502939
 11
10911.65620184243
 21
11308.8001502939
 97
        0
 75
     1
 76
     1
 52
0.0
 41
0.08
 77
     0
 78
     2
 53
45.0
 43
10910.89890810281
 44
11308.8001502939
 45
-0.4412346314604057
 46
0.4412346314604057
 79
     0
 53
45.0
 43
10910.97890810281
 44
11308.8001502939
 45
-0.4412346314604057
 46
0.4412346314604057
 79
     0
 98
        1
 10
31.1516449724677
 20
-2.86798032000297
1001
GradientColor1ACI
1070
     5
1001
GradientColor2ACI
1070
     2
1001
ACAD
1010
10910.90285686996
1020
11308.7331306139
1030
0.0
  0
HATCH
  5
D21
330
1F
100
AcDbEntity
  8
0
  6
Continuous
440
 33554664
 48
2.0
370
   100
100
AcDbHatch
 10
0.0
 20
0.0
 30
0.0
210
0.0
220
0.0
230
1.0
  2
JIS_LC_8A
 70
     0
 71
     0
 91
        1
 92
        1
 93
        4
 72
     1
 10
10914.85285686996
 20
11311.66813061391
 11
10914.10285686996
 21
11311.66813061391
 72
     1
 10
10914.10285686996
 20
11311.66813061391
 11
10914.0964470275
 21
11310.89313061391
 72
     1
 10
10914.0964470275
 20
11310.89313061391
 11
10914.84644702749
 21
11310.89313061391
 72
     1
 10
10914.84644702749
 20
11310.89313061391
 11
10914.85285686996
 21
11311.66813061391
 97
        0
 75
     1
 76
     1
 52
0.0
 41
0.07
 77
     0
 78
     2
 53
45.0
 43
10914.0964470275
 44
11310.89313061391
 45
-0.386080302527855
 46
0.386080302527855
 79
     0
 53
45.0
 43
10914.1664470275
 44
11310.89313061391
 45
-0.386080302527855
 46
0.386080302527855
 79
     0
 98
        1
 10
34.34189015754237
 20
1.909915103668026
1001
GradientColor1ACI
1070
     5
1001
GradientColor2ACI
1070
     2
1001
ACAD
1010
10879.7481470275
1020
11310.89313061391
1030
0.0
  0
HATCH
  5
D23
330
1F
100
AcDbEntity
  8
0
  6
Continuous
440
 33554664
 48
2.0
370
   100
100
AcDbHatch
 10
0.0
 20
0.0
 30
0.0
210
0.0
220
0.0
230
1.0
  2
JIS_LC_8A
 70
     0
 71
     0
 91
        1
 92
        1
 93
        4
 72
     1
 10
10914.85285686996
 20
11309.99313061391
 11
10914.10285686996
 21
11309.99313061391
 72
     1
 10
10914.10285686996
 20
11309.99313061391
 11
10914.0964470275
 21
11308.79313061391
 72
     1
 10
10914.0964470275
 20
11308.79313061391
 11
10914.8464470275
 21
11308.79313061391
 72
     1
 10
10914.8464470275
 20
11308.79313061391
 11
10914.85285686996
 21
11309.99313061391
 97
        0
 75
     1
 76
     1
 52
0.0
 41
0.07
 77
     0
 78
     2
 53
45.0
 43
10914.47465194873
 44
11309.3931306139
 45
-0.386080302527855
 46
0.386080302527855
 79
     0
 53
45.0
 43
10914.54465194873
 44
11309.3931306139
 45
-0.386080302527855
 46
0.386080302527855
 79
     0
 98
        1
 10
34.34189015754419
 20
-0.1900848963323369
1001
GradientColor1ACI
1070
     5
1001
GradientColor2ACI
1070
     2
1001
ACAD
1010
10914.47465194873
1020
11309.3931306139
1030
0.0
  0
HATCH
  5
D24
330
1F
100
AcDbEntity
  8
0
  6
Continuous
440
 33554664
 48
2.0
370
   100
100
AcDbHatch
 10
0.0
 20
0.0
 30
0.0
210
0.0
220
0.0
230
1.0
  2
JIS_LC_8A
 70
     0
 71
     0
 91
        1
 92
        1
 93
        4
 72
     1
 10
10914.85285686996
 20
11307.05813061391
 11
10914.10285686996
 21
11307.05813061391
 72
     1
 10
10914.10285686996
 20
11307.05813061391
 11
10914.0964470275
 21
11305.85813061391
 72
     1
 10
10914.0964470275
 20
11305.85813061391
 11
10914.8464470275
 21
11305.85813061391
 72
     1
 10
10914.8464470275
 20
11305.85813061391
 11
10914.85285686996
 21
11307.05813061391
 97
        0
 75
     1
 76
     1
 52
0.0
 41
0.07
 77
     0
 78
     2
 53
45.0
 43
10914.0964470275
 44
11305.85813061391
 45
-0.386080302527855
 46
0.386080302527855
 79
     0
 53
45.0
 43
10914.1664470275
 44
11305.85813061391
 45
-0.386080302527855
 46
0.386080302527855
 79
     0
 98
        1
 10
34.34189015754419
 20
-3.125084896331827
1001
GradientColor1ACI
1070
     5
1001
GradientColor2ACI
1070
     2
1001
ACAD
1010
10879.7481470275
1020
11310.89313061391
1030
0.0
  0
HATCH
  5
D25
330
1F
100
AcDbEntity
  8
0
  6
Continuous
440
 33554664
 48
2.0
370
   100
100
AcDbHatch
 10
0.0
 20
0.0
 30
0.0
210
0.0
220
0.0
230
1.0
  2
JIS_LC_8A
 70
     0
 71
     0
 91
        1
 92
        1
 93
        4
 72
     1
 10
10914.85285686996
 20
11304.09313061391
 11
10914.10285686996
 21
11304.09313061391
 72
     1
 10
10914.10285686996
 20
11304.09313061391
 11
10914.0964470275
 21
11302.89313061391
 72
     1
 10
10914.0964470275
 20
11302.89313061391
 11
10914.8464470275
 21
11302.89313061391
 72
     1
 10
10914.8464470275
 20
11302.89313061391
 11
10914.85285686996
 21
11304.09313061391
 97
        0
 75
     1
 76
     1
 52
0.0
 41
0.07
 77
     0
 78
     2
 53
45.0
 43
10914.0964470275
 44
11302.89313061391
 45
-0.386080302527855
 46
0.386080302527855
 79
     0
 53
45.0
 43
10914.1664470275
 44
11302.89313061391
 45
-0.386080302527855
 46
0.386080302527855
 79
     0
 98
        1
 10
34.34189015754419
 20
-6.090084896331973
1001
GradientColor1ACI
1070
     5
1001
GradientColor2ACI
1070
     2
1001
ACAD
1010
10879.7481470275
1020
11310.89313061391
1030
0.0
  0
HATCH
  5
D26
330
1F
100
AcDbEntity
  8
0
  6
Continuous
440
 33554664
 48
2.0
370
   100
100
AcDbHatch
 10
0.0
 20
0.0
 30
0.0
210
0.0
220
0.0
230
1.0
  2
JIS_LC_8A
 70
     0
 71
     0
 91
        1
 92
        1
 93
        4
 72
     1
 10
10914.85285686996
 20
11308.66813061391
 11
10914.10285686996
 21
11308.66813061391
 72
     1
 10
10914.10285686996
 20
11308.66813061391
 11
10914.0964470275
 21
11307.78313061391
 72
     1
 10
10914.0964470275
 20
11307.78313061391
 11
10914.8464470275
 21
11307.78313061391
 72
     1
 10
10914.8464470275
 20
11307.78313061391
 11
10914.85285686996
 21
11308.66813061391
 97
        0
 75
     1
 76
     1
 52
0.0
 41
0.07
 77
     0
 78
     2
 53
45.0
 43
10914.47465194873
 44
11308.22563061391
 45
-0.386080302527855
 46
0.386080302527855
 79
     0
 53
45.0
 43
10914.54465194873
 44
11308.22563061391
 45
-0.386080302527855
 46
0.386080302527855
 79
     0
 98
        1
 10
34.34189015754419
 20
-1.200084896330736
1001
GradientColor1ACI
1070
     5
1001
GradientColor2ACI
1070
     2
1001
ACAD
1010
10914.47465194873
1020
11308.22563061391
1030
0.0
  0
HATCH
  5
D27
330
1F
100
AcDbEntity
  8
0
  6
Continuous
440
 33554664
 48
2.0
370
   100
100
AcDbHatch
 10
0.0
 20
0.0
 30
0.0
210
0.0
220
0.0
230
1.0
  2
JIS_LC_8A
 70
     0
 71
     0
 91
        1
 92
        1
 93
        4
 72
     1
 10
10914.85285686996
 20
11305.7581306139
 11
10914.10285686996
 21
11305.7581306139
 72
     1
 10
10914.10285686996
 20
11305.7581306139
 11
10914.0964470275
 21
11304.79313061391
 72
     1
 10
10914.0964470275
 20
11304.79313061391
 11
10914.8464470275
 21
11304.79313061391
 72
     1
 10
10914.8464470275
 20
11304.79313061391
 11
10914.85285686996
 21
11305.7581306139
 97
        0
 75
     1
 76
     1
 52
0.0
 41
0.07
 77
     0
 78
     2
 53
45.0
 43
10914.0964470275
 44
11304.79313061391
 45
-0.386080302527855
 46
0.386080302527855
 79
     0
 53
45.0
 43
10914.1664470275
 44
11304.79313061391
 45
-0.386080302527855
 46
0.386080302527855
 79
     0
 98
        1
 10
34.34189015754419
 20
-4.190084896330517
1001
GradientColor1ACI
1070
     5
1001
GradientColor2ACI
1070
     2
1001
ACAD
1010
10879.7481470275
1020
11310.89313061391
1030
0.0
  0
LINE
  5
D29
330
1F
100
AcDbEntity
  8
0
  6
Continuous
 48
2.0
370
   100
100
AcDbLine
 10
10880.17955686995
 20
11304.89313061391
 30
0.0
 11
10880.17955686995
 21
11304.09313061391
 31
0.0
  0
LINE
  5
D2A
330
1F
100
AcDbEntity
  8
0
  6
Continuous
 48
2.0
370
   100
100
AcDbLine
 10
10880.07955686996
 20
11304.89313061391
 30
0.0
 11
10880.07955686996
 21
11304.09313061391
 31
0.0
  0
LINE
  5
D2B
330
1F
100
AcDbEntity
  8
0
  6
Continuous
 48
2.0
370
   100
100
AcDbLine
 10
10880.07955686996
 20
11304.89313061391
 30
0.0
 11
10880.07955686996
 21
11304.09313061391
 31
0.0
  0
LINE
  5
D2C
330
1F
100
AcDbEntity
  8
0
  6
Continuous
 48
2.0
370
   100
100
AcDbLine
 10
10880.07955686996
 20
11304.89313061391
 30
0.0
 11
10880.07955686996
 21
11304.09313061391
 31
0.0
  0
LINE
  5
D2D
330
1F
100
AcDbEntity
  8
0
  6
Continuous
 48
2.0
370
   100
100
AcDbLine
 10
10880.50455686995
 20
11304.09313061391
 30
0.0
 11
10879.75455686996
 21
11304.09313061391
 31
0.0
  0
LINE
  5
D2E
330
1F
100
AcDbEntity
  8
0
  6
Continuous
 48
2.0
370
   100
100
AcDbLine
 10
10880.50455686995
 20
11304.89313061391
 30
0.0
 11
10879.75455686996
 21
11304.89313061391
 31
0.0
  0
LINE
  5
D2F
330
1F
100
AcDbEntity
  8
0
  6
Continuous
 48
2.0
370
   100
100
AcDbLine
 10
10880.50455686995
 20
11304.9931306139
 30
0.0
 11
10879.75455686996
 21
11304.9931306139
 31
0.0
  0
LINE
  5
D30
330
1F
100
AcDbEntity
  8
0
  6
Continuous
 48
2.0
370
   100
100
AcDbLine
 10
10879.75455686996
 20
11304.89313061391
 30
0.0
 11
10879.25455686995
 21
11304.89313061391
 31
0.0
  0
LINE
  5
D31
330
1F
100
AcDbEntity
  8
0
  6
Continuous
 48
2.0
370
   100
100
AcDbLine
 10
10879.25455686995
 20
11304.9931306139
 30
0.0
 11
10879.75455686996
 21
11304.9931306139
 31
0.0
  0
LINE
  5
D32
330
1F
100
AcDbEntity
  8
0
  6
Continuous
 48
2.0
370
   100
100
AcDbLine
 10
10880.50455686995
 20
11304.9931306139
 30
0.0
 11
10879.75455686996
 21
11304.9931306139
 31
0.0
  0
LINE
  5
D35
330
1F
100
AcDbEntity
  8
0
  6
ByBlock
 48
2.0
370
   100
100
AcDbLine
 10
10879.25455686995
 20
11304.9931306139
 30
0.0
 11
10879.25455686995
 21
11304.89313061391
 31
0.0
  0
HATCH
  5
D36
330
1F
100
AcDbEntity
  8
0
  6
Continuous
440
 33554664
 48
2.0
370
   100
100
AcDbHatch
 10
0.0
 20
0.0
 30
0.0
210
0.0
220
0.0
230
1.0
  2
JIS_LC_8A
 70
     0
 71
     0
 91
        1
 92
        1
 93
        4
 72
     1
 10
10880.51185060957
 20
11308.66813061391
 11
10880.50455686995
 21
11304.9931306139
 72
     1
 10
10880.50455686995
 20
11304.9931306139
 11
10879.75455686996
 21
11304.9931306139
 72
     1
 10
10879.75455686996
 20
11304.9931306139
 11
10879.76185060956
 21
11308.66813061391
 72
     1
 10
10879.76185060956
 20
11308.66813061391
 11
10880.51185060957
 21
11308.66813061391
 97
        0
 75
     1
 76
     1
 52
0.0
 41
0.08
 77
     0
 78
     2
 53
45.0
 43
10880.51185060957
 44
11308.66813061391
 45
-0.4412346314604057
 46
0.4412346314604057
 79
     0
 53
45.0
 43
10880.59185060957
 44
11308.66813061391
 45
-0.4412346314604057
 46
0.4412346314604057
 79
     0
 98
        1
 10
0.0072937396107591
 20
-3.799999999999272
1001
GradientColor1ACI
1070
     5
1001
GradientColor2ACI
1070
     2
1001
ACAD
1010
10880.51185060957
1020
11308.66813061391
1030
0.0
  0
HATCH
  5
D37
330
1F
100
AcDbEntity
  8
0
  6
Continuous
440
 33554664
 48
2.0
370
   100
100
AcDbHatch
 10
0.0
 20
0.0
 30
0.0
210
0.0
220
0.0
230
1.0
  2
JIS_LC_8A
 70
     0
 71
     0
 91
        1
 92
        1
 93
        4
 72
     1
 10
10880.45455686996
 20
11304.09313061391
 11
10880.4832941739
 21
11302.89313061391
 72
     1
 10
10880.4832941739
 20
11302.89313061391
 11
10879.76892552193
 21
11302.89313061391
 72
     1
 10
10879.76892552193
 20
11302.89313061391
 11
10879.74018821798
 21
11304.09313061391
 72
     1
 10
10879.74018821798
 20
11304.09313061391
 11
10880.45455686996
 21
11304.09313061391
 97
        0
 75
     1
 76
     1
 52
0.0
 41
0.08
 77
     0
 78
     2
 53
45.0
 43
10894.39118791351
 44
11305.89313061391
 45
-0.4412346314604057
 46
0.4412346314604057
 79
     0
 53
45.0
 43
10894.47118791351
 44
11305.89313061391
 45
-0.4412346314604057
 46
0.4412346314604057
 79
     0
 98
        1
 10
-0.0139689564421133
 20
-5.899999999999636
1001
GradientColor1ACI
1070
     5
1001
GradientColor2ACI
1070
     2
1001
ACAD
1010
10894.40515686995
1020
11311.7931306139
1030
0.0
  0
POINT
  5
D3E
330
1F
100
AcDbEntity
  8
0
  6
ByBlock
370
   100
100
AcDbPoint
 10
10879.35856562897
 20
11300.2931306139
 30
0.0
  0
POINT
  5
D3F
330
1F
100
AcDbEntity
  8
0
  6
ByBlock
370
   100
100
AcDbPoint
 10
10879.35856562897
 20
11299.7931306139
 30
0.0
  0
LINE
  5
DCD
102
{ACAD_REACTORS
330
C09
330
DD1
102
}
330
1F
100
AcDbEntity
  8
0
  6
Continuous
 48
2.0
370
   100
100
AcDbLine
 10
10880.50455686995
 20
11301.66813061391
 30
0.0
 11
10914.85285686995
 21
11301.6681306139
 31
0.0
  0
LINE
  5
DCE
330
1F
100
AcDbEntity
  8
0
  6
ByBlock
 48
2.0
370
   100
100
AcDbLine
 10
10879.75455686996
 20
11301.79313061391
 30
0.0
 11
10879.75455686996
 21
11301.6681306139
 31
0.0
  0
LINE
  5
DCF
102
{ACAD_REACTORS
330
DD1
102
}
330
1F
100
AcDbEntity
  8
0
  6
ByBlock
 48
2.0
370
   100
100
AcDbLine
 10
10914.85285686995
 20
11301.79313061391
 30
0.0
 11
10914.85285686995
 21
11301.6681306139
 31
0.0
  0
HATCH
  5
DD1
330
1F
100
AcDbEntity
  8
0
  6
ByBlock
440
 33554664
 48
2.0
370
   100
100
AcDbHatch
 10
0.0
 20
0.0
 30
0.0
210
0.0
220
0.0
230
1.0
  2
AR-CONC
 70
     0
 71
     1
 91
        1
 92
       33
 93
        3
 72
     1
 10
10879.75455686996
 20
11301.79313061391
 11
10914.85285686995
 21
11301.79313061391
 72
     1
 10
10879.75455686996
 20
11301.6681306139
 11
10914.85285686995
 21
11301.6681306139
 72
     1
 10
10914.85285686995
 20
11301.79313061391
 11
10914.85285686995
 21
11301.6681306139
 97
        3
330
9D3
330
DCD
330
DCF
 75
     1
 76
     1
 52
0.0
 41
0.002
 77
     0
 78
    13
 53
50.0
 43
10894.405157
 44
11311.793131
 45
0.3643693379920081
 46
-0.0318781710778062
 79
     2
 49
0.0381
 49
-0.4191000000000001
 53
355.0
 43
10894.405157
 44
11311.793131
 45
-0.0704868428499387
 46
0.3821136904780703
 79
     2
 49
0.03048
 49
-0.3352811683400001
 53
100.4514447
 43
10894.435521014
 44
11311.790474493
 45
0.2938824941807066
 46
0.3502355038243902
 79
     2
 49
0.0323800176
 49
-0.3561804892
 53
46.1842
 43
10894.405157
 44
11311.894731
 45
0.5421580817842599
 46
-0.0840846558654543
 79
     2
 49
0.05715
 49
-0.6286500000000001
 53
96.63555760999997
 43
10894.4503368
 44
11311.887724
 45
0.474808268103006
 46
0.4948522491954431
 79
     2
 49
0.04857004628
 49
-0.53427121632
 53
351.18415117
 43
10894.405157
 44
11311.894731
 45
0.4748082681299541
 46
0.4948522491710654
 79
     2
 49
0.04571993414
 49
-0.50291946384
 53
21.0
 43
10894.455957
 44
11311.869331
 45
0.3032287825382649
 46
-0.2045303963741752
 79
     2
 49
0.0381
 49
-0.4191000000000001
 53
326.0
 43
10894.455957
 44
11311.869331
 45
0.1236040566952941
 46
0.3683759322446385
 79
     2
 49
0.03048
 49
-0.33528
 53
71.45144499999999
 43
10894.4812260652
 44
11311.8522868002
 45
0.4268328385574323
 46
0.1638455377718105
 79
     2
 49
0.0323800176
 49
-0.3561798752
 53
37.5
 43
10894.405157
 44
11311.793131
 45
0.0061772065011836
 46
0.1691100777463062
 79
     6
 49
0.0
 49
-0.331216
 49
0.0
 49
-0.34036
 49
0.0
 49
-0.33655
 53
7.499999999999999
 43
10894.405157
 44
11311.793131
 45
0.1336393250206115
 46
0.200361149636239
 79
     6
 49
0.0
 49
-0.194056
 49
0.0
 49
-0.323596
 49
0.0
 49
-0.12827
 53
327.5
 43
10894.291873
 44
11311.793131
 45
0.2711811903337428
 46
-0.0114574879853469
 79
     6
 49
0.0
 49
-0.127
 49
0.0
 49
-0.39624
 49
0.0
 49
-0.5257800000000001
 53
317.5
 43
10894.241073
 44
11311.793131
 45
0.2962583627720361
 46
0.0508529820666661
 79
     6
 49
0.0
 49
-0.1651
 49
0.0
 49
-0.263144
 49
0.0
 49
-0.37338
 98
        1
 10
0.0
 20
0.0
1001
ACAD
1010
10894.405157
1020
11311.793131
1030
0.0
  0
MULTILEADER
  5
DF8
102
{ACAD_XDICTIONARY
360
DFD
102
}
330
1F
100
AcDbEntity
  8
0
  6
ByBlock
 48
2.0
160
               344
310
58010000140000000C00000016000000000000C00C00000033000000000000000C00000013000000993A00000C00000033000000000000000C00000010000000000000000C00000016000000000000C00C00000012000000FE7F00000C00000013000000010000000C00000013000000891300003C00000006000000020000
310
00604397BD5B51C5400E4C86334C13C640000000000000000068231EAB7E51C5407A924E796613C64000000000000000000C00000013000000112700003C000000060000000200000068231EAB7E51C5407A924E796613C6400000000000000000583FBD44BE51C5407A924E796613C64000000000000000000C0000001600
310
0000000000C00C00000012000000FE7F00000C00000017000000000000000C000000130000009A3A00000C00000016000000000000C00C00000012000000FE7F00000C00000017000000640000000C0000003300000000000000
370
   100
100
AcDbMLeader
270
     2
300
CONTEXT_DATA{
 40
1.0
 10
10915.48647275536
 20
11302.80057699348
 30
0.0
 41
4.0
140
4.0
145
2.0
174
     1
175
     1
176
     0
177
     0
290
     1
304

 11
0.0
 21
0.0
 31
1.0
340
11
 12
10917.48647275536
 22
11304.80057699348
 32
0.0
 13
1.0
 23
0.0
 33
0.0
 42
0.0
 43
0.0
 44
0.0
 45
1.0
170
     1
 90
-1073741824
171
     1
172
     5
 91
-1073741824
141
0.0
 92
        0
291
     0
292
     0
173
     0
293
     0
142
0.0
143
0.0
294
     0
295
     0
296
     0
110
10914.72661322275
120
11302.5431306139
130
0.0
111
1.0
121
0.0
131
0.0
112
0.0
122
1.0
132
0.0
297
     0
302
LEADER{
290
     1
291
     1
 10
10914.98959709862
 20
11302.80057699348
 30
0.0
 11
1.0
 21
0.0
 31
0.0
 90
        0
 40
0.4968756567395758
304
LEADER_LINE{
 10
10914.71672335424
 20
11302.59532240594
 30
0.0
 91
        0
305
}
271
     0
303
}
272
     9
273
     9
301
}
340
13B
 90
   279680
170
     1
 91
-1056964608
341
14
171
    -2
290
     1
291
     1
 41
8.0
 42
4.0
172
     2
343
11
173
     1
 95
        1
174
     1
175
     0
 92
-1056964608
292
     0
 93
-1056964608
 10
1.0
 20
1.0
 30
1.0
 43
0.0
176
     0
293
     1
294
     0
178
     0
179
     1
 45
1.0
271
     0
272
     9
273
     9
295
     0
  0
MTEXT
  5
E02
330
1F
100
AcDbEntity
  8
0
  6
ByBlock
 48
2.0
370
   100
100
AcDbMText
 10
10915.50394245011
 20
11302.85282809465
 30
0.0
 40
0.09
 41
30.05143627781702
 46
0.0
 71
     1
 72
     5
  1
CONCRETE BED
 73
     1
 44
1.0
101
Embedded Object
 70
     1
 10
1.0
 20
0.0
 30
0.0
 11
10915.50394245011
 21
11302.85282809465
 31
0.0
 40
30.05143627781702
 41
0.0
 42
0.9860095497953615
 43
0.093130968622101
 71
     2
 72
     1
 44
30.05143627781702
 45
12.5
 73
     0
 74
     0
 46
0.0
  0
MULTILEADER
  5
E03
102
{ACAD_XDICTIONARY
360
E04
102
}
330
1F
100
AcDbEntity
  8
0
  6
ByBlock
 48
2.0
160
               344
310
58010000140000000C00000016000000000000C00C00000033000000000000000C00000013000000993A00000C00000033000000000000000C00000010000000000000000C00000016000000000000C00C00000012000000FE7F00000C00000013000000010000000C00000013000000891300003C00000006000000020000
310
00604397BD5B51C540B60B6AB12613C640000000000000000068231EAB7E51C540225232F74013C64000000000000000000C00000013000000112700003C000000060000000200000068231EAB7E51C540225232F74013C6400000000000000000583FBD44BE51C540225232F74013C64000000000000000000C0000001600
310
0000000000C00C00000012000000FE7F00000C00000017000000000000000C000000130000009A3A00000C00000016000000000000C00C00000012000000FE7F00000C00000017000000640000000C0000003300000000000000
370
   100
100
AcDbMLeader
270
     2
300
CONTEXT_DATA{
 40
1.0
 10
10915.48647275536
 20
11302.5075438405
 30
0.0
 41
4.0
140
4.0
145
2.0
174
     1
175
     1
176
     0
177
     0
290
     1
304

 11
0.0
 21
0.0
 31
1.0
340
11
 12
10917.48647275536
 22
11304.5075438405
 32
0.0
 13
1.0
 23
0.0
 33
0.0
 42
0.0
 43
0.0
 44
0.0
 45
1.0
170
     1
 90
-1073741824
171
     1
172
     5
 91
-1073741824
141
0.0
 92
        0
291
     0
292
     0
173
     0
293
     0
142
0.0
143
0.0
294
     0
295
     0
296
     0
110
10914.72661322275
120
11302.25009746093
130
0.0
111
1.0
121
0.0
131
0.0
112
0.0
122
1.0
132
0.0
297
     0
302
LEADER{
290
     1
291
     1
 10
10914.98959709862
 20
11302.5075438405
 30
0.0
 11
1.0
 21
0.0
 31
0.0
 90
        0
 40
0.4968756567395758
304
LEADER_LINE{
 10
10914.71672335424
 20
11302.30228925296
 30
0.0
 91
        0
305
}
271
     0
303
}
272
     9
273
     9
301
}
340
13B
 90
   279680
170
     1
 91
-1056964608
341
14
171
    -2
290
     1
291
     1
 41
8.0
 42
4.0
172
     2
343
11
173
     1
 95
        1
174
     1
175
     0
 92
-1056964608
292
     0
 93
-1056964608
 10
1.0
 20
1.0
 30
1.0
 43
0.0
176
     0
293
     1
294
     0
178
     0
179
     1
 45
1.0
271
     0
272
     9
273
     9
295
     0
  0
MTEXT
  5
E08
330
1F
100
AcDbEntity
  8
0
  6
ByBlock
 48
2.0
370
   100
100
AcDbMText
 10
10915.50394245011
 20
11302.55979494167
 30
0.0
 40
0.09
 41
30.05143627781702
 46
0.0
 71
     1
 72
     5
  1
RUBBLE FILLING
 73
     1
 44
1.0
101
Embedded Object
 70
     1
 10
1.0
 20
0.0
 30
0.0
 11
10915.50394245011
 21
11302.55979494167
 31
0.0
 40
30.05143627781702
 41
0.0
 42
0.9954024556616644
 43
0.0930695770804912
 71
     2
 72
     1
 44
30.05143627781702
 45
12.5
 73
     0
 74
     0
 46
0.0
  0
MULTILEADER
  5
E09
102
{ACAD_XDICTIONARY
360
E0A
102
}
330
1F
100
AcDbEntity
  8
0
  6
ByBlock
 48
2.0
160
               344
310
58010000140000000C00000016000000000000C00C00000033000000000000000C00000013000000993A00000C00000033000000000000000C00000010000000000000000C00000016000000000000C00C00000012000000FE7F00000C00000013000000010000000C00000013000000891300003C00000006000000020000
310
00604397BD5B51C540362FD9E8F812C640000000000000000068231EAB7E51C540A275A12E1313C64000000000000000000C00000013000000112700003C000000060000000200000068231EAB7E51C540A275A12E1313C6400000000000000000583FBD44BE51C540A275A12E1313C64000000000000000000C0000001600
310
0000000000C00C00000012000000FE7F00000C00000017000000000000000C000000130000009A3A00000C00000016000000000000C00C00000012000000FE7F00000C00000017000000640000000C0000003300000000000000
370
   100
100
AcDbMLeader
270
     2
300
CONTEXT_DATA{
 40
1.0
 10
10915.48647275536
 20
11302.14986055606
 30
0.0
 41
4.0
140
4.0
145
2.0
174
     1
175
     1
176
     0
177
     0
290
     1
304

 11
0.0
 21
0.0
 31
1.0
340
11
 12
10917.48647275536
 22
11304.14986055606
 32
0.0
 13
1.0
 23
0.0
 33
0.0
 42
0.0
 43
0.0
 44
0.0
 45
1.0
170
     1
 90
-1073741824
171
     1
172
     5
 91
-1073741824
141
0.0
 92
        0
291
     0
292
     0
173
     0
293
     0
142
0.0
143
0.0
294
     0
295
     0
296
     0
110
10914.72661322275
120
11301.89241417649
130
0.0
111
1.0
121
0.0
131
0.0
112
0.0
122
1.0
132
0.0
297
     0
302
LEADER{
290
     1
291
     1
 10
10914.98959709862
 20
11302.14986055606
 30
0.0
 11
1.0
 21
0.0
 31
0.0
 90
        0
 40
0.4968756567395758
304
LEADER_LINE{
 10
10914.71672335424
 20
11301.94460596852
 30
0.0
 91
        0
305
}
271
     0
303
}
272
     9
273
     9
301
}
340
13B
 90
   279680
170
     1
 91
-1056964608
341
14
171
    -2
290
     1
291
     1
 41
8.0
 42
4.0
172
     2
343
11
173
     1
 95
        1
174
     1
175
     0
 92
-1056964608
292
     0
 93
-1056964608
 10
1.0
 20
1.0
 30
1.0
 43
0.0
176
     0
293
     1
294
     0
178
     0
179
     1
 45
1.0
271
     0
272
     9
273
     9
295
     0
  0
MTEXT
  5
E0E
330
1F
100
AcDbEntity
  8
0
  6
ByBlock
 48
2.0
370
   100
100
AcDbMText
 10
10915.50394245011
 20
11302.20211165723
 30
0.0
 40
0.09
 41
30.05143627781702
 46
0.0
 71
     1
 72
     5
  1
MURUM FILLING
 73
     1
 44
1.0
101
Embedded Object
 70
     1
 10
1.0
 20
0.0
 30
0.0
 11
10915.50394245011
 21
11302.20211165723
 31
0.0
 40
30.05143627781702
 41
0.0
 42
0.9747135061391542
 43
0.0930695770804912
 71
     2
 72
     1
 44
30.05143627781702
 45
12.5
 73
     0
 74
     0
 46
0.0
  0
MULTILEADER
  5
E0F
102
{ACAD_XDICTIONARY
360
E10
102
}
330
1F
100
AcDbEntity
  8
0
  6
ByBlock
 48
2.0
160
               344
310
58010000140000000C00000016000000000000C00C00000033000000000000000C00000013000000993A00000C00000033000000000000000C00000010000000000000000C00000016000000000000C00C00000012000000FE7F00000C00000013000000010000000C00000013000000891300003C00000006000000020000
310
00604397BD5B51C5401232028CDB12C640000000000000000068231EAB7E51C5407E78CAD1F512C64000000000000000000C00000013000000112700003C000000060000000200000068231EAB7E51C5407E78CAD1F512C6400000000000000000583FBD44BE51C5407E78CAD1F512C64000000000000000000C0000001600
310
0000000000C00C00000012000000FE7F00000C00000017000000000000000C000000130000009A3A00000C00000016000000000000C00C00000012000000FE7F00000C00000017000000640000000C0000003300000000000000
370
   100
100
AcDbMLeader
270
     2
300
CONTEXT_DATA{
 40
1.0
 10
10915.48647275536
 20
11301.92046481021
 30
0.0
 41
4.0
140
4.0
145
2.0
174
     1
175
     1
176
     0
177
     0
290
     1
304

 11
0.0
 21
0.0
 31
1.0
340
11
 12
10917.48647275536
 22
11303.92046481021
 32
0.0
 13
1.0
 23
0.0
 33
0.0
 42
0.0
 43
0.0
 44
0.0
 45
1.0
170
     1
 90
-1073741824
171
     1
172
     5
 91
-1073741824
141
0.0
 92
        0
291
     0
292
     0
173
     0
293
     0
142
0.0
143
0.0
294
     0
295
     0
296
     0
110
10914.72661322275
120
11301.66301843063
130
0.0
111
1.0
121
0.0
131
0.0
112
0.0
122
1.0
132
0.0
297
     0
302
LEADER{
290
     1
291
     1
 10
10914.98959709862
 20
11301.92046481021
 30
0.0
 11
1.0
 21
0.0
 31
0.0
 90
        0
 40
0.4968756567395758
304
LEADER_LINE{
 10
10914.71672335424
 20
11301.71521022267
 30
0.0
 91
        0
305
}
271
     0
303
}
272
     9
273
     9
301
}
340
13B
 90
   279680
170
     1
 91
-1056964608
341
14
171
    -2
290
     1
291
     1
 41
8.0
 42
4.0
172
     2
343
11
173
     1
 95
        1
174
     1
175
     0
 92
-1056964608
292
     0
 93
-1056964608
 10
1.0
 20
1.0
 30
1.0
 43
0.0
176
     0
293
     1
294
     0
178
     0
179
     1
 45
1.0
271
     0
272
     9
273
     9
295
     0
  0
MTEXT
  5
E14
330
1F
100
AcDbEntity
  8
0
  6
ByBlock
 48
2.0
370
   100
100
AcDbMText
 10
10915.50394245011
 20
11301.97271591138
 30
0.0
 40
0.09
 41
30.05143627781702
 46
0.0
 71
     1
 72
     5
  1
SLAB = 0.125 MM THICK
 73
     1
 44
1.0
101
Embedded Object
 70
     1
 10
1.0
 20
0.0
 30
0.0
 11
10915.50394245011
 21
11301.97271591138
 31
0.0
 40
30.05143627781702
 41
0.0
 42
1.430054570259208
 43
0.0930695770804912
 71
     2
 72
     1
 44
30.05143627781702
 45
12.5
 73
     0
 74
     0
 46
0.0
  0
MULTILEADER
  5
E15
102
{ACAD_XDICTIONARY
360
E16
102
}
330
1F
100
AcDbEntity
  8
0
  6
ByBlock
 48
2.0
160
               344
310
58010000140000000C00000016000000000000C00C00000033000000000000000C00000013000000993A00000C00000033000000000000000C00000010000000000000000C00000016000000000000C00C00000012000000FE7F00000C00000013000000010000000C00000013000000891300003C00000006000000020000
310
00900DCFBC5851C540CDAC24BA7213C640000000000000000098ED55AA7B51C5401DA2F4DD9513C64000000000000000000C00000013000000112700003C000000060000000200000098ED55AA7B51C5401DA2F4DD9513C64000000000000000008809F543BB51C5401DA2F4DD9513C64000000000000000000C0000001600
310
0000000000C00C00000012000000FE7F00000C00000017000000000000000C000000130000009A3A00000C00000016000000000000C00C00000012000000FE7F00000C00000017000000640000000C0000003300000000000000
370
   100
100
AcDbMLeader
270
     2
300
CONTEXT_DATA{
 40
1.0
 10
10915.46301138845
 20
11303.17083604732
 30
0.0
 41
4.0
140
4.0
145
2.0
174
     1
175
     1
176
     0
177
     0
290
     1
304

 11
0.0
 21
0.0
 31
1.0
340
11
 12
10917.46301138845
 22
11305.17083604732
 32
0.0
 13
1.0
 23
0.0
 33
0.0
 42
0.0
 43
0.0
 44
0.0
 45
1.0
170
     1
 90
-1073741824
171
     1
172
     5
 91
-1073741824
141
0.0
 92
        0
291
     0
292
     0
173
     0
293
     0
142
0.0
143
0.0
294
     0
295
     0
296
     0
110
10914.70315185583
120
11302.91338966774
130
0.0
111
1.0
121
0.0
131
0.0
112
0.0
122
1.0
132
0.0
297
     0
302
LEADER{
290
     1
291
     1
 10
10914.96613573171
 20
11303.17083604732
 30
0.0
 11
1.0
 21
0.0
 31
0.0
 90
        0
 40
0.4968756567395758
304
LEADER_LINE{
 10
10914.69326198732
 20
11302.89630564153
 30
0.0
 91
        0
305
}
271
     0
303
}
272
     9
273
     9
301
}
340
13B
 90
   279680
170
     1
 91
-1056964608
341
14
171
    -2
290
     1
291
     1
 41
8.0
 42
4.0
172
     2
343
11
173
     1
 95
        1
174
     1
175
     0
 92
-1056964608
292
     0
 93
-1056964608
 10
1.0
 20
1.0
 30
1.0
 43
0.0
176
     0
293
     1
294
     0
178
     0
179
     1
 45
1.0
271
     0
272
     9
273
     9
295
     0
  0
MTEXT
  5
E1A
330
1F
100
AcDbEntity
  8
0
  6
ByBlock
 48
2.0
370
   100
100
AcDbMText
 10
10915.4804810832
 20
11303.25791782603
 30
0.0
 40
0.09
 41
30.05143627781702
 46
0.0
 71
     1
 72
     5
  1
TILES
 73
     1
 44
1.0
101
Embedded Object
 70
     1
 10
1.0
 20
0.0
 30
0.0
 11
10915.4804810832
 21
11303.25791782603
 31
0.0
 40
30.05143627781702
 41
0.0
 42
0.3398635743519782
 43
0.0930695770804912
 71
     2
 72
     1
 44
30.05143627781702
 45
12.5
 73
     0
 74
     0
 46
0.0
  0
MULTILEADER
  5
E1B
102
{ACAD_XDICTIONARY
360
E1C
102
}
330
1F
100
AcDbEntity
  8
0
  6
ByBlock
 48
2.0
160
               344
310
58010000140000000C00000016000000000000C00C00000033000000000000000C00000013000000993A00000C00000033000000000000000C00000010000000000000000C00000016000000000000C00C00000012000000FE7F00000C00000013000000010000000C00000013000000891300003C00000006000000020000
310
00E768BACA5D51C54017D04D856513C6400000000000000000EF4841B88051C540831616CB7F13C64000000000000000000C00000013000000112700003C0000000600000002000000EF4841B88051C540831616CB7F13C6400000000000000000DF64E051C051C540831616CB7F13C64000000000000000000C0000001600
310
0000000000C00C00000012000000FE7F00000C00000017000000000000000C000000130000009A3A00000C00000016000000000000C00C00000012000000FE7F00000C00000017000000640000000C0000003300000000000000
370
   100
100
AcDbMLeader
270
     2
300
CONTEXT_DATA{
 40
1.0
 10
10915.50249867368
 20
11302.99838520145
 30
0.0
 41
4.0
140
4.0
145
2.0
174
     1
175
     1
176
     0
177
     0
290
     1
304

 11
0.0
 21
0.0
 31
1.0
340
11
 12
10917.50249867368
 22
11304.99838520145
 32
0.0
 13
1.0
 23
0.0
 33
0.0
 42
0.0
 43
0.0
 44
0.0
 45
1.0
170
     1
 90
-1073741824
171
     1
172
     5
 91
-1073741824
141
0.0
 92
        0
291
     0
292
     0
173
     0
293
     0
142
0.0
143
0.0
294
     0
295
     0
296
     0
110
10914.74263914107
120
11302.74093882187
130
0.0
111
1.0
121
0.0
131
0.0
112
0.0
122
1.0
132
0.0
297
     0
302
LEADER{
290
     1
291
     1
 10
10915.00562301694
 20
11302.99838520145
 30
0.0
 11
1.0
 21
0.0
 31
0.0
 90
        0
 40
0.4968756567395758
304
LEADER_LINE{
 10
10914.73274927255
 20
11302.7931306139
 30
0.0
 91
        0
305
}
271
     0
303
}
272
     9
273
     9
301
}
340
13B
 90
   279680
170
     1
 91
-1056964608
341
14
171
    -2
290
     1
291
     1
 41
8.0
 42
4.0
172
     2
343
11
173
     1
 95
        1
174
     1
175
     0
 92
-1056964608
292
     0
 93
-1056964608
 10
1.0
 20
1.0
 30
1.0
 43
0.0
176
     0
293
     1
294
     0
178
     0
179
     1
 45
1.0
271
     0
272
     9
273
     9
295
     0
  0
MTEXT
  5
E20
330
1F
100
AcDbEntity
  8
0
  6
ByBlock
 48
2.0
370
   100
100
AcDbMText
 10
10915.51996836843
 20
11303.05063630261
 30
0.0
 40
0.09
 41
30.05143627781702
 46
0.0
 71
     1
 72
     5
  1
PLINTH LEVEL
 73
     1
 44
1.0
101
Embedded Object
 70
     1
 10
1.0
 20
0.0
 30
0.0
 11
10915.51996836843
 21
11303.05063630261
 31
0.0
 40
30.05143627781702
 41
0.0
 42
0.8592974079126875
 43
0.09
 71
     2
 72
     1
 44
30.05143627781702
 45
12.5
 73
     0
 74
     0
 46
0.0
  0
CIRCLE
  5
E21
330
1F
100
AcDbEntity
  8
0
  6
ByBlock
 48
2.0
370
   100
100
AcDbCircle
 10
10892.78251095765
 20
11303.79938061391
 30
0.0
 40
0.0711911847556621
  0
CIRCLE
  5
E23
330
1F
100
AcDbEntity
  8
0
  6
ByBlock
 48
2.0
370
   100
100
AcDbCircle
 10
10896.44659895848
 20
11303.79938061391
 30
0.0
 40
0.0711911847556621
  0
CIRCLE
  5
E24
330
1F
100
AcDbEntity
  8
0
  6
ByBlock
 48
2.0
370
   100
100
AcDbCircle
 10
10901.84191927085
 20
11303.79938061391
 30
0.0
 40
0.0711911847556621
  0
CIRCLE
  5
E26
330
1F
100
AcDbEntity
  8
0
  6
ByBlock
 48
2.0
370
   100
100
AcDbCircle
 10
10906.03146970166
 20
11303.79938061391
 30
0.0
 40
0.0711911847556621
  0
CIRCLE
  5
E27
330
1F
100
AcDbEntity
  8
0
  6
ByBlock
 48
2.0
370
   100
100
AcDbCircle
 10
10908.49397477257
 20
11303.79938061391
 30
0.0
 40
0.0711911847556621
  0
CIRCLE
  5
E29
330
1F
100
AcDbEntity
  8
0
  6
ByBlock
 48
2.0
370
   100
100
AcDbCircle
 10
10901.84011455031
 20
11306.81255284794
 30
0.0
 40
0.0711911847556621
  0
CIRCLE
  5
E2A
330
1F
100
AcDbEntity
  8
0
  6
ByBlock
 48
2.0
370
   100
100
AcDbCircle
 10
10901.83960922857
 20
11309.75730885672
 30
0.0
 40
0.0711911847556621
  0
HATCH
  5
E2B
330
1F
100
AcDbEntity
  8
0
  6
Continuous
440
 33554664
 48
2.0
370
   100
100
AcDbHatch
 10
0.0
 20
0.0
 30
0.0
210
0.0
220
0.0
230
1.0
  2
JIS_LC_8A
 70
     0
 71
     0
 91
        1
 92
        1
 93
        4
 72
     1
 10
10898.05805060957
 20
11308.7331306139
 11
10898.05075686996
 21
11305.8581306139
 72
     1
 10
10898.05075686996
 20
11305.8581306139
 11
10897.30075686996
 21
11305.8581306139
 72
     1
 10
10897.30075686996
 20
11305.8581306139
 11
10897.30805060957
 21
11308.7331306139
 72
     1
 10
10897.30805060957
 20
11308.7331306139
 11
10898.05805060957
 21
11308.7331306139
 97
        0
 75
     1
 76
     1
 52
0.0
 41
0.08
 77
     0
 78
     2
 53
45.0
 43
10898.05805060957
 44
11305.8581306139
 45
-0.4412346314604057
 46
0.4412346314604057
 79
     0
 53
45.0
 43
10898.13805060957
 44
11305.8581306139
 45
-0.4412346314604057
 46
0.4412346314604057
 79
     0
 98
        1
 10
17.55349373961326
 20
-2.935000000006766
1001
GradientColor1ACI
1070
     5
1001
GradientColor2ACI
1070
     2
1001
ACAD
1010
10900.75995060957
1020
11305.8581306139
1030
0.0
  0
HATCH
  5
E2C
330
1F
100
AcDbEntity
  8
0
  6
Continuous
440
 33554664
 48
2.0
370
   100
100
AcDbHatch
 10
0.0
 20
0.0
 30
0.0
210
0.0
220
0.0
230
1.0
  2
JIS_LC_8A
 70
     0
 71
     0
 91
        1
 92
        1
 93
        4
 72
     1
 10
10898.06100060957
 20
11305.7681306139
 11
10898.05370686996
 21
11302.8931306139
 72
     1
 10
10898.05370686996
 20
11302.8931306139
 11
10897.30370686996
 21
11302.8931306139
 72
     1
 10
10897.30370686996
 20
11302.8931306139
 11
10897.31100060957
 21
11305.7681306139
 72
     1
 10
10897.31100060957
 20
11305.7681306139
 11
10898.06100060957
 21
11305.7681306139
 97
        0
 75
     1
 76
     1
 52
0.0
 41
0.08
 77
     0
 78
     2
 53
45.0
 43
10898.06100060957
 44
11302.8931306139
 45
-0.4412346314604057
 46
0.4412346314604057
 79
     0
 53
45.0
 43
10898.14100060957
 44
11302.8931306139
 45
-0.4412346314604057
 46
0.4412346314604057
 79
     0
 98
        1
 10
17.55644373961331
 20
-5.900000000008731
1001
GradientColor1ACI
1070
     5
1001
GradientColor2ACI
1070
     2
1001
ACAD
1010
10900.75995060957
1020
11305.8581306139
1030
0.0
  0
LINE
  5
F77
330
1F
100
AcDbEntity
  8
0
100
AcDbLine
 10
10829.60455332086
 20
11261.49219779213
 30
0.0
 11
10829.60455332086
 21
11275.29219779213
 31
0.0
  0
LINE
  5
F7A
330
1F
100
AcDbEntity
  8
0
  6
ByBlock
 48
2.0
370
   100
100
AcDbLine
 10
10829.90455332085
 20
11275.59219779213
 30
0.0
 11
10829.90455332085
 21
11261.49219779213
 31
0.0
  0
LINE
  5
F82
330
1F
100
AcDbEntity
  8
0
  6
ByBlock
 48
2.0
370
   100
100
AcDbLine
 10
11162.31133085008
 20
11234.79219779213
 30
0.0
 11
11197.41133085008
 21
11234.79219779213
 31
0.0
  0
LINE
  5
F83
330
1F
100
AcDbEntity
  8
0
100
AcDbLine
 10
11162.61133085008
 20
11255.49219779213
 30
0.0
 11
11162.61133085008
 21
11234.79219779213
 31
0.0
  0
LINE
  5
F84
330
1F
100
AcDbEntity
  8
0
100
AcDbLine
 10
11197.11133085008
 20
11234.79219779213
 30
0.0
 11
11197.11133085008
 21
11255.49219779213
 31
0.0
  0
LINE
  5
F85
330
1F
100
AcDbEntity
  8
0
100
AcDbLine
 10
11197.11133085008
 20
11255.49219779213
 30
0.0
 11
11162.61133085008
 21
11255.49219779213
 31
0.0
  0
LINE
  5
F86
330
1F
100
AcDbEntity
  8
0
100
AcDbLine
 10
11197.11133085008
 20
11234.79219779213
 30
0.0
 11
11197.11133085008
 21
11255.49219779213
 31
0.0
  0
LINE
  5
F87
330
1F
100
AcDbEntity
  8
0
100
AcDbLine
 10
11197.11133085008
 20
11255.49219779213
 30
0.0
 11
11162.61133085008
 21
11255.49219779213
 31
0.0
  0
LINE
  5
F88
330
1F
100
AcDbEntity
  8
0
100
AcDbLine
 10
11197.41133085008
 20
11234.79219779213
 30
0.0
 11
11197.41133085008
 21
11254.74521961669
 31
0.0
  0
LINE
  5
F89
330
1F
100
AcDbEntity
  8
0
100
AcDbLine
 10
11193.11133085008
 20
11255.49219779213
 30
0.0
 11
11193.11133085008
 21
11251.49219779213
 31
0.0
  0
LINE
  5
F8A
330
1F
100
AcDbEntity
  8
0
100
AcDbLine
 10
11193.11133085008
 20
11251.49219779213
 30
0.0
 11
11197.11133085008
 21
11251.49219779213
 31
0.0
  0
LINE
  5
F8B
330
1F
100
AcDbEntity
  8
0
100
AcDbLine
 10
11192.91133085008
 20
11255.49219779213
 30
0.0
 11
11192.91133085008
 21
11251.29219779213
 31
0.0
  0
LINE
  5
F8C
330
1F
100
AcDbEntity
  8
0
100
AcDbLine
 10
11197.11133085008
 20
11251.29219779213
 30
0.0
 11
11192.91133085008
 21
11251.29219779213
 31
0.0
  0
LINE
  5
F8D
330
1F
100
AcDbEntity
  8
0
100
AcDbLine
 10
11192.91133085008
 20
11251.49219779213
 30
0.0
 11
11189.91133085008
 21
11251.49219779213
 31
0.0
  0
LINE
  5
F8E
330
1F
100
AcDbEntity
  8
0
100
AcDbLine
 10
11189.91133085008
 20
11251.49219779213
 30
0.0
 11
11189.91133085008
 21
11255.49219779213
 31
0.0
  0
LINE
  5
F8F
330
1F
100
AcDbEntity
  8
0
100
AcDbLine
 10
11189.71133085004
 20
11255.49219779213
 30
0.0
 11
11189.71133085008
 21
11251.29219779214
 31
0.0
  0
LINE
  5
F90
330
1F
100
AcDbEntity
  8
0
100
AcDbLine
 10
11192.91133085008
 20
11251.29219779211
 30
0.0
 11
11189.71133085008
 21
11251.29219779213
 31
0.0
  0
LINE
  5
F91
330
1F
100
AcDbEntity
  8
0
100
AcDbLine
 10
11189.71133085008
 20
11251.49219779213
 30
0.0
 11
11186.71133085008
 21
11251.49219779213
 31
0.0
  0
LINE
  5
F92
330
1F
100
AcDbEntity
  8
0
100
AcDbLine
 10
11186.71133085008
 20
11251.49219779213
 30
0.0
 11
11186.71133085008
 21
11255.49219779213
 31
0.0
  0
LINE
  5
F93
330
1F
100
AcDbEntity
  8
0
100
AcDbLine
 10
11186.51133085007
 20
11251.29219779213
 30
0.0
 11
11186.51133085007
 21
11255.49219779213
 31
0.0
  0
LINE
  5
F94
330
1F
100
AcDbEntity
  8
0
100
AcDbLine
 10
11189.71133085008
 20
11251.29219779211
 30
0.0
 11
11186.51133085007
 21
11251.29219779213
 31
0.0
  0
LINE
  5
F95
330
1F
100
AcDbEntity
  8
0
100
AcDbLine
 10
11186.51133085007
 20
11251.49219779213
 30
0.0
 11
11183.51133085007
 21
11251.49219779213
 31
0.0
  0
LINE
  5
F96
330
1F
100
AcDbEntity
  8
0
100
AcDbLine
 10
11183.51133085007
 20
11251.49219779213
 30
0.0
 11
11183.51133085007
 21
11255.49219779213
 31
0.0
  0
LINE
  5
F97
330
1F
100
AcDbEntity
  8
0
100
AcDbLine
 10
11183.31133085007
 20
11251.29219779213
 30
0.0
 11
11183.31133085007
 21
11255.49219779213
 31
0.0
  0
LINE
  5
F98
330
1F
100
AcDbEntity
  8
0
100
AcDbLine
 10
11186.51133085007
 20
11251.29219779213
 30
0.0
 11
11183.30194581421
 21
11251.29219779213
 31
0.0
  0
LINE
  5
F99
330
1F
100
AcDbEntity
  8
0
100
AcDbLine
 10
11183.30970341923
 20
11251.49219779213
 30
0.0
 11
11180.30970341923
 21
11251.49219779213
 31
0.0
  0
LINE
  5
F9A
330
1F
100
AcDbEntity
  8
0
100
AcDbLine
 10
11180.30970341923
 20
11251.49219779213
 30
0.0
 11
11180.30970341923
 21
11255.49219779213
 31
0.0
  0
LINE
  5
F9B
330
1F
100
AcDbEntity
  8
0
100
AcDbLine
 10
11180.10970341922
 20
11251.29219779213
 30
0.0
 11
11180.10970341922
 21
11255.49219779213
 31
0.0
  0
LINE
  5
F9C
330
1F
100
AcDbEntity
  8
0
100
AcDbLine
 10
11183.30970341923
 20
11251.29219779213
 30
0.0
 11
11180.10031838337
 21
11251.29219779213
 31
0.0
  0
LINE
  5
F9D
330
1F
100
AcDbEntity
  8
0
100
AcDbLine
 10
11197.11133085008
 20
11251.29219779213
 30
0.0
 11
11194.61133085008
 21
11251.29219779213
 31
0.0
  0
MTEXT
  5
F9E
330
1F
100
AcDbEntity
  8
0
100
AcDbMText
 10
11184.08696844958
 20
11254.621336884
 30
0.0
 40
0.35
 41
1.831773302867077
 46
0.0
 71
     1
 72
     5
  1
\pxqc;{\fArtifakt Element Medium|b0|i0|c0|p34;G.M\PCABIN\P3 x 4 m}
 73
     1
 44
1.0
101
Embedded Object
 70
     1
 10
1.0
 20
0.0
 30
0.0
 11
11184.08696844958
 21
11254.621336884
 31
0.0
 40
1.831773302867077
 41
0.0
 42
1.631
 43
1.540666666666666
 71
     2
 72
     1
 44
1.831773302867077
 45
12.5
 73
     0
 74
     0
 46
0.0
  0
MTEXT
  5
F9F
330
1F
100
AcDbEntity
  8
0
100
AcDbMText
 10
11187.27291387153
 20
11254.621336884
 30
0.0
 40
0.35
 41
1.831773302867077
 46
0.0
 71
     1
 72
     5
  1
\pxqc;{\fArtifakt Element Medium|b0|i0|c0|p34;OWNER'S \PCABIN\P3 x 4 m}
 73
     1
 44
1.0
101
Embedded Object
 70
     1
 10
1.0
 20
0.0
 30
0.0
 11
11187.27291387153
 21
11254.621336884
 31
0.0
 40
1.831773302867077
 41
0.0
 42
2.135499999999999
 43
1.540666666666666
 71
     2
 72
     1
 44
1.831773302867077
 45
12.5
 73
     0
 74
     0
 46
0.0
  0
LINE
  5
FA0
330
1F
100
AcDbEntity
  8
0
100
AcDbLine
 10
11194.11133085008
 20
11255.49219779213
 30
0.0
 11
11194.11133085008
 21
11251.49219779213
 31
0.0
  0
LINE
  5
FA1
330
1F
100
AcDbEntity
  8
0
100
AcDbLine
 10
11194.31133085008
 20
11255.49219779213
 30
0.0
 11
11194.31133085008
 21
11251.49219779213
 31
0.0
  0
LINE
  5
FA2
330
1F
100
AcDbEntity
  8
0
100
AcDbLine
 10
11194.11133085008
 20
11255.49219779213
 30
0.0
 11
11194.11133085008
 21
11253.49219779213
 31
0.0
  0
LINE
  5
FA3
330
1F
100
AcDbEntity
  8
0
100
AcDbLine
 10
11194.11133085008
 20
11253.39219779213
 30
0.0
 11
11197.11133085008
 21
11253.39219779214
 31
0.0
  0
LINE
  5
FA4
330
1F
100
AcDbEntity
  8
0
100
AcDbLine
 10
11194.11133085008
 20
11253.59219779213
 30
0.0
 11
11197.11133085008
 21
11253.59219779214
 31
0.0
  0
LINE
  5
FA5
330
1F
100
AcDbEntity
  8
0
100
AcDbLine
 10
11194.11133085008
 20
11253.59219779213
 30
0.0
 11
11197.11133085008
 21
11253.59219779214
 31
0.0
  0
LINE
  5
FA6
330
1F
100
AcDbEntity
  8
0
100
AcDbLine
 10
11194.11133085008
 20
11253.59219779213
 30
0.0
 11
11197.11133085008
 21
11253.59219779214
 31
0.0
  0
LINE
  5
FA7
330
1F
100
AcDbEntity
  8
0
 48
2.0
370
     0
100
AcDbLine
 10
11182.06050341923
 20
11254.49219779213
 30
0.0
 11
11182.06050341923
 21
11251.49219779213
 31
0.0
  0
LINE
  5
FA8
330
1F
100
AcDbEntity
  8
0
 48
2.0
370
     0
100
AcDbLine
 10
11181.56050341923
 20
11254.49219779213
 30
0.0
 11
11181.56050341923
 21
11251.49219779213
 31
0.0
  0
LINE
  5
FA9
330
1F
100
AcDbEntity
  8
window
  6
Continuous
 48
2.0
370
   100
100
AcDbLine
 10
11197.11133085008
 20
11254.34521961669
 30
0.0
 11
11197.41133085008
 21
11254.34521961669
 31
0.0
  0
LINE
  5
FAA
330
1F
100
AcDbEntity
  8
window
  6
Continuous
 48
2.0
370
   100
100
AcDbLine
 10
11197.11133085008
 20
11254.74521961669
 30
0.0
 11
11197.41133085008
 21
11254.74521961669
 31
0.0
  0
LINE
  5
FAB
330
1F
100
AcDbEntity
  8
window
  6
Continuous
 48
2.0
370
   100
100
AcDbLine
 10
11197.26133085008
 20
11254.74521961669
 30
0.0
 11
11197.27133085008
 21
11254.74521961669
 31
0.0
  0
LINE
  5
FAC
330
1F
100
AcDbEntity
  8
window
  6
Continuous
 48
2.0
370
   100
100
AcDbLine
 10
11197.27133085008
 20
11254.74521961669
 30
0.0
 11
11197.27133085008
 21
11254.34521961668
 31
0.0
  0
LINE
  5
FAD
330
1F
100
AcDbEntity
  8
window
  6
Continuous
 48
2.0
370
   100
100
AcDbLine
 10
11197.26133085008
 20
11254.74521961669
 30
0.0
 11
11197.25133085008
 21
11254.74521961669
 31
0.0
  0
LINE
  5
FAE
330
1F
100
AcDbEntity
  8
window
  6
Continuous
 48
2.0
370
   100
100
AcDbLine
 10
11197.25133085008
 20
11254.74521961669
 30
0.0
 11
11197.25133085008
 21
11254.34521961668
 31
0.0
  0
LINE
  5
FAF
330
1F
100
AcDbEntity
  8
window
  6
Continuous
 48
2.0
370
   100
100
AcDbLine
 10
11197.11133085008
 20
11252.45824368437
 30
0.0
 11
11197.41133085008
 21
11252.45824368437
 31
0.0
  0
LINE
  5
FB0
330
1F
100
AcDbEntity
  8
window
  6
Continuous
 48
2.0
370
   100
100
AcDbLine
 10
11197.11133085008
 20
11252.85824368437
 30
0.0
 11
11197.41133085008
 21
11252.85824368437
 31
0.0
  0
LINE
  5
FB1
330
1F
100
AcDbEntity
  8
window
  6
Continuous
 48
2.0
370
   100
100
AcDbLine
 10
11197.26133085008
 20
11252.85824368437
 30
0.0
 11
11197.27133085008
 21
11252.85824368437
 31
0.0
  0
LINE
  5
FB2
330
1F
100
AcDbEntity
  8
window
  6
Continuous
 48
2.0
370
   100
100
AcDbLine
 10
11197.27133085008
 20
11252.85824368437
 30
0.0
 11
11197.27133085008
 21
11252.45824368437
 31
0.0
  0
LINE
  5
FB3
330
1F
100
AcDbEntity
  8
window
  6
Continuous
 48
2.0
370
   100
100
AcDbLine
 10
11197.26133085008
 20
11252.85824368437
 30
0.0
 11
11197.25133085008
 21
11252.85824368437
 31
0.0
  0
LINE
  5
FB4
330
1F
100
AcDbEntity
  8
window
  6
Continuous
 48
2.0
370
   100
100
AcDbLine
 10
11197.25133085008
 20
11252.85824368437
 30
0.0
 11
11197.25133085008
 21
11252.45824368437
 31
0.0
  0
MTEXT
  5
FB5
330
1F
100
AcDbEntity
  8
0
  6
Continuous
 48
2.0
370
   100
100
AcDbMText
 10
11197.46383161622
 20
11254.63321478802
 30
0.0
 40
0.175
 41
0.1432453308079857
 46
0.0
 71
     1
 72
     5
  1
{\C0;V}
 73
     1
 44
1.0
101
Embedded Object
 70
     1
 10
1.0
 20
0.0
 30
0.0
 11
11197.46383161622
 21
11254.63321478802
 31
0.0
 40
0.1432453308079857
 41
0.0
 42
0.1600784447476125
 43
0.175
 71
     2
 72
     1
 44
0.1432453308079857
 45
12.5
 73
     0
 74
     0
 46
0.0
  0
MTEXT
  5
FB6
330
1F
100
AcDbEntity
  8
0
  6
Continuous
 48
2.0
370
   100
100
AcDbMText
 10
11197.46383161622
 20
11252.69824773922
 30
0.0
 40
0.175
 41
0.1432453308079857
 46
0.0
 71
     1
 72
     5
  1
{\C0;V}
 73
     1
 44
1.0
101
Embedded Object
 70
     1
 10
1.0
 20
0.0
 30
0.0
 11
11197.46383161622
 21
11252.69824773922
 31
0.0
 40
0.1432453308079857
 41
0.0
 42
0.1600784447476125
 43
0.175
 71
     2
 72
     1
 44
0.1432453308079857
 45
12.5
 73
     0
 74
     0
 46
0.0
  0
LINE
  5
FB8
330
1F
100
AcDbEntity
  8
0
  6
ByBlock
 48
2.0
370
   100
100
AcDbLine
 10
11180.30970341923
 20
11255.49219779213
 30
0.0
 11
11180.30970341923
 21
11254.49219779213
 31
0.0
  0
LINE
  5
FB9
330
1F
100
AcDbEntity
  8
0
  6
ByBlock
 48
2.0
370
   100
100
AcDbLine
 10
11180.30970341923
 20
11254.49219779213
 30
0.0
 11
11183.31133085007
 21
11254.49219779213
 31
0.0
  0
POINT
  5
FBA
330
1F
100
AcDbEntity
  8
0
  6
ByBlock
370
   100
100
AcDbPoint
 10
11181.56050341923
 20
11254.19219779214
 30
0.0
  0
POINT
  5
FBB
330
1F
100
AcDbEntity
  8
0
  6
ByBlock
370
   100
100
AcDbPoint
 10
11181.56050341923
 20
11253.89219779213
 30
0.0
  0
POINT
  5
FBC
330
1F
100
AcDbEntity
  8
0
  6
ByBlock
370
   100
100
AcDbPoint
 10
11181.56050341923
 20
11253.59219779213
 30
0.0
  0
POINT
  5
FBD
330
1F
100
AcDbEntity
  8
0
  6
ByBlock
370
   100
100
AcDbPoint
 10
11181.56050341923
 20
11253.29219779213
 30
0.0
  0
POINT
  5
FBE
330
1F
100
AcDbEntity
  8
0
  6
ByBlock
370
   100
100
AcDbPoint
 10
11181.56050341923
 20
11252.99219779213
 30
0.0
  0
POINT
  5
FBF
330
1F
100
AcDbEntity
  8
0
  6
ByBlock
370
   100
100
AcDbPoint
 10
11181.56050341923
 20
11252.69219779214
 30
0.0
  0
POINT
  5
FC0
330
1F
100
AcDbEntity
  8
0
  6
ByBlock
370
   100
100
AcDbPoint
 10
11181.56050341923
 20
11252.39219779213
 30
0.0
  0
POINT
  5
FC1
330
1F
100
AcDbEntity
  8
0
  6
ByBlock
370
   100
100
AcDbPoint
 10
11181.56050341923
 20
11252.09219779214
 30
0.0
  0
POINT
  5
FC2
330
1F
100
AcDbEntity
  8
0
  6
ByBlock
370
   100
100
AcDbPoint
 10
11181.56050341923
 20
11251.79219779213
 30
0.0
  0
LINE
  5
FC3
330
1F
100
AcDbEntity
  8
0
  6
DASHED2
 48
0.01
370
   100
100
AcDbLine
 10
11181.56050341923
 20
11254.19219779214
 30
0.0
 11
11180.30970341923
 21
11254.19219779214
 31
0.0
  0
LINE
  5
FC8
330
1F
100
AcDbEntity
  8
0
  6
DASHED2
 48
0.01
370
   100
100
AcDbLine
 10
11181.56050341923
 20
11253.89219779213
 30
0.0
 11
11180.30970341923
 21
11253.89219779213
 31
0.0
  0
LINE
  5
FC9
330
1F
100
AcDbEntity
  8
0
  6
DASHED2
 48
0.01
370
   100
100
AcDbLine
 10
11181.56050341923
 20
11253.59219779213
 30
0.0
 11
11180.30970341923
 21
11253.59219779213
 31
0.0
  0
LINE
  5
FCA
330
1F
100
AcDbEntity
  8
0
  6
DASHED2
 48
0.01
370
   100
100
AcDbLine
 10
11181.56050341923
 20
11253.29219779213
 30
0.0
 11
11180.30970341923
 21
11253.29219779213
 31
0.0
  0
LINE
  5
FCB
330
1F
100
AcDbEntity
  8
0
  6
DASHED2
 48
0.01
370
   100
100
AcDbLine
 10
11181.56050341923
 20
11252.99219779213
 30
0.0
 11
11180.30970341923
 21
11252.99219779213
 31
0.0
  0
LINE
  5
FCC
330
1F
100
AcDbEntity
  8
0
  6
DASHED2
 48
0.01
370
   100
100
AcDbLine
 10
11181.56050341923
 20
11252.69219779214
 30
0.0
 11
11180.30970341923
 21
11252.69219779214
 31
0.0
  0
LINE
  5
FCD
330
1F
100
AcDbEntity
  8
0
  6
DASHED2
 48
0.01
370
   100
100
AcDbLine
 10
11181.56050341923
 20
11252.39219779213
 30
0.0
 11
11180.30970341923
 21
11252.39219779213
 31
0.0
  0
LINE
  5
FCE
330
1F
100
AcDbEntity
  8
0
  6
DASHED2
 48
0.01
370
   100
100
AcDbLine
 10
11181.56050341923
 20
11252.09219779214
 30
0.0
 11
11180.30970341923
 21
11252.09219779214
 31
0.0
  0
LINE
  5
FCF
330
1F
100
AcDbEntity
  8
0
  6
DASHED2
 48
0.01
370
   100
100
AcDbLine
 10
11181.56050341923
 20
11251.79219779213
 30
0.0
 11
11180.30970341923
 21
11251.79219779213
 31
0.0
  0
POINT
  5
FD0
330
1F
100
AcDbEntity
  8
0
  6
ByBlock
370
   100
100
AcDbPoint
 10
11182.06050341923
 20
11254.19219779214
 30
0.0
  0
POINT
  5
FD1
330
1F
100
AcDbEntity
  8
0
  6
ByBlock
370
   100
100
AcDbPoint
 10
11182.06050341923
 20
11253.89219779213
 30
0.0
  0
POINT
  5
FD2
330
1F
100
AcDbEntity
  8
0
  6
ByBlock
370
   100
100
AcDbPoint
 10
11182.06050341923
 20
11253.59219779213
 30
0.0
  0
POINT
  5
FD3
330
1F
100
AcDbEntity
  8
0
  6
ByBlock
370
   100
100
AcDbPoint
 10
11182.06050341923
 20
11253.29219779213
 30
0.0
  0
POINT
  5
FD4
330
1F
100
AcDbEntity
  8
0
  6
ByBlock
370
   100
100
AcDbPoint
 10
11182.06050341923
 20
11252.99219779213
 30
0.0
  0
POINT
  5
FD5
330
1F
100
AcDbEntity
  8
0
  6
ByBlock
370
   100
100
AcDbPoint
 10
11182.06050341923
 20
11252.69219779214
 30
0.0
  0
POINT
  5
FD6
330
1F
100
AcDbEntity
  8
0
  6
ByBlock
370
   100
100
AcDbPoint
 10
11182.06050341923
 20
11252.39219779213
 30
0.0
  0
POINT
  5
FD7
330
1F
100
AcDbEntity
  8
0
  6
ByBlock
370
   100
100
AcDbPoint
 10
11182.06050341923
 20
11252.09219779214
 30
0.0
  0
POINT
  5
FD8
330
1F
100
AcDbEntity
  8
0
  6
ByBlock
370
   100
100
AcDbPoint
 10
11182.06050341923
 20
11251.79219779213
 30
0.0
  0
LINE
  5
FD9
330
1F
100
AcDbEntity
  8
0
  6
ByBlock
 48
2.0
370
   100
100
AcDbLine
 10
11182.06050341923
 20
11254.19219779214
 30
0.0
 11
11183.31133085007
 21
11254.19219779214
 31
0.0
  0
LINE
  5
FDA
330
1F
100
AcDbEntity
  8
0
  6
ByBlock
 48
2.0
370
   100
100
AcDbLine
 10
11182.06050341923
 20
11253.89219779213
 30
0.0
 11
11183.31133085007
 21
11253.89219779213
 31
0.0
  0
LINE
  5
FDB
330
1F
100
AcDbEntity
  8
0
  6
ByBlock
 48
2.0
370
   100
100
AcDbLine
 10
11182.06050341923
 20
11253.59219779213
 30
0.0
 11
11183.31133085007
 21
11253.59219779213
 31
0.0
  0
LINE
  5
FDC
330
1F
100
AcDbEntity
  8
0
  6
ByBlock
 48
2.0
370
   100
100
AcDbLine
 10
11182.06050341923
 20
11253.29219779213
 30
0.0
 11
11183.31133085007
 21
11253.29219779213
 31
0.0
  0
LINE
  5
FDD
330
1F
100
AcDbEntity
  8
0
  6
ByBlock
 48
2.0
370
   100
100
AcDbLine
 10
11182.06050341923
 20
11252.99219779213
 30
0.0
 11
11183.31133085007
 21
11252.99219779213
 31
0.0
  0
LINE
  5
FDE
330
1F
100
AcDbEntity
  8
0
  6
ByBlock
 48
2.0
370
   100
100
AcDbLine
 10
11182.06050341923
 20
11252.69219779214
 30
0.0
 11
11183.31133085007
 21
11252.69219779214
 31
0.0
  0
LINE
  5
FDF
330
1F
100
AcDbEntity
  8
0
  6
ByBlock
 48
2.0
370
   100
100
AcDbLine
 10
11182.06050341923
 20
11252.39219779213
 30
0.0
 11
11183.31133085007
 21
11252.39219779213
 31
0.0
  0
LINE
  5
FE0
330
1F
100
AcDbEntity
  8
0
  6
ByBlock
 48
2.0
370
   100
100
AcDbLine
 10
11182.06050341923
 20
11252.09219779214
 30
0.0
 11
11183.31133085007
 21
11252.09219779214
 31
0.0
  0
LINE
  5
FE1
330
1F
100
AcDbEntity
  8
0
  6
ByBlock
 48
2.0
370
   100
100
AcDbLine
 10
11182.06050341923
 20
11251.79219779213
 30
0.0
 11
11183.31133085007
 21
11251.79219779213
 31
0.0
  0
LINE
  5
FE2
330
1F
100
AcDbEntity
  8
0
100
AcDbLine
 10
11197.11133085008
 20
11255.69219779213
 30
0.0
 11
11162.61133085008
 21
11255.69219779213
 31
0.0
  0
LINE
  5
FE3
330
1F
100
AcDbEntity
  8
0
100
AcDbLine
 10
11197.41133085008
 20
11234.79219779213
 30
0.0
 11
11197.41133085008
 21
11255.69219779213
 31
0.0
  0
LINE
  5
FE4
330
1F
100
AcDbEntity
  8
0
  6
ByBlock
 48
2.0
370
   100
100
AcDbLine
 10
10903.15388471318
 20
11255.49219779213
 30
0.0
 11
10903.15388471318
 21
11254.49219779213
 31
0.0
  0
LINE
  5
FE5
330
1F
100
AcDbEntity
  8
0
  6
ByBlock
 48
2.0
370
   100
100
AcDbLine
 10
10903.15388471318
 20
11254.49219779213
 30
0.0
 11
10904.15388471318
 21
11254.49219779213
 31
0.0
  0
LINE
  5
FE6
330
1F
100
AcDbEntity
  8
0
  6
ByBlock
 48
2.0
370
   100
100
AcDbLine
 10
10904.15388471318
 20
11254.49219779213
 30
0.0
 11
10904.15388471318
 21
11255.49219779213
 31
0.0
  0
MTEXT
  5
FE7
330
1F
100
AcDbEntity
  8
0
  6
ByBlock
 48
2.0
370
   100
100
AcDbMText
 10
10903.61330332374
 20
11255.22954361557
 30
0.0
 40
0.2
 41
0.3445623601583065
 46
0.0
 71
     1
 72
     5
  1
P
 73
     1
 44
1.0
101
Embedded Object
 70
     1
 10
1.0
 20
0.0
 30
0.0
 11
10903.61330332374
 21
11255.22954361557
 31
0.0
 40
0.3445623601583065
 41
0.0
 42
0.1526603001364256
 43
0.2
 71
     2
 72
     1
 44
0.3445623601583065
 45
12.5
 73
     0
 74
     0
 46
0.0
  0
LINE
  5
FE8
330
1F
100
AcDbEntity
  8
0
  6
ByBlock
 48
2.0
370
   100
100
AcDbLine
 10
10911.85455686997
 20
11249.09169349986
 30
0.0
 11
10911.85455686995
 21
11249.29219779213
 31
0.0
  0
LINE
  5
FE9
330
1F
100
AcDbEntity
  8
0
  6
ByBlock
 48
2.0
370
   100
100
AcDbLine
 10
10912.05455686995
 20
11249.09169349986
 30
0.0
 11
10914.55455686995
 21
11249.09169349986
 31
0.0
  0
LINE
  5
FEA
330
1F
100
AcDbEntity
  8
0
  6
ByBlock
 48
2.0
370
   100
100
AcDbLine
 10
10912.05455686995
 20
11249.09169349986
 30
0.0
 11
10912.05455686995
 21
11248.79169349986
 31
0.0
  0
LINE
  5
FEB
330
1F
100
AcDbEntity
  8
0
  6
ByBlock
 48
2.0
370
   100
100
AcDbLine
 10
10912.05455686995
 20
11248.79169349986
 30
0.0
 11
10911.85455686997
 21
11248.79169349986
 31
0.0
  0
LINE
  5
FEC
330
1F
100
AcDbEntity
  8
0
  6
ByBlock
 48
2.0
370
   100
100
AcDbLine
 10
10912.05455686995
 20
11247.09169349986
 30
0.0
 11
10912.05455686995
 21
11247.39169349986
 31
0.0
  0
LINE
  5
FED
330
1F
100
AcDbEntity
  8
0
  6
ByBlock
 48
2.0
370
   100
100
AcDbLine
 10
10912.05455686995
 20
11247.39169349986
 30
0.0
 11
10911.85455686996
 21
11247.39169349986
 31
0.0
  0
LINE
  5
FEE
330
1F
100
AcDbEntity
  8
0
100
AcDbLine
 10
10912.05455686995
 20
11247.39169349986
 30
0.0
 11
10912.05455686995
 21
11247.09169349986
 31
0.0
  0
LINE
  5
FEF
330
1F
100
AcDbEntity
  8
0
100
AcDbLine
 10
10911.85455686996
 20
11247.39169349986
 30
0.0
 11
10911.85455686995
 21
11246.89169349986
 31
0.0
  0
LINE
  5
FF0
330
1F
100
AcDbEntity
  8
0
  6
ByBlock
 48
2.0
370
   100
100
AcDbLine
 10
10911.85455686997
 20
11248.79169349986
 30
0.0
 11
10912.05455686995
 21
11247.39169349986
 31
0.0
  0
LINE
  5
FF1
330
1F
100
AcDbEntity
  8
0
  6
ByBlock
 48
2.0
370
   100
100
AcDbLine
 10
10912.05455686995
 20
11248.79169349986
 30
0.0
 11
10911.85455686996
 21
11247.39169349986
 31
0.0
  0
LINE
  5
FF2
330
1F
100
AcDbEntity
  8
0
100
AcDbLine
 10
11197.11133085008
 20
11249.29219779213
 30
0.0
 11
11194.41133085008
 21
11249.29219779213
 31
0.0
  0
LINE
  5
FF3
330
1F
100
AcDbEntity
  8
0
100
AcDbLine
 10
11194.61133085008
 20
11249.09169349986
 30
0.0
 11
11194.61133085008
 21
11248.79169349986
 31
0.0
  0
LINE
  5
FF4
330
1F
100
AcDbEntity
  8
0
100
AcDbLine
 10
11194.61133085008
 20
11247.39169349986
 30
0.0
 11
11194.61133085008
 21
11247.09169349986
 31
0.0
  0
LINE
  5
FF5
330
1F
100
AcDbEntity
  8
0
100
AcDbLine
 10
11194.61133085008
 20
11247.09169349986
 30
0.0
 11
11197.11133085008
 21
11247.09169349986
 31
0.0
  0
LINE
  5
FF6
330
1F
100
AcDbEntity
  8
0
100
AcDbLine
 10
11194.4113308501
 20
11249.09169349986
 30
0.0
 11
11194.41133085009
 21
11248.79169349986
 31
0.0
  0
LINE
  5
FF7
330
1F
100
AcDbEntity
  8
0
100
AcDbLine
 10
11194.41133085008
 20
11247.39169349986
 30
0.0
 11
11194.41133085008
 21
11246.89169349986
 31
0.0
  0
LINE
  5
FF8
330
1F
100
AcDbEntity
  8
0
100
AcDbLine
 10
11197.11133085008
 20
11246.89169349986
 30
0.0
 11
11194.41133085008
 21
11246.89169349986
 31
0.0
  0
MTEXT
  5
FF9
330
1F
100
AcDbEntity
  8
0
100
AcDbMText
 10
11195.05866905613
 20
11248.69515195602
 30
0.0
 40
0.25
 41
1.617332172763781
 46
0.0
 71
     1
 72
     5
  1
\pxqc;{\fArtifakt Element Medium|b0|i0|c0|p34;LIFT\P2 x 2.5 m}
 73
     1
 44
1.0
101
Embedded Object
 70
     1
 10
1.0
 20
0.0
 30
0.0
 11
11195.05866905613
 21
11248.69515195602
 31
0.0
 40
1.617332172763781
 41
0.0
 42
1.419642857142857
 43
0.6752380952380952
 71
     2
 72
     1
 44
1.617332172763781
 45
12.5
 73
     0
 74
     0
 46
0.0
  0
LINE
  5
FFA
330
1F
100
AcDbEntity
  8
0
  6
ByBlock
 48
2.0
370
   100
100
AcDbLine
 10
11194.4113308501
 20
11249.09169349986
 30
0.0
 11
11194.41133085008
 21
11249.29219779213
 31
0.0
  0
LINE
  5
FFB
330
1F
100
AcDbEntity
  8
0
  6
ByBlock
 48
2.0
370
   100
100
AcDbLine
 10
11194.61133085008
 20
11249.09169349986
 30
0.0
 11
11197.11133085008
 21
11249.09169349986
 31
0.0
  0
LINE
  5
FFC
330
1F
100
AcDbEntity
  8
0
  6
ByBlock
 48
2.0
370
   100
100
AcDbLine
 10
11194.61133085008
 20
11249.09169349986
 30
0.0
 11
11194.61133085008
 21
11248.79169349986
 31
0.0
  0
LINE
  5
FFD
330
1F
100
AcDbEntity
  8
0
  6
ByBlock
 48
2.0
370
   100
100
AcDbLine
 10
11194.61133085008
 20
11248.79169349986
 30
0.0
 11
11194.41133085009
 21
11248.79169349986
 31
0.0
  0
LINE
  5
FFE
330
1F
100
AcDbEntity
  8
0
  6
ByBlock
 48
2.0
370
   100
100
AcDbLine
 10
11194.61133085008
 20
11247.09169349986
 30
0.0
 11
11194.61133085008
 21
11247.39169349986
 31
0.0
  0
LINE
  5
FFF
330
1F
100
AcDbEntity
  8
0
  6
ByBlock
 48
2.0
370
   100
100
AcDbLine
 10
11194.61133085008
 20
11247.39169349986
 30
0.0
 11
11194.41133085008
 21
11247.39169349986
 31
0.0
  0
LINE
  5
1000
330
1F
100
AcDbEntity
  8
0
  6
ByBlock
 48
2.0
370
   100
100
AcDbLine
 10
11194.41133085009
 20
11248.79169349986
 30
0.0
 11
11194.61133085008
 21
11247.39169349986
 31
0.0
  0
LINE
  5
1001
330
1F
100
AcDbEntity
  8
0
  6
ByBlock
 48
2.0
370
   100
100
AcDbLine
 10
11194.61133085008
 20
11248.79169349986
 30
0.0
 11
11194.41133085008
 21
11247.39169349986
 31
0.0
  0
LINE
  5
1002
330
1F
100
AcDbEntity
  8
0
  6
ByBlock
 48
2.0
370
   100
100
AcDbLine
 10
11194.41133085008
 20
11246.89169349986
 30
0.0
 11
11188.0468017302
 21
11246.89169349986
 31
0.0
  0
LINE
  5
1004
330
1F
100
AcDbEntity
  8
0
  6
ByBlock
 48
2.0
370
   100
100
AcDbLine
 10
11193.2468017302
 20
11246.89169349986
 30
0.0
 11
11193.2468017302
 21
11249.50899034504
 31
0.0
  0
LINE
  5
1005
330
1F
100
AcDbEntity
  8
0
  6
ByBlock
 48
2.0
370
   100
100
AcDbLine
 10
11193.2468017302
 20
11249.50899034504
 30
0.0
 11
11189.2468017302
 21
11249.50899034504
 31
0.0
  0
LINE
  5
1006
330
1F
100
AcDbEntity
  8
0
  6
ByBlock
 48
2.0
370
   100
100
AcDbLine
 10
11189.2468017302
 20
11249.50899034504
 30
0.0
 11
11189.2468017302
 21
11246.89169349986
 31
0.0
  0
LINE
  5
1007
330
1F
100
AcDbEntity
  8
0
  6
ByBlock
 48
2.0
370
   100
100
AcDbLine
 10
11189.2468017302
 20
11246.89169349986
 30
0.0
 11
11189.24680173019
 21
11247.89169349986
 31
0.0
  0
LINE
  5
100A
330
1F
100
AcDbEntity
  8
0
  6
ByBlock
 48
2.0
370
   100
100
AcDbLine
 10
11193.4468017302
 20
11246.89169349986
 30
0.0
 11
11193.4468017302
 21
11249.50899034504
 31
0.0
  0
LINE
  5
100B
330
1F
100
AcDbEntity
  8
0
  6
ByBlock
 48
2.0
370
   100
100
AcDbLine
 10
11193.2468017302
 20
11249.70899034504
 30
0.0
 11
11189.2468017302
 21
11249.70899034504
 31
0.0
  0
LINE
  5
100C
330
1F
100
AcDbEntity
  8
0
  6
ByBlock
 48
2.0
370
   100
100
AcDbLine
 10
11189.0468017302
 20
11249.50899034504
 30
0.0
 11
11189.0468017302
 21
11246.89169349986
 31
0.0
  0
LINE
  5
100D
330
1F
100
AcDbEntity
  8
0
  6
ByBlock
 48
2.0
370
   100
100
AcDbLine
 10
11189.0468017302
 20
11249.50899034504
 30
0.0
 11
11189.0468017302
 21
11249.70899034504
 31
0.0
  0
LINE
  5
100E
330
1F
100
AcDbEntity
  8
0
  6
ByBlock
 48
2.0
370
   100
100
AcDbLine
 10
11189.2468017302
 20
11249.70899034504
 30
0.0
 11
11189.0468017302
 21
11249.70899034504
 31
0.0
  0
LINE
  5
100F
330
1F
100
AcDbEntity
  8
0
  6
ByBlock
 48
2.0
370
   100
100
AcDbLine
 10
11193.2468017302
 20
11249.70899034504
 30
0.0
 11
11193.4468017302
 21
11249.70899034504
 31
0.0
  0
LINE
  5
1010
330
1F
100
AcDbEntity
  8
0
  6
ByBlock
 48
2.0
370
   100
100
AcDbLine
 10
11193.4468017302
 20
11249.50899034504
 30
0.0
 11
11193.4468017302
 21
11249.70899034504
 31
0.0
  0
LINE
  5
1012
330
1F
100
AcDbEntity
  8
0
  6
ByBlock
 48
2.0
370
   100
100
AcDbLine
 10
11194.41133085008
 20
11247.09169349986
 30
0.0
 11
11189.0468017302
 21
11247.09169349986
 31
0.0
  0
LINE
  5
1013
330
1F
100
AcDbEntity
  8
0
  6
ByBlock
 48
2.0
370
   100
100
AcDbLine
 10
11189.0468017302
 20
11246.89169349986
 30
0.0
 11
11189.0468017302
 21
11247.89169349986
 31
0.0
  0
LINE
  5
1014
330
1F
100
AcDbEntity
  8
0
  6
ByBlock
 48
2.0
370
   100
100
AcDbLine
 10
11189.0468017302
 20
11247.89169349986
 30
0.0
 11
11188.0468017302
 21
11247.89169349986
 31
0.0
  0
LINE
  5
1015
330
1F
100
AcDbEntity
  8
0
  6
ByBlock
 48
2.0
370
   100
100
AcDbLine
 10
11188.0468017302
 20
11247.89169349986
 30
0.0
 11
11188.0468017302
 21
11246.89169349986
 31
0.0
  0
ARC
  5
1017
330
1F
100
AcDbEntity
  8
0
  6
ByBlock
 48
2.0
370
   100
100
AcDbCircle
 10
11187.85516672248
 20
11255.92081624748
 30
0.0
 40
9.031156158976587
100
AcDbArc
 50
210.8316125085038
 51
271.2158688310699
  0
LINE
  5
1019
330
1F
100
AcDbEntity
  8
0
100
AcDbLine
 10
11162.31133085008
 20
11255.49219779213
 30
0.0
 11
11162.31133085008
 21
11234.79219779213
 31
0.0
  0
LINE
  5
101A
330
1F
100
AcDbEntity
  8
0
  6
ByBlock
 48
2.0
370
   100
100
AcDbLine
 10
11162.31133085008
 20
11255.49219779213
 30
0.0
 11
11162.31133085008
 21
11255.69219779213
 31
0.0
  0
LINE
  5
101B
330
1F
100
AcDbEntity
  8
0
  6
ByBlock
 48
2.0
370
   100
100
AcDbLine
 10
11162.61133085008
 20
11255.69219779213
 30
0.0
 11
11162.31133085008
 21
11255.69219779213
 31
0.0
  0
LINE
  5
101C
330
1F
100
AcDbEntity
  8
0
  6
ByBlock
 48
2.0
370
   100
100
AcDbLine
 10
11197.11133085008
 20
11255.69219779213
 30
0.0
 11
11197.41133085008
 21
11255.69219779213
 31
0.0
  0
MTEXT
  5
101D
330
1F
100
AcDbEntity
  8
0
100
AcDbMText
 10
11190.56336084658
 20
11254.621336884
 30
0.0
 40
0.35
 41
1.831773302867077
 46
0.0
 71
     1
 72
     5
  1
\pxqc;{\fArtifakt Element Medium|b0|i0|c0|p34;ACC. & FINANCE \P3 x 4 m}
 73
     1
 44
1.0
101
Embedded Object
 70
     1
 10
1.0
 20
0.0
 30
0.0
 11
11190.56336084658
 21
11254.621336884
 31
0.0
 40
1.831773302867077
 41
0.0
 42
2.036
 43
1.540666666666666
 71
     2
 72
     1
 44
1.831773302867077
 45
12.5
 73
     0
 74
     0
 46
0.0
  0
MTEXT
  5
101E
330
1F
100
AcDbEntity
  8
0
100
AcDbMText
 10
11190.44948658745
 20
11249.09013719106
 30
0.0
 40
0.35
 41
1.831773302867077
 46
0.0
 71
     1
 72
     5
  1
\pxqc;{\fArtifakt Element Medium|b0|i0|c0|p34;CONFERENCE ROOM}
 73
     1
 44
1.0
101
Embedded Object
 70
     1
 10
1.0
 20
0.0
 30
0.0
 11
11190.44948658745
 21
11249.09013719106
 31
0.0
 40
1.831773302867077
 41
0.0
 42
3.076
 43
0.9513333333333331
 71
     2
 72
     1
 44
1.831773302867077
 45
12.5
 73
     0
 74
     0
 46
0.0
  0
LINE
  5
101F
330
1F
100
AcDbEntity
  8
0
  6
ByBlock
 48
2.0
370
   100
100
AcDbLine
 10
11162.31133085008
 20
11234.49219779213
 30
0.0
 11
11197.41133085008
 21
11234.49219779213
 31
0.0
  0
LINE
  5
1020
330
1F
100
AcDbEntity
  8
0
  6
ByBlock
 48
2.0
370
   100
100
AcDbLine
 10
11162.31133085008
 20
11234.79219779213
 30
0.0
 11
11162.31133085008
 21
11234.49219779213
 31
0.0
  0
LINE
  5
1021
330
1F
100
AcDbEntity
  8
0
  6
ByBlock
 48
2.0
370
   100
100
AcDbLine
 10
11197.41133085008
 20
11234.79219779213
 30
0.0
 11
11197.41133085008
 21
11234.49219779213
 31
0.0
  0
HATCH
  5
1023
330
1F
100
AcDbEntity
  8
column
  6
ACAD_ISO02W100
440
 33554687
370
   100
100
AcDbHatch
 10
0.0
 20
0.0
 30
0.0
210
0.0
220
0.0
230
1.0
  2
SOLID
 70
     1
 71
     0
 91
        1
 92
        1
 93
        4
 72
     1
 10
11197.41795664808
 20
11255.6945540767
 11
11196.66795664808
 21
11255.6945540767
 72
     1
 10
11196.66795664808
 20
11255.6945540767
 11
11196.66795664808
 21
11254.9445540767
 72
     1
 10
11196.66795664808
 20
11254.9445540767
 11
11197.41795664808
 21
11254.9445540767
 72
     1
 10
11197.41795664808
 20
11254.9445540767
 11
11197.41795664808
 21
11255.6945540767
 97
        0
 75
     1
 76
     1
 98
        1
 10
366.0354068603155
 20
-20.22699721522076
450
        0
451
        0
460
0.0
461
0.0
452
        0
462
0.0
453
        2
463
0.0
 63
     5
421
      255
463
1.0
 63
     2
421
 16776960
470
LINEAR
1001
GradientColor1ACI
1070
     5
1001
GradientColor2ACI
1070
     2
1001
ACAD
1010
0.0
1020
0.0
1030
0.0
  0
HATCH
  5
1024
330
1F
100
AcDbEntity
  8
column
  6
ACAD_ISO02W100
440
 33554687
370
   100
100
AcDbHatch
 10
0.0
 20
0.0
 30
0.0
210
0.0
220
0.0
230
1.0
  2
SOLID
 70
     1
 71
     0
 91
        1
 92
        1
 93
        4
 72
     1
 10
11197.41231976675
 20
11235.24302122096
 11
11196.66231976675
 21
11235.24302122096
 72
     1
 10
11196.66231976675
 20
11235.24302122096
 11
11196.66231976675
 21
11234.49302122096
 72
     1
 10
11196.66231976675
 20
11234.49302122096
 11
11197.41231976675
 21
11234.49302122096
 72
     1
 10
11197.41231976675
 20
11234.49302122096
 11
11197.41231976675
 21
11235.24302122096
 97
        0
 75
     1
 76
     1
 98
        1
 10
366.0297699789844
 20
-40.67853007096528
450
        0
451
        0
460
0.0
461
0.0
452
        0
462
0.0
453
        2
463
0.0
 63
     5
421
      255
463
1.0
 63
     2
421
 16776960
470
LINEAR
1001
GradientColor1ACI
1070
     5
1001
GradientColor2ACI
1070
     2
1001
ACAD
1010
0.0
1020
0.0
1030
0.0
  0
HATCH
  5
1025
330
1F
100
AcDbEntity
  8
column
  6
ACAD_ISO02W100
440
 33554687
370
   100
100
AcDbHatch
 10
0.0
 20
0.0
 30
0.0
210
0.0
220
0.0
230
1.0
  2
SOLID
 70
     1
 71
     0
 91
        1
 92
        1
 93
        4
 72
     1
 10
11163.06138542352
 20
11235.24720003528
 11
11162.31138542352
 21
11235.24720003528
 72
     1
 10
11162.31138542352
 20
11235.24720003528
 11
11162.31138542352
 21
11234.49720003528
 72
     1
 10
11162.31138542352
 20
11234.49720003528
 11
11163.06138542352
 21
11234.49720003528
 72
     1
 10
11163.06138542352
 20
11234.49720003528
 11
11163.06138542352
 21
11235.24720003528
 97
        0
 75
     1
 76
     1
 98
        1
 10
331.6788356357483
 20
-40.67435125664633
450
        0
451
        0
460
0.0
461
0.0
452
        0
462
0.0
453
        2
463
0.0
 63
     5
421
      255
463
1.0
 63
     2
421
 16776960
470
LINEAR
1001
GradientColor1ACI
1070
     5
1001
GradientColor2ACI
1070
     2
1001
ACAD
1010
0.0
1020
0.0
1030
0.0
  0
HATCH
  5
1027
330
1F
100
AcDbEntity
  8
column
  6
ACAD_ISO02W100
440
 33554687
370
   100
100
AcDbHatch
 10
0.0
 20
0.0
 30
0.0
210
0.0
220
0.0
230
1.0
  2
SOLID
 70
     1
 71
     0
 91
        1
 92
        1
 93
        4
 72
     1
 10
11163.0732471602
 20
11255.68836884994
 11
11162.32324716019
 21
11255.68836884994
 72
     1
 10
11162.32324716019
 20
11255.68836884994
 11
11162.32324716019
 21
11254.93836884994
 72
     1
 10
11162.32324716019
 20
11254.93836884994
 11
11163.0732471602
 21
11254.93836884994
 72
     1
 10
11163.0732471602
 20
11254.93836884994
 11
11163.0732471602
 21
11255.68836884994
 97
        0
 75
     1
 76
     1
 98
        1
 10
331.6906973724272
 20
-20.23318244198163
450
        0
451
        0
460
0.0
461
0.0
452
        0
462
0.0
453
        2
463
0.0
 63
     5
421
      255
463
1.0
 63
     2
421
 16776960
470
LINEAR
1001
GradientColor1ACI
1070
     5
1001
GradientColor2ACI
1070
     2
1001
ACAD
1010
0.0
1020
0.0
1030
0.0
  0
LINE
  5
1028
102
{ACAD_REACTORS
330
1610
102
}
330
1F
100
AcDbEntity
  8
0
  6
ByBlock
 48
2.0
370
   100
100
AcDbLine
 10
11158.63538257376
 20
11272.52381701529
 30
0.0
 11
11193.73538257376
 21
11272.52381701529
 31
0.0
  0
LINE
  5
1029
330
1F
100
AcDbEntity
  8
0
  6
ByBlock
 48
2.0
370
   100
100
AcDbLine
 10
11092.60048153267
 20
11275.59219779213
 30
0.0
 11
11092.60048153267
 21
11275.59219779235
 31
0.0
  0
LINE
  5
102A
330
1F
100
AcDbEntity
  8
0
  6
ByBlock
 48
2.0
370
   100
100
AcDbLine
 10
11193.73538257376
 20
11272.52381701529
 30
0.0
 11
11193.73538257376
 21
11275.64881701529
 31
0.0
  0
LINE
  5
102B
330
1F
100
AcDbEntity
  8
0
  6
ByBlock
 48
2.0
370
   100
100
AcDbLine
 10
11158.63538257376
 20
11272.52381701529
 30
0.0
 11
11158.63538257376
 21
11275.64881701529
 31
0.0
  0
LINE
  5
102D
330
1F
100
AcDbEntity
  8
0
  6
ByBlock
 48
2.0
370
   100
100
AcDbLine
 10
11159.38538257376
 20
11272.52381701529
 30
0.0
 11
11159.38538257376
 21
11275.51832942789
 31
0.0
  0
LINE
  5
102E
330
1F
100
AcDbEntity
  8
0
  6
ByBlock
 48
2.0
370
   100
100
AcDbLine
 10
11192.98538257376
 20
11272.52381701529
 30
0.0
 11
11192.98538257376
 21
11275.64881701529
 31
0.0
  0
LINE
  5
102F
330
1F
100
AcDbEntity
  8
0
  6
ByBlock
 48
2.0
370
   100
100
AcDbLine
 10
11159.38538257376
 20
11272.52381701529
 30
0.0
 11
11163.38538257376
 21
11272.52381701529
 31
0.0
  0
LINE
  5
1030
330
1F
100
AcDbEntity
  8
0
  6
ByBlock
 48
2.0
370
   100
100
AcDbLine
 10
11159.38538257376
 20
11272.52381701529
 30
0.0
 11
11163.38538257376
 21
11272.52381701529
 31
0.0
  0
LINE
  5
1031
330
1F
100
AcDbEntity
  8
0
  6
ByBlock
 48
2.0
370
   100
100
AcDbLine
 10
11163.38538257376
 20
11272.52381701529
 30
0.0
 11
11163.38538257376
 21
11275.52381701529
 31
0.0
  0
LINE
  5
1032
102
{ACAD_REACTORS
330
1097
102
}
330
1F
100
AcDbEntity
  8
0
  6
ByBlock
 48
2.0
370
   100
100
AcDbLine
 10
11159.38538257376
 20
11275.51832942789
 30
0.0
 11
11193.73538257376
 21
11275.51832942789
 31
0.0
  0
LINE
  5
1034
330
1F
100
AcDbEntity
  8
0
  6
ByBlock
 48
2.0
370
   100
100
AcDbLine
 10
11164.13538257376
 20
11272.52381701529
 30
0.0
 11
11164.13538257376
 21
11275.52381701529
 31
0.0
  0
LINE
  5
1035
330
1F
100
AcDbEntity
  8
0
  6
ByBlock
 48
2.0
370
   100
100
AcDbLine
 10
11164.13538257376
 20
11275.51832942789
 30
0.0
 11
11169.13538257376
 21
11275.51832942789
 31
0.0
  0
LINE
  5
1036
330
1F
100
AcDbEntity
  8
0
  6
ByBlock
 48
2.0
370
   100
100
AcDbLine
 10
11169.13538257376
 20
11275.51832942789
 30
0.0
 11
11169.13538257376
 21
11272.52381701529
 31
0.0
  0
LINE
  5
1037
330
1F
100
AcDbEntity
  8
0
  6
ByBlock
 48
2.0
370
   100
100
AcDbLine
 10
11169.13538257376
 20
11272.52381701529
 30
0.0
 11
11169.88538257376
 21
11272.52381701529
 31
0.0
  0
LINE
  5
1038
330
1F
100
AcDbEntity
  8
0
  6
ByBlock
 48
2.0
370
   100
100
AcDbLine
 10
11169.88538257376
 20
11272.52381701529
 30
0.0
 11
11169.88538257376
 21
11275.51832942789
 31
0.0
  0
LINE
  5
1039
330
1F
100
AcDbEntity
  8
0
  6
ByBlock
 48
2.0
370
   100
100
AcDbLine
 10
11169.88538257376
 20
11275.51832942789
 30
0.0
 11
11172.88538257376
 21
11275.51832942789
 31
0.0
  0
LINE
  5
103A
330
1F
100
AcDbEntity
  8
0
  6
ByBlock
 48
2.0
370
   100
100
AcDbLine
 10
11172.88538257376
 20
11275.51832942789
 30
0.0
 11
11172.88538257376
 21
11272.52381701529
 31
0.0
  0
LINE
  5
103B
330
1F
100
AcDbEntity
  8
0
  6
ByBlock
 48
2.0
370
   100
100
AcDbLine
 10
11172.88538257376
 20
11272.52381701529
 30
0.0
 11
11173.63538257376
 21
11272.52381701529
 31
0.0
  0
LINE
  5
103C
330
1F
100
AcDbEntity
  8
0
  6
ByBlock
 48
2.0
370
   100
100
AcDbLine
 10
11173.63538257376
 20
11272.52381701529
 30
0.0
 11
11173.63538257376
 21
11275.51832942789
 31
0.0
  0
LINE
  5
103D
330
1F
100
AcDbEntity
  8
0
  6
ByBlock
 48
2.0
370
   100
100
AcDbLine
 10
11173.63538257376
 20
11275.51832942789
 30
0.0
 11
11175.8692706262
 21
11275.51832942789
 31
0.0
  0
LINE
  5
103E
330
1F
100
AcDbEntity
  8
0
  6
ByBlock
 48
2.0
370
   100
100
AcDbLine
 10
11175.8692706262
 20
11275.51832942789
 30
0.0
 11
11175.8692706262
 21
11272.52381701529
 31
0.0
  0
LINE
  5
103F
330
1F
100
AcDbEntity
  8
0
  6
ByBlock
 48
2.0
370
   100
100
AcDbLine
 10
11175.8692706262
 20
11272.52381701529
 30
0.0
 11
11176.6192706262
 21
11272.52381701529
 31
0.0
  0
LINE
  5
1040
330
1F
100
AcDbEntity
  8
0
  6
ByBlock
 48
2.0
370
   100
100
AcDbLine
 10
11176.6192706262
 20
11272.52381701529
 30
0.0
 11
11176.6192706262
 21
11275.51832942789
 31
0.0
  0
LINE
  5
1041
330
1F
100
AcDbEntity
  8
0
  6
ByBlock
 48
2.0
370
   100
100
AcDbLine
 10
11192.98538257376
 20
11275.51832942789
 30
0.0
 11
11180.98538257376
 21
11275.51832942789
 31
0.0
  0
LINE
  5
1042
330
1F
100
AcDbEntity
  8
0
  6
ByBlock
 48
2.0
370
   100
100
AcDbLine
 10
11192.98538257376
 20
11275.51832942789
 30
0.0
 11
11184.23760442396
 21
11275.51832942789
 31
0.0
  0
LINE
  5
1043
330
1F
100
AcDbEntity
  8
0
  6
ByBlock
 48
2.0
370
   100
100
AcDbLine
 10
11184.23760442396
 20
11275.51832942789
 30
0.0
 11
11184.23760442396
 21
11272.52381701529
 31
0.0
  0
LINE
  5
1044
330
1F
100
AcDbEntity
  8
0
  6
ByBlock
 48
2.0
370
   100
100
AcDbLine
 10
11184.23760442396
 20
11272.52381701529
 30
0.0
 11
11183.48760442396
 21
11272.52381701529
 31
0.0
  0
LINE
  5
1045
330
1F
100
AcDbEntity
  8
0
  6
ByBlock
 48
2.0
370
   100
100
AcDbLine
 10
11183.48760442396
 20
11272.52381701529
 30
0.0
 11
11183.48760442396
 21
11275.51832942789
 31
0.0
  0
LINE
  5
1046
330
1F
100
AcDbEntity
  8
0
  6
ByBlock
 48
2.0
370
   100
100
AcDbLine
 10
11183.48760442396
 20
11275.51832942789
 30
0.0
 11
11180.98538257376
 21
11275.51832942789
 31
0.0
  0
LINE
  5
1047
330
1F
100
AcDbEntity
  8
0
  6
ByBlock
 48
2.0
370
   100
100
AcDbLine
 10
11180.98538257376
 20
11275.51832942789
 30
0.0
 11
11180.98538257376
 21
11272.52381701529
 31
0.0
  0
LINE
  5
1048
330
1F
100
AcDbEntity
  8
0
  6
ByBlock
 48
2.0
370
   100
100
AcDbLine
 10
11180.98538257376
 20
11272.52381701529
 30
0.0
 11
11180.23538257376
 21
11272.52381701529
 31
0.0
  0
LINE
  5
1049
330
1F
100
AcDbEntity
  8
0
  6
ByBlock
 48
2.0
370
   100
100
AcDbLine
 10
11180.23538257376
 20
11272.52381701529
 30
0.0
 11
11180.23538257376
 21
11275.51832942789
 31
0.0
  0
LINE
  5
104A
102
{ACAD_REACTORS
330
1097
102
}
330
1F
100
AcDbEntity
  8
0
  6
ByBlock
 48
2.0
370
   100
100
AcDbLine
 10
11158.63538257376
 20
11275.64881701529
 30
0.0
 11
11193.73538257376
 21
11275.64881701529
 31
0.0
  0
LINE
  5
104B
102
{ACAD_REACTORS
330
1097
102
}
330
1F
100
AcDbEntity
  8
0
  6
ByBlock
 48
2.0
370
   100
100
AcDbLine
 10
11159.38538257376
 20
11275.51832942789
 30
0.0
 11
11158.63538257376
 21
11275.51832942789
 31
0.0
  0
LINE
  5
104E
330
1F
100
AcDbEntity
  8
0
  6
ByBlock
 48
2.0
370
   100
100
AcDbLine
 10
11158.63538257376
 20
11272.52381701529
 30
0.0
 11
11158.63538257376
 21
11272.39881701529
 31
0.0
  0
LINE
  5
104F
330
1F
100
AcDbEntity
  8
0
  6
ByBlock
 48
2.0
370
   100
100
AcDbLine
 10
11193.73538257376
 20
11272.52381701529
 30
0.0
 11
11193.73538257376
 21
11272.22381701529
 31
0.0
  0
LINE
  5
1053
330
1F
100
AcDbEntity
  8
0
  6
Continuous
 48
2.0
370
   100
100
AcDbLine
 10
11162.38538257376
 20
11274.33631701529
 30
0.0
 11
11162.38538257376
 21
11272.52381701529
 31
0.0
  0
LINE
  5
1054
330
1F
100
AcDbEntity
  8
0
  6
Continuous
 48
2.0
370
   100
100
AcDbLine
 10
11163.38538257376
 20
11274.33631701529
 30
0.0
 11
11162.38538257376
 21
11274.33631701529
 31
0.0
  0
CIRCLE
  5
1055
330
1F
100
AcDbEntity
  8
0
  6
ByBlock
 48
2.0
370
   100
100
AcDbCircle
 10
11162.51273666145
 20
11273.43006701529
 30
0.0
 40
0.0711911847556621
  0
LINE
  5
1056
330
1F
100
AcDbEntity
  8
0
  6
Continuous
 48
2.0
370
   100
100
AcDbLine
 10
11168.13538257376
 20
11274.33631701529
 30
0.0
 11
11168.13538257376
 21
11272.52381701529
 31
0.0
  0
LINE
  5
1057
330
1F
100
AcDbEntity
  8
0
  6
Continuous
 48
2.0
370
   100
100
AcDbLine
 10
11169.13538257376
 20
11274.33631701529
 30
0.0
 11
11168.13538257376
 21
11274.33631701529
 31
0.0
  0
CIRCLE
  5
1058
330
1F
100
AcDbEntity
  8
0
  6
ByBlock
 48
2.0
370
   100
100
AcDbCircle
 10
11168.26273666145
 20
11273.43006701529
 30
0.0
 40
0.0711911847556621
  0
LINE
  5
1059
330
1F
100
AcDbEntity
  8
0
  6
Continuous
 48
2.0
370
   100
100
AcDbLine
 10
11171.88538257376
 20
11274.33631701529
 30
0.0
 11
11171.88538257376
 21
11272.52381701529
 31
0.0
  0
LINE
  5
105A
330
1F
100
AcDbEntity
  8
0
  6
Continuous
 48
2.0
370
   100
100
AcDbLine
 10
11172.88538257376
 20
11274.33631701529
 30
0.0
 11
11171.88538257376
 21
11274.33631701529
 31
0.0
  0
CIRCLE
  5
105B
330
1F
100
AcDbEntity
  8
0
  6
ByBlock
 48
2.0
370
   100
100
AcDbCircle
 10
11172.01273666145
 20
11273.43006701529
 30
0.0
 40
0.0711911847556621
  0
LINE
  5
105F
330
1F
100
AcDbEntity
  8
0
  6
Continuous
 48
2.0
370
   100
100
AcDbLine
 10
11185.24173302807
 20
11274.33631701529
 30
0.0
 11
11185.24173302807
 21
11272.52381701529
 31
0.0
  0
LINE
  5
1060
330
1F
100
AcDbEntity
  8
0
  6
Continuous
 48
2.0
370
   100
100
AcDbLine
 10
11184.24173302807
 20
11274.33631701529
 30
0.0
 11
11185.24173302807
 21
11274.33631701529
 31
0.0
  0
CIRCLE
  5
1061
330
1F
100
AcDbEntity
  8
0
  6
ByBlock
 48
2.0
370
   100
100
AcDbCircle
 10
11185.11437894037
 20
11273.43006701529
 30
0.0
 40
0.0711911847556621
  0
LINE
  5
1062
330
1F
100
AcDbEntity
  8
0
  6
Continuous
 48
2.0
370
   100
100
AcDbLine
 10
10827.14560484426
 20
11301.7901202029
 30
0.0
 11
10827.14560484426
 21
11299.9776202029
 31
0.0
  0
LINE
  5
1063
330
1F
100
AcDbEntity
  8
0
  6
Continuous
 48
2.0
370
   100
100
AcDbLine
 10
10828.14560484426
 20
11301.7901202029
 30
0.0
 11
10827.14560484426
 21
11301.7901202029
 31
0.0
  0
CIRCLE
  5
1064
330
1F
100
AcDbEntity
  8
0
  6
ByBlock
 48
2.0
370
   100
100
AcDbCircle
 10
10827.27295893195
 20
11300.8838702029
 30
0.0
 40
0.0711911847556621
  0
LINE
  5
1065
330
1F
100
AcDbEntity
  8
0
  6
Continuous
 48
2.0
370
   100
100
AcDbLine
 10
10829.14560484426
 20
11301.7901202029
 30
0.0
 11
10829.14560484426
 21
11299.9776202029
 31
0.0
  0
LINE
  5
1066
330
1F
100
AcDbEntity
  8
0
  6
Continuous
 48
2.0
370
   100
100
AcDbLine
 10
10828.14560484426
 20
11301.7901202029
 30
0.0
 11
10829.14560484426
 21
11301.7901202029
 31
0.0
  0
CIRCLE
  5
1067
330
1F
100
AcDbEntity
  8
0
  6
ByBlock
 48
2.0
370
   100
100
AcDbCircle
 10
10829.01825075656
 20
11300.8838702029
 30
0.0
 40
0.0711911847556621
  0
HATCH
  5
106A
330
1F
100
AcDbEntity
  8
0
  6
Continuous
440
 33554664
 48
2.0
370
   100
100
AcDbHatch
 10
0.0
 20
0.0
 30
0.0
210
0.0
220
0.0
230
1.0
  2
JIS_LC_8A
 70
     0
 71
     0
 91
        1
 92
        1
 93
        4
 72
     1
 10
11164.14267631337
 20
11275.51832942789
 11
11164.13538257376
 21
11272.52381701529
 72
     1
 10
11164.13538257376
 20
11272.52381701529
 11
11163.38538257376
 21
11272.52381701529
 72
     1
 10
11163.38538257376
 20
11272.52381701529
 11
11163.39267631337
 21
11275.51832942789
 72
     1
 10
11163.39267631337
 20
11275.51832942789
 11
11164.14267631337
 21
11275.51832942789
 97
        0
 75
     1
 76
     1
 52
0.0
 41
0.08
 77
     0
 78
     2
 53
45.0
 43
11178.04327631337
 44
11275.52381701529
 45
-0.4412346314604057
 46
0.4412346314604057
 79
     0
 53
45.0
 43
11178.12327631337
 44
11275.52381701529
 45
-0.4412346314604057
 46
0.4412346314604057
 79
     0
 98
        1
 10
283.6381194434143
 20
-36.26931359861556
1001
GradientColor1ACI
1070
     5
1001
GradientColor2ACI
1070
     2
1001
ACAD
1010
10894.40515686995
1020
11311.7931306139
1030
0.0
  0
HATCH
  5
106C
330
1F
100
AcDbEntity
  8
0
  6
Continuous
440
 33554664
 48
2.0
370
   100
100
AcDbHatch
 10
0.0
 20
0.0
 30
0.0
210
0.0
220
0.0
230
1.0
  2
JIS_LC_8A
 70
     0
 71
     0
 91
        1
 92
        1
 93
        4
 72
     1
 10
11169.89267631337
 20
11275.51832942788
 11
11169.88538257376
 21
11272.52381701529
 72
     1
 10
11169.88538257376
 20
11272.52381701529
 11
11169.13538257376
 21
11272.52381701529
 72
     1
 10
11169.13538257376
 20
11272.52381701529
 11
11169.14267631337
 21
11275.51832942788
 72
     1
 10
11169.14267631337
 20
11275.51832942788
 11
11169.89267631337
 21
11275.51832942788
 97
        0
 75
     1
 76
     1
 52
0.0
 41
0.08
 77
     0
 78
     2
 53
45.0
 43
11183.79327631337
 44
11275.52381701529
 45
-0.4412346314604057
 46
0.4412346314604057
 79
     0
 53
45.0
 43
11183.87327631337
 44
11275.52381701529
 45
-0.4412346314604057
 46
0.4412346314604057
 79
     0
 98
        1
 10
289.3881194434143
 20
-36.26931359861738
1001
GradientColor1ACI
1070
     5
1001
GradientColor2ACI
1070
     2
1001
ACAD
1010
10894.40515686995
1020
11311.7931306139
1030
0.0
  0
HATCH
  5
106D
330
1F
100
AcDbEntity
  8
0
  6
Continuous
440
 33554664
 48
2.0
370
   100
100
AcDbHatch
 10
0.0
 20
0.0
 30
0.0
210
0.0
220
0.0
230
1.0
  2
JIS_LC_8A
 70
     0
 71
     0
 91
        1
 92
        1
 93
        4
 72
     1
 10
11173.64267631337
 20
11275.51832942789
 11
11173.63538257376
 21
11272.52381701529
 72
     1
 10
11173.63538257376
 20
11272.52381701529
 11
11172.88538257376
 21
11272.52381701529
 72
     1
 10
11172.88538257376
 20
11272.52381701529
 11
11172.89267631337
 21
11275.51832942789
 72
     1
 10
11172.89267631337
 20
11275.51832942789
 11
11173.64267631337
 21
11275.51832942789
 97
        0
 75
     1
 76
     1
 52
0.0
 41
0.08
 77
     0
 78
     2
 53
45.0
 43
11187.54327631337
 44
11275.52381701529
 45
-0.4412346314604057
 46
0.4412346314604057
 79
     0
 53
45.0
 43
11187.62327631337
 44
11275.52381701529
 45
-0.4412346314604057
 46
0.4412346314604057
 79
     0
 98
        1
 10
293.1381194434143
 20
-36.26931359861556
1001
GradientColor1ACI
1070
     5
1001
GradientColor2ACI
1070
     2
1001
ACAD
1010
10894.40515686995
1020
11311.7931306139
1030
0.0
  0
HATCH
  5
106E
330
1F
100
AcDbEntity
  8
0
  6
Continuous
440
 33554664
 48
2.0
370
   100
100
AcDbHatch
 10
0.0
 20
0.0
 30
0.0
210
0.0
220
0.0
230
1.0
  2
JIS_LC_8A
 70
     0
 71
     0
 91
        1
 92
        1
 93
        4
 72
     1
 10
11176.62656436581
 20
11275.51832942789
 11
11176.6192706262
 21
11272.52381701529
 72
     1
 10
11176.6192706262
 20
11272.52381701529
 11
11175.8692706262
 21
11272.52381701529
 72
     1
 10
11175.8692706262
 20
11272.52381701529
 11
11175.87656436581
 21
11275.51832942789
 72
     1
 10
11175.87656436581
 20
11275.51832942789
 11
11176.62656436581
 21
11275.51832942789
 97
        0
 75
     1
 76
     1
 52
0.0
 41
0.08
 77
     0
 78
     2
 53
45.0
 43
11190.52716436581
 44
11275.52381701529
 45
-0.4412346314604057
 46
0.4412346314604057
 79
     0
 53
45.0
 43
11190.60716436581
 44
11275.52381701529
 45
-0.4412346314604057
 46
0.4412346314604057
 79
     0
 98
        1
 10
296.1220074958565
 20
-36.26931359861556
1001
GradientColor1ACI
1070
     5
1001
GradientColor2ACI
1070
     2
1001
ACAD
1010
10894.40515686995
1020
11311.7931306139
1030
0.0
  0
HATCH
  5
106F
330
1F
100
AcDbEntity
  8
0
  6
Continuous
440
 33554664
 48
2.0
370
   100
100
AcDbHatch
 10
0.0
 20
0.0
 30
0.0
210
0.0
220
0.0
230
1.0
  2
JIS_LC_8A
 70
     0
 71
     0
 91
        1
 92
        1
 93
        4
 72
     1
 10
11180.99267631337
 20
11275.51832942788
 11
11180.98538257376
 21
11272.52381701529
 72
     1
 10
11180.98538257376
 20
11272.52381701529
 11
11180.23538257376
 21
11272.52381701529
 72
     1
 10
11180.23538257376
 20
11272.52381701529
 11
11180.24267631337
 21
11275.51832942788
 72
     1
 10
11180.24267631337
 20
11275.51832942788
 11
11180.99267631337
 21
11275.51832942788
 97
        0
 75
     1
 76
     1
 52
0.0
 41
0.08
 77
     0
 78
     2
 53
45.0
 43
11194.89327631337
 44
11275.52381701529
 45
-0.4412346314604057
 46
0.4412346314604057
 79
     0
 53
45.0
 43
11194.97327631337
 44
11275.52381701529
 45
-0.4412346314604057
 46
0.4412346314604057
 79
     0
 98
        1
 10
300.4881194434129
 20
-36.26931359861738
1001
GradientColor1ACI
1070
     5
1001
GradientColor2ACI
1070
     2
1001
ACAD
1010
10894.40515686995
1020
11311.7931306139
1030
0.0
  0
HATCH
  5
1070
330
1F
100
AcDbEntity
  8
0
  6
Continuous
440
 33554664
 48
2.0
370
   100
100
AcDbHatch
 10
0.0
 20
0.0
 30
0.0
210
0.0
220
0.0
230
1.0
  2
JIS_LC_8A
 70
     0
 71
     0
 91
        1
 92
        1
 93
        4
 72
     1
 10
11184.24489816358
 20
11275.51832942789
 11
11184.23760442396
 21
11272.52381701529
 72
     1
 10
11184.23760442396
 20
11272.52381701529
 11
11183.48760442396
 21
11272.52381701529
 72
     1
 10
11183.48760442396
 20
11272.52381701529
 11
11183.49489816357
 21
11275.51832942789
 72
     1
 10
11183.49489816357
 20
11275.51832942789
 11
11184.24489816358
 21
11275.51832942789
 97
        0
 75
     1
 76
     1
 52
0.0
 41
0.08
 77
     0
 78
     2
 53
45.0
 43
11198.14549816357
 44
11275.52381701529
 45
-0.4412346314604057
 46
0.4412346314604057
 79
     0
 53
45.0
 43
11198.22549816357
 44
11275.52381701529
 45
-0.4412346314604057
 46
0.4412346314604057
 79
     0
 98
        1
 10
303.7403412936201
 20
-36.26931359861556
1001
GradientColor1ACI
1070
     5
1001
GradientColor2ACI
1070
     2
1001
ACAD
1010
10894.40515686995
1020
11311.7931306139
1030
0.0
  0
HATCH
  5
1071
330
1F
100
AcDbEntity
  8
0
  6
Continuous
440
 33554664
 48
2.0
370
   100
100
AcDbHatch
 10
0.0
 20
0.0
 30
0.0
210
0.0
220
0.0
230
1.0
  2
JIS_LC_8A
 70
     0
 71
     0
 91
        1
 92
        1
 93
        4
 72
     1
 10
11193.74267631337
 20
11275.51832942788
 11
11193.73538257376
 21
11272.52381701529
 72
     1
 10
11193.73538257376
 20
11272.52381701529
 11
11192.98538257376
 21
11272.52381701529
 72
     1
 10
11192.98538257376
 20
11272.52381701529
 11
11192.99267631337
 21
11275.51832942788
 72
     1
 10
11192.99267631337
 20
11275.51832942788
 11
11193.74267631337
 21
11275.51832942788
 97
        0
 75
     1
 76
     1
 52
0.0
 41
0.08
 77
     0
 78
     2
 53
45.0
 43
11207.64327631337
 44
11275.52381701529
 45
-0.4412346314604057
 46
0.4412346314604057
 79
     0
 53
45.0
 43
11207.72327631337
 44
11275.52381701529
 45
-0.4412346314604057
 46
0.4412346314604057
 79
     0
 98
        1
 10
313.2381194434129
 20
-36.26931359861738
1001
GradientColor1ACI
1070
     5
1001
GradientColor2ACI
1070
     2
1001
ACAD
1010
10894.40515686995
1020
11311.7931306139
1030
0.0
  0
LINE
  5
1072
330
1F
100
AcDbEntity
  8
0
  6
ByBlock
 48
2.0
370
   100
100
AcDbLine
 10
11159.38538257376
 20
11272.52381701529
 30
0.0
 11
11159.38538257376
 21
11272.39881701529
 31
0.0
  0
MTEXT
  5
1091
330
1F
100
AcDbEntity
  8
0
  6
Continuous
 48
2.0
370
   100
100
AcDbMText
 10
11101.00795487507
 20
11236.68660831611
 30
0.0
 40
0.4
 41
2.492526657608323
 46
0.0
 71
     1
 72
     5
  1
\pxqc;{\H0.5x;CHANGING\P ROOM 2 x 3 m} 
 73
     1
 44
1.0
101
Embedded Object
 70
     1
 10
1.0
 20
0.0
 30
0.0
 11
11101.00795487507
 21
11236.68660831611
 31
0.0
 40
2.492526657608323
 41
0.0
 42
1.922510231923601
 43
0.8069577080491132
 71
     2
 72
     1
 44
2.492526657608323
 45
0.0
 73
     0
 74
     0
 46
1.755979990905645
  0
HATCH
  5
1097
330
1F
100
AcDbEntity
  8
0
  6
ByBlock
440
 33554664
 48
2.0
370
   100
100
AcDbHatch
 10
0.0
 20
0.0
 30
0.0
210
0.0
220
0.0
230
1.0
  2
AR-CONC
 70
     0
 71
     1
 91
        1
 92
       33
 93
        3
 72
     1
 10
11158.63538257376
 20
11275.64881701529
 11
11193.73538257376
 21
11275.64881701529
 72
     1
 10
11159.38538257376
 20
11275.51832942789
 11
11193.73538257376
 21
11275.51832942789
 72
     1
 10
11159.38538257376
 20
11275.51832942789
 11
11158.63538257376
 21
11275.51832942789
 97
        3
330
104A
330
1032
330
104B
 75
     1
 76
     1
 52
0.0
 41
0.001
 77
     0
 78
    13
 53
50.0
 43
10960.44005804108
 44
11288.82556435725
 45
0.182184668996004
 46
-0.0159390855389031
 79
     2
 49
0.01905
 49
-0.20955
 53
355.0
 43
10960.44005804108
 44
11288.82556435725
 45
-0.0352434214249694
 46
0.1910568452390351
 79
     2
 49
0.01524
 49
-0.16764058417
 53
100.4514447
 43
10960.45524004808
 44
11288.82423610375
 45
0.1469412470903533
 46
0.1751177519121951
 79
     2
 49
0.0161900088
 49
-0.1780902446
 53
46.1842
 43
10960.44005804108
 44
11288.87636435725
 45
0.2710790408921299
 46
-0.0420423279327272
 79
     2
 49
0.028575
 49
-0.314325
 53
96.63555760999997
 43
10960.46264794108
 44
11288.87286085725
 45
0.237404134051503
 46
0.2474261245977215
 79
     2
 49
0.02428502314
 49
-0.26713560816
 53
351.18415117
 43
10960.44005804108
 44
11288.87636435725
 45
0.237404134064977
 46
0.2474261245855327
 79
     2
 49
0.02285996707
 49
-0.25145973192
 53
21.0
 43
10960.46545804108
 44
11288.86366435725
 45
0.1516143912691325
 46
-0.1022651981870876
 79
     2
 49
0.01905
 49
-0.20955
 53
326.0
 43
10960.46545804108
 44
11288.86366435725
 45
0.0618020283476471
 46
0.1841879661223193
 79
     2
 49
0.01524
 49
-0.16764
 53
71.45144499999999
 43
10960.47809257368
 44
11288.85514225735
 45
0.2134164192787161
 46
0.0819227688859053
 79
     2
 49
0.0161900088
 49
-0.1780899376
 53
37.5
 43
10960.44005804108
 44
11288.82556435725
 45
0.0030886032505918
 46
0.0845550388731531
 79
     6
 49
0.0
 49
-0.165608
 49
0.0
 49
-0.17018
 49
0.0
 49
-0.168275
 53
7.499999999999999
 43
10960.44005804108
 44
11288.82556435725
 45
0.0668196625103058
 46
0.1001805748181195
 79
     6
 49
0.0
 49
-0.097028
 49
0.0
 49
-0.161798
 49
0.0
 49
-0.064135
 53
327.5
 43
10960.38341604108
 44
11288.82556435725
 45
0.1355905951668714
 46
-0.0057287439926734
 79
     6
 49
0.0
 49
-0.0635
 49
0.0
 49
-0.19812
 49
0.0
 49
-0.26289
 53
317.5
 43
10960.35801604108
 44
11288.82556435725
 45
0.148129181386018
 46
0.025426491033333
 79
     6
 49
0.0
 49
-0.08255
 49
0.0
 49
-0.131572
 49
0.0
 49
-0.18669
 98
        1
 10
66.03490104108641
 20
-22.96756664274472
1001
ACAD
1010
10894.405157
1020
11311.793131
1030
0.0
  0
LINE
  5
109A
330
1F
100
AcDbEntity
  8
0
  6
Continuous
 48
2.0
370
   100
100
AcDbLine
 10
11162.18538257376
 20
11272.52381701529
 30
0.0
 11
11162.18538257376
 21
11273.72381701529
 31
0.0
  0
LINE
  5
109B
330
1F
100
AcDbEntity
  8
0
  6
Continuous
 48
2.0
370
   100
100
AcDbLine
 10
11161.98538257376
 20
11272.52381701529
 30
0.0
 11
11161.98538257376
 21
11273.72381701529
 31
0.0
  0
LINE
  5
109C
330
1F
100
AcDbEntity
  8
0
  6
Continuous
 48
2.0
370
   100
100
AcDbLine
 10
11160.18538257376
 20
11272.52381701529
 30
0.0
 11
11160.18538257376
 21
11273.72381701529
 31
0.0
  0
LINE
  5
109D
330
1F
100
AcDbEntity
  8
0
  6
Continuous
 48
2.0
370
   100
100
AcDbLine
 10
11160.38538257376
 20
11272.52381701529
 30
0.0
 11
11160.38538257375
 21
11273.72381701529
 31
0.0
  0
LINE
  5
109E
330
1F
100
AcDbEntity
  8
0
  6
Continuous
 48
2.0
370
   100
100
AcDbLine
 10
11160.58538257376
 20
11272.52381701529
 30
0.0
 11
11160.58538257376
 21
11273.72381701529
 31
0.0
  0
LINE
  5
109F
330
1F
100
AcDbEntity
  8
0
  6
Continuous
 48
2.0
370
   100
100
AcDbLine
 10
11160.78538257376
 20
11272.52381701529
 30
0.0
 11
11160.78538257376
 21
11273.72381701529
 31
0.0
  0
LINE
  5
10A0
330
1F
100
AcDbEntity
  8
0
  6
Continuous
 48
2.0
370
   100
100
AcDbLine
 10
11160.98538257376
 20
11272.52381701529
 30
0.0
 11
11160.98538257376
 21
11273.72381701529
 31
0.0
  0
LINE
  5
10A1
330
1F
100
AcDbEntity
  8
0
  6
Continuous
 48
2.0
370
   100
100
AcDbLine
 10
11161.18538257376
 20
11272.52381701529
 30
0.0
 11
11161.18538257376
 21
11273.72381701529
 31
0.0
  0
LINE
  5
10A2
330
1F
100
AcDbEntity
  8
0
  6
Continuous
 48
2.0
370
   100
100
AcDbLine
 10
11161.38538257376
 20
11272.52381701529
 30
0.0
 11
11161.38538257376
 21
11273.72381701529
 31
0.0
  0
LINE
  5
10A3
330
1F
100
AcDbEntity
  8
0
  6
Continuous
 48
2.0
370
   100
100
AcDbLine
 10
11161.58538257376
 20
11272.52381701529
 30
0.0
 11
11161.58538257376
 21
11273.72381701529
 31
0.0
  0
LINE
  5
10A4
330
1F
100
AcDbEntity
  8
0
  6
Continuous
 48
2.0
370
   100
100
AcDbLine
 10
11161.78538257376
 20
11272.52381701529
 30
0.0
 11
11161.78538257376
 21
11273.72381701529
 31
0.0
  0
LINE
  5
10A5
330
1F
100
AcDbEntity
  8
0
  6
Continuous
 48
2.0
370
   100
100
AcDbLine
 10
11162.38538257376
 20
11273.72381701529
 30
0.0
 11
11159.38538257376
 21
11273.72381701529
 31
0.0
  0
LINE
  5
10A6
330
1F
100
AcDbEntity
  8
0
  6
Continuous
 48
2.0
370
   100
100
AcDbLine
 10
11162.38538257376
 20
11273.52381701529
 30
0.0
 11
11159.38538257376
 21
11273.52381701529
 31
0.0
  0
LINE
  5
10A7
330
1F
100
AcDbEntity
  8
0
  6
Continuous
 48
2.0
370
   100
100
AcDbLine
 10
11162.38538257376
 20
11272.72381701529
 30
0.0
 11
11159.38538257376
 21
11272.72381701529
 31
0.0
  0
LINE
  5
10A8
330
1F
100
AcDbEntity
  8
0
  6
Continuous
 48
2.0
370
   100
100
AcDbLine
 10
11162.38538257376
 20
11272.92381701529
 30
0.0
 11
11159.38538257376
 21
11272.92381701529
 31
0.0
  0
LINE
  5
10A9
330
1F
100
AcDbEntity
  8
0
  6
Continuous
 48
2.0
370
   100
100
AcDbLine
 10
11162.38538257376
 20
11273.12381701529
 30
0.0
 11
11159.38538257376
 21
11273.12381701529
 31
0.0
  0
LINE
  5
10AA
330
1F
100
AcDbEntity
  8
0
  6
Continuous
 48
2.0
370
   100
100
AcDbLine
 10
11162.38538257376
 20
11273.32381701529
 30
0.0
 11
11159.38538257376
 21
11273.32381701529
 31
0.0
  0
LINE
  5
10AB
330
1F
100
AcDbEntity
  8
0
  6
Continuous
 48
2.0
370
   100
100
AcDbLine
 10
11159.98538257376
 20
11272.52381701529
 30
0.0
 11
11159.98538257376
 21
11273.72381701529
 31
0.0
  0
LINE
  5
10AC
330
1F
100
AcDbEntity
  8
0
  6
Continuous
 48
2.0
370
   100
100
AcDbLine
 10
11159.78538257376
 20
11272.52381701529
 30
0.0
 11
11159.78538257376
 21
11273.72381701529
 31
0.0
  0
LINE
  5
10AD
330
1F
100
AcDbEntity
  8
0
  6
Continuous
 48
2.0
370
   100
100
AcDbLine
 10
11159.58538257376
 20
11272.52381701529
 30
0.0
 11
11159.58538257376
 21
11273.72381701529
 31
0.0
  0
LINE
  5
10AE
330
1F
100
AcDbEntity
  8
0
  6
Continuous
 48
2.0
370
   100
100
AcDbLine
 10
11159.06924563489
 20
11274.32381701529
 30
0.0
 11
11159.06924563489
 21
11273.72381701529
 31
0.0
  0
LINE
  5
10AF
330
1F
100
AcDbEntity
  8
0
  6
Continuous
 48
2.0
370
   100
100
AcDbLine
 10
11158.96924563489
 20
11274.32381701529
 30
0.0
 11
11158.96924563489
 21
11273.72381701529
 31
0.0
  0
LINE
  5
10B3
330
1F
100
AcDbEntity
  8
0
  6
Continuous
 48
2.0
370
   100
100
AcDbLine
 10
11159.39424563489
 20
11274.42381701529
 30
0.0
 11
11158.64424563489
 21
11274.42381701529
 31
0.0
  0
LINE
  5
10B8
330
1F
100
AcDbEntity
  8
0
  6
ByBlock
 48
2.0
370
   100
100
AcDbLine
 10
11159.38538257376
 20
11273.72381701529
 30
0.0
 11
11158.63538257376
 21
11273.72381701529
 31
0.0
  0
LWPOLYLINE
  5
10B9
330
1F
100
AcDbEntity
  8
0
  6
Continuous
 48
2.0
370
   100
100
AcDbPolyline
 90
        6
 70
     0
 43
0.0
 10
11158.14424563489
 20
11274.42381701529
 10
11158.64424563489
 20
11274.42381701529
 10
11158.14424563489
 20
11274.42381701529
 10
11158.14424563489
 20
11274.32381701529
 10
11158.64424563489
 20
11274.32381701529
 10
11159.39424563489
 20
11274.32381701529
  0
LWPOLYLINE
  5
10BA
330
1F
100
AcDbEntity
  8
0
  6
Continuous
 48
2.0
370
   100
100
AcDbPolyline
 90
        2
 70
     1
 43
0.0
 10
11158.96924563489
 20
11274.32381701529
 10
11158.96924563489
 20
11273.72381701529
  0
HATCH
  5
10BB
330
1F
100
AcDbEntity
  8
0
  6
Continuous
440
 33554664
 48
2.0
370
   100
100
AcDbHatch
 10
0.0
 20
0.0
 30
0.0
210
0.0
220
0.0
230
1.0
  2
JIS_LC_8A
 70
     0
 71
     0
 91
        1
 92
        1
 93
        4
 72
     1
 10
11159.4015393745
 20
11275.51832942789
 11
11159.39424563489
 21
11274.42381701529
 72
     1
 10
11159.39424563489
 20
11274.42381701529
 11
11158.64424563489
 21
11274.42381701529
 72
     1
 10
11158.64424563489
 20
11274.42381701529
 11
11158.6515393745
 21
11275.51832942789
 72
     1
 10
11158.6515393745
 20
11275.51832942789
 11
11159.4015393745
 21
11275.51832942789
 97
        0
 75
     1
 76
     1
 52
0.0
 41
0.08
 77
     0
 78
     2
 53
45.0
 43
11173.3021393745
 44
11277.42381701529
 45
-0.4412346314604057
 46
0.4412346314604057
 79
     0
 53
45.0
 43
11173.3821393745
 44
11277.42381701529
 45
-0.4412346314604057
 46
0.4412346314604057
 79
     0
 98
        1
 10
278.8969825045478
 20
-34.3693135986141
1001
GradientColor1ACI
1070
     5
1001
GradientColor2ACI
1070
     2
1001
ACAD
1010
10894.40515686995
1020
11311.7931306139
1030
0.0
  0
HATCH
  5
10BC
330
1F
100
AcDbEntity
  8
0
  6
Continuous
440
 33554664
 48
2.0
370
   100
100
AcDbHatch
 10
0.0
 20
0.0
 30
0.0
210
0.0
220
0.0
230
1.0
  2
JIS_LC_8A
 70
     0
 71
     0
 91
        1
 92
        1
 93
        4
 72
     1
 10
11159.39267631337
 20
11273.72381701529
 11
11159.38538257376
 21
11272.52381701529
 72
     1
 10
11159.38538257376
 20
11272.52381701529
 11
11158.63538257376
 21
11272.52381701529
 72
     1
 10
11158.63538257376
 20
11272.52381701529
 11
11158.64267631337
 21
11273.72381701529
 72
     1
 10
11158.64267631337
 20
11273.72381701529
 11
11159.39267631337
 21
11273.72381701529
 97
        0
 75
     1
 76
     1
 52
0.0
 41
0.08
 77
     0
 78
     2
 53
45.0
 43
11173.29327631337
 44
11275.52381701529
 45
-0.4412346314604057
 46
0.4412346314604057
 79
     0
 53
45.0
 43
11173.37327631337
 44
11275.52381701529
 45
-0.4412346314604057
 46
0.4412346314604057
 79
     0
 98
        1
 10
278.8881194434143
 20
-36.26931359861738
1001
GradientColor1ACI
1070
     5
1001
GradientColor2ACI
1070
     2
1001
ACAD
1010
10894.40515686995
1020
11311.7931306139
1030
0.0
  0
MTEXT
  5
10BD
330
1F
100
AcDbEntity
  8
0
  6
ByBlock
 48
2.0
370
   100
100
AcDbMText
 10
10892.47897678164
 20
11298.19518677807
 30
0.0
 40
1.0
 41
23.98583439466711
 46
0.0
 71
     1
 72
     5
  1
SECTION A-A'
 73
     1
 44
1.0
101
Embedded Object
 70
     1
 10
1.0
 20
0.0
 30
0.0
 11
10892.47897678164
 21
11298.19518677807
 31
0.0
 40
23.98583439466711
 41
0.0
 42
9.064802182810367
 43
1.034788540245566
 71
     2
 72
     1
 44
23.98583439466711
 45
12.5
 73
     0
 74
     0
 46
0.0
  0
MTEXT
  5
10BF
330
1F
100
AcDbEntity
  8
0
  6
ByBlock
 48
2.0
370
   100
100
AcDbMText
 10
10807.00617184013
 20
11295.37967636706
 30
0.0
 40
1.0
 41
23.98583439466711
 46
0.0
 71
     1
 72
     5
  1
ELEVATION
 73
     1
 44
1.0
101
Embedded Object
 70
     1
 10
1.0
 20
0.0
 30
0.0
 11
10807.00617184013
 21
11295.37967636706
 31
0.0
 40
23.98583439466711
 41
0.0
 42
7.615961800818554
 43
1.034788540245566
 71
     2
 72
     1
 44
23.98583439466711
 45
12.5
 73
     0
 74
     0
 46
0.0
  0
MTEXT
  5
10C0
330
1F
100
AcDbEntity
  8
0
  6
ByBlock
 48
2.0
370
   100
100
AcDbMText
 10
10803.91541612154
 20
11230.04290768707
 30
0.0
 40
1.0
 41
23.98583439466711
 46
0.0
 71
     1
 72
     5
  1
GROUND FLOOR PLAN
 73
     1
 44
1.0
101
Embedded Object
 70
     1
 10
1.0
 20
0.0
 30
0.0
 11
10803.91541612154
 21
11230.04290768707
 31
0.0
 40
23.98583439466711
 41
0.0
 42
15.25784447476126
 43
1.034788540245566
 71
     2
 72
     1
 44
23.98583439466711
 45
12.5
 73
     0
 74
     0
 46
0.0
  0
MTEXT
  5
10C1
330
1F
100
AcDbEntity
  8
0
  6
ByBlock
 48
2.0
370
   100
100
AcDbMText
 10
10891.22898875988
 20
11229.94836711415
 30
0.0
 40
1.0
 41
23.98583439466711
 46
0.0
 71
     1
 72
     5
  1
FIRST FLOOR PLAN 
 73
     1
 44
1.0
101
Embedded Object
 70
     1
 10
1.0
 20
0.0
 30
0.0
 11
10891.22898875988
 21
11229.94836711415
 31
0.0
 40
23.98583439466711
 41
0.0
 42
13.04433833560709
 43
1.034788540245566
 71
     2
 72
     1
 44
23.98583439466711
 45
12.5
 73
     0
 74
     0
 46
0.0
  0
ARC
  5
10C2
330
1F
100
AcDbEntity
  8
0
 48
2.0
370
     0
100
AcDbCircle
 10
11110.41209993278
 20
11275.29219779213
 30
0.0
 40
1.818861329821963
100
AcDbArc
 50
180.3296813273396
 51
0.3296813273397194
  0
ARC
  5
10C3
330
1F
100
AcDbEntity
  8
0
 48
2.0
370
     0
100
AcDbCircle
 10
11110.41209993278
 20
11275.29219779213
 30
0.0
 40
1.310999999999999
100
AcDbArc
 50
180.3296813273396
 51
0.3296813273397194
  0
MTEXT
  5
10C4
330
1F
100
AcDbEntity
  8
0
100
AcDbMText
 10
11111.11665058611
 20
11274.35932350337
 30
0.0
 40
0.35
 41
1.831773302867077
 46
0.0
 71
     1
 72
     5
  1
{\fArtifakt Element Medium|b0|i0|c0|p34;RECEP}
 11
-1.0
 21
0.0000000000000001
 31
0.0
 73
     1
 44
1.0
101
Embedded Object
 70
     1
 10
-1.0
 20
0.0000000000000001
 30
0.0
 11
11111.11665058611
 21
11274.35932350337
 31
0.0
 40
1.831773302867077
 41
0.0
 42
1.432
 43
0.362
 71
     2
 72
     1
 44
1.831773302867077
 45
12.5
 73
     0
 74
     0
 46
0.0
  0
LINE
  5
10C5
330
1F
100
AcDbEntity
  8
0
  6
ByBlock
 48
2.0
370
   100
100
AcDbLine
 10
11112.2309612626
 20
11275.29219779213
 30
0.0
 11
11112.2309612626
 21
11275.59219779222
 31
0.0
  0
LINE
  5
10C6
330
1F
100
AcDbEntity
  8
0
  6
ByBlock
 48
2.0
370
   100
100
AcDbLine
 10
11123.40048153267
 20
11275.29219779213
 30
0.0
 11
11116.10830223012
 21
11275.29219779213
 31
0.0
  0
LINE
  5
10C9
330
1F
100
AcDbEntity
  8
window
370
   100
100
AcDbLine
 10
11092.60048153249
 20
11270.22468145333
 30
0.0
 11
11092.90048153267
 21
11270.22468145333
 31
0.0
  0
LINE
  5
10CA
330
1F
100
AcDbEntity
  8
window
370
   100
100
AcDbLine
 10
11092.90048153267
 20
11269.42468145333
 30
0.0
 11
11092.60048153249
 21
11269.42468145333
 31
0.0
  0
LINE
  5
10CB
330
1F
100
AcDbEntity
  8
window
370
   100
100
AcDbLine
 10
11092.90048153267
 20
11270.22468145333
 30
0.0
 11
11092.75048153267
 21
11270.22468145333
 31
0.0
  0
LINE
  5
10CC
330
1F
100
AcDbEntity
  8
window
370
   100
100
AcDbLine
 10
11092.74048153267
 20
11270.22468145333
 30
0.0
 11
11092.74048153267
 21
11269.42468145333
 31
0.0
  0
LINE
  5
10CD
330
1F
100
AcDbEntity
  8
window
370
   100
100
AcDbLine
 10
11092.76048153267
 20
11270.22468145333
 30
0.0
 11
11092.76048153267
 21
11269.42468145333
 31
0.0
  0
LINE
  5
10CE
330
1F
100
AcDbEntity
  8
chajja
  6
ACAD_ISO03W100
 48
0.002
370
     0
100
AcDbLine
 10
11092.60048153249
 20
11269.42468145333
 30
0.0
 11
11092.02809450325
 21
11269.42468145333
 31
0.0
  0
LINE
  5
10CF
330
1F
100
AcDbEntity
  8
chajja
  6
ACAD_ISO03W100
 48
0.002
370
     0
100
AcDbLine
 10
11092.60048153253
 20
11270.22468145333
 30
0.0
 11
11092.02809450325
 21
11270.22468145333
 31
0.0
  0
LINE
  5
10D0
330
1F
100
AcDbEntity
  8
chajja
  6
ACAD_ISO03W100
 48
0.002
370
     0
100
AcDbLine
 10
11092.02809450325
 20
11269.42468145333
 30
0.0
 11
11092.02809450325
 21
11270.22468145333
 31
0.0
  0
MTEXT
  5
10D1
330
1F
100
AcDbEntity
  8
0
  6
ACAD_ISO02W100
 48
2.0
370
     0
100
AcDbMText
 10
11092.31049759201
 20
11269.66557422879
 30
0.0
 40
0.175
 41
0.3793392954266892
 46
0.0
 71
     1
 72
     5
  1
\pxqc;W
 11
-0.0000000000020849
 21
1.0
 31
0.0
 73
     1
 44
1.0
101
Embedded Object
 70
     1
 10
-0.0000000000020849
 20
1.0
 30
0.0
 11
11092.31049759201
 21
11269.66557422879
 31
0.0
 40
0.3793392954266892
 41
0.0
 42
0.2250170532060027
 43
0.175
 71
     2
 72
     1
 44
0.3793392954266892
 45
12.5
 73
     0
 74
     0
 46
0.0
  0
LINE
  5
10D2
330
1F
100
AcDbEntity
  8
window
370
   100
100
AcDbLine
 10
11092.60048153249
 20
11265.39219779213
 30
0.0
 11
11092.90048153267
 21
11265.39219779213
 31
0.0
  0
LINE
  5
10D3
330
1F
100
AcDbEntity
  8
window
370
   100
100
AcDbLine
 10
11092.90048153267
 20
11264.59219779213
 30
0.0
 11
11092.60048153249
 21
11264.59219779213
 31
0.0
  0
LINE
  5
10D4
330
1F
100
AcDbEntity
  8
window
370
   100
100
AcDbLine
 10
11092.90048153267
 20
11265.39219779213
 30
0.0
 11
11092.75048153267
 21
11265.39219779213
 31
0.0
  0
LINE
  5
10D5
330
1F
100
AcDbEntity
  8
window
370
   100
100
AcDbLine
 10
11092.74048153267
 20
11265.39219779213
 30
0.0
 11
11092.74048153267
 21
11264.59219779213
 31
0.0
  0
LINE
  5
10D6
330
1F
100
AcDbEntity
  8
window
370
   100
100
AcDbLine
 10
11092.76048153267
 20
11265.39219779213
 30
0.0
 11
11092.76048153267
 21
11264.59219779213
 31
0.0
  0
LINE
  5
10D7
330
1F
100
AcDbEntity
  8
chajja
  6
ACAD_ISO03W100
 48
0.002
370
     0
100
AcDbLine
 10
11092.60048153249
 20
11264.59219779213
 30
0.0
 11
11092.02809450325
 21
11264.59219779213
 31
0.0
  0
LINE
  5
10D8
330
1F
100
AcDbEntity
  8
chajja
  6
ACAD_ISO03W100
 48
0.002
370
     0
100
AcDbLine
 10
11092.60048153253
 20
11265.39219779213
 30
0.0
 11
11092.02809450325
 21
11265.39219779213
 31
0.0
  0
LINE
  5
10D9
330
1F
100
AcDbEntity
  8
chajja
  6
ACAD_ISO03W100
 48
0.002
370
     0
100
AcDbLine
 10
11092.02809450325
 20
11264.59219779213
 30
0.0
 11
11092.02809450325
 21
11265.39219779213
 31
0.0
  0
MTEXT
  5
10DA
330
1F
100
AcDbEntity
  8
0
  6
ACAD_ISO02W100
 48
2.0
370
     0
100
AcDbMText
 10
11092.310497592
 20
11264.83309056759
 30
0.0
 40
0.175
 41
0.3793392954266892
 46
0.0
 71
     1
 72
     5
  1
\pxqc;W
 11
-0.0000000000020849
 21
1.0
 31
0.0
 73
     1
 44
1.0
101
Embedded Object
 70
     1
 10
-0.0000000000020849
 20
1.0
 30
0.0
 11
11092.310497592
 21
11264.83309056759
 31
0.0
 40
0.3793392954266892
 41
0.0
 42
0.2250170532060027
 43
0.175
 71
     2
 72
     1
 44
0.3793392954266892
 45
12.5
 73
     0
 74
     0
 46
0.0
  0
LINE
  5
10DB
330
1F
100
AcDbEntity
  8
window
370
   100
100
AcDbLine
 10
11092.60048153249
 20
11262.27227662851
 30
0.0
 11
11092.90048153267
 21
11262.27227662851
 31
0.0
  0
LINE
  5
10DC
330
1F
100
AcDbEntity
  8
window
370
   100
100
AcDbLine
 10
11092.90048153267
 20
11261.47227662852
 30
0.0
 11
11092.60048153249
 21
11261.47227662852
 31
0.0
  0
LINE
  5
10DD
330
1F
100
AcDbEntity
  8
window
370
   100
100
AcDbLine
 10
11092.90048153267
 20
11262.27227662851
 30
0.0
 11
11092.75048153267
 21
11262.27227662851
 31
0.0
  0
LINE
  5
10DE
330
1F
100
AcDbEntity
  8
window
370
   100
100
AcDbLine
 10
11092.74048153267
 20
11262.27227662851
 30
0.0
 11
11092.74048153267
 21
11261.47227662852
 31
0.0
  0
LINE
  5
10DF
330
1F
100
AcDbEntity
  8
window
370
   100
100
AcDbLine
 10
11092.76048153267
 20
11262.27227662851
 30
0.0
 11
11092.76048153267
 21
11261.47227662852
 31
0.0
  0
LINE
  5
10E0
330
1F
100
AcDbEntity
  8
chajja
  6
ACAD_ISO03W100
 48
0.002
370
     0
100
AcDbLine
 10
11092.60048153249
 20
11261.47227662852
 30
0.0
 11
11092.02809450325
 21
11261.47227662851
 31
0.0
  0
LINE
  5
10E1
330
1F
100
AcDbEntity
  8
chajja
  6
ACAD_ISO03W100
 48
0.002
370
     0
100
AcDbLine
 10
11092.60048153253
 20
11262.27227662851
 30
0.0
 11
11092.02809450325
 21
11262.27227662851
 31
0.0
  0
LINE
  5
10E2
330
1F
100
AcDbEntity
  8
chajja
  6
ACAD_ISO03W100
 48
0.002
370
     0
100
AcDbLine
 10
11092.02809450325
 20
11261.47227662851
 30
0.0
 11
11092.02809450325
 21
11262.27227662851
 31
0.0
  0
MTEXT
  5
10E3
330
1F
100
AcDbEntity
  8
0
  6
ACAD_ISO02W100
 48
2.0
370
     0
100
AcDbMText
 10
11092.310497592
 20
11261.71316940397
 30
0.0
 40
0.175
 41
0.3793392954266892
 46
0.0
 71
     1
 72
     5
  1
\pxqc;W
 11
-0.0000000000020849
 21
1.0
 31
0.0
 73
     1
 44
1.0
101
Embedded Object
 70
     1
 10
-0.0000000000020849
 20
1.0
 30
0.0
 11
11092.310497592
 21
11261.71316940397
 31
0.0
 40
0.3793392954266892
 41
0.0
 42
0.2250170532060027
 43
0.175
 71
     2
 72
     1
 44
0.3793392954266892
 45
12.5
 73
     0
 74
     0
 46
0.0
  0
LINE
  5
10E4
330
1F
100
AcDbEntity
  8
window
370
   100
100
AcDbLine
 10
11092.60048153249
 20
11259.67091201037
 30
0.0
 11
11092.90048153267
 21
11259.67091201037
 31
0.0
  0
LINE
  5
10E5
330
1F
100
AcDbEntity
  8
window
370
   100
100
AcDbLine
 10
11092.90048153267
 20
11258.87091201037
 30
0.0
 11
11092.60048153249
 21
11258.87091201037
 31
0.0
  0
LINE
  5
10E6
330
1F
100
AcDbEntity
  8
window
370
   100
100
AcDbLine
 10
11092.90048153267
 20
11259.67091201037
 30
0.0
 11
11092.75048153267
 21
11259.67091201037
 31
0.0
  0
LINE
  5
10E7
330
1F
100
AcDbEntity
  8
window
370
   100
100
AcDbLine
 10
11092.74048153267
 20
11259.67091201037
 30
0.0
 11
11092.74048153267
 21
11258.87091201037
 31
0.0
  0
LINE
  5
10E8
330
1F
100
AcDbEntity
  8
window
370
   100
100
AcDbLine
 10
11092.76048153267
 20
11259.67091201037
 30
0.0
 11
11092.76048153267
 21
11258.87091201037
 31
0.0
  0
LINE
  5
10E9
330
1F
100
AcDbEntity
  8
chajja
  6
ACAD_ISO03W100
 48
0.002
370
     0
100
AcDbLine
 10
11092.60048153249
 20
11258.87091201037
 30
0.0
 11
11092.02809450325
 21
11258.87091201037
 31
0.0
  0
LINE
  5
10EA
330
1F
100
AcDbEntity
  8
chajja
  6
ACAD_ISO03W100
 48
0.002
370
     0
100
AcDbLine
 10
11092.60048153253
 20
11259.67091201037
 30
0.0
 11
11092.02809450325
 21
11259.67091201037
 31
0.0
  0
LINE
  5
10EB
330
1F
100
AcDbEntity
  8
chajja
  6
ACAD_ISO03W100
 48
0.002
370
     0
100
AcDbLine
 10
11092.02809450325
 20
11258.87091201037
 30
0.0
 11
11092.02809450325
 21
11259.67091201036
 31
0.0
  0
MTEXT
  5
10EC
330
1F
100
AcDbEntity
  8
0
  6
ACAD_ISO02W100
 48
2.0
370
     0
100
AcDbMText
 10
11092.310497592
 20
11259.11180478582
 30
0.0
 40
0.175
 41
0.3793392954266892
 46
0.0
 71
     1
 72
     5
  1
\pxqc;W
 11
-0.0000000000020849
 21
1.0
 31
0.0
 73
     1
 44
1.0
101
Embedded Object
 70
     1
 10
-0.0000000000020849
 20
1.0
 30
0.0
 11
11092.310497592
 21
11259.11180478582
 31
0.0
 40
0.3793392954266892
 41
0.0
 42
0.2250170532060027
 43
0.175
 71
     2
 72
     1
 44
0.3793392954266892
 45
12.5
 73
     0
 74
     0
 46
0.0
  0
LINE
  5
10ED
330
1F
100
AcDbEntity
  8
0
  6
ByBlock
 48
2.0
370
   100
100
AcDbLine
 10
11092.89783971051
 20
11245.08951212866
 30
0.0
 11
11094.70048153267
 21
11245.09192958007
 31
0.0
  0
LINE
  5
10EE
330
1F
100
AcDbEntity
  8
0
  6
ByBlock
 48
2.0
370
   100
100
AcDbLine
 10
11094.90048153267
 20
11245.09219779213
 30
0.0
 11
11094.90048153267
 21
11241.09219779213
 31
0.0
  0
LINE
  5
10EF
330
1F
100
AcDbEntity
  8
0
  6
ByBlock
 48
2.0
370
   100
100
AcDbLine
 10
11094.70048153267
 20
11245.09219779213
 30
0.0
 11
11094.70048153267
 21
11243.09219779213
 31
0.0
  0
LINE
  5
10F0
330
1F
100
AcDbEntity
  8
0
  6
ByBlock
 48
2.0
370
   100
100
AcDbLine
 10
11094.70048153267
 20
11245.09192958007
 30
0.0
 11
11094.70048153267
 21
11243.09219779213
 31
0.0
  0
LINE
  5
10F1
330
1F
100
AcDbEntity
  8
0
  6
ByBlock
 48
2.0
370
   100
100
AcDbLine
 10
11094.70048153267
 20
11243.09219779213
 30
0.0
 11
11092.90048153267
 21
11243.09219779213
 31
0.0
  0
LINE
  5
10F2
330
1F
100
AcDbEntity
  8
0
  6
ByBlock
 48
2.0
370
   100
100
AcDbLine
 10
11094.70048153267
 20
11242.89219779213
 30
0.0
 11
11092.90048153267
 21
11242.89219779213
 31
0.0
  0
LINE
  5
10F3
330
1F
100
AcDbEntity
  8
0
  6
DASHED2
 48
0.01
370
   100
100
AcDbLine
 10
10899.0037294391
 20
11254.19219779214
 30
0.0
 11
10897.7529294391
 21
11254.19219779214
 31
0.0
  0
LINE
  5
10F4
330
1F
100
AcDbEntity
  8
0
  6
DASHED2
 48
0.01
370
   100
100
AcDbLine
 10
10899.0037294391
 20
11253.89219779213
 30
0.0
 11
10897.7529294391
 21
11253.89219779213
 31
0.0
  0
LINE
  5
10F5
330
1F
100
AcDbEntity
  8
0
  6
DASHED2
 48
0.01
370
   100
100
AcDbLine
 10
10899.0037294391
 20
11253.59219779213
 30
0.0
 11
10897.7529294391
 21
11253.59219779213
 31
0.0
  0
LINE
  5
10F6
330
1F
100
AcDbEntity
  8
0
  6
DASHED2
 48
0.01
370
   100
100
AcDbLine
 10
10899.0037294391
 20
11253.29219779213
 30
0.0
 11
10897.7529294391
 21
11253.29219779213
 31
0.0
  0
LINE
  5
10F7
330
1F
100
AcDbEntity
  8
0
  6
DASHED2
 48
0.01
370
   100
100
AcDbLine
 10
10899.0037294391
 20
11252.99219779213
 30
0.0
 11
10897.7529294391
 21
11252.99219779213
 31
0.0
  0
LINE
  5
10F8
330
1F
100
AcDbEntity
  8
0
  6
DASHED2
 48
0.01
370
   100
100
AcDbLine
 10
10899.0037294391
 20
11252.69219779214
 30
0.0
 11
10897.7529294391
 21
11252.69219779214
 31
0.0
  0
LINE
  5
10F9
330
1F
100
AcDbEntity
  8
0
  6
DASHED2
 48
0.01
370
   100
100
AcDbLine
 10
10899.0037294391
 20
11252.39219779213
 30
0.0
 11
10897.7529294391
 21
11252.39219779213
 31
0.0
  0
LINE
  5
10FA
330
1F
100
AcDbEntity
  8
0
  6
DASHED2
 48
0.01
370
   100
100
AcDbLine
 10
10899.0037294391
 20
11252.09219779214
 30
0.0
 11
10897.7529294391
 21
11252.09219779214
 31
0.0
  0
LINE
  5
10FB
330
1F
100
AcDbEntity
  8
0
  6
DASHED2
 48
0.01
370
   100
100
AcDbLine
 10
10899.0037294391
 20
11251.79219779213
 30
0.0
 11
10897.7529294391
 21
11251.79219779213
 31
0.0
  0
LINE
  5
10FC
330
1F
100
AcDbEntity
  8
0
  6
ByBlock
 48
2.0
370
   100
100
AcDbLine
 10
10899.5037294391
 20
11254.19219779214
 30
0.0
 11
10900.75455686995
 21
11254.19219779214
 31
0.0
  0
LINE
  5
10FD
330
1F
100
AcDbEntity
  8
0
  6
ByBlock
 48
2.0
370
   100
100
AcDbLine
 10
10899.5037294391
 20
11253.89219779213
 30
0.0
 11
10900.75455686995
 21
11253.89219779213
 31
0.0
  0
LINE
  5
10FE
330
1F
100
AcDbEntity
  8
0
  6
ByBlock
 48
2.0
370
   100
100
AcDbLine
 10
10899.5037294391
 20
11253.59219779213
 30
0.0
 11
10900.75455686995
 21
11253.59219779213
 31
0.0
  0
LINE
  5
10FF
330
1F
100
AcDbEntity
  8
0
  6
ByBlock
 48
2.0
370
   100
100
AcDbLine
 10
10899.5037294391
 20
11253.29219779213
 30
0.0
 11
10900.75455686995
 21
11253.29219779213
 31
0.0
  0
LINE
  5
1100
330
1F
100
AcDbEntity
  8
0
  6
ByBlock
 48
2.0
370
   100
100
AcDbLine
 10
10899.5037294391
 20
11252.99219779213
 30
0.0
 11
10900.75455686995
 21
11252.99219779213
 31
0.0
  0
LINE
  5
1101
330
1F
100
AcDbEntity
  8
0
  6
ByBlock
 48
2.0
370
   100
100
AcDbLine
 10
10899.5037294391
 20
11252.69219779214
 30
0.0
 11
10900.75455686995
 21
11252.69219779214
 31
0.0
  0
LINE
  5
1102
330
1F
100
AcDbEntity
  8
0
  6
ByBlock
 48
2.0
370
   100
100
AcDbLine
 10
10899.5037294391
 20
11252.39219779213
 30
0.0
 11
10900.75455686995
 21
11252.39219779213
 31
0.0
  0
LINE
  5
1103
330
1F
100
AcDbEntity
  8
0
  6
ByBlock
 48
2.0
370
   100
100
AcDbLine
 10
10899.5037294391
 20
11252.09219779214
 30
0.0
 11
10900.75455686995
 21
11252.09219779214
 31
0.0
  0
LINE
  5
1104
330
1F
100
AcDbEntity
  8
0
  6
ByBlock
 48
2.0
370
   100
100
AcDbLine
 10
10899.5037294391
 20
11251.79219779213
 30
0.0
 11
10900.75455686995
 21
11251.79219779213
 31
0.0
  0
LINE
  5
1105
330
1F
100
AcDbEntity
  8
0
  6
DASHED2
 48
0.01
370
   100
100
AcDbLine
 10
10814.05535332085
 20
11254.19219779214
 30
0.0
 11
10812.80455332086
 21
11254.19219779214
 31
0.0
  0
LINE
  5
1106
330
1F
100
AcDbEntity
  8
0
  6
DASHED2
 48
0.01
370
   100
100
AcDbLine
 10
10814.05535332085
 20
11253.89219779213
 30
0.0
 11
10812.80455332086
 21
11253.89219779213
 31
0.0
  0
LINE
  5
1107
330
1F
100
AcDbEntity
  8
0
  6
DASHED2
 48
0.01
370
   100
100
AcDbLine
 10
10814.05535332085
 20
11253.59219779213
 30
0.0
 11
10812.80455332086
 21
11253.59219779213
 31
0.0
  0
LINE
  5
1108
330
1F
100
AcDbEntity
  8
0
  6
DASHED2
 48
0.01
370
   100
100
AcDbLine
 10
10814.05535332085
 20
11253.29219779213
 30
0.0
 11
10812.80455332086
 21
11253.29219779213
 31
0.0
  0
LINE
  5
1109
330
1F
100
AcDbEntity
  8
0
  6
DASHED2
 48
0.01
370
   100
100
AcDbLine
 10
10814.05535332085
 20
11252.99219779213
 30
0.0
 11
10812.80455332086
 21
11252.99219779213
 31
0.0
  0
LINE
  5
110A
330
1F
100
AcDbEntity
  8
0
  6
DASHED2
 48
0.01
370
   100
100
AcDbLine
 10
10814.05535332085
 20
11252.69219779214
 30
0.0
 11
10812.80455332086
 21
11252.69219779214
 31
0.0
  0
LINE
  5
110B
330
1F
100
AcDbEntity
  8
0
  6
DASHED2
 48
0.01
370
   100
100
AcDbLine
 10
10814.05535332085
 20
11252.39219779213
 30
0.0
 11
10812.80455332086
 21
11252.39219779213
 31
0.0
  0
LINE
  5
110C
330
1F
100
AcDbEntity
  8
0
  6
DASHED2
 48
0.01
370
   100
100
AcDbLine
 10
10814.05535332085
 20
11252.09219779214
 30
0.0
 11
10812.80455332086
 21
11252.09219779214
 31
0.0
  0
LINE
  5
110D
330
1F
100
AcDbEntity
  8
0
  6
DASHED2
 48
0.01
370
   100
100
AcDbLine
 10
10814.05535332085
 20
11251.79219779213
 30
0.0
 11
10812.80455332086
 21
11251.79219779213
 31
0.0
  0
LINE
  5
110E
330
1F
100
AcDbEntity
  8
0
  6
ByBlock
 48
2.0
370
   100
100
AcDbLine
 10
10814.55535332086
 20
11254.19219779214
 30
0.0
 11
10815.8061807517
 21
11254.19219779214
 31
0.0
  0
LINE
  5
110F
330
1F
100
AcDbEntity
  8
0
  6
ByBlock
 48
2.0
370
   100
100
AcDbLine
 10
10814.55535332086
 20
11253.89219779213
 30
0.0
 11
10815.8061807517
 21
11253.89219779213
 31
0.0
  0
LINE
  5
1110
330
1F
100
AcDbEntity
  8
0
  6
ByBlock
 48
2.0
370
   100
100
AcDbLine
 10
10814.55535332086
 20
11253.59219779213
 30
0.0
 11
10815.8061807517
 21
11253.59219779213
 31
0.0
  0
LINE
  5
1111
330
1F
100
AcDbEntity
  8
0
  6
ByBlock
 48
2.0
370
   100
100
AcDbLine
 10
10814.55535332086
 20
11253.29219779213
 30
0.0
 11
10815.8061807517
 21
11253.29219779213
 31
0.0
  0
LINE
  5
1112
330
1F
100
AcDbEntity
  8
0
  6
ByBlock
 48
2.0
370
   100
100
AcDbLine
 10
10814.55535332086
 20
11252.99219779213
 30
0.0
 11
10815.8061807517
 21
11252.99219779213
 31
0.0
  0
LINE
  5
1113
330
1F
100
AcDbEntity
  8
0
  6
ByBlock
 48
2.0
370
   100
100
AcDbLine
 10
10814.55535332086
 20
11252.69219779214
 30
0.0
 11
10815.8061807517
 21
11252.69219779214
 31
0.0
  0
LINE
  5
1114
330
1F
100
AcDbEntity
  8
0
  6
ByBlock
 48
2.0
370
   100
100
AcDbLine
 10
10814.55535332086
 20
11252.39219779213
 30
0.0
 11
10815.8061807517
 21
11252.39219779213
 31
0.0
  0
LINE
  5
1115
330
1F
100
AcDbEntity
  8
0
  6
ByBlock
 48
2.0
370
   100
100
AcDbLine
 10
10814.55535332086
 20
11252.09219779214
 30
0.0
 11
10815.8061807517
 21
11252.09219779214
 31
0.0
  0
LINE
  5
1116
330
1F
100
AcDbEntity
  8
0
  6
ByBlock
 48
2.0
370
   100
100
AcDbLine
 10
10814.55535332086
 20
11251.79219779213
 30
0.0
 11
10815.8061807517
 21
11251.79219779213
 31
0.0
  0
LINE
  5
1118
330
1F
100
AcDbEntity
  8
0
  6
ByBlock
 48
2.0
370
   100
100
AcDbLine
 10
10812.80292589001
 20
11255.49219779213
 30
0.0
 11
10812.80292589001
 21
11254.49219779213
 31
0.0
  0
LINE
  5
1119
330
1F
100
AcDbEntity
  8
0
  6
ByBlock
 48
2.0
370
   100
100
AcDbLine
 10
10812.80292589001
 20
11254.49219779213
 30
0.0
 11
10815.80455332086
 21
11254.49219779213
 31
0.0
  0
LINE
  5
111A
330
1F
100
AcDbEntity
  8
0
  6
ByBlock
 48
2.0
370
   100
100
AcDbLine
 10
10829.90455332086
 20
11254.74521961669
 30
0.0
 11
10829.90455332086
 21
11255.78540830889
 31
0.0
  0
ARC
  5
111C
330
1F
100
AcDbEntity
  8
0
  6
ByBlock
 48
2.0
370
   100
100
AcDbCircle
 10
10818.52912770481
 20
11220.71691310644
 30
0.0
 40
16.41040938716375
100
AcDbArc
 50
59.05983147701014
 51
104.0598314770101
  0
ARC
  5
111D
330
1F
100
AcDbEntity
  8
0
  6
ByBlock
 48
2.0
370
   100
100
AcDbCircle
 10
10784.97200585573
 20
11360.13854944735
 30
0.0
 40
126.9935577073926
100
AcDbArc
 50
279.2382837757079
 51
283.4649256750059
  0
ARC
  5
111E
330
1F
100
AcDbEntity
  8
0
  6
ByBlock
 48
2.0
370
   100
100
AcDbCircle
 10
10798.00552518432
 20
11237.79099908137
 30
0.0
 40
3.001680701306498
100
AcDbArc
 50
194.8837017608057
 51
272.5098167730748
  0
SPLINE
  5
111F
330
1F
100
AcDbEntity
  8
0
  6
ByBlock
370
   100
100
AcDbSpline
210
0.0
220
0.0
230
1.0
 70
    24
 71
     3
 72
     8
 73
     4
 74
     0
 42
0.000000001
 43
0.0000000001
 40
0.0
 40
0.0
 40
0.0
 40
0.0
 40
1.0
 40
1.0
 40
1.0
 40
1.0
 10
0.0
 20
0.0
 30
0.0
 10
0.3333333333333333
 20
0.0
 30
0.0
 10
0.6666666666666668
 20
0.0
 30
0.0
 10
1.0
 20
0.0
 30
0.0
  0
ARC
  5
1120
330
1F
100
AcDbEntity
  8
0
  6
ByBlock
 48
2.0
370
   100
100
AcDbCircle
 10
10903.4791312539
 20
11220.71691310644
 30
0.0
 40
16.41040938716375
100
AcDbArc
 50
59.05983147701002
 51
104.0598314770104
  0
ARC
  5
1121
330
1F
100
AcDbEntity
  8
0
  6
ByBlock
 48
2.0
370
   100
100
AcDbCircle
 10
10869.92200940483
 20
11360.13854944735
 30
0.0
 40
126.9935577073926
100
AcDbArc
 50
279.2382837757076
 51
283.4649256750061
  0
ARC
  5
1122
330
1F
100
AcDbEntity
  8
0
  6
ByBlock
 48
2.0
370
   100
100
AcDbCircle
 10
10882.95552873342
 20
11237.79099908137
 30
0.0
 40
3.001680701306498
100
AcDbArc
 50
194.8837017608056
 51
272.5098167730751
  0
LINE
  5
1123
330
1F
100
AcDbEntity
  8
0
100
AcDbLine
 10
10911.91642331185
 20
11234.79219779213
 30
0.0
 11
10914.55455686995
 21
11234.79219779213
 31
0.0
  0
CIRCLE
  5
1124
330
1F
100
AcDbEntity
  8
0
 48
2.0
370
     0
100
AcDbCircle
 10
10893.17002519956
 20
11251.83262313661
 30
0.0
 40
1.939999999999999
  0
MTEXT
  5
1125
330
1F
100
AcDbEntity
  8
0
100
AcDbMText
 10
10892.24843940726
 20
11252.29551282728
 30
0.0
 40
0.35
 41
1.831773302867077
 46
0.0
 71
     1
 72
     5
  1
\pxqc;{\fArtifakt Element Medium|b0|i0|c0|p34;SEATING AREA}
 73
     1
 44
1.0
101
Embedded Object
 70
     1
 10
1.0
 20
0.0
 30
0.0
 11
10892.24843940726
 21
11252.29551282728
 31
0.0
 40
1.831773302867077
 41
0.0
 42
2.052499999999999
 43
0.9393333333333334
 71
     2
 72
     1
 44
1.831773302867077
 45
12.5
 73
     0
 74
     0
 46
0.0
  0
CIRCLE
  5
1126
330
1F
100
AcDbEntity
  8
0
 48
2.0
370
     0
100
AcDbCircle
 10
10899.25755665943
 20
11246.0564512893
 30
0.0
 40
1.939999999999999
  0
MTEXT
  5
1127
330
1F
100
AcDbEntity
  8
0
100
AcDbMText
 10
10898.33597086713
 20
11246.51934097997
 30
0.0
 40
0.35
 41
1.831773302867077
 46
0.0
 71
     1
 72
     5
  1
\pxqc;{\fArtifakt Element Medium|b0|i0|c0|p34;SEATING AREA}
 73
     1
 44
1.0
101
Embedded Object
 70
     1
 10
1.0
 20
0.0
 30
0.0
 11
10898.33597086713
 21
11246.51934097997
 31
0.0
 40
1.831773302867077
 41
0.0
 42
2.052499999999999
 43
0.9393333333333334
 71
     2
 72
     1
 44
1.831773302867077
 45
12.5
 73
     0
 74
     0
 46
0.0
  0
HATCH
  5
1128
330
1F
100
AcDbEntity
  8
column
  6
ACAD_ISO02W100
440
 33554687
370
   100
100
AcDbHatch
 10
0.0
 20
0.0
 30
0.0
210
0.0
220
0.0
230
1.0
  2
SOLID
 70
     1
 71
     0
 91
        1
 92
        1
 93
        4
 72
     1
 10
10914.84369900168
 20
11249.57755127102
 11
10914.09369900168
 21
11249.57755127102
 72
     1
 10
10914.09369900168
 20
11249.57755127102
 11
10914.09369900168
 21
11248.82755127102
 72
     1
 10
10914.09369900168
 20
11248.82755127102
 11
10914.84369900168
 21
11248.82755127102
 72
     1
 10
10914.84369900168
 20
11248.82755127102
 11
10914.84369900168
 21
11249.57755127102
 97
        0
 75
     1
 76
     1
 98
        1
 10
83.46114921390835
 20
-26.34400002089751
450
        0
451
        0
460
0.0
461
0.0
452
        0
462
0.0
453
        2
463
0.0
 63
     5
421
      255
463
1.0
 63
     2
421
 16776960
470
LINEAR
1001
GradientColor1ACI
1070
     5
1001
GradientColor2ACI
1070
     2
1001
ACAD
1010
0.0
1020
0.0
1030
0.0
  0
HATCH
  5
1129
330
1F
100
AcDbEntity
  8
column
  6
ACAD_ISO02W100
440
 33554687
370
   100
100
AcDbHatch
 10
0.0
 20
0.0
 30
0.0
210
0.0
220
0.0
230
1.0
  2
SOLID
 70
     1
 71
     0
 91
        1
 92
        1
 93
        4
 72
     1
 10
10912.34369900168
 20
11249.57755127102
 11
10911.59369900168
 21
11249.57755127102
 72
     1
 10
10911.59369900168
 20
11249.57755127102
 11
10911.59369900168
 21
11248.82755127102
 72
     1
 10
10911.59369900168
 20
11248.82755127102
 11
10912.34369900168
 21
11248.82755127102
 72
     1
 10
10912.34369900168
 20
11248.82755127102
 11
10912.34369900168
 21
11249.57755127102
 97
        0
 75
     1
 76
     1
 98
        1
 10
80.96114921390835
 20
-26.34400002089751
450
        0
451
        0
460
0.0
461
0.0
452
        0
462
0.0
453
        2
463
0.0
 63
     5
421
      255
463
1.0
 63
     2
421
 16776960
470
LINEAR
1001
GradientColor1ACI
1070
     5
1001
GradientColor2ACI
1070
     2
1001
ACAD
1010
0.0
1020
0.0
1030
0.0
  0
HATCH
  5
112A
330
1F
100
AcDbEntity
  8
column
  6
ACAD_ISO02W100
440
 33554687
370
   100
100
AcDbHatch
 10
0.0
 20
0.0
 30
0.0
210
0.0
220
0.0
230
1.0
  2
SOLID
 70
     1
 71
     0
 91
        1
 92
        1
 93
        4
 72
     1
 10
10880.50466455638
 20
11249.57570593007
 11
10879.75466455638
 21
11249.57570593007
 72
     1
 10
10879.75466455638
 20
11249.57570593007
 11
10879.75466455638
 21
11248.82570593007
 72
     1
 10
10879.75466455638
 20
11248.82570593007
 11
10880.50466455638
 21
11248.82570593007
 72
     1
 10
10880.50466455638
 20
11248.82570593007
 11
10880.50466455638
 21
11249.57570593007
 97
        0
 75
     1
 76
     1
 98
        1
 10
49.12211476861012
 20
-26.34584536184957
450
        0
451
        0
460
0.0
461
0.0
452
        0
462
0.0
453
        2
463
0.0
 63
     5
421
      255
463
1.0
 63
     2
421
 16776960
470
LINEAR
1001
GradientColor1ACI
1070
     5
1001
GradientColor2ACI
1070
     2
1001
ACAD
1010
0.0
1020
0.0
1030
0.0
  0
HATCH
  5
112B
330
1F
100
AcDbEntity
  8
0
  6
DASHED2
 62
    30
420
 16292126
440
 33554687
 48
2.0
370
     0
100
AcDbHatch
 10
0.0
 20
0.0
 30
0.0
210
0.0
220
0.0
230
1.0
  2
SOLID
 70
     1
 71
     1
 91
        1
 92
        1
 93
        1
 72
     2
 10
10904.07888842391
 20
11249.19548585682
 40
0.375
 50
0.0
 51
360.0
 73
     1
 97
        0
 75
     1
 76
     1
 98
        1
 10
57.99083205531497
 20
-23.78263599501043
450
        0
451
        0
460
0.0
461
0.0
452
        0
462
0.0
453
        2
463
0.0
 63
     5
421
      255
463
1.0
 63
     2
421
 16776960
470
LINEAR
1001
GradientColor1ACI
1070
     5
1001
GradientColor2ACI
1070
     2
1001
ACAD
1010
0.0
1020
0.0
1030
0.0
  0
HATCH
  5
112C
330
1F
100
AcDbEntity
  8
0
  6
DASHED2
 62
    30
420
 16292126
440
 33554687
 48
2.0
370
     0
100
AcDbHatch
 10
0.0
 20
0.0
 30
0.0
210
0.0
220
0.0
230
1.0
  2
SOLID
 70
     1
 71
     1
 91
        1
 92
        1
 93
        1
 72
     2
 10
10897.67900947169
 20
11249.19843261767
 40
0.375
 50
0.0
 51
360.0
 73
     1
 97
        0
 75
     1
 76
     1
 98
        1
 10
51.59095310309203
 20
-23.7796892341612
450
        0
451
        0
460
0.0
461
0.0
452
        0
462
0.0
453
        2
463
0.0
 63
     5
421
      255
463
1.0
 63
     2
421
 16776960
470
LINEAR
1001
GradientColor1ACI
1070
     5
1001
GradientColor2ACI
1070
     2
1001
ACAD
1010
0.0
1020
0.0
1030
0.0
  0
HATCH
  5
112D
330
1F
100
AcDbEntity
  8
0
  6
DASHED2
 62
    30
420
 16292126
440
 33554687
 48
2.0
370
     0
100
AcDbHatch
 10
0.0
 20
0.0
 30
0.0
210
0.0
220
0.0
230
1.0
  2
SOLID
 70
     1
 71
     1
 91
        1
 92
        1
 93
        1
 72
     2
 10
10890.27389408777
 20
11249.19692958656
 40
0.375
 50
0.0
 51
360.0
 73
     1
 97
        0
 75
     1
 76
     1
 98
        1
 10
44.18583771917474
 20
-23.78119226527269
450
        0
451
        0
460
0.0
461
0.0
452
        0
462
0.0
453
        2
463
0.0
 63
     5
421
      255
463
1.0
 63
     2
421
 16776960
470
LINEAR
1001
GradientColor1ACI
1070
     5
1001
GradientColor2ACI
1070
     2
1001
ACAD
1010
0.0
1020
0.0
1030
0.0
  0
HATCH
  5
112E
330
1F
100
AcDbEntity
  8
column
  6
ACAD_ISO02W100
440
 33554687
370
   100
100
AcDbHatch
 10
0.0
 20
0.0
 30
0.0
210
0.0
220
0.0
230
1.0
  2
SOLID
 70
     1
 71
     0
 91
        1
 92
        1
 93
        4
 72
     1
 10
10880.50466455638
 20
11242.29430467631
 11
10879.75466455638
 21
11242.29430467631
 72
     1
 10
10879.75466455638
 20
11242.29430467631
 11
10879.75466455638
 21
11241.54430467631
 72
     1
 10
10879.75466455638
 20
11241.54430467631
 11
10880.50466455638
 21
11241.54430467631
 72
     1
 10
10880.50466455638
 20
11241.54430467631
 11
10880.50466455638
 21
11242.29430467631
 97
        0
 75
     1
 76
     1
 98
        1
 10
49.12211476861012
 20
-33.62724661561515
450
        0
451
        0
460
0.0
461
0.0
452
        0
462
0.0
453
        2
463
0.0
 63
     5
421
      255
463
1.0
 63
     2
421
 16776960
470
LINEAR
1001
GradientColor1ACI
1070
     5
1001
GradientColor2ACI
1070
     2
1001
ACAD
1010
0.0
1020
0.0
1030
0.0
  0
HATCH
  5
112F
330
1F
100
AcDbEntity
  8
0
  6
DASHED2
 62
    30
420
 16292126
440
 33554687
 48
2.0
370
     0
100
AcDbHatch
 10
0.0
 20
0.0
 30
0.0
210
0.0
220
0.0
230
1.0
  2
SOLID
 70
     1
 71
     1
 91
        1
 92
        1
 93
        1
 72
     2
 10
10904.10337547117
 20
11241.92404959071
 40
0.375
 50
0.0
 51
360.0
 73
     1
 97
        0
 75
     1
 76
     1
 98
        1
 10
58.01531910256745
 20
-31.05407226112584
450
        0
451
        0
460
0.0
461
0.0
452
        0
462
0.0
453
        2
463
0.0
 63
     5
421
      255
463
1.0
 63
     2
421
 16776960
470
LINEAR
1001
GradientColor1ACI
1070
     5
1001
GradientColor2ACI
1070
     2
1001
ACAD
1010
0.0
1020
0.0
1030
0.0
  0
HATCH
  5
1130
330
1F
100
AcDbEntity
  8
0
  6
DASHED2
 62
    30
420
 16292126
440
 33554687
 48
2.0
370
     0
100
AcDbHatch
 10
0.0
 20
0.0
 30
0.0
210
0.0
220
0.0
230
1.0
  2
SOLID
 70
     1
 71
     1
 91
        1
 92
        1
 93
        1
 72
     2
 10
10897.67221066318
 20
11241.91405611535
 40
0.375
 50
0.0
 51
360.0
 73
     1
 97
        0
 75
     1
 76
     1
 98
        1
 10
51.58415429457637
 20
-31.06406573648383
450
        0
451
        0
460
0.0
461
0.0
452
        0
462
0.0
453
        2
463
0.0
 63
     5
421
      255
463
1.0
 63
     2
421
 16776960
470
LINEAR
1001
GradientColor1ACI
1070
     5
1001
GradientColor2ACI
1070
     2
1001
ACAD
1010
0.0
1020
0.0
1030
0.0
  0
HATCH
  5
1131
330
1F
100
AcDbEntity
  8
0
  6
DASHED2
 62
    30
420
 16292126
440
 33554687
 48
2.0
370
     0
100
AcDbHatch
 10
0.0
 20
0.0
 30
0.0
210
0.0
220
0.0
230
1.0
  2
SOLID
 70
     1
 71
     1
 91
        1
 92
        1
 93
        1
 72
     2
 10
10890.27389408777
 20
11241.9575749653
 40
0.375
 50
0.0
 51
360.0
 73
     1
 97
        0
 75
     1
 76
     1
 98
        1
 10
44.18583771917474
 20
-31.02054688652606
450
        0
451
        0
460
0.0
461
0.0
452
        0
462
0.0
453
        2
463
0.0
 63
     5
421
      255
463
1.0
 63
     2
421
 16776960
470
LINEAR
1001
GradientColor1ACI
1070
     5
1001
GradientColor2ACI
1070
     2
1001
ACAD
1010
0.0
1020
0.0
1030
0.0
  0
HATCH
  5
1132
330
1F
100
AcDbEntity
  8
column
  6
ACAD_ISO02W100
440
 33554687
370
   100
100
AcDbHatch
 10
0.0
 20
0.0
 30
0.0
210
0.0
220
0.0
230
1.0
  2
SOLID
 70
     1
 71
     0
 91
        1
 92
        1
 93
        4
 72
     1
 10
10914.84369900168
 20
11242.30725287243
 11
10914.09369900168
 21
11242.30725287243
 72
     1
 10
10914.09369900168
 20
11242.30725287243
 11
10914.09369900168
 21
11241.55725287243
 72
     1
 10
10914.09369900168
 20
11241.55725287243
 11
10914.84369900168
 21
11241.55725287243
 72
     1
 10
10914.84369900168
 20
11241.55725287243
 11
10914.84369900168
 21
11242.30725287243
 97
        0
 75
     1
 76
     1
 98
        1
 10
83.46114921390835
 20
-33.61429841949212
450
        0
451
        0
460
0.0
461
0.0
452
        0
462
0.0
453
        2
463
0.0
 63
     5
421
      255
463
1.0
 63
     2
421
 16776960
470
LINEAR
1001
GradientColor1ACI
1070
     5
1001
GradientColor2ACI
1070
     2
1001
ACAD
1010
0.0
1020
0.0
1030
0.0
  0
HATCH
  5
1133
330
1F
100
AcDbEntity
  8
column
  6
ACAD_ISO02W100
440
 33554687
370
   100
100
AcDbHatch
 10
0.0
 20
0.0
 30
0.0
210
0.0
220
0.0
230
1.0
  2
SOLID
 70
     1
 71
     0
 91
        1
 92
        1
 93
        4
 72
     1
 10
10914.85455686995
 20
11268.3832446212
 11
10914.10455686995
 21
11268.3832446212
 72
     1
 10
10914.10455686995
 20
11268.3832446212
 11
10914.10455686995
 21
11267.6332446212
 72
     1
 10
10914.10455686995
 20
11267.6332446212
 11
10914.85455686995
 21
11267.6332446212
 72
     1
 10
10914.85455686995
 20
11267.6332446212
 11
10914.85455686995
 21
11268.3832446212
 97
        0
 75
     1
 76
     1
 98
        1
 10
83.47200708218769
 20
-7.538306670719975
450
        0
451
        0
460
0.0
461
0.0
452
        0
462
0.0
453
        2
463
0.0
 63
     5
421
      255
463
1.0
 63
     2
421
 16776960
470
LINEAR
1001
GradientColor1ACI
1070
     5
1001
GradientColor2ACI
1070
     2
1001
ACAD
1010
0.0
1020
0.0
1030
0.0
  0
HATCH
  5
1134
330
1F
100
AcDbEntity
  8
column
  6
ACAD_ISO02W100
440
 33554687
370
   100
100
AcDbHatch
 10
0.0
 20
0.0
 30
0.0
210
0.0
220
0.0
230
1.0
  2
SOLID
 70
     1
 71
     0
 91
        1
 92
        1
 93
        4
 72
     1
 10
10880.49833782194
 20
11268.37465500067
 11
10879.74833782194
 21
11268.37465500067
 72
     1
 10
10879.74833782194
 20
11268.37465500067
 11
10879.74833782194
 21
11267.62465500067
 72
     1
 10
10879.74833782194
 20
11267.62465500067
 11
10880.49833782194
 21
11267.62465500067
 72
     1
 10
10880.49833782194
 20
11267.62465500067
 11
10880.49833782194
 21
11268.37465500067
 97
        0
 75
     1
 76
     1
 98
        1
 10
49.11578803417069
 20
-7.54689629124914
450
        0
451
        0
460
0.0
461
0.0
452
        0
462
0.0
453
        2
463
0.0
 63
     5
421
      255
463
1.0
 63
     2
421
 16776960
470
LINEAR
1001
GradientColor1ACI
1070
     5
1001
GradientColor2ACI
1070
     2
1001
ACAD
1010
0.0
1020
0.0
1030
0.0
  0
HATCH
  5
1135
330
1F
100
AcDbEntity
  8
column
  6
ACAD_ISO02W100
440
 33554687
370
   100
100
AcDbHatch
 10
0.0
 20
0.0
 30
0.0
210
0.0
220
0.0
230
1.0
  2
SOLID
 70
     1
 71
     0
 91
        1
 92
        1
 93
        4
 72
     1
 10
10884.25673914811
 20
11261.9935810124
 11
10883.50673914811
 21
11261.9935810124
 72
     1
 10
10883.50673914811
 20
11261.9935810124
 11
10883.50673914811
 21
11261.2435810124
 72
     1
 10
10883.50673914811
 20
11261.2435810124
 11
10884.25673914811
 21
11261.2435810124
 72
     1
 10
10884.25673914811
 20
11261.2435810124
 11
10884.25673914811
 21
11261.9935810124
 97
        0
 75
     1
 76
     1
 98
        1
 10
52.87418936033827
 20
-13.92797027952292
450
        0
451
        0
460
0.0
461
0.0
452
        0
462
0.0
453
        2
463
0.0
 63
     5
421
      255
463
1.0
 63
     2
421
 16776960
470
LINEAR
1001
GradientColor1ACI
1070
     5
1001
GradientColor2ACI
1070
     2
1001
ACAD
1010
0.0
1020
0.0
1030
0.0
  0
HATCH
  5
1136
330
1F
100
AcDbEntity
  8
column
  6
ACAD_ISO02W100
440
 33554687
370
   100
100
AcDbHatch
 10
0.0
 20
0.0
 30
0.0
210
0.0
220
0.0
230
1.0
  2
SOLID
 70
     1
 71
     0
 91
        1
 92
        1
 93
        4
 72
     1
 10
10880.48046232932
 20
11261.9935810124
 11
10879.73046232932
 21
11261.9935810124
 72
     1
 10
10879.73046232932
 20
11261.9935810124
 11
10879.73046232932
 21
11261.2435810124
 72
     1
 10
10879.73046232932
 20
11261.2435810124
 11
10880.48046232932
 21
11261.2435810124
 72
     1
 10
10880.48046232932
 20
11261.2435810124
 11
10880.48046232932
 21
11261.9935810124
 97
        0
 75
     1
 76
     1
 98
        1
 10
49.09791254155425
 20
-13.92797027952292
450
        0
451
        0
460
0.0
461
0.0
452
        0
462
0.0
453
        2
463
0.0
 63
     5
421
      255
463
1.0
 63
     2
421
 16776960
470
LINEAR
1001
GradientColor1ACI
1070
     5
1001
GradientColor2ACI
1070
     2
1001
ACAD
1010
0.0
1020
0.0
1030
0.0
  0
HATCH
  5
1139
330
1F
100
AcDbEntity
  8
column
  6
ACAD_ISO02W100
440
 33554687
370
   100
100
AcDbHatch
 10
0.0
 20
0.0
 30
0.0
210
0.0
220
0.0
230
1.0
  2
SOLID
 70
     1
 71
     0
 91
        1
 92
        1
 93
        4
 72
     1
 10
10799.5073593408
 20
11255.98943919073
 11
10798.7573593408
 21
11255.98943919073
 72
     1
 10
10798.7573593408
 20
11255.98943919073
 11
10798.7573593408
 21
11255.23943919073
 72
     1
 10
10798.7573593408
 20
11255.23943919073
 11
10799.5073593408
 21
11255.23943919073
 72
     1
 10
10799.5073593408
 20
11255.23943919073
 11
10799.5073593408
 21
11255.98943919073
 97
        0
 75
     1
 76
     1
 98
        1
 10
-31.87519044697183
 20
-19.93211210118716
450
        0
451
        0
460
0.0
461
0.0
452
        0
462
0.0
453
        2
463
0.0
 63
     5
421
      255
463
1.0
 63
     2
421
 16776960
470
LINEAR
1001
GradientColor1ACI
1070
     5
1001
GradientColor2ACI
1070
     2
1001
ACAD
1010
0.0
1020
0.0
1030
0.0
  0
HATCH
  5
113C
330
1F
100
AcDbEntity
  8
column
  6
ACAD_ISO02W100
440
 33554687
370
   100
100
AcDbHatch
 10
0.0
 20
0.0
 30
0.0
210
0.0
220
0.0
230
1.0
  2
SOLID
 70
     1
 71
     0
 91
        1
 92
        1
 93
        4
 72
     1
 10
10880.49433731043
 20
11255.99861211513
 11
10879.74433731043
 21
11255.99861211513
 72
     1
 10
10879.74433731043
 20
11255.99861211513
 11
10879.74433731043
 21
11255.24861211513
 72
     1
 10
10879.74433731043
 20
11255.24861211513
 11
10880.49433731043
 21
11255.24861211513
 72
     1
 10
10880.49433731043
 20
11255.24861211513
 11
10880.49433731043
 21
11255.99861211513
 97
        0
 75
     1
 76
     1
 98
        1
 10
49.1117875226646
 20
-19.92293917678762
450
        0
451
        0
460
0.0
461
0.0
452
        0
462
0.0
453
        2
463
0.0
 63
     5
421
      255
463
1.0
 63
     2
421
 16776960
470
LINEAR
1001
GradientColor1ACI
1070
     5
1001
GradientColor2ACI
1070
     2
1001
ACAD
1010
0.0
1020
0.0
1030
0.0
  0
HATCH
  5
113D
330
1F
100
AcDbEntity
  8
column
  6
ACAD_ISO02W100
440
 33554687
370
   100
100
AcDbHatch
 10
0.0
 20
0.0
 30
0.0
210
0.0
220
0.0
230
1.0
  2
SOLID
 70
     1
 71
     0
 91
        1
 92
        1
 93
        4
 72
     1
 10
10884.60389696588
 20
11255.98943919073
 11
10883.85389696588
 21
11255.98943919073
 72
     1
 10
10883.85389696588
 20
11255.98943919073
 11
10883.85389696588
 21
11255.23943919073
 72
     1
 10
10883.85389696588
 20
11255.23943919073
 11
10884.60389696588
 21
11255.23943919073
 72
     1
 10
10884.60389696588
 20
11255.23943919073
 11
10884.60389696588
 21
11255.98943919073
 97
        0
 75
     1
 76
     1
 98
        1
 10
53.22134717811241
 20
-19.93211210118716
450
        0
451
        0
460
0.0
461
0.0
452
        0
462
0.0
453
        2
463
0.0
 63
     5
421
      255
463
1.0
 63
     2
421
 16776960
470
LINEAR
1001
GradientColor1ACI
1070
     5
1001
GradientColor2ACI
1070
     2
1001
ACAD
1010
0.0
1020
0.0
1030
0.0
  0
LINE
  5
113E
330
1F
100
AcDbEntity
  8
window
370
   100
100
AcDbLine
 10
10879.75191504762
 20
11238.3978290903
 30
0.0
 11
10880.05191504779
 21
11238.3978290903
 31
0.0
  0
LINE
  5
113F
330
1F
100
AcDbEntity
  8
window
370
   100
100
AcDbLine
 10
10880.05191504779
 20
11237.5978290903
 30
0.0
 11
10879.75191504761
 21
11237.5978290903
 31
0.0
  0
LINE
  5
1140
330
1F
100
AcDbEntity
  8
window
370
   100
100
AcDbLine
 10
10880.05191504779
 20
11238.3978290903
 30
0.0
 11
10879.9019150478
 21
11238.3978290903
 31
0.0
  0
LINE
  5
1141
330
1F
100
AcDbEntity
  8
window
370
   100
100
AcDbLine
 10
10879.8919150478
 20
11238.3978290903
 30
0.0
 11
10879.8919150478
 21
11237.5978290903
 31
0.0
  0
LINE
  5
1142
330
1F
100
AcDbEntity
  8
window
370
   100
100
AcDbLine
 10
10879.9119150478
 20
11238.3978290903
 30
0.0
 11
10879.9119150478
 21
11237.5978290903
 31
0.0
  0
LINE
  5
1143
330
1F
100
AcDbEntity
  8
chajja
  6
ACAD_ISO03W100
 48
0.002
370
     0
100
AcDbLine
 10
10879.74927322527
 20
11237.5978290903
 30
0.0
 11
10879.17688619603
 21
11237.5978290903
 31
0.0
  0
LINE
  5
1144
330
1F
100
AcDbEntity
  8
chajja
  6
ACAD_ISO03W100
 48
0.002
370
     0
100
AcDbLine
 10
10879.74927322531
 20
11238.3978290903
 30
0.0
 11
10879.17688619603
 21
11238.3978290903
 31
0.0
  0
LINE
  5
1145
330
1F
100
AcDbEntity
  8
chajja
  6
ACAD_ISO03W100
 48
0.002
370
     0
100
AcDbLine
 10
10879.17688619603
 20
11237.5978290903
 30
0.0
 11
10879.17688619604
 21
11238.3978290903
 31
0.0
  0
MTEXT
  5
1146
330
1F
100
AcDbEntity
  8
0
  6
ACAD_ISO02W100
 48
2.0
370
     0
100
AcDbMText
 10
10879.45928928478
 20
11237.83872186576
 30
0.0
 40
0.175
 41
0.3793392954266892
 46
0.0
 71
     1
 72
     5
  1
\pxqc;W
 11
0.0000000000000001
 21
1.0
 31
0.0
 73
     1
 44
1.0
101
Embedded Object
 70
     1
 10
0.0000000000000001
 20
1.0
 30
0.0
 11
10879.45928928478
 21
11237.83872186576
 31
0.0
 40
0.3793392954266892
 41
0.0
 42
0.2250170532060027
 43
0.175
 71
     2
 72
     1
 44
0.3793392954266892
 45
12.5
 73
     0
 74
     0
 46
0.0
  0
LINE
  5
1147
330
1F
100
AcDbEntity
  8
window
370
   100
100
AcDbLine
 10
10879.75191504762
 20
11245.35881706326
 30
0.0
 11
10880.05191504779
 21
11245.35881706326
 31
0.0
  0
LINE
  5
1148
330
1F
100
AcDbEntity
  8
window
370
   100
100
AcDbLine
 10
10880.05191504779
 20
11244.55881706326
 30
0.0
 11
10879.75191504761
 21
11244.55881706326
 31
0.0
  0
LINE
  5
1149
330
1F
100
AcDbEntity
  8
window
370
   100
100
AcDbLine
 10
10880.05191504779
 20
11245.35881706326
 30
0.0
 11
10879.9019150478
 21
11245.35881706326
 31
0.0
  0
LINE
  5
114A
330
1F
100
AcDbEntity
  8
window
370
   100
100
AcDbLine
 10
10879.8919150478
 20
11245.35881706326
 30
0.0
 11
10879.8919150478
 21
11244.55881706326
 31
0.0
  0
LINE
  5
114B
330
1F
100
AcDbEntity
  8
window
370
   100
100
AcDbLine
 10
10879.9119150478
 20
11245.35881706326
 30
0.0
 11
10879.9119150478
 21
11244.55881706326
 31
0.0
  0
LINE
  5
114C
330
1F
100
AcDbEntity
  8
chajja
  6
ACAD_ISO03W100
 48
0.002
370
     0
100
AcDbLine
 10
10879.74927322527
 20
11244.55881706326
 30
0.0
 11
10879.17688619603
 21
11244.55881706326
 31
0.0
  0
LINE
  5
114D
330
1F
100
AcDbEntity
  8
chajja
  6
ACAD_ISO03W100
 48
0.002
370
     0
100
AcDbLine
 10
10879.74927322531
 20
11245.35881706326
 30
0.0
 11
10879.17688619603
 21
11245.35881706326
 31
0.0
  0
LINE
  5
114E
330
1F
100
AcDbEntity
  8
chajja
  6
ACAD_ISO03W100
 48
0.002
370
     0
100
AcDbLine
 10
10879.17688619603
 20
11244.55881706326
 30
0.0
 11
10879.17688619604
 21
11245.35881706326
 31
0.0
  0
MTEXT
  5
114F
330
1F
100
AcDbEntity
  8
0
  6
ACAD_ISO02W100
 48
2.0
370
     0
100
AcDbMText
 10
10879.45928928478
 20
11244.79970983872
 30
0.0
 40
0.175
 41
0.3793392954266892
 46
0.0
 71
     1
 72
     5
  1
\pxqc;W
 11
0.0000000000000001
 21
1.0
 31
0.0
 73
     1
 44
1.0
101
Embedded Object
 70
     1
 10
0.0000000000000001
 20
1.0
 30
0.0
 11
10879.45928928478
 21
11244.79970983872
 31
0.0
 40
0.3793392954266892
 41
0.0
 42
0.2250170532060027
 43
0.175
 71
     2
 72
     1
 44
0.3793392954266892
 45
12.5
 73
     0
 74
     0
 46
0.0
  0
LINE
  5
1150
330
1F
100
AcDbEntity
  8
window
370
   100
100
AcDbLine
 10
10879.75191504762
 20
11252.68905469813
 30
0.0
 11
10880.05191504779
 21
11252.68905469813
 31
0.0
  0
LINE
  5
1151
330
1F
100
AcDbEntity
  8
window
370
   100
100
AcDbLine
 10
10880.05191504779
 20
11251.88905469814
 30
0.0
 11
10879.75191504761
 21
11251.88905469814
 31
0.0
  0
LINE
  5
1152
330
1F
100
AcDbEntity
  8
window
370
   100
100
AcDbLine
 10
10880.05191504779
 20
11252.68905469813
 30
0.0
 11
10879.9019150478
 21
11252.68905469813
 31
0.0
  0
LINE
  5
1153
330
1F
100
AcDbEntity
  8
window
370
   100
100
AcDbLine
 10
10879.8919150478
 20
11252.68905469813
 30
0.0
 11
10879.8919150478
 21
11251.88905469814
 31
0.0
  0
LINE
  5
1154
330
1F
100
AcDbEntity
  8
window
370
   100
100
AcDbLine
 10
10879.9119150478
 20
11252.68905469813
 30
0.0
 11
10879.9119150478
 21
11251.88905469814
 31
0.0
  0
LINE
  5
1155
330
1F
100
AcDbEntity
  8
chajja
  6
ACAD_ISO03W100
 48
0.002
370
     0
100
AcDbLine
 10
10879.74927322527
 20
11251.88905469814
 30
0.0
 11
10879.17688619603
 21
11251.88905469814
 31
0.0
  0
LINE
  5
1156
330
1F
100
AcDbEntity
  8
chajja
  6
ACAD_ISO03W100
 48
0.002
370
     0
100
AcDbLine
 10
10879.74927322531
 20
11252.68905469813
 30
0.0
 11
10879.17688619603
 21
11252.68905469813
 31
0.0
  0
LINE
  5
1157
330
1F
100
AcDbEntity
  8
chajja
  6
ACAD_ISO03W100
 48
0.002
370
     0
100
AcDbLine
 10
10879.17688619603
 20
11251.88905469814
 30
0.0
 11
10879.17688619604
 21
11252.68905469813
 31
0.0
  0
MTEXT
  5
1158
330
1F
100
AcDbEntity
  8
0
  6
ACAD_ISO02W100
 48
2.0
370
     0
100
AcDbMText
 10
10879.45928928478
 20
11252.12994747359
 30
0.0
 40
0.175
 41
0.3793392954266892
 46
0.0
 71
     1
 72
     5
  1
\pxqc;W
 11
0.0000000000000001
 21
1.0
 31
0.0
 73
     1
 44
1.0
101
Embedded Object
 70
     1
 10
0.0000000000000001
 20
1.0
 30
0.0
 11
10879.45928928478
 21
11252.12994747359
 31
0.0
 40
0.3793392954266892
 41
0.0
 42
0.2250170532060027
 43
0.175
 71
     2
 72
     1
 44
0.3793392954266892
 45
12.5
 73
     0
 74
     0
 46
0.0
  0
LINE
  5
1159
330
1F
100
AcDbEntity
  8
0
100
AcDbLine
 10
10898.3792907582
 20
11242.80542590792
 30
0.0
 11
10901.33456015167
 21
11243.32154877315
 31
0.0
  0
LINE
  5
115A
330
1F
100
AcDbEntity
  8
0
100
AcDbLine
 10
10898.3792907582
 20
11242.80542590792
 30
0.0
 11
10900.70994500579
 21
11237.82365405665
 31
0.0
  0
LINE
  5
115B
330
1F
100
AcDbEntity
  8
0
100
AcDbLine
 10
10901.33456015167
 20
11243.32154877315
 30
0.0
 11
10903.66521439926
 21
11238.33977692188
 31
0.0
  0
LINE
  5
115C
330
1F
100
AcDbEntity
  8
0
100
AcDbLine
 10
10900.70994500579
 20
11237.82365405665
 30
0.0
 11
10903.66521439926
 21
11238.33977692188
 31
0.0
  0
MTEXT
  5
115D
330
1F
100
AcDbEntity
  8
0
100
AcDbMText
 10
10899.99387245314
 20
11240.92738074458
 30
0.0
 40
0.35
 41
1.831773302867077
 46
0.0
 71
     1
 72
     5
  1
\pxqc;{\fArtifakt Element Medium|b0|i0|c0|p34;CAR 2}
 73
     1
 44
1.0
101
Embedded Object
 70
     1
 10
1.0
 20
0.0
 30
0.0
 11
10899.99387245314
 21
11240.92738074458
 31
0.0
 40
1.831773302867077
 41
0.0
 42
1.268499999999999
 43
0.362
 71
     2
 72
     1
 44
1.831773302867077
 45
12.5
 73
     0
 74
     0
 46
0.0
  0
LINE
  5
115E
330
1F
100
AcDbEntity
  8
0
100
AcDbLine
 10
10907.93158373479
 20
11241.83340994997
 30
0.0
 11
10910.88685312826
 21
11242.3495328152
 31
0.0
  0
LINE
  5
115F
330
1F
100
AcDbEntity
  8
0
100
AcDbLine
 10
10907.93158373479
 20
11241.83340994997
 30
0.0
 11
10910.26223798238
 21
11236.85163809869
 31
0.0
  0
LINE
  5
1160
330
1F
100
AcDbEntity
  8
0
100
AcDbLine
 10
10910.88685312826
 20
11242.3495328152
 30
0.0
 11
10913.21750737585
 21
11237.36776096392
 31
0.0
  0
LINE
  5
1161
330
1F
100
AcDbEntity
  8
0
100
AcDbLine
 10
10910.26223798238
 20
11236.85163809869
 30
0.0
 11
10913.21750737585
 21
11237.36776096392
 31
0.0
  0
MTEXT
  5
1162
330
1F
100
AcDbEntity
  8
0
100
AcDbMText
 10
10909.54616542973
 20
11239.95536478662
 30
0.0
 40
0.35
 41
1.831773302867077
 46
0.0
 71
     1
 72
     5
  1
\pxqc;{\fArtifakt Element Medium|b0|i0|c0|p34;CAR 2}
 73
     1
 44
1.0
101
Embedded Object
 70
     1
 10
1.0
 20
0.0
 30
0.0
 11
10909.54616542973
 21
11239.95536478662
 31
0.0
 40
1.831773302867077
 41
0.0
 42
1.268499999999999
 43
0.362
 71
     2
 72
     1
 44
1.831773302867077
 45
12.5
 73
     0
 74
     0
 46
0.0
  0
LINE
  5
1163
330
1F
100
AcDbEntity
  8
0
  6
ByBlock
 48
2.0
370
   100
100
AcDbLine
 10
10882.96880065923
 20
11246.85852920215
 30
0.0
 11
10887.96880065923
 21
11246.85852920215
 31
0.0
  0
LINE
  5
1164
330
1F
100
AcDbEntity
  8
0
  6
ByBlock
 48
2.0
370
   100
100
AcDbLine
 10
10887.96880065923
 20
11246.85852920215
 30
0.0
 11
10887.96880065923
 21
11243.85852920215
 31
0.0
  0
LINE
  5
1165
330
1F
100
AcDbEntity
  8
0
  6
ByBlock
 48
2.0
370
   100
100
AcDbLine
 10
10887.96880065923
 20
11243.85852920215
 30
0.0
 11
10882.96880065923
 21
11243.85852920215
 31
0.0
  0
LINE
  5
1166
330
1F
100
AcDbEntity
  8
0
  6
ByBlock
 48
2.0
370
   100
100
AcDbLine
 10
10882.96880065923
 20
11243.85852920215
 30
0.0
 11
10882.96880065923
 21
11246.85852920215
 31
0.0
  0
CIRCLE
  5
1167
330
1F
100
AcDbEntity
  8
0
 48
2.0
370
     0
100
AcDbCircle
 10
10894.23866158339
 20
11239.34384095682
 30
0.0
 40
1.939999999999999
  0
MTEXT
  5
1168
330
1F
100
AcDbEntity
  8
0
100
AcDbMText
 10
10893.31707579109
 20
11239.8067306475
 30
0.0
 40
0.35
 41
1.831773302867077
 46
0.0
 71
     1
 72
     5
  1
\pxqc;{\fArtifakt Element Medium|b0|i0|c0|p34;SEATING AREA}
 73
     1
 44
1.0
101
Embedded Object
 70
     1
 10
1.0
 20
0.0
 30
0.0
 11
10893.31707579109
 21
11239.8067306475
 31
0.0
 40
1.831773302867077
 41
0.0
 42
2.052499999999999
 43
0.9393333333333334
 71
     2
 72
     1
 44
1.831773302867077
 45
12.5
 73
     0
 74
     0
 46
0.0
  0
ARC
  5
1169
330
1F
100
AcDbEntity
  8
0
 48
2.0
370
     0
100
AcDbCircle
 10
10904.67734456281
 20
11245.75792715287
 30
0.0
 40
1.818861329821963
100
AcDbArc
 50
270.0
 51
90.0
  0
ARC
  5
116A
330
1F
100
AcDbEntity
  8
0
 48
2.0
370
     0
100
AcDbCircle
 10
10904.67734456281
 20
11245.75792715287
 30
0.0
 40
1.310999999999999
100
AcDbArc
 50
270.0
 51
90.0
  0
MTEXT
  5
116C
330
1F
100
AcDbEntity
  8
0
100
AcDbMText
 10
10904.38740705561
 20
11245.98935053656
 30
0.0
 40
0.275
 41
1.831773302867077
 46
0.0
 71
     1
 72
     5
  1
\pxqc;{\fArtifakt Element Medium|b0|i0|c0|p34;RECEP}
 73
     1
 44
1.0
101
Embedded Object
 70
     1
 10
1.0
 20
0.0
 30
0.0
 11
10904.38740705561
 21
11245.98935053656
 31
0.0
 40
1.831773302867077
 41
0.0
 42
1.125142857142857
 43
0.2844285714285715
 71
     2
 72
     1
 44
1.831773302867077
 45
12.5
 73
     0
 74
     0
 46
0.0
  0
LINE
  5
116D
330
1F
100
AcDbEntity
  8
0
  6
ByBlock
 48
2.0
370
   100
100
AcDbLine
 10
10904.67734456281
 20
11247.5767884827
 30
0.0
 11
10904.67734456281
 21
11243.93906582305
 31
0.0
  0
HATCH
  5
116E
330
1F
100
AcDbEntity
  8
column
  6
ACAD_ISO02W100
440
 33554687
370
   100
100
AcDbHatch
 10
0.0
 20
0.0
 30
0.0
210
0.0
220
0.0
230
1.0
  2
SOLID
 70
     1
 71
     0
 91
        1
 92
        1
 93
        4
 72
     1
 10
10912.34369900168
 20
11247.37755127102
 11
10911.59369900168
 21
11247.37755127102
 72
     1
 10
10911.59369900168
 20
11247.37755127102
 11
10911.59369900168
 21
11246.62755127102
 72
     1
 10
10911.59369900168
 20
11246.62755127102
 11
10912.34369900168
 21
11246.62755127102
 72
     1
 10
10912.34369900168
 20
11246.62755127102
 11
10912.34369900168
 21
11247.37755127102
 97
        0
 75
     1
 76
     1
 98
        1
 10
80.96114921390835
 20
-28.54400002089824
450
        0
451
        0
460
0.0
461
0.0
452
        0
462
0.0
453
        2
463
0.0
 63
     5
421
      255
463
1.0
 63
     2
421
 16776960
470
LINEAR
1001
GradientColor1ACI
1070
     5
1001
GradientColor2ACI
1070
     2
1001
ACAD
1010
0.0
1020
0.0
1030
0.0
  0
HATCH
  5
116F
330
1F
100
AcDbEntity
  8
column
  6
ACAD_ISO02W100
440
 33554687
370
   100
100
AcDbHatch
 10
0.0
 20
0.0
 30
0.0
210
0.0
220
0.0
230
1.0
  2
SOLID
 70
     1
 71
     0
 91
        1
 92
        1
 93
        4
 72
     1
 10
10914.84369900168
 20
11247.37755127102
 11
10914.09369900168
 21
11247.37755127102
 72
     1
 10
10914.09369900168
 20
11247.37755127102
 11
10914.09369900168
 21
11246.62755127102
 72
     1
 10
10914.09369900168
 20
11246.62755127102
 11
10914.84369900168
 21
11246.62755127102
 72
     1
 10
10914.84369900168
 20
11246.62755127102
 11
10914.84369900168
 21
11247.37755127102
 97
        0
 75
     1
 76
     1
 98
        1
 10
83.46114921390835
 20
-28.54400002089824
450
        0
451
        0
460
0.0
461
0.0
452
        0
462
0.0
453
        2
463
0.0
 63
     5
421
      255
463
1.0
 63
     2
421
 16776960
470
LINEAR
1001
GradientColor1ACI
1070
     5
1001
GradientColor2ACI
1070
     2
1001
ACAD
1010
0.0
1020
0.0
1030
0.0
  0
LINE
  5
1175
330
1F
100
AcDbEntity
  8
0
  6
ByBlock
 48
2.0
370
   100
100
AcDbLine
 10
11094.76061369303
 20
11362.168269108
 30
0.0
 11
11094.76061369303
 21
11322.168269108
 31
0.0
  0
LINE
  5
1177
330
1F
100
AcDbEntity
  8
0
  6
ByBlock
 48
2.0
370
   100
100
AcDbLine
 10
11128.76061369303
 20
11322.168269108
 30
0.0
 11
11128.76061369303
 21
11362.168269108
 31
0.0
  0
LINE
  5
1178
102
{ACAD_REACTORS
330
1441
102
}
330
1F
100
AcDbEntity
  8
0
  6
ByBlock
 48
2.0
370
   100
100
AcDbLine
 10
11128.76061369303
 20
11362.168269108
 30
0.0
 11
11094.76061369303
 21
11362.168269108
 31
0.0
  0
HATCH
  5
117B
330
1F
100
AcDbEntity
  8
0
  6
Continuous
440
 33554664
 48
2.0
370
   100
100
AcDbHatch
 10
0.0
 20
0.0
 30
0.0
210
0.0
220
0.0
230
1.0
  2
JIS_WOOD
 70
     0
 71
     0
 91
        1
 92
        1
 93
        4
 72
     1
 10
11128.76426056284
 20
11362.168269108
 11
11128.76061369303
 21
11322.168269108
 72
     1
 10
11128.76061369303
 20
11322.168269108
 11
11094.76061369303
 21
11322.168269108
 72
     1
 10
11094.76061369303
 20
11322.168269108
 11
11094.76426056284
 21
11362.168269108
 72
     1
 10
11094.76426056284
 20
11362.168269108
 11
11128.76426056284
 21
11362.168269108
 97
        0
 75
     1
 76
     1
 52
0.0
 41
2.799999999999999
 77
     0
 78
     1
 53
45.0
 43
10887.17741253186
 44
11331.22483207387
 45
-1.399999997650755
 46
1.399999997650755
 79
     0
 98
        1
 10
229.6227153847431
 20
16.79004561654074
1001
GradientColor1ACI
1070
     5
1001
GradientColor2ACI
1070
     2
1001
ACAD
1010
10894.40515686995
1020
11311.7931306139
1030
0.0
  0
LINE
  5
117C
330
1F
100
AcDbEntity
  8
0
  6
ByBlock
 48
2.0
370
   100
100
AcDbLine
 10
11128.76061369303
 20
11339.67470998955
 30
0.0
 11
11128.76061369303
 21
11339.67470998955
 31
0.0
  0
LINE
  5
117E
330
1F
100
AcDbEntity
  8
0
  6
ByBlock
 48
2.0
370
   100
100
AcDbLine
 10
11133.76061369303
 20
11339.67470998955
 30
0.0
 11
11133.76061369303
 21
11362.168269108
 31
0.0
  0
LINE
  5
117F
102
{ACAD_REACTORS
330
1411
102
}
330
1F
100
AcDbEntity
  8
0
  6
ByBlock
 48
2.0
370
   100
100
AcDbLine
 10
11128.76061369303
 20
11362.168269108
 30
0.0
 11
11112.78876621564
 21
11362.168269108
 31
0.0
  0
LINE
  5
1181
330
1F
100
AcDbEntity
  8
0
  6
ByBlock
 48
2.0
370
   100
100
AcDbLine
 10
11112.78876621564
 20
11367.168269108
 30
0.0
 11
11094.76061369303
 21
11367.168269108
 31
0.0
  0
LINE
  5
1183
102
{ACAD_REACTORS
330
1411
102
}
330
1F
100
AcDbEntity
  8
0
  6
ByBlock
 48
2.0
370
   100
100
AcDbLine
 10
11094.76061369303
 20
11362.168269108
 30
0.0
 11
11094.76061369303
 21
11344.98204770641
 31
0.0
  0
LINE
  5
1185
330
1F
100
AcDbEntity
  8
0
  6
ByBlock
 48
2.0
370
   100
100
AcDbLine
 10
11084.76061369303
 20
11344.98204770641
 30
0.0
 11
11084.76061369303
 21
11367.168269108
 31
0.0
  0
LINE
  5
1186
330
1F
100
AcDbEntity
  8
0
  6
ByBlock
 48
2.0
370
   100
100
AcDbLine
 10
11084.76061369303
 20
11367.168269108
 30
0.0
 11
11094.76061369303
 21
11367.168269108
 31
0.0
  0
LINE
  5
1187
330
1F
100
AcDbEntity
  8
0
  6
ByBlock
 48
2.0
370
   100
100
AcDbLine
 10
11094.76061369303
 20
11367.168269108
 30
0.0
 11
11133.76061369303
 21
11367.168269108
 31
0.0
  0
LINE
  5
1188
330
1F
100
AcDbEntity
  8
0
  6
ByBlock
 48
2.0
370
   100
100
AcDbLine
 10
11133.76061369303
 20
11367.168269108
 30
0.0
 11
11133.76061369303
 21
11362.168269108
 31
0.0
  0
LINE
  5
1189
330
1F
100
AcDbEntity
  8
0
  6
ByBlock
 48
2.0
370
   100
100
AcDbLine
 10
11133.76061369303
 20
11362.168269108
 30
0.0
 11
11133.76061369303
 21
11317.168269108
 31
0.0
  0
LINE
  5
118D
330
1F
100
AcDbEntity
  8
0
  6
ByBlock
 48
2.0
370
   100
100
AcDbLine
 10
11104.25493859187
 20
11312.43864247501
 30
0.0
 11
11084.94317492066
 21
11312.438642475
 31
0.0
  0
LINE
  5
118E
330
1F
100
AcDbEntity
  8
0
  6
ByBlock
 48
2.0
370
   100
100
AcDbLine
 10
11084.76061369303
 20
11317.168269108
 30
0.0
 11
11084.76061369303
 21
11344.98204770641
 31
0.0
  0
LINE
  5
118F
102
{ACAD_REACTORS
330
150A
330
1510
102
}
330
1F
100
AcDbEntity
  8
0
  6
ByBlock
 48
2.0
370
   100
100
AcDbLine
 10
11104.25493859187
 20
11312.43864247501
 30
0.0
 11
11133.94317492066
 21
11312.43864247501
 31
0.0
  0
LINE
  5
1190
330
1F
100
AcDbEntity
  8
0
  6
ByBlock
 48
2.0
370
   100
100
AcDbLine
 10
11084.94317492066
 20
11312.438642475
 30
0.0
 11
11071.7778421344
 21
11312.438642475
 31
0.0
  0
LINE
  5
1191
330
1F
100
AcDbEntity
  8
0
  6
ByBlock
 48
2.0
370
   100
100
AcDbLine
 10
11133.94317492066
 20
11312.43864247501
 30
0.0
 11
11147.94900997894
 21
11312.43864247501
 31
0.0
  0
LINE
  5
1192
330
1F
100
AcDbEntity
  8
0
  6
ByBlock
 48
2.0
370
   100
100
AcDbLine
 10
11072.94771869643
 20
11302.71653586517
 30
0.0
 11
11147.94900997894
 21
11302.71653586517
 31
0.0
  0
LINE
  5
1195
330
1F
100
AcDbEntity
  8
0
  6
ByBlock
 48
2.0
370
   100
100
AcDbLine
 10
11010.14112764511
 20
11283.2848344052
 30
0.0
 11
11011.31100420714
 21
11283.2848344052
 31
0.0
  0
LINE
  5
1196
330
1F
100
AcDbEntity
  8
0
  6
ByBlock
 48
2.0
370
   100
100
AcDbLine
 10
11096.90048153267
 20
11272.29219779213
 30
0.0
 11
11095.90048153267
 21
11272.29219779213
 31
0.0
  0
LINE
  5
1197
330
1F
100
AcDbEntity
  8
0
  6
ByBlock
 48
2.0
370
   100
100
AcDbLine
 10
11095.90048153267
 20
11272.29219779213
 30
0.0
 11
11095.90048153267
 21
11275.29219779213
 31
0.0
  0
LINE
  5
1198
330
1F
100
AcDbEntity
  8
0
  6
ByBlock
 48
2.0
370
   100
100
AcDbLine
 10
11095.90048153267
 20
11275.29219779213
 30
0.0
 11
11095.70048153267
 21
11275.29219779213
 31
0.0
  0
LINE
  5
1199
330
1F
100
AcDbEntity
  8
0
  6
ByBlock
 48
2.0
370
   100
100
AcDbLine
 10
11095.70048153267
 20
11275.29219779213
 30
0.0
 11
11095.70048153267
 21
11273.99219779213
 31
0.0
  0
LINE
  5
119A
330
1F
100
AcDbEntity
  8
0
  6
ByBlock
 48
2.0
370
   100
100
AcDbLine
 10
11095.70048153267
 20
11273.79219779213
 30
0.0
 11
11092.90048153267
 21
11273.79219779213
 31
0.0
  0
LINE
  5
119C
330
1F
100
AcDbEntity
  8
0
  6
ByBlock
 48
2.0
370
   100
100
AcDbLine
 10
11092.90048153267
 20
11273.99219779213
 30
0.0
 11
11095.70048153267
 21
11273.99219779213
 31
0.0
  0
LINE
  5
11BF
330
1F
100
AcDbEntity
  8
0
  6
ACAD_ISO03W100
 48
0.1
370
   100
100
AcDbLine
 10
11073.81982796078
 20
11307.44616249816
 30
0.0
 11
11150.42127455144
 21
11307.44616249816
 31
0.0
  0
MTEXT
  5
11C0
330
1F
100
AcDbEntity
  8
0
  6
ByBlock
 48
2.0
370
   100
100
AcDbMText
 10
11106.22565797888
 20
11301.33190129382
 30
0.0
 40
1.0
 41
23.98583439466711
 46
0.0
 71
     1
 72
     5
  1
SITE PLAN (SCALE - 1:500)
 73
     1
 44
1.0
101
Embedded Object
 70
     1
 10
1.0
 20
0.0
 30
0.0
 11
11106.22565797888
 21
11301.33190129382
 31
0.0
 40
23.98583439466711
 41
0.0
 42
17.66643929058663
 43
1.311050477489767
 71
     2
 72
     1
 44
23.98583439466711
 45
12.5
 73
     0
 74
     0
 46
0.0
  0
MTEXT
  5
11C1
330
1F
100
AcDbEntity
  8
0
  6
ByBlock
 48
2.0
370
   100
100
AcDbMText
 10
11169.39541526361
 20
11268.03204489429
 30
0.0
 40
1.0
 41
23.98583439466711
 46
0.0
 71
     1
 72
     5
  1
SECTION A-A'
 73
     1
 44
1.0
101
Embedded Object
 70
     1
 10
1.0
 20
0.0
 30
0.0
 11
11169.39541526361
 21
11268.03204489429
 31
0.0
 40
23.98583439466711
 41
0.0
 42
9.064802182810367
 43
1.034788540245566
 71
     2
 72
     1
 44
23.98583439466711
 45
12.5
 73
     0
 74
     0
 46
0.0
  0
MTEXT
  5
11C2
330
1F
100
AcDbEntity
  8
0
  6
ByBlock
 48
2.0
370
   100
100
AcDbMText
 10
11103.61850320962
 20
11232.26072110534
 30
0.0
 40
1.0
 41
23.98583439466711
 46
0.0
 71
     1
 72
     5
  1
BASEMENT PLAN
 73
     1
 44
1.0
101
Embedded Object
 70
     1
 10
1.0
 20
0.0
 30
0.0
 11
11103.61850320962
 21
11232.26072110534
 31
0.0
 40
23.98583439466711
 41
0.0
 42
11.50545702592087
 43
1.034106412005456
 71
     2
 72
     1
 44
23.98583439466711
 45
12.5
 73
     0
 74
     0
 46
0.0
  0
MTEXT
  5
11C3
330
1F
100
AcDbEntity
  8
0
  6
ByBlock
 48
2.0
370
   100
100
AcDbMText
 10
11176.79706545468
 20
11231.84226537425
 30
0.0
 40
1.0
 41
23.98583439466711
 46
0.0
 71
     1
 72
     5
  1
MEZZANINE
 73
     1
 44
1.0
101
Embedded Object
 70
     1
 10
1.0
 20
0.0
 30
0.0
 11
11176.79706545468
 21
11231.84226537425
 31
0.0
 40
23.98583439466711
 41
0.0
 42
7.892905866302864
 43
1.0
 71
     2
 72
     1
 44
23.98583439466711
 45
12.5
 73
     0
 74
     0
 46
0.0
  0
LINE
  5
11C5
330
1F
100
AcDbEntity
  8
0
  6
ACAD_ISO03W100
 48
2.0
370
   100
100
AcDbLine
 10
11116.30830223012
 20
11275.29219779213
 30
0.0
 11
11116.30830223012
 21
11269.29219779213
 31
0.0
  0
LINE
  5
11C6
330
1F
100
AcDbEntity
  8
0
  6
ACAD_ISO03W100
 48
2.0
370
   100
100
AcDbLine
 10
11116.30830223012
 20
11269.29219779213
 30
0.0
 11
11116.40830223012
 21
11269.29219779213
 31
0.0
  0
LINE
  5
11C7
330
1F
100
AcDbEntity
  8
0
  6
ACAD_ISO03W100
 48
2.0
370
   100
100
AcDbLine
 10
11127.40048153267
 20
11269.29219779213
 30
0.0
 11
11127.40048153267
 21
11269.09219779213
 31
0.0
  0
LINE
  5
11C8
330
1F
100
AcDbEntity
  8
0
  6
ACAD_ISO03W100
 48
2.0
370
   100
100
AcDbLine
 10
11127.40048153267
 20
11269.09219779213
 30
0.0
 11
11117.20830223013
 21
11269.09219779213
 31
0.0
  0
LINE
  5
11C9
330
1F
100
AcDbEntity
  8
0
  6
ACAD_ISO03W100
 48
2.0
370
   100
100
AcDbLine
 10
11116.10830223012
 20
11275.29219779213
 30
0.0
 11
11116.10830223012
 21
11269.29219779213
 31
0.0
  0
LINE
  5
11CA
330
1F
100
AcDbEntity
  8
0
  6
ACAD_ISO03W100
 48
2.0
370
   100
100
AcDbLine
 10
11116.10830223012
 20
11269.29219779213
 30
0.0
 11
11116.10830223012
 21
11269.09219779213
 31
0.0
  0
LINE
  5
11CB
330
1F
100
AcDbEntity
  8
0
  6
ACAD_ISO03W100
 48
2.0
370
   100
100
AcDbLine
 10
11116.10830223012
 20
11275.29219779213
 30
0.0
 11
11116.10830223012
 21
11275.29219779213
 31
0.0
  0
LINE
  5
11CC
330
1F
100
AcDbEntity
  8
0
  6
ACAD_ISO03W100
 48
2.0
370
   100
100
AcDbLine
 10
11116.10830223012
 20
11275.29219779213
 30
0.0
 11
11116.10830223012
 21
11275.59219779213
 31
0.0
  0
LINE
  5
11CD
330
1F
100
AcDbEntity
  8
0
  6
ACAD_ISO03W100
 48
2.0
370
   100
100
AcDbLine
 10
11116.10830223012
 20
11275.59219779213
 30
0.0
 11
11127.70048153267
 21
11275.59219779213
 31
0.0
  0
HATCH
  5
11CE
330
1F
100
AcDbEntity
  8
column
  6
ACAD_ISO02W100
440
 33554687
370
   100
100
AcDbHatch
 10
0.0
 20
0.0
 30
0.0
210
0.0
220
0.0
230
1.0
  2
SOLID
 70
     1
 71
     0
 91
        1
 92
        1
 93
        4
 72
     1
 10
11120.50209720353
 20
11275.59219779213
 11
11119.75209720353
 21
11275.59219779213
 72
     1
 10
11119.75209720353
 20
11275.59219779213
 11
11119.75209720353
 21
11274.84219779213
 72
     1
 10
11119.75209720353
 20
11274.84219779213
 11
11120.50209720353
 21
11274.84219779213
 72
     1
 10
11120.50209720353
 20
11274.84219779213
 11
11120.50209720353
 21
11275.59219779213
 97
        0
 75
     1
 76
     1
 98
        1
 10
289.119547415763
 20
-0.3293534997883398
450
        0
451
        0
460
0.0
461
0.0
452
        0
462
0.0
453
        2
463
0.0
 63
     5
421
      255
463
1.0
 63
     2
421
 16776960
470
LINEAR
1001
GradientColor1ACI
1070
     5
1001
GradientColor2ACI
1070
     2
1001
ACAD
1010
0.0
1020
0.0
1030
0.0
  0
HATCH
  5
11CF
330
1F
100
AcDbEntity
  8
column
  6
ACAD_ISO02W100
440
 33554687
370
   100
100
AcDbHatch
 10
0.0
 20
0.0
 30
0.0
210
0.0
220
0.0
230
1.0
  2
SOLID
 70
     1
 71
     0
 91
        1
 92
        1
 93
        4
 72
     1
 10
11116.54595557565
 20
11275.59219779213
 11
11115.79595557565
 21
11275.59219779213
 72
     1
 10
11115.79595557565
 20
11275.59219779213
 11
11115.79595557565
 21
11274.84219779213
 72
     1
 10
11115.79595557565
 20
11274.84219779213
 11
11116.54595557565
 21
11274.84219779213
 72
     1
 10
11116.54595557565
 20
11274.84219779213
 11
11116.54595557565
 21
11275.59219779213
 97
        0
 75
     1
 76
     1
 98
        1
 10
285.1634057878818
 20
-0.3293534997883398
450
        0
451
        0
460
0.0
461
0.0
452
        0
462
0.0
453
        2
463
0.0
 63
     5
421
      255
463
1.0
 63
     2
421
 16776960
470
LINEAR
1001
GradientColor1ACI
1070
     5
1001
GradientColor2ACI
1070
     2
1001
ACAD
1010
0.0
1020
0.0
1030
0.0
  0
LINE
  5
11D0
330
1F
100
AcDbEntity
  8
window
  6
Continuous
 48
2.0
370
   100
100
AcDbLine
 10
11092.60048153267
 20
11272.77652063973
 30
0.0
 11
11092.90048153267
 21
11272.77652063973
 31
0.0
  0
LINE
  5
11D1
330
1F
100
AcDbEntity
  8
window
  6
Continuous
 48
2.0
370
   100
100
AcDbLine
 10
11092.60048153267
 20
11273.17652063974
 30
0.0
 11
11092.90048153267
 21
11273.17652063974
 31
0.0
  0
LINE
  5
11D2
330
1F
100
AcDbEntity
  8
window
  6
Continuous
 48
2.0
370
   100
100
AcDbLine
 10
11092.75048153267
 20
11273.17652063974
 30
0.0
 11
11092.76048153267
 21
11273.17652063974
 31
0.0
  0
LINE
  5
11D3
330
1F
100
AcDbEntity
  8
window
  6
Continuous
 48
2.0
370
   100
100
AcDbLine
 10
11092.76048153267
 20
11273.17652063974
 30
0.0
 11
11092.76048153267
 21
11272.77652063973
 31
0.0
  0
LINE
  5
11D4
330
1F
100
AcDbEntity
  8
window
  6
Continuous
 48
2.0
370
   100
100
AcDbLine
 10
11092.75048153267
 20
11273.17652063974
 30
0.0
 11
11092.74048153267
 21
11273.17652063974
 31
0.0
  0
LINE
  5
11D5
330
1F
100
AcDbEntity
  8
window
  6
Continuous
 48
2.0
370
   100
100
AcDbLine
 10
11092.74048153267
 20
11273.17652063974
 30
0.0
 11
11092.74048153267
 21
11272.77652063973
 31
0.0
  0
LINE
  5
11D6
330
1F
100
AcDbEntity
  8
window
  6
Continuous
 48
2.0
370
   100
100
AcDbLine
 10
11092.60048153267
 20
11274.34747373202
 30
0.0
 11
11092.90048153267
 21
11274.34747373202
 31
0.0
  0
LINE
  5
11D7
330
1F
100
AcDbEntity
  8
window
  6
Continuous
 48
2.0
370
   100
100
AcDbLine
 10
11092.60048153267
 20
11274.74747373202
 30
0.0
 11
11092.90048153267
 21
11274.74747373202
 31
0.0
  0
LINE
  5
11D8
330
1F
100
AcDbEntity
  8
window
  6
Continuous
 48
2.0
370
   100
100
AcDbLine
 10
11092.75048153267
 20
11274.74747373202
 30
0.0
 11
11092.76048153267
 21
11274.74747373202
 31
0.0
  0
LINE
  5
11D9
330
1F
100
AcDbEntity
  8
window
  6
Continuous
 48
2.0
370
   100
100
AcDbLine
 10
11092.76048153267
 20
11274.74747373202
 30
0.0
 11
11092.76048153267
 21
11274.34747373201
 31
0.0
  0
LINE
  5
11DA
330
1F
100
AcDbEntity
  8
window
  6
Continuous
 48
2.0
370
   100
100
AcDbLine
 10
11092.75048153267
 20
11274.74747373202
 30
0.0
 11
11092.74048153267
 21
11274.74747373202
 31
0.0
  0
LINE
  5
11DB
330
1F
100
AcDbEntity
  8
window
  6
Continuous
 48
2.0
370
   100
100
AcDbLine
 10
11092.74048153267
 20
11274.74747373202
 30
0.0
 11
11092.74048153267
 21
11274.34747373201
 31
0.0
  0
LINE
  5
11DC
330
1F
100
AcDbEntity
  8
window
  6
Continuous
 48
2.0
370
   100
100
AcDbLine
 10
11092.60048153267
 20
11243.74418574503
 30
0.0
 11
11092.90048153267
 21
11243.74418574503
 31
0.0
  0
LINE
  5
11DD
330
1F
100
AcDbEntity
  8
window
  6
Continuous
 48
2.0
370
   100
100
AcDbLine
 10
11092.60048153267
 20
11244.14418574503
 30
0.0
 11
11092.90048153267
 21
11244.14418574503
 31
0.0
  0
LINE
  5
11DE
330
1F
100
AcDbEntity
  8
window
  6
Continuous
 48
2.0
370
   100
100
AcDbLine
 10
11092.75048153267
 20
11244.14418574503
 30
0.0
 11
11092.76048153267
 21
11244.14418574503
 31
0.0
  0
LINE
  5
11DF
330
1F
100
AcDbEntity
  8
window
  6
Continuous
 48
2.0
370
   100
100
AcDbLine
 10
11092.76048153267
 20
11244.14418574503
 30
0.0
 11
11092.76048153267
 21
11243.74418574503
 31
0.0
  0
LINE
  5
11E0
330
1F
100
AcDbEntity
  8
window
  6
Continuous
 48
2.0
370
   100
100
AcDbLine
 10
11092.75048153267
 20
11244.14418574503
 30
0.0
 11
11092.74048153267
 21
11244.14418574503
 31
0.0
  0
LINE
  5
11E1
330
1F
100
AcDbEntity
  8
window
  6
Continuous
 48
2.0
370
   100
100
AcDbLine
 10
11092.74048153267
 20
11244.14418574503
 30
0.0
 11
11092.74048153267
 21
11243.74418574503
 31
0.0
  0
MTEXT
  5
11E2
330
1F
100
AcDbEntity
  8
0
  6
Continuous
 48
2.0
370
   100
100
AcDbMText
 10
11092.28989902671
 20
11274.65054124501
 30
0.0
 40
0.175
 41
0.1432453308079857
 46
0.0
 71
     1
 72
     5
  1
{\C0;V}
 73
     1
 44
1.0
101
Embedded Object
 70
     1
 10
1.0
 20
0.0
 30
0.0
 11
11092.28989902671
 21
11274.65054124501
 31
0.0
 40
0.1432453308079857
 41
0.0
 42
0.1600784447476125
 43
0.175
 71
     2
 72
     1
 44
0.1432453308079857
 45
12.5
 73
     0
 74
     0
 46
0.0
  0
MTEXT
  5
11E3
330
1F
100
AcDbEntity
  8
0
  6
Continuous
 48
2.0
370
   100
100
AcDbMText
 10
11092.45723620186
 20
11272.95152063973
 30
0.0
 40
0.175
 41
0.1432453308079857
 46
0.0
 71
     1
 72
     5
  1
{\C0;V}
 73
     1
 44
1.0
101
Embedded Object
 70
     1
 10
1.0
 20
0.0
 30
0.0
 11
11092.45723620186
 21
11272.95152063973
 31
0.0
 40
0.1432453308079857
 41
0.0
 42
0.1600784447476125
 43
0.175
 71
     2
 72
     1
 44
0.1432453308079857
 45
12.5
 73
     0
 74
     0
 46
0.0
  0
MTEXT
  5
11E4
330
1F
100
AcDbEntity
  8
0
  6
Continuous
 48
2.0
370
   100
100
AcDbMText
 10
11092.22922905565
 20
11244.05153869329
 30
0.0
 40
0.175
 41
0.1432453308079857
 46
0.0
 71
     1
 72
     5
  1
{\C0;V}
 73
     1
 44
1.0
101
Embedded Object
 70
     1
 10
1.0
 20
0.0
 30
0.0
 11
11092.22922905565
 21
11244.05153869329
 31
0.0
 40
0.1432453308079857
 41
0.0
 42
0.1600784447476125
 43
0.175
 71
     2
 72
     1
 44
0.1432453308079857
 45
12.5
 73
     0
 74
     0
 46
0.0
  0
MTEXT
  5
11E5
330
1F
100
AcDbEntity
  8
0
  6
Continuous
 48
2.0
370
   100
100
AcDbMText
 10
11092.22922905565
 20
11242.5350143849
 30
0.0
 40
0.175
 41
0.1432453308079857
 46
0.0
 71
     1
 72
     5
  1
{\C0;V}
 73
     1
 44
1.0
101
Embedded Object
 70
     1
 10
1.0
 20
0.0
 30
0.0
 11
11092.22922905565
 21
11242.5350143849
 31
0.0
 40
0.1432453308079857
 41
0.0
 42
0.1600784447476125
 43
0.175
 71
     2
 72
     1
 44
0.1432453308079857
 45
12.5
 73
     0
 74
     0
 46
0.0
  0
LINE
  5
11E6
330
1F
100
AcDbEntity
  8
window
  6
Continuous
 48
2.0
370
   100
100
AcDbLine
 10
11092.60048153267
 20
11242.33028289039
 30
0.0
 11
11092.90048153267
 21
11242.33028289039
 31
0.0
  0
LINE
  5
11E7
330
1F
100
AcDbEntity
  8
window
  6
Continuous
 48
2.0
370
   100
100
AcDbLine
 10
11092.60048153267
 20
11242.73028289039
 30
0.0
 11
11092.90048153267
 21
11242.73028289039
 31
0.0
  0
LINE
  5
11E8
330
1F
100
AcDbEntity
  8
window
  6
Continuous
 48
2.0
370
   100
100
AcDbLine
 10
11092.75048153267
 20
11242.73028289039
 30
0.0
 11
11092.76048153267
 21
11242.73028289039
 31
0.0
  0
LINE
  5
11E9
330
1F
100
AcDbEntity
  8
window
  6
Continuous
 48
2.0
370
   100
100
AcDbLine
 10
11092.76048153267
 20
11242.73028289039
 30
0.0
 11
11092.76048153267
 21
11242.33028289039
 31
0.0
  0
LINE
  5
11EA
330
1F
100
AcDbEntity
  8
window
  6
Continuous
 48
2.0
370
   100
100
AcDbLine
 10
11092.75048153267
 20
11242.73028289039
 30
0.0
 11
11092.74048153267
 21
11242.73028289039
 31
0.0
  0
LINE
  5
11EB
330
1F
100
AcDbEntity
  8
window
  6
Continuous
 48
2.0
370
   100
100
AcDbLine
 10
11092.74048153267
 20
11242.73028289039
 30
0.0
 11
11092.74048153267
 21
11242.33028289039
 31
0.0
  0
MTEXT
  5
11EC
330
1F
100
AcDbEntity
  8
0
  6
Continuous
 48
2.0
370
   100
100
AcDbMText
 10
11119.90827426218
 20
11273.0671055257
 30
0.0
 40
0.4
 41
5.679666940268361
 46
0.0
 71
     1
 72
     5
  1
\pxqc;CAR PARTS GODOWN\P  12 x 6 m
 73
     1
 44
1.0
101
Embedded Object
 70
     1
 10
1.0
 20
0.0
 30
0.0
 11
11119.90827426218
 21
11273.0671055257
 31
0.0
 40
5.679666940268361
 41
0.0
 42
3.14106412005457
 43
1.755707139608913
 71
     2
 72
     1
 44
5.679666940268361
 45
0.0
 73
     0
 74
     0
 46
1.760891314234642
  0
LINE
  5
11ED
330
1F
100
AcDbEntity
  8
0
  6
ACAD_ISO03W100
 48
2.0
370
   100
100
AcDbLine
 10
11102.100481526
 20
11269.29193942126
 30
0.0
 11
11102.00048152599
 21
11269.29193942126
 31
0.0
  0
LINE
  5
11F0
330
1F
100
AcDbEntity
  8
0
  6
ACAD_ISO03W100
 48
2.0
370
   100
100
AcDbLine
 10
11102.100481526
 20
11269.29193942126
 30
0.0
 11
11102.100481526
 21
11270.09193942126
 31
0.0
  0
LINE
  5
11F1
330
1F
100
AcDbEntity
  8
0
  6
Continuous
 48
2.0
370
   100
100
AcDbLine
 10
11095.70048153267
 20
11272.29219779213
 30
0.0
 11
11092.90048153267
 21
11272.29219779213
 31
0.0
  0
LINE
  5
11F2
330
1F
100
AcDbEntity
  8
0
  6
Continuous
 48
2.0
370
   100
100
AcDbLine
 10
11095.70048153267
 20
11272.09219779213
 30
0.0
 11
11092.90048153267
 21
11272.09219779213
 31
0.0
  0
LINE
  5
11F3
330
1F
100
AcDbEntity
  8
0
  6
Continuous
 48
2.0
370
   100
100
AcDbLine
 10
11102.300481526
 20
11272.09193942126
 30
0.0
 11
11102.300481526
 21
11269.09193942126
 31
0.0
  0
LINE
  5
11F4
330
1F
100
AcDbEntity
  8
0
  6
ByBlock
 48
2.0
370
   100
100
AcDbLine
 10
11095.70048153267
 20
11273.79219779213
 30
0.0
 11
11095.70048153267
 21
11272.29219779213
 31
0.0
  0
LINE
  5
11F7
330
1F
100
AcDbEntity
  8
0
  6
Continuous
 48
2.0
370
   100
100
AcDbLine
 10
11095.10048153267
 20
11262.89219779213
 30
0.0
 11
11096.00048153267
 21
11262.89219779213
 31
0.0
  0
LINE
  5
11F8
330
1F
100
AcDbEntity
  8
0
  6
Continuous
 48
2.0
370
   100
100
AcDbLine
 10
11094.90048153267
 20
11245.09219779213
 30
0.0
 11
11096.90048153267
 21
11245.09219779213
 31
0.0
  0
LINE
  5
11F9
330
1F
100
AcDbEntity
  8
0
  6
Continuous
 48
2.0
370
   100
100
AcDbLine
 10
11094.90048153267
 20
11245.09219779213
 30
0.0
 11
11095.90048153267
 21
11245.09219779213
 31
0.0
  0
LINE
  5
11FA
330
1F
100
AcDbEntity
  8
0
  6
Continuous
 48
2.0
370
   100
100
AcDbLine
 10
11094.70048153267
 20
11245.09219779213
 30
0.0
 11
11092.90048153267
 21
11245.09219779213
 31
0.0
  0
LINE
  5
11FB
330
1F
100
AcDbEntity
  8
0
  6
Continuous
 48
2.0
370
   100
100
AcDbLine
 10
11096.90048153267
 20
11245.09219779213
 30
0.0
 11
11094.90048153267
 21
11245.09219779213
 31
0.0
  0
LINE
  5
11FC
330
1F
100
AcDbEntity
  8
0
  6
ByBlock
 48
2.0
370
   100
100
AcDbLine
 10
11094.70048153267
 20
11242.89219779213
 30
0.0
 11
11094.70048153267
 21
11241.09219779213
 31
0.0
  0
LINE
  5
11FD
330
1F
100
AcDbEntity
  8
0
  6
Continuous
 48
2.0
370
   100
100
AcDbLine
 10
11094.70048153267
 20
11241.09219779213
 30
0.0
 11
11092.90048153267
 21
11241.09219779213
 31
0.0
  0
LINE
  5
11FE
330
1F
100
AcDbEntity
  8
0
  6
Continuous
 48
2.0
370
   100
100
AcDbLine
 10
11097.10048153267
 20
11237.79219779213
 30
0.0
 11
11097.10048153267
 21
11234.79219779213
 31
0.0
  0
LINE
  5
1203
330
1F
100
AcDbEntity
  8
0
  6
ACAD_ISO03W100
 48
2.0
370
   100
100
AcDbLine
 10
11102.00048152599
 20
11269.29193942126
 30
0.0
 11
11102.100481526
 21
11269.29193942126
 31
0.0
  0
LINE
  5
1204
330
1F
100
AcDbEntity
  8
0
  6
ACAD_ISO03W100
 48
2.0
370
   100
100
AcDbLine
 10
11102.100481526
 20
11269.29193942126
 30
0.0
 11
11102.100481526
 21
11270.19193942126
 31
0.0
  0
LINE
  5
1205
330
1F
100
AcDbEntity
  8
0
  6
ACAD_ISO03W100
 48
2.0
370
   100
100
AcDbLine
 10
11102.00048152599
 20
11269.29193942126
 30
0.0
 11
11102.00048152599
 21
11270.19193942126
 31
0.0
  0
ARC
  5
1206
330
1F
100
AcDbEntity
  8
0
  6
ACAD_ISO03W100
 48
2.0
370
   100
100
AcDbCircle
 10
11102.100481526
 20
11269.29193942126
 30
0.0
 40
0.9
100
AcDbArc
 50
90.0
 51
180.0
  0
LINE
  5
1207
330
1F
100
AcDbEntity
  8
0
  6
ACAD_ISO03W100
 48
2.0
370
   100
100
AcDbLine
 10
11096.80048153267
 20
11263.09219779213
 30
0.0
 11
11096.90048153267
 21
11263.09219779213
 31
0.0
  0
LINE
  5
1208
330
1F
100
AcDbEntity
  8
0
  6
ACAD_ISO03W100
 48
2.0
370
   100
100
AcDbLine
 10
11096.90048153267
 20
11263.09219779213
 30
0.0
 11
11096.90048153267
 21
11263.99219779213
 31
0.0
  0
LINE
  5
1209
330
1F
100
AcDbEntity
  8
0
  6
ACAD_ISO03W100
 48
2.0
370
   100
100
AcDbLine
 10
11096.80048153267
 20
11263.09219779213
 30
0.0
 11
11096.80048153267
 21
11263.99219779213
 31
0.0
  0
ARC
  5
120A
330
1F
100
AcDbEntity
  8
0
  6
ACAD_ISO03W100
 48
2.0
370
   100
100
AcDbCircle
 10
11096.90048153267
 20
11263.09219779213
 30
0.0
 40
0.9
100
AcDbArc
 50
90.0
 51
180.0
  0
LINE
  5
1217
330
1F
100
AcDbEntity
  8
0
  6
ACAD_ISO03W100
 48
2.0
370
   100
100
AcDbLine
 10
11116.40830223012
 20
11269.29219779214
 30
0.0
 11
11116.30830223012
 21
11269.29219779213
 31
0.0
  0
LINE
  5
1218
330
1F
100
AcDbEntity
  8
0
  6
ACAD_ISO03W100
 48
2.0
370
   100
100
AcDbLine
 10
11116.30830223012
 20
11269.29219779213
 30
0.0
 11
11116.30830223012
 21
11270.19219779213
 31
0.0
  0
LINE
  5
1219
330
1F
100
AcDbEntity
  8
0
  6
ACAD_ISO03W100
 48
2.0
370
   100
100
AcDbLine
 10
11116.40830223012
 20
11269.29219779213
 30
0.0
 11
11116.40830223012
 21
11270.19219779213
 31
0.0
  0
ARC
  5
121A
330
1F
100
AcDbEntity
  8
0
  6
ACAD_ISO03W100
 48
2.0
370
   100
100
AcDbCircle
 10
11116.30830223012
 20
11269.29219779213
 30
0.0
 40
0.9
100
AcDbArc
 50
0.0
 51
90.0
  0
LINE
  5
121C
330
1F
100
AcDbEntity
  8
0
  6
ACAD_ISO03W100
 48
2.0
370
   100
100
AcDbLine
 10
11094.80048153267
 20
11266.29219779213
 30
0.0
 11
11095.70048153267
 21
11266.29219779213
 31
0.0
  0
LINE
  5
121D
330
1F
100
AcDbEntity
  8
0
  6
ACAD_ISO03W100
 48
2.0
370
   100
100
AcDbLine
 10
11094.80048153267
 20
11266.39219779213
 30
0.0
 11
11095.70048153267
 21
11266.39219779213
 31
0.0
  0
LINE
  5
121E
330
1F
100
AcDbEntity
  8
0
  6
ACAD_ISO03W100
 48
2.0
370
   100
100
AcDbLine
 10
11095.70048153267
 20
11266.29219779213
 30
0.0
 11
11095.70048153267
 21
11266.39219779214
 31
0.0
  0
ARC
  5
121F
330
1F
100
AcDbEntity
  8
0
  6
ACAD_ISO03W100
 48
2.0
370
   100
100
AcDbCircle
 10
11095.70048153267
 20
11266.29219779213
 30
0.0
 40
0.9
100
AcDbArc
 50
90.0
 51
180.0
  0
MTEXT
  5
1220
330
1F
100
AcDbEntity
  8
0
  6
Continuous
 48
2.0
370
   100
100
AcDbMText
 10
11092.60048153267
 20
11262.54767453666
 30
0.0
 40
0.35
 41
2.700416522511659
 46
0.0
 71
     1
 72
     5
  1
\pxqc;S.R\P2 x 2 m
 73
     1
 44
1.0
101
Embedded Object
 70
     1
 10
1.0
 20
0.0
 30
0.0
 11
11092.60048153267
 21
11262.54767453666
 31
0.0
 40
2.700416522511659
 41
0.0
 42
1.557332878581173
 43
0.9407344247385173
 71
     2
 72
     1
 44
2.700416522511659
 45
0.0
 73
     0
 74
     0
 46
1.993548099628926
  0
LINE
  5
1221
330
1F
100
AcDbEntity
  8
0
  6
ACAD_ISO03W100
 48
2.0
370
   100
100
AcDbLine
 10
11094.00048153267
 20
11260.89219779213
 30
0.0
 11
11094.90048153267
 21
11260.89219779213
 31
0.0
  0
LINE
  5
1222
330
1F
100
AcDbEntity
  8
0
  6
ACAD_ISO03W100
 48
2.0
370
   100
100
AcDbLine
 10
11094.00048153267
 20
11260.99219779213
 30
0.0
 11
11094.90048153267
 21
11260.99219779213
 31
0.0
  0
LINE
  5
1223
330
1F
100
AcDbEntity
  8
0
  6
ACAD_ISO03W100
 48
2.0
370
   100
100
AcDbLine
 10
11094.90048153267
 20
11260.89219779213
 30
0.0
 11
11094.90048153267
 21
11260.99219779213
 31
0.0
  0
ARC
  5
1224
330
1F
100
AcDbEntity
  8
0
  6
ACAD_ISO03W100
 48
2.0
370
   100
100
AcDbCircle
 10
11094.90048153267
 20
11260.89219779213
 30
0.0
 40
0.9
100
AcDbArc
 50
90.0
 51
180.0
  0
LINE
  5
1225
330
1F
100
AcDbEntity
  8
0
  6
ACAD_ISO03W100
 48
2.0
370
   100
100
AcDbLine
 10
11096.00048153267
 20
11257.69219779213
 30
0.0
 11
11096.90048153267
 21
11257.69219779213
 31
0.0
  0
LINE
  5
1226
330
1F
100
AcDbEntity
  8
0
  6
ACAD_ISO03W100
 48
2.0
370
   100
100
AcDbLine
 10
11096.00048153267
 20
11257.79219779213
 30
0.0
 11
11096.90048153267
 21
11257.79219779213
 31
0.0
  0
LINE
  5
1227
330
1F
100
AcDbEntity
  8
0
  6
ACAD_ISO03W100
 48
2.0
370
   100
100
AcDbLine
 10
11096.90048153267
 20
11257.69219779213
 30
0.0
 11
11096.90048153267
 21
11257.79219779213
 31
0.0
  0
ARC
  5
1228
330
1F
100
AcDbEntity
  8
0
  6
ACAD_ISO03W100
 48
2.0
370
   100
100
AcDbCircle
 10
11096.90048153267
 20
11257.69219779213
 30
0.0
 40
0.9
100
AcDbArc
 50
90.0
 51
180.0
  0
LINE
  5
122A
330
1F
100
AcDbEntity
  8
0
  6
ACAD_ISO03W100
 48
2.0
370
   100
100
AcDbLine
 10
11096.00048153267
 20
11240.89219779213
 30
0.0
 11
11096.90048153267
 21
11240.89219779213
 31
0.0
  0
LINE
  5
122B
330
1F
100
AcDbEntity
  8
0
  6
ACAD_ISO03W100
 48
2.0
370
   100
100
AcDbLine
 10
11096.00048153267
 20
11240.79219779213
 30
0.0
 11
11096.90048153267
 21
11240.79219779213
 31
0.0
  0
LINE
  5
122C
330
1F
100
AcDbEntity
  8
0
  6
ACAD_ISO03W100
 48
2.0
370
   100
100
AcDbLine
 10
11096.90048153267
 20
11240.89219779213
 30
0.0
 11
11096.90048153267
 21
11240.79219779213
 31
0.0
  0
ARC
  5
122D
330
1F
100
AcDbEntity
  8
0
  6
ACAD_ISO03W100
 48
2.0
370
   100
100
AcDbCircle
 10
11096.90048153267
 20
11240.89219779213
 30
0.0
 40
0.9
100
AcDbArc
 50
180.0
 51
270.0
  0
LINE
  5
1232
330
1F
100
AcDbEntity
  8
0
  6
ACAD_ISO03W100
 48
2.0
370
   100
100
AcDbLine
 10
11100.77109555703
 20
11237.79219779213
 30
0.0
 11
11100.87109555703
 21
11237.79219779213
 31
0.0
  0
LINE
  5
1233
330
1F
100
AcDbEntity
  8
0
  6
ACAD_ISO03W100
 48
2.0
370
   100
100
AcDbLine
 10
11100.87109555703
 20
11237.79219779213
 30
0.0
 11
11100.87109555703
 21
11236.89219779213
 31
0.0
  0
LINE
  5
1234
330
1F
100
AcDbEntity
  8
0
  6
ACAD_ISO03W100
 48
2.0
370
   100
100
AcDbLine
 10
11100.77109555703
 20
11237.79219779213
 30
0.0
 11
11100.77109555703
 21
11236.89219779213
 31
0.0
  0
ARC
  5
1235
330
1F
100
AcDbEntity
  8
0
  6
ACAD_ISO03W100
 48
2.0
370
   100
100
AcDbCircle
 10
11100.87109555703
 20
11237.79219779213
 30
0.0
 40
0.9
100
AcDbArc
 50
180.0
 51
270.0
  0
LINE
  5
1236
330
1F
100
AcDbEntity
  8
0
  6
ACAD_ISO03W100
 48
2.0
370
   100
100
AcDbLine
 10
11103.20048153268
 20
11237.79219779213
 30
0.0
 11
11103.30048153267
 21
11237.79219779213
 31
0.0
  0
LINE
  5
1237
330
1F
100
AcDbEntity
  8
0
  6
ACAD_ISO03W100
 48
2.0
370
   100
100
AcDbLine
 10
11103.30048153267
 20
11237.79219779213
 30
0.0
 11
11103.30048153267
 21
11236.89219779213
 31
0.0
  0
LINE
  5
1238
330
1F
100
AcDbEntity
  8
0
  6
ACAD_ISO03W100
 48
2.0
370
   100
100
AcDbLine
 10
11103.20048153268
 20
11237.79219779213
 30
0.0
 11
11103.20048153268
 21
11236.89219779213
 31
0.0
  0
ARC
  5
1239
330
1F
100
AcDbEntity
  8
0
  6
ACAD_ISO03W100
 48
2.0
370
   100
100
AcDbCircle
 10
11103.30048153267
 20
11237.79219779213
 30
0.0
 40
0.9
100
AcDbArc
 50
180.0
 51
270.0
  0
LINE
  5
123A
330
1F
100
AcDbEntity
  8
0
  6
ACAD_ISO03W100
 48
2.0
370
   100
100
AcDbLine
 10
11103.30048153267
 20
11237.79219779213
 30
0.0
 11
11103.30048153267
 21
11237.99219779213
 31
0.0
  0
LINE
  5
123C
330
1F
100
AcDbEntity
  8
0
  6
ACAD_ISO03W100
 48
2.0
370
   100
100
AcDbLine
 10
11102.39953720824
 20
11237.99219779213
 30
0.0
 11
11102.40048153267
 21
11237.79219779213
 31
0.0
  0
LINE
  5
123D
330
1F
100
AcDbEntity
  8
0
  6
Continuous
 48
2.0
370
   100
100
AcDbLine
 10
11103.20048153268
 20
11237.79219779213
 30
0.0
 11
11103.30048153267
 21
11237.79219779213
 31
0.0
  0
LINE
  5
123E
330
1F
100
AcDbEntity
  8
0
  6
Continuous
 48
2.0
370
   100
100
AcDbLine
 10
11103.30048153267
 20
11237.99219779213
 30
0.0
 11
11103.50048153267
 21
11237.99219779213
 31
0.0
  0
LINE
  5
1242
330
1F
100
AcDbEntity
  8
0
  6
ACAD_ISO03W100
 48
2.0
370
   100
100
AcDbLine
 10
11099.97109555703
 20
11237.79219779213
 30
0.0
 11
11099.97109555703
 21
11237.99219779213
 31
0.0
  0
LINE
  5
1244
330
1F
100
AcDbEntity
  8
0
  6
ACAD_ISO03W100
 48
2.0
370
   100
100
AcDbLine
 10
11100.87109555703
 20
11237.99219779213
 30
0.0
 11
11100.87109555703
 21
11237.79219779213
 31
0.0
  0
LINE
  5
1245
330
1F
100
AcDbEntity
  8
0
  6
Continuous
 48
2.0
370
   100
100
AcDbLine
 10
11099.97109555703
 20
11237.79219779213
 30
0.0
 11
11097.10048153267
 21
11237.79219779213
 31
0.0
  0
LINE
  5
1246
330
1F
100
AcDbEntity
  8
0
  6
Continuous
 48
2.0
370
   100
100
AcDbLine
 10
11099.97109555703
 20
11237.99219779213
 30
0.0
 11
11097.10048153267
 21
11237.99219779213
 31
0.0
  0
LINE
  5
1247
330
1F
100
AcDbEntity
  8
0
  6
ACAD_ISO03W100
 48
2.0
370
   100
100
AcDbLine
 10
11096.90048153267
 20
11239.99219779213
 30
0.0
 11
11097.10048153267
 21
11239.99219779213
 31
0.0
  0
LINE
  5
1249
330
1F
100
AcDbEntity
  8
0
  6
ACAD_ISO03W100
 48
2.0
370
   100
100
AcDbLine
 10
11097.10048153267
 20
11240.89219779213
 30
0.0
 11
11096.90048153267
 21
11240.89219779213
 31
0.0
  0
LINE
  5
124A
330
1F
100
AcDbEntity
  8
0
  6
Continuous
 48
2.0
370
   100
100
AcDbLine
 10
11096.90048153267
 20
11239.99219779213
 30
0.0
 11
11096.90048153267
 21
11234.79219779213
 31
0.0
  0
LINE
  5
124B
330
1F
100
AcDbEntity
  8
0
  6
ACAD_ISO03W100
 48
2.0
370
   100
100
AcDbLine
 10
11096.90048153267
 20
11257.69219779213
 30
0.0
 11
11097.10048153267
 21
11257.69219779213
 31
0.0
  0
LINE
  5
124D
330
1F
100
AcDbEntity
  8
0
  6
ACAD_ISO03W100
 48
2.0
370
   100
100
AcDbLine
 10
11097.10048153267
 20
11258.59088541014
 30
0.0
 11
11096.90048153267
 21
11258.59219779213
 31
0.0
  0
LINE
  5
124E
330
1F
100
AcDbEntity
  8
0
  6
ACAD_ISO03W100
 48
2.0
370
   100
100
AcDbLine
 10
11094.90048153267
 20
11260.89219779213
 30
0.0
 11
11095.10048153267
 21
11260.89219779213
 31
0.0
  0
LINE
  5
1250
330
1F
100
AcDbEntity
  8
0
  6
ACAD_ISO03W100
 48
2.0
370
   100
100
AcDbLine
 10
11095.10048153267
 20
11261.79022757406
 30
0.0
 11
11094.90048153267
 21
11261.79022757406
 31
0.0
  0
LINE
  5
1251
330
1F
100
AcDbEntity
  8
0
  6
ACAD_ISO03W100
 48
2.0
370
   100
100
AcDbLine
 10
11096.90048153267
 20
11263.09219779213
 30
0.0
 11
11096.90048153267
 21
11262.89219779213
 31
0.0
  0
LINE
  5
1253
330
1F
100
AcDbEntity
  8
0
  6
ACAD_ISO03W100
 48
2.0
370
   100
100
AcDbLine
 10
11096.00048153267
 20
11262.89219779213
 30
0.0
 11
11096.00048153267
 21
11263.09219779213
 31
0.0
  0
LINE
  5
1254
330
1F
100
AcDbEntity
  8
0
  6
ACAD_ISO03W100
 48
2.0
370
   100
100
AcDbLine
 10
11095.70048153267
 20
11266.29219779213
 30
0.0
 11
11095.90048153267
 21
11266.29219779213
 31
0.0
  0
LINE
  5
1256
330
1F
100
AcDbEntity
  8
0
  6
ACAD_ISO03W100
 48
2.0
370
   100
100
AcDbLine
 10
11095.90048153267
 20
11267.19312068346
 30
0.0
 11
11095.70048153267
 21
11267.19219779213
 31
0.0
  0
LINE
  5
1257
330
1F
100
AcDbEntity
  8
0
  6
ACAD_ISO03W100
 48
2.0
370
   100
100
AcDbLine
 10
11102.100481526
 20
11269.29193942126
 30
0.0
 11
11102.100481526
 21
11269.09193942126
 31
0.0
  0
LINE
  5
1259
330
1F
100
AcDbEntity
  8
0
  6
ACAD_ISO03W100
 48
2.0
370
   100
100
AcDbLine
 10
11101.19829670615
 20
11269.09193942126
 30
0.0
 11
11101.200481526
 21
11269.29193942126
 31
0.0
  0
LINE
  5
125A
330
1F
100
AcDbEntity
  8
0
  6
Continuous
 48
2.0
370
   100
100
AcDbLine
 10
11101.200481526
 20
11269.29193942126
 30
0.0
 11
11097.100481526
 21
11269.29193942126
 31
0.0
  0
LINE
  5
125B
330
1F
100
AcDbEntity
  8
0
  6
Continuous
 48
2.0
370
   100
100
AcDbLine
 10
11095.70048153267
 20
11266.39219779214
 30
0.0
 11
11095.70048153267
 21
11266.29219779213
 31
0.0
  0
LINE
  5
125C
330
1F
100
AcDbEntity
  8
0
  6
Continuous
 48
2.0
370
   100
100
AcDbLine
 10
11096.80048153267
 20
11263.09219779213
 30
0.0
 11
11096.90048153267
 21
11263.09219779213
 31
0.0
  0
LINE
  5
1260
330
1F
100
AcDbEntity
  8
0
  6
ACAD_ISO03W100
 48
2.0
370
   100
100
AcDbLine
 10
11094.90048153267
 20
11261.79022757406
 30
0.0
 11
11094.90048153267
 21
11261.79219779213
 31
0.0
  0
LINE
  5
1261
330
1F
100
AcDbEntity
  8
0
  6
Continuous
 48
2.0
370
   100
100
AcDbLine
 10
11094.90048153267
 20
11260.99219779213
 30
0.0
 11
11094.90048153267
 21
11260.89219779213
 31
0.0
  0
LINE
  5
1262
330
1F
100
AcDbEntity
  8
0
  6
Continuous
 48
2.0
370
   100
100
AcDbLine
 10
11096.90048153267
 20
11257.79219779213
 30
0.0
 11
11096.90048153267
 21
11257.69219779213
 31
0.0
  0
LINE
  5
1263
330
1F
100
AcDbEntity
  8
0
  6
ACAD_ISO03W100
 48
2.0
370
   100
100
AcDbLine
 10
11105.300481526
 20
11272.29193942126
 30
0.0
 11
11105.300481526
 21
11272.09193942126
 31
0.0
  0
LINE
  5
1264
330
1F
100
AcDbEntity
  8
0
  6
ACAD_ISO03W100
 48
2.0
370
   100
100
AcDbLine
 10
11104.48721564583
 20
11272.29193942126
 30
0.0
 11
11104.48721564583
 21
11272.09193942126
 31
0.0
  0
LINE
  5
1268
330
1F
100
AcDbEntity
  8
0
  6
ACAD_ISO03W100
 48
2.0
370
   100
100
AcDbLine
 10
11117.20830223013
 20
11269.29219779213
 30
0.0
 11
11117.20830223013
 21
11269.09219779213
 31
0.0
  0
LINE
  5
126A
330
1F
100
AcDbEntity
  8
0
  6
ACAD_ISO03W100
 48
2.0
370
   100
100
AcDbLine
 10
11116.30830223012
 20
11269.09219779213
 30
0.0
 11
11116.30830223012
 21
11269.29219779213
 31
0.0
  0
LINE
  5
126B
330
1F
100
AcDbEntity
  8
0
  6
ACAD_ISO03W100
 48
2.0
370
   100
100
AcDbLine
 10
11116.30830223012
 20
11269.09219779213
 30
0.0
 11
11116.10830223012
 21
11269.09219779213
 31
0.0
  0
LINE
  5
126C
330
1F
100
AcDbEntity
  8
0
  6
ACAD_ISO03W100
 48
2.0
370
   100
100
AcDbLine
 10
11117.20830223013
 20
11269.29219779213
 30
0.0
 11
11127.40048153267
 21
11269.29219779213
 31
0.0
  0
LINE
  5
126F
330
1F
100
AcDbEntity
  8
window
370
   100
100
AcDbLine
 10
11098.76366183476
 20
11234.49219779195
 30
0.0
 11
11098.76366183476
 21
11234.79219779213
 31
0.0
  0
LINE
  5
1270
330
1F
100
AcDbEntity
  8
window
370
   100
100
AcDbLine
 10
11099.56366183476
 20
11234.79219779213
 30
0.0
 11
11099.56366183476
 21
11234.49219779195
 31
0.0
  0
LINE
  5
1271
330
1F
100
AcDbEntity
  8
window
370
   100
100
AcDbLine
 10
11098.76366183476
 20
11234.79219779213
 30
0.0
 11
11098.76366183476
 21
11234.64219779213
 31
0.0
  0
LINE
  5
1272
330
1F
100
AcDbEntity
  8
window
370
   100
100
AcDbLine
 10
11098.76366183476
 20
11234.63219779213
 30
0.0
 11
11099.56366183476
 21
11234.63219779213
 31
0.0
  0
LINE
  5
1273
330
1F
100
AcDbEntity
  8
window
370
   100
100
AcDbLine
 10
11098.76366183476
 20
11234.65219779213
 30
0.0
 11
11099.56366183476
 21
11234.65219779213
 31
0.0
  0
LINE
  5
1274
330
1F
100
AcDbEntity
  8
chajja
  6
ACAD_ISO03W100
 48
0.002
370
     0
100
AcDbLine
 10
11099.56366183476
 20
11234.48955596961
 30
0.0
 11
11099.56366183476
 21
11233.91716894037
 31
0.0
  0
LINE
  5
1275
330
1F
100
AcDbEntity
  8
chajja
  6
ACAD_ISO03W100
 48
0.002
370
     0
100
AcDbLine
 10
11098.76366183476
 20
11234.48955596965
 30
0.0
 11
11098.76366183476
 21
11233.91716894037
 31
0.0
  0
LINE
  5
1276
330
1F
100
AcDbEntity
  8
chajja
  6
ACAD_ISO03W100
 48
0.002
370
     0
100
AcDbLine
 10
11099.56366183476
 20
11233.91716894037
 30
0.0
 11
11098.76366183476
 21
11233.91716894037
 31
0.0
  0
MTEXT
  5
1277
330
1F
100
AcDbEntity
  8
0
  6
ACAD_ISO02W100
 48
2.0
370
     0
100
AcDbMText
 10
11099.3227690593
 20
11234.19957202912
 30
0.0
 40
0.175
 41
0.3793392954266892
 46
0.0
 71
     1
 72
     5
  1
\pxqc;W
 11
-1.0
 21
0.0000000000000001
 31
0.0
 73
     1
 44
1.0
101
Embedded Object
 70
     1
 10
-1.0
 20
0.0000000000000001
 30
0.0
 11
11099.3227690593
 21
11234.19957202912
 31
0.0
 40
0.3793392954266892
 41
0.0
 42
0.2250170532060027
 43
0.175
 71
     2
 72
     1
 44
0.3793392954266892
 45
12.5
 73
     0
 74
     0
 46
0.0
  0
LINE
  5
1278
330
1F
100
AcDbEntity
  8
window
370
   100
100
AcDbLine
 10
11101.99193317194
 20
11234.49219779195
 30
0.0
 11
11101.99193317194
 21
11234.79219779213
 31
0.0
  0
LINE
  5
1279
330
1F
100
AcDbEntity
  8
window
370
   100
100
AcDbLine
 10
11102.79193317194
 20
11234.79219779213
 30
0.0
 11
11102.79193317194
 21
11234.49219779195
 31
0.0
  0
LINE
  5
127A
330
1F
100
AcDbEntity
  8
window
370
   100
100
AcDbLine
 10
11101.99193317194
 20
11234.79219779213
 30
0.0
 11
11101.99193317194
 21
11234.64219779213
 31
0.0
  0
LINE
  5
127B
330
1F
100
AcDbEntity
  8
window
370
   100
100
AcDbLine
 10
11101.99193317194
 20
11234.63219779213
 30
0.0
 11
11102.79193317194
 21
11234.63219779213
 31
0.0
  0
LINE
  5
127C
330
1F
100
AcDbEntity
  8
window
370
   100
100
AcDbLine
 10
11101.99193317194
 20
11234.65219779213
 30
0.0
 11
11102.79193317194
 21
11234.65219779213
 31
0.0
  0
LINE
  5
127D
330
1F
100
AcDbEntity
  8
chajja
  6
ACAD_ISO03W100
 48
0.002
370
     0
100
AcDbLine
 10
11102.79193317194
 20
11234.48955596961
 30
0.0
 11
11102.79193317194
 21
11233.91716894037
 31
0.0
  0
LINE
  5
127E
330
1F
100
AcDbEntity
  8
chajja
  6
ACAD_ISO03W100
 48
0.002
370
     0
100
AcDbLine
 10
11101.99193317194
 20
11234.48955596965
 30
0.0
 11
11101.99193317194
 21
11233.91716894037
 31
0.0
  0
LINE
  5
127F
330
1F
100
AcDbEntity
  8
chajja
  6
ACAD_ISO03W100
 48
0.002
370
     0
100
AcDbLine
 10
11102.79193317194
 20
11233.91716894037
 30
0.0
 11
11101.99193317195
 21
11233.91716894037
 31
0.0
  0
MTEXT
  5
1280
330
1F
100
AcDbEntity
  8
0
  6
ACAD_ISO02W100
 48
2.0
370
     0
100
AcDbMText
 10
11102.55104039649
 20
11234.19957202912
 30
0.0
 40
0.175
 41
0.3793392954266892
 46
0.0
 71
     1
 72
     5
  1
\pxqc;W
 11
-1.0
 21
0.0000000000000001
 31
0.0
 73
     1
 44
1.0
101
Embedded Object
 70
     1
 10
-1.0
 20
0.0000000000000001
 30
0.0
 11
11102.55104039649
 21
11234.19957202912
 31
0.0
 40
0.3793392954266892
 41
0.0
 42
0.2250170532060027
 43
0.175
 71
     2
 72
     1
 44
0.3793392954266892
 45
12.5
 73
     0
 74
     0
 46
0.0
  0
LINE
  5
1282
330
1F
100
AcDbEntity
  8
0
  6
ACAD_ISO03W100
 48
2.0
370
   100
100
AcDbLine
 10
10807.96476473301
 20
11251.49219779213
 30
0.0
 11
10808.06476473301
 21
11251.49219779213
 31
0.0
  0
LINE
  5
1283
330
1F
100
AcDbEntity
  8
0
  6
ACAD_ISO03W100
 48
2.0
370
   100
100
AcDbLine
 10
10808.06476473301
 20
11251.49219779213
 30
0.0
 11
10808.06476473301
 21
11252.39219779213
 31
0.0
  0
LINE
  5
1284
330
1F
100
AcDbEntity
  8
0
  6
ACAD_ISO03W100
 48
2.0
370
   100
100
AcDbLine
 10
10807.96476473301
 20
11251.49219779213
 30
0.0
 11
10807.96476473301
 21
11252.39219779213
 31
0.0
  0
ARC
  5
1285
330
1F
100
AcDbEntity
  8
0
  6
ACAD_ISO03W100
 48
2.0
370
   100
100
AcDbCircle
 10
10808.06476473301
 20
11251.49219779213
 30
0.0
 40
0.9
100
AcDbArc
 50
90.0
 51
180.0
  0
LINE
  5
1286
330
1F
100
AcDbEntity
  8
0
  6
ACAD_ISO03W100
 48
2.0
370
   100
100
AcDbLine
 10
10812.2475482956
 20
11251.49219779213
 30
0.0
 11
10812.34754829559
 21
11251.49219779213
 31
0.0
  0
LINE
  5
1287
330
1F
100
AcDbEntity
  8
0
  6
ACAD_ISO03W100
 48
2.0
370
   100
100
AcDbLine
 10
10812.34754829559
 20
11251.49219779213
 30
0.0
 11
10812.34754829559
 21
11252.39219779213
 31
0.0
  0
LINE
  5
1288
330
1F
100
AcDbEntity
  8
0
  6
ACAD_ISO03W100
 48
2.0
370
   100
100
AcDbLine
 10
10812.2475482956
 20
11251.49219779213
 30
0.0
 11
10812.2475482956
 21
11252.39219779213
 31
0.0
  0
ARC
  5
1289
330
1F
100
AcDbEntity
  8
0
  6
ACAD_ISO03W100
 48
2.0
370
   100
100
AcDbCircle
 10
10812.34754829559
 20
11251.49219779213
 30
0.0
 40
0.9
100
AcDbArc
 50
90.0
 51
180.0
  0
LINE
  5
1297
330
1F
100
AcDbEntity
  8
0
  6
ACAD_ISO03W100
 48
2.0
370
   100
100
AcDbLine
 10
10990.0125955396
 20
11283.83558977408
 30
0.0
 11
10990.0125955396
 21
11313.69240509738
 31
0.0
  0
LINE
  5
1298
330
1F
100
AcDbEntity
  8
0
  6
ACAD_ISO03W100
 48
2.0
370
   100
100
AcDbLine
 10
10990.0125955396
 20
11313.69240509738
 30
0.0
 11
10939.10686930257
 21
11313.69240509738
 31
0.0
  0
LINE
  5
1299
330
1F
100
AcDbEntity
  8
0
  6
ACAD_ISO03W100
 48
2.0
370
   100
100
AcDbLine
 10
10939.10686930257
 20
11313.69240509738
 30
0.0
 11
10939.10686930257
 21
11283.83558977408
 31
0.0
  0
LINE
  5
129A
330
1F
100
AcDbEntity
  8
0
  6
ACAD_ISO03W100
 48
2.0
370
   100
100
AcDbLine
 10
10939.10686930257
 20
11307.46291004478
 30
0.0
 11
10990.0125955396
 21
11307.46291004478
 31
0.0
  0
MTEXT
  5
129B
330
1F
100
AcDbEntity
  8
0
  6
ACAD_ISO03W100
 48
2.0
370
   100
100
AcDbMText
 10
10947.04395611439
 20
11311.97570116506
 30
0.0
 40
2.0
 41
42.59160108717151
 46
0.0
 71
     1
 72
     5
  1
CONSTRUCTION NOTES
 73
     1
 44
1.0
101
Embedded Object
 70
     1
 10
1.0
 20
0.0
 30
0.0
 11
10947.04395611439
 21
11311.97570116506
 31
0.0
 40
42.59160108717151
 41
0.0
 42
32.62210095497954
 43
2.069577080491132
 71
     2
 72
     1
 44
42.59160108717151
 45
12.5
 73
     0
 74
     0
 46
0.0
  0
MTEXT
  5
129C
330
1F
100
AcDbEntity
  8
0
  6
ACAD_ISO03W100
 48
2.0
370
   100
100
AcDbMText
 10
10941.36477580444
 20
11305.96218744597
 30
0.0
 40
1.0
 41
46.96049727907302
 46
0.0
 71
     1
 72
     5
  3
CONSTRUCTION TYPE - RCC FRAMED STRUCTURE \PPLINTH FILLING WITH RUBBLE SOILING & MURUM FILLING UPTO 1 m\PCERAMIC TILES IN WC & BATH.\PFOUNDATION -  MATTE FOUNDATION\PFOOTING - \PALL WALLS ARE 230 MM &       MM THICK.\PSTAIRCASE DETAILS - RISER=0.15M,T
  1
READ=0.30M\PALL DOORS WITH  ALUMINIUM FRAME WITH GLASS PANELED EXCEPT FOR TOILET DOORS.\PWINDOWS - ALUMINIUM GLAZED \PCOLOURING - LUSTER PAINT INTERNAL AND APEX PAINT EXTERNALLY IN TWO COATS 
 73
     1
 44
1.0
101
Embedded Object
 70
     1
 10
1.0
 20
0.0
 30
0.0
 11
10941.36477580444
 21
11305.96218744597
 31
0.0
 40
46.96049727907302
 41
0.0
 42
46.14256480218281
 43
19.56116416552978
 71
     2
 72
     1
 44
46.96049727907302
 45
12.5
 73
     0
 74
     0
 46
0.0
  0
LINE
  5
129D
330
1F
100
AcDbEntity
  8
0
  6
ACAD_ISO03W100
 48
2.0
370
   100
100
AcDbLine
 10
10939.10686930257
 20
11283.83558977408
 30
0.0
 11
10990.0125955396
 21
11283.83558977408
 31
0.0
  0
LINE
  5
129F
330
1F
100
AcDbEntity
  8
0
  6
Continuous
 48
2.0
370
   100
100
AcDbLine
 10
10939.10686930257
 20
11359.14017746419
 30
0.0
 11
10990.0125955396
 21
11359.14017746419
 31
0.0
  0
LINE
  5
12A0
330
1F
100
AcDbEntity
  8
0
  6
Continuous
 48
2.0
370
   100
100
AcDbLine
 10
10990.0125955396
 20
11359.14017746419
 30
0.0
 11
10990.0125955396
 21
11326.23406036445
 31
0.0
  0
LINE
  5
12A2
330
1F
100
AcDbEntity
  8
0
  6
Continuous
 48
2.0
370
   100
100
AcDbLine
 10
10939.10686930257
 20
11350.23406036445
 30
0.0
 11
10990.0125955396
 21
11350.23406036445
 31
0.0
  0
MTEXT
  5
12A3
330
1F
100
AcDbEntity
  8
0
  6
Continuous
 48
2.0
370
   100
100
AcDbMText
 10
10945.65505923124
 20
11356.42841048607
 30
0.0
 40
2.5
 41
45.8873456382571
 46
0.0
 71
     1
 72
     5
  1
{\H0.8x;SCHEDULE OF OPENINGS} 
 73
     1
 44
1.0
101
Embedded Object
 70
     1
 10
1.0
 20
0.0
 30
0.0
 11
10945.65505923124
 21
11356.42841048607
 31
0.0
 40
45.8873456382571
 41
0.0
 42
35.12551159618008
 43
2.534106412005456
 71
     2
 72
     1
 44
45.8873456382571
 45
12.5
 73
     0
 74
     0
 46
0.0
  0
LINE
  5
12A5
330
1F
100
AcDbEntity
  8
0
  6
Continuous
 48
2.0
370
   100
100
AcDbLine
 10
10939.10686930257
 20
11350.23406036445
 30
0.0
 11
10956.13584306754
 21
11350.23406036445
 31
0.0
  0
LINE
  5
12A6
330
1F
100
AcDbEntity
  8
0
  6
Continuous
 48
2.0
370
   100
100
AcDbLine
 10
10958.5354001792
 20
11350.23406036445
 30
0.0
 11
10958.5354001792
 21
11326.23406036445
 31
0.0
  0
LINE
  5
12A9
330
1F
100
AcDbEntity
  8
0
  6
Continuous
 48
2.0
370
   100
100
AcDbLine
 10
10973.4187001782
 20
11350.23406036445
 30
0.0
 11
10973.4187001782
 21
11326.23406036445
 31
0.0
  0
LINE
  5
12AD
330
1F
100
AcDbEntity
  8
0
  6
Continuous
 48
2.0
370
   100
100
AcDbLine
 10
10939.10686930257
 20
11346.23406036445
 30
0.0
 11
10990.0125955396
 21
11346.23406036445
 31
0.0
  0
LINE
  5
12AE
330
1F
100
AcDbEntity
  8
0
  6
Continuous
 48
2.0
370
   100
100
AcDbLine
 10
10939.10686930257
 20
11342.23406036445
 30
0.0
 11
10990.0125955396
 21
11342.23406036445
 31
0.0
  0
LINE
  5
12AF
330
1F
100
AcDbEntity
  8
0
  6
Continuous
 48
2.0
370
   100
100
AcDbLine
 10
10939.10686930257
 20
11338.23406036445
 30
0.0
 11
10990.0125955396
 21
11338.23406036445
 31
0.0
  0
LINE
  5
12B0
330
1F
100
AcDbEntity
  8
0
  6
Continuous
 48
2.0
370
   100
100
AcDbLine
 10
10939.10686930257
 20
11334.23406036445
 30
0.0
 11
10990.0125955396
 21
11334.23406036445
 31
0.0
  0
LINE
  5
12B1
330
1F
100
AcDbEntity
  8
0
  6
Continuous
 48
2.0
370
   100
100
AcDbLine
 10
10939.10686930257
 20
11330.23406036445
 30
0.0
 11
10990.0125955396
 21
11330.23406036445
 31
0.0
  0
LINE
  5
12B2
330
1F
100
AcDbEntity
  8
0
  6
Continuous
 48
2.0
370
   100
100
AcDbLine
 10
10939.10686930257
 20
11326.23406036445
 30
0.0
 11
10990.0125955396
 21
11326.23406036445
 31
0.0
  0
MTEXT
  5
12B9
330
1F
100
AcDbEntity
  8
0
  6
Continuous
 48
2.0
370
   100
100
AcDbMText
 10
10941.83837289712
 20
11348.94726664585
 30
0.0
 40
1.5
 41
14.42750509787584
 46
0.0
 71
     1
 72
     5
  1
DESCRIPTION
 73
     1
 44
1.0
101
Embedded Object
 70
     1
 10
1.0
 20
0.0
 30
0.0
 11
10941.83837289712
 21
11348.94726664585
 31
0.0
 40
14.42750509787584
 41
0.0
 42
13.98703956343793
 43
1.552182810368349
 71
     2
 72
     1
 44
14.42750509787584
 45
12.5
 73
     0
 74
     0
 46
0.0
  0
MTEXT
  5
12BA
330
1F
100
AcDbEntity
  8
0
  6
Continuous
 48
2.0
370
   100
100
AcDbMText
 10
10960.92565835396
 20
11348.87291791815
 30
0.0
 40
1.3
 41
14.42750509787584
 46
0.0
 71
     1
 72
     5
  1
SIZE IN M
 73
     1
 44
1.0
101
Embedded Object
 70
     1
 10
1.0
 20
0.0
 30
0.0
 11
10960.92565835396
 21
11348.87291791815
 31
0.0
 40
14.42750509787584
 41
0.0
 42
8.155593451568893
 43
1.344338335607094
 71
     2
 72
     1
 44
14.42750509787584
 45
12.5
 73
     0
 74
     0
 46
0.0
  0
MTEXT
  5
12BD
330
1F
100
AcDbEntity
  8
0
  6
Continuous
 48
2.0
370
   100
100
AcDbMText
 10
10980.26295419721
 20
11348.9088213118
 30
0.0
 40
1.3
 41
3.57314046639658
 46
0.0
 71
     1
 72
     5
  1
NO.S
 73
     1
 44
1.0
101
Embedded Object
 70
     1
 10
1.0
 20
0.0
 30
0.0
 11
10980.26295419721
 21
11348.9088213118
 31
0.0
 40
3.57314046639658
 41
0.0
 42
4.206821282401091
 43
1.345225102319236
 71
     2
 72
     1
 44
3.57314046639658
 45
12.5
 73
     0
 74
     0
 46
0.000000000000145
  0
MTEXT
  5
12BE
330
1F
100
AcDbEntity
  8
0
  6
Continuous
 48
2.0
370
   100
100
AcDbMText
 10
10946.4806035099
 20
11345.44623080822
 30
0.0
 40
1.5
 41
3.550100832384487
 46
0.0
 71
     1
 72
     5
  1
D
 73
     1
 44
1.0
101
Embedded Object
 70
     1
 10
1.0
 20
0.0
 30
0.0
 11
10946.4806035099
 21
11345.44623080822
 31
0.0
 40
3.550100832384487
 41
0.0
 42
1.240109140518417
 43
1.5
 71
     2
 72
     1
 44
3.550100832384487
 45
12.5
 73
     0
 74
     0
 46
0.0
  0
MTEXT
  5
12BF
330
1F
100
AcDbEntity
  8
0
  6
Continuous
 48
2.0
370
   100
100
AcDbMText
 10
10962.50525694012
 20
11345.18730788668
 30
0.0
 40
1.3
 41
11.83690436354663
 46
0.0
 71
     1
 72
     5
  1
1 x 2 m
 73
     1
 44
1.0
101
Embedded Object
 70
     1
 10
1.0
 20
0.0
 30
0.0
 11
10962.50525694012
 21
11345.18730788668
 31
0.0
 40
11.83690436354663
 41
0.0
 42
5.639836289222373
 43
1.305320600272851
 71
     2
 72
     1
 44
11.83690436354663
 45
12.5
 73
     0
 74
     0
 46
0.0
  0
MTEXT
  5
12C0
330
1F
100
AcDbEntity
  8
0
  6
Continuous
 48
2.0
370
   100
100
AcDbMText
 10
10946.4806035099
 20
11341.062950946
 30
0.0
 40
1.5
 41
3.550100832384487
 46
0.0
 71
     1
 72
     5
  1
D1
 73
     1
 44
1.0
101
Embedded Object
 70
     1
 10
1.0
 20
0.0
 30
0.0
 11
10946.4806035099
 21
11341.062950946
 31
0.0
 40
3.550100832384487
 41
0.0
 42
2.132332878581173
 43
1.506139154160982
 71
     2
 72
     1
 44
3.550100832384487
 45
12.5
 73
     0
 74
     0
 46
0.0
  0
MTEXT
  5
12C1
330
1F
100
AcDbEntity
  8
0
  6
Continuous
 48
2.0
370
   100
100
AcDbMText
 10
10946.4806035099
 20
11336.85607956623
 30
0.0
 40
1.5
 41
3.550100832384487
 46
0.0
 71
     1
 72
     5
  1
D2
 73
     1
 44
1.0
101
Embedded Object
 70
     1
 10
1.0
 20
0.0
 30
0.0
 11
10946.4806035099
 21
11336.85607956623
 31
0.0
 40
3.550100832384487
 41
0.0
 42
2.406548431105048
 43
1.506139154160982
 71
     2
 72
     1
 44
3.550100832384487
 45
12.5
 73
     0
 74
     0
 46
0.0
  0
MTEXT
  5
12C2
330
1F
100
AcDbEntity
  8
0
  6
Continuous
 48
2.0
370
   100
100
AcDbMText
 10
10946.4806035099
 20
11332.9026946511
 30
0.0
 40
1.5
 41
3.550100832384487
 46
0.0
 71
     1
 72
     5
  1
W
 73
     1
 44
1.0
101
Embedded Object
 70
     1
 10
1.0
 20
0.0
 30
0.0
 11
10946.4806035099
 21
11332.9026946511
 31
0.0
 40
3.550100832384487
 41
0.0
 42
1.928717598908594
 43
1.5
 71
     2
 72
     1
 44
3.550100832384487
 45
12.5
 73
     0
 74
     0
 46
0.0
  0
MTEXT
  5
12C3
330
1F
100
AcDbEntity
  8
0
  6
Continuous
 48
2.0
370
   100
100
AcDbMText
 10
10946.4806035099
 20
11328.9022450673
 30
0.0
 40
1.5
 41
3.550100832384487
 46
0.0
 71
     1
 72
     5
  1
V
 73
     1
 44
1.0
101
Embedded Object
 70
     1
 10
1.0
 20
0.0
 30
0.0
 11
10946.4806035099
 21
11328.9022450673
 31
0.0
 40
3.550100832384487
 41
0.0
 42
1.372100954979535
 43
1.5
 71
     2
 72
     1
 44
3.550100832384487
 45
12.5
 73
     0
 74
     0
 46
0.0
  0
MTEXT
  5
12C6
330
1F
100
AcDbEntity
  8
0
  6
Continuous
 48
2.0
370
   100
100
AcDbMText
 10
10962.50525694012
 20
11340.95153859438
 30
0.0
 40
1.3
 41
11.83690436354663
 46
0.0
 71
     1
 72
     5
  1
0.9 x 2 m
 73
     1
 44
1.0
101
Embedded Object
 70
     1
 10
1.0
 20
0.0
 30
0.0
 11
10962.50525694012
 21
11340.95153859438
 31
0.0
 40
11.83690436354663
 41
0.0
 42
7.276807639836289
 43
1.327489768076398
 71
     2
 72
     1
 44
11.83690436354663
 45
12.5
 73
     0
 74
     0
 46
1.327489768076398
  0
MTEXT
  5
12C7
330
1F
100
AcDbEntity
  8
0
  6
Continuous
 48
2.0
370
   100
100
AcDbMText
 10
10962.50525694012
 20
11336.85695967326
 30
0.0
 40
1.3
 41
11.83690436354663
 46
0.0
 71
     1
 72
     5
  1
0.8 x 2 m
 73
     1
 44
1.0
101
Embedded Object
 70
     1
 10
1.0
 20
0.0
 30
0.0
 11
10962.50525694012
 21
11336.85695967326
 31
0.0
 40
11.83690436354663
 41
0.0
 42
7.276807639836289
 43
1.327489768076398
 71
     2
 72
     1
 44
11.83690436354663
 45
12.5
 73
     0
 74
     0
 46
0.0
  0
MTEXT
  5
12C8
330
1F
100
AcDbEntity
  8
0
  6
Continuous
 48
2.0
370
   100
100
AcDbMText
 10
10962.50525694012
 20
11333.12274866216
 30
0.0
 40
1.3
 41
11.83690436354663
 46
0.0
 71
     1
 72
     5
  1
1.5 x 1.2 m
 73
     1
 44
1.0
101
Embedded Object
 70
     1
 10
1.0
 20
0.0
 30
0.0
 11
10962.50525694012
 21
11333.12274866216
 31
0.0
 40
11.83690436354663
 41
0.0
 42
8.669031377899045
 43
1.327489768076398
 71
     2
 72
     1
 44
11.83690436354663
 45
12.5
 73
     0
 74
     0
 46
0.0
  0
MTEXT
  5
12C9
330
1F
100
AcDbEntity
  8
0
  6
Continuous
 48
2.0
370
   100
100
AcDbMText
 10
10962.50525694012
 20
11328.8399147012
 30
0.0
 40
1.3
 41
11.83690436354663
 46
0.0
 71
     1
 72
     5
  1
0.5 x 0.5 m
 73
     1
 44
1.0
101
Embedded Object
 70
     1
 10
1.0
 20
0.0
 30
0.0
 11
10962.50525694012
 21
11328.8399147012
 31
0.0
 40
11.83690436354663
 41
0.0
 42
8.791405184174625
 43
1.327489768076398
 71
     2
 72
     1
 44
11.83690436354663
 45
12.5
 73
     0
 74
     0
 46
0.0
  0
MTEXT
  5
12CC
330
1F
100
AcDbEntity
  8
0
  6
Continuous
 48
2.0
370
   100
100
AcDbMText
 10
10980.93393800182
 20
11345.33546133293
 30
0.0
 40
1.3
 41
4.670517275793827
 46
0.0
 71
     1
 72
     5
  1
1
 73
     1
 44
1.0
101
Embedded Object
 70
     1
 10
1.0
 20
0.0
 30
0.0
 11
10980.93393800182
 21
11345.33546133293
 31
0.0
 40
4.670517275793827
 41
0.0
 42
0.4788540245566166
 43
1.305320600272851
 71
     2
 72
     1
 44
4.670517275793827
 45
12.5
 73
     0
 74
     0
 46
0.0
  0
MTEXT
  5
12CD
330
1F
100
AcDbEntity
  8
0
  6
Continuous
 48
2.0
370
   100
100
AcDbMText
 10
10980.93393800182
 20
11340.99778450011
 30
0.0
 40
1.3
 41
4.670517275793827
 46
0.0
 71
     1
 72
     5
  1
27
 73
     1
 44
1.0
101
Embedded Object
 70
     1
 10
1.0
 20
0.0
 30
0.0
 11
10980.93393800182
 21
11340.99778450011
 31
0.0
 40
4.670517275793827
 41
0.0
 42
1.8843792633015
 43
1.305320600272851
 71
     2
 72
     1
 44
4.670517275793827
 45
12.5
 73
     0
 74
     0
 46
0.0
  0
MTEXT
  5
12CE
330
1F
100
AcDbEntity
  8
0
  6
Continuous
 48
2.0
370
   100
100
AcDbMText
 10
10980.93393800182
 20
11337.01006642715
 30
0.0
 40
1.3
 41
4.670517275793827
 46
0.0
 71
     1
 72
     5
  1
6
 73
     1
 44
1.0
101
Embedded Object
 70
     1
 10
1.0
 20
0.0
 30
0.0
 11
10980.93393800182
 21
11337.01006642715
 31
0.0
 40
4.670517275793827
 41
0.0
 42
0.8583901773533424
 43
1.327489768076398
 71
     2
 72
     1
 44
4.670517275793827
 45
12.5
 73
     0
 74
     0
 46
0.0
  0
MTEXT
  5
12CF
330
1F
100
AcDbEntity
  8
0
  6
Continuous
 48
2.0
370
   100
100
AcDbMText
 10
10980.93393800182
 20
11333.17282807573
 30
0.0
 40
1.3
 41
4.670517275793827
 46
0.0
 71
     1
 72
     5
  1
25
 73
     1
 44
1.0
101
Embedded Object
 70
     1
 10
1.0
 20
0.0
 30
0.0
 11
10980.93393800182
 21
11333.17282807573
 31
0.0
 40
4.670517275793827
 41
0.0
 42
1.894133697135061
 43
1.327489768076398
 71
     2
 72
     1
 44
4.670517275793827
 45
12.5
 73
     0
 74
     0
 46
0.0
  0
MTEXT
  5
12D0
330
1F
100
AcDbEntity
  8
0
  6
Continuous
 48
2.0
370
   100
100
AcDbMText
 10
10980.93393800182
 20
11328.95938981465
 30
0.0
 40
1.3
 41
4.670517275793827
 46
0.0
 71
     1
 72
     5
  1
12
 73
     1
 44
1.0
101
Embedded Object
 70
     1
 10
1.0
 20
0.0
 30
0.0
 11
10980.93393800182
 21
11328.95938981465
 31
0.0
 40
4.670517275793827
 41
0.0
 42
1.726534788540245
 43
1.305320600272851
 71
     2
 72
     1
 44
4.670517275793827
 45
12.5
 73
     0
 74
     0
 46
0.0
  0
LINE
  5
12D3
330
1F
100
AcDbEntity
  8
0
  6
Continuous
 48
2.0
370
   100
100
AcDbLine
 10
10939.10686930257
 20
11326.23406036445
 30
0.0
 11
10990.0125955396
 21
11326.23406036445
 31
0.0
  0
LINE
  5
12D8
330
1F
100
AcDbEntity
  8
0
  6
Continuous
 48
2.0
370
   100
100
AcDbLine
 10
10939.10686930257
 20
11326.23406036445
 30
0.0
 11
10939.10686930257
 21
11359.14017746419
 31
0.0
  0
LINE
  5
12DE
330
1F
100
AcDbEntity
  8
0
  6
Continuous
 48
2.0
370
   100
100
AcDbLine
 10
11209.25728744367
 20
11310.42172615556
 30
0.0
 11
11209.25728744367
 21
11343.20551235364
 31
0.0
  0
LINE
  5
12DF
330
1F
100
AcDbEntity
  8
0
  6
Continuous
 48
2.0
370
   100
100
AcDbLine
 10
11260.16301368071
 20
11310.42172615556
 30
0.0
 11
11260.1630136807
 21
11343.20551235364
 31
0.0
  0
LINE
  5
12E0
330
1F
100
AcDbEntity
  8
0
  6
Continuous
 48
2.0
370
   100
100
AcDbLine
 10
11260.1630136807
 20
11343.20551235364
 30
0.0
 11
11209.25728744367
 21
11343.20551235364
 31
0.0
  0
LINE
  5
12E1
330
1F
100
AcDbEntity
  8
0
  6
Continuous
 48
2.0
370
   100
100
AcDbLine
 10
11209.25728744367
 20
11335.42172615556
 30
0.0
 11
11260.1630136807
 21
11335.42172615556
 31
0.0
  0
MTEXT
  5
12E2
330
1F
100
AcDbEntity
  8
0
  6
Continuous
 48
2.0
370
   100
100
AcDbMText
 10
11220.32921843878
 20
11341.72145533643
 30
0.0
 40
2.5
 41
36.80222358180436
 46
0.0
 71
     1
 72
     5
  1
AREA STATEMENT
 73
     1
 44
1.0
101
Embedded Object
 70
     1
 10
1.0
 20
0.0
 30
0.0
 11
11220.32921843878
 21
11341.72145533643
 31
0.0
 40
36.80222358180436
 41
0.0
 42
31.56036834924966
 43
2.585266030013642
 71
     2
 72
     1
 44
36.80222358180436
 45
12.5
 73
     0
 74
     0
 46
0.0
  0
LINE
  5
12E3
330
1F
100
AcDbEntity
  8
0
  6
Continuous
 48
2.0
370
   100
100
AcDbLine
 10
11223.17900387147
 20
11335.42172615556
 30
0.0
 11
11223.17900387147
 21
11310.42172615556
 31
0.0
  0
LINE
  5
12E5
330
1F
100
AcDbEntity
  8
0
  6
Continuous
 48
2.0
370
   100
100
AcDbLine
 10
11242.7020675488
 20
11310.42172615556
 30
0.0
 11
11242.7020675488
 21
11335.42172615556
 31
0.0
  0
LINE
  5
12E7
330
1F
100
AcDbEntity
  8
0
  6
Continuous
 48
2.0
370
   100
100
AcDbLine
 10
11209.25728744367
 20
11329.42172615556
 30
0.0
 11
11260.1630136807
 21
11329.42172615556
 31
0.0
  0
LINE
  5
12E8
330
1F
100
AcDbEntity
  8
0
  6
Continuous
 48
2.0
370
   100
100
AcDbLine
 10
11209.25728744367
 20
11326.42172615556
 30
0.0
 11
11260.1630136807
 21
11326.42172615556
 31
0.0
  0
LINE
  5
12E9
330
1F
100
AcDbEntity
  8
0
  6
Continuous
 48
2.0
370
   100
100
AcDbLine
 10
11209.25728744367
 20
11323.42172615556
 30
0.0
 11
11260.1630136807
 21
11323.42172615556
 31
0.0
  0
LINE
  5
12EA
330
1F
100
AcDbEntity
  8
0
  6
Continuous
 48
2.0
370
   100
100
AcDbLine
 10
11209.25728744367
 20
11320.42172615556
 30
0.0
 11
11260.1630136807
 21
11320.42172615556
 31
0.0
  0
LINE
  5
12EB
330
1F
100
AcDbEntity
  8
0
  6
Continuous
 48
2.0
370
   100
100
AcDbLine
 10
11209.25728744367
 20
11317.42172615556
 30
0.0
 11
11260.1630136807
 21
11317.42172615556
 31
0.0
  0
MTEXT
  5
12EC
330
1F
100
AcDbEntity
  8
0
  6
Continuous
 48
2.0
370
   100
100
AcDbMText
 10
11211.73240880297
 20
11333.82697720557
 30
0.0
 40
1.3
 41
8.042545064488876
 46
0.0
 71
     1
 72
     5
  1
FLOOR
 73
     1
 44
1.0
101
Embedded Object
 70
     1
 10
1.0
 20
0.0
 30
0.0
 11
11211.73240880297
 21
11333.82697720557
 31
0.0
 40
8.042545064488876
 41
0.0
 42
6.084106412005457
 43
1.345225102319236
 71
     2
 72
     1
 44
8.042545064488876
 45
12.5
 73
     0
 74
     0
 46
0.0
  0
MTEXT
  5
12ED
330
1F
100
AcDbEntity
  8
0
  6
Continuous
 48
2.0
370
   100
100
AcDbMText
 10
11225.44303616785
 20
11334.05648728385
 30
0.0
 40
1.3
 41
14.55317815286434
 46
0.0
 71
     1
 72
     5
  1
TOTAL AREA OF FLOOR IN M^ 2
 73
     1
 44
1.0
101
Embedded Object
 70
     1
 10
1.0
 20
0.0
 30
0.0
 11
11225.44303616785
 21
11334.05648728385
 31
0.0
 40
14.55317815286434
 41
0.0
 42
14.20334242837653
 43
3.534947703501591
 71
     2
 72
     1
 44
14.55317815286434
 45
12.5
 73
     0
 74
     0
 46
0.0
  0
MTEXT
  5
12EE
330
1F
100
AcDbEntity
  8
0
  6
Continuous
 48
2.0
370
   100
100
AcDbMText
 10
11243.82600224978
 20
11334.05648728385
 30
0.0
 40
1.3
 41
14.55317815286434
 46
0.0
 71
     1
 72
     5
  1
TOTAL BUILT-UP AREA IN M^ 2
 73
     1
 44
1.0
101
Embedded Object
 70
     1
 10
1.0
 20
0.0
 30
0.0
 11
11243.82600224978
 21
11334.05648728385
 31
0.0
 40
14.55317815286434
 41
0.0
 42
14.51016371077763
 43
3.495043201455207
 71
     2
 72
     1
 44
14.55317815286434
 45
12.5
 73
     0
 74
     0
 46
0.0
  0
MTEXT
  5
12EF
330
1F
100
AcDbEntity
  8
0
  6
Continuous
 48
2.0
370
   100
100
AcDbMText
 10
11211.13521573743
 20
11328.80639774808
 30
0.0
 40
1.0
 41
3.695090751121824
 46
0.0
 71
     1
 72
     5
  1
BASEMENT
 73
     1
 44
1.0
101
Embedded Object
 70
     1
 10
1.0
 20
0.0
 30
0.0
 11
11211.13521573743
 21
11328.80639774808
 31
0.0
 40
3.695090751121824
 41
0.0
 42
7.55457025920873
 43
1.034106412005456
 71
     2
 72
     1
 44
3.695090751121824
 45
12.5
 73
     0
 74
     0
 46
0.0
  0
MTEXT
  5
12F0
330
1F
100
AcDbEntity
  8
0
  6
Continuous
 48
2.0
370
   100
100
AcDbMText
 10
11211.32732026974
 20
11325.33974061004
 30
0.0
 40
1.0
 41
11.52336721928623
 46
0.0
 71
     1
 72
     5
  1
GROUND FLOOR 
 73
     1
 44
1.0
101
Embedded Object
 70
     1
 10
1.0
 20
0.0
 30
0.0
 11
11211.32732026974
 21
11325.33974061004
 31
0.0
 40
11.52336721928623
 41
0.0
 42
11.31718963165075
 43
1.034788540245566
 71
     2
 72
     1
 44
11.52336721928623
 45
12.5
 73
     0
 74
     0
 46
0.0
  0
MTEXT
  5
12F1
330
1F
100
AcDbEntity
  8
0
  6
Continuous
 48
2.0
370
   100
100
AcDbMText
 10
11211.27929493554
 20
11322.50627793236
 30
0.0
 40
1.0
 41
3.695090751121824
 46
0.0
 71
     1
 72
     5
  1
MEZZANINE
 73
     1
 44
1.0
101
Embedded Object
 70
     1
 10
1.0
 20
0.0
 30
0.0
 11
11211.27929493554
 21
11322.50627793236
 31
0.0
 40
3.695090751121824
 41
0.0
 42
7.892905866302864
 43
1.0
 71
     2
 72
     1
 44
3.695090751121824
 45
12.5
 73
     0
 74
     0
 46
0.0
  0
MTEXT
  5
12F2
330
1F
100
AcDbEntity
  8
0
  6
Continuous
 48
2.0
370
   100
100
AcDbMText
 10
11211.18324107163
 20
11319.41575335337
 30
0.0
 40
1.0
 41
9.794423232964618
 46
0.0
 71
     1
 72
     5
  1
FIRST FLOOR 
 73
     1
 44
1.0
101
Embedded Object
 70
     1
 10
1.0
 20
0.0
 30
0.0
 11
11211.18324107163
 21
11319.41575335337
 31
0.0
 40
9.794423232964618
 41
0.0
 42
9.103683492496589
 43
1.034788540245566
 71
     2
 72
     1
 44
9.794423232964618
 45
12.5
 73
     0
 74
     0
 46
0.0
  0
MTEXT
  5
12F3
330
1F
100
AcDbEntity
  8
0
  6
Continuous
 48
2.0
370
   100
100
AcDbMText
 10
11228.94770322542
 20
11328.87286137181
 30
0.0
 40
1.3
 41
6.974854551899625
 46
0.0
 71
     1
 72
     5
  1
1450.24
 73
     1
 44
1.0
101
Embedded Object
 70
     1
 10
1.0
 20
0.0
 30
0.0
 11
11228.94770322542
 21
11328.87286137181
 31
0.0
 40
6.974854551899625
 41
0.0
 42
6.27919508867667
 43
1.327489768076398
 71
     2
 72
     1
 44
6.974854551899625
 45
12.5
 73
     0
 74
     0
 46
0.0
  0
MTEXT
  5
12F4
330
1F
100
AcDbEntity
  8
0
  6
Continuous
 48
2.0
370
   100
100
AcDbMText
 10
11228.94770322542
 20
11325.5578015512
 30
0.0
 40
1.3
 41
6.974854551899625
 46
0.0
 71
     1
 72
     5
  1
1450.24
 73
     1
 44
1.0
101
Embedded Object
 70
     1
 10
1.0
 20
0.0
 30
0.0
 11
11228.94770322542
 21
11325.5578015512
 31
0.0
 40
6.974854551899625
 41
0.0
 42
6.27919508867667
 43
1.327489768076398
 71
     2
 72
     1
 44
6.974854551899625
 45
12.5
 73
     0
 74
     0
 46
0.0
  0
MTEXT
  5
12F5
330
1F
100
AcDbEntity
  8
0
  6
Continuous
 48
2.0
370
   100
100
AcDbMText
 10
11228.94770322542
 20
11322.67514057422
 30
0.0
 40
1.3
 41
6.974854551899625
 46
0.0
 71
     1
 72
     5
  1
216
 73
     1
 44
1.0
101
Embedded Object
 70
     1
 10
1.0
 20
0.0
 30
0.0
 11
11228.94770322542
 21
11322.67514057422
 31
0.0
 40
6.974854551899625
 41
0.0
 42
2.893519781718963
 43
1.327489768076398
 71
     2
 72
     1
 44
6.974854551899625
 45
12.5
 73
     0
 74
     0
 46
0.0
  0
MTEXT
  5
12F6
330
1F
100
AcDbEntity
  8
0
  6
Continuous
 48
2.0
370
   100
100
AcDbMText
 10
11247.90006781857
 20
11328.87286137181
 30
0.0
 40
1.3
 41
6.974854551899625
 46
0.0
 71
     1
 72
     5
  1
1450.24
 73
     1
 44
1.0
101
Embedded Object
 70
     1
 10
1.0
 20
0.0
 30
0.0
 11
11247.90006781857
 21
11328.87286137181
 31
0.0
 40
6.974854551899625
 41
0.0
 42
6.27919508867667
 43
1.327489768076398
 71
     2
 72
     1
 44
6.974854551899625
 45
12.5
 73
     0
 74
     0
 46
0.0
  0
MTEXT
  5
12F7
330
1F
100
AcDbEntity
  8
0
  6
Continuous
 48
2.0
370
   100
100
AcDbMText
 10
11228.94770322542
 20
11319.67709876583
 30
0.0
 40
1.3
 41
6.974854551899625
 46
0.0
 71
     1
 72
     5
  1
1450.24
 73
     1
 44
1.0
101
Embedded Object
 70
     1
 10
1.0
 20
0.0
 30
0.0
 11
11228.94770322542
 21
11319.67709876583
 31
0.0
 40
6.974854551899625
 41
0.0
 42
6.27919508867667
 43
1.327489768076398
 71
     2
 72
     1
 44
6.974854551899625
 45
12.5
 73
     0
 74
     0
 46
0.0
  0
MTEXT
  5
12F8
330
1F
100
AcDbEntity
  8
0
  6
Continuous
 48
2.0
370
   100
100
AcDbMText
 10
11247.9017390708
 20
11325.73068621167
 30
0.0
 40
1.3
 41
6.974854551899625
 46
0.0
 71
     1
 72
     5
  1
1432
 73
     1
 44
1.0
101
Embedded Object
 70
     1
 10
1.0
 20
0.0
 30
0.0
 11
11247.9017390708
 21
11325.73068621167
 31
0.0
 40
6.974854551899625
 41
0.0
 42
3.746589358799454
 43
1.32837653478854
 71
     2
 72
     1
 44
6.974854551899625
 45
12.5
 73
     0
 74
     0
 46
0.0
  0
MTEXT
  5
12F9
330
1F
100
AcDbEntity
  8
0
  6
Continuous
 48
2.0
370
   100
100
AcDbMText
 10
11247.85363704434
 20
11322.6558482401
 30
0.0
 40
1.3
 41
6.974854551899625
 46
0.0
 71
     1
 72
     5
  1
216
 73
     1
 44
1.0
101
Embedded Object
 70
     1
 10
1.0
 20
0.0
 30
0.0
 11
11247.85363704434
 21
11322.6558482401
 31
0.0
 40
6.974854551899625
 41
0.0
 42
2.893519781718963
 43
1.327489768076398
 71
     2
 72
     1
 44
6.974854551899625
 45
12.5
 73
     0
 74
     0
 46
0.0
  0
MTEXT
  5
12FA
330
1F
100
AcDbEntity
  8
0
  6
Continuous
 48
2.0
370
   100
100
AcDbMText
 10
11247.9017390708
 20
11319.77318726313
 30
0.0
 40
1.3
 41
6.974854551899625
 46
0.0
 71
     1
 72
     5
  1
748.14
 73
     1
 44
1.0
101
Embedded Object
 70
     1
 10
1.0
 20
0.0
 30
0.0
 11
11247.9017390708
 21
11319.77318726313
 31
0.0
 40
6.974854551899625
 41
0.0
 42
5.380900409276943
 43
1.327489768076398
 71
     2
 72
     1
 44
6.974854551899625
 45
12.5
 73
     0
 74
     0
 46
0.0
  0
LINE
  5
12FB
330
1F
100
AcDbEntity
  8
0
  6
Continuous
 48
2.0
370
   100
100
AcDbLine
 10
11223.17900387147
 20
11313.42172615556
 30
0.0
 11
11260.1630136807
 21
11313.42172615556
 31
0.0
  0
LINE
  5
12FC
330
1F
100
AcDbEntity
  8
0
  6
Continuous
 48
2.0
370
   100
100
AcDbLine
 10
11209.25728744367
 20
11310.42172615556
 30
0.0
 11
11260.1630136807
 21
11310.42172615556
 31
0.0
  0
MTEXT
  5
12FD
330
1F
100
AcDbEntity
  8
0
  6
Continuous
 48
2.0
370
   100
100
AcDbMText
 10
11248.42516057035
 20
11312.57278927399
 30
0.0
 40
1.3
 41
6.974854551899625
 46
0.0
 71
     1
 72
     5
  1
3846.38
 73
     1
 44
1.0
101
Embedded Object
 70
     1
 10
1.0
 20
0.0
 30
0.0
 11
11248.42516057035
 21
11312.57278927399
 31
0.0
 40
6.974854551899625
 41
0.0
 42
6.408663028649385
 43
1.32837653478854
 71
     2
 72
     1
 44
6.974854551899625
 45
12.5
 73
     0
 74
     0
 46
0.0
  0
HATCH
  5
130E
330
1F
100
AcDbEntity
  8
column
  6
ACAD_ISO02W100
440
 33554687
370
   100
100
AcDbHatch
 10
0.0
 20
0.0
 30
0.0
210
0.0
220
0.0
230
1.0
  2
SOLID
 70
     1
 71
     0
 91
        1
 92
        1
 93
        4
 72
     1
 10
10822.61272484372
 20
11255.95756892391
 11
10821.86272484372
 21
11255.95756892391
 72
     1
 10
10821.86272484372
 20
11255.95756892391
 11
10821.86272484372
 21
11255.20756892391
 72
     1
 10
10821.86272484372
 20
11255.20756892391
 11
10822.61272484372
 21
11255.20756892391
 72
     1
 10
10822.61272484372
 20
11255.20756892391
 11
10822.61272484372
 21
11255.95756892391
 97
        0
 75
     1
 76
     1
 98
        1
 10
-8.769824944050924
 20
-19.96398236800996
450
        0
451
        0
460
0.0
461
0.0
452
        0
462
0.0
453
        2
463
0.0
 63
     5
421
      255
463
1.0
 63
     2
421
 16776960
470
LINEAR
1001
GradientColor1ACI
1070
     5
1001
GradientColor2ACI
1070
     2
1001
ACAD
1010
0.0
1020
0.0
1030
0.0
  0
LINE
  5
1315
330
1F
100
AcDbEntity
  8
0
  6
Continuous
 48
2.0
370
   100
100
AcDbLine
 10
10914.85455686995
 20
11234.79219779213
 30
0.0
 11
10879.75455686996
 21
11234.79219779214
 31
0.0
  0
LINE
  5
1316
330
1F
100
AcDbEntity
  8
0
  6
Continuous
 48
2.0
370
   100
100
AcDbLine
 10
10880.50455686995
 20
11302.79313061391
 30
0.0
 11
10880.50455686995
 21
11300.40789678887
 31
0.0
  0
LINE
  5
1317
330
1F
100
AcDbEntity
  8
0
  6
Continuous
 48
2.0
370
   100
100
AcDbLine
 10
10879.75455686996
 20
11302.89313061391
 30
0.0
 11
10879.75455686996
 21
11300.35742484928
 31
0.0
  0
LINE
  5
131A
330
1F
100
AcDbEntity
  8
0
  6
Continuous
 48
2.0
370
   100
100
AcDbLine
 10
10880.50455686995
 20
11302.79313061391
 30
0.0
 11
10880.50455686995
 21
11302.89313061391
 31
0.0
  0
LINE
  5
131B
330
1F
100
AcDbEntity
  8
0
  6
Continuous
 48
2.0
370
   100
100
AcDbLine
 10
10889.90515686995
 20
11302.89313061391
 30
0.0
 11
10889.90515686995
 21
11300.35742484928
 31
0.0
  0
LINE
  5
131C
330
1F
100
AcDbEntity
  8
0
  6
Continuous
 48
2.0
370
   100
100
AcDbLine
 10
10879.75455686996
 20
11300.35742484928
 30
0.0
 11
10921.41448070077
 21
11300.35742484928
 31
0.0
  0
LINE
  5
131D
330
1F
100
AcDbEntity
  8
0
  6
Continuous
 48
2.0
370
   100
100
AcDbLine
 10
10890.65515686995
 20
11302.89313061391
 30
0.0
 11
10890.65515686995
 21
11300.35742484928
 31
0.0
  0
LINE
  5
131E
330
1F
100
AcDbEntity
  8
0
  6
Continuous
 48
2.0
370
   100
100
AcDbLine
 10
10893.65515686995
 20
11302.89313061391
 30
0.0
 11
10893.65515686995
 21
11301.15766303584
 31
0.0
  0
LINE
  5
131F
330
1F
100
AcDbEntity
  8
0
  6
Continuous
 48
2.0
370
   100
100
AcDbLine
 10
10894.40515686995
 20
11302.89313061391
 30
0.0
 11
10894.40515686995
 21
11300.95981728739
 31
0.0
  0
LINE
  5
1321
330
1F
100
AcDbEntity
  8
0
  6
Continuous
 48
2.0
370
   100
100
AcDbLine
 10
10893.65515686995
 20
11301.15766303584
 30
0.0
 11
10893.65515686995
 21
11300.35742484929
 31
0.0
  0
LINE
  5
1322
330
1F
100
AcDbEntity
  8
0
  6
Continuous
 48
2.0
370
   100
100
AcDbLine
 10
10894.40515686995
 20
11300.95981728739
 30
0.0
 11
10894.40515686995
 21
11300.35742484928
 31
0.0
  0
LINE
  5
1324
330
1F
100
AcDbEntity
  8
0
  6
Continuous
 48
2.0
370
   100
100
AcDbLine
 10
10900.00265686996
 20
11302.89313061391
 30
0.0
 11
10900.00265686996
 21
11300.35742484929
 31
0.0
  0
LINE
  5
1325
330
1F
100
AcDbEntity
  8
0
  6
Continuous
 48
2.0
370
   100
100
AcDbLine
 10
10900.75265686996
 20
11302.89313061391
 30
0.0
 11
10900.75265686996
 21
11300.35742484928
 31
0.0
  0
LINE
  5
1326
330
1F
100
AcDbEntity
  8
0
  6
Continuous
 48
2.0
370
   100
100
AcDbLine
 10
10902.70455686995
 20
11302.89313061391
 30
0.0
 11
10902.70455686995
 21
11300.67913692787
 31
0.0
  0
LINE
  5
1327
330
1F
100
AcDbEntity
  8
0
  6
Continuous
 48
2.0
370
   100
100
AcDbLine
 10
10902.70455686995
 20
11300.67913692787
 30
0.0
 11
10902.70455686995
 21
11300.35742484928
 31
0.0
  0
LINE
  5
1328
330
1F
100
AcDbEntity
  8
0
  6
Continuous
 48
2.0
370
   100
100
AcDbLine
 10
10903.45455686996
 20
11302.89313061391
 30
0.0
 11
10903.45455686996
 21
11300.35742484928
 31
0.0
  0
LINE
  5
1329
330
1F
100
AcDbEntity
  8
0
  6
Continuous
 48
2.0
370
   100
100
AcDbLine
 10
10906.90435686995
 20
11302.89313061391
 30
0.0
 11
10906.90435686995
 21
11300.35742484928
 31
0.0
  0
LINE
  5
132A
330
1F
100
AcDbEntity
  8
0
  6
Continuous
 48
2.0
370
   100
100
AcDbLine
 10
10907.65435686996
 20
11302.89313061391
 30
0.0
 11
10907.65435686996
 21
11300.35742484928
 31
0.0
  0
LINE
  5
132B
330
1F
100
AcDbEntity
  8
0
  6
Continuous
 48
2.0
370
   100
100
AcDbLine
 10
10909.35285686996
 20
11302.89313061391
 30
0.0
 11
10909.35285686996
 21
11300.35742484928
 31
0.0
  0
LINE
  5
132C
330
1F
100
AcDbEntity
  8
0
  6
Continuous
 48
2.0
370
   100
100
AcDbLine
 10
10910.10285686996
 20
11302.89313061391
 30
0.0
 11
10910.10285686995
 21
11300.35742484928
 31
0.0
  0
LINE
  5
132D
330
1F
100
AcDbEntity
  8
0
  6
Continuous
 48
2.0
370
   100
100
AcDbLine
 10
10910.90285686995
 20
11302.89313061391
 30
0.0
 11
10910.90285686995
 21
11300.35742484928
 31
0.0
  0
LINE
  5
132E
330
1F
100
AcDbEntity
  8
0
  6
Continuous
 48
2.0
370
   100
100
AcDbLine
 10
10911.65285686996
 20
11302.8831306139
 30
0.0
 11
10911.65285686996
 21
11300.35742484928
 31
0.0
  0
LINE
  5
132F
330
1F
100
AcDbEntity
  8
0
  6
Continuous
 48
2.0
370
   100
100
AcDbLine
 10
10914.85285686995
 20
11301.6681306139
 30
0.0
 11
10914.85285686995
 21
11300.35742484928
 31
0.0
  0
LINE
  5
13AB
330
1F
100
AcDbEntity
  8
0
  6
Continuous
 48
2.0
370
   100
100
AcDbLine
 10
10880.50455686995
 20
11302.5431306139
 30
0.0
 11
10879.75455686996
 21
11302.5431306139
 31
0.0
  0
LINE
  5
13AC
330
1F
100
AcDbEntity
  8
0
  6
Continuous
 48
2.0
370
   100
100
AcDbLine
 10
10880.50455686995
 20
11302.1931306139
 30
0.0
 11
10879.75455686996
 21
11302.1931306139
 31
0.0
  0
LINE
  5
13AD
330
1F
100
AcDbEntity
  8
0
  6
Continuous
 48
2.0
370
   100
100
AcDbLine
 10
10880.50455686995
 20
11301.79313061391
 30
0.0
 11
10879.75455686996
 21
11301.7931306139
 31
0.0
  0
LINE
  5
13AE
330
1F
100
AcDbEntity
  8
0
  6
Continuous
 48
2.0
370
   100
100
AcDbLine
 10
10880.50455686995
 20
11301.66813061391
 30
0.0
 11
10879.75455686996
 21
11301.66813061391
 31
0.0
  0
LINE
  5
13B3
330
1F
100
AcDbEntity
  8
0
  6
Continuous
 48
2.0
370
   100
100
AcDbLine
 10
10880.50455686995
 20
11300.40789678887
 30
0.0
 11
10880.50455686995
 21
11300.35742484929
 31
0.0
  0
HATCH
  5
13BC
330
1F
100
AcDbEntity
  8
0
  6
Continuous
440
 33554687
 48
2.0
370
   100
100
AcDbHatch
 10
0.0
 20
0.0
 30
0.0
210
0.0
220
0.0
230
1.0
  2
ANSI31
 70
     0
 71
     0
 91
        1
 92
        7
 72
     0
 73
     1
 93
        5
 10
10880.50455686995
 20
11301.66813061391
 10
10879.75455686996
 20
11301.66813061391
 10
10879.75455686996
 20
11300.35742484928
 10
10880.50455686995
 20
11300.35742484928
 10
10880.50455686995
 20
11300.40789678887
 97
        0
 75
     1
 76
     1
 52
0.0
 41
1.0
 77
     0
 78
     1
 53
45.0
 43
10894.405157
 44
11311.793131
 45
-2.245064030267288
 46
2.245064030267288
 79
     0
 47
0.0050453233373339
 98
        1
 10
10880.02560898252
 20
11301.15790236537
1001
GradientColor1ACI
1070
     5
1001
GradientColor2ACI
1070
     2
1001
ACAD
1010
10894.405157
1020
11311.793131
1030
0.0
  0
HATCH
  5
13F5
330
1F
100
AcDbEntity
  8
0
  6
Continuous
440
 33554687
 48
2.0
370
   100
100
AcDbHatch
 10
0.0
 20
0.0
 30
0.0
210
0.0
220
0.0
230
1.0
  2
ANSI31
 70
     0
 71
     0
 91
        2
 92
        7
 72
     0
 73
     1
 93
        4
 10
10880.50455686995
 20
11308.66813061391
 10
10879.75455686996
 20
11308.66813061391
 10
10879.75455686996
 20
11304.9931306139
 10
10880.50455686995
 20
11304.9931306139
 97
        0
 92
        7
 72
     0
 73
     1
 93
        5
 10
10880.50455686995
 20
11301.66813061391
 10
10879.75455686996
 20
11301.66813061391
 10
10879.75455686996
 20
11300.35742484928
 10
10880.50455686995
 20
11300.35742484928
 10
10880.50455686995
 20
11300.40789678887
 97
        0
 75
     1
 76
     1
 52
0.0
 41
1.0
 77
     0
 78
     1
 53
45.0
 43
10894.405157
 44
11311.793131
 45
-2.245064030267288
 46
2.245064030267288
 79
     0
 47
0.0229637880328288
 98
        4
 10
10879.7589387363
 20
11301.65746288019
 10
10880.50684296554
 20
11300.40284427648
 10
10880.23563337925
 20
11307.33576882141
 10
10880.32673985273
 20
11301.18265967609
1001
GradientColor1ACI
1070
     5
1001
GradientColor2ACI
1070
     2
1001
ACAD
1010
10894.405157
1020
11311.793131
1030
0.0
  0
DIMENSION
  5
13FA
102
{ACAD_XDICTIONARY
360
1407
102
}
102
{ACAD_REACTORS
330
1411
102
}
330
1F
100
AcDbEntity
  8
0
  6
Continuous
 48
2.0
370
   100
100
AcDbDimension
280
     0
  2
*D1
 10
11128.76061369303
 20
11372.11720079692
 30
0.0
 11
11111.76061369303
 21
11373.25311484876
 31
0.0
 70
    32
  1
{\H0.4x;<> M}
 71
     5
 42
34.0
 73
     0
 74
     0
 75
     0
  3
ISO-25
100
AcDbAlignedDimension
 13
11094.76061369303
 23
11362.168269108
 33
0.0
 14
11128.76061369303
 24
11362.168269108
 34
0.0
100
AcDbRotatedDimension
  0
DIMENSION
  5
1426
102
{ACAD_XDICTIONARY
360
1435
102
}
102
{ACAD_REACTORS
330
1441
102
}
330
1F
100
AcDbEntity
  8
0
  6
Continuous
 48
2.0
370
   100
100
AcDbDimension
280
     0
  2
*D2
 10
11111.64887584608
 20
11367.16826910801
 30
0.0
 11
11110.51534924308
 21
11364.668269108
 31
0.0
 70
    32
  1
{\H0.4x;<>M}
 71
     5
 42
5.0
 73
     0
 74
     0
 75
     0
  3
ISO-25
100
AcDbAlignedDimension
 13
11111.76061369303
 23
11362.168269108
 33
0.0
 14
11111.76061369303
 24
11367.168269108
 34
0.0
 50
90.0
100
AcDbRotatedDimension
  0
DIMENSION
  5
14A5
330
1F
100
AcDbEntity
  8
0
  6
Continuous
 48
2.0
370
   100
100
AcDbDimension
280
     0
  2
*D3
 10
11088.97712523793
 20
11322.16826910801
 30
0.0
 11
11086.75821891688
 21
11342.168269108
 31
0.0
 70
    32
  1
{\H0.4x;\P<> M}
 71
     5
 42
40.0
 73
     0
 74
     0
 75
     0
  3
ISO-25
100
AcDbAlignedDimension
 13
11094.76061369303
 23
11362.168269108
 33
0.0
 14
11094.76061369303
 24
11322.168269108
 34
0.0
 50
90.0
100
AcDbRotatedDimension
  0
LINE
  5
14F2
330
1F
100
AcDbEntity
  8
0
  6
Continuous
 48
2.0
370
   100
100
AcDbLine
 10
11084.76061369303
 20
11317.168269108
 30
0.0
 11
11084.76061369303
 21
11312.438642475
 31
0.0
  0
LINE
  5
14F3
330
1F
100
AcDbEntity
  8
0
  6
Continuous
 48
2.0
370
   100
100
AcDbLine
 10
11133.76061369303
 20
11317.168269108
 30
0.0
 11
11133.76061369303
 21
11312.438642475
 31
0.0
  0
LINE
  5
14F4
102
{ACAD_REACTORS
330
150D
330
1512
102
}
330
1F
100
AcDbEntity
  8
0
  6
Continuous
 48
2.0
370
   100
100
AcDbLine
 10
11094.76061369303
 20
11322.168269108
 30
0.0
 11
11128.76061369303
 21
11322.168269108
 31
0.0
  0
DIMENSION
  5
14F5
102
{ACAD_REACTORS
330
150E
102
}
330
1F
100
AcDbEntity
  8
0
  6
Continuous
 48
2.0
370
   100
100
AcDbDimension
280
     0
  2
*D4
 10
11111.45090896869
 20
11322.16826910801
 30
0.0
 11
11110.31533598097
 21
11317.3034557915
 31
0.0
 70
    32
  1
{\H0.4x;8M}
 71
     5
 42
9.729626632995859
 73
     0
 74
     0
 75
     0
  3
ISO-25
100
AcDbAlignedDimension
 13
11111.45090896867
 23
11312.43864247501
 33
0.0
 14
11111.45090896867
 24
11322.168269108
 34
0.0
 50
90.0
100
AcDbRotatedDimension
  0
LINE
  5
1567
330
1F
100
AcDbEntity
  8
0
  6
Continuous
 48
2.0
370
   100
100
AcDbLine
 10
11158.63538257376
 20
11272.52381701529
 30
0.0
 11
11158.63538257376
 21
11272.39881701529
 31
0.0
  0
LINE
  5
1569
330
1F
100
AcDbEntity
  8
0
  6
ByBlock
 48
2.0
370
   100
100
AcDbLine
 10
11158.63538257376
 20
11272.39881701529
 30
0.0
 11
11158.63538257376
 21
11272.52381701529
 31
0.0
  0
LINE
  5
156A
330
1F
100
AcDbEntity
  8
0
  6
Continuous
 48
2.0
370
   100
100
AcDbLine
 10
11158.63538257376
 20
11272.52381701529
 30
0.0
 11
11158.63538257376
 21
11272.39881701529
 31
0.0
  0
LINE
  5
156B
102
{ACAD_REACTORS
330
1610
330
161D
102
}
330
1F
100
AcDbEntity
  8
0
  6
Continuous
 48
2.0
370
   100
100
AcDbLine
 10
11158.63538257376
 20
11272.39881701529
 30
0.0
 11
11193.73538257376
 21
11272.39881701529
 31
0.0
  0
LINE
  5
156C
330
1F
100
AcDbEntity
  8
0
  6
Continuous
 48
2.0
370
   100
100
AcDbLine
 10
11158.63538257376
 20
11272.39881701529
 30
0.0
 11
11158.63538257376
 21
11271.59881701529
 31
0.0
  0
LINE
  5
156D
330
1F
100
AcDbEntity
  8
0
  6
Continuous
 48
2.0
370
   100
100
AcDbLine
 10
11158.63538257376
 20
11272.39881701529
 30
0.0
 11
11158.63538257376
 21
11271.59881701529
 31
0.0
  0
LINE
  5
156E
330
1F
100
AcDbEntity
  8
0
  6
Continuous
 48
2.0
370
   100
100
AcDbLine
 10
11158.63538257376
 20
11272.39881701529
 30
0.0
 11
11158.63538257376
 21
11271.59881701529
 31
0.0
  0
LINE
  5
1571
330
1F
100
AcDbEntity
  8
0
  6
Continuous
 48
2.0
370
   100
100
AcDbLine
 10
11158.63538257376
 20
11272.46131701529
 30
0.0
 11
11158.63538257376
 21
11270.89881701529
 31
0.0
  0
LINE
  5
1572
330
1F
100
AcDbEntity
  8
0
  6
Continuous
 48
2.0
370
   100
100
AcDbLine
 10
11158.63538257376
 20
11270.89881701529
 30
0.0
 11
11158.63538257376
 21
11272.39881701529
 31
0.0
  0
LINE
  5
1595
330
1F
100
AcDbEntity
  8
0
  6
Continuous
 48
2.0
370
   100
100
AcDbLine
 10
11158.63538257376
 20
11270.58881701529
 30
0.0
 11
11158.63294529027
 21
11270.58881701529
 31
0.0
  0
LINE
  5
15CD
330
1F
100
AcDbEntity
  8
0
  6
Continuous
 48
2.0
370
   100
100
AcDbLine
 10
11193.73538257376
 20
11272.39881701529
 30
0.0
 11
11193.23538257376
 21
11272.39881701529
 31
0.0
  0
LINE
  5
15CE
330
1F
100
AcDbEntity
  8
0
  6
Continuous
 48
2.0
370
   100
100
AcDbLine
 10
11193.73538257376
 20
11272.39881701529
 30
0.0
 11
11193.73538257375
 21
11271.89881701529
 31
0.0
  0
LINE
  5
15CF
102
{ACAD_REACTORS
330
161D
330
161F
102
}
330
1F
100
AcDbEntity
  8
0
  6
Continuous
 48
2.0
370
   100
100
AcDbLine
 10
11193.73538257375
 20
11271.89881701529
 30
0.0
 11
11158.63538257376
 21
11271.89881701529
 31
0.0
  0
LINE
  5
15D0
102
{ACAD_REACTORS
330
161F
102
}
330
1F
100
AcDbEntity
  8
0
  6
Continuous
 48
2.0
370
   100
100
AcDbLine
 10
11158.63538257376
 20
11271.89881701529
 30
0.0
 11
11158.63538257376
 21
11271.09881701529
 31
0.0
  0
LINE
  5
15D1
102
{ACAD_REACTORS
330
161F
102
}
330
1F
100
AcDbEntity
  8
0
  6
Continuous
 48
2.0
370
   100
100
AcDbLine
 10
11158.63538257376
 20
11271.09881701529
 30
0.0
 11
11193.73538257375
 21
11271.09881701529
 31
0.0
  0
LINE
  5
15D2
102
{ACAD_REACTORS
330
161F
102
}
330
1F
100
AcDbEntity
  8
0
  6
Continuous
 48
2.0
370
   100
100
AcDbLine
 10
11193.73538257375
 20
11271.89881701529
 30
0.0
 11
11193.73538257375
 21
11271.09881701529
 31
0.0
  0
LINE
  5
15D4
330
1F
100
AcDbEntity
  8
0
  6
Continuous
 48
2.0
370
   100
100
AcDbLine
 10
11193.73538257375
 20
11271.09881701529
 30
0.0
 11
11193.73538257375
 21
11270.99881701529
 31
0.0
  0
LINE
  5
15D5
330
1F
100
AcDbEntity
  8
0
  6
Continuous
 48
2.0
370
   100
100
AcDbLine
 10
11193.73538257375
 20
11270.99881701529
 30
0.0
 11
11158.63538257376
 21
11270.99881701529
 31
0.0
  0
LINE
  5
15D6
102
{ACAD_REACTORS
330
1629
102
}
330
1F
100
AcDbEntity
  8
0
  6
Continuous
 48
2.0
370
   100
100
AcDbLine
 10
11158.63538257376
 20
11270.99881701529
 30
0.0
 11
11158.63538257376
 21
11270.79881701529
 31
0.0
  0
LINE
  5
15D7
102
{ACAD_REACTORS
330
1629
102
}
330
1F
100
AcDbEntity
  8
0
  6
Continuous
 48
2.0
370
   100
100
AcDbLine
 10
11158.63538257376
 20
11270.79881701529
 30
0.0
 11
11193.73538257375
 21
11270.79881701529
 31
0.0
  0
LINE
  5
15D8
330
1F
100
AcDbEntity
  8
0
  6
Continuous
 48
2.0
370
   100
100
AcDbLine
 10
11193.73538257375
 20
11270.99881701529
 30
0.0
 11
11193.73538257375
 21
11270.79881701529
 31
0.0
  0
HATCH
  5
1610
330
1F
100
AcDbEntity
  8
0
  6
Continuous
440
 33554687
 48
2.0
370
   100
100
AcDbHatch
 10
0.0
 20
0.0
 30
0.0
210
0.0
220
0.0
230
1.0
  2
AR-CONC
 70
     0
 71
     1
 91
        1
 92
       33
 93
        2
 72
     1
 10
11158.63538257376
 20
11272.52381701529
 11
11193.73538257376
 21
11272.52381701529
 72
     1
 10
11158.63538257376
 20
11272.39881701529
 11
11193.73538257376
 21
11272.39881701529
 97
        2
330
1028
330
156B
 75
     1
 76
     1
 52
0.0
 41
0.001
 77
     0
 78
    13
 53
50.0
 43
10894.405157
 44
11311.793131
 45
0.182184668996004
 46
-0.0159390855389031
 79
     2
 49
0.01905
 49
-0.20955
 53
355.0
 43
10894.405157
 44
11311.793131
 45
-0.0352434214249694
 46
0.1910568452390351
 79
     2
 49
0.01524
 49
-0.16764058417
 53
100.4514447
 43
10894.420339007
 44
11311.7918027465
 45
0.1469412470903533
 46
0.1751177519121951
 79
     2
 49
0.0161900088
 49
-0.1780902446
 53
46.1842
 43
10894.405157
 44
11311.843931
 45
0.2710790408921299
 46
-0.0420423279327272
 79
     2
 49
0.028575
 49
-0.314325
 53
96.63555760999997
 43
10894.4277469
 44
11311.8404275
 45
0.237404134051503
 46
0.2474261245977215
 79
     2
 49
0.02428502314
 49
-0.26713560816
 53
351.18415117
 43
10894.405157
 44
11311.843931
 45
0.237404134064977
 46
0.2474261245855327
 79
     2
 49
0.02285996707
 49
-0.25145973192
 53
21.0
 43
10894.430557
 44
11311.831231
 45
0.1516143912691325
 46
-0.1022651981870876
 79
     2
 49
0.01905
 49
-0.20955
 53
326.0
 43
10894.430557
 44
11311.831231
 45
0.0618020283476471
 46
0.1841879661223193
 79
     2
 49
0.01524
 49
-0.16764
 53
71.45144499999999
 43
10894.4431915326
 44
11311.8227089001
 45
0.2134164192787161
 46
0.0819227688859053
 79
     2
 49
0.0161900088
 49
-0.1780899376
 53
37.5
 43
10894.405157
 44
11311.793131
 45
0.0030886032505918
 46
0.0845550388731531
 79
     6
 49
0.0
 49
-0.165608
 49
0.0
 49
-0.17018
 49
0.0
 49
-0.168275
 53
7.499999999999999
 43
10894.405157
 44
11311.793131
 45
0.0668196625103058
 46
0.1001805748181195
 79
     6
 49
0.0
 49
-0.097028
 49
0.0
 49
-0.161798
 49
0.0
 49
-0.064135
 53
327.5
 43
10894.348515
 44
11311.793131
 45
0.1355905951668714
 46
-0.0057287439926734
 79
     6
 49
0.0
 49
-0.0635
 49
0.0
 49
-0.19812
 49
0.0
 49
-0.26289
 53
317.5
 43
10894.323115
 44
11311.793131
 45
0.148129181386018
 46
0.025426491033333
 79
     6
 49
0.0
 49
-0.08255
 49
0.0
 49
-0.131572
 49
0.0
 49
-0.18669
 98
        1
 10
0.0
 20
0.0
1001
GradientColor1ACI
1070
     5
1001
GradientColor2ACI
1070
     2
1001
ACAD
1010
10894.405157
1020
11311.793131
1030
0.0
  0
LINE
  5
161A
102
{ACAD_REACTORS
330
161D
102
}
330
1F
100
AcDbEntity
  8
0
  6
Continuous
 48
2.0
370
   100
100
AcDbLine
 10
11158.63538257376
 20
11272.39881701529
 30
0.0
 11
11158.63538257376
 21
11271.89881701529
 31
0.0
  0
LINE
  5
161B
102
{ACAD_REACTORS
330
161D
102
}
330
1F
100
AcDbEntity
  8
0
  6
Continuous
 48
2.0
370
   100
100
AcDbLine
 10
11193.73538257376
 20
11272.39881701529
 30
0.0
 11
11193.73538257375
 21
11271.89881701529
 31
0.0
  0
HATCH
  5
161D
330
1F
100
AcDbEntity
  8
0
  6
Continuous
440
 33554687
 48
2.0
370
   100
100
AcDbHatch
 10
0.0
 20
0.0
 30
0.0
210
0.0
220
0.0
230
1.0
  2
AR-SAND
 70
     0
 71
     1
 91
        1
 92
        1
 93
        4
 72
     1
 10
11158.63538257376
 20
11272.39881701529
 11
11158.63538257376
 21
11271.89881701529
 72
     1
 10
11158.63538257376
 20
11271.89881701529
 11
11193.73538257375
 21
11271.89881701529
 72
     1
 10
11193.73538257375
 20
11271.89881701529
 11
11193.73538257376
 21
11272.39881701529
 72
     1
 10
11193.73538257376
 20
11272.39881701529
 11
11158.63538257376
 21
11272.39881701529
 97
        4
330
161A
330
15CF
330
161B
330
156B
 75
     1
 76
     1
 52
0.0
 41
0.0009
 77
     0
 78
     4
 53
37.5
 43
10894.405157
 44
11311.793131
 45
-0.0014400281663856
 46
0.0440471913596408
 79
     6
 49
0.0
 49
-0.0347472
 49
0.0
 49
-0.038862
 49
0.0
 49
-0.0371475
 53
7.499999999999999
 43
10894.405157
 44
11311.793131
 45
0.0404570954824202
 46
0.0645142590511519
 79
     6
 49
0.0
 49
-0.0187452
 49
0.0
 49
-0.0313182
 49
0.0
 49
-0.0120015
 53
327.5
 43
10894.3770392
 44
11311.793131
 45
0.0711893133217312
 46
0.0001293466210691
 79
     6
 49
0.0
 49
-0.01143
 49
0.0
 49
-0.041148
 49
0.0
 49
-0.053721
 53
317.5
 43
10894.3770392
 44
11311.793131
 45
0.0687200807225068
 46
0.0200636390931495
 79
     6
 49
0.0
 49
-0.005715
 49
0.0
 49
-0.0269748
 49
0.0
 49
-0.030861
 98
        1
 10
0.0
 20
0.0
1001
GradientColor1ACI
1070
     5
1001
GradientColor2ACI
1070
     2
1001
ACAD
1010
10894.405157
1020
11311.793131
1030
0.0
  0
HATCH
  5
161F
330
1F
100
AcDbEntity
  8
0
  6
Continuous
440
 33554687
 48
2.0
370
   100
100
AcDbHatch
 10
0.0
 20
0.0
 30
0.0
210
0.0
220
0.0
230
1.0
  2
AR-CONC
 70
     0
 71
     1
 91
        1
 92
        1
 93
        4
 72
     1
 10
11158.63538257376
 20
11271.89881701529
 11
11158.63538257376
 21
11271.09881701529
 72
     1
 10
11158.63538257376
 20
11271.09881701529
 11
11193.73538257375
 21
11271.09881701529
 72
     1
 10
11193.73538257375
 20
11271.09881701529
 11
11193.73538257375
 21
11271.89881701529
 72
     1
 10
11193.73538257375
 20
11271.89881701529
 11
11158.63538257376
 21
11271.89881701529
 97
        4
330
15D0
330
15D1
330
15D2
330
15CF
 75
     1
 76
     1
 52
0.0
 41
0.01
 77
     0
 78
    13
 53
50.0
 43
10894.405157
 44
11311.793131
 45
1.82184668996004
 46
-0.1593908553890309
 79
     2
 49
0.1905
 49
-2.0955
 53
355.0
 43
10894.405157
 44
11311.793131
 45
-0.3524342142496934
 46
1.910568452390351
 79
     2
 49
0.1524
 49
-1.6764058417
 53
100.4514447
 43
10894.55697707
 44
11311.779848465
 45
1.469412470903532
 46
1.75117751912195
 79
     2
 49
0.161900088
 49
-1.780902445999999
 53
46.1842
 43
10894.405157
 44
11312.301131
 45
2.710790408921299
 46
-0.4204232793272715
 79
     2
 49
0.28575
 49
-3.14325
 53
96.63555760999997
 43
10894.631056
 44
11312.266096
 45
2.37404134051503
 46
2.474261245977215
 79
     2
 49
0.2428502314
 49
-2.671356081599999
 53
351.18415117
 43
10894.405157
 44
11312.301131
 45
2.37404134064977
 46
2.474261245855326
 79
     2
 49
0.2285996707
 49
-2.514597319199999
 53
21.0
 43
10894.659157
 44
11312.174131
 45
1.516143912691324
 46
-1.022651981870876
 79
     2
 49
0.1905
 49
-2.0955
 53
326.0
 43
10894.659157
 44
11312.174131
 45
0.6180202834764708
 46
1.841879661223192
 79
     2
 49
0.1524
 49
-1.676399999999999
 53
71.45144499999999
 43
10894.785502326
 44
11312.088910001
 45
2.134164192787161
 46
0.8192276888590523
 79
     2
 49
0.161900088
 49
-1.780899375999999
 53
37.5
 43
10894.405157
 44
11311.793131
 45
0.0308860325059182
 46
0.8455503887315311
 79
     6
 49
0.0
 49
-1.65608
 49
0.0
 49
-1.7018
 49
0.0
 49
-1.68275
 53
7.499999999999999
 43
10894.405157
 44
11311.793131
 45
0.6681966251030575
 46
1.001805748181195
 79
     6
 49
0.0
 49
-0.9702799999999999
 49
0.0
 49
-1.61798
 49
0.0
 49
-0.6413500000000001
 53
327.5
 43
10893.838737
 44
11311.793131
 45
1.355905951668713
 46
-0.0572874399267344
 79
     6
 49
0.0
 49
-0.635
 49
0.0
 49
-1.9812
 49
0.0
 49
-2.628899999999999
 53
317.5
 43
10893.584737
 44
11311.793131
 45
1.48129181386018
 46
0.2542649103333303
 79
     6
 49
0.0
 49
-0.8255
 49
0.0
 49
-1.31572
 49
0.0
 49
-1.8669
 98
        1
 10
0.0
 20
0.0
1001
GradientColor1ACI
1070
     5
1001
GradientColor2ACI
1070
     2
1001
ACAD
1010
10894.405157
1020
11311.793131
1030
0.0
  0
LINE
  5
1621
102
{ACAD_REACTORS
330
1626
102
}
330
1F
100
AcDbEntity
  8
0
  6
Continuous
 48
2.0
370
   100
100
AcDbLine
 10
11158.63538257376
 20
11271.09881701529
 30
0.0
 11
11158.63538257376
 21
11270.99881701529
 31
0.0
  0
LINE
  5
1622
102
{ACAD_REACTORS
330
1626
330
1629
102
}
330
1F
100
AcDbEntity
  8
0
  6
Continuous
 48
2.0
370
   100
100
AcDbLine
 10
11158.63538257376
 20
11270.99881701529
 30
0.0
 11
11193.73538257375
 21
11270.99881701529
 31
0.0
  0
LINE
  5
1623
102
{ACAD_REACTORS
330
1626
102
}
330
1F
100
AcDbEntity
  8
0
  6
Continuous
 48
2.0
370
   100
100
AcDbLine
 10
11193.73538257375
 20
11270.99881701529
 30
0.0
 11
11193.73538257375
 21
11271.09881701529
 31
0.0
  0
LINE
  5
1624
102
{ACAD_REACTORS
330
1626
102
}
330
1F
100
AcDbEntity
  8
0
  6
Continuous
 48
2.0
370
   100
100
AcDbLine
 10
11193.73538257375
 20
11271.09881701529
 30
0.0
 11
11158.63538257376
 21
11271.09881701529
 31
0.0
  0
HATCH
  5
1626
330
1F
100
AcDbEntity
  8
0
  6
Continuous
440
 33554687
 48
2.0
370
   100
100
AcDbHatch
 10
0.0
 20
0.0
 30
0.0
210
0.0
220
0.0
230
1.0
  2
AR-SAND
 70
     0
 71
     1
 91
        1
 92
        1
 93
        4
 72
     1
 10
11193.73538257375
 20
11271.09881701529
 11
11158.63538257376
 21
11271.09881701529
 72
     1
 10
11158.63538257376
 20
11271.09881701529
 11
11158.63538257376
 21
11270.99881701529
 72
     1
 10
11158.63538257376
 20
11270.99881701529
 11
11193.73538257375
 21
11270.99881701529
 72
     1
 10
11193.73538257375
 20
11270.99881701529
 11
11193.73538257375
 21
11271.09881701529
 97
        4
330
1624
330
1621
330
1622
330
1623
 75
     1
 76
     1
 52
0.0
 41
0.001
 77
     0
 78
     4
 53
37.5
 43
10894.405157
 44
11311.793131
 45
-0.001600031295984
 46
0.0489413237329342
 79
     6
 49
0.0
 49
-0.038608
 49
0.0
 49
-0.04318
 49
0.0
 49
-0.041275
 53
7.499999999999999
 43
10894.405157
 44
11311.793131
 45
0.0449523283138003
 46
0.0716825100568355
 79
     6
 49
0.0
 49
-0.020828
 49
0.0
 49
-0.034798
 49
0.0
 49
-0.013335
 53
327.5
 43
10894.373915
 44
11311.793131
 45
0.0790992370241458
 46
0.0001437184678546
 79
     6
 49
0.0
 49
-0.0127
 49
0.0
 49
-0.04572
 49
0.0
 49
-0.05969
 53
317.5
 43
10894.373915
 44
11311.793131
 45
0.0763556452472297
 46
0.0222929323257216
 79
     6
 49
0.0
 49
-0.00635
 49
0.0
 49
-0.029972
 49
0.0
 49
-0.03429
 98
        1
 10
0.0
 20
0.0
1001
GradientColor1ACI
1070
     5
1001
GradientColor2ACI
1070
     2
1001
ACAD
1010
10894.405157
1020
11311.793131
1030
0.0
  0
HATCH
  5
1629
330
1F
100
AcDbEntity
  8
0
  6
Continuous
440
 33554687
 48
2.0
370
   100
100
AcDbHatch
 10
0.0
 20
0.0
 30
0.0
210
0.0
220
0.0
230
1.0
  2
TRIANG
 70
     0
 71
     1
 91
        1
 92
       33
 93
        3
 72
     1
 10
11158.63538257376
 20
11270.99881701529
 11
11158.63538257376
 21
11270.79881701529
 72
     1
 10
11158.63538257376
 20
11270.99881701529
 11
11193.73538257375
 21
11270.99881701529
 72
     1
 10
11158.63538257376
 20
11270.79881701529
 11
11193.73538257375
 21
11270.79881701529
 97
        3
330
15D6
330
1622
330
15D7
 75
     1
 76
     1
 52
0.0
 41
0.01
 77
     0
 78
     3
 53
60.0
 43
10894.405157
 44
11311.793131
 45
-0.0476249999077962
 46
0.0824889196572339
 79
     2
 49
0.047625
 49
-0.047625
 53
120.0
 43
10894.405157
 44
11311.793131
 45
-0.0952499999077962
 46
0.0000000000532339
 79
     2
 49
0.047625
 49
-0.047625
 53
0.0
 43
10894.3813445
 44
11311.8343754598
 45
0.047625
 46
0.082488919604
 79
     2
 49
0.047625
 49
-0.047625
 98
        1
 10
0.0
 20
0.0
1001
GradientColor1ACI
1070
     5
1001
GradientColor2ACI
1070
     2
1001
ACAD
1010
10894.405157
1020
11311.793131
1030
0.0
  0
LINE
  5
162A
330
1F
100
AcDbEntity
  8
0
  6
Continuous
 48
2.0
370
   100
100
AcDbLine
 10
11159.38538257376
 20
11271.89881701529
 30
0.0
 11
11159.38538257376
 21
11271.09881701529
 31
0.0
  0
LINE
  5
162D
330
1F
100
AcDbEntity
  8
0
  6
Continuous
 48
2.0
370
   100
100
AcDbLine
 10
11163.38538257376
 20
11272.52381701529
 30
0.0
 11
11163.38538257376
 21
11271.09881701529
 31
0.0
  0
LINE
  5
162F
330
1F
100
AcDbEntity
  8
0
  6
Continuous
 48
2.0
370
   100
100
AcDbLine
 10
11164.13538257376
 20
11271.09881701529
 30
0.0
 11
11164.13538257376
 21
11272.52381701529
 31
0.0
  0
LINE
  5
163C
330
1F
100
AcDbEntity
  8
0
  6
Continuous
 48
2.0
370
   100
100
AcDbLine
 10
11169.13538257376
 20
11272.52381701529
 30
0.0
 11
11169.13538257376
 21
11271.09881701529
 31
0.0
  0
LINE
  5
163D
330
1F
100
AcDbEntity
  8
0
  6
Continuous
 48
2.0
370
   100
100
AcDbLine
 10
11169.88538257376
 20
11271.09881701529
 30
0.0
 11
11169.88538257376
 21
11272.52381701529
 31
0.0
  0
LINE
  5
163E
330
1F
100
AcDbEntity
  8
0
  6
Continuous
 48
2.0
370
   100
100
AcDbLine
 10
11172.88538257376
 20
11272.52381701529
 30
0.0
 11
11172.88538257376
 21
11271.09881701529
 31
0.0
  0
LINE
  5
163F
330
1F
100
AcDbEntity
  8
0
  6
Continuous
 48
2.0
370
   100
100
AcDbLine
 10
11173.63538257376
 20
11271.09881701529
 30
0.0
 11
11173.63538257376
 21
11272.52381701529
 31
0.0
  0
LINE
  5
1640
330
1F
100
AcDbEntity
  8
0
  6
Continuous
 48
2.0
370
   100
100
AcDbLine
 10
11175.8692706262
 20
11272.52381701529
 30
0.0
 11
11175.8692706262
 21
11271.09881701529
 31
0.0
  0
LINE
  5
1641
330
1F
100
AcDbEntity
  8
0
  6
Continuous
 48
2.0
370
   100
100
AcDbLine
 10
11176.6192706262
 20
11271.09881701529
 30
0.0
 11
11176.6192706262
 21
11272.52381701529
 31
0.0
  0
LINE
  5
1642
330
1F
100
AcDbEntity
  8
0
  6
Continuous
 48
2.0
370
   100
100
AcDbLine
 10
11180.23538257376
 20
11272.52381701529
 30
0.0
 11
11180.23538257375
 21
11271.09881701529
 31
0.0
  0
LINE
  5
1643
330
1F
100
AcDbEntity
  8
0
  6
Continuous
 48
2.0
370
   100
100
AcDbLine
 10
11180.98538257376
 20
11271.09881701529
 30
0.0
 11
11180.98538257376
 21
11272.52381701529
 31
0.0
  0
LINE
  5
1644
330
1F
100
AcDbEntity
  8
0
  6
Continuous
 48
2.0
370
   100
100
AcDbLine
 10
11183.48760442396
 20
11272.52381701529
 30
0.0
 11
11183.48760442396
 21
11271.09881701529
 31
0.0
  0
LINE
  5
1645
330
1F
100
AcDbEntity
  8
0
  6
Continuous
 48
2.0
370
   100
100
AcDbLine
 10
11184.23760442396
 20
11271.09881701529
 30
0.0
 11
11184.23760442396
 21
11272.52381701529
 31
0.0
  0
LINE
  5
1646
330
1F
100
AcDbEntity
  8
0
  6
Continuous
 48
2.0
370
   100
100
AcDbLine
 10
11192.98538257376
 20
11272.52381701529
 30
0.0
 11
11192.98538257375
 21
11271.09881701529
 31
0.0
  0
LINE
  5
1647
330
1F
100
AcDbEntity
  8
0
  6
Continuous
 48
2.0
370
   100
100
AcDbLine
 10
11193.73538257376
 20
11271.09881701529
 30
0.0
 11
11193.73538257376
 21
11272.52381701529
 31
0.0
  0
MULTILEADER
  5
164C
102
{ACAD_XDICTIONARY
360
1653
102
}
330
1F
100
AcDbEntity
  8
0
  6
Continuous
 48
2.0
160
               344
310
58010000140000000C00000016000000000000C00C00000033000000000000000C00000013000000993A00000C00000033000000000000000C00000010000000000000000C00000016000000000000C00C00000012000000000000000C00000013000000010000000C00000013000000891300003C00000006000000020000
310
00CCC6EDA6BADCC540AA372FEA3B04C6400000000000000000A03AE4C229DDC54090D7626E6904C64000000000000000000C00000013000000112700003C0000000600000002000000A03AE4C229DDC54090D7626E6904C64000000000000000004014974EC4DDC54090D7626E6904C64000000000000000000C0000001600
310
0000000000C00C00000012000000000000000C00000017000000000000000C000000130000009A3A00000C00000016000000000000C00C00000012000000000000000C00000017000000640000000C0000003300000000000000
370
   100
100
AcDbMLeader
270
     2
300
CONTEXT_DATA{
 40
1.0
 10
11195.53364838112
 20
11272.82368121648
 30
0.0
 41
4.0
140
4.0
145
2.0
174
     1
175
     1
176
     0
177
     0
290
     1
304

 11
0.0
 21
0.0
 31
1.0
340
11
 12
11197.53364838112
 22
11274.82368121648
 32
0.0
 13
1.0
 23
0.0
 33
0.0
 42
0.0
 43
0.0
 44
0.0
 45
1.0
170
     1
 90
-1073741824
171
     1
172
     5
 91
-1073741824
141
0.0
 92
        0
291
     0
292
     0
173
     0
293
     0
142
0.0
143
0.0
294
     0
295
     0
296
     0
110
11193.45821926314
120
11272.46808424204
130
0.0
111
1.0
121
0.0
131
0.0
112
0.0
122
1.0
132
0.0
297
     0
302
LEADER{
290
     1
291
     1
 10
11194.32626011717
 20
11272.82368121648
 30
0.0
 11
1.0
 21
0.0
 31
0.0
 90
        0
 40
1.207388263952452
304
LEADER_LINE{
 10
11193.45821926314
 20
11272.46808424204
 30
0.0
 91
        0
305
}
271
     0
303
}
272
     9
273
     9
301
}
340
13B
 90
   279680
170
     1
 91
-1056964608
341
14
171
    -2
290
     1
291
     1
 41
8.0
 42
4.0
172
     2
343
11
173
     1
 95
        1
174
     1
175
     0
 92
-1056964608
292
     0
 93
-1056964608
 10
1.0
 20
1.0
 30
1.0
 43
0.0
176
     0
293
     1
294
     0
178
     0
179
     1
 45
1.0
271
     0
272
     9
273
     9
295
     0
  0
MTEXT
  5
1659
330
1F
100
AcDbEntity
  8
0
  6
Continuous
 48
2.0
370
   100
100
AcDbMText
 10
11195.69056654043
 20
11272.96050113469
 30
0.0
 40
0.3
 41
13.83577383705415
 46
0.0
 71
     1
 72
     5
  1
GRADE SLAB
 73
     1
 44
1.0
101
Embedded Object
 70
     1
 10
1.0
 20
0.0
 30
0.0
 11
11195.69056654043
 21
11272.96050113469
 31
0.0
 40
13.83577383705415
 41
0.0
 42
2.633901773533424
 43
0.3102319236016371
 71
     2
 72
     1
 44
13.83577383705415
 45
0.0
 73
     0
 74
     0
 46
3.441483867180171
  0
MULTILEADER
  5
165A
102
{ACAD_XDICTIONARY
360
165F
102
}
330
1F
100
AcDbEntity
  8
0
  6
Continuous
 48
2.0
160
               344
310
58010000140000000C00000016000000000000C00C00000033000000000000000C00000013000000993A00000C00000033000000000000000C00000010000000000000000C00000016000000000000C00C00000012000000000000000C00000013000000010000000C00000013000000891300003C00000006000000020000
310
00B0EE7E7DA5DCC54048FB07EF0D04C640000000000000000020FFB0300DDDC540389D84962C04C64000000000000000000C00000013000000112700003C000000060000000200000020FFB0300DDDC540389D84962C04C6400000000000000000F0D46A48C1DDC540389D84962C04C64000000000000000000C0000001600
310
0000000000C00C00000012000000000000000C00000017000000000000000C000000130000009A3A00000C00000016000000000000C00C00000012000000000000000C00000017000000640000000C0000003300000000000000
370
   100
100
AcDbMLeader
270
     2
300
CONTEXT_DATA{
 40
1.0
 10
11195.51002250096
 20
11272.34834344555
 30
0.0
 41
4.0
140
4.0
145
2.0
174
     1
175
     1
176
     0
177
     0
290
     1
304

 11
0.0
 21
0.0
 31
1.0
340
11
 12
11197.51002250096
 22
11274.34834344555
 32
0.0
 13
1.0
 23
0.0
 33
0.0
 42
0.0
 43
0.0
 44
0.0
 45
1.0
170
     1
 90
-1073741824
171
     1
172
     5
 91
-1073741824
141
0.0
 92
        0
291
     0
292
     0
173
     0
293
     0
142
0.0
143
0.0
294
     0
295
     0
296
     0
110
11193.29289232878
120
11272.10885715265
130
0.0
111
1.0
121
0.0
131
0.0
112
0.0
122
1.0
132
0.0
297
     0
302
LEADER{
290
     1
291
     1
 10
11194.10304844338
 20
11272.34834344555
 30
0.0
 11
1.0
 21
0.0
 31
0.0
 90
        0
 40
1.406974057579645
304
LEADER_LINE{
 10
11193.29289232878
 20
11272.10885715265
 30
0.0
 91
        0
305
}
271
     0
303
}
272
     9
273
     9
301
}
340
13B
 90
   279680
170
     1
 91
-1056964608
341
14
171
    -2
290
     1
291
     1
 41
8.0
 42
4.0
172
     2
343
11
173
     1
 95
        1
174
     1
175
     0
 92
-1056964608
292
     0
 93
-1056964608
 10
1.0
 20
1.0
 30
1.0
 43
0.0
176
     0
293
     1
294
     0
178
     0
179
     1
 45
1.0
271
     0
272
     9
273
     9
295
     0
  0
MTEXT
  5
1663
330
1F
100
AcDbEntity
  8
0
  6
Continuous
 48
2.0
370
   100
100
AcDbMText
 10
11195.62815190179
 20
11272.53906835407
 30
0.0
 40
0.3
 41
13.83577383705415
 46
0.0
 71
     1
 72
     5
  1
COMPACTED SAND
 73
     1
 44
1.0
101
Embedded Object
 70
     1
 10
1.0
 20
0.0
 30
0.0
 11
11195.62815190179
 21
11272.53906835407
 31
0.0
 40
13.83577383705415
 41
0.0
 42
3.915347885402455
 43
0.3104365620736699
 71
     2
 72
     1
 44
13.83577383705415
 45
0.0
 73
     0
 74
     0
 46
3.441483867180171
  0
MULTILEADER
  5
1664
102
{ACAD_XDICTIONARY
360
1669
102
}
330
1F
100
AcDbEntity
  8
0
  6
Continuous
 48
2.0
160
               344
310
58010000140000000C00000016000000000000C00C00000033000000000000000C00000013000000993A00000C00000033000000000000000C00000010000000000000000C00000016000000000000C00C00000012000000000000000C00000013000000010000000C00000013000000891300003C00000006000000020000
310
00E0CC6E59A9DCC54028ED897DB403C640000000000000000020DA56570EDDC540A04F6D6FEC03C64000000000000000000C00000013000000112700003C000000060000000200000020DA56570EDDC540A04F6D6FEC03C6400000000000000000306B469AD7DDC540A04F6D6FEC03C64000000000000000000C0000001600
310
0000000000C00C00000012000000000000000C00000017000000000000000C000000130000009A3A00000C00000016000000000000C00C00000012000000000000000C00000017000000640000000C0000003300000000000000
370
   100
100
AcDbMLeader
270
     2
300
CONTEXT_DATA{
 40
1.0
 10
11195.68439560159
 20
11271.84715048206
 30
0.0
 41
4.0
140
4.0
145
2.0
174
     1
175
     1
176
     0
177
     0
290
     1
304

 11
0.0
 21
0.0
 31
1.0
340
11
 12
11197.68439560159
 22
11273.84715048206
 32
0.0
 13
1.0
 23
0.0
 33
0.0
 42
0.0
 43
0.0
 44
0.0
 45
1.0
170
     1
 90
-1073741824
171
     1
172
     5
 91
-1073741824
141
0.0
 92
        0
291
     0
292
     0
173
     0
293
     0
142
0.0
143
0.0
294
     0
295
     0
296
     0
110
11193.32304177288
120
11271.41008113937
130
0.0
111
1.0
121
0.0
131
0.0
112
0.0
122
1.0
132
0.0
297
     0
302
LEADER{
290
     1
291
     1
 10
11194.11204038287
 20
11271.84715048206
 30
0.0
 11
1.0
 21
0.0
 31
0.0
 90
        0
 40
1.572355218726443
304
LEADER_LINE{
 10
11193.32304177288
 20
11271.41008113937
 30
0.0
 91
        0
305
}
271
     0
303
}
272
     9
273
     9
301
}
340
13B
 90
   279680
170
     1
 91
-1056964608
341
14
171
    -2
290
     1
291
     1
 41
8.0
 42
4.0
172
     2
343
11
173
     1
 95
        1
174
     1
175
     0
 92
-1056964608
292
     0
 93
-1056964608
 10
1.0
 20
1.0
 30
1.0
 43
0.0
176
     0
293
     1
294
     0
178
     0
179
     1
 45
1.0
271
     0
272
     9
273
     9
295
     0
  0
MTEXT
  5
166E
330
1F
100
AcDbEntity
  8
0
  6
Continuous
 48
2.0
370
   100
100
AcDbMText
 10
11195.67540366211
 20
11272.05947853555
 30
0.0
 40
0.3
 41
13.83577383705415
 46
0.0
 71
     1
 72
     5
  1
RAFT
 73
     1
 44
1.0
101
Embedded Object
 70
     1
 10
1.0
 20
0.0
 30
0.0
 11
11195.67540366211
 21
11272.05947853555
 31
0.0
 40
13.83577383705415
 41
0.0
 42
1.052864938608458
 43
0.3
 71
     2
 72
     1
 44
13.83577383705415
 45
0.0
 73
     0
 74
     0
 46
3.441483867180171
  0
MULTILEADER
  5
166F
102
{ACAD_XDICTIONARY
360
1670
102
}
330
1F
100
AcDbEntity
  8
0
  6
Continuous
 48
2.0
160
               344
310
58010000140000000C00000016000000000000C00C00000033000000000000000C00000013000000993A00000C00000033000000000000000C00000010000000000000000C00000016000000000000C00C00000012000000000000000C00000013000000010000000C00000013000000891300003C00000006000000020000
310
00703CF1FED4DCC540E8A96D1F8603C6400000000000000000B049D9FC39DDC540600C5111BE03C64000000000000000000C00000013000000112700003C0000000600000002000000B049D9FC39DDC540600C5111BE03C6400000000000000000C0DAC83F03DEC540600C5111BE03C64000000000000000000C0000001600
310
0000000000C00C00000012000000000000000C00000017000000000000000C000000130000009A3A00000C00000016000000000000C00C00000012000000000000000C00000017000000640000000C0000003300000000000000
370
   100
100
AcDbMLeader
270
     2
300
CONTEXT_DATA{
 40
1.0
 10
11196.02538405114
 20
11271.48490346054
 30
0.0
 41
4.0
140
4.0
145
2.0
174
     1
175
     1
176
     0
177
     0
290
     1
304

 11
0.0
 21
0.0
 31
1.0
340
11
 12
11198.02538405114
 22
11273.48490346054
 32
0.0
 13
1.0
 23
0.0
 33
0.0
 42
0.0
 43
0.0
 44
0.0
 45
1.0
170
     1
 90
-1073741824
171
     1
172
     5
 91
-1073741824
141
0.0
 92
        0
291
     0
292
     0
173
     0
293
     0
142
0.0
143
0.0
294
     0
295
     0
296
     0
110
11193.66403022242
120
11271.04783411785
130
0.0
111
1.0
121
0.0
131
0.0
112
0.0
122
1.0
132
0.0
297
     0
302
LEADER{
290
     1
291
     1
 10
11194.45302883241
 20
11271.48490346054
 30
0.0
 11
1.0
 21
0.0
 31
0.0
 90
        0
 40
1.572355218726443
304
LEADER_LINE{
 10
11193.66403022242
 20
11271.04783411785
 30
0.0
 91
        0
305
}
271
     0
303
}
272
     9
273
     9
301
}
340
13B
 90
   279680
170
     1
 91
-1056964608
341
14
171
    -2
290
     1
291
     1
 41
8.0
 42
4.0
172
     2
343
11
173
     1
 95
        1
174
     1
175
     0
 92
-1056964608
292
     0
 93
-1056964608
 10
1.0
 20
1.0
 30
1.0
 43
0.0
176
     0
293
     1
294
     0
178
     0
179
     1
 45
1.0
271
     0
272
     9
273
     9
295
     0
  0
MTEXT
  5
1674
330
1F
100
AcDbEntity
  8
0
  6
Continuous
 48
2.0
370
   100
100
AcDbMText
 10
11196.01639211166
 20
11271.69723151403
 30
0.0
 40
0.3
 41
13.83577383705415
 46
0.0
 71
     1
 72
     5
  1
CONCRETE BED
 73
     1
 44
1.0
101
Embedded Object
 70
     1
 10
1.0
 20
0.0
 30
0.0
 11
11196.01639211166
 21
11271.69723151403
 31
0.0
 40
13.83577383705415
 41
0.0
 42
3.286698499317871
 43
0.3104365620736699
 71
     2
 72
     1
 44
13.83577383705415
 45
0.0
 73
     0
 74
     0
 46
3.441483867180171
  0
MULTILEADER
  5
1675
102
{ACAD_XDICTIONARY
360
1676
102
}
330
1F
100
AcDbEntity
  8
0
  6
Continuous
 48
2.0
160
               344
310
58010000140000000C00000016000000000000C00C00000033000000000000000C00000013000000993A00000C00000033000000000000000C00000010000000000000000C00000016000000000000C00C00000012000000000000000C00000013000000010000000C00000013000000891300003C00000006000000020000
310
004F07F85ED3DCC540E19A6F0C7303C6400000000000000000C001F2AE41DDC540506AFD3A9503C64000000000000000000C00000013000000112700003C0000000600000002000000C001F2AE41DDC540506AFD3A9503C6400000000000000000D092E1F10ADEC540506AFD3A9503C64000000000000000000C0000001600
310
0000000000C00C00000012000000000000000C00000017000000000000000C000000130000009A3A00000C00000016000000000000C00C00000012000000000000000C00000017000000640000000C0000003300000000000000
370
   100
100
AcDbMLeader
270
     2
300
CONTEXT_DATA{
 40
1.0
 10
11196.08550662678
 20
11271.16586272898
 30
0.0
 41
4.0
140
4.0
145
2.0
174
     1
175
     1
176
     0
177
     0
290
     1
304

 11
0.0
 21
0.0
 31
1.0
340
11
 12
11198.08550662678
 22
11273.16586272898
 32
0.0
 13
1.0
 23
0.0
 33
0.0
 42
0.0
 43
0.0
 44
0.0
 45
1.0
170
     1
 90
-1073741824
171
     1
172
     5
 91
-1073741824
141
0.0
 92
        0
291
     0
292
     0
173
     0
293
     0
142
0.0
143
0.0
294
     0
295
     0
296
     0
110
11193.65133571965
120
11270.89881701529
130
0.0
111
1.0
121
0.0
131
0.0
112
0.0
122
1.0
132
0.0
297
     0
302
LEADER{
290
     1
291
     1
 10
11194.51315140805
 20
11271.16586272898
 30
0.0
 11
1.0
 21
0.0
 31
0.0
 90
        0
 40
1.572355218726443
304
LEADER_LINE{
 10
11193.65133571965
 20
11270.89881701529
 30
0.0
 91
        0
305
}
271
     0
303
}
272
     9
273
     9
301
}
340
13B
 90
   279680
170
     1
 91
-1056964608
341
14
171
    -2
290
     1
291
     1
 41
8.0
 42
4.0
172
     2
343
11
173
     1
 95
        1
174
     1
175
     0
 92
-1056964608
292
     0
 93
-1056964608
 10
1.0
 20
1.0
 30
1.0
 43
0.0
176
     0
293
     1
294
     0
178
     0
179
     1
 45
1.0
271
     0
272
     9
273
     9
295
     0
  0
MTEXT
  5
167A
330
1F
100
AcDbEntity
  8
0
  6
Continuous
 48
2.0
370
   100
100
AcDbMText
 10
11196.00369760889
 20
11271.30535732228
 30
0.0
 40
0.3
 41
13.83577383705415
 46
0.0
 71
     1
 72
     5
  1
CLSM
 73
     1
 44
1.0
101
Embedded Object
 70
     1
 10
1.0
 20
0.0
 30
0.0
 11
11196.00369760889
 21
11271.30535732228
 31
0.0
 40
13.83577383705415
 41
0.0
 42
1.111800818553888
 43
0.3102319236016371
 71
     2
 72
     1
 44
13.83577383705415
 45
0.0
 73
     0
 74
     0
 46
3.441483867180171
  0
LINE
  5
167C
330
1F
100
AcDbEntity
  8
0
  6
ACAD_ISO08W100
 48
0.1
370
   100
100
AcDbLine
 10
11092.12722608857
 20
11273.03024843134
 30
0.0
 11
11097.96511055223
 21
11273.03024843134
 31
0.0
  0
LINE
  5
167D
330
1F
100
AcDbEntity
  8
0
  6
ACAD_ISO08W100
 48
0.1
370
   100
100
AcDbLine
 10
11097.96511055223
 20
11273.03024843134
 30
0.0
 11
11097.96511055223
 21
11267.73898670269
 31
0.0
  0
LINE
  5
167E
330
1F
100
AcDbEntity
  8
0
  6
ACAD_ISO08W100
 48
0.1
370
   100
100
AcDbLine
 10
11097.96511055223
 20
11267.73898670269
 30
0.0
 11
11122.37311313793
 21
11267.73898670269
 31
0.0
  0
LINE
  5
167F
330
1F
100
AcDbEntity
  8
0
  6
ACAD_ISO08W100
 48
0.1
370
   100
100
AcDbLine
 10
11122.37311313793
 20
11267.73898670269
 30
0.0
 11
11122.37311313793
 21
11262.61156596882
 31
0.0
  0
LINE
  5
1680
330
1F
100
AcDbEntity
  8
0
  6
ACAD_ISO08W100
 48
0.1
370
   100
100
AcDbLine
 10
11122.37311313793
 20
11262.61156596882
 30
0.0
 11
11131.11592298664
 21
11262.61156596882
 31
0.0
  0
LINE
  5
1681
330
1F
100
AcDbEntity
  8
0
  6
ACAD_ISO08W100
 48
0.1
370
   100
100
AcDbLine
 10
11131.11592298664
 20
11262.61156596882
 30
0.0
 11
11131.11592298664
 21
11265.25976863612
 31
0.0
  0
LINE
  5
1682
330
1F
100
AcDbEntity
  8
0
  6
ACAD_ISO08W100
 48
0.1
370
   100
100
AcDbLine
 10
11092.12722608857
 20
11273.03024843134
 30
0.0
 11
11090.81228717611
 21
11273.03024843134
 31
0.0
  0
LINE
  5
1683
330
1F
100
AcDbEntity
  8
0
  6
ACAD_ISO08W100
 48
0.1
370
   100
100
AcDbLine
 10
11090.81228717611
 20
11273.03024843134
 30
0.0
 11
11090.81228717611
 21
11274.54836658131
 31
0.0
  0
MTEXT
  5
1685
330
1F
100
AcDbEntity
  8
0
  6
ACAD_ISO08W100
 48
2.0
370
   100
100
AcDbMText
 10
11090.56280493407
 20
11275.36352525183
 30
0.0
 40
0.5
 41
0.5647290609485936
 46
0.0
 71
     1
 72
     5
  1
A
 73
     1
 44
1.0
101
Embedded Object
 70
     1
 10
1.0
 20
0.0
 30
0.0
 11
11090.56280493407
 21
11275.36352525183
 31
0.0
 40
0.5647290609485936
 41
0.0
 42
0.4669167803547067
 43
0.5
 71
     2
 72
     1
 44
0.5647290609485936
 45
12.5
 73
     0
 74
     0
 46
0.0
  0
MTEXT
  5
1686
330
1F
100
AcDbEntity
  8
0
  6
ACAD_ISO08W100
 48
2.0
370
   100
100
AcDbMText
 10
11130.9043479404
 20
11265.83139471039
 30
0.0
 40
0.5
 41
0.5647290609485936
 46
0.0
 71
     1
 72
     5
  1
A'
 73
     1
 44
1.0
101
Embedded Object
 70
     1
 10
1.0
 20
0.0
 30
0.0
 11
11130.9043479404
 21
11265.83139471039
 31
0.0
 40
0.5647290609485936
 41
0.0
 42
0.5665075034106412
 43
0.5
 71
     2
 72
     1
 44
0.5647290609485936
 45
12.5
 73
     0
 74
     0
 46
0.0
  0
LINE
  5
168A
330
1F
100
AcDbEntity
  8
0
  6
ACAD_ISO08W100
 48
0.1
370
   100
100
AcDbLine
 10
10793.69216034939
 20
11245.48951212866
 30
0.0
 11
10802.99247044499
 21
11245.48951212866
 31
0.0
  0
LINE
  5
168B
330
1F
100
AcDbEntity
  8
0
  6
ACAD_ISO08W100
 48
0.1
370
   100
100
AcDbLine
 10
10802.99247044499
 20
11245.48951212866
 30
0.0
 11
10802.99247044499
 21
11253.37454124594
 31
0.0
  0
LINE
  5
168C
330
1F
100
AcDbEntity
  8
0
  6
ACAD_ISO08W100
 48
0.1
370
   100
100
AcDbLine
 10
10802.99247044499
 20
11253.37454124594
 30
0.0
 11
10831.92024495621
 21
11253.37454124594
 31
0.0
  0
LINE
  5
168D
330
1F
100
AcDbEntity
  8
0
  6
ACAD_ISO08W100
 48
0.1
370
   100
100
AcDbLine
 10
10831.92024495621
 20
11253.37454124594
 30
0.0
 11
10831.92024495621
 21
11256.65609325886
 31
0.0
  0
LINE
  5
168E
330
1F
100
AcDbEntity
  8
0
  6
ACAD_ISO08W100
 48
0.1
370
   100
100
AcDbLine
 10
10793.69216034939
 20
11245.48951212866
 30
0.0
 11
10792.83052097354
 21
11245.48951212866
 31
0.0
  0
LINE
  5
168F
330
1F
100
AcDbEntity
  8
0
  6
ACAD_ISO08W100
 48
0.1
370
   100
100
AcDbLine
 10
10792.83052097354
 20
11245.48951212866
 30
0.0
 11
10792.83052097354
 21
11247.02643994866
 31
0.0
  0
MTEXT
  5
1690
330
1F
100
AcDbEntity
  8
0
  6
ACAD_ISO08W100
 48
2.0
370
   100
100
AcDbMText
 10
10792.60378304901
 20
11247.69929218797
 30
0.0
 40
0.5
 41
0.5647290609485936
 46
0.0
 71
     1
 72
     5
  1
A
 73
     1
 44
1.0
101
Embedded Object
 70
     1
 10
1.0
 20
0.0
 30
0.0
 11
10792.60378304901
 21
11247.69929218797
 31
0.0
 40
0.5647290609485936
 41
0.0
 42
0.4669167803547067
 43
0.5
 71
     2
 72
     1
 44
0.5647290609485936
 45
12.5
 73
     0
 74
     0
 46
0.0
  0
MTEXT
  5
1691
330
1F
100
AcDbEntity
  8
0
  6
ACAD_ISO08W100
 48
2.0
370
   100
100
AcDbMText
 10
10831.8967953886
 20
11257.53743299257
 30
0.0
 40
0.5
 41
0.5647290609485936
 46
0.0
 71
     1
 72
     5
  1
A'
 73
     1
 44
1.0
101
Embedded Object
 70
     1
 10
1.0
 20
0.0
 30
0.0
 11
10831.8967953886
 21
11257.53743299257
 31
0.0
 40
0.5647290609485936
 41
0.0
 42
0.5665075034106412
 43
0.5
 71
     2
 72
     1
 44
0.5647290609485936
 45
12.5
 73
     0
 74
     0
 46
0.0
  0
LINE
  5
1692
330
1F
100
AcDbEntity
  8
0
  6
ACAD_ISO08W100
 48
0.1
370
   100
100
AcDbLine
 10
10878.63952207633
 20
11244.55881706326
 30
0.0
 11
10887.93983217193
 21
11244.55881706326
 31
0.0
  0
LINE
  5
1693
330
1F
100
AcDbEntity
  8
0
  6
ACAD_ISO08W100
 48
0.1
370
   100
100
AcDbLine
 10
10887.93983217193
 20
11244.55881706326
 30
0.0
 11
10887.93983217193
 21
11252.44384618054
 31
0.0
  0
LINE
  5
1694
330
1F
100
AcDbEntity
  8
0
  6
ACAD_ISO08W100
 48
0.1
370
   100
100
AcDbLine
 10
10887.93983217193
 20
11252.44384618054
 30
0.0
 11
10916.86760668315
 21
11252.44384618054
 31
0.0
  0
LINE
  5
1695
330
1F
100
AcDbEntity
  8
0
  6
ACAD_ISO08W100
 48
0.1
370
   100
100
AcDbLine
 10
10916.86760668315
 20
11252.44384618054
 30
0.0
 11
10916.86760668315
 21
11255.72539819346
 31
0.0
  0
LINE
  5
1696
330
1F
100
AcDbEntity
  8
0
  6
ACAD_ISO08W100
 48
0.1
370
   100
100
AcDbLine
 10
10877.77788270048
 20
11244.55881706326
 30
0.0
 11
10877.77788270048
 21
11246.09574488326
 31
0.0
  0
MTEXT
  5
1697
330
1F
100
AcDbEntity
  8
0
  6
ACAD_ISO08W100
 48
2.0
370
   100
100
AcDbMText
 10
10877.55114477594
 20
11246.76859712257
 30
0.0
 40
0.5
 41
0.5647290609485936
 46
0.0
 71
     1
 72
     5
  1
A
 73
     1
 44
1.0
101
Embedded Object
 70
     1
 10
1.0
 20
0.0
 30
0.0
 11
10877.55114477594
 21
11246.76859712257
 31
0.0
 40
0.5647290609485936
 41
0.0
 42
0.4669167803547067
 43
0.5
 71
     2
 72
     1
 44
0.5647290609485936
 45
12.5
 73
     0
 74
     0
 46
0.0
  0
MTEXT
  5
1698
330
1F
100
AcDbEntity
  8
0
  6
ACAD_ISO08W100
 48
2.0
370
   100
100
AcDbMText
 10
10916.84415711554
 20
11256.60673792717
 30
0.0
 40
0.5
 41
0.5647290609485936
 46
0.0
 71
     1
 72
     5
  1
A'
 73
     1
 44
1.0
101
Embedded Object
 70
     1
 10
1.0
 20
0.0
 30
0.0
 11
10916.84415711554
 21
11256.60673792717
 31
0.0
 40
0.5647290609485936
 41
0.0
 42
0.5665075034106412
 43
0.5
 71
     2
 72
     1
 44
0.5647290609485936
 45
12.5
 73
     0
 74
     0
 46
0.0
  0
LINE
  5
169A
330
1F
100
AcDbEntity
  8
0
  6
ACAD_ISO08W100
 48
2.0
370
   100
100
AcDbLine
 10
10938.98561650234
 20
11246.77708852473
 30
0.0
 11
10938.98561650234
 21
11223.0018910345
 31
0.0
  0
LINE
  5
169E
330
1F
100
AcDbEntity
  8
0
  6
ACAD_ISO08W100
 48
2.0
370
   100
100
AcDbLine
 10
10938.98561650234
 20
11246.77708852473
 30
0.0
 11
10989.89134273937
 21
11246.77708852473
 31
0.0
  0
LINE
  5
169F
330
1F
100
AcDbEntity
  8
0
  6
ACAD_ISO08W100
 48
2.0
370
   100
100
AcDbLine
 10
10938.98561650234
 20
11246.77708852473
 30
0.0
 11
10938.98561650234
 21
11238.00189103449
 31
0.0
  0
LINE
  5
16A0
330
1F
100
AcDbEntity
  8
0
  6
ACAD_ISO08W100
 48
2.0
370
   100
100
AcDbLine
 10
10938.98561650234
 20
11238.00189103449
 30
0.0
 11
10989.89134273937
 21
11238.00189103449
 31
0.0
  0
MTEXT
  5
16A1
330
1F
100
AcDbEntity
  8
0
  6
ACAD_ISO08W100
 48
2.0
370
   100
100
AcDbMText
 10
10939.6958034076
 20
11242.15295248745
 30
0.0
 40
1.5
 41
76.69489639083622
 46
0.0
 71
     1
 72
     5
  1
WALCHAND COLLEGE OF ENGINEERING,SANGLI
 73
     1
 44
1.0
101
Embedded Object
 70
     1
 10
1.0
 20
0.0
 30
0.0
 11
10939.6958034076
 21
11242.15295248745
 31
0.0
 40
76.69489639083622
 41
0.0
 42
49.27285129604365
 43
1.823328785811732
 71
     2
 72
     1
 44
76.69489639083622
 45
12.5
 73
     0
 74
     0
 46
0.0
  0
LINE
  5
16A2
330
1F
100
AcDbEntity
  8
0
  6
ACAD_ISO08W100
 48
2.0
370
   100
100
AcDbLine
 10
10938.98561650234
 20
11238.00189103449
 30
0.0
 11
10938.98561650234
 21
11233.18027481953
 31
0.0
  0
LINE
  5
16A4
330
1F
100
AcDbEntity
  8
0
  6
ACAD_ISO08W100
 48
2.0
370
   100
100
AcDbLine
 10
10989.89134273937
 20
11233.18027481953
 30
0.0
 11
10989.89134273937
 21
11228.46242228189
 31
0.0
  0
LINE
  5
16A6
330
1F
100
AcDbEntity
  8
0
  6
ACAD_ISO08W100
 48
2.0
370
   100
100
AcDbLine
 10
10938.98561650234
 20
11228.46242228189
 30
0.0
 11
10938.98561650234
 21
11223.84394421115
 31
0.0
  0
LINE
  5
16A8
330
1F
100
AcDbEntity
  8
0
  6
ACAD_ISO08W100
 48
2.0
370
   100
100
AcDbLine
 10
10989.89134273937
 20
11223.84394421115
 30
0.0
 11
10989.89134273937
 21
11227.1673651765
 31
0.0
  0
LINE
  5
16A9
330
1F
100
AcDbEntity
  8
0
  6
ACAD_ISO08W100
 48
2.0
370
   100
100
AcDbLine
 10
10938.98561650234
 20
11235.00189103449
 30
0.0
 11
10989.89134273937
 21
11235.00189103449
 31
0.0
  0
LINE
  5
16AB
330
1F
100
AcDbEntity
  8
0
  6
ACAD_ISO08W100
 48
2.0
370
   100
100
AcDbLine
 10
10938.98561650234
 20
11231.00189103449
 30
0.0
 11
10989.89134273937
 21
11231.00189103449
 31
0.0
  0
LINE
  5
16AC
330
1F
100
AcDbEntity
  8
0
  6
ACAD_ISO08W100
 48
2.0
370
   100
100
AcDbLine
 10
10938.98561650234
 20
11227.00189103449
 30
0.0
 11
10989.89134273937
 21
11227.00189103449
 31
0.0
  0
LINE
  5
16AD
330
1F
100
AcDbEntity
  8
0
  6
ACAD_ISO08W100
 48
2.0
370
   100
100
AcDbLine
 10
10938.98561650234
 20
11223.00189103449
 30
0.0
 11
10989.89134273937
 21
11223.00189103449
 31
0.0
  0
LINE
  5
16B0
330
1F
100
AcDbEntity
  8
0
  6
ACAD_ISO08W100
 48
2.0
370
   100
100
AcDbLine
 10
10964.43847962085
 20
11238.00189103449
 30
0.0
 11
10964.43847962085
 21
11223.00189103449
 31
0.0
  0
MTEXT
  5
16B1
330
1F
100
AcDbEntity
  8
0
  6
ACAD_ISO08W100
 48
2.0
370
   100
100
AcDbMText
 10
10944.02968069011
 20
11237.08749505989
 30
0.0
 40
1.0
 41
33.30041912389061
 46
0.0
 71
     1
 72
     5
  1
CLASS-SY CIVIL
 73
     1
 44
1.0
101
Embedded Object
 70
     1
 10
1.0
 20
0.0
 30
0.0
 11
10944.02968069011
 21
11237.08749505989
 31
0.0
 40
33.30041912389061
 41
0.0
 42
10.67257844474761
 43
1.034106412005456
 71
     2
 72
     1
 44
33.30041912389061
 45
12.5
 73
     0
 74
     0
 46
0.0
  0
MTEXT
  5
16B2
330
1F
100
AcDbEntity
  8
0
  6
ACAD_ISO08W100
 48
2.0
370
   100
100
AcDbMText
 10
10944.02968069011
 20
11233.67323801352
 30
0.0
 40
1.0
 41
33.30041912389061
 46
0.0
 71
     1
 72
     5
  1
BATCH-C5
 73
     1
 44
1.0
101
Embedded Object
 70
     1
 10
1.0
 20
0.0
 30
0.0
 11
10944.02968069011
 21
11233.67323801352
 31
0.0
 40
33.30041912389061
 41
0.0
 42
6.827421555252387
 43
1.034106412005456
 71
     2
 72
     1
 44
33.30041912389061
 45
12.5
 73
     0
 74
     0
 46
0.0
  0
MTEXT
  5
16B3
330
1F
100
AcDbEntity
  8
0
  6
ACAD_ISO08W100
 48
2.0
370
   100
100
AcDbMText
 10
10944.02968069011
 20
11229.43134047952
 30
0.0
 40
1.0
 41
33.30041912389061
 46
0.0
 71
     1
 72
     5
  1
STARTING DATE-09/01/2024
 73
     1
 44
1.0
101
Embedded Object
 70
     1
 10
1.0
 20
0.0
 30
0.0
 11
10944.02968069011
 21
11229.43134047952
 31
0.0
 40
33.30041912389061
 41
0.0
 42
18.50341064120054
 43
1.034106412005456
 71
     2
 72
     1
 44
33.30041912389061
 45
12.5
 73
     0
 74
     0
 46
0.0
  0
MTEXT
  5
16B4
330
1F
100
AcDbEntity
  8
0
  6
ACAD_ISO08W100
 48
2.0
370
   100
100
AcDbMText
 10
10942.16570453263
 20
11225.70668395959
 30
0.0
 40
1.0
 41
33.30041912389061
 46
0.0
 71
     1
 72
     5
  1
COMPLETION DATE-12/04/2024
 73
     1
 44
1.0
101
Embedded Object
 70
     1
 10
1.0
 20
0.0
 30
0.0
 11
10942.16570453263
 21
11225.70668395959
 31
0.0
 40
33.30041912389061
 41
0.0
 42
20.67053206002729
 43
1.034788540245566
 71
     2
 72
     1
 44
33.30041912389061
 45
12.5
 73
     0
 74
     0
 46
0.0
  0
MTEXT
  5
16B7
330
1F
100
AcDbEntity
  8
0
  6
ACAD_ISO08W100
 48
2.0
370
   100
100
AcDbMText
 10
10966.08532138657
 20
11237.03571609335
 30
0.0
 40
1.0
 41
33.30041912389061
 46
0.0
 71
     1
 72
     5
  1
TITLE- 4 WHEELER SHOWROOM
 73
     1
 44
1.0
101
Embedded Object
 70
     1
 10
1.0
 20
0.0
 30
0.0
 11
10966.08532138657
 21
11237.03571609335
 31
0.0
 40
33.30041912389061
 41
0.0
 42
21.6718963165075
 43
1.034788540245566
 71
     2
 72
     1
 44
33.30041912389061
 45
12.5
 73
     0
 74
     0
 46
0.0
  0
MTEXT
  5
16B8
330
1F
100
AcDbEntity
  8
0
  6
ACAD_ISO08W100
 48
2.0
370
   100
100
AcDbMText
 10
10971.88388815416
 20
11233.77672736518
 30
0.0
 40
1.0
 41
33.30041912389061
 46
0.0
 71
     1
 72
     5
  1
SHEET NO.-1
 73
     1
 44
1.0
101
Embedded Object
 70
     1
 10
1.0
 20
0.0
 30
0.0
 11
10971.88388815416
 21
11233.77672736518
 31
0.0
 40
33.30041912389061
 41
0.0
 42
8.45225102319236
 43
1.034788540245566
 71
     2
 72
     1
 44
33.30041912389061
 45
12.5
 73
     0
 74
     0
 46
0.0
  0
MTEXT
  5
16B9
330
1F
100
AcDbEntity
  8
0
  6
ACAD_ISO08W100
 48
2.0
370
   100
100
AcDbMText
 10
10971.7285568077
 20
11229.74167137168
 30
0.0
 40
1.0
 41
33.30041912389061
 46
0.0
 71
     1
 72
     5
  1
SCALE-1:100
 73
     1
 44
1.0
101
Embedded Object
 70
     1
 10
1.0
 20
0.0
 30
0.0
 11
10971.7285568077
 21
11229.74167137168
 31
0.0
 40
33.30041912389061
 41
0.0
 42
8.412687585266029
 43
1.034106412005456
 71
     2
 72
     1
 44
33.30041912389061
 45
12.5
 73
     0
 74
     0
 46
0.0
  0
MTEXT
  5
16BA
330
1F
100
AcDbEntity
  8
0
  6
ACAD_ISO08W100
 48
2.0
370
   100
100
AcDbMText
 10
10971.88388815416
 20
11225.44806345256
 30
0.0
 40
1.0
 41
33.30041912389061
 46
0.0
 71
     1
 72
     5
  1
SIGN-
 73
     1
 44
1.0
101
Embedded Object
 70
     1
 10
1.0
 20
0.0
 30
0.0
 11
10971.88388815416
 21
11225.44806345256
 31
0.0
 40
33.30041912389061
 41
0.0
 42
3.774215552523874
 43
1.034106412005456
 71
     2
 72
     1
 44
33.30041912389061
 45
12.5
 73
     0
 74
     0
 46
0.0
  0
LINE
  5
16BC
330
1F
100
AcDbEntity
  8
0
  6
ACAD_ISO08W100
 48
2.0
370
   100
100
AcDbLine
 10
10989.89134273937
 20
11223.00189103449
 30
0.0
 11
10989.89134273937
 21
11246.77708852473
 31
0.0
  0
LINE
  5
16BD
330
1F
100
AcDbEntity
  8
0
  6
ACAD_ISO08W100
 48
2.0
370
   100
100
AcDbLine
 10
10939.10686930257
 20
11279.48451375536
 30
0.0
 11
10939.10686930257
 21
11265.55212413656
 31
0.0
  0
LINE
  5
16C0
330
1F
100
AcDbEntity
  8
0
  6
ACAD_ISO08W100
 48
2.0
370
   100
100
AcDbLine
 10
10990.01259553959
 20
11265.55212413656
 30
0.0
 11
10990.0125955396
 21
11279.48451375536
 31
0.0
  0
LINE
  5
16C3
330
1F
100
AcDbEntity
  8
0
  6
ACAD_ISO08W100
 48
2.0
370
   100
100
AcDbLine
 10
10939.10686930257
 20
11279.48451375536
 30
0.0
 11
10990.0125955396
 21
11279.48451375536
 31
0.0
  0
LINE
  5
16C4
330
1F
100
AcDbEntity
  8
0
  6
ACAD_ISO08W100
 48
2.0
370
   100
100
AcDbLine
 10
10990.0125955396
 20
11279.48451375536
 30
0.0
 11
10990.0125955396
 21
11275.55212413656
 31
0.0
  0
LINE
  5
16C5
330
1F
100
AcDbEntity
  8
0
  6
ACAD_ISO08W100
 48
2.0
370
   100
100
AcDbLine
 10
10990.0125955396
 20
11275.55212413656
 30
0.0
 11
10939.10686930257
 21
11275.55212413656
 31
0.0
  0
LINE
  5
16C6
330
1F
100
AcDbEntity
  8
0
  6
ACAD_ISO08W100
 48
2.0
370
   100
100
AcDbLine
 10
10990.0125955396
 20
11273.55212413656
 30
0.0
 11
10939.10686930257
 21
11273.55212413656
 31
0.0
  0
LINE
  5
16C7
330
1F
100
AcDbEntity
  8
0
  6
ACAD_ISO08W100
 48
2.0
370
   100
100
AcDbLine
 10
10990.0125955396
 20
11271.55212413656
 30
0.0
 11
10939.10686930257
 21
11271.55212413656
 31
0.0
  0
LINE
  5
16C8
330
1F
100
AcDbEntity
  8
0
  6
ACAD_ISO08W100
 48
2.0
370
   100
100
AcDbLine
 10
10990.0125955396
 20
11269.55212413656
 30
0.0
 11
10939.10686930257
 21
11269.55212413656
 31
0.0
  0
LINE
  5
16C9
330
1F
100
AcDbEntity
  8
0
  6
ACAD_ISO08W100
 48
2.0
370
   100
100
AcDbLine
 10
10990.0125955396
 20
11267.55212413656
 30
0.0
 11
10939.10686930257
 21
11267.55212413656
 31
0.0
  0
LINE
  5
16CA
330
1F
100
AcDbEntity
  8
0
  6
ACAD_ISO08W100
 48
2.0
370
   100
100
AcDbLine
 10
10990.0125955396
 20
11265.55212413656
 30
0.0
 11
10939.10686930257
 21
11265.55212413656
 31
0.0
  0
LINE
  5
16CD
330
1F
100
AcDbEntity
  8
0
  6
ACAD_ISO08W100
 48
2.0
370
   100
100
AcDbLine
 10
10964.55973242108
 20
11275.55212413656
 30
0.0
 11
10964.55973242108
 21
11265.55212413656
 31
0.0
  0
MTEXT
  5
16CE
330
1F
100
AcDbEntity
  8
0
  6
ACAD_ISO08W100
 48
2.0
370
   100
100
AcDbMText
 10
10955.11069719869
 20
11278.64301982238
 30
0.0
 40
2.0
 41
29.32535928563448
 46
0.0
 71
     1
 72
     5
  1
TEAM MEMBERS
 73
     1
 44
1.0
101
Embedded Object
 70
     1
 10
1.0
 20
0.0
 30
0.0
 11
10955.11069719869
 21
11278.64301982238
 31
0.0
 40
29.32535928563448
 41
0.0
 42
22.45293315143247
 43
2.068212824010913
 71
     2
 72
     1
 44
29.32535928563448
 45
12.5
 73
     0
 74
     0
 46
0.0
  0
MTEXT
  5
16CF
330
1F
100
AcDbEntity
  8
0
  6
ACAD_ISO08W100
 48
2.0
370
   100
100
AcDbMText
 10
10941.02685161988
 20
11275.12122712101
 30
0.0
 40
1.0
 41
34.76134481829831
 46
0.0
 71
     1
 72
     5
  1
VIRAJ JAGTAP
 73
     1
 44
1.0
101
Embedded Object
 70
     1
 10
1.0
 20
0.0
 30
0.0
 11
10941.02685161988
 21
11275.12122712101
 31
0.0
 40
34.76134481829831
 41
0.0
 42
9.71418826739427
 43
1.034106412005456
 71
     2
 72
     1
 44
34.76134481829831
 45
12.5
 73
     0
 74
     0
 46
0.0
  0
MTEXT
  5
16D1
330
1F
100
AcDbEntity
  8
0
  6
ACAD_ISO08W100
 48
2.0
370
   100
100
AcDbMText
 10
10941.02685161988
 20
11273.16281630195
 30
0.0
 40
1.0
 41
34.76134481829831
 46
0.0
 71
     1
 72
     5
  1
AADITI WANKHEDE
 73
     1
 44
1.0
101
Embedded Object
 70
     1
 10
1.0
 20
0.0
 30
0.0
 11
10941.02685161988
 21
11273.16281630195
 31
0.0
 40
34.76134481829831
 41
0.0
 42
12.88744884038199
 43
1.0
 71
     2
 72
     1
 44
34.76134481829831
 45
12.5
 73
     0
 74
     0
 46
0.0
  0
MTEXT
  5
16D2
330
1F
100
AcDbEntity
  8
0
  6
ACAD_ISO08W100
 48
2.0
370
   100
100
AcDbMText
 10
10941.02685161988
 20
11271.13795009405
 30
0.0
 40
1.0
 41
34.76134481829831
 46
0.0
 71
     1
 72
     5
  1
RIYA KULKARNI
 73
     1
 44
1.0
101
Embedded Object
 70
     1
 10
1.0
 20
0.0
 30
0.0
 11
10941.02685161988
 21
11271.13795009405
 31
0.0
 40
34.76134481829831
 41
0.0
 42
10.40040927694406
 43
1.017053206002728
 71
     2
 72
     1
 44
34.76134481829831
 45
12.5
 73
     0
 74
     0
 46
0.0
  0
MTEXT
  5
16D5
330
1F
100
AcDbEntity
  8
0
  6
ACAD_ISO08W100
 48
2.0
370
   100
100
AcDbMText
 10
10941.02685161988
 20
11269.14634587127
 30
0.0
 40
1.0
 41
34.76134481829831
 46
0.0
 71
     1
 72
     5
  1
PRANAV DAMALE
 73
     1
 44
1.0
101
Embedded Object
 70
     1
 10
1.0
 20
0.0
 30
0.0
 11
10941.02685161988
 21
11269.14634587127
 31
0.0
 40
34.76134481829831
 41
0.0
 42
11.69508867667121
 43
1.0
 71
     2
 72
     1
 44
34.76134481829831
 45
12.5
 73
     0
 74
     0
 46
0.0
  0
MTEXT
  5
16D6
330
1F
100
AcDbEntity
  8
0
  6
ACAD_ISO08W100
 48
2.0
370
   100
100
AcDbMText
 10
10941.02685161988
 20
11267.15474164849
 30
0.0
 40
1.0
 41
34.76134481829831
 46
0.0
 71
     1
 72
     5
  1
ANIKET KHANDARE
 73
     1
 44
1.0
101
Embedded Object
 70
     1
 10
1.0
 20
0.0
 30
0.0
 11
10941.02685161988
 21
11267.15474164849
 31
0.0
 40
34.76134481829831
 41
0.0
 42
13.12141882673943
 43
1.0
 71
     2
 72
     1
 44
34.76134481829831
 45
12.5
 73
     0
 74
     0
 46
0.0
  0
MTEXT
  5
16D7
330
1F
100
AcDbEntity
  8
0
  6
ACAD_ISO08W100
 48
2.0
370
   100
100
AcDbMText
 10
10971.14120951551
 20
11275.19063151058
 30
0.0
 40
1.0
 41
34.76134481829831
 46
0.0
 71
     1
 72
     5
  1
22110070
 73
     1
 44
1.0
101
Embedded Object
 70
     1
 10
1.0
 20
0.0
 30
0.0
 11
10971.14120951551
 21
11275.19063151058
 31
0.0
 40
34.76134481829831
 41
0.0
 42
6.107776261937244
 43
1.021145975443383
 71
     2
 72
     1
 44
34.76134481829831
 45
12.5
 73
     0
 74
     0
 46
0.0
  0
MTEXT
  5
16E0
330
1F
100
AcDbEntity
  8
0
  6
ACAD_ISO08W100
 48
2.0
370
   100
100
AcDbMText
 10
10971.14120951551
 20
11273.19552963576
 30
0.0
 40
1.0
 41
34.76134481829831
 46
0.0
 71
     1
 72
     5
  1
22110071
 73
     1
 44
1.0
101
Embedded Object
 70
     1
 10
1.0
 20
0.0
 30
0.0
 11
10971.14120951551
 21
11273.19552963576
 31
0.0
 40
34.76134481829831
 41
0.0
 42
5.918144611186903
 43
1.021145975443383
 71
     2
 72
     1
 44
34.76134481829831
 45
12.5
 73
     0
 74
     0
 46
0.0
  0
MTEXT
  5
16E3
330
1F
100
AcDbEntity
  8
0
  6
ACAD_ISO08W100
 48
2.0
370
   100
100
AcDbMText
 10
10971.14120951551
 20
11271.30185967023
 30
0.0
 40
1.0
 41
34.76134481829831
 46
0.0
 71
     1
 72
     5
  1
22110072
 73
     1
 44
1.0
101
Embedded Object
 70
     1
 10
1.0
 20
0.0
 30
0.0
 11
10971.14120951551
 21
11271.30185967023
 31
0.0
 40
34.76134481829831
 41
0.0
 42
6.100954979536153
 43
1.021145975443383
 71
     2
 72
     1
 44
34.76134481829831
 45
12.5
 73
     0
 74
     0
 46
0.0
  0
MTEXT
  5
16E4
330
1F
100
AcDbEntity
  8
0
  6
ACAD_ISO08W100
 48
2.0
370
   100
100
AcDbMText
 10
10971.14120951551
 20
11269.17144666829
 30
0.0
 40
1.0
 41
34.76134481829831
 46
0.0
 71
     1
 72
     5
  1
22110073
 73
     1
 44
1.0
101
Embedded Object
 70
     1
 10
1.0
 20
0.0
 30
0.0
 11
10971.14120951551
 21
11269.17144666829
 31
0.0
 40
34.76134481829831
 41
0.0
 42
6.11118690313779
 43
1.021828103683492
 71
     2
 72
     1
 44
34.76134481829831
 45
12.5
 73
     0
 74
     0
 46
0.0
  0
MTEXT
  5
16E6
330
1F
100
AcDbEntity
  8
0
  6
ACAD_ISO08W100
 48
2.0
370
   100
100
AcDbMText
 10
10971.14120951551
 20
11267.37920861204
 30
0.0
 40
1.0
 41
34.76134481829831
 46
0.0
 71
     1
 72
     5
  1
23120011
 73
     1
 44
1.0
101
Embedded Object
 70
     1
 10
1.0
 20
0.0
 30
0.0
 11
10971.14120951551
 21
11267.37920861204
 31
0.0
 40
34.76134481829831
 41
0.0
 42
5.918144611186903
 43
1.021828103683492
 71
     2
 72
     1
 44
34.76134481829831
 45
12.5
 73
     0
 74
     0
 46
0.0
  0
LINE
  5
16E7
330
1F
100
AcDbEntity
  8
0
  6
ACAD_ISO08W100
 48
2.0
370
   100
100
AcDbLine
 10
11206.3279660695
 20
11260.1044458597
 30
0.0
 11
11206.3279660695
 21
11236.32924836947
 31
0.0
  0
LINE
  5
16E8
330
1F
100
AcDbEntity
  8
0
  6
ACAD_ISO08W100
 48
2.0
370
   100
100
AcDbLine
 10
11257.23369230653
 20
11236.32924836946
 30
0.0
 11
11257.23369230653
 21
11260.1044458597
 31
0.0
  0
LINE
  5
16E9
330
1F
100
AcDbEntity
  8
0
  6
ACAD_ISO08W100
 48
2.0
370
   100
100
AcDbLine
 10
11206.3279660695
 20
11260.1044458597
 30
0.0
 11
11257.23369230653
 21
11260.1044458597
 31
0.0
  0
LINE
  5
16EA
330
1F
100
AcDbEntity
  8
0
  6
ACAD_ISO08W100
 48
2.0
370
   100
100
AcDbLine
 10
11206.3279660695
 20
11260.1044458597
 30
0.0
 11
11206.3279660695
 21
11251.32924836947
 31
0.0
  0
LINE
  5
16EB
330
1F
100
AcDbEntity
  8
0
  6
ACAD_ISO08W100
 48
2.0
370
   100
100
AcDbLine
 10
11206.3279660695
 20
11251.32924836947
 30
0.0
 11
11257.23369230653
 21
11251.32924836947
 31
0.0
  0
LINE
  5
16EC
330
1F
100
AcDbEntity
  8
0
  6
ACAD_ISO08W100
 48
2.0
370
   100
100
AcDbLine
 10
11206.3279660695
 20
11248.32924836947
 30
0.0
 11
11257.23369230653
 21
11248.32924836947
 31
0.0
  0
LINE
  5
16ED
330
1F
100
AcDbEntity
  8
0
  6
ACAD_ISO08W100
 48
2.0
370
   100
100
AcDbLine
 10
11206.3279660695
 20
11236.32924836946
 30
0.0
 11
11257.23369230653
 21
11236.32924836946
 31
0.0
  0
LINE
  5
16EE
330
1F
100
AcDbEntity
  8
0
  6
ACAD_ISO08W100
 48
2.0
370
   100
100
AcDbLine
 10
11206.3279660695
 20
11240.32924836946
 30
0.0
 11
11257.23369230653
 21
11240.32924836946
 31
0.0
  0
LINE
  5
16EF
330
1F
100
AcDbEntity
  8
0
  6
ACAD_ISO08W100
 48
2.0
370
   100
100
AcDbLine
 10
11206.3279660695
 20
11244.32924836947
 30
0.0
 11
11257.23369230653
 21
11244.32924836947
 31
0.0
  0
MTEXT
  5
16F0
330
1F
100
AcDbEntity
  8
0
  6
ACAD_ISO08W100
 48
2.0
370
   100
100
AcDbMText
 10
11207.03815297475
 20
11255.48030982242
 30
0.0
 40
1.5
 41
76.69489639083622
 46
0.0
 71
     1
 72
     5
  1
WALCHAND COLLEGE OF ENGINEERING,SANGLI
 73
     1
 44
1.0
101
Embedded Object
 70
     1
 10
1.0
 20
0.0
 30
0.0
 11
11207.03815297475
 21
11255.48030982242
 31
0.0
 40
76.69489639083622
 41
0.0
 42
49.27285129604365
 43
1.823328785811732
 71
     2
 72
     1
 44
76.69489639083622
 45
12.5
 73
     0
 74
     0
 46
0.0
  0
LINE
  5
16F1
330
1F
100
AcDbEntity
  8
0
  6
ACAD_ISO08W100
 48
2.0
370
   100
100
AcDbLine
 10
11206.3279660695
 20
11251.32924836947
 30
0.0
 11
11206.3279660695
 21
11246.5076321545
 31
0.0
  0
LINE
  5
16F2
330
1F
100
AcDbEntity
  8
0
  6
ACAD_ISO08W100
 48
2.0
370
   100
100
AcDbLine
 10
11257.23369230653
 20
11246.5076321545
 30
0.0
 11
11257.23369230653
 21
11241.78977961687
 31
0.0
  0
LINE
  5
16F3
330
1F
100
AcDbEntity
  8
0
  6
ACAD_ISO08W100
 48
2.0
370
   100
100
AcDbLine
 10
11206.3279660695
 20
11241.78977961687
 30
0.0
 11
11206.3279660695
 21
11237.17130154613
 31
0.0
  0
LINE
  5
16F4
330
1F
100
AcDbEntity
  8
0
  6
ACAD_ISO08W100
 48
2.0
370
   100
100
AcDbLine
 10
11257.23369230653
 20
11237.17130154613
 30
0.0
 11
11257.23369230653
 21
11240.49472251147
 31
0.0
  0
LINE
  5
16F5
330
1F
100
AcDbEntity
  8
0
  6
ACAD_ISO08W100
 48
2.0
370
   100
100
AcDbLine
 10
11231.78082918801
 20
11251.32924836947
 30
0.0
 11
11231.78082918801
 21
11236.32924836946
 31
0.0
  0
MTEXT
  5
16F6
330
1F
100
AcDbEntity
  8
0
  6
ACAD_ISO08W100
 48
2.0
370
   100
100
AcDbMText
 10
11211.37203025726
 20
11250.41485239486
 30
0.0
 40
1.0
 41
33.30041912389061
 46
0.0
 71
     1
 72
     5
  1
CLASS-SY CIVIL
 73
     1
 44
1.0
101
Embedded Object
 70
     1
 10
1.0
 20
0.0
 30
0.0
 11
11211.37203025726
 21
11250.41485239486
 31
0.0
 40
33.30041912389061
 41
0.0
 42
10.67257844474761
 43
1.034106412005456
 71
     2
 72
     1
 44
33.30041912389061
 45
12.5
 73
     0
 74
     0
 46
0.0
  0
MTEXT
  5
16F7
330
1F
100
AcDbEntity
  8
0
  6
ACAD_ISO08W100
 48
2.0
370
   100
100
AcDbMText
 10
11211.37203025726
 20
11247.00059534849
 30
0.0
 40
1.0
 41
33.30041912389061
 46
0.0
 71
     1
 72
     5
  1
BATCH-C5
 73
     1
 44
1.0
101
Embedded Object
 70
     1
 10
1.0
 20
0.0
 30
0.0
 11
11211.37203025726
 21
11247.00059534849
 31
0.0
 40
33.30041912389061
 41
0.0
 42
6.827421555252387
 43
1.034106412005456
 71
     2
 72
     1
 44
33.30041912389061
 45
12.5
 73
     0
 74
     0
 46
0.0
  0
MTEXT
  5
16F8
330
1F
100
AcDbEntity
  8
0
  6
ACAD_ISO08W100
 48
2.0
370
   100
100
AcDbMText
 10
11211.37203025726
 20
11242.7586978145
 30
0.0
 40
1.0
 41
33.30041912389061
 46
0.0
 71
     1
 72
     5
  1
STARTING DATE-09/01/2024
 73
     1
 44
1.0
101
Embedded Object
 70
     1
 10
1.0
 20
0.0
 30
0.0
 11
11211.37203025726
 21
11242.7586978145
 31
0.0
 40
33.30041912389061
 41
0.0
 42
18.50341064120054
 43
1.034106412005456
 71
     2
 72
     1
 44
33.30041912389061
 45
12.5
 73
     0
 74
     0
 46
0.0
  0
MTEXT
  5
16F9
330
1F
100
AcDbEntity
  8
0
  6
ACAD_ISO08W100
 48
2.0
370
   100
100
AcDbMText
 10
11209.50805409979
 20
11239.03404129456
 30
0.0
 40
1.0
 41
33.30041912389061
 46
0.0
 71
     1
 72
     5
  1
COMPLETION DATE-12/04/2024
 73
     1
 44
1.0
101
Embedded Object
 70
     1
 10
1.0
 20
0.0
 30
0.0
 11
11209.50805409979
 21
11239.03404129456
 31
0.0
 40
33.30041912389061
 41
0.0
 42
20.67053206002729
 43
1.034788540245566
 71
     2
 72
     1
 44
33.30041912389061
 45
12.5
 73
     0
 74
     0
 46
0.0
  0
MTEXT
  5
16FA
330
1F
100
AcDbEntity
  8
0
  6
ACAD_ISO08W100
 48
2.0
370
   100
100
AcDbMText
 10
11233.42767095373
 20
11250.36307342832
 30
0.0
 40
1.0
 41
33.30041912389061
 46
0.0
 71
     1
 72
     5
  1
TITLE- 4 WHEELER SHOWROOM
 73
     1
 44
1.0
101
Embedded Object
 70
     1
 10
1.0
 20
0.0
 30
0.0
 11
11233.42767095373
 21
11250.36307342832
 31
0.0
 40
33.30041912389061
 41
0.0
 42
21.6718963165075
 43
1.034788540245566
 71
     2
 72
     1
 44
33.30041912389061
 45
12.5
 73
     0
 74
     0
 46
0.0
  0
MTEXT
  5
16FB
330
1F
100
AcDbEntity
  8
0
  6
ACAD_ISO08W100
 48
2.0
370
   100
100
AcDbMText
 10
11239.22623772132
 20
11247.10408470015
 30
0.0
 40
1.0
 41
33.30041912389061
 46
0.0
 71
     1
 72
     5
  1
SHEET NO.-1
 73
     1
 44
1.0
101
Embedded Object
 70
     1
 10
1.0
 20
0.0
 30
0.0
 11
11239.22623772132
 21
11247.10408470015
 31
0.0
 40
33.30041912389061
 41
0.0
 42
8.45225102319236
 43
1.034788540245566
 71
     2
 72
     1
 44
33.30041912389061
 45
12.5
 73
     0
 74
     0
 46
0.0
  0
MTEXT
  5
16FC
330
1F
100
AcDbEntity
  8
0
  6
ACAD_ISO08W100
 48
2.0
370
   100
100
AcDbMText
 10
11239.07090637485
 20
11243.06902870665
 30
0.0
 40
1.0
 41
33.30041912389061
 46
0.0
 71
     1
 72
     5
  1
SCALE-1:100
 73
     1
 44
1.0
101
Embedded Object
 70
     1
 10
1.0
 20
0.0
 30
0.0
 11
11239.07090637485
 21
11243.06902870665
 31
0.0
 40
33.30041912389061
 41
0.0
 42
8.412687585266029
 43
1.034106412005456
 71
     2
 72
     1
 44
33.30041912389061
 45
12.5
 73
     0
 74
     0
 46
0.0
  0
MTEXT
  5
16FD
330
1F
100
AcDbEntity
  8
0
  6
ACAD_ISO08W100
 48
2.0
370
   100
100
AcDbMText
 10
11239.22623772132
 20
11238.77542078754
 30
0.0
 40
1.0
 41
33.30041912389061
 46
0.0
 71
     1
 72
     5
  1
SIGN-
 73
     1
 44
1.0
101
Embedded Object
 70
     1
 10
1.0
 20
0.0
 30
0.0
 11
11239.22623772132
 21
11238.77542078754
 31
0.0
 40
33.30041912389061
 41
0.0
 42
3.774215552523874
 43
1.034106412005456
 71
     2
 72
     1
 44
33.30041912389061
 45
12.5
 73
     0
 74
     0
 46
0.0
  0
LINE
  5
16FE
330
1F
100
AcDbEntity
  8
0
  6
ACAD_ISO08W100
 48
2.0
370
   100
100
AcDbLine
 10
11206.44921886973
 20
11292.81187109034
 30
0.0
 11
11206.44921886973
 21
11278.87948147154
 31
0.0
  0
LINE
  5
16FF
330
1F
100
AcDbEntity
  8
0
  6
ACAD_ISO08W100
 48
2.0
370
   100
100
AcDbLine
 10
11257.35494510676
 20
11278.87948147153
 30
0.0
 11
11257.35494510676
 21
11292.81187109033
 31
0.0
  0
LINE
  5
1700
330
1F
100
AcDbEntity
  8
0
  6
ACAD_ISO08W100
 48
2.0
370
   100
100
AcDbLine
 10
11206.44921886973
 20
11292.81187109033
 30
0.0
 11
11257.35494510676
 21
11292.81187109033
 31
0.0
  0
LINE
  5
1701
330
1F
100
AcDbEntity
  8
0
  6
ACAD_ISO08W100
 48
2.0
370
   100
100
AcDbLine
 10
11257.35494510676
 20
11292.81187109033
 30
0.0
 11
11257.35494510676
 21
11288.87948147153
 31
0.0
  0
LINE
  5
1702
330
1F
100
AcDbEntity
  8
0
  6
ACAD_ISO08W100
 48
2.0
370
   100
100
AcDbLine
 10
11257.35494510676
 20
11288.87948147153
 30
0.0
 11
11206.44921886973
 21
11288.87948147153
 31
0.0
  0
LINE
  5
1703
330
1F
100
AcDbEntity
  8
0
  6
ACAD_ISO08W100
 48
2.0
370
   100
100
AcDbLine
 10
11257.35494510676
 20
11286.87948147153
 30
0.0
 11
11206.44921886973
 21
11286.87948147153
 31
0.0
  0
LINE
  5
1704
330
1F
100
AcDbEntity
  8
0
  6
ACAD_ISO08W100
 48
2.0
370
   100
100
AcDbLine
 10
11257.35494510676
 20
11278.87948147153
 30
0.0
 11
11206.44921886973
 21
11278.87948147153
 31
0.0
  0
LINE
  5
1705
330
1F
100
AcDbEntity
  8
0
  6
ACAD_ISO08W100
 48
2.0
370
   100
100
AcDbLine
 10
11257.35494510676
 20
11280.87948147153
 30
0.0
 11
11206.44921886973
 21
11280.87948147153
 31
0.0
  0
LINE
  5
1706
330
1F
100
AcDbEntity
  8
0
  6
ACAD_ISO08W100
 48
2.0
370
   100
100
AcDbLine
 10
11257.35494510676
 20
11282.87948147153
 30
0.0
 11
11206.44921886973
 21
11282.87948147153
 31
0.0
  0
LINE
  5
1707
330
1F
100
AcDbEntity
  8
0
  6
ACAD_ISO08W100
 48
2.0
370
   100
100
AcDbLine
 10
11257.35494510676
 20
11284.87948147153
 30
0.0
 11
11206.44921886973
 21
11284.87948147153
 31
0.0
  0
LINE
  5
1708
330
1F
100
AcDbEntity
  8
0
  6
ACAD_ISO08W100
 48
2.0
370
   100
100
AcDbLine
 10
11231.90208198824
 20
11288.87948147153
 30
0.0
 11
11231.90208198824
 21
11278.87948147153
 31
0.0
  0
MTEXT
  5
1709
330
1F
100
AcDbEntity
  8
0
  6
ACAD_ISO08W100
 48
2.0
370
   100
100
AcDbMText
 10
11222.45304676585
 20
11291.97037715735
 30
0.0
 40
2.0
 41
29.32535928563448
 46
0.0
 71
     1
 72
     5
  1
TEAM MEMBERS
 73
     1
 44
1.0
101
Embedded Object
 70
     1
 10
1.0
 20
0.0
 30
0.0
 11
11222.45304676585
 21
11291.97037715735
 31
0.0
 40
29.32535928563448
 41
0.0
 42
22.45293315143247
 43
2.068212824010913
 71
     2
 72
     1
 44
29.32535928563448
 45
12.5
 73
     0
 74
     0
 46
0.0
  0
MTEXT
  5
170A
330
1F
100
AcDbEntity
  8
0
  6
ACAD_ISO08W100
 48
2.0
370
   100
100
AcDbMText
 10
11208.36920118704
 20
11288.44858445598
 30
0.0
 40
1.0
 41
34.76134481829831
 46
0.0
 71
     1
 72
     5
  1
VIRAJ JAGTAP
 73
     1
 44
1.0
101
Embedded Object
 70
     1
 10
1.0
 20
0.0
 30
0.0
 11
11208.36920118704
 21
11288.44858445598
 31
0.0
 40
34.76134481829831
 41
0.0
 42
9.71418826739427
 43
1.034106412005456
 71
     2
 72
     1
 44
34.76134481829831
 45
12.5
 73
     0
 74
     0
 46
0.0
  0
MTEXT
  5
170B
330
1F
100
AcDbEntity
  8
0
  6
ACAD_ISO08W100
 48
2.0
370
   100
100
AcDbMText
 10
11208.36920118704
 20
11286.49017363692
 30
0.0
 40
1.0
 41
34.76134481829831
 46
0.0
 71
     1
 72
     5
  1
AADITI WANKHEDE
 73
     1
 44
1.0
101
Embedded Object
 70
     1
 10
1.0
 20
0.0
 30
0.0
 11
11208.36920118704
 21
11286.49017363692
 31
0.0
 40
34.76134481829831
 41
0.0
 42
12.88744884038199
 43
1.0
 71
     2
 72
     1
 44
34.76134481829831
 45
12.5
 73
     0
 74
     0
 46
0.0
  0
MTEXT
  5
170C
330
1F
100
AcDbEntity
  8
0
  6
ACAD_ISO08W100
 48
2.0
370
   100
100
AcDbMText
 10
11208.36920118704
 20
11284.46530742902
 30
0.0
 40
1.0
 41
34.76134481829831
 46
0.0
 71
     1
 72
     5
  1
RIYA KULKARNI
 73
     1
 44
1.0
101
Embedded Object
 70
     1
 10
1.0
 20
0.0
 30
0.0
 11
11208.36920118704
 21
11284.46530742902
 31
0.0
 40
34.76134481829831
 41
0.0
 42
10.40040927694406
 43
1.017053206002728
 71
     2
 72
     1
 44
34.76134481829831
 45
12.5
 73
     0
 74
     0
 46
0.0
  0
MTEXT
  5
170D
330
1F
100
AcDbEntity
  8
0
  6
ACAD_ISO08W100
 48
2.0
370
   100
100
AcDbMText
 10
11208.36920118704
 20
11282.47370320624
 30
0.0
 40
1.0
 41
34.76134481829831
 46
0.0
 71
     1
 72
     5
  1
PRANAV DAMALE
 73
     1
 44
1.0
101
Embedded Object
 70
     1
 10
1.0
 20
0.0
 30
0.0
 11
11208.36920118704
 21
11282.47370320624
 31
0.0
 40
34.76134481829831
 41
0.0
 42
11.69508867667121
 43
1.0
 71
     2
 72
     1
 44
34.76134481829831
 45
12.5
 73
     0
 74
     0
 46
0.0
  0
MTEXT
  5
170E
330
1F
100
AcDbEntity
  8
0
  6
ACAD_ISO08W100
 48
2.0
370
   100
100
AcDbMText
 10
11208.36920118704
 20
11280.48209898347
 30
0.0
 40
1.0
 41
34.76134481829831
 46
0.0
 71
     1
 72
     5
  1
ANIKET KHANDARE
 73
     1
 44
1.0
101
Embedded Object
 70
     1
 10
1.0
 20
0.0
 30
0.0
 11
11208.36920118704
 21
11280.48209898347
 31
0.0
 40
34.76134481829831
 41
0.0
 42
13.12141882673943
 43
1.0
 71
     2
 72
     1
 44
34.76134481829831
 45
12.5
 73
     0
 74
     0
 46
0.0
  0
MTEXT
  5
170F
330
1F
100
AcDbEntity
  8
0
  6
ACAD_ISO08W100
 48
2.0
370
   100
100
AcDbMText
 10
11238.48355908267
 20
11288.51798884556
 30
0.0
 40
1.0
 41
34.76134481829831
 46
0.0
 71
     1
 72
     5
  1
22110070
 73
     1
 44
1.0
101
Embedded Object
 70
     1
 10
1.0
 20
0.0
 30
0.0
 11
11238.48355908267
 21
11288.51798884556
 31
0.0
 40
34.76134481829831
 41
0.0
 42
6.107776261937244
 43
1.021145975443383
 71
     2
 72
     1
 44
34.76134481829831
 45
12.5
 73
     0
 74
     0
 46
0.0
  0
MTEXT
  5
1710
330
1F
100
AcDbEntity
  8
0
  6
ACAD_ISO08W100
 48
2.0
370
   100
100
AcDbMText
 10
11238.48355908267
 20
11286.52288697073
 30
0.0
 40
1.0
 41
34.76134481829831
 46
0.0
 71
     1
 72
     5
  1
22110071
 73
     1
 44
1.0
101
Embedded Object
 70
     1
 10
1.0
 20
0.0
 30
0.0
 11
11238.48355908267
 21
11286.52288697073
 31
0.0
 40
34.76134481829831
 41
0.0
 42
5.918144611186903
 43
1.021145975443383
 71
     2
 72
     1
 44
34.76134481829831
 45
12.5
 73
     0
 74
     0
 46
0.0
  0
MTEXT
  5
1711
330
1F
100
AcDbEntity
  8
0
  6
ACAD_ISO08W100
 48
2.0
370
   100
100
AcDbMText
 10
11238.48355908267
 20
11284.6292170052
 30
0.0
 40
1.0
 41
34.76134481829831
 46
0.0
 71
     1
 72
     5
  1
22110072
 73
     1
 44
1.0
101
Embedded Object
 70
     1
 10
1.0
 20
0.0
 30
0.0
 11
11238.48355908267
 21
11284.6292170052
 31
0.0
 40
34.76134481829831
 41
0.0
 42
6.100954979536153
 43
1.021145975443383
 71
     2
 72
     1
 44
34.76134481829831
 45
12.5
 73
     0
 74
     0
 46
0.0
  0
MTEXT
  5
1712
330
1F
100
AcDbEntity
  8
0
  6
ACAD_ISO08W100
 48
2.0
370
   100
100
AcDbMText
 10
11238.48355908267
 20
11282.49880400326
 30
0.0
 40
1.0
 41
34.76134481829831
 46
0.0
 71
     1
 72
     5
  1
22110073
 73
     1
 44
1.0
101
Embedded Object
 70
     1
 10
1.0
 20
0.0
 30
0.0
 11
11238.48355908267
 21
11282.49880400326
 31
0.0
 40
34.76134481829831
 41
0.0
 42
6.11118690313779
 43
1.021828103683492
 71
     2
 72
     1
 44
34.76134481829831
 45
12.5
 73
     0
 74
     0
 46
0.0
  0
MTEXT
  5
1713
330
1F
100
AcDbEntity
  8
0
  6
ACAD_ISO08W100
 48
2.0
370
   100
100
AcDbMText
 10
11238.48355908267
 20
11280.70656594701
 30
0.0
 40
1.0
 41
34.76134481829831
 46
0.0
 71
     1
 72
     5
  1
23120011
 73
     1
 44
1.0
101
Embedded Object
 70
     1
 10
1.0
 20
0.0
 30
0.0
 11
11238.48355908267
 21
11280.70656594701
 31
0.0
 40
34.76134481829831
 41
0.0
 42
5.918144611186903
 43
1.021828103683492
 71
     2
 72
     1
 44
34.76134481829831
 45
12.5
 73
     0
 74
     0
 46
0.0
  0
LINE
  5
1714
330
1F
100
AcDbEntity
  8
0
100
AcDbLine
 10
11160.15754294577
 20
11309.37970017228
 30
0.0
 11
11195.25754294576
 21
11309.37970017206
 31
0.0
  0
LINE
  5
1715
330
1F
100
AcDbEntity
  8
0
100
AcDbLine
 10
11160.15754294577
 20
11309.37970017228
 30
0.0
 11
11160.15754294577
 21
11350.17970017228
 31
0.0
  0
LINE
  5
1716
330
1F
100
AcDbEntity
  8
0
100
AcDbLine
 10
11195.25754294576
 20
11309.37970017206
 30
0.0
 11
11195.25754294576
 21
11350.17970017206
 31
0.0
  0
LINE
  5
1717
330
1F
100
AcDbEntity
  8
0
100
AcDbLine
 10
11160.15754294577
 20
11350.17970017228
 30
0.0
 11
11195.25754294576
 21
11350.17970017206
 31
0.0
  0
LINE
  5
1718
330
1F
100
AcDbEntity
  8
0
100
AcDbLine
 10
11160.15754294564
 20
11329.77970017228
 30
0.0
 11
11195.25754294564
 21
11329.77970017206
 31
0.0
  0
LINE
  5
1719
330
1F
100
AcDbEntity
  8
0
100
AcDbLine
 10
11195.25754294576
 20
11346.10199221381
 30
0.0
 11
11183.65754294576
 21
11346.10199221381
 31
0.0
  0
LINE
  5
171A
330
1F
100
AcDbEntity
  8
0
100
AcDbLine
 10
11183.65754294576
 20
11350.30199221381
 30
0.0
 11
11183.65754294576
 21
11346.10199221381
 31
0.0
  0
LINE
  5
171B
330
1F
100
AcDbEntity
  8
0
100
AcDbLine
 10
11192.05754294576
 20
11346.10199221381
 30
0.0
 11
11192.05754294576
 21
11343.10199221381
 31
0.0
  0
LINE
  5
171C
330
1F
100
AcDbEntity
  8
0
100
AcDbLine
 10
11192.05754294576
 20
11343.10199221381
 30
0.0
 11
11192.05754294576
 21
11336.50199221381
 31
0.0
  0
LINE
  5
171D
330
1F
100
AcDbEntity
  8
0
100
AcDbLine
 10
11192.05754294576
 20
11336.50199221381
 30
0.0
 11
11195.25754294576
 21
11336.50199221381
 31
0.0
  0
LINE
  5
171E
330
1F
100
AcDbEntity
  8
0
100
AcDbLine
 10
11195.25754294576
 20
11325.6637326458
 30
0.0
 11
11191.05754294576
 21
11325.6637326458
 31
0.0
  0
LINE
  5
171F
330
1F
100
AcDbEntity
  8
0
100
AcDbLine
 10
11191.05754294576
 20
11325.66373264578
 30
0.0
 11
11187.85754294576
 21
11325.66373264581
 31
0.0
  0
LINE
  5
1720
330
1F
100
AcDbEntity
  8
0
100
AcDbLine
 10
11187.85754294576
 20
11325.66373264578
 30
0.0
 11
11184.65754294576
 21
11325.66373264581
 31
0.0
  0
LINE
  5
1721
330
1F
100
AcDbEntity
  8
0
100
AcDbLine
 10
11184.65754294576
 20
11325.6637326458
 30
0.0
 11
11181.4481579099
 21
11325.6637326458
 31
0.0
  0
LINE
  5
1722
330
1F
100
AcDbEntity
  8
0
100
AcDbLine
 10
11181.45591551491
 20
11325.6637326458
 30
0.0
 11
11178.24653047905
 21
11325.6637326458
 31
0.0
  0
LINE
  5
1723
330
1F
100
AcDbEntity
  8
0
100
AcDbLine
 10
11178.25591551491
 20
11325.6637326458
 30
0.0
 11
11174.05591551491
 21
11325.6637326458
 31
0.0
  0
LINE
  5
1724
330
1F
100
AcDbEntity
  8
0
100
AcDbLine
 10
11170.85591551491
 20
11325.6637326458
 30
0.0
 11
11170.85591551491
 21
11329.77970017221
 31
0.0
  0
LINE
  5
1725
330
1F
100
AcDbEntity
  8
0
100
AcDbLine
 10
11174.05591551491
 20
11325.6637326458
 30
0.0
 11
11170.85591551491
 21
11325.6637326458
 31
0.0
  0
LINE
  5
1726
330
1F
100
AcDbEntity
  8
0
100
AcDbLine
 10
11195.25754294576
 20
11325.6637326458
 30
0.0
 11
11192.75754294576
 21
11325.6637326458
 31
0.0
  0
CIRCLE
  5
1727
330
1F
100
AcDbEntity
  8
0
  6
ByBlock
 48
2.0
370
   100
100
AcDbCircle
 10
11183.33304369394
 20
11328.0207777779
 30
0.0
 40
1.585279263617009
  0
MTEXT
  5
1728
330
1F
100
AcDbEntity
  8
0
  6
ByBlock
 48
2.0
370
   100
100
AcDbMText
 10
11182.69921089974
 20
11328.63274205388
 30
0.0
 40
1.0
 41
1.331048548261605
 46
0.0
 71
     1
 72
     5
  1
A2
 73
     1
 44
1.0
101
Embedded Object
 70
     1
 10
1.0
 20
0.0
 30
0.0
 11
11182.69921089974
 21
11328.63274205388
 31
0.0
 40
1.331048548261605
 41
0.0
 42
1.635061391541609
 43
1.004092769440654
 71
     2
 72
     1
 44
1.331048548261605
 45
12.5
 73
     0
 74
     0
 46
0.0
  0
CIRCLE
  5
1729
330
1F
100
AcDbEntity
  8
0
  6
ByBlock
 48
2.0
370
   100
100
AcDbCircle
 10
11177.88209955871
 20
11317.77105218795
 30
0.0
 40
1.585279263617009
  0
MTEXT
  5
172A
330
1F
100
AcDbEntity
  8
0
  6
ByBlock
 48
2.0
370
   100
100
AcDbMText
 10
11177.24826676451
 20
11318.38301646393
 30
0.0
 40
1.0
 41
1.331048548261605
 46
0.0
 71
     1
 72
     5
  1
A1
 73
     1
 44
1.0
101
Embedded Object
 70
     1
 10
1.0
 20
0.0
 30
0.0
 11
11177.24826676451
 21
11318.38301646393
 31
0.0
 40
1.331048548261605
 41
0.0
 42
1.45225102319236
 43
1.004092769440654
 71
     2
 72
     1
 44
1.331048548261605
 45
12.5
 73
     0
 74
     0
 46
0.0
  0
CIRCLE
  5
172B
330
1F
100
AcDbEntity
  8
0
  6
ByBlock
 48
2.0
370
   100
100
AcDbCircle
 10
11177.24826676451
 20
11340.61914171935
 30
0.0
 40
1.585279263617009
  0
MTEXT
  5
172C
330
1F
100
AcDbEntity
  8
0
  6
ByBlock
 48
2.0
370
   100
100
AcDbMText
 10
11176.61443397031
 20
11341.23110599533
 30
0.0
 40
1.0
 41
1.331048548261605
 46
0.0
 71
     1
 72
     5
  1
A5
 73
     1
 44
1.0
101
Embedded Object
 70
     1
 10
1.0
 20
0.0
 30
0.0
 11
11176.61443397031
 21
11341.23110599533
 31
0.0
 40
1.331048548261605
 41
0.0
 42
1.652796725784447
 43
1.017053206002728
 71
     2
 72
     1
 44
1.331048548261605
 45
12.5
 73
     0
 74
     0
 46
0.0
  0
CIRCLE
  5
172D
330
1F
100
AcDbEntity
  8
0
  6
ByBlock
 48
2.0
370
   100
100
AcDbCircle
 10
11189.23031443132
 20
11348.22078177343
 30
0.0
 40
1.585279263617009
  0
MTEXT
  5
172E
330
1F
100
AcDbEntity
  8
0
  6
ByBlock
 48
2.0
370
   100
100
AcDbMText
 10
11188.59648163712
 20
11348.83274604941
 30
0.0
 40
1.0
 41
1.331048548261605
 46
0.0
 71
     1
 72
     5
  1
A4
 73
     1
 44
1.0
101
Embedded Object
 70
     1
 10
1.0
 20
0.0
 30
0.0
 11
11188.59648163712
 21
11348.83274604941
 31
0.0
 40
1.331048548261605
 41
0.0
 42
1.641200545702591
 43
1.0
 71
     2
 72
     1
 44
1.331048548261605
 45
12.5
 73
     0
 74
     0
 46
0.0
  0
CIRCLE
  5
172F
330
1F
100
AcDbEntity
  8
0
  6
ByBlock
 48
2.0
370
   100
100
AcDbCircle
 10
11193.93182298278
 20
11342.40407120473
 30
0.0
 40
1.128431728155264
  0
MTEXT
  5
1730
330
1F
100
AcDbEntity
  8
0
  6
ByBlock
 48
2.0
370
   100
100
AcDbMText
 10
11192.97483187649
 20
11343.00200614064
 30
0.0
 40
1.0
 41
0.8073202796622354
 46
0.0
 71
     1
 72
     5
  1
A3
 73
     1
 44
1.0
101
Embedded Object
 70
     1
 10
1.0
 20
0.0
 30
0.0
 11
11192.97483187649
 21
11343.00200614064
 31
0.0
 40
0.8073202796622354
 41
0.0
 42
1.645293315143246
 43
1.021828103683492
 71
     2
 72
     1
 44
0.8073202796622354
 45
12.5
 73
     0
 74
     0
 46
0.0
  0
MTEXT
  5
1731
330
1F
100
AcDbEntity
  8
0
  6
ByBlock
 48
2.0
370
   100
100
AcDbMText
 10
11166.94934265239
 20
11306.30026245776
 30
0.0
 40
1.0
 41
23.98583439466711
 46
0.0
 71
     1
 72
     5
  1
BLOCK DIAGRAM (SCALE- 1:250) 
 73
     1
 44
1.0
101
Embedded Object
 70
     1
 10
1.0
 20
0.0
 30
0.0
 11
11166.94934265239
 21
11306.30026245776
 31
0.0
 40
23.98583439466711
 41
0.0
 42
21.74010914051842
 43
1.311732605729877
 71
     2
 72
     1
 44
23.98583439466711
 45
12.5
 73
     0
 74
     0
 46
0.0
  0
LINE
  5
1758
330
1F
100
AcDbEntity
  8
0
  6
ACAD_ISO08W100
 48
2.0
370
   100
100
AcDbLine
 10
10930.85573389643
 20
11230.37802770709
 30
0.0
 11
10930.85573389643
 21
11244.06331143457
 31
0.0
  0
LINE
  5
175A
330
1F
100
AcDbEntity
  8
0
  6
ACAD_ISO08W100
 48
2.0
370
   100
100
AcDbLine
 10
10927.68616339104
 20
11239.25650880475
 30
0.0
 11
10934.02512808927
 21
11239.25650880475
 31
0.0
  0
MTEXT
  5
175B
330
1F
100
AcDbEntity
  8
0
  6
ACAD_ISO08W100
 48
2.0
370
   100
100
AcDbMText
 10
10930.34636697257
 20
11246.4950025822
 30
0.0
 40
2.5
 41
2.150660345156211
 46
0.0
 71
     1
 72
     5
  1
N
 73
     1
 44
1.0
101
Embedded Object
 70
     1
 10
1.0
 20
0.0
 30
0.0
 11
10930.34636697257
 21
11246.4950025822
 31
0.0
 40
2.150660345156211
 41
0.0
 42
1.969645293315143
 43
2.5
 71
     2
 72
     1
 44
2.150660345156211
 45
12.5
 73
     0
 74
     0
 46
0.0
  0
LINE
  5
175C
330
1F
100
AcDbEntity
  8
0
  6
ACAD_ISO08W100
 48
2.0
370
   100
100
AcDbLine
 10
11202.06497005891
 20
11253.05117988538
 30
0.0
 11
11202.06497005891
 21
11266.73646361286
 31
0.0
  0
LINE
  5
175D
330
1F
100
AcDbEntity
  8
0
  6
ACAD_ISO08W100
 48
2.0
370
   100
100
AcDbLine
 10
11198.89539955353
 20
11261.92966098305
 30
0.0
 11
11205.23436425175
 21
11261.92966098305
 31
0.0
  0
MTEXT
  5
175E
330
1F
100
AcDbEntity
  8
0
  6
ACAD_ISO08W100
 48
2.0
370
   100
100
AcDbMText
 10
11201.55560313506
 20
11269.1681547605
 30
0.0
 40
2.5
 41
2.150660345156211
 46
0.0
 71
     1
 72
     5
  1
N
 73
     1
 44
1.0
101
Embedded Object
 70
     1
 10
1.0
 20
0.0
 30
0.0
 11
11201.55560313506
 21
11269.1681547605
 31
0.0
 40
2.150660345156211
 41
0.0
 42
1.969645293315143
 43
2.5
 71
     2
 72
     1
 44
2.150660345156211
 45
12.5
 73
     0
 74
     0
 46
0.0
  0
LINE
  5
175F
330
1F
100
AcDbEntity
  8
0
  6
ACAD_ISO08W100
 48
2.0
370
   100
100
AcDbLine
 10
10812.34754829559
 20
11251.49219779213
 30
0.0
 11
10812.34754829559
 21
11251.29219779213
 31
0.0
  0
LINE
  5
1761
330
1F
100
AcDbEntity
  8
0
  6
ACAD_ISO08W100
 48
2.0
370
   100
100
AcDbLine
 10
10811.47005185686
 20
11251.29219779213
 30
0.0
 11
10811.4475482956
 21
11251.49219779213
 31
0.0
  0
LINE
  5
1762
330
1F
100
AcDbEntity
  8
0
  6
ACAD_ISO08W100
 48
2.0
370
   100
100
AcDbLine
 10
10807.16476473301
 20
11251.49219779213
 30
0.0
 11
10807.16476473301
 21
11251.29219779213
 31
0.0
  0
LINE
  5
1764
330
1F
100
AcDbEntity
  8
0
  6
ACAD_ISO08W100
 48
2.0
370
   100
100
AcDbLine
 10
10808.06476473301
 20
11251.29219779213
 30
0.0
 11
10808.06476473301
 21
11251.49219779213
 31
0.0
  0
LINE
  5
1765
330
1F
100
AcDbEntity
  8
0
100
AcDbLine
 10
10807.16476473301
 20
11251.49219779213
 30
0.0
 11
10805.40292589001
 21
11251.49219779213
 31
0.0
  0
LINE
  5
1766
330
1F
100
AcDbEntity
  8
0
100
AcDbLine
 10
10807.16476473301
 20
11251.29219779213
 30
0.0
 11
10805.20292589001
 21
11251.29219779213
 31
0.0
  0
LINE
  5
1767
330
1F
100
AcDbEntity
  8
0
100
AcDbLine
 10
10811.4475482956
 20
11251.49219779213
 30
0.0
 11
10808.60292589001
 21
11251.49219779213
 31
0.0
  0
LINE
  5
1768
330
1F
100
AcDbEntity
  8
0
100
AcDbLine
 10
10811.47005185686
 20
11251.29219779213
 30
0.0
 11
10808.40292589001
 21
11251.29219779213
 31
0.0
  0
LINE
  5
17AA
330
1F
100
AcDbEntity
  8
0
100
AcDbLine
 10
10819.34271447785
 20
11251.49219779213
 30
0.0
 11
10818.90455332086
 21
11251.49219779214
 31
0.0
  0
LINE
  5
17AB
330
1F
100
AcDbEntity
  8
0
100
AcDbLine
 10
10818.10455332085
 20
11251.49219779213
 30
0.0
 11
10816.34271447785
 21
11251.49219779213
 31
0.0
  0
LINE
  5
17AC
330
1F
100
AcDbEntity
  8
0
100
AcDbLine
 10
10819.34271447785
 20
11251.29219779213
 30
0.0
 11
10819.00455332085
 21
11251.29219779213
 31
0.0
  0
LINE
  5
17AD
330
1F
100
AcDbEntity
  8
0
100
AcDbLine
 10
10818.10455332085
 20
11251.29219779213
 30
0.0
 11
10816.14271447785
 21
11251.29219779213
 31
0.0
  0
LINE
  5
17AE
330
1F
100
AcDbEntity
  8
0
  6
ACAD_ISO03W100
 48
2.0
370
   100
100
AcDbLine
 10
10818.90455332086
 20
11251.49219779213
 30
0.0
 11
10819.00455332086
 21
11251.49219779213
 31
0.0
  0
LINE
  5
17AF
330
1F
100
AcDbEntity
  8
0
  6
ACAD_ISO03W100
 48
2.0
370
   100
100
AcDbLine
 10
10819.00455332086
 20
11251.49219779213
 30
0.0
 11
10819.00455332086
 21
11252.39219779213
 31
0.0
  0
LINE
  5
17B0
330
1F
100
AcDbEntity
  8
0
  6
ACAD_ISO03W100
 48
2.0
370
   100
100
AcDbLine
 10
10818.90455332086
 20
11251.49219779213
 30
0.0
 11
10818.90455332086
 21
11252.39219779213
 31
0.0
  0
ARC
  5
17B1
330
1F
100
AcDbEntity
  8
0
  6
ACAD_ISO03W100
 48
2.0
370
   100
100
AcDbCircle
 10
10819.00455332086
 20
11251.49219779213
 30
0.0
 40
0.9
100
AcDbArc
 50
90.0
 51
180.0
  0
LINE
  5
17B2
330
1F
100
AcDbEntity
  8
0
  6
ACAD_ISO08W100
 48
2.0
370
   100
100
AcDbLine
 10
10818.10455332085
 20
11251.49219779213
 30
0.0
 11
10818.10455332085
 21
11251.29219779213
 31
0.0
  0
LINE
  5
17B3
330
1F
100
AcDbEntity
  8
0
  6
ACAD_ISO08W100
 48
2.0
370
   100
100
AcDbLine
 10
10819.12363389935
 20
11251.39219779213
 30
0.0
 11
10819.12363389935
 21
11251.59219779213
 31
0.0
  0
LINE
  5
17BE
330
1F
100
AcDbEntity
  8
0
100
AcDbLine
 10
10822.54271447785
 20
11251.49219779213
 30
0.0
 11
10822.10455332086
 21
11251.49219779214
 31
0.0
  0
LINE
  5
17BF
330
1F
100
AcDbEntity
  8
0
100
AcDbLine
 10
10821.30455332086
 20
11251.49219779213
 30
0.0
 11
10819.54271447785
 21
11251.49219779213
 31
0.0
  0
LINE
  5
17C0
330
1F
100
AcDbEntity
  8
0
100
AcDbLine
 10
10822.54271447785
 20
11251.29219779213
 30
0.0
 11
10822.20455332086
 21
11251.29219779213
 31
0.0
  0
LINE
  5
17C1
330
1F
100
AcDbEntity
  8
0
100
AcDbLine
 10
10821.30455332086
 20
11251.29219779213
 30
0.0
 11
10819.34271447785
 21
11251.29219779213
 31
0.0
  0
LINE
  5
17C2
330
1F
100
AcDbEntity
  8
0
  6
ACAD_ISO03W100
 48
2.0
370
   100
100
AcDbLine
 10
10822.10455332086
 20
11251.49219779213
 30
0.0
 11
10822.20455332086
 21
11251.49219779213
 31
0.0
  0
LINE
  5
17C3
330
1F
100
AcDbEntity
  8
0
  6
ACAD_ISO03W100
 48
2.0
370
   100
100
AcDbLine
 10
10822.20455332086
 20
11251.49219779213
 30
0.0
 11
10822.20455332086
 21
11252.39219779213
 31
0.0
  0
LINE
  5
17C4
330
1F
100
AcDbEntity
  8
0
  6
ACAD_ISO03W100
 48
2.0
370
   100
100
AcDbLine
 10
10822.10455332086
 20
11251.49219779213
 30
0.0
 11
10822.10455332086
 21
11252.39219779213
 31
0.0
  0
ARC
  5
17C5
330
1F
100
AcDbEntity
  8
0
  6
ACAD_ISO03W100
 48
2.0
370
   100
100
AcDbCircle
 10
10822.20455332086
 20
11251.49219779213
 30
0.0
 40
0.9
100
AcDbArc
 50
90.0
 51
180.0
  0
LINE
  5
17C6
330
1F
100
AcDbEntity
  8
0
  6
ACAD_ISO08W100
 48
2.0
370
   100
100
AcDbLine
 10
10821.30455332086
 20
11251.49219779213
 30
0.0
 11
10821.30455332086
 21
11251.29219779213
 31
0.0
  0
LINE
  5
17C7
330
1F
100
AcDbEntity
  8
0
  6
ACAD_ISO08W100
 48
2.0
370
   100
100
AcDbLine
 10
10822.20455332086
 20
11251.29219779213
 30
0.0
 11
10822.20455332086
 21
11251.49219779213
 31
0.0
  0
LINE
  5
17C8
330
1F
100
AcDbEntity
  8
0
100
AcDbLine
 10
10825.74271447785
 20
11251.49219779213
 30
0.0
 11
10825.30455332086
 21
11251.49219779214
 31
0.0
  0
LINE
  5
17C9
330
1F
100
AcDbEntity
  8
0
100
AcDbLine
 10
10824.50455332086
 20
11251.49219779213
 30
0.0
 11
10822.74271447785
 21
11251.49219779213
 31
0.0
  0
LINE
  5
17CA
330
1F
100
AcDbEntity
  8
0
100
AcDbLine
 10
10825.74271447785
 20
11251.29219779213
 30
0.0
 11
10825.40455332086
 21
11251.29219779213
 31
0.0
  0
LINE
  5
17CB
330
1F
100
AcDbEntity
  8
0
100
AcDbLine
 10
10824.50455332086
 20
11251.29219779213
 30
0.0
 11
10822.54271447785
 21
11251.29219779213
 31
0.0
  0
LINE
  5
17CC
330
1F
100
AcDbEntity
  8
0
  6
ACAD_ISO03W100
 48
2.0
370
   100
100
AcDbLine
 10
10825.30455332086
 20
11251.49219779213
 30
0.0
 11
10825.40455332086
 21
11251.49219779213
 31
0.0
  0
LINE
  5
17CD
330
1F
100
AcDbEntity
  8
0
  6
ACAD_ISO03W100
 48
2.0
370
   100
100
AcDbLine
 10
10825.40455332086
 20
11251.49219779213
 30
0.0
 11
10825.40455332086
 21
11252.39219779213
 31
0.0
  0
LINE
  5
17CE
330
1F
100
AcDbEntity
  8
0
  6
ACAD_ISO03W100
 48
2.0
370
   100
100
AcDbLine
 10
10825.30455332086
 20
11251.49219779213
 30
0.0
 11
10825.30455332086
 21
11252.39219779213
 31
0.0
  0
ARC
  5
17CF
330
1F
100
AcDbEntity
  8
0
  6
ACAD_ISO03W100
 48
2.0
370
   100
100
AcDbCircle
 10
10825.40455332086
 20
11251.49219779213
 30
0.0
 40
0.9
100
AcDbArc
 50
90.0
 51
180.0
  0
LINE
  5
17D0
330
1F
100
AcDbEntity
  8
0
  6
ACAD_ISO08W100
 48
2.0
370
   100
100
AcDbLine
 10
10824.50455332086
 20
11251.49219779213
 30
0.0
 11
10824.50455332086
 21
11251.29219779213
 31
0.0
  0
LINE
  5
17D1
330
1F
100
AcDbEntity
  8
0
  6
ACAD_ISO08W100
 48
2.0
370
   100
100
AcDbLine
 10
10825.40455332086
 20
11251.29219779213
 30
0.0
 11
10825.40455332086
 21
11251.49219779213
 31
0.0
  0
LINE
  5
17DC
330
1F
100
AcDbEntity
  8
0
100
AcDbLine
 10
10824.50455332086
 20
11251.49219779213
 30
0.0
 11
10822.40455332086
 21
11251.49219779213
 31
0.0
  0
LINE
  5
17DD
330
1F
100
AcDbEntity
  8
0
100
AcDbLine
 10
10821.30455332086
 20
11251.49219779213
 30
0.0
 11
10819.20455332086
 21
11251.49219779213
 31
0.0
  0
HATCH
  5
17DE
330
1F
100
AcDbEntity
  8
column
  6
ACAD_ISO02W100
440
 33554687
370
   100
100
AcDbHatch
 10
0.0
 20
0.0
 30
0.0
210
0.0
220
0.0
230
1.0
  2
SOLID
 70
     1
 71
     0
 91
        1
 92
        1
 93
        4
 72
     1
 10
10825.92939471819
 20
11251.77755127102
 11
10825.17939471819
 21
11251.77755127102
 72
     1
 10
10825.17939471819
 20
11251.77755127102
 11
10825.17939471819
 21
11251.02755127102
 72
     1
 10
10825.17939471819
 20
11251.02755127102
 11
10825.92939471819
 21
11251.02755127102
 72
     1
 10
10825.92939471819
 20
11251.02755127102
 11
10825.92939471819
 21
11251.77755127102
 97
        0
 75
     1
 76
     1
 98
        1
 10
-5.453155069577405
 20
-24.1440000208986
450
        0
451
        0
460
0.0
461
0.0
452
        0
462
0.0
453
        2
463
0.0
 63
     5
421
      255
463
1.0
 63
     2
421
 16776960
470
LINEAR
1001
GradientColor1ACI
1070
     5
1001
GradientColor2ACI
1070
     2
1001
ACAD
1010
0.0
1020
0.0
1030
0.0
  0
HATCH
  5
17DF
330
1F
100
AcDbEntity
  8
column
  6
ACAD_ISO02W100
440
 33554687
370
   100
100
AcDbHatch
 10
0.0
 20
0.0
 30
0.0
210
0.0
220
0.0
230
1.0
  2
SOLID
 70
     1
 71
     0
 91
        1
 92
        1
 93
        4
 72
     1
 10
21645.4797943732
 20
22496.32731098611
 11
21644.7297943732
 21
22496.32731098611
 72
     1
 10
21644.7297943732
 20
22496.32731098611
 11
21644.7297943732
 21
22495.57731098611
 72
     1
 10
21644.7297943732
 20
22495.57731098611
 11
21645.4797943732
 21
22495.57731098611
 72
     1
 10
21645.4797943732
 20
22495.57731098611
 11
21645.4797943732
 21
22496.32731098611
 97
        0
 75
     1
 76
     1
 98
        1
 10
10814.09724458543
 20
11220.40575969418
450
        0
451
        0
460
0.0
461
0.0
452
        0
462
0.0
453
        2
463
0.0
 63
     5
421
      255
463
1.0
 63
     2
421
 16776960
470
LINEAR
1001
GradientColor1ACI
1070
     5
1001
GradientColor2ACI
1070
     2
1001
ACAD
1010
0.0
1020
0.0
1030
0.0
  0
LINE
  5
17E8
330
1F
100
AcDbEntity
  8
0
100
AcDbLine
 10
10826.87806820563
 20
11251.3442479562
 30
0.0
 11
10825.40455332086
 21
11251.3442479562
 31
0.0
  0
HATCH
  5
17EB
330
1F
100
AcDbEntity
  8
column
  6
ACAD_ISO02W100
440
 33554687
370
   100
100
AcDbHatch
 10
0.0
 20
0.0
 30
0.0
210
0.0
220
0.0
230
1.0
  2
SOLID
 70
     1
 71
     0
 91
        1
 92
        1
 93
        4
 72
     1
 10
21654.49824877344
 20
22498.86974906316
 11
21653.74824877344
 21
22498.86974906316
 72
     1
 10
21653.74824877344
 20
22498.86974906316
 11
21653.74824877344
 21
22498.11974906316
 72
     1
 10
21653.74824877344
 20
22498.11974906316
 11
21654.49824877344
 21
22498.11974906316
 72
     1
 10
21654.49824877344
 20
22498.11974906316
 11
21654.49824877344
 21
22498.86974906316
 97
        0
 75
     1
 76
     1
 98
        1
 10
10823.11569898567
 20
11222.94819777123
450
        0
451
        0
460
0.0
461
0.0
452
        0
462
0.0
453
        2
463
0.0
 63
     5
421
      255
463
1.0
 63
     2
421
 16776960
470
LINEAR
1001
GradientColor1ACI
1070
     5
1001
GradientColor2ACI
1070
     2
1001
ACAD
1010
0.0
1020
0.0
1030
0.0
  0
HATCH
  5
17EE
330
1F
100
AcDbEntity
  8
column
  6
ACAD_ISO02W100
440
 33554687
370
   100
100
AcDbHatch
 10
0.0
 20
0.0
 30
0.0
210
0.0
220
0.0
230
1.0
  2
SOLID
 70
     1
 71
     0
 91
        1
 92
        1
 93
        4
 72
     1
 10
10822.69369545258
 20
11251.77755127103
 11
10821.94369545258
 21
11251.77755127103
 72
     1
 10
10821.94369545258
 20
11251.77755127103
 11
10821.94369545258
 21
11251.02755127103
 72
     1
 10
10821.94369545258
 20
11251.02755127103
 11
10822.69369545258
 21
11251.02755127103
 72
     1
 10
10822.69369545258
 20
11251.02755127103
 11
10822.69369545258
 21
11251.77755127103
 97
        0
 75
     1
 76
     1
 98
        1
 10
-8.688854335185169
 20
-24.14400002089497
450
        0
451
        0
460
0.0
461
0.0
452
        0
462
0.0
453
        2
463
0.0
 63
     5
421
      255
463
1.0
 63
     2
421
 16776960
470
LINEAR
1001
GradientColor1ACI
1070
     5
1001
GradientColor2ACI
1070
     2
1001
ACAD
1010
0.0
1020
0.0
1030
0.0
  0
HATCH
  5
17EF
330
1F
100
AcDbEntity
  8
column
  6
ACAD_ISO02W100
440
 33554687
370
   100
100
AcDbHatch
 10
0.0
 20
0.0
 30
0.0
210
0.0
220
0.0
230
1.0
  2
SOLID
 70
     1
 71
     0
 91
        1
 92
        1
 93
        4
 72
     1
 10
10819.49369545258
 20
11251.77755127102
 11
10818.74369545258
 21
11251.77755127102
 72
     1
 10
10818.74369545258
 20
11251.77755127102
 11
10818.74369545258
 21
11251.02755127102
 72
     1
 10
10818.74369545258
 20
11251.02755127102
 11
10819.49369545258
 21
11251.02755127102
 72
     1
 10
10819.49369545258
 20
11251.02755127102
 11
10819.49369545258
 21
11251.77755127102
 97
        0
 75
     1
 76
     1
 98
        1
 10
-11.88885433518771
 20
-24.14400002089678
450
        0
451
        0
460
0.0
461
0.0
452
        0
462
0.0
453
        2
463
0.0
 63
     5
421
      255
463
1.0
 63
     2
421
 16776960
470
LINEAR
1001
GradientColor1ACI
1070
     5
1001
GradientColor2ACI
1070
     2
1001
ACAD
1010
0.0
1020
0.0
1030
0.0
  0
HATCH
  5
17F0
330
1F
100
AcDbEntity
  8
column
  6
ACAD_ISO02W100
440
 33554687
370
   100
100
AcDbHatch
 10
0.0
 20
0.0
 30
0.0
210
0.0
220
0.0
230
1.0
  2
SOLID
 70
     1
 71
     0
 91
        1
 92
        1
 93
        4
 72
     1
 10
10825.89369545258
 20
11251.77755127102
 11
10825.14369545258
 21
11251.77755127102
 72
     1
 10
10825.14369545258
 20
11251.77755127102
 11
10825.14369545258
 21
11251.02755127102
 72
     1
 10
10825.14369545258
 20
11251.02755127102
 11
10825.89369545258
 21
11251.02755127102
 72
     1
 10
10825.89369545258
 20
11251.02755127102
 11
10825.89369545258
 21
11251.77755127102
 97
        0
 75
     1
 76
     1
 98
        1
 10
-5.48885433518626
 20
-24.1440000208986
450
        0
451
        0
460
0.0
461
0.0
452
        0
462
0.0
453
        2
463
0.0
 63
     5
421
      255
463
1.0
 63
     2
421
 16776960
470
LINEAR
1001
GradientColor1ACI
1070
     5
1001
GradientColor2ACI
1070
     2
1001
ACAD
1010
0.0
1020
0.0
1030
0.0
  0
LINE
  5
17F3
330
1F
100
AcDbEntity
  8
0
  6
ACAD_ISO08W100
 48
2.0
370
   100
100
AcDbLine
 10
10794.80455332086
 20
11269.50343844131
 30
0.0
 11
10795.10455332086
 21
11269.50423230587
 31
0.0
  0
LINE
  5
17F4
330
1F
100
AcDbEntity
  8
0
100
AcDbLine
 10
10794.80455332086
 20
11272.53379467852
 30
0.0
 11
10794.80455332086
 21
11275.59219779213
 31
0.0
  0
LINE
  5
17F5
330
1F
100
AcDbEntity
  8
0
100
AcDbLine
 10
10795.10455332086
 20
11269.50423230587
 30
0.0
 11
10795.10455332086
 21
11234.79219779213
 31
0.0
  0
LINE
  5
17F7
330
1F
100
AcDbEntity
  8
0
  6
ACAD_ISO08W100
 48
2.0
370
   100
100
AcDbLine
 10
10795.10455332086
 20
11272.53379467852
 30
0.0
 11
10794.80455332086
 21
11272.53379467852
 31
0.0
  0
MTEXT
  5
17F8
330
1F
100
AcDbEntity
  8
0
  6
ACAD_ISO08W100
 48
2.0
370
   100
100
AcDbMText
 10
10826.07248699039
 20
11272.85330838676
 30
0.0
 40
0.3
 41
4.030152006016578
 46
0.0
 71
     1
 72
     5
  1
\pxqc;MEN \PWASHROOM
 73
     1
 44
1.0
101
Embedded Object
 70
     1
 10
1.0
 20
0.0
 30
0.0
 11
10826.07248699039
 21
11272.85330838676
 31
0.0
 40
4.030152006016578
 41
0.0
 42
2.524215552523874
 43
0.8104365620736697
 71
     2
 72
     1
 44
4.030152006016578
 45
12.5
 73
     0
 74
     0
 46
0.0
  0
MTEXT
  5
17F9
330
1F
100
AcDbEntity
  8
0
  6
ACAD_ISO08W100
 48
2.0
370
   100
100
AcDbMText
 10
10826.1123336241
 20
11274.82865881474
 30
0.0
 40
0.3
 41
4.030152006016578
 46
0.0
 71
     1
 72
     5
  1
\pxqc; LADIES\PWASHROOM
 73
     1
 44
1.0
101
Embedded Object
 70
     1
 10
1.0
 20
0.0
 30
0.0
 11
10826.1123336241
 21
11274.82865881474
 31
0.0
 40
4.030152006016578
 41
0.0
 42
2.524215552523874
 43
0.8155525238744884
 71
     2
 72
     1
 44
4.030152006016578
 45
12.5
 73
     0
 74
     0
 46
0.0
  0
MTEXT
  5
17FB
330
1F
100
AcDbEntity
  8
0
  6
ACAD_ISO08W100
 48
2.0
370
   100
100
AcDbMText
 10
10826.1123336241
 20
11255.02865881474
 30
0.0
 40
0.3
 41
4.030152006016578
 46
0.0
 71
     1
 72
     5
  1
\pxqc; LADIES\PWASHROOM
 73
     1
 44
1.0
101
Embedded Object
 70
     1
 10
1.0
 20
0.0
 30
0.0
 11
10826.1123336241
 21
11255.02865881474
 31
0.0
 40
4.030152006016578
 41
0.0
 42
2.524215552523874
 43
0.8155525238744884
 71
     2
 72
     1
 44
4.030152006016578
 45
12.5
 73
     0
 74
     0
 46
0.0
  0
MTEXT
  5
17FC
330
1F
100
AcDbEntity
  8
0
  6
ACAD_ISO08W100
 48
2.0
370
   100
100
AcDbMText
 10
10911.16400503369
 20
11254.90294939838
 30
0.0
 40
0.3
 41
4.030152006016578
 46
0.0
 71
     1
 72
     5
  1
\pxqc; LADIES\PWASHROOM
 73
     1
 44
1.0
101
Embedded Object
 70
     1
 10
1.0
 20
0.0
 30
0.0
 11
10911.16400503369
 21
11254.90294939838
 31
0.0
 40
4.030152006016578
 41
0.0
 42
2.524215552523874
 43
0.8155525238744884
 71
     2
 72
     1
 44
4.030152006016578
 45
12.5
 73
     0
 74
     0
 46
0.0
  0
MTEXT
  5
17FD
330
1F
100
AcDbEntity
  8
0
  6
ACAD_ISO08W100
 48
2.0
370
   100
100
AcDbMText
 10
10911.12336352036
 20
11253.07422324004
 30
0.0
 40
0.3
 41
4.030152006016578
 46
0.0
 71
     1
 72
     5
  1
\pxqc;MEN \PWASHROOM
 73
     1
 44
1.0
101
Embedded Object
 70
     1
 10
1.0
 20
0.0
 30
0.0
 11
10911.12336352036
 21
11253.07422324004
 31
0.0
 40
4.030152006016578
 41
0.0
 42
2.524215552523874
 43
0.8104365620736697
 71
     2
 72
     1
 44
4.030152006016578
 45
12.5
 73
     0
 74
     0
 46
0.0
  0
MTEXT
  5
1800
330
1F
100
AcDbEntity
  8
0
  6
ACAD_ISO08W100
 48
2.0
370
   100
100
AcDbMText
 10
11092.17941459999
 20
11273.58568929223
 30
0.0
 40
0.3
 41
4.030152006016578
 46
0.0
 71
     1
 72
     5
  1
\pxqc;MEN \PWASHROOM
 73
     1
 44
1.0
101
Embedded Object
 70
     1
 10
1.0
 20
0.0
 30
0.0
 11
11092.17941459999
 21
11273.58568929223
 31
0.0
 40
4.030152006016578
 41
0.0
 42
2.524215552523874
 43
0.8104365620736697
 71
     2
 72
     1
 44
4.030152006016578
 45
12.5
 73
     0
 74
     0
 46
0.0
  0
MTEXT
  5
1801
330
1F
100
AcDbEntity
  8
0
  6
ACAD_ISO08W100
 48
2.0
370
   100
100
AcDbMText
 10
11092.08826101754
 20
11275.11340883998
 30
0.0
 40
0.3
 41
4.030152006016578
 46
0.0
 71
     1
 72
     5
  1
\pxqc;MEN \PWASHROOM
 73
     1
 44
1.0
101
Embedded Object
 70
     1
 10
1.0
 20
0.0
 30
0.0
 11
11092.08826101754
 21
11275.11340883998
 31
0.0
 40
4.030152006016578
 41
0.0
 42
2.524215552523874
 43
0.8104365620736697
 71
     2
 72
     1
 44
4.030152006016578
 45
12.5
 73
     0
 74
     0
 46
0.0
  0
MTEXT
  5
1802
330
1F
100
AcDbEntity
  8
0
  6
ACAD_ISO08W100
 48
2.0
370
   100
100
AcDbMText
 10
10826.2107160206
 20
11252.99302284748
 30
0.0
 40
0.3
 41
4.030152006016578
 46
0.0
 71
     1
 72
     5
  1
\pxqc;MEN \PWASHROOM
 73
     1
 44
1.0
101
Embedded Object
 70
     1
 10
1.0
 20
0.0
 30
0.0
 11
10826.2107160206
 21
11252.99302284748
 31
0.0
 40
4.030152006016578
 41
0.0
 42
2.524215552523874
 43
0.8104365620736697
 71
     2
 72
     1
 44
4.030152006016578
 45
12.5
 73
     0
 74
     0
 46
0.0
  0
ENDSEC
  0
SECTION
  2
OBJECTS
  0
DICTIONARY
  5
C
330
0
100
AcDbDictionary
281
     1
  3
ACAD_ASSOCNETWORK
350
1504
  3
ACAD_ASSOCPERSSUBENTMANAGER
350
641
  3
ACAD_CIP_PREVIOUS_PRODUCT_INFO
350
216
  3
ACAD_COLOR
350
6B
  3
ACAD_DETAILVIEWSTYLE
350
21B
  3
ACAD_GROUP
350
D
  3
ACAD_LAST_SAVED_VERSION_INFO
350
15EA
  3
ACAD_LAYOUT
350
1A
  3
ACAD_MATERIAL
350
6A
  3
ACAD_MLEADERSTYLE
350
12D
  3
ACAD_MLINESTYLE
350
17
  3
ACAD_PERSUBENTMGR
350
642
  3
ACAD_PLOTSETTINGS
350
19
  3
ACAD_PLOTSTYLENAME
350
E
  3
ACAD_SCALELIST
350
10C
  3
ACAD_SECTIONVIEWSTYLE
350
219
  3
ACAD_TABLESTYLE
350
7E
  3
ACAD_VISUALSTYLE
350
EF
  3
ACDB_RECOMPOSE_DATA
350
1815
  3
AcDbVariableDictionary
350
5E
  3
ASE_INDEX_DICTIONARY
350
176A
  0
DICTIONARY
  5
1FF
330
2
100
AcDbDictionary
280
     1
281
     1
  3
ACAD_LAYERSTATES
360
200
  0
DICTIONARY
  5
13C
330
10
100
AcDbDictionary
280
     1
281
     1
  0
DICTIONARY
  5
1CE
330
1F
100
AcDbDictionary
280
     1
281
     1
  3
ACAD_ASSOCNETWORK
360
1502
  3
ACAD_SORTENTS
360
281
  0
DICTIONARY
  5
DFD
330
DF8
100
AcDbDictionary
280
     1
281
     1
  3
AcDbContextDataManager
360
DFE
  0
DICTIONARY
  5
E04
330
E03
100
AcDbDictionary
280
     1
281
     1
  3
AcDbContextDataManager
360
E05
  0
DICTIONARY
  5
E0A
330
E09
100
AcDbDictionary
280
     1
281
     1
  3
AcDbContextDataManager
360
E0B
  0
DICTIONARY
  5
E10
330
E0F
100
AcDbDictionary
280
     1
281
     1
  3
AcDbContextDataManager
360
E11
  0
DICTIONARY
  5
E16
330
E15
100
AcDbDictionary
280
     1
281
     1
  3
AcDbContextDataManager
360
E17
  0
DICTIONARY
  5
E1C
330
E1B
100
AcDbDictionary
280
     1
281
     1
  3
AcDbContextDataManager
360
E1D
  0
DICTIONARY
  5
1407
330
13FA
100
AcDbDictionary
280
     1
281
     1
  3
ACAD_DIMASSOC
360
1411
  0
DICTIONARY
  5
1435
330
1426
100
AcDbDictionary
280
     1
281
     1
  3
ACAD_DIMASSOC
360
1441
  0
DICTIONARY
  5
1653
330
164C
100
AcDbDictionary
280
     1
281
     1
  3
AcDbContextDataManager
360
1654
  0
DICTIONARY
  5
165F
330
165A
100
AcDbDictionary
280
     1
281
     1
  3
AcDbContextDataManager
360
1660
  0
DICTIONARY
  5
1669
330
1664
100
AcDbDictionary
280
     1
281
     1
  3
AcDbContextDataManager
360
166A
  0
DICTIONARY
  5
1670
330
166F
100
AcDbDictionary
280
     1
281
     1
  3
AcDbContextDataManager
360
1671
  0
DICTIONARY
  5
1676
330
1675
100
AcDbDictionary
280
     1
281
     1
  3
AcDbContextDataManager
360
1677
  0
DICTIONARY
  5
1504
102
{ACAD_REACTORS
330
C
102
}
330
C
100
AcDbDictionary
281
     1
  3
ACAD_ASSOCNETWORK
350
1505
  0
ACDBASSOCPERSSUBENTMANAGER
  5
641
102
{ACAD_REACTORS
330
C
102
}
330
C
100
AcDbAssocPersSubentManager
 90
        2
 90
        3
 90
        0
 90
        2
 90
       22
 90
        2
 90
        7
 90
        0
 90
        1
 90
       11
 90
        6
 90
        0
 90
        0
 90
        0
 90
        0
 90
        0
 90
        0
 90
        0
 90
        7
 90
        0
 90
        1
 90
       22
 90
        6
 90
        0
 90
        0
 90
        0
 90
        0
 90
        0
 90
        0
 90
        0
 90
       22
 90
        1
 90
        2
 90
        3
 90
        4
 90
        5
 90
        6
 90
        7
 90
        8
 90
        9
 90
       10
 90
       11
 90
       12
 90
       13
 90
       14
 90
       15
 90
       16
 90
       17
 90
       18
 90
       19
 90
       20
 90
       21
 90
       22
 90
       22
 90
        1
 90
        2
 90
        3
 90
        4
 90
        5
 90
        6
 90
        7
 90
        8
 90
        9
 90
       10
 90
       11
 90
       12
 90
       13
 90
       14
 90
       15
 90
       16
 90
       17
 90
       18
 90
       19
 90
       20
 90
       21
 90
       22
 90
        0
290
     0
  0
XRECORD
  5
216
102
{ACAD_REACTORS
330
C
102
}
330
C
100
AcDbXrecord
280
     1
300
ACD
300
2025
300

  0
DICTIONARY
  5
6B
102
{ACAD_REACTORS
330
C
102
}
330
C
100
AcDbDictionary
281
     1
  0
DICTIONARY
  5
21B
102
{ACAD_REACTORS
330
C
102
}
330
C
100
AcDbDictionary
281
     1
  3
Metric50
350
21C
  0
DICTIONARY
  5
D
102
{ACAD_REACTORS
330
C
102
}
330
C
100
AcDbDictionary
281
     1
  3
*A1
350
986
  0
XRECORD
  5
15EA
102
{ACAD_REACTORS
330
C
102
}
330
C
100
AcDbXrecord
280
     1
300
{CE1F5882-61F9-C241-B922-58D571B36F58}
301
{0CC008F1-93CE-6E4F-9B34-DB7F0723C50B}
302
{CE1F5882-61F9-C241-B922-58D571B36F58}
303
C:\Users\Sakshi\Desktop\CARSHOWROOM FINAL......M.dxf
301
{31AA82BE-876C-B24B-80BE-8B59B5B68D41}
302
{300C85F9-43FF-0C43-82F4-88E846FD9E1A}
303
C:\Users\91957\OneDrive\Desktop\CARSHOWROOM FINAL......M.dwg
  0
DICTIONARY
  5
1A
102
{ACAD_REACTORS
330
C
102
}
330
C
100
AcDbDictionary
281
     1
  3
Layout1
350
D3
  3
Layout2
350
D7
  3
Model
350
22
  0
DICTIONARY
  5
6A
102
{ACAD_REACTORS
330
C
102
}
330
C
100
AcDbDictionary
281
     1
  3
ByBlock
350
ED
  3
ByLayer
350
EC
  3
Global
350
EE
  0
DICTIONARY
  5
12D
102
{ACAD_REACTORS
330
C
102
}
330
C
100
AcDbDictionary
281
     1
  3
Annotative
350
13B
  3
Standard
350
12E
  0
DICTIONARY
  5
17
102
{ACAD_REACTORS
330
C
102
}
330
C
100
AcDbDictionary
281
     1
  3
Standard
350
18
  0
ACDBPERSSUBENTMANAGER
  5
642
102
{ACAD_REACTORS
330
C
102
}
330
C
100
AcDbPersSubentManager
 90
        2
 90
        0
 90
        2
 90
        0
 90
        0
 90
        0
  0
DICTIONARY
  5
19
102
{ACAD_REACTORS
330
C
102
}
330
C
100
AcDbDictionary
281
     1
  0
ACDBDICTIONARYWDFLT
  5
E
102
{ACAD_REACTORS
330
C
102
}
330
C
100
AcDbDictionary
281
     1
  3
Normal
350
F
100
AcDbDictionaryWithDefault
340
F
  0
DICTIONARY
  5
10C
102
{ACAD_REACTORS
330
C
102
}
330
C
100
AcDbDictionary
281
     1
  3
A0
350
10D
  3
A1
350
1BE
  3
A2
350
1BF
  3
A3
350
1C0
  3
A4
350
1C1
  3
A5
350
1C2
  3
A6
350
1C3
  3
A7
350
1C4
  3
A8
350
1C5
  3
A9
350
1C6
  3
B0
350
1C7
  3
B1
350
1C8
  3
B2
350
1C9
  3
B3
350
1CA
  3
B4
350
1CB
  3
B5
350
1CC
  3
B6
350
1CD
  0
DICTIONARY
  5
219
102
{ACAD_REACTORS
330
C
102
}
330
C
100
AcDbDictionary
281
     1
  3
Metric50
350
21A
  0
DICTIONARY
  5
7E
102
{ACAD_REACTORS
330
C
102
}
330
C
100
AcDbDictionary
281
     1
  3
Standard
350
7F
  0
DICTIONARY
  5
EF
102
{ACAD_REACTORS
330
C
102
}
330
C
100
AcDbDictionary
281
     1
  3
2dWireframe
350
F5
  3
Basic
350
F4
  3
Brighten
350
FB
  3
ColorChange
350
FF
  3
Conceptual
350
F8
  3
Dim
350
FA
  3
EdgeColorOff
350
1E6
  3
Facepattern
350
FE
  3
Flat
350
F0
  3
FlatWithEdges
350
F1
  3
Gouraud
350
F2
  3
GouraudWithEdges
350
F3
  3
Hidden
350
F7
  3
JitterOff
350
1E4
  3
Linepattern
350
FD
  3
OverhangOff
350
1E5
  3
Realistic
350
F9
  3
Shaded
350
1F3
  3
Shaded with edges
350
1F2
  3
Shades of Gray
350
1EF
  3
Sketchy
350
1F0
  3
Thicken
350
FC
  3
Wireframe
350
F6
  3
X-Ray
350
1F1
  0
XRECORD
  5
1815
102
{ACAD_REACTORS
330
C
102
}
330
C
100
AcDbXrecord
280
     1
 90
        1
330
7F
330
1507
  0
DICTIONARY
  5
5E
102
{ACAD_REACTORS
330
C
102
}
330
C
100
AcDbDictionary
281
     1
  3
CANNOSCALE
350
146
  3
CENTEREXE
350
259
  3
CENTERLTYPEFILE
350
25A
  3
CMLEADERSTYLE
350
145
  3
CTABLESTYLE
350
84
  3
CVIEWDETAILSTYLE
350
227
  3
CVIEWSECTIONSTYLE
350
228
  3
DIMASSOC
350
5F
  3
HIDETEXT
350
63
  3
HPCOLOR
350
3B9
  3
HPINHERIT
350
99C
  3
HPORIGIN
350
C82
  3
HPTRANSPARENCY
350
3B8
  3
LAYEREVAL
350
1AE
  3
LAYERNOTIFY
350
1AF
  0
DICTIONARY
  5
176A
102
{ACAD_REACTORS
330
C
102
}
330
C
100
AcDbDictionary
281
     1
  3
ASEBlockHierarchyIndexRecord
350
176C
1001
DCO15
1040
2126428751.0
  0
DICTIONARY
  5
200
102
{ACAD_REACTORS
330
1FF
102
}
330
1FF
100
AcDbDictionary
281
     1
  0
DICTIONARY
  5
1502
102
{ACAD_REACTORS
330
1CE
102
}
330
1CE
100
AcDbDictionary
281
     1
  3
ACAD_ASSOCNETWORK
350
1503
  0
SORTENTSTABLE
  5
281
102
{ACAD_REACTORS
330
1CE
102
}
330
1CE
100
AcDbSortentsTable
330
1F
331
27D
  5
27F
331
27E
  5
283
331
27F
  5
287
331
286
  5
28D
331
287
  5
292
331
288
  5
293
331
289
  5
288
331
28B
  5
289
331
28C
  5
295
331
28D
  5
297
331
28E
  5
299
331
291
  5
29A
331
292
  5
29C
331
293
  5
29D
331
294
  5
29F
331
297
  5
2A0
331
299
  5
2A1
331
29A
  5
2A2
331
29B
  5
2A5
331
29D
  5
2A6
331
29E
  5
2A7
331
29F
  5
2AA
331
2A0
  5
2AC
331
2A1
  5
2AE
331
2A2
  5
2AD
331
2A4
  5
2AF
331
2A5
  5
2B0
331
2A6
  5
2B1
331
2A7
  5
2B2
331
2AA
  5
2B3
331
2AB
  5
2BC
331
2AD
  5
2BD
331
2AE
  5
2BE
331
2AF
  5
2C5
331
2B0
  5
2CF
331
2B1
  5
2D1
331
2B2
  5
2D0
331
2B3
  5
2E2
331
2BB
  5
2E3
331
2BC
  5
2E6
331
2BD
  5
2E7
331
2BE
  5
2E8
331
2BF
  5
2E9
331
2C5
  5
2EA
331
2C6
  5
2EB
331
2CF
  5
2EC
331
2D0
  5
2ED
331
2D1
  5
2EE
331
2D2
  5
2EF
331
2E2
  5
2F4
331
2E3
  5
2F5
331
2E6
  5
2F6
331
2E7
  5
2F7
331
2E8
  5
2F9
331
2E9
  5
2FA
331
2EA
  5
2FD
331
2EB
  5
2FF
331
2EC
  5
301
331
2ED
  5
302
331
2EE
  5
304
331
2EF
  5
308
331
2F4
  5
309
331
2F5
  5
30A
331
2F6
  5
30C
331
2F7
  5
311
331
2FA
  5
312
331
2FC
  5
30B
331
2FD
  5
313
331
2FF
  5
314
331
300
  5
31B
331
301
  5
31D
331
302
  5
31C
331
304
  5
31E
331
305
  5
31F
331
309
  5
332
331
30A
  5
333
331
30B
  5
337
331
30D
  5
336
331
311
  5
339
331
312
  5
33A
331
313
  5
349
331
314
  5
34B
331
315
  5
34A
331
318
  5
34C
331
319
  5
34D
331
31A
  5
34E
331
31B
  5
350
331
31C
  5
34F
331
31D
  5
3DE
331
31E
  5
3E0
331
31F
  5
3E1
331
332
  5
3E5
331
333
  5
3E6
331
336
  5
3EA
331
337
  5
3EB
331
339
  5
3EC
331
33A
  5
3EE
331
349
  5
3F4
331
34A
  5
3F5
331
34B
  5
3F6
331
34C
  5
3F7
331
34D
  5
3F8
331
34E
  5
3FC
331
34F
  5
3FE
331
350
  5
3FF
331
3E0
  5
400
331
3E4
  5
401
331
3E5
  5
402
331
3E6
  5
404
331
3EA
  5
408
331
3EB
  5
407
331
3EC
  5
406
331
3ED
  5
405
331
3EE
  5
403
331
3F1
  5
409
331
3F4
  5
40B
331
3F5
  5
40C
331
3F6
  5
40A
331
3F7
  5
40D
331
3F8
  5
40E
331
3FD
  5
418
331
3FE
  5
419
331
3FF
  5
41B
331
401
  5
41C
331
402
  5
41D
331
403
  5
427
331
404
  5
428
331
405
  5
429
331
406
  5
42A
331
407
  5
42E
331
408
  5
42F
331
409
  5
431
331
40A
  5
432
331
40B
  5
433
331
40C
  5
434
331
40D
  5
435
331
40E
  5
436
331
418
  5
437
331
419
  5
439
331
41B
  5
43A
331
41C
  5
43B
331
41D
  5
43C
331
41E
  5
43D
331
427
  5
43E
331
428
  5
43F
331
429
  5
440
331
42A
  5
441
331
42F
  5
443
331
430
  5
463
331
431
  5
467
331
432
  5
46F
331
433
  5
47E
331
434
  5
47F
331
435
  5
480
331
436
  5
481
331
437
  5
482
331
438
  5
483
331
439
  5
484
331
43A
  5
485
331
443
  5
486
331
44A
  5
487
331
463
  5
488
331
467
  5
489
331
469
  5
48A
331
46F
  5
48B
331
470
  5
490
331
471
  5
49D
331
472
  5
4A2
331
473
  5
4A3
331
474
  5
4A4
331
475
  5
4A5
331
476
  5
4A6
331
477
  5
4A7
331
480
  5
4A8
331
481
  5
4A9
331
482
  5
4AA
331
483
  5
4AB
331
484
  5
4AC
331
485
  5
4FB
331
486
  5
50E
331
487
  5
523
331
488
  5
522
331
48A
  5
442
331
48B
  5
524
331
48C
  5
525
331
48E
  5
52F
331
491
  5
530
331
4A1
  5
532
331
4A2
  5
538
331
4FC
  5
539
331
4FD
  5
53A
331
4FE
  5
53B
331
4FF
  5
53C
331
500
  5
53D
331
503
  5
541
331
504
  5
544
331
508
  5
545
331
509
  5
546
331
50A
  5
547
331
50B
  5
54A
331
50E
  5
54D
331
522
  5
54F
331
523
  5
551
331
524
  5
55B
331
525
  5
55C
331
52F
  5
55D
331
530
  5
55E
331
532
  5
55F
331
538
  5
563
331
539
  5
564
331
53A
  5
568
331
53B
  5
569
331
53C
  5
56A
331
53D
  5
56B
331
541
  5
56D
331
544
  5
5A0
331
545
  5
5A2
331
546
  5
5A4
331
547
  5
5AD
331
54A
  5
5AE
331
54D
  5
5B9
331
54F
  5
5BD
331
551
  5
5BF
331
55B
  5
5C1
331
55C
  5
5C2
331
55D
  5
5C3
331
55E
  5
5C8
331
55F
  5
5CA
331
563
  5
5CB
331
564
  5
5CC
331
568
  5
5CD
331
569
  5
5CE
331
56A
  5
5EA
331
56B
  5
5EC
331
56D
  5
5ED
331
5A0
  5
5EE
331
5A2
  5
5EF
331
5A4
  5
5F0
331
5AD
  5
5F8
331
5AE
  5
5F6
331
5B9
  5
5FA
331
5BD
  5
5FB
331
5BF
  5
5FC
331
5C1
  5
5FF
331
5C2
  5
600
331
5C3
  5
601
331
5C8
  5
602
331
5CA
  5
603
331
5CB
  5
605
331
5CC
  5
606
331
5CD
  5
607
331
5CE
  5
608
331
5EA
  5
60B
331
5EC
  5
60C
331
5ED
  5
60E
331
5EE
  5
60F
331
5EF
  5
610
331
5F0
  5
614
331
5F6
  5
615
331
5F8
  5
616
331
5FA
  5
617
331
5FB
  5
618
331
5FC
  5
619
331
5FF
  5
61A
331
600
  5
61B
331
601
  5
61C
331
602
  5
61D
331
603
  5
624
331
605
  5
627
331
606
  5
62F
331
607
  5
632
331
608
  5
633
331
60B
  5
635
331
60C
  5
634
331
60E
  5
636
331
60F
  5
638
331
610
  5
63B
331
614
  5
63C
331
615
  5
63D
331
616
  5
63E
331
617
  5
649
331
618
  5
64A
331
619
  5
64B
331
61A
  5
64C
331
61C
  5
64D
331
61D
  5
64E
331
624
  5
64F
331
627
  5
650
331
62F
  5
651
331
632
  5
652
331
633
  5
653
331
634
  5
654
331
635
  5
655
331
636
  5
658
331
638
  5
65C
331
639
  5
65E
331
63B
  5
673
331
63C
  5
674
331
63D
  5
675
331
63E
  5
676
331
649
  5
677
331
64A
  5
678
331
64B
  5
679
331
64C
  5
67A
331
64D
  5
68C
331
64E
  5
68D
331
64F
  5
6A9
331
650
  5
6AA
331
651
  5
6AC
331
652
  5
6AD
331
653
  5
6AF
331
654
  5
6B3
331
655
  5
6B5
331
658
  5
6B7
331
65C
  5
6B8
331
65E
  5
6B9
331
673
  5
6BB
331
674
  5
6BE
331
676
  5
6C1
331
677
  5
6C3
331
679
  5
6C4
331
67A
  5
6C6
331
67B
  5
6CE
331
67D
  5
31A
331
67E
  5
319
331
67F
  5
316
331
680
  5
315
331
681
  5
6CF
331
685
  5
6D1
331
686
  5
6D0
331
68A
  5
6D2
331
68B
  5
6D3
331
68C
  5
6DE
331
68D
  5
6E0
331
690
  5
6E2
331
6A9
  5
6E3
331
6AA
  5
6E4
331
6AB
  5
6E5
331
6AC
  5
6E6
331
6AD
  5
6E8
331
6AE
  5
6EA
331
6B0
  5
6ED
331
6B1
  5
6EF
331
6B3
  5
6F1
331
6B5
  5
6F2
331
6B6
  5
6F3
331
6B7
  5
6F4
331
6B8
  5
6F5
331
6B9
  5
6F6
331
6BA
  5
6F7
331
6BB
  5
6F8
331
6BC
  5
6FB
331
6BD
  5
6FC
331
6BE
  5
6FD
331
6BF
  5
6FE
331
6C0
  5
6FF
331
6C1
  5
703
331
6C2
  5
705
331
6C3
  5
70A
331
6CE
  5
70F
331
6CF
  5
714
331
6D0
  5
72B
331
6D1
  5
72C
331
6D2
  5
72D
331
6E2
  5
72E
331
6E3
  5
72F
331
6E4
  5
730
331
6E5
  5
731
331
6E6
  5
732
331
6F1
  5
733
331
6F2
  5
734
331
6F3
  5
735
331
6F4
  5
736
331
6F5
  5
737
331
6F6
  5
738
331
6F7
  5
739
331
6F8
  5
73A
331
6F9
  5
73B
331
6FA
  5
73C
331
6FB
  5
73D
331
6FC
  5
73E
331
6FD
  5
73F
331
6FE
  5
740
331
6FF
  5
741
331
700
  5
742
331
701
  5
743
331
703
  5
744
331
708
  5
745
331
70D
  5
746
331
712
  5
747
331
725
  5
748
331
726
  5
749
331
727
  5
74A
331
728
  5
74B
331
729
  5
74C
331
72A
  5
74D
331
72B
  5
74E
331
72C
  5
753
331
72D
  5
754
331
72E
  5
755
331
72F
  5
759
331
730
  5
7AC
331
731
  5
7BB
331
732
  5
7CD
331
733
  5
7CE
331
734
  5
7D0
331
735
  5
7D1
331
736
  5
7D2
331
737
  5
7D3
331
738
  5
7D6
331
739
  5
7D8
331
73A
  5
7DA
331
73B
  5
7DC
331
73C
  5
7E0
331
73D
  5
7E1
331
73E
  5
7E2
331
73F
  5
7E3
331
740
  5
7E4
331
741
  5
7E5
331
742
  5
7E6
331
743
  5
7E7
331
744
  5
7EA
331
745
  5
7EB
331
746
  5
7EC
331
747
  5
7EF
331
748
  5
7F8
331
74A
  5
6BF
331
74B
  5
7FC
331
74C
  5
7FD
331
74D
  5
7FF
331
74E
  5
800
331
751
  5
801
331
752
  5
802
331
753
  5
803
331
75B
  5
804
331
790
  5
805
331
7B9
  5
806
331
7CB
  5
807
331
7CC
  5
808
331
7CD
  5
809
331
7CE
  5
80A
331
7D0
  5
80B
331
7D3
  5
80D
331
7D5
  5
80E
331
7D7
  5
80F
331
7D9
  5
812
331
7DD
  5
813
331
7DE
  5
82D
331
7DF
  5
82E
331
7E0
  5
831
331
7E1
  5
839
331
7E2
  5
83B
331
7E3
  5
83C
331
7E4
  5
83D
331
7E7
  5
83E
331
7E8
  5
83F
331
7E9
  5
840
331
7EA
  5
841
331
7F5
  5
842
331
7F9
  5
843
331
7FA
  5
844
331
7FB
  5
850
331
7FC
  5
851
331
7FD
  5
852
331
7FE
  5
853
331
7FF
  5
854
331
800
  5
855
331
801
  5
856
331
802
  5
857
331
803
  5
858
331
80B
  5
859
331
80C
  5
85A
331
80F
  5
85B
331
810
  5
85C
331
829
  5
85D
331
82B
  5
85E
331
82C
  5
85F
331
82F
  5
860
331
838
  5
864
331
839
  5
865
331
83A
  5
867
331
83B
  5
868
331
83C
  5
869
331
83D
  5
86A
331
83E
  5
86B
331
83F
  5
86C
331
840
  5
87A
331
844
  5
87B
331
845
  5
87C
331
847
  5
893
331
84B
  5
89B
331
84C
  5
89C
331
84D
  5
89D
331
850
  5
89E
331
85E
  5
8A0
331
85F
  5
8A1
331
860
  5
8A2
331
870
  5
8A3
331
871
  5
8A4
331
877
  5
8A5
331
878
  5
8A6
331
879
  5
8A7
331
87B
  5
8A8
331
87F
  5
8AD
331
880
  5
8AE
331
881
  5
8AF
331
882
  5
8B0
331
883
  5
8B1
331
884
  5
8B2
331
885
  5
8B3
331
886
  5
8C4
331
887
  5
8C5
331
890
  5
8C6
331
891
  5
8C7
331
892
  5
8C8
331
893
  5
8D5
331
894
  5
8D7
331
895
  5
8D9
331
8A7
  5
8DC
331
8A8
  5
8DE
331
8A9
  5
8DF
331
8AA
  5
8E0
331
8AB
  5
8E1
331
8B8
  5
8E2
331
8B9
  5
8E3
331
8BA
  5
8E4
331
8BB
  5
8E5
331
8BE
  5
8E6
331
8C1
  5
8E7
331
8C2
  5
8E8
331
8C3
  5
8EA
331
8C4
  5
8E9
331
8C5
  5
8F1
331
8C6
  5
8F3
331
8C7
  5
8F4
331
8C8
  5
8F7
331
8C9
  5
8FA
331
8CA
  5
8F5
331
8CB
  5
8FB
331
8CC
  5
8FC
331
8CD
  5
8FE
331
8CE
  5
8FF
331
8CF
  5
8FD
331
8D0
  5
900
331
8D1
  5
901
331
8D2
  5
8F9
331
8D3
  5
902
331
8D4
  5
908
331
8D5
  5
90B
331
8D7
  5
909
331
8DB
  5
90C
331
8DC
  5
90D
331
8DD
  5
90E
331
8DE
  5
912
331
8DF
  5
914
331
8E0
  5
915
331
8E1
  5
913
331
8E2
  5
916
331
8E3
  5
919
331
8E4
  5
91B
331
8E5
  5
91C
331
8E6
  5
91A
331
8E7
  5
910
331
8E8
  5
91D
331
8E9
  5
91E
331
8EA
  5
921
331
8EB
  5
920
331
8F1
  5
924
331
8F2
  5
927
331
8F3
  5
92A
331
8F4
  5
92B
331
8F5
  5
926
331
8F6
  5
928
331
8F7
  5
92F
331
8F8
  5
934
331
8F9
  5
936
331
8FA
  5
939
331
8FB
  5
93D
331
8FC
  5
937
331
8FD
  5
93B
331
8FE
  5
93F
331
8FF
  5
943
331
900
  5
949
331
901
  5
940
331
902
  5
94C
331
908
  5
950
331
909
  5
952
331
90A
  5
954
331
90B
  5
953
331
90C
  5
956
331
90D
  5
957
331
90F
  5
958
331
910
  5
959
331
911
  5
95B
331
912
  5
95D
331
913
  5
95E
331
914
  5
960
331
917
  5
962
331
918
  5
95F
331
919
  5
964
331
91A
  5
966
331
91B
  5
97C
331
91C
  5
97B
331
91D
  5
97E
331
91E
  5
97F
331
91F
  5
980
331
920
  5
981
331
921
  5
7FE
331
924
  5
982
331
925
  5
983
331
926
  5
984
331
927
  5
985
331
928
  5
988
331
92A
  5
989
331
92B
  5
98B
331
92F
  5
98C
331
934
  5
991
331
936
  5
992
331
937
  5
9A4
331
939
  5
9A6
331
93B
  5
9A7
331
93D
  5
9A8
331
93F
  5
9AD
331
940
  5
9AE
331
943
  5
9AF
331
946
  5
9B0
331
949
  5
9BF
331
94A
  5
9C0
331
94B
  5
9C1
331
94C
  5
9C8
331
94F
  5
9CA
331
950
  5
9CB
331
951
  5
9CC
331
952
  5
9D0
331
953
  5
9D1
331
954
  5
9D2
331
955
  5
9D3
331
956
  5
9D4
331
957
  5
9D6
331
958
  5
9D8
331
959
  5
9EF
331
95A
  5
9F1
331
95B
  5
9F2
331
95C
  5
9F7
331
95D
  5
9F9
331
95E
  5
9FE
331
95F
  5
A24
331
960
  5
A29
331
961
  5
A2A
331
962
  5
A2B
331
963
  5
A2C
331
964
  5
A2D
331
965
  5
A2E
331
966
  5
A2F
331
97B
  5
6BC
331
97C
  5
6BD
331
97D
  5
A30
331
97E
  5
A31
331
97F
  5
A34
331
980
  5
A35
331
981
  5
A33
331
982
  5
A37
331
984
  5
A3A
331
985
  5
A3B
331
9B5
  5
6BA
331
9BF
  5
A3D
331
9C0
  5
A43
331
9C1
  5
A51
331
9C8
  5
A52
331
9CA
  5
A53
331
9CB
  5
A54
331
9CC
  5
A56
331
9D0
  5
A58
331
9D1
  5
A5A
331
9D2
  5
AA0
331
9D3
  5
AA8
331
9D4
  5
A6F
331
9D5
  5
A72
331
9D7
  5
6C0
331
9D8
  5
6C2
331
9D9
  5
ABC
331
9DA
  5
AC0
331
9DC
  5
AC1
331
9DE
  5
AC2
331
9DF
  5
AC3
331
9E0
  5
AC4
331
9E1
  5
AC5
331
9E2
  5
AC6
331
9E6
  5
AC7
331
9E7
  5
AC8
331
9ED
  5
AC9
331
9F1
  5
ACA
331
9F2
  5
ACB
331
9F7
  5
ACC
331
9F9
  5
ACE
331
9FE
  5
ACF
331
A24
  5
AD0
331
A25
  5
AD3
331
A27
  5
AD4
331
A29
  5
A99
331
A2A
  5
AD5
331
A2B
  5
ADC
331
A2C
  5
ADD
331
A2D
  5
ADE
331
A2E
  5
AE1
331
A2F
  5
AE2
331
A30
  5
AE3
331
A34
  5
B1C
331
A35
  5
B22
331
A36
  5
B2A
331
A39
  5
B37
331
A3A
  5
B3B
331
A3E
  5
B49
331
A3F
  5
B4A
331
A41
  5
BDE
331
A42
  5
B23
331
A43
  5
A67
331
A48
  5
C06
331
A4C
  5
BEB
331
A4F
  5
AB4
331
A51
  5
ABA
331
A63
  5
B44
331
A65
  5
B2B
331
A67
  5
AF2
331
A68
  5
B0E
331
A69
  5
BED
331
A6A
  5
AA1
331
A6B
  5
BF3
331
A6E
  5
C37
331
A6F
  5
C42
331
A70
  5
C43
331
A9C
  5
BEE
331
A9D
  5
BF4
331
AA0
  5
BF2
331
AA1
  5
BF5
331
AA6
  5
B87
331
AA7
  5
BDA
331
AB3
  5
C46
331
AB4
  5
C49
331
AB5
  5
C47
331
ABA
  5
C4A
331
ABB
  5
C5A
331
ABC
  5
C4B
331
AC0
  5
B33
331
AC1
  5
B2E
331
AC4
  5
C5C
331
AC5
  5
C36
331
AC6
  5
C60
331
AC7
  5
C5B
331
AC8
  5
C61
331
AC9
  5
C62
331
ACA
  5
C65
331
ACB
  5
C64
331
ACC
  5
C5D
331
ACD
  5
C67
331
ACE
  5
C68
331
ACF
  5
C69
331
AD0
  5
B47
331
AD2
  5
C6E
331
AD3
  5
C6F
331
AD4
  5
C6D
331
AD5
  5
BAA
331
AD7
  5
BD7
331
ADA
  5
C70
331
ADC
  5
C72
331
ADD
  5
C71
331
AEA
  5
C93
331
AFF
  5
C94
331
B05
  5
C9A
331
B07
  5
BF1
331
B09
  5
CA6
331
B0B
  5
CA7
331
B0C
  5
CA8
331
B0E
  5
CA9
331
B1A
  5
CA4
331
B1B
  5
CA5
331
B1C
  5
CAA
331
B1E
  5
CAB
331
B22
  5
CAC
331
B23
  5
CAE
331
B24
  5
CAF
331
B2A
  5
CB2
331
B2B
  5
CB3
331
B2C
  5
CB4
331
B2D
  5
CB5
331
B2E
  5
CB6
331
B2F
  5
CB7
331
B30
  5
CBB
331
B31
  5
CB0
331
B32
  5
CB1
331
B33
  5
CBC
331
B34
  5
CBD
331
B35
  5
CBE
331
B38
  5
C34
331
B39
  5
C35
331
B3A
  5
C08
331
B3B
  5
CC0
331
B44
  5
CC2
331
B45
  5
CC1
331
B49
  5
CC3
331
B4A
  5
C09
331
B4C
  5
CC4
331
B4D
  5
B4E
331
B4E
  5
B51
331
B4F
  5
B84
331
B50
  5
B81
331
B51
  5
B6C
331
B52
  5
B64
331
B53
  5
B60
331
B54
  5
B5D
331
B55
  5
B5A
331
B56
  5
B57
331
B57
  5
B54
331
B58
  5
B50
331
B59
  5
B53
331
B5A
  5
B86
331
B5B
  5
B83
331
B5C
  5
B71
331
B5D
  5
B6B
331
B5E
  5
B63
331
B60
  5
B5C
331
B61
  5
B59
331
B62
  5
B56
331
B63
  5
BD9
331
B71
  5
B4F
331
B72
  5
B52
331
B73
  5
B85
331
B74
  5
B82
331
B75
  5
B6D
331
B76
  5
B68
331
B77
  5
B62
331
B78
  5
B5E
331
B79
  5
B5B
331
B7A
  5
B58
331
B7B
  5
B55
331
B7C
  5
BD8
331
B7D
  5
C73
331
B7E
  5
C92
331
B7F
  5
C79
331
B80
  5
C78
331
B81
  5
C77
331
B82
  5
C75
331
B83
  5
CC9
331
B84
  5
CC8
331
B85
  5
CC7
331
B86
  5
CC6
331
B87
  5
CC5
331
B88
  5
C95
331
B89
  5
C99
331
B8A
  5
C98
331
B8B
  5
C97
331
B8C
  5
C96
331
B8D
  5
BD4
331
B91
  5
BE7
331
B92
  5
BE3
331
B93
  5
BE2
331
B94
  5
BDF
331
B95
  5
BE8
331
B96
  5
BE5
331
B97
  5
BE1
331
B98
  5
C66
331
B99
  5
BEA
331
B9A
  5
BE6
331
B9B
  5
BE4
331
B9C
  5
BE0
331
BA5
  5
CCA
331
BA7
  5
CCB
331
BAA
  5
C33
331
BAB
  5
C30
331
BAC
  5
C10
331
BD3
  5
C07
331
BD5
  5
BE9
331
BD7
  5
BEC
331
BD8
  5
A9D
331
BD9
  5
B07
331
BDA
  5
B1A
331
BDB
  5
C76
331
BDC
  5
C44
331
BDD
  5
B36
331
BDE
  5
B30
331
BDF
  5
B2D
331
BE0
  5
B39
331
BE1
  5
BDD
331
BE2
  5
BA9
331
BE3
  5
BD2
331
BE4
  5
BD6
331
BE5
  5
B4D
331
BE6
  5
BD5
331
BE7
  5
B4C
331
BE9
  5
AB5
331
BEB
  5
A9E
331
BEC
  5
B24
331
BED
  5
B35
331
BEE
  5
B2F
331
BEF
  5
B2C
331
BF0
  5
B3A
331
BF1
  5
B45
331
BF2
  5
B48
331
BF3
  5
BDB
331
BF4
  5
BA7
331
BF5
  5
BAE
331
C07
  5
AB3
331
C09
  5
AA3
331
C35
  5
CCC
331
C42
  5
CCD
331
C43
  5
CCE
331
C44
  5
CCF
331
C45
  5
CD0
331
C46
  5
CD2
331
C47
  5
CD3
331
C48
  5
CD4
331
C49
  5
CD5
331
C4A
  5
CD6
331
C4B
  5
CD7
331
C5C
  5
CD8
331
C5F
  5
CDA
331
C60
  5
CDB
331
C61
  5
CDC
331
C62
  5
CDD
331
C64
  5
CD9
331
C65
  5
CDE
331
C66
  5
CDF
331
C67
  5
CE0
331
C69
  5
CD1
331
C92
  5
CE1
331
C93
  5
CE2
331
C94
  5
CE3
331
C95
  5
CE4
331
C96
  5
CE5
331
C97
  5
CE6
331
C98
  5
CE7
331
C99
  5
CE8
331
C9A
  5
CE9
331
CA4
  5
CEA
331
CA5
  5
CF0
331
CA6
  5
CF1
331
CA7
  5
CF2
331
CA8
  5
CF3
331
CA9
  5
CF4
331
CAA
  5
CF6
331
CAB
  5
CF7
331
CAC
  5
CF8
331
CAE
  5
CF9
331
CAF
  5
CFA
331
CB0
  5
CFB
331
CB1
  5
CFF
331
CB2
  5
D00
331
CB3
  5
D01
331
CB4
  5
D02
331
CB5
  5
D06
331
CB6
  5
D07
331
CB7
  5
D09
331
CBB
  5
D0B
331
CBC
  5
D0C
331
CBD
  5
D0D
331
CBE
  5
D0E
331
CC0
  5
D0F
331
CC1
  5
D10
331
CC2
  5
D11
331
CC3
  5
D15
331
CC4
  5
D16
331
CC5
  5
D17
331
CC6
  5
D18
331
CC7
  5
D19
331
CC8
  5
D1A
331
CC9
  5
D1B
331
CCA
  5
D1C
331
CCB
  5
D1D
331
CCC
  5
D1E
331
CCD
  5
D1F
331
CCE
  5
D21
331
CCF
  5
D23
331
CD0
  5
D24
331
CD1
  5
D25
331
CD2
  5
D26
331
CD3
  5
D27
331
CD4
  5
D29
331
CD5
  5
D2A
331
CD6
  5
D2B
331
CD7
  5
D2C
331
CD8
  5
D2D
331
CD9
  5
D2E
331
CDA
  5
D2F
331
CDB
  5
D30
331
CDC
  5
D31
331
CDD
  5
D32
331
CDE
  5
D35
331
CDF
  5
D36
331
CE0
  5
D37
331
CE1
  5
D38
331
CE2
  5
D39
331
CE3
  5
D3C
331
CE4
  5
D3D
331
CE5
  5
D3E
331
CE6
  5
D3F
331
CE7
  5
D47
331
CE8
  5
D4C
331
CE9
  5
D4F
331
CEF
  5
D50
331
CF0
  5
D51
331
CF2
  5
D52
331
CF4
  5
D4E
331
CF5
  5
D58
331
CF6
  5
D59
331
CF7
  5
DCD
331
CF8
  5
DCE
331
CFA
  5
D53
331
CFF
  5
DCF
331
D00
  5
DD0
331
D01
  5
DD1
331
D02
  5
DF8
331
D06
  5
E02
331
D07
  5
E03
331
D09
  5
E08
331
D0D
  5
E09
331
D0E
  5
E0E
331
D0F
  5
E0F
331
D10
  5
E14
331
D11
  5
E15
331
D15
  5
E1A
331
D16
  5
E1B
331
D17
  5
E20
331
D18
  5
E21
331
D19
  5
E23
331
D1A
  5
E24
331
D1B
  5
E26
331
D1C
  5
E27
331
D1D
  5
E29
331
D1E
  5
E2A
331
D1F
  5
E2B
331
D21
  5
E2C
331
D23
  5
F3E
331
D24
  5
F7A
331
D25
  5
F82
331
D26
  5
F83
331
D27
  5
F84
331
D29
  5
F85
331
D2A
  5
F86
331
D2B
  5
F87
331
D2C
  5
F88
331
D2D
  5
F89
331
D2E
  5
F8A
331
D2F
  5
F8B
331
D30
  5
F8C
331
D31
  5
F8D
331
D32
  5
F8E
331
D35
  5
F8F
331
D36
  5
F90
331
D37
  5
F91
331
D3E
  5
F92
331
D3F
  5
F93
331
DCD
  5
AA9
331
DCE
  5
F94
331
DCF
  5
F95
331
DD1
  5
AA6
331
DF8
  5
F96
331
E02
  5
F97
331
E03
  5
F98
331
E08
  5
F99
331
E09
  5
F9A
331
E0E
  5
F9B
331
E0F
  5
F9C
331
E14
  5
F9D
331
E15
  5
F9E
331
E1A
  5
F9F
331
E1B
  5
FA0
331
E20
  5
FA1
331
E21
  5
FA2
331
E23
  5
FA3
331
E24
  5
FA4
331
E26
  5
FA5
331
E27
  5
FA6
331
E29
  5
FA7
331
E2A
  5
FA8
331
E2B
  5
FA9
331
E2C
  5
FAA
331
F77
  5
286
331
F7A
  5
FAB
331
F82
  5
FAC
331
F83
  5
FAE
331
F84
  5
FB0
331
F85
  5
FB1
331
F86
  5
FB2
331
F87
  5
FB4
331
F88
  5
FB6
331
F89
  5
FB8
331
F8A
  5
FB9
331
F8B
  5
FBA
331
F8C
  5
FBB
331
F8D
  5
FBC
331
F8E
  5
FBD
331
F8F
  5
FBE
331
F90
  5
FBF
331
F91
  5
FC0
331
F92
  5
FC1
331
F93
  5
FC2
331
F94
  5
FC3
331
F95
  5
FC8
331
F96
  5
FC9
331
F97
  5
FCA
331
F98
  5
FCB
331
F99
  5
FCC
331
F9A
  5
FCD
331
F9B
  5
FCE
331
F9C
  5
FCF
331
F9D
  5
FD0
331
F9E
  5
FD1
331
F9F
  5
FD2
331
FA0
  5
FD3
331
FA1
  5
FD4
331
FA2
  5
FD5
331
FA3
  5
FD6
331
FA4
  5
FD7
331
FA5
  5
FD8
331
FA6
  5
FD9
331
FA7
  5
FDA
331
FA8
  5
FDB
331
FA9
  5
FDC
331
FAA
  5
FDD
331
FAB
  5
FDE
331
FAC
  5
FDF
331
FAD
  5
FE0
331
FAE
  5
FE1
331
FAF
  5
FE2
331
FB0
  5
FE3
331
FB1
  5
FE4
331
FB2
  5
FE5
331
FB3
  5
FE6
331
FB4
  5
FE7
331
FB5
  5
FE8
331
FB6
  5
FE9
331
FB8
  5
FEA
331
FB9
  5
FEB
331
FBA
  5
FEC
331
FBB
  5
FED
331
FBC
  5
FEE
331
FBD
  5
FEF
331
FBE
  5
FF0
331
FBF
  5
FF1
331
FC0
  5
FF2
331
FC1
  5
FF3
331
FC2
  5
FF4
331
FC3
  5
FF5
331
FC8
  5
FF6
331
FC9
  5
FF7
331
FCA
  5
FF8
331
FCB
  5
FF9
331
FCC
  5
FFA
331
FCD
  5
FFB
331
FCE
  5
FFC
331
FCF
  5
FFD
331
FD0
  5
FFE
331
FD1
  5
FFF
331
FD2
  5
1000
331
FD3
  5
1001
331
FD4
  5
1002
331
FD5
  5
1004
331
FD6
  5
1006
331
FD7
  5
1007
331
FD8
  5
100A
331
FD9
  5
100B
331
FDA
  5
100C
331
FDB
  5
100D
331
FDC
  5
100E
331
FDD
  5
100F
331
FDE
  5
1010
331
FDF
  5
1011
331
FE0
  5
1012
331
FE1
  5
1013
331
FE2
  5
FB5
331
FE3
  5
FB3
331
FE4
  5
1014
331
FE5
  5
1015
331
FE6
  5
1017
331
FE7
  5
1019
331
FE8
  5
101A
331
FE9
  5
101B
331
FEA
  5
101C
331
FEB
  5
101D
331
FEC
  5
101E
331
FED
  5
101F
331
FEE
  5
44A
331
FEF
  5
469
331
FF0
  5
1020
331
FF1
  5
1021
331
FF2
  5
1023
331
FF3
  5
1024
331
FF4
  5
1025
331
FF5
  5
1027
331
FF6
  5
1029
331
FF7
  5
102A
331
FF8
  5
102D
331
FF9
  5
102E
331
FFA
  5
102F
331
FFB
  5
1030
331
FFC
  5
1031
331
FFD
  5
1032
331
FFE
  5
1034
331
FFF
  5
1035
331
1000
  5
1036
331
1001
  5
1037
331
1002
  5
1038
331
1004
  5
103C
331
1005
  5
103E
331
1006
  5
1040
331
1007
  5
1042
331
100A
  5
103D
331
100B
  5
103F
331
100C
  5
1041
331
100D
  5
1043
331
100E
  5
1044
331
100F
  5
1045
331
1010
  5
1046
331
1012
  5
103B
331
1013
  5
1047
331
1014
  5
1048
331
1015
  5
1049
331
1017
  5
104A
331
1019
  5
FAF
331
101A
  5
104B
331
101B
  5
104C
331
101C
  5
104D
331
101D
  5
1058
331
101E
  5
1059
331
101F
  5
FAD
331
1020
  5
105A
331
1021
  5
105B
331
1023
  5
105F
331
1024
  5
1060
331
1025
  5
1061
331
1027
  5
1062
331
1028
  5
1064
331
1029
  5
1067
331
102A
  5
106A
331
102B
  5
1068
331
102D
  5
1069
331
102E
  5
106B
331
102F
  5
106C
331
1030
  5
106D
331
1031
  5
106E
331
1032
  5
1071
331
1034
  5
1070
331
1035
  5
1072
331
1036
  5
1073
331
1037
  5
1074
331
1038
  5
1075
331
1039
  5
1076
331
103A
  5
1078
331
103B
  5
1086
331
103C
  5
1087
331
103D
  5
1088
331
103E
  5
1089
331
103F
  5
108A
331
1040
  5
108E
331
1041
  5
109A
331
1042
  5
109B
331
1043
  5
109C
331
1044
  5
109D
331
1045
  5
109E
331
1046
  5
109F
331
1047
  5
10A0
331
1048
  5
10A1
331
1049
  5
10A2
331
104A
  5
1066
331
104B
  5
10A3
331
104E
  5
10A4
331
104F
  5
10A5
331
1053
  5
10A6
331
1054
  5
10A7
331
1055
  5
10A8
331
1056
  5
10A9
331
1057
  5
10AA
331
1058
  5
10AB
331
1059
  5
10AC
331
105A
  5
10AD
331
105B
  5
10AE
331
105F
  5
10AF
331
1060
  5
10B3
331
1061
  5
10B8
331
1062
  5
10B9
331
1063
  5
10BD
331
1064
  5
10C2
331
1065
  5
10C3
331
1066
  5
10C4
331
1067
  5
10C5
331
106A
  5
10C6
331
106C
  5
10C7
331
106D
  5
10CA
331
106E
  5
10CB
331
106F
  5
10CC
331
1070
  5
10CD
331
1071
  5
10CF
331
1072
  5
10D1
331
1091
  5
10D3
331
1097
  5
1065
331
109A
  5
10D4
331
109B
  5
10D5
331
109C
  5
10D6
331
109D
  5
10DB
331
109E
  5
10DC
331
109F
  5
10DD
331
10A0
  5
10DE
331
10A1
  5
10DF
331
10A2
  5
10E0
331
10A3
  5
10E1
331
10A4
  5
10E2
331
10A5
  5
10E3
331
10A6
  5
10E4
331
10A7
  5
10E5
331
10A8
  5
10E6
331
10A9
  5
10E7
331
10AA
  5
10E8
331
10AB
  5
10D7
331
10AC
  5
10D8
331
10AD
  5
10D9
331
10AE
  5
10E9
331
10AF
  5
10EA
331
10B3
  5
10EB
331
10B8
  5
10EC
331
10B9
  5
10ED
331
10BA
  5
10EE
331
10BB
  5
10EF
331
10BC
  5
10F0
331
10BD
  5
10F1
331
10BF
  5
10F2
331
10C0
  5
10F3
331
10C1
  5
10F4
331
10C2
  5
10F5
331
10C3
  5
10F6
331
10C4
  5
10F7
331
10C5
  5
10F8
331
10C6
  5
10F9
331
10C9
  5
10FA
331
10CA
  5
10FB
331
10CB
  5
10FC
331
10CC
  5
10FD
331
10CD
  5
10FE
331
10CE
  5
10FF
331
10CF
  5
1100
331
10D0
  5
1101
331
10D1
  5
1102
331
10D2
  5
1103
331
10D3
  5
1104
331
10D4
  5
1105
331
10D5
  5
1106
331
10D6
  5
1107
331
10D7
  5
1108
331
10D8
  5
1109
331
10D9
  5
110A
331
10DA
  5
110B
331
10DB
  5
110C
331
10DC
  5
110D
331
10DD
  5
110E
331
10DE
  5
110F
331
10DF
  5
1110
331
10E0
  5
1111
331
10E1
  5
1112
331
10E2
  5
1113
331
10E3
  5
1114
331
10E4
  5
1115
331
10E5
  5
1116
331
10E6
  5
1118
331
10E7
  5
1119
331
10E8
  5
111A
331
10E9
  5
111C
331
10EA
  5
111D
331
10EB
  5
111E
331
10EC
  5
111F
331
10ED
  5
1120
331
10EE
  5
1121
331
10EF
  5
1122
331
10F0
  5
1124
331
10F1
  5
1125
331
10F2
  5
1126
331
10F3
  5
1127
331
10F4
  5
1128
331
10F5
  5
1129
331
10F6
  5
112A
331
10F7
  5
112B
331
10F8
  5
112C
331
10F9
  5
112D
331
10FA
  5
112E
331
10FB
  5
112F
331
10FC
  5
1130
331
10FD
  5
1131
331
10FE
  5
1132
331
10FF
  5
1133
331
1100
  5
1134
331
1101
  5
1135
331
1102
  5
1136
331
1103
  5
1139
331
1104
  5
113C
331
1105
  5
113D
331
1106
  5
113E
331
1107
  5
113F
331
1108
  5
1140
331
1109
  5
1141
331
110A
  5
1142
331
110B
  5
1143
331
110C
  5
1144
331
110D
  5
1145
331
110E
  5
1146
331
110F
  5
1147
331
1110
  5
1148
331
1111
  5
1149
331
1112
  5
114A
331
1113
  5
114B
331
1114
  5
114C
331
1115
  5
114D
331
1116
  5
114E
331
1118
  5
114F
331
1119
  5
1150
331
111A
  5
1151
331
111C
  5
1152
331
111D
  5
1153
331
111E
  5
1154
331
111F
  5
1155
331
1120
  5
1156
331
1121
  5
1157
331
1122
  5
1158
331
1123
  5
41E
331
1124
  5
1159
331
1125
  5
115A
331
1126
  5
115B
331
1127
  5
115C
331
1128
  5
115D
331
1129
  5
115E
331
112A
  5
115F
331
112B
  5
1160
331
112C
  5
1161
331
112D
  5
1162
331
112E
  5
1163
331
112F
  5
1164
331
1130
  5
1165
331
1131
  5
1166
331
1132
  5
1167
331
1133
  5
1168
331
1134
  5
1169
331
1135
  5
116A
331
1136
  5
116C
331
1139
  5
116D
331
113C
  5
116E
331
113D
  5
116F
331
113E
  5
1177
331
113F
  5
1178
331
1140
  5
1179
331
1141
  5
117A
331
1142
  5
117B
331
1143
  5
117C
331
1144
  5
117E
331
1145
  5
117F
331
1146
  5
1181
331
1147
  5
1183
331
1148
  5
1185
331
1149
  5
1186
331
114A
  5
1187
331
114B
  5
1188
331
114C
  5
1189
331
114D
  5
118D
331
114E
  5
118E
331
114F
  5
118F
331
1150
  5
1190
331
1151
  5
1191
331
1152
  5
1192
331
1153
  5
1195
331
1154
  5
1196
331
1155
  5
1197
331
1156
  5
1198
331
1157
  5
1199
331
1158
  5
119A
331
1159
  5
119B
331
115A
  5
119C
331
115B
  5
119D
331
115C
  5
119F
331
115D
  5
11A2
331
115E
  5
11A3
331
115F
  5
11A5
331
1160
  5
11A6
331
1161
  5
11A8
331
1162
  5
11A9
331
1163
  5
11AA
331
1164
  5
11AB
331
1165
  5
11AC
331
1166
  5
11AD
331
1167
  5
11AE
331
1168
  5
11AF
331
1169
  5
11B0
331
116A
  5
11B1
331
116C
  5
11B2
331
116D
  5
11B5
331
116E
  5
11B6
331
116F
  5
11B7
331
1175
  5
11B8
331
1177
  5
11B9
331
1178
  5
11BA
331
117B
  5
11BB
331
117C
  5
11BC
331
117E
  5
11BD
331
117F
  5
11BE
331
1181
  5
11BF
331
1183
  5
11C0
331
1185
  5
11C1
331
1186
  5
11C2
331
1187
  5
11C3
331
1188
  5
11C4
331
1189
  5
11C5
331
118D
  5
11C6
331
118E
  5
11C7
331
118F
  5
11C8
331
1190
  5
11C9
331
1191
  5
11CA
331
1192
  5
11CB
331
1195
  5
11E9
331
1196
  5
11EA
331
1197
  5
11EB
331
1198
  5
11EC
331
1199
  5
11ED
331
119A
  5
11F2
331
119C
  5
11F3
331
11BF
  5
11F4
331
11C0
  5
11F7
331
11C1
  5
11F8
331
11C2
  5
11F9
331
11C3
  5
11FA
331
11C5
  5
11FB
331
11C6
  5
11FD
331
11C7
  5
11FF
331
11C8
  5
1200
331
11C9
  5
11FC
331
11CA
  5
1203
331
11CB
  5
1204
331
11CC
  5
1205
331
11CD
  5
1206
331
11CE
  5
1207
331
11CF
  5
1208
331
11D0
  5
1209
331
11D1
  5
120A
331
11D2
  5
120B
331
11D3
  5
1213
331
11D4
  5
1214
331
11D5
  5
1218
331
11D6
  5
1219
331
11D7
  5
121A
331
11D8
  5
121B
331
11D9
  5
121C
331
11DA
  5
121D
331
11DB
  5
122A
331
11DC
  5
122B
331
11DD
  5
122C
331
11DE
  5
122D
331
11DF
  5
122E
331
11E0
  5
122F
331
11E1
  5
1230
331
11E2
  5
1231
331
11E3
  5
1232
331
11E4
  5
1233
331
11E5
  5
1234
331
11E6
  5
1235
331
11E7
  5
1236
331
11E8
  5
1237
331
11E9
  5
1238
331
11EA
  5
1239
331
11EB
  5
123A
331
11EC
  5
123B
331
11ED
  5
123C
331
11F0
  5
123E
331
11F1
  5
8EB
331
11F2
  5
8F2
331
11F3
  5
8F6
331
11F4
  5
11F1
331
11F7
  5
911
331
11F8
  5
951
331
11F9
  5
94F
331
11FA
  5
94B
331
11FB
  5
94A
331
11FC
  5
1123
331
11FD
  5
955
331
11FE
  5
95C
331
1203
  5
1242
331
1204
  5
1243
331
1205
  5
1245
331
1206
  5
1246
331
1207
  5
1247
331
1208
  5
1249
331
1209
  5
124A
331
120A
  5
124B
331
1217
  5
124C
331
1218
  5
124D
331
1219
  5
124E
331
121A
  5
124F
331
121C
  5
1250
331
121D
  5
1252
331
121E
  5
1253
331
121F
  5
1257
331
1220
  5
1259
331
1221
  5
125A
331
1222
  5
125B
331
1223
  5
125C
331
1224
  5
1261
331
1225
  5
1262
331
1226
  5
1263
331
1227
  5
1264
331
1228
  5
1268
331
122A
  5
126A
331
122B
  5
126B
331
122C
  5
126C
331
122D
  5
126F
331
1232
  5
1270
331
1233
  5
1271
331
1234
  5
1272
331
1235
  5
1273
331
1236
  5
1274
331
1237
  5
1275
331
1238
  5
1276
331
1239
  5
1277
331
123A
  5
1278
331
123C
  5
1279
331
123D
  5
965
331
123E
  5
97D
331
1242
  5
127A
331
1244
  5
127B
331
1245
  5
961
331
1246
  5
963
331
1247
  5
127C
331
1249
  5
127D
331
124A
  5
95A
331
124B
  5
127E
331
124D
  5
127F
331
124E
  5
1280
331
1250
  5
1281
331
1251
  5
1282
331
1253
  5
1283
331
1254
  5
1284
331
1256
  5
1285
331
1257
  5
1286
331
1259
  5
1287
331
125A
  5
8F8
331
125B
  5
90A
331
125C
  5
90F
331
1261
  5
91F
331
1262
  5
925
331
1263
  5
1288
331
1264
  5
1289
331
1268
  5
1297
331
126A
  5
1298
331
126B
  5
1202
331
126C
  5
11FE
331
126F
  5
1299
331
1270
  5
129A
331
1271
  5
129C
331
1272
  5
129D
331
1273
  5
129F
331
1274
  5
12A0
331
1275
  5
12A1
331
1276
  5
12A6
331
1277
  5
12A7
331
1278
  5
12B5
331
1279
  5
12B6
331
127A
  5
12B8
331
127B
  5
12B9
331
127C
  5
12BA
331
127D
  5
12BD
331
127E
  5
12BE
331
127F
  5
12BF
331
1280
  5
12C2
331
1282
  5
12C5
331
1283
  5
12C6
331
1284
  5
12C7
331
1285
  5
12C8
331
1286
  5
12C9
331
1287
  5
12CA
331
1288
  5
12CB
331
1289
  5
12CC
331
1297
  5
12CD
331
1298
  5
12D0
331
1299
  5
12D1
331
129A
  5
12D2
331
129B
  5
12D3
331
129C
  5
12D6
331
129D
  5
12D7
331
129F
  5
12D9
331
12A0
  5
12DA
331
12A2
  5
12DD
331
12A3
  5
12E5
331
12A5
  5
12E6
331
12A6
  5
12E7
331
12A9
  5
12E8
331
12AD
  5
12DE
331
12AE
  5
12E4
331
12AF
  5
12E3
331
12B0
  5
12E1
331
12B1
  5
12E0
331
12B2
  5
12DF
331
12B9
  5
12E9
331
12BA
  5
12EA
331
12BD
  5
12EB
331
12BE
  5
12ED
331
12BF
  5
12EE
331
12C0
  5
12EF
331
12C1
  5
12F0
331
12C2
  5
12F1
331
12C3
  5
12F2
331
12C6
  5
12F3
331
12C7
  5
12F4
331
12C8
  5
12F5
331
12C9
  5
12F6
331
12CC
  5
12F7
331
12CD
  5
12F8
331
12CE
  5
12F9
331
12CF
  5
12FA
331
12D0
  5
12FB
331
12D3
  5
12FC
331
12DE
  5
12FD
331
12DF
  5
130E
331
12E0
  5
1315
331
12E1
  5
1316
331
12E2
  5
1322
331
12E3
  5
1324
331
12E5
  5
1325
331
12E7
  5
1317
331
12E8
  5
131A
331
12E9
  5
131B
331
12EA
  5
131C
331
12EB
  5
131D
331
12EC
  5
1326
331
12ED
  5
1327
331
12EE
  5
1329
331
12EF
  5
132A
331
12F0
  5
132B
331
12F1
  5
132C
331
12F2
  5
132D
331
12F3
  5
132E
331
12F4
  5
132F
331
12F5
  5
1342
331
12F6
  5
1343
331
12F7
  5
134B
331
12F8
  5
134C
331
12F9
  5
1354
331
12FA
  5
1367
331
12FB
  5
131E
331
12FC
  5
1321
331
12FD
  5
13AB
331
130E
  5
13AC
331
1315
  5
13AD
331
1316
  5
13B4
331
1317
  5
13B5
331
131A
  5
13B6
331
131B
  5
13BD
331
131C
  5
13BE
331
131D
  5
13BF
331
131E
  5
13C0
331
131F
  5
13D2
331
1321
  5
13D3
331
1322
  5
13D4
331
1324
  5
13FA
331
1325
  5
1426
331
1326
  5
14A5
331
1327
  5
14F2
331
1328
  5
14F3
331
1329
  5
14F4
331
132A
  5
14F5
331
132B
  5
1562
331
132C
  5
1567
331
132D
  5
1568
331
132E
  5
156A
331
132F
  5
156B
331
13AB
  5
156C
331
13AC
  5
156D
331
13AD
  5
156E
331
13AE
  5
1570
331
13B3
  5
1572
331
13BC
  5
13AE
331
13F5
  5
13B3
331
13FA
  5
1573
331
1426
  5
15CE
331
14A5
  5
15CF
331
14F2
  5
15D0
331
14F3
  5
15D1
331
14F4
  5
15D2
331
14F5
  5
15D4
331
1567
  5
15D6
331
1569
  5
10D2
331
156A
  5
15D7
331
156B
  5
15FC
331
156C
  5
160F
331
156D
  5
1610
331
156E
  5
1611
331
1571
  5
1612
331
1572
  5
1613
331
1595
  5
161A
331
15CD
  5
161B
331
15CE
  5
161D
331
15CF
  5
161F
331
15D0
  5
1620
331
15D1
  5
1622
331
15D2
  5
1623
331
15D4
  5
1624
331
15D5
  5
1625
331
15D6
  5
1627
331
15D7
  5
1629
331
15D8
  5
162A
331
1610
  5
1063
331
161A
  5
162D
331
161B
  5
162F
331
161D
  5
15D8
331
161F
  5
161E
331
1621
  5
163D
331
1622
  5
163E
331
1623
  5
163F
331
1624
  5
1640
331
1626
  5
163C
331
1629
  5
1626
331
162A
  5
1641
331
162D
  5
1642
331
162F
  5
1643
331
163C
  5
1644
331
163D
  5
1645
331
163E
  5
1646
331
163F
  5
1647
331
1640
  5
164C
331
1641
  5
1659
331
1642
  5
165A
331
1643
  5
1663
331
1644
  5
1664
331
1645
  5
166E
331
1646
  5
166F
331
1647
  5
1674
331
164C
  5
1675
331
1659
  5
167A
331
165A
  5
167C
331
1663
  5
167D
331
1664
  5
167E
331
166E
  5
167F
331
166F
  5
1680
331
1674
  5
1681
331
1675
  5
1682
331
167A
  5
1683
331
167C
  5
1685
331
167D
  5
1686
331
167E
  5
168A
331
167F
  5
168B
331
1680
  5
168C
331
1681
  5
168D
331
1682
  5
168E
331
1683
  5
168F
331
1685
  5
1690
331
1686
  5
1691
331
168A
  5
1692
331
168B
  5
1693
331
168C
  5
1694
331
168D
  5
1695
331
168E
  5
1696
331
168F
  5
1697
331
1690
  5
1698
331
1691
  5
169A
331
1692
  5
169E
331
1693
  5
169F
331
1694
  5
16A0
331
1695
  5
16A1
331
1696
  5
16A2
331
1697
  5
16A8
331
1698
  5
16A9
331
169A
  5
16AB
331
169E
  5
16AD
331
169F
  5
16AE
331
16A0
  5
16AF
331
16A1
  5
16B4
331
16A2
  5
16B5
331
16A4
  5
16B8
331
16A6
  5
16B9
331
16A8
  5
16BA
331
16A9
  5
16B0
331
16AB
  5
16B3
331
16AC
  5
16B2
331
16AD
  5
16B1
331
16B0
  5
16BB
331
16B1
  5
16BD
331
16B2
  5
16C0
331
16B3
  5
16C3
331
16B4
  5
16C4
331
16B7
  5
16C5
331
16B8
  5
16C6
331
16B9
  5
16C9
331
16BA
  5
16CA
331
16BC
  5
16AC
331
16BD
  5
16CB
331
16C0
  5
16CC
331
16C3
  5
16CD
331
16C4
  5
16CE
331
16C5
  5
16CF
331
16C6
  5
16D1
331
16C7
  5
16D7
331
16C8
  5
16D6
331
16C9
  5
16D5
331
16CA
  5
16D2
331
16CD
  5
16E0
331
16CE
  5
16E3
331
16CF
  5
16E4
331
16D1
  5
16E6
331
16D2
  5
16E7
331
16D5
  5
16E8
331
16D6
  5
16E9
331
16D7
  5
16EA
331
16E0
  5
16EB
331
16E3
  5
16EC
331
16E4
  5
16ED
331
16E6
  5
16EE
331
16E7
  5
16EF
331
16E8
  5
16F0
331
16E9
  5
16F1
331
16EA
  5
16F2
331
16EB
  5
16F3
331
16EC
  5
16F4
331
16ED
  5
16F5
331
16EE
  5
16F6
331
16EF
  5
16F7
331
16F0
  5
16F8
331
16F1
  5
16F9
331
16F2
  5
16FA
331
16F3
  5
16FB
331
16F4
  5
16FC
331
16F5
  5
16FD
331
16F6
  5
16FE
331
16F7
  5
16FF
331
16F8
  5
1700
331
16F9
  5
1701
331
16FA
  5
1702
331
16FB
  5
1703
331
16FC
  5
1704
331
16FD
  5
1705
331
16FE
  5
1706
331
16FF
  5
1707
331
1700
  5
1708
331
1701
  5
1709
331
1702
  5
170A
331
1703
  5
170B
331
1704
  5
170C
331
1705
  5
170D
331
1706
  5
170E
331
1707
  5
170F
331
1708
  5
1710
331
1709
  5
1711
331
170A
  5
1712
331
170B
  5
1713
331
170C
  5
1714
331
170D
  5
1715
331
170E
  5
1716
331
170F
  5
1717
331
1710
  5
1718
331
1711
  5
1719
331
1712
  5
171A
331
1713
  5
171B
331
1714
  5
171C
331
1715
  5
171D
331
1716
  5
171E
331
1717
  5
171F
331
1718
  5
1720
331
1719
  5
1721
331
171A
  5
1722
331
171B
  5
1723
331
171C
  5
1724
331
171D
  5
1725
331
171E
  5
1726
331
171F
  5
1727
331
1720
  5
1728
331
1721
  5
1729
331
1722
  5
172A
331
1723
  5
172B
331
1724
  5
172C
331
1725
  5
172D
331
1726
  5
172E
331
1727
  5
172F
331
1728
  5
1730
331
1729
  5
1731
331
172A
  5
1758
331
172B
  5
175A
331
172C
  5
175B
331
172D
  5
175C
331
172E
  5
175D
331
172F
  5
175E
331
1730
  5
175F
331
1731
  5
1760
331
1758
  5
1761
331
175A
  5
1762
331
175B
  5
1765
331
175C
  5
1766
331
175D
  5
1767
331
175E
  5
1768
331
175F
  5
17AA
331
1761
  5
17AB
331
1762
  5
17AC
331
1764
  5
17AD
331
1765
  5
2C6
331
1766
  5
2D2
331
1767
  5
2BB
331
1768
  5
2C2
331
17AA
  5
17AE
331
17AB
  5
17AF
331
17AC
  5
17B0
331
17AD
  5
17B1
331
17AE
  5
17B2
331
17AF
  5
17B3
331
17B0
  5
17BE
331
17B1
  5
17BF
331
17B2
  5
17C0
331
17B3
  5
17C1
331
17BE
  5
17C2
331
17BF
  5
17C3
331
17C0
  5
17C4
331
17C1
  5
17C5
331
17C2
  5
17C6
331
17C3
  5
17C7
331
17C4
  5
17C8
331
17C5
  5
17C9
331
17C6
  5
17CA
331
17C7
  5
17CB
331
17C8
  5
17CC
331
17C9
  5
17CD
331
17CA
  5
17CE
331
17CB
  5
17CF
331
17CC
  5
17D0
331
17CD
  5
17D1
331
17CE
  5
17DC
331
17CF
  5
17DD
331
17D0
  5
17DE
331
17D1
  5
17DF
331
17DC
  5
29E
331
17DD
  5
2A4
331
17DE
  5
17E8
331
17DF
  5
17E9
331
17E8
  5
17EB
331
17EB
  5
17EF
331
17EE
  5
17F0
331
17EF
  5
17F1
331
17F0
  5
17F3
331
17F3
  5
17F5
331
17F4
  5
291
331
17F5
  5
27E
  0
DICTIONARY
  5
DFE
102
{ACAD_REACTORS
330
DFD
102
}
330
DFD
100
AcDbDictionary
281
     1
  3
ACDB_ANNOTATIONSCALES
350
DFF
  0
DICTIONARY
  5
E05
102
{ACAD_REACTORS
330
E04
102
}
330
E04
100
AcDbDictionary
281
     1
  3
ACDB_ANNOTATIONSCALES
350
E06
  0
DICTIONARY
  5
E0B
102
{ACAD_REACTORS
330
E0A
102
}
330
E0A
100
AcDbDictionary
281
     1
  3
ACDB_ANNOTATIONSCALES
350
E0C
  0
DICTIONARY
  5
E11
102
{ACAD_REACTORS
330
E10
102
}
330
E10
100
AcDbDictionary
281
     1
  3
ACDB_ANNOTATIONSCALES
350
E12
  0
DICTIONARY
  5
E17
102
{ACAD_REACTORS
330
E16
102
}
330
E16
100
AcDbDictionary
281
     1
  3
ACDB_ANNOTATIONSCALES
350
E18
  0
DICTIONARY
  5
E1D
102
{ACAD_REACTORS
330
E1C
102
}
330
E1C
100
AcDbDictionary
281
     1
  3
ACDB_ANNOTATIONSCALES
350
E1E
  0
DIMASSOC
  5
1411
102
{ACAD_REACTORS
330
1407
102
}
330
1407
100
AcDbDimAssoc
330
13FA
 90
        3
 70
     0
 71
     0
  1
AcDbOsnapPointRef
 72
    13
331
1183
 73
     2
 91
        0
 40
0.0
 10
11093.72079482542
 20
11342.73656764804
 30
0.0
 75
     0
  1
AcDbOsnapPointRef
 72
    13
331
117F
 73
     2
 91
        0
 40
0.0
 10
11127.72079482542
 20
11342.73656764804
 30
0.0
 75
     0
  0
DIMASSOC
  5
1441
102
{ACAD_REACTORS
330
1435
102
}
330
1435
100
AcDbDimAssoc
330
1426
 90
        1
 70
     0
 71
     0
  1
AcDbOsnapPointRef
 72
     2
331
1178
 73
     2
 91
        0
 40
0.5
 10
11110.72079482542
 20
11342.73656764804
 30
0.0
 75
     0
  0
DICTIONARY
  5
1654
102
{ACAD_REACTORS
330
1653
102
}
330
1653
100
AcDbDictionary
281
     1
  3
ACDB_ANNOTATIONSCALES
350
1655
  0
DICTIONARY
  5
1660
102
{ACAD_REACTORS
330
165F
102
}
330
165F
100
AcDbDictionary
281
     1
  3
ACDB_ANNOTATIONSCALES
350
1661
  0
DICTIONARY
  5
166A
102
{ACAD_REACTORS
330
1669
102
}
330
1669
100
AcDbDictionary
281
     1
  3
ACDB_ANNOTATIONSCALES
350
166B
  0
DICTIONARY
  5
1671
102
{ACAD_REACTORS
330
1670
102
}
330
1670
100
AcDbDictionary
281
     1
  3
ACDB_ANNOTATIONSCALES
350
1672
  0
DICTIONARY
  5
1677
102
{ACAD_REACTORS
330
1676
102
}
330
1676
100
AcDbDictionary
281
     1
  3
ACDB_ANNOTATIONSCALES
350
1678
  0
ACDBASSOCNETWORK
  5
1505
102
{ACAD_REACTORS
330
1504
102
}
330
1504
100
AcDbAssocAction
 90
        2
 90
        0
330
0
360
0
 90
        0
 90
        0
 90
        0
 90
        0
 90
        0
 90
        0
 90
        0
100
AcDbAssocNetwork
 90
        0
 90
        1
 90
        1
330
1503
 90
        0
  0
ACDBDETAILVIEWSTYLE
  5
21C
102
{ACAD_REACTORS
330
21B
102
}
330
21B
100
AcDbModelDocViewStyle
 70
     0
  3
Metric50
290
     0
300
Metric50
 90
        0
100
AcDbDetailViewStyle
 70
     0
 71
     0
 90
        3
 71
     1
340
11
 62
   256
 40
5.0
340
0
 62
   256
 40
5.0
300

 40
0.0
280
     1
 71
     2
340
16
 90
       25
 62
   256
 71
     3
340
11
 62
   256
 40
5.0
 90
        0
 40
15.0
 90
        1
300
%<\AcVar ViewDetailId>% (%<\AcVar ViewScale \f "%sn">%)
 71
     4
340
16
 90
       25
 62
   256
340
16
 90
       25
 62
   256
280
     0
  0
GROUP
  5
986
102
{ACAD_REACTORS
330
D
102
}
330
D
100
AcDbGroup
300

 70
     1
 71
     1
340
984
340
97B
340
673
340
985
  0
LAYOUT
  5
D3
102
{ACAD_REACTORS
330
1A
102
}
330
1A
100
AcDbPlotSettings
  1

  2
C:\Documents and Settings\basas\Application Data\Autodesk\AutoCAD 2005\R16.1\enu\plotters\Default Windows System Printer.pc3
  4

  6

 40
0.0
 41
0.0
 42
0.0
 43
0.0
 44
0.0
 45
0.0
 46
0.0
 47
0.0
 48
0.0
 49
0.0
140
0.0
141
0.0
142
1.0
143
1.0
 70
   688
 72
     0
 73
     0
 74
     5
  7

 75
    16
147
1.0
 76
     0
 77
     2
 78
   300
148
0.0
149
0.0
100
AcDbLayout
  1
Layout1
 70
     1
 71
     1
 10
0.0
 20
0.0
 11
12.0
 21
9.0
 12
0.0
 22
0.0
 32
0.0
 14
0.0
 24
0.0
 34
0.0
 15
0.0
 25
0.0
 35
0.0
146
0.0
 13
0.0
 23
0.0
 33
0.0
 16
1.0
 26
0.0
 36
0.0
 17
0.0
 27
1.0
 37
0.0
 76
     0
330
D2
  0
LAYOUT
  5
D7
102
{ACAD_REACTORS
330
1A
102
}
330
1A
100
AcDbPlotSettings
  1

  2
C:\Documents and Settings\basas\Application Data\Autodesk\AutoCAD 2005\R16.1\enu\plotters\Default Windows System Printer.pc3
  4

  6

 40
0.0
 41
0.0
 42
0.0
 43
0.0
 44
0.0
 45
0.0
 46
0.0
 47
0.0
 48
0.0
 49
0.0
140
0.0
141
0.0
142
1.0
143
1.0
 70
   688
 72
     0
 73
     0
 74
     5
  7

 75
    16
147
1.0
 76
     0
 77
     2
 78
   300
148
0.0
149
0.0
100
AcDbLayout
  1
Layout2
 70
     1
 71
     2
 10
0.0
 20
0.0
 11
12.0
 21
9.0
 12
0.0
 22
0.0
 32
0.0
 14
0.0
 24
0.0
 34
0.0
 15
0.0
 25
0.0
 35
0.0
146
0.0
 13
0.0
 23
0.0
 33
0.0
 16
1.0
 26
0.0
 36
0.0
 17
0.0
 27
1.0
 37
0.0
 76
     0
330
D6
  0
LAYOUT
  5
22
102
{ACAD_XDICTIONARY
360
205
102
}
102
{ACAD_REACTORS
330
1A
102
}
330
1A
100
AcDbPlotSettings
  1

  2
DWG To PDF.pc3
  4
ISO_full_bleed_A1_(841.00_x_594.00_MM)
  6

 40
0.0
 41
0.0
 42
0.0
 43
0.0
 44
841.0
 45
594.0
 46
257.247057112626
 47
0.0
 48
10739.20500325199
 49
11165.32520187167
140
11291.2218497579
141
11468.75407296762
142
1.0
143
0.9293212904139908
 70
 11956
 72
     1
 73
     1
 74
     4
  7

 75
     0
147
1.076054116391246
 76
     0
 77
     4
 78
   300
148
-10739.20500325199
149
-11165.32520187167
100
AcDbLayout
  1
Model
 70
     1
 71
     0
 10
0.0
 20
0.0
 11
12.0
 21
9.0
 12
0.0
 22
0.0
 32
0.0
 14
0.0
 24
0.0
 34
0.0
 15
0.0
 25
0.0
 35
0.0
146
0.0
 13
0.0
 23
0.0
 33
0.0
 16
1.0
 26
0.0
 36
0.0
 17
0.0
 27
1.0
 37
0.0
 76
     0
330
1F
331
EA
1001
ACAD_PSEXT
1000
DWG To PDF.pc3
1000
DWG To PDF
1000
File
1000

1070
     0
  0
MATERIAL
  5
ED
102
{ACAD_XDICTIONARY
360
1F9
102
}
102
{ACAD_REACTORS
330
6A
102
}
330
6A
100
AcDbMaterial
  1
ByBlock
 94
       63
  0
MATERIAL
  5
EC
102
{ACAD_XDICTIONARY
360
1F7
102
}
102
{ACAD_REACTORS
330
6A
102
}
330
6A
100
AcDbMaterial
  1
ByLayer
 94
       63
  0
MATERIAL
  5
EE
102
{ACAD_XDICTIONARY
360
173
102
}
102
{ACAD_REACTORS
330
6A
102
}
330
6A
100
AcDbMaterial
  1
Global
 43
0.0007999999797903
 43
0.0
 43
0.0
 43
0.0
 43
0.0
 43
0.0007999999797903
 43
0.0
 43
0.0
 43
0.0
 43
0.0
 43
1.0
 43
0.0
 43
0.0
 43
0.0
 43
0.0
 43
1.0
 49
0.0007999999797903
 49
0.0
 49
0.0
 49
0.0
 49
0.0
 49
0.0007999999797903
 49
0.0
 49
0.0
 49
0.0
 49
0.0
 49
1.0
 49
0.0
 49
0.0
 49
0.0
 49
0.0
 49
1.0
142
0.0007999999797903
142
0.0
142
0.0
142
0.0
142
0.0
142
0.0007999999797903
142
0.0
142
0.0
142
0.0
142
0.0
142
1.0
142
0.0
142
0.0
142
0.0
142
0.0
142
1.0
144
0.0007999999797903
144
0.0
144
0.0
144
0.0
144
0.0
144
0.0007999999797903
144
0.0
144
0.0
144
0.0
144
0.0
144
1.0
144
0.0
144
0.0
144
0.0
144
0.0
144
1.0
 94
       63
1001
ACAD
1070
    -1
1070
     3
1070
     0
1000

1071
        0
1070
     0
  0
MLEADERSTYLE
  5
13B
102
{ACAD_REACTORS
330
12D
330
DF8
330
E03
330
E09
330
E0F
330
E15
330
E1B
330
164C
330
165A
330
1664
330
166F
330
1675
102
}
330
12D
100
AcDbMLeaderStyle
179
     2
170
     2
171
     1
172
     0
 90
        2
 40
0.0
 41
0.0
173
     1
 91
-1056964608
340
14
 92
       -2
290
     1
 42
2.0
291
     1
 43
8.0
  3
Standard
 44
4.0
300

342
11
174
     1
178
     1
175
     1
176
     0
 93
-1056964608
 45
4.0
292
     0
297
     0
 46
4.0
 94
-1056964608
 47
1.0
 49
1.0
140
1.0
293
     1
141
0.0
294
     1
177
     0
142
1.0
295
     0
296
     1
143
3.75
271
     0
272
     9
273
     9
298
     0
  0
MLEADERSTYLE
  5
12E
102
{ACAD_REACTORS
330
12D
102
}
330
12D
100
AcDbMLeaderStyle
179
     2
170
     2
171
     1
172
     0
 90
        2
 40
0.0
 41
0.0
173
     1
 91
-1056964608
340
14
 92
       -2
290
     1
 42
2.0
291
     1
 43
8.0
  3
Standard
 44
4.0
300

342
11
174
     1
178
     1
175
     1
176
     0
 93
-1056964608
 45
4.0
292
     0
297
     0
 46
4.0
 94
-1056964608
 47
1.0
 49
1.0
140
1.0
293
     1
141
0.0
294
     1
177
     0
142
1.0
295
     0
296
     0
143
3.75
271
     0
272
     9
273
     9
298
     0
  0
MLINESTYLE
  5
18
102
{ACAD_REACTORS
330
17
102
}
330
17
100
AcDbMlineStyle
  2
STANDARD
 70
     0
  3

 62
   256
 51
90.0
 52
90.0
 71
     2
 49
0.5
 62
   256
  6
BYLAYER
 49
-0.5
 62
   256
  6
BYLAYER
  0
ACDBPLACEHOLDER
  5
F
102
{ACAD_REACTORS
330
E
102
}
330
E
  0
SCALE
  5
10D
102
{ACAD_REACTORS
330
10C
102
}
330
10C
100
AcDbScale
 70
     0
300
1:1
140
1.0
141
1.0
290
     1
  0
SCALE
  5
1BE
102
{ACAD_REACTORS
330
10C
102
}
330
10C
100
AcDbScale
 70
     0
300
1:2
140
1.0
141
2.0
290
     0
  0
SCALE
  5
1BF
102
{ACAD_REACTORS
330
10C
102
}
330
10C
100
AcDbScale
 70
     0
300
1:4
140
1.0
141
4.0
290
     0
  0
SCALE
  5
1C0
102
{ACAD_REACTORS
330
10C
102
}
330
10C
100
AcDbScale
 70
     0
300
1:5
140
1.0
141
5.0
290
     0
  0
SCALE
  5
1C1
102
{ACAD_REACTORS
330
10C
102
}
330
10C
100
AcDbScale
 70
     0
300
1:8
140
1.0
141
8.0
290
     0
  0
SCALE
  5
1C2
102
{ACAD_REACTORS
330
10C
102
}
330
10C
100
AcDbScale
 70
     0
300
1:10
140
1.0
141
10.0
290
     0
  0
SCALE
  5
1C3
102
{ACAD_REACTORS
330
10C
102
}
330
10C
100
AcDbScale
 70
     0
300
1:16
140
1.0
141
16.0
290
     0
  0
SCALE
  5
1C4
102
{ACAD_REACTORS
330
10C
102
}
330
10C
100
AcDbScale
 70
     0
300
1:20
140
1.0
141
20.0
290
     0
  0
SCALE
  5
1C5
102
{ACAD_REACTORS
330
10C
102
}
330
10C
100
AcDbScale
 70
     0
300
1:30
140
1.0
141
30.0
290
     0
  0
SCALE
  5
1C6
102
{ACAD_REACTORS
330
10C
102
}
330
10C
100
AcDbScale
 70
     0
300
1:40
140
1.0
141
40.0
290
     0
  0
SCALE
  5
1C7
102
{ACAD_REACTORS
330
10C
102
}
330
10C
100
AcDbScale
 70
     0
300
1:50
140
1.0
141
50.0
290
     0
  0
SCALE
  5
1C8
102
{ACAD_REACTORS
330
10C
102
}
330
10C
100
AcDbScale
 70
     0
300
1:100
140
1.0
141
100.0
290
     0
  0
SCALE
  5
1C9
102
{ACAD_REACTORS
330
10C
102
}
330
10C
100
AcDbScale
 70
     0
300
2:1
140
2.0
141
1.0
290
     0
  0
SCALE
  5
1CA
102
{ACAD_REACTORS
330
10C
102
}
330
10C
100
AcDbScale
 70
     0
300
4:1
140
4.0
141
1.0
290
     0
  0
SCALE
  5
1CB
102
{ACAD_REACTORS
330
10C
102
}
330
10C
100
AcDbScale
 70
     0
300
8:1
140
8.0
141
1.0
290
     0
  0
SCALE
  5
1CC
102
{ACAD_REACTORS
330
10C
102
}
330
10C
100
AcDbScale
 70
     0
300
10:1
140
10.0
141
1.0
290
     0
  0
SCALE
  5
1CD
102
{ACAD_REACTORS
330
10C
102
}
330
10C
100
AcDbScale
 70
     0
300
100:1
140
100.0
141
1.0
290
     0
  0
ACDBSECTIONVIEWSTYLE
  5
21A
102
{ACAD_REACTORS
330
219
102
}
330
219
100
AcDbModelDocViewStyle
 70
     0
  3
Metric50
290
     0
300
Metric50
 90
        0
100
AcDbSectionViewStyle
 70
     0
 71
     0
 90
      102
 71
     1
340
11
 62
   256
 40
5.0
340
0
340
0
 62
   256
 40
5.0
300
I, O, Q, S, X, Z
 40
10.0
 90
        0
 40
2.5
 90
        0
 71
     2
340
16
 90
       25
 62
   256
340
16
 90
       50
 62
   256
 40
5.0
 40
2.5
 40
5.0
 71
     3
340
11
 62
   256
 40
5.0
 90
        0
 40
15.0
 90
        1
300
%<\AcVar ViewSectionStartId>%-%<\AcVar ViewSectionEndId>% (%<\AcVar ViewScale \f "%sn">%)
 71
     4
 62
   256
 62
   257
300
ANSI31
 40
1.0
 90
        0
290
     0
290
     0
 90
        6
 40
0.0
 40
1.570796326794896
 40
0.2617993877991494
 40
1.308996938995747
 40
-0.2617993877991494
 40
1.832595714594046
  0
TABLESTYLE
  5
7F
102
{ACAD_XDICTIONARY
360
162
102
}
102
{ACAD_REACTORS
330
7E
102
}
330
7E
100
AcDbTableStyle
280
     0
  3
Standard
 70
     0
 71
     0
 40
1.5
 41
1.5
280
     0
281
     0
  7
Standard
140
4.5
170
     2
 62
     0
 63
     7
283
     0
 90
      512
 91
        0
  1

274
    -2
284
     1
 64
     0
275
    -2
285
     1
 65
     0
276
    -2
286
     1
 66
     0
277
    -2
287
     1
 67
     0
278
    -2
288
     1
 68
     0
279
    -2
289
     1
 69
     0
  7
Standard
140
6.0
170
     5
 62
     0
 63
     7
283
     0
 90
      512
 91
        0
  1

274
    -2
284
     1
 64
     0
275
    -2
285
     1
 65
     0
276
    -2
286
     1
 66
     0
277
    -2
287
     1
 67
     0
278
    -2
288
     1
 68
     0
279
    -2
289
     1
 69
     0
  7
Standard
140
4.5
170
     5
 62
     0
 63
     7
283
     0
 90
      512
 91
        0
  1

274
    -2
284
     1
 64
     0
275
    -2
285
     1
 65
     0
276
    -2
286
     1
 66
     0
277
    -2
287
     1
 67
     0
278
    -2
288
     1
 68
     0
279
    -2
289
     1
 69
     0
  0
VISUALSTYLE
  5
F5
102
{ACAD_REACTORS
330
EF
102
}
330
EF
100
AcDbVisualStyle
  2
2dWireframe
 70
     4
177
     3
291
     0
 70
    58
 90
        0
176
     1
 90
        2
176
     1
 90
        1
176
     1
 90
        0
176
     1
 40
0.6
176
     1
 40
30.0
176
     1
 62
     7
420
 16777215
176
     1
 90
        1
176
     1
 90
        4
176
     1
 62
     7
176
     1
 62
   257
176
     1
 90
        1
176
     1
 90
        1
176
     1
 40
1.0
176
     1
 90
        0
176
     1
 62
   257
176
     1
 40
1.0
176
     1
 90
        1
176
     1
 90
        6
176
     1
 90
        2
176
     1
 62
     7
176
     1
 90
        5
176
     1
 90
        0
176
     1
 90
        0
176
     1
290
     0
176
     1
 90
        1
176
     1
 40
0.0
176
     1
 90
        0
176
     1
290
     1
176
     1
290
     1
176
     1
290
     0
176
     1
290
     0
176
     1
290
     0
176
     1
290
     0
176
     1
290
     0
176
     1
290
     0
176
     1
290
     0
176
     1
 90
       50
176
     1
 40
0.0
176
     1
 40
1.0
176
     1
 90
        0
176
     1
 62
    18
420
        0
176
     1
 90
       50
176
     1
 90
        3
176
     1
 62
     5
420
      255
176
     1
290
     0
176
     1
 90
       50
176
     1
 90
       50
176
     1
 90
       50
176
     1
290
     0
176
     1
 90
       50
176
     1
 62
   256
176
     0
 40
1.0
176
     0
 90
        2
176
     1
  1
strokes_ogs.tif
176
     1
290
     0
176
     1
 40
1.0
176
     1
 40
1.0
176
     1
  0
VISUALSTYLE
  5
F4
102
{ACAD_REACTORS
330
EF
102
}
330
EF
100
AcDbVisualStyle
  2
Basic
 70
     7
177
     3
291
     1
 70
    58
 90
        1
176
     1
 90
        0
176
     1
 90
        1
176
     1
 90
        0
176
     1
 40
0.6
176
     1
 40
30.0
176
     1
 62
     7
420
 16777215
176
     1
 90
        0
176
     1
 90
        4
176
     1
 62
     7
176
     1
 62
   257
176
     1
 90
        1
176
     1
 90
        1
176
     1
 40
1.0
176
     1
 90
        8
176
     1
 62
     7
176
     1
 40
1.0
176
     1
 90
        1
176
     1
 90
        6
176
     1
 90
        2
176
     1
 62
     7
176
     1
 90
        5
176
     1
 90
        0
176
     1
 90
        0
176
     1
290
     0
176
     1
 90
        1
176
     1
 40
0.0
176
     1
 90
        0
176
     1
290
     0
176
     1
290
     1
176
     1
290
     1
176
     1
290
     0
176
     1
290
     0
176
     1
290
     0
176
     1
290
     0
176
     1
290
     0
176
     1
290
     0
176
     1
 90
       50
176
     1
 40
0.0
176
     1
 40
1.0
176
     1
 90
        0
176
     1
 62
    18
420
        0
176
     1
 90
       50
176
     1
 90
        3
176
     1
 62
     5
420
      255
176
     1
290
     0
176
     1
 90
       50
176
     1
 90
       50
176
     1
 90
       50
176
     1
290
     0
176
     1
 90
       50
176
     1
 62
   256
176
     0
 40
1.0
176
     0
 90
        2
176
     1
  1
strokes_ogs.tif
176
     1
290
     0
176
     1
 40
1.0
176
     1
 40
1.0
176
     1
  0
VISUALSTYLE
  5
FB
102
{ACAD_REACTORS
330
EF
102
}
330
EF
100
AcDbVisualStyle
  2
Brighten
 70
    12
177
     3
291
     1
 70
    58
 90
        2
176
     1
 90
        2
176
     1
 90
        1
176
     1
 90
        0
176
     1
 40
0.6
176
     1
 40
30.0
176
     1
 62
     7
420
 16777215
176
     1
 90
        1
176
     1
 90
        4
176
     1
 62
     7
176
     1
 62
   257
176
     1
 90
        1
176
     1
 90
        1
176
     1
 40
1.0
176
     1
 90
        8
176
     1
 62
     7
176
     1
 40
1.0
176
     1
 90
        1
176
     1
 90
        6
176
     1
 90
        2
176
     1
 62
     7
176
     1
 90
        5
176
     1
 90
        0
176
     1
 90
        0
176
     1
290
     0
176
     1
 90
        1
176
     1
 40
50.0
176
     1
 90
        0
176
     1
290
     0
176
     1
290
     1
176
     1
290
     1
176
     1
290
     0
176
     1
290
     0
176
     1
290
     0
176
     1
290
     0
176
     1
290
     0
176
     1
290
     0
176
     1
 90
       50
176
     1
 40
0.0
176
     1
 40
1.0
176
     1
 90
        0
176
     1
 62
    18
420
        0
176
     1
 90
       50
176
     1
 90
        3
176
     1
 62
     5
420
      255
176
     1
290
     0
176
     1
 90
       50
176
     1
 90
       50
176
     1
 90
       50
176
     1
290
     0
176
     1
 90
       50
176
     1
 62
   256
176
     0
 40
1.0
176
     0
 90
        2
176
     1
  1
strokes_ogs.tif
176
     1
290
     0
176
     1
 40
1.0
176
     1
 40
1.0
176
     1
  0
VISUALSTYLE
  5
FF
102
{ACAD_REACTORS
330
EF
102
}
330
EF
100
AcDbVisualStyle
  2
ColorChange
 70
    16
177
     3
291
     1
 70
    58
 90
        2
176
     1
 90
        2
176
     1
 90
        3
176
     1
 90
        0
176
     1
 40
0.6
176
     1
 40
30.0
176
     1
 62
     8
420
  8421504
176
     1
 90
        1
176
     1
 90
        4
176
     1
 62
     7
176
     1
 62
   257
176
     1
 90
        1
176
     1
 90
        1
176
     1
 40
1.0
176
     1
 90
        8
176
     1
 62
     8
420
  8421504
176
     1
 40
1.0
176
     1
 90
        1
176
     1
 90
        6
176
     1
 90
        2
176
     1
 62
     7
176
     1
 90
        5
176
     1
 90
        0
176
     1
 90
        0
176
     1
290
     0
176
     1
 90
        1
176
     1
 40
0.0
176
     1
 90
        0
176
     1
290
     0
176
     1
290
     1
176
     1
290
     1
176
     1
290
     0
176
     1
290
     0
176
     1
290
     0
176
     1
290
     0
176
     1
290
     0
176
     1
290
     0
176
     1
 90
       50
176
     1
 40
0.0
176
     1
 40
1.0
176
     1
 90
        0
176
     1
 62
    18
420
        0
176
     1
 90
       50
176
     1
 90
        3
176
     1
 62
     5
420
      255
176
     1
290
     0
176
     1
 90
       50
176
     1
 90
       50
176
     1
 90
       50
176
     1
290
     0
176
     1
 90
       50
176
     1
 62
   256
176
     0
 40
1.0
176
     0
 90
        2
176
     1
  1
strokes_ogs.tif
176
     1
290
     0
176
     1
 40
1.0
176
     1
 40
1.0
176
     1
  0
VISUALSTYLE
  5
F8
102
{ACAD_REACTORS
330
EF
102
}
330
EF
100
AcDbVisualStyle
  2
Conceptual
 70
     9
177
     3
291
     0
 70
    58
 90
        3
176
     1
 90
        2
176
     1
 90
        1
176
     1
 90
        0
176
     1
 40
0.6
176
     1
 40
30.0
176
     1
 62
     7
420
 16777215
176
     1
 90
        2
176
     1
 90
        2
176
     1
 62
     7
176
     1
 62
   257
176
     1
 90
        1
176
     1
 90
        1
176
     1
 40
40.0
176
     1
 90
        8
176
     1
 62
     7
176
     1
 40
1.0
176
     1
 90
        1
176
     1
 90
        6
176
     1
 90
        2
176
     1
 62
     7
176
     1
 90
        3
176
     1
 90
        0
176
     1
 90
        0
176
     1
290
     0
176
     1
 90
        1
176
     1
 40
0.0
176
     1
 90
        0
176
     1
290
     0
176
     1
290
     1
176
     1
290
     1
176
     1
290
     0
176
     1
290
     0
176
     1
290
     0
176
     1
290
     0
176
     1
290
     0
176
     1
290
     0
176
     1
 90
       50
176
     1
 40
0.0
176
     1
 40
1.0
176
     1
 90
        0
176
     1
 62
    18
420
        0
176
     1
 90
       50
176
     1
 90
        3
176
     1
 62
     5
420
      255
176
     1
290
     0
176
     1
 90
       50
176
     1
 90
       50
176
     1
 90
       50
176
     1
290
     0
176
     1
 90
       50
176
     1
 62
   256
176
     0
 40
1.0
176
     0
 90
        2
176
     1
  1
strokes_ogs.tif
176
     1
290
     0
176
     1
 40
1.0
176
     1
 40
1.0
176
     1
  0
VISUALSTYLE
  5
FA
102
{ACAD_REACTORS
330
EF
102
}
330
EF
100
AcDbVisualStyle
  2
Dim
 70
    11
177
     3
291
     1
 70
    58
 90
        2
176
     1
 90
        2
176
     1
 90
        1
176
     1
 90
        0
176
     1
 40
0.6
176
     1
 40
30.0
176
     1
 62
     7
420
 16777215
176
     1
 90
        1
176
     1
 90
        4
176
     1
 62
     7
176
     1
 62
   257
176
     1
 90
        1
176
     1
 90
        1
176
     1
 40
1.0
176
     1
 90
        8
176
     1
 62
     7
176
     1
 40
1.0
176
     1
 90
        1
176
     1
 90
        6
176
     1
 90
        2
176
     1
 62
     7
176
     1
 90
        5
176
     1
 90
        0
176
     1
 90
        0
176
     1
290
     0
176
     1
 90
        1
176
     1
 40
-50.0
176
     1
 90
        0
176
     1
290
     0
176
     1
290
     1
176
     1
290
     1
176
     1
290
     0
176
     1
290
     0
176
     1
290
     0
176
     1
290
     0
176
     1
290
     0
176
     1
290
     0
176
     1
 90
       50
176
     1
 40
0.0
176
     1
 40
1.0
176
     1
 90
        0
176
     1
 62
    18
420
        0
176
     1
 90
       50
176
     1
 90
        3
176
     1
 62
     5
420
      255
176
     1
290
     0
176
     1
 90
       50
176
     1
 90
       50
176
     1
 90
       50
176
     1
290
     0
176
     1
 90
       50
176
     1
 62
   256
176
     0
 40
1.0
176
     0
 90
        2
176
     1
  1
strokes_ogs.tif
176
     1
290
     0
176
     1
 40
1.0
176
     1
 40
1.0
176
     1
  0
VISUALSTYLE
  5
1E6
102
{ACAD_REACTORS
330
EF
102
}
330
EF
100
AcDbVisualStyle
  2
EdgeColorOff
 70
    22
177
     3
291
     1
 70
    58
 90
        2
176
     0
 90
        2
176
     0
 90
        0
176
     0
 90
        0
176
     0
 40
0.6
176
     0
 40
30.0
176
     0
 62
     7
420
 16777215
176
     0
 90
        1
176
     0
 90
        4
176
     0
 62
     7
176
     0
 62
   257
176
     0
 90
        1
176
     0
 90
        1
176
     0
 40
1.0
176
     0
 90
        8
176
     2
 62
     7
176
     0
 40
1.0
176
     0
 90
        1
176
     0
 90
        6
176
     0
 90
        2
176
     0
 62
     7
176
     0
 90
        5
176
     0
 90
        0
176
     0
 90
        0
176
     0
290
     0
176
     0
 90
        1
176
     0
 40
0.0
176
     0
 90
        0
176
     0
290
     0
176
     1
290
     1
176
     1
290
     1
176
     1
290
     0
176
     1
290
     0
176
     1
290
     0
176
     1
290
     0
176
     1
290
     0
176
     1
290
     0
176
     1
 90
       50
176
     1
 40
0.0
176
     1
 40
1.0
176
     1
 90
        0
176
     1
 62
    18
420
        0
176
     1
 90
       50
176
     1
 90
        3
176
     1
 62
     5
420
      255
176
     1
290
     0
176
     1
 90
       50
176
     1
 90
       50
176
     1
 90
       50
176
     1
290
     0
176
     1
 90
       50
176
     1
 62
   256
176
     0
 40
1.0
176
     0
 90
        2
176
     1
  1
strokes_ogs.tif
176
     1
290
     0
176
     1
 40
1.0
176
     1
 40
1.0
176
     1
  0
VISUALSTYLE
  5
FE
102
{ACAD_REACTORS
330
EF
102
}
330
EF
100
AcDbVisualStyle
  2
Facepattern
 70
    15
177
     3
291
     1
 70
    58
 90
        2
176
     1
 90
        2
176
     1
 90
        1
176
     1
 90
        0
176
     1
 40
0.6
176
     1
 40
30.0
176
     1
 62
     7
420
 16777215
176
     1
 90
        1
176
     1
 90
        4
176
     1
 62
     7
176
     1
 62
   257
176
     1
 90
        1
176
     1
 90
        1
176
     1
 40
1.0
176
     1
 90
        8
176
     1
 62
     7
176
     1
 40
1.0
176
     1
 90
        1
176
     1
 90
        6
176
     1
 90
        2
176
     1
 62
     7
176
     1
 90
        5
176
     1
 90
        0
176
     1
 90
        0
176
     1
290
     0
176
     1
 90
        1
176
     1
 40
0.0
176
     1
 90
        0
176
     1
290
     0
176
     1
290
     1
176
     1
290
     1
176
     1
290
     0
176
     1
290
     0
176
     1
290
     0
176
     1
290
     0
176
     1
290
     0
176
     1
290
     0
176
     1
 90
       50
176
     1
 40
0.0
176
     1
 40
1.0
176
     1
 90
        0
176
     1
 62
    18
420
        0
176
     1
 90
       50
176
     1
 90
        3
176
     1
 62
     5
420
      255
176
     1
290
     0
176
     1
 90
       50
176
     1
 90
       50
176
     1
 90
       50
176
     1
290
     0
176
     1
 90
       50
176
     1
 62
   256
176
     0
 40
1.0
176
     0
 90
        2
176
     1
  1
strokes_ogs.tif
176
     1
290
     0
176
     1
 40
1.0
176
     1
 40
1.0
176
     1
  0
VISUALSTYLE
  5
F0
102
{ACAD_REACTORS
330
EF
102
}
330
EF
100
AcDbVisualStyle
  2
Flat
 70
     0
177
     3
291
     1
 70
    58
 90
        2
176
     1
 90
        1
176
     1
 90
        1
176
     1
 90
        2
176
     1
 40
0.6
176
     1
 40
30.0
176
     1
 62
     7
420
 16777215
176
     1
 90
        0
176
     1
 90
        0
176
     1
 62
     7
176
     1
 62
   257
176
     1
 90
        1
176
     1
 90
        1
176
     1
 40
1.0
176
     1
 90
        8
176
     1
 62
     7
176
     1
 40
1.0
176
     1
 90
        1
176
     1
 90
        6
176
     1
 90
        2
176
     1
 62
     7
176
     1
 90
        5
176
     1
 90
        0
176
     1
 90
        0
176
     1
290
     0
176
     1
 90
       13
176
     1
 40
0.0
176
     1
 90
        0
176
     1
290
     0
176
     1
290
     1
176
     1
290
     1
176
     1
290
     0
176
     1
290
     0
176
     1
290
     0
176
     1
290
     0
176
     1
290
     0
176
     1
290
     0
176
     1
 90
       50
176
     1
 40
0.0
176
     1
 40
1.0
176
     1
 90
        0
176
     1
 62
    18
420
        0
176
     1
 90
       50
176
     1
 90
        3
176
     1
 62
     5
420
      255
176
     1
290
     0
176
     1
 90
       50
176
     1
 90
       50
176
     1
 90
       50
176
     1
290
     0
176
     1
 90
       50
176
     1
 62
   256
176
     0
 40
1.0
176
     0
 90
        2
176
     1
  1
strokes_ogs.tif
176
     1
290
     0
176
     1
 40
1.0
176
     1
 40
1.0
176
     1
  0
VISUALSTYLE
  5
F1
102
{ACAD_REACTORS
330
EF
102
}
330
EF
100
AcDbVisualStyle
  2
FlatWithEdges
 70
     1
177
     3
291
     1
 70
    58
 90
        2
176
     1
 90
        1
176
     1
 90
        1
176
     1
 90
        2
176
     1
 40
0.6
176
     1
 40
30.0
176
     1
 62
     7
420
 16777215
176
     1
 90
        1
176
     1
 90
        0
176
     1
 62
     7
176
     1
 62
   257
176
     1
 90
        1
176
     1
 90
        1
176
     1
 40
1.0
176
     1
 90
        0
176
     1
 62
   257
176
     1
 40
1.0
176
     1
 90
        1
176
     1
 90
        6
176
     1
 90
        2
176
     1
 62
     7
176
     1
 90
        5
176
     1
 90
        0
176
     1
 90
        0
176
     1
290
     0
176
     1
 90
       13
176
     1
 40
0.0
176
     1
 90
        0
176
     1
290
     0
176
     1
290
     1
176
     1
290
     1
176
     1
290
     0
176
     1
290
     0
176
     1
290
     0
176
     1
290
     0
176
     1
290
     0
176
     1
290
     0
176
     1
 90
       50
176
     1
 40
0.0
176
     1
 40
1.0
176
     1
 90
        0
176
     1
 62
    18
420
        0
176
     1
 90
       50
176
     1
 90
        3
176
     1
 62
     5
420
      255
176
     1
290
     0
176
     1
 90
       50
176
     1
 90
       50
176
     1
 90
       50
176
     1
290
     0
176
     1
 90
       50
176
     1
 62
   256
176
     0
 40
1.0
176
     0
 90
        2
176
     1
  1
strokes_ogs.tif
176
     1
290
     0
176
     1
 40
1.0
176
     1
 40
1.0
176
     1
  0
VISUALSTYLE
  5
F2
102
{ACAD_REACTORS
330
EF
102
}
330
EF
100
AcDbVisualStyle
  2
Gouraud
 70
     2
177
     3
291
     1
 70
    58
 90
        2
176
     1
 90
        2
176
     1
 90
        1
176
     1
 90
        2
176
     1
 40
0.6
176
     1
 40
30.0
176
     1
 62
     7
420
 16777215
176
     1
 90
        0
176
     1
 90
        0
176
     1
 62
     7
176
     1
 62
   257
176
     1
 90
        1
176
     1
 90
        1
176
     1
 40
1.0
176
     1
 90
        0
176
     1
 62
     7
176
     1
 40
1.0
176
     1
 90
        1
176
     1
 90
        6
176
     1
 90
        2
176
     1
 62
     7
176
     1
 90
        5
176
     1
 90
        0
176
     1
 90
        0
176
     1
290
     0
176
     1
 90
       13
176
     1
 40
0.0
176
     1
 90
        0
176
     1
290
     0
176
     1
290
     1
176
     1
290
     1
176
     1
290
     0
176
     1
290
     0
176
     1
290
     0
176
     1
290
     0
176
     1
290
     0
176
     1
290
     0
176
     1
 90
       50
176
     1
 40
0.0
176
     1
 40
1.0
176
     1
 90
        0
176
     1
 62
    18
420
        0
176
     1
 90
       50
176
     1
 90
        3
176
     1
 62
     5
420
      255
176
     1
290
     0
176
     1
 90
       50
176
     1
 90
       50
176
     1
 90
       50
176
     1
290
     0
176
     1
 90
       50
176
     1
 62
   256
176
     0
 40
1.0
176
     0
 90
        2
176
     1
  1
strokes_ogs.tif
176
     1
290
     0
176
     1
 40
1.0
176
     1
 40
1.0
176
     1
  0
VISUALSTYLE
  5
F3
102
{ACAD_REACTORS
330
EF
102
}
330
EF
100
AcDbVisualStyle
  2
GouraudWithEdges
 70
     3
177
     3
291
     1
 70
    58
 90
        2
176
     1
 90
        2
176
     1
 90
        1
176
     1
 90
        2
176
     1
 40
0.6
176
     1
 40
30.0
176
     1
 62
     7
420
 16777215
176
     1
 90
        1
176
     1
 90
        0
176
     1
 62
     7
176
     1
 62
   257
176
     1
 90
        1
176
     1
 90
        1
176
     1
 40
1.0
176
     1
 90
        0
176
     1
 62
   257
176
     1
 40
1.0
176
     1
 90
        1
176
     1
 90
        6
176
     1
 90
        2
176
     1
 62
     7
176
     1
 90
        5
176
     1
 90
        0
176
     1
 90
        0
176
     1
290
     0
176
     1
 90
       13
176
     1
 40
0.0
176
     1
 90
        0
176
     1
290
     0
176
     1
290
     1
176
     1
290
     1
176
     1
290
     0
176
     1
290
     0
176
     1
290
     0
176
     1
290
     0
176
     1
290
     0
176
     1
290
     0
176
     1
 90
       50
176
     1
 40
0.0
176
     1
 40
1.0
176
     1
 90
        0
176
     1
 62
    18
420
        0
176
     1
 90
       50
176
     1
 90
        3
176
     1
 62
     5
420
      255
176
     1
290
     0
176
     1
 90
       50
176
     1
 90
       50
176
     1
 90
       50
176
     1
290
     0
176
     1
 90
       50
176
     1
 62
   256
176
     0
 40
1.0
176
     0
 90
        2
176
     1
  1
strokes_ogs.tif
176
     1
290
     0
176
     1
 40
1.0
176
     1
 40
1.0
176
     1
  0
VISUALSTYLE
  5
F7
102
{ACAD_REACTORS
330
EF
102
}
330
EF
100
AcDbVisualStyle
  2
Hidden
 70
     6
177
     3
291
     0
 70
    58
 90
        1
176
     1
 90
        2
176
     1
 90
        2
176
     1
 90
        0
176
     1
 40
0.6
176
     1
 40
30.0
176
     1
 62
     7
420
 16777215
176
     1
 90
        2
176
     1
 90
        2
176
     1
 62
     7
176
     1
 62
   257
176
     1
 90
        2
176
     1
 90
        1
176
     1
 40
40.0
176
     1
 90
        0
176
     1
 62
   257
176
     1
 40
1.0
176
     1
 90
        1
176
     1
 90
        6
176
     1
 90
        2
176
     1
 62
     7
176
     1
 90
        3
176
     1
 90
        0
176
     1
 90
        0
176
     1
290
     0
176
     1
 90
        1
176
     1
 40
0.0
176
     1
 90
        0
176
     1
290
     0
176
     1
290
     1
176
     1
290
     1
176
     1
290
     0
176
     1
290
     0
176
     1
290
     0
176
     1
290
     0
176
     1
290
     0
176
     1
290
     0
176
     1
 90
       50
176
     1
 40
0.0
176
     1
 40
1.0
176
     1
 90
        0
176
     1
 62
    18
420
        0
176
     1
 90
       50
176
     1
 90
        3
176
     1
 62
     5
420
      255
176
     1
290
     0
176
     1
 90
       50
176
     1
 90
       50
176
     1
 90
       50
176
     1
290
     0
176
     1
 90
       50
176
     1
 62
   256
176
     0
 40
1.0
176
     0
 90
        2
176
     1
  1
strokes_ogs.tif
176
     1
290
     0
176
     1
 40
1.0
176
     1
 40
1.0
176
     1
  0
VISUALSTYLE
  5
1E4
102
{ACAD_REACTORS
330
EF
102
}
330
EF
100
AcDbVisualStyle
  2
JitterOff
 70
    20
177
     3
291
     1
 70
    58
 90
        2
176
     0
 90
        2
176
     0
 90
        0
176
     0
 90
        0
176
     0
 40
0.6
176
     0
 40
30.0
176
     0
 62
     7
420
 16777215
176
     0
 90
        1
176
     0
 90
        4
176
     0
 62
     7
176
     0
 62
   257
176
     0
 90
        1
176
     0
 90
        1
176
     0
 40
1.0
176
     0
 90
       10
176
     2
 62
     7
176
     0
 40
1.0
176
     0
 90
        1
176
     0
 90
        6
176
     0
 90
        2
176
     0
 62
     7
176
     0
 90
        5
176
     0
 90
        0
176
     0
 90
        0
176
     0
290
     0
176
     0
 90
        1
176
     0
 40
0.0
176
     0
 90
        0
176
     0
290
     0
176
     1
290
     1
176
     1
290
     1
176
     1
290
     0
176
     1
290
     0
176
     1
290
     0
176
     1
290
     0
176
     1
290
     0
176
     1
290
     0
176
     1
 90
       50
176
     1
 40
0.0
176
     1
 40
1.0
176
     1
 90
        0
176
     1
 62
    18
420
        0
176
     1
 90
       50
176
     1
 90
        3
176
     1
 62
     5
420
      255
176
     1
290
     0
176
     1
 90
       50
176
     1
 90
       50
176
     1
 90
       50
176
     1
290
     0
176
     1
 90
       50
176
     1
 62
   256
176
     0
 40
1.0
176
     0
 90
        2
176
     1
  1
strokes_ogs.tif
176
     1
290
     0
176
     1
 40
1.0
176
     1
 40
1.0
176
     1
  0
VISUALSTYLE
  5
FD
102
{ACAD_REACTORS
330
EF
102
}
330
EF
100
AcDbVisualStyle
  2
Linepattern
 70
    14
177
     3
291
     1
 70
    58
 90
        2
176
     1
 90
        2
176
     1
 90
        1
176
     1
 90
        0
176
     1
 40
0.6
176
     1
 40
30.0
176
     1
 62
     7
420
 16777215
176
     1
 90
        1
176
     1
 90
        4
176
     1
 62
     7
176
     1
 62
   257
176
     1
 90
        7
176
     1
 90
        7
176
     1
 40
1.0
176
     1
 90
        8
176
     1
 62
     7
176
     1
 40
1.0
176
     1
 90
        1
176
     1
 90
        6
176
     1
 90
        2
176
     1
 62
     7
176
     1
 90
        5
176
     1
 90
        0
176
     1
 90
        0
176
     1
290
     0
176
     1
 90
        1
176
     1
 40
0.0
176
     1
 90
        0
176
     1
290
     0
176
     1
290
     1
176
     1
290
     1
176
     1
290
     0
176
     1
290
     0
176
     1
290
     0
176
     1
290
     0
176
     1
290
     0
176
     1
290
     0
176
     1
 90
       50
176
     1
 40
0.0
176
     1
 40
1.0
176
     1
 90
        0
176
     1
 62
    18
420
        0
176
     1
 90
       50
176
     1
 90
        3
176
     1
 62
     5
420
      255
176
     1
290
     0
176
     1
 90
       50
176
     1
 90
       50
176
     1
 90
       50
176
     1
290
     0
176
     1
 90
       50
176
     1
 62
   256
176
     0
 40
1.0
176
     0
 90
        2
176
     1
  1
strokes_ogs.tif
176
     1
290
     0
176
     1
 40
1.0
176
     1
 40
1.0
176
     1
  0
VISUALSTYLE
  5
1E5
102
{ACAD_REACTORS
330
EF
102
}
330
EF
100
AcDbVisualStyle
  2
OverhangOff
 70
    21
177
     3
291
     1
 70
    58
 90
        2
176
     0
 90
        2
176
     0
 90
        0
176
     0
 90
        0
176
     0
 40
0.6
176
     0
 40
30.0
176
     0
 62
     7
420
 16777215
176
     0
 90
        1
176
     0
 90
        4
176
     0
 62
     7
176
     0
 62
   257
176
     0
 90
        1
176
     0
 90
        1
176
     0
 40
1.0
176
     0
 90
        9
176
     2
 62
     7
176
     0
 40
1.0
176
     0
 90
        1
176
     0
 90
        6
176
     0
 90
        2
176
     0
 62
     7
176
     0
 90
        5
176
     0
 90
        0
176
     0
 90
        0
176
     0
290
     0
176
     0
 90
        1
176
     0
 40
0.0
176
     0
 90
        0
176
     0
290
     0
176
     1
290
     1
176
     1
290
     1
176
     1
290
     0
176
     1
290
     0
176
     1
290
     0
176
     1
290
     0
176
     1
290
     0
176
     1
290
     0
176
     1
 90
       50
176
     1
 40
0.0
176
     1
 40
1.0
176
     1
 90
        0
176
     1
 62
    18
420
        0
176
     1
 90
       50
176
     1
 90
        3
176
     1
 62
     5
420
      255
176
     1
290
     0
176
     1
 90
       50
176
     1
 90
       50
176
     1
 90
       50
176
     1
290
     0
176
     1
 90
       50
176
     1
 62
   256
176
     0
 40
1.0
176
     0
 90
        2
176
     1
  1
strokes_ogs.tif
176
     1
290
     0
176
     1
 40
1.0
176
     1
 40
1.0
176
     1
  0
VISUALSTYLE
  5
F9
102
{ACAD_REACTORS
330
EF
102
}
330
EF
100
AcDbVisualStyle
  2
Realistic
 70
     8
177
     3
291
     0
 70
    58
 90
        2
176
     1
 90
        3
176
     1
 90
        0
176
     1
 90
        2
176
     1
 40
0.6
176
     1
 40
30.0
176
     1
 62
     7
420
 16777215
176
     1
 90
        0
176
     1
 90
        0
176
     1
 62
     7
176
     1
 62
   257
176
     1
 90
        1
176
     1
 90
        1
176
     1
 40
1.0
176
     1
 90
        8
176
     1
 62
   257
176
     1
 40
1.0
176
     1
 90
        1
176
     1
 90
        6
176
     1
 90
        2
176
     1
 62
     7
176
     1
 90
        3
176
     1
 90
        0
176
     1
 90
        0
176
     1
290
     0
176
     1
 90
       13
176
     1
 40
0.0
176
     1
 90
        0
176
     1
290
     0
176
     1
290
     1
176
     1
290
     1
176
     1
290
     0
176
     1
290
     0
176
     1
290
     0
176
     1
290
     0
176
     1
290
     0
176
     1
290
     0
176
     1
 90
       50
176
     1
 40
0.0
176
     1
 40
1.0
176
     1
 90
        0
176
     1
 62
    18
420
        0
176
     1
 90
       50
176
     1
 90
        3
176
     1
 62
     5
420
      255
176
     1
290
     0
176
     1
 90
       50
176
     1
 90
       50
176
     1
 90
       50
176
     1
290
     0
176
     1
 90
       50
176
     1
 62
   256
176
     0
 40
1.0
176
     0
 90
        2
176
     1
  1
strokes_ogs.tif
176
     1
290
     0
176
     1
 40
1.0
176
     1
 40
1.0
176
     1
  0
VISUALSTYLE
  5
1F3
102
{ACAD_REACTORS
330
EF
102
}
330
EF
100
AcDbVisualStyle
  2
Shaded
 70
    27
177
     3
291
     0
 70
    58
 90
        2
176
     1
 90
        2
176
     1
 90
        1
176
     1
 90
        2
176
     1
 40
0.6
176
     1
 40
30.0
176
     1
 62
     7
420
 16777215
176
     1
 90
        0
176
     1
 90
        4
176
     1
 62
     7
176
     1
 62
   257
176
     1
 90
        1
176
     1
 90
        1
176
     1
 40
1.0
176
     1
 90
        8
176
     1
 62
   257
176
     1
 40
1.0
176
     1
 90
        1
176
     1
 90
        6
176
     1
 90
        2
176
     1
 62
     8
420
  7895160
176
     1
 90
        3
176
     1
 90
        0
176
     1
 90
        0
176
     1
290
     0
176
     1
 90
        5
176
     1
 40
0.0
176
     1
 90
        0
176
     1
290
     0
176
     1
290
     1
176
     1
290
     1
176
     1
290
     0
176
     1
290
     0
176
     1
290
     0
176
     1
290
     0
176
     1
290
     0
176
     1
290
     0
176
     1
 90
       50
176
     1
 40
0.0
176
     1
 40
1.0
176
     1
 90
        0
176
     1
 62
    18
420
        0
176
     1
 90
       50
176
     1
 90
        3
176
     1
 62
     5
420
      255
176
     1
290
     0
176
     1
 90
       50
176
     1
 90
       50
176
     1
 90
       50
176
     1
290
     0
176
     1
 90
       50
176
     1
 62
   256
176
     0
 40
1.0
176
     0
 90
        2
176
     1
  1
strokes_ogs.tif
176
     1
290
     0
176
     1
 40
1.0
176
     1
 40
1.0
176
     1
  0
VISUALSTYLE
  5
1F2
102
{ACAD_REACTORS
330
EF
102
}
330
EF
100
AcDbVisualStyle
  2
Shaded with edges
 70
    26
177
     3
291
     0
 70
    58
 90
        2
176
     1
 90
        2
176
     1
 90
        1
176
     1
 90
        2
176
     1
 40
0.6
176
     1
 40
30.0
176
     1
 62
     7
420
 16777215
176
     1
 90
        1
176
     1
 90
        2
176
     1
 62
     7
176
     1
 62
   257
176
     1
 90
        2
176
     1
 90
        1
176
     1
 40
1.0
176
     1
 90
        8
176
     1
 62
   257
176
     1
 40
1.0
176
     1
 90
        1
176
     1
 90
        6
176
     1
 90
        2
176
     1
 62
     7
176
     1
 90
        3
176
     1
 90
        0
176
     1
 90
        0
176
     1
290
     0
176
     1
 90
        5
176
     1
 40
0.0
176
     1
 90
        0
176
     1
290
     0
176
     1
290
     1
176
     1
290
     1
176
     1
290
     0
176
     1
290
     0
176
     1
290
     0
176
     1
290
     0
176
     1
290
     0
176
     1
290
     0
176
     1
 90
       50
176
     1
 40
0.0
176
     1
 40
1.0
176
     1
 90
        0
176
     1
 62
    18
420
        0
176
     1
 90
       50
176
     1
 90
        3
176
     1
 62
     5
420
      255
176
     1
290
     0
176
     1
 90
       50
176
     1
 90
       50
176
     1
 90
       50
176
     1
290
     0
176
     1
 90
       50
176
     1
 62
   256
176
     0
 40
1.0
176
     0
 90
        2
176
     1
  1
strokes_ogs.tif
176
     1
290
     0
176
     1
 40
1.0
176
     1
 40
1.0
176
     1
  0
VISUALSTYLE
  5
1EF
102
{ACAD_REACTORS
330
EF
102
}
330
EF
100
AcDbVisualStyle
  2
Shades of Gray
 70
    23
177
     3
291
     0
 70
    58
 90
        2
176
     1
 90
        2
176
     1
 90
        3
176
     1
 90
        0
176
     1
 40
0.6
176
     1
 40
30.0
176
     1
 62
     7
420
 16777215
176
     1
 90
        2
176
     1
 90
        2
176
     1
 62
     7
176
     1
 62
     7
176
     1
 90
        1
176
     1
 90
        1
176
     1
 40
40.0
176
     1
 90
        8
176
     1
 62
     7
176
     1
 40
1.0
176
     1
 90
        1
176
     1
 90
        6
176
     1
 90
        2
176
     1
 62
     7
176
     1
 90
        3
176
     1
 90
        0
176
     1
 90
        0
176
     1
290
     0
176
     1
 90
        1
176
     1
 40
0.0
176
     1
 90
        0
176
     1
290
     0
176
     1
290
     1
176
     1
290
     1
176
     1
290
     0
176
     1
290
     0
176
     1
290
     0
176
     1
290
     0
176
     1
290
     0
176
     1
290
     0
176
     1
 90
       50
176
     1
 40
0.0
176
     1
 40
1.0
176
     1
 90
        0
176
     1
 62
    18
420
        0
176
     1
 90
       50
176
     1
 90
        3
176
     1
 62
     5
420
      255
176
     1
290
     0
176
     1
 90
       50
176
     1
 90
       50
176
     1
 90
       50
176
     1
290
     0
176
     1
 90
       50
176
     1
 62
   256
176
     0
 40
1.0
176
     0
 90
        2
176
     1
  1
strokes_ogs.tif
176
     1
290
     0
176
     1
 40
1.0
176
     1
 40
1.0
176
     1
  0
VISUALSTYLE
  5
1F0
102
{ACAD_REACTORS
330
EF
102
}
330
EF
100
AcDbVisualStyle
  2
Sketchy
 70
    24
177
     3
291
     0
 70
    58
 90
        1
176
     1
 90
        2
176
     1
 90
        2
176
     1
 90
        0
176
     1
 40
0.6
176
     1
 40
30.0
176
     1
 62
     7
420
 16777215
176
     1
 90
        2
176
     1
 90
        2
176
     1
 62
     7
176
     1
 62
     7
176
     1
 90
        1
176
     1
 90
        1
176
     1
 40
40.0
176
     1
 90
       11
176
     1
 62
     7
176
     1
 40
1.0
176
     1
 90
        1
176
     1
 90
        6
176
     1
 90
        2
176
     1
 62
     7
176
     1
 90
        6
176
     1
 90
        0
176
     1
 90
        0
176
     1
290
     0
176
     1
 90
        1
176
     1
 40
0.0
176
     1
 90
        0
176
     1
290
     0
176
     1
290
     1
176
     1
290
     1
176
     1
290
     0
176
     1
290
     0
176
     1
290
     0
176
     1
290
     0
176
     1
290
     0
176
     1
290
     0
176
     1
 90
       50
176
     1
 40
0.0
176
     1
 40
1.0
176
     1
 90
        0
176
     1
 62
    18
420
        0
176
     1
 90
       50
176
     1
 90
        3
176
     1
 62
     5
420
      255
176
     1
290
     0
176
     1
 90
       50
176
     1
 90
       50
176
     1
 90
       50
176
     1
290
     0
176
     1
 90
       50
176
     1
 62
   256
176
     0
 40
1.0
176
     0
 90
        2
176
     1
  1
strokes_ogs.tif
176
     1
290
     0
176
     1
 40
1.0
176
     1
 40
1.0
176
     1
  0
VISUALSTYLE
  5
FC
102
{ACAD_REACTORS
330
EF
102
}
330
EF
100
AcDbVisualStyle
  2
Thicken
 70
    13
177
     3
291
     1
 70
    58
 90
        2
176
     1
 90
        2
176
     1
 90
        1
176
     1
 90
        0
176
     1
 40
0.6
176
     1
 40
30.0
176
     1
 62
     7
420
 16777215
176
     1
 90
        1
176
     1
 90
        4
176
     1
 62
     7
176
     1
 62
   257
176
     1
 90
        1
176
     1
 90
        1
176
     1
 40
1.0
176
     1
 90
       12
176
     1
 62
     7
176
     1
 40
1.0
176
     1
 90
        1
176
     1
 90
        6
176
     1
 90
        2
176
     1
 62
     7
176
     1
 90
        5
176
     1
 90
        0
176
     1
 90
        0
176
     1
290
     0
176
     1
 90
        1
176
     1
 40
0.0
176
     1
 90
        0
176
     1
290
     0
176
     1
290
     1
176
     1
290
     1
176
     1
290
     0
176
     1
290
     0
176
     1
290
     0
176
     1
290
     0
176
     1
290
     0
176
     1
290
     0
176
     1
 90
       50
176
     1
 40
0.0
176
     1
 40
1.0
176
     1
 90
        0
176
     1
 62
    18
420
        0
176
     1
 90
       50
176
     1
 90
        3
176
     1
 62
     5
420
      255
176
     1
290
     0
176
     1
 90
       50
176
     1
 90
       50
176
     1
 90
       50
176
     1
290
     0
176
     1
 90
       50
176
     1
 62
   256
176
     0
 40
1.0
176
     0
 90
        2
176
     1
  1
strokes_ogs.tif
176
     1
290
     0
176
     1
 40
1.0
176
     1
 40
1.0
176
     1
  0
VISUALSTYLE
  5
F6
102
{ACAD_REACTORS
330
EF
102
}
330
EF
100
AcDbVisualStyle
  2
Wireframe
 70
     5
177
     3
291
     0
 70
    58
 90
        0
176
     1
 90
        2
176
     1
 90
        0
176
     1
 90
        0
176
     1
 40
0.6
176
     1
 40
30.0
176
     1
 62
     7
420
 16777215
176
     1
 90
        1
176
     1
 90
        4
176
     1
 62
     7
176
     1
 62
   257
176
     1
 90
        1
176
     1
 90
        1
176
     1
 40
1.0
176
     1
 90
        0
176
     1
 62
   257
176
     1
 40
1.0
176
     1
 90
        1
176
     1
 90
        6
176
     1
 90
        2
176
     1
 62
     7
176
     1
 90
        3
176
     1
 90
        0
176
     1
 90
        0
176
     1
290
     0
176
     1
 90
        1
176
     1
 40
0.0
176
     1
 90
        0
176
     1
290
     0
176
     1
290
     1
176
     1
290
     1
176
     1
290
     0
176
     1
290
     0
176
     1
290
     0
176
     1
290
     0
176
     1
290
     0
176
     1
290
     0
176
     1
 90
       50
176
     1
 40
0.0
176
     1
 40
1.0
176
     1
 90
        0
176
     1
 62
    18
420
        0
176
     1
 90
       50
176
     1
 90
        3
176
     1
 62
     5
420
      255
176
     1
290
     0
176
     1
 90
       50
176
     1
 90
       50
176
     1
 90
       50
176
     1
290
     0
176
     1
 90
       50
176
     1
 62
   256
176
     0
 40
1.0
176
     0
 90
        2
176
     1
  1
strokes_ogs.tif
176
     1
290
     0
176
     1
 40
1.0
176
     1
 40
1.0
176
     1
  0
VISUALSTYLE
  5
1F1
102
{ACAD_REACTORS
330
EF
102
}
330
EF
100
AcDbVisualStyle
  2
X-Ray
 70
    25
177
     3
291
     0
 70
    58
 90
        2
176
     1
 90
        2
176
     1
 90
        1
176
     1
 90
        1
176
     1
 40
0.5
176
     1
 40
30.0
176
     1
 62
     7
420
 16777215
176
     1
 90
        1
176
     1
 90
        0
176
     1
 62
     7
176
     1
 62
   257
176
     1
 90
        1
176
     1
 90
        1
176
     1
 40
1.0
176
     1
 90
        8
176
     1
 62
     7
176
     1
 40
1.0
176
     1
 90
        1
176
     1
 90
        6
176
     1
 90
        2
176
     1
 62
     7
176
     1
 90
        3
176
     1
 90
        0
176
     1
 90
        0
176
     1
290
     0
176
     1
 90
       13
176
     1
 40
0.0
176
     1
 90
        0
176
     1
290
     0
176
     1
290
     1
176
     1
290
     1
176
     1
290
     0
176
     1
290
     0
176
     1
290
     0
176
     1
290
     0
176
     1
290
     0
176
     1
290
     0
176
     1
 90
       50
176
     1
 40
0.0
176
     1
 40
1.0
176
     1
 90
        0
176
     1
 62
    18
420
        0
176
     1
 90
       50
176
     1
 90
        3
176
     1
 62
     5
420
      255
176
     1
290
     0
176
     1
 90
       50
176
     1
 90
       50
176
     1
 90
       50
176
     1
290
     0
176
     1
 90
       50
176
     1
 62
   256
176
     0
 40
1.0
176
     0
 90
        2
176
     1
  1
strokes_ogs.tif
176
     1
290
     0
176
     1
 40
1.0
176
     1
 40
1.0
176
     1
  0
DICTIONARYVAR
  5
146
102
{ACAD_REACTORS
330
5E
102
}
330
5E
100
DictionaryVariables
280
     0
  1
1:1
  0
DICTIONARYVAR
  5
259
102
{ACAD_REACTORS
330
5E
102
}
330
5E
100
DictionaryVariables
280
     0
  1
3.500000
  0
DICTIONARYVAR
  5
25A
102
{ACAD_REACTORS
330
5E
102
}
330
5E
100
DictionaryVariables
280
     0
  1
acadiso.lin
  0
DICTIONARYVAR
  5
145
102
{ACAD_REACTORS
330
5E
102
}
330
5E
100
DictionaryVariables
280
     0
  1
Annotative
  0
DICTIONARYVAR
  5
84
102
{ACAD_REACTORS
330
5E
102
}
330
5E
100
DictionaryVariables
280
     0
  1
STANDARD
  0
DICTIONARYVAR
  5
227
102
{ACAD_REACTORS
330
5E
102
}
330
5E
100
DictionaryVariables
280
     0
  1
Metric50
  0
DICTIONARYVAR
  5
228
102
{ACAD_REACTORS
330
5E
102
}
330
5E
100
DictionaryVariables
280
     0
  1
Metric50
  0
DICTIONARYVAR
  5
5F
102
{ACAD_REACTORS
330
5E
102
}
330
5E
100
DictionaryVariables
280
     0
  1
2
  0
DICTIONARYVAR
  5
63
102
{ACAD_REACTORS
330
5E
102
}
330
5E
100
DictionaryVariables
280
     0
  1
1
  0
DICTIONARYVAR
  5
3B9
102
{ACAD_REACTORS
330
5E
102
}
330
5E
100
DictionaryVariables
280
     0
  1
BYLAYER
  0
DICTIONARYVAR
  5
99C
102
{ACAD_REACTORS
330
5E
102
}
330
5E
100
DictionaryVariables
280
     0
  1
1
  0
DICTIONARYVAR
  5
C82
102
{ACAD_REACTORS
330
5E
102
}
330
5E
100
DictionaryVariables
280
     0
  1
10894.405157;11311.793131
  0
DICTIONARYVAR
  5
3B8
102
{ACAD_REACTORS
330
5E
102
}
330
5E
100
DictionaryVariables
280
     0
  1
0
  0
DICTIONARYVAR
  5
1AE
102
{ACAD_REACTORS
330
5E
102
}
330
5E
100
DictionaryVariables
280
     0
  1
0
  0
DICTIONARYVAR
  5
1AF
102
{ACAD_REACTORS
330
5E
102
}
330
5E
100
DictionaryVariables
280
     0
  1
0
  0
XRECORD
  5
176C
102
{ACAD_REACTORS
330
176A
102
}
330
176A
100
AcDbXrecord
280
     1
  0
ACDBASSOCNETWORK
  5
1503
102
{ACAD_REACTORS
330
1502
102
}
330
1502
100
AcDbAssocAction
 90
        2
 90
        0
330
1505
360
0
 90
        1
 90
        0
 90
        0
 90
        0
 90
        0
 90
        0
 90
        0
100
AcDbAssocNetwork
 90
        0
 90
        1
 90
        1
360
1506
 90
        0
  0
DICTIONARY
  5
DFF
102
{ACAD_REACTORS
330
DFE
102
}
330
DFE
100
AcDbDictionary
281
     1
  3
*A1
350
E00
  0
DICTIONARY
  5
E06
102
{ACAD_REACTORS
330
E05
102
}
330
E05
100
AcDbDictionary
281
     1
  3
*A1
350
E07
  0
DICTIONARY
  5
E0C
102
{ACAD_REACTORS
330
E0B
102
}
330
E0B
100
AcDbDictionary
281
     1
  3
*A1
350
E0D
  0
DICTIONARY
  5
E12
102
{ACAD_REACTORS
330
E11
102
}
330
E11
100
AcDbDictionary
281
     1
  3
*A1
350
E13
  0
DICTIONARY
  5
E18
102
{ACAD_REACTORS
330
E17
102
}
330
E17
100
AcDbDictionary
281
     1
  3
*A1
350
E19
  0
DICTIONARY
  5
E1E
102
{ACAD_REACTORS
330
E1D
102
}
330
E1D
100
AcDbDictionary
281
     1
  3
*A1
350
E1F
  0
DICTIONARY
  5
1655
102
{ACAD_REACTORS
330
1654
102
}
330
1654
100
AcDbDictionary
281
     1
  3
*A1
350
1656
  0
DICTIONARY
  5
1661
102
{ACAD_REACTORS
330
1660
102
}
330
1660
100
AcDbDictionary
281
     1
  3
*A1
350
1662
  0
DICTIONARY
  5
166B
102
{ACAD_REACTORS
330
166A
102
}
330
166A
100
AcDbDictionary
281
     1
  3
*A1
350
166C
  0
DICTIONARY
  5
1672
102
{ACAD_REACTORS
330
1671
102
}
330
1671
100
AcDbDictionary
281
     1
  3
*A1
350
1673
  0
DICTIONARY
  5
1678
102
{ACAD_REACTORS
330
1677
102
}
330
1677
100
AcDbDictionary
281
     1
  3
*A1
350
1679
  0
DICTIONARY
  5
205
330
22
100
AcDbDictionary
280
     1
281
     1
  0
DICTIONARY
  5
1F9
330
ED
100
AcDbDictionary
280
     1
281
     1
  3
FBXASSET
360
1FA
  0
DICTIONARY
  5
1F7
330
EC
100
AcDbDictionary
280
     1
281
     1
  3
FBXASSET
360
1F8
  0
DICTIONARY
  5
173
330
EE
100
AcDbDictionary
280
     1
281
     1
  3
BUMPTILE
360
175
  3
DIFFUSETILE
360
174
  3
FBXASSET
360
1FB
  3
OPACITYTILE
360
176
  3
REFLECTIONTILE
360
177
  0
DICTIONARY
  5
162
330
7F
100
AcDbDictionary
280
     1
281
     1
  3
ACAD_ROUNDTRIP_2008_TABLESTYLE_CELLSTYLEMAP
360
1814
  0
ACDBASSOCACTION
  5
1506
330
1503
100
AcDbAssocAction
 90
        2
 90
        0
330
1503
360
1507
 90
        1
 90
        5
 90
        5
360
150A
360
150D
360
150E
360
1510
360
1512
 90
        0
 90
        4
360
1508
360
150B
360
150F
360
1511
 90
        0
 90
        2
 90
        0
  1
RotAng0
 90
        2
 90
        1
 40
1.570796326794896
330
0
330
0
 90
        0
  1
RotAng1
 90
        2
 90
        1
 40
1.570796326794896
330
0
330
0
  0
ACDB_MLEADEROBJECTCONTEXTDATA_CLASS
  5
E00
102
{ACAD_REACTORS
330
DFF
102
}
330
DFF
100
AcDbObjectContextData
 70
     4
290
     1
100
AcDbAnnotScaleObjectContextData
340
10D
 40
1.0
 10
10915.48647275536
 20
11302.80057699348
 30
0.0
 41
4.0
140
4.0
145
2.0
174
     1
175
     1
176
     0
177
     0
290
     1
304

 11
0.0
 21
0.0
 31
1.0
340
11
 12
10917.48647275536
 22
11304.80057699348
 32
0.0
 13
1.0
 23
0.0
 33
0.0
 42
0.0
 43
0.0
 44
0.0
 45
1.0
170
     1
 90
-1073741824
171
     1
172
     5
 91
-1073741824
141
0.0
 92
        0
291
     0
292
     0
173
     0
293
     0
142
0.0
143
0.0
294
     0
295
     0
296
     0
110
10914.72661322275
120
11302.5431306139
130
0.0
111
1.0
121
0.0
131
0.0
112
0.0
122
1.0
132
0.0
297
     0
302
LEADER{
290
     1
291
     1
 10
10914.98959709862
 20
11302.80057699348
 30
0.0
 11
1.0
 21
0.0
 31
0.0
 90
        0
 40
0.4968756567395758
304
LEADER_LINE{
 10
10914.71672335424
 20
11302.59532240594
 30
0.0
 91
        0
305
}
271
     0
303
}
272
     9
273
     9
  0
ACDB_MLEADEROBJECTCONTEXTDATA_CLASS
  5
E07
102
{ACAD_REACTORS
330
E06
102
}
330
E06
100
AcDbObjectContextData
 70
     4
290
     1
100
AcDbAnnotScaleObjectContextData
340
10D
 40
1.0
 10
10915.48647275536
 20
11302.5075438405
 30
0.0
 41
4.0
140
4.0
145
2.0
174
     1
175
     1
176
     0
177
     0
290
     1
304

 11
0.0
 21
0.0
 31
1.0
340
11
 12
10917.48647275536
 22
11304.5075438405
 32
0.0
 13
1.0
 23
0.0
 33
0.0
 42
0.0
 43
0.0
 44
0.0
 45
1.0
170
     1
 90
-1073741824
171
     1
172
     5
 91
-1073741824
141
0.0
 92
        0
291
     0
292
     0
173
     0
293
     0
142
0.0
143
0.0
294
     0
295
     0
296
     0
110
10914.72661322275
120
11302.25009746093
130
0.0
111
1.0
121
0.0
131
0.0
112
0.0
122
1.0
132
0.0
297
     0
302
LEADER{
290
     1
291
     1
 10
10914.98959709862
 20
11302.5075438405
 30
0.0
 11
1.0
 21
0.0
 31
0.0
 90
        0
 40
0.4968756567395758
304
LEADER_LINE{
 10
10914.71672335424
 20
11302.30228925296
 30
0.0
 91
        0
305
}
271
     0
303
}
272
     9
273
     9
  0
ACDB_MLEADEROBJECTCONTEXTDATA_CLASS
  5
E0D
102
{ACAD_REACTORS
330
E0C
102
}
330
E0C
100
AcDbObjectContextData
 70
     4
290
     1
100
AcDbAnnotScaleObjectContextData
340
10D
 40
1.0
 10
10915.48647275536
 20
11302.14986055606
 30
0.0
 41
4.0
140
4.0
145
2.0
174
     1
175
     1
176
     0
177
     0
290
     1
304

 11
0.0
 21
0.0
 31
1.0
340
11
 12
10917.48647275536
 22
11304.14986055606
 32
0.0
 13
1.0
 23
0.0
 33
0.0
 42
0.0
 43
0.0
 44
0.0
 45
1.0
170
     1
 90
-1073741824
171
     1
172
     5
 91
-1073741824
141
0.0
 92
        0
291
     0
292
     0
173
     0
293
     0
142
0.0
143
0.0
294
     0
295
     0
296
     0
110
10914.72661322275
120
11301.89241417649
130
0.0
111
1.0
121
0.0
131
0.0
112
0.0
122
1.0
132
0.0
297
     0
302
LEADER{
290
     1
291
     1
 10
10914.98959709862
 20
11302.14986055606
 30
0.0
 11
1.0
 21
0.0
 31
0.0
 90
        0
 40
0.4968756567395758
304
LEADER_LINE{
 10
10914.71672335424
 20
11301.94460596852
 30
0.0
 91
        0
305
}
271
     0
303
}
272
     9
273
     9
  0
ACDB_MLEADEROBJECTCONTEXTDATA_CLASS
  5
E13
102
{ACAD_REACTORS
330
E12
102
}
330
E12
100
AcDbObjectContextData
 70
     4
290
     1
100
AcDbAnnotScaleObjectContextData
340
10D
 40
1.0
 10
10915.48647275536
 20
11301.92046481021
 30
0.0
 41
4.0
140
4.0
145
2.0
174
     1
175
     1
176
     0
177
     0
290
     1
304

 11
0.0
 21
0.0
 31
1.0
340
11
 12
10917.48647275536
 22
11303.92046481021
 32
0.0
 13
1.0
 23
0.0
 33
0.0
 42
0.0
 43
0.0
 44
0.0
 45
1.0
170
     1
 90
-1073741824
171
     1
172
     5
 91
-1073741824
141
0.0
 92
        0
291
     0
292
     0
173
     0
293
     0
142
0.0
143
0.0
294
     0
295
     0
296
     0
110
10914.72661322275
120
11301.66301843063
130
0.0
111
1.0
121
0.0
131
0.0
112
0.0
122
1.0
132
0.0
297
     0
302
LEADER{
290
     1
291
     1
 10
10914.98959709862
 20
11301.92046481021
 30
0.0
 11
1.0
 21
0.0
 31
0.0
 90
        0
 40
0.4968756567395758
304
LEADER_LINE{
 10
10914.71672335424
 20
11301.71521022267
 30
0.0
 91
        0
305
}
271
     0
303
}
272
     9
273
     9
  0
ACDB_MLEADEROBJECTCONTEXTDATA_CLASS
  5
E19
102
{ACAD_REACTORS
330
E18
102
}
330
E18
100
AcDbObjectContextData
 70
     4
290
     1
100
AcDbAnnotScaleObjectContextData
340
10D
 40
1.0
 10
10915.46301138845
 20
11303.17083604732
 30
0.0
 41
4.0
140
4.0
145
2.0
174
     1
175
     1
176
     0
177
     0
290
     1
304

 11
0.0
 21
0.0
 31
1.0
340
11
 12
10917.46301138845
 22
11305.17083604732
 32
0.0
 13
1.0
 23
0.0
 33
0.0
 42
0.0
 43
0.0
 44
0.0
 45
1.0
170
     1
 90
-1073741824
171
     1
172
     5
 91
-1073741824
141
0.0
 92
        0
291
     0
292
     0
173
     0
293
     0
142
0.0
143
0.0
294
     0
295
     0
296
     0
110
10914.70315185583
120
11302.91338966774
130
0.0
111
1.0
121
0.0
131
0.0
112
0.0
122
1.0
132
0.0
297
     0
302
LEADER{
290
     1
291
     1
 10
10914.96613573171
 20
11303.17083604732
 30
0.0
 11
1.0
 21
0.0
 31
0.0
 90
        0
 40
0.4968756567395758
304
LEADER_LINE{
 10
10914.69326198732
 20
11302.89630564153
 30
0.0
 91
        0
305
}
271
     0
303
}
272
     9
273
     9
  0
ACDB_MLEADEROBJECTCONTEXTDATA_CLASS
  5
E1F
102
{ACAD_REACTORS
330
E1E
102
}
330
E1E
100
AcDbObjectContextData
 70
     4
290
     1
100
AcDbAnnotScaleObjectContextData
340
10D
 40
1.0
 10
10915.50249867368
 20
11302.99838520145
 30
0.0
 41
4.0
140
4.0
145
2.0
174
     1
175
     1
176
     0
177
     0
290
     1
304

 11
0.0
 21
0.0
 31
1.0
340
11
 12
10917.50249867368
 22
11304.99838520145
 32
0.0
 13
1.0
 23
0.0
 33
0.0
 42
0.0
 43
0.0
 44
0.0
 45
1.0
170
     1
 90
-1073741824
171
     1
172
     5
 91
-1073741824
141
0.0
 92
        0
291
     0
292
     0
173
     0
293
     0
142
0.0
143
0.0
294
     0
295
     0
296
     0
110
10914.74263914107
120
11302.74093882187
130
0.0
111
1.0
121
0.0
131
0.0
112
0.0
122
1.0
132
0.0
297
     0
302
LEADER{
290
     1
291
     1
 10
10915.00562301694
 20
11302.99838520145
 30
0.0
 11
1.0
 21
0.0
 31
0.0
 90
        0
 40
0.4968756567395758
304
LEADER_LINE{
 10
10914.73274927255
 20
11302.7931306139
 30
0.0
 91
        0
305
}
271
     0
303
}
272
     9
273
     9
  0
ACDB_MLEADEROBJECTCONTEXTDATA_CLASS
  5
1656
102
{ACAD_REACTORS
330
1655
102
}
330
1655
100
AcDbObjectContextData
 70
     4
290
     1
100
AcDbAnnotScaleObjectContextData
340
10D
 40
1.0
 10
11195.53364838112
 20
11272.82368121648
 30
0.0
 41
4.0
140
4.0
145
2.0
174
     1
175
     1
176
     0
177
     0
290
     1
304

 11
0.0
 21
0.0
 31
1.0
340
11
 12
11197.53364838112
 22
11274.82368121648
 32
0.0
 13
1.0
 23
0.0
 33
0.0
 42
0.0
 43
0.0
 44
0.0
 45
1.0
170
     1
 90
-1073741824
171
     1
172
     5
 91
-1073741824
141
0.0
 92
        0
291
     0
292
     0
173
     0
293
     0
142
0.0
143
0.0
294
     0
295
     0
296
     0
110
11193.45821926314
120
11272.46808424204
130
0.0
111
1.0
121
0.0
131
0.0
112
0.0
122
1.0
132
0.0
297
     0
302
LEADER{
290
     1
291
     1
 10
11194.32626011717
 20
11272.82368121648
 30
0.0
 11
1.0
 21
0.0
 31
0.0
 90
        0
 40
1.207388263952452
304
LEADER_LINE{
 10
11193.45821926314
 20
11272.46808424204
 30
0.0
 91
        0
305
}
271
     0
303
}
272
     9
273
     9
  0
ACDB_MLEADEROBJECTCONTEXTDATA_CLASS
  5
1662
102
{ACAD_REACTORS
330
1661
102
}
330
1661
100
AcDbObjectContextData
 70
     4
290
     1
100
AcDbAnnotScaleObjectContextData
340
10D
 40
1.0
 10
11195.51002250096
 20
11272.34834344555
 30
0.0
 41
4.0
140
4.0
145
2.0
174
     1
175
     1
176
     0
177
     0
290
     1
304

 11
0.0
 21
0.0
 31
1.0
340
11
 12
11197.51002250096
 22
11274.34834344555
 32
0.0
 13
1.0
 23
0.0
 33
0.0
 42
0.0
 43
0.0
 44
0.0
 45
1.0
170
     1
 90
-1073741824
171
     1
172
     5
 91
-1073741824
141
0.0
 92
        0
291
     0
292
     0
173
     0
293
     0
142
0.0
143
0.0
294
     0
295
     0
296
     0
110
11193.29289232878
120
11272.10885715265
130
0.0
111
1.0
121
0.0
131
0.0
112
0.0
122
1.0
132
0.0
297
     0
302
LEADER{
290
     1
291
     1
 10
11194.10304844338
 20
11272.34834344555
 30
0.0
 11
1.0
 21
0.0
 31
0.0
 90
        0
 40
1.406974057579645
304
LEADER_LINE{
 10
11193.29289232878
 20
11272.10885715265
 30
0.0
 91
        0
305
}
271
     0
303
}
272
     9
273
     9
  0
ACDB_MLEADEROBJECTCONTEXTDATA_CLASS
  5
166C
102
{ACAD_REACTORS
330
166B
102
}
330
166B
100
AcDbObjectContextData
 70
     4
290
     1
100
AcDbAnnotScaleObjectContextData
340
10D
 40
1.0
 10
11195.68439560159
 20
11271.84715048206
 30
0.0
 41
4.0
140
4.0
145
2.0
174
     1
175
     1
176
     0
177
     0
290
     1
304

 11
0.0
 21
0.0
 31
1.0
340
11
 12
11197.68439560159
 22
11273.84715048206
 32
0.0
 13
1.0
 23
0.0
 33
0.0
 42
0.0
 43
0.0
 44
0.0
 45
1.0
170
     1
 90
-1073741824
171
     1
172
     5
 91
-1073741824
141
0.0
 92
        0
291
     0
292
     0
173
     0
293
     0
142
0.0
143
0.0
294
     0
295
     0
296
     0
110
11193.32304177288
120
11271.41008113937
130
0.0
111
1.0
121
0.0
131
0.0
112
0.0
122
1.0
132
0.0
297
     0
302
LEADER{
290
     1
291
     1
 10
11194.11204038287
 20
11271.84715048206
 30
0.0
 11
1.0
 21
0.0
 31
0.0
 90
        0
 40
1.572355218726443
304
LEADER_LINE{
 10
11193.32304177288
 20
11271.41008113937
 30
0.0
 91
        0
305
}
271
     0
303
}
272
     9
273
     9
  0
ACDB_MLEADEROBJECTCONTEXTDATA_CLASS
  5
1673
102
{ACAD_REACTORS
330
1672
102
}
330
1672
100
AcDbObjectContextData
 70
     4
290
     1
100
AcDbAnnotScaleObjectContextData
340
10D
 40
1.0
 10
11196.02538405114
 20
11271.48490346054
 30
0.0
 41
4.0
140
4.0
145
2.0
174
     1
175
     1
176
     0
177
     0
290
     1
304

 11
0.0
 21
0.0
 31
1.0
340
11
 12
11198.02538405114
 22
11273.48490346054
 32
0.0
 13
1.0
 23
0.0
 33
0.0
 42
0.0
 43
0.0
 44
0.0
 45
1.0
170
     1
 90
-1073741824
171
     1
172
     5
 91
-1073741824
141
0.0
 92
        0
291
     0
292
     0
173
     0
293
     0
142
0.0
143
0.0
294
     0
295
     0
296
     0
110
11193.66403022242
120
11271.04783411785
130
0.0
111
1.0
121
0.0
131
0.0
112
0.0
122
1.0
132
0.0
297
     0
302
LEADER{
290
     1
291
     1
 10
11194.45302883241
 20
11271.48490346054
 30
0.0
 11
1.0
 21
0.0
 31
0.0
 90
        0
 40
1.572355218726443
304
LEADER_LINE{
 10
11193.66403022242
 20
11271.04783411785
 30
0.0
 91
        0
305
}
271
     0
303
}
272
     9
273
     9
  0
ACDB_MLEADEROBJECTCONTEXTDATA_CLASS
  5
1679
102
{ACAD_REACTORS
330
1678
102
}
330
1678
100
AcDbObjectContextData
 70
     4
290
     1
100
AcDbAnnotScaleObjectContextData
340
10D
 40
1.0
 10
11196.08550662678
 20
11271.16586272898
 30
0.0
 41
4.0
140
4.0
145
2.0
174
     1
175
     1
176
     0
177
     0
290
     1
304

 11
0.0
 21
0.0
 31
1.0
340
11
 12
11198.08550662678
 22
11273.16586272898
 32
0.0
 13
1.0
 23
0.0
 33
0.0
 42
0.0
 43
0.0
 44
0.0
 45
1.0
170
     1
 90
-1073741824
171
     1
172
     5
 91
-1073741824
141
0.0
 92
        0
291
     0
292
     0
173
     0
293
     0
142
0.0
143
0.0
294
     0
295
     0
296
     0
110
11193.65133571965
120
11270.89881701529
130
0.0
111
1.0
121
0.0
131
0.0
112
0.0
122
1.0
132
0.0
297
     0
302
LEADER{
290
     1
291
     1
 10
11194.51315140805
 20
11271.16586272898
 30
0.0
 11
1.0
 21
0.0
 31
0.0
 90
        0
 40
1.572355218726443
304
LEADER_LINE{
 10
11193.65133571965
 20
11270.89881701529
 30
0.0
 91
        0
305
}
271
     0
303
}
272
     9
273
     9
  0
XRECORD
  5
1FA
102
{ACAD_REACTORS
330
1F9
102
}
330
1F9
100
AcDbXrecord
280
     1
 70
     1
 90
429727718
  1
D62C5603-E3A1-4AEA-B7FB-FE5D8D0755AF
310
504B03040A0000080000CC70623B3DEE336E79000000790000001B0000006175746F6465736B2D64657369676E2D7061636B6167652E786D6C3C3F786D6C2076657273696F6E3D22312E302220656E636F64696E673D227574662D3822203F3E3C666F726D6174733E3C666F726D61743E687474703A2F2F736368656D612E
310
6175746F6465736B2E636F6D2F64657369676E2D7061636B6167652F323030393C2F666F726D61743E3C2F666F726D6174733E504B0304140006080800CC70623BD486FD9CA0000000F4000000130000005B436F6E74656E745F54797065735D2E786D6C7D8EC10E82300C865F65E91D8A1E8C310C0EEA1BF002731658846E
310
D98AC1B77784ABF1D8FE5FBFBF75BBCE937A534CCEB38643598122B6FEE978D0B0485F9C41B54DDD7D022595594E1A469170414C76A4D9A4D207E29CF43ECE46F218070CC6BECC4078ACAA135ACF422C856C0E68EA1BF5669944DDD7BCDE7B1F8E415D77AECB980613C2E4AC91FC167A2B244592486606FC29C8FD7F045B9A
310
EF7053A7E60B504B0304140006080800CC70623B853B8169EB0000007C01000008000000636F72652E786D6C8D90416EC3201045AF62CDB6C206821CC7C244919D9CA01740401C94182C03558F5F9C3852BBEB6A467FFE9B197D7EFC9E1EC5975982F5AE035262288C535E5B377690E21535501C055FBC8FBF6C503839990E
310
5619041F179FE64D52DE45E362569DD7661365082642A11EB9E920A89B99642953CC8E702F67A9EE7234257977194EC9EAE275C4EABCCF5EAD5940D4AC6F0E35A568B8F43562CD7046CD199FD07E60174276A7BE677B5EADB0E0D14EEFFB6A31321A0D82627C4084204C3F096B71DD52F6819B16635EADF63F509AF53FA164
310
5DDCD1EDDD17164090FCC8732078B56691CB33A85CD7DCC40F504B0304140006080800CC70623B55019EA25F0000007C00000007000000636E782E786D6C4DCB3B0E80201045D1AD90E915ED2CF8AC45050C11660C8261F98AB1B07AC9C97D42D718D865D3E909258CFD00CCE24AC6E326A164D74DC0B4128928FF32603847
310
2BA13128B1252AC747C6BAB984FC68F0B87FE8960A5C09FE86CFB69FBA01504B0304140006080800CC70623BDBABAAF470010000D40300000C0000006662782F636F72652E786D6CC553D16E823014FD95A6AF4B694182CC941A83FA05FB810A9511A125A5257EFE2E82712ECEB8A7F100CD39F7F69E734AF9FADC366850B6
310
AF8DCE7018308C942E4C59EB2AC3DE1D498AD15A706B8CFB56869196ADCAF00863C12B6B7C374385D14E6907A836A59A41D9F7CA615434B0C8705F7CAA5606D23BA8E84F41278B93AC54100640439DE0BDB320004D43C63716C7C399D30917DCFBBA9CD9BA8469F5B156168B24CED3F7248AC8769F27244EB73B92EED8862C
310
B7F13E0C179B3C8F979C8ECD82BBBABDAA2BAC924E9558448CBD9330242CFA08E3154B5651FCC6D215639C8EE5774DBE2B5F6CF2B5768B68963BB5F5588420E442FC700B1139D4CB01F450C1E918227C2E09DF070D8140C84E1E9AAB8F1340832A9CB13130A5F1376A908D57309505ECF2A0DF179C4E9D30F5B239B87E3823
310
7A79C6F31DE1A8A5AEC08474B03C7837EAE4938639B44E5932B833D2C6B6B279CDC613877FA26EE21F4A2A4C63EC7F29A2F301D1F9F7A0E37D145F504B0304140006080800CC70623B9C113CC27E0000009D0000000B0000006662782F636E782E786D6C4DCCDF0A83201C86E15B91DFB94BFB330DD428C8FB886521330DA7
310
6397BF1A1DECE883878F57749FCDA1B7892F1BBC047A23808C7F84D9FA55424E0BE6803A256208E9EF06C84F9B91703228B1C690F78B66B34CD9A5439DF5CF0BFBF65E35BCA1B8D6A5C6F540381E886698B5741C695F9503EBA150A2F8958E3DC3EA0B504B0304140006080800CC70623B7DF2F77C2A010000120200003100
310
00006662782F41393633353835312D344632462D344230382D423046372D3739314545314133324237412F636F72652E786D6C8D51DB8EC22014FC15C2939B0D2DB4B45643319AE817EC0F6041255A68B86CFCFC856D4D76DF7CE190393373060EDB3DC707F856CE6B6B7A480A0C81328395DA5C7B18C3057510EC3873D686
310
3F34088C18550F330C39BB3A1BA7051AAC09CA84841A2BD5020AEF55806078A44B0FFD7053A328440C89E1EFC52486BBB8AA8214A99D789CF9E05200300FC927E4FB4D5B375D43103D5527440FB843077C5AA3F5861C8F645F5787F59E95B390B318B55CE45AA638FAA2957BD7248B390B7A7CC51F9C124149C82B8C378810
310
84AB2F42B7B8DD56F413775B8C5999E9FF4471926F8AA236A1AE96B8B3CC434E5839373893369E1FAF30EA395917409EB7F26AF8801C171837A4A6AC9C89E9F9C9B1A58BA30FD6A5EF5DDDCF894B9AD9B6A59C957943A9FCAE2FD5BC4DFE03504B0304140006080800CC70623BAD7543B64E01000033030000300000006662
310
782F41393633353835312D344632462D344230382D423046372D3739314545314133324237412F636E782E786D6CD593CD6EC32010845F0571AD6CE3D48AD20813A9873E410FBD12D82434182C7EAAE6EDBB2424CD25871E7B41D6EC30B3FA84F9E67BB2E40B4234DE8DB46F1925E094D7C6ED479AD3AE5951B2113C789FEE
310
6C943839C1488B4C05DF079FE72A69D8C96C13AAD6B8631503449F83828872B949AC57D26200B826A308D316B4064D6E46FCDA41C05550DC9E483A00797BFD207EFB092A45DE9514C1BBD22178396BD39D891265658C238DEA00936C654E5E433CB65A26D9F6EDB5EBC14EBF49A45CB856E66048291F6939A9A81BB5C89177
310
38143CA680F4AA299D66A042CEB3354A2684DC9D8D178FE0D9B8B41CAAD720F880EE7EF93C0C18769E099ECC04D5A102C8049A8A05632F4DDF376CF1DE0F6BB65C2F8627B65A33C6BB62177CEBBDAD973006829F89F22E814B54F4BC2BE347F8AA8F681390B50FA73F804400B5F542E796F19FF974E7F78DB802FE05E20750
310
4B0304140006080800CC70623BE75B7789680500003C100000340000006662782F41393633353835312D344632462D344230382D423046372D3739314545314133324237412F6F626A656374732E786D6CAD575B8F9B3818FD2B887D06C22499CB8AA1CA655245D5B455A356FB305264C061D8018C6C3393D95FBFC7600890
310
A4CD5EF210B0B1BFEBF98E3F7B1FF6596ABC522E1296DF9BAE3D320D9A872C4AF2F8DE2CE5CEBA358D0FBEC719939D65A691938CDE9B6ADAF4BD98B3B2D05311DD91329583D9D5FC0F438434A7A611A644887B5384CF34233629258BA878B12322891DEFF6B66BD70BFB62634E8AE781D082709A4B588AF91C528CDA28B73F
310
1C998EEF39EABBEFA97FBD6A7C7E9553F9D3D79FE442923C3C523610337627CB87ABE99D359D4CC6D6E4FACAB5E6ABF9D2726FC6A3C5F56271377BB88362213924694B38DD99FE47C48627A1E7D49F5A8BB5E1A74C0A599ED3B0F21F1E56366B89112D681E218F0915D0D6F17AD41FBA2A369DCF6335D62ABBD39779D5DDD1
310
11D4D8DE3CBB96B2E04FB8202E41051754A1AA8E8F76B4C6DFE810B580B1547F4B84911149794252234D024EF8BBE963A95AE27B3D310A9D5C215C7960FAEE415ED75694C6AFB17BCACA5D99A60A9AA65F217B0BFC53292ACB92BF283FAD0D3621576592CB5BED907C2FA8E9DF794E35E97BEA31BED21FEB401ABB94C44839
310
DCACBF0E1C5DA8DA5B2F4DFFD32AD86F543D9E565E7056502E157C00AD2671CD534549AB752FCA9CDA00677A313F04E51B22FF19E57B300579E3C97EB29F682D92935CEC18CF901B7B54FD8C51F362B56FC72FE0B3C1EAE335EDCCBF5AEC39ADB17DC238973F804BA5E6F6BFE7AF1FB32E523BE9F3BD571418E3631DCA4D48
310
5250CF639223210A9446CA30052EDF057BD35F8329C1ECD84552BF0DC8D18BE7BCE23BFE6BD960AB4A7DE79923A103BEBD80F911CBAA2C60DB19B01CF164A5583B772EE6D3FFA56666CBCDA74DC97724A48F9A58967497E489C4D979006FD7A05E227A1EBDD0F737C623387A9C844D3709995625106D157315F8B8392CD4E0
310
A0B9A720C4BE9829CEF37EA1E13111214D53925356365ADA634861B52519DD27A00AEB808EAF0628E6F435519D446F45CF2C9CF5214F0A15B2F6D06B79DA3EE3CBF7F56780D2F4E7EF73A0F5E5B02A38D07DC852C6B7C1FBB6664213E0C39E3EBA7FF4E1AD23EA2829407C85E586727488B751B2DB9502BC7B228A3FD68B6E
310
A65A22397E690AA8D158D7E404EC8CDA235CC3B7D1898680131CEC2CDF2638C65196279577750F15884AEE19F94199155B92B13297978469D4F8D358DF0AEF7631E28DC8F0D9F437D5D39A83B2231A1D52D543813A824EF8D44BCFF2FA6A31BD1E8DAD87F1CCB526B3879935BF59CDADD5C37479BB1CDD4CA7B3556B516589
310
EF352754B706114D9C885EC9131DE6EFEB43D99AFE2391C2F958179413D7CFEF6B1B6DB1E7600F00DE6E5C67454A339A4BA2E0FBA85ED26F045D454F463DBFCE484C2F90F2E5E3666003662ED8F755951A7D1BECD5B30B550B2785C8E7320B7292A4838DDA71BBC863ED7613CAF659337A3354231D4FF4A182A54904C2898C
310
98B28C4AD0CE056CCF332A80986E571EE9DBC305BB5FEB7E509220A58D25CF042D712A806AC0AD0C657FDEF80D2D9CEAA2EE4D1C76F60BFE74219A06527D6F82DF6412526107381E55E353090704D085B52408A8913C4ED159D79BDA71BB4BC506F4831350EB6F975CD22D69BF7AC49B91A2C0A9DDA3D5CA36AD20FC478E37
310
E61844E2352865EBCB61A275A65283CAAA9DD27703B4102F5AF51EF5F573B75CBB5AD38BC845F7A49F82A0966A49C2E3EA5EA0ECD326CD965F1DB402C6FA8B51A4658C5C5E2EC9E214602E55810345408596591009A82E7E7FFACA19EEA299B14A0081A705CB3296EBC14CDF658DCD336EA6D1136881AAEB87B81AB9EE53D5
310
F5EB8BC8362082DA24122F98680A4E7930C01A0079749CEA14382A0783E5EBA5A10F8C098456A03D6A4AEB6BB881E2513747552A5DB22C7EDAF83BD5528081A365F7FF06504B0304140006080000CC70623B000000000000000000000000350000006662782F41393633353835312D344632462D344230382D423046372D37
310
39314545314133324237412F76657274696365732E62696E504B0304140006080800CC70623BF270F1330600000004000000360000006662782F41393633353835312D344632462D344230382D423046372D3739314545314133324237412F747269616E676C65732E62696E636660600000504B0304140006080000CC7062
310
3B000000000000000000000000370000006662782F41393633353835312D344632462D344230382D423046372D3739314545314133324237412F617474726962757465732E62696E504B0304140006080800CC70623B08DA0BD19000000041010000360000006662782F41393633353835312D344632462D344230382D4230
310
46372D3739314545314133324237412F6469726563746F72792E786D6C858F410AC3201045AF22B36F53E9A60B35CBEEBAE80D244E44489C6234F4F835464A48035D0DF398FF9F8AF63D0E6CC63039F212F8F9020C7D47C6792B21C5FE7403D62A1188E2E60C98D7234A5830286103A55745067B9D86B8A3CF9C7F90C11DE6
310
07FB144396D7B6A82D282E9A152AD114D5EF2CB866EEE831B8EEA07A7BB5A8D7D61A2BAAEB7FD5F70921FF497D00504B0304140006080800CC70623BEDD1DC58FD000000A00100003B0000006662782F41393633353835312D344632462D344230382D423046372D3739314545314133324237412F7265736F75726365732F
310
636F72652E786D6C8D504B6E833010BD0A9A6D65B00922041947112427E8052C33A156828DFCA97AFC9A40A576D7CDCCE87D344F8F9FBFE667F689CE6B6B3A6039850C8DB2A336530731DC4903D95970676DF82583CCC8193B5861107C72362E3BA4AC096842428D1D7107A5F7182053CF7474E0D507CE32973124857FE48B
310
540F3961CEF244279DE03EB81420DB9EAC1384436FA353E879B1B182C7A8C75DA3C7F453DF353A1075D537A7BA6464B8F535A99AE14A9A2BBD90E350DD183B5CFABE3AF262350B1EF4FC9351399401471025A527C218A1E53BAB5A5AB765F5469B96525EACF23FA6B88CFF34456DC2A1DCE36E360F82A5202F42F062ED2BAD
310
579969AFDD8A6F504B010214000A0000080000CC70623B3DEE336E79000000790000001B00000000000000000000000000000000006175746F6465736B2D64657369676E2D7061636B6167652E786D6C504B01021400140006080800CC70623BD486FD9CA0000000F40000001300000000000000000000000000B20000005B
310
436F6E74656E745F54797065735D2E786D6C504B01021400140006080800CC70623B853B8169EB0000007C010000080000000000000000000000000083010000636F72652E786D6C504B01021400140006080800CC70623B55019EA25F0000007C000000070000000000000000000000000094020000636E782E786D6C504B
310
01021400140006080800CC70623BDBABAAF470010000D40300000C00000000000000000000000000180300006662782F636F72652E786D6C504B01021400140006080800CC70623B9C113CC27E0000009D0000000B00000000000000000000000000B20400006662782F636E782E786D6C504B01021400140006080800CC70
310
623B7DF2F77C2A010000120200003100000000000000000000000000590500006662782F41393633353835312D344632462D344230382D423046372D3739314545314133324237412F636F72652E786D6C504B01021400140006080800CC70623BAD7543B64E010000330300003000000000000000000000000000D2060000
310
6662782F41393633353835312D344632462D344230382D423046372D3739314545314133324237412F636E782E786D6C504B01021400140006080800CC70623BE75B7789680500003C10000034000000000000000000000000006E0800006662782F41393633353835312D344632462D344230382D423046372D3739314545
310
314133324237412F6F626A656374732E786D6C504B01021400140006080000CC70623B0000000000000000000000003500000000000000000000000000280E00006662782F41393633353835312D344632462D344230382D423046372D3739314545314133324237412F76657274696365732E62696E504B01021400140006
310
080800CC70623BF270F133060000000400000036000000000000000000000000007B0E00006662782F41393633353835312D344632462D344230382D423046372D3739314545314133324237412F747269616E676C65732E62696E504B01021400140006080000CC70623B0000000000000000000000003700000000000000
310
000000000000D50E00006662782F41393633353835312D344632462D344230382D423046372D3739314545314133324237412F617474726962757465732E62696E504B01021400140006080800CC70623B08DA0BD1900000004101000036000000000000000000000000002A0F00006662782F41393633353835312D344632
310
462D344230382D423046372D3739314545314133324237412F6469726563746F72792E786D6C504B01021400140006080800CC70623BEDD1DC58FD000000A00100003B000000000000000000000000000E1000006662782F41393633353835312D344632462D344230382D423046372D3739314545314133324237412F7265
310
736F75726365732F636F72652E786D6C504B0506000000000E000E0080040000641100000000
  0
XRECORD
  5
1F8
102
{ACAD_REACTORS
330
1F7
102
}
330
1F7
100
AcDbXrecord
280
     1
 70
     1
 90
429727718
  1
30362254-06B7-45E0-A893-8CFA70E3D6BC
310
504B03040A0000080000CC70623B3DEE336E79000000790000001B0000006175746F6465736B2D64657369676E2D7061636B6167652E786D6C3C3F786D6C2076657273696F6E3D22312E302220656E636F64696E673D227574662D3822203F3E3C666F726D6174733E3C666F726D61743E687474703A2F2F736368656D612E
310
6175746F6465736B2E636F6D2F64657369676E2D7061636B6167652F323030393C2F666F726D61743E3C2F666F726D6174733E504B0304140006080800CC70623BD486FD9CA0000000F4000000130000005B436F6E74656E745F54797065735D2E786D6C7D8EC10E82300C865F65E91D8A1E8C310C0EEA1BF002731658846E
310
D98AC1B77784ABF1D8FE5FBFBF75BBCE937A534CCEB38643598122B6FEE978D0B0485F9C41B54DDD7D022595594E1A469170414C76A4D9A4D207E29CF43ECE46F218070CC6BECC4078ACAA135ACF422C856C0E68EA1BF5669944DDD7BCDE7B1F8E415D77AECB980613C2E4AC91FC167A2B244592486606FC29C8FD7F045B9A
310
EF7053A7E60B504B0304140006080800CC70623B1EC5D7A3EB0000007C01000008000000636F72652E786D6C8D90416EC3201045AF82665B6103C6756C6122AB4D4ED00B204C5C94182C03558F5F9C3852BBEB6A467FFE9B197D71FC9E6FE8CBACC17AD7032D0820E3B41FAD9B7A48F1820F808E52ACDEC75F36404ECDA687
310
4D0629A6D5A76597B477D1B89855E747B38B2A041301E95B6E7A08FAD3CCAA50296647B8168BD2573599823EBB0CA76447F43862C7BCCF5EAC59410E4DDD9C7973C2755553CCCFA4C603E3040F1565ED3B1FDE4E432BCA0D9622DAF9795FAF464533826484B498524CD807E51D79ED187F21878E10516EF63F505AC67F42C9
310
BA58B1FDDD071640D2FCC87D2045B96591CB3DA85CB7DCE40F504B0304140006080800CC70623B55019EA25F0000007C00000007000000636E782E786D6C4DCB3B0E80201045D1AD90E915ED2CF8AC45050C11660C8261F98AB1B07AC9C97D42D718D865D3E909258CFD00CCE24AC6E326A164D74DC0B4128928FF32603847
310
2BA13128B1252AC747C6BAB984FC68F0B87FE8960A5C09FE86CFB69FBA01504B0304140006080800CC70623B8C9102E971010000D40300000C0000006662782F636F72652E786D6CC5535B6E833010BC8AE5DF0A6C08340F1947A84D4ED00B38C6A128602363A31CBFCB234A53A551FA553EC09AD9F5CE8C31DB9E9B1AF5CA
310
7695D1198E428A91D2D214952E33ECDD315861B4E5CC1AE3BE9561A445A3323CC098B3D21ADFCE9034DA29ED00D5A6503328BA4E398C640D8B0C77F253352214DE4145770A5B214FA2546114020D759C75CE8200340D19DE981F0F6746269C33EFAB6266AB02A655C74A59CCF365BADC27CB5D902ED22848F6340DF238A141
310
BE88E2F57B92BFEDF23523433367AE6A2EEAA455C2A902F398D2751045018D3FA264435F3771F242571B4A1919CA6F9A7C5B3CD9E42BED16F12C776AEB308F40C848FC700B1139D4891EF410CEC810227CC6846F8386402064270EF5C5C709A05E49676C024C61FC95EA45ED154CA5211D1FF4FB8291A913A68E9B83EBBB33
310
E2A7673CDE118E5AE8124C0807CB8377834E366998436B950D7A7746DAD846D4CFD978E0F04FD455FC5D49D2D4C6FE9722321F10997F0F32DC47FE05504B0304140006080800CC70623BFFEA85907E0000009D0000000B0000006662782F636E782E786D6C4DCCD10A83201886E15B91FFDC95D95A811AB6F23E625948A6C3
310
E9D8E5AF46073BFAE0E1E365ED67B3E8ADC3CB78C7815C7240DA3DFC64DCC221C519D7805AC182F7F1EF06C88D9BE6703008B6049F9E274D7A1E938DBB5AE3D6131B2589BA0D3D965551E0B2EA732C9B9A624AAEB41E3A557677029960D9AFB4EF11165F504B0304140006080800CC70623B4FEEA4082C0100001202000031
310
0000006662782F39464131463745442D413632322D343644302D413938332D3331353338454246344243312F636F72652E786D6C8D515B6EC32010BC0AE2AB55850DD871ED0813254D72825EC00192A2C460F1A872FC42ED48ED5F7E00CDCECCCEB26C731F6FE05B39AFADE921293004CA082BB5B9F43086336A21D870E6AC
310
0D7F68109861543DCC30E4ECE26C9C164858139409093556AA051CBC570102714B8F1E7AF1A5C6A11862480C7F2DA6415C878B2A4891CA89C7990F2E050073937C42DE1DB7E4F87ED8A36D4329AA9B3D46DBAEAD504556557BD81DEBDD0761E52CE42C462D17B996298E3E6BE59E35C962CE821E1FF18553435012728A7187
310
0841987E927A8D9B35ADDF70BBC6989599FE4F1427F9A4286A132ABAC49D651EF234CD5CE04CDA78BA3DC2A8FB645D00B9DF8B57E215725C60BCA2A463E54C4CE327C7A65E1C7DB02E7DEFCBF594B864C5CA6CDBD49C957943E9FA5D5FBAF336F90F504B0304140006080800CC70623BAD7543B64E01000033030000300000
310
006662782F39464131463745442D413632322D343644302D413938332D3331353338454246344243312F636E782E786D6CD593CD6EC32010845F0571AD6CE3D48AD20813A9873E410FBD12D82434182C7EAAE6EDBB2424CD25871E7B41D6EC30B3FA84F9E67BB2E40B4234DE8DB46F1925E094D7C6ED479AD3AE5951B2113C
310
789FEE6C943839C1488B4C05DF079FE72A69D8C96C13AAD6B8631503449F83828872B949AC57D26200B826A308D316B4064D6E46FCDA41C05550DC9E483A00797BFD207EFB092A45DE9514C1BBD22178396BD39D891265658C238DEA00936C654E5E433CB65A26D9F6EDB5EBC14EBF49A45CB856E66048291F6939A9A81BB5
310
C8917738143CA680F4AA299D66A042CEB3354A2684DC9D8D178FE0D9B8B41CAAD720F880EE7EF93C0C18769E099ECC04D5A102C8049A8A05632F4DDF376CF1DE0F6BB65C2F8627B65A33C6BB62177CEBBDAD973006829F89F22E814B54F4BC2BE347F8AA8F681390B50FA73F804400B5F542E796F19FF974E7F78DB802FE05
310
E207504B0304140006080800CC70623B16AB87BA640500003C100000340000006662782F39464131463745442D413632322D343644302D413938332D3331353338454246344243312F6F626A656374732E786D6CAD575B6FA33818FD2B887DE6924B3BED8A326A92B68A663B534DD4D13E548A0C38942D60649B369D5FBFC7
310
600890A493BDE42160637FD7F31D7FF63E6FB3D478A55C242CBF3247B66B1A340F5994E4F19559CA8D75611A9F7D8F33263BCB4C232719BD32D5B4E97B316765A1A722BA21652A07B3B7B33F0D11D29C9A46981221AE4C113ED38CD8A4942CA2E2C58E882476BCD9DA23BB5ED8171B73523C0F841684D35CC252CCE79062D4
310
468DFA43D7747CCF51DF7D4FFDEB5593E3AB9CCA9FBEFE241792E4E19EB28198C968BAB8199F5D5A67D3E9C49A9E8F47D6EC76B6B0469F26EEFC7C3EBFBCBEB98462213924694B38DD98FE1D62C393D073EA4FADC5DAF04326852CCF6958F90F0F2B9BB5C48816348F90C7840A68EB78EDF68723159BCEE7891A6B95DDE9D3
310
BCEAEEE8086A6C6F9E5D4B59F0175C10A7A0820BAA5055C7473B5AE3CFDD452D602CD5DF12616444529E90D448938013FE6EFA58AA96F85E4F8C42275708571E98FE6827AF6B2B4AE3D7D83D64E5A64C53054DD3AF90BD06FEA9149565C94FCA0F6B834DC85599E4F2423B24DF0B6AFA979E534DFA9E7A4CC6FA631D486393
310
921829879BF5D781A373557BCB85E97FB90DB62B558F8795179C15944B051F40AB495CF35451D26A4727654E6D8033BD98EF82F21D91FF8AF2DD9982BCF1643BDD4EB516C9492E368C67C88DED563FC36D5EACF66DFF057C3658BDBFA69DF9578B3DA735B64F18C7F20770A9D45CFCF7FCF563D6456A277DBEF78A02637CA2
310
43B90A490AEAB94F72244481D24819A6C0E59B606BFA4B3025981DBB48EAB701D97BF19C577CC77F2D1B6C55A9EF3C732474C0B727303F625995056C3B02963D9EAC146BE78EC5FCEC7FA999EBC5EACBAAE41B12D27B4D2C0BBA49F244E2ECDC81B76B502F113D8F5EE8FB1BE3111CDD4FC2AA9B844CAB1288B68AB90A7CDC
310
1C166AB0D3DC5310625FCC14E779BFD0709F8890A629C9292B1B2DED31A4B0DA928CEE135085754027E3018A397D4D5427D15BD1330B677DC8934285AC3DF45A9EB68FF8F2B8FC0A509AFEECFD0FF2DE25CC6047F7214B195F07EFEB9A094D800F7BFAE8FED187B78EA8A3A400F115961BCAD1215E47C966530AF0EE8128FE
310
58CEBB996A8964FFA529A046635D9353B0336A8F700DDF46271A024E70B0B37C9DE01847591E54DED53D54202AB947E4076556AC49C6CA5C9E1226B7F1A7B1BE15DEED62C41B91E1B3E9AFAAA735036547343A925075041DF0A9979E893B391F8FCFA6967B3EFB644DCF6E5CEBFAE272625DCC6FAF3FB93793C5F90CE1EF57
310
407342756B10D1C489E8953CD1617E5CEECAD6F4EF8914CE5D5D504E5C3F1F9736DA62CFC11E00BCDDB8CC8A9466349744C1F75EBDA4DF09BA8A9E8C7A7E9991989E20E5DBDD6A6003664ED8F7A04A8DBE0DF6EAD9B9AA858342E47399053949D2C146EDB85DE4B176BB0965FBAC19BD19AA918E27FA50C1D22402E144464C
310
59462568E704B6E71915404CB72B8FF4EDE184DDAF753F284990D2C6926782963815403548A70C657FDEF80D2D9CEAA2AE4C1C76F60BFE74219A06527D6582DF6412526107381E55E353090704D085B52408D0933C4ED159D79BDA71BB4BC506F4831350EB6F979CD22D69BF7AC49B91A2C0A9DDA3D5CA36AD20FC478E37E6
310
1844E2352865EBCB6EA275A652E3836BE04EFB400BF1A2556F515F1FBB35B2AB35BD889C744FFA1004B5544B121E57F70215746DD2F5E2C1412B602CBF19455AC6C8E5E9922C4E01E65215385004546899059180EAFCF7A707CE7017CD8CDB0410789AB32C63B91E5CEBBBACB17AC6CD347A022D5075FD106377347AAABA7E
310
7D11590744509B44E205134DC1290F06580320F78E537D3D73540E06CB970B431F185308AD40BBD794D6D77003C5A36E8EAA54BA64597CD8F83BD552A080A365F7FF06504B0304140006080000CC70623B000000000000000000000000350000006662782F39464131463745442D413632322D343644302D413938332D3331
310
353338454246344243312F76657274696365732E62696E504B0304140006080800CC70623BF270F1330600000004000000360000006662782F39464131463745442D413632322D343644302D413938332D3331353338454246344243312F747269616E676C65732E62696E636660600000504B0304140006080000CC70623B
310
000000000000000000000000370000006662782F39464131463745442D413632322D343644302D413938332D3331353338454246344243312F617474726962757465732E62696E504B0304140006080800CC70623B08DA0BD19000000041010000360000006662782F39464131463745442D413632322D343644302D413938
310
332D3331353338454246344243312F6469726563746F72792E786D6C858F410AC3201045AF22B36F53E9A60B35CBEEBAE80D244E44489C6234F4F835464A48035D0DF398FF9F8AF63D0E6CC63039F212F8F9020C7D47C6792B21C5FE7403D62A1188E2E60C98D7234A5830286103A55745067B9D86B8A3CF9C7F90C11DE607
310
FB144396D7B6A82D282E9A152AD114D5EF2CB866EEE831B8EEA07A7BB5A8D7D61A2BAAEB7FD5F70921FF497D00504B0304140006080800CC70623B0D6EF93BFE000000A00100003B0000006662782F39464131463745442D413632322D343644302D413938332D3331353338454246344243312F7265736F75726365732F63
310
6F72652E786D6C8D50596E833010BD0A9ADFCA60B334011947A8694ED00B586642AC041B79A97AFC9A40A5F6AF3F33A3B7689E1E3F7DCD8FEC139DD7D6F4C0720A191A65476DA61E62B892236427C19DB5E1970C322367EC618541F0C9D9B8EC90B226A009093576C41D94DE63804C3DD2D18357379C652E63480A7FCF17A9
310
EE72C29CE5894E3AC17D702940B63D59270887DE46A7D0F36263058F518FBB468FE9A7BE6A7420864373B8D4873369AA8691FA421B3294352543C5CAF65C0F6FEF43CB8BD52C78D0F34F46E550061C419494B6843142CB0F5677F4B52BEB177AEC28E5C52AFF638ACBF84F53D42654E51E77B379102C05791282176B5F693D
310
CB4C7BED567C03504B010214000A0000080000CC70623B3DEE336E79000000790000001B00000000000000000000000000000000006175746F6465736B2D64657369676E2D7061636B6167652E786D6C504B01021400140006080800CC70623BD486FD9CA0000000F40000001300000000000000000000000000B20000005B
310
436F6E74656E745F54797065735D2E786D6C504B01021400140006080800CC70623B1EC5D7A3EB0000007C010000080000000000000000000000000083010000636F72652E786D6C504B01021400140006080800CC70623B55019EA25F0000007C000000070000000000000000000000000094020000636E782E786D6C504B
310
01021400140006080800CC70623B8C9102E971010000D40300000C00000000000000000000000000180300006662782F636F72652E786D6C504B01021400140006080800CC70623BFFEA85907E0000009D0000000B00000000000000000000000000B30400006662782F636E782E786D6C504B01021400140006080800CC70
310
623B4FEEA4082C0100001202000031000000000000000000000000005A0500006662782F39464131463745442D413632322D343644302D413938332D3331353338454246344243312F636F72652E786D6C504B01021400140006080800CC70623BAD7543B64E010000330300003000000000000000000000000000D5060000
310
6662782F39464131463745442D413632322D343644302D413938332D3331353338454246344243312F636E782E786D6C504B01021400140006080800CC70623B16AB87BA640500003C1000003400000000000000000000000000710800006662782F39464131463745442D413632322D343644302D413938332D3331353338
310
454246344243312F6F626A656374732E786D6C504B01021400140006080000CC70623B0000000000000000000000003500000000000000000000000000270E00006662782F39464131463745442D413632322D343644302D413938332D3331353338454246344243312F76657274696365732E62696E504B01021400140006
310
080800CC70623BF270F133060000000400000036000000000000000000000000007A0E00006662782F39464131463745442D413632322D343644302D413938332D3331353338454246344243312F747269616E676C65732E62696E504B01021400140006080000CC70623B0000000000000000000000003700000000000000
310
000000000000D40E00006662782F39464131463745442D413632322D343644302D413938332D3331353338454246344243312F617474726962757465732E62696E504B01021400140006080800CC70623B08DA0BD190000000410100003600000000000000000000000000290F00006662782F39464131463745442D413632
310
322D343644302D413938332D3331353338454246344243312F6469726563746F72792E786D6C504B01021400140006080800CC70623B0D6EF93BFE000000A00100003B000000000000000000000000000D1000006662782F39464131463745442D413632322D343644302D413938332D3331353338454246344243312F7265
310
736F75726365732F636F72652E786D6C504B0506000000000E000E0080040000641100000000
  0
XRECORD
  5
175
102
{ACAD_REACTORS
330
173
102
}
330
173
100
AcDbXrecord
280
     1
270
     1
271
     1
  0
XRECORD
  5
174
102
{ACAD_REACTORS
330
173
102
}
330
173
100
AcDbXrecord
280
     1
270
     1
271
     1
  0
XRECORD
  5
1FB
102
{ACAD_REACTORS
330
173
102
}
330
173
100
AcDbXrecord
280
     1
 70
     0
 90
1673772943
  1
ECE7A1D2-D628-4531-984C-D00F80459256
310
504B03040A0000080000CC70623B3DEE336E79000000790000001B0000006175746F6465736B2D64657369676E2D7061636B6167652E786D6C3C3F786D6C2076657273696F6E3D22312E302220656E636F64696E673D227574662D3822203F3E3C666F726D6174733E3C666F726D61743E687474703A2F2F736368656D612E
310
6175746F6465736B2E636F6D2F64657369676E2D7061636B6167652F323030393C2F666F726D61743E3C2F666F726D6174733E504B0304140006080800CC70623BD486FD9CA0000000F4000000130000005B436F6E74656E745F54797065735D2E786D6C7D8EC10E82300C865F65E91D8A1E8C310C0EEA1BF002731658846E
310
D98AC1B77784ABF1D8FE5FBFBF75BBCE937A534CCEB38643598122B6FEE978D0B0485F9C41B54DDD7D022595594E1A469170414C76A4D9A4D207E29CF43ECE46F218070CC6BECC4078ACAA135ACF422C856C0E68EA1BF5669944DDD7BCDE7B1F8E415D77AECB980613C2E4AC91FC167A2B244592486606FC29C8FD7F045B9A
310
EF7053A7E60B504B0304140006080800CC70623BD9DDAED0EC0000007C01000008000000636F72652E786D6C8D90416EC3201045AF82665B61836D9CD8C2444DD39CA01740405C94182C03558F5F9C3852BBEB6A467FFE9B197D7EF89E6EE8CB2CC17A37002D0820E394D7D68D03A478C17B4007C117EFE32F1B20272733C0
310
2A83E0E3E2D3BC49CABB685CCCAAF3DA6CA20CC14440EA969B0182FA34932C648AD911AEC52CD5558EA6A0CF2EC329598D1E47ACCEFBECC59A050463A7EA5833865FEBDD0E37353BE3EE8DBDE3F6786A48D375FBF6CC78B9C282473B3DEFABC5C86834888A900E538A49F5419B9EB47DD5BC907D4F082F57FB1F28CDFA9F50
310
B22ED6D5F6EE030B20687EE43E10BC5CB3C8E51E54AE6B6EE207504B0304140006080800CC70623B55019EA25F0000007C00000007000000636E782E786D6C4DCB3B0E80201045D1AD90E915ED2CF8AC45050C11660C8261F98AB1B07AC9C97D42D718D865D3E909258CFD00CCE24AC6E326A164D74DC0B4128928FF326038
310
472BA13128B1252AC747C6BAB984FC68F0B87FE8960A5C09FE86CFB69FBA01504B0304140006080800CC70623BA24EB22D72010000D40300000C0000006662782F636F72652E786D6CC5535B6E833010BC8AE5DF0A6C5E49888CA3A6694ED00B38E05014B091B1518EDFE511A5A9D228FD2A1F60CDEC7A67C6986DCE4D8D7A
310
69BA4AAB0C073EC548AA5C17952A33ECECD15B61B4E1CC686DBF9561A44423333CC098B3D268D7CE50AE9595CA02AA74216750749DB418E5352C32DCE59FB211BE70162ABA93DF8AFC244AE9073ED050C759670D0840D390E18DF9F1706664C23973AE2A66B62A605A75ACA4C13C4976E1364A12EF355A2EBD384AF65EFA96
310
BC7B8BED2EA6719AAE16FB8491A199335B351775B991C2CA02F390D2D40B028F861F41BCA68B7518BFD0D59A524686F29B26D7164F36B94AD9289CE54E6D1DE6010819891F6E21228B3AD1831EC219194284CF98F06DD01008846CC5A1BEF83801D4CBDC6A1303536877A57A513B0953A94FC707FDBE6064EA84A9E3E6E0FA
310
EE8CF0E9198F7784A316AA0413C2C2F2E0ECA0934D1AE6D05A69BCDE9E91D2A611F573361E38FC1375157F5752AE6B6DFE4B11990F88CCBF0719EE23FF02504B0304140006080800CC70623B408A7D3B7C0000009D0000000B0000006662782F636E782E786D6C4DCCD10A83201886E15B91FFDC552A92A0064DBC8F581632
310
D3703A76F9ABD1C18E3E78F878E5F0D9027ABBFCF2292AE86E2D20171F69F6715550CB827B40839639A5F2770314A7CD293819B45C73AAFB45B35BA61ACAA1C1C7E7855C58C15BC331339661262CC762340413D68D77DA5B42298546CBE6573AF60CEB2F504B0304140006080800CC70623B449FB9BD290100001202000031
310
0000006662782F36394639363044362D344446342D343946362D394244322D3234314243333846323333332F636F72652E786D6C8D515B6EC32010BC0AE22B55850D98B871848994463E412FE002495162B07854397EA176A4F62F3F2C9A9D991D587EB84F37F0AD7D30CEF6905418026DA553C65E7A98E219ED203808EE9D
310
8B7F6810D871D23D2C3014FCE25D9A57483A1BB58D19B54EE9151C43D0110279CB971E06F9A5A7B11A53CC8C70ADE6515EC78BAE4895DB992778883E0700CB907242D17643D7E2538BD869608875438BBAE38922CAC8F1BDD90DB4691A5E2F42C153326A951B95E398B3D1FE599322163C9AE9115F7A3D46ADA0A018778810
310
84E907617BDCEE297BC5BB3DC6BC2EF47FA234AB2745C9D8D8D035EE220B50105E2F0DC1954B9FB747187D9F9D8FA0CCDB042D5FA0C015C65B42DF78BD10F3F3B363CB56C7109DCFDFBBB97E662ED92EB62D13BC2E1BCAE5777DB9966D8A1F504B0304140006080800CC70623BAD7543B64E01000033030000300000006662
310
782F36394639363044362D344446342D343946362D394244322D3234314243333846323333332F636E782E786D6CD593CD6EC32010845F0571AD6CE3D48AD20813A9873E410FBD12D82434182C7EAAE6EDBB2424CD25871E7B41D6EC30B3FA84F9E67BB2E40B4234DE8DB46F1925E094D7C6ED479AD3AE5951B2113C789FEE
310
6C943839C1488B4C05DF079FE72A69D8C96C13AAD6B8631503449F83828872B949AC57D26200B826A308D316B4064D6E46FCDA41C05550DC9E483A00797BFD207EFB092A45DE9514C1BBD22178396BD39D891265658C238DEA00936C654E5E433CB65A26D9F6EDB5EBC14EBF49A45CB856E66048291F6939A9A81BB5C89177
310
38143CA680F4AA299D66A042CEB3354A2684DC9D8D178FE0D9B8B41CAAD720F880EE7EF93C0C18769E099ECC04D5A102C8049A8A05632F4DDF376CF1DE0F6BB65C2F8627B65A33C6BB62177CEBBDAD973006829F89F22E814B54F4BC2BE347F8AA8F681390B50FA73F804400B5F542E796F19FF974E7F78DB802FE05E20750
310
4B0304140006080800CC70623B8D05915C650500003B100000340000006662782F36394639363044362D344446342D343946362D394244322D3234314243333846323333332F6F626A656374732E786D6CAD575B6FA33814FE2B887D06429276DA1565D4266D158D3A339A6846FB502932E050B66023DB74D2FDF5FB190C01
310
9276B2973C046C8ECFF53B17071F77456EBD502133CEAE6CDF9DD81665314F32965ED995DA3A17B6F5310C04E7AA47665B8C14F4CAD6DB7618A48257A5D94AE89654B91AEDDEDDFC61C998326A5B714EA4BCB265FC440BE2924AF184CA6737218AB8E976E7FA6E4338649B0A523E8D98964450A6A029F619B8588D52FE7039
310
B1BD30F0F4F730D0FF866AF6369557DB33949F31A9088B0F848DD8CCFCF9F2767A76E99CCDE733677E3EF59D9BBB9BA5E37F984D16E78BC5E5F5ED25044B25C0C96822E8D60EEFE11B91C581D77CEA34368A1F5329E68CD1B8B61F16D63A1B8E092D294B10C78C4A48EB593D192E7DED9BDEE7995E1B91FDEDD3ACEA9FE831
310
6A756F9F7D4D79F4274C90A7A04248AA51D5F8C718DAE06FB2F75AC4796EBE65D22A88A22223B995679120E2D50E41AA49C260C046A35368846B0BECD0DFF3EBEB8AD4F835768F69B9ADF25C43D30E6B646F807FAA64AD59F61715C7A54127C4AACA98BA3006A9D792DAE165E0D59B61A01FB3A9F9D838D2DAE62445C86166
310
F37564E842E7DE6A69879FEEA2DD5AE7E371E1A5E025154AC307D06A03D73EB5978C58FFA4C8E9033066E0F3BD53BEC1F39F91BE7B55103791EDE6BBB991A2046172CB4581D8B893FA674DDA17A77B3B7C413D1B511FD2743BFF8A38F03A658705E3ADF8015C3A3417FF3D7E439FF591DA0B5F18BC20C1B8981957AE6392A3
310
F43C640C01D1A0B4728E2DD4F26DB4B3C3152A252A3B4E913CEC1C72F012782FF88EFF8637AA552DBEF76408E8A8DE9E50F9E1CB3A2DA0DB1B6039A893B56063DC5B3E3FFB5F72E67AB9FEB4AEC496C4F4C1149625DD662C53E89D7BF0F6151A046260D1337DFDC94502430F83B0EE07A130A224BCAD7DAE1D9FB6CD422FF6
310
920702629C4BB9AE79C12F243C6432A6794E18E5552BA56B431AAB5D91317302B2B071E86C3A42B1A02F999E24061403B5D0EB639195DA655DD3EBEAB4FB862DDF579F014AD0E73C22F99E28DA57FB98E75C6CA2D74D53086D600F4786E0FE3144B771A8A7B900F03594DB8A633CBC49B2EDB69228BB479CF863B5E807AAAB
310
23872F6DFEB4129B949CA33823F58830E86D65621E10047D9DB34D862E8EAC3C2ABC2F7B2C40D67CDFE01F5545B92105AF983AC54D93D69E56FB8E797F88913F898A9FEC705D3F9D1B54EC8426FB500D40A03BD0119B06E1B95DDC7EB8F6975367793EBD70E66733DFB9BC982F9CE564727731999F5D4ECFCE3B8D6A4DC2A0
310
6D50FD148437D110834A64C6CDDF57FBACB5C307A2A477DFE4939736CFEF2B175371E0E10CF0DD1D5C15654E0BCA14D1E87DD02FF93782A162C0A3D95F1524A52770F972BF1EE9809D13CE7DD599467F8ECE9ADD85CE85A34CD45355448C64F9E8A031DC2D596ACC6E5DD93D9B82DE2EF5CAF81363A8E47996A0DE24564A79
310
4115AACE09C55E14540231FDA13C319787134EBF34E3A022514E5B4D9E0826E25C02D5805B15ABE1BEF51B26383D445DD9E875EE33FE4C22DA16427D65A3BCA92CA6D28DD01DF5DC53330704308475351050232CCD31583787BA75774AFB06E5070DD0C8EF484E19968C5D83BA5B90B244D31E54D55A372320FE4786B7EA58
310
44E135AA5467CB7EA333A61683CC6A8C3257034C10CF46F40EF9F5BE59BE5BD30C3C72D235E95D10345C1D45445A5F0BB47E46A5EBE5570F9380B5FA629579952296A773720405982B9DE04011506178964401AA8BDF1FBF0A8EAB6861DD6580C0E38217056766716DAEB2D6FA0917D3E4116581EADB879C4E7CFFB11EFACD
310
3D641311495D92C8676CB409A72D18610D803CE8A626049E8EC1887CB5B44CC39883690DDA8399B4B9855B481E7D71D4A9D22F96E5BB73BF5793020C02137BF837504B0304140006080000CC70623B000000000000000000000000350000006662782F36394639363044362D344446342D343946362D394244322D32343142
310
43333846323333332F76657274696365732E62696E504B0304140006080800CC70623BF270F1330600000004000000360000006662782F36394639363044362D344446342D343946362D394244322D3234314243333846323333332F747269616E676C65732E62696E636660600000504B0304140006080000CC70623B0000
310
00000000000000000000370000006662782F36394639363044362D344446342D343946362D394244322D3234314243333846323333332F617474726962757465732E62696E504B0304140006080800CC70623B08DA0BD19000000041010000360000006662782F36394639363044362D344446342D343946362D394244322D
310
3234314243333846323333332F6469726563746F72792E786D6C858F410AC3201045AF22B36F53E9A60B35CBEEBAE80D244E44489C6234F4F835464A48035D0DF398FF9F8AF63D0E6CC63039F212F8F9020C7D47C6792B21C5FE7403D62A1188E2E60C98D7234A5830286103A55745067B9D86B8A3CF9C7F90C11DE607FB14
310
4396D7B6A82D282E9A152AD114D5EF2CB866EEE831B8EEA07A7BB5A8D7D61A2BAAEB7FD5F70921FF497D00504B0304140006080800CC70623BCA768048FE000000A00100003B0000006662782F36394639363044362D344446342D343946362D394244322D3234314243333846323333332F7265736F75726365732F636F72
310
652E786D6C8D50596E833010BD0A9ADFCA60D600328E9AA639412F609909B1126CE4A5EAF16B0295DABFFECC8CDEA2797AECF8353F924FB44E193D409E5248504B332A3D0D10FC95B4901C39B3C6F85F3248B49871801506CE266BC2B243D2688FDA47549B11775038871E12F988C7004EDE7016A9083E2ADC3D5D84BC8B09
310
D33C8D74D471E6BC8D0192EDC93A815B742658898E651BCB59086ADC356A8C3FD555A1055ED7E7E254D615792D0F075295F585746FF53B694EE78A565DD736979A65AB9933AFE69F8CD2A2F038022F28ED489E135A7CE4554F9BBEA85E68DB53CAB255FEC71496F19FA6A0B42F8B3DEE6673C0F318E4497096AD7DC5F52C33
310
EEB55BFE0D504B010214000A0000080000CC70623B3DEE336E79000000790000001B00000000000000000000000000000000006175746F6465736B2D64657369676E2D7061636B6167652E786D6C504B01021400140006080800CC70623BD486FD9CA0000000F40000001300000000000000000000000000B20000005B436F
310
6E74656E745F54797065735D2E786D6C504B01021400140006080800CC70623BD9DDAED0EC0000007C010000080000000000000000000000000083010000636F72652E786D6C504B01021400140006080800CC70623B55019EA25F0000007C000000070000000000000000000000000095020000636E782E786D6C504B0102
310
1400140006080800CC70623BA24EB22D72010000D40300000C00000000000000000000000000190300006662782F636F72652E786D6C504B01021400140006080800CC70623B408A7D3B7C0000009D0000000B00000000000000000000000000B50400006662782F636E782E786D6C504B01021400140006080800CC70623B
310
449FB9BD290100001202000031000000000000000000000000005A0500006662782F36394639363044362D344446342D343946362D394244322D3234314243333846323333332F636F72652E786D6C504B01021400140006080800CC70623BAD7543B64E010000330300003000000000000000000000000000D20600006662
310
782F36394639363044362D344446342D343946362D394244322D3234314243333846323333332F636E782E786D6C504B01021400140006080800CC70623B8D05915C650500003B10000034000000000000000000000000006E0800006662782F36394639363044362D344446342D343946362D394244322D32343142433338
310
46323333332F6F626A656374732E786D6C504B01021400140006080000CC70623B0000000000000000000000003500000000000000000000000000250E00006662782F36394639363044362D344446342D343946362D394244322D3234314243333846323333332F76657274696365732E62696E504B010214001400060808
310
00CC70623BF270F13306000000040000003600000000000000000000000000780E00006662782F36394639363044362D344446342D343946362D394244322D3234314243333846323333332F747269616E676C65732E62696E504B01021400140006080000CC70623B00000000000000000000000037000000000000000000
310
00000000D20E00006662782F36394639363044362D344446342D343946362D394244322D3234314243333846323333332F617474726962757465732E62696E504B01021400140006080800CC70623B08DA0BD190000000410100003600000000000000000000000000270F00006662782F36394639363044362D344446342D
310
343946362D394244322D3234314243333846323333332F6469726563746F72792E786D6C504B01021400140006080800CC70623BCA768048FE000000A00100003B000000000000000000000000000B1000006662782F36394639363044362D344446342D343946362D394244322D3234314243333846323333332F7265736F
310
75726365732F636F72652E786D6C504B0506000000000E000E0080040000621100000000
  0
XRECORD
  5
176
102
{ACAD_REACTORS
330
173
102
}
330
173
100
AcDbXrecord
280
     1
270
     1
271
     1
  0
XRECORD
  5
177
102
{ACAD_REACTORS
330
173
102
}
330
173
100
AcDbXrecord
280
     1
270
     1
271
     1
  0
CELLSTYLEMAP
  5
1814
102
{ACAD_REACTORS
330
162
102
}
330
162
100
AcDbCellStyleMap
 90
        3
300
CELLSTYLE
  1
TABLEFORMAT_BEGIN
 90
        5
170
     1
 91
        0
 92
    32768
 62
   257
 93
        1
300
CONTENTFORMAT
  1
CONTENTFORMAT_BEGIN
 90
        0
 91
        0
 92
      512
 93
        0
300

 40
0.0
140
1.0
 94
        5
 62
     0
340
11
144
6.0
309
CONTENTFORMAT_END
171
     1
301
MARGIN
  1
CELLMARGIN_BEGIN
 40
1.5
 40
1.5
 40
1.5
 40
1.5
 40
4.5
 40
4.5
309
CELLMARGIN_END
 94
        6
 95
        1
302
GRIDFORMAT
  1
GRIDFORMAT_BEGIN
 90
        0
 91
        1
 62
     0
 92
       -2
340
14
 93
        0
 40
1.125
309
GRIDFORMAT_END
 95
        2
302
GRIDFORMAT
  1
GRIDFORMAT_BEGIN
 90
        0
 91
        1
 62
     0
 92
       -2
340
14
 93
        0
 40
1.125
309
GRIDFORMAT_END
 95
        4
302
GRIDFORMAT
  1
GRIDFORMAT_BEGIN
 90
        0
 91
        1
 62
     0
 92
       -2
340
14
 93
        0
 40
1.125
309
GRIDFORMAT_END
 95
        8
302
GRIDFORMAT
  1
GRIDFORMAT_BEGIN
 90
        0
 91
        1
 62
     0
 92
       -2
340
14
 93
        0
 40
1.125
309
GRIDFORMAT_END
 95
       16
302
GRIDFORMAT
  1
GRIDFORMAT_BEGIN
 90
        0
 91
        1
 62
     0
 92
       -2
340
14
 93
        0
 40
1.125
309
GRIDFORMAT_END
 95
       32
302
GRIDFORMAT
  1
GRIDFORMAT_BEGIN
 90
        0
 91
        1
 62
     0
 92
       -2
340
14
 93
        0
 40
1.125
309
GRIDFORMAT_END
309
TABLEFORMAT_END
  1
CELLSTYLE_BEGIN
 90
        1
 91
        1
300
_TITLE
309
CELLSTYLE_END
300
CELLSTYLE
  1
TABLEFORMAT_BEGIN
 90
        5
170
     1
 91
        0
 92
        0
 62
   257
 93
        1
300
CONTENTFORMAT
  1
CONTENTFORMAT_BEGIN
 90
        0
 91
        0
 92
      512
 93
        0
300

 40
0.0
140
1.0
 94
        5
 62
     0
340
11
144
4.5
309
CONTENTFORMAT_END
171
     1
301
MARGIN
  1
CELLMARGIN_BEGIN
 40
1.5
 40
1.5
 40
1.5
 40
1.5
 40
4.5
 40
4.5
309
CELLMARGIN_END
 94
        6
 95
        1
302
GRIDFORMAT
  1
GRIDFORMAT_BEGIN
 90
        0
 91
        1
 62
     0
 92
       -2
340
14
 93
        0
 40
1.125
309
GRIDFORMAT_END
 95
        2
302
GRIDFORMAT
  1
GRIDFORMAT_BEGIN
 90
        0
 91
        1
 62
     0
 92
       -2
340
14
 93
        0
 40
1.125
309
GRIDFORMAT_END
 95
        4
302
GRIDFORMAT
  1
GRIDFORMAT_BEGIN
 90
        0
 91
        1
 62
     0
 92
       -2
340
14
 93
        0
 40
1.125
309
GRIDFORMAT_END
 95
        8
302
GRIDFORMAT
  1
GRIDFORMAT_BEGIN
 90
        0
 91
        1
 62
     0
 92
       -2
340
14
 93
        0
 40
1.125
309
GRIDFORMAT_END
 95
       16
302
GRIDFORMAT
  1
GRIDFORMAT_BEGIN
 90
        0
 91
        1
 62
     0
 92
       -2
340
14
 93
        0
 40
1.125
309
GRIDFORMAT_END
 95
       32
302
GRIDFORMAT
  1
GRIDFORMAT_BEGIN
 90
        0
 91
        1
 62
     0
 92
       -2
340
14
 93
        0
 40
1.125
309
GRIDFORMAT_END
309
TABLEFORMAT_END
  1
CELLSTYLE_BEGIN
 90
        2
 91
        1
300
_HEADER
309
CELLSTYLE_END
300
CELLSTYLE
  1
TABLEFORMAT_BEGIN
 90
        5
170
     1
 91
        0
 92
        0
 62
   257
 93
        1
300
CONTENTFORMAT
  1
CONTENTFORMAT_BEGIN
 90
        0
 91
        0
 92
      512
 93
        0
300

 40
0.0
140
1.0
 94
        2
 62
     0
340
11
144
4.5
309
CONTENTFORMAT_END
171
     1
301
MARGIN
  1
CELLMARGIN_BEGIN
 40
1.5
 40
1.5
 40
1.5
 40
1.5
 40
4.5
 40
4.5
309
CELLMARGIN_END
 94
        6
 95
        1
302
GRIDFORMAT
  1
GRIDFORMAT_BEGIN
 90
        0
 91
        1
 62
     0
 92
       -2
340
14
 93
        0
 40
1.125
309
GRIDFORMAT_END
 95
        2
302
GRIDFORMAT
  1
GRIDFORMAT_BEGIN
 90
        0
 91
        1
 62
     0
 92
       -2
340
14
 93
        0
 40
1.125
309
GRIDFORMAT_END
 95
        4
302
GRIDFORMAT
  1
GRIDFORMAT_BEGIN
 90
        0
 91
        1
 62
     0
 92
       -2
340
14
 93
        0
 40
1.125
309
GRIDFORMAT_END
 95
        8
302
GRIDFORMAT
  1
GRIDFORMAT_BEGIN
 90
        0
 91
        1
 62
     0
 92
       -2
340
14
 93
        0
 40
1.125
309
GRIDFORMAT_END
 95
       16
302
GRIDFORMAT
  1
GRIDFORMAT_BEGIN
 90
        0
 91
        1
 62
     0
 92
       -2
340
14
 93
        0
 40
1.125
309
GRIDFORMAT_END
 95
       32
302
GRIDFORMAT
  1
GRIDFORMAT_BEGIN
 90
        0
 91
        1
 62
     0
 92
       -2
340
14
 93
        0
 40
1.125
309
GRIDFORMAT_END
309
TABLEFORMAT_END
  1
CELLSTYLE_BEGIN
 90
        3
 91
        2
300
_DATA
309
CELLSTYLE_END
  0
ACDBASSOCROTATEDDIMACTIONBODY
  5
1507
330
1506
100
AcDbAssocActionBody
 90
        2
 90
        0
330
150E
100
ACDBASSOCROTATEDDIMACTIONBODY
 90
        0
330
1508
330
150B
  0
ACDBASSOCGEOMDEPENDENCY
  5
150A
330
1506
100
AcDbAssocDependency
 90
        2
 90
        0
290
     1
290
     0
290
     1
290
     1
 90
2147483647
330
118F
290
     0
330
1510
330
0
360
0
 90
        1
100
AcDbAssocGeomDependency
 90
        0
290
     1
  1
AcDbAssocSingleEdgePersSubentId
290
     0
  0
ACDBASSOCGEOMDEPENDENCY
  5
150D
330
1506
100
AcDbAssocDependency
 90
        2
 90
        0
290
     1
290
     0
290
     1
290
     1
 90
2147483647
330
14F4
290
     0
330
1512
330
0
360
0
 90
        2
100
AcDbAssocGeomDependency
 90
        0
290
     1
  1
AcDbAssocSingleEdgePersSubentId
290
     0
  0
ACDBASSOCDEPENDENCY
  5
150E
330
1506
100
AcDbAssocDependency
 90
        2
 90
        0
290
     1
290
     1
290
     1
290
     1
 90
-2147483648
330
14F5
290
     0
330
0
330
0
360
0
 90
        3
  0
ACDBASSOCGEOMDEPENDENCY
  5
1510
330
1506
100
AcDbAssocDependency
 90
        2
 90
        0
290
     1
290
     0
290
     1
290
     1
 90
        0
330
118F
290
     0
330
0
330
150A
360
0
 90
        4
100
AcDbAssocGeomDependency
 90
        0
290
     1
  1
AcDbAssocSingleEdgePersSubentId
290
     0
  0
ACDBASSOCGEOMDEPENDENCY
  5
1512
330
1506
100
AcDbAssocDependency
 90
        2
 90
        0
290
     1
290
     0
290
     1
290
     1
 90
        0
330
14F4
290
     0
330
0
330
150D
360
0
 90
        5
100
AcDbAssocGeomDependency
 90
        0
290
     1
  1
AcDbAssocSingleEdgePersSubentId
290
     0
  0
ACDBASSOCOSNAPPOINTREFACTIONPARAM
  5
1508
330
1506
100
AcDbAssocActionParam
 90
        1
 90
        0
  1

100
AcDbAssocCompoundActionParam
 90
        0
 90
        0
 90
        1
360
1509
 90
        0
 90
        0
330
0
100
ACDBASSOCOSNAPPOINTREFACTIONPARAM
 90
        0
 90
       10
 40
0.2423845693327332
  0
ACDBASSOCOSNAPPOINTREFACTIONPARAM
  5
150B
330
1506
100
AcDbAssocActionParam
 90
        1
 90
        0
  1

100
AcDbAssocCompoundActionParam
 90
        0
 90
        0
 90
        1
360
150C
 90
        0
 90
        0
330
1508
100
ACDBASSOCOSNAPPOINTREFACTIONPARAM
 90
        0
 90
       10
 40
0.4908910375187963
  0
ACDBASSOCEDGEACTIONPARAM
  5
150F
330
1506
100
AcDbAssocActionParam
 90
        1
 90
        0
  1
RotRefEdge0
100
AcDbAssocSingleDependencyActionParam
 90
        0
330
1510
100
AcDbAssocEdgeActionParam
 90
        0
330
0
290
     1
 90
       23
 10
11103.21511972425
 20
11293.00694101504
 30
0.0
 10
29.68823632879139
 20
0.0
 30
0.0
  0
ACDBASSOCEDGEACTIONPARAM
  5
1511
330
1506
100
AcDbAssocActionParam
 90
        1
 90
        0
  1
RotRefEdge1
100
AcDbAssocSingleDependencyActionParam
 90
        0
330
1512
100
AcDbAssocEdgeActionParam
 90
        0
330
0
290
     1
 90
       23
 10
11093.72079482542
 20
11302.73656764804
 30
0.0
 10
34.0
 20
0.0
 30
0.0
  0
ACDBASSOCEDGEACTIONPARAM
  5
1509
330
1508
100
AcDbAssocActionParam
 90
        1
 90
        0
  1

100
AcDbAssocSingleDependencyActionParam
 90
        0
330
150A
100
AcDbAssocEdgeActionParam
 90
        0
330
0
290
     1
 90
       23
 10
11103.21511972425
 20
11293.00694101504
 30
0.0
 10
29.68823632879139
 20
0.0
 30
0.0
  0
ACDBASSOCEDGEACTIONPARAM
  5
150C
330
150B
100
AcDbAssocActionParam
 90
        1
 90
        0
  1

100
AcDbAssocSingleDependencyActionParam
 90
        0
330
150D
100
AcDbAssocEdgeActionParam
 90
        0
330
0
290
     1
 90
       23
 10
11093.72079482542
 20
11302.73656764804
 30
0.0
 10
34.0
 20
0.0
 30
0.0
  0
ENDSEC
  0
SECTION
  2
ACDSDATA
 70
     2
 71
     8
  0
ACDSSCHEMA
 90
        0
  1
AcDb_Thumbnail_Schema
  2
AcDbDs::ID
280
    10
 91
        8
  2
Thumbnail_Data
280
    15
 91
        0
101
ACDSRECORD
 95
        0
 90
        1
  2
AcDbDs::TreatedAsObjectData
280
     1
291
     1
101
ACDSRECORD
 95
        0
 90
        2
  2
AcDbDs::Legacy
280
     1
291
     1
101
ACDSRECORD
  1
AcDbDs::ID
 90
        3
  2
AcDs:Indexable
280
     1
291
     1
101
ACDSRECORD
  1
AcDbDs::ID
 90
        4
  2
AcDbDs::HandleAttribute
280
     7
282
     1
  0
ACDSSCHEMA
 90
        1
  1
AcDbDs::TreatedAsObjectDataSchema
  2
AcDbDs::TreatedAsObjectData
280
     1
 91
        0
  0
ACDSSCHEMA
 90
        2
  1
AcDbDs::LegacySchema
  2
AcDbDs::Legacy
280
     1
 91
        0
  0
ACDSSCHEMA
 90
        3
  1
AcDbDs::IndexedPropertySchema
  2
AcDs:Indexable
280
     1
 91
        0
  0
ACDSSCHEMA
 90
        4
  1
AcDbDs::HandleAttributeSchema
  2
AcDbDs::HandleAttribute
280
     7
 91
        1
284
     1
  0
ACDSRECORD
 90
        0
  2
AcDbDs::ID
280
    10
320
22
  2
Thumbnail_Data
280
    15
 94
     1815
310
89504E470D0A1A0A0000000D494844520000010000000063080300000043BB2E1400000300504C5445212830FFFFFF2128300000000000000000000000000000000000000000000000000000330000660000990000CC0000FF0033000033330033660033990033CC0033FF0066000066330066660066990066CC0066FF0099
310
000099330099660099990099CC0099FF00CC0000CC3300CC6600CC9900CCCC00CCFF00FF0000FF3300FF6600FF9900FFCC00FFFF3300003300333300663300993300CC3300FF3333003333333333663333993333CC3333FF3366003366333366663366993366CC3366FF3399003399333399663399993399CC3399FF33CC00
310
33CC3333CC6633CC9933CCCC33CCFF33FF0033FF3333FF6633FF9933FFCC33FFFF6600006600336600666600996600CC6600FF6633006633336633666633996633CC6633FF6666006666336666666666996666CC6666FF6699006699336699666699996699CC6699FF66CC0066CC3366CC6666CC9966CCCC66CCFF66FF0066
310
FF3366FF6666FF9966FFCC66FFFF9900009900339900669900999900CC9900FF9933009933339933669933999933CC9933FF9966009966339966669966999966CC9966FF9999009999339999669999999999CC9999FF99CC0099CC3399CC6699CC9999CCCC99CCFF99FF0099FF3399FF6699FF9999FFCC99FFFFCC0000CC00
310
33CC0066CC0099CC00CCCC00FFCC3300CC3333CC3366CC3399CC33CCCC33FFCC6600CC6633CC6666CC6699CC66CCCC66FFCC9900CC9933CC9966CC9999CC99CCCC99FFCCCC00CCCC33CCCC66CCCC99CCCCCCCCCCFFCCFF00CCFF33CCFF66CCFF99CCFFCCCCFFFFFF0000FF0033FF0066FF0099FF00CCFF00FFFF3300FF3333
310
FF3366FF3399FF33CCFF33FFFF6600FF6633FF6666FF6699FF66CCFF66FFFF9900FF9933FF9966FF9999FF99CCFF99FFFFCC00FFCC33FFCC66FFCC99FFCCCCFFCCFFFFFF00FFFF33FFFF66FFFF99FFFFCCFFFFFF0000000D0D0D1A1A1A2828283535354343435050505D5D5D6B6B6B787878868686939393A1A1A1AEAEAEBB
310
BBBBC9C9C9D6D6D6E4E4E4F1F1F1FFFFFF0000000000000000000000000000000000000000000000000000000000002E4550F1000003D24944415478DAED9C519683200C45D98DA7FBDF485DCCFB9FE9A848203168B5F3B0E4A7D48295DB9090441BC27E01C2C724F9AE4F7EEDB63C7F058BBCDEA85DECB13BBF2AB6BE1540
310
FC1E2A00CE8CEE0D205B8C3C6BB303E8003A801601A43E05FB6CE46D0054B88F0EE0BE00E4F8162C4A0780F905A701984D6007D0017400F16CE045315DD972C5E718C11CC08636FC3F980F00C0AC01200670A51B4404A29C1BE16B00BC5E1901C8EDEAE18CD0D22C4F87B8C05602EB400A0010F11B4A510FCE29C4AC5973BA
310
3425D60480A70D00B700B06709407E006D09AC76201F59D605E88CA0DEC7325A7AA5236D860CC0E21086E60020FA74B1D34B647A3B9D3276C846AE1E71B81180500F20C26A4E039219653FF90A603D5A746FDF069C0440AC187E0070C4ED5021DC00540D10A193F8E92BBC005FB2ECE300A69EC3C031FDC7E3315401586606
310
6585640044338F8B2200120D7844879CCEC900900574D104C851B229A9502DFE5C0314D30CB1A17D2D84646FFBF73601307F8235D4434882BEBF66190D12D90098AABF84341380D40B8A68B08C8082DA34EF44F96F235812D80500B70660C68E4FAF29478278092804CE3754885EE0D7FA7C2F80291AE4035010B802C0920F
310
60D48072C7771D0070DE27886497BB0218C7511FAB7F60765F8D2293117C1A19BF4A0063ED51E150690164040E03684903B2528E06E00A37481B0ECB60A703F8022F905F09F6A50BF76B004D46080E80243AAEB8DABA009FCA081A0094FC97FF83D52E6B2A37680290F1A1922E7053676D0308862784BFB05D024D2C81F300
310
6CE5FE588CA097155E6B1F3681F4C6B83433BA59FBA1019065854F03101CCDA12809F9E5AE58D0DB5A036A1F8F00615ADC49E16CDB80A24F2B007C0F7FD4083A049A0170781F701B00877782DB041A02703416B81180B7627FC380B20238B36ADB18006FBBF34EF0AF9C950C00501FD09C0200647501C37FCD62A779F50FE2
310
518B00615A7C93C0E1BA800100A17100517FDDC2088CED226161047500A4A5744B63DA8D53AF0893B030B26D058A59D49A3088D44092652174833E80B0DF5528D61E81E92E3109A026F27FDB59B26A4012D59FA902469E8914806F05CE520130C602D75801E324ED03788B0038A3C14A026E8EF09877680EC0BB0418F3011F
310
B302AC69715468E83956800700446548D9B95EA402A48591AAF4E7598E80D006EC4DF47C3D00F509A2BA48A7E9B478FAC058489FA42D68B401000786A4B9E48DC9D8149A0690CCEEB08E512D015C377973B65C36C0B91899FA4BD5DA498B6FE8195B61A4028062E077DD2ECFFA477B157F20358E86C6EF7C5E00E0045021A3
310
757CAC3F2A64607978BA4B972E5D6E243F81E4D0954D2CAEBF0000000049454E44AE426082
  0
ENDSEC
  0
EOF
