  0
SECTION
  2
HEADER
  9
$ACADVER
  1
AC1032
  9
$ACADMAINTVER
 90
      328
  9
$DWGCODEPAGE
  3
ANSI_1252
  9
$LASTSAVEDBY
  1
Sakshi
  9
$REQUIREDVERSIONS
160
                 0
  9
$INSBASE
 10
0.0
 20
0.0
 30
0.0
  9
$EXTMIN
 10
2.506765283373496
 20
10.09587980974859
 30
0.0
  9
$EXTMAX
 10
80.40676528337352
 20
62.9958798097486
 30
0.0
  9
$LIMMIN
 10
0.0
 20
0.0
  9
$LIMMAX
 10
84.1
 20
54.9
  9
$ORTHOMODE
 70
     0
  9
$REGENMODE
 70
     1
  9
$FILLMODE
 70
     1
  9
$QTEXTMODE
 70
     0
  9
$MIRRTEXT
 70
     0
  9
$LTSCALE
 40
1.0
  9
$ATTMODE
 70
     1
  9
$TEXTSIZE
 40
0.3
  9
$TRACEWID
 40
1.0
  9
$TEXTSTYLE
  7
Annotative
  9
$CLAYER
  8
0
  9
$CELTYPE
  6
ByLayer
  9
$CECOLOR
 62
   256
  9
$CELTSCALE
 40
1.0
  9
$DISPSILH
 70
     0
  9
$DIMSCALE
 40
1.0
  9
$DIMASZ
 40
0.18
  9
$DIMEXO
 40
0.0625
  9
$DIMDLI
 40
0.38
  9
$DIMRND
 40
0.0
  9
$DIMDLE
 40
0.0
  9
$DIMEXE
 40
0.18
  9
$DIMTP
 40
0.0
  9
$DIMTM
 40
0.0
  9
$DIMTXT
 40
0.18
  9
$DIMCEN
 40
0.09
  9
$DIMTSZ
 40
0.0
  9
$DIMTOL
 70
     0
  9
$DIMLIM
 70
     0
  9
$DIMTIH
 70
     1
  9
$DIMTOH
 70
     1
  9
$DIMSE1
 70
     0
  9
$DIMSE2
 70
     0
  9
$DIMTAD
 70
     0
  9
$DIMZIN
 70
     0
  9
$DIMBLK
  1

  9
$DIMASO
 70
     1
  9
$DIMSHO
 70
     1
  9
$DIMPOST
  1

  9
$DIMAPOST
  1

  9
$DIMALT
 70
     0
  9
$DIMALTD
 70
     2
  9
$DIMALTF
 40
25.4
  9
$DIMLFAC
 40
1.0
  9
$DIMTOFL
 70
     0
  9
$DIMTVP
 40
0.0
  9
$DIMTIX
 70
     0
  9
$DIMSOXD
 70
     0
  9
$DIMSAH
 70
     0
  9
$DIMBLK1
  1

  9
$DIMBLK2
  1

  9
$DIMSTYLE
  2
Standard
  9
$DIMCLRD
 70
     0
  9
$DIMCLRE
 70
     0
  9
$DIMCLRT
 70
     0
  9
$DIMTFAC
 40
1.0
  9
$DIMGAP
 40
0.09
  9
$DIMJUST
 70
     0
  9
$DIMSD1
 70
     0
  9
$DIMSD2
 70
     0
  9
$DIMTOLJ
 70
     1
  9
$DIMTZIN
 70
     0
  9
$DIMALTZ
 70
     0
  9
$DIMALTTZ
 70
     0
  9
$DIMUPT
 70
     0
  9
$DIMDEC
 70
     4
  9
$DIMTDEC
 70
     4
  9
$DIMALTU
 70
     2
  9
$DIMALTTD
 70
     2
  9
$DIMTXSTY
  7
Standard
  9
$DIMAUNIT
 70
     0
  9
$DIMADEC
 70
     0
  9
$DIMALTRND
 40
0.0
  9
$DIMAZIN
 70
     0
  9
$DIMDSEP
 70
    46
  9
$DIMATFIT
 70
     3
  9
$DIMFRAC
 70
     0
  9
$DIMLDRBLK
  1

  9
$DIMLUNIT
 70
     2
  9
$DIMLWD
 70
    -2
  9
$DIMLWE
 70
    -2
  9
$DIMTMOVE
 70
     0
  9
$DIMFXL
 40
1.0
  9
$DIMFXLON
 70
     0
  9
$DIMJOGANG
 40
0.7853981633974483
  9
$DIMTFILL
 70
     0
  9
$DIMTFILLCLR
 70
     0
  9
$DIMARCSYM
 70
     0
  9
$DIMLTYPE
  6

  9
$DIMLTEX1
  6

  9
$DIMLTEX2
  6

  9
$DIMTXTDIRECTION
 70
     0
  9
$LUNITS
 70
     2
  9
$LUPREC
 70
     4
  9
$SKETCHINC
 40
1.0
  9
$FILLETRAD
 40
0.0
  9
$AUNITS
 70
     0
  9
$AUPREC
 70
     0
  9
$MENU
  1
.
  9
$ELEVATION
 40
0.0
  9
$PELEVATION
 40
0.0
  9
$THICKNESS
 40
0.0
  9
$LIMCHECK
 70
     0
  9
$CHAMFERA
 40
0.0
  9
$CHAMFERB
 40
0.0
  9
$CHAMFERC
 40
0.0
  9
$CHAMFERD
 40
0.0
  9
$SKPOLY
 70
     0
  9
$TDCREATE
 40
2460406.803541667
  9
$TDUCREATE
 40
2460406.574375000
  9
$TDUPDATE
 40
2460655.820706019
  9
$TDUUPDATE
 40
2460655.591539352
  9
$TDINDWG
 40
0.5021064815
  9
$TDUSRTIMER
 40
0.5021064815
  9
$USRTIMER
 70
     1
  9
$ANGBASE
 50
0.0
  9
$ANGDIR
 70
     0
  9
$PDMODE
 70
     0
  9
$PDSIZE
 40
0.0
  9
$PLINEWID
 40
0.0
  9
$SPLFRAME
 70
     0
  9
$SPLINETYPE
 70
     6
  9
$SPLINESEGS
 70
     8
  9
$HANDSEED
  5
2175
  9
$SURFTAB1
 70
     6
  9
$SURFTAB2
 70
     6
  9
$SURFTYPE
 70
     6
  9
$SURFU
 70
     6
  9
$SURFV
 70
     6
  9
$UCSBASE
  2

  9
$UCSNAME
  2

  9
$UCSORG
 10
0.0
 20
0.0
 30
0.0
  9
$UCSXDIR
 10
1.0
 20
0.0
 30
0.0
  9
$UCSYDIR
 10
0.0
 20
1.0
 30
0.0
  9
$UCSORTHOREF
  2

  9
$UCSORTHOVIEW
 70
     0
  9
$UCSORGTOP
 10
0.0
 20
0.0
 30
0.0
  9
$UCSORGBOTTOM
 10
0.0
 20
0.0
 30
0.0
  9
$UCSORGLEFT
 10
0.0
 20
0.0
 30
0.0
  9
$UCSORGRIGHT
 10
0.0
 20
0.0
 30
0.0
  9
$UCSORGFRONT
 10
0.0
 20
0.0
 30
0.0
  9
$UCSORGBACK
 10
0.0
 20
0.0
 30
0.0
  9
$PUCSBASE
  2

  9
$PUCSNAME
  2

  9
$PUCSORG
 10
0.0
 20
0.0
 30
0.0
  9
$PUCSXDIR
 10
1.0
 20
0.0
 30
0.0
  9
$PUCSYDIR
 10
0.0
 20
1.0
 30
0.0
  9
$PUCSORTHOREF
  2

  9
$PUCSORTHOVIEW
 70
     0
  9
$PUCSORGTOP
 10
0.0
 20
0.0
 30
0.0
  9
$PUCSORGBOTTOM
 10
0.0
 20
0.0
 30
0.0
  9
$PUCSORGLEFT
 10
0.0
 20
0.0
 30
0.0
  9
$PUCSORGRIGHT
 10
0.0
 20
0.0
 30
0.0
  9
$PUCSORGFRONT
 10
0.0
 20
0.0
 30
0.0
  9
$PUCSORGBACK
 10
0.0
 20
0.0
 30
0.0
  9
$USERI1
 70
     0
  9
$USERI2
 70
     0
  9
$USERI3
 70
     0
  9
$USERI4
 70
     0
  9
$USERI5
 70
     0
  9
$USERR1
 40
0.0
  9
$USERR2
 40
0.0
  9
$USERR3
 40
0.0
  9
$USERR4
 40
0.0
  9
$USERR5
 40
0.0
  9
$WORLDVIEW
 70
     1
  9
$SHADEDGE
 70
     3
  9
$SHADEDIF
 70
    70
  9
$TILEMODE
 70
     1
  9
$MAXACTVP
 70
    64
  9
$PINSBASE
 10
0.0
 20
0.0
 30
0.0
  9
$PLIMCHECK
 70
     0
  9
$PEXTMIN
 10
25.69999999999999
 20
19.5
 30
0.0
  9
$PEXTMAX
 10
231.3
 20
175.5
 30
0.0
  9
$PLIMMIN
 10
-20.0
 20
-7.5
  9
$PLIMMAX
 10
277.0
 20
202.5
  9
$UNITMODE
 70
     0
  9
$VISRETAIN
 70
     1
  9
$PLINEGEN
 70
     0
  9
$PSLTSCALE
 70
     1
  9
$TREEDEPTH
 70
  3020
  9
$CMLSTYLE
  2
Standard
  9
$CMLJUST
 70
     0
  9
$CMLSCALE
 40
20.0
  9
$PROXYGRAPHICS
 70
     1
  9
$MEASUREMENT
 70
     1
  9
$CELWEIGHT
370
    -1
  9
$ENDCAPS
280
     0
  9
$JOINSTYLE
280
     0
  9
$LWDISPLAY
290
     0
  9
$INSUNITS
 70
     5
  9
$HYPERLINKBASE
  1

  9
$STYLESHEET
  1

  9
$XEDIT
290
     1
  9
$CEPSNTYPE
380
     0
  9
$PSTYLEMODE
290
     1
  9
$FINGERPRINTGUID
  2
{B8897FCB-0B6E-EA41-80FB-5FB39354D4E0}
  9
$VERSIONGUID
  2
{F71AE574-7D17-1F44-A7D8-3079DB05DFC9}
  9
$EXTNAMES
290
     1
  9
$PSVPSCALE
 40
0.0
  9
$OLESTARTUP
290
     0
  9
$SORTENTS
280
   127
  9
$INDEXCTL
280
     0
  9
$HIDETEXT
280
     1
  9
$XCLIPFRAME
280
     2
  9
$HALOGAP
280
     0
  9
$OBSCOLOR
 70
   257
  9
$OBSLTYPE
280
     0
  9
$INTERSECTIONDISPLAY
280
     0
  9
$INTERSECTIONCOLOR
 70
   257
  9
$DIMASSOC
280
     2
  9
$PROJECTNAME
  1

  9
$CAMERADISPLAY
290
     0
  9
$LENSLENGTH
 40
50.0
  9
$CAMERAHEIGHT
 40
0.0
  9
$STEPSPERSEC
 40
2.0
  9
$STEPSIZE
 40
6.0
  9
$3DDWFPREC
 40
2.0
  9
$PSOLWIDTH
 40
5.0
  9
$PSOLHEIGHT
 40
80.0
  9
$LOFTANG1
 40
1.570796326794896
  9
$LOFTANG2
 40
1.570796326794896
  9
$LOFTMAG1
 40
0.0
  9
$LOFTMAG2
 40
0.0
  9
$LOFTPARAM
 70
     7
  9
$LOFTNORMALS
280
     1
  9
$LATITUDE
 40
37.795
  9
$LONGITUDE
 40
-122.394
  9
$NORTHDIRECTION
 40
0.0
  9
$TIMEZONE
 70
 -8000
  9
$LIGHTGLYPHDISPLAY
280
     1
  9
$TILEMODELIGHTSYNCH
280
     1
  9
$CMATERIAL
347
EC
  9
$SOLIDHIST
280
     0
  9
$SHOWHIST
280
     1
  9
$DWFFRAME
280
     2
  9
$DGNFRAME
280
     0
  9
$REALWORLDSCALE
290
     1
  9
$INTERFERECOLOR
 62
     1
  9
$INTERFEREOBJVS
345
F9
  9
$INTERFEREVPVS
346
F6
  9
$CSHADOW
280
     0
  9
$SHADOWPLANELOCATION
 40
0.0
  0
ENDSEC
  0
SECTION
  2
CLASSES
  0
CLASS
  1
ACDBDICTIONARYWDFLT
  2
AcDbDictionaryWithDefault
  3
ObjectDBX Classes
 90
        0
 91
        1
280
     0
281
     0
  0
CLASS
  1
DICTIONARYVAR
  2
AcDbDictionaryVar
  3
ObjectDBX Classes
 90
        0
 91
       13
280
     0
281
     0
  0
CLASS
  1
TABLESTYLE
  2
AcDbTableStyle
  3
ObjectDBX Classes
 90
     4095
 91
        2
280
     0
281
     0
  0
CLASS
  1
MATERIAL
  2
AcDbMaterial
  3
ObjectDBX Classes
 90
     1153
 91
        3
280
     0
281
     0
  0
CLASS
  1
VISUALSTYLE
  2
AcDbVisualStyle
  3
ObjectDBX Classes
 90
     4095
 91
       24
280
     0
281
     0
  0
CLASS
  1
SCALE
  2
AcDbScale
  3
ObjectDBX Classes
 90
     1153
 91
       17
280
     0
281
     0
  0
CLASS
  1
MLEADERSTYLE
  2
AcDbMLeaderStyle
  3
ACDB_MLEADERSTYLE_CLASS
 90
     4095
 91
        2
280
     0
281
     0
  0
CLASS
  1
CELLSTYLEMAP
  2
AcDbCellStyleMap
  3
ObjectDBX Classes
 90
     1152
 91
        2
280
     0
281
     0
  0
CLASS
  1
EXACXREFPANELOBJECT
  2
ExAcXREFPanelObject
  3
EXAC_ESW
 90
     1025
 91
        0
280
     0
281
     0
  0
CLASS
  1
NPOCOLLECTION
  2
AcDbImpNonPersistentObjectsCollection
  3
ObjectDBX Classes
 90
     1153
 91
        0
280
     0
281
     0
  0
CLASS
  1
LAYER_INDEX
  2
AcDbLayerIndex
  3
ObjectDBX Classes
 90
        0
 91
        0
280
     0
281
     0
  0
CLASS
  1
SPATIAL_INDEX
  2
AcDbSpatialIndex
  3
ObjectDBX Classes
 90
        0
 91
        0
280
     0
281
     0
  0
CLASS
  1
IDBUFFER
  2
AcDbIdBuffer
  3
ObjectDBX Classes
 90
        0
 91
        0
280
     0
281
     0
  0
CLASS
  1
ACDBSECTIONVIEWSTYLE
  2
AcDbSectionViewStyle
  3
ObjectDBX Classes
 90
     1025
 91
        1
280
     0
281
     0
  0
CLASS
  1
ACDBDETAILVIEWSTYLE
  2
AcDbDetailViewStyle
  3
ObjectDBX Classes
 90
     1025
 91
        1
280
     0
281
     0
  0
CLASS
  1
SORTENTSTABLE
  2
AcDbSortentsTable
  3
ObjectDBX Classes
 90
        0
 91
        3
280
     0
281
     0
  0
CLASS
  1
ACDB_MTEXTOBJECTCONTEXTDATA_CLASS
  2
AcDbMTextObjectContextData
  3
ObjectDBX Classes
 90
     1153
 91
       39
280
     0
281
     0
  0
CLASS
  1
DIMASSOC
  2
AcDbDimAssoc
  3
"AcDbDimAssoc|Product Desc:     AcDim ARX App For Dimension|Company:          Autodesk, Inc.|WEB Address:      www.autodesk.com"
 90
        0
 91
       23
280
     0
281
     0
  0
CLASS
  1
ACDBASSOCNETWORK
  2
AcDbAssocNetwork
  3
ObjectDBX Classes
 90
     1025
 91
        0
280
     0
281
     0
  0
CLASS
  1
ACDBASSOCACTION
  2
AcDbAssocAction
  3
ObjectDBX Classes
 90
     1025
 91
        0
280
     0
281
     0
  0
CLASS
  1
ACDBASSOCROTATEDDIMACTIONBODY
  2
AcDbAssocRotatedDimActionBody
  3
ObjectDBX Classes
 90
     1025
 91
        0
280
     0
281
     0
  0
CLASS
  1
ACDBASSOCOSNAPPOINTREFACTIONPARAM
  2
AcDbAssocOsnapPointRefActionParam
  3
ObjectDBX Classes
 90
     1025
 91
        0
280
     0
281
     0
  0
CLASS
  1
ACDBASSOCEDGEACTIONPARAM
  2
AcDbAssocEdgeActionParam
  3
ObjectDBX Classes
 90
     1025
 91
        0
280
     0
281
     0
  0
CLASS
  1
ACDBASSOCGEOMDEPENDENCY
  2
AcDbAssocGeomDependency
  3
ObjectDBX Classes
 90
     1025
 91
        0
280
     0
281
     0
  0
CLASS
  1
ACDBASSOCDEPENDENCY
  2
AcDbAssocDependency
  3
ObjectDBX Classes
 90
     1025
 91
        0
280
     0
281
     0
  0
CLASS
  1
ACAD_TABLE
  2
AcDbTable
  3
ObjectDBX Classes
 90
     1025
 91
        0
280
     0
281
     1
  0
CLASS
  1
TABLECONTENT
  2
AcDbTableContent
  3
ObjectDBX Classes
 90
     1152
 91
        0
280
     0
281
     0
  0
CLASS
  1
TABLEGEOMETRY
  2
AcDbTableGeometry
  3
ObjectDBX Classes
 90
     1152
 91
        0
280
     0
281
     0
  0
CLASS
  1
ACDB_TEXTOBJECTCONTEXTDATA_CLASS
  2
AcDbTextObjectContextData
  3
ObjectDBX Classes
 90
     1153
 91
       15
280
     0
281
     0
  0
CLASS
  1
RAPIDRTRENDERSETTINGS
  2
AcDbRapidRTRenderSettings
  3
ObjectDBX Classes
 90
     1024
 91
        6
280
     0
281
     0
  0
CLASS
  1
MULTILEADER
  2
AcDbMLeader
  3
ACDB_MLEADER_CLASS
 90
     1025
 91
        8
280
     0
281
     1
  0
CLASS
  1
ACDB_MLEADEROBJECTCONTEXTDATA_CLASS
  2
AcDbMLeaderObjectContextData
  3
ObjectDBX Classes
 90
     1153
 91
       10
280
     0
281
     0
  0
CLASS
  1
ACDBASSOCPERSSUBENTMANAGER
  2
AcDbAssocPersSubentManager
  3
ObjectDBX Classes
 90
     1024
 91
        1
280
     0
281
     0
  0
CLASS
  1
ACDBPERSSUBENTMANAGER
  2
AcDbPersSubentManager
  3
AcDbPersSubentManager
 90
     1024
 91
        1
280
     0
281
     0
  0
ENDSEC
  0
SECTION
  2
TABLES
  0
TABLE
  2
VPORT
  5
8
330
0
100
AcDbSymbolTable
 70
     1
  0
VPORT
  5
EA
330
8
100
AcDbSymbolTableRecord
100
AcDbViewportTableRecord
  2
*Active
 70
     0
 10
0.0
 20
0.0
 11
1.0
 21
1.0
 12
45.26025137235144
 22
41.51814444584934
 13
0.0
 23
0.0
 14
10.0
 24
10.0
 15
10.0
 25
10.0
 16
0.0
 26
0.0
 36
1.0
 17
0.0
 27
0.0
 37
0.0
 40
83.21544364090627
 41
1.917082917082917
 42
50.0
 43
0.0
 44
0.0
 50
0.0
 51
0.0
 71
     0
 72
  1000
 73
     1
 74
     3
 75
     0
 76
     1
 77
     0
 78
     0
281
     0
 65
     1
110
0.0
120
0.0
130
0.0
111
1.0
121
0.0
131
0.0
112
0.0
122
1.0
132
0.0
 79
     0
146
0.0
348
F5
 60
     3
 61
     5
292
     1
282
     1
141
0.0
142
0.0
 63
   250
421
  3355443
1001
ACAD_NAV_VCDISPLAY
1070
     3
  0
ENDTAB
  0
TABLE
  2
LTYPE
  5
5
330
0
100
AcDbSymbolTable
 70
     3
  0
LTYPE
  5
14
330
5
100
AcDbSymbolTableRecord
100
AcDbLinetypeTableRecord
  2
ByBlock
 70
     0
  3

 72
    65
 73
     0
 40
0.0
  0
LTYPE
  5
15
330
5
100
AcDbSymbolTableRecord
100
AcDbLinetypeTableRecord
  2
ByLayer
 70
     0
  3

 72
    65
 73
     0
 40
0.0
  0
LTYPE
  5
16
330
5
100
AcDbSymbolTableRecord
100
AcDbLinetypeTableRecord
  2
Continuous
 70
     0
  3
Solid line
 72
    65
 73
     0
 40
0.0
  0
LTYPE
  5
FDE
330
5
100
AcDbSymbolTableRecord
100
AcDbLinetypeTableRecord
  2
ACAD_ISO02W100
 70
     0
  3
ISO dash __ __ __ __ __ __ __ __ __ __ __ __ __
 72
    65
 73
     2
 40
15.0
 49
12.0
 74
     0
 49
-3.0
 74
     0
  0
LTYPE
  5
141A
330
5
100
AcDbSymbolTableRecord
100
AcDbLinetypeTableRecord
  2
ACAD_ISO04W100
 70
     0
  3
ISO long-dash dot ____ . ____ . ____ . ____ . _
 72
    65
 73
     4
 40
30.0
 49
24.0
 74
     0
 49
-3.0
 74
     0
 49
0.0
 74
     0
 49
-3.0
 74
     0
  0
ENDTAB
  0
TABLE
  2
LAYER
  5
2
102
{ACAD_XDICTIONARY
360
1FF
102
}
330
0
100
AcDbSymbolTable
 70
     2
  0
LAYER
  5
10
102
{ACAD_XDICTIONARY
360
13C
102
}
330
2
100
AcDbSymbolTableRecord
100
AcDbLayerTableRecord
  2
0
 70
     0
 62
     7
  6
Continuous
370
    -3
390
F
347
EE
348
0
  0
LAYER
  5
C91
330
2
100
AcDbSymbolTableRecord
100
AcDbLayerTableRecord
  2
Defpoints
 70
     1
 62
    -7
  6
Continuous
290
     0
370
    -3
390
F
347
EE
348
0
  0
ENDTAB
  0
TABLE
  2
STYLE
  5
3
330
0
100
AcDbSymbolTable
 70
     3
  0
STYLE
  5
11
330
3
100
AcDbSymbolTableRecord
100
AcDbTextStyleTableRecord
  2
Standard
 70
     0
 40
0.2
 41
1.0
 50
0.0
 71
     0
 42
2.5
  3
arial.ttf
  4

1001
AcadAnnotative
1000
AnnotativeData
1002
{
1070
     1
1070
     1
1002
}
1001
ACAD
1000
Arial
1071
       34
  0
STYLE
  5
132
330
3
100
AcDbSymbolTableRecord
100
AcDbTextStyleTableRecord
  2
Annotative
 70
     0
 40
0.0
 41
1.0
 50
0.0
 71
     0
 42
0.3
  3
arial.ttf
  4

1001
AcadAnnotative
1000
AnnotativeData
1002
{
1070
     1
1070
     1
1002
}
1001
AcadAnnoPO
1070
     1
1001
ACAD
1000
Arial
1071
       34
  0
STYLE
  5
FDD
330
3
100
AcDbSymbolTableRecord
100
AcDbTextStyleTableRecord
  2

 70
     1
 40
0.0
 41
1.0
 50
0.0
 71
     0
 42
2.5
  3
ltypeshp.shx
  4

  0
ENDTAB
  0
TABLE
  2
VIEW
  5
6
330
0
100
AcDbSymbolTable
 70
     0
  0
ENDTAB
  0
TABLE
  2
UCS
  5
7
330
0
100
AcDbSymbolTable
 70
     0
  0
ENDTAB
  0
TABLE
  2
APPID
  5
9
330
0
100
AcDbSymbolTable
 70
    13
  0
APPID
  5
12
330
9
100
AcDbSymbolTableRecord
100
AcDbRegAppTableRecord
  2
ACAD
 70
     0
  0
APPID
  5
9E
330
9
100
AcDbSymbolTableRecord
100
AcDbRegAppTableRecord
  2
ACAD_PSEXT
 70
     0
  0
APPID
  5
133
330
9
100
AcDbSymbolTableRecord
100
AcDbRegAppTableRecord
  2
AcadAnnoPO
 70
     0
  0
APPID
  5
134
330
9
100
AcDbSymbolTableRecord
100
AcDbRegAppTableRecord
  2
AcadAnnotative
 70
     0
  0
APPID
  5
135
330
9
100
AcDbSymbolTableRecord
100
AcDbRegAppTableRecord
  2
ACAD_DSTYLE_DIMJAG
 70
     0
  0
APPID
  5
136
330
9
100
AcDbSymbolTableRecord
100
AcDbRegAppTableRecord
  2
ACAD_DSTYLE_DIMTALN
 70
     0
  0
APPID
  5
165
330
9
100
AcDbSymbolTableRecord
100
AcDbRegAppTableRecord
  2
ACAD_MLEADERVER
 70
     0
  0
APPID
  5
217
330
9
100
AcDbSymbolTableRecord
100
AcDbRegAppTableRecord
  2
ACAD_NAV_VCDISPLAY
 70
     0
  0
APPID
  5
295
330
9
100
AcDbSymbolTableRecord
100
AcDbRegAppTableRecord
  2
ACAD_EXEMPT_FROM_CAD_STANDARDS
 70
     0
  0
APPID
  5
69A
330
9
100
AcDbSymbolTableRecord
100
AcDbRegAppTableRecord
  2
ACAD_DSTYLE_DIMRADIAL_EXTENSION
 70
     0
  0
APPID
  5
B6B
330
9
100
AcDbSymbolTableRecord
100
AcDbRegAppTableRecord
  2
GradientColor1ACI
 70
     0
  0
APPID
  5
B6C
330
9
100
AcDbSymbolTableRecord
100
AcDbRegAppTableRecord
  2
GradientColor2ACI
 70
     0
  0
APPID
  5
F29
330
9
100
AcDbSymbolTableRecord
100
AcDbRegAppTableRecord
  2
AcadAnnoMonitorAlertIconDisabled
 70
     0
  0
ENDTAB
  0
TABLE
  2
DIMSTYLE
  5
A
330
0
100
AcDbSymbolTable
 70
     3
100
AcDbDimStyleTable
 71
     3
340
1B0
340
27
340
137
  0
DIMSTYLE
105
1B0
102
{ACAD_REACTORS
330
EF1
330
F0D
330
FDF
330
106C
330
109A
330
1171
330
119F
330
11CD
330
11FB
330
1229
330
1275
330
1326
330
13A5
330
13D3
330
141E
330
1439
330
15AC
330
1616
330
16AD
330
173F
330
1ADF
330
1B0D
330
1B3B
330
1BBF
330
1C03
330
1C31
330
1C53
330
1C81
330
1CDD
330
1D29
330
1D89
330
1DA3
330
1DBD
330
1FB2
330
1FE0
330
200E
102
}
330
A
100
AcDbSymbolTableRecord
100
AcDbDimStyleTableRecord
  2
Standard
 70
     0
340
11
  0
DIMSTYLE
105
137
330
A
100
AcDbSymbolTableRecord
100
AcDbDimStyleTableRecord
  2
Annotative
 70
     0
 40
0.0
 41
2.5
 42
0.625
 43
3.75
 44
1.25
 73
     0
 74
     0
 77
     1
 78
     8
140
2.5
141
2.5
143
0.03937007874016
147
0.625
171
     3
172
     1
271
     2
272
     2
274
     3
278
    44
283
     0
284
     8
340
11
1001
AcadAnnotative
1000
AnnotativeData
1002
{
1070
     1
1070
     1
1002
}
1001
ACAD_DSTYLE_DIMJAG
1070
   388
1040
1.5
1001
ACAD_DSTYLE_DIMTALN
1070
   392
1070
     0
  0
DIMSTYLE
105
27
330
A
100
AcDbSymbolTableRecord
100
AcDbDimStyleTableRecord
  2
ISO-25
 70
     0
 41
2.5
 42
0.625
 43
3.75
 44
1.25
 73
     0
 74
     0
 77
     1
 78
     8
140
2.5
141
2.5
143
0.03937007874016
147
0.625
171
     3
172
     1
271
     2
272
     2
274
     3
278
    44
283
     0
284
     8
340
11
  0
ENDTAB
  0
TABLE
  2
BLOCK_RECORD
  5
1
330
0
100
AcDbSymbolTable
 70
    39
  0
BLOCK_RECORD
  5
1F
102
{ACAD_XDICTIONARY
360
1CE
102
}
330
1
100
AcDbSymbolTableRecord
100
AcDbBlockTableRecord
  2
*Model_Space
340
22
 70
     0
280
     1
281
     0
  0
BLOCK_RECORD
  5
D2
330
1
100
AcDbSymbolTableRecord
100
AcDbBlockTableRecord
  2
*Paper_Space
340
D3
 70
     0
280
     1
281
     0
  0
BLOCK_RECORD
  5
D6
330
1
100
AcDbSymbolTableRecord
100
AcDbBlockTableRecord
  2
*Paper_Space0
340
D7
 70
     0
280
     1
281
     0
  0
BLOCK_RECORD
  5
2C1
102
{ACAD_XDICTIONARY
360
2D7
102
}
330
1
100
AcDbSymbolTableRecord
100
AcDbBlockTableRecord
  2
A$Cac60923e
340
0
 70
     5
280
     1
281
     0
  0
BLOCK_RECORD
  5
AEB
102
{ACAD_XDICTIONARY
360
AED
102
}
330
1
100
AcDbSymbolTableRecord
100
AcDbBlockTableRecord
  2
A$Ce381a6d6
340
0
 70
     5
280
     1
281
     0
  0
BLOCK_RECORD
  5
EF2
330
1
100
AcDbSymbolTableRecord
100
AcDbBlockTableRecord
  2
*D3
340
0
 70
     0
280
     1
281
     0
  0
BLOCK_RECORD
  5
F0E
330
1
100
AcDbSymbolTableRecord
100
AcDbBlockTableRecord
  2
*D4
340
0
 70
     0
280
     1
281
     0
  0
BLOCK_RECORD
  5
FE0
330
1
100
AcDbSymbolTableRecord
100
AcDbBlockTableRecord
  2
*D5
340
0
 70
     0
280
     1
281
     0
  0
BLOCK_RECORD
  5
106D
330
1
100
AcDbSymbolTableRecord
100
AcDbBlockTableRecord
  2
*D6
340
0
 70
     0
280
     1
281
     0
  0
BLOCK_RECORD
  5
109B
330
1
100
AcDbSymbolTableRecord
100
AcDbBlockTableRecord
  2
*D7
340
0
 70
     0
280
     1
281
     0
  0
BLOCK_RECORD
  5
1172
330
1
100
AcDbSymbolTableRecord
100
AcDbBlockTableRecord
  2
*D8
340
0
 70
     0
280
     1
281
     0
  0
BLOCK_RECORD
  5
11A0
330
1
100
AcDbSymbolTableRecord
100
AcDbBlockTableRecord
  2
*D9
340
0
 70
     0
280
     1
281
     0
  0
BLOCK_RECORD
  5
11CE
330
1
100
AcDbSymbolTableRecord
100
AcDbBlockTableRecord
  2
*D10
340
0
 70
     0
280
     1
281
     0
  0
BLOCK_RECORD
  5
11FC
330
1
100
AcDbSymbolTableRecord
100
AcDbBlockTableRecord
  2
*D11
340
0
 70
     0
280
     1
281
     0
  0
BLOCK_RECORD
  5
122A
330
1
100
AcDbSymbolTableRecord
100
AcDbBlockTableRecord
  2
*D12
340
0
 70
     0
280
     1
281
     0
  0
BLOCK_RECORD
  5
1276
330
1
100
AcDbSymbolTableRecord
100
AcDbBlockTableRecord
  2
*D13
340
0
 70
     0
280
     1
281
     0
  0
BLOCK_RECORD
  5
1327
330
1
100
AcDbSymbolTableRecord
100
AcDbBlockTableRecord
  2
*D14
340
0
 70
     0
280
     1
281
     0
  0
BLOCK_RECORD
  5
13A6
330
1
100
AcDbSymbolTableRecord
100
AcDbBlockTableRecord
  2
*D15
340
0
 70
     0
280
     1
281
     0
  0
BLOCK_RECORD
  5
13D4
330
1
100
AcDbSymbolTableRecord
100
AcDbBlockTableRecord
  2
*D16
340
0
 70
     0
280
     1
281
     0
  0
BLOCK_RECORD
  5
141F
330
1
100
AcDbSymbolTableRecord
100
AcDbBlockTableRecord
  2
*D17
340
0
 70
     0
280
     1
281
     0
  0
BLOCK_RECORD
  5
143A
330
1
100
AcDbSymbolTableRecord
100
AcDbBlockTableRecord
  2
*D18
340
0
 70
     0
280
     1
281
     0
  0
BLOCK_RECORD
  5
15AD
330
1
100
AcDbSymbolTableRecord
100
AcDbBlockTableRecord
  2
*D19
340
0
 70
     0
280
     1
281
     0
  0
BLOCK_RECORD
  5
1617
330
1
100
AcDbSymbolTableRecord
100
AcDbBlockTableRecord
  2
*D20
340
0
 70
     0
280
     1
281
     0
  0
BLOCK_RECORD
  5
16AE
330
1
100
AcDbSymbolTableRecord
100
AcDbBlockTableRecord
  2
*D21
340
0
 70
     0
280
     1
281
     0
  0
BLOCK_RECORD
  5
1740
330
1
100
AcDbSymbolTableRecord
100
AcDbBlockTableRecord
  2
*D22
340
0
 70
     0
280
     1
281
     0
  0
BLOCK_RECORD
  5
1AE0
330
1
100
AcDbSymbolTableRecord
100
AcDbBlockTableRecord
  2
*D23
340
0
 70
     0
280
     1
281
     0
  0
BLOCK_RECORD
  5
1B0E
330
1
100
AcDbSymbolTableRecord
100
AcDbBlockTableRecord
  2
*D24
340
0
 70
     0
280
     1
281
     0
  0
BLOCK_RECORD
  5
1B3C
330
1
100
AcDbSymbolTableRecord
100
AcDbBlockTableRecord
  2
*D25
340
0
 70
     0
280
     1
281
     0
  0
BLOCK_RECORD
  5
1BC0
330
1
100
AcDbSymbolTableRecord
100
AcDbBlockTableRecord
  2
*D26
340
0
 70
     0
280
     1
281
     0
  0
BLOCK_RECORD
  5
1C04
330
1
100
AcDbSymbolTableRecord
100
AcDbBlockTableRecord
  2
*D27
340
0
 70
     0
280
     1
281
     0
  0
BLOCK_RECORD
  5
1C32
330
1
100
AcDbSymbolTableRecord
100
AcDbBlockTableRecord
  2
*D28
340
0
 70
     0
280
     1
281
     0
  0
BLOCK_RECORD
  5
1C54
330
1
100
AcDbSymbolTableRecord
100
AcDbBlockTableRecord
  2
*D29
340
0
 70
     0
280
     1
281
     0
  0
BLOCK_RECORD
  5
1C82
330
1
100
AcDbSymbolTableRecord
100
AcDbBlockTableRecord
  2
*D30
340
0
 70
     0
280
     1
281
     0
  0
BLOCK_RECORD
  5
1CDE
330
1
100
AcDbSymbolTableRecord
100
AcDbBlockTableRecord
  2
*D31
340
0
 70
     0
280
     1
281
     0
  0
BLOCK_RECORD
  5
1D2A
330
1
100
AcDbSymbolTableRecord
100
AcDbBlockTableRecord
  2
*D32
340
0
 70
     0
280
     1
281
     0
  0
BLOCK_RECORD
  5
1D8A
330
1
100
AcDbSymbolTableRecord
100
AcDbBlockTableRecord
  2
*D33
340
0
 70
     0
280
     1
281
     0
  0
BLOCK_RECORD
  5
1DA4
330
1
100
AcDbSymbolTableRecord
100
AcDbBlockTableRecord
  2
*D34
340
0
 70
     0
280
     1
281
     0
  0
BLOCK_RECORD
  5
1DBE
330
1
100
AcDbSymbolTableRecord
100
AcDbBlockTableRecord
  2
*D35
340
0
 70
     0
280
     1
281
     0
  0
BLOCK_RECORD
  5
1FB3
330
1
100
AcDbSymbolTableRecord
100
AcDbBlockTableRecord
  2
*D36
340
0
 70
     0
280
     1
281
     0
  0
BLOCK_RECORD
  5
1FE1
330
1
100
AcDbSymbolTableRecord
100
AcDbBlockTableRecord
  2
*D37
340
0
 70
     0
280
     1
281
     0
  0
BLOCK_RECORD
  5
200F
330
1
100
AcDbSymbolTableRecord
100
AcDbBlockTableRecord
  2
*D38
340
0
 70
     0
280
     1
281
     0
  0
ENDTAB
  0
ENDSEC
  0
SECTION
  2
BLOCKS
  0
BLOCK
  5
20
330
1F
100
AcDbEntity
  8
0
100
AcDbBlockBegin
  2
*Model_Space
 70
     0
 10
0.0
 20
0.0
 30
0.0
  3
*Model_Space
  1

  0
ENDBLK
  5
21
330
1F
100
AcDbEntity
  8
0
100
AcDbBlockEnd
  0
BLOCK
  5
D4
330
D2
100
AcDbEntity
 67
     1
  8
0
100
AcDbBlockBegin
  2
*Paper_Space
 70
     0
 10
0.0
 20
0.0
 30
0.0
  3
*Paper_Space
  1

  0
ENDBLK
  5
D5
330
D2
100
AcDbEntity
 67
     1
  8
0
100
AcDbBlockEnd
  0
BLOCK
  5
D8
330
D6
100
AcDbEntity
 67
     1
  8
0
100
AcDbBlockBegin
  2
*Paper_Space0
 70
     0
 10
0.0
 20
0.0
 30
0.0
  3
*Paper_Space0
  1

  0
ENDBLK
  5
D9
330
D6
100
AcDbEntity
 67
     1
  8
0
100
AcDbBlockEnd
  0
BLOCK
  5
2D9
330
2C1
100
AcDbEntity
  8
0
100
AcDbBlockBegin
  2
A$Cac60923e
 70
     0
 10
0.0
 20
0.0
 30
0.0
  3
A$Cac60923e
  1

  0
LINE
  5
2C2
330
2C1
100
AcDbEntity
  8
0
100
AcDbLine
 10
0.3000000000000007
 20
0.3000000000000007
 30
0.0
 11
5.3
 21
0.3000000000000007
 31
0.0
  0
LINE
  5
2C3
330
2C1
100
AcDbEntity
  8
0
100
AcDbLine
 10
7.699999999999999
 20
0.3000000000000007
 30
0.0
 11
12.7
 21
0.3000000000000007
 31
0.0
  0
LINE
  5
2C4
330
2C1
100
AcDbEntity
  8
0
100
AcDbLine
 10
0.0
 20
0.0
 30
0.0
 11
5.3
 21
0.0
 31
0.0
  0
LINE
  5
2C5
330
2C1
100
AcDbEntity
  8
0
100
AcDbLine
 10
7.699999999999999
 20
0.0
 30
0.0
 11
13.0
 21
0.0
 31
0.0
  0
LINE
  5
2C6
330
2C1
100
AcDbEntity
  8
0
100
AcDbLine
 10
12.7
 20
0.3000000000000007
 30
0.0
 11
12.7
 21
6.8
 31
0.0
  0
LINE
  5
2C7
330
2C1
100
AcDbEntity
  8
0
100
AcDbLine
 10
12.7
 20
8.8
 30
0.0
 11
12.7
 21
15.3
 31
0.0
  0
LINE
  5
2C8
330
2C1
100
AcDbEntity
  8
0
100
AcDbLine
 10
13.0
 20
0.0
 30
0.0
 11
13.0
 21
6.800000000000004
 31
0.0
  0
LINE
  5
2C9
330
2C1
100
AcDbEntity
  8
0
100
AcDbLine
 10
13.0
 20
8.800000000000004
 30
0.0
 11
13.0
 21
15.5
 31
0.0
  0
LINE
  5
2CA
330
2C1
100
AcDbEntity
  8
0
100
AcDbLine
 10
0.3000000000000007
 20
0.3000000000000007
 30
0.0
 11
0.3000000000000007
 21
6.8
 31
0.0
  0
LINE
  5
2CB
330
2C1
100
AcDbEntity
  8
0
100
AcDbLine
 10
0.3000000000000007
 20
8.8
 30
0.0
 11
0.3000000000000007
 21
15.3
 31
0.0
  0
LINE
  5
2CC
330
2C1
100
AcDbEntity
  8
0
100
AcDbLine
 10
0.0
 20
0.0
 30
0.0
 11
0.0
 21
6.800000000000004
 31
0.0
  0
LINE
  5
2CD
330
2C1
100
AcDbEntity
  8
0
100
AcDbLine
 10
0.0
 20
8.800000000000004
 30
0.0
 11
0.0
 21
15.5
 31
0.0
  0
LINE
  5
2CE
330
2C1
100
AcDbEntity
  8
0
100
AcDbLine
 10
0.3000000000000007
 20
15.3
 30
0.0
 11
12.7
 21
15.3
 31
0.0
  0
LINE
  5
2CF
330
2C1
100
AcDbEntity
  8
0
100
AcDbLine
 10
0.0
 20
15.5
 30
0.0
 11
13.0
 21
15.5
 31
0.0
  0
LINE
  5
2D0
330
2C1
100
AcDbEntity
  8
0
100
AcDbLine
 10
5.3
 20
0.3000000000000007
 30
0.0
 11
5.3
 21
0.0
 31
0.0
  0
LINE
  5
2D1
330
2C1
100
AcDbEntity
  8
0
100
AcDbLine
 10
12.7
 20
0.3000000000000007
 30
0.0
 11
7.699999999999999
 21
0.3000000000000007
 31
0.0
  0
LINE
  5
2D2
330
2C1
100
AcDbEntity
  8
0
100
AcDbLine
 10
7.699999999999999
 20
0.3000000000000007
 30
0.0
 11
7.699999999999999
 21
0.0
 31
0.0
  0
LINE
  5
2D3
330
2C1
100
AcDbEntity
  8
0
100
AcDbLine
 10
0.3000000000000007
 20
6.8
 30
0.0
 11
0.0
 21
6.8
 31
0.0
  0
LINE
  5
2D4
330
2C1
100
AcDbEntity
  8
0
100
AcDbLine
 10
0.3000000000000007
 20
8.8
 30
0.0
 11
0.0
 21
8.8
 31
0.0
  0
LINE
  5
2D5
330
2C1
100
AcDbEntity
  8
0
100
AcDbLine
 10
13.0
 20
6.8
 30
0.0
 11
12.7
 21
6.8
 31
0.0
  0
LINE
  5
2D6
330
2C1
100
AcDbEntity
  8
0
100
AcDbLine
 10
13.0
 20
8.8
 30
0.0
 11
12.7
 21
8.8
 31
0.0
  0
ENDBLK
  5
2DA
330
2C1
100
AcDbEntity
  8
0
100
AcDbBlockEnd
  0
BLOCK
  5
AEF
330
AEB
100
AcDbEntity
  8
0
100
AcDbBlockBegin
  2
A$Ce381a6d6
 70
     0
 10
0.0
 20
0.0
 30
0.0
  3
A$Ce381a6d6
  1

  0
MTEXT
  5
AEC
330
AEB
100
AcDbEntity
  8
0
100
AcDbMText
 10
0.0
 20
0.8116643929058682
 30
0.0
 40
0.3
 41
2.908462826136656
 46
0.0
 71
     1
 72
     5
  1
\pxqc;DINING AREA \P24.8 X 13.6
 73
     1
 44
1.0
101
Embedded Object
 70
     1
 10
1.0
 20
0.0
 30
0.0
 11
0.0
 21
0.8116643929058682
 31
0.0
 40
2.908462826136656
 41
0.0
 42
2.692837653478853
 43
0.8116643929058662
 71
     2
 72
     1
 44
2.908462826136656
 45
12.5
 73
     0
 74
     0
 46
0.0
  0
ENDBLK
  5
AF0
330
AEB
100
AcDbEntity
  8
0
100
AcDbBlockEnd
  0
BLOCK
  5
EF3
330
EF2
100
AcDbEntity
  8
0
100
AcDbBlockBegin
  2
*D3
 70
     1
 10
0.0
 20
0.0
 30
0.0
  3
*D3
  1

  0
LINE
  5
1053
330
EF2
100
AcDbEntity
  8
0
 62
     0
440
 16777216
370
    -2
100
AcDbLine
 10
28.5747350333593
 20
50.44965520606585
 30
0.0
 11
27.79160554038912
 21
50.44965520606585
 31
0.0
  0
LINE
  5
1054
330
EF2
100
AcDbEntity
  8
0
 62
     0
440
 16777216
370
    -2
100
AcDbLine
 10
28.48286452632947
 20
51.04965520606582
 30
0.0
 11
27.79160554038912
 21
51.04965520606582
 31
0.0
  0
LINE
  5
1055
330
EF2
100
AcDbEntity
  8
0
 62
     0
440
 16777216
370
    -2
100
AcDbLine
 10
27.97160554038912
 20
50.62965520606585
 30
0.0
 11
27.97160554038912
 21
50.86965520606582
 31
0.0
  0
LINE
  5
1056
330
EF2
100
AcDbEntity
  8
0
 62
     0
440
 16777216
370
    -2
100
AcDbLine
 10
27.97160554038912
 20
51.04965520606582
 30
0.0
 11
27.97160554038912
 21
51.22965520606582
 31
0.0
  0
LINE
  5
1057
330
EF2
100
AcDbEntity
  8
0
 62
     0
440
 16777216
370
    -2
100
AcDbLine
 10
27.97160554038912
 20
51.22965520606582
 30
0.0
 11
28.15160554038912
 21
51.22965520606582
 31
0.0
  0
SOLID
  5
1058
330
EF2
100
AcDbEntity
  8
0
 62
     0
440
 16777216
100
AcDbTrace
 10
27.94160554038912
 20
50.62965520606585
 30
0.0
 11
28.00160554038912
 21
50.62965520606585
 31
0.0
 12
27.97160554038912
 22
50.44965520606585
 32
0.0
 13
27.97160554038912
 23
50.44965520606585
 33
0.0
  0
SOLID
  5
1059
330
EF2
100
AcDbEntity
  8
0
 62
     0
440
 16777216
100
AcDbTrace
 10
27.94160554038912
 20
50.86965520606582
 30
0.0
 11
28.00160554038912
 21
50.86965520606582
 31
0.0
 12
27.97160554038912
 22
51.04965520606582
 32
0.0
 13
27.97160554038912
 23
51.04965520606582
 33
0.0
  0
MTEXT
  5
105A
330
EF2
100
AcDbEntity
  8
0
 62
     0
440
 16777216
100
AcDbMText
 10
28.41322900560059
 20
51.2296552060658
 30
0.0
 40
0.2
 41
0.0
 46
0.0
 71
     5
 72
     1
  1
\A1;1.2
 73
     1
 44
1.0
  0
POINT
  5
105B
330
EF2
100
AcDbEntity
  8
Defpoints
 62
     0
440
 16777216
100
AcDbPoint
 10
28.63723503335929
 20
50.44965520606585
 30
0.0
  0
POINT
  5
105C
330
EF2
100
AcDbEntity
  8
Defpoints
 62
     0
440
 16777216
100
AcDbPoint
 10
28.54536452632947
 20
51.04965520606582
 30
0.0
  0
POINT
  5
105D
330
EF2
100
AcDbEntity
  8
Defpoints
 62
     0
440
 16777216
100
AcDbPoint
 10
27.97160554038912
 20
51.04965520606582
 30
0.0
  0
ENDBLK
  5
EF4
330
EF2
100
AcDbEntity
  8
0
100
AcDbBlockEnd
  0
BLOCK
  5
F0F
330
F0E
100
AcDbEntity
  8
0
100
AcDbBlockBegin
  2
*D4
 70
     1
 10
0.0
 20
0.0
 30
0.0
  3
*D4
  1

  0
LINE
  5
FD0
330
F0E
100
AcDbEntity
  8
0
 62
     0
440
 16777216
370
    -2
100
AcDbLine
 10
24.88286452632948
 20
50.44965520606583
 30
0.0
 11
22.36157308786917
 21
50.44965520606583
 31
0.0
  0
LINE
  5
FD1
330
F0E
100
AcDbEntity
  8
0
 62
     0
440
 16777216
370
    -2
100
AcDbLine
 10
24.88286452632948
 20
51.3626986843267
 30
0.0
 11
22.36157308786917
 21
51.3626986843267
 31
0.0
  0
LINE
  5
FD2
330
F0E
100
AcDbEntity
  8
0
 62
     0
440
 16777216
370
    -2
100
AcDbLine
 10
22.54157308786917
 20
50.62965520606582
 30
0.0
 11
22.54157308786917
 21
51.18269868432669
 31
0.0
  0
LINE
  5
FD3
330
F0E
100
AcDbEntity
  8
0
 62
     0
440
 16777216
370
    -2
100
AcDbLine
 10
22.54157308786917
 20
51.3626986843267
 30
0.0
 11
22.54157308786917
 21
51.54269868432669
 31
0.0
  0
LINE
  5
FD4
330
F0E
100
AcDbEntity
  8
0
 62
     0
440
 16777216
370
    -2
100
AcDbLine
 10
22.54157308786917
 20
51.54269868432669
 30
0.0
 11
22.72157308786917
 21
51.54269868432669
 31
0.0
  0
SOLID
  5
FD5
330
F0E
100
AcDbEntity
  8
0
 62
     0
440
 16777216
100
AcDbTrace
 10
22.51157308786916
 20
50.62965520606582
 30
0.0
 11
22.57157308786917
 21
50.62965520606582
 31
0.0
 12
22.54157308786917
 22
50.44965520606583
 32
0.0
 13
22.54157308786917
 23
50.44965520606583
 33
0.0
  0
SOLID
  5
FD6
330
F0E
100
AcDbEntity
  8
0
 62
     0
440
 16777216
100
AcDbTrace
 10
22.51157308786916
 20
51.18269868432669
 30
0.0
 11
22.57157308786917
 21
51.18269868432669
 31
0.0
 12
22.54157308786917
 22
51.3626986843267
 32
0.0
 13
22.54157308786917
 23
51.3626986843267
 33
0.0
  0
MTEXT
  5
FD7
330
F0E
100
AcDbEntity
  8
0
 62
     0
440
 16777216
100
AcDbMText
 10
22.98442438391283
 20
51.54269868432667
 30
0.0
 40
0.2
 41
0.0
 46
0.0
 71
     5
 72
     1
  1
\A1;1.8
 73
     1
 44
1.0
  0
POINT
  5
FD8
330
F0E
100
AcDbEntity
  8
Defpoints
 62
     0
440
 16777216
100
AcDbPoint
 10
24.94536452632948
 20
50.44965520606583
 30
0.0
  0
POINT
  5
FD9
330
F0E
100
AcDbEntity
  8
Defpoints
 62
     0
440
 16777216
100
AcDbPoint
 10
24.94536452632948
 20
51.3626986843267
 30
0.0
  0
POINT
  5
FDA
330
F0E
100
AcDbEntity
  8
Defpoints
 62
     0
440
 16777216
100
AcDbPoint
 10
22.54157308786917
 20
51.3626986843267
 30
0.0
  0
ENDBLK
  5
F10
330
F0E
100
AcDbEntity
  8
0
100
AcDbBlockEnd
  0
BLOCK
  5
FE1
330
FE0
100
AcDbEntity
  8
0
100
AcDbBlockBegin
  2
*D5
 70
     1
 10
0.0
 20
0.0
 30
0.0
  3
*D5
  1

  0
LINE
  5
1032
330
FE0
100
AcDbEntity
  8
0
 62
     0
440
 16777216
370
    -2
100
AcDbLine
 10
23.98286452632947
 20
51.36269868432672
 30
0.0
 11
22.63737671933925
 21
51.36269868432672
 31
0.0
  0
LINE
  5
1033
330
FE0
100
AcDbEntity
  8
0
 62
     0
440
 16777216
370
    -2
100
AcDbLine
 10
23.98286452632947
 20
52.19965520606583
 30
0.0
 11
22.63737671933925
 21
52.19965520606583
 31
0.0
  0
LINE
  5
1034
330
FE0
100
AcDbEntity
  8
0
 62
     0
440
 16777216
370
    -2
100
AcDbLine
 10
22.81737671933925
 20
51.54269868432672
 30
0.0
 11
22.81737671933925
 21
52.01965520606584
 31
0.0
  0
LINE
  5
1035
330
FE0
100
AcDbEntity
  8
0
 62
     0
440
 16777216
370
    -2
100
AcDbLine
 10
22.81737671933925
 20
52.19965520606583
 30
0.0
 11
22.81737671933925
 21
52.37965520606583
 31
0.0
  0
LINE
  5
1036
330
FE0
100
AcDbEntity
  8
0
 62
     0
440
 16777216
370
    -2
100
AcDbLine
 10
22.81737671933925
 20
52.37965520606583
 30
0.0
 11
22.99737671933925
 21
52.37965520606583
 31
0.0
  0
SOLID
  5
1037
330
FE0
100
AcDbEntity
  8
0
 62
     0
440
 16777216
100
AcDbTrace
 10
22.78737671933925
 20
51.54269868432672
 30
0.0
 11
22.84737671933925
 21
51.54269868432672
 31
0.0
 12
22.81737671933925
 22
51.36269868432672
 32
0.0
 13
22.81737671933925
 23
51.36269868432672
 33
0.0
  0
SOLID
  5
1038
330
FE0
100
AcDbEntity
  8
0
 62
     0
440
 16777216
100
AcDbTrace
 10
22.78737671933925
 20
52.01965520606584
 30
0.0
 11
22.84737671933925
 21
52.01965520606584
 31
0.0
 12
22.81737671933925
 22
52.19965520606583
 32
0.0
 13
22.81737671933925
 23
52.19965520606583
 33
0.0
  0
MTEXT
  5
1039
330
FE0
100
AcDbEntity
  8
0
 62
     0
440
 16777216
100
AcDbMText
 10
23.26002337691088
 20
52.37965520606581
 30
0.0
 40
0.2
 41
0.0
 46
0.0
 71
     5
 72
     1
  1
\A1;1.7
 73
     1
 44
1.0
  0
POINT
  5
103A
330
FE0
100
AcDbEntity
  8
Defpoints
 62
     0
440
 16777216
100
AcDbPoint
 10
24.04536452632947
 20
51.36269868432672
 30
0.0
  0
POINT
  5
103B
330
FE0
100
AcDbEntity
  8
Defpoints
 62
     0
440
 16777216
100
AcDbPoint
 10
24.04536452632947
 20
52.19965520606583
 30
0.0
  0
POINT
  5
103C
330
FE0
100
AcDbEntity
  8
Defpoints
 62
     0
440
 16777216
100
AcDbPoint
 10
22.81737671933925
 20
52.19965520606583
 30
0.0
  0
ENDBLK
  5
FE2
330
FE0
100
AcDbEntity
  8
0
100
AcDbBlockEnd
  0
BLOCK
  5
106E
330
106D
100
AcDbEntity
  8
0
100
AcDbBlockBegin
  2
*D6
 70
     1
 10
0.0
 20
0.0
 30
0.0
  3
*D6
  1

  0
LINE
  5
1090
330
106D
100
AcDbEntity
  8
0
 62
     0
440
 16777216
370
    -2
100
AcDbLine
 10
51.08286452632949
 20
50.44965520606598
 30
0.0
 11
50.41822209863355
 21
50.44965520606598
 31
0.0
  0
LINE
  5
1091
330
106D
100
AcDbEntity
  8
0
 62
     0
440
 16777216
370
    -2
100
AcDbLine
 10
51.08286452632949
 20
52.19965520606582
 30
0.0
 11
50.41822209863355
 21
52.19965520606582
 31
0.0
  0
LINE
  5
1092
330
106D
100
AcDbEntity
  8
0
 62
     0
440
 16777216
370
    -2
100
AcDbLine
 10
50.59822209863355
 20
50.62965520606597
 30
0.0
 11
50.59822209863355
 21
51.13247239569755
 31
0.0
  0
LINE
  5
1093
330
106D
100
AcDbEntity
  8
0
 62
     0
440
 16777216
370
    -2
100
AcDbLine
 10
50.59822209863355
 20
52.01965520606583
 30
0.0
 11
50.59822209863355
 21
51.51683801643425
 31
0.0
  0
SOLID
  5
1094
330
106D
100
AcDbEntity
  8
0
 62
     0
440
 16777216
100
AcDbTrace
 10
50.56822209863355
 20
50.62965520606597
 30
0.0
 11
50.62822209863355
 21
50.62965520606597
 31
0.0
 12
50.59822209863355
 22
50.44965520606598
 32
0.0
 13
50.59822209863355
 23
50.44965520606598
 33
0.0
  0
SOLID
  5
1095
330
106D
100
AcDbEntity
  8
0
 62
     0
440
 16777216
100
AcDbTrace
 10
50.56822209863355
 20
52.01965520606583
 30
0.0
 11
50.62822209863355
 21
52.01965520606583
 31
0.0
 12
50.59822209863355
 22
52.19965520606582
 32
0.0
 13
50.59822209863355
 23
52.19965520606582
 33
0.0
  0
MTEXT
  5
1096
330
106D
100
AcDbEntity
  8
0
 62
     0
440
 16777216
100
AcDbMText
 10
50.59822209863355
 20
51.32465520606587
 30
0.0
 40
0.2
 41
0.0
 46
0.0
 71
     5
 72
     1
  1
\A1;3.5
 73
     1
 44
1.0
  0
POINT
  5
1097
330
106D
100
AcDbEntity
  8
Defpoints
 62
     0
440
 16777216
100
AcDbPoint
 10
51.14536452632949
 20
50.44965520606598
 30
0.0
  0
POINT
  5
1098
330
106D
100
AcDbEntity
  8
Defpoints
 62
     0
440
 16777216
100
AcDbPoint
 10
51.14536452632949
 20
52.19965520606582
 30
0.0
  0
POINT
  5
1099
330
106D
100
AcDbEntity
  8
Defpoints
 62
     0
440
 16777216
100
AcDbPoint
 10
50.59822209863355
 20
52.19965520606582
 30
0.0
  0
ENDBLK
  5
106F
330
106D
100
AcDbEntity
  8
0
100
AcDbBlockEnd
  0
BLOCK
  5
109C
330
109B
100
AcDbEntity
  8
0
100
AcDbBlockBegin
  2
*D7
 70
     1
 10
0.0
 20
0.0
 30
0.0
  3
*D7
  1

  0
LINE
  5
1166
330
109B
100
AcDbEntity
  8
0
 62
     0
440
 16777216
370
    -2
100
AcDbLine
 10
50.79367321034749
 20
52.09980401975446
 30
0.0
 11
51.0948836648273
 21
52.09980401975446
 31
0.0
  0
LINE
  5
1167
330
109B
100
AcDbEntity
  8
0
 62
     0
440
 16777216
370
    -2
100
AcDbLine
 10
50.788270033836
 20
52.19980401975447
 30
0.0
 11
51.0948836648273
 21
52.19980401975447
 31
0.0
  0
LINE
  5
1168
330
109B
100
AcDbEntity
  8
0
 62
     0
440
 16777216
370
    -2
100
AcDbLine
 10
50.9148836648273
 20
51.91980401975446
 30
0.0
 11
50.9148836648273
 21
51.73980401975446
 31
0.0
  0
LINE
  5
1169
330
109B
100
AcDbEntity
  8
0
 62
     0
440
 16777216
370
    -2
100
AcDbLine
 10
50.9148836648273
 20
52.37980401975447
 30
0.0
 11
50.9148836648273
 21
52.55980401975446
 31
0.0
  0
LINE
  5
116A
330
109B
100
AcDbEntity
  8
0
 62
     0
440
 16777216
370
    -2
100
AcDbLine
 10
50.9148836648273
 20
52.55980401975446
 30
0.0
 11
51.0948836648273
 21
52.55980401975446
 31
0.0
  0
SOLID
  5
116B
330
109B
100
AcDbEntity
  8
0
 62
     0
440
 16777216
100
AcDbTrace
 10
50.8848836648273
 20
51.91980401975446
 30
0.0
 11
50.9448836648273
 21
51.91980401975446
 31
0.0
 12
50.9148836648273
 22
52.09980401975446
 32
0.0
 13
50.9148836648273
 23
52.09980401975446
 33
0.0
  0
SOLID
  5
116C
330
109B
100
AcDbEntity
  8
0
 62
     0
440
 16777216
100
AcDbTrace
 10
50.8848836648273
 20
52.37980401975447
 30
0.0
 11
50.9448836648273
 21
52.37980401975447
 31
0.0
 12
50.9148836648273
 22
52.19980401975447
 32
0.0
 13
50.9148836648273
 23
52.19980401975447
 33
0.0
  0
MTEXT
  5
116D
330
109B
100
AcDbEntity
  8
0
 62
     0
440
 16777216
100
AcDbMText
 10
51.44538843972497
 20
52.55980401975444
 30
0.0
 40
0.2
 41
0.0
 46
0.0
 71
     5
 72
     1
  1
\A1;0.15
 73
     1
 44
1.0
  0
POINT
  5
116E
330
109B
100
AcDbEntity
  8
Defpoints
 62
     0
440
 16777216
100
AcDbPoint
 10
50.73117321034749
 20
52.09980401975446
 30
0.0
  0
POINT
  5
116F
330
109B
100
AcDbEntity
  8
Defpoints
 62
     0
440
 16777216
100
AcDbPoint
 10
50.72577003383599
 20
52.19980401975447
 30
0.0
  0
POINT
  5
1170
330
109B
100
AcDbEntity
  8
Defpoints
 62
     0
440
 16777216
100
AcDbPoint
 10
50.9148836648273
 20
52.19980401975447
 30
0.0
  0
ENDBLK
  5
109D
330
109B
100
AcDbEntity
  8
0
100
AcDbBlockEnd
  0
BLOCK
  5
1173
330
1172
100
AcDbEntity
  8
0
100
AcDbBlockBegin
  2
*D8
 70
     1
 10
0.0
 20
0.0
 30
0.0
  3
*D8
  1

  0
LINE
  5
1195
330
1172
100
AcDbEntity
  8
0
 62
     0
440
 16777216
370
    -2
100
AcDbLine
 10
49.28286452632947
 20
50.44965520606581
 30
0.0
 11
48.73300505017355
 21
50.44965520606581
 31
0.0
  0
LINE
  5
1196
330
1172
100
AcDbEntity
  8
0
 62
     0
440
 16777216
370
    -2
100
AcDbLine
 10
49.28286452632947
 20
50.89965520606582
 30
0.0
 11
48.73300505017355
 21
50.89965520606582
 31
0.0
  0
LINE
  5
1197
330
1172
100
AcDbEntity
  8
0
 62
     0
440
 16777216
370
    -2
100
AcDbLine
 10
48.91300505017355
 20
50.26965520606581
 30
0.0
 11
48.91300505017355
 21
50.08965520606581
 31
0.0
  0
LINE
  5
1198
330
1172
100
AcDbEntity
  8
0
 62
     0
440
 16777216
370
    -2
100
AcDbLine
 10
48.91300505017355
 20
51.07965520606581
 30
0.0
 11
48.91300505017355
 21
51.25965520606581
 31
0.0
  0
SOLID
  5
1199
330
1172
100
AcDbEntity
  8
0
 62
     0
440
 16777216
100
AcDbTrace
 10
48.88300505017355
 20
50.26965520606581
 30
0.0
 11
48.94300505017355
 21
50.26965520606581
 31
0.0
 12
48.91300505017355
 22
50.44965520606581
 32
0.0
 13
48.91300505017355
 23
50.44965520606581
 33
0.0
  0
SOLID
  5
119A
330
1172
100
AcDbEntity
  8
0
 62
     0
440
 16777216
100
AcDbTrace
 10
48.88300505017355
 20
51.07965520606581
 30
0.0
 11
48.94300505017355
 21
51.07965520606581
 31
0.0
 12
48.91300505017355
 22
50.89965520606582
 32
0.0
 13
48.91300505017355
 23
50.89965520606582
 33
0.0
  0
MTEXT
  5
119B
330
1172
100
AcDbEntity
  8
0
 62
     0
440
 16777216
100
AcDbMText
 10
48.91300505017355
 20
50.67465520606578
 30
0.0
 40
0.2
 41
0.0
 46
0.0
 71
     5
 72
     1
  1
\A1;0.9
 73
     1
 44
1.0
  0
POINT
  5
119C
330
1172
100
AcDbEntity
  8
Defpoints
 62
     0
440
 16777216
100
AcDbPoint
 10
49.34536452632947
 20
50.44965520606581
 30
0.0
  0
POINT
  5
119D
330
1172
100
AcDbEntity
  8
Defpoints
 62
     0
440
 16777216
100
AcDbPoint
 10
49.34536452632947
 20
50.89965520606582
 30
0.0
  0
POINT
  5
119E
330
1172
100
AcDbEntity
  8
Defpoints
 62
     0
440
 16777216
100
AcDbPoint
 10
48.91300505017355
 20
50.89965520606582
 30
0.0
  0
ENDBLK
  5
1174
330
1172
100
AcDbEntity
  8
0
100
AcDbBlockEnd
  0
BLOCK
  5
11A1
330
11A0
100
AcDbEntity
  8
0
100
AcDbBlockBegin
  2
*D9
 70
     1
 10
0.0
 20
0.0
 30
0.0
  3
*D9
  1

  0
LINE
  5
11C3
330
11A0
100
AcDbEntity
  8
0
 62
     0
440
 16777216
370
    -2
100
AcDbLine
 10
50.20786452632949
 20
53.94965520606582
 30
0.0
 11
53.52206385210356
 21
53.94965520606582
 31
0.0
  0
LINE
  5
11C4
330
11A0
100
AcDbEntity
  8
0
 62
     0
440
 16777216
370
    -2
100
AcDbLine
 10
50.20786452632949
 20
50.44965520606583
 30
0.0
 11
53.52206385210356
 21
50.44965520606583
 31
0.0
  0
LINE
  5
11C5
330
11A0
100
AcDbEntity
  8
0
 62
     0
440
 16777216
370
    -2
100
AcDbLine
 10
53.34206385210356
 20
53.76965520606582
 30
0.0
 11
53.34206385210356
 21
52.38965520606583
 31
0.0
  0
LINE
  5
11C6
330
11A0
100
AcDbEntity
  8
0
 62
     0
440
 16777216
370
    -2
100
AcDbLine
 10
53.34206385210356
 20
50.62965520606582
 30
0.0
 11
53.34206385210356
 21
52.00965520606583
 31
0.0
  0
SOLID
  5
11C7
330
11A0
100
AcDbEntity
  8
0
 62
     0
440
 16777216
100
AcDbTrace
 10
53.31206385210356
 20
53.76965520606582
 30
0.0
 11
53.37206385210357
 21
53.76965520606582
 31
0.0
 12
53.34206385210356
 22
53.94965520606582
 32
0.0
 13
53.34206385210356
 23
53.94965520606582
 33
0.0
  0
SOLID
  5
11C8
330
11A0
100
AcDbEntity
  8
0
 62
     0
440
 16777216
100
AcDbTrace
 10
53.31206385210356
 20
50.62965520606582
 30
0.0
 11
53.37206385210357
 21
50.62965520606582
 31
0.0
 12
53.34206385210356
 22
50.44965520606583
 32
0.0
 13
53.34206385210356
 23
50.44965520606583
 33
0.0
  0
MTEXT
  5
11C9
330
11A0
100
AcDbEntity
  8
0
 62
     0
440
 16777216
100
AcDbMText
 10
53.34206385210356
 20
52.1996552060658
 30
0.0
 40
0.2
 41
0.0
 46
0.0
 71
     5
 72
     1
  1
\A1;7
 73
     1
 44
1.0
  0
POINT
  5
11CA
330
11A0
100
AcDbEntity
  8
Defpoints
 62
     0
440
 16777216
100
AcDbPoint
 10
50.14536452632949
 20
53.94965520606582
 30
0.0
  0
POINT
  5
11CB
330
11A0
100
AcDbEntity
  8
Defpoints
 62
     0
440
 16777216
100
AcDbPoint
 10
50.14536452632949
 20
50.44965520606583
 30
0.0
  0
POINT
  5
11CC
330
11A0
100
AcDbEntity
  8
Defpoints
 62
     0
440
 16777216
100
AcDbPoint
 10
53.34206385210356
 20
50.44965520606583
 30
0.0
  0
ENDBLK
  5
11A2
330
11A0
100
AcDbEntity
  8
0
100
AcDbBlockEnd
  0
BLOCK
  5
11CF
330
11CE
100
AcDbEntity
  8
0
100
AcDbBlockBegin
  2
*D10
 70
     1
 10
0.0
 20
0.0
 30
0.0
  3
*D10
  1

  0
LINE
  5
11F1
330
11CE
100
AcDbEntity
  8
0
 62
     0
440
 16777216
370
    -2
100
AcDbLine
 10
51.20786452632948
 20
49.99965520606584
 30
0.0
 11
53.52206385210368
 21
49.99965520606584
 31
0.0
  0
LINE
  5
11F2
330
11CE
100
AcDbEntity
  8
0
 62
     0
440
 16777216
370
    -2
100
AcDbLine
 10
51.20786452632948
 20
50.44965520606582
 30
0.0
 11
53.52206385210368
 21
50.44965520606582
 31
0.0
  0
LINE
  5
11F3
330
11CE
100
AcDbEntity
  8
0
 62
     0
440
 16777216
370
    -2
100
AcDbLine
 10
53.34206385210368
 20
49.81965520606585
 30
0.0
 11
53.34206385210368
 21
49.63965520606585
 31
0.0
  0
LINE
  5
11F4
330
11CE
100
AcDbEntity
  8
0
 62
     0
440
 16777216
370
    -2
100
AcDbLine
 10
53.34206385210368
 20
50.62965520606582
 30
0.0
 11
53.34206385210368
 21
50.80965520606582
 31
0.0
  0
SOLID
  5
11F5
330
11CE
100
AcDbEntity
  8
0
 62
     0
440
 16777216
100
AcDbTrace
 10
53.31206385210368
 20
49.81965520606585
 30
0.0
 11
53.37206385210368
 21
49.81965520606585
 31
0.0
 12
53.34206385210368
 22
49.99965520606584
 32
0.0
 13
53.34206385210368
 23
49.99965520606584
 33
0.0
  0
SOLID
  5
11F6
330
11CE
100
AcDbEntity
  8
0
 62
     0
440
 16777216
100
AcDbTrace
 10
53.31206385210368
 20
50.62965520606582
 30
0.0
 11
53.37206385210368
 21
50.62965520606582
 31
0.0
 12
53.34206385210368
 22
50.44965520606582
 32
0.0
 13
53.34206385210368
 23
50.44965520606582
 33
0.0
  0
MTEXT
  5
11F7
330
11CE
100
AcDbEntity
  8
0
 62
     0
440
 16777216
100
AcDbMText
 10
53.34206385210368
 20
50.2246552060658
 30
0.0
 40
0.2
 41
0.0
 46
0.0
 71
     5
 72
     1
  1
\A1;0.9
 73
     1
 44
1.0
  0
POINT
  5
11F8
330
11CE
100
AcDbEntity
  8
Defpoints
 62
     0
440
 16777216
100
AcDbPoint
 10
51.14536452632949
 20
49.99965520606584
 30
0.0
  0
POINT
  5
11F9
330
11CE
100
AcDbEntity
  8
Defpoints
 62
     0
440
 16777216
100
AcDbPoint
 10
51.14536452632949
 20
50.44965520606582
 30
0.0
  0
POINT
  5
11FA
330
11CE
100
AcDbEntity
  8
Defpoints
 62
     0
440
 16777216
100
AcDbPoint
 10
53.34206385210368
 20
50.44965520606582
 30
0.0
  0
ENDBLK
  5
11D0
330
11CE
100
AcDbEntity
  8
0
100
AcDbBlockEnd
  0
BLOCK
  5
11FD
330
11FC
100
AcDbEntity
  8
0
100
AcDbBlockBegin
  2
*D11
 70
     1
 10
0.0
 20
0.0
 30
0.0
  3
*D11
  1

  0
LINE
  5
121F
330
11FC
100
AcDbEntity
  8
0
 62
     0
440
 16777216
370
    -2
100
AcDbLine
 10
33.60786452632947
 20
51.64965520606583
 30
0.0
 11
33.82488789065714
 21
51.64965520606583
 31
0.0
  0
LINE
  5
1220
330
11FC
100
AcDbEntity
  8
0
 62
     0
440
 16777216
370
    -2
100
AcDbLine
 10
33.60786452632947
 20
50.44965520606583
 30
0.0
 11
33.82488789065714
 21
50.44965520606583
 31
0.0
  0
LINE
  5
1221
330
11FC
100
AcDbEntity
  8
0
 62
     0
440
 16777216
370
    -2
100
AcDbLine
 10
33.64488789065715
 20
51.46965520606583
 30
0.0
 11
33.64488789065715
 21
51.24006448300989
 31
0.0
  0
LINE
  5
1222
330
11FC
100
AcDbEntity
  8
0
 62
     0
440
 16777216
370
    -2
100
AcDbLine
 10
33.64488789065715
 20
50.62965520606583
 30
0.0
 11
33.64488789065715
 21
50.85924592912176
 31
0.0
  0
SOLID
  5
1223
330
11FC
100
AcDbEntity
  8
0
 62
     0
440
 16777216
100
AcDbTrace
 10
33.61488789065715
 20
51.46965520606583
 30
0.0
 11
33.67488789065715
 21
51.46965520606583
 31
0.0
 12
33.64488789065715
 22
51.64965520606583
 32
0.0
 13
33.64488789065715
 23
51.64965520606583
 33
0.0
  0
SOLID
  5
1224
330
11FC
100
AcDbEntity
  8
0
 62
     0
440
 16777216
100
AcDbTrace
 10
33.61488789065715
 20
50.62965520606583
 30
0.0
 11
33.67488789065715
 21
50.62965520606583
 31
0.0
 12
33.64488789065715
 22
50.44965520606583
 32
0.0
 13
33.64488789065715
 23
50.44965520606583
 33
0.0
  0
MTEXT
  5
1225
330
11FC
100
AcDbEntity
  8
0
 62
     0
440
 16777216
100
AcDbMText
 10
33.64488789065716
 20
51.0496552060658
 30
0.0
 40
0.2
 41
0.0
 46
0.0
 71
     5
 72
     1
  1
\A1;2.4
 73
     1
 44
1.0
  0
POINT
  5
1226
330
11FC
100
AcDbEntity
  8
Defpoints
 62
     0
440
 16777216
100
AcDbPoint
 10
33.54536452632947
 20
51.64965520606583
 30
0.0
  0
POINT
  5
1227
330
11FC
100
AcDbEntity
  8
Defpoints
 62
     0
440
 16777216
100
AcDbPoint
 10
33.54536452632947
 20
50.44965520606583
 30
0.0
  0
POINT
  5
1228
330
11FC
100
AcDbEntity
  8
Defpoints
 62
     0
440
 16777216
100
AcDbPoint
 10
33.64488789065715
 20
50.44965520606583
 30
0.0
  0
ENDBLK
  5
11FE
330
11FC
100
AcDbEntity
  8
0
100
AcDbBlockEnd
  0
BLOCK
  5
122B
330
122A
100
AcDbEntity
  8
0
100
AcDbBlockBegin
  2
*D12
 70
     1
 10
0.0
 20
0.0
 30
0.0
  3
*D12
  1

  0
LINE
  5
126B
330
122A
100
AcDbEntity
  8
0
 62
     0
440
 16777216
370
    -2
100
AcDbLine
 10
48.58286452632949
 20
52.19965520606582
 30
0.0
 11
47.84862800413179
 21
52.19965520606582
 31
0.0
  0
LINE
  5
126C
330
122A
100
AcDbEntity
  8
0
 62
     0
440
 16777216
370
    -2
100
AcDbLine
 10
48.58286452632945
 20
53.19965520606582
 30
0.0
 11
47.84862800413179
 21
53.19965520606581
 31
0.0
  0
LINE
  5
126D
330
122A
100
AcDbEntity
  8
0
 62
     0
440
 16777216
370
    -2
100
AcDbLine
 10
48.0286280041318
 20
52.37965520606582
 30
0.0
 11
48.0286280041318
 21
52.50924592912176
 31
0.0
  0
LINE
  5
126E
330
122A
100
AcDbEntity
  8
0
 62
     0
440
 16777216
370
    -2
100
AcDbLine
 10
48.0286280041318
 20
53.01965520606582
 30
0.0
 11
48.0286280041318
 21
52.89006448300989
 31
0.0
  0
SOLID
  5
126F
330
122A
100
AcDbEntity
  8
0
 62
     0
440
 16777216
100
AcDbTrace
 10
47.99862800413179
 20
52.37965520606582
 30
0.0
 11
48.0586280041318
 21
52.37965520606582
 31
0.0
 12
48.0286280041318
 22
52.19965520606582
 32
0.0
 13
48.0286280041318
 23
52.19965520606582
 33
0.0
  0
SOLID
  5
1270
330
122A
100
AcDbEntity
  8
0
 62
     0
440
 16777216
100
AcDbTrace
 10
47.99862800413179
 20
53.01965520606581
 30
0.0
 11
48.0586280041318
 21
53.01965520606582
 31
0.0
 12
48.0286280041318
 22
53.19965520606582
 32
0.0
 13
48.0286280041318
 23
53.19965520606582
 33
0.0
  0
MTEXT
  5
1271
330
122A
100
AcDbEntity
  8
0
 62
     0
440
 16777216
100
AcDbMText
 10
48.0286280041318
 20
52.6996552060658
 30
0.0
 40
0.2
 41
0.0
 46
0.0
 71
     5
 72
     1
  1
\A1;2
 73
     1
 44
1.0
  0
POINT
  5
1272
330
122A
100
AcDbEntity
  8
Defpoints
 62
     0
440
 16777216
100
AcDbPoint
 10
48.64536452632949
 20
52.19965520606582
 30
0.0
  0
POINT
  5
1273
330
122A
100
AcDbEntity
  8
Defpoints
 62
     0
440
 16777216
100
AcDbPoint
 10
48.64536452632945
 20
53.19965520606582
 30
0.0
  0
POINT
  5
1274
330
122A
100
AcDbEntity
  8
Defpoints
 62
     0
440
 16777216
100
AcDbPoint
 10
48.0286280041318
 20
53.19965520606582
 30
0.0
  0
ENDBLK
  5
122C
330
122A
100
AcDbEntity
  8
0
100
AcDbBlockEnd
  0
BLOCK
  5
1277
330
1276
100
AcDbEntity
  8
0
100
AcDbBlockBegin
  2
*D13
 70
     1
 10
0.0
 20
0.0
 30
0.0
  3
*D13
  1

  0
LINE
  5
1299
330
1276
100
AcDbEntity
  8
0
 62
     0
440
 16777216
370
    -2
100
AcDbLine
 10
35.48286452632947
 20
50.44965520606583
 30
0.0
 11
34.84026566212564
 21
50.44965520606583
 31
0.0
  0
LINE
  5
129A
330
1276
100
AcDbEntity
  8
0
 62
     0
440
 16777216
370
    -2
100
AcDbLine
 10
35.48286452632947
 20
50.89965520606583
 30
0.0
 11
34.84026566212564
 21
50.89965520606583
 31
0.0
  0
LINE
  5
129B
330
1276
100
AcDbEntity
  8
0
 62
     0
440
 16777216
370
    -2
100
AcDbLine
 10
35.02026566212564
 20
50.26965520606583
 30
0.0
 11
35.02026566212564
 21
50.08965520606583
 31
0.0
  0
LINE
  5
129C
330
1276
100
AcDbEntity
  8
0
 62
     0
440
 16777216
370
    -2
100
AcDbLine
 10
35.02026566212564
 20
51.07965520606583
 30
0.0
 11
35.02026566212564
 21
51.25965520606583
 31
0.0
  0
SOLID
  5
129D
330
1276
100
AcDbEntity
  8
0
 62
     0
440
 16777216
100
AcDbTrace
 10
34.99026566212564
 20
50.26965520606583
 30
0.0
 11
35.05026566212564
 21
50.26965520606583
 31
0.0
 12
35.02026566212564
 22
50.44965520606583
 32
0.0
 13
35.02026566212564
 23
50.44965520606583
 33
0.0
  0
SOLID
  5
129E
330
1276
100
AcDbEntity
  8
0
 62
     0
440
 16777216
100
AcDbTrace
 10
34.99026566212564
 20
51.07965520606583
 30
0.0
 11
35.05026566212564
 21
51.07965520606583
 31
0.0
 12
35.02026566212564
 22
50.89965520606583
 32
0.0
 13
35.02026566212564
 23
50.89965520606583
 33
0.0
  0
MTEXT
  5
129F
330
1276
100
AcDbEntity
  8
0
 62
     0
440
 16777216
100
AcDbMText
 10
35.02026566212565
 20
50.67465520606581
 30
0.0
 40
0.2
 41
0.0
 46
0.0
 71
     5
 72
     1
  1
\A1;0.9
 73
     1
 44
1.0
  0
POINT
  5
12A0
330
1276
100
AcDbEntity
  8
Defpoints
 62
     0
440
 16777216
100
AcDbPoint
 10
35.54536452632947
 20
50.44965520606583
 30
0.0
  0
POINT
  5
12A1
330
1276
100
AcDbEntity
  8
Defpoints
 62
     0
440
 16777216
100
AcDbPoint
 10
35.54536452632947
 20
50.89965520606583
 30
0.0
  0
POINT
  5
12A2
330
1276
100
AcDbEntity
  8
Defpoints
 62
     0
440
 16777216
100
AcDbPoint
 10
35.02026566212564
 20
50.89965520606583
 30
0.0
  0
ENDBLK
  5
1278
330
1276
100
AcDbEntity
  8
0
100
AcDbBlockEnd
  0
BLOCK
  5
1328
330
1327
100
AcDbEntity
  8
0
100
AcDbBlockBegin
  2
*D14
 70
     1
 10
0.0
 20
0.0
 30
0.0
  3
*D14
  1

  0
LINE
  5
139A
330
1327
100
AcDbEntity
  8
0
 62
     0
440
 16777216
370
    -2
100
AcDbLine
 10
40.28442170186884
 20
52.19965520606582
 30
0.0
 11
40.96446444200768
 21
52.19965520606582
 31
0.0
  0
LINE
  5
139B
330
1327
100
AcDbEntity
  8
0
 62
     0
440
 16777216
370
    -2
100
AcDbLine
 10
40.28442170186885
 20
52.79965520606583
 30
0.0
 11
40.96446444200768
 21
52.79965520606583
 31
0.0
  0
LINE
  5
139C
330
1327
100
AcDbEntity
  8
0
 62
     0
440
 16777216
370
    -2
100
AcDbLine
 10
40.78446444200769
 20
52.37965520606582
 30
0.0
 11
40.78446444200769
 21
52.61965520606583
 31
0.0
  0
LINE
  5
139D
330
1327
100
AcDbEntity
  8
0
 62
     0
440
 16777216
370
    -2
100
AcDbLine
 10
40.78446444200769
 20
52.79965520606583
 30
0.0
 11
40.78446444200769
 21
52.97965520606583
 31
0.0
  0
LINE
  5
139E
330
1327
100
AcDbEntity
  8
0
 62
     0
440
 16777216
370
    -2
100
AcDbLine
 10
40.78446444200769
 20
52.97965520606583
 30
0.0
 11
40.96446444200768
 21
52.97965520606583
 31
0.0
  0
SOLID
  5
139F
330
1327
100
AcDbEntity
  8
0
 62
     0
440
 16777216
100
AcDbTrace
 10
40.75446444200768
 20
52.37965520606582
 30
0.0
 11
40.81446444200769
 21
52.37965520606582
 31
0.0
 12
40.78446444200769
 22
52.19965520606582
 32
0.0
 13
40.78446444200769
 23
52.19965520606582
 33
0.0
  0
SOLID
  5
13A0
330
1327
100
AcDbEntity
  8
0
 62
     0
440
 16777216
100
AcDbTrace
 10
40.75446444200768
 20
52.61965520606583
 30
0.0
 11
40.81446444200769
 21
52.61965520606583
 31
0.0
 12
40.78446444200769
 22
52.79965520606583
 32
0.0
 13
40.78446444200769
 23
52.79965520606583
 33
0.0
  0
MTEXT
  5
13A1
330
1327
100
AcDbEntity
  8
0
 62
     0
440
 16777216
100
AcDbMText
 10
41.22608790721915
 20
52.97965520606581
 30
0.0
 40
0.2
 41
0.0
 46
0.0
 71
     5
 72
     1
  1
\A1;1.2
 73
     1
 44
1.0
  0
POINT
  5
13A2
330
1327
100
AcDbEntity
  8
Defpoints
 62
     0
440
 16777216
100
AcDbPoint
 10
40.22192170186883
 20
52.19965520606582
 30
0.0
  0
POINT
  5
13A3
330
1327
100
AcDbEntity
  8
Defpoints
 62
     0
440
 16777216
100
AcDbPoint
 10
40.22192170186885
 20
52.79965520606583
 30
0.0
  0
POINT
  5
13A4
330
1327
100
AcDbEntity
  8
Defpoints
 62
     0
440
 16777216
100
AcDbPoint
 10
40.78446444200769
 20
52.79965520606583
 30
0.0
  0
ENDBLK
  5
1329
330
1327
100
AcDbEntity
  8
0
100
AcDbBlockEnd
  0
BLOCK
  5
13A7
330
13A6
100
AcDbEntity
  8
0
100
AcDbBlockBegin
  2
*D15
 70
     1
 10
0.0
 20
0.0
 30
0.0
  3
*D15
  1

  0
LINE
  5
13C9
330
13A6
100
AcDbEntity
  8
0
 62
     0
440
 16777216
370
    -2
100
AcDbLine
 10
38.10786452632948
 20
53.39965520606583
 30
0.0
 11
38.73555183717459
 21
53.39965520606583
 31
0.0
  0
LINE
  5
13CA
330
13A6
100
AcDbEntity
  8
0
 62
     0
440
 16777216
370
    -2
100
AcDbLine
 10
38.10786452632948
 20
52.19965520606582
 30
0.0
 11
38.73555183717459
 21
52.19965520606582
 31
0.0
  0
LINE
  5
13CB
330
13A6
100
AcDbEntity
  8
0
 62
     0
440
 16777216
370
    -2
100
AcDbLine
 10
38.55555183717459
 20
53.21965520606583
 30
0.0
 11
38.55555183717459
 21
52.99006448300989
 31
0.0
  0
LINE
  5
13CC
330
13A6
100
AcDbEntity
  8
0
 62
     0
440
 16777216
370
    -2
100
AcDbLine
 10
38.55555183717459
 20
52.37965520606582
 30
0.0
 11
38.55555183717459
 21
52.60924592912176
 31
0.0
  0
SOLID
  5
13CD
330
13A6
100
AcDbEntity
  8
0
 62
     0
440
 16777216
100
AcDbTrace
 10
38.52555183717459
 20
53.21965520606583
 30
0.0
 11
38.58555183717459
 21
53.21965520606583
 31
0.0
 12
38.55555183717459
 22
53.39965520606583
 32
0.0
 13
38.55555183717459
 23
53.39965520606583
 33
0.0
  0
SOLID
  5
13CE
330
13A6
100
AcDbEntity
  8
0
 62
     0
440
 16777216
100
AcDbTrace
 10
38.52555183717459
 20
52.37965520606582
 30
0.0
 11
38.58555183717459
 21
52.37965520606582
 31
0.0
 12
38.55555183717459
 22
52.19965520606582
 32
0.0
 13
38.55555183717459
 23
52.19965520606582
 33
0.0
  0
MTEXT
  5
13CF
330
13A6
100
AcDbEntity
  8
0
 62
     0
440
 16777216
100
AcDbMText
 10
38.5555518371746
 20
52.7996552060658
 30
0.0
 40
0.2
 41
0.0
 46
0.0
 71
     5
 72
     1
  1
\A1;2.4
 73
     1
 44
1.0
  0
POINT
  5
13D0
330
13A6
100
AcDbEntity
  8
Defpoints
 62
     0
440
 16777216
100
AcDbPoint
 10
38.04536452632948
 20
53.39965520606583
 30
0.0
  0
POINT
  5
13D1
330
13A6
100
AcDbEntity
  8
Defpoints
 62
     0
440
 16777216
100
AcDbPoint
 10
38.04536452632948
 20
52.19965520606582
 30
0.0
  0
POINT
  5
13D2
330
13A6
100
AcDbEntity
  8
Defpoints
 62
     0
440
 16777216
100
AcDbPoint
 10
38.55555183717459
 20
52.19965520606582
 30
0.0
  0
ENDBLK
  5
13A8
330
13A6
100
AcDbEntity
  8
0
100
AcDbBlockEnd
  0
BLOCK
  5
13D5
330
13D4
100
AcDbEntity
  8
0
100
AcDbBlockBegin
  2
*D16
 70
     1
 10
0.0
 20
0.0
 30
0.0
  3
*D16
  1

  0
LINE
  5
13F7
330
13D4
100
AcDbEntity
  8
0
 62
     0
440
 16777216
370
    -2
100
AcDbLine
 10
50.20786452632949
 20
52.19965520606583
 30
0.0
 11
52.69241966436013
 21
52.19965520606583
 31
0.0
  0
LINE
  5
13F8
330
13D4
100
AcDbEntity
  8
0
 62
     0
440
 16777216
370
    -2
100
AcDbLine
 10
50.20786452632949
 20
53.94965520606582
 30
0.0
 11
52.69241966436013
 21
53.94965520606582
 31
0.0
  0
LINE
  5
13F9
330
13D4
100
AcDbEntity
  8
0
 62
     0
440
 16777216
370
    -2
100
AcDbLine
 10
52.51241966436012
 20
52.37965520606583
 30
0.0
 11
52.51241966436012
 21
52.88247239569748
 31
0.0
  0
LINE
  5
13FA
330
13D4
100
AcDbEntity
  8
0
 62
     0
440
 16777216
370
    -2
100
AcDbLine
 10
52.51241966436012
 20
53.76965520606582
 30
0.0
 11
52.51241966436012
 21
53.26683801643418
 31
0.0
  0
SOLID
  5
13FB
330
13D4
100
AcDbEntity
  8
0
 62
     0
440
 16777216
100
AcDbTrace
 10
52.48241966436012
 20
52.37965520606583
 30
0.0
 11
52.54241966436012
 21
52.37965520606583
 31
0.0
 12
52.51241966436012
 22
52.19965520606583
 32
0.0
 13
52.51241966436012
 23
52.19965520606583
 33
0.0
  0
SOLID
  5
13FC
330
13D4
100
AcDbEntity
  8
0
 62
     0
440
 16777216
100
AcDbTrace
 10
52.48241966436012
 20
53.76965520606582
 30
0.0
 11
52.54241966436012
 21
53.76965520606582
 31
0.0
 12
52.51241966436012
 22
53.94965520606582
 32
0.0
 13
52.51241966436012
 23
53.94965520606582
 33
0.0
  0
MTEXT
  5
13FD
330
13D4
100
AcDbEntity
  8
0
 62
     0
440
 16777216
100
AcDbMText
 10
52.51241966436012
 20
53.0746552060658
 30
0.0
 40
0.2
 41
0.0
 46
0.0
 71
     5
 72
     1
  1
\A1;3.5
 73
     1
 44
1.0
  0
POINT
  5
13FE
330
13D4
100
AcDbEntity
  8
Defpoints
 62
     0
440
 16777216
100
AcDbPoint
 10
50.14536452632949
 20
52.19965520606583
 30
0.0
  0
POINT
  5
13FF
330
13D4
100
AcDbEntity
  8
Defpoints
 62
     0
440
 16777216
100
AcDbPoint
 10
50.14536452632949
 20
53.94965520606582
 30
0.0
  0
POINT
  5
1400
330
13D4
100
AcDbEntity
  8
Defpoints
 62
     0
440
 16777216
100
AcDbPoint
 10
52.51241966436012
 20
53.94965520606582
 30
0.0
  0
ENDBLK
  5
13D6
330
13D4
100
AcDbEntity
  8
0
100
AcDbBlockEnd
  0
BLOCK
  5
1420
330
141F
100
AcDbEntity
  8
0
100
AcDbBlockBegin
  2
*D17
 70
     1
 10
0.0
 20
0.0
 30
0.0
  3
*D17
  1

  0
LINE
  5
14AB
330
141F
100
AcDbEntity
  8
0
 62
     0
440
 16777216
370
    -2
100
AcDbLine
 10
17.62845502642927
 20
16.55210373820118
 30
0.0
 11
19.51730813321549
 21
16.55210373820118
 31
0.0
  0
LINE
  5
14AC
330
141F
100
AcDbEntity
  8
0
 62
     0
440
 16777216
370
    -2
100
AcDbLine
 10
17.62845502642927
 20
44.2521037382012
 30
0.0
 11
19.51730813321549
 21
44.2521037382012
 31
0.0
  0
LINE
  5
14AD
330
141F
100
AcDbEntity
  8
0
 62
     0
440
 16777216
370
    -2
100
AcDbLine
 10
19.33730813321549
 20
16.73210373820118
 30
0.0
 11
19.33730813321549
 21
30.21039841760092
 31
0.0
  0
LINE
  5
14AE
330
141F
100
AcDbEntity
  8
0
 62
     0
440
 16777216
370
    -2
100
AcDbLine
 10
19.33730813321549
 20
44.07210373820119
 30
0.0
 11
19.33730813321549
 21
30.59380905880147
 31
0.0
  0
SOLID
  5
14AF
330
141F
100
AcDbEntity
  8
0
 62
     0
440
 16777216
100
AcDbTrace
 10
19.30730813321549
 20
16.73210373820118
 30
0.0
 11
19.36730813321549
 21
16.73210373820118
 31
0.0
 12
19.33730813321549
 22
16.55210373820118
 32
0.0
 13
19.33730813321549
 23
16.55210373820118
 33
0.0
  0
SOLID
  5
14B0
330
141F
100
AcDbEntity
  8
0
 62
     0
440
 16777216
100
AcDbTrace
 10
19.30730813321548
 20
44.07210373820119
 30
0.0
 11
19.36730813321549
 21
44.07210373820119
 31
0.0
 12
19.33730813321549
 22
44.2521037382012
 32
0.0
 13
19.33730813321549
 23
44.2521037382012
 33
0.0
  0
MTEXT
  5
14B1
330
141F
100
AcDbEntity
  8
0
 62
     0
440
 16777216
100
AcDbMText
 10
19.3373081332155
 20
30.40210373820118
 30
0.0
 40
0.2
 41
0.0
 46
0.0
 71
     5
 72
     1
  1
\A1;54.4
 73
     1
 44
1.0
  0
POINT
  5
14B2
330
141F
100
AcDbEntity
  8
Defpoints
 62
     0
440
 16777216
100
AcDbPoint
 10
17.56595502642927
 20
16.55210373820118
 30
0.0
  0
POINT
  5
14B3
330
141F
100
AcDbEntity
  8
Defpoints
 62
     0
440
 16777216
100
AcDbPoint
 10
17.56595502642927
 20
44.2521037382012
 30
0.0
  0
POINT
  5
14B4
330
141F
100
AcDbEntity
  8
Defpoints
 62
     0
440
 16777216
100
AcDbPoint
 10
19.33730813321549
 20
44.2521037382012
 30
0.0
  0
ENDBLK
  5
1421
330
141F
100
AcDbEntity
  8
0
100
AcDbBlockEnd
  0
BLOCK
  5
143B
330
143A
100
AcDbEntity
  8
0
100
AcDbBlockBegin
  2
*D18
 70
     1
 10
0.0
 20
0.0
 30
0.0
  3
*D18
  1

  0
LINE
  5
1D1F
330
143A
100
AcDbEntity
  8
0
 62
     0
440
 16777216
370
    -2
100
AcDbLine
 10
4.565955026429264
 20
43.01460373820118
 30
0.0
 11
4.565955026429264
 21
46.58420955754723
 31
0.0
  0
LINE
  5
1D20
330
143A
100
AcDbEntity
  8
0
 62
     0
440
 16777216
370
    -2
100
AcDbLine
 10
17.56595502642926
 20
43.01460373820118
 30
0.0
 11
17.56595502642926
 21
46.58420955754723
 31
0.0
  0
LINE
  5
1D21
330
143A
100
AcDbEntity
  8
0
 62
     0
440
 16777216
370
    -2
100
AcDbLine
 10
4.745955026429264
 20
46.40420955754723
 30
0.0
 11
10.71490454893949
 21
46.40420955754723
 31
0.0
  0
LINE
  5
1D22
330
143A
100
AcDbEntity
  8
0
 62
     0
440
 16777216
370
    -2
100
AcDbLine
 10
17.38595502642926
 20
46.40420955754723
 30
0.0
 11
11.41700550391903
 21
46.40420955754723
 31
0.0
  0
SOLID
  5
1D23
330
143A
100
AcDbEntity
  8
0
 62
     0
440
 16777216
100
AcDbTrace
 10
4.745955026429264
 20
46.43420955754723
 30
0.0
 11
4.745955026429264
 21
46.37420955754723
 31
0.0
 12
4.565955026429264
 22
46.40420955754723
 32
0.0
 13
4.565955026429264
 23
46.40420955754723
 33
0.0
  0
SOLID
  5
1D24
330
143A
100
AcDbEntity
  8
0
 62
     0
440
 16777216
100
AcDbTrace
 10
17.38595502642926
 20
46.43420955754723
 30
0.0
 11
17.38595502642926
 21
46.37420955754723
 31
0.0
 12
17.56595502642926
 22
46.40420955754723
 32
0.0
 13
17.56595502642926
 23
46.40420955754723
 33
0.0
  0
MTEXT
  5
1D25
330
143A
100
AcDbEntity
  8
0
 62
     0
440
 16777216
100
AcDbMText
 10
11.06595502642926
 20
46.40420955754723
 30
0.0
 40
0.2
 41
0.0
 46
0.0
 71
     5
 72
     1
  1
\A1;25.4
 73
     1
 44
1.0
  0
POINT
  5
1D26
330
143A
100
AcDbEntity
  8
Defpoints
 62
     0
440
 16777216
100
AcDbPoint
 10
4.565955026429264
 20
42.95210373820117
 30
0.0
  0
POINT
  5
1D27
330
143A
100
AcDbEntity
  8
Defpoints
 62
     0
440
 16777216
100
AcDbPoint
 10
17.56595502642926
 20
42.95210373820117
 30
0.0
  0
POINT
  5
1D28
330
143A
100
AcDbEntity
  8
Defpoints
 62
     0
440
 16777216
100
AcDbPoint
 10
17.56595502642926
 20
46.40420955754723
 30
0.0
  0
ENDBLK
  5
143C
330
143A
100
AcDbEntity
  8
0
100
AcDbBlockEnd
  0
BLOCK
  5
15AE
330
15AD
100
AcDbEntity
  8
0
100
AcDbBlockBegin
  2
*D19
 70
     1
 10
0.0
 20
0.0
 30
0.0
  3
*D19
  1

  0
LINE
  5
160C
330
15AD
100
AcDbEntity
  8
0
 62
     0
440
 16777216
370
    -2
100
AcDbLine
 10
46.01513843702394
 20
18.88960373820118
 30
0.0
 11
46.01513843702394
 21
18.38789065522834
 31
0.0
  0
LINE
  5
160D
330
15AD
100
AcDbEntity
  8
0
 62
     0
440
 16777216
370
    -2
100
AcDbLine
 10
51.09513843702394
 20
18.88960373820118
 30
0.0
 11
51.09513843702394
 21
18.38789065522834
 31
0.0
  0
LINE
  5
160E
330
15AD
100
AcDbEntity
  8
0
 62
     0
440
 16777216
370
    -2
100
AcDbLine
 10
46.19513843702394
 20
18.56789065522834
 30
0.0
 11
48.20408795953417
 21
18.56789065522834
 31
0.0
  0
LINE
  5
160F
330
15AD
100
AcDbEntity
  8
0
 62
     0
440
 16777216
370
    -2
100
AcDbLine
 10
50.91513843702394
 20
18.56789065522834
 30
0.0
 11
48.90618891451371
 21
18.56789065522834
 31
0.0
  0
SOLID
  5
1610
330
15AD
100
AcDbEntity
  8
0
 62
     0
440
 16777216
100
AcDbTrace
 10
46.19513843702394
 20
18.59789065522834
 30
0.0
 11
46.19513843702394
 21
18.53789065522834
 31
0.0
 12
46.01513843702394
 22
18.56789065522834
 32
0.0
 13
46.01513843702394
 23
18.56789065522834
 33
0.0
  0
SOLID
  5
1611
330
15AD
100
AcDbEntity
  8
0
 62
     0
440
 16777216
100
AcDbTrace
 10
50.91513843702394
 20
18.59789065522834
 30
0.0
 11
50.91513843702394
 21
18.53789065522834
 31
0.0
 12
51.09513843702394
 22
18.56789065522834
 32
0.0
 13
51.09513843702394
 23
18.56789065522834
 33
0.0
  0
MTEXT
  5
1612
330
15AD
100
AcDbEntity
  8
0
 62
     0
440
 16777216
100
AcDbMText
 10
48.55513843702394
 20
18.56789065522834
 30
0.0
 40
0.2
 41
0.0
 46
0.0
 71
     5
 72
     1
  1
\A1;25.4
 73
     1
 44
1.0
  0
POINT
  5
1613
330
15AD
100
AcDbEntity
  8
Defpoints
 62
     0
440
 16777216
100
AcDbPoint
 10
46.01513843702394
 20
18.95210373820118
 30
0.0
  0
POINT
  5
1614
330
15AD
100
AcDbEntity
  8
Defpoints
 62
     0
440
 16777216
100
AcDbPoint
 10
51.09513843702394
 20
18.95210373820118
 30
0.0
  0
POINT
  5
1615
330
15AD
100
AcDbEntity
  8
Defpoints
 62
     0
440
 16777216
100
AcDbPoint
 10
51.09513843702394
 20
18.56789065522834
 30
0.0
  0
ENDBLK
  5
15AF
330
15AD
100
AcDbEntity
  8
0
100
AcDbBlockEnd
  0
BLOCK
  5
1618
330
1617
100
AcDbEntity
  8
0
100
AcDbBlockBegin
  2
*D20
 70
     1
 10
0.0
 20
0.0
 30
0.0
  3
*D20
  1

  0
LINE
  5
16A3
330
1617
100
AcDbEntity
  8
0
 62
     0
440
 16777216
370
    -2
100
AcDbLine
 10
51.42513108141535
 20
29.83210373820121
 30
0.0
 11
51.30763108141533
 21
29.83210373820121
 31
0.0
  0
LINE
  5
16A4
330
1617
100
AcDbEntity
  8
0
 62
     0
440
 16777216
370
    -2
100
AcDbLine
 10
51.42513108141535
 20
18.9521037382012
 30
0.0
 11
51.30763108141533
 21
18.9521037382012
 31
0.0
  0
LINE
  5
16A5
330
1617
100
AcDbEntity
  8
0
 62
     0
440
 16777216
370
    -2
100
AcDbLine
 10
51.48763108141532
 20
29.65210373820121
 30
0.0
 11
51.48763108141532
 21
24.58380905880147
 31
0.0
  0
LINE
  5
16A6
330
1617
100
AcDbEntity
  8
0
 62
     0
440
 16777216
370
    -2
100
AcDbLine
 10
51.48763108141532
 20
19.1321037382012
 30
0.0
 11
51.48763108141532
 21
24.20039841760092
 31
0.0
  0
SOLID
  5
16A7
330
1617
100
AcDbEntity
  8
0
 62
     0
440
 16777216
100
AcDbTrace
 10
51.45763108141532
 20
29.65210373820121
 30
0.0
 11
51.51763108141532
 21
29.65210373820121
 31
0.0
 12
51.48763108141532
 22
29.83210373820121
 32
0.0
 13
51.48763108141532
 23
29.83210373820121
 33
0.0
  0
SOLID
  5
16A8
330
1617
100
AcDbEntity
  8
0
 62
     0
440
 16777216
100
AcDbTrace
 10
51.45763108141532
 20
19.1321037382012
 30
0.0
 11
51.51763108141532
 21
19.1321037382012
 31
0.0
 12
51.48763108141532
 22
18.9521037382012
 32
0.0
 13
51.48763108141532
 23
18.9521037382012
 33
0.0
  0
MTEXT
  5
16A9
330
1617
100
AcDbEntity
  8
0
 62
     0
440
 16777216
100
AcDbMText
 10
51.48763108141531
 20
24.39210373820118
 30
0.0
 40
0.2
 41
0.0
 46
0.0
 71
     5
 72
     1
  1
\A1;54.4
 73
     1
 44
1.0
  0
POINT
  5
16AA
330
1617
100
AcDbEntity
  8
Defpoints
 62
     0
440
 16777216
100
AcDbPoint
 10
51.48763108141535
 20
29.83210373820121
 30
0.0
  0
POINT
  5
16AB
330
1617
100
AcDbEntity
  8
Defpoints
 62
     0
440
 16777216
100
AcDbPoint
 10
51.48763108141535
 20
18.9521037382012
 30
0.0
  0
POINT
  5
16AC
330
1617
100
AcDbEntity
  8
Defpoints
 62
     0
440
 16777216
100
AcDbPoint
 10
51.48763108141532
 20
18.9521037382012
 30
0.0
  0
ENDBLK
  5
1619
330
1617
100
AcDbEntity
  8
0
100
AcDbBlockEnd
  0
BLOCK
  5
16AF
330
16AE
100
AcDbEntity
  8
0
100
AcDbBlockBegin
  2
*D21
 70
     1
 10
0.0
 20
0.0
 30
0.0
  3
*D21
  1

  0
LINE
  5
1735
330
16AE
100
AcDbEntity
  8
0
 62
     0
440
 16777216
370
    -2
100
AcDbLine
 10
53.60988299807872
 20
21.7721037382012
 30
0.0
 11
53.49238299807869
 21
21.7721037382012
 31
0.0
  0
LINE
  5
1736
330
16AE
100
AcDbEntity
  8
0
 62
     0
440
 16777216
370
    -2
100
AcDbLine
 10
53.60988299807872
 20
18.9521037382012
 30
0.0
 11
53.49238299807869
 21
18.9521037382012
 31
0.0
  0
LINE
  5
1737
330
16AE
100
AcDbEntity
  8
0
 62
     0
440
 16777216
370
    -2
100
AcDbLine
 10
53.67238299807869
 20
21.5921037382012
 30
0.0
 11
53.67238299807869
 21
20.55251301514526
 31
0.0
  0
LINE
  5
1738
330
16AE
100
AcDbEntity
  8
0
 62
     0
440
 16777216
370
    -2
100
AcDbLine
 10
53.67238299807869
 20
19.1321037382012
 30
0.0
 11
53.67238299807869
 21
20.17169446125713
 31
0.0
  0
SOLID
  5
1739
330
16AE
100
AcDbEntity
  8
0
 62
     0
440
 16777216
100
AcDbTrace
 10
53.64238299807869
 20
21.5921037382012
 30
0.0
 11
53.70238299807869
 21
21.5921037382012
 31
0.0
 12
53.67238299807869
 22
21.7721037382012
 32
0.0
 13
53.67238299807869
 23
21.7721037382012
 33
0.0
  0
SOLID
  5
173A
330
16AE
100
AcDbEntity
  8
0
 62
     0
440
 16777216
100
AcDbTrace
 10
53.64238299807869
 20
19.1321037382012
 30
0.0
 11
53.70238299807869
 21
19.1321037382012
 31
0.0
 12
53.67238299807869
 22
18.9521037382012
 32
0.0
 13
53.67238299807869
 23
18.9521037382012
 33
0.0
  0
MTEXT
  5
173B
330
16AE
100
AcDbEntity
  8
0
 62
     0
440
 16777216
100
AcDbMText
 10
53.67238299807869
 20
20.36210373820118
 30
0.0
 40
0.2
 41
0.0
 46
0.0
 71
     5
 72
     1
  1
\A1;14.1
 73
     1
 44
1.0
  0
POINT
  5
173C
330
16AE
100
AcDbEntity
  8
Defpoints
 62
     0
440
 16777216
100
AcDbPoint
 10
53.67238299807873
 20
21.7721037382012
 30
0.0
  0
POINT
  5
173D
330
16AE
100
AcDbEntity
  8
Defpoints
 62
     0
440
 16777216
100
AcDbPoint
 10
53.67238299807873
 20
18.9521037382012
 30
0.0
  0
POINT
  5
173E
330
16AE
100
AcDbEntity
  8
Defpoints
 62
     0
440
 16777216
100
AcDbPoint
 10
53.67238299807869
 20
18.9521037382012
 30
0.0
  0
ENDBLK
  5
16B0
330
16AE
100
AcDbEntity
  8
0
100
AcDbBlockEnd
  0
BLOCK
  5
1741
330
1740
100
AcDbEntity
  8
0
100
AcDbBlockBegin
  2
*D22
 70
     1
 10
0.0
 20
0.0
 30
0.0
  3
*D22
  1

  0
LINE
  5
1795
330
1740
100
AcDbEntity
  8
0
 62
     0
440
 16777216
370
    -2
100
AcDbLine
 10
51.89513843702393
 20
22.0098921227661
 30
0.0
 11
51.89513843702393
 21
22.1273921227661
 31
0.0
  0
LINE
  5
1796
330
1740
100
AcDbEntity
  8
0
 62
     0
440
 16777216
370
    -2
100
AcDbLine
 10
53.21513843702394
 20
22.0098921227661
 30
0.0
 11
53.21513843702394
 21
22.1273921227661
 31
0.0
  0
LINE
  5
1797
330
1740
100
AcDbEntity
  8
0
 62
     0
440
 16777216
370
    -2
100
AcDbLine
 10
52.07513843702393
 20
21.9473921227661
 30
0.0
 11
52.28260091997073
 21
21.9473921227661
 31
0.0
  0
LINE
  5
1798
330
1740
100
AcDbEntity
  8
0
 62
     0
440
 16777216
370
    -2
100
AcDbLine
 10
53.03513843702393
 20
21.9473921227661
 30
0.0
 11
52.82767595407715
 21
21.9473921227661
 31
0.0
  0
SOLID
  5
1799
330
1740
100
AcDbEntity
  8
0
 62
     0
440
 16777216
100
AcDbTrace
 10
52.07513843702393
 20
21.9773921227661
 30
0.0
 11
52.07513843702393
 21
21.9173921227661
 31
0.0
 12
51.89513843702393
 22
21.9473921227661
 32
0.0
 13
51.89513843702393
 23
21.9473921227661
 33
0.0
  0
SOLID
  5
179A
330
1740
100
AcDbEntity
  8
0
 62
     0
440
 16777216
100
AcDbTrace
 10
53.03513843702393
 20
21.9773921227661
 30
0.0
 11
53.03513843702393
 21
21.9173921227661
 31
0.0
 12
53.21513843702394
 22
21.9473921227661
 32
0.0
 13
53.21513843702394
 23
21.9473921227661
 33
0.0
  0
MTEXT
  5
179B
330
1740
100
AcDbEntity
  8
0
 62
     0
440
 16777216
100
AcDbMText
 10
52.55513843702394
 20
21.9473921227661
 30
0.0
 40
0.2
 41
0.0
 46
0.0
 71
     5
 72
     1
  1
\A1;6.6
 73
     1
 44
1.0
  0
POINT
  5
179C
330
1740
100
AcDbEntity
  8
Defpoints
 62
     0
440
 16777216
100
AcDbPoint
 10
51.89513843702393
 20
21.9473921227661
 30
0.0
  0
POINT
  5
179D
330
1740
100
AcDbEntity
  8
Defpoints
 62
     0
440
 16777216
100
AcDbPoint
 10
53.21513843702394
 20
21.9473921227661
 30
0.0
  0
POINT
  5
179E
330
1740
100
AcDbEntity
  8
Defpoints
 62
     0
440
 16777216
100
AcDbPoint
 10
53.21513843702394
 20
21.9473921227661
 30
0.0
  0
ENDBLK
  5
1742
330
1740
100
AcDbEntity
  8
0
100
AcDbBlockEnd
  0
BLOCK
  5
1AE1
330
1AE0
100
AcDbEntity
  8
0
100
AcDbBlockBegin
  2
*D23
 70
     1
 10
0.0
 20
0.0
 30
0.0
  3
*D23
  1

  0
LINE
  5
1B03
330
1AE0
100
AcDbEntity
  8
0
 62
     0
440
 16777216
370
    -2
100
AcDbLine
 10
4.503455026429266
 20
16.70210373820119
 30
0.0
 11
3.838183101414601
 21
16.70210373820119
 31
0.0
  0
LINE
  5
1B04
330
1AE0
100
AcDbEntity
  8
0
 62
     0
440
 16777216
370
    -2
100
AcDbLine
 10
4.503455026429266
 20
19.75210373820118
 30
0.0
 11
3.8381831014146
 21
19.75210373820118
 31
0.0
  0
LINE
  5
1B05
330
1AE0
100
AcDbEntity
  8
0
 62
     0
440
 16777216
370
    -2
100
AcDbLine
 10
4.0181831014146
 20
16.88210373820119
 30
0.0
 11
4.018183101414599
 21
18.03498914065684
 31
0.0
  0
LINE
  5
1B06
330
1AE0
100
AcDbEntity
  8
0
 62
     0
440
 16777216
370
    -2
100
AcDbLine
 10
4.018183101414599
 20
19.57210373820118
 30
0.0
 11
4.018183101414599
 21
18.41921833574552
 31
0.0
  0
SOLID
  5
1B07
330
1AE0
100
AcDbEntity
  8
0
 62
     0
440
 16777216
100
AcDbTrace
 10
3.9881831014146
 20
16.88210373820119
 30
0.0
 11
4.048183101414601
 21
16.88210373820119
 31
0.0
 12
4.0181831014146
 22
16.70210373820119
 32
0.0
 13
4.0181831014146
 23
16.70210373820119
 33
0.0
  0
SOLID
  5
1B08
330
1AE0
100
AcDbEntity
  8
0
 62
     0
440
 16777216
100
AcDbTrace
 10
3.9881831014146
 20
19.57210373820118
 30
0.0
 11
4.0481831014146
 21
19.57210373820118
 31
0.0
 12
4.018183101414599
 22
19.75210373820118
 32
0.0
 13
4.018183101414599
 23
19.75210373820118
 33
0.0
  0
MTEXT
  5
1B09
330
1AE0
100
AcDbEntity
  8
0
 62
     0
440
 16777216
100
AcDbMText
 10
4.018183101414604
 20
18.22710373820118
 30
0.0
 40
0.2
 41
0.0
 46
0.0
 71
     5
 72
     1
  1
\A1;6.1
 73
     1
 44
1.0
  0
POINT
  5
1B0A
330
1AE0
100
AcDbEntity
  8
Defpoints
 62
     0
440
 16777216
100
AcDbPoint
 10
4.565955026429266
 20
16.70210373820119
 30
0.0
  0
POINT
  5
1B0B
330
1AE0
100
AcDbEntity
  8
Defpoints
 62
     0
440
 16777216
100
AcDbPoint
 10
4.565955026429266
 20
19.75210373820118
 30
0.0
  0
POINT
  5
1B0C
330
1AE0
100
AcDbEntity
  8
Defpoints
 62
     0
440
 16777216
100
AcDbPoint
 10
4.018183101414599
 20
19.75210373820118
 30
0.0
  0
ENDBLK
  5
1AE2
330
1AE0
100
AcDbEntity
  8
0
100
AcDbBlockEnd
  0
BLOCK
  5
1B0F
330
1B0E
100
AcDbEntity
  8
0
100
AcDbBlockBegin
  2
*D24
 70
     1
 10
0.0
 20
0.0
 30
0.0
  3
*D24
  1

  0
LINE
  5
1B31
330
1B0E
100
AcDbEntity
  8
0
 62
     0
440
 16777216
370
    -2
100
AcDbLine
 10
4.503455026429266
 20
19.75210373820118
 30
0.0
 11
3.83823261068143
 21
19.75210373820118
 31
0.0
  0
LINE
  5
1B32
330
1B0E
100
AcDbEntity
  8
0
 62
     0
440
 16777216
370
    -2
100
AcDbLine
 10
4.503455026429266
 20
21.45210373820119
 30
0.0
 11
3.83823261068143
 21
21.45210373820119
 31
0.0
  0
LINE
  5
1B33
330
1B0E
100
AcDbEntity
  8
0
 62
     0
440
 16777216
370
    -2
100
AcDbLine
 10
4.01823261068143
 20
19.93210373820118
 30
0.0
 11
4.01823261068143
 21
20.40992092783284
 31
0.0
  0
LINE
  5
1B34
330
1B0E
100
AcDbEntity
  8
0
 62
     0
440
 16777216
370
    -2
100
AcDbLine
 10
4.01823261068143
 20
21.27210373820119
 30
0.0
 11
4.01823261068143
 21
20.79428654856954
 31
0.0
  0
SOLID
  5
1B35
330
1B0E
100
AcDbEntity
  8
0
 62
     0
440
 16777216
100
AcDbTrace
 10
3.98823261068143
 20
19.93210373820118
 30
0.0
 11
4.04823261068143
 21
19.93210373820118
 31
0.0
 12
4.01823261068143
 22
19.75210373820118
 32
0.0
 13
4.01823261068143
 23
19.75210373820118
 33
0.0
  0
SOLID
  5
1B36
330
1B0E
100
AcDbEntity
  8
0
 62
     0
440
 16777216
100
AcDbTrace
 10
3.988232610681429
 20
21.27210373820119
 30
0.0
 11
4.04823261068143
 21
21.27210373820119
 31
0.0
 12
4.01823261068143
 22
21.45210373820119
 32
0.0
 13
4.01823261068143
 23
21.45210373820119
 33
0.0
  0
MTEXT
  5
1B37
330
1B0E
100
AcDbEntity
  8
0
 62
     0
440
 16777216
100
AcDbMText
 10
4.018232610681434
 20
20.60210373820118
 30
0.0
 40
0.2
 41
0.0
 46
0.0
 71
     5
 72
     1
  1
\A1;3.4
 73
     1
 44
1.0
  0
POINT
  5
1B38
330
1B0E
100
AcDbEntity
  8
Defpoints
 62
     0
440
 16777216
100
AcDbPoint
 10
4.565955026429266
 20
19.75210373820118
 30
0.0
  0
POINT
  5
1B39
330
1B0E
100
AcDbEntity
  8
Defpoints
 62
     0
440
 16777216
100
AcDbPoint
 10
4.565955026429266
 20
21.45210373820119
 30
0.0
  0
POINT
  5
1B3A
330
1B0E
100
AcDbEntity
  8
Defpoints
 62
     0
440
 16777216
100
AcDbPoint
 10
4.01823261068143
 20
21.45210373820119
 30
0.0
  0
ENDBLK
  5
1B10
330
1B0E
100
AcDbEntity
  8
0
100
AcDbBlockEnd
  0
BLOCK
  5
1B3D
330
1B3C
100
AcDbEntity
  8
0
100
AcDbBlockBegin
  2
*D25
 70
     1
 10
0.0
 20
0.0
 30
0.0
  3
*D25
  1

  0
LINE
  5
1B87
330
1B3C
100
AcDbEntity
  8
0
 62
     0
440
 16777216
370
    -2
100
AcDbLine
 10
4.503455026429266
 20
21.45210373820119
 30
0.0
 11
3.840848808699398
 21
21.45210373820119
 31
0.0
  0
LINE
  5
1B88
330
1B3C
100
AcDbEntity
  8
0
 62
     0
440
 16777216
370
    -2
100
AcDbLine
 10
4.503455026429266
 20
23.25210373820119
 30
0.0
 11
3.840848808699398
 21
23.25210373820119
 31
0.0
  0
LINE
  5
1B89
330
1B3C
100
AcDbEntity
  8
0
 62
     0
440
 16777216
370
    -2
100
AcDbLine
 10
4.020848808699398
 20
21.63210373820119
 30
0.0
 11
4.020848808699398
 21
22.15992092783284
 31
0.0
  0
LINE
  5
1B8A
330
1B3C
100
AcDbEntity
  8
0
 62
     0
440
 16777216
370
    -2
100
AcDbLine
 10
4.020848808699398
 20
23.07210373820119
 30
0.0
 11
4.020848808699398
 21
22.54428654856954
 31
0.0
  0
SOLID
  5
1B8B
330
1B3C
100
AcDbEntity
  8
0
 62
     0
440
 16777216
100
AcDbTrace
 10
3.990848808699398
 20
21.63210373820119
 30
0.0
 11
4.050848808699399
 21
21.63210373820119
 31
0.0
 12
4.020848808699398
 22
21.45210373820119
 32
0.0
 13
4.020848808699398
 23
21.45210373820119
 33
0.0
  0
SOLID
  5
1B8C
330
1B3C
100
AcDbEntity
  8
0
 62
     0
440
 16777216
100
AcDbTrace
 10
3.990848808699398
 20
23.07210373820119
 30
0.0
 11
4.050848808699398
 21
23.07210373820119
 31
0.0
 12
4.020848808699398
 22
23.25210373820119
 32
0.0
 13
4.020848808699398
 23
23.25210373820119
 33
0.0
  0
MTEXT
  5
1B8D
330
1B3C
100
AcDbEntity
  8
0
 62
     0
440
 16777216
100
AcDbMText
 10
4.020848808699404
 20
22.35210373820118
 30
0.0
 40
0.2
 41
0.0
 46
0.0
 71
     5
 72
     1
  1
\A1;3.6
 73
     1
 44
1.0
  0
POINT
  5
1B8E
330
1B3C
100
AcDbEntity
  8
Defpoints
 62
     0
440
 16777216
100
AcDbPoint
 10
4.565955026429266
 20
21.45210373820119
 30
0.0
  0
POINT
  5
1B8F
330
1B3C
100
AcDbEntity
  8
Defpoints
 62
     0
440
 16777216
100
AcDbPoint
 10
4.565955026429266
 20
23.25210373820119
 30
0.0
  0
POINT
  5
1B90
330
1B3C
100
AcDbEntity
  8
Defpoints
 62
     0
440
 16777216
100
AcDbPoint
 10
4.020848808699398
 20
23.25210373820119
 30
0.0
  0
ENDBLK
  5
1B3E
330
1B3C
100
AcDbEntity
  8
0
100
AcDbBlockEnd
  0
BLOCK
  5
1BC1
330
1BC0
100
AcDbEntity
  8
0
100
AcDbBlockBegin
  2
*D26
 70
     1
 10
0.0
 20
0.0
 30
0.0
  3
*D26
  1

  0
LINE
  5
1BE3
330
1BC0
100
AcDbEntity
  8
0
 62
     0
440
 16777216
370
    -2
100
AcDbLine
 10
4.503455026429266
 20
29.7521037382012
 30
0.0
 11
3.640566862765482
 21
29.7521037382012
 31
0.0
  0
LINE
  5
1BE4
330
1BC0
100
AcDbEntity
  8
0
 62
     0
440
 16777216
370
    -2
100
AcDbLine
 10
4.503455026429266
 20
31.9521037382012
 30
0.0
 11
3.640566862765481
 21
31.9521037382012
 31
0.0
  0
LINE
  5
1BE5
330
1BC0
100
AcDbEntity
  8
0
 62
     0
440
 16777216
370
    -2
100
AcDbLine
 10
3.820566862765481
 20
29.9321037382012
 30
0.0
 11
3.820566862765481
 21
30.6621037382012
 31
0.0
  0
LINE
  5
1BE6
330
1BC0
100
AcDbEntity
  8
0
 62
     0
440
 16777216
370
    -2
100
AcDbLine
 10
3.820566862765481
 20
31.7721037382012
 30
0.0
 11
3.820566862765481
 21
31.0421037382012
 31
0.0
  0
SOLID
  5
1BE7
330
1BC0
100
AcDbEntity
  8
0
 62
     0
440
 16777216
100
AcDbTrace
 10
3.790566862765482
 20
29.9321037382012
 30
0.0
 11
3.850566862765481
 21
29.9321037382012
 31
0.0
 12
3.820566862765481
 22
29.7521037382012
 32
0.0
 13
3.820566862765481
 23
29.7521037382012
 33
0.0
  0
SOLID
  5
1BE8
330
1BC0
100
AcDbEntity
  8
0
 62
     0
440
 16777216
100
AcDbTrace
 10
3.790566862765481
 20
31.7721037382012
 30
0.0
 11
3.850566862765481
 21
31.7721037382012
 31
0.0
 12
3.820566862765481
 22
31.9521037382012
 32
0.0
 13
3.820566862765481
 23
31.9521037382012
 33
0.0
  0
MTEXT
  5
1BE9
330
1BC0
100
AcDbEntity
  8
0
 62
     0
440
 16777216
100
AcDbMText
 10
3.820566862765489
 20
30.85210373820119
 30
0.0
 40
0.2
 41
0.0
 46
0.0
 71
     5
 72
     1
  1
\A1;4.4
 73
     1
 44
1.0
  0
POINT
  5
1BEA
330
1BC0
100
AcDbEntity
  8
Defpoints
 62
     0
440
 16777216
100
AcDbPoint
 10
4.565955026429266
 20
29.7521037382012
 30
0.0
  0
POINT
  5
1BEB
330
1BC0
100
AcDbEntity
  8
Defpoints
 62
     0
440
 16777216
100
AcDbPoint
 10
4.565955026429266
 20
31.9521037382012
 30
0.0
  0
POINT
  5
1BEC
330
1BC0
100
AcDbEntity
  8
Defpoints
 62
     0
440
 16777216
100
AcDbPoint
 10
3.820566862765481
 20
31.9521037382012
 30
0.0
  0
ENDBLK
  5
1BC2
330
1BC0
100
AcDbEntity
  8
0
100
AcDbBlockEnd
  0
BLOCK
  5
1C05
330
1C04
100
AcDbEntity
  8
0
100
AcDbBlockBegin
  2
*D27
 70
     1
 10
0.0
 20
0.0
 30
0.0
  3
*D27
  1

  0
LINE
  5
1C27
330
1C04
100
AcDbEntity
  8
0
 62
     0
440
 16777216
370
    -2
100
AcDbLine
 10
4.503455026429266
 20
25.4521037382012
 30
0.0
 11
3.485457997063875
 21
25.4521037382012
 31
0.0
  0
LINE
  5
1C28
330
1C04
100
AcDbEntity
  8
0
 62
     0
440
 16777216
370
    -2
100
AcDbLine
 10
4.503455026429266
 20
27.7521037382012
 30
0.0
 11
3.485457997063875
 21
27.7521037382012
 31
0.0
  0
LINE
  5
1C29
330
1C04
100
AcDbEntity
  8
0
 62
     0
440
 16777216
370
    -2
100
AcDbLine
 10
3.665457997063875
 20
25.63210373820119
 30
0.0
 11
3.665457997063875
 21
26.40998914065685
 31
0.0
  0
LINE
  5
1C2A
330
1C04
100
AcDbEntity
  8
0
 62
     0
440
 16777216
370
    -2
100
AcDbLine
 10
3.665457997063874
 20
27.5721037382012
 30
0.0
 11
3.665457997063875
 21
26.79421833574553
 31
0.0
  0
SOLID
  5
1C2B
330
1C04
100
AcDbEntity
  8
0
 62
     0
440
 16777216
100
AcDbTrace
 10
3.635457997063875
 20
25.63210373820119
 30
0.0
 11
3.695457997063875
 21
25.63210373820119
 31
0.0
 12
3.665457997063875
 22
25.4521037382012
 32
0.0
 13
3.665457997063875
 23
25.4521037382012
 33
0.0
  0
SOLID
  5
1C2C
330
1C04
100
AcDbEntity
  8
0
 62
     0
440
 16777216
100
AcDbTrace
 10
3.635457997063875
 20
27.5721037382012
 30
0.0
 11
3.695457997063874
 21
27.5721037382012
 31
0.0
 12
3.665457997063874
 22
27.7521037382012
 32
0.0
 13
3.665457997063874
 23
27.7521037382012
 33
0.0
  0
MTEXT
  5
1C2D
330
1C04
100
AcDbEntity
  8
0
 62
     0
440
 16777216
100
AcDbMText
 10
3.665457997063882
 20
26.60210373820119
 30
0.0
 40
0.2
 41
0.0
 46
0.0
 71
     5
 72
     1
  1
\A1;4.6
 73
     1
 44
1.0
  0
POINT
  5
1C2E
330
1C04
100
AcDbEntity
  8
Defpoints
 62
     0
440
 16777216
100
AcDbPoint
 10
4.565955026429266
 20
25.4521037382012
 30
0.0
  0
POINT
  5
1C2F
330
1C04
100
AcDbEntity
  8
Defpoints
 62
     0
440
 16777216
100
AcDbPoint
 10
4.565955026429266
 20
27.7521037382012
 30
0.0
  0
POINT
  5
1C30
330
1C04
100
AcDbEntity
  8
Defpoints
 62
     0
440
 16777216
100
AcDbPoint
 10
3.665457997063874
 20
27.7521037382012
 30
0.0
  0
ENDBLK
  5
1C06
330
1C04
100
AcDbEntity
  8
0
100
AcDbBlockEnd
  0
BLOCK
  5
1C33
330
1C32
100
AcDbEntity
  8
0
100
AcDbBlockBegin
  2
*D28
 70
     1
 10
0.0
 20
0.0
 30
0.0
  3
*D28
  1

  0
LINE
  5
1C49
330
1C32
100
AcDbEntity
  8
0
 62
     0
440
 16777216
370
    -2
100
AcDbLine
 10
4.503455026429266
 20
29.7521037382012
 30
0.0
 11
3.48545799706388
 21
29.7521037382012
 31
0.0
  0
LINE
  5
1C4A
330
1C32
100
AcDbEntity
  8
0
 62
     0
440
 16777216
370
    -2
100
AcDbLine
 10
4.503455026429266
 20
27.7521037382012
 30
0.0
 11
3.48545799706388
 21
27.7521037382012
 31
0.0
  0
LINE
  5
1C4B
330
1C32
100
AcDbEntity
  8
0
 62
     0
440
 16777216
370
    -2
100
AcDbLine
 10
3.665457997063879
 20
29.5721037382012
 30
0.0
 11
3.66545799706388
 21
28.9421037382012
 31
0.0
  0
LINE
  5
1C4C
330
1C32
100
AcDbEntity
  8
0
 62
     0
440
 16777216
370
    -2
100
AcDbLine
 10
3.66545799706388
 20
27.9321037382012
 30
0.0
 11
3.66545799706388
 21
28.5621037382012
 31
0.0
  0
SOLID
  5
1C4D
330
1C32
100
AcDbEntity
  8
0
 62
     0
440
 16777216
100
AcDbTrace
 10
3.63545799706388
 20
29.5721037382012
 30
0.0
 11
3.695457997063879
 21
29.5721037382012
 31
0.0
 12
3.665457997063879
 22
29.7521037382012
 32
0.0
 13
3.665457997063879
 23
29.7521037382012
 33
0.0
  0
SOLID
  5
1C4E
330
1C32
100
AcDbEntity
  8
0
 62
     0
440
 16777216
100
AcDbTrace
 10
3.63545799706388
 20
27.9321037382012
 30
0.0
 11
3.69545799706388
 21
27.9321037382012
 31
0.0
 12
3.66545799706388
 22
27.7521037382012
 32
0.0
 13
3.66545799706388
 23
27.7521037382012
 33
0.0
  0
MTEXT
  5
1C4F
330
1C32
100
AcDbEntity
  8
0
 62
     0
440
 16777216
100
AcDbMText
 10
3.665457997063887
 20
28.75210373820119
 30
0.0
 40
0.2
 41
0.0
 46
0.0
 71
     5
 72
     1
  1
\A1;4
 73
     1
 44
1.0
  0
POINT
  5
1C50
330
1C32
100
AcDbEntity
  8
Defpoints
 62
     0
440
 16777216
100
AcDbPoint
 10
4.565955026429266
 20
29.7521037382012
 30
0.0
  0
POINT
  5
1C51
330
1C32
100
AcDbEntity
  8
Defpoints
 62
     0
440
 16777216
100
AcDbPoint
 10
4.565955026429266
 20
27.7521037382012
 30
0.0
  0
POINT
  5
1C52
330
1C32
100
AcDbEntity
  8
Defpoints
 62
     0
440
 16777216
100
AcDbPoint
 10
3.66545799706388
 20
27.7521037382012
 30
0.0
  0
ENDBLK
  5
1C34
330
1C32
100
AcDbEntity
  8
0
100
AcDbBlockEnd
  0
BLOCK
  5
1C55
330
1C54
100
AcDbEntity
  8
0
100
AcDbBlockBegin
  2
*D29
 70
     1
 10
0.0
 20
0.0
 30
0.0
  3
*D29
  1

  0
LINE
  5
1C77
330
1C54
100
AcDbEntity
  8
0
 62
     0
440
 16777216
370
    -2
100
AcDbLine
 10
4.715955026429265
 20
16.48960373820118
 30
0.0
 11
4.715955026429265
 21
15.63865458030509
 31
0.0
  0
LINE
  5
1C78
330
1C54
100
AcDbEntity
  8
0
 62
     0
440
 16777216
370
    -2
100
AcDbLine
 10
7.565955026429273
 20
16.48960373820118
 30
0.0
 11
7.565955026429273
 21
15.63865458030509
 31
0.0
  0
LINE
  5
1C79
330
1C54
100
AcDbEntity
  8
0
 62
     0
440
 16777216
370
    -2
100
AcDbLine
 10
4.895955026429264
 20
15.81865458030509
 30
0.0
 11
5.868894999144139
 21
15.81865458030509
 31
0.0
  0
LINE
  5
1C7A
330
1C54
100
AcDbEntity
  8
0
 62
     0
440
 16777216
370
    -2
100
AcDbLine
 10
7.385955026429273
 20
15.81865458030509
 30
0.0
 11
6.413015053714398
 21
15.81865458030509
 31
0.0
  0
SOLID
  5
1C7B
330
1C54
100
AcDbEntity
  8
0
 62
     0
440
 16777216
100
AcDbTrace
 10
4.895955026429264
 20
15.84865458030509
 30
0.0
 11
4.895955026429264
 21
15.78865458030509
 31
0.0
 12
4.715955026429265
 22
15.81865458030509
 32
0.0
 13
4.715955026429265
 23
15.81865458030509
 33
0.0
  0
SOLID
  5
1C7C
330
1C54
100
AcDbEntity
  8
0
 62
     0
440
 16777216
100
AcDbTrace
 10
7.385955026429273
 20
15.84865458030509
 30
0.0
 11
7.385955026429273
 21
15.78865458030509
 31
0.0
 12
7.565955026429273
 22
15.81865458030509
 32
0.0
 13
7.565955026429273
 23
15.81865458030509
 33
0.0
  0
MTEXT
  5
1C7D
330
1C54
100
AcDbEntity
  8
0
 62
     0
440
 16777216
100
AcDbMText
 10
6.140955026429269
 20
15.81865458030509
 30
0.0
 40
0.2
 41
0.0
 46
0.0
 71
     5
 72
     1
  1
\A1;5.7
 73
     1
 44
1.0
  0
POINT
  5
1C7E
330
1C54
100
AcDbEntity
  8
Defpoints
 62
     0
440
 16777216
100
AcDbPoint
 10
4.715955026429265
 20
16.55210373820118
 30
0.0
  0
POINT
  5
1C7F
330
1C54
100
AcDbEntity
  8
Defpoints
 62
     0
440
 16777216
100
AcDbPoint
 10
7.565955026429273
 20
16.55210373820118
 30
0.0
  0
POINT
  5
1C80
330
1C54
100
AcDbEntity
  8
Defpoints
 62
     0
440
 16777216
100
AcDbPoint
 10
7.565955026429273
 20
15.81865458030509
 30
0.0
  0
ENDBLK
  5
1C56
330
1C54
100
AcDbEntity
  8
0
100
AcDbBlockEnd
  0
BLOCK
  5
1C83
330
1C82
100
AcDbEntity
  8
0
100
AcDbBlockBegin
  2
*D30
 70
     1
 10
0.0
 20
0.0
 30
0.0
  3
*D30
  1

  0
LINE
  5
1CA5
330
1C82
100
AcDbEntity
  8
0
 62
     0
440
 16777216
370
    -2
100
AcDbLine
 10
7.565955026429273
 20
16.48960373820118
 30
0.0
 11
7.565955026429273
 21
15.64569110989647
 31
0.0
  0
LINE
  5
1CA6
330
1C82
100
AcDbEntity
  8
0
 62
     0
440
 16777216
370
    -2
100
AcDbLine
 10
9.765955026429269
 20
16.48960373820118
 30
0.0
 11
9.765955026429269
 21
15.64569110989647
 31
0.0
  0
LINE
  5
1CA7
330
1C82
100
AcDbEntity
  8
0
 62
     0
440
 16777216
370
    -2
100
AcDbLine
 10
7.745955026429273
 20
15.82569110989647
 30
0.0
 11
8.390279719471562
 21
15.82569110989647
 31
0.0
  0
LINE
  5
1CA8
330
1C82
100
AcDbEntity
  8
0
 62
     0
440
 16777216
370
    -2
100
AcDbLine
 10
9.585955026429269
 20
15.82569110989647
 30
0.0
 11
8.94163033338698
 21
15.82569110989647
 31
0.0
  0
SOLID
  5
1CA9
330
1C82
100
AcDbEntity
  8
0
 62
     0
440
 16777216
100
AcDbTrace
 10
7.745955026429273
 20
15.85569110989647
 30
0.0
 11
7.745955026429273
 21
15.79569110989647
 31
0.0
 12
7.565955026429273
 22
15.82569110989647
 32
0.0
 13
7.565955026429273
 23
15.82569110989647
 33
0.0
  0
SOLID
  5
1CAA
330
1C82
100
AcDbEntity
  8
0
 62
     0
440
 16777216
100
AcDbTrace
 10
9.585955026429269
 20
15.85569110989647
 30
0.0
 11
9.585955026429269
 21
15.79569110989647
 31
0.0
 12
9.765955026429269
 22
15.82569110989647
 32
0.0
 13
9.765955026429269
 23
15.82569110989647
 33
0.0
  0
MTEXT
  5
1CAB
330
1C82
100
AcDbEntity
  8
0
 62
     0
440
 16777216
100
AcDbMText
 10
8.665955026429271
 20
15.82569110989647
 30
0.0
 40
0.2
 41
0.0
 46
0.0
 71
     5
 72
     1
  1
\A1;4.4
 73
     1
 44
1.0
  0
POINT
  5
1CAC
330
1C82
100
AcDbEntity
  8
Defpoints
 62
     0
440
 16777216
100
AcDbPoint
 10
7.565955026429273
 20
16.55210373820118
 30
0.0
  0
POINT
  5
1CAD
330
1C82
100
AcDbEntity
  8
Defpoints
 62
     0
440
 16777216
100
AcDbPoint
 10
9.765955026429269
 20
16.55210373820118
 30
0.0
  0
POINT
  5
1CAE
330
1C82
100
AcDbEntity
  8
Defpoints
 62
     0
440
 16777216
100
AcDbPoint
 10
9.765955026429269
 20
15.82569110989647
 30
0.0
  0
ENDBLK
  5
1C84
330
1C82
100
AcDbEntity
  8
0
100
AcDbBlockEnd
  0
BLOCK
  5
1CDF
330
1CDE
100
AcDbEntity
  8
0
100
AcDbBlockBegin
  2
*D31
 70
     1
 10
0.0
 20
0.0
 30
0.0
  3
*D31
  1

  0
LINE
  5
1D01
330
1CDE
100
AcDbEntity
  8
0
 62
     0
440
 16777216
370
    -2
100
AcDbLine
 10
17.62845502642927
 20
38.9521037382012
 30
0.0
 11
18.59560488475935
 21
38.9521037382012
 31
0.0
  0
LINE
  5
1D02
330
1CDE
100
AcDbEntity
  8
0
 62
     0
440
 16777216
370
    -2
100
AcDbLine
 10
17.62845502642927
 20
36.5521037382012
 30
0.0
 11
18.59560488475935
 21
36.5521037382012
 31
0.0
  0
LINE
  5
1D03
330
1CDE
100
AcDbEntity
  8
0
 62
     0
440
 16777216
370
    -2
100
AcDbLine
 10
18.41560488475934
 20
38.77210373820119
 30
0.0
 11
18.41560488475934
 21
37.94421833574554
 31
0.0
  0
LINE
  5
1D04
330
1CDE
100
AcDbEntity
  8
0
 62
     0
440
 16777216
370
    -2
100
AcDbLine
 10
18.41560488475934
 20
36.7321037382012
 30
0.0
 11
18.41560488475934
 21
37.55998914065686
 31
0.0
  0
SOLID
  5
1D05
330
1CDE
100
AcDbEntity
  8
0
 62
     0
440
 16777216
100
AcDbTrace
 10
18.38560488475934
 20
38.77210373820119
 30
0.0
 11
18.44560488475934
 21
38.77210373820119
 31
0.0
 12
18.41560488475934
 22
38.9521037382012
 32
0.0
 13
18.41560488475934
 23
38.9521037382012
 33
0.0
  0
SOLID
  5
1D06
330
1CDE
100
AcDbEntity
  8
0
 62
     0
440
 16777216
100
AcDbTrace
 10
18.38560488475934
 20
36.7321037382012
 30
0.0
 11
18.44560488475934
 21
36.7321037382012
 31
0.0
 12
18.41560488475934
 22
36.5521037382012
 32
0.0
 13
18.41560488475934
 23
36.5521037382012
 33
0.0
  0
MTEXT
  5
1D07
330
1CDE
100
AcDbEntity
  8
0
 62
     0
440
 16777216
100
AcDbMText
 10
18.41560488475935
 20
37.75210373820119
 30
0.0
 40
0.2
 41
0.0
 46
0.0
 71
     5
 72
     1
  1
\A1;4.8
 73
     1
 44
1.0
  0
POINT
  5
1D08
330
1CDE
100
AcDbEntity
  8
Defpoints
 62
     0
440
 16777216
100
AcDbPoint
 10
17.56595502642927
 20
38.9521037382012
 30
0.0
  0
POINT
  5
1D09
330
1CDE
100
AcDbEntity
  8
Defpoints
 62
     0
440
 16777216
100
AcDbPoint
 10
17.56595502642927
 20
36.5521037382012
 30
0.0
  0
POINT
  5
1D0A
330
1CDE
100
AcDbEntity
  8
Defpoints
 62
     0
440
 16777216
100
AcDbPoint
 10
18.41560488475934
 20
36.5521037382012
 30
0.0
  0
ENDBLK
  5
1CE0
330
1CDE
100
AcDbEntity
  8
0
100
AcDbBlockEnd
  0
BLOCK
  5
1D2B
330
1D2A
100
AcDbEntity
  8
0
100
AcDbBlockBegin
  2
*D32
 70
     1
 10
0.0
 20
0.0
 30
0.0
  3
*D32
  1

  0
LINE
  5
1E45
330
1D2A
100
AcDbEntity
  8
0
 62
     0
440
 16777216
370
    -2
100
AcDbLine
 10
4.715955026429266
 20
45.72190127347986
 30
0.0
 11
4.715955026429266
 21
45.83940127347985
 31
0.0
  0
LINE
  5
1E46
330
1D2A
100
AcDbEntity
  8
0
 62
     0
440
 16777216
370
    -2
100
AcDbLine
 10
7.465955026429265
 20
45.72190127347986
 30
0.0
 11
7.465955026429265
 21
45.83940127347985
 31
0.0
  0
LINE
  5
1E47
330
1D2A
100
AcDbEntity
  8
0
 62
     0
440
 16777216
370
    -2
100
AcDbLine
 10
4.895955026429265
 20
45.65940127347985
 30
0.0
 11
5.818144658080015
 21
45.65940127347985
 31
0.0
  0
LINE
  5
1E48
330
1D2A
100
AcDbEntity
  8
0
 62
     0
440
 16777216
370
    -2
100
AcDbLine
 10
7.285955026429265
 20
45.65940127347985
 30
0.0
 11
6.363765394778514
 21
45.65940127347985
 31
0.0
  0
SOLID
  5
1E49
330
1D2A
100
AcDbEntity
  8
0
 62
     0
440
 16777216
100
AcDbTrace
 10
4.895955026429265
 20
45.68940127347985
 30
0.0
 11
4.895955026429265
 21
45.62940127347985
 31
0.0
 12
4.715955026429266
 22
45.65940127347985
 32
0.0
 13
4.715955026429266
 23
45.65940127347985
 33
0.0
  0
SOLID
  5
1E4A
330
1D2A
100
AcDbEntity
  8
0
 62
     0
440
 16777216
100
AcDbTrace
 10
7.285955026429265
 20
45.68940127347985
 30
0.0
 11
7.285955026429265
 21
45.62940127347985
 31
0.0
 12
7.465955026429265
 22
45.65940127347985
 32
0.0
 13
7.465955026429265
 23
45.65940127347985
 33
0.0
  0
MTEXT
  5
1E4B
330
1D2A
100
AcDbEntity
  8
0
 62
     0
440
 16777216
100
AcDbMText
 10
6.090955026429265
 20
45.65940127347985
 30
0.0
 40
0.2
 41
0.0
 46
0.0
 71
     5
 72
     1
  1
\A1;5.5
 73
     1
 44
1.0
  0
POINT
  5
1E4C
330
1D2A
100
AcDbEntity
  8
Defpoints
 62
     0
440
 16777216
100
AcDbPoint
 10
4.715955026429266
 20
45.65940127347985
 30
0.0
  0
POINT
  5
1E4D
330
1D2A
100
AcDbEntity
  8
Defpoints
 62
     0
440
 16777216
100
AcDbPoint
 10
7.465955026429265
 20
45.65940127347985
 30
0.0
  0
POINT
  5
1E4E
330
1D2A
100
AcDbEntity
  8
Defpoints
 62
     0
440
 16777216
100
AcDbPoint
 10
7.465955026429265
 20
45.65940127347985
 30
0.0
  0
ENDBLK
  5
1D2C
330
1D2A
100
AcDbEntity
  8
0
100
AcDbBlockEnd
  0
BLOCK
  5
1D8B
330
1D8A
100
AcDbEntity
  8
0
100
AcDbBlockBegin
  2
*D33
 70
     1
 10
0.0
 20
0.0
 30
0.0
  3
*D33
  1

  0
LINE
  5
1E59
330
1D8A
100
AcDbEntity
  8
0
 62
     0
440
 16777216
370
    -2
100
AcDbLine
 10
7.465955026429264
 20
45.7165598348439
 30
0.0
 11
7.465955026429264
 21
45.8340598348439
 31
0.0
  0
LINE
  5
1E5A
330
1D8A
100
AcDbEntity
  8
0
 62
     0
440
 16777216
370
    -2
100
AcDbLine
 10
11.06595502642926
 20
45.70870873633845
 30
0.0
 11
11.06595502642926
 21
45.8340598348439
 31
0.0
  0
LINE
  5
1E5B
330
1D8A
100
AcDbEntity
  8
0
 62
     0
440
 16777216
370
    -2
100
AcDbLine
 10
7.645955026429263
 20
45.6540598348439
 30
0.0
 11
8.995736745392431
 21
45.6540598348439
 31
0.0
  0
LINE
  5
1E5C
330
1D8A
100
AcDbEntity
  8
0
 62
     0
440
 16777216
370
    -2
100
AcDbLine
 10
10.88595502642927
 20
45.6540598348439
 30
0.0
 11
9.5361733074661
 21
45.6540598348439
 31
0.0
  0
SOLID
  5
1E5D
330
1D8A
100
AcDbEntity
  8
0
 62
     0
440
 16777216
100
AcDbTrace
 10
7.645955026429263
 20
45.68405983484391
 30
0.0
 11
7.645955026429263
 21
45.6240598348439
 31
0.0
 12
7.465955026429264
 22
45.6540598348439
 32
0.0
 13
7.465955026429264
 23
45.6540598348439
 33
0.0
  0
SOLID
  5
1E5E
330
1D8A
100
AcDbEntity
  8
0
 62
     0
440
 16777216
100
AcDbTrace
 10
10.88595502642927
 20
45.68405983484391
 30
0.0
 11
10.88595502642927
 21
45.6240598348439
 31
0.0
 12
11.06595502642926
 22
45.6540598348439
 32
0.0
 13
11.06595502642926
 23
45.6540598348439
 33
0.0
  0
MTEXT
  5
1E5F
330
1D8A
100
AcDbEntity
  8
0
 62
     0
440
 16777216
100
AcDbMText
 10
9.265955026429265
 20
45.6540598348439
 30
0.0
 40
0.2
 41
0.0
 46
0.0
 71
     5
 72
     1
  1
\A1;7.2
 73
     1
 44
1.0
  0
POINT
  5
1E60
330
1D8A
100
AcDbEntity
  8
Defpoints
 62
     0
440
 16777216
100
AcDbPoint
 10
7.465955026429264
 20
45.6540598348439
 30
0.0
  0
POINT
  5
1E61
330
1D8A
100
AcDbEntity
  8
Defpoints
 62
     0
440
 16777216
100
AcDbPoint
 10
11.06595502642926
 20
45.64620873633844
 30
0.0
  0
POINT
  5
1E62
330
1D8A
100
AcDbEntity
  8
Defpoints
 62
     0
440
 16777216
100
AcDbPoint
 10
11.06595502642926
 20
45.6540598348439
 30
0.0
  0
ENDBLK
  5
1D8C
330
1D8A
100
AcDbEntity
  8
0
100
AcDbBlockEnd
  0
BLOCK
  5
1DA5
330
1DA4
100
AcDbEntity
  8
0
100
AcDbBlockBegin
  2
*D34
 70
     1
 10
0.0
 20
0.0
 30
0.0
  3
*D34
  1

  0
LINE
  5
1E6D
330
1DA4
100
AcDbEntity
  8
0
 62
     0
440
 16777216
370
    -2
100
AcDbLine
 10
11.06595502642926
 20
45.70870873633845
 30
0.0
 11
11.06595502642926
 21
45.82620873633845
 31
0.0
  0
LINE
  5
1E6E
330
1DA4
100
AcDbEntity
  8
0
 62
     0
440
 16777216
370
    -2
100
AcDbLine
 10
14.66595502642926
 20
45.70870873633845
 30
0.0
 11
14.66595502642926
 21
45.82620873633845
 31
0.0
  0
LINE
  5
1E6F
330
1DA4
100
AcDbEntity
  8
0
 62
     0
440
 16777216
370
    -2
100
AcDbLine
 10
11.24595502642926
 20
45.64620873633844
 30
0.0
 11
12.59573674539242
 21
45.64620873633844
 31
0.0
  0
LINE
  5
1E70
330
1DA4
100
AcDbEntity
  8
0
 62
     0
440
 16777216
370
    -2
100
AcDbLine
 10
14.48595502642926
 20
45.64620873633844
 30
0.0
 11
13.13617330746609
 21
45.64620873633844
 31
0.0
  0
SOLID
  5
1E71
330
1DA4
100
AcDbEntity
  8
0
 62
     0
440
 16777216
100
AcDbTrace
 10
11.24595502642926
 20
45.67620873633845
 30
0.0
 11
11.24595502642926
 21
45.61620873633844
 31
0.0
 12
11.06595502642926
 22
45.64620873633844
 32
0.0
 13
11.06595502642926
 23
45.64620873633844
 33
0.0
  0
SOLID
  5
1E72
330
1DA4
100
AcDbEntity
  8
0
 62
     0
440
 16777216
100
AcDbTrace
 10
14.48595502642926
 20
45.67620873633845
 30
0.0
 11
14.48595502642926
 21
45.61620873633844
 31
0.0
 12
14.66595502642926
 22
45.64620873633844
 32
0.0
 13
14.66595502642926
 23
45.64620873633844
 33
0.0
  0
MTEXT
  5
1E73
330
1DA4
100
AcDbEntity
  8
0
 62
     0
440
 16777216
100
AcDbMText
 10
12.86595502642926
 20
45.64620873633844
 30
0.0
 40
0.2
 41
0.0
 46
0.0
 71
     5
 72
     1
  1
\A1;7.2
 73
     1
 44
1.0
  0
POINT
  5
1E74
330
1DA4
100
AcDbEntity
  8
Defpoints
 62
     0
440
 16777216
100
AcDbPoint
 10
11.06595502642926
 20
45.64620873633844
 30
0.0
  0
POINT
  5
1E75
330
1DA4
100
AcDbEntity
  8
Defpoints
 62
     0
440
 16777216
100
AcDbPoint
 10
14.66595502642926
 20
45.64620873633844
 30
0.0
  0
POINT
  5
1E76
330
1DA4
100
AcDbEntity
  8
Defpoints
 62
     0
440
 16777216
100
AcDbPoint
 10
14.66595502642926
 20
45.64620873633844
 30
0.0
  0
ENDBLK
  5
1DA6
330
1DA4
100
AcDbEntity
  8
0
100
AcDbBlockEnd
  0
BLOCK
  5
1DBF
330
1DBE
100
AcDbEntity
  8
0
100
AcDbBlockBegin
  2
*D35
 70
     1
 10
0.0
 20
0.0
 30
0.0
  3
*D35
  1

  0
LINE
  5
1E81
330
1DBE
100
AcDbEntity
  8
0
 62
     0
440
 16777216
370
    -2
100
AcDbLine
 10
14.66595502642926
 20
45.70870873633845
 30
0.0
 11
14.66595502642926
 21
45.82620873633845
 31
0.0
  0
LINE
  5
1E82
330
1DBE
100
AcDbEntity
  8
0
 62
     0
440
 16777216
370
    -2
100
AcDbLine
 10
17.41595502642926
 20
45.70870873633845
 30
0.0
 11
17.41595502642926
 21
45.82620873633845
 31
0.0
  0
LINE
  5
1E83
330
1DBE
100
AcDbEntity
  8
0
 62
     0
440
 16777216
370
    -2
100
AcDbLine
 10
14.84595502642926
 20
45.64620873633844
 30
0.0
 11
15.76814465808001
 21
45.64620873633844
 31
0.0
  0
LINE
  5
1E84
330
1DBE
100
AcDbEntity
  8
0
 62
     0
440
 16777216
370
    -2
100
AcDbLine
 10
17.23595502642926
 20
45.64620873633844
 30
0.0
 11
16.31376539477851
 21
45.64620873633844
 31
0.0
  0
SOLID
  5
1E85
330
1DBE
100
AcDbEntity
  8
0
 62
     0
440
 16777216
100
AcDbTrace
 10
14.84595502642926
 20
45.67620873633845
 30
0.0
 11
14.84595502642926
 21
45.61620873633844
 31
0.0
 12
14.66595502642926
 22
45.64620873633844
 32
0.0
 13
14.66595502642926
 23
45.64620873633844
 33
0.0
  0
SOLID
  5
1E86
330
1DBE
100
AcDbEntity
  8
0
 62
     0
440
 16777216
100
AcDbTrace
 10
17.23595502642926
 20
45.67620873633845
 30
0.0
 11
17.23595502642926
 21
45.61620873633844
 31
0.0
 12
17.41595502642926
 22
45.64620873633844
 32
0.0
 13
17.41595502642926
 23
45.64620873633844
 33
0.0
  0
MTEXT
  5
1E87
330
1DBE
100
AcDbEntity
  8
0
 62
     0
440
 16777216
100
AcDbMText
 10
16.04095502642926
 20
45.64620873633844
 30
0.0
 40
0.2
 41
0.0
 46
0.0
 71
     5
 72
     1
  1
\A1;5.5
 73
     1
 44
1.0
  0
POINT
  5
1E88
330
1DBE
100
AcDbEntity
  8
Defpoints
 62
     0
440
 16777216
100
AcDbPoint
 10
14.66595502642926
 20
45.64620873633844
 30
0.0
  0
POINT
  5
1E89
330
1DBE
100
AcDbEntity
  8
Defpoints
 62
     0
440
 16777216
100
AcDbPoint
 10
17.41595502642926
 20
45.64620873633844
 30
0.0
  0
POINT
  5
1E8A
330
1DBE
100
AcDbEntity
  8
Defpoints
 62
     0
440
 16777216
100
AcDbPoint
 10
17.41595502642926
 20
45.64620873633844
 30
0.0
  0
ENDBLK
  5
1DC0
330
1DBE
100
AcDbEntity
  8
0
100
AcDbBlockEnd
  0
BLOCK
  5
1FB4
330
1FB3
100
AcDbEntity
  8
0
100
AcDbBlockBegin
  2
*D36
 70
     1
 10
0.0
 20
0.0
 30
0.0
  3
*D36
  1

  0
LINE
  5
2050
330
1FB3
100
AcDbEntity
  8
0
 62
     0
440
 16777216
370
    -2
100
AcDbLine
 10
45.15328488332211
 20
18.95210373820119
 30
0.0
 11
45.03578488332208
 21
18.95210373820119
 31
0.0
  0
LINE
  5
2051
330
1FB3
100
AcDbEntity
  8
0
 62
     0
440
 16777216
370
    -2
100
AcDbLine
 10
45.15328488332213
 20
16.55210373820119
 30
0.0
 11
45.03578488332212
 21
16.55210373820119
 31
0.0
  0
LINE
  5
2052
330
1FB3
100
AcDbEntity
  8
0
 62
     0
440
 16777216
370
    -2
100
AcDbLine
 10
45.21578488332214
 20
18.77210373820119
 30
0.0
 11
45.21578488332214
 21
17.94251301514526
 31
0.0
  0
LINE
  5
2053
330
1FB3
100
AcDbEntity
  8
0
 62
     0
440
 16777216
370
    -2
100
AcDbLine
 10
45.21578488332214
 20
16.73210373820119
 30
0.0
 11
45.21578488332214
 21
17.56169446125712
 31
0.0
  0
SOLID
  5
2054
330
1FB3
100
AcDbEntity
  8
0
 62
     0
440
 16777216
100
AcDbTrace
 10
45.18578488332214
 20
18.77210373820119
 30
0.0
 11
45.24578488332214
 21
18.77210373820119
 31
0.0
 12
45.21578488332214
 22
18.95210373820119
 32
0.0
 13
45.21578488332214
 23
18.95210373820119
 33
0.0
  0
SOLID
  5
2055
330
1FB3
100
AcDbEntity
  8
0
 62
     0
440
 16777216
100
AcDbTrace
 10
45.18578488332214
 20
16.73210373820119
 30
0.0
 11
45.24578488332214
 21
16.73210373820119
 31
0.0
 12
45.21578488332214
 22
16.55210373820119
 32
0.0
 13
45.21578488332214
 23
16.55210373820119
 33
0.0
  0
MTEXT
  5
2056
330
1FB3
100
AcDbEntity
  8
0
 62
     0
440
 16777216
100
AcDbMText
 10
45.21578488332214
 20
17.75210373820117
 30
0.0
 40
0.2
 41
0.0
 46
0.0
 71
     5
 72
     1
  1
\A1;12
 73
     1
 44
1.0
  0
POINT
  5
2057
330
1FB3
100
AcDbEntity
  8
Defpoints
 62
     0
440
 16777216
100
AcDbPoint
 10
45.21578488332211
 20
18.95210373820119
 30
0.0
  0
POINT
  5
2058
330
1FB3
100
AcDbEntity
  8
Defpoints
 62
     0
440
 16777216
100
AcDbPoint
 10
45.21578488332212
 20
16.55210373820119
 30
0.0
  0
POINT
  5
2059
330
1FB3
100
AcDbEntity
  8
Defpoints
 62
     0
440
 16777216
100
AcDbPoint
 10
45.21578488332214
 20
16.55210373820119
 30
0.0
  0
ENDBLK
  5
1FB5
330
1FB3
100
AcDbEntity
  8
0
100
AcDbBlockEnd
  0
BLOCK
  5
1FE2
330
1FE1
100
AcDbEntity
  8
0
100
AcDbBlockBegin
  2
*D37
 70
     1
 10
0.0
 20
0.0
 30
0.0
  3
*D37
  1

  0
LINE
  5
2004
330
1FE1
100
AcDbEntity
  8
0
 62
     0
440
 16777216
370
    -2
100
AcDbLine
 10
42.41513843702394
 20
27.15460373820118
 30
0.0
 11
42.41513843702394
 21
27.27210373820118
 31
0.0
  0
LINE
  5
2005
330
1FE1
100
AcDbEntity
  8
0
 62
     0
440
 16777216
370
    -2
100
AcDbLine
 10
41.61513843702394
 20
27.15460373820118
 30
0.0
 11
41.61513843702394
 21
27.27210373820118
 31
0.0
  0
LINE
  5
2006
330
1FE1
100
AcDbEntity
  8
0
 62
     0
440
 16777216
370
    -2
100
AcDbLine
 10
42.23513843702394
 20
27.09210373820118
 30
0.0
 11
41.79513843702394
 21
27.09210373820118
 31
0.0
  0
LINE
  5
2007
330
1FE1
100
AcDbEntity
  8
0
 62
     0
440
 16777216
370
    -2
100
AcDbLine
 10
41.61513843702394
 20
27.09210373820118
 30
0.0
 11
41.43513843702394
 21
27.09210373820118
 31
0.0
  0
SOLID
  5
2008
330
1FE1
100
AcDbEntity
  8
0
 62
     0
440
 16777216
100
AcDbTrace
 10
42.23513843702394
 20
27.12210373820119
 30
0.0
 11
42.23513843702394
 21
27.06210373820118
 31
0.0
 12
42.41513843702394
 22
27.09210373820118
 32
0.0
 13
42.41513843702394
 23
27.09210373820118
 33
0.0
  0
SOLID
  5
2009
330
1FE1
100
AcDbEntity
  8
0
 62
     0
440
 16777216
100
AcDbTrace
 10
41.79513843702394
 20
27.12210373820119
 30
0.0
 11
41.79513843702394
 21
27.06210373820118
 31
0.0
 12
41.61513843702394
 22
27.09210373820118
 32
0.0
 13
41.61513843702394
 23
27.09210373820118
 33
0.0
  0
MTEXT
  5
200A
330
1FE1
100
AcDbEntity
  8
0
 62
     0
440
 16777216
100
AcDbMText
 10
41.27597063347688
 20
27.09210373820118
 30
0.0
 40
0.2
 41
0.0
 46
0.0
 71
     5
 72
     1
  1
\A1;4
 73
     1
 44
1.0
  0
POINT
  5
200B
330
1FE1
100
AcDbEntity
  8
Defpoints
 62
     0
440
 16777216
100
AcDbPoint
 10
42.41513843702394
 20
27.09210373820118
 30
0.0
  0
POINT
  5
200C
330
1FE1
100
AcDbEntity
  8
Defpoints
 62
     0
440
 16777216
100
AcDbPoint
 10
41.61513843702394
 20
27.09210373820118
 30
0.0
  0
POINT
  5
200D
330
1FE1
100
AcDbEntity
  8
Defpoints
 62
     0
440
 16777216
100
AcDbPoint
 10
41.61513843702394
 20
27.09210373820118
 30
0.0
  0
ENDBLK
  5
1FE3
330
1FE1
100
AcDbEntity
  8
0
100
AcDbBlockEnd
  0
BLOCK
  5
2010
330
200F
100
AcDbEntity
  8
0
100
AcDbBlockBegin
  2
*D38
 70
     1
 10
0.0
 20
0.0
 30
0.0
  3
*D38
  1

  0
LINE
  5
2032
330
200F
100
AcDbEntity
  8
0
 62
     0
440
 16777216
370
    -2
100
AcDbLine
 10
48.49263843702397
 20
29.8321037382012
 30
0.0
 11
47.99222203009271
 21
29.8321037382012
 31
0.0
  0
LINE
  5
2033
330
200F
100
AcDbEntity
  8
0
 62
     0
440
 16777216
370
    -2
100
AcDbLine
 10
48.49263843702397
 20
31.03210373820119
 30
0.0
 11
47.99222203009271
 21
31.03210373820119
 31
0.0
  0
LINE
  5
2034
330
200F
100
AcDbEntity
  8
0
 62
     0
440
 16777216
370
    -2
100
AcDbLine
 10
48.17222203009271
 20
30.0121037382012
 30
0.0
 11
48.17222203009271
 21
30.23998914065686
 31
0.0
  0
LINE
  5
2035
330
200F
100
AcDbEntity
  8
0
 62
     0
440
 16777216
370
    -2
100
AcDbLine
 10
48.17222203009271
 20
30.8521037382012
 30
0.0
 11
48.17222203009271
 21
30.62421833574554
 31
0.0
  0
SOLID
  5
2036
330
200F
100
AcDbEntity
  8
0
 62
     0
440
 16777216
100
AcDbTrace
 10
48.14222203009271
 20
30.0121037382012
 30
0.0
 11
48.20222203009271
 21
30.0121037382012
 31
0.0
 12
48.17222203009271
 22
29.8321037382012
 32
0.0
 13
48.17222203009271
 23
29.8321037382012
 33
0.0
  0
SOLID
  5
2037
330
200F
100
AcDbEntity
  8
0
 62
     0
440
 16777216
100
AcDbTrace
 10
48.14222203009271
 20
30.8521037382012
 30
0.0
 11
48.20222203009271
 21
30.8521037382012
 31
0.0
 12
48.17222203009271
 22
31.03210373820119
 32
0.0
 13
48.17222203009271
 23
31.03210373820119
 33
0.0
  0
MTEXT
  5
2038
330
200F
100
AcDbEntity
  8
0
 62
     0
440
 16777216
100
AcDbMText
 10
48.1722220300927
 20
30.43210373820118
 30
0.0
 40
0.2
 41
0.0
 46
0.0
 71
     5
 72
     1
  1
\A1;6
 73
     1
 44
1.0
  0
POINT
  5
2039
330
200F
100
AcDbEntity
  8
Defpoints
 62
     0
440
 16777216
100
AcDbPoint
 10
48.55513843702397
 20
29.8321037382012
 30
0.0
  0
POINT
  5
203A
330
200F
100
AcDbEntity
  8
Defpoints
 62
     0
440
 16777216
100
AcDbPoint
 10
48.55513843702397
 20
31.03210373820119
 30
0.0
  0
POINT
  5
203B
330
200F
100
AcDbEntity
  8
Defpoints
 62
     0
440
 16777216
100
AcDbPoint
 10
48.17222203009271
 20
31.03210373820119
 30
0.0
  0
ENDBLK
  5
2011
330
200F
100
AcDbEntity
  8
0
100
AcDbBlockEnd
  0
ENDSEC
  0
SECTION
  2
ENTITIES
  0
LINE
  5
2A7
330
1F
100
AcDbEntity
  8
0
100
AcDbLine
 10
4.865955026429265
 20
16.85210373820118
 30
0.0
 11
9.865955026429265
 21
16.85210373820118
 31
0.0
  0
LINE
  5
2A8
330
1F
100
AcDbEntity
  8
0
100
AcDbLine
 10
17.26595502642926
 20
16.55210373820118
 30
0.0
 11
17.26595502642926
 21
23.35210373820118
 31
0.0
  0
LINE
  5
2AA
330
1F
100
AcDbEntity
  8
0
100
AcDbLine
 10
4.865955026429265
 20
16.85210373820118
 30
0.0
 11
4.865955026429265
 21
23.35210373820118
 31
0.0
  0
LINE
  5
2AB
330
1F
100
AcDbEntity
  8
0
100
AcDbLine
 10
4.565955026429266
 20
31.85210373820118
 30
0.0
 11
17.56595502642927
 21
31.85210373820118
 31
0.0
  0
LINE
  5
2AC
330
1F
100
AcDbEntity
  8
0
100
AcDbLine
 10
4.565955026429264
 20
16.55210373820118
 30
0.0
 11
9.865955026429265
 21
16.55210373820118
 31
0.0
  0
LINE
  5
2AD
102
{ACAD_REACTORS
330
1437
102
}
330
1F
100
AcDbEntity
  8
0
100
AcDbLine
 10
17.56595502642926
 20
16.55210373820118
 30
0.0
 11
17.56595502642926
 21
23.35210373820118
 31
0.0
  0
LINE
  5
2AE
330
1F
100
AcDbEntity
  8
0
100
AcDbLine
 10
4.565955026429264
 20
16.55210373820118
 30
0.0
 11
4.565955026429264
 21
23.35210373820118
 31
0.0
  0
LINE
  5
2AF
330
1F
100
AcDbEntity
  8
0
100
AcDbLine
 10
4.565955026429264
 20
32.05210373820118
 30
0.0
 11
17.56595502642926
 21
32.05210373820118
 31
0.0
  0
LINE
  5
2B1
330
1F
100
AcDbEntity
  8
0
100
AcDbLine
 10
9.865955026429265
 20
16.85210373820118
 30
0.0
 11
9.865955026429265
 21
16.55210373820118
 31
0.0
  0
LINE
  5
2B3
330
1F
100
AcDbEntity
  8
0
100
AcDbLine
 10
12.26595502642926
 20
16.85210373820118
 30
0.0
 11
12.26595502642926
 21
16.55210373820118
 31
0.0
  0
LINE
  5
2B6
330
1F
100
AcDbEntity
  8
0
100
AcDbLine
 10
12.26595502642926
 20
16.85210373820118
 30
0.0
 11
17.26595502642926
 21
16.85210373820118
 31
0.0
  0
LINE
  5
2B7
330
1F
100
AcDbEntity
  8
0
100
AcDbLine
 10
12.26595502642926
 20
16.55210373820118
 30
0.0
 11
17.56595502642926
 21
16.55210373820118
 31
0.0
  0
LINE
  5
2B9
330
1F
100
AcDbEntity
  8
0
100
AcDbLine
 10
4.865955026429265
 20
23.35210373820118
 30
0.0
 11
4.565955026429264
 21
23.35210373820118
 31
0.0
  0
LINE
  5
2BA
330
1F
100
AcDbEntity
  8
0
100
AcDbLine
 10
4.865955026429265
 20
25.35210373820118
 30
0.0
 11
4.565955026429264
 21
25.35210373820118
 31
0.0
  0
LINE
  5
2BB
330
1F
100
AcDbEntity
  8
0
100
AcDbLine
 10
17.56595502642926
 20
23.35210373820118
 30
0.0
 11
17.26595502642926
 21
23.35210373820118
 31
0.0
  0
LINE
  5
2BC
330
1F
100
AcDbEntity
  8
0
100
AcDbLine
 10
17.56595502642926
 20
25.35210373820118
 30
0.0
 11
17.26595502642926
 21
25.35210373820118
 31
0.0
  0
LINE
  5
2BD
330
1F
100
AcDbEntity
  8
0
100
AcDbLine
 10
4.865955026429265
 20
25.35210373820118
 30
0.0
 11
4.865955026429265
 21
30.60210373820118
 31
0.0
  0
LINE
  5
2BE
330
1F
100
AcDbEntity
  8
0
100
AcDbLine
 10
4.565955026429264
 20
25.35210373820119
 30
0.0
 11
4.565955026429264
 21
32.05210373820118
 31
0.0
  0
LINE
  5
2BF
330
1F
100
AcDbEntity
  8
0
100
AcDbLine
 10
17.26595502642926
 20
25.35210373820118
 30
0.0
 11
17.26595502642926
 21
30.60210373820118
 31
0.0
  0
LINE
  5
2C0
330
1F
100
AcDbEntity
  8
0
100
AcDbLine
 10
17.56595502642926
 20
25.35210373820119
 30
0.0
 11
17.56595502642926
 21
32.05210373820118
 31
0.0
  0
LINE
  5
2DB
330
1F
100
AcDbEntity
  8
0
100
AcDbLine
 10
23.74536452632945
 20
16.85210373820117
 30
0.0
 11
31.44536452632946
 21
16.85210373820118
 31
0.0
  0
LINE
  5
2DC
330
1F
100
AcDbEntity
  8
0
100
AcDbLine
 10
31.44536452632946
 20
16.85210373820118
 30
0.0
 11
36.44536452632946
 21
16.85210373820118
 31
0.0
  0
LINE
  5
2DD
330
1F
100
AcDbEntity
  8
0
100
AcDbLine
 10
23.74536452632946
 20
16.55210373820118
 30
0.0
 11
31.44536452632945
 21
16.55210373820118
 31
0.0
  0
LINE
  5
2DE
330
1F
100
AcDbEntity
  8
0
100
AcDbLine
 10
31.44536452632946
 20
16.55210373820118
 30
0.0
 11
36.74536452632946
 21
16.55210373820118
 31
0.0
  0
LINE
  5
2DF
330
1F
100
AcDbEntity
  8
0
100
AcDbLine
 10
36.44536452632946
 20
16.55210373820118
 30
0.0
 11
36.44536452632946
 21
25.35210373820118
 31
0.0
  0
LINE
  5
2E0
330
1F
100
AcDbEntity
  8
0
100
AcDbLine
 10
36.44536452632946
 20
25.35210373820118
 30
0.0
 11
36.44536452632946
 21
32.05210373820118
 31
0.0
  0
LINE
  5
2E1
330
1F
100
AcDbEntity
  8
0
100
AcDbLine
 10
36.74536452632946
 20
16.55210373820118
 30
0.0
 11
36.74536452632947
 21
25.35210373820119
 31
0.0
  0
LINE
  5
2E2
330
1F
100
AcDbEntity
  8
0
100
AcDbLine
 10
36.74536452632946
 20
25.35210373820119
 30
0.0
 11
36.74536452632946
 21
32.05210373820118
 31
0.0
  0
LINE
  5
2E3
330
1F
100
AcDbEntity
  8
0
100
AcDbLine
 10
24.04536452632946
 20
16.55210373820118
 30
0.0
 11
24.04536452632946
 21
25.35210373820118
 31
0.0
  0
LINE
  5
2E4
330
1F
100
AcDbEntity
  8
0
100
AcDbLine
 10
24.04536452632946
 20
25.35210373820118
 30
0.0
 11
24.04536452632946
 21
32.05210373820118
 31
0.0
  0
LINE
  5
2E5
330
1F
100
AcDbEntity
  8
0
100
AcDbLine
 10
23.74536452632946
 20
16.55210373820118
 30
0.0
 11
23.74536452632945
 21
25.35210373820118
 31
0.0
  0
LINE
  5
2E6
330
1F
100
AcDbEntity
  8
0
100
AcDbLine
 10
23.74536452632946
 20
25.35210373820119
 30
0.0
 11
23.74536452632946
 21
32.05210373820118
 31
0.0
  0
LINE
  5
2E7
330
1F
100
AcDbEntity
  8
0
100
AcDbLine
 10
23.74536452632945
 20
31.85210373820118
 30
0.0
 11
36.74536452632946
 21
31.85210373820118
 31
0.0
  0
LINE
  5
2E8
330
1F
100
AcDbEntity
  8
0
100
AcDbLine
 10
23.74536452632946
 20
32.05210373820118
 30
0.0
 11
36.74536452632946
 21
32.05210373820118
 31
0.0
  0
LINE
  5
2E9
330
1F
100
AcDbEntity
  8
0
100
AcDbLine
 10
29.04536452632946
 20
16.85210373820118
 30
0.0
 11
29.04536452632946
 21
16.55210373820118
 31
0.0
  0
LINE
  5
2EA
330
1F
100
AcDbEntity
  8
0
100
AcDbLine
 10
36.74536452632947
 20
16.85210373820118
 30
0.0
 11
31.44536452632946
 21
16.85210373820118
 31
0.0
  0
LINE
  5
2EB
330
1F
100
AcDbEntity
  8
0
100
AcDbLine
 10
31.44536452632946
 20
16.85210373820118
 30
0.0
 11
31.44536452632946
 21
16.55210373820118
 31
0.0
  0
LINE
  5
2EC
330
1F
100
AcDbEntity
  8
0
100
AcDbLine
 10
24.04536452632946
 20
23.35210373820118
 30
0.0
 11
23.74536452632946
 21
23.35210373820118
 31
0.0
  0
LINE
  5
2ED
330
1F
100
AcDbEntity
  8
0
100
AcDbLine
 10
24.04536452632946
 20
25.35210373820118
 30
0.0
 11
23.74536452632946
 21
25.35210373820118
 31
0.0
  0
LINE
  5
2EE
330
1F
100
AcDbEntity
  8
0
100
AcDbLine
 10
36.74536452632946
 20
23.35210373820118
 30
0.0
 11
36.44536452632946
 21
23.35210373820118
 31
0.0
  0
LINE
  5
2EF
330
1F
100
AcDbEntity
  8
0
100
AcDbLine
 10
36.74536452632946
 20
25.35210373820118
 30
0.0
 11
36.44536452632946
 21
25.35210373820118
 31
0.0
  0
LINE
  5
2F0
330
1F
100
AcDbEntity
  8
0
100
AcDbLine
 10
4.865955026429265
 20
22.85210373820118
 30
0.0
 11
4.565955026429264
 21
22.85210373820118
 31
0.0
  0
LINE
  5
2F1
330
1F
100
AcDbEntity
  8
0
100
AcDbLine
 10
4.865955026429265
 20
21.85210373820118
 30
0.0
 11
4.565955026429264
 21
21.85210373820118
 31
0.0
  0
LINE
  5
2F2
330
1F
100
AcDbEntity
  8
0
100
AcDbLine
 10
4.865955026429265
 20
21.35210373820118
 30
0.0
 11
4.565955026429264
 21
21.35210373820118
 31
0.0
  0
LINE
  5
2F3
330
1F
100
AcDbEntity
  8
0
100
AcDbLine
 10
4.865955026429265
 20
20.35210373820118
 30
0.0
 11
4.565955026429264
 21
20.35210373820118
 31
0.0
  0
LINE
  5
2F6
330
1F
100
AcDbEntity
  8
0
100
AcDbLine
 10
4.690955026429264
 20
21.35210373820118
 30
0.0
 11
4.690955026429264
 21
20.35210373820118
 31
0.0
  0
LINE
  5
2F7
330
1F
100
AcDbEntity
  8
0
100
AcDbLine
 10
4.740955026429265
 20
21.35210373820118
 30
0.0
 11
4.740955026429265
 21
20.35210373820118
 31
0.0
  0
LINE
  5
2F8
330
1F
100
AcDbEntity
  8
0
100
AcDbLine
 10
4.740955026429265
 20
22.85210373820118
 30
0.0
 11
4.740955026429265
 21
21.85210373820118
 31
0.0
  0
LINE
  5
2F9
330
1F
100
AcDbEntity
  8
0
100
AcDbLine
 10
4.690955026429264
 20
22.85210373820118
 30
0.0
 11
4.690955026429264
 21
21.85210373820118
 31
0.0
  0
LINE
  5
2FA
330
1F
100
AcDbEntity
  8
0
100
AcDbLine
 10
17.56595502642926
 20
22.85210373820118
 30
0.0
 11
17.26595502642926
 21
22.85210373820118
 31
0.0
  0
LINE
  5
2FB
330
1F
100
AcDbEntity
  8
0
100
AcDbLine
 10
17.56595502642926
 20
21.85210373820118
 30
0.0
 11
17.26595502642926
 21
21.85210373820118
 31
0.0
  0
LINE
  5
2FC
330
1F
100
AcDbEntity
  8
0
100
AcDbLine
 10
17.56595502642926
 20
21.35210373820118
 30
0.0
 11
17.26595502642926
 21
21.35210373820118
 31
0.0
  0
LINE
  5
2FD
330
1F
100
AcDbEntity
  8
0
100
AcDbLine
 10
17.56595502642926
 20
20.35210373820118
 30
0.0
 11
17.26595502642926
 21
20.35210373820118
 31
0.0
  0
LINE
  5
2FE
330
1F
100
AcDbEntity
  8
0
100
AcDbLine
 10
17.44095502642926
 20
21.35210373820118
 30
0.0
 11
17.44095502642926
 21
20.35210373820118
 31
0.0
  0
LINE
  5
2FF
330
1F
100
AcDbEntity
  8
0
100
AcDbLine
 10
17.39095502642926
 20
21.35210373820118
 30
0.0
 11
17.39095502642926
 21
20.35210373820118
 31
0.0
  0
LINE
  5
300
330
1F
100
AcDbEntity
  8
0
100
AcDbLine
 10
17.44095502642926
 20
22.85210373820118
 30
0.0
 11
17.44095502642926
 21
21.85210373820118
 31
0.0
  0
LINE
  5
301
330
1F
100
AcDbEntity
  8
0
100
AcDbLine
 10
17.39095502642926
 20
22.85210373820118
 30
0.0
 11
17.39095502642926
 21
21.85210373820118
 31
0.0
  0
LINE
  5
303
330
1F
100
AcDbEntity
  8
0
100
AcDbLine
 10
4.865955026429265
 20
17.75210373820118
 30
0.0
 11
7.415955026429269
 21
17.75210373820118
 31
0.0
  0
LINE
  5
305
330
1F
100
AcDbEntity
  8
0
100
AcDbLine
 10
5.765955026429265
 20
16.85210373820118
 30
0.0
 11
5.765955026429265
 21
19.25210373820116
 31
0.0
  0
LINE
  5
306
330
1F
100
AcDbEntity
  8
0
100
AcDbLine
 10
5.915955026429266
 20
16.85210373820118
 30
0.0
 11
5.915955026429264
 21
17.75210373820118
 31
0.0
  0
LINE
  5
307
330
1F
100
AcDbEntity
  8
0
100
AcDbLine
 10
6.065955026429266
 20
16.85210373820118
 30
0.0
 11
6.065955026429264
 21
17.75210373820118
 31
0.0
  0
LINE
  5
308
330
1F
100
AcDbEntity
  8
0
100
AcDbLine
 10
6.215955026429266
 20
16.85210373820118
 30
0.0
 11
6.215955026429265
 21
17.75210373820118
 31
0.0
  0
LINE
  5
309
330
1F
100
AcDbEntity
  8
0
100
AcDbLine
 10
6.365955026429267
 20
16.85210373820118
 30
0.0
 11
6.365955026429265
 21
17.75210373820118
 31
0.0
  0
LINE
  5
30A
330
1F
100
AcDbEntity
  8
0
100
AcDbLine
 10
6.515955026429267
 20
16.85210373820118
 30
0.0
 11
6.515955026429265
 21
17.75210373820118
 31
0.0
  0
LINE
  5
30B
330
1F
100
AcDbEntity
  8
0
100
AcDbLine
 10
6.665955026429267
 20
16.85210373820118
 30
0.0
 11
6.665955026429266
 21
17.75210373820118
 31
0.0
  0
LINE
  5
30C
330
1F
100
AcDbEntity
  8
0
100
AcDbLine
 10
6.815955026429268
 20
16.85210373820118
 30
0.0
 11
6.815955026429266
 21
17.75210373820118
 31
0.0
  0
LINE
  5
30D
330
1F
100
AcDbEntity
  8
0
100
AcDbLine
 10
6.965955026429268
 20
16.85210373820118
 30
0.0
 11
6.965955026429266
 21
17.75210373820118
 31
0.0
  0
LINE
  5
30E
330
1F
100
AcDbEntity
  8
0
100
AcDbLine
 10
7.115955026429269
 20
16.85210373820118
 30
0.0
 11
7.115955026429267
 21
17.75210373820118
 31
0.0
  0
LINE
  5
30F
330
1F
100
AcDbEntity
  8
0
100
AcDbLine
 10
7.265955026429269
 20
16.85210373820118
 30
0.0
 11
7.265955026429267
 21
17.75210373820118
 31
0.0
  0
LINE
  5
311
330
1F
100
AcDbEntity
  8
0
100
AcDbLine
 10
7.415955026429269
 20
16.85210373820118
 30
0.0
 11
7.415955026429267
 21
17.75210373820118
 31
0.0
  0
LINE
  5
313
330
1F
100
AcDbEntity
  8
0
100
AcDbLine
 10
4.865955026429265
 20
17.90210373820118
 30
0.0
 11
5.765955026429265
 21
17.90210373820118
 31
0.0
  0
LINE
  5
314
330
1F
100
AcDbEntity
  8
0
100
AcDbLine
 10
4.865955026429265
 20
18.05210373820117
 30
0.0
 11
5.765955026429265
 21
18.05210373820117
 31
0.0
  0
LINE
  5
315
330
1F
100
AcDbEntity
  8
0
100
AcDbLine
 10
4.865955026429265
 20
18.20210373820117
 30
0.0
 11
5.765955026429265
 21
18.20210373820117
 31
0.0
  0
LINE
  5
316
330
1F
100
AcDbEntity
  8
0
100
AcDbLine
 10
4.865955026429265
 20
18.35210373820117
 30
0.0
 11
5.765955026429265
 21
18.35210373820117
 31
0.0
  0
LINE
  5
317
330
1F
100
AcDbEntity
  8
0
100
AcDbLine
 10
4.865955026429265
 20
18.50210373820117
 30
0.0
 11
5.765955026429265
 21
18.50210373820117
 31
0.0
  0
LINE
  5
318
330
1F
100
AcDbEntity
  8
0
100
AcDbLine
 10
4.865955026429265
 20
18.65210373820117
 30
0.0
 11
5.765955026429265
 21
18.65210373820117
 31
0.0
  0
LINE
  5
319
330
1F
100
AcDbEntity
  8
0
100
AcDbLine
 10
4.865955026429265
 20
18.80210373820117
 30
0.0
 11
5.765955026429265
 21
18.80210373820117
 31
0.0
  0
LINE
  5
31A
330
1F
100
AcDbEntity
  8
0
100
AcDbLine
 10
4.865955026429265
 20
18.95210373820116
 30
0.0
 11
5.765955026429265
 21
18.95210373820116
 31
0.0
  0
LINE
  5
31B
330
1F
100
AcDbEntity
  8
0
100
AcDbLine
 10
4.865955026429265
 20
19.10210373820116
 30
0.0
 11
5.765955026429265
 21
19.10210373820116
 31
0.0
  0
LINE
  5
31C
330
1F
100
AcDbEntity
  8
0
100
AcDbLine
 10
4.865955026429265
 20
19.25210373820116
 30
0.0
 11
5.765955026429265
 21
19.25210373820116
 31
0.0
  0
LINE
  5
31D
330
1F
100
AcDbEntity
  8
0
100
AcDbLine
 10
17.26595502642926
 20
17.75210373820118
 30
0.0
 11
14.71595502642926
 21
17.75210373820118
 31
0.0
  0
LINE
  5
31E
330
1F
100
AcDbEntity
  8
0
100
AcDbLine
 10
16.36595502642926
 20
16.85210373820118
 30
0.0
 11
16.36595502642926
 21
19.25210373820116
 31
0.0
  0
LINE
  5
31F
330
1F
100
AcDbEntity
  8
0
100
AcDbLine
 10
16.21595502642926
 20
16.85210373820118
 30
0.0
 11
16.21595502642926
 21
17.75210373820118
 31
0.0
  0
LINE
  5
320
330
1F
100
AcDbEntity
  8
0
100
AcDbLine
 10
16.06595502642926
 20
16.85210373820118
 30
0.0
 11
16.06595502642926
 21
17.75210373820118
 31
0.0
  0
LINE
  5
321
330
1F
100
AcDbEntity
  8
0
100
AcDbLine
 10
15.91595502642926
 20
16.85210373820118
 30
0.0
 11
15.91595502642926
 21
17.75210373820118
 31
0.0
  0
LINE
  5
322
330
1F
100
AcDbEntity
  8
0
100
AcDbLine
 10
15.76595502642926
 20
16.85210373820118
 30
0.0
 11
15.76595502642926
 21
17.75210373820118
 31
0.0
  0
LINE
  5
323
330
1F
100
AcDbEntity
  8
0
100
AcDbLine
 10
15.61595502642926
 20
16.85210373820118
 30
0.0
 11
15.61595502642926
 21
17.75210373820118
 31
0.0
  0
LINE
  5
324
330
1F
100
AcDbEntity
  8
0
100
AcDbLine
 10
15.46595502642926
 20
16.85210373820118
 30
0.0
 11
15.46595502642926
 21
17.75210373820118
 31
0.0
  0
LINE
  5
325
330
1F
100
AcDbEntity
  8
0
100
AcDbLine
 10
15.31595502642926
 20
16.85210373820118
 30
0.0
 11
15.31595502642926
 21
17.75210373820118
 31
0.0
  0
LINE
  5
326
330
1F
100
AcDbEntity
  8
0
100
AcDbLine
 10
15.16595502642926
 20
16.85210373820118
 30
0.0
 11
15.16595502642926
 21
17.75210373820118
 31
0.0
  0
LINE
  5
327
330
1F
100
AcDbEntity
  8
0
100
AcDbLine
 10
15.01595502642926
 20
16.85210373820118
 30
0.0
 11
15.01595502642926
 21
17.75210373820118
 31
0.0
  0
LINE
  5
328
330
1F
100
AcDbEntity
  8
0
100
AcDbLine
 10
14.86595502642926
 20
16.85210373820118
 30
0.0
 11
14.86595502642926
 21
17.75210373820118
 31
0.0
  0
LINE
  5
329
330
1F
100
AcDbEntity
  8
0
100
AcDbLine
 10
14.71595502642926
 20
16.85210373820118
 30
0.0
 11
14.71595502642926
 21
17.75210373820118
 31
0.0
  0
LINE
  5
32A
330
1F
100
AcDbEntity
  8
0
100
AcDbLine
 10
17.26595502642926
 20
17.90210373820118
 30
0.0
 11
16.36595502642926
 21
17.90210373820118
 31
0.0
  0
LINE
  5
32B
330
1F
100
AcDbEntity
  8
0
100
AcDbLine
 10
17.26595502642926
 20
18.05210373820117
 30
0.0
 11
16.36595502642926
 21
18.05210373820117
 31
0.0
  0
LINE
  5
32C
330
1F
100
AcDbEntity
  8
0
100
AcDbLine
 10
17.26595502642926
 20
18.20210373820117
 30
0.0
 11
16.36595502642926
 21
18.20210373820117
 31
0.0
  0
LINE
  5
32D
330
1F
100
AcDbEntity
  8
0
100
AcDbLine
 10
17.26595502642926
 20
18.35210373820117
 30
0.0
 11
16.36595502642926
 21
18.35210373820117
 31
0.0
  0
LINE
  5
32E
330
1F
100
AcDbEntity
  8
0
100
AcDbLine
 10
17.26595502642926
 20
18.50210373820117
 30
0.0
 11
16.36595502642926
 21
18.50210373820117
 31
0.0
  0
LINE
  5
32F
330
1F
100
AcDbEntity
  8
0
100
AcDbLine
 10
17.26595502642926
 20
18.65210373820117
 30
0.0
 11
16.36595502642926
 21
18.65210373820117
 31
0.0
  0
LINE
  5
330
330
1F
100
AcDbEntity
  8
0
100
AcDbLine
 10
17.26595502642926
 20
18.80210373820117
 30
0.0
 11
16.36595502642926
 21
18.80210373820117
 31
0.0
  0
LINE
  5
331
330
1F
100
AcDbEntity
  8
0
100
AcDbLine
 10
17.26595502642926
 20
18.95210373820116
 30
0.0
 11
16.36595502642926
 21
18.95210373820116
 31
0.0
  0
LINE
  5
332
330
1F
100
AcDbEntity
  8
0
100
AcDbLine
 10
17.26595502642926
 20
19.10210373820116
 30
0.0
 11
16.36595502642926
 21
19.10210373820116
 31
0.0
  0
LINE
  5
333
330
1F
100
AcDbEntity
  8
0
100
AcDbLine
 10
17.26595502642926
 20
19.25210373820116
 30
0.0
 11
16.36595502642926
 21
19.25210373820116
 31
0.0
  0
LINE
  5
334
330
1F
100
AcDbEntity
  8
0
100
AcDbLine
 10
4.865955026429265
 20
23.15210373820118
 30
0.0
 11
4.565955026429264
 21
23.15210373820118
 31
0.0
  0
LINE
  5
336
330
1F
100
AcDbEntity
  8
0
100
AcDbLine
 10
4.865955026429265
 20
19.85210373820118
 30
0.0
 11
4.565955026429264
 21
19.85210373820118
 31
0.0
  0
LINE
  5
337
330
1F
100
AcDbEntity
  8
0
100
AcDbLine
 10
4.865955026429265
 20
19.65210373820118
 30
0.0
 11
4.565955026429264
 21
19.65210373820118
 31
0.0
  0
LINE
  5
338
330
1F
100
AcDbEntity
  8
0
100
AcDbLine
 10
4.865955026429265
 20
21.55210373820118
 30
0.0
 11
4.565955026429264
 21
21.55210373820118
 31
0.0
  0
LINE
  5
339
330
1F
100
AcDbEntity
  8
0
100
AcDbLine
 10
17.56595502642926
 20
23.15210373820118
 30
0.0
 11
17.26595502642926
 21
23.15210373820118
 31
0.0
  0
LINE
  5
33A
330
1F
100
AcDbEntity
  8
0
100
AcDbLine
 10
17.56595502642926
 20
21.55210373820118
 30
0.0
 11
17.26595502642926
 21
21.55210373820118
 31
0.0
  0
LINE
  5
33B
330
1F
100
AcDbEntity
  8
0
100
AcDbLine
 10
17.56595502642926
 20
19.85210373820118
 30
0.0
 11
17.26595502642926
 21
19.85210373820118
 31
0.0
  0
LINE
  5
33C
330
1F
100
AcDbEntity
  8
0
100
AcDbLine
 10
17.56595502642926
 20
19.65210373820118
 30
0.0
 11
17.26595502642926
 21
19.65210373820118
 31
0.0
  0
LINE
  5
33D
330
1F
100
AcDbEntity
  8
0
100
AcDbLine
 10
4.865955026429265
 20
16.85210373820118
 30
0.0
 11
4.865955026429265
 21
16.55210373820118
 31
0.0
  0
LINE
  5
33E
330
1F
100
AcDbEntity
  8
0
100
AcDbLine
 10
4.865955026429265
 20
16.85210373820118
 30
0.0
 11
4.565955026429264
 21
16.85210373820118
 31
0.0
  0
LINE
  5
33F
330
1F
100
AcDbEntity
  8
0
100
AcDbLine
 10
13.26595502642926
 20
16.85210373820118
 30
0.0
 11
13.26595502642926
 21
16.55210373820118
 31
0.0
  0
LINE
  5
340
330
1F
100
AcDbEntity
  8
0
100
AcDbLine
 10
14.26595502642926
 20
16.85210373820118
 30
0.0
 11
14.26595502642926
 21
16.55210373820118
 31
0.0
  0
LINE
  5
341
330
1F
100
AcDbEntity
  8
0
100
AcDbLine
 10
12.46595502642926
 20
16.85210373820118
 30
0.0
 11
12.46595502642926
 21
16.55210373820118
 31
0.0
  0
LINE
  5
342
330
1F
100
AcDbEntity
  8
0
100
AcDbLine
 10
14.46595502642926
 20
16.85210373820118
 30
0.0
 11
14.46595502642926
 21
16.55210373820118
 31
0.0
  0
LINE
  5
344
330
1F
100
AcDbEntity
  8
0
100
AcDbLine
 10
13.26595502642926
 20
16.72710373820118
 30
0.0
 11
14.26595502642926
 21
16.72710373820118
 31
0.0
  0
LINE
  5
345
330
1F
100
AcDbEntity
  8
0
100
AcDbLine
 10
13.26595502642926
 20
16.67710373820118
 30
0.0
 11
14.26595502642926
 21
16.67710373820118
 31
0.0
  0
LINE
  5
346
330
1F
100
AcDbEntity
  8
0
100
AcDbLine
 10
9.865955026429272
 20
16.85210373820118
 30
0.0
 11
9.865955026429272
 21
16.55210373820118
 31
0.0
  0
LINE
  5
347
330
1F
100
AcDbEntity
  8
0
100
AcDbLine
 10
9.665955026429273
 20
16.85210373820118
 30
0.0
 11
9.665955026429273
 21
16.55210373820118
 31
0.0
  0
LINE
  5
348
330
1F
100
AcDbEntity
  8
0
100
AcDbLine
 10
8.865955026429272
 20
16.85210373820118
 30
0.0
 11
8.865955026429272
 21
16.55210373820118
 31
0.0
  0
LINE
  5
349
330
1F
100
AcDbEntity
  8
0
100
AcDbLine
 10
7.865955026429272
 20
16.85210373820118
 30
0.0
 11
7.865955026429272
 21
16.55210373820118
 31
0.0
  0
LINE
  5
34A
330
1F
100
AcDbEntity
  8
0
100
AcDbLine
 10
7.665955026429273
 20
16.85210373820118
 30
0.0
 11
7.665955026429273
 21
16.55210373820118
 31
0.0
  0
LINE
  5
34B
330
1F
100
AcDbEntity
  8
0
100
AcDbLine
 10
8.865955026429272
 20
16.67710373820118
 30
0.0
 11
7.865955026429272
 21
16.67710373820118
 31
0.0
  0
LINE
  5
34C
330
1F
100
AcDbEntity
  8
0
100
AcDbLine
 10
8.865955026429272
 20
16.72710373820118
 30
0.0
 11
7.865955026429272
 21
16.72710373820118
 31
0.0
  0
LINE
  5
34D
330
1F
100
AcDbEntity
  8
0
100
AcDbLine
 10
7.465955026429273
 20
16.85210373820118
 30
0.0
 11
7.465955026429273
 21
16.55210373820118
 31
0.0
  0
LINE
  5
34E
330
1F
100
AcDbEntity
  8
0
100
AcDbLine
 10
14.66595502642926
 20
16.85210373820118
 30
0.0
 11
14.66595502642926
 21
16.55210373820118
 31
0.0
  0
LINE
  5
355
330
1F
100
AcDbEntity
  8
0
100
AcDbLine
 10
4.865955026429265
 20
25.85210373820118
 30
0.0
 11
4.565955026429264
 21
25.85210373820118
 31
0.0
  0
LINE
  5
356
330
1F
100
AcDbEntity
  8
0
100
AcDbLine
 10
4.865955026429265
 20
26.85210373820118
 30
0.0
 11
4.565955026429264
 21
26.85210373820118
 31
0.0
  0
LINE
  5
357
330
1F
100
AcDbEntity
  8
0
100
AcDbLine
 10
4.865955026429265
 20
27.85210373820118
 30
0.0
 11
4.565955026429264
 21
27.85210373820118
 31
0.0
  0
LINE
  5
358
330
1F
100
AcDbEntity
  8
0
100
AcDbLine
 10
4.865955026429265
 20
28.85210373820118
 30
0.0
 11
4.565955026429264
 21
28.85210373820118
 31
0.0
  0
LINE
  5
359
330
1F
100
AcDbEntity
  8
0
100
AcDbLine
 10
4.865955026429265
 20
25.55210373820118
 30
0.0
 11
4.565955026429264
 21
25.55210373820118
 31
0.0
  0
LINE
  5
362
330
1F
100
AcDbEntity
  8
0
100
AcDbLine
 10
4.740955026429265
 20
26.85210373820118
 30
0.0
 11
4.740955026429265
 21
25.85210373820118
 31
0.0
  0
LINE
  5
363
330
1F
100
AcDbEntity
  8
0
100
AcDbLine
 10
4.690955026429264
 20
26.85210373820118
 30
0.0
 11
4.690955026429264
 21
25.85210373820118
 31
0.0
  0
LINE
  5
364
330
1F
100
AcDbEntity
  8
0
100
AcDbLine
 10
4.740955026429265
 20
28.85210373820118
 30
0.0
 11
4.740955026429265
 21
27.85210373820118
 31
0.0
  0
LINE
  5
365
330
1F
100
AcDbEntity
  8
0
100
AcDbLine
 10
4.690955026429264
 20
28.85210373820118
 30
0.0
 11
4.690955026429264
 21
27.85210373820118
 31
0.0
  0
LINE
  5
366
330
1F
100
AcDbEntity
  8
0
100
AcDbLine
 10
17.56595502642926
 20
25.35210373820119
 30
0.0
 11
17.26595502642926
 21
25.35210373820119
 31
0.0
  0
LINE
  5
367
330
1F
100
AcDbEntity
  8
0
100
AcDbLine
 10
17.56595502642926
 20
25.55210373820119
 30
0.0
 11
17.26595502642926
 21
25.55210373820119
 31
0.0
  0
LINE
  5
368
330
1F
100
AcDbEntity
  8
0
100
AcDbLine
 10
17.56595502642926
 20
25.85210373820118
 30
0.0
 11
17.26595502642926
 21
25.85210373820118
 31
0.0
  0
LINE
  5
369
330
1F
100
AcDbEntity
  8
0
100
AcDbLine
 10
17.56595502642926
 20
26.85210373820118
 30
0.0
 11
17.26595502642926
 21
26.85210373820118
 31
0.0
  0
LINE
  5
36A
330
1F
100
AcDbEntity
  8
0
100
AcDbLine
 10
17.56595502642926
 20
27.85210373820119
 30
0.0
 11
17.26595502642926
 21
27.85210373820119
 31
0.0
  0
LINE
  5
36B
330
1F
100
AcDbEntity
  8
0
100
AcDbLine
 10
17.56595502642926
 20
28.85210373820119
 30
0.0
 11
17.26595502642926
 21
28.85210373820119
 31
0.0
  0
LINE
  5
36C
330
1F
100
AcDbEntity
  8
0
100
AcDbLine
 10
17.44095502642926
 20
26.85210373820118
 30
0.0
 11
17.44095502642926
 21
25.85210373820118
 31
0.0
  0
LINE
  5
36D
330
1F
100
AcDbEntity
  8
0
100
AcDbLine
 10
17.39095502642926
 20
26.85210373820118
 30
0.0
 11
17.39095502642926
 21
25.85210373820118
 31
0.0
  0
LINE
  5
36E
330
1F
100
AcDbEntity
  8
0
100
AcDbLine
 10
17.44095502642926
 20
28.85210373820119
 30
0.0
 11
17.44095502642926
 21
27.85210373820119
 31
0.0
  0
LINE
  5
36F
330
1F
100
AcDbEntity
  8
0
100
AcDbLine
 10
17.39095502642926
 20
28.85210373820119
 30
0.0
 11
17.39095502642926
 21
27.85210373820119
 31
0.0
  0
LINE
  5
371
330
1F
100
AcDbEntity
  8
0
100
AcDbLine
 10
4.565955026429264
 20
29.85210373820118
 30
0.0
 11
6.365955026429265
 21
29.85210373820118
 31
0.0
  0
LINE
  5
372
330
1F
100
AcDbEntity
  8
0
100
AcDbLine
 10
6.365955026429265
 20
29.85210373820118
 30
0.0
 11
6.365955026429267
 21
31.35210373820118
 31
0.0
  0
LINE
  5
373
330
1F
100
AcDbEntity
  8
0
100
AcDbLine
 10
4.565955026429264
 20
29.65210373820119
 30
0.0
 11
6.565955026429264
 21
29.65210373820119
 31
0.0
  0
LINE
  5
374
330
1F
100
AcDbEntity
  8
0
100
AcDbLine
 10
6.565955026429264
 20
29.65210373820119
 30
0.0
 11
6.565955026429266
 21
31.35210373820119
 31
0.0
  0
LINE
  5
376
330
1F
100
AcDbEntity
  8
0
100
AcDbLine
 10
6.365955026429267
 20
31.35210373820119
 30
0.0
 11
6.565955026429264
 21
31.35210373820119
 31
0.0
  0
LINE
  5
377
330
1F
100
AcDbEntity
  8
0
100
AcDbLine
 10
4.865955026429265
 20
29.85210373820118
 30
0.0
 11
4.865955026429265
 21
30.60210373820118
 31
0.0
  0
LINE
  5
378
330
1F
100
AcDbEntity
  8
0
100
AcDbLine
 10
4.865955026429265
 20
30.60210373820118
 30
0.0
 11
5.865955026429265
 21
30.60210373820118
 31
0.0
  0
LINE
  5
379
330
1F
100
AcDbEntity
  8
0
100
AcDbLine
 10
5.865955026429265
 20
30.60210373820118
 30
0.0
 11
5.865955026429265
 21
30.25210373820118
 31
0.0
  0
LINE
  5
37A
330
1F
100
AcDbEntity
  8
0
100
AcDbLine
 10
6.065955026429264
 20
30.80210373820118
 30
0.0
 11
6.065955026429266
 21
30.25210373820118
 31
0.0
  0
LINE
  5
37B
330
1F
100
AcDbEntity
  8
0
100
AcDbLine
 10
4.865955026429265
 20
30.80210373820118
 30
0.0
 11
6.065955026429264
 21
30.80210373820118
 31
0.0
  0
LINE
  5
37D
330
1F
100
AcDbEntity
  8
0
100
AcDbLine
 10
5.865955026429265
 20
30.25210373820118
 30
0.0
 11
6.065955026429264
 21
30.25210373820118
 31
0.0
  0
LINE
  5
37E
330
1F
100
AcDbEntity
  8
0
100
AcDbLine
 10
4.865955026429265
 20
30.80210373820118
 30
0.0
 11
4.865955026429265
 21
32.05210373820118
 31
0.0
  0
LINE
  5
37F
330
1F
100
AcDbEntity
  8
0
100
AcDbLine
 10
17.56595502642927
 20
29.85210373820118
 30
0.0
 11
15.76595502642927
 21
29.85210373820118
 31
0.0
  0
LINE
  5
380
330
1F
100
AcDbEntity
  8
0
100
AcDbLine
 10
17.56595502642927
 20
29.65210373820119
 30
0.0
 11
15.56595502642927
 21
29.65210373820119
 31
0.0
  0
LINE
  5
381
330
1F
100
AcDbEntity
  8
0
100
AcDbLine
 10
15.76595502642927
 20
29.85210373820118
 30
0.0
 11
15.76595502642927
 21
31.35210373820118
 31
0.0
  0
LINE
  5
382
330
1F
100
AcDbEntity
  8
0
100
AcDbLine
 10
15.56595502642927
 20
29.65210373820119
 30
0.0
 11
15.56595502642927
 21
31.35210373820119
 31
0.0
  0
LINE
  5
383
330
1F
100
AcDbEntity
  8
0
100
AcDbLine
 10
15.76595502642927
 20
31.35210373820119
 30
0.0
 11
15.56595502642927
 21
31.35210373820119
 31
0.0
  0
LINE
  5
384
330
1F
100
AcDbEntity
  8
0
100
AcDbLine
 10
17.26595502642927
 20
29.85210373820118
 30
0.0
 11
17.26595502642927
 21
30.60210373820118
 31
0.0
  0
LINE
  5
385
330
1F
100
AcDbEntity
  8
0
100
AcDbLine
 10
17.26595502642927
 20
30.60210373820118
 30
0.0
 11
16.26595502642927
 21
30.60210373820118
 31
0.0
  0
LINE
  5
386
330
1F
100
AcDbEntity
  8
0
100
AcDbLine
 10
17.26595502642927
 20
30.80210373820118
 30
0.0
 11
16.06595502642927
 21
30.80210373820118
 31
0.0
  0
LINE
  5
387
330
1F
100
AcDbEntity
  8
0
100
AcDbLine
 10
16.26595502642927
 20
30.60210373820118
 30
0.0
 11
16.26595502642927
 21
30.25210373820118
 31
0.0
  0
LINE
  5
388
330
1F
100
AcDbEntity
  8
0
100
AcDbLine
 10
16.06595502642927
 20
30.80210373820118
 30
0.0
 11
16.06595502642927
 21
30.25210373820118
 31
0.0
  0
LINE
  5
389
330
1F
100
AcDbEntity
  8
0
100
AcDbLine
 10
16.26595502642927
 20
30.25210373820118
 30
0.0
 11
16.06595502642927
 21
30.25210373820118
 31
0.0
  0
LINE
  5
38A
330
1F
100
AcDbEntity
  8
0
100
AcDbLine
 10
17.26595502642926
 20
30.80210373820118
 30
0.0
 11
17.26595502642926
 21
32.05210373820118
 31
0.0
  0
LINE
  5
38B
330
1F
100
AcDbEntity
  8
0
100
AcDbLine
 10
6.565955026429264
 20
29.65210373820119
 30
0.0
 11
8.343823508666018
 21
29.65210373820119
 31
0.0
  0
ARC
  5
38C
330
1F
100
AcDbEntity
  8
0
100
AcDbCircle
 10
11.06595502642927
 20
31.85210373820118
 30
0.0
 40
3.5
100
AcDbArc
 50
218.9448035940953
 51
321.0551964059049
  0
LINE
  5
38D
330
1F
100
AcDbEntity
  8
0
100
AcDbLine
 10
13.78808654419253
 20
29.6521037382012
 30
0.0
 11
15.56595502642927
 21
29.6521037382012
 31
0.0
  0
LINE
  5
391
330
1F
100
AcDbEntity
  8
0
100
AcDbLine
 10
11.16595502642927
 20
31.85210373820118
 30
0.0
 11
11.16595502642927
 21
32.05210373820118
 31
0.0
  0
LINE
  5
392
330
1F
100
AcDbEntity
  8
0
100
AcDbLine
 10
10.96595502642927
 20
31.85210373820118
 30
0.0
 11
10.96595502642927
 21
32.05210373820118
 31
0.0
  0
LINE
  5
393
330
1F
100
AcDbEntity
  8
0
100
AcDbLine
 10
4.565955026429264
 20
38.85210373820118
 30
0.0
 11
8.065955026429264
 21
38.85210373820118
 31
0.0
  0
LINE
  5
394
330
1F
100
AcDbEntity
  8
0
100
AcDbLine
 10
4.565955026429264
 20
39.05210373820118
 30
0.0
 11
8.065955026429268
 21
39.05210373820118
 31
0.0
  0
LINE
  5
395
330
1F
100
AcDbEntity
  8
0
100
AcDbLine
 10
4.565955026429264
 20
32.05210373820118
 30
0.0
 11
4.565955026429264
 21
34.45210373820118
 31
0.0
  0
LINE
  5
396
330
1F
100
AcDbEntity
  8
0
100
AcDbLine
 10
4.865955026429265
 20
32.05210373820118
 30
0.0
 11
4.865955026429265
 21
34.45210373820118
 31
0.0
  0
LINE
  5
397
330
1F
100
AcDbEntity
  8
0
100
AcDbLine
 10
17.56595502642926
 20
32.05210373820118
 30
0.0
 11
17.56595502642926
 21
34.45210373820118
 31
0.0
  0
LINE
  5
398
330
1F
100
AcDbEntity
  8
0
100
AcDbLine
 10
17.26595502642926
 20
32.05210373820118
 30
0.0
 11
17.26595502642926
 21
34.45210373820118
 31
0.0
  0
LINE
  5
39B
330
1F
100
AcDbEntity
  8
0
100
AcDbLine
 10
4.865955026429265
 20
34.45210373820118
 30
0.0
 11
4.565955026429266
 21
34.45210373820118
 31
0.0
  0
LINE
  5
39C
330
1F
100
AcDbEntity
  8
0
100
AcDbLine
 10
4.865955026429265
 20
36.45210373820118
 30
0.0
 11
4.565955026429266
 21
36.45210373820118
 31
0.0
  0
LINE
  5
39D
330
1F
100
AcDbEntity
  8
0
100
AcDbLine
 10
17.56595502642926
 20
34.45210373820118
 30
0.0
 11
17.26595502642926
 21
34.45210373820118
 31
0.0
  0
LINE
  5
39E
330
1F
100
AcDbEntity
  8
0
100
AcDbLine
 10
17.56595502642926
 20
36.45210373820118
 30
0.0
 11
17.26595502642926
 21
36.45210373820118
 31
0.0
  0
LINE
  5
39F
330
1F
100
AcDbEntity
  8
0
100
AcDbLine
 10
4.565955026429264
 20
36.45210373820118
 30
0.0
 11
4.565955026429264
 21
36.65210373820118
 31
0.0
  0
LINE
  5
3A0
330
1F
100
AcDbEntity
  8
0
100
AcDbLine
 10
4.865955026429265
 20
36.45210373820118
 30
0.0
 11
4.865955026429265
 21
36.65210373820118
 31
0.0
  0
LINE
  5
3A1
330
1F
100
AcDbEntity
  8
0
100
AcDbLine
 10
17.26595502642926
 20
36.45210373820118
 30
0.0
 11
17.26595502642926
 21
39.05210373820118
 31
0.0
  0
LINE
  5
3A2
330
1F
100
AcDbEntity
  8
0
100
AcDbLine
 10
17.56595502642926
 20
36.45210373820118
 30
0.0
 11
17.56595502642926
 21
39.05210373820118
 31
0.0
  0
LINE
  5
3A4
330
1F
100
AcDbEntity
  8
0
100
AcDbLine
 10
4.565955026429266
 20
32.55210373820118
 30
0.0
 11
4.865955026429265
 21
32.55210373820118
 31
0.0
  0
LINE
  5
3A5
330
1F
100
AcDbEntity
  8
0
100
AcDbLine
 10
4.565955026429266
 20
33.55210373820118
 30
0.0
 11
4.865955026429265
 21
33.55210373820118
 31
0.0
  0
LINE
  5
3AA
330
1F
100
AcDbEntity
  8
0
100
AcDbLine
 10
4.740955026429265
 20
33.55210373820118
 30
0.0
 11
4.740955026429265
 21
32.55210373820118
 31
0.0
  0
LINE
  5
3AB
330
1F
100
AcDbEntity
  8
0
100
AcDbLine
 10
4.690955026429264
 20
33.55210373820118
 30
0.0
 11
4.690955026429264
 21
32.55210373820118
 31
0.0
  0
LINE
  5
3AC
330
1F
100
AcDbEntity
  8
0
100
AcDbLine
 10
17.26595502642926
 20
32.55210373820118
 30
0.0
 11
17.56595502642926
 21
32.55210373820118
 31
0.0
  0
LINE
  5
3AD
330
1F
100
AcDbEntity
  8
0
100
AcDbLine
 10
17.26595502642926
 20
33.55210373820118
 30
0.0
 11
17.56595502642926
 21
33.55210373820118
 31
0.0
  0
LINE
  5
3AE
330
1F
100
AcDbEntity
  8
0
100
AcDbLine
 10
17.44095502642926
 20
33.55210373820118
 30
0.0
 11
17.44095502642926
 21
32.55210373820118
 31
0.0
  0
LINE
  5
3AF
330
1F
100
AcDbEntity
  8
0
100
AcDbLine
 10
17.39095502642926
 20
33.55210373820118
 30
0.0
 11
17.39095502642926
 21
32.55210373820118
 31
0.0
  0
LINE
  5
3B1
330
1F
100
AcDbEntity
  8
0
100
AcDbLine
 10
17.26595502642926
 20
36.95210373820118
 30
0.0
 11
17.56595502642926
 21
36.95210373820118
 31
0.0
  0
LINE
  5
3B3
330
1F
100
AcDbEntity
  8
0
100
AcDbLine
 10
17.26595502642926
 20
37.95210373820118
 30
0.0
 11
17.56595502642926
 21
37.95210373820118
 31
0.0
  0
LINE
  5
3B4
330
1F
100
AcDbEntity
  8
0
100
AcDbLine
 10
17.44095502642926
 20
37.95210373820118
 30
0.0
 11
17.44095502642926
 21
36.95210373820118
 31
0.0
  0
LINE
  5
3B5
330
1F
100
AcDbEntity
  8
0
100
AcDbLine
 10
17.39095502642926
 20
37.95210373820118
 30
0.0
 11
17.39095502642926
 21
36.95210373820118
 31
0.0
  0
LINE
  5
3B6
330
1F
100
AcDbEntity
  8
0
100
AcDbLine
 10
4.565955026429264
 20
42.65210373820118
 30
0.0
 11
5.865955026429265
 21
42.65210373820118
 31
0.0
  0
LINE
  5
3B7
330
1F
100
AcDbEntity
  8
0
100
AcDbLine
 10
4.565955026429264
 20
42.95210373820117
 30
0.0
 11
6.865955026429265
 21
42.95210373820117
 31
0.0
  0
LINE
  5
3B8
330
1F
100
AcDbEntity
  8
0
100
AcDbLine
 10
4.865955026429265
 20
39.05210373820118
 30
0.0
 11
4.865955026429265
 21
39.79738610916046
 31
0.0
  0
LINE
  5
3B9
330
1F
100
AcDbEntity
  8
0
100
AcDbLine
 10
4.565955026429264
 20
39.05210373820118
 30
0.0
 11
4.565955026429264
 21
42.95210373820117
 31
0.0
  0
LINE
  5
3BA
330
1F
100
AcDbEntity
  8
0
100
AcDbLine
 10
17.56595502642926
 20
39.05210373820118
 30
0.0
 11
17.56595502642926
 21
42.95210373820117
 31
0.0
  0
LINE
  5
3BB
330
1F
100
AcDbEntity
  8
0
100
AcDbLine
 10
17.26595502642926
 20
39.05210373820118
 30
0.0
 11
17.26595502642926
 21
42.95210373820117
 31
0.0
  0
LINE
  5
3C4
330
1F
100
AcDbEntity
  8
0
100
AcDbLine
 10
4.865955026429265
 20
42.65210373820118
 30
0.0
 11
5.865955026429265
 21
42.65210373820118
 31
0.0
  0
LINE
  5
3C5
330
1F
100
AcDbEntity
  8
0
100
AcDbLine
 10
5.865955026429265
 20
42.65210373820118
 30
0.0
 11
5.865955026429265
 21
42.29738610916046
 31
0.0
  0
LINE
  5
3C6
330
1F
100
AcDbEntity
  8
0
100
AcDbLine
 10
6.065955026429264
 20
41.89738610916046
 30
0.0
 11
4.865955026429265
 21
41.89738610916046
 31
0.0
  0
LINE
  5
3C7
330
1F
100
AcDbEntity
  8
0
100
AcDbLine
 10
5.865955026429265
 20
41.69738610916045
 30
0.0
 11
4.865955026429265
 21
41.69738610916046
 31
0.0
  0
LINE
  5
3C8
330
1F
100
AcDbEntity
  8
0
100
AcDbLine
 10
6.065955026429262
 20
40.94738610916046
 30
0.0
 11
4.865955026429265
 21
40.94738610916046
 31
0.0
  0
LINE
  5
3C9
330
1F
100
AcDbEntity
  8
0
100
AcDbLine
 10
5.865955026429258
 20
40.74738610916045
 30
0.0
 11
4.865955026429265
 21
40.74738610916045
 31
0.0
  0
LINE
  5
3CA
330
1F
100
AcDbEntity
  8
0
100
AcDbLine
 10
6.065955026429262
 20
39.99738610916046
 30
0.0
 11
4.865955026429265
 21
39.99738610916046
 31
0.0
  0
LINE
  5
3CB
330
1F
100
AcDbEntity
  8
0
100
AcDbLine
 10
5.86595502642926
 20
39.79738610916046
 30
0.0
 11
4.865955026429265
 21
39.79738610916046
 31
0.0
  0
LINE
  5
3CE
330
1F
100
AcDbEntity
  8
0
100
AcDbLine
 10
6.065955026429264
 20
42.65210373820118
 30
0.0
 11
6.065955026429266
 21
42.29738610916045
 31
0.0
  0
LINE
  5
3CF
330
1F
100
AcDbEntity
  8
0
100
AcDbLine
 10
6.065955026429264
 20
42.65210373820118
 30
0.0
 11
6.865955026429265
 21
42.65210373820118
 31
0.0
  0
LINE
  5
3D0
330
1F
100
AcDbEntity
  8
0
100
AcDbLine
 10
4.865955026429265
 20
41.89738610916046
 30
0.0
 11
4.865955026429265
 21
42.95210373820117
 31
0.0
  0
LINE
  5
3D1
330
1F
100
AcDbEntity
  8
0
100
AcDbLine
 10
4.865955026429265
 20
40.94738610916046
 30
0.0
 11
4.865955026429265
 21
41.69738610916046
 31
0.0
  0
LINE
  5
3D2
330
1F
100
AcDbEntity
  8
0
100
AcDbLine
 10
4.865955026429265
 20
39.99738610916046
 30
0.0
 11
4.865955026429265
 21
40.74738610916045
 31
0.0
  0
LINE
  5
3D4
330
1F
100
AcDbEntity
  8
0
100
AcDbLine
 10
5.865955026429265
 20
42.29738610916046
 30
0.0
 11
6.065955026429264
 21
42.29738610916046
 31
0.0
  0
LINE
  5
3D5
330
1F
100
AcDbEntity
  8
0
100
AcDbLine
 10
5.865955026429267
 20
41.69738610916046
 30
0.0
 11
5.865955026429263
 21
41.34738610916046
 31
0.0
  0
LINE
  5
3D7
330
1F
100
AcDbEntity
  8
0
100
AcDbLine
 10
6.065955026429266
 20
41.89738610916046
 30
0.0
 11
6.065955026429266
 21
41.34738610916046
 31
0.0
  0
LINE
  5
3D9
330
1F
100
AcDbEntity
  8
0
100
AcDbLine
 10
5.865955026429267
 20
41.34738610916046
 30
0.0
 11
6.065955026429264
 21
41.34738610916046
 31
0.0
  0
LINE
  5
3DB
330
1F
100
AcDbEntity
  8
0
100
AcDbLine
 10
5.865955026429265
 20
40.39738610916045
 30
0.0
 11
6.065955026429262
 21
40.39738610916045
 31
0.0
  0
LINE
  5
3DD
330
1F
100
AcDbEntity
  8
0
100
AcDbLine
 10
5.865955026429261
 20
39.45210373820118
 30
0.0
 11
6.065955026429261
 21
39.45210373820118
 31
0.0
  0
LINE
  5
3DE
330
1F
100
AcDbEntity
  8
0
100
AcDbLine
 10
5.865955026429261
 20
39.79738610916046
 30
0.0
 11
5.865955026429261
 21
39.45210373820117
 31
0.0
  0
LINE
  5
3DF
330
1F
100
AcDbEntity
  8
0
100
AcDbLine
 10
6.065955026429264
 20
39.99738610916046
 30
0.0
 11
6.065955026429264
 21
39.45210373820118
 31
0.0
  0
LINE
  5
3E0
330
1F
100
AcDbEntity
  8
0
100
AcDbLine
 10
5.86595502642926
 20
40.74738610916045
 30
0.0
 11
5.865955026429261
 21
40.39738610916046
 31
0.0
  0
LINE
  5
3E1
330
1F
100
AcDbEntity
  8
0
100
AcDbLine
 10
6.065955026429266
 20
40.94738610916046
 30
0.0
 11
6.065955026429268
 21
40.39738610916046
 31
0.0
  0
LINE
  5
3E3
330
1F
100
AcDbEntity
  8
0
100
AcDbLine
 10
7.365955026429265
 20
38.85210373820118
 30
0.0
 11
7.365955026429263
 21
42.95210373820118
 31
0.0
  0
LINE
  5
3E4
330
1F
100
AcDbEntity
  8
0
100
AcDbLine
 10
7.565955026429264
 20
38.85210373820118
 30
0.0
 11
7.565955026429264
 21
42.95210373820118
 31
0.0
  0
LINE
  5
3E5
330
1F
100
AcDbEntity
  8
0
100
AcDbLine
 10
14.56595502642926
 20
38.85210373820118
 30
0.0
 11
14.56595502642926
 21
39.05210373820118
 31
0.0
  0
LINE
  5
3E6
330
1F
100
AcDbEntity
  8
0
100
AcDbLine
 10
14.76595502642926
 20
38.85210373820118
 30
0.0
 11
14.76595502642926
 21
39.05210373820118
 31
0.0
  0
LINE
  5
3E7
330
1F
100
AcDbEntity
  8
0
100
AcDbLine
 10
7.565955026429264
 20
42.95210373820117
 30
0.0
 11
7.565955026429264
 21
43.95210373820118
 31
0.0
  0
LINE
  5
3E8
330
1F
100
AcDbEntity
  8
0
100
AcDbLine
 10
7.365955026429263
 20
42.95210373820118
 30
0.0
 11
7.365955026429263
 21
44.25210373820118
 31
0.0
  0
LINE
  5
3E9
330
1F
100
AcDbEntity
  8
0
100
AcDbLine
 10
7.365955026429263
 20
44.25210373820118
 30
0.0
 11
8.065955026429266
 21
44.25210373820118
 31
0.0
  0
LINE
  5
3EA
330
1F
100
AcDbEntity
  8
0
100
AcDbLine
 10
14.76595502642926
 20
44.25210373820118
 30
0.0
 11
14.76595502642927
 21
42.95210373820118
 31
0.0
  0
LINE
  5
3EB
330
1F
100
AcDbEntity
  8
0
100
AcDbLine
 10
14.56595502642926
 20
42.95210373820117
 30
0.0
 11
14.56595502642926
 21
43.95210373820118
 31
0.0
  0
LINE
  5
3EC
330
1F
100
AcDbEntity
  8
0
100
AcDbLine
 10
14.56595502642926
 20
43.95210373820118
 30
0.0
 11
14.06595502642926
 21
43.95210373820117
 31
0.0
  0
LINE
  5
3ED
330
1F
100
AcDbEntity
  8
0
100
AcDbLine
 10
14.56595502642926
 20
42.95210373820117
 30
0.0
 11
15.76595502642926
 21
42.95210373820117
 31
0.0
  0
LINE
  5
3EE
330
1F
100
AcDbEntity
  8
0
100
AcDbLine
 10
14.56595502642926
 20
42.65210373820118
 30
0.0
 11
15.76595502642926
 21
42.65210373820118
 31
0.0
  0
LINE
  5
3EF
330
1F
100
AcDbEntity
  8
0
100
AcDbLine
 10
14.76595502642927
 20
42.65210373820118
 30
0.0
 11
14.76595502642926
 21
41.65210373820118
 31
0.0
  0
LINE
  5
3F0
330
1F
100
AcDbEntity
  8
0
100
AcDbLine
 10
14.76595502642926
 20
41.65210373820118
 30
0.0
 11
14.56595502642926
 21
41.65210373820118
 31
0.0
  0
LINE
  5
3F2
330
1F
100
AcDbEntity
  8
0
100
AcDbLine
 10
14.56916335885693
 20
40.65210888491291
 30
0.0
 11
14.76595502642926
 21
40.65210888491291
 31
0.0
  0
LINE
  5
3F4
330
1F
100
AcDbEntity
  8
0
100
AcDbLine
 10
14.69255916047596
 20
40.65214898922306
 30
0.0
 11
14.69095499426213
 21
41.65214384251133
 31
0.0
  0
LINE
  5
3F5
330
1F
100
AcDbEntity
  8
0
100
AcDbLine
 10
14.64255922481023
 20
40.65206878060275
 30
0.0
 11
14.6409550585964
 21
41.65206363389103
 31
0.0
  0
LINE
  5
3F7
330
1F
100
AcDbEntity
  8
0
100
AcDbLine
 10
14.56595502642926
 20
39.55210373820118
 30
0.0
 11
14.76595502642926
 21
39.55210373820118
 31
0.0
  0
LINE
  5
3F8
330
1F
100
AcDbEntity
  8
0
100
AcDbLine
 10
14.56595502642926
 20
39.55210373820118
 30
0.0
 11
14.56595502642926
 21
42.95210373820118
 31
0.0
  0
LINE
  5
3F9
330
1F
100
AcDbEntity
  8
0
100
AcDbLine
 10
14.76595502642926
 20
39.55210373820118
 30
0.0
 11
14.76595502642927
 21
42.95210373820118
 31
0.0
  0
LINE
  5
3FE
330
1F
100
AcDbEntity
  8
0
100
AcDbLine
 10
17.26595502642926
 20
40.65210888491291
 30
0.0
 11
17.56595502642926
 21
40.65210888491291
 31
0.0
  0
LINE
  5
3FF
330
1F
100
AcDbEntity
  8
0
100
AcDbLine
 10
17.26595502642926
 20
41.65210888491291
 30
0.0
 11
17.56595502642926
 21
41.65210888491291
 31
0.0
  0
LINE
  5
400
330
1F
100
AcDbEntity
  8
0
100
AcDbLine
 10
17.44095502642926
 20
41.65210888491291
 30
0.0
 11
17.44095502642926
 21
40.65210888491291
 31
0.0
  0
LINE
  5
401
330
1F
100
AcDbEntity
  8
0
100
AcDbLine
 10
17.39095502642926
 20
41.65210888491291
 30
0.0
 11
17.39095502642926
 21
40.65210888491291
 31
0.0
  0
LINE
  5
403
330
1F
100
AcDbEntity
  8
0
100
AcDbLine
 10
8.065955026429264
 20
39.05210373820118
 30
0.0
 11
8.065955026429262
 21
38.85210373820118
 31
0.0
  0
LINE
  5
407
330
1F
100
AcDbEntity
  8
0
100
AcDbLine
 10
9.065955026429264
 20
39.05210373820117
 30
0.0
 11
9.065955026429261
 21
38.85210373820117
 31
0.0
  0
LINE
  5
40A
330
1F
100
AcDbEntity
  8
0
100
AcDbLine
 10
9.065955026429264
 20
39.05210373820119
 30
0.0
 11
13.06595502642927
 21
39.05210373820118
 31
0.0
  0
LINE
  5
40B
330
1F
100
AcDbEntity
  8
0
100
AcDbLine
 10
9.065955026429261
 20
38.85210373820118
 30
0.0
 11
13.06595502642926
 21
38.85210373820118
 31
0.0
  0
LINE
  5
40D
330
1F
100
AcDbEntity
  8
0
100
AcDbLine
 10
13.06595502642926
 20
39.05210373820112
 30
0.0
 11
13.06595502642926
 21
38.85210373820111
 31
0.0
  0
LINE
  5
40F
330
1F
100
AcDbEntity
  8
0
100
AcDbLine
 10
14.06595502642926
 20
39.05210373820111
 30
0.0
 11
14.06595502642926
 21
38.8521037382011
 31
0.0
  0
LINE
  5
411
330
1F
100
AcDbEntity
  8
0
100
AcDbLine
 10
14.06595502642926
 20
38.85210373820118
 30
0.0
 11
16.26595502642926
 21
38.85210373820118
 31
0.0
  0
LINE
  5
412
330
1F
100
AcDbEntity
  8
0
100
AcDbLine
 10
14.06595502642927
 20
39.05210373820118
 30
0.0
 11
16.26595502642925
 21
39.05210373820119
 31
0.0
  0
LINE
  5
413
330
1F
100
AcDbEntity
  8
0
100
AcDbLine
 10
9.565955026429264
 20
39.05210373820116
 30
0.0
 11
9.565955026429261
 21
38.85210373820116
 31
0.0
  0
LINE
  5
414
330
1F
100
AcDbEntity
  8
0
100
AcDbLine
 10
10.56595502642926
 20
39.05210373820115
 30
0.0
 11
10.56595502642926
 21
38.85210373820115
 31
0.0
  0
LINE
  5
415
330
1F
100
AcDbEntity
  8
0
100
AcDbLine
 10
11.56595502642926
 20
39.05210373820113
 30
0.0
 11
11.56595502642926
 21
38.85210373820113
 31
0.0
  0
LINE
  5
416
330
1F
100
AcDbEntity
  8
0
100
AcDbLine
 10
12.56595502642926
 20
39.05210373820112
 30
0.0
 11
12.56595502642926
 21
38.85210373820111
 31
0.0
  0
LINE
  5
41A
330
1F
100
AcDbEntity
  8
0
100
AcDbLine
 10
16.26595502642926
 20
38.85210373820118
 30
0.0
 11
16.26595502642926
 21
39.05210373820118
 31
0.0
  0
LINE
  5
41B
330
1F
100
AcDbEntity
  8
0
100
AcDbLine
 10
17.26595502642926
 20
39.05210373820118
 30
0.0
 11
17.56595502642926
 21
39.05210373820118
 31
0.0
  0
LINE
  5
41C
330
1F
100
AcDbEntity
  8
0
100
AcDbLine
 10
17.26595502642926
 20
38.85210373820119
 30
0.0
 11
17.56595502642926
 21
38.85210373820118
 31
0.0
  0
LINE
  5
41E
330
1F
100
AcDbEntity
  8
0
100
AcDbLine
 10
11.56595502642926
 20
38.97710373820113
 30
0.0
 11
12.56595502642926
 21
38.97710373820112
 31
0.0
  0
LINE
  5
41F
330
1F
100
AcDbEntity
  8
0
100
AcDbLine
 10
11.56595502642926
 20
38.92710373820114
 30
0.0
 11
12.56595502642926
 21
38.92710373820112
 31
0.0
  0
LINE
  5
420
330
1F
100
AcDbEntity
  8
0
100
AcDbLine
 10
9.565955026429261
 20
38.92710373820117
 30
0.0
 11
10.56595502642926
 21
38.92710373820115
 31
0.0
  0
LINE
  5
421
330
1F
100
AcDbEntity
  8
0
100
AcDbLine
 10
9.565955026429261
 20
38.97710373820117
 30
0.0
 11
10.56595502642926
 21
38.97710373820115
 31
0.0
  0
LINE
  5
423
330
1F
100
AcDbEntity
  8
0
100
AcDbLine
 10
11.16595502642927
 20
39.05210373820118
 30
0.0
 11
11.16595502642926
 21
38.85210373820118
 31
0.0
  0
LINE
  5
424
330
1F
100
AcDbEntity
  8
0
100
AcDbLine
 10
10.96595502642927
 20
39.05210373820118
 30
0.0
 11
10.96595502642926
 21
38.85210373820118
 31
0.0
  0
LINE
  5
426
330
1F
100
AcDbEntity
  8
0
100
AcDbLine
 10
8.065955026429264
 20
43.95210373820118
 30
0.0
 11
8.065955026429264
 21
44.25210373820119
 31
0.0
  0
LINE
  5
427
330
1F
100
AcDbEntity
  8
0
100
AcDbLine
 10
9.065955026429264
 20
43.95210373820118
 30
0.0
 11
9.065955026429264
 21
44.25210373820119
 31
0.0
  0
LINE
  5
428
330
1F
100
AcDbEntity
  8
0
100
AcDbLine
 10
10.56595502642926
 20
43.95210373820118
 30
0.0
 11
10.56595502642926
 21
44.25210373820119
 31
0.0
  0
LINE
  5
429
330
1F
100
AcDbEntity
  8
0
100
AcDbLine
 10
11.56595502642926
 20
43.95210373820118
 30
0.0
 11
11.56595502642926
 21
44.25210373820119
 31
0.0
  0
LINE
  5
42A
330
1F
100
AcDbEntity
  8
0
100
AcDbLine
 10
13.06595502642926
 20
43.95210373820118
 30
0.0
 11
13.06595502642926
 21
44.25210373820119
 31
0.0
  0
LINE
  5
42B
330
1F
100
AcDbEntity
  8
0
100
AcDbLine
 10
14.06595502642926
 20
43.95210373820118
 30
0.0
 11
14.06595502642926
 21
44.25210373820119
 31
0.0
  0
LINE
  5
42C
330
1F
100
AcDbEntity
  8
0
100
AcDbLine
 10
9.065955026429264
 20
44.25210373820118
 30
0.0
 11
13.06595502642926
 21
44.25210373820118
 31
0.0
  0
LINE
  5
42D
330
1F
100
AcDbEntity
  8
0
100
AcDbLine
 10
8.065955026429264
 20
43.95210373820118
 30
0.0
 11
7.565955026429264
 21
43.95210373820118
 31
0.0
  0
LINE
  5
42E
330
1F
100
AcDbEntity
  8
0
100
AcDbLine
 10
14.06595502642926
 20
44.25210373820118
 30
0.0
 11
14.76595502642926
 21
44.25210373820118
 31
0.0
  0
LINE
  5
42F
330
1F
100
AcDbEntity
  8
0
100
AcDbLine
 10
13.06595502642926
 20
43.95210373820117
 30
0.0
 11
9.065955026429264
 21
43.95210373820118
 31
0.0
  0
LINE
  5
431
330
1F
100
AcDbEntity
  8
0
100
AcDbLine
 10
10.56595502642926
 20
44.12710373820118
 30
0.0
 11
11.56595502642926
 21
44.12710373820118
 31
0.0
  0
LINE
  5
432
330
1F
100
AcDbEntity
  8
0
100
AcDbLine
 10
10.56595502642926
 20
44.07710373820118
 30
0.0
 11
11.56595502642926
 21
44.07710373820118
 31
0.0
  0
LINE
  5
434
330
1F
100
AcDbEntity
  8
0
100
AcDbLine
 10
7.565955026429262
 20
43.15210373820118
 30
0.0
 11
7.365955026429263
 21
43.15210373820118
 31
0.0
  0
LINE
  5
436
330
1F
100
AcDbEntity
  8
0
100
AcDbLine
 10
7.365955026429267
 20
43.65210373820118
 30
0.0
 11
7.565955026429264
 21
43.65210373820118
 31
0.0
  0
LINE
  5
438
330
1F
100
AcDbEntity
  8
0
100
AcDbLine
 10
7.490955026429267
 20
43.65210373820118
 30
0.0
 11
7.490955026429263
 21
43.15210373820118
 31
0.0
  0
LINE
  5
439
330
1F
100
AcDbEntity
  8
0
100
AcDbLine
 10
7.440955026429266
 20
43.65210373820118
 30
0.0
 11
7.440955026429262
 21
43.15210373820118
 31
0.0
  0
LINE
  5
43A
330
1F
100
AcDbEntity
  8
0
100
AcDbLine
 10
14.76595502642927
 20
43.1521037382012
 30
0.0
 11
14.56595502642927
 21
43.1521037382012
 31
0.0
  0
LINE
  5
43B
330
1F
100
AcDbEntity
  8
0
100
AcDbLine
 10
14.56595502642927
 20
43.6521037382012
 30
0.0
 11
14.76595502642927
 21
43.6521037382012
 31
0.0
  0
LINE
  5
43C
330
1F
100
AcDbEntity
  8
0
100
AcDbLine
 10
14.64095502642927
 20
43.6521037382012
 30
0.0
 11
14.64095502642926
 21
43.1521037382012
 31
0.0
  0
LINE
  5
43D
330
1F
100
AcDbEntity
  8
0
100
AcDbLine
 10
14.69095502642927
 20
43.6521037382012
 30
0.0
 11
14.69095502642927
 21
43.1521037382012
 31
0.0
  0
LINE
  5
43F
330
1F
100
AcDbEntity
  8
0
100
AcDbLine
 10
6.865955026429263
 20
42.65210373820118
 30
0.0
 11
6.865955026429263
 21
42.95210373820117
 31
0.0
  0
LINE
  5
440
330
1F
100
AcDbEntity
  8
0
100
AcDbLine
 10
7.365955026429265
 20
42.95210373820117
 30
0.0
 11
7.565955026429262
 21
42.95210373820117
 31
0.0
  0
LINE
  5
441
330
1F
100
AcDbEntity
  8
0
100
AcDbLine
 10
7.365955026429265
 20
42.65210373820117
 30
0.0
 11
7.565955026429262
 21
42.65210373820118
 31
0.0
  0
LINE
  5
443
330
1F
100
AcDbEntity
  8
0
100
AcDbLine
 10
16.76595502642926
 20
42.65210373820118
 30
0.0
 11
16.76595502642926
 21
42.95210373820117
 31
0.0
  0
LINE
  5
444
330
1F
100
AcDbEntity
  8
0
100
AcDbLine
 10
15.76595502642926
 20
42.65210373820118
 30
0.0
 11
15.76595502642926
 21
42.95210373820117
 31
0.0
  0
LINE
  5
445
330
1F
100
AcDbEntity
  8
0
100
AcDbLine
 10
16.76595502642927
 20
42.95210373820117
 30
0.0
 11
17.56595502642926
 21
42.95210373820117
 31
0.0
  0
LINE
  5
446
330
1F
100
AcDbEntity
  8
0
100
AcDbLine
 10
16.76595502642927
 20
42.65210373820118
 30
0.0
 11
17.56595502642926
 21
42.65210373820118
 31
0.0
  0
LINE
  5
44A
330
1F
100
AcDbEntity
  8
0
100
AcDbLine
 10
30.44536452632946
 20
16.85210373820118
 30
0.0
 11
30.44536452632946
 21
16.55210373820118
 31
0.0
  0
LINE
  5
44B
330
1F
100
AcDbEntity
  8
0
100
AcDbLine
 10
30.04536452632946
 20
16.85210373820118
 30
0.0
 11
30.04536452632946
 21
16.55210373820118
 31
0.0
  0
LINE
  5
44C
330
1F
100
AcDbEntity
  8
0
100
AcDbLine
 10
32.44536452632946
 20
16.85210373820118
 30
0.0
 11
32.44536452632946
 21
16.55210373820118
 31
0.0
  0
LINE
  5
44D
330
1F
100
AcDbEntity
  8
0
100
AcDbLine
 10
33.44536452632946
 20
16.85210373820118
 30
0.0
 11
33.44536452632946
 21
16.55210373820118
 31
0.0
  0
LINE
  5
44E
330
1F
100
AcDbEntity
  8
0
100
AcDbLine
 10
34.44536452632946
 20
16.85210373820118
 30
0.0
 11
34.44536452632946
 21
16.55210373820118
 31
0.0
  0
LINE
  5
44F
330
1F
100
AcDbEntity
  8
0
100
AcDbLine
 10
35.44536452632946
 20
16.85210373820118
 30
0.0
 11
35.44536452632946
 21
16.55210373820118
 31
0.0
  0
LINE
  5
450
330
1F
100
AcDbEntity
  8
0
100
AcDbLine
 10
28.04536452632945
 20
16.85210373820118
 30
0.0
 11
28.04536452632945
 21
16.55210373820118
 31
0.0
  0
LINE
  5
451
330
1F
100
AcDbEntity
  8
0
100
AcDbLine
 10
27.04536452632945
 20
16.85210373820118
 30
0.0
 11
27.04536452632945
 21
16.55210373820118
 31
0.0
  0
LINE
  5
452
330
1F
100
AcDbEntity
  8
0
100
AcDbLine
 10
26.04536452632946
 20
16.85210373820118
 30
0.0
 11
26.04536452632946
 21
16.55210373820118
 31
0.0
  0
LINE
  5
453
330
1F
100
AcDbEntity
  8
0
100
AcDbLine
 10
25.04536452632946
 20
16.85210373820118
 30
0.0
 11
25.04536452632946
 21
16.55210373820118
 31
0.0
  0
LINE
  5
454
330
1F
100
AcDbEntity
  8
0
100
AcDbLine
 10
29.04536452632946
 20
16.67710373820118
 30
0.0
 11
30.04536452632946
 21
16.67710373820118
 31
0.0
  0
LINE
  5
455
330
1F
100
AcDbEntity
  8
0
100
AcDbLine
 10
29.04536452632946
 20
16.72710373820118
 30
0.0
 11
30.04536452632946
 21
16.72710373820118
 31
0.0
  0
LINE
  5
456
330
1F
100
AcDbEntity
  8
0
100
AcDbLine
 10
30.44536452632946
 20
16.67710373820118
 30
0.0
 11
31.44536452632946
 21
16.67710373820118
 31
0.0
  0
LINE
  5
457
330
1F
100
AcDbEntity
  8
0
100
AcDbLine
 10
30.44536452632946
 20
16.72710373820118
 30
0.0
 11
31.44536452632946
 21
16.72710373820118
 31
0.0
  0
LINE
  5
458
330
1F
100
AcDbEntity
  8
0
100
AcDbLine
 10
27.04536452632945
 20
16.67710373820118
 30
0.0
 11
28.04536452632945
 21
16.67710373820118
 31
0.0
  0
LINE
  5
459
330
1F
100
AcDbEntity
  8
0
100
AcDbLine
 10
27.04536452632945
 20
16.72710373820118
 30
0.0
 11
28.04536452632945
 21
16.72710373820118
 31
0.0
  0
LINE
  5
45A
330
1F
100
AcDbEntity
  8
0
100
AcDbLine
 10
25.04536452632946
 20
16.67710373820118
 30
0.0
 11
26.04536452632946
 21
16.67710373820118
 31
0.0
  0
LINE
  5
45B
330
1F
100
AcDbEntity
  8
0
100
AcDbLine
 10
25.04536452632946
 20
16.72710373820118
 30
0.0
 11
26.04536452632946
 21
16.72710373820118
 31
0.0
  0
LINE
  5
45C
330
1F
100
AcDbEntity
  8
0
100
AcDbLine
 10
32.44536452632946
 20
16.67710373820118
 30
0.0
 11
33.44536452632946
 21
16.67710373820118
 31
0.0
  0
LINE
  5
45D
330
1F
100
AcDbEntity
  8
0
100
AcDbLine
 10
32.44536452632946
 20
16.72710373820118
 30
0.0
 11
33.44536452632946
 21
16.72710373820118
 31
0.0
  0
LINE
  5
45E
330
1F
100
AcDbEntity
  8
0
100
AcDbLine
 10
34.44536452632946
 20
16.67710373820118
 30
0.0
 11
35.44536452632946
 21
16.67710373820118
 31
0.0
  0
LINE
  5
45F
330
1F
100
AcDbEntity
  8
0
100
AcDbLine
 10
34.44536452632946
 20
16.72710373820118
 30
0.0
 11
35.44536452632946
 21
16.72710373820118
 31
0.0
  0
LINE
  5
462
330
1F
100
AcDbEntity
  8
0
100
AcDbLine
 10
24.04536452632946
 20
22.85210373820118
 30
0.0
 11
23.74536452632946
 21
22.85210373820118
 31
0.0
  0
LINE
  5
463
330
1F
100
AcDbEntity
  8
0
100
AcDbLine
 10
24.04536452632946
 20
21.85210373820118
 30
0.0
 11
23.74536452632946
 21
21.85210373820118
 31
0.0
  0
LINE
  5
464
330
1F
100
AcDbEntity
  8
0
100
AcDbLine
 10
24.04536452632946
 20
21.35210373820118
 30
0.0
 11
23.74536452632946
 21
21.35210373820118
 31
0.0
  0
LINE
  5
465
330
1F
100
AcDbEntity
  8
0
100
AcDbLine
 10
24.04536452632946
 20
20.35210373820118
 30
0.0
 11
23.74536452632946
 21
20.35210373820118
 31
0.0
  0
LINE
  5
466
330
1F
100
AcDbEntity
  8
0
100
AcDbLine
 10
23.92036452632946
 20
21.35210373820118
 30
0.0
 11
23.92036452632946
 21
20.35210373820118
 31
0.0
  0
LINE
  5
467
330
1F
100
AcDbEntity
  8
0
100
AcDbLine
 10
23.87036452632946
 20
21.35210373820118
 30
0.0
 11
23.87036452632946
 21
20.35210373820118
 31
0.0
  0
LINE
  5
468
330
1F
100
AcDbEntity
  8
0
100
AcDbLine
 10
23.92036452632946
 20
22.85210373820118
 30
0.0
 11
23.92036452632946
 21
21.85210373820118
 31
0.0
  0
LINE
  5
469
330
1F
100
AcDbEntity
  8
0
100
AcDbLine
 10
23.87036452632946
 20
22.85210373820118
 30
0.0
 11
23.87036452632946
 21
21.85210373820118
 31
0.0
  0
LINE
  5
46A
330
1F
100
AcDbEntity
  8
0
100
AcDbLine
 10
24.04536452632946
 20
23.15210373820118
 30
0.0
 11
23.74536452632946
 21
23.15210373820118
 31
0.0
  0
LINE
  5
46B
330
1F
100
AcDbEntity
  8
0
100
AcDbLine
 10
24.04536452632946
 20
21.55210373820118
 30
0.0
 11
23.74536452632946
 21
21.55210373820118
 31
0.0
  0
LINE
  5
46C
330
1F
100
AcDbEntity
  8
0
100
AcDbLine
 10
24.04536452632946
 20
19.85210373820117
 30
0.0
 11
23.74536452632946
 21
19.85210373820117
 31
0.0
  0
LINE
  5
46D
330
1F
100
AcDbEntity
  8
0
100
AcDbLine
 10
24.04536452632946
 20
19.65210373820118
 30
0.0
 11
23.74536452632946
 21
19.65210373820118
 31
0.0
  0
LINE
  5
46F
330
1F
100
AcDbEntity
  8
0
100
AcDbLine
 10
36.74536452632946
 20
22.85210373820117
 30
0.0
 11
36.44536452632946
 21
22.85210373820117
 31
0.0
  0
LINE
  5
470
330
1F
100
AcDbEntity
  8
0
100
AcDbLine
 10
36.74536452632946
 20
21.85210373820117
 30
0.0
 11
36.44536452632946
 21
21.85210373820117
 31
0.0
  0
LINE
  5
471
330
1F
100
AcDbEntity
  8
0
100
AcDbLine
 10
36.74536452632946
 20
21.35210373820116
 30
0.0
 11
36.44536452632946
 21
21.35210373820116
 31
0.0
  0
LINE
  5
472
330
1F
100
AcDbEntity
  8
0
100
AcDbLine
 10
36.74536452632946
 20
20.35210373820117
 30
0.0
 11
36.44536452632946
 21
20.35210373820117
 31
0.0
  0
LINE
  5
473
330
1F
100
AcDbEntity
  8
0
100
AcDbLine
 10
36.62036452632945
 20
21.35210373820116
 30
0.0
 11
36.62036452632945
 21
20.35210373820117
 31
0.0
  0
LINE
  5
474
330
1F
100
AcDbEntity
  8
0
100
AcDbLine
 10
36.57036452632946
 20
21.35210373820116
 30
0.0
 11
36.57036452632946
 21
20.35210373820117
 31
0.0
  0
LINE
  5
475
330
1F
100
AcDbEntity
  8
0
100
AcDbLine
 10
36.62036452632945
 20
22.85210373820117
 30
0.0
 11
36.62036452632945
 21
21.85210373820117
 31
0.0
  0
LINE
  5
476
330
1F
100
AcDbEntity
  8
0
100
AcDbLine
 10
36.57036452632946
 20
22.85210373820117
 30
0.0
 11
36.57036452632946
 21
21.85210373820117
 31
0.0
  0
LINE
  5
477
330
1F
100
AcDbEntity
  8
0
100
AcDbLine
 10
36.74536452632946
 20
23.15210373820117
 30
0.0
 11
36.44536452632946
 21
23.15210373820117
 31
0.0
  0
LINE
  5
478
330
1F
100
AcDbEntity
  8
0
100
AcDbLine
 10
36.74536452632946
 20
21.55210373820116
 30
0.0
 11
36.44536452632946
 21
21.55210373820116
 31
0.0
  0
LINE
  5
479
330
1F
100
AcDbEntity
  8
0
100
AcDbLine
 10
36.74536452632946
 20
19.85210373820116
 30
0.0
 11
36.44536452632946
 21
19.85210373820116
 31
0.0
  0
LINE
  5
47A
330
1F
100
AcDbEntity
  8
0
100
AcDbLine
 10
36.74536452632946
 20
19.65210373820116
 30
0.0
 11
36.44536452632946
 21
19.65210373820116
 31
0.0
  0
LINE
  5
484
330
1F
100
AcDbEntity
  8
0
100
AcDbLine
 10
24.04536452632946
 20
24.35210373820118
 30
0.0
 11
23.74536452632946
 21
24.35210373820118
 31
0.0
  0
LINE
  5
485
330
1F
100
AcDbEntity
  8
0
100
AcDbLine
 10
24.04536452632946
 20
24.85210373820118
 30
0.0
 11
23.74536452632946
 21
24.85210373820118
 31
0.0
  0
LINE
  5
486
330
1F
100
AcDbEntity
  8
0
100
AcDbLine
 10
23.92036452632946
 20
24.35210373820118
 30
0.0
 11
23.92036452632946
 21
23.35210373820118
 31
0.0
  0
LINE
  5
487
330
1F
100
AcDbEntity
  8
0
100
AcDbLine
 10
23.87036452632946
 20
24.35210373820118
 30
0.0
 11
23.87036452632946
 21
23.35210373820118
 31
0.0
  0
LINE
  5
488
330
1F
100
AcDbEntity
  8
0
100
AcDbLine
 10
23.92036452632946
 20
25.35210373820118
 30
0.0
 11
23.92036452632946
 21
24.85210373820118
 31
0.0
  0
LINE
  5
489
330
1F
100
AcDbEntity
  8
0
100
AcDbLine
 10
23.87036452632946
 20
25.35210373820118
 30
0.0
 11
23.87036452632946
 21
24.85210373820118
 31
0.0
  0
LINE
  5
48B
330
1F
100
AcDbEntity
  8
0
100
AcDbLine
 10
36.74536452632946
 20
24.35210373820118
 30
0.0
 11
36.44536452632946
 21
24.35210373820118
 31
0.0
  0
LINE
  5
48C
330
1F
100
AcDbEntity
  8
0
100
AcDbLine
 10
36.74536452632946
 20
24.85210373820118
 30
0.0
 11
36.44536452632946
 21
24.85210373820118
 31
0.0
  0
LINE
  5
48E
330
1F
100
AcDbEntity
  8
0
100
AcDbLine
 10
36.62036452632945
 20
24.35210373820118
 30
0.0
 11
36.62036452632945
 21
23.35210373820118
 31
0.0
  0
LINE
  5
48F
330
1F
100
AcDbEntity
  8
0
100
AcDbLine
 10
36.57036452632946
 20
24.35210373820118
 30
0.0
 11
36.57036452632946
 21
23.35210373820118
 31
0.0
  0
LINE
  5
490
330
1F
100
AcDbEntity
  8
0
100
AcDbLine
 10
36.62036452632945
 20
25.35210373820118
 30
0.0
 11
36.62036452632945
 21
24.85210373820118
 31
0.0
  0
LINE
  5
491
330
1F
100
AcDbEntity
  8
0
100
AcDbLine
 10
36.57036452632946
 20
25.35210373820118
 30
0.0
 11
36.57036452632946
 21
24.85210373820118
 31
0.0
  0
LINE
  5
492
330
1F
100
AcDbEntity
  8
0
100
AcDbLine
 10
24.04536452632946
 20
25.85210373820118
 30
0.0
 11
23.74536452632946
 21
25.85210373820118
 31
0.0
  0
LINE
  5
493
330
1F
100
AcDbEntity
  8
0
100
AcDbLine
 10
24.04536452632946
 20
26.85210373820118
 30
0.0
 11
23.74536452632946
 21
26.85210373820118
 31
0.0
  0
LINE
  5
494
330
1F
100
AcDbEntity
  8
0
100
AcDbLine
 10
24.04536452632946
 20
27.85210373820119
 30
0.0
 11
23.74536452632946
 21
27.85210373820119
 31
0.0
  0
LINE
  5
495
330
1F
100
AcDbEntity
  8
0
100
AcDbLine
 10
24.04536452632946
 20
28.85210373820119
 30
0.0
 11
23.74536452632946
 21
28.85210373820119
 31
0.0
  0
LINE
  5
496
330
1F
100
AcDbEntity
  8
0
100
AcDbLine
 10
23.92036452632946
 20
26.85210373820118
 30
0.0
 11
23.92036452632946
 21
25.85210373820118
 31
0.0
  0
LINE
  5
497
330
1F
100
AcDbEntity
  8
0
100
AcDbLine
 10
23.87036452632946
 20
26.85210373820118
 30
0.0
 11
23.87036452632946
 21
25.85210373820118
 31
0.0
  0
LINE
  5
498
330
1F
100
AcDbEntity
  8
0
100
AcDbLine
 10
23.92036452632946
 20
28.85210373820119
 30
0.0
 11
23.92036452632946
 21
27.85210373820119
 31
0.0
  0
LINE
  5
499
330
1F
100
AcDbEntity
  8
0
100
AcDbLine
 10
23.87036452632946
 20
28.85210373820119
 30
0.0
 11
23.87036452632946
 21
27.85210373820119
 31
0.0
  0
LINE
  5
49A
330
1F
100
AcDbEntity
  8
0
100
AcDbLine
 10
36.74536452632946
 20
25.85210373820118
 30
0.0
 11
36.44536452632946
 21
25.85210373820118
 31
0.0
  0
LINE
  5
49B
330
1F
100
AcDbEntity
  8
0
100
AcDbLine
 10
36.74536452632946
 20
26.85210373820118
 30
0.0
 11
36.44536452632946
 21
26.85210373820118
 31
0.0
  0
LINE
  5
49C
330
1F
100
AcDbEntity
  8
0
100
AcDbLine
 10
36.74536452632946
 20
27.85210373820118
 30
0.0
 11
36.44536452632946
 21
27.85210373820118
 31
0.0
  0
LINE
  5
49D
330
1F
100
AcDbEntity
  8
0
100
AcDbLine
 10
36.74536452632946
 20
28.85210373820118
 30
0.0
 11
36.44536452632946
 21
28.85210373820118
 31
0.0
  0
LINE
  5
49E
330
1F
100
AcDbEntity
  8
0
100
AcDbLine
 10
36.62036452632945
 20
26.85210373820118
 30
0.0
 11
36.62036452632945
 21
25.85210373820118
 31
0.0
  0
LINE
  5
49F
330
1F
100
AcDbEntity
  8
0
100
AcDbLine
 10
36.57036452632946
 20
26.85210373820118
 30
0.0
 11
36.57036452632946
 21
25.85210373820118
 31
0.0
  0
LINE
  5
4A0
330
1F
100
AcDbEntity
  8
0
100
AcDbLine
 10
36.62036452632945
 20
28.85210373820118
 30
0.0
 11
36.62036452632945
 21
27.85210373820118
 31
0.0
  0
LINE
  5
4A1
330
1F
100
AcDbEntity
  8
0
100
AcDbLine
 10
36.57036452632946
 20
28.85210373820118
 30
0.0
 11
36.57036452632946
 21
27.85210373820118
 31
0.0
  0
LINE
  5
4A2
330
1F
100
AcDbEntity
  8
0
100
AcDbLine
 10
24.04536452632946
 20
17.75210373820117
 30
0.0
 11
24.94536452632946
 21
17.75210373820117
 31
0.0
  0
LINE
  5
4A3
330
1F
100
AcDbEntity
  8
0
100
AcDbLine
 10
24.94536452632946
 20
16.85210373820117
 30
0.0
 11
24.94536452632946
 21
19.25210373820115
 31
0.0
  0
LINE
  5
4A4
330
1F
100
AcDbEntity
  8
0
  6
ACAD_ISO02W100
 48
0.005
100
AcDbLine
 10
25.09536452632946
 20
16.85210373820117
 30
0.0
 11
25.09536452632946
 21
17.75210373820117
 31
0.0
  0
LINE
  5
4A5
330
1F
100
AcDbEntity
  8
0
  6
ACAD_ISO02W100
 48
0.005
100
AcDbLine
 10
25.24536452632946
 20
16.85210373820117
 30
0.0
 11
25.24536452632946
 21
17.75210373820117
 31
0.0
  0
LINE
  5
4A6
330
1F
100
AcDbEntity
  8
0
  6
ACAD_ISO02W100
 48
0.005
100
AcDbLine
 10
25.39536452632946
 20
16.85210373820117
 30
0.0
 11
25.39536452632946
 21
17.75210373820117
 31
0.0
  0
LINE
  5
4A7
330
1F
100
AcDbEntity
  8
0
  6
ACAD_ISO02W100
 48
0.005
100
AcDbLine
 10
25.54536452632946
 20
16.85210373820117
 30
0.0
 11
25.54536452632945
 21
17.75210373820117
 31
0.0
  0
LINE
  5
4A8
330
1F
100
AcDbEntity
  8
0
  6
ACAD_ISO02W100
 48
0.005
100
AcDbLine
 10
25.69536452632946
 20
16.85210373820117
 30
0.0
 11
25.69536452632946
 21
17.75210373820117
 31
0.0
  0
LINE
  5
4A9
330
1F
100
AcDbEntity
  8
0
  6
ACAD_ISO02W100
 48
0.005
100
AcDbLine
 10
25.84536452632946
 20
16.85210373820117
 30
0.0
 11
25.84536452632946
 21
17.75210373820117
 31
0.0
  0
LINE
  5
4AA
330
1F
100
AcDbEntity
  8
0
  6
ACAD_ISO02W100
 48
0.005
100
AcDbLine
 10
25.99536452632946
 20
16.85210373820117
 30
0.0
 11
25.99536452632946
 21
17.75210373820117
 31
0.0
  0
LINE
  5
4AB
330
1F
100
AcDbEntity
  8
0
  6
ACAD_ISO02W100
 48
0.005
100
AcDbLine
 10
26.14536452632946
 20
16.85210373820117
 30
0.0
 11
26.14536452632946
 21
17.75210373820117
 31
0.0
  0
LINE
  5
4AC
330
1F
100
AcDbEntity
  8
0
  6
ACAD_ISO02W100
 48
0.005
100
AcDbLine
 10
26.29536452632946
 20
16.85210373820117
 30
0.0
 11
26.29536452632946
 21
17.75210373820117
 31
0.0
  0
LINE
  5
4AD
330
1F
100
AcDbEntity
  8
0
  6
ACAD_ISO02W100
 48
0.005
100
AcDbLine
 10
26.44536452632946
 20
16.85210373820117
 30
0.0
 11
26.44536452632946
 21
17.75210373820117
 31
0.0
  0
LINE
  5
4AE
330
1F
100
AcDbEntity
  8
0
  6
ACAD_ISO02W100
 48
0.005
100
AcDbLine
 10
26.59536452632947
 20
16.85210373820117
 30
0.0
 11
26.59536452632946
 21
17.75210373820117
 31
0.0
  0
LINE
  5
4AF
330
1F
100
AcDbEntity
  8
0
100
AcDbLine
 10
24.04536452632946
 20
17.90210373820116
 30
0.0
 11
24.94536452632946
 21
17.90210373820116
 31
0.0
  0
LINE
  5
4B0
330
1F
100
AcDbEntity
  8
0
100
AcDbLine
 10
24.04536452632946
 20
18.05210373820116
 30
0.0
 11
24.94536452632946
 21
18.05210373820116
 31
0.0
  0
LINE
  5
4B1
330
1F
100
AcDbEntity
  8
0
100
AcDbLine
 10
24.04536452632946
 20
18.20210373820116
 30
0.0
 11
24.94536452632946
 21
18.20210373820116
 31
0.0
  0
LINE
  5
4B2
330
1F
100
AcDbEntity
  8
0
100
AcDbLine
 10
24.04536452632946
 20
18.35210373820116
 30
0.0
 11
24.94536452632946
 21
18.35210373820116
 31
0.0
  0
LINE
  5
4B3
330
1F
100
AcDbEntity
  8
0
100
AcDbLine
 10
24.04536452632946
 20
18.50210373820116
 30
0.0
 11
24.94536452632946
 21
18.50210373820116
 31
0.0
  0
LINE
  5
4B4
330
1F
100
AcDbEntity
  8
0
100
AcDbLine
 10
24.04536452632946
 20
18.65210373820116
 30
0.0
 11
24.94536452632946
 21
18.65210373820116
 31
0.0
  0
LINE
  5
4B5
330
1F
100
AcDbEntity
  8
0
100
AcDbLine
 10
24.04536452632946
 20
18.80210373820116
 30
0.0
 11
24.94536452632946
 21
18.80210373820116
 31
0.0
  0
LINE
  5
4B6
330
1F
100
AcDbEntity
  8
0
100
AcDbLine
 10
24.04536452632946
 20
18.95210373820115
 30
0.0
 11
24.94536452632946
 21
18.95210373820115
 31
0.0
  0
LINE
  5
4B7
330
1F
100
AcDbEntity
  8
0
100
AcDbLine
 10
24.04536452632946
 20
19.10210373820115
 30
0.0
 11
24.94536452632946
 21
19.10210373820115
 31
0.0
  0
LINE
  5
4B8
330
1F
100
AcDbEntity
  8
0
100
AcDbLine
 10
24.04536452632946
 20
19.25210373820115
 30
0.0
 11
24.94536452632946
 21
19.25210373820115
 31
0.0
  0
LINE
  5
4BA
330
1F
100
AcDbEntity
  8
0
100
AcDbLine
 10
36.44536452632946
 20
17.75210373820117
 30
0.0
 11
35.54536452632945
 21
17.75210373820117
 31
0.0
  0
LINE
  5
4BB
330
1F
100
AcDbEntity
  8
0
100
AcDbLine
 10
35.54536452632945
 20
16.85210373820117
 30
0.0
 11
35.54536452632945
 21
19.25210373820115
 31
0.0
  0
LINE
  5
4BC
330
1F
100
AcDbEntity
  8
0
  6
ACAD_ISO02W100
 48
0.005
100
AcDbLine
 10
35.39536452632946
 20
16.85210373820117
 30
0.0
 11
35.39536452632946
 21
17.75210373820117
 31
0.0
  0
LINE
  5
4BD
330
1F
100
AcDbEntity
  8
0
  6
ACAD_ISO02W100
 48
0.005
100
AcDbLine
 10
35.24536452632946
 20
16.85210373820117
 30
0.0
 11
35.24536452632946
 21
17.75210373820117
 31
0.0
  0
LINE
  5
4BE
330
1F
100
AcDbEntity
  8
0
  6
ACAD_ISO02W100
 48
0.005
100
AcDbLine
 10
35.09536452632945
 20
16.85210373820117
 30
0.0
 11
35.09536452632946
 21
17.75210373820117
 31
0.0
  0
LINE
  5
4BF
330
1F
100
AcDbEntity
  8
0
  6
ACAD_ISO02W100
 48
0.005
100
AcDbLine
 10
34.94536452632946
 20
16.85210373820117
 30
0.0
 11
34.94536452632946
 21
17.75210373820117
 31
0.0
  0
LINE
  5
4C0
330
1F
100
AcDbEntity
  8
0
  6
ACAD_ISO02W100
 48
0.005
100
AcDbLine
 10
34.79536452632945
 20
16.85210373820117
 30
0.0
 11
34.79536452632945
 21
17.75210373820117
 31
0.0
  0
LINE
  5
4C1
330
1F
100
AcDbEntity
  8
0
  6
ACAD_ISO02W100
 48
0.005
100
AcDbLine
 10
34.64536452632946
 20
16.85210373820117
 30
0.0
 11
34.64536452632946
 21
17.75210373820117
 31
0.0
  0
LINE
  5
4C2
330
1F
100
AcDbEntity
  8
0
  6
ACAD_ISO02W100
 48
0.005
100
AcDbLine
 10
34.49536452632945
 20
16.85210373820117
 30
0.0
 11
34.49536452632945
 21
17.75210373820117
 31
0.0
  0
LINE
  5
4C3
330
1F
100
AcDbEntity
  8
0
  6
ACAD_ISO02W100
 48
0.005
100
AcDbLine
 10
34.34536452632945
 20
16.85210373820117
 30
0.0
 11
34.34536452632945
 21
17.75210373820117
 31
0.0
  0
LINE
  5
4C4
330
1F
100
AcDbEntity
  8
0
  6
ACAD_ISO02W100
 48
0.005
100
AcDbLine
 10
34.19536452632946
 20
16.85210373820117
 30
0.0
 11
34.19536452632946
 21
17.75210373820117
 31
0.0
  0
LINE
  5
4C5
330
1F
100
AcDbEntity
  8
0
  6
ACAD_ISO02W100
 48
0.005
100
AcDbLine
 10
34.04536452632945
 20
16.85210373820117
 30
0.0
 11
34.04536452632945
 21
17.75210373820117
 31
0.0
  0
LINE
  5
4C6
330
1F
100
AcDbEntity
  8
0
  6
ACAD_ISO02W100
 48
0.005
100
AcDbLine
 10
33.89536452632945
 20
16.85210373820117
 30
0.0
 11
33.89536452632946
 21
17.75210373820117
 31
0.0
  0
LINE
  5
4C7
330
1F
100
AcDbEntity
  8
0
100
AcDbLine
 10
36.44536452632946
 20
17.90210373820116
 30
0.0
 11
35.54536452632945
 21
17.90210373820116
 31
0.0
  0
LINE
  5
4C8
330
1F
100
AcDbEntity
  8
0
100
AcDbLine
 10
36.44536452632946
 20
18.05210373820116
 30
0.0
 11
35.54536452632945
 21
18.05210373820116
 31
0.0
  0
LINE
  5
4C9
330
1F
100
AcDbEntity
  8
0
100
AcDbLine
 10
36.44536452632946
 20
18.20210373820116
 30
0.0
 11
35.54536452632945
 21
18.20210373820116
 31
0.0
  0
LINE
  5
4CA
330
1F
100
AcDbEntity
  8
0
100
AcDbLine
 10
36.44536452632946
 20
18.35210373820116
 30
0.0
 11
35.54536452632945
 21
18.35210373820116
 31
0.0
  0
LINE
  5
4CB
330
1F
100
AcDbEntity
  8
0
100
AcDbLine
 10
36.44536452632946
 20
18.50210373820116
 30
0.0
 11
35.54536452632945
 21
18.50210373820116
 31
0.0
  0
LINE
  5
4CC
330
1F
100
AcDbEntity
  8
0
100
AcDbLine
 10
36.44536452632946
 20
18.65210373820116
 30
0.0
 11
35.54536452632945
 21
18.65210373820116
 31
0.0
  0
LINE
  5
4CD
330
1F
100
AcDbEntity
  8
0
100
AcDbLine
 10
36.44536452632946
 20
18.80210373820116
 30
0.0
 11
35.54536452632945
 21
18.80210373820116
 31
0.0
  0
LINE
  5
4CE
330
1F
100
AcDbEntity
  8
0
100
AcDbLine
 10
36.44536452632946
 20
18.95210373820115
 30
0.0
 11
35.54536452632945
 21
18.95210373820115
 31
0.0
  0
LINE
  5
4CF
330
1F
100
AcDbEntity
  8
0
100
AcDbLine
 10
36.44536452632946
 20
19.10210373820115
 30
0.0
 11
35.54536452632945
 21
19.10210373820115
 31
0.0
  0
LINE
  5
4D0
330
1F
100
AcDbEntity
  8
0
100
AcDbLine
 10
36.44536452632946
 20
19.25210373820115
 30
0.0
 11
35.54536452632945
 21
19.25210373820115
 31
0.0
  0
LINE
  5
4D1
330
1F
100
AcDbEntity
  8
0
100
AcDbLine
 10
24.04536452632946
 20
21.55210373820118
 30
0.0
 11
36.44536452632946
 21
21.55210373820116
 31
0.0
  0
LINE
  5
4D2
330
1F
100
AcDbEntity
  8
0
100
AcDbLine
 10
24.04536452632946
 20
21.50210373820117
 30
0.0
 11
36.44536452632946
 21
21.50210373820117
 31
0.0
  0
LINE
  5
4D3
330
1F
100
AcDbEntity
  8
0
100
AcDbLine
 10
4.565955026429264
 20
38.85210373820118
 30
0.0
 11
3.065955026429264
 21
38.85210373820118
 31
0.0
  0
LINE
  5
4D4
330
1F
100
AcDbEntity
  8
0
100
AcDbLine
 10
4.565955026429264
 20
39.05210373820118
 30
0.0
 11
2.865955026429265
 21
39.05210373820118
 31
0.0
  0
LINE
  5
4D5
330
1F
100
AcDbEntity
  8
0
100
AcDbLine
 10
2.865955026429265
 20
39.05210373820118
 30
0.0
 11
2.865955026429263
 21
36.70210373820121
 31
0.0
  0
LINE
  5
4D6
330
1F
100
AcDbEntity
  8
0
100
AcDbLine
 10
3.065955026429264
 20
38.85210373820118
 30
0.0
 11
3.065955026429262
 21
36.7021037382012
 31
0.0
  0
LINE
  5
4D7
330
1F
100
AcDbEntity
  8
0
100
AcDbLine
 10
4.565955026429264
 20
38.35210373820118
 30
0.0
 11
3.065955026429264
 21
38.35210373820118
 31
0.0
  0
LINE
  5
4D8
330
1F
100
AcDbEntity
  8
0
100
AcDbLine
 10
4.565955026429264
 20
38.20210373820118
 30
0.0
 11
3.065955026429264
 21
38.20210373820118
 31
0.0
  0
LINE
  5
4D9
330
1F
100
AcDbEntity
  8
0
100
AcDbLine
 10
4.565955026429264
 20
38.05210373820118
 30
0.0
 11
3.065955026429264
 21
38.05210373820118
 31
0.0
  0
LINE
  5
4DA
330
1F
100
AcDbEntity
  8
0
100
AcDbLine
 10
4.565955026429264
 20
37.90210373820118
 30
0.0
 11
3.065955026429264
 21
37.90210373820118
 31
0.0
  0
LINE
  5
4DB
330
1F
100
AcDbEntity
  8
0
100
AcDbLine
 10
4.565955026429264
 20
37.75210373820119
 30
0.0
 11
3.065955026429264
 21
37.75210373820119
 31
0.0
  0
LINE
  5
4DC
330
1F
100
AcDbEntity
  8
0
100
AcDbLine
 10
4.565955026429264
 20
37.60210373820119
 30
0.0
 11
3.065955026429264
 21
37.60210373820119
 31
0.0
  0
LINE
  5
4DD
330
1F
100
AcDbEntity
  8
0
100
AcDbLine
 10
4.565955026429264
 20
37.45210373820119
 30
0.0
 11
3.065955026429264
 21
37.45210373820119
 31
0.0
  0
LINE
  5
4DE
330
1F
100
AcDbEntity
  8
0
100
AcDbLine
 10
4.565955026429264
 20
37.30210373820119
 30
0.0
 11
3.065955026429264
 21
37.30210373820119
 31
0.0
  0
LINE
  5
4DF
330
1F
100
AcDbEntity
  8
0
100
AcDbLine
 10
4.565955026429264
 20
37.15210373820119
 30
0.0
 11
3.065955026429264
 21
37.15210373820119
 31
0.0
  0
LINE
  5
4E0
330
1F
100
AcDbEntity
  8
0
100
AcDbLine
 10
3.815955026429264
 20
37.00210373820119
 30
0.0
 11
3.065955026429264
 21
37.00210373820119
 31
0.0
  0
LINE
  5
4E1
330
1F
100
AcDbEntity
  8
0
100
AcDbLine
 10
3.815955026429264
 20
36.85210373820119
 30
0.0
 11
3.065955026429266
 21
36.8521037382012
 31
0.0
  0
LINE
  5
4E3
330
1F
100
AcDbEntity
  8
0
100
AcDbLine
 10
23.74536452632946
 20
32.05210373820118
 30
0.0
 11
23.74536452632946
 21
36.65210373820118
 31
0.0
  0
LINE
  5
4F6
330
1F
100
AcDbEntity
  8
0
 62
     1
100
AcDbLine
 10
4.565955026429264
 20
38.85210373820118
 30
0.0
 11
4.865955026429265
 21
38.85210373820118
 31
0.0
  0
LINE
  5
4F7
330
1F
100
AcDbEntity
  8
0
 62
     1
100
AcDbLine
 10
4.865955026429265
 20
38.85210373820118
 30
0.0
 11
4.865955026429265
 21
39.05210373820118
 31
0.0
  0
LINE
  5
4F8
330
1F
100
AcDbEntity
  8
0
 62
     1
100
AcDbLine
 10
4.865955026429265
 20
39.05210373820118
 30
0.0
 11
4.565955026429264
 21
39.05210373820118
 31
0.0
  0
LINE
  5
4F9
330
1F
100
AcDbEntity
  8
0
 62
     1
100
AcDbLine
 10
4.565955026429264
 20
39.05210373820118
 30
0.0
 11
4.565955026429264
 21
38.85210373820118
 31
0.0
  0
LINE
  5
4FA
330
1F
100
AcDbEntity
  8
0
100
AcDbLine
 10
4.565955026429264
 20
38.85210373820118
 30
0.0
 11
4.565955026429264
 21
38.85210373820118
 31
0.0
  0
LINE
  5
4FB
330
1F
100
AcDbEntity
  8
0
 62
     1
100
AcDbLine
 10
7.365955026429265
 20
39.05210373820118
 30
0.0
 11
7.565955026429264
 21
39.05210373820118
 31
0.0
  0
LINE
  5
4FC
330
1F
100
AcDbEntity
  8
0
 62
     1
100
AcDbLine
 10
7.565955026429264
 20
39.05210373820118
 30
0.0
 11
7.565955026429266
 21
38.85210373820118
 31
0.0
  0
LINE
  5
4FD
330
1F
100
AcDbEntity
  8
0
 62
     1
100
AcDbLine
 10
7.565955026429266
 20
38.85210373820118
 30
0.0
 11
7.365955026429265
 21
38.85210373820118
 31
0.0
  0
LINE
  5
4FE
330
1F
100
AcDbEntity
  8
0
 62
     1
100
AcDbLine
 10
7.365955026429265
 20
38.85210373820118
 30
0.0
 11
7.365955026429265
 21
39.05210373820118
 31
0.0
  0
LWPOLYLINE
  5
4FF
102
{ACAD_REACTORS
330
1AF8
330
1C6C
102
}
330
1F
100
AcDbEntity
  8
0
 62
     1
100
AcDbPolyline
 90
        4
 70
     1
 43
0.0
 10
4.565955026429264
 20
16.85210373820118
 10
4.865955026429265
 20
16.85210373820118
 10
4.865955026429265
 20
16.55210373820118
 10
4.565955026429264
 20
16.55210373820118
  0
LWPOLYLINE
  5
500
102
{ACAD_REACTORS
330
1C6C
102
}
330
1F
100
AcDbEntity
  8
0
 62
     1
100
AcDbPolyline
 90
        4
 70
     1
 43
0.0
 10
7.465955026429273
 20
16.85210373820118
 10
7.665955026429273
 20
16.85210373820118
 10
7.665955026429273
 20
16.55210373820118
 10
7.465955026429273
 20
16.55210373820118
  0
LWPOLYLINE
  5
501
102
{ACAD_REACTORS
330
1C9A
102
}
330
1F
100
AcDbEntity
  8
0
 62
     1
100
AcDbPolyline
 90
        4
 70
     1
 43
0.0
 10
9.665955026429273
 20
16.85210373820118
 10
9.865955026429265
 20
16.85210373820118
 10
9.865955026429265
 20
16.55210373820118
 10
9.665955026429273
 20
16.55210373820118
  0
LWPOLYLINE
  5
502
330
1F
100
AcDbEntity
  8
0
 62
     1
100
AcDbPolyline
 90
        4
 70
     1
 43
0.0
 10
12.26595502642926
 20
16.85210373820118
 10
12.46595502642926
 20
16.85210373820118
 10
12.46595502642926
 20
16.55210373820118
 10
12.26595502642926
 20
16.55210373820118
  0
LWPOLYLINE
  5
503
330
1F
100
AcDbEntity
  8
0
 62
     1
100
AcDbPolyline
 90
        4
 70
     1
 43
0.0
 10
14.46595502642926
 20
16.85210373820118
 10
14.66595502642926
 20
16.85210373820118
 10
14.66595502642926
 20
16.55210373820118
 10
14.46595502642926
 20
16.55210373820118
  0
LWPOLYLINE
  5
504
330
1F
100
AcDbEntity
  8
0
 62
     1
100
AcDbPolyline
 90
        4
 70
     1
 43
0.0
 10
17.26595502642926
 20
16.85210373820118
 10
17.56595502642926
 20
16.85210373820118
 10
17.56595502642926
 20
16.55210373820118
 10
17.26595502642926
 20
16.55210373820118
  0
LWPOLYLINE
  5
505
330
1F
100
AcDbEntity
  8
0
 62
     1
100
AcDbPolyline
 90
        4
 70
     1
 43
0.0
 10
17.26595502642926
 20
19.85210373820118
 10
17.56595502642926
 20
19.85210373820118
 10
17.56595502642926
 20
19.65210373820118
 10
17.26595502642926
 20
19.65210373820118
  0
LWPOLYLINE
  5
506
102
{ACAD_REACTORS
330
1AF8
102
}
330
1F
100
AcDbEntity
  8
0
 62
     1
100
AcDbPolyline
 90
        4
 70
     1
 43
0.0
 10
4.565955026429264
 20
19.85210373820118
 10
4.865955026429265
 20
19.85210373820118
 10
4.865955026429265
 20
19.65210373820118
 10
4.565955026429264
 20
19.65210373820118
  0
LWPOLYLINE
  5
507
102
{ACAD_REACTORS
330
1B26
102
}
330
1F
100
AcDbEntity
  8
0
 62
     1
100
AcDbPolyline
 90
        4
 70
     1
 43
0.0
 10
4.565955026429264
 20
21.55210373820118
 10
4.865955026429265
 20
21.55210373820118
 10
4.865955026429265
 20
21.35210373820118
 10
4.565955026429264
 20
21.35210373820118
  0
LWPOLYLINE
  5
508
102
{ACAD_REACTORS
330
1B54
102
}
330
1F
100
AcDbEntity
  8
0
 62
     1
100
AcDbPolyline
 90
        4
 70
     1
 43
0.0
 10
4.565955026429264
 20
23.35210373820118
 10
4.865955026429265
 20
23.35210373820118
 10
4.865955026429265
 20
23.15210373820118
 10
4.565955026429264
 20
23.15210373820118
  0
LWPOLYLINE
  5
509
102
{ACAD_REACTORS
330
1C1C
102
}
330
1F
100
AcDbEntity
  8
0
 62
     1
100
AcDbPolyline
 90
        4
 70
     1
 43
0.0
 10
4.565955026429264
 20
25.55210373820118
 10
4.865955026429265
 20
25.55210373820118
 10
4.865955026429265
 20
25.35210373820118
 10
4.565955026429264
 20
25.35210373820118
  0
LWPOLYLINE
  5
50A
330
1F
100
AcDbEntity
  8
0
 62
     1
100
AcDbPolyline
 90
        4
 70
     1
 43
0.0
 10
17.26595502642926
 20
25.55210373820119
 10
17.56595502642926
 20
25.55210373820119
 10
17.56595502642926
 20
25.35210373820118
 10
17.26595502642926
 20
25.35210373820118
  0
LWPOLYLINE
  5
50B
330
1F
100
AcDbEntity
  8
0
 62
     1
100
AcDbPolyline
 90
        4
 70
     1
 43
0.0
 10
17.26595502642926
 20
23.35210373820118
 10
17.56595502642926
 20
23.35210373820118
 10
17.56595502642926
 20
23.15210373820118
 10
17.26595502642926
 20
23.15210373820118
  0
LWPOLYLINE
  5
50C
330
1F
100
AcDbEntity
  8
0
 62
     1
100
AcDbPolyline
 90
        4
 70
     1
 43
0.0
 10
17.26595502642926
 20
21.55210373820118
 10
17.56595502642926
 20
21.55210373820118
 10
17.56595502642926
 20
21.35210373820118
 10
17.26595502642926
 20
21.35210373820118
  0
LWPOLYLINE
  5
50D
330
1F
100
AcDbEntity
  8
0
 62
     1
100
AcDbPolyline
 90
        4
 70
     1
 43
0.0
 10
17.26595502642926
 20
29.85210373820118
 10
17.56595502642926
 20
29.85210373820118
 10
17.56595502642926
 20
29.65210373820119
 10
17.26595502642926
 20
29.65210373820119
  0
LWPOLYLINE
  5
50E
330
1F
100
AcDbEntity
  8
0
 62
     1
100
AcDbPolyline
 90
        4
 70
     1
 43
0.0
 10
17.26595502642926
 20
32.05210373820118
 10
17.56595502642926
 20
32.05210373820118
 10
17.56595502642926
 20
31.85210373820118
 10
17.26595502642926
 20
31.85210373820118
  0
LWPOLYLINE
  5
50F
330
1F
100
AcDbEntity
  8
0
 62
     1
100
AcDbPolyline
 90
        4
 70
     1
 43
0.0
 10
10.96595502642927
 20
32.05210373820118
 10
11.16595502642927
 20
32.05210373820118
 10
11.16595502642927
 20
31.85210373820118
 10
10.96595502642927
 20
31.85210373820118
  0
LWPOLYLINE
  5
510
102
{ACAD_REACTORS
330
1BD8
102
}
330
1F
100
AcDbEntity
  8
0
 62
     1
100
AcDbPolyline
 90
        4
 70
     1
 43
0.0
 10
4.565955026429264
 20
32.05210373820118
 10
4.865955026429265
 20
32.05210373820118
 10
4.865955026429265
 20
31.85210373820118
 10
4.565955026429264
 20
31.85210373820118
  0
LWPOLYLINE
  5
511
330
1F
100
AcDbEntity
  8
0
 62
     1
100
AcDbPolyline
 90
        4
 70
     1
 43
0.0
 10
10.96595502642927
 20
39.05210373820118
 10
11.16595502642926
 20
39.05210373820118
 10
11.16595502642926
 20
38.85210373820118
 10
10.96595502642927
 20
38.85210373820118
  0
LWPOLYLINE
  5
512
330
1F
100
AcDbEntity
  8
0
 62
     1
100
AcDbPolyline
 90
        4
 70
     1
 43
0.0
 10
14.56595502642926
 20
39.05210373820118
 10
14.76595502642926
 20
39.05210373820118
 10
14.76595502642926
 20
38.85210373820118
 10
14.56595502642926
 20
38.85210373820118
  0
LWPOLYLINE
  5
513
102
{ACAD_REACTORS
330
1CF6
102
}
330
1F
100
AcDbEntity
  8
0
 62
     1
100
AcDbPolyline
 90
        4
 70
     1
 43
0.0
 10
17.26595502642926
 20
39.05210373820118
 10
17.56595502642926
 20
39.05210373820118
 10
17.56595502642926
 20
38.85210373820118
 10
17.26595502642926
 20
38.85210373820118
  0
LWPOLYLINE
  5
514
102
{ACAD_REACTORS
330
1452
102
}
330
1F
100
AcDbEntity
  8
0
 62
     1
100
AcDbPolyline
 90
        4
 70
     1
 43
0.0
 10
17.26595502642926
 20
42.95210373820117
 10
17.56595502642926
 20
42.95210373820117
 10
17.56595502642926
 20
42.65210373820118
 10
17.26595502642926
 20
42.65210373820118
  0
LWPOLYLINE
  5
515
330
1F
100
AcDbEntity
  8
0
 62
     1
100
AcDbPolyline
 90
        4
 70
     1
 43
0.0
 10
14.56595502642926
 20
42.95210373820117
 10
14.76595502642927
 20
42.95210373820117
 10
14.76595502642927
 20
42.65210373820118
 10
14.56595502642926
 20
42.65210373820118
  0
LWPOLYLINE
  5
516
330
1F
100
AcDbEntity
  8
0
 62
     1
100
AcDbPolyline
 90
        4
 70
     1
 43
0.0
 10
14.56595502642926
 20
43.95210373820118
 10
14.76595502642926
 20
43.95210373820118
 10
14.76595502642926
 20
44.25210373820118
 10
14.56595502642926
 20
44.25210373820118
  0
LWPOLYLINE
  5
517
330
1F
100
AcDbEntity
  8
0
 62
     1
100
AcDbPolyline
 90
        4
 70
     1
 43
0.0
 10
7.365955026429263
 20
44.25210373820118
 10
7.565955026429264
 20
44.25210373820118
 10
7.565955026429264
 20
43.95210373820118
 10
7.365955026429263
 20
43.95210373820118
  0
LWPOLYLINE
  5
518
330
1F
100
AcDbEntity
  8
0
 62
     1
100
AcDbPolyline
 90
        4
 70
     1
 43
0.0
 10
7.365955026429265
 20
42.95210373820117
 10
7.565955026429262
 20
42.95210373820117
 10
7.565955026429262
 20
42.65210373820118
 10
7.365955026429265
 20
42.65210373820118
  0
LWPOLYLINE
  5
519
102
{ACAD_REACTORS
330
1452
102
}
330
1F
100
AcDbEntity
  8
0
 62
     1
100
AcDbPolyline
 90
        4
 70
     1
 43
0.0
 10
4.565955026429264
 20
42.95210373820117
 10
4.865955026429265
 20
42.95210373820117
 10
4.865955026429265
 20
42.65210373820118
 10
4.565955026429264
 20
42.65210373820118
  0
LINE
  5
51A
330
1F
100
AcDbEntity
  8
0
100
AcDbLine
 10
3.815955026429264
 20
38.35210373820118
 30
0.0
 11
3.815955026429262
 21
36.7021037382012
 31
0.0
  0
LINE
  5
51D
330
1F
100
AcDbEntity
  8
0
100
AcDbLine
 10
4.565955026429264
 20
38.35210373820118
 30
0.0
 11
4.565955026429264
 21
37.15210373820119
 31
0.0
  0
LWPOLYLINE
  5
51F
330
1F
100
AcDbEntity
  8
0
 62
     1
100
AcDbPolyline
 90
        4
 70
     1
 43
0.0
 10
4.565955026429266
 20
36.45210373820118
 10
4.865955026429267
 20
36.45210373820118
 10
4.865955026429267
 20
36.65210373820118
 10
4.565955026429266
 20
36.65210373820118
  0
LINE
  5
522
330
1F
100
AcDbEntity
  8
0
100
AcDbLine
 10
3.815955026429264
 20
36.7021037382012
 30
0.0
 11
2.865955026429265
 21
36.7021037382012
 31
0.0
  0
LINE
  5
524
330
1F
100
AcDbEntity
  8
0
100
AcDbLine
 10
4.565955026429264
 20
37.15210373820119
 30
0.0
 11
4.865955026429265
 21
37.15210373820119
 31
0.0
  0
LINE
  5
525
330
1F
100
AcDbEntity
  8
0
100
AcDbLine
 10
4.565955026429264
 20
36.65210373820118
 30
0.0
 11
3.815955026429264
 21
36.65210373820118
 31
0.0
  0
LINE
  5
526
330
1F
100
AcDbEntity
  8
0
100
AcDbLine
 10
3.815955026429264
 20
36.7021037382012
 30
0.0
 11
3.815955026429264
 21
36.65210373820118
 31
0.0
  0
LINE
  5
527
330
1F
100
AcDbEntity
  8
0
100
AcDbLine
 10
4.565955026429264
 20
37.15210373820119
 30
0.0
 11
4.565955026429264
 21
39.05210373820118
 31
0.0
  0
LINE
  5
528
330
1F
100
AcDbEntity
  8
0
100
AcDbLine
 10
4.865955026429265
 20
37.15210373820119
 30
0.0
 11
4.865955026429265
 21
39.05210373820118
 31
0.0
  0
LWPOLYLINE
  5
529
330
1F
100
AcDbEntity
  8
0
 62
     1
100
AcDbPolyline
 90
        4
 70
     1
 43
0.0
 10
4.565955026429266
 20
34.45210373820118
 10
4.865955026429263
 20
34.45210373820118
 10
4.865955026429263
 20
34.2530068706853
 10
4.565955026429266
 20
34.2530068706853
  0
LWPOLYLINE
  5
52A
330
1F
100
AcDbEntity
  8
0
 62
     1
100
AcDbPolyline
 90
        4
 70
     1
 43
0.0
 10
17.26595502642926
 20
34.45210373820118
 10
17.56595502642926
 20
34.45210373820118
 10
17.56595502642926
 20
34.25444506208356
 10
17.26595502642926
 20
34.25444506208356
  0
LWPOLYLINE
  5
52B
102
{ACAD_REACTORS
330
1CF6
102
}
330
1F
100
AcDbEntity
  8
0
 62
     1
100
AcDbPolyline
 90
        4
 70
     1
 43
0.0
 10
17.26595502642926
 20
36.45210373820118
 10
17.56595502642926
 20
36.45210373820118
 10
17.56595502642926
 20
36.65210373820118
 10
17.26595502642926
 20
36.65210373820118
  0
LINE
  5
54F
330
1F
100
AcDbEntity
  8
0
100
AcDbLine
 10
24.04536452632946
 20
32.05210373820118
 30
0.0
 11
24.04536452632946
 21
36.65210373820118
 31
0.0
  0
LINE
  5
550
330
1F
100
AcDbEntity
  8
0
100
AcDbLine
 10
36.44536452632946
 20
32.05210373820118
 30
0.0
 11
36.44536452632946
 21
39.95210373820118
 31
0.0
  0
LINE
  5
551
330
1F
100
AcDbEntity
  8
0
100
AcDbLine
 10
36.44536452632947
 20
42.95210373820117
 30
0.0
 11
36.44536452632947
 21
40.15210373820118
 31
0.0
  0
LINE
  5
552
330
1F
100
AcDbEntity
  8
0
100
AcDbLine
 10
36.74536452632946
 20
32.05210373820118
 30
0.0
 11
36.74536452632946
 21
42.95210373820118
 31
0.0
  0
LINE
  5
553
330
1F
100
AcDbEntity
  8
0
100
AcDbLine
 10
23.74536452632946
 20
38.85210373820118
 30
0.0
 11
24.04536452632946
 21
38.85210373820117
 31
0.0
  0
LINE
  5
554
330
1F
100
AcDbEntity
  8
0
100
AcDbLine
 10
23.74536452632946
 20
39.05210373820118
 30
0.0
 11
24.04536452632946
 21
39.05210373820118
 31
0.0
  0
LINE
  5
555
330
1F
100
AcDbEntity
  8
0
100
AcDbLine
 10
23.74536452632946
 20
36.45210373820118
 30
0.0
 11
23.74536452632946
 21
36.65210373820118
 31
0.0
  0
LINE
  5
556
330
1F
100
AcDbEntity
  8
0
100
AcDbLine
 10
23.74536452632946
 20
37.15210373820119
 30
0.0
 11
23.74536452632946
 21
39.05210373820118
 31
0.0
  0
LINE
  5
557
330
1F
100
AcDbEntity
  8
0
100
AcDbLine
 10
24.04536452632946
 20
36.45210373820118
 30
0.0
 11
24.04536452632946
 21
36.65210373820118
 31
0.0
  0
LINE
  5
558
330
1F
100
AcDbEntity
  8
0
100
AcDbLine
 10
24.04536452632946
 20
37.15210373820119
 30
0.0
 11
24.04536452632946
 21
39.05210373820118
 31
0.0
  0
LINE
  5
559
330
1F
100
AcDbEntity
  8
0
100
AcDbLine
 10
24.04536452632946
 20
36.45210373820118
 30
0.0
 11
23.74536452632946
 21
36.45210373820118
 31
0.0
  0
LINE
  5
55A
330
1F
100
AcDbEntity
  8
0
100
AcDbLine
 10
23.74536452632946
 20
38.85210373820118
 30
0.0
 11
22.24536452632946
 21
38.85210373820118
 31
0.0
  0
LINE
  5
55B
330
1F
100
AcDbEntity
  8
0
100
AcDbLine
 10
23.74536452632946
 20
38.35210373820118
 30
0.0
 11
22.24536452632946
 21
38.35210373820118
 31
0.0
  0
LINE
  5
55C
330
1F
100
AcDbEntity
  8
0
100
AcDbLine
 10
23.74536452632946
 20
38.20210373820118
 30
0.0
 11
22.24536452632946
 21
38.20210373820118
 31
0.0
  0
LINE
  5
55D
330
1F
100
AcDbEntity
  8
0
100
AcDbLine
 10
23.74536452632946
 20
38.05210373820118
 30
0.0
 11
22.24536452632946
 21
38.05210373820118
 31
0.0
  0
LINE
  5
55E
330
1F
100
AcDbEntity
  8
0
100
AcDbLine
 10
23.74536452632946
 20
37.90210373820118
 30
0.0
 11
22.24536452632946
 21
37.90210373820118
 31
0.0
  0
LINE
  5
55F
330
1F
100
AcDbEntity
  8
0
100
AcDbLine
 10
23.74536452632946
 20
37.75210373820119
 30
0.0
 11
22.24536452632946
 21
37.75210373820119
 31
0.0
  0
LINE
  5
560
330
1F
100
AcDbEntity
  8
0
100
AcDbLine
 10
23.74536452632946
 20
37.60210373820119
 30
0.0
 11
22.24536452632946
 21
37.60210373820119
 31
0.0
  0
LINE
  5
561
330
1F
100
AcDbEntity
  8
0
100
AcDbLine
 10
23.74536452632946
 20
37.45210373820119
 30
0.0
 11
22.24536452632946
 21
37.45210373820119
 31
0.0
  0
LINE
  5
562
330
1F
100
AcDbEntity
  8
0
100
AcDbLine
 10
23.74536452632946
 20
37.30210373820119
 30
0.0
 11
22.24536452632946
 21
37.30210373820119
 31
0.0
  0
LINE
  5
563
330
1F
100
AcDbEntity
  8
0
100
AcDbLine
 10
23.74536452632946
 20
37.15210373820119
 30
0.0
 11
22.24536452632946
 21
37.15210373820119
 31
0.0
  0
LINE
  5
564
330
1F
100
AcDbEntity
  8
0
100
AcDbLine
 10
22.99536452632946
 20
37.00210373820119
 30
0.0
 11
22.24536452632946
 21
37.00210373820119
 31
0.0
  0
LINE
  5
565
330
1F
100
AcDbEntity
  8
0
100
AcDbLine
 10
22.99536452632946
 20
36.85210373820119
 30
0.0
 11
22.24536452632946
 21
36.8521037382012
 31
0.0
  0
LINE
  5
566
330
1F
100
AcDbEntity
  8
0
100
AcDbLine
 10
22.99536452632946
 20
36.7021037382012
 30
0.0
 11
22.04536452632946
 21
36.7021037382012
 31
0.0
  0
LINE
  5
567
330
1F
100
AcDbEntity
  8
0
100
AcDbLine
 10
23.74536452632946
 20
39.05210373820118
 30
0.0
 11
22.04536452632946
 21
39.05210373820118
 31
0.0
  0
LINE
  5
568
330
1F
100
AcDbEntity
  8
0
100
AcDbLine
 10
22.04536452632946
 20
39.05210373820118
 30
0.0
 11
22.04536452632945
 21
36.70210373820121
 31
0.0
  0
LINE
  5
569
330
1F
100
AcDbEntity
  8
0
100
AcDbLine
 10
22.24536452632946
 20
38.85210373820118
 30
0.0
 11
22.24536452632946
 21
36.7021037382012
 31
0.0
  0
LINE
  5
56A
330
1F
100
AcDbEntity
  8
0
 62
     1
100
AcDbLine
 10
23.74536452632946
 20
38.85210373820118
 30
0.0
 11
24.04536452632946
 21
38.85210373820118
 31
0.0
  0
LINE
  5
56B
330
1F
100
AcDbEntity
  8
0
 62
     1
100
AcDbLine
 10
24.04536452632946
 20
38.85210373820118
 30
0.0
 11
24.04536452632946
 21
39.05210373820118
 31
0.0
  0
LINE
  5
56C
330
1F
100
AcDbEntity
  8
0
 62
     1
100
AcDbLine
 10
24.04536452632946
 20
39.05210373820118
 30
0.0
 11
23.74536452632946
 21
39.05210373820118
 31
0.0
  0
LINE
  5
56D
330
1F
100
AcDbEntity
  8
0
 62
     1
100
AcDbLine
 10
23.74536452632946
 20
39.05210373820118
 30
0.0
 11
23.74536452632946
 21
38.85210373820118
 31
0.0
  0
LINE
  5
56E
330
1F
100
AcDbEntity
  8
0
100
AcDbLine
 10
23.74536452632946
 20
38.85210373820118
 30
0.0
 11
23.74536452632946
 21
38.85210373820118
 31
0.0
  0
LINE
  5
56F
330
1F
100
AcDbEntity
  8
0
100
AcDbLine
 10
22.99536452632946
 20
38.35210373820118
 30
0.0
 11
22.99536452632946
 21
36.7021037382012
 31
0.0
  0
LINE
  5
570
330
1F
100
AcDbEntity
  8
0
100
AcDbLine
 10
23.74536452632946
 20
38.35210373820118
 30
0.0
 11
23.74536452632946
 21
37.15210373820119
 31
0.0
  0
LWPOLYLINE
  5
571
330
1F
100
AcDbEntity
  8
0
 62
     1
100
AcDbPolyline
 90
        4
 70
     1
 43
0.0
 10
23.74536452632946
 20
36.45210373820118
 10
24.04536452632946
 20
36.45210373820118
 10
24.04536452632946
 20
36.65210373820118
 10
23.74536452632946
 20
36.65210373820118
  0
LINE
  5
572
330
1F
100
AcDbEntity
  8
0
100
AcDbLine
 10
23.74536452632946
 20
37.15210373820119
 30
0.0
 11
24.04536452632946
 21
37.15210373820119
 31
0.0
  0
LINE
  5
573
330
1F
100
AcDbEntity
  8
0
100
AcDbLine
 10
23.74536452632946
 20
36.65210373820118
 30
0.0
 11
22.99536452632946
 21
36.65210373820118
 31
0.0
  0
LINE
  5
574
330
1F
100
AcDbEntity
  8
0
100
AcDbLine
 10
22.99536452632946
 20
36.7021037382012
 30
0.0
 11
22.99536452632946
 21
36.65210373820118
 31
0.0
  0
LINE
  5
575
330
1F
100
AcDbEntity
  8
0
100
AcDbLine
 10
24.04536452632946
 20
37.15210373820119
 30
0.0
 11
24.04536452632946
 21
39.95210373820119
 31
0.0
  0
LINE
  5
576
330
1F
100
AcDbEntity
  8
0
100
AcDbLine
 10
23.74536452632946
 20
37.15210373820119
 30
0.0
 11
23.74536452632946
 21
42.95210373820117
 31
0.0
  0
LINE
  5
578
330
1F
100
AcDbEntity
  8
0
100
AcDbLine
 10
7.565955026429264
 20
29.65210373820119
 30
0.0
 11
7.565955026429264
 21
28.90210373820119
 31
0.0
  0
LINE
  5
579
330
1F
100
AcDbEntity
  8
0
100
AcDbLine
 10
6.565955026429264
 20
29.65210373820119
 30
0.0
 11
6.565955026429264
 21
28.90210373820119
 31
0.0
  0
LINE
  5
57A
330
1F
100
AcDbEntity
  8
0
100
AcDbLine
 10
6.565955026429264
 20
29.50210373820119
 30
0.0
 11
7.565955026429264
 21
29.50210373820119
 31
0.0
  0
LINE
  5
57B
330
1F
100
AcDbEntity
  8
0
100
AcDbLine
 10
6.565955026429264
 20
29.35210373820119
 30
0.0
 11
7.565955026429264
 21
29.35210373820119
 31
0.0
  0
LINE
  5
57C
330
1F
100
AcDbEntity
  8
0
100
AcDbLine
 10
6.565955026429264
 20
29.20210373820119
 30
0.0
 11
7.565955026429264
 21
29.20210373820119
 31
0.0
  0
LINE
  5
57D
330
1F
100
AcDbEntity
  8
0
100
AcDbLine
 10
6.565955026429264
 20
29.05210373820119
 30
0.0
 11
7.565955026429264
 21
29.05210373820119
 31
0.0
  0
LINE
  5
57E
330
1F
100
AcDbEntity
  8
0
100
AcDbLine
 10
6.565955026429264
 20
28.90210373820119
 30
0.0
 11
7.565955026429264
 21
28.90210373820119
 31
0.0
  0
LINE
  5
57F
330
1F
100
AcDbEntity
  8
0
100
AcDbLine
 10
14.56595502642927
 20
29.50210373820119
 30
0.0
 11
15.56595502642927
 21
29.50210373820119
 31
0.0
  0
LINE
  5
580
330
1F
100
AcDbEntity
  8
0
100
AcDbLine
 10
14.56595502642927
 20
29.35210373820119
 30
0.0
 11
15.56595502642927
 21
29.35210373820119
 31
0.0
  0
LINE
  5
581
330
1F
100
AcDbEntity
  8
0
100
AcDbLine
 10
14.56595502642927
 20
29.20210373820119
 30
0.0
 11
15.56595502642927
 21
29.20210373820119
 31
0.0
  0
LINE
  5
582
330
1F
100
AcDbEntity
  8
0
100
AcDbLine
 10
14.56595502642927
 20
29.05210373820119
 30
0.0
 11
15.56595502642927
 21
29.05210373820119
 31
0.0
  0
LINE
  5
583
330
1F
100
AcDbEntity
  8
0
100
AcDbLine
 10
14.56595502642927
 20
28.90210373820119
 30
0.0
 11
15.56595502642927
 21
28.90210373820119
 31
0.0
  0
LINE
  5
584
330
1F
100
AcDbEntity
  8
0
100
AcDbLine
 10
15.56595502642927
 20
29.65210373820119
 30
0.0
 11
15.56595502642927
 21
28.90210373820119
 31
0.0
  0
LINE
  5
585
330
1F
100
AcDbEntity
  8
0
100
AcDbLine
 10
14.56595502642927
 20
29.65210373820119
 30
0.0
 11
14.56595502642927
 21
28.90210373820119
 31
0.0
  0
LWPOLYLINE
  5
586
330
1F
100
AcDbEntity
  8
0
 62
     1
100
AcDbPolyline
 90
        4
 70
     1
 43
0.0
 10
4.565955026429264
 20
29.85210373820118
 10
4.865955026429265
 20
29.85210373820118
 10
4.865955026429265
 20
29.65210373820119
 10
4.565955026429264
 20
29.65210373820119
  0
LINE
  5
588
330
1F
100
AcDbEntity
  8
0
100
AcDbLine
 10
17.26595502642926
 20
31.65210373820118
 30
0.0
 11
17.56595502642926
 21
31.65210373820118
 31
0.0
  0
LINE
  5
58A
330
1F
100
AcDbEntity
  8
0
100
AcDbLine
 10
17.56595502642926
 20
31.15210373820118
 30
0.0
 11
17.26595502642926
 21
31.15210373820118
 31
0.0
  0
LINE
  5
58C
330
1F
100
AcDbEntity
  8
0
100
AcDbLine
 10
17.44095502642926
 20
31.65210373820118
 30
0.0
 11
17.44095502642926
 21
31.15210373820117
 31
0.0
  0
LINE
  5
58D
330
1F
100
AcDbEntity
  8
0
100
AcDbLine
 10
17.39095502642926
 20
31.65210373820118
 30
0.0
 11
17.39095502642926
 21
31.15210373820117
 31
0.0
  0
LINE
  5
58E
330
1F
100
AcDbEntity
  8
0
100
AcDbLine
 10
4.565955026429264
 20
31.65210373820118
 30
0.0
 11
4.865955026429265
 21
31.65210373820118
 31
0.0
  0
LINE
  5
58F
330
1F
100
AcDbEntity
  8
0
100
AcDbLine
 10
4.865955026429265
 20
31.15210373820117
 30
0.0
 11
4.565955026429264
 21
31.15210373820117
 31
0.0
  0
LINE
  5
590
330
1F
100
AcDbEntity
  8
0
100
AcDbLine
 10
4.740955026429261
 20
31.65210373820118
 30
0.0
 11
4.740955026429261
 21
31.15210373820117
 31
0.0
  0
LINE
  5
591
330
1F
100
AcDbEntity
  8
0
100
AcDbLine
 10
4.690955026429261
 20
31.65210373820118
 30
0.0
 11
4.690955026429261
 21
31.15210373820117
 31
0.0
  0
LINE
  5
593
330
1F
100
AcDbEntity
  8
0
100
AcDbLine
 10
23.74536452632946
 20
29.85210373820118
 30
0.0
 11
24.04536452632946
 21
29.85210373820118
 31
0.0
  0
LINE
  5
595
330
1F
100
AcDbEntity
  8
0
100
AcDbLine
 10
24.04536452632946
 20
30.85210373820118
 30
0.0
 11
23.74536452632946
 21
30.85210373820118
 31
0.0
  0
LINE
  5
596
330
1F
100
AcDbEntity
  8
0
100
AcDbLine
 10
23.92036452632946
 20
30.85210373820118
 30
0.0
 11
23.92036452632946
 21
29.85210373820118
 31
0.0
  0
LINE
  5
597
330
1F
100
AcDbEntity
  8
0
100
AcDbLine
 10
23.87036452632946
 20
30.85210373820118
 30
0.0
 11
23.87036452632946
 21
29.85210373820118
 31
0.0
  0
LINE
  5
598
330
1F
100
AcDbEntity
  8
0
100
AcDbLine
 10
36.44536452632946
 20
29.85210373820119
 30
0.0
 11
36.74536452632946
 21
29.85210373820119
 31
0.0
  0
LINE
  5
599
330
1F
100
AcDbEntity
  8
0
100
AcDbLine
 10
36.74536452632946
 20
30.85210373820119
 30
0.0
 11
36.44536452632946
 21
30.85210373820119
 31
0.0
  0
LINE
  5
59A
330
1F
100
AcDbEntity
  8
0
100
AcDbLine
 10
36.62036452632945
 20
30.85210373820119
 30
0.0
 11
36.62036452632945
 21
29.85210373820119
 31
0.0
  0
LINE
  5
59B
330
1F
100
AcDbEntity
  8
0
100
AcDbLine
 10
36.57036452632946
 20
30.85210373820119
 30
0.0
 11
36.57036452632946
 21
29.85210373820119
 31
0.0
  0
LINE
  5
59D
330
1F
100
AcDbEntity
  8
0
100
AcDbLine
 10
36.74536452632947
 20
37.45210373820118
 30
0.0
 11
33.94536452632946
 21
37.45210373820118
 31
0.0
  0
LINE
  5
59E
330
1F
100
AcDbEntity
  8
0
100
AcDbLine
 10
33.94536452632946
 20
37.45210373820118
 30
0.0
 11
33.94536452632946
 21
33.45210373820118
 31
0.0
  0
LINE
  5
59F
330
1F
100
AcDbEntity
  8
0
100
AcDbLine
 10
33.94536452632946
 20
33.45210373820118
 30
0.0
 11
36.74536452632947
 21
33.45210373820118
 31
0.0
  0
LINE
  5
5A1
330
1F
100
AcDbEntity
  8
0
100
AcDbLine
 10
33.94536452632946
 20
35.95210373820118
 30
0.0
 11
33.49847338058824
 21
35.95210373820118
 31
0.0
  0
LINE
  5
5A2
330
1F
100
AcDbEntity
  8
0
100
AcDbLine
 10
33.94536452632946
 20
34.95210373820118
 30
0.0
 11
33.49847338058824
 21
34.95210373820118
 31
0.0
  0
LINE
  5
5A4
330
1F
100
AcDbEntity
  8
0
100
AcDbLine
 10
33.79536452632946
 20
34.95210373820118
 30
0.0
 11
33.79536452632946
 21
35.95210373820118
 31
0.0
  0
LINE
  5
5A6
330
1F
100
AcDbEntity
  8
0
100
AcDbLine
 10
33.64882360405055
 20
35.95210373820118
 30
0.0
 11
33.64882360405055
 21
34.95210373820118
 31
0.0
  0
LINE
  5
5A8
330
1F
100
AcDbEntity
  8
0
100
AcDbLine
 10
33.49847338058824
 20
34.95210373820118
 30
0.0
 11
33.49847338058824
 21
35.95210373820118
 31
0.0
  0
LINE
  5
5A9
330
1F
100
AcDbEntity
  8
0
100
AcDbLine
 10
36.44536452632946
 20
33.45210373820119
 30
0.0
 11
36.74536452632946
 21
33.45210373820118
 31
0.0
  0
LINE
  5
5AA
330
1F
100
AcDbEntity
  8
0
100
AcDbLine
 10
36.74536452632946
 20
32.95210373820118
 30
0.0
 11
36.44536452632946
 21
32.95210373820118
 31
0.0
  0
LINE
  5
5AB
330
1F
100
AcDbEntity
  8
0
100
AcDbLine
 10
36.62036452632945
 20
33.45210373820118
 30
0.0
 11
36.62036452632945
 21
32.95210373820117
 31
0.0
  0
LINE
  5
5AC
330
1F
100
AcDbEntity
  8
0
100
AcDbLine
 10
36.57036452632946
 20
33.45210373820118
 30
0.0
 11
36.57036452632946
 21
32.95210373820117
 31
0.0
  0
LINE
  5
5B1
330
1F
100
AcDbEntity
  8
0
100
AcDbLine
 10
36.44536452632946
 20
37.95210373820119
 30
0.0
 11
36.74536452632946
 21
37.95210373820118
 31
0.0
  0
LINE
  5
5B2
330
1F
100
AcDbEntity
  8
0
100
AcDbLine
 10
36.74536452632946
 20
37.45210373820118
 30
0.0
 11
36.44536452632946
 21
37.45210373820118
 31
0.0
  0
LINE
  5
5B3
330
1F
100
AcDbEntity
  8
0
100
AcDbLine
 10
36.62036452632945
 20
37.95210373820118
 30
0.0
 11
36.62036452632945
 21
37.45210373820118
 31
0.0
  0
LINE
  5
5B4
330
1F
100
AcDbEntity
  8
0
100
AcDbLine
 10
36.57036452632946
 20
37.95210373820118
 30
0.0
 11
36.57036452632946
 21
37.45210373820118
 31
0.0
  0
LWPOLYLINE
  5
5B5
330
1F
100
AcDbEntity
  8
0
 62
     1
100
AcDbPolyline
 90
        4
 70
     1
 43
0.0
 10
36.44536452632946
 20
39.05210373820118
 10
36.74536452632946
 20
39.05210373820118
 10
36.74536452632946
 20
38.85210373820118
 10
36.44536452632946
 20
38.85210373820118
  0
LWPOLYLINE
  5
5B6
330
1F
100
AcDbEntity
  8
0
 62
     1
100
AcDbPolyline
 90
        4
 70
     1
 43
0.0
 10
36.44536452632946
 20
32.05210373820118
 10
36.74536452632946
 20
32.05210373820118
 10
36.74536452632946
 20
31.85210373820118
 10
36.44536452632946
 20
31.85210373820118
  0
LWPOLYLINE
  5
5B7
330
1F
100
AcDbEntity
  8
0
 62
     1
100
AcDbPolyline
 90
        4
 70
     1
 43
0.0
 10
23.74536452632946
 20
32.05210373820118
 10
24.04536452632946
 20
32.05210373820118
 10
24.04536452632946
 20
31.85210373820118
 10
23.74536452632946
 20
31.85210373820118
  0
LWPOLYLINE
  5
5B9
330
1F
100
AcDbEntity
  8
0
 62
     1
100
AcDbPolyline
 90
        4
 70
     1
 43
0.0
 10
23.74536452632945
 20
23.35210373820118
 10
24.04536452632946
 20
23.35210373820118
 10
24.04536452632946
 20
23.15210373820118
 10
23.74536452632945
 20
23.15210373820118
  0
LWPOLYLINE
  5
5BA
330
1F
100
AcDbEntity
  8
0
 62
     1
100
AcDbPolyline
 90
        4
 70
     1
 43
0.0
 10
36.44536452632946
 20
23.35210373820118
 10
36.74536452632946
 20
23.35210373820118
 10
36.74536452632946
 20
23.15210373820117
 10
36.44536452632946
 20
23.15210373820117
  0
LWPOLYLINE
  5
5BB
330
1F
100
AcDbEntity
  8
0
 62
     1
100
AcDbPolyline
 90
        4
 70
     1
 43
0.0
 10
23.74536452632945
 20
21.55210373820118
 10
24.04536452632946
 20
21.55210373820118
 10
24.04536452632946
 20
21.35210373820118
 10
23.74536452632945
 20
21.35210373820118
  0
LWPOLYLINE
  5
5BC
330
1F
100
AcDbEntity
  8
0
 62
     1
100
AcDbPolyline
 90
        4
 70
     1
 43
0.0
 10
36.44536452632946
 20
21.55210373820116
 10
36.74536452632946
 20
21.55210373820116
 10
36.74536452632946
 20
21.35210373820116
 10
36.44536452632946
 20
21.35210373820116
  0
LWPOLYLINE
  5
5BD
330
1F
100
AcDbEntity
  8
0
 62
     1
100
AcDbPolyline
 90
        4
 70
     1
 43
0.0
 10
36.44536452632946
 20
19.85210373820116
 10
36.74536452632946
 20
19.85210373820116
 10
36.74536452632946
 20
19.65210373820116
 10
36.44536452632946
 20
19.65210373820116
  0
LWPOLYLINE
  5
5BE
330
1F
100
AcDbEntity
  8
0
 62
     1
100
AcDbPolyline
 90
        4
 70
     1
 43
0.0
 10
23.74536452632946
 20
19.85210373820117
 10
24.04536452632946
 20
19.85210373820117
 10
24.04536452632946
 20
19.65210373820118
 10
23.74536452632946
 20
19.65210373820118
  0
LWPOLYLINE
  5
5BF
330
1F
100
AcDbEntity
  8
0
 62
     1
100
AcDbPolyline
 90
        4
 70
     1
 43
0.0
 10
23.74536452632946
 20
16.85210373820117
 10
24.04536452632946
 20
16.85210373820117
 10
24.04536452632946
 20
16.55210373820118
 10
23.74536452632946
 20
16.55210373820118
  0
LWPOLYLINE
  5
5C0
330
1F
100
AcDbEntity
  8
0
 62
     1
100
AcDbPolyline
 90
        4
 70
     1
 43
0.0
 10
36.44536452632946
 20
16.85210373820118
 10
36.74536452632946
 20
16.85210373820118
 10
36.74536452632946
 20
16.55210373820118
 10
36.44536452632946
 20
16.55210373820118
  0
LWPOLYLINE
  5
5C1
330
1F
100
AcDbEntity
  8
0
 62
     1
100
AcDbPolyline
 90
        4
 70
     1
 43
0.0
 10
31.44536452632946
 20
16.85210373820118
 10
31.64370767307621
 20
16.85210373820118
 10
31.64370767307621
 20
16.55210373820118
 10
31.44536452632946
 20
16.55210373820118
  0
LINE
  5
5C2
330
1F
100
AcDbEntity
  8
0
100
AcDbLine
 10
29.04536452632946
 20
16.85210373820118
 30
0.0
 11
29.04536452632946
 21
16.55210373820118
 31
0.0
  0
LWPOLYLINE
  5
5C3
330
1F
100
AcDbEntity
  8
0
 62
     1
100
AcDbPolyline
 90
        4
 70
     1
 43
0.0
 10
29.04536452632946
 20
16.85210373820118
 10
28.8470213795827
 20
16.85210373820118
 10
28.8470213795827
 20
16.55210373820118
 10
29.04536452632946
 20
16.55210373820118
  0
LINE
  5
5C5
330
1F
100
AcDbEntity
  8
0
 62
     1
100
AcDbLine
 10
33.84536452632946
 20
16.85210373820118
 30
0.0
 11
33.84536452632946
 21
16.55210373820118
 31
0.0
  0
LINE
  5
5C6
330
1F
100
AcDbEntity
  8
0
 62
     1
100
AcDbLine
 10
33.84536452632946
 20
16.55210373820118
 30
0.0
 11
33.64536452632946
 21
16.55210373820118
 31
0.0
  0
LINE
  5
5C7
330
1F
100
AcDbEntity
  8
0
 62
     1
100
AcDbLine
 10
33.64536452632946
 20
16.55210373820118
 30
0.0
 11
33.64536452632946
 21
16.85210373820118
 31
0.0
  0
LINE
  5
5C8
330
1F
100
AcDbEntity
  8
0
 62
     1
100
AcDbLine
 10
33.64536452632946
 20
16.85210373820118
 30
0.0
 11
33.84536452632946
 21
16.85210373820118
 31
0.0
  0
LINE
  5
5C9
330
1F
100
AcDbEntity
  8
0
 62
     1
100
AcDbLine
 10
26.64536452632946
 20
16.85210373820118
 30
0.0
 11
26.64536452632946
 21
16.55210373820118
 31
0.0
  0
LINE
  5
5CA
330
1F
100
AcDbEntity
  8
0
 62
     1
100
AcDbLine
 10
26.64536452632946
 20
16.55210373820118
 30
0.0
 11
26.84536452632946
 21
16.55210373820118
 31
0.0
  0
LINE
  5
5CB
330
1F
100
AcDbEntity
  8
0
 62
     1
100
AcDbLine
 10
26.84536452632946
 20
16.55210373820118
 30
0.0
 11
26.84536452632946
 21
16.85210373820118
 31
0.0
  0
LINE
  5
5CC
330
1F
100
AcDbEntity
  8
0
 62
     1
100
AcDbLine
 10
26.84536452632946
 20
16.85210373820118
 30
0.0
 11
26.64536452632946
 21
16.85210373820118
 31
0.0
  0
LINE
  5
5CE
330
1F
100
AcDbEntity
  8
0
100
AcDbLine
 10
24.04536452632946
 20
31.85210373820118
 30
0.0
 11
36.44536452632946
 21
21.55210373820116
 31
0.0
  0
LINE
  5
5CF
330
1F
100
AcDbEntity
  8
0
100
AcDbLine
 10
36.44536452632946
 20
31.85210373820118
 30
0.0
 11
24.04536452632946
 21
21.55210373820118
 31
0.0
  0
LINE
  5
5D0
330
1F
100
AcDbEntity
  8
0
100
AcDbLine
 10
23.74536452632946
 20
42.95210373820117
 30
0.0
 11
36.74536452632946
 21
42.95210373820117
 31
0.0
  0
LINE
  5
5D1
330
1F
100
AcDbEntity
  8
0
100
AcDbLine
 10
23.74536452632946
 20
42.65210373820118
 30
0.0
 11
24.79536452632946
 21
42.65210373820118
 31
0.0
  0
LINE
  5
5D2
330
1F
100
AcDbEntity
  8
0
100
AcDbLine
 10
24.04536452632946
 20
40.15210373820118
 30
0.0
 11
25.44536452632945
 21
40.15210373820118
 31
0.0
  0
LINE
  5
5D3
330
1F
100
AcDbEntity
  8
0
100
AcDbLine
 10
24.04536452632946
 20
39.95210373820118
 30
0.0
 11
25.44536452632945
 21
39.95210373820118
 31
0.0
  0
LINE
  5
5E0
330
1F
100
AcDbEntity
  8
0
100
AcDbLine
 10
24.54536452632946
 20
39.05210373820118
 30
0.0
 11
24.54536452632946
 21
38.85210373820118
 31
0.0
  0
LINE
  5
5E1
330
1F
100
AcDbEntity
  8
0
100
AcDbLine
 10
24.54536452632946
 20
39.05210373820118
 30
0.0
 11
35.94536452632946
 21
39.05210373820118
 31
0.0
  0
LINE
  5
5E2
330
1F
100
AcDbEntity
  8
0
100
AcDbLine
 10
24.54536452632945
 20
38.85210373820119
 30
0.0
 11
35.94536452632947
 21
38.85210373820119
 31
0.0
  0
LINE
  5
5E4
330
1F
100
AcDbEntity
  8
0
100
AcDbLine
 10
35.94536452632946
 20
39.05210373820118
 30
0.0
 11
35.94536452632946
 21
38.85210373820118
 31
0.0
  0
LINE
  5
5E5
330
1F
100
AcDbEntity
  8
0
100
AcDbLine
 10
36.44536452632947
 20
39.05210373820118
 30
0.0
 11
36.74536452632946
 21
39.05210373820118
 31
0.0
  0
LINE
  5
5E6
330
1F
100
AcDbEntity
  8
0
100
AcDbLine
 10
36.44536452632946
 20
38.85210373820118
 30
0.0
 11
36.74536452632946
 21
38.85210373820118
 31
0.0
  0
LINE
  5
5E8
330
1F
100
AcDbEntity
  8
0
100
AcDbLine
 10
25.94536452632946
 20
42.65210373820118
 30
0.0
 11
25.94536452632945
 21
39.95210373820118
 31
0.0
  0
LINE
  5
5E9
330
1F
100
AcDbEntity
  8
0
100
AcDbLine
 10
26.14536452632946
 20
42.65210373820118
 30
0.0
 11
26.14536452632946
 21
39.95210373820118
 31
0.0
  0
LINE
  5
5EA
330
1F
100
AcDbEntity
  8
0
100
AcDbLine
 10
28.04536452632946
 20
42.65210373820118
 30
0.0
 11
28.04536452632946
 21
40.15210373820118
 31
0.0
  0
LINE
  5
5EB
330
1F
100
AcDbEntity
  8
0
100
AcDbLine
 10
28.24536452632946
 20
42.65210373820118
 30
0.0
 11
28.24536452632946
 21
40.15210373820118
 31
0.0
  0
LINE
  5
5EC
330
1F
100
AcDbEntity
  8
0
100
AcDbLine
 10
30.14536452632946
 20
42.65210373820118
 30
0.0
 11
30.14536452632946
 21
39.95210373820118
 31
0.0
  0
LINE
  5
5ED
330
1F
100
AcDbEntity
  8
0
100
AcDbLine
 10
30.34536452632947
 20
42.65210373820118
 30
0.0
 11
30.34536452632947
 21
39.95210373820118
 31
0.0
  0
LINE
  5
5EE
330
1F
100
AcDbEntity
  8
0
100
AcDbLine
 10
32.24536452632947
 20
42.65210373820118
 30
0.0
 11
32.24536452632947
 21
40.15210373820118
 31
0.0
  0
LINE
  5
5EF
330
1F
100
AcDbEntity
  8
0
100
AcDbLine
 10
32.44536452632947
 20
42.65210373820118
 30
0.0
 11
32.44536452632947
 21
40.15210373820118
 31
0.0
  0
LINE
  5
5F0
330
1F
100
AcDbEntity
  8
0
100
AcDbLine
 10
34.34536452632946
 20
42.65210373820118
 30
0.0
 11
34.34536452632946
 21
39.95210373820118
 31
0.0
  0
LINE
  5
5F1
330
1F
100
AcDbEntity
  8
0
100
AcDbLine
 10
34.54536452632947
 20
42.65210373820118
 30
0.0
 11
34.54536452632947
 21
39.95210373820118
 31
0.0
  0
LINE
  5
5F4
330
1F
100
AcDbEntity
  8
0
100
AcDbLine
 10
25.44536452632945
 20
40.15210373820118
 30
0.0
 11
25.44536452632945
 21
39.95210373820118
 31
0.0
  0
LINE
  5
5F6
330
1F
100
AcDbEntity
  8
0
100
AcDbLine
 10
25.94536452632945
 20
39.95210373820118
 30
0.0
 11
26.14536452632946
 21
39.95210373820118
 31
0.0
  0
LINE
  5
5F8
330
1F
100
AcDbEntity
  8
0
100
AcDbLine
 10
26.64536452632946
 20
40.15210373820118
 30
0.0
 11
26.64536452632946
 21
39.95210373820118
 31
0.0
  0
LINE
  5
5F9
330
1F
100
AcDbEntity
  8
0
100
AcDbLine
 10
26.64536452632946
 20
40.15210373820118
 30
0.0
 11
28.04536452632946
 21
40.15210373820117
 31
0.0
  0
LINE
  5
5FA
330
1F
100
AcDbEntity
  8
0
100
AcDbLine
 10
26.64536452632947
 20
39.95210373820118
 30
0.0
 11
29.64536452632946
 21
39.95210373820119
 31
0.0
  0
LINE
  5
5FB
330
1F
100
AcDbEntity
  8
0
100
AcDbLine
 10
28.24536452632946
 20
40.15210373820118
 30
0.0
 11
29.64536452632946
 21
40.15210373820118
 31
0.0
  0
LINE
  5
5FC
330
1F
100
AcDbEntity
  8
0
100
AcDbLine
 10
30.84536452632947
 20
40.15210373820118
 30
0.0
 11
32.24536452632947
 21
40.15210373820118
 31
0.0
  0
LINE
  5
5FD
330
1F
100
AcDbEntity
  8
0
100
AcDbLine
 10
32.44536452632947
 20
40.15210373820118
 30
0.0
 11
33.84536452632946
 21
40.15210373820118
 31
0.0
  0
LINE
  5
5FE
330
1F
100
AcDbEntity
  8
0
100
AcDbLine
 10
35.04536452632946
 20
40.15210373820118
 30
0.0
 11
36.44536452632947
 21
40.15210373820119
 31
0.0
  0
LINE
  5
5FF
330
1F
100
AcDbEntity
  8
0
100
AcDbLine
 10
24.04536452632946
 20
40.15210373820118
 30
0.0
 11
24.04536452632946
 21
42.96307085504619
 31
0.0
  0
LINE
  5
600
330
1F
100
AcDbEntity
  8
0
100
AcDbLine
 10
26.14536452632945
 20
42.65210373820118
 30
0.0
 11
27.09536452632947
 21
42.65210373820119
 31
0.0
  0
LINE
  5
601
330
1F
100
AcDbEntity
  8
0
100
AcDbLine
 10
28.24536452632946
 20
42.65210373820118
 30
0.0
 11
28.99536452632946
 21
42.65210373820118
 31
0.0
  0
LINE
  5
602
330
1F
100
AcDbEntity
  8
0
100
AcDbLine
 10
30.34536452632946
 20
42.65210373820118
 30
0.0
 11
31.29536452632947
 21
42.65210373820119
 31
0.0
  0
LINE
  5
603
330
1F
100
AcDbEntity
  8
0
100
AcDbLine
 10
32.44536452632947
 20
42.65210373820118
 30
0.0
 11
33.19536452632946
 21
42.65210373820118
 31
0.0
  0
LINE
  5
604
330
1F
100
AcDbEntity
  8
0
100
AcDbLine
 10
34.54536452632947
 20
42.65210373820118
 30
0.0
 11
35.49536452632947
 21
42.65210373820118
 31
0.0
  0
LINE
  5
605
330
1F
100
AcDbEntity
  8
0
100
AcDbLine
 10
36.44536452632946
 20
40.15210373820118
 30
0.0
 11
36.44536452632946
 21
42.95210373820117
 31
0.0
  0
LINE
  5
606
330
1F
100
AcDbEntity
  8
0
100
AcDbLine
 10
36.44536452632947
 20
39.95210373820118
 30
0.0
 11
36.44536452632946
 21
37.02233893823043
 31
0.0
  0
LINE
  5
608
330
1F
100
AcDbEntity
  8
0
100
AcDbLine
 10
29.64536452632946
 20
40.15210373820118
 30
0.0
 11
29.64536452632946
 21
39.95210373820118
 31
0.0
  0
LINE
  5
609
330
1F
100
AcDbEntity
  8
0
100
AcDbLine
 10
30.34536452632947
 20
40.15210373820118
 30
0.0
 11
30.34536452632947
 21
40.15210373820118
 31
0.0
  0
LINE
  5
60B
330
1F
100
AcDbEntity
  8
0
100
AcDbLine
 10
30.84536452632947
 20
40.1521037382012
 30
0.0
 11
30.84536452632947
 21
39.95210373820118
 31
0.0
  0
LINE
  5
60C
330
1F
100
AcDbEntity
  8
0
100
AcDbLine
 10
30.84536452632947
 20
39.95210373820119
 30
0.0
 11
33.84536452632946
 21
39.95210373820118
 31
0.0
  0
LINE
  5
60D
330
1F
100
AcDbEntity
  8
0
100
AcDbLine
 10
30.14536452632946
 20
39.9521037382012
 30
0.0
 11
30.34536452632947
 21
39.95210373820119
 31
0.0
  0
LINE
  5
60F
330
1F
100
AcDbEntity
  8
0
100
AcDbLine
 10
33.84536452632946
 20
40.15210373820118
 30
0.0
 11
33.84536452632946
 21
39.95210373820118
 31
0.0
  0
LINE
  5
611
330
1F
100
AcDbEntity
  8
0
100
AcDbLine
 10
35.04536452632946
 20
40.15210373820118
 30
0.0
 11
35.04536452632946
 21
39.95210373820118
 31
0.0
  0
LINE
  5
612
330
1F
100
AcDbEntity
  8
0
100
AcDbLine
 10
35.04536452632946
 20
39.95210373820118
 30
0.0
 11
36.44536452632947
 21
39.95210373820118
 31
0.0
  0
LINE
  5
613
330
1F
100
AcDbEntity
  8
0
100
AcDbLine
 10
34.34536452632946
 20
39.95210373820118
 30
0.0
 11
34.54536452632947
 21
39.95210373820118
 31
0.0
  0
LINE
  5
614
330
1F
100
AcDbEntity
  8
0
100
AcDbLine
 10
24.04536452632946
 20
39.05210373820118
 30
0.0
 11
24.04536452632947
 21
39.25548744309373
 31
0.0
  0
LINE
  5
615
330
1F
100
AcDbEntity
  8
0
100
AcDbLine
 10
24.04536452632947
 20
39.25548744309373
 30
0.0
 11
23.74536452632946
 21
39.25548744309373
 31
0.0
  0
LINE
  5
616
330
1F
100
AcDbEntity
  8
0
100
AcDbLine
 10
23.74536452632947
 20
39.75548744309373
 30
0.0
 11
24.04536452632946
 21
39.75548744309373
 31
0.0
  0
LINE
  5
618
330
1F
100
AcDbEntity
  8
0
100
AcDbLine
 10
23.92036452632947
 20
39.75548744309373
 30
0.0
 11
23.92036452632947
 21
39.25548744309372
 31
0.0
  0
LINE
  5
619
330
1F
100
AcDbEntity
  8
0
100
AcDbLine
 10
23.87036452632946
 20
39.75548744309373
 30
0.0
 11
23.87036452632946
 21
39.25548744309372
 31
0.0
  0
LINE
  5
61A
330
1F
100
AcDbEntity
  8
0
100
AcDbLine
 10
36.74536452632946
 20
39.25548744309374
 30
0.0
 11
36.44536452632944
 21
39.25548744309374
 31
0.0
  0
LINE
  5
61B
330
1F
100
AcDbEntity
  8
0
100
AcDbLine
 10
36.44536452632946
 20
39.75548744309374
 30
0.0
 11
36.74536452632946
 21
39.75548744309373
 31
0.0
  0
LINE
  5
61C
330
1F
100
AcDbEntity
  8
0
100
AcDbLine
 10
36.62036452632945
 20
39.75548744309373
 30
0.0
 11
36.62036452632945
 21
39.25548744309373
 31
0.0
  0
LINE
  5
61D
330
1F
100
AcDbEntity
  8
0
100
AcDbLine
 10
36.57036452632944
 20
39.75548744309373
 30
0.0
 11
36.57036452632944
 21
39.25548744309373
 31
0.0
  0
LINE
  5
61F
330
1F
100
AcDbEntity
  8
0
100
AcDbLine
 10
24.79536452632946
 20
42.65210373820117
 30
0.0
 11
24.79536452632946
 21
41.65210373820118
 31
0.0
  0
LINE
  5
620
330
1F
100
AcDbEntity
  8
0
100
AcDbLine
 10
24.79536452632946
 20
41.65210373820118
 30
0.0
 11
24.44536452632946
 21
41.65210373820118
 31
0.0
  0
LINE
  5
621
330
1F
100
AcDbEntity
  8
0
100
AcDbLine
 10
24.99536452632946
 20
41.45210373820117
 30
0.0
 11
24.44536452632946
 21
41.45210373820117
 31
0.0
  0
LINE
  5
622
330
1F
100
AcDbEntity
  8
0
100
AcDbLine
 10
24.99536452632946
 20
42.65210373820117
 30
0.0
 11
24.99536452632946
 21
41.45210373820117
 31
0.0
  0
LINE
  5
62B
330
1F
100
AcDbEntity
  8
0
100
AcDbLine
 10
28.99536452632946
 20
42.65210373820117
 30
0.0
 11
28.99536452632946
 21
41.65210373820118
 31
0.0
  0
LINE
  5
62C
330
1F
100
AcDbEntity
  8
0
100
AcDbLine
 10
29.19536452632946
 20
42.65210373820117
 30
0.0
 11
29.19536452632946
 21
41.45210373820117
 31
0.0
  0
LINE
  5
62E
330
1F
100
AcDbEntity
  8
0
100
AcDbLine
 10
29.19536452632946
 20
41.45210373820117
 30
0.0
 11
28.64536452632947
 21
41.45210373820117
 31
0.0
  0
LINE
  5
62F
330
1F
100
AcDbEntity
  8
0
100
AcDbLine
 10
33.19536452632946
 20
42.65210373820117
 30
0.0
 11
33.19536452632946
 21
41.65210373820118
 31
0.0
  0
LINE
  5
630
330
1F
100
AcDbEntity
  8
0
100
AcDbLine
 10
33.39536452632946
 20
42.65210373820117
 30
0.0
 11
33.39536452632946
 21
41.45210373820117
 31
0.0
  0
LINE
  5
631
330
1F
100
AcDbEntity
  8
0
100
AcDbLine
 10
33.19536452632946
 20
41.65210373820118
 30
0.0
 11
32.84536452632946
 21
41.65210373820118
 31
0.0
  0
LINE
  5
632
330
1F
100
AcDbEntity
  8
0
100
AcDbLine
 10
33.39536452632946
 20
41.45210373820117
 30
0.0
 11
32.84536452632946
 21
41.45210373820117
 31
0.0
  0
LINE
  5
63F
330
1F
100
AcDbEntity
  8
0
100
AcDbLine
 10
27.29536452632946
 20
42.65210373820117
 30
0.0
 11
27.29536452632946
 21
41.65210373820118
 31
0.0
  0
LINE
  5
640
330
1F
100
AcDbEntity
  8
0
100
AcDbLine
 10
27.09536452632947
 20
42.65210373820117
 30
0.0
 11
27.09536452632947
 21
41.45210373820117
 31
0.0
  0
LINE
  5
641
330
1F
100
AcDbEntity
  8
0
100
AcDbLine
 10
27.29536452632946
 20
41.65210373820118
 30
0.0
 11
27.64536452632946
 21
41.65210373820118
 31
0.0
  0
LINE
  5
642
330
1F
100
AcDbEntity
  8
0
100
AcDbLine
 10
27.09536452632947
 20
41.45210373820117
 30
0.0
 11
27.64536452632946
 21
41.45210373820117
 31
0.0
  0
LINE
  5
643
330
1F
100
AcDbEntity
  8
0
100
AcDbLine
 10
28.99536452632946
 20
41.65210373820118
 30
0.0
 11
28.64536452632946
 21
41.65210373820118
 31
0.0
  0
LINE
  5
644
330
1F
100
AcDbEntity
  8
0
100
AcDbLine
 10
31.49536452632947
 20
42.65210373820117
 30
0.0
 11
31.49536452632947
 21
41.65210373820118
 31
0.0
  0
LINE
  5
645
330
1F
100
AcDbEntity
  8
0
100
AcDbLine
 10
31.29536452632947
 20
42.65210373820117
 30
0.0
 11
31.29536452632947
 21
41.45210373820117
 31
0.0
  0
LINE
  5
646
330
1F
100
AcDbEntity
  8
0
100
AcDbLine
 10
31.49536452632947
 20
41.65210373820118
 30
0.0
 11
31.84536452632947
 21
41.65210373820118
 31
0.0
  0
LINE
  5
647
330
1F
100
AcDbEntity
  8
0
100
AcDbLine
 10
31.29536452632947
 20
41.45210373820117
 30
0.0
 11
31.84536452632947
 21
41.45210373820117
 31
0.0
  0
LINE
  5
648
330
1F
100
AcDbEntity
  8
0
100
AcDbLine
 10
35.69536452632946
 20
42.65210373820117
 30
0.0
 11
35.69536452632946
 21
41.65210373820118
 31
0.0
  0
LINE
  5
649
330
1F
100
AcDbEntity
  8
0
100
AcDbLine
 10
35.49536452632947
 20
42.65210373820117
 30
0.0
 11
35.49536452632947
 21
41.45210373820117
 31
0.0
  0
LINE
  5
64A
330
1F
100
AcDbEntity
  8
0
100
AcDbLine
 10
35.69536452632946
 20
41.65210373820118
 30
0.0
 11
36.04536452632947
 21
41.65210373820118
 31
0.0
  0
LINE
  5
64B
330
1F
100
AcDbEntity
  8
0
100
AcDbLine
 10
35.49536452632947
 20
41.45210373820117
 30
0.0
 11
36.04536452632947
 21
41.45210373820117
 31
0.0
  0
LINE
  5
64D
330
1F
100
AcDbEntity
  8
0
100
AcDbLine
 10
24.44536452632946
 20
41.65210373820118
 30
0.0
 11
24.44536452632946
 21
41.45210373820117
 31
0.0
  0
LINE
  5
64F
330
1F
100
AcDbEntity
  8
0
100
AcDbLine
 10
27.64536452632946
 20
41.65210373820118
 30
0.0
 11
27.64536452632946
 21
41.45210373820117
 31
0.0
  0
LINE
  5
651
330
1F
100
AcDbEntity
  8
0
100
AcDbLine
 10
28.64536452632946
 20
41.65210373820118
 30
0.0
 11
28.64536452632946
 21
41.45210373820117
 31
0.0
  0
LINE
  5
653
330
1F
100
AcDbEntity
  8
0
100
AcDbLine
 10
31.84536452632947
 20
41.65210373820118
 30
0.0
 11
31.84536452632947
 21
41.45210373820117
 31
0.0
  0
LINE
  5
655
330
1F
100
AcDbEntity
  8
0
100
AcDbLine
 10
32.84536452632946
 20
41.65210373820118
 30
0.0
 11
32.84536452632946
 21
41.45210373820117
 31
0.0
  0
LINE
  5
657
330
1F
100
AcDbEntity
  8
0
100
AcDbLine
 10
36.04536452632947
 20
41.65210373820118
 30
0.0
 11
36.04536452632947
 21
41.45210373820117
 31
0.0
  0
LINE
  5
658
330
1F
100
AcDbEntity
  8
0
100
AcDbLine
 10
24.99536452632946
 20
42.65210373820118
 30
0.0
 11
25.94536452632946
 21
42.65210373820118
 31
0.0
  0
LINE
  5
659
330
1F
100
AcDbEntity
  8
0
100
AcDbLine
 10
27.29536452632946
 20
42.65210373820119
 30
0.0
 11
28.04536452632946
 21
42.65210373820118
 31
0.0
  0
LINE
  5
65A
330
1F
100
AcDbEntity
  8
0
100
AcDbLine
 10
29.19536452632945
 20
42.65210373820117
 30
0.0
 11
30.14536452632946
 21
42.65210373820118
 31
0.0
  0
LINE
  5
65B
330
1F
100
AcDbEntity
  8
0
100
AcDbLine
 10
31.49536452632947
 20
42.65210373820119
 30
0.0
 11
32.24536452632947
 21
42.65210373820118
 31
0.0
  0
LINE
  5
65C
330
1F
100
AcDbEntity
  8
0
100
AcDbLine
 10
33.39536452632946
 20
42.65210373820117
 30
0.0
 11
34.34536452632946
 21
42.65210373820118
 31
0.0
  0
LINE
  5
65D
330
1F
100
AcDbEntity
  8
0
100
AcDbLine
 10
35.69536452632946
 20
42.65210373820118
 30
0.0
 11
36.74536452632946
 21
42.65210373820118
 31
0.0
  0
LWPOLYLINE
  5
65E
330
1F
100
AcDbEntity
  8
0
 62
     1
100
AcDbPolyline
 90
        4
 70
     1
 43
0.0
 10
36.44536452632946
 20
42.95210373820117
 10
36.74536452632946
 20
42.95210373820117
 10
36.74536452632946
 20
42.65210373820118
 10
36.44536452632946
 20
42.65210373820118
  0
LWPOLYLINE
  5
65F
330
1F
100
AcDbEntity
  8
0
 62
     1
100
AcDbPolyline
 90
        4
 70
     1
 43
0.0
 10
23.74536452632946
 20
42.95210373820117
 10
24.04536452632946
 20
42.95210373820117
 10
24.04536452632946
 20
42.65210373820118
 10
23.74536452632946
 20
42.65210373820118
  0
LINE
  5
661
330
1F
100
AcDbEntity
  8
0
100
AcDbLine
 10
17.56595502642926
 20
49.99965520606581
 30
0.0
 11
17.56595502642926
 21
53.9496552060658
 31
0.0
  0
LINE
  5
663
330
1F
100
AcDbEntity
  8
0
100
AcDbLine
 10
4.565955026429266
 20
49.9996552060658
 30
0.0
 11
4.565955026429261
 21
53.9496552060658
 31
0.0
  0
LINE
  5
664
330
1F
100
AcDbEntity
  8
0
100
AcDbLine
 10
4.565955026429264
 20
49.9996552060658
 30
0.0
 11
17.56595502642926
 21
49.99965520606579
 31
0.0
  0
LINE
  5
665
102
{ACAD_REACTORS
330
C3B
330
D7D
330
ECF
330
11E6
102
}
330
1F
100
AcDbEntity
  8
0
100
AcDbLine
 10
40.15847025940899
 20
49.9996552060658
 30
0.0
 11
51.44536452632945
 21
49.99965520606581
 31
0.0
  0
LINE
  5
666
330
1F
100
AcDbEntity
  8
0
100
AcDbLine
 10
23.74536452632946
 20
49.99965520606579
 30
0.0
 11
23.74536452632946
 21
53.94965520606581
 31
0.0
  0
LINE
  5
667
102
{ACAD_REACTORS
330
CF1
330
D65
330
D7D
102
}
330
1F
100
AcDbEntity
  8
0
100
AcDbLine
 10
24.04536452632946
 20
49.99965520606579
 30
0.0
 11
24.04536452632946
 21
53.94965520606581
 31
0.0
  0
LINE
  5
668
102
{ACAD_REACTORS
330
C1A
330
CF1
330
D7D
330
E55
102
}
330
1F
100
AcDbEntity
  8
0
100
AcDbLine
 10
23.74536452632946
 20
49.99965520606579
 30
0.0
 11
40.15847025940899
 21
49.9996552060658
 31
0.0
  0
LINE
  5
669
330
1F
100
AcDbEntity
  8
0
100
AcDbLine
 10
4.565955026429264
 20
50.44965520606581
 30
0.0
 11
9.665955026429262
 21
50.4496552060658
 31
0.0
  0
LINE
  5
66A
102
{ACAD_REACTORS
330
1214
102
}
330
1F
100
AcDbEntity
  8
0
100
AcDbLine
 10
24.04536452632946
 20
50.4496552060658
 30
0.0
 11
39.04536452632945
 21
50.44965520606581
 31
0.0
  0
LINE
  5
66B
330
1F
100
AcDbEntity
  8
0
100
AcDbLine
 10
4.565955026429266
 20
52.19965520606581
 30
0.0
 11
17.56595502642926
 21
52.1996552060658
 31
0.0
  0
LINE
  5
66C
330
1F
100
AcDbEntity
  8
0
100
AcDbLine
 10
4.865955026429252
 20
53.94965520606581
 30
0.0
 11
17.2659550264292
 21
53.94965520606582
 31
0.0
  0
LINE
  5
66E
330
1F
100
AcDbEntity
  8
0
100
AcDbLine
 10
4.565955026429268
 20
53.84965520606581
 30
0.0
 11
17.56595502642926
 21
53.84965520606582
 31
0.0
  0
LINE
  5
670
330
1F
100
AcDbEntity
  8
0
100
AcDbLine
 10
23.74536452632947
 20
53.94965520606582
 30
0.0
 11
24.04536452632946
 21
53.94965520606581
 31
0.0
  0
LINE
  5
673
330
1F
100
AcDbEntity
  8
0
100
AcDbLine
 10
9.865955026429269
 20
51.49965520606581
 30
0.0
 11
9.865955026429265
 21
49.99965520606581
 31
0.0
  0
LINE
  5
674
330
1F
100
AcDbEntity
  8
0
100
AcDbLine
 10
12.26595502642926
 20
51.49965520606581
 30
0.0
 11
12.26595502642926
 21
49.99965520606581
 31
0.0
  0
LINE
  5
675
330
1F
100
AcDbEntity
  8
0
100
AcDbLine
 10
12.46595502642926
 20
51.49965520606581
 30
0.0
 11
12.46595502642926
 21
49.99965520606581
 31
0.0
  0
LINE
  5
676
330
1F
100
AcDbEntity
  8
0
100
AcDbLine
 10
9.665955026429266
 20
51.49965520606581
 30
0.0
 11
9.665955026429266
 21
49.99965520606581
 31
0.0
  0
LINE
  5
677
330
1F
100
AcDbEntity
  8
0
100
AcDbLine
 10
12.46595502642926
 20
50.44965520606581
 30
0.0
 11
17.56595502642926
 21
50.4496552060658
 31
0.0
  0
LINE
  5
678
330
1F
100
AcDbEntity
  8
0
100
AcDbLine
 10
9.865955026429265
 20
50.4496552060658
 30
0.0
 11
12.26595502642926
 21
50.44965520606581
 31
0.0
  0
LINE
  5
679
330
1F
100
AcDbEntity
  8
0
100
AcDbLine
 10
9.865955026429265
 20
50.4496552060658
 30
0.0
 11
9.865955026429265
 21
49.99965520606581
 31
0.0
  0
POINT
  5
67A
330
1F
100
AcDbEntity
  8
0
100
AcDbPoint
 10
9.865955026429265
 20
50.3596552060658
 30
0.0
  0
POINT
  5
67B
330
1F
100
AcDbEntity
  8
0
100
AcDbPoint
 10
9.865955026429265
 20
50.2696552060658
 30
0.0
  0
POINT
  5
67C
330
1F
100
AcDbEntity
  8
0
100
AcDbPoint
 10
9.865955026429265
 20
50.1796552060658
 30
0.0
  0
POINT
  5
67D
330
1F
100
AcDbEntity
  8
0
100
AcDbPoint
 10
9.865955026429265
 20
50.0896552060658
 30
0.0
  0
POINT
  5
67E
330
1F
100
AcDbEntity
  8
0
100
AcDbPoint
 10
9.865955026429265
 20
50.3596552060658
 30
0.0
  0
POINT
  5
67F
330
1F
100
AcDbEntity
  8
0
100
AcDbPoint
 10
9.865955026429265
 20
50.2696552060658
 30
0.0
  0
POINT
  5
680
330
1F
100
AcDbEntity
  8
0
100
AcDbPoint
 10
9.865955026429265
 20
50.1796552060658
 30
0.0
  0
POINT
  5
681
330
1F
100
AcDbEntity
  8
0
100
AcDbPoint
 10
9.865955026429265
 20
50.0896552060658
 30
0.0
  0
LINE
  5
683
330
1F
100
AcDbEntity
  8
0
100
AcDbLine
 10
9.865955026429265
 20
50.0896552060658
 30
0.0
 11
12.26595502642926
 21
50.0896552060658
 31
0.0
  0
LINE
  5
684
330
1F
100
AcDbEntity
  8
0
100
AcDbLine
 10
9.865955026429265
 20
50.1796552060658
 30
0.0
 11
12.26595502642926
 21
50.1796552060658
 31
0.0
  0
LINE
  5
685
330
1F
100
AcDbEntity
  8
0
100
AcDbLine
 10
9.865955026429265
 20
50.2696552060658
 30
0.0
 11
12.26595502642926
 21
50.2696552060658
 31
0.0
  0
LINE
  5
686
330
1F
100
AcDbEntity
  8
0
100
AcDbLine
 10
9.865955026429265
 20
50.3596552060658
 30
0.0
 11
12.26595502642926
 21
50.3596552060658
 31
0.0
  0
LINE
  5
69C
102
{ACAD_REACTORS
330
C43
102
}
330
1F
100
AcDbEntity
  8
0
100
AcDbLine
 10
23.74536452632946
 20
53.9496552060658
 30
0.0
 11
39.24536452632947
 21
53.9496552060658
 31
0.0
  0
LINE
  5
69D
330
1F
100
AcDbEntity
  8
0
100
AcDbLine
 10
24.04536452632946
 20
53.8496552060658
 30
0.0
 11
39.04536452632945
 21
53.84965520606581
 31
0.0
  0
LINE
  5
6A0
102
{ACAD_REACTORS
330
C6D
330
F28
102
}
330
1F
100
AcDbEntity
  8
0
100
AcDbLine
 10
24.94536452632946
 20
50.4496552060658
 30
0.0
 11
24.94536452632946
 21
51.43878564084841
 31
0.0
  0
LINE
  5
6A2
102
{ACAD_REACTORS
330
C6D
102
}
330
1F
100
AcDbEntity
  8
0
100
AcDbLine
 10
26.44536452632945
 20
52.12356824954406
 30
0.0
 11
26.44536452632946
 21
52.1996552060658
 31
0.0
  0
POINT
  5
6E0
330
1F
100
AcDbEntity
  8
0
100
AcDbPoint
 10
26.44536452632946
 20
52.12356824954406
 30
0.0
  0
LINE
  5
6F2
102
{ACAD_REACTORS
330
C6D
102
}
330
1F
100
AcDbEntity
  8
0
100
AcDbLine
 10
25.84536452632946
 20
51.81922042345711
 30
0.0
 11
25.69536452632946
 21
51.81922042345711
 31
0.0
  0
LINE
  5
6F3
102
{ACAD_REACTORS
330
C6D
102
}
330
1F
100
AcDbEntity
  8
0
100
AcDbLine
 10
25.99536452632946
 20
51.89530737997884
 30
0.0
 11
25.84536452632946
 21
51.89530737997884
 31
0.0
  0
LINE
  5
6F4
102
{ACAD_REACTORS
330
C6D
102
}
330
1F
100
AcDbEntity
  8
0
100
AcDbLine
 10
26.14536452632945
 20
51.97139433650058
 30
0.0
 11
25.99536452632946
 21
51.97139433650058
 31
0.0
  0
LINE
  5
6F5
102
{ACAD_REACTORS
330
C6D
102
}
330
1F
100
AcDbEntity
  8
0
100
AcDbLine
 10
26.29536452632946
 20
52.04748129302233
 30
0.0
 11
26.14536452632945
 21
52.04748129302233
 31
0.0
  0
LINE
  5
6F7
102
{ACAD_REACTORS
330
C6D
102
}
330
1F
100
AcDbEntity
  8
0
100
AcDbLine
 10
26.44536452632946
 20
52.12356824954406
 30
0.0
 11
26.29536452632946
 21
52.12356824954405
 31
0.0
  0
LINE
  5
6F9
102
{ACAD_REACTORS
330
C6D
102
}
330
1F
100
AcDbEntity
  8
0
100
AcDbLine
 10
26.46927665357387
 20
52.0996552060658
 30
0.0
 11
28.74536452632946
 21
52.09965520606579
 31
0.0
  0
LINE
  5
708
102
{ACAD_REACTORS
330
F28
102
}
330
1F
100
AcDbEntity
  8
0
100
AcDbLine
 10
24.94536452632946
 20
51.36269868432667
 30
0.0
 11
24.04536452632946
 21
51.36269868432667
 31
0.0
  0
LINE
  5
709
330
1F
100
AcDbEntity
  8
0
100
AcDbLine
 10
24.94536452632946
 20
51.28661172780494
 30
0.0
 11
24.04536452632946
 21
51.28661172780494
 31
0.0
  0
LINE
  5
70A
330
1F
100
AcDbEntity
  8
0
100
AcDbLine
 10
24.94536452632946
 20
51.21052477128319
 30
0.0
 11
24.04536452632946
 21
51.21052477128319
 31
0.0
  0
LINE
  5
70B
330
1F
100
AcDbEntity
  8
0
100
AcDbLine
 10
24.94536452632946
 20
51.13443781476144
 30
0.0
 11
24.04536452632946
 21
51.13443781476144
 31
0.0
  0
LINE
  5
70C
330
1F
100
AcDbEntity
  8
0
100
AcDbLine
 10
24.94536452632946
 20
51.0583508582397
 30
0.0
 11
24.04536452632946
 21
51.0583508582397
 31
0.0
  0
LINE
  5
70D
330
1F
100
AcDbEntity
  8
0
100
AcDbLine
 10
24.94536452632946
 20
50.98226390171797
 30
0.0
 11
24.04536452632946
 21
50.98226390171797
 31
0.0
  0
LINE
  5
70E
330
1F
100
AcDbEntity
  8
0
100
AcDbLine
 10
24.94536452632946
 20
50.90617694519623
 30
0.0
 11
24.04536452632946
 21
50.90617694519623
 31
0.0
  0
LINE
  5
70F
330
1F
100
AcDbEntity
  8
0
100
AcDbLine
 10
24.94536452632946
 20
50.83008998867448
 30
0.0
 11
24.04536452632946
 21
50.83008998867449
 31
0.0
  0
LINE
  5
710
330
1F
100
AcDbEntity
  8
0
100
AcDbLine
 10
24.94536452632946
 20
50.75400303215276
 30
0.0
 11
24.04536452632946
 21
50.75400303215276
 31
0.0
  0
LINE
  5
711
330
1F
100
AcDbEntity
  8
0
100
AcDbLine
 10
24.94536452632946
 20
50.67791607563102
 30
0.0
 11
24.04536452632946
 21
50.67791607563102
 31
0.0
  0
LINE
  5
712
330
1F
100
AcDbEntity
  8
0
100
AcDbLine
 10
24.94536452632946
 20
50.60182911910928
 30
0.0
 11
24.04536452632946
 21
50.60182911910928
 31
0.0
  0
LINE
  5
713
330
1F
100
AcDbEntity
  8
0
100
AcDbLine
 10
24.94536452632946
 20
50.52574216258754
 30
0.0
 11
24.04536452632946
 21
50.52574216258754
 31
0.0
  0
LINE
  5
714
102
{ACAD_REACTORS
330
C6D
102
}
330
1F
100
AcDbEntity
  8
0
100
AcDbLine
 10
25.09536452632945
 20
51.4387856408484
 30
0.0
 11
25.09536452632945
 21
51.51487259737015
 31
0.0
  0
LINE
  5
715
102
{ACAD_REACTORS
330
C6D
102
}
330
1F
100
AcDbEntity
  8
0
100
AcDbLine
 10
25.24536452632947
 20
51.51487259737017
 30
0.0
 11
25.24536452632947
 21
51.59095955389189
 31
0.0
  0
LINE
  5
716
102
{ACAD_REACTORS
330
C6D
102
}
330
1F
100
AcDbEntity
  8
0
100
AcDbLine
 10
25.39536452632946
 20
51.5909595538919
 30
0.0
 11
25.39536452632946
 21
51.66704651041364
 31
0.0
  0
LINE
  5
717
102
{ACAD_REACTORS
330
C6D
102
}
330
1F
100
AcDbEntity
  8
0
100
AcDbLine
 10
25.54536452632946
 20
51.66704651041363
 30
0.0
 11
25.54536452632946
 21
51.74313346693536
 31
0.0
  0
LINE
  5
718
102
{ACAD_REACTORS
330
C6D
102
}
330
1F
100
AcDbEntity
  8
0
100
AcDbLine
 10
25.69536452632946
 20
51.74313346693538
 30
0.0
 11
25.69536452632946
 21
51.81922042345711
 31
0.0
  0
LINE
  5
719
102
{ACAD_REACTORS
330
C6D
102
}
330
1F
100
AcDbEntity
  8
0
100
AcDbLine
 10
25.84536452632946
 20
51.81922042345711
 30
0.0
 11
25.84536452632946
 21
51.89530737997884
 31
0.0
  0
LINE
  5
71A
102
{ACAD_REACTORS
330
C6D
102
}
330
1F
100
AcDbEntity
  8
0
100
AcDbLine
 10
25.99536452632946
 20
51.89530737997884
 30
0.0
 11
25.99536452632946
 21
51.97139433650058
 31
0.0
  0
LINE
  5
71B
102
{ACAD_REACTORS
330
C6D
102
}
330
1F
100
AcDbEntity
  8
0
100
AcDbLine
 10
26.14536452632946
 20
51.97139433650058
 30
0.0
 11
26.14536452632946
 21
52.04748129302233
 31
0.0
  0
LINE
  5
71C
102
{ACAD_REACTORS
330
C6D
102
}
330
1F
100
AcDbEntity
  8
0
100
AcDbLine
 10
26.29536452632947
 20
52.04748129302235
 30
0.0
 11
26.29536452632946
 21
52.12356824954405
 31
0.0
  0
LINE
  5
71D
102
{ACAD_REACTORS
330
C6D
102
}
330
1F
100
AcDbEntity
  8
0
100
AcDbLine
 10
25.09536452632945
 20
51.43878564084841
 30
0.0
 11
24.94536452632946
 21
51.43878564084841
 31
0.0
  0
LINE
  5
71E
102
{ACAD_REACTORS
330
C6D
102
}
330
1F
100
AcDbEntity
  8
0
100
AcDbLine
 10
25.24536452632947
 20
51.51487259737016
 30
0.0
 11
25.09536452632944
 21
51.51487259737015
 31
0.0
  0
LINE
  5
71F
102
{ACAD_REACTORS
330
C6D
102
}
330
1F
100
AcDbEntity
  8
0
100
AcDbLine
 10
25.39536452632946
 20
51.59095955389189
 30
0.0
 11
25.24536452632947
 21
51.59095955389189
 31
0.0
  0
LINE
  5
720
102
{ACAD_REACTORS
330
C6D
102
}
330
1F
100
AcDbEntity
  8
0
100
AcDbLine
 10
25.54536452632946
 20
51.66704651041363
 30
0.0
 11
25.39536452632946
 21
51.66704651041364
 31
0.0
  0
LINE
  5
721
102
{ACAD_REACTORS
330
C6D
102
}
330
1F
100
AcDbEntity
  8
0
100
AcDbLine
 10
25.69536452632946
 20
51.74313346693537
 30
0.0
 11
25.54536452632946
 21
51.74313346693537
 31
0.0
  0
LINE
  5
724
330
1F
100
AcDbEntity
  8
0
100
AcDbLine
 10
28.74536452632946
 20
52.0996552060658
 30
0.0
 11
28.74536452632946
 21
52.6496552060658
 31
0.0
  0
LINE
  5
725
330
1F
100
AcDbEntity
  8
0
100
AcDbLine
 10
28.74536452632946
 20
52.6496552060658
 30
0.0
 11
28.74536452632946
 21
52.6496552060658
 31
0.0
  0
LINE
  5
726
102
{ACAD_REACTORS
330
C6D
102
}
330
1F
100
AcDbEntity
  8
0
100
AcDbLine
 10
28.69536452632945
 20
52.09965520606579
 30
0.0
 11
28.69536452632946
 21
52.6496552060658
 31
0.0
  0
ARC
  5
727
330
1F
100
AcDbEntity
  8
0
100
AcDbCircle
 10
28.72036452632946
 20
52.6496552060658
 30
0.0
 40
0.0249999999999986
100
AcDbArc
 50
0.0
 51
180.0
  0
LINE
  5
728
102
{ACAD_REACTORS
330
C6D
102
}
330
1F
100
AcDbEntity
  8
0
100
AcDbLine
 10
26.44536452632946
 20
52.19965520606581
 30
0.0
 11
28.69536452632946
 21
52.1996552060658
 31
0.0
  0
LINE
  5
72C
102
{ACAD_REACTORS
330
C6D
102
}
330
1F
100
AcDbEntity
  8
0
100
AcDbLine
 10
24.94536452632946
 20
51.32665630094184
 30
0.0
 11
26.46927665357387
 21
52.0996552060658
 31
0.0
  0
LINE
  5
72F
102
{ACAD_REACTORS
330
C1A
330
C3B
330
C43
330
CF1
330
D65
330
D7D
102
}
330
1F
100
AcDbEntity
  8
0
100
AcDbLine
 10
39.04536452632945
 20
49.9996552060658
 30
0.0
 11
39.04536452632945
 21
53.9496552060658
 31
0.0
  0
LINE
  5
730
102
{ACAD_REACTORS
330
C1A
330
C3B
330
D65
330
D7D
330
DA7
102
}
330
1F
100
AcDbEntity
  8
0
100
AcDbLine
 10
39.24536452632947
 20
49.9996552060658
 30
0.0
 11
39.24536452632946
 21
52.09965520606579
 31
0.0
  0
LINE
  5
731
102
{ACAD_REACTORS
330
C3B
330
C43
330
13BE
102
}
330
1F
100
AcDbEntity
  8
0
100
AcDbLine
 10
36.84536452632945
 20
52.1996552060658
 30
0.0
 11
39.24536452632946
 21
52.19965520606581
 31
0.0
  0
LINE
  5
734
330
1F
100
AcDbEntity
  8
0
100
AcDbLine
 10
39.04536452632945
 20
50.8996552060658
 30
0.0
 11
35.54536452632945
 21
50.8996552060658
 31
0.0
  0
LINE
  5
735
102
{ACAD_REACTORS
330
128E
102
}
330
1F
100
AcDbEntity
  8
0
100
AcDbLine
 10
35.54536452632945
 20
50.8996552060658
 30
0.0
 11
35.54536452632945
 21
50.4496552060658
 31
0.0
  0
LINE
  5
74B
330
1F
100
AcDbEntity
  8
0
100
AcDbLine
 10
36.84536452632945
 20
52.19965520606581
 30
0.0
 11
36.84536452632945
 21
50.8996552060658
 31
0.0
  0
LINE
  5
74D
330
1F
100
AcDbEntity
  8
0
100
AcDbLine
 10
39.04536452632945
 20
51.64965520606581
 30
0.0
 11
38.54536452632945
 21
51.64965520606581
 31
0.0
  0
LINE
  5
74E
330
1F
100
AcDbEntity
  8
0
100
AcDbLine
 10
38.54536452632945
 20
51.64965520606581
 30
0.0
 11
38.54536452632945
 21
50.8996552060658
 31
0.0
  0
LINE
  5
751
330
1F
100
AcDbEntity
  8
0
100
AcDbLine
 10
39.04536452632945
 20
51.59965520606581
 30
0.0
 11
38.59536452632945
 21
51.59965520606581
 31
0.0
  0
LINE
  5
752
330
1F
100
AcDbEntity
  8
0
100
AcDbLine
 10
38.59536452632945
 20
51.59965520606581
 30
0.0
 11
38.59536452632945
 21
50.8996552060658
 31
0.0
  0
LINE
  5
753
102
{ACAD_REACTORS
330
DA7
102
}
330
1F
100
AcDbEntity
  8
0
100
AcDbLine
 10
39.24536452632947
 20
50.4496552060658
 30
0.0
 11
41.44536452632946
 21
50.4496552060658
 31
0.0
  0
LINE
  5
754
102
{ACAD_REACTORS
330
C3B
330
D65
330
D7D
330
DC9
102
}
330
1F
100
AcDbEntity
  8
0
100
AcDbLine
 10
46.04536452632946
 20
49.99965520606582
 30
0.0
 11
46.04536452632944
 21
52.09965520606578
 31
0.0
  0
LINE
  5
755
102
{ACAD_REACTORS
330
C3B
330
D65
330
D7D
330
DC9
102
}
330
1F
100
AcDbEntity
  8
0
100
AcDbLine
 10
46.24536452632947
 20
49.99965520606582
 30
0.0
 11
46.24536452632945
 21
52.0996552060658
 31
0.0
  0
LINE
  5
756
102
{ACAD_REACTORS
330
C3B
102
}
330
1F
100
AcDbEntity
  8
0
100
AcDbLine
 10
49.84536452632946
 20
50.4496552060658
 30
0.0
 11
49.84536452632946
 21
52.09965520606578
 31
0.0
  0
LINE
  5
757
102
{ACAD_REACTORS
330
C3B
102
}
330
1F
100
AcDbEntity
  8
0
100
AcDbLine
 10
50.14536452632945
 20
50.4496552060658
 30
0.0
 11
50.14536452632945
 21
52.09965520606579
 31
0.0
  0
LINE
  5
758
102
{ACAD_REACTORS
330
C3B
330
D65
330
D7D
330
DC9
330
1085
330
11E6
102
}
330
1F
100
AcDbEntity
  8
0
100
AcDbLine
 10
51.14536452632946
 20
49.99965520606583
 30
0.0
 11
51.14536452632944
 21
52.0996552060658
 31
0.0
  0
LINE
  5
759
102
{ACAD_REACTORS
330
C3B
102
}
330
1F
100
AcDbEntity
  8
0
100
AcDbLine
 10
51.44536452632945
 20
49.99965520606583
 30
0.0
 11
51.44536452632945
 21
52.1996552060658
 31
0.0
  0
LINE
  5
75A
102
{ACAD_REACTORS
330
C3B
330
1085
102
}
330
1F
100
AcDbEntity
  8
0
100
AcDbLine
 10
39.24536452632947
 20
52.1996552060658
 30
0.0
 11
51.44536452632945
 21
52.1996552060658
 31
0.0
  0
LINE
  5
75B
102
{ACAD_REACTORS
330
C4F
330
11B8
102
}
330
1F
100
AcDbEntity
  8
0
100
AcDbLine
 10
39.24536452632947
 20
53.9496552060658
 30
0.0
 11
50.14536452632945
 21
53.94965520606579
 31
0.0
  0
LINE
  5
760
102
{ACAD_REACTORS
330
C1A
330
C3B
102
}
330
1F
100
AcDbEntity
  8
0
100
AcDbLine
 10
39.24536452632946
 20
51.99965520606579
 30
0.0
 11
39.04536452632945
 21
51.99965520606579
 31
0.0
  0
LINE
  5
762
102
{ACAD_REACTORS
330
C43
102
}
330
1F
100
AcDbEntity
  8
0
100
AcDbLine
 10
39.24536452632946
 20
52.19965520606581
 30
0.0
 11
39.24536452632946
 21
53.9496552060658
 31
0.0
  0
LINE
  5
764
102
{ACAD_REACTORS
330
C3B
102
}
330
1F
100
AcDbEntity
  8
0
100
AcDbLine
 10
46.04536452632944
 20
51.99965520606579
 30
0.0
 11
46.24536452632947
 21
51.99965520606579
 31
0.0
  0
LINE
  5
766
102
{ACAD_REACTORS
330
C3B
102
}
330
1F
100
AcDbEntity
  8
0
100
AcDbLine
 10
46.24536452632947
 20
52.09965520606579
 30
0.0
 11
49.84536452632946
 21
52.09965520606579
 31
0.0
  0
LINE
  5
767
102
{ACAD_REACTORS
330
C4F
102
}
330
1F
100
AcDbEntity
  8
0
100
AcDbLine
 10
46.04536452632944
 20
52.1996552060658
 30
0.0
 11
46.04536452632944
 21
53.94965520606582
 31
0.0
  0
LINE
  5
77D
330
1F
100
AcDbEntity
  8
0
100
AcDbLine
 10
26.54536452632946
 20
39.05210373820118
 30
0.0
 11
26.54536452632946
 21
38.85210373820119
 31
0.0
  0
LINE
  5
77E
330
1F
100
AcDbEntity
  8
0
100
AcDbLine
 10
26.74536452632946
 20
39.05210373820118
 30
0.0
 11
26.74536452632946
 21
38.85210373820119
 31
0.0
  0
LWPOLYLINE
  5
77F
330
1F
100
AcDbEntity
  8
0
 62
     1
100
AcDbPolyline
 90
        4
 70
     1
 43
0.0
 10
26.54536452632946
 20
39.05210373820118
 10
26.74536452632946
 20
39.05210373820118
 10
26.74536452632946
 20
38.85210373820119
 10
26.54536452632946
 20
38.85210373820119
  0
LINE
  5
783
330
1F
100
AcDbEntity
  8
0
 62
     1
100
AcDbLine
 10
33.94536452632947
 20
39.05210373820118
 30
0.0
 11
33.94536452632947
 21
38.85210373820119
 31
0.0
  0
LINE
  5
784
330
1F
100
AcDbEntity
  8
0
 62
     1
100
AcDbLine
 10
33.94536452632947
 20
38.85210373820119
 30
0.0
 11
33.74536452632947
 21
38.8521037382012
 31
0.0
  0
LINE
  5
785
330
1F
100
AcDbEntity
  8
0
 62
     1
100
AcDbLine
 10
33.74536452632947
 20
38.8521037382012
 30
0.0
 11
33.74536452632947
 21
39.05210373820118
 31
0.0
  0
LINE
  5
786
330
1F
100
AcDbEntity
  8
0
 62
     1
100
AcDbLine
 10
33.74536452632947
 20
39.05210373820118
 30
0.0
 11
33.94536452632947
 21
39.05210373820118
 31
0.0
  0
LINE
  5
788
330
1F
100
AcDbEntity
  8
0
 62
     1
100
AcDbLine
 10
33.94536452632947
 20
42.95210373820117
 30
0.0
 11
33.74536452632947
 21
42.95210373820117
 31
0.0
  0
LINE
  5
789
330
1F
100
AcDbEntity
  8
0
 62
     1
100
AcDbLine
 10
33.74536452632947
 20
42.95210373820117
 30
0.0
 11
33.74536452632947
 21
42.65210373820117
 31
0.0
  0
LINE
  5
78A
330
1F
100
AcDbEntity
  8
0
 62
     1
100
AcDbLine
 10
33.74536452632947
 20
42.65210373820117
 30
0.0
 11
33.94536452632947
 21
42.65210373820118
 31
0.0
  0
LINE
  5
78B
330
1F
100
AcDbEntity
  8
0
 62
     1
100
AcDbLine
 10
33.94536452632947
 20
42.95210373820117
 30
0.0
 11
33.94536452632948
 21
42.65210373820118
 31
0.0
  0
LINE
  5
78D
330
1F
100
AcDbEntity
  8
0
100
AcDbLine
 10
30.14536452632946
 20
32.05210373820118
 30
0.0
 11
30.14536452632946
 21
31.85210373820118
 31
0.0
  0
LINE
  5
78E
330
1F
100
AcDbEntity
  8
0
100
AcDbLine
 10
30.14536452632946
 20
31.85210373820118
 30
0.0
 11
30.34539876421157
 21
31.85210373820118
 31
0.0
  0
LINE
  5
78F
330
1F
100
AcDbEntity
  8
0
100
AcDbLine
 10
30.34539876421157
 20
31.85210373820118
 30
0.0
 11
30.34539876421157
 21
32.05210373820118
 31
0.0
  0
LINE
  5
790
330
1F
100
AcDbEntity
  8
0
100
AcDbLine
 10
30.34539876421157
 20
32.05210373820118
 30
0.0
 11
30.14536452632946
 21
32.05210373820118
 31
0.0
  0
LINE
  5
791
330
1F
100
AcDbEntity
  8
0
100
AcDbLine
 10
30.14536452632946
 20
38.85210373820118
 30
0.0
 11
30.14536452632946
 21
39.05210373820118
 31
0.0
  0
LINE
  5
792
330
1F
100
AcDbEntity
  8
0
100
AcDbLine
 10
30.14536452632946
 20
39.05210373820118
 30
0.0
 11
30.34536452632946
 21
39.05210373820118
 31
0.0
  0
LINE
  5
793
330
1F
100
AcDbEntity
  8
0
100
AcDbLine
 10
30.34536452632946
 20
39.05210373820118
 30
0.0
 11
30.34536550455466
 21
38.85210373820118
 31
0.0
  0
LINE
  5
794
330
1F
100
AcDbEntity
  8
0
 62
     1
100
AcDbLine
 10
7.365955026429267
 20
36.65210373820118
 30
0.0
 11
7.365955026429265
 21
36.45210373820118
 31
0.0
  0
LINE
  5
795
330
1F
100
AcDbEntity
  8
0
 62
     1
100
AcDbLine
 10
7.565955026429262
 20
36.65210373820118
 30
0.0
 11
7.565955026429262
 21
36.45210373820118
 31
0.0
  0
LINE
  5
796
330
1F
100
AcDbEntity
  8
0
 62
     1
100
AcDbLine
 10
14.56595502642926
 20
36.65210373820118
 30
0.0
 11
14.56595502642926
 21
36.45210373820118
 31
0.0
  0
LINE
  5
797
330
1F
100
AcDbEntity
  8
0
 62
     1
100
AcDbLine
 10
14.76595502642926
 20
36.65210373820118
 30
0.0
 11
14.76595502642926
 21
36.45210373820118
 31
0.0
  0
LINE
  5
798
330
1F
100
AcDbEntity
  8
0
100
AcDbLine
 10
26.54536452632947
 20
32.05210373820119
 30
0.0
 11
26.54536452632946
 21
31.85210373820118
 31
0.0
  0
LINE
  5
799
330
1F
100
AcDbEntity
  8
0
100
AcDbLine
 10
26.74536452632946
 20
32.05210373820119
 30
0.0
 11
26.74536452632946
 21
31.85210373820118
 31
0.0
  0
LWPOLYLINE
  5
79C
330
1F
100
AcDbEntity
  8
0
 62
     1
100
AcDbPolyline
 90
        4
 70
     1
 43
0.0
 10
33.74536452632947
 20
32.05210373820118
 10
33.94536452632947
 20
32.05210373820118
 10
33.94536452632947
 20
31.85210373820118
 10
33.74536452632947
 20
31.85210373820118
  0
LINE
  5
7A1
330
1F
100
AcDbEntity
  8
0
 62
     1
100
AcDbLine
 10
7.365955026429263
 20
36.65210373820118
 30
0.0
 11
7.565955026429262
 21
36.65210373820118
 31
0.0
  0
LINE
  5
7A2
330
1F
100
AcDbEntity
  8
0
 62
     1
100
AcDbLine
 10
7.365955026429263
 20
36.45210373820118
 30
0.0
 11
7.565955026429262
 21
36.45210373820118
 31
0.0
  0
LINE
  5
7A3
330
1F
100
AcDbEntity
  8
0
 62
     1
100
AcDbLine
 10
7.365955026429265
 20
34.45210373820119
 30
0.0
 11
7.565955026429262
 21
34.45210373820119
 31
0.0
  0
LINE
  5
7A4
330
1F
100
AcDbEntity
  8
0
 62
     1
100
AcDbLine
 10
7.365955026429265
 20
34.2530068706853
 30
0.0
 11
7.565955026429262
 21
34.2530068706853
 31
0.0
  0
LINE
  5
7A7
330
1F
100
AcDbEntity
  8
0
 62
     1
100
AcDbLine
 10
10.96595502642927
 20
36.65210373820118
 30
0.0
 11
10.96595502642927
 21
36.45210373820118
 31
0.0
  0
LINE
  5
7A8
330
1F
100
AcDbEntity
  8
0
 62
     1
100
AcDbLine
 10
11.16595502642926
 20
36.65210373820118
 30
0.0
 11
11.16595502642926
 21
36.45210373820118
 31
0.0
  0
LINE
  5
7A9
330
1F
100
AcDbEntity
  8
0
 62
     1
100
AcDbLine
 10
10.96595502642927
 20
34.4521037382012
 30
0.0
 11
11.16595502642926
 21
34.45210373820119
 31
0.0
  0
LINE
  5
7AA
330
1F
100
AcDbEntity
  8
0
 62
     1
100
AcDbLine
 10
10.96595502642927
 20
34.2530068706853
 30
0.0
 11
11.16595502642926
 21
34.2530068706853
 31
0.0
  0
LINE
  5
7AB
330
1F
100
AcDbEntity
  8
0
 62
     1
100
AcDbLine
 10
7.365955026429261
 20
32.05210373820118
 30
0.0
 11
7.365955026429263
 21
31.85210373820118
 31
0.0
  0
LINE
  5
7AC
330
1F
100
AcDbEntity
  8
0
 62
     1
100
AcDbLine
 10
7.565955026429261
 20
32.05210373820118
 30
0.0
 11
7.565955026429261
 21
31.85210373820118
 31
0.0
  0
LINE
  5
7AD
330
1F
100
AcDbEntity
  8
0
 62
     1
100
AcDbLine
 10
10.96595502642927
 20
32.05210373820118
 30
0.0
 11
10.96595502642927
 21
31.95210373820118
 31
0.0
  0
LINE
  5
7AE
330
1F
100
AcDbEntity
  8
0
 62
     1
100
AcDbLine
 10
14.56595502642926
 20
32.05210373820119
 30
0.0
 11
14.56595502642926
 21
31.85210373820118
 31
0.0
  0
LINE
  5
7AF
330
1F
100
AcDbEntity
  8
0
 62
     1
100
AcDbLine
 10
14.76595502642926
 20
32.05210373820119
 30
0.0
 11
14.76595502642926
 21
31.85210373820118
 31
0.0
  0
LINE
  5
7B4
330
1F
100
AcDbEntity
  8
0
 62
     1
100
AcDbLine
 10
7.365955026429265
 20
34.45210373820119
 30
0.0
 11
7.365955026429265
 21
34.2530068706853
 31
0.0
  0
LINE
  5
7B5
330
1F
100
AcDbEntity
  8
0
 62
     1
100
AcDbLine
 10
7.565955026429262
 20
34.45210373820119
 30
0.0
 11
7.565955026429262
 21
34.2530068706853
 31
0.0
  0
LINE
  5
7B6
330
1F
100
AcDbEntity
  8
0
 62
     1
100
AcDbLine
 10
10.96595502642927
 20
34.4521037382012
 30
0.0
 11
10.96595502642927
 21
34.2530068706853
 31
0.0
  0
LINE
  5
7B7
330
1F
100
AcDbEntity
  8
0
 62
     1
100
AcDbLine
 10
11.16595502642926
 20
34.4521037382012
 30
0.0
 11
11.16595502642926
 21
34.2530068706853
 31
0.0
  0
LINE
  5
7B8
330
1F
100
AcDbEntity
  8
0
 62
     1
100
AcDbLine
 10
14.56595502642925
 20
34.4521037382012
 30
0.0
 11
14.56595502642926
 21
34.2530068706853
 31
0.0
  0
LINE
  5
7B9
330
1F
100
AcDbEntity
  8
0
 62
     1
100
AcDbLine
 10
14.76595502642926
 20
34.4521037382012
 30
0.0
 11
14.76595502642926
 21
34.2530068706853
 31
0.0
  0
LINE
  5
7BA
330
1F
100
AcDbEntity
  8
0
 62
     1
100
AcDbLine
 10
14.56595502642926
 20
36.65210373820118
 30
0.0
 11
14.76595502642926
 21
36.65210373820118
 31
0.0
  0
LINE
  5
7BB
330
1F
100
AcDbEntity
  8
0
 62
     1
100
AcDbLine
 10
14.56595502642926
 20
36.45210373820118
 30
0.0
 11
14.76595502642926
 21
36.45210373820118
 31
0.0
  0
LINE
  5
7BC
330
1F
100
AcDbEntity
  8
0
 62
     1
100
AcDbLine
 10
14.56595502642925
 20
34.45210373820119
 30
0.0
 11
14.76595502642926
 21
34.4521037382012
 31
0.0
  0
LINE
  5
7BD
330
1F
100
AcDbEntity
  8
0
 62
     1
100
AcDbLine
 10
14.56595502642926
 20
34.2530068706853
 30
0.0
 11
14.76595502642926
 21
34.2530068706853
 31
0.0
  0
LINE
  5
7BE
330
1F
100
AcDbEntity
  8
0
 62
     1
100
AcDbLine
 10
10.96595502642927
 20
36.65210373820118
 30
0.0
 11
11.16595502642926
 21
36.65210373820118
 31
0.0
  0
LINE
  5
7BF
330
1F
100
AcDbEntity
  8
0
 62
     1
100
AcDbLine
 10
10.96595502642927
 20
36.45210373820118
 30
0.0
 11
11.16595502642926
 21
36.45210373820118
 31
0.0
  0
LWPOLYLINE
  5
7C0
330
1F
100
AcDbEntity
  8
0
 62
     1
100
AcDbPolyline
 90
        4
 70
     1
 43
0.0
 10
26.54536452632947
 20
32.05210373820119
 10
26.74536452632946
 20
32.05210373820119
 10
26.74536452632946
 20
31.85210373820118
 10
26.54536452632947
 20
31.85210373820118
  0
LWPOLYLINE
  5
7C1
330
1F
100
AcDbEntity
  8
0
 62
     1
100
AcDbPolyline
 90
        4
 70
     1
 43
0.0
 10
30.14536452632946
 20
32.05210373820118
 10
30.34539876421157
 20
32.05210373820118
 10
30.34539876421157
 20
31.85210373820118
 10
30.14536452632946
 20
31.85210373820118
  0
LWPOLYLINE
  5
7C2
330
1F
100
AcDbEntity
  8
0
 62
     1
100
AcDbPolyline
 90
        4
 70
     1
 43
0.0
 10
23.74536452632946
 20
29.85210373820118
 10
24.04536452632946
 20
29.85210373820118
 10
24.04536452632946
 20
29.65210373820119
 10
23.74536452632946
 20
29.65210373820119
  0
LWPOLYLINE
  5
7C3
330
1F
100
AcDbEntity
  8
0
 62
     1
100
AcDbPolyline
 90
        4
 70
     1
 43
0.0
 10
36.44536452632946
 20
29.85210373820119
 10
36.74536452632946
 20
29.85210373820119
 10
36.74536452632946
 20
29.65210373820119
 10
36.44536452632946
 20
29.65210373820119
  0
LWPOLYLINE
  5
7C4
330
1F
100
AcDbEntity
  8
0
 62
     1
100
AcDbPolyline
 90
        4
 70
     1
 43
0.0
 10
30.14536452632946
 20
39.05210373820118
 10
30.34536550455466
 20
39.05210373820118
 10
30.34536550455466
 20
38.85210373820119
 10
30.14536452632946
 20
38.85210373820119
  0
LWPOLYLINE
  5
7C5
330
1F
100
AcDbEntity
  8
0
 62
     1
100
AcDbPolyline
 90
        4
 70
     1
 43
0.0
 10
30.14536452632946
 20
42.65210373820118
 10
30.34536452632947
 20
42.65210373820118
 10
30.34536452632947
 20
42.95210373820117
 10
30.14536452632946
 20
42.95210373820117
  0
LWPOLYLINE
  5
7C6
330
1F
100
AcDbEntity
  8
0
 62
     1
100
AcDbPolyline
 90
        4
 70
     1
 43
0.0
 10
23.74536452632946
 20
34.45210373820118
 10
24.04536452632946
 20
34.45210373820118
 10
24.04536452632946
 20
34.25444506208356
 10
23.74536452632946
 20
34.25444506208356
  0
LWPOLYLINE
  5
7C7
330
1F
100
AcDbEntity
  8
0
 62
     1
100
AcDbPolyline
 90
        4
 70
     1
 43
0.0
 10
36.44536452632946
 20
34.45210373820118
 10
36.74536452632946
 20
34.45210373820118
 10
36.74536452632946
 20
34.25444506208356
 10
36.44536452632946
 20
34.25444506208356
  0
LWPOLYLINE
  5
7C8
330
1F
100
AcDbEntity
  8
0
 62
     1
100
AcDbPolyline
 90
        4
 70
     1
 43
0.0
 10
36.44536452632946
 20
36.45210373820118
 10
36.74536452632946
 20
36.45210373820118
 10
36.74536452632946
 20
36.65210373820118
 10
36.44536452632946
 20
36.65210373820118
  0
ARC
  5
7F9
330
1F
100
AcDbEntity
  8
0
100
AcDbCircle
 10
11.06595502642925
 20
35.22965520606587
 30
0.0
 40
19.71999999999994
100
AcDbArc
 50
71.67530590855649
 51
108.3246940914434
  0
ARC
  5
7FB
330
1F
100
AcDbEntity
  8
0
100
AcDbCircle
 10
11.06595502642928
 20
38.3496552060658
 30
0.0
 40
16.90000000000001
100
AcDbArc
 50
67.38013505195965
 51
112.6198649480404
  0
LINE
  5
7FD
330
1F
100
AcDbEntity
  8
0
100
AcDbLine
 10
9.665955026429266
 20
51.4996552060658
 30
0.0
 11
12.46595502642926
 21
51.4996552060658
 31
0.0
  0
LINE
  5
7FE
330
1F
100
AcDbEntity
  8
0
100
AcDbLine
 10
9.665955026429266
 20
51.7996552060658
 30
0.0
 11
12.46595502642926
 21
51.7996552060658
 31
0.0
  0
LINE
  5
7FF
330
1F
100
AcDbEntity
  8
0
100
AcDbLine
 10
9.665955026429266
 20
51.4996552060658
 30
0.0
 11
9.465955026429266
 21
51.4996552060658
 31
0.0
  0
LINE
  5
800
330
1F
100
AcDbEntity
  8
0
100
AcDbLine
 10
9.465955026429266
 20
51.4996552060658
 30
0.0
 11
9.665955026429266
 21
51.7996552060658
 31
0.0
  0
LINE
  5
801
330
1F
100
AcDbEntity
  8
0
100
AcDbLine
 10
12.46595502642926
 20
51.4996552060658
 30
0.0
 11
12.66595502642926
 21
51.4996552060658
 31
0.0
  0
LINE
  5
802
330
1F
100
AcDbEntity
  8
0
100
AcDbLine
 10
12.66595502642926
 20
51.4996552060658
 30
0.0
 11
12.46595502642926
 21
51.7996552060658
 31
0.0
  0
LINE
  5
803
330
1F
100
AcDbEntity
  8
0
100
AcDbLine
 10
13.26595502642927
 20
51.0496552060658
 30
0.0
 11
14.26595502642927
 21
51.0496552060658
 31
0.0
  0
LINE
  5
804
330
1F
100
AcDbEntity
  8
0
100
AcDbLine
 10
7.86595502642926
 20
51.0496552060658
 30
0.0
 11
8.865955026429261
 21
51.0496552060658
 31
0.0
  0
LINE
  5
805
330
1F
100
AcDbEntity
  8
0
100
AcDbLine
 10
7.865955026429258
 20
51.64965520606581
 30
0.0
 11
8.865955026429258
 21
51.64965520606581
 31
0.0
  0
LINE
  5
807
330
1F
100
AcDbEntity
  8
0
100
AcDbLine
 10
5.865955026429261
 20
52.7996552060658
 30
0.0
 11
6.865955026429261
 21
52.79965520606581
 31
0.0
  0
LINE
  5
808
330
1F
100
AcDbEntity
  8
0
100
AcDbLine
 10
5.865955026429261
 20
53.39965520606581
 30
0.0
 11
6.86595502642926
 21
53.39965520606581
 31
0.0
  0
LINE
  5
80B
102
{ACAD_REACTORS
330
C3B
102
}
330
1F
100
AcDbEntity
  8
0
100
AcDbLine
 10
49.84536452632946
 20
51.99965520606579
 30
0.0
 11
50.14536452632945
 21
51.99965520606579
 31
0.0
  0
LINE
  5
80C
102
{ACAD_REACTORS
330
C4F
102
}
330
1F
100
AcDbEntity
  8
0
100
AcDbLine
 10
49.84536452632946
 20
52.1996552060658
 30
0.0
 11
49.84536452632946
 21
53.84965520606581
 31
0.0
  0
LINE
  5
80D
102
{ACAD_REACTORS
330
C3B
102
}
330
1F
100
AcDbEntity
  8
0
100
AcDbLine
 10
50.14536452632945
 20
52.09965520606578
 30
0.0
 11
51.14536452632944
 21
52.0996552060658
 31
0.0
  0
LINE
  5
80E
102
{ACAD_REACTORS
330
C4F
330
13EC
102
}
330
1F
100
AcDbEntity
  8
0
100
AcDbLine
 10
50.14536452632945
 20
52.1996552060658
 30
0.0
 11
50.14536452632945
 21
53.94965520606582
 31
0.0
  0
LINE
  5
80F
102
{ACAD_REACTORS
330
C4F
102
}
330
1F
100
AcDbEntity
  8
0
100
AcDbLine
 10
46.24536452632947
 20
52.1996552060658
 30
0.0
 11
46.24536452632945
 21
53.84965520606581
 31
0.0
  0
LINE
  5
811
102
{ACAD_REACTORS
330
C3B
102
}
330
1F
100
AcDbEntity
  8
0
100
AcDbLine
 10
51.14536452632944
 20
51.99965520606579
 30
0.0
 11
51.44536452632944
 21
51.99965520606579
 31
0.0
  0
LINE
  5
812
330
1F
100
AcDbEntity
  8
0
100
AcDbLine
 10
39.74536452632947
 20
51.0496552060658
 30
0.0
 11
40.74536452632943
 21
51.0496552060658
 31
0.0
  0
LINE
  5
813
330
1F
100
AcDbEntity
  8
0
100
AcDbLine
 10
39.74536452632947
 20
51.6496552060658
 30
0.0
 11
40.74536452632943
 21
51.64965520606579
 31
0.0
  0
LINE
  5
814
330
1F
100
AcDbEntity
  8
0
100
AcDbLine
 10
39.74536452632947
 20
52.7996552060658
 30
0.0
 11
40.74536452632943
 21
52.7996552060658
 31
0.0
  0
LINE
  5
815
330
1F
100
AcDbEntity
  8
0
100
AcDbLine
 10
39.74536452632945
 20
53.39965520606579
 30
0.0
 11
40.74536452632943
 21
53.39965520606579
 31
0.0
  0
LINE
  5
816
330
1F
100
AcDbEntity
  8
0
100
AcDbLine
 10
23.74536452632945
 20
33.55210373820118
 30
0.0
 11
24.04536452632946
 21
33.55210373820118
 31
0.0
  0
LINE
  5
817
330
1F
100
AcDbEntity
  8
0
100
AcDbLine
 10
23.74536452632945
 20
32.55210373820118
 30
0.0
 11
24.04536452632946
 21
32.55210373820118
 31
0.0
  0
LINE
  5
819
330
1F
100
AcDbEntity
  8
0
100
AcDbLine
 10
24.04536452632946
 20
37.95210373820118
 30
0.0
 11
24.04536452632946
 21
37.15210373820119
 31
0.0
  0
LINE
  5
81A
330
1F
100
AcDbEntity
  8
0
100
AcDbLine
 10
23.92036452632945
 20
33.55210373820118
 30
0.0
 11
23.92036452632945
 21
32.55210373820118
 31
0.0
  0
LINE
  5
81B
330
1F
100
AcDbEntity
  8
0
100
AcDbLine
 10
23.87036452632945
 20
33.55210373820118
 30
0.0
 11
23.87036452632945
 21
32.55210373820118
 31
0.0
  0
LINE
  5
81C
330
1F
100
AcDbEntity
  8
0
100
AcDbLine
 10
23.74536452632946
 20
37.95210373820113
 30
0.0
 11
24.04536452632946
 21
37.95210373820113
 31
0.0
  0
LINE
  5
81D
330
1F
100
AcDbEntity
  8
0
100
AcDbLine
 10
24.04536452632946
 20
37.45210373820113
 30
0.0
 11
23.74536452632946
 21
37.45210373820113
 31
0.0
  0
LINE
  5
81E
330
1F
100
AcDbEntity
  8
0
100
AcDbLine
 10
23.92036452632946
 20
37.95210373820113
 30
0.0
 11
23.92036452632946
 21
37.45210373820112
 31
0.0
  0
LINE
  5
81F
330
1F
100
AcDbEntity
  8
0
100
AcDbLine
 10
23.87036452632945
 20
37.95210373820113
 30
0.0
 11
23.87036452632945
 21
37.45210373820112
 31
0.0
  0
MTEXT
  5
82C
330
1F
100
AcDbEntity
  8
0
100
AcDbMText
 10
13.32805594278425
 20
44.18072669365544
 30
0.0
 40
0.2
 41
0.3383106919426666
 46
0.0
 71
     1
 72
     5
  1
D2
 73
     1
 44
1.0
101
Embedded Object
 70
     1
 10
1.0
 20
0.0
 30
0.0
 11
13.32805594278425
 21
44.18072669365544
 31
0.0
 40
0.3383106919426666
 41
0.0
 42
0.3208731241473397
 43
0.200818553888131
 71
     2
 72
     1
 44
0.3383106919426666
 45
12.5
 73
     0
 74
     0
 46
0.1101095902695494
  0
MTEXT
  5
82D
330
1F
100
AcDbEntity
  8
0
100
AcDbMText
 10
16.12089849440203
 20
42.86076610316929
 30
0.0
 40
0.2
 41
0.3383106919426666
 46
0.0
 71
     1
 72
     5
  1
D2
 73
     1
 44
1.0
101
Embedded Object
 70
     1
 10
1.0
 20
0.0
 30
0.0
 11
16.12089849440203
 21
42.86076610316929
 31
0.0
 40
0.3383106919426666
 41
0.0
 42
0.3208731241473397
 43
0.200818553888131
 71
     2
 72
     1
 44
0.3383106919426666
 45
12.5
 73
     0
 74
     0
 46
0.1101095902695494
  0
MTEXT
  5
82E
330
1F
100
AcDbEntity
  8
0
100
AcDbMText
 10
8.421854421892607
 20
44.17489931839965
 30
0.0
 40
0.2
 41
0.3383106919426666
 46
0.0
 71
     1
 72
     5
  1
D2
 73
     1
 44
1.0
101
Embedded Object
 70
     1
 10
1.0
 20
0.0
 30
0.0
 11
8.421854421892607
 21
44.17489931839965
 31
0.0
 40
0.3383106919426666
 41
0.0
 42
0.3208731241473397
 43
0.200818553888131
 71
     2
 72
     1
 44
0.3383106919426666
 45
12.5
 73
     0
 74
     0
 46
0.1101095902695494
  0
MTEXT
  5
82F
330
1F
100
AcDbEntity
  8
0
100
AcDbMText
 10
8.430401611033023
 20
39.02560563738826
 30
0.0
 40
0.2
 41
0.3383106919426666
 46
0.0
 71
     1
 72
     5
  1
D2
 73
     1
 44
1.0
101
Embedded Object
 70
     1
 10
1.0
 20
0.0
 30
0.0
 11
8.430401611033023
 21
39.02560563738826
 31
0.0
 40
0.3383106919426666
 41
0.0
 42
0.3208731241473397
 43
0.200818553888131
 71
     2
 72
     1
 44
0.3383106919426666
 45
12.5
 73
     0
 74
     0
 46
0.1101095902695494
  0
MTEXT
  5
830
330
1F
100
AcDbEntity
  8
0
100
AcDbMText
 10
13.39591324696584
 20
39.02560563738826
 30
0.0
 40
0.2
 41
0.3383106919426666
 46
0.0
 71
     1
 72
     5
  1
D2
 73
     1
 44
1.0
101
Embedded Object
 70
     1
 10
1.0
 20
0.0
 30
0.0
 11
13.39591324696584
 21
39.02560563738826
 31
0.0
 40
0.3383106919426666
 41
0.0
 42
0.3208731241473397
 43
0.200818553888131
 71
     2
 72
     1
 44
0.3383106919426666
 45
12.5
 73
     0
 74
     0
 46
0.1101095902695494
  0
MTEXT
  5
831
330
1F
100
AcDbEntity
  8
0
100
AcDbMText
 10
16.59088057505234
 20
39.02560563738826
 30
0.0
 40
0.2
 41
0.3383106919426666
 46
0.0
 71
     1
 72
     5
  1
D2
 73
     1
 44
1.0
101
Embedded Object
 70
     1
 10
1.0
 20
0.0
 30
0.0
 11
16.59088057505234
 21
39.02560563738826
 31
0.0
 40
0.3383106919426666
 41
0.0
 42
0.3208731241473397
 43
0.200818553888131
 71
     2
 72
     1
 44
0.3383106919426666
 45
12.5
 73
     0
 74
     0
 46
0.1101095902695494
  0
MTEXT
  5
832
330
1F
100
AcDbEntity
  8
0
100
AcDbMText
 10
4.636544379872209
 20
36.97516699604371
 30
0.0
 40
0.2
 41
0.3383106919426666
 46
0.0
 71
     1
 72
     5
  1
D3
 73
     1
 44
1.0
101
Embedded Object
 70
     1
 10
1.0
 20
0.0
 30
0.0
 11
4.636544379872209
 21
36.97516699604371
 31
0.0
 40
0.3383106919426666
 41
0.0
 42
0.3229195088676672
 43
0.2043656207366985
 71
     2
 72
     1
 44
0.3383106919426666
 45
12.5
 73
     0
 74
     0
 46
0.1101095902695494
  0
MTEXT
  5
834
330
1F
100
AcDbEntity
  8
0
100
AcDbMText
 10
7.012961655512857
 20
42.89182796273111
 30
0.0
 40
0.2
 41
0.3383106919426666
 46
0.0
 71
     1
 72
     5
  1
D3
 73
     1
 44
1.0
101
Embedded Object
 70
     1
 10
1.0
 20
0.0
 30
0.0
 11
7.012961655512857
 21
42.89182796273111
 31
0.0
 40
0.3383106919426666
 41
0.0
 42
0.3229195088676672
 43
0.2043656207366985
 71
     2
 72
     1
 44
0.3383106919426666
 45
12.5
 73
     0
 74
     0
 46
0.1101095902695494
  0
MTEXT
  5
835
330
1F
100
AcDbEntity
  8
0
100
AcDbMText
 10
14.57876252018558
 20
39.37984061840096
 30
0.0
 40
0.2
 41
0.3383106919426666
 46
0.0
 71
     1
 72
     5
  1
D3
 73
     1
 44
1.0
101
Embedded Object
 70
     1
 10
1.0
 20
0.0
 30
0.0
 11
14.57876252018558
 21
39.37984061840096
 31
0.0
 40
0.3383106919426666
 41
0.0
 42
0.3229195088676672
 43
0.2043656207366985
 71
     2
 72
     1
 44
0.3383106919426666
 45
12.5
 73
     0
 74
     0
 46
0.1101095902695494
  0
MTEXT
  5
836
330
1F
100
AcDbEntity
  8
0
100
AcDbMText
 10
15.54049617822695
 20
31.66974812255356
 30
0.0
 40
0.2
 41
0.3383106919426666
 46
0.0
 71
     1
 72
     5
  1
D3
 73
     1
 44
1.0
101
Embedded Object
 70
     1
 10
1.0
 20
0.0
 30
0.0
 11
15.54049617822695
 21
31.66974812255356
 31
0.0
 40
0.3383106919426666
 41
0.0
 42
0.3229195088676672
 43
0.2043656207366985
 71
     2
 72
     1
 44
0.3383106919426666
 45
12.5
 73
     0
 74
     0
 46
0.1101095902695494
  0
MTEXT
  5
837
330
1F
100
AcDbEntity
  8
0
100
AcDbMText
 10
6.344428809495571
 20
31.64982734159745
 30
0.0
 40
0.2
 41
0.3383106919426666
 46
0.0
 71
     1
 72
     5
  1
D3
 73
     1
 44
1.0
101
Embedded Object
 70
     1
 10
1.0
 20
0.0
 30
0.0
 11
6.344428809495571
 21
31.64982734159745
 31
0.0
 40
0.3383106919426666
 41
0.0
 42
0.3229195088676672
 43
0.2043656207366985
 71
     2
 72
     1
 44
0.3383106919426666
 45
12.5
 73
     0
 74
     0
 46
0.1101095902695494
  0
MTEXT
  5
838
330
1F
100
AcDbEntity
  8
0
100
AcDbMText
 10
4.576929974078428
 20
24.45459787629433
 30
0.0
 40
0.2
 41
0.3383106919426666
 46
0.0
 71
     1
 72
     5
  1
D1
 73
     1
 44
1.0
101
Embedded Object
 70
     1
 10
1.0
 20
0.0
 30
0.0
 11
4.576929974078428
 21
24.45459787629433
 31
0.0
 40
0.3383106919426666
 41
0.0
 42
0.2843110504774898
 43
0.200818553888131
 71
     2
 72
     1
 44
0.3383106919426666
 45
12.5
 73
     0
 74
     0
 46
0.1101095902695494
  0
MTEXT
  5
839
330
1F
100
AcDbEntity
  8
0
100
AcDbMText
 10
17.24399019361182
 20
24.45459787629433
 30
0.0
 40
0.2
 41
0.3383106919426666
 46
0.0
 71
     1
 72
     5
  1
D1
 73
     1
 44
1.0
101
Embedded Object
 70
     1
 10
1.0
 20
0.0
 30
0.0
 11
17.24399019361182
 21
24.45459787629433
 31
0.0
 40
0.3383106919426666
 41
0.0
 42
0.2843110504774898
 43
0.200818553888131
 71
     2
 72
     1
 44
0.3383106919426666
 45
12.5
 73
     0
 74
     0
 46
0.1101095902695494
  0
MTEXT
  5
83A
330
1F
100
AcDbEntity
  8
0
100
AcDbMText
 10
10.95131735476268
 20
16.81342228956133
 30
0.0
 40
0.2
 41
0.3383106919426666
 46
0.0
 71
     1
 72
     5
  1
D
 73
     1
 44
1.0
101
Embedded Object
 70
     1
 10
1.0
 20
0.0
 30
0.0
 11
10.95131735476268
 21
16.81342228956133
 31
0.0
 40
0.3383106919426666
 41
0.0
 42
0.1653478854024557
 43
0.2
 71
     2
 72
     1
 44
0.3383106919426666
 45
12.5
 73
     0
 74
     0
 46
0.1101095902695494
  0
MTEXT
  5
83B
330
1F
100
AcDbEntity
  8
0
100
AcDbMText
 10
4.576929974078428
 20
35.57985944540801
 30
0.0
 40
0.2
 41
0.3383106919426666
 46
0.0
 71
     1
 72
     5
  1
D1
 73
     1
 44
1.0
101
Embedded Object
 70
     1
 10
1.0
 20
0.0
 30
0.0
 11
4.576929974078428
 21
35.57985944540801
 31
0.0
 40
0.3383106919426666
 41
0.0
 42
0.2843110504774898
 43
0.200818553888131
 71
     2
 72
     1
 44
0.3383106919426666
 45
12.5
 73
     0
 74
     0
 46
0.1101095902695494
  0
MTEXT
  5
83C
330
1F
100
AcDbEntity
  8
0
100
AcDbMText
 10
17.28765813175709
 20
24.45459787629433
 30
0.0
 40
0.2
 41
0.3383106919426666
 46
0.0
 71
     1
 72
     5
  1
D1
 73
     1
 44
1.0
101
Embedded Object
 70
     1
 10
1.0
 20
0.0
 30
0.0
 11
17.28765813175709
 21
24.45459787629433
 31
0.0
 40
0.3383106919426666
 41
0.0
 42
0.2843110504774898
 43
0.200818553888131
 71
     2
 72
     1
 44
0.3383106919426666
 45
12.5
 73
     0
 74
     0
 46
0.1101095902695494
  0
MTEXT
  5
83D
330
1F
100
AcDbEntity
  8
0
100
AcDbMText
 10
17.26595502642926
 20
35.40371852373575
 30
0.0
 40
0.2
 41
0.3383106919426666
 46
0.0
 71
     1
 72
     5
  1
D1
 73
     1
 44
1.0
101
Embedded Object
 70
     1
 10
1.0
 20
0.0
 30
0.0
 11
17.26595502642926
 21
35.40371852373575
 31
0.0
 40
0.3383106919426666
 41
0.0
 42
0.2843110504774898
 43
0.200818553888131
 71
     2
 72
     1
 44
0.3383106919426666
 45
12.5
 73
     0
 74
     0
 46
0.1101095902695494
  0
MTEXT
  5
83E
330
1F
100
AcDbEntity
  8
0
100
AcDbMText
 10
23.83951977119539
 20
36.97516699604371
 30
0.0
 40
0.2
 41
0.3383106919426666
 46
0.0
 71
     1
 72
     5
  1
D3
 73
     1
 44
1.0
101
Embedded Object
 70
     1
 10
1.0
 20
0.0
 30
0.0
 11
23.83951977119539
 21
36.97516699604371
 31
0.0
 40
0.3383106919426666
 41
0.0
 42
0.3229195088676672
 43
0.2043656207366985
 71
     2
 72
     1
 44
0.3383106919426666
 45
12.5
 73
     0
 74
     0
 46
0.1101095902695494
  0
MTEXT
  5
83F
330
1F
100
AcDbEntity
  8
0
100
AcDbMText
 10
25.60091740214263
 20
40.14181255300964
 30
0.0
 40
0.2
 41
0.3383106919426666
 46
0.0
 71
     1
 72
     5
  1
D3
 73
     1
 44
1.0
101
Embedded Object
 70
     1
 10
1.0
 20
0.0
 30
0.0
 11
25.60091740214263
 21
40.14181255300964
 31
0.0
 40
0.3383106919426666
 41
0.0
 42
0.3229195088676672
 43
0.2043656207366985
 71
     2
 72
     1
 44
0.3383106919426666
 45
12.5
 73
     0
 74
     0
 46
0.1101095902695494
  0
MTEXT
  5
840
330
1F
100
AcDbEntity
  8
0
100
AcDbMText
 10
26.22246332566762
 20
40.14181255300964
 30
0.0
 40
0.2
 41
0.3383106919426666
 46
0.0
 71
     1
 72
     5
  1
D3
 73
     1
 44
1.0
101
Embedded Object
 70
     1
 10
1.0
 20
0.0
 30
0.0
 11
26.22246332566762
 21
40.14181255300964
 31
0.0
 40
0.3383106919426666
 41
0.0
 42
0.3229195088676672
 43
0.2043656207366985
 71
     2
 72
     1
 44
0.3383106919426666
 45
12.5
 73
     0
 74
     0
 46
0.1101095902695494
  0
MTEXT
  5
841
330
1F
100
AcDbEntity
  8
0
100
AcDbMText
 10
29.76878900672724
 20
40.15210373820118
 30
0.0
 40
0.2
 41
0.3383106919426666
 46
0.0
 71
     1
 72
     5
  1
D3
 73
     1
 44
1.0
101
Embedded Object
 70
     1
 10
1.0
 20
0.0
 30
0.0
 11
29.76878900672724
 21
40.15210373820118
 31
0.0
 40
0.3383106919426666
 41
0.0
 42
0.3229195088676672
 43
0.2043656207366985
 71
     2
 72
     1
 44
0.3383106919426666
 45
12.5
 73
     0
 74
     0
 46
0.1101095902695494
  0
MTEXT
  5
842
330
1F
100
AcDbEntity
  8
0
100
AcDbMText
 10
30.4345291398371
 20
40.15210373820118
 30
0.0
 40
0.2
 41
0.3383106919426666
 46
0.0
 71
     1
 72
     5
  1
D3
 73
     1
 44
1.0
101
Embedded Object
 70
     1
 10
1.0
 20
0.0
 30
0.0
 11
30.4345291398371
 21
40.15210373820118
 31
0.0
 40
0.3383106919426666
 41
0.0
 42
0.3229195088676672
 43
0.2043656207366985
 71
     2
 72
     1
 44
0.3383106919426666
 45
12.5
 73
     0
 74
     0
 46
0.1101095902695494
  0
MTEXT
  5
843
330
1F
100
AcDbEntity
  8
0
100
AcDbMText
 10
33.98463082430517
 20
40.15210373820118
 30
0.0
 40
0.2
 41
0.3383106919426666
 46
0.0
 71
     1
 72
     5
  1
D3
 73
     1
 44
1.0
101
Embedded Object
 70
     1
 10
1.0
 20
0.0
 30
0.0
 11
33.98463082430517
 21
40.15210373820118
 31
0.0
 40
0.3383106919426666
 41
0.0
 42
0.3229195088676672
 43
0.2043656207366985
 71
     2
 72
     1
 44
0.3383106919426666
 45
12.5
 73
     0
 74
     0
 46
0.1101095902695494
  0
MTEXT
  5
844
330
1F
100
AcDbEntity
  8
0
100
AcDbMText
 10
34.67367170118452
 20
40.15210373820118
 30
0.0
 40
0.2
 41
0.3383106919426666
 46
0.0
 71
     1
 72
     5
  1
D3
 73
     1
 44
1.0
101
Embedded Object
 70
     1
 10
1.0
 20
0.0
 30
0.0
 11
34.67367170118452
 21
40.15210373820118
 31
0.0
 40
0.3383106919426666
 41
0.0
 42
0.3229195088676672
 43
0.2043656207366985
 71
     2
 72
     1
 44
0.3383106919426666
 45
12.5
 73
     0
 74
     0
 46
0.1101095902695494
  0
MTEXT
  5
845
330
1F
100
AcDbEntity
  8
0
100
AcDbMText
 10
36.03178172195932
 20
39.05591994947791
 30
0.0
 40
0.2
 41
0.3383106919426666
 46
0.0
 71
     1
 72
     5
  1
D3
 73
     1
 44
1.0
101
Embedded Object
 70
     1
 10
1.0
 20
0.0
 30
0.0
 11
36.03178172195932
 21
39.05591994947791
 31
0.0
 40
0.3383106919426666
 41
0.0
 42
0.3229195088676672
 43
0.2043656207366985
 71
     2
 72
     1
 44
0.3383106919426666
 45
12.5
 73
     0
 74
     0
 46
0.1101095902695494
  0
MTEXT
  5
846
330
1F
100
AcDbEntity
  8
0
100
AcDbMText
 10
24.13860143921331
 20
39.04972802347433
 30
0.0
 40
0.2
 41
0.3383106919426666
 46
0.0
 71
     1
 72
     5
  1
D3
 73
     1
 44
1.0
101
Embedded Object
 70
     1
 10
1.0
 20
0.0
 30
0.0
 11
24.13860143921331
 21
39.04972802347433
 31
0.0
 40
0.3383106919426666
 41
0.0
 42
0.3229195088676672
 43
0.2043656207366985
 71
     2
 72
     1
 44
0.3383106919426666
 45
12.5
 73
     0
 74
     0
 46
0.1101095902695494
  0
MTEXT
  5
847
330
1F
100
AcDbEntity
  8
0
100
AcDbMText
 10
24.08846411644614
 20
41.64525168048578
 30
0.0
 40
0.2
 41
0.3383106919426666
 46
0.0
 71
     1
 72
     5
  1
D4
 73
     1
 44
1.0
101
Embedded Object
 70
     1
 10
1.0
 20
0.0
 30
0.0
 11
24.08846411644614
 21
41.64525168048578
 31
0.0
 40
0.3383106919426666
 41
0.0
 42
0.3221009549795362
 43
0.2
 71
     2
 72
     1
 44
0.3383106919426666
 45
12.5
 73
     0
 74
     0
 46
0.1101095902695494
  0
MTEXT
  5
848
330
1F
100
AcDbEntity
  8
0
100
AcDbMText
 10
27.70647113873186
 20
41.64525168048578
 30
0.0
 40
0.2
 41
0.3383106919426666
 46
0.0
 71
     1
 72
     5
  1
D4
 73
     1
 44
1.0
101
Embedded Object
 70
     1
 10
1.0
 20
0.0
 30
0.0
 11
27.70647113873186
 21
41.64525168048578
 31
0.0
 40
0.3383106919426666
 41
0.0
 42
0.3221009549795362
 43
0.2
 71
     2
 72
     1
 44
0.3383106919426666
 45
12.5
 73
     0
 74
     0
 46
0.1101095902695494
  0
MTEXT
  5
849
330
1F
100
AcDbEntity
  8
0
100
AcDbMText
 10
28.29150870078546
 20
41.64525168048578
 30
0.0
 40
0.2
 41
0.3383106919426666
 46
0.0
 71
     1
 72
     5
  1
D4
 73
     1
 44
1.0
101
Embedded Object
 70
     1
 10
1.0
 20
0.0
 30
0.0
 11
28.29150870078546
 21
41.64525168048578
 31
0.0
 40
0.3383106919426666
 41
0.0
 42
0.3221009549795362
 43
0.2
 71
     2
 72
     1
 44
0.3383106919426666
 45
12.5
 73
     0
 74
     0
 46
0.1101095902695494
  0
MTEXT
  5
84A
330
1F
100
AcDbEntity
  8
0
100
AcDbMText
 10
31.90051058217735
 20
41.64525168048578
 30
0.0
 40
0.2
 41
0.3383106919426666
 46
0.0
 71
     1
 72
     5
  1
D4
 73
     1
 44
1.0
101
Embedded Object
 70
     1
 10
1.0
 20
0.0
 30
0.0
 11
31.90051058217735
 21
41.64525168048578
 31
0.0
 40
0.3383106919426666
 41
0.0
 42
0.3221009549795362
 43
0.2
 71
     2
 72
     1
 44
0.3383106919426666
 45
12.5
 73
     0
 74
     0
 46
0.1101095902695494
  0
MTEXT
  5
84B
330
1F
100
AcDbEntity
  8
0
100
AcDbMText
 10
32.49711795484747
 20
41.64525168048578
 30
0.0
 40
0.2
 41
0.3383106919426666
 46
0.0
 71
     1
 72
     5
  1
D4
 73
     1
 44
1.0
101
Embedded Object
 70
     1
 10
1.0
 20
0.0
 30
0.0
 11
32.49711795484747
 21
41.64525168048578
 31
0.0
 40
0.3383106919426666
 41
0.0
 42
0.3221009549795362
 43
0.2
 71
     2
 72
     1
 44
0.3383106919426666
 45
12.5
 73
     0
 74
     0
 46
0.1101095902695494
  0
MTEXT
  5
84C
330
1F
100
AcDbEntity
  8
0
100
AcDbMText
 10
36.09833349056699
 20
41.64525168048578
 30
0.0
 40
0.2
 41
0.3383106919426666
 46
0.0
 71
     1
 72
     5
  1
D4
 73
     1
 44
1.0
101
Embedded Object
 70
     1
 10
1.0
 20
0.0
 30
0.0
 11
36.09833349056699
 21
41.64525168048578
 31
0.0
 40
0.3383106919426666
 41
0.0
 42
0.3221009549795362
 43
0.2
 71
     2
 72
     1
 44
0.3383106919426666
 45
12.5
 73
     0
 74
     0
 46
0.1101095902695494
  0
MTEXT
  5
84E
330
1F
100
AcDbEntity
  8
0
100
AcDbMText
 10
16.03806075827161
 20
30.13803801177305
 30
0.0
 40
0.2
 41
0.3383106919426666
 46
0.0
 71
     1
 72
     5
  1
D4
 73
     1
 44
1.0
101
Embedded Object
 70
     1
 10
1.0
 20
0.0
 30
0.0
 11
16.03806075827161
 21
30.13803801177305
 31
0.0
 40
0.3383106919426666
 41
0.0
 42
0.3221009549795362
 43
0.2
 71
     2
 72
     1
 44
0.3383106919426666
 45
12.5
 73
     0
 74
     0
 46
0.1101095902695494
  0
MTEXT
  5
84F
330
1F
100
AcDbEntity
  8
0
100
AcDbMText
 10
5.816710298317094
 20
30.13803801177305
 30
0.0
 40
0.2
 41
0.3383106919426666
 46
0.0
 71
     1
 72
     5
  1
D4
 73
     1
 44
1.0
101
Embedded Object
 70
     1
 10
1.0
 20
0.0
 30
0.0
 11
5.816710298317094
 21
30.13803801177305
 31
0.0
 40
0.3383106919426666
 41
0.0
 42
0.3221009549795362
 43
0.2
 71
     2
 72
     1
 44
0.3383106919426666
 45
12.5
 73
     0
 74
     0
 46
0.1101095902695494
  0
MTEXT
  5
850
330
1F
100
AcDbEntity
  8
0
100
AcDbMText
 10
5.823982264372393
 20
39.33640665400654
 30
0.0
 40
0.2
 41
0.3383106919426666
 46
0.0
 71
     1
 72
     5
  1
D4
 73
     1
 44
1.0
101
Embedded Object
 70
     1
 10
1.0
 20
0.0
 30
0.0
 11
5.823982264372393
 21
39.33640665400654
 31
0.0
 40
0.3383106919426666
 41
0.0
 42
0.3221009549795362
 43
0.2
 71
     2
 72
     1
 44
0.3383106919426666
 45
12.5
 73
     0
 74
     0
 46
0.1101095902695494
  0
MTEXT
  5
851
330
1F
100
AcDbEntity
  8
0
100
AcDbMText
 10
5.826610823494508
 20
40.30750256685277
 30
0.0
 40
0.2
 41
0.3383106919426666
 46
0.0
 71
     1
 72
     5
  1
D4
 73
     1
 44
1.0
101
Embedded Object
 70
     1
 10
1.0
 20
0.0
 30
0.0
 11
5.826610823494508
 21
40.30750256685277
 31
0.0
 40
0.3383106919426666
 41
0.0
 42
0.3221009549795362
 43
0.2
 71
     2
 72
     1
 44
0.3383106919426666
 45
12.5
 73
     0
 74
     0
 46
0.1101095902695494
  0
MTEXT
  5
852
330
1F
100
AcDbEntity
  8
0
100
AcDbMText
 10
5.829239382616623
 20
41.22022482761529
 30
0.0
 40
0.2
 41
0.3383106919426666
 46
0.0
 71
     1
 72
     5
  1
D4
 73
     1
 44
1.0
101
Embedded Object
 70
     1
 10
1.0
 20
0.0
 30
0.0
 11
5.829239382616623
 21
41.22022482761529
 31
0.0
 40
0.3383106919426666
 41
0.0
 42
0.3221009549795362
 43
0.2
 71
     2
 72
     1
 44
0.3383106919426666
 45
12.5
 73
     0
 74
     0
 46
0.1101095902695494
  0
MTEXT
  5
853
330
1F
100
AcDbEntity
  8
0
100
AcDbMText
 10
5.831867941738739
 20
42.22523832845114
 30
0.0
 40
0.2
 41
0.3383106919426666
 46
0.0
 71
     1
 72
     5
  1
D4
 73
     1
 44
1.0
101
Embedded Object
 70
     1
 10
1.0
 20
0.0
 30
0.0
 11
5.831867941738739
 21
42.22523832845114
 31
0.0
 40
0.3383106919426666
 41
0.0
 42
0.3221009549795362
 43
0.2
 71
     2
 72
     1
 44
0.3383106919426666
 45
12.5
 73
     0
 74
     0
 46
0.1101095902695494
  0
MTEXT
  5
854
330
1F
100
AcDbEntity
  8
0
100
AcDbMText
 10
13.65025578012008
 20
16.47934563203181
 30
0.0
 40
0.2
 41
0.3383106919426666
 46
0.0
 71
     1
 72
     5
  1
W
 73
     1
 44
1.0
101
Embedded Object
 70
     1
 10
1.0
 20
0.0
 30
0.0
 11
13.65025578012008
 21
16.47934563203181
 31
0.0
 40
0.3383106919426666
 41
0.0
 42
0.257162346521146
 43
0.2
 71
     2
 72
     1
 44
0.3383106919426666
 45
12.5
 73
     0
 74
     0
 46
0.1101095902695494
  0
MTEXT
  5
855
330
1F
100
AcDbEntity
  8
0
100
AcDbMText
 10
8.208738972018881
 20
16.47934563203181
 30
0.0
 40
0.2
 41
0.3383106919426666
 46
0.0
 71
     1
 72
     5
  1
W
 73
     1
 44
1.0
101
Embedded Object
 70
     1
 10
1.0
 20
0.0
 30
0.0
 11
8.208738972018881
 21
16.47934563203181
 31
0.0
 40
0.3383106919426666
 41
0.0
 42
0.257162346521146
 43
0.2
 71
     2
 72
     1
 44
0.3383106919426666
 45
12.5
 73
     0
 74
     0
 46
0.1101095902695494
  0
MTEXT
  5
857
330
1F
100
AcDbEntity
  8
0
100
AcDbMText
 10
25.4009484786473
 20
16.47934563203181
 30
0.0
 40
0.2
 41
0.3383106919426666
 46
0.0
 71
     1
 72
     5
  1
W
 73
     1
 44
1.0
101
Embedded Object
 70
     1
 10
1.0
 20
0.0
 30
0.0
 11
25.4009484786473
 21
16.47934563203181
 31
0.0
 40
0.3383106919426666
 41
0.0
 42
0.257162346521146
 43
0.2
 71
     2
 72
     1
 44
0.3383106919426666
 45
12.5
 73
     0
 74
     0
 46
0.1101095902695494
  0
MTEXT
  5
858
330
1F
100
AcDbEntity
  8
0
100
AcDbMText
 10
27.40191946552937
 20
16.47934563203181
 30
0.0
 40
0.2
 41
0.3383106919426666
 46
0.0
 71
     1
 72
     5
  1
W
 73
     1
 44
1.0
101
Embedded Object
 70
     1
 10
1.0
 20
0.0
 30
0.0
 11
27.40191946552937
 21
16.47934563203181
 31
0.0
 40
0.3383106919426666
 41
0.0
 42
0.257162346521146
 43
0.2
 71
     2
 72
     1
 44
0.3383106919426666
 45
12.5
 73
     0
 74
     0
 46
0.1101095902695494
  0
MTEXT
  5
859
330
1F
100
AcDbEntity
  8
0
100
AcDbMText
 10
29.46513668174917
 20
16.47934563203181
 30
0.0
 40
0.2
 41
0.3383106919426666
 46
0.0
 71
     1
 72
     5
  1
W
 73
     1
 44
1.0
101
Embedded Object
 70
     1
 10
1.0
 20
0.0
 30
0.0
 11
29.46513668174917
 21
16.47934563203181
 31
0.0
 40
0.3383106919426666
 41
0.0
 42
0.257162346521146
 43
0.2
 71
     2
 72
     1
 44
0.3383106919426666
 45
12.5
 73
     0
 74
     0
 46
0.1101095902695494
  0
MTEXT
  5
85A
330
1F
100
AcDbEntity
  8
0
100
AcDbMText
 10
30.83018266629997
 20
16.47934563203181
 30
0.0
 40
0.2
 41
0.3383106919426666
 46
0.0
 71
     1
 72
     5
  1
W
 73
     1
 44
1.0
101
Embedded Object
 70
     1
 10
1.0
 20
0.0
 30
0.0
 11
30.83018266629997
 21
16.47934563203181
 31
0.0
 40
0.3383106919426666
 41
0.0
 42
0.257162346521146
 43
0.2
 71
     2
 72
     1
 44
0.3383106919426666
 45
12.5
 73
     0
 74
     0
 46
0.1101095902695494
  0
MTEXT
  5
85B
330
1F
100
AcDbEntity
  8
0
100
AcDbMText
 10
32.86952833126951
 20
16.47934563203181
 30
0.0
 40
0.2
 41
0.3383106919426666
 46
0.0
 71
     1
 72
     5
  1
W
 73
     1
 44
1.0
101
Embedded Object
 70
     1
 10
1.0
 20
0.0
 30
0.0
 11
32.86952833126951
 21
16.47934563203181
 31
0.0
 40
0.3383106919426666
 41
0.0
 42
0.257162346521146
 43
0.2
 71
     2
 72
     1
 44
0.3383106919426666
 45
12.5
 73
     0
 74
     0
 46
0.1101095902695494
  0
MTEXT
  5
85C
330
1F
100
AcDbEntity
  8
0
100
AcDbMText
 10
34.77949353216327
 20
16.47934563203181
 30
0.0
 40
0.2
 41
0.3383106919426666
 46
0.0
 71
     1
 72
     5
  1
W
 73
     1
 44
1.0
101
Embedded Object
 70
     1
 10
1.0
 20
0.0
 30
0.0
 11
34.77949353216327
 21
16.47934563203181
 31
0.0
 40
0.3383106919426666
 41
0.0
 42
0.257162346521146
 43
0.2
 71
     2
 72
     1
 44
0.3383106919426666
 45
12.5
 73
     0
 74
     0
 46
0.1101095902695494
  0
MTEXT
  5
85D
330
1F
100
AcDbEntity
  8
0
100
AcDbMText
 10
36.87760205516527
 20
20.89171109250903
 30
0.0
 40
0.2
 41
0.3383106919426666
 46
0.0
 71
     1
 72
     5
  1
W
 73
     1
 44
1.0
101
Embedded Object
 70
     1
 10
1.0
 20
0.0
 30
0.0
 11
36.87760205516527
 21
20.89171109250903
 31
0.0
 40
0.3383106919426666
 41
0.0
 42
0.257162346521146
 43
0.2
 71
     2
 72
     1
 44
0.3383106919426666
 45
12.5
 73
     0
 74
     0
 46
0.1101095902695494
  0
MTEXT
  5
85E
330
1F
100
AcDbEntity
  8
0
100
AcDbMText
 10
36.87760205516527
 20
22.41236953912824
 30
0.0
 40
0.2
 41
0.3383106919426666
 46
0.0
 71
     1
 72
     5
  1
W
 73
     1
 44
1.0
101
Embedded Object
 70
     1
 10
1.0
 20
0.0
 30
0.0
 11
36.87760205516527
 21
22.41236953912824
 31
0.0
 40
0.3383106919426666
 41
0.0
 42
0.257162346521146
 43
0.2
 71
     2
 72
     1
 44
0.3383106919426666
 45
12.5
 73
     0
 74
     0
 46
0.1101095902695494
  0
MTEXT
  5
85F
330
1F
100
AcDbEntity
  8
0
100
AcDbMText
 10
36.87760205516527
 20
23.79827265131178
 30
0.0
 40
0.2
 41
0.3383106919426666
 46
0.0
 71
     1
 72
     5
  1
W
 73
     1
 44
1.0
101
Embedded Object
 70
     1
 10
1.0
 20
0.0
 30
0.0
 11
36.87760205516527
 21
23.79827265131178
 31
0.0
 40
0.3383106919426666
 41
0.0
 42
0.257162346521146
 43
0.2
 71
     2
 72
     1
 44
0.3383106919426666
 45
12.5
 73
     0
 74
     0
 46
0.1101095902695494
  0
MTEXT
  5
860
330
1F
100
AcDbEntity
  8
0
100
AcDbMText
 10
36.87760205516527
 20
26.32800523780202
 30
0.0
 40
0.2
 41
0.3383106919426666
 46
0.0
 71
     1
 72
     5
  1
W
 73
     1
 44
1.0
101
Embedded Object
 70
     1
 10
1.0
 20
0.0
 30
0.0
 11
36.87760205516527
 21
26.32800523780202
 31
0.0
 40
0.3383106919426666
 41
0.0
 42
0.257162346521146
 43
0.2
 71
     2
 72
     1
 44
0.3383106919426666
 45
12.5
 73
     0
 74
     0
 46
0.1101095902695494
  0
MTEXT
  5
861
330
1F
100
AcDbEntity
  8
0
100
AcDbMText
 10
36.87760205516527
 20
28.39283465340628
 30
0.0
 40
0.2
 41
0.3383106919426666
 46
0.0
 71
     1
 72
     5
  1
W
 73
     1
 44
1.0
101
Embedded Object
 70
     1
 10
1.0
 20
0.0
 30
0.0
 11
36.87760205516527
 21
28.39283465340628
 31
0.0
 40
0.3383106919426666
 41
0.0
 42
0.257162346521146
 43
0.2
 71
     2
 72
     1
 44
0.3383106919426666
 45
12.5
 73
     0
 74
     0
 46
0.1101095902695494
  0
MTEXT
  5
862
330
1F
100
AcDbEntity
  8
0
100
AcDbMText
 10
36.87760205516527
 20
30.36643085132056
 30
0.0
 40
0.2
 41
0.3383106919426666
 46
0.0
 71
     1
 72
     5
  1
W
 73
     1
 44
1.0
101
Embedded Object
 70
     1
 10
1.0
 20
0.0
 30
0.0
 11
36.87760205516527
 21
30.36643085132056
 31
0.0
 40
0.3383106919426666
 41
0.0
 42
0.257162346521146
 43
0.2
 71
     2
 72
     1
 44
0.3383106919426666
 45
12.5
 73
     0
 74
     0
 46
0.1101095902695494
  0
MTEXT
  5
863
330
1F
100
AcDbEntity
  8
0
100
AcDbMText
 10
23.34512657699476
 20
20.90853634734177
 30
0.0
 40
0.2
 41
0.3383106919426666
 46
0.0
 71
     1
 72
     5
  1
W
 73
     1
 44
1.0
101
Embedded Object
 70
     1
 10
1.0
 20
0.0
 30
0.0
 11
23.34512657699476
 21
20.90853634734177
 31
0.0
 40
0.3383106919426666
 41
0.0
 42
0.257162346521146
 43
0.2
 71
     2
 72
     1
 44
0.3383106919426666
 45
12.5
 73
     0
 74
     0
 46
0.1101095902695494
  0
MTEXT
  5
864
330
1F
100
AcDbEntity
  8
0
100
AcDbMText
 10
23.34512657699476
 20
22.44228609771224
 30
0.0
 40
0.2
 41
0.3383106919426666
 46
0.0
 71
     1
 72
     5
  1
W
 73
     1
 44
1.0
101
Embedded Object
 70
     1
 10
1.0
 20
0.0
 30
0.0
 11
23.34512657699476
 21
22.44228609771224
 31
0.0
 40
0.3383106919426666
 41
0.0
 42
0.257162346521146
 43
0.2
 71
     2
 72
     1
 44
0.3383106919426666
 45
12.5
 73
     0
 74
     0
 46
0.1101095902695494
  0
MTEXT
  5
865
330
1F
100
AcDbEntity
  8
0
100
AcDbMText
 10
23.34512657699476
 20
23.89964037979039
 30
0.0
 40
0.2
 41
0.3383106919426666
 46
0.0
 71
     1
 72
     5
  1
W
 73
     1
 44
1.0
101
Embedded Object
 70
     1
 10
1.0
 20
0.0
 30
0.0
 11
23.34512657699476
 21
23.89964037979039
 31
0.0
 40
0.3383106919426666
 41
0.0
 42
0.257162346521146
 43
0.2
 71
     2
 72
     1
 44
0.3383106919426666
 45
12.5
 73
     0
 74
     0
 46
0.1101095902695494
  0
MTEXT
  5
866
330
1F
100
AcDbEntity
  8
0
100
AcDbMText
 10
23.34512657699476
 20
26.36965363166293
 30
0.0
 40
0.2
 41
0.3383106919426666
 46
0.0
 71
     1
 72
     5
  1
W
 73
     1
 44
1.0
101
Embedded Object
 70
     1
 10
1.0
 20
0.0
 30
0.0
 11
23.34512657699476
 21
26.36965363166293
 31
0.0
 40
0.3383106919426666
 41
0.0
 42
0.257162346521146
 43
0.2
 71
     2
 72
     1
 44
0.3383106919426666
 45
12.5
 73
     0
 74
     0
 46
0.1101095902695494
  0
MTEXT
  5
867
330
1F
100
AcDbEntity
  8
0
100
AcDbMText
 10
23.34512657699476
 20
28.43581008965641
 30
0.0
 40
0.2
 41
0.3383106919426666
 46
0.0
 71
     1
 72
     5
  1
W
 73
     1
 44
1.0
101
Embedded Object
 70
     1
 10
1.0
 20
0.0
 30
0.0
 11
23.34512657699476
 21
28.43581008965641
 31
0.0
 40
0.3383106919426666
 41
0.0
 42
0.257162346521146
 43
0.2
 71
     2
 72
     1
 44
0.3383106919426666
 45
12.5
 73
     0
 74
     0
 46
0.1101095902695494
  0
MTEXT
  5
868
330
1F
100
AcDbEntity
  8
0
100
AcDbMText
 10
23.34512657699476
 20
30.43747737473931
 30
0.0
 40
0.2
 41
0.3383106919426666
 46
0.0
 71
     1
 72
     5
  1
W
 73
     1
 44
1.0
101
Embedded Object
 70
     1
 10
1.0
 20
0.0
 30
0.0
 11
23.34512657699476
 21
30.43747737473931
 31
0.0
 40
0.3383106919426666
 41
0.0
 42
0.257162346521146
 43
0.2
 71
     2
 72
     1
 44
0.3383106919426666
 45
12.5
 73
     0
 74
     0
 46
0.1101095902695494
  0
MTEXT
  5
869
330
1F
100
AcDbEntity
  8
0
100
AcDbMText
 10
23.34512657699476
 20
33.14713609438135
 30
0.0
 40
0.2
 41
0.3383106919426666
 46
0.0
 71
     1
 72
     5
  1
W
 73
     1
 44
1.0
101
Embedded Object
 70
     1
 10
1.0
 20
0.0
 30
0.0
 11
23.34512657699476
 21
33.14713609438135
 31
0.0
 40
0.3383106919426666
 41
0.0
 42
0.257162346521146
 43
0.2
 71
     2
 72
     1
 44
0.3383106919426666
 45
12.5
 73
     0
 74
     0
 46
0.1101095902695494
  0
LINE
  5
86B
330
1F
100
AcDbEntity
  8
0
100
AcDbLine
 10
25.29536452632946
 20
42.65210373820117
 30
0.0
 11
25.29536452632946
 21
42.95210373820117
 31
0.0
  0
LINE
  5
86C
330
1F
100
AcDbEntity
  8
0
100
AcDbLine
 10
25.79536452632945
 20
42.65210373820117
 30
0.0
 11
25.79536452632945
 21
42.95210373820117
 31
0.0
  0
MTEXT
  5
881
330
1F
100
AcDbEntity
  8
0
100
AcDbMText
 10
17.68386719723405
 20
20.84530960697968
 30
0.0
 40
0.2
 41
0.3383106919426666
 46
0.0
 71
     1
 72
     5
  1
W
 73
     1
 44
1.0
101
Embedded Object
 70
     1
 10
1.0
 20
0.0
 30
0.0
 11
17.68386719723405
 21
20.84530960697968
 31
0.0
 40
0.3383106919426666
 41
0.0
 42
0.257162346521146
 43
0.2
 71
     2
 72
     1
 44
0.3383106919426666
 45
12.5
 73
     0
 74
     0
 46
0.1101095902695494
  0
MTEXT
  5
882
330
1F
100
AcDbEntity
  8
0
100
AcDbMText
 10
17.68386719723405
 20
22.3503735371848
 30
0.0
 40
0.2
 41
0.3383106919426666
 46
0.0
 71
     1
 72
     5
  1
W
 73
     1
 44
1.0
101
Embedded Object
 70
     1
 10
1.0
 20
0.0
 30
0.0
 11
17.68386719723405
 21
22.3503735371848
 31
0.0
 40
0.3383106919426666
 41
0.0
 42
0.257162346521146
 43
0.2
 71
     2
 72
     1
 44
0.3383106919426666
 45
12.5
 73
     0
 74
     0
 46
0.1101095902695494
  0
MTEXT
  5
883
330
1F
100
AcDbEntity
  8
0
100
AcDbMText
 10
17.68386719723405
 20
26.35210373820119
 30
0.0
 40
0.2
 41
0.3383106919426666
 46
0.0
 71
     1
 72
     5
  1
W
 73
     1
 44
1.0
101
Embedded Object
 70
     1
 10
1.0
 20
0.0
 30
0.0
 11
17.68386719723405
 21
26.35210373820119
 31
0.0
 40
0.3383106919426666
 41
0.0
 42
0.257162346521146
 43
0.2
 71
     2
 72
     1
 44
0.3383106919426666
 45
12.5
 73
     0
 74
     0
 46
0.1101095902695494
  0
MTEXT
  5
885
330
1F
100
AcDbEntity
  8
0
100
AcDbMText
 10
17.68386719723405
 20
28.37117715214278
 30
0.0
 40
0.2
 41
0.3383106919426666
 46
0.0
 71
     1
 72
     5
  1
W
 73
     1
 44
1.0
101
Embedded Object
 70
     1
 10
1.0
 20
0.0
 30
0.0
 11
17.68386719723405
 21
28.37117715214278
 31
0.0
 40
0.3383106919426666
 41
0.0
 42
0.257162346521146
 43
0.2
 71
     2
 72
     1
 44
0.3383106919426666
 45
12.5
 73
     0
 74
     0
 46
0.1101095902695494
  0
MTEXT
  5
886
330
1F
100
AcDbEntity
  8
0
100
AcDbMText
 10
4.143520735019468
 20
28.47229100877421
 30
0.0
 40
0.2
 41
0.3383106919426666
 46
0.0
 71
     1
 72
     5
  1
W
 73
     1
 44
1.0
101
Embedded Object
 70
     1
 10
1.0
 20
0.0
 30
0.0
 11
4.143520735019468
 21
28.47229100877421
 31
0.0
 40
0.3383106919426666
 41
0.0
 42
0.257162346521146
 43
0.2
 71
     2
 72
     1
 44
0.3383106919426666
 45
12.5
 73
     0
 74
     0
 46
0.1101095902695494
  0
MTEXT
  5
887
330
1F
100
AcDbEntity
  8
0
100
AcDbMText
 10
4.16134295214913
 20
26.44218804365018
 30
0.0
 40
0.2
 41
0.3383106919426666
 46
0.0
 71
     1
 72
     5
  1
W
 73
     1
 44
1.0
101
Embedded Object
 70
     1
 10
1.0
 20
0.0
 30
0.0
 11
4.16134295214913
 21
26.44218804365018
 31
0.0
 40
0.3383106919426666
 41
0.0
 42
0.257162346521146
 43
0.2
 71
     2
 72
     1
 44
0.3383106919426666
 45
12.5
 73
     0
 74
     0
 46
0.1101095902695494
  0
MTEXT
  5
888
330
1F
100
AcDbEntity
  8
0
100
AcDbMText
 10
4.94989524383169
 20
22.40404089596291
 30
0.0
 40
0.2
 41
0.3383106919426666
 46
0.0
 71
     1
 72
     5
  1
W
 73
     1
 44
1.0
101
Embedded Object
 70
     1
 10
1.0
 20
0.0
 30
0.0
 11
4.94989524383169
 21
22.40404089596291
 31
0.0
 40
0.3383106919426666
 41
0.0
 42
0.257162346521146
 43
0.2
 71
     2
 72
     1
 44
0.3383106919426666
 45
12.5
 73
     0
 74
     0
 46
0.1101095902695494
  0
MTEXT
  5
889
330
1F
100
AcDbEntity
  8
0
100
AcDbMText
 10
4.046811684288957
 20
20.97950066242113
 30
0.0
 40
0.2
 41
0.3383106919426666
 46
0.0
 71
     1
 72
     5
  1
W
 73
     1
 44
1.0
101
Embedded Object
 70
     1
 10
1.0
 20
0.0
 30
0.0
 11
4.046811684288957
 21
20.97950066242113
 31
0.0
 40
0.3383106919426666
 41
0.0
 42
0.257162346521146
 43
0.2
 71
     2
 72
     1
 44
0.3383106919426666
 45
12.5
 73
     0
 74
     0
 46
0.1101095902695494
  0
MTEXT
  5
88A
330
1F
100
AcDbEntity
  8
0
100
AcDbMText
 10
4.085541972398278
 20
33.1310670428246
 30
0.0
 40
0.2
 41
0.3383106919426666
 46
0.0
 71
     1
 72
     5
  1
W
 73
     1
 44
1.0
101
Embedded Object
 70
     1
 10
1.0
 20
0.0
 30
0.0
 11
4.085541972398278
 21
33.1310670428246
 31
0.0
 40
0.3383106919426666
 41
0.0
 42
0.257162346521146
 43
0.2
 71
     2
 72
     1
 44
0.3383106919426666
 45
12.5
 73
     0
 74
     0
 46
0.1101095902695494
  0
MTEXT
  5
88B
330
1F
100
AcDbEntity
  8
0
100
AcDbMText
 10
17.68386719723405
 20
33.25210373820119
 30
0.0
 40
0.2
 41
0.3383106919426666
 46
0.0
 71
     1
 72
     5
  1
W
 73
     1
 44
1.0
101
Embedded Object
 70
     1
 10
1.0
 20
0.0
 30
0.0
 11
17.68386719723405
 21
33.25210373820119
 31
0.0
 40
0.3383106919426666
 41
0.0
 42
0.257162346521146
 43
0.2
 71
     2
 72
     1
 44
0.3383106919426666
 45
12.5
 73
     0
 74
     0
 46
0.1101095902695494
  0
MTEXT
  5
88C
330
1F
100
AcDbEntity
  8
0
100
AcDbMText
 10
17.68386719723405
 20
37.67639825309074
 30
0.0
 40
0.2
 41
0.3383106919426666
 46
0.0
 71
     1
 72
     5
  1
W
 73
     1
 44
1.0
101
Embedded Object
 70
     1
 10
1.0
 20
0.0
 30
0.0
 11
17.68386719723405
 21
37.67639825309074
 31
0.0
 40
0.3383106919426666
 41
0.0
 42
0.257162346521146
 43
0.2
 71
     2
 72
     1
 44
0.3383106919426666
 45
12.5
 73
     0
 74
     0
 46
0.1101095902695494
  0
MTEXT
  5
88D
330
1F
100
AcDbEntity
  8
0
100
AcDbMText
 10
11.92801130433073
 20
38.67324206137182
 30
0.0
 40
0.2
 41
0.3383106919426666
 46
0.0
 71
     1
 72
     5
  1
W
 73
     1
 44
1.0
101
Embedded Object
 70
     1
 10
1.0
 20
0.0
 30
0.0
 11
11.92801130433073
 21
38.67324206137182
 31
0.0
 40
0.3383106919426666
 41
0.0
 42
0.257162346521146
 43
0.2
 71
     2
 72
     1
 44
0.3383106919426666
 45
12.5
 73
     0
 74
     0
 46
0.1101095902695494
  0
MTEXT
  5
88E
330
1F
100
AcDbEntity
  8
0
100
AcDbMText
 10
9.894651178098047
 20
38.67324206137182
 30
0.0
 40
0.2
 41
0.3383106919426666
 46
0.0
 71
     1
 72
     5
  1
W
 73
     1
 44
1.0
101
Embedded Object
 70
     1
 10
1.0
 20
0.0
 30
0.0
 11
9.894651178098047
 21
38.67324206137182
 31
0.0
 40
0.3383106919426666
 41
0.0
 42
0.257162346521146
 43
0.2
 71
     2
 72
     1
 44
0.3383106919426666
 45
12.5
 73
     0
 74
     0
 46
0.1101095902695494
  0
MTEXT
  5
890
330
1F
100
AcDbEntity
  8
0
100
AcDbMText
 10
10.94214633419894
 20
43.79366763596543
 30
0.0
 40
0.2
 41
0.3383106919426666
 46
0.0
 71
     1
 72
     5
  1
W
 73
     1
 44
1.0
101
Embedded Object
 70
     1
 10
1.0
 20
0.0
 30
0.0
 11
10.94214633419894
 21
43.79366763596543
 31
0.0
 40
0.3383106919426666
 41
0.0
 42
0.257162346521146
 43
0.2
 71
     2
 72
     1
 44
0.3383106919426666
 45
12.5
 73
     0
 74
     0
 46
0.1101095902695494
  0
MTEXT
  5
891
330
1F
100
AcDbEntity
  8
0
100
AcDbMText
 10
14.15948120323874
 20
41.15415115482341
 30
0.0
 40
0.2
 41
0.3383106919426666
 46
0.0
 71
     1
 72
     5
  1
W
 73
     1
 44
1.0
101
Embedded Object
 70
     1
 10
1.0
 20
0.0
 30
0.0
 11
14.15948120323874
 21
41.15415115482341
 31
0.0
 40
0.3383106919426666
 41
0.0
 42
0.257162346521146
 43
0.2
 71
     2
 72
     1
 44
0.3383106919426666
 45
12.5
 73
     0
 74
     0
 46
0.1101095902695494
  0
MTEXT
  5
892
330
1F
100
AcDbEntity
  8
0
100
AcDbMText
 10
17.65023821528285
 20
31.50623494377728
 30
0.0
 40
0.2
 41
0.3383106919426666
 46
0.0
 71
     1
 72
     5
  1
W1
 73
     1
 44
1.0
101
Embedded Object
 70
     1
 10
1.0
 20
0.0
 30
0.0
 11
17.65023821528285
 21
31.50623494377728
 31
0.0
 40
0.3383106919426666
 41
0.0
 42
0.3643929058663029
 43
0.200818553888131
 71
     2
 72
     1
 44
0.3383106919426666
 45
12.5
 73
     0
 74
     0
 46
0.1101095902695494
  0
MTEXT
  5
895
330
1F
100
AcDbEntity
  8
0
100
AcDbMText
 10
4.108628763754257
 20
31.50623494377728
 30
0.0
 40
0.2
 41
0.3383106919426666
 46
0.0
 71
     1
 72
     5
  1
W1
 73
     1
 44
1.0
101
Embedded Object
 70
     1
 10
1.0
 20
0.0
 30
0.0
 11
4.108628763754257
 21
31.50623494377728
 31
0.0
 40
0.3383106919426666
 41
0.0
 42
0.3643929058663029
 43
0.200818553888131
 71
     2
 72
     1
 44
0.3383106919426666
 45
12.5
 73
     0
 74
     0
 46
0.1101095902695494
  0
MTEXT
  5
897
330
1F
100
AcDbEntity
  8
0
100
AcDbMText
 10
14.87451371905253
 20
43.47928381355191
 30
0.0
 40
0.2
 41
0.3383106919426666
 46
0.0
 71
     1
 72
     5
  1
W1
 73
     1
 44
1.0
101
Embedded Object
 70
     1
 10
1.0
 20
0.0
 30
0.0
 11
14.87451371905253
 21
43.47928381355191
 31
0.0
 40
0.3383106919426666
 41
0.0
 42
0.3643929058663029
 43
0.200818553888131
 71
     2
 72
     1
 44
0.3383106919426666
 45
12.5
 73
     0
 74
     0
 46
0.1101095902695494
  0
MTEXT
  5
898
330
1F
100
AcDbEntity
  8
0
100
AcDbMText
 10
6.856338055621524
 20
43.49254976500773
 30
0.0
 40
0.2
 41
0.3383106919426666
 46
0.0
 71
     1
 72
     5
  1
W1
 73
     1
 44
1.0
101
Embedded Object
 70
     1
 10
1.0
 20
0.0
 30
0.0
 11
6.856338055621524
 21
43.49254976500773
 31
0.0
 40
0.3383106919426666
 41
0.0
 42
0.3643929058663029
 43
0.200818553888131
 71
     2
 72
     1
 44
0.3383106919426666
 45
12.5
 73
     0
 74
     0
 46
0.1101095902695494
  0
MTEXT
  5
899
330
1F
100
AcDbEntity
  8
0
100
AcDbMText
 10
23.13153904836436
 20
39.58493836199174
 30
0.0
 40
0.2
 41
0.3383106919426666
 46
0.0
 71
     1
 72
     5
  1
W1
 73
     1
 44
1.0
101
Embedded Object
 70
     1
 10
1.0
 20
0.0
 30
0.0
 11
23.13153904836436
 21
39.58493836199174
 31
0.0
 40
0.3383106919426666
 41
0.0
 42
0.3643929058663029
 43
0.200818553888131
 71
     2
 72
     1
 44
0.3383106919426666
 45
12.5
 73
     0
 74
     0
 46
0.1101095902695494
  0
MTEXT
  5
89A
330
1F
100
AcDbEntity
  8
0
100
AcDbMText
 10
36.91212743300379
 20
39.56843017550752
 30
0.0
 40
0.2
 41
0.3383106919426666
 46
0.0
 71
     1
 72
     5
  1
W1
 73
     1
 44
1.0
101
Embedded Object
 70
     1
 10
1.0
 20
0.0
 30
0.0
 11
36.91212743300379
 21
39.56843017550752
 31
0.0
 40
0.3383106919426666
 41
0.0
 42
0.3643929058663029
 43
0.200818553888131
 71
     2
 72
     1
 44
0.3383106919426666
 45
12.5
 73
     0
 74
     0
 46
0.1101095902695494
  0
MTEXT
  5
89B
330
1F
100
AcDbEntity
  8
0
100
AcDbMText
 10
36.83382328043381
 20
37.7499328948535
 30
0.0
 40
0.2
 41
0.3383106919426666
 46
0.0
 71
     1
 72
     5
  1
W1
 73
     1
 44
1.0
101
Embedded Object
 70
     1
 10
1.0
 20
0.0
 30
0.0
 11
36.83382328043381
 21
37.7499328948535
 31
0.0
 40
0.3383106919426666
 41
0.0
 42
0.3643929058663029
 43
0.200818553888131
 71
     2
 72
     1
 44
0.3383106919426666
 45
12.5
 73
     0
 74
     0
 46
0.1101095902695494
  0
MTEXT
  5
89C
330
1F
100
AcDbEntity
  8
0
100
AcDbMText
 10
36.85291819560458
 20
33.19598780050285
 30
0.0
 40
0.2
 41
0.3383106919426666
 46
0.0
 71
     1
 72
     5
  1
W1
 73
     1
 44
1.0
101
Embedded Object
 70
     1
 10
1.0
 20
0.0
 30
0.0
 11
36.85291819560458
 21
33.19598780050285
 31
0.0
 40
0.3383106919426666
 41
0.0
 42
0.3643929058663029
 43
0.200818553888131
 71
     2
 72
     1
 44
0.3383106919426666
 45
12.5
 73
     0
 74
     0
 46
0.1101095902695494
  0
MTEXT
  5
89D
330
1F
100
AcDbEntity
  8
0
100
AcDbMText
 10
36.91799779994183
 20
25.20918635349435
 30
0.0
 40
0.2
 41
0.3383106919426666
 46
0.0
 71
     1
 72
     5
  1
W1
 73
     1
 44
1.0
101
Embedded Object
 70
     1
 10
1.0
 20
0.0
 30
0.0
 11
36.91799779994183
 21
25.20918635349435
 31
0.0
 40
0.3383106919426666
 41
0.0
 42
0.3643929058663029
 43
0.200818553888131
 71
     2
 72
     1
 44
0.3383106919426666
 45
12.5
 73
     0
 74
     0
 46
0.1101095902695494
  0
MTEXT
  5
89E
330
1F
100
AcDbEntity
  8
0
100
AcDbMText
 10
23.18447835341992
 20
25.20918635349435
 30
0.0
 40
0.2
 41
0.3383106919426666
 46
0.0
 71
     1
 72
     5
  1
W1
 73
     1
 44
1.0
101
Embedded Object
 70
     1
 10
1.0
 20
0.0
 30
0.0
 11
23.18447835341992
 21
25.20918635349435
 31
0.0
 40
0.3383106919426666
 41
0.0
 42
0.3643929058663029
 43
0.200818553888131
 71
     2
 72
     1
 44
0.3383106919426666
 45
12.5
 73
     0
 74
     0
 46
0.1101095902695494
  0
LINE
  5
8A6
330
1F
100
AcDbEntity
  8
0
100
AcDbLine
 10
24.59237261627328
 20
42.65210373820118
 30
0.0
 11
24.59237261627329
 21
42.95210373820117
 31
0.0
  0
LINE
  5
8A7
330
1F
100
AcDbEntity
  8
0
100
AcDbLine
 10
24.59237261627329
 20
42.95210373820117
 30
0.0
 11
24.39237919776441
 21
42.95372625264978
 31
0.0
  0
LINE
  5
8A8
330
1F
100
AcDbEntity
  8
0
100
AcDbLine
 10
24.39237919776441
 20
42.95372625264978
 30
0.0
 11
24.39237919776442
 21
42.65210373820118
 31
0.0
  0
LINE
  5
8AA
330
1F
100
AcDbEntity
  8
0
100
AcDbLine
 10
24.39248060742029
 20
42.82791478974626
 30
0.0
 11
24.59237261627329
 21
42.82710394388208
 31
0.0
  0
LWPOLYLINE
  5
8BA
330
1F
100
AcDbEntity
  8
0
 62
     1
100
AcDbPolyline
 90
        4
 70
     1
 43
0.0
 10
26.74536452632946
 20
42.95210373820117
 10
26.54536452632946
 20
42.95210373820117
 10
26.54536452632946
 20
42.65210373820118
 10
26.74536452632946
 20
42.65210373820118
  0
LINE
  5
8BB
330
1F
100
AcDbEntity
  8
0
100
AcDbLine
 10
24.39227778810854
 20
42.77791520110469
 30
0.0
 11
24.59237261627328
 21
42.77710353252027
 31
0.0
  0
LWPOLYLINE
  5
8BC
330
1F
100
AcDbEntity
  8
0
100
AcDbPolyline
 90
        4
 70
     1
 43
0.0
 10
26.14536452632946
 20
42.65210373820118
 10
26.54536452632946
 20
42.65210373820118
 10
26.54536452632946
 20
42.95210373820117
 10
26.14536452632946
 20
42.95210373820117
  0
LINE
  5
8BD
330
1F
100
AcDbEntity
  8
0
100
AcDbLine
 10
26.14536452632946
 20
42.82222410390991
 30
0.0
 11
26.54536452632946
 21
42.82222410390991
 31
0.0
  0
LINE
  5
8BE
330
1F
100
AcDbEntity
  8
0
100
AcDbLine
 10
26.14536452632946
 20
42.77222410390991
 30
0.0
 11
26.54536452632946
 21
42.77222410390991
 31
0.0
  0
LINE
  5
8BF
330
1F
100
AcDbEntity
  8
0
100
AcDbLine
 10
25.29536452632946
 20
42.82425231371389
 30
0.0
 11
25.79536452632945
 21
42.82222410390991
 31
0.0
  0
LINE
  5
8C0
330
1F
100
AcDbEntity
  8
0
100
AcDbLine
 10
25.29536452632946
 20
42.77425190235208
 30
0.0
 11
25.7951617070177
 21
42.77222451526833
 31
0.0
  0
LINE
  5
8C1
330
1F
100
AcDbEntity
  8
0
100
AcDbLine
 10
27.49536452632947
 20
42.82222410390992
 30
0.0
 11
27.69536452632948
 21
42.82222410390991
 31
0.0
  0
LINE
  5
8C2
330
1F
100
AcDbEntity
  8
0
100
AcDbLine
 10
27.49536452632947
 20
42.77222410390992
 30
0.0
 11
27.69536452632948
 21
42.77222410390992
 31
0.0
  0
LINE
  5
8C4
330
1F
100
AcDbEntity
  8
0
100
AcDbLine
 10
27.49536452632947
 20
42.6521037382012
 30
0.0
 11
27.49536452632947
 21
42.95210373820117
 31
0.0
  0
LINE
  5
8C5
330
1F
100
AcDbEntity
  8
0
100
AcDbLine
 10
27.49536452632947
 20
42.95210373820117
 30
0.0
 11
27.69536452632947
 21
42.95210373820117
 31
0.0
  0
LINE
  5
8C6
330
1F
100
AcDbEntity
  8
0
100
AcDbLine
 10
27.69536452632947
 20
42.95210373820117
 30
0.0
 11
27.69536452632947
 21
42.65210373820118
 31
0.0
  0
LINE
  5
8C8
330
1F
100
AcDbEntity
  8
0
100
AcDbLine
 10
28.44536452632947
 20
42.65210373820118
 30
0.0
 11
28.44536452632947
 21
42.95210373820117
 31
0.0
  0
LINE
  5
8CA
330
1F
100
AcDbEntity
  8
0
100
AcDbLine
 10
28.64536452632947
 20
42.95210373820117
 30
0.0
 11
28.64536452632947
 21
42.65210373820118
 31
0.0
  0
LINE
  5
8CC
330
1F
100
AcDbEntity
  8
0
100
AcDbLine
 10
29.94536452632946
 20
42.65210373820118
 30
0.0
 11
29.94536452632946
 21
42.95210373820117
 31
0.0
  0
LINE
  5
8CE
330
1F
100
AcDbEntity
  8
0
100
AcDbLine
 10
29.44536452632946
 20
42.95210373820117
 30
0.0
 11
29.44536452632946
 21
42.65210373820117
 31
0.0
  0
LINE
  5
8CF
330
1F
100
AcDbEntity
  8
0
100
AcDbLine
 10
29.44536452632946
 20
42.82222410390992
 30
0.0
 11
29.94536452632945
 21
42.82222410390992
 31
0.0
  0
LINE
  5
8D0
330
1F
100
AcDbEntity
  8
0
100
AcDbLine
 10
29.44536452632946
 20
42.77222410390992
 30
0.0
 11
29.94536452632945
 21
42.77222410390993
 31
0.0
  0
LINE
  5
8D1
330
1F
100
AcDbEntity
  8
0
100
AcDbLine
 10
30.54572448894296
 20
42.82222410390992
 30
0.0
 11
31.04575081555233
 21
42.82222410390992
 31
0.0
  0
LINE
  5
8D2
330
1F
100
AcDbEntity
  8
0
100
AcDbLine
 10
30.54572448894296
 20
42.77222410390992
 30
0.0
 11
31.04575081555233
 21
42.77222410390992
 31
0.0
  0
LINE
  5
8D3
330
1F
100
AcDbEntity
  8
0
100
AcDbLine
 10
28.44536452632948
 20
42.82222410390991
 30
0.0
 11
28.64536452632946
 21
42.82222410390991
 31
0.0
  0
LINE
  5
8D4
330
1F
100
AcDbEntity
  8
0
100
AcDbLine
 10
28.44536452632948
 20
42.77222410390992
 30
0.0
 11
28.64536452632946
 21
42.77222410390992
 31
0.0
  0
LINE
  5
8D6
330
1F
100
AcDbEntity
  8
0
100
AcDbLine
 10
30.54572448894296
 20
42.65210373820119
 30
0.0
 11
30.54572448894296
 21
42.95210373820117
 31
0.0
  0
LINE
  5
8D8
330
1F
100
AcDbEntity
  8
0
100
AcDbLine
 10
31.04575081555233
 20
42.95210373820117
 30
0.0
 11
31.04575081555233
 21
42.65210373820119
 31
0.0
  0
LINE
  5
8DA
330
1F
100
AcDbEntity
  8
0
100
AcDbLine
 10
32.04580369099877
 20
42.65210373820119
 30
0.0
 11
32.04580369099877
 21
42.95210373820117
 31
0.0
  0
LINE
  5
8DC
330
1F
100
AcDbEntity
  8
0
100
AcDbLine
 10
31.84289446667446
 20
42.95210373820117
 30
0.0
 11
31.84289446667446
 21
42.65210373820118
 31
0.0
  0
LINE
  5
8DE
330
1F
100
AcDbEntity
  8
0
100
AcDbLine
 10
32.64043212750964
 20
42.65210373820118
 30
0.0
 11
32.64043212750964
 21
42.95210373820117
 31
0.0
  0
LINE
  5
8E0
330
1F
100
AcDbEntity
  8
0
100
AcDbLine
 10
32.83990615603871
 20
42.95210373820117
 30
0.0
 11
32.83990615603871
 21
42.65210373820118
 31
0.0
  0
LINE
  5
8E1
330
1F
100
AcDbEntity
  8
0
100
AcDbLine
 10
34.34536452632946
 20
42.65210373820118
 30
0.0
 11
34.34536452632946
 21
42.95210373820117
 31
0.0
  0
LINE
  5
8E3
330
1F
100
AcDbEntity
  8
0
100
AcDbLine
 10
34.74481978248512
 20
42.65210373820119
 30
0.0
 11
34.74481978248512
 21
42.95210373820117
 31
0.0
  0
LINE
  5
8E5
330
1F
100
AcDbEntity
  8
0
100
AcDbLine
 10
35.24380208335727
 20
42.95210373820117
 30
0.0
 11
35.24380208335727
 21
42.65210373820118
 31
0.0
  0
LINE
  5
8E7
330
1F
100
AcDbEntity
  8
0
100
AcDbLine
 10
35.89363943642953
 20
42.65210373820117
 30
0.0
 11
35.89363943642953
 21
42.95210373820117
 31
0.0
  0
LINE
  5
8E9
330
1F
100
AcDbEntity
  8
0
100
AcDbLine
 10
36.09091141067371
 20
42.95210373820117
 30
0.0
 11
36.09091141067371
 21
42.65210373820118
 31
0.0
  0
LINE
  5
8EA
330
1F
100
AcDbEntity
  8
0
100
AcDbLine
 10
31.84289446667446
 20
42.82222410390993
 30
0.0
 11
32.04580369099877
 21
42.82222410390993
 31
0.0
  0
LINE
  5
8EB
330
1F
100
AcDbEntity
  8
0
100
AcDbLine
 10
31.84289446667446
 20
42.77222410390992
 30
0.0
 11
32.04580369099877
 21
42.77222410390992
 31
0.0
  0
LINE
  5
8EC
330
1F
100
AcDbEntity
  8
0
100
AcDbLine
 10
32.64043212750964
 20
42.82222410390994
 30
0.0
 11
32.83990615603871
 21
42.82222410390994
 31
0.0
  0
LINE
  5
8ED
330
1F
100
AcDbEntity
  8
0
100
AcDbLine
 10
32.64043212750964
 20
42.77222410390993
 30
0.0
 11
32.83990615603871
 21
42.77222410390993
 31
0.0
  0
LINE
  5
8F0
330
1F
100
AcDbEntity
  8
0
100
AcDbLine
 10
34.74481978248512
 20
42.82222410390994
 30
0.0
 11
35.24380208335727
 21
42.82222410390993
 31
0.0
  0
LINE
  5
8F1
330
1F
100
AcDbEntity
  8
0
100
AcDbLine
 10
34.74481978248512
 20
42.77222410390994
 30
0.0
 11
35.24380208335727
 21
42.77222410390994
 31
0.0
  0
LINE
  5
8F2
330
1F
100
AcDbEntity
  8
0
100
AcDbLine
 10
35.89363943642953
 20
42.82222410390994
 30
0.0
 11
36.09091141067371
 21
42.82222410390994
 31
0.0
  0
LINE
  5
8F3
330
1F
100
AcDbEntity
  8
0
100
AcDbLine
 10
35.89363943642953
 20
42.77222410390994
 30
0.0
 11
36.09091141067371
 21
42.77222410390994
 31
0.0
  0
MTEXT
  5
8F4
330
1F
100
AcDbEntity
  8
0
100
AcDbMText
 10
25.3489414893714
 20
43.21269115168631
 30
0.0
 40
0.2
 41
0.3383106919426666
 46
0.0
 71
     1
 72
     5
  1
W1
 73
     1
 44
1.0
101
Embedded Object
 70
     1
 10
1.0
 20
0.0
 30
0.0
 11
25.3489414893714
 21
43.21269115168631
 31
0.0
 40
0.3383106919426666
 41
0.0
 42
0.3643929058663029
 43
0.200818553888131
 71
     2
 72
     1
 44
0.3383106919426666
 45
12.5
 73
     0
 74
     0
 46
0.1101095902695494
  0
MTEXT
  5
8F5
330
1F
100
AcDbEntity
  8
0
100
AcDbMText
 10
26.12737712374942
 20
43.21269115168631
 30
0.0
 40
0.2
 41
0.3383106919426666
 46
0.0
 71
     1
 72
     5
  1
W1
 73
     1
 44
1.0
101
Embedded Object
 70
     1
 10
1.0
 20
0.0
 30
0.0
 11
26.12737712374942
 21
43.21269115168631
 31
0.0
 40
0.3383106919426666
 41
0.0
 42
0.3643929058663029
 43
0.200818553888131
 71
     2
 72
     1
 44
0.3383106919426666
 45
12.5
 73
     0
 74
     0
 46
0.1101095902695494
  0
MTEXT
  5
8F6
330
1F
100
AcDbEntity
  8
0
100
AcDbMText
 10
30.61545776355768
 20
43.18514200805944
 30
0.0
 40
0.2
 41
0.3383106919426666
 46
0.0
 71
     1
 72
     5
  1
W1
 73
     1
 44
1.0
101
Embedded Object
 70
     1
 10
1.0
 20
0.0
 30
0.0
 11
30.61545776355768
 21
43.18514200805944
 31
0.0
 40
0.3383106919426666
 41
0.0
 42
0.3643929058663029
 43
0.200818553888131
 71
     2
 72
     1
 44
0.3383106919426666
 45
12.5
 73
     0
 74
     0
 46
0.1101095902695494
  0
MTEXT
  5
8F7
330
1F
100
AcDbEntity
  8
0
100
AcDbMText
 10
34.81372637005375
 20
43.18514200805944
 30
0.0
 40
0.2
 41
0.3383106919426666
 46
0.0
 71
     1
 72
     5
  1
W1
 73
     1
 44
1.0
101
Embedded Object
 70
     1
 10
1.0
 20
0.0
 30
0.0
 11
34.81372637005375
 21
43.18514200805944
 31
0.0
 40
0.3383106919426666
 41
0.0
 42
0.3643929058663029
 43
0.200818553888131
 71
     2
 72
     1
 44
0.3383106919426666
 45
12.5
 73
     0
 74
     0
 46
0.1101095902695494
  0
MTEXT
  5
8F8
330
1F
100
AcDbEntity
  8
0
100
AcDbMText
 10
24.42424847169018
 20
43.23871332391755
 30
0.0
 40
0.2
 41
0.3383106919426666
 46
0.0
 71
     1
 72
     5
  1
v
 73
     1
 44
1.0
101
Embedded Object
 70
     1
 10
1.0
 20
0.0
 30
0.0
 11
24.42424847169018
 21
43.23871332391755
 31
0.0
 40
0.3383106919426666
 41
0.0
 42
0.1328785811732606
 43
0.2
 71
     2
 72
     1
 44
0.3383106919426666
 45
12.5
 73
     0
 74
     0
 46
0.1101095902695494
  0
MTEXT
  5
8F9
330
1F
100
AcDbEntity
  8
0
100
AcDbMText
 10
27.52608360455072
 20
43.226924841967
 30
0.0
 40
0.2
 41
0.3383106919426666
 46
0.0
 71
     1
 72
     5
  1
v
 73
     1
 44
1.0
101
Embedded Object
 70
     1
 10
1.0
 20
0.0
 30
0.0
 11
27.52608360455072
 21
43.226924841967
 31
0.0
 40
0.3383106919426666
 41
0.0
 42
0.1328785811732606
 43
0.2
 71
     2
 72
     1
 44
0.3383106919426666
 45
12.5
 73
     0
 74
     0
 46
0.1101095902695494
  0
MTEXT
  5
8FA
330
1F
100
AcDbEntity
  8
0
100
AcDbMText
 10
28.46425384336023
 20
43.226924841967
 30
0.0
 40
0.2
 41
0.3383106919426666
 46
0.0
 71
     1
 72
     5
  1
v
 73
     1
 44
1.0
101
Embedded Object
 70
     1
 10
1.0
 20
0.0
 30
0.0
 11
28.46425384336023
 21
43.226924841967
 31
0.0
 40
0.3383106919426666
 41
0.0
 42
0.1328785811732606
 43
0.2
 71
     2
 72
     1
 44
0.3383106919426666
 45
12.5
 73
     0
 74
     0
 46
0.1101095902695494
  0
MTEXT
  5
8FB
330
1F
100
AcDbEntity
  8
0
100
AcDbMText
 10
31.85088466364814
 20
43.226924841967
 30
0.0
 40
0.2
 41
0.3383106919426666
 46
0.0
 71
     1
 72
     5
  1
v
 73
     1
 44
1.0
101
Embedded Object
 70
     1
 10
1.0
 20
0.0
 30
0.0
 11
31.85088466364814
 21
43.226924841967
 31
0.0
 40
0.3383106919426666
 41
0.0
 42
0.1328785811732606
 43
0.2
 71
     2
 72
     1
 44
0.3383106919426666
 45
12.5
 73
     0
 74
     0
 46
0.1101095902695494
  0
MTEXT
  5
8FC
330
1F
100
AcDbEntity
  8
0
100
AcDbMText
 10
32.69132893776934
 20
43.226924841967
 30
0.0
 40
0.2
 41
0.3383106919426666
 46
0.0
 71
     1
 72
     5
  1
v
 73
     1
 44
1.0
101
Embedded Object
 70
     1
 10
1.0
 20
0.0
 30
0.0
 11
32.69132893776934
 21
43.226924841967
 31
0.0
 40
0.3383106919426666
 41
0.0
 42
0.1328785811732606
 43
0.2
 71
     2
 72
     1
 44
0.3383106919426666
 45
12.5
 73
     0
 74
     0
 46
0.1101095902695494
  0
MTEXT
  5
8FD
330
1F
100
AcDbEntity
  8
0
100
AcDbMText
 10
35.88674282197029
 20
43.226924841967
 30
0.0
 40
0.2
 41
0.3383106919426666
 46
0.0
 71
     1
 72
     5
  1
v
 73
     1
 44
1.0
101
Embedded Object
 70
     1
 10
1.0
 20
0.0
 30
0.0
 11
35.88674282197029
 21
43.226924841967
 31
0.0
 40
0.3383106919426666
 41
0.0
 42
0.1328785811732606
 43
0.2
 71
     2
 72
     1
 44
0.3383106919426666
 45
12.5
 73
     0
 74
     0
 46
0.1101095902695494
  0
MTEXT
  5
8FE
330
1F
100
AcDbEntity
  8
0
100
AcDbMText
 10
29.52150968452522
 20
43.18557882754432
 30
0.0
 40
0.2
 41
0.3383106919426666
 46
0.0
 71
     1
 72
     5
  1
W1
 73
     1
 44
1.0
101
Embedded Object
 70
     1
 10
1.0
 20
0.0
 30
0.0
 11
29.52150968452522
 21
43.18557882754432
 31
0.0
 40
0.3383106919426666
 41
0.0
 42
0.3643929058663029
 43
0.200818553888131
 71
     2
 72
     1
 44
0.3383106919426666
 45
12.5
 73
     0
 74
     0
 46
0.1101095902695494
  0
LINE
  5
900
330
1F
100
AcDbEntity
  8
0
100
AcDbLine
 10
17.26595502642926
 20
30.40183472349267
 30
0.0
 11
17.56595502642926
 21
30.40183472349266
 31
0.0
  0
LINE
  5
901
330
1F
100
AcDbEntity
  8
0
100
AcDbLine
 10
17.56595502642926
 20
30.40183472349266
 30
0.0
 11
17.56595502642926
 21
30.20615754449169
 31
0.0
  0
LINE
  5
902
330
1F
100
AcDbEntity
  8
0
100
AcDbLine
 10
17.56595502642926
 20
30.20615754449169
 30
0.0
 11
17.26595502642927
 21
30.20615754449169
 31
0.0
  0
LINE
  5
904
330
1F
100
AcDbEntity
  8
0
100
AcDbLine
 10
17.44095502642926
 20
30.40183472349266
 30
0.0
 11
17.44095502642927
 21
30.20615754449169
 31
0.0
  0
LINE
  5
905
330
1F
100
AcDbEntity
  8
0
100
AcDbLine
 10
17.39095502642926
 20
30.40183472349266
 30
0.0
 11
17.39095502642927
 21
30.20615754449169
 31
0.0
  0
LINE
  5
906
330
1F
100
AcDbEntity
  8
0
100
AcDbLine
 10
4.565955026429254
 20
30.40183472349266
 30
0.0
 11
4.865955026429258
 21
30.40183472349266
 31
0.0
  0
LINE
  5
907
330
1F
100
AcDbEntity
  8
0
100
AcDbLine
 10
4.865955026429258
 20
30.40183472349266
 30
0.0
 11
4.865955026429258
 21
30.20615754449169
 31
0.0
  0
LINE
  5
908
330
1F
100
AcDbEntity
  8
0
100
AcDbLine
 10
4.865955026429258
 20
30.20615754449169
 30
0.0
 11
4.565955026429264
 21
30.20615754449169
 31
0.0
  0
LINE
  5
909
330
1F
100
AcDbEntity
  8
0
100
AcDbLine
 10
4.690955026429257
 20
30.40183472349266
 30
0.0
 11
4.690955026429264
 21
30.20615754449169
 31
0.0
  0
LINE
  5
90A
330
1F
100
AcDbEntity
  8
0
100
AcDbLine
 10
4.740955026429254
 20
30.40183472349266
 30
0.0
 11
4.740955026429261
 21
30.20615754449169
 31
0.0
  0
LINE
  5
911
330
1F
100
AcDbEntity
  8
0
100
AcDbLine
 10
4.565955026429264
 20
42.45210373820118
 30
0.0
 11
4.865955026429265
 21
42.45210373820118
 31
0.0
  0
LINE
  5
913
330
1F
100
AcDbEntity
  8
0
100
AcDbLine
 10
4.865955026429265
 20
41.49319469089698
 30
0.0
 11
4.565955026429264
 21
41.49319469089698
 31
0.0
  0
LINE
  5
915
330
1F
100
AcDbEntity
  8
0
100
AcDbLine
 10
4.865955026429265
 20
40.53990653188671
 30
0.0
 11
4.565955026429264
 21
40.53990653188671
 31
0.0
  0
LINE
  5
917
330
1F
100
AcDbEntity
  8
0
100
AcDbLine
 10
4.865955026429265
 20
39.5947342771966
 30
0.0
 11
4.565955026429264
 21
39.5947342771966
 31
0.0
  0
LINE
  5
919
330
1F
100
AcDbEntity
  8
0
100
AcDbLine
 10
4.865955026429258
 20
39.5947342771966
 30
0.0
 11
4.865955026429258
 21
39.39905709819562
 31
0.0
  0
LINE
  5
91A
330
1F
100
AcDbEntity
  8
0
100
AcDbLine
 10
4.865955026429258
 20
39.39905709819562
 30
0.0
 11
4.565955026429264
 21
39.39905709819562
 31
0.0
  0
LINE
  5
91B
330
1F
100
AcDbEntity
  8
0
100
AcDbLine
 10
4.690955026429257
 20
39.5947342771966
 30
0.0
 11
4.690955026429264
 21
39.39905709819562
 31
0.0
  0
LINE
  5
91C
330
1F
100
AcDbEntity
  8
0
100
AcDbLine
 10
4.740955026429254
 20
39.5947342771966
 30
0.0
 11
4.740955026429261
 21
39.39905709819562
 31
0.0
  0
LINE
  5
91E
330
1F
100
AcDbEntity
  8
0
100
AcDbLine
 10
4.865955026429258
 20
40.53990653188671
 30
0.0
 11
4.865955026429258
 21
40.34422935288573
 31
0.0
  0
LINE
  5
91F
330
1F
100
AcDbEntity
  8
0
100
AcDbLine
 10
4.865955026429258
 20
40.34422935288573
 30
0.0
 11
4.565955026429264
 21
40.34422935288573
 31
0.0
  0
LINE
  5
920
330
1F
100
AcDbEntity
  8
0
100
AcDbLine
 10
4.690955026429257
 20
40.53990653188671
 30
0.0
 11
4.690955026429264
 21
40.34422935288573
 31
0.0
  0
LINE
  5
921
330
1F
100
AcDbEntity
  8
0
100
AcDbLine
 10
4.740955026429254
 20
40.53990653188671
 30
0.0
 11
4.740955026429261
 21
40.34422935288573
 31
0.0
  0
LINE
  5
923
330
1F
100
AcDbEntity
  8
0
100
AcDbLine
 10
4.865955026429258
 20
41.49319469089698
 30
0.0
 11
4.865955026429258
 21
41.297517511896
 31
0.0
  0
LINE
  5
924
330
1F
100
AcDbEntity
  8
0
100
AcDbLine
 10
4.865955026429258
 20
41.297517511896
 30
0.0
 11
4.565955026429264
 21
41.297517511896
 31
0.0
  0
LINE
  5
925
330
1F
100
AcDbEntity
  8
0
100
AcDbLine
 10
4.690955026429257
 20
41.49319469089698
 30
0.0
 11
4.690955026429264
 21
41.297517511896
 31
0.0
  0
LINE
  5
926
330
1F
100
AcDbEntity
  8
0
100
AcDbLine
 10
4.740955026429254
 20
41.49319469089698
 30
0.0
 11
4.740955026429261
 21
41.297517511896
 31
0.0
  0
LINE
  5
928
330
1F
100
AcDbEntity
  8
0
100
AcDbLine
 10
4.865955026429258
 20
42.45210373820118
 30
0.0
 11
4.865955026429258
 21
42.25642655920021
 31
0.0
  0
LINE
  5
929
330
1F
100
AcDbEntity
  8
0
100
AcDbLine
 10
4.865955026429258
 20
42.25642655920021
 30
0.0
 11
4.565955026429264
 21
42.25642655920021
 31
0.0
  0
LINE
  5
92A
330
1F
100
AcDbEntity
  8
0
100
AcDbLine
 10
4.690955026429257
 20
42.45210373820118
 30
0.0
 11
4.690955026429264
 21
42.25642655920021
 31
0.0
  0
LINE
  5
92B
330
1F
100
AcDbEntity
  8
0
100
AcDbLine
 10
4.740955026429254
 20
42.45210373820118
 30
0.0
 11
4.740955026429261
 21
42.25642655920021
 31
0.0
  0
MTEXT
  5
92C
330
1F
100
AcDbEntity
  8
0
100
AcDbMText
 10
4.318298376957375
 20
42.46856235849317
 30
0.0
 40
0.2
 41
0.3383106919426666
 46
0.0
 71
     1
 72
     5
  1
v
 73
     1
 44
1.0
101
Embedded Object
 70
     1
 10
1.0
 20
0.0
 30
0.0
 11
4.318298376957375
 21
42.46856235849317
 31
0.0
 40
0.3383106919426666
 41
0.0
 42
0.1328785811732606
 43
0.2
 71
     2
 72
     1
 44
0.3383106919426666
 45
12.5
 73
     0
 74
     0
 46
0.1101095902695494
  0
MTEXT
  5
92D
330
1F
100
AcDbEntity
  8
0
100
AcDbMText
 10
4.357236670194442
 20
41.50625291946707
 30
0.0
 40
0.2
 41
0.3383106919426666
 46
0.0
 71
     1
 72
     5
  1
v
 73
     1
 44
1.0
101
Embedded Object
 70
     1
 10
1.0
 20
0.0
 30
0.0
 11
4.357236670194442
 21
41.50625291946707
 31
0.0
 40
0.3383106919426666
 41
0.0
 42
0.1328785811732606
 43
0.2
 71
     2
 72
     1
 44
0.3383106919426666
 45
12.5
 73
     0
 74
     0
 46
0.1101095902695494
  0
MTEXT
  5
92E
330
1F
100
AcDbEntity
  8
0
100
AcDbMText
 10
4.357236670194442
 20
40.56814000445025
 30
0.0
 40
0.2
 41
0.3383106919426666
 46
0.0
 71
     1
 72
     5
  1
v
 73
     1
 44
1.0
101
Embedded Object
 70
     1
 10
1.0
 20
0.0
 30
0.0
 11
4.357236670194442
 21
40.56814000445025
 31
0.0
 40
0.3383106919426666
 41
0.0
 42
0.1328785811732606
 43
0.2
 71
     2
 72
     1
 44
0.3383106919426666
 45
12.5
 73
     0
 74
     0
 46
0.1101095902695494
  0
MTEXT
  5
92F
330
1F
100
AcDbEntity
  8
0
100
AcDbMText
 10
4.371729916369663
 20
39.62202998965017
 30
0.0
 40
0.2
 41
0.3383106919426666
 46
0.0
 71
     1
 72
     5
  1
v
 73
     1
 44
1.0
101
Embedded Object
 70
     1
 10
1.0
 20
0.0
 30
0.0
 11
4.371729916369663
 21
39.62202998965017
 31
0.0
 40
0.3383106919426666
 41
0.0
 42
0.1328785811732606
 43
0.2
 71
     2
 72
     1
 44
0.3383106919426666
 45
12.5
 73
     0
 74
     0
 46
0.1101095902695494
  0
MTEXT
  5
930
330
1F
100
AcDbEntity
  8
0
100
AcDbMText
 10
4.283824193769209
 20
30.38973914476806
 30
0.0
 40
0.2
 41
0.3383106919426666
 46
0.0
 71
     1
 72
     5
  1
v
 73
     1
 44
1.0
101
Embedded Object
 70
     1
 10
1.0
 20
0.0
 30
0.0
 11
4.283824193769209
 21
30.38973914476806
 31
0.0
 40
0.3383106919426666
 41
0.0
 42
0.1328785811732606
 43
0.2
 71
     2
 72
     1
 44
0.3383106919426666
 45
12.5
 73
     0
 74
     0
 46
0.1101095902695494
  0
MTEXT
  5
931
330
1F
100
AcDbEntity
  8
0
100
AcDbMText
 10
17.67340116144838
 20
30.38523826634787
 30
0.0
 40
0.2
 41
0.3383106919426666
 46
0.0
 71
     1
 72
     5
  1
v
 73
     1
 44
1.0
101
Embedded Object
 70
     1
 10
1.0
 20
0.0
 30
0.0
 11
17.67340116144838
 21
30.38523826634787
 31
0.0
 40
0.3383106919426666
 41
0.0
 42
0.1328785811732606
 43
0.2
 71
     2
 72
     1
 44
0.3383106919426666
 45
12.5
 73
     0
 74
     0
 46
0.1101095902695494
  0
MTEXT
  5
932
330
1F
100
AcDbEntity
  8
0
100
AcDbMText
 10
17.71512463445659
 20
41.15663772267687
 30
0.0
 40
0.2
 41
0.3383106919426666
 46
0.0
 71
     1
 72
     5
  1
W
 73
     1
 44
1.0
101
Embedded Object
 70
     1
 10
1.0
 20
0.0
 30
0.0
 11
17.71512463445659
 21
41.15663772267687
 31
0.0
 40
0.3383106919426666
 41
0.0
 42
0.257162346521146
 43
0.2
 71
     2
 72
     1
 44
0.3383106919426666
 45
12.5
 73
     0
 74
     0
 46
0.1101095902695494
  0
LINE
  5
937
330
1F
100
AcDbEntity
  8
0
100
AcDbLine
 10
30.54536452632945
 20
50.4496552060658
 30
0.0
 11
30.54536452632946
 21
51.64965520606578
 31
0.0
  0
LINE
  5
939
330
1F
100
AcDbEntity
  8
0
100
AcDbLine
 10
32.54536452632945
 20
50.4496552060658
 30
0.0
 11
32.54536452632945
 21
51.6496552060658
 31
0.0
  0
LINE
  5
93A
330
1F
100
AcDbEntity
  8
0
100
AcDbLine
 10
32.54536452632945
 20
50.4496552060658
 30
0.0
 11
32.54536452632945
 21
50.4496552060658
 31
0.0
  0
LINE
  5
93C
102
{ACAD_REACTORS
330
1214
102
}
330
1F
100
AcDbEntity
  8
0
100
AcDbLine
 10
33.04536452632945
 20
51.6496552060658
 30
0.0
 11
34.04536452632945
 21
51.6496552060658
 31
0.0
  0
LINE
  5
93D
330
1F
100
AcDbEntity
  8
0
100
AcDbLine
 10
32.54536452632945
 20
51.6496552060658
 30
0.0
 11
30.54536452632946
 21
51.64965520606579
 31
0.0
  0
LINE
  5
93F
330
1F
100
AcDbEntity
  8
0
100
AcDbLine
 10
33.04536452632945
 20
51.6496552060658
 30
0.0
 11
33.04536452632945
 21
51.0496552060658
 31
0.0
  0
LINE
  5
940
330
1F
100
AcDbEntity
  8
0
100
AcDbLine
 10
33.04536452632945
 20
51.04965520606581
 30
0.0
 11
34.04536452632945
 21
51.0496552060658
 31
0.0
  0
LINE
  5
942
330
1F
100
AcDbEntity
  8
0
100
AcDbLine
 10
30.04536452632946
 20
51.6496552060658
 30
0.0
 11
30.04536452632946
 21
51.0496552060658
 31
0.0
  0
LINE
  5
943
330
1F
100
AcDbEntity
  8
0
100
AcDbLine
 10
30.04536452632946
 20
51.0496552060658
 30
0.0
 11
29.04536452632946
 21
51.0496552060658
 31
0.0
  0
LINE
  5
944
330
1F
100
AcDbEntity
  8
0
100
AcDbLine
 10
29.04536452632946
 20
51.6496552060658
 30
0.0
 11
29.04536452632946
 21
51.0496552060658
 31
0.0
  0
LINE
  5
945
330
1F
100
AcDbEntity
  8
0
100
AcDbLine
 10
30.04536452632946
 20
51.6496552060658
 30
0.0
 11
29.04536452632946
 21
51.6496552060658
 31
0.0
  0
LINE
  5
946
330
1F
100
AcDbEntity
  8
0
100
AcDbLine
 10
34.04536452632945
 20
51.6496552060658
 30
0.0
 11
34.04536452632945
 21
51.0496552060658
 31
0.0
  0
LINE
  5
947
330
1F
100
AcDbEntity
  8
0
100
AcDbLine
 10
35.04536452632945
 20
51.6496552060658
 30
0.0
 11
35.04536452632945
 21
51.0496552060658
 31
0.0
  0
LINE
  5
948
330
1F
100
AcDbEntity
  8
0
100
AcDbLine
 10
36.04536452632945
 20
51.6496552060658
 30
0.0
 11
36.04536452632945
 21
51.0496552060658
 31
0.0
  0
LINE
  5
949
330
1F
100
AcDbEntity
  8
0
100
AcDbLine
 10
35.04536452632945
 20
51.64965520606579
 30
0.0
 11
36.04536452632945
 21
51.64965520606579
 31
0.0
  0
LINE
  5
94A
330
1F
100
AcDbEntity
  8
0
100
AcDbLine
 10
35.04536452632945
 20
51.0496552060658
 30
0.0
 11
36.04536452632945
 21
51.0496552060658
 31
0.0
  0
LINE
  5
94C
330
1F
100
AcDbEntity
  8
0
100
AcDbLine
 10
38.04536452632947
 20
52.7996552060658
 30
0.0
 11
37.04536452632947
 21
52.7996552060658
 31
0.0
  0
LINE
  5
94D
102
{ACAD_REACTORS
330
13BE
102
}
330
1F
100
AcDbEntity
  8
0
100
AcDbLine
 10
38.04536452632947
 20
53.3996552060658
 30
0.0
 11
37.04536452632947
 21
53.3996552060658
 31
0.0
  0
LINE
  5
94E
330
1F
100
AcDbEntity
  8
0
100
AcDbLine
 10
33.04536452632945
 20
52.79965520606579
 30
0.0
 11
33.04536452632945
 21
53.3996552060658
 31
0.0
  0
LINE
  5
94F
330
1F
100
AcDbEntity
  8
0
100
AcDbLine
 10
34.04536452632945
 20
52.79965520606579
 30
0.0
 11
34.04536452632945
 21
53.3996552060658
 31
0.0
  0
LINE
  5
950
330
1F
100
AcDbEntity
  8
0
100
AcDbLine
 10
35.04536452632945
 20
52.7996552060658
 30
0.0
 11
35.04536452632945
 21
53.3996552060658
 31
0.0
  0
LINE
  5
951
330
1F
100
AcDbEntity
  8
0
100
AcDbLine
 10
36.04536452632945
 20
52.7996552060658
 30
0.0
 11
36.04536452632945
 21
53.3996552060658
 31
0.0
  0
LINE
  5
952
330
1F
100
AcDbEntity
  8
0
100
AcDbLine
 10
34.04536452632945
 20
53.3996552060658
 30
0.0
 11
33.04536452632945
 21
53.3996552060658
 31
0.0
  0
LINE
  5
953
330
1F
100
AcDbEntity
  8
0
100
AcDbLine
 10
34.04536452632945
 20
52.7996552060658
 30
0.0
 11
33.04536452632945
 21
52.7996552060658
 31
0.0
  0
LINE
  5
954
330
1F
100
AcDbEntity
  8
0
100
AcDbLine
 10
32.54536452632945
 20
52.79965520606579
 30
0.0
 11
32.54536452632945
 21
53.39965520606579
 31
0.0
  0
LINE
  5
955
330
1F
100
AcDbEntity
  8
0
100
AcDbLine
 10
30.54536452632945
 20
52.79965520606578
 30
0.0
 11
30.54536452632946
 21
53.39965520606579
 31
0.0
  0
LINE
  5
958
330
1F
100
AcDbEntity
  8
0
100
AcDbLine
 10
37.04536452632945
 20
52.7996552060658
 30
0.0
 11
37.04536452632945
 21
53.3996552060658
 31
0.0
  0
LINE
  5
959
330
1F
100
AcDbEntity
  8
0
100
AcDbLine
 10
38.04536452632945
 20
52.7996552060658
 30
0.0
 11
38.04536452632945
 21
53.3996552060658
 31
0.0
  0
LINE
  5
95A
330
1F
100
AcDbEntity
  8
0
100
AcDbLine
 10
36.04536452632947
 20
53.3996552060658
 30
0.0
 11
35.04536452632945
 21
53.3996552060658
 31
0.0
  0
LINE
  5
95B
330
1F
100
AcDbEntity
  8
0
100
AcDbLine
 10
36.04536452632947
 20
52.7996552060658
 30
0.0
 11
35.04536452632945
 21
52.7996552060658
 31
0.0
  0
LINE
  5
95C
330
1F
100
AcDbEntity
  8
0
100
AcDbLine
 10
31.54536452632946
 20
52.79965520606579
 30
0.0
 11
31.54536452632946
 21
53.39965520606579
 31
0.0
  0
LINE
  5
95D
330
1F
100
AcDbEntity
  8
0
100
AcDbLine
 10
31.04536452632946
 20
52.79965520606579
 30
0.0
 11
31.04536452632946
 21
53.39965520606579
 31
0.0
  0
LINE
  5
95E
330
1F
100
AcDbEntity
  8
0
100
AcDbLine
 10
30.04536452632946
 20
52.79965520606579
 30
0.0
 11
30.04536452632946
 21
53.3996552060658
 31
0.0
  0
LINE
  5
95F
330
1F
100
AcDbEntity
  8
0
100
AcDbLine
 10
29.04536452632946
 20
52.7996552060658
 30
0.0
 11
29.04536452632946
 21
53.39965520606582
 31
0.0
  0
LINE
  5
960
330
1F
100
AcDbEntity
  8
0
100
AcDbLine
 10
30.04536452632946
 20
53.3996552060658
 30
0.0
 11
29.04536452632946
 21
53.39965520606579
 31
0.0
  0
LINE
  5
961
330
1F
100
AcDbEntity
  8
0
100
AcDbLine
 10
30.04536452632945
 20
52.79965520606578
 30
0.0
 11
29.04536452632946
 21
52.79965520606579
 31
0.0
  0
LINE
  5
962
330
1F
100
AcDbEntity
  8
0
100
AcDbLine
 10
31.04536452632946
 20
53.39965520606581
 30
0.0
 11
30.54536452632946
 21
53.3996552060658
 31
0.0
  0
LINE
  5
963
330
1F
100
AcDbEntity
  8
0
100
AcDbLine
 10
31.04536452632946
 20
52.79965520606579
 30
0.0
 11
30.54536452632945
 21
52.79965520606578
 31
0.0
  0
LINE
  5
964
330
1F
100
AcDbEntity
  8
0
100
AcDbLine
 10
32.54536452632945
 20
53.3996552060658
 30
0.0
 11
31.54536452632946
 21
53.39965520606581
 31
0.0
  0
LINE
  5
965
330
1F
100
AcDbEntity
  8
0
100
AcDbLine
 10
32.54536452632945
 20
52.7996552060658
 30
0.0
 11
31.54536452632946
 21
52.79965520606579
 31
0.0
  0
LINE
  5
967
330
1F
100
AcDbEntity
  8
0
100
AcDbLine
 10
13.26595502642927
 20
51.04965520606581
 30
0.0
 11
13.26595502642927
 21
51.6496552060658
 31
0.0
  0
LINE
  5
968
330
1F
100
AcDbEntity
  8
0
100
AcDbLine
 10
14.26595502642927
 20
51.0496552060658
 30
0.0
 11
14.26595502642927
 21
51.6496552060658
 31
0.0
  0
LINE
  5
969
330
1F
100
AcDbEntity
  8
0
100
AcDbLine
 10
13.26595502642927
 20
51.64965520606581
 30
0.0
 11
14.26595502642927
 21
51.64965520606581
 31
0.0
  0
LINE
  5
96B
330
1F
100
AcDbEntity
  8
0
100
AcDbLine
 10
8.865955026429261
 20
51.0496552060658
 30
0.0
 11
8.86595502642926
 21
51.6496552060658
 31
0.0
  0
LINE
  5
96C
330
1F
100
AcDbEntity
  8
0
100
AcDbLine
 10
7.865955026429261
 20
51.0496552060658
 30
0.0
 11
7.86595502642926
 21
51.6496552060658
 31
0.0
  0
LINE
  5
971
330
1F
100
AcDbEntity
  8
0
100
AcDbLine
 10
14.26595502642927
 20
52.7996552060658
 30
0.0
 11
14.26595502642927
 21
53.39965520606581
 31
0.0
  0
LINE
  5
972
330
1F
100
AcDbEntity
  8
0
100
AcDbLine
 10
13.26595502642927
 20
52.7996552060658
 30
0.0
 11
13.26595502642927
 21
53.39965520606581
 31
0.0
  0
LINE
  5
973
330
1F
100
AcDbEntity
  8
0
100
AcDbLine
 10
8.86595502642926
 20
52.7996552060658
 30
0.0
 11
8.86595502642926
 21
53.39965520606581
 31
0.0
  0
LINE
  5
974
330
1F
100
AcDbEntity
  8
0
100
AcDbLine
 10
7.865955026429261
 20
52.7996552060658
 30
0.0
 11
7.86595502642926
 21
53.39965520606581
 31
0.0
  0
LINE
  5
975
330
1F
100
AcDbEntity
  8
0
100
AcDbLine
 10
15.26595502642926
 20
52.7996552060658
 30
0.0
 11
15.26595502642926
 21
53.39965520606581
 31
0.0
  0
LINE
  5
976
330
1F
100
AcDbEntity
  8
0
100
AcDbLine
 10
16.26595502642927
 20
52.7996552060658
 30
0.0
 11
16.26595502642927
 21
53.39965520606581
 31
0.0
  0
LINE
  5
977
330
1F
100
AcDbEntity
  8
0
100
AcDbLine
 10
12.26595502642927
 20
52.7996552060658
 30
0.0
 11
12.26595502642927
 21
53.39965520606581
 31
0.0
  0
LINE
  5
978
330
1F
100
AcDbEntity
  8
0
100
AcDbLine
 10
9.865955026429258
 20
52.7996552060658
 30
0.0
 11
9.865955026429258
 21
53.39965520606581
 31
0.0
  0
LINE
  5
979
330
1F
100
AcDbEntity
  8
0
100
AcDbLine
 10
6.865955026429261
 20
52.7996552060658
 30
0.0
 11
6.86595502642926
 21
53.39965520606581
 31
0.0
  0
LINE
  5
97A
330
1F
100
AcDbEntity
  8
0
100
AcDbLine
 10
5.865955026429261
 20
52.7996552060658
 30
0.0
 11
5.86595502642926
 21
53.39965520606581
 31
0.0
  0
LINE
  5
97B
330
1F
100
AcDbEntity
  8
0
100
AcDbLine
 10
10.86595502642926
 20
52.7996552060658
 30
0.0
 11
10.86595502642926
 21
53.39965520606581
 31
0.0
  0
LINE
  5
97C
330
1F
100
AcDbEntity
  8
0
100
AcDbLine
 10
11.26595502642927
 20
52.7996552060658
 30
0.0
 11
11.26595502642927
 21
53.39965520606581
 31
0.0
  0
LINE
  5
97D
330
1F
100
AcDbEntity
  8
0
100
AcDbLine
 10
7.86595502642926
 20
53.39965520606581
 30
0.0
 11
8.865955026429261
 21
53.39965520606582
 31
0.0
  0
LINE
  5
97E
330
1F
100
AcDbEntity
  8
0
100
AcDbLine
 10
7.865955026429261
 20
52.79965520606581
 30
0.0
 11
8.86595502642926
 21
52.79965520606582
 31
0.0
  0
LINE
  5
97F
330
1F
100
AcDbEntity
  8
0
100
AcDbLine
 10
9.865955026429258
 20
53.39965520606582
 30
0.0
 11
10.86595502642926
 21
53.39965520606582
 31
0.0
  0
LINE
  5
980
330
1F
100
AcDbEntity
  8
0
100
AcDbLine
 10
9.865955026429258
 20
52.7996552060658
 30
0.0
 11
10.86595502642926
 21
52.7996552060658
 31
0.0
  0
LINE
  5
981
330
1F
100
AcDbEntity
  8
0
100
AcDbLine
 10
11.26595502642927
 20
53.39965520606581
 30
0.0
 11
12.26595502642927
 21
53.3996552060658
 31
0.0
  0
LINE
  5
982
330
1F
100
AcDbEntity
  8
0
100
AcDbLine
 10
11.26595502642927
 20
52.7996552060658
 30
0.0
 11
12.26595502642927
 21
52.79965520606579
 31
0.0
  0
LINE
  5
983
330
1F
100
AcDbEntity
  8
0
100
AcDbLine
 10
13.26595502642926
 20
53.3996552060658
 30
0.0
 11
14.26595502642927
 21
53.3996552060658
 31
0.0
  0
LINE
  5
984
330
1F
100
AcDbEntity
  8
0
100
AcDbLine
 10
13.26595502642926
 20
52.79965520606579
 30
0.0
 11
14.26595502642927
 21
52.79965520606579
 31
0.0
  0
LINE
  5
985
330
1F
100
AcDbEntity
  8
0
100
AcDbLine
 10
15.26595502642926
 20
53.3996552060658
 30
0.0
 11
16.26595502642927
 21
53.3996552060658
 31
0.0
  0
LINE
  5
986
330
1F
100
AcDbEntity
  8
0
100
AcDbLine
 10
15.26595502642926
 20
52.79965520606579
 30
0.0
 11
16.26595502642927
 21
52.7996552060658
 31
0.0
  0
LINE
  5
987
330
1F
100
AcDbEntity
  8
0
100
AcDbLine
 10
4.565955026429266
 20
52.0996552060658
 30
0.0
 11
17.56595502642926
 21
52.0996552060658
 31
0.0
  0
LINE
  5
991
330
1F
100
AcDbEntity
  8
0
100
AcDbLine
 10
28.54536452632946
 20
51.6496552060658
 30
0.0
 11
28.54536452632946
 21
51.0496552060658
 31
0.0
  0
LINE
  5
992
330
1F
100
AcDbEntity
  8
0
100
AcDbLine
 10
28.54536452632946
 20
52.79965520606581
 30
0.0
 11
28.54536452632946
 21
53.39965520606583
 31
0.0
  0
LINE
  5
993
330
1F
100
AcDbEntity
  8
0
100
AcDbLine
 10
27.54536452632946
 20
51.6496552060658
 30
0.0
 11
27.54536452632946
 21
51.0496552060658
 31
0.0
  0
LINE
  5
994
330
1F
100
AcDbEntity
  8
0
100
AcDbLine
 10
27.54536452632946
 20
52.79965520606583
 30
0.0
 11
27.54536452632946
 21
53.39965520606583
 31
0.0
  0
LINE
  5
995
330
1F
100
AcDbEntity
  8
0
100
AcDbLine
 10
28.54536452632946
 20
51.6496552060658
 30
0.0
 11
27.54536452632946
 21
51.6496552060658
 31
0.0
  0
LINE
  5
996
330
1F
100
AcDbEntity
  8
0
100
AcDbLine
 10
28.54536452632946
 20
51.0496552060658
 30
0.0
 11
27.54536452632946
 21
51.04965520606579
 31
0.0
  0
LINE
  5
997
330
1F
100
AcDbEntity
  8
0
100
AcDbLine
 10
28.54536452632946
 20
53.39965520606578
 30
0.0
 11
27.54536452632946
 21
53.39965520606578
 31
0.0
  0
LINE
  5
998
330
1F
100
AcDbEntity
  8
0
100
AcDbLine
 10
28.54536452632945
 20
52.79965520606579
 30
0.0
 11
27.54536452632945
 21
52.79965520606578
 31
0.0
  0
LINE
  5
99B
330
1F
100
AcDbEntity
  8
0
100
AcDbLine
 10
43.64536452632946
 20
50.44965520606581
 30
0.0
 11
43.64536452632946
 21
51.64965520606582
 31
0.0
  0
LINE
  5
99C
102
{ACAD_REACTORS
330
C3B
330
D65
330
D7D
330
DC9
102
}
330
1F
100
AcDbEntity
  8
0
100
AcDbLine
 10
41.64536452632947
 20
49.9996552060658
 30
0.0
 11
41.64536452632944
 21
52.0996552060658
 31
0.0
  0
LINE
  5
99D
102
{ACAD_REACTORS
330
C3B
330
D65
330
D7D
330
DA7
102
}
330
1F
100
AcDbEntity
  8
0
100
AcDbLine
 10
41.44536452632947
 20
49.9996552060658
 30
0.0
 11
41.44536452632944
 21
52.09965520606579
 31
0.0
  0
LINE
  5
99E
330
1F
100
AcDbEntity
  8
0
100
AcDbLine
 10
41.64536452632944
 20
51.6496552060658
 30
0.0
 11
43.64536452632946
 21
51.64965520606581
 31
0.0
  0
LINE
  5
9A1
330
1F
100
AcDbEntity
  8
0
100
AcDbLine
 10
39.74536452632945
 20
51.0496552060658
 30
0.0
 11
39.74536452632945
 21
51.6496552060658
 31
0.0
  0
LINE
  5
9A2
330
1F
100
AcDbEntity
  8
0
100
AcDbLine
 10
40.74536452632945
 20
51.0496552060658
 30
0.0
 11
40.74536452632943
 21
51.6496552060658
 31
0.0
  0
LINE
  5
9A3
330
1F
100
AcDbEntity
  8
0
100
AcDbLine
 10
39.74536452632945
 20
52.7996552060658
 30
0.0
 11
39.74536452632945
 21
53.3996552060658
 31
0.0
  0
LINE
  5
9A4
330
1F
100
AcDbEntity
  8
0
100
AcDbLine
 10
40.74536452632943
 20
52.7996552060658
 30
0.0
 11
40.74536452632943
 21
53.39965520606581
 31
0.0
  0
LINE
  5
9A8
330
1F
100
AcDbEntity
  8
0
100
AcDbLine
 10
45.14536452632947
 20
52.7996552060658
 30
0.0
 11
45.14536452632947
 21
53.39965520606579
 31
0.0
  0
LINE
  5
9AA
330
1F
100
AcDbEntity
  8
0
100
AcDbLine
 10
44.64536452632947
 20
52.7996552060658
 30
0.0
 11
44.64536452632947
 21
53.39965520606579
 31
0.0
  0
MTEXT
  5
9AB
330
1F
100
AcDbEntity
  8
0
100
AcDbMText
 10
24.24678417732021
 20
37.7499328948535
 30
0.0
 40
0.2
 41
0.3383106919426666
 46
0.0
 71
     1
 72
     5
  1
W1
 73
     1
 44
1.0
101
Embedded Object
 70
     1
 10
1.0
 20
0.0
 30
0.0
 11
24.24678417732021
 21
37.7499328948535
 31
0.0
 40
0.3383106919426666
 41
0.0
 42
0.3643929058663029
 43
0.200818553888131
 71
     2
 72
     1
 44
0.3383106919426666
 45
12.5
 73
     0
 74
     0
 46
0.1101095902695494
  0
LINE
  5
9AC
330
1F
100
AcDbEntity
  8
0
100
AcDbLine
 10
44.64536452632947
 20
53.3996552060658
 30
0.0
 11
45.14536452632947
 21
53.3996552060658
 31
0.0
  0
LINE
  5
9AD
330
1F
100
AcDbEntity
  8
0
100
AcDbLine
 10
44.64536452632947
 20
52.79965520606581
 30
0.0
 11
45.14536452632945
 21
52.7996552060658
 31
0.0
  0
LWPOLYLINE
  5
9B0
330
1F
100
AcDbEntity
  8
0
 62
     1
100
AcDbPolyline
 90
        4
 70
     1
 43
0.0
 10
10.91595502642926
 20
42.95210373820118
 10
11.21595502642926
 20
42.95210373820118
 10
11.21595502642926
 20
42.65210373820119
 10
10.91595502642926
 20
42.65210373820119
  0
LINE
  5
9B2
330
1F
100
AcDbEntity
  8
0
100
AcDbLine
 10
46.74536452632946
 20
50.4496552060658
 30
0.0
 11
46.74536452632946
 21
50.8996552060658
 31
0.0
  0
LINE
  5
9B3
330
1F
100
AcDbEntity
  8
0
100
AcDbLine
 10
46.74536452632946
 20
50.8996552060658
 30
0.0
 11
46.24536452632947
 21
50.8996552060658
 31
0.0
  0
LINE
  5
9B5
330
1F
100
AcDbEntity
  8
0
100
AcDbLine
 10
45.54536452632946
 20
50.4496552060658
 30
0.0
 11
45.54536452632946
 21
50.8996552060658
 31
0.0
  0
LINE
  5
9B6
330
1F
100
AcDbEntity
  8
0
100
AcDbLine
 10
46.04536452632944
 20
50.89965520606581
 30
0.0
 11
45.54536452632946
 21
50.8996552060658
 31
0.0
  0
LINE
  5
9B7
330
1F
100
AcDbEntity
  8
0
100
AcDbLine
 10
46.69536452632947
 20
50.8496552060658
 30
0.0
 11
46.24536452632947
 21
50.8496552060658
 31
0.0
  0
LINE
  5
9B8
330
1F
100
AcDbEntity
  8
0
100
AcDbLine
 10
46.69536452632947
 20
50.4496552060658
 30
0.0
 11
46.69536452632947
 21
50.8496552060658
 31
0.0
  0
LINE
  5
9B9
330
1F
100
AcDbEntity
  8
0
100
AcDbLine
 10
46.04536452632944
 20
50.84965520606581
 30
0.0
 11
45.59536452632946
 21
50.8496552060658
 31
0.0
  0
LINE
  5
9BA
330
1F
100
AcDbEntity
  8
0
100
AcDbLine
 10
45.59536452632946
 20
50.4496552060658
 30
0.0
 11
45.59536452632946
 21
50.8496552060658
 31
0.0
  0
LINE
  5
9BC
330
1F
100
AcDbEntity
  8
0
100
AcDbLine
 10
47.14536452632946
 20
52.1996552060658
 30
0.0
 11
47.14536452632946
 21
53.84965520606581
 31
0.0
  0
LINE
  5
9BD
330
1F
100
AcDbEntity
  8
0
100
AcDbLine
 10
47.34536452632946
 20
52.1996552060658
 30
0.0
 11
47.34536452632946
 21
53.84965520606581
 31
0.0
  0
LINE
  5
9BF
330
1F
100
AcDbEntity
  8
0
100
AcDbLine
 10
48.84536452632946
 20
52.1996552060658
 30
0.0
 11
48.84536452632945
 21
53.4496552060658
 31
0.0
  0
LINE
  5
9C1
102
{ACAD_REACTORS
330
C89
330
1242
102
}
330
1F
100
AcDbEntity
  8
0
100
AcDbLine
 10
48.64536452632946
 20
52.1996552060658
 30
0.0
 11
48.64536452632946
 21
53.4996552060658
 31
0.0
  0
LINE
  5
9C3
102
{ACAD_REACTORS
330
1242
102
}
330
1F
100
AcDbEntity
  8
0
100
AcDbLine
 10
48.64536452632946
 20
53.19965520606579
 30
0.0
 11
48.84536452632946
 21
53.1996552060658
 31
0.0
  0
LINE
  5
9C5
330
1F
100
AcDbEntity
  8
0
100
AcDbLine
 10
48.77036452632946
 20
53.19965520606579
 30
0.0
 11
48.77036452632946
 21
52.1996552060658
 31
0.0
  0
LINE
  5
9C6
330
1F
100
AcDbEntity
  8
0
100
AcDbLine
 10
48.72036452632946
 20
53.19965520606579
 30
0.0
 11
48.72036452632946
 21
52.1996552060658
 31
0.0
  0
LINE
  5
9C7
102
{ACAD_REACTORS
330
C89
102
}
330
1F
100
AcDbEntity
  8
0
100
AcDbLine
 10
49.84536452632946
 20
52.1996552060658
 30
0.0
 11
49.84536452632946
 21
53.4996552060658
 31
0.0
  0
LINE
  5
9C8
102
{ACAD_REACTORS
330
C89
102
}
330
1F
100
AcDbEntity
  8
0
100
AcDbLine
 10
49.84536452632946
 20
53.4996552060658
 30
0.0
 11
48.64536452632946
 21
53.4996552060658
 31
0.0
  0
LINE
  5
9C9
102
{ACAD_REACTORS
330
C89
102
}
330
1F
100
AcDbEntity
  8
0
100
AcDbLine
 10
49.84536452632946
 20
53.4496552060658
 30
0.0
 11
48.64536452632946
 21
53.4496552060658
 31
0.0
  0
LINE
  5
9CA
330
1F
100
AcDbEntity
  8
0
100
AcDbLine
 10
49.84536452632946
 20
53.1996552060658
 30
0.0
 11
50.14536452632945
 21
53.1996552060658
 31
0.0
  0
LINE
  5
9CB
330
1F
100
AcDbEntity
  8
0
100
AcDbLine
 10
49.84536452632946
 20
52.9996552060658
 30
0.0
 11
50.14536452632945
 21
52.9996552060658
 31
0.0
  0
LINE
  5
9CD
330
1F
100
AcDbEntity
  8
0
100
AcDbLine
 10
50.02036452632946
 20
52.9996552060658
 30
0.0
 11
50.02036452632946
 21
53.1996552060658
 31
0.0
  0
LINE
  5
9CE
330
1F
100
AcDbEntity
  8
0
100
AcDbLine
 10
49.97036452632946
 20
52.9996552060658
 30
0.0
 11
49.97036452632946
 21
53.1996552060658
 31
0.0
  0
LINE
  5
9CF
102
{ACAD_REACTORS
330
C3B
102
}
330
1F
100
AcDbEntity
  8
0
100
AcDbLine
 10
39.24536452632946
 20
52.09965520606579
 30
0.0
 11
41.44536452632944
 21
52.09965520606579
 31
0.0
  0
LINE
  5
9D2
102
{ACAD_REACTORS
330
C3B
102
}
330
1F
100
AcDbEntity
  8
0
100
AcDbLine
 10
41.44536452632944
 20
51.99965520606578
 30
0.0
 11
41.64536452632944
 21
51.99965520606578
 31
0.0
  0
LINE
  5
9D3
102
{ACAD_REACTORS
330
C3B
102
}
330
1F
100
AcDbEntity
  8
0
100
AcDbLine
 10
41.64536452632944
 20
52.09965520606579
 30
0.0
 11
46.04536452632944
 21
52.09965520606578
 31
0.0
  0
LINE
  5
A05
330
1F
100
AcDbEntity
  8
0
100
AcDbLine
 10
46.04536452632944
 20
53.94965520606582
 30
0.0
 11
46.04536452632944
 21
54.94965520606582
 31
0.0
  0
LINE
  5
A06
330
1F
100
AcDbEntity
  8
0
100
AcDbLine
 10
46.04536452632944
 20
54.94965520606582
 30
0.0
 11
28.74536452632946
 21
54.94965520606582
 31
0.0
  0
LINE
  5
A08
102
{ACAD_REACTORS
330
118A
102
}
330
1F
100
AcDbEntity
  8
0
100
AcDbLine
 10
49.34536452632944
 20
50.44965520606578
 30
0.0
 11
49.34536452632946
 21
50.89965520606579
 31
0.0
  0
LINE
  5
A09
330
1F
100
AcDbEntity
  8
0
100
AcDbLine
 10
49.39536452632944
 20
50.44965520606578
 30
0.0
 11
49.39536452632946
 21
50.84965520606579
 31
0.0
  0
LINE
  5
A0A
102
{ACAD_REACTORS
330
118A
102
}
330
1F
100
AcDbEntity
  8
0
100
AcDbLine
 10
49.34536452632946
 20
50.89965520606579
 30
0.0
 11
49.84536452632946
 21
50.89965520606579
 31
0.0
  0
LINE
  5
A0B
330
1F
100
AcDbEntity
  8
0
100
AcDbLine
 10
49.39536452632946
 20
50.84965520606579
 30
0.0
 11
49.84536452632946
 21
50.84965520606579
 31
0.0
  0
LINE
  5
A0C
330
1F
100
AcDbEntity
  8
0
100
AcDbLine
 10
28.74536452632946
 20
54.94965520606582
 30
0.0
 11
28.74536452632946
 21
53.9496552060658
 31
0.0
  0
MTEXT
  5
A10
102
{ACAD_XDICTIONARY
360
A11
102
}
330
1F
100
AcDbEntity
  8
0
 62
     5
100
AcDbMText
 10
9.210128215082807
 20
54.62168493726903
 30
0.0
 40
0.4
 41
4.348702708848804
 46
0.0
 71
     1
 72
     5
  1
{\Fitalict|c0;WCE GARDEN}
  7
Annotative
 73
     1
 44
1.0
1001
AcadAnnotative
1000
AnnotativeData
1002
{
1070
     1
1070
     1
1002
}
  0
LINE
  5
A37
330
1F
100
AcDbEntity
  8
0
100
AcDbLine
 10
9.865955026429265
 20
16.55210373820118
 30
0.0
 11
9.865955026429265
 21
16.05210373820118
 31
0.0
  0
LINE
  5
A38
330
1F
100
AcDbEntity
  8
0
100
AcDbLine
 10
9.865955026429265
 20
16.05210373820118
 30
0.0
 11
12.26473237947072
 21
16.05210373820118
 31
0.0
  0
LINE
  5
A39
330
1F
100
AcDbEntity
  8
0
100
AcDbLine
 10
12.26473237947072
 20
16.05210373820118
 30
0.0
 11
12.26473237947072
 21
16.55210373820118
 31
0.0
  0
LINE
  5
A3A
330
1F
100
AcDbEntity
  8
0
100
AcDbLine
 10
9.865955026429265
 20
15.85210373820118
 30
0.0
 11
12.26473237947072
 21
15.85210373820118
 31
0.0
  0
LINE
  5
A3B
330
1F
100
AcDbEntity
  8
0
100
AcDbLine
 10
9.865955026429265
 20
15.65210373820118
 30
0.0
 11
12.26473237947072
 21
15.65210373820118
 31
0.0
  0
LINE
  5
A3C
330
1F
100
AcDbEntity
  8
0
100
AcDbLine
 10
9.865955026429265
 20
15.45210373820118
 30
0.0
 11
12.26473237947072
 21
15.45210373820118
 31
0.0
  0
LINE
  5
A3D
330
1F
100
AcDbEntity
  8
0
100
AcDbLine
 10
9.865955026429265
 20
15.25210373820118
 30
0.0
 11
12.26473237947072
 21
15.25210373820118
 31
0.0
  0
LINE
  5
A3E
330
1F
100
AcDbEntity
  8
0
100
AcDbLine
 10
9.865955026429265
 20
15.05210373820118
 30
0.0
 11
12.26473237947072
 21
15.05210373820118
 31
0.0
  0
LINE
  5
A3F
330
1F
100
AcDbEntity
  8
0
100
AcDbLine
 10
9.865955026429265
 20
16.05210373820118
 30
0.0
 11
9.865955026429265
 21
15.05210373820118
 31
0.0
  0
LINE
  5
A40
330
1F
100
AcDbEntity
  8
0
100
AcDbLine
 10
12.26473237947072
 20
16.05210373820118
 30
0.0
 11
12.26473237947072
 21
15.05210373820118
 31
0.0
  0
LINE
  5
A44
330
1F
100
AcDbEntity
  8
0
 62
     1
100
AcDbLine
 10
9.865955026429265
 20
13.05210373820118
 30
0.0
 11
9.665955026429266
 21
13.05210373820118
 31
0.0
  0
LINE
  5
A45
330
1F
100
AcDbEntity
  8
0
 62
     1
100
AcDbLine
 10
9.665955026429266
 20
13.05210373820118
 30
0.0
 11
9.665955026429266
 21
12.85210373820118
 31
0.0
  0
LINE
  5
A46
330
1F
100
AcDbEntity
  8
0
 62
     1
100
AcDbLine
 10
9.665955026429266
 20
12.85210373820118
 30
0.0
 11
9.867639580647495
 21
12.85210373820118
 31
0.0
  0
LINE
  5
A47
330
1F
100
AcDbEntity
  8
0
 62
     1
100
AcDbLine
 10
9.867639580647495
 20
12.85210373820118
 30
0.0
 11
9.867639580647495
 21
13.05210373820118
 31
0.0
  0
LINE
  5
A49
330
1F
100
AcDbEntity
  8
0
 62
     1
100
AcDbLine
 10
12.26304782525249
 20
13.05210373820118
 30
0.0
 11
12.06304782525249
 21
13.05210373820118
 31
0.0
  0
LINE
  5
A4A
330
1F
100
AcDbEntity
  8
0
 62
     1
100
AcDbLine
 10
12.06304782525249
 20
13.05210373820118
 30
0.0
 11
12.06304782525249
 21
12.85210373820118
 31
0.0
  0
LINE
  5
A4B
330
1F
100
AcDbEntity
  8
0
 62
     1
100
AcDbLine
 10
12.06304782525249
 20
12.85210373820118
 30
0.0
 11
12.26473237947072
 21
12.85210373820118
 31
0.0
  0
LINE
  5
A4C
330
1F
100
AcDbEntity
  8
0
 62
     1
100
AcDbLine
 10
12.26473237947072
 20
12.85210373820118
 30
0.0
 11
12.26473237947072
 21
13.05210373820118
 31
0.0
  0
LINE
  5
A4D
102
{ACAD_REACTORS
330
C4F
102
}
330
1F
100
AcDbEntity
  8
0
100
AcDbLine
 10
46.24536452632945
 20
53.84965520606581
 30
0.0
 11
49.84536452632944
 21
53.84965520606581
 31
0.0
  0
LINE
  5
A4F
102
{ACAD_REACTORS
330
C4F
102
}
330
1F
100
AcDbEntity
  8
0
100
AcDbLine
 10
46.24536452632945
 20
53.7496552060658
 30
0.0
 11
46.04536452632944
 21
53.7496552060658
 31
0.0
  0
LINE
  5
A50
102
{ACAD_REACTORS
330
C4F
102
}
330
1F
100
AcDbEntity
  8
0
100
AcDbLine
 10
50.14536452632945
 20
53.7496552060658
 30
0.0
 11
49.84536452632944
 21
53.7496552060658
 31
0.0
  0
LINE
  5
A51
330
1F
100
AcDbEntity
  8
0
100
AcDbLine
 10
43.59536452632946
 20
50.44965520606581
 30
0.0
 11
43.59536452632944
 21
51.59965520606582
 31
0.0
  0
LINE
  5
A52
330
1F
100
AcDbEntity
  8
0
100
AcDbLine
 10
41.69536452632946
 20
51.59965520606579
 30
0.0
 11
43.59536452632946
 21
51.59965520606582
 31
0.0
  0
LINE
  5
A53
330
1F
100
AcDbEntity
  8
0
100
AcDbLine
 10
32.49536452632947
 20
51.5996552060658
 30
0.0
 11
30.59536452632946
 21
51.59965520606579
 31
0.0
  0
LINE
  5
A54
330
1F
100
AcDbEntity
  8
0
100
AcDbLine
 10
30.59536452632945
 20
50.4496552060658
 30
0.0
 11
30.59536452632946
 21
51.59965520606579
 31
0.0
  0
LINE
  5
A55
330
1F
100
AcDbEntity
  8
0
100
AcDbLine
 10
32.49536452632945
 20
50.4496552060658
 30
0.0
 11
32.49536452632947
 21
51.5996552060658
 31
0.0
  0
LINE
  5
A57
330
1F
100
AcDbEntity
  8
0
100
AcDbLine
 10
41.69536452632946
 20
50.4496552060658
 30
0.0
 11
41.69536452632946
 21
51.5996552060658
 31
0.0
  0
MTEXT
  5
AA6
330
1F
100
AcDbEntity
  8
0
100
AcDbMText
 10
9.601825559312942
 20
24.63952176904536
 30
0.0
 40
0.3
 41
2.908462826136656
 46
0.0
 71
     1
 72
     5
  1
\pxqc;MAIN HALL\P24.8 x 30
 73
     1
 44
1.0
101
Embedded Object
 70
     1
 10
1.0
 20
0.0
 30
0.0
 11
9.601825559312942
 21
24.63952176904536
 31
0.0
 40
2.908462826136656
 41
0.0
 42
2.16650750341064
 43
0.8065484311050477
 71
     2
 72
     1
 44
2.908462826136656
 45
12.5
 73
     0
 74
     0
 46
0.0
  0
MTEXT
  5
AAE
330
1F
100
AcDbEntity
  8
0
100
AcDbMText
 10
9.574387642943179
 20
35.69986093182512
 30
0.0
 40
0.3
 41
2.908462826136656
 46
0.0
 71
     1
 72
     5
  1
\pxqc;DINING AREA \P24.8 X 13.6
 73
     1
 44
1.0
101
Embedded Object
 70
     1
 10
1.0
 20
0.0
 30
0.0
 11
9.574387642943179
 21
35.69986093182512
 31
0.0
 40
2.908462826136656
 41
0.0
 42
2.692837653478853
 43
0.8116643929058662
 71
     2
 72
     1
 44
2.908462826136656
 45
12.5
 73
     0
 74
     0
 46
0.0
  0
MTEXT
  5
AB6
330
1F
100
AcDbEntity
  8
0
100
AcDbMText
 10
28.01294865421403
 20
35.56789431201077
 30
0.0
 40
0.3
 41
4.829146364108282
 46
0.0
 71
     1
 72
     5
  1
\pxqc;CONFERENCE HALL \P24.8 X 13.6
 73
     1
 44
1.0
101
Embedded Object
 70
     1
 10
1.0
 20
0.0
 30
0.0
 11
28.01294865421403
 21
35.56789431201077
 31
0.0
 40
4.829146364108282
 41
0.0
 42
4.062892223738062
 43
0.8118690313778991
 71
     2
 72
     1
 44
4.829146364108282
 45
12.5
 73
     0
 74
     0
 46
0.0
  0
MTEXT
  5
ACB
330
1F
100
AcDbEntity
  8
0
100
AcDbMText
 10
9.642638821419154
 20
41.51650165361054
 30
0.0
 40
0.3
 41
2.908462826136656
 46
0.0
 71
     1
 72
     5
  1
\pxqc;KITCHEN\P14 X 9.8 
 73
     1
 44
1.0
101
Embedded Object
 70
     1
 10
1.0
 20
0.0
 30
0.0
 11
9.642638821419154
 21
41.51650165361054
 31
0.0
 40
2.908462826136656
 41
0.0
 42
1.774420190995907
 43
0.8114597544338336
 71
     2
 72
     1
 44
2.908462826136656
 45
12.5
 73
     0
 74
     0
 46
0.0
  0
MTEXT
  5
AD6
330
1F
100
AcDbEntity
  8
0
100
AcDbMText
 10
14.87875620481936
 20
41.80163693057394
 30
0.0
 40
0.3
 41
2.326931564462825
 46
0.0
 71
     1
 72
     5
  1
\pxqc;UTILITY WASH AREA\P5 X 7.2 
 73
     1
 44
1.0
101
Embedded Object
 70
     1
 10
1.0
 20
0.0
 30
0.0
 11
14.87875620481936
 21
41.80163693057394
 31
0.0
 40
2.326931564462825
 41
0.0
 42
1.52394270122783
 43
1.811459754433833
 71
     2
 72
     1
 44
2.326931564462825
 45
12.5
 73
     0
 74
     0
 46
0.0
  0
MTEXT
  5
ADE
330
1F
100
AcDbEntity
  8
0
100
AcDbMText
 10
4.900292125000163
 20
42.55366017298278
 30
0.0
 40
0.2
 41
0.8900186318800251
 46
0.0
 71
     1
 72
     5
  1
\pxqc;WC \P2 X 1.5
 73
     1
 44
1.0
101
Embedded Object
 70
     1
 10
1.0
 20
0.0
 30
0.0
 11
4.900292125000163
 21
42.55366017298278
 31
0.0
 40
0.8900186318800251
 41
0.0
 42
0.8660300136425648
 43
0.5409731696225557
 71
     2
 72
     1
 44
0.8900186318800251
 45
12.5
 73
     0
 74
     0
 46
0.5409731696225557
  0
MTEXT
  5
ADF
330
1F
100
AcDbEntity
  8
0
100
AcDbMText
 10
4.900292125000163
 20
41.62123733483679
 30
0.0
 40
0.2
 41
0.8900186318800251
 46
0.0
 71
     1
 72
     5
  1
\pxqc;WC \P2 X 1.5
 73
     1
 44
1.0
101
Embedded Object
 70
     1
 10
1.0
 20
0.0
 30
0.0
 11
4.900292125000163
 21
41.62123733483679
 31
0.0
 40
0.8900186318800251
 41
0.0
 42
0.8660300136425648
 43
0.5409731696225557
 71
     2
 72
     1
 44
0.8900186318800251
 45
12.5
 73
     0
 74
     0
 46
0.5409731696225557
  0
MTEXT
  5
AE0
330
1F
100
AcDbEntity
  8
0
100
AcDbMText
 10
4.900292125000163
 20
40.67607943878357
 30
0.0
 40
0.2
 41
0.8900186318800251
 46
0.0
 71
     1
 72
     5
  1
\pxqc;WC \P2 X 1.5
 73
     1
 44
1.0
101
Embedded Object
 70
     1
 10
1.0
 20
0.0
 30
0.0
 11
4.900292125000163
 21
40.67607943878357
 31
0.0
 40
0.8900186318800251
 41
0.0
 42
0.8660300136425648
 43
0.5409731696225557
 71
     2
 72
     1
 44
0.8900186318800251
 45
12.5
 73
     0
 74
     0
 46
0.5409731696225557
  0
MTEXT
  5
AE1
330
1F
100
AcDbEntity
  8
0
100
AcDbMText
 10
4.900292125000163
 20
39.74279916655947
 30
0.0
 40
0.2
 41
0.8900186318800251
 46
0.0
 71
     1
 72
     5
  1
\pxqc;WC \P2 X 1.5
 73
     1
 44
1.0
101
Embedded Object
 70
     1
 10
1.0
 20
0.0
 30
0.0
 11
4.900292125000163
 21
39.74279916655947
 31
0.0
 40
0.8900186318800251
 41
0.0
 42
0.8660300136425648
 43
0.5409731696225557
 71
     2
 72
     1
 44
0.8900186318800251
 45
12.5
 73
     0
 74
     0
 46
0.5409731696225557
  0
MTEXT
  5
AE2
330
1F
100
AcDbEntity
  8
0
100
AcDbMText
 10
4.900292125000163
 20
30.51208410929488
 30
0.0
 40
0.2
 41
0.8900186318800251
 46
0.0
 71
     1
 72
     5
  1
\pxqc;WC \P2 X 1.5
 73
     1
 44
1.0
101
Embedded Object
 70
     1
 10
1.0
 20
0.0
 30
0.0
 11
4.900292125000163
 21
30.51208410929488
 31
0.0
 40
0.8900186318800251
 41
0.0
 42
0.8660300136425648
 43
0.5409731696225557
 71
     2
 72
     1
 44
0.8900186318800251
 45
12.5
 73
     0
 74
     0
 46
0.5409731696225557
  0
MTEXT
  5
AE4
330
1F
100
AcDbEntity
  8
0
100
AcDbMText
 10
16.37715291922973
 20
30.53913000454617
 30
0.0
 40
0.2
 41
0.8900186318800251
 46
0.0
 71
     1
 72
     5
  1
\pxqc;WC \P2 X 1.5
 73
     1
 44
1.0
101
Embedded Object
 70
     1
 10
1.0
 20
0.0
 30
0.0
 11
16.37715291922973
 21
30.53913000454617
 31
0.0
 40
0.8900186318800251
 41
0.0
 42
0.8660300136425648
 43
0.5409731696225557
 71
     2
 72
     1
 44
0.8900186318800251
 45
12.5
 73
     0
 74
     0
 46
0.5409731696225557
  0
MTEXT
  5
AE5
330
1F
100
AcDbEntity
  8
0
100
AcDbMText
 10
24.11749957361408
 20
42.59256927974734
 30
0.0
 40
0.2
 41
0.6519733787698386
 46
0.0
 71
     1
 72
     5
  1
\pxqc;WC \P1.5 X 2
 73
     1
 44
1.0
101
Embedded Object
 70
     1
 10
1.0
 20
0.0
 30
0.0
 11
24.11749957361408
 21
42.59256927974734
 31
0.0
 40
0.6519733787698386
 41
0.0
 42
0.6201909959072306
 43
0.8717144156434743
 71
     2
 72
     1
 44
0.6519733787698386
 45
12.5
 73
     0
 74
     0
 46
0.9572217786099436
  0
MTEXT
  5
AE6
330
1F
100
AcDbEntity
  8
0
100
AcDbMText
 10
27.34249957361409
 20
42.59256927974734
 30
0.0
 40
0.2
 41
0.6519733787698386
 46
0.0
 71
     1
 72
     5
  1
\pxqc;WC \P1.5 X 2
 73
     1
 44
1.0
101
Embedded Object
 70
     1
 10
1.0
 20
0.0
 30
0.0
 11
27.34249957361409
 21
42.59256927974734
 31
0.0
 40
0.6519733787698386
 41
0.0
 42
0.6201909959072306
 43
0.8717144156434743
 71
     2
 72
     1
 44
0.6519733787698386
 45
12.5
 73
     0
 74
     0
 46
0.9572217786099436
  0
MTEXT
  5
AE7
330
1F
100
AcDbEntity
  8
0
100
AcDbMText
 10
28.19762629894696
 20
42.59256927974734
 30
0.0
 40
0.2
 41
0.6519733787698386
 46
0.0
 71
     1
 72
     5
  1
\pxqc;WC \P1.5 X 2
 73
     1
 44
1.0
101
Embedded Object
 70
     1
 10
1.0
 20
0.0
 30
0.0
 11
28.19762629894696
 21
42.59256927974734
 31
0.0
 40
0.6519733787698386
 41
0.0
 42
0.6201909959072306
 43
0.8717144156434743
 71
     2
 72
     1
 44
0.6519733787698386
 45
12.5
 73
     0
 74
     0
 46
0.9572217786099436
  0
MTEXT
  5
AE8
330
1F
100
AcDbEntity
  8
0
100
AcDbMText
 10
31.55490309326955
 20
42.58985435502038
 30
0.0
 40
0.2
 41
0.6519733787698386
 46
0.0
 71
     1
 72
     5
  1
\pxqc;WC \P1.5 X 2
 73
     1
 44
1.0
101
Embedded Object
 70
     1
 10
1.0
 20
0.0
 30
0.0
 11
31.55490309326955
 21
42.58985435502038
 31
0.0
 40
0.6519733787698386
 41
0.0
 42
0.6201909959072306
 43
0.8717144156434743
 71
     2
 72
     1
 44
0.6519733787698386
 45
12.5
 73
     0
 74
     0
 46
0.9572217786099436
  0
MTEXT
  5
AE9
330
1F
100
AcDbEntity
  8
0
100
AcDbMText
 10
32.51133937615218
 20
42.60805286520557
 30
0.0
 40
0.2
 41
0.6519733787698386
 46
0.0
 71
     1
 72
     5
  1
\pxqc;WC \P1.5 X 2
 73
     1
 44
1.0
101
Embedded Object
 70
     1
 10
1.0
 20
0.0
 30
0.0
 11
32.51133937615218
 21
42.60805286520557
 31
0.0
 40
0.6519733787698386
 41
0.0
 42
0.6201909959072306
 43
0.8717144156434743
 71
     2
 72
     1
 44
0.6519733787698386
 45
12.5
 73
     0
 74
     0
 46
0.9572217786099436
  0
MTEXT
  5
AEA
330
1F
100
AcDbEntity
  8
0
100
AcDbMText
 10
35.74077448371415
 20
42.59256927974734
 30
0.0
 40
0.2
 41
0.6519733787698386
 46
0.0
 71
     1
 72
     5
  1
\pxqc;WC \P1.5 X 2
 73
     1
 44
1.0
101
Embedded Object
 70
     1
 10
1.0
 20
0.0
 30
0.0
 11
35.74077448371415
 21
42.59256927974734
 31
0.0
 40
0.6519733787698386
 41
0.0
 42
0.6201909959072306
 43
0.8717144156434743
 71
     2
 72
     1
 44
0.6519733787698386
 45
12.5
 73
     0
 74
     0
 46
0.9572217786099436
  0
MTEXT
  5
AF1
330
1F
100
AcDbEntity
  8
0
100
AcDbMText
 10
24.17770637065601
 20
41.3219044163167
 30
0.0
 40
0.2
 41
1.526923176819309
 46
0.0
 71
     1
 72
     5
  1
\pxqc;GUEST ROOM 1 \P3.8 X 5
 73
     1
 44
1.0
101
Embedded Object
 70
     1
 10
1.0
 20
0.0
 30
0.0
 11
24.17770637065601
 21
41.3219044163167
 31
0.0
 40
1.526923176819309
 41
0.0
 42
1.028922237380627
 43
0.8779899954524784
 71
     2
 72
     1
 44
1.526923176819309
 45
12.5
 73
     0
 74
     0
 46
0.9572217786099436
  0
MTEXT
  5
AF2
330
1F
100
AcDbEntity
  8
0
100
AcDbMText
 10
26.38377626891227
 20
41.31443212412511
 30
0.0
 40
0.2
 41
1.526923176819309
 46
0.0
 71
     1
 72
     5
  1
\pxqc;GUEST ROOM 2 \P3.8 X 5
 73
     1
 44
1.0
101
Embedded Object
 70
     1
 10
1.0
 20
0.0
 30
0.0
 11
26.38377626891227
 21
41.31443212412511
 31
0.0
 40
1.526923176819309
 41
0.0
 42
1.065484311050477
 43
0.8779899954524784
 71
     2
 72
     1
 44
1.526923176819309
 45
12.5
 73
     0
 74
     0
 46
0.9572217786099436
  0
MTEXT
  5
AF3
330
1F
100
AcDbEntity
  8
0
100
AcDbMText
 10
28.23089248289577
 20
41.28454305407327
 30
0.0
 40
0.2
 41
1.526923176819309
 46
0.0
 71
     1
 72
     5
  1
\pxqc;GUEST ROOM 3\P3.8 X 5
 73
     1
 44
1.0
101
Embedded Object
 70
     1
 10
1.0
 20
0.0
 30
0.0
 11
28.23089248289577
 21
41.28454305407327
 31
0.0
 40
1.526923176819309
 41
0.0
 42
1.067530695770805
 43
0.8779899954524784
 71
     2
 72
     1
 44
1.526923176819309
 45
12.5
 73
     0
 74
     0
 46
0.9572217786099436
  0
MTEXT
  5
AF4
330
1F
100
AcDbEntity
  8
0
100
AcDbMText
 10
30.36218029444427
 20
41.30695983193353
 30
0.0
 40
0.2
 41
1.526923176819309
 46
0.0
 71
     1
 72
     5
  1
\pxqc;GUEST ROOM 4 \P3.8 X 5
 73
     1
 44
1.0
101
Embedded Object
 70
     1
 10
1.0
 20
0.0
 30
0.0
 11
30.36218029444427
 21
41.30695983193353
 31
0.0
 40
1.526923176819309
 41
0.0
 42
1.066712141882674
 43
0.8779899954524784
 71
     2
 72
     1
 44
1.526923176819309
 45
12.5
 73
     0
 74
     0
 46
0.9572217786099436
  0
MTEXT
  5
AF5
330
1F
100
AcDbEntity
  8
0
100
AcDbMText
 10
32.55907769978461
 20
41.32291870772269
 30
0.0
 40
0.2
 41
1.526923176819309
 46
0.0
 71
     1
 72
     5
  1
\pxqc;GUEST ROOM 5 \P3.8 X 5
 73
     1
 44
1.0
101
Embedded Object
 70
     1
 10
1.0
 20
0.0
 30
0.0
 11
32.55907769978461
 21
41.32291870772269
 31
0.0
 40
1.526923176819309
 41
0.0
 42
1.069031377899045
 43
0.8779899954524784
 71
     2
 72
     1
 44
1.526923176819309
 45
12.5
 73
     0
 74
     0
 46
0.9572217786099436
  0
MTEXT
  5
AF6
330
1F
100
AcDbEntity
  8
0
100
AcDbMText
 10
34.51153011304453
 20
41.30379228131206
 30
0.0
 40
0.2
 41
1.526923176819309
 46
0.0
 71
     1
 72
     5
  1
\pxqc;GUEST ROOM 6 \P3.8 X 5
 73
     1
 44
1.0
101
Embedded Object
 70
     1
 10
1.0
 20
0.0
 30
0.0
 11
34.51153011304453
 21
41.30379228131206
 31
0.0
 40
1.526923176819309
 41
0.0
 42
1.067394270122783
 43
0.8779899954524784
 71
     2
 72
     1
 44
1.526923176819309
 45
12.5
 73
     0
 74
     0
 46
0.9572217786099436
  0
MTEXT
  5
AF7
330
1F
100
AcDbEntity
  8
0
100
AcDbMText
 10
4.909524838480621
 20
31.7544512166388
 30
0.0
 40
0.2
 41
1.526923176819309
 46
0.0
 71
     1
 72
     5
  1
\pxqc;BRIDE ROOM \P3 X 4
 73
     1
 44
1.0
101
Embedded Object
 70
     1
 10
1.0
 20
0.0
 30
0.0
 11
4.909524838480621
 21
31.7544512166388
 31
0.0
 40
1.526923176819309
 41
0.0
 42
0.8260572987721692
 43
0.8745793542519326
 71
     2
 72
     1
 44
1.526923176819309
 45
12.5
 73
     0
 74
     0
 46
0.9572217786099436
  0
MTEXT
  5
AF8
330
1F
100
AcDbEntity
  8
0
100
AcDbMText
 10
15.87880687016961
 20
31.77209560099119
 30
0.0
 40
0.2
 41
1.526923176819309
 46
0.0
 71
     1
 72
     5
  1
\pxqc;GROOM ROOM \P3 X 4
 73
     1
 44
1.0
101
Embedded Object
 70
     1
 10
1.0
 20
0.0
 30
0.0
 11
15.87880687016961
 21
31.77209560099119
 31
0.0
 40
1.526923176819309
 41
0.0
 42
1.050477489768076
 43
0.8781264211005002
 71
     2
 72
     1
 44
1.526923176819309
 45
12.5
 73
     0
 74
     0
 46
0.9572217786099436
  0
LINE
  5
B7C
102
{ACAD_REACTORS
330
DC9
102
}
330
1F
100
AcDbEntity
  8
0
100
AcDbLine
 10
41.64536452632947
 20
50.4496552060658
 30
0.0
 11
46.04536452632946
 21
50.4496552060658
 31
0.0
  0
LINE
  5
B7D
102
{ACAD_REACTORS
330
DC9
330
11B8
330
11E6
102
}
330
1F
100
AcDbEntity
  8
0
100
AcDbLine
 10
46.24536452632946
 20
50.44965520606579
 30
0.0
 11
51.14536452632945
 21
50.44965520606579
 31
0.0
  0
LINE
  5
B7E
330
1F
100
AcDbEntity
  8
0
100
AcDbLine
 10
39.24536452632946
 20
53.84965520606581
 30
0.0
 11
46.04536452632944
 21
53.84965520606581
 31
0.0
  0
HATCH
  5
BFA
330
1F
100
AcDbEntity
  8
0
100
AcDbHatch
 10
0.0
 20
0.0
 30
0.0
210
0.0
220
0.0
230
1.0
  2
ANSI32
 70
     0
 71
     0
 91
        9
 92
        7
 72
     0
 73
     1
 93
        4
 10
24.04536452632946
 20
53.9496552060658
 10
23.74536452632946
 20
53.9496552060658
 10
23.74536452632946
 20
49.99965520606579
 10
24.04536452632946
 20
49.99965520606579
 97
        0
 92
        7
 72
     0
 73
     1
 93
        4
 10
35.54536452632945
 20
50.8996552060658
 10
35.54536452632945
 20
50.44965520606581
 10
39.04536452632945
 20
50.44965520606581
 10
39.04536452632945
 20
50.8996552060658
 97
        0
 92
        7
 72
     0
 73
     1
 93
        4
 10
46.04536452632946
 20
49.99965520606581
 10
46.24536452632947
 20
49.99965520606581
 10
46.24536452632945
 20
51.99965520606579
 10
46.04536452632944
 20
51.99965520606579
 97
        0
 92
        7
 72
     0
 73
     1
 93
        4
 10
46.24536452632945
 20
53.7496552060658
 10
46.04536452632944
 20
53.7496552060658
 10
46.04536452632944
 20
52.1996552060658
 10
46.24536452632947
 20
52.1996552060658
 97
        0
 92
        7
 72
     0
 73
     1
 93
        4
 10
47.14536452632946
 20
52.1996552060658
 10
47.34536452632946
 20
52.1996552060658
 10
47.34536452632946
 20
53.84965520606581
 10
47.14536452632946
 20
53.84965520606581
 97
        0
 92
        7
 72
     0
 73
     1
 93
        4
 10
49.84536452632946
 20
52.1996552060658
 10
50.14536452632945
 20
52.1996552060658
 10
50.14536452632945
 20
52.9996552060658
 10
49.84536452632946
 20
52.9996552060658
 97
        0
 92
        7
 72
     0
 73
     1
 93
        4
 10
50.14536452632945
 20
53.7496552060658
 10
49.84536452632946
 20
53.7496552060658
 10
49.84536452632946
 20
53.1996552060658
 10
50.14536452632945
 20
53.1996552060658
 97
        0
 92
        7
 72
     0
 73
     1
 93
        4
 10
48.84536452632945
 20
53.4496552060658
 10
48.64536452632947
 20
53.4496552060658
 10
48.64536452632946
 20
53.19965520606579
 10
48.84536452632945
 20
53.1996552060658
 97
        0
 92
        7
 72
     0
 73
     1
 93
        4
 10
51.44536452632945
 20
51.99965520606579
 10
51.14536452632944
 20
51.99965520606579
 10
51.14536452632946
 20
49.99965520606581
 10
51.44536452632945
 20
49.99965520606581
 97
        0
 75
     1
 76
     1
 52
0.0
 41
0.02
 77
     0
 78
     2
 53
45.0
 43
0.0
 44
0.0
 45
-0.1347038418160373
 46
0.1347038418160373
 79
     0
 53
45.0
 43
0.0898026
 44
0.0
 45
-0.1347038418160373
 46
0.1347038418160373
 79
     0
 47
0.0130869830354464
 98
        9
 10
23.97829833631846
 20
52.64365267425495
 10
37.32759565990125
 20
50.70446913207717
 10
46.09822070081214
 20
50.98418389226111
 10
46.18974155493811
 20
52.7739553170187
 10
47.209545102405
 20
52.73476326486655
 10
49.9813186724349
 20
52.51267482031733
 10
50.00746733450876
 20
53.36183639734176
 10
48.76700879300717
 20
53.33398643251101
 10
51.40819367046993
 20
50.81066251865863
1001
GradientColor1ACI
1070
     5
1001
GradientColor2ACI
1070
     2
1001
ACAD
1010
0.0
1020
0.0
1030
0.0
  0
HATCH
  5
C1A
330
1F
100
AcDbEntity
  8
0
100
AcDbHatch
 10
0.0
 20
0.0
 30
0.0
210
0.0
220
0.0
230
1.0
  2
AR-CONC
 70
     0
 71
     1
 91
        1
 92
        7
 72
     0
 73
     1
 93
        4
 10
39.24536452632946
 20
51.99965520606579
 10
39.04536452632945
 20
51.99965520606579
 10
39.04536452632945
 20
49.9996552060658
 10
39.24536452632947
 20
49.9996552060658
 97
        4
330
760
330
72F
330
668
330
730
 75
     1
 76
     1
 52
0.0
 41
0.0015
 77
     0
 78
    13
 53
50.0
 43
0.0
 44
0.0
 45
0.273277003494006
 46
-0.0239086283083546
 79
     2
 49
0.028575
 49
-0.314325
 53
355.0
 43
0.0
 44
0.0
 45
-0.052865132137454
 46
0.2865852678585527
 79
     2
 49
0.02286
 49
-0.251460876255
 53
100.4514447
 43
0.0227730105
 44
-0.00199238025
 45
0.2204118706355299
 46
0.2626766278682926
 79
     2
 49
0.0242850132
 49
-0.2671353668999999
 53
46.1842
 43
0.0
 44
0.0762
 45
0.4066185613381949
 46
-0.0630634918990907
 79
     2
 49
0.0428625
 49
-0.4714875000000001
 53
96.63555760999997
 43
0.03388485
 44
0.07094475
 45
0.3561062010772545
 46
0.3711391868965823
 79
     2
 49
0.03642753471
 49
-0.4007034122400001
 53
351.18415117
 43
0.0
 44
0.0762
 45
0.3561062010974656
 46
0.371139186878299
 79
     2
 49
0.034289950605
 49
-0.37718959788
 53
21.0
 43
0.0381
 44
0.05715
 45
0.2274215869036987
 46
-0.1533977972806314
 79
     2
 49
0.028575
 49
-0.314325
 53
326.0
 43
0.0381
 44
0.05715
 45
0.0927030425214706
 46
0.2762819491834789
 79
     2
 49
0.02286
 49
-0.25146
 53
71.45144499999999
 43
0.0570517989
 44
0.04436685015
 45
0.3201246289180743
 46
0.1228841533288579
 79
     2
 49
0.0242850132
 49
-0.2671349064
 53
37.5
 43
0.0
 44
0.0
 45
0.0046329048758877
 46
0.1268325583097297
 79
     6
 49
0.0
 49
-0.248412
 49
0.0
 49
-0.25527
 49
0.0
 49
-0.2524125000000001
 53
7.499999999999999
 43
0.0
 44
0.0
 45
0.1002294937654586
 46
0.1502708622271793
 79
     6
 49
0.0
 49
-0.145542
 49
0.0
 49
-0.242697
 49
0.0
 49
-0.0962025
 53
327.5
 43
-0.084963
 44
0.0
 45
0.2033858927503071
 46
-0.0085931159890102
 79
     6
 49
0.0
 49
-0.09525
 49
0.0
 49
-0.29718
 49
0.0
 49
-0.394335
 53
317.5
 43
-0.123063
 44
0.0
 45
0.2221937720790271
 46
0.0381397365499996
 79
     6
 49
0.0
 49
-0.123825
 49
0.0
 49
-0.197358
 49
0.0
 49
-0.280035
 47
0.0051805441277206
 98
        1
 10
39.09738753164521
 20
51.52821052096249
1001
GradientColor1ACI
1070
     5
1001
GradientColor2ACI
1070
     2
1001
ACAD
1010
0.0
1020
0.0
1030
0.0
  0
HATCH
  5
C3B
330
1F
100
AcDbEntity
  8
0
100
AcDbHatch
 10
0.0
 20
0.0
 30
0.0
210
0.0
220
0.0
230
1.0
  2
AR-CONC
 70
     0
 71
     1
 91
        2
 92
        7
 72
     0
 73
     1
 93
        4
 10
41.64536452632944
 20
51.99965520606578
 10
41.44536452632944
 20
51.99965520606578
 10
41.44536452632947
 20
49.9996552060658
 10
41.64536452632947
 20
49.9996552060658
 97
        4
330
9D2
330
99D
330
665
330
99C
 92
        7
 72
     0
 73
     1
 93
       21
 10
51.44536452632945
 20
52.1996552060658
 10
39.24536452632947
 20
52.1996552060658
 10
39.04536452632945
 20
52.1996552060658
 10
39.04536452632945
 20
51.99965520606579
 10
39.24536452632946
 20
51.99965520606579
 10
39.24536452632946
 20
52.09965520606579
 10
41.44536452632944
 20
52.09965520606579
 10
41.44536452632944
 20
51.99965520606578
 10
41.64536452632944
 20
51.99965520606578
 10
41.64536452632944
 20
52.09965520606579
 10
46.04536452632944
 20
52.09965520606578
 10
46.04536452632944
 20
51.99965520606579
 10
46.24536452632945
 20
51.99965520606579
 10
46.24536452632945
 20
52.09965520606579
 10
49.84536452632946
 20
52.09965520606579
 10
49.84536452632946
 20
51.99965520606579
 10
50.14536452632945
 20
51.99965520606579
 10
50.14536452632945
 20
52.09965520606578
 10
51.14536452632944
 20
52.0996552060658
 10
51.14536452632944
 20
51.99965520606579
 10
51.44536452632945
 20
51.99965520606579
 97
       20
330
75A
330
731
330
72F
330
760
330
730
330
9CF
330
99D
330
99C
330
9D3
330
754
330
764
330
755
330
766
330
756
330
80B
330
757
330
80D
330
758
330
811
330
759
 75
     1
 76
     1
 52
0.0
 41
0.0015
 77
     0
 78
    13
 53
50.0
 43
0.0
 44
0.0
 45
0.273277003494006
 46
-0.0239086283083546
 79
     2
 49
0.028575
 49
-0.314325
 53
355.0
 43
0.0
 44
0.0
 45
-0.052865132137454
 46
0.2865852678585527
 79
     2
 49
0.02286
 49
-0.251460876255
 53
100.4514447
 43
0.0227730105
 44
-0.00199238025
 45
0.2204118706355299
 46
0.2626766278682926
 79
     2
 49
0.0242850132
 49
-0.2671353668999999
 53
46.1842
 43
0.0
 44
0.0762
 45
0.4066185613381949
 46
-0.0630634918990907
 79
     2
 49
0.0428625
 49
-0.4714875000000001
 53
96.63555760999997
 43
0.03388485
 44
0.07094475
 45
0.3561062010772545
 46
0.3711391868965823
 79
     2
 49
0.03642753471
 49
-0.4007034122400001
 53
351.18415117
 43
0.0
 44
0.0762
 45
0.3561062010974656
 46
0.371139186878299
 79
     2
 49
0.034289950605
 49
-0.37718959788
 53
21.0
 43
0.0381
 44
0.05715
 45
0.2274215869036987
 46
-0.1533977972806314
 79
     2
 49
0.028575
 49
-0.314325
 53
326.0
 43
0.0381
 44
0.05715
 45
0.0927030425214706
 46
0.2762819491834789
 79
     2
 49
0.02286
 49
-0.25146
 53
71.45144499999999
 43
0.0570517989
 44
0.04436685015
 45
0.3201246289180743
 46
0.1228841533288579
 79
     2
 49
0.0242850132
 49
-0.2671349064
 53
37.5
 43
0.0
 44
0.0
 45
0.0046329048758877
 46
0.1268325583097297
 79
     6
 49
0.0
 49
-0.248412
 49
0.0
 49
-0.25527
 49
0.0
 49
-0.2524125000000001
 53
7.499999999999999
 43
0.0
 44
0.0
 45
0.1002294937654586
 46
0.1502708622271793
 79
     6
 49
0.0
 49
-0.145542
 49
0.0
 49
-0.242697
 49
0.0
 49
-0.0962025
 53
327.5
 43
-0.084963
 44
0.0
 45
0.2033858927503071
 46
-0.0085931159890102
 79
     6
 49
0.0
 49
-0.09525
 49
0.0
 49
-0.29718
 49
0.0
 49
-0.394335
 53
317.5
 43
-0.123063
 44
0.0
 45
0.2221937720790271
 46
0.0381397365499996
 79
     6
 49
0.0
 49
-0.123825
 49
0.0
 49
-0.197358
 49
0.0
 49
-0.280035
 47
0.0051896476958674
 98
        2
 10
41.52497578932906
 20
51.14755966287564
 10
49.9483836489054
 20
52.12558389909003
1001
GradientColor1ACI
1070
     5
1001
GradientColor2ACI
1070
     2
1001
ACAD
1010
0.0
1020
0.0
1030
0.0
  0
HATCH
  5
C43
330
1F
100
AcDbEntity
  8
0
100
AcDbHatch
 10
0.0
 20
0.0
 30
0.0
210
0.0
220
0.0
230
1.0
  2
AR-CONC
 70
     0
 71
     1
 91
        1
 92
        7
 72
     0
 73
     1
 93
        4
 10
39.24536452632946
 20
53.9496552060658
 10
39.04536452632945
 20
53.9496552060658
 10
39.04536452632945
 20
52.19965520606581
 10
39.24536452632946
 20
52.19965520606581
 97
        4
330
69C
330
72F
330
731
330
762
 75
     1
 76
     1
 52
0.0
 41
0.0015
 77
     0
 78
    13
 53
50.0
 43
0.0
 44
0.0
 45
0.273277003494006
 46
-0.0239086283083546
 79
     2
 49
0.028575
 49
-0.314325
 53
355.0
 43
0.0
 44
0.0
 45
-0.052865132137454
 46
0.2865852678585527
 79
     2
 49
0.02286
 49
-0.251460876255
 53
100.4514447
 43
0.0227730105
 44
-0.00199238025
 45
0.2204118706355299
 46
0.2626766278682926
 79
     2
 49
0.0242850132
 49
-0.2671353668999999
 53
46.1842
 43
0.0
 44
0.0762
 45
0.4066185613381949
 46
-0.0630634918990907
 79
     2
 49
0.0428625
 49
-0.4714875000000001
 53
96.63555760999997
 43
0.03388485
 44
0.07094475
 45
0.3561062010772545
 46
0.3711391868965823
 79
     2
 49
0.03642753471
 49
-0.4007034122400001
 53
351.18415117
 43
0.0
 44
0.0762
 45
0.3561062010974656
 46
0.371139186878299
 79
     2
 49
0.034289950605
 49
-0.37718959788
 53
21.0
 43
0.0381
 44
0.05715
 45
0.2274215869036987
 46
-0.1533977972806314
 79
     2
 49
0.028575
 49
-0.314325
 53
326.0
 43
0.0381
 44
0.05715
 45
0.0927030425214706
 46
0.2762819491834789
 79
     2
 49
0.02286
 49
-0.25146
 53
71.45144499999999
 43
0.0570517989
 44
0.04436685015
 45
0.3201246289180743
 46
0.1228841533288579
 79
     2
 49
0.0242850132
 49
-0.2671349064
 53
37.5
 43
0.0
 44
0.0
 45
0.0046329048758877
 46
0.1268325583097297
 79
     6
 49
0.0
 49
-0.248412
 49
0.0
 49
-0.25527
 49
0.0
 49
-0.2524125000000001
 53
7.499999999999999
 43
0.0
 44
0.0
 45
0.1002294937654586
 46
0.1502708622271793
 79
     6
 49
0.0
 49
-0.145542
 49
0.0
 49
-0.242697
 49
0.0
 49
-0.0962025
 53
327.5
 43
-0.084963
 44
0.0
 45
0.2033858927503071
 46
-0.0085931159890102
 79
     6
 49
0.0
 49
-0.09525
 49
0.0
 49
-0.29718
 49
0.0
 49
-0.394335
 53
317.5
 43
-0.123063
 44
0.0
 45
0.2221937720790271
 46
0.0381397365499996
 79
     6
 49
0.0
 49
-0.123825
 49
0.0
 49
-0.197358
 49
0.0
 49
-0.280035
 47
0.0083101841887169
 98
        1
 10
39.14242927225695
 20
53.05951882762229
1001
GradientColor1ACI
1070
     5
1001
GradientColor2ACI
1070
     2
1001
ACAD
1010
0.0
1020
0.0
1030
0.0
  0
HATCH
  5
C4F
330
1F
100
AcDbEntity
  8
0
100
AcDbHatch
 10
0.0
 20
0.0
 30
0.0
210
0.0
220
0.0
230
1.0
  2
AR-CONC
 70
     0
 71
     1
 91
        1
 92
        7
 72
     0
 73
     1
 93
        8
 10
50.14536452632945
 20
53.94965520606579
 10
46.04536452632944
 20
53.94965520606579
 10
46.04536452632944
 20
53.7496552060658
 10
46.24536452632945
 20
53.7496552060658
 10
46.24536452632945
 20
53.84965520606581
 10
49.84536452632946
 20
53.84965520606581
 10
49.84536452632946
 20
53.7496552060658
 10
50.14536452632945
 20
53.7496552060658
 97
        8
330
75B
330
767
330
A4F
330
80F
330
A4D
330
80C
330
A50
330
80E
 75
     1
 76
     1
 52
0.0
 41
0.001
 77
     0
 78
    13
 53
50.0
 43
0.0
 44
0.0
 45
0.182184668996004
 46
-0.0159390855389031
 79
     2
 49
0.01905
 49
-0.20955
 53
355.0
 43
0.0
 44
0.0
 45
-0.0352434214249694
 46
0.1910568452390351
 79
     2
 49
0.01524
 49
-0.16764058417
 53
100.4514447
 43
0.015182007
 44
-0.0013282535
 45
0.1469412470903533
 46
0.1751177519121951
 79
     2
 49
0.0161900088
 49
-0.1780902446
 53
46.1842
 43
0.0
 44
0.0508
 45
0.2710790408921299
 46
-0.0420423279327272
 79
     2
 49
0.028575
 49
-0.314325
 53
96.63555760999997
 43
0.0225899
 44
0.0472965
 45
0.237404134051503
 46
0.2474261245977215
 79
     2
 49
0.02428502314
 49
-0.26713560816
 53
351.18415117
 43
0.0
 44
0.0508
 45
0.237404134064977
 46
0.2474261245855327
 79
     2
 49
0.02285996707
 49
-0.25145973192
 53
21.0
 43
0.0254
 44
0.0381
 45
0.1516143912691325
 46
-0.1022651981870876
 79
     2
 49
0.01905
 49
-0.20955
 53
326.0
 43
0.0254
 44
0.0381
 45
0.0618020283476471
 46
0.1841879661223193
 79
     2
 49
0.01524
 49
-0.16764
 53
71.45144499999999
 43
0.0380345326
 44
0.0295779001
 45
0.2134164192787161
 46
0.0819227688859053
 79
     2
 49
0.0161900088
 49
-0.1780899376
 53
37.5
 43
0.0
 44
0.0
 45
0.0030886032505918
 46
0.0845550388731531
 79
     6
 49
0.0
 49
-0.165608
 49
0.0
 49
-0.17018
 49
0.0
 49
-0.168275
 53
7.499999999999999
 43
0.0
 44
0.0
 45
0.0668196625103058
 46
0.1001805748181195
 79
     6
 49
0.0
 49
-0.097028
 49
0.0
 49
-0.161798
 49
0.0
 49
-0.064135
 53
327.5
 43
-0.056642
 44
0.0
 45
0.1355905951668714
 46
-0.0057287439926734
 79
     6
 49
0.0
 49
-0.0635
 49
0.0
 49
-0.19812
 49
0.0
 49
-0.26289
 53
317.5
 43
-0.082042
 44
0.0
 45
0.148129181386018
 46
0.025426491033333
 79
     6
 49
0.0
 49
-0.08255
 49
0.0
 49
-0.131572
 49
0.0
 49
-0.18669
 47
0.0032608734061668
 98
        1
 10
47.14782468219675
 20
53.91497427883075
1001
GradientColor1ACI
1070
     5
1001
GradientColor2ACI
1070
     2
1001
ACAD
1010
0.0
1020
0.0
1030
0.0
  0
HATCH
  5
C6D
330
1F
100
AcDbEntity
  8
0
100
AcDbHatch
 10
0.0
 20
0.0
 30
0.0
210
0.0
220
0.0
230
1.0
  2
AR-CONC
 70
     0
 71
     1
 91
        1
 92
        7
 72
     0
 73
     1
 93
       25
 10
28.69536452632945
 20
52.1996552060658
 10
26.44536452632946
 20
52.19965520606581
 10
26.44536452632945
 20
52.12356824954406
 10
26.29536452632946
 20
52.12356824954405
 10
26.29536452632947
 20
52.04748129302233
 10
26.14536452632946
 20
52.04748129302233
 10
26.14536452632946
 20
51.97139433650058
 10
25.99536452632946
 20
51.97139433650058
 10
25.99536452632946
 20
51.89530737997884
 10
25.84536452632946
 20
51.89530737997884
 10
25.84536452632946
 20
51.81922042345711
 10
25.69536452632946
 20
51.81922042345711
 10
25.69536452632946
 20
51.74313346693537
 10
25.54536452632946
 20
51.74313346693537
 10
25.54536452632946
 20
51.66704651041363
 10
25.39536452632946
 20
51.66704651041364
 10
25.39536452632946
 20
51.59095955389189
 10
25.24536452632947
 20
51.59095955389189
 10
25.24536452632947
 20
51.51487259737016
 10
25.09536452632945
 20
51.51487259737015
 10
25.09536452632945
 20
51.43878564084841
 10
24.94536452632946
 20
51.43878564084841
 10
24.94536452632946
 20
51.32665630094184
 10
26.46927665357387
 20
52.0996552060658
 10
28.69536452632945
 20
52.09965520606579
 97
       25
330
728
330
6A2
330
6F7
330
71C
330
6F5
330
71B
330
6F4
330
71A
330
6F3
330
719
330
6F2
330
718
330
721
330
717
330
720
330
716
330
71F
330
715
330
71E
330
714
330
71D
330
6A0
330
72C
330
6F9
330
726
 75
     1
 76
     1
 52
0.0
 41
0.0015
 77
     0
 78
    13
 53
50.0
 43
0.0
 44
0.0
 45
0.273277003494006
 46
-0.0239086283083546
 79
     2
 49
0.028575
 49
-0.314325
 53
355.0
 43
0.0
 44
0.0
 45
-0.052865132137454
 46
0.2865852678585527
 79
     2
 49
0.02286
 49
-0.251460876255
 53
100.4514447
 43
0.0227730105
 44
-0.00199238025
 45
0.2204118706355299
 46
0.2626766278682926
 79
     2
 49
0.0242850132
 49
-0.2671353668999999
 53
46.1842
 43
0.0
 44
0.0762
 45
0.4066185613381949
 46
-0.0630634918990907
 79
     2
 49
0.0428625
 49
-0.4714875000000001
 53
96.63555760999997
 43
0.03388485
 44
0.07094475
 45
0.3561062010772545
 46
0.3711391868965823
 79
     2
 49
0.03642753471
 49
-0.4007034122400001
 53
351.18415117
 43
0.0
 44
0.0762
 45
0.3561062010974656
 46
0.371139186878299
 79
     2
 49
0.034289950605
 49
-0.37718959788
 53
21.0
 43
0.0381
 44
0.05715
 45
0.2274215869036987
 46
-0.1533977972806314
 79
     2
 49
0.028575
 49
-0.314325
 53
326.0
 43
0.0381
 44
0.05715
 45
0.0927030425214706
 46
0.2762819491834789
 79
     2
 49
0.02286
 49
-0.25146
 53
71.45144499999999
 43
0.0570517989
 44
0.04436685015
 45
0.3201246289180743
 46
0.1228841533288579
 79
     2
 49
0.0242850132
 49
-0.2671349064
 53
37.5
 43
0.0
 44
0.0
 45
0.0046329048758877
 46
0.1268325583097297
 79
     6
 49
0.0
 49
-0.248412
 49
0.0
 49
-0.25527
 49
0.0
 49
-0.2524125000000001
 53
7.499999999999999
 43
0.0
 44
0.0
 45
0.1002294937654586
 46
0.1502708622271793
 79
     6
 49
0.0
 49
-0.145542
 49
0.0
 49
-0.242697
 49
0.0
 49
-0.0962025
 53
327.5
 43
-0.084963
 44
0.0
 45
0.2033858927503071
 46
-0.0085931159890102
 79
     6
 49
0.0
 49
-0.09525
 49
0.0
 49
-0.29718
 49
0.0
 49
-0.394335
 53
317.5
 43
-0.123063
 44
0.0
 45
0.2221937720790271
 46
0.0381397365499996
 79
     6
 49
0.0
 49
-0.123825
 49
0.0
 49
-0.197358
 49
0.0
 49
-0.280035
 47
0.0133539108846637
 98
        1
 10
26.61546136136434
 20
52.16793458643113
1001
GradientColor1ACI
1070
     5
1001
GradientColor2ACI
1070
     2
1001
ACAD
1010
0.0
1020
0.0
1030
0.0
  0
HATCH
  5
C89
330
1F
100
AcDbEntity
  8
0
100
AcDbHatch
 10
0.0
 20
0.0
 30
0.0
210
0.0
220
0.0
230
1.0
  2
AR-CONC
 70
     0
 71
     1
 91
        1
 92
        7
 72
     0
 73
     1
 93
        4
 10
49.84536452632946
 20
53.4996552060658
 10
48.64536452632946
 20
53.4996552060658
 10
48.64536452632946
 20
53.4496552060658
 10
49.84536452632946
 20
53.4496552060658
 97
        4
330
9C8
330
9C1
330
9C9
330
9C7
 75
     1
 76
     1
 52
0.0
 41
0.001
 77
     0
 78
    13
 53
50.0
 43
0.0
 44
0.0
 45
0.182184668996004
 46
-0.0159390855389031
 79
     2
 49
0.01905
 49
-0.20955
 53
355.0
 43
0.0
 44
0.0
 45
-0.0352434214249694
 46
0.1910568452390351
 79
     2
 49
0.01524
 49
-0.16764058417
 53
100.4514447
 43
0.015182007
 44
-0.0013282535
 45
0.1469412470903533
 46
0.1751177519121951
 79
     2
 49
0.0161900088
 49
-0.1780902446
 53
46.1842
 43
0.0
 44
0.0508
 45
0.2710790408921299
 46
-0.0420423279327272
 79
     2
 49
0.028575
 49
-0.314325
 53
96.63555760999997
 43
0.0225899
 44
0.0472965
 45
0.237404134051503
 46
0.2474261245977215
 79
     2
 49
0.02428502314
 49
-0.26713560816
 53
351.18415117
 43
0.0
 44
0.0508
 45
0.237404134064977
 46
0.2474261245855327
 79
     2
 49
0.02285996707
 49
-0.25145973192
 53
21.0
 43
0.0254
 44
0.0381
 45
0.1516143912691325
 46
-0.1022651981870876
 79
     2
 49
0.01905
 49
-0.20955
 53
326.0
 43
0.0254
 44
0.0381
 45
0.0618020283476471
 46
0.1841879661223193
 79
     2
 49
0.01524
 49
-0.16764
 53
71.45144499999999
 43
0.0380345326
 44
0.0295779001
 45
0.2134164192787161
 46
0.0819227688859053
 79
     2
 49
0.0161900088
 49
-0.1780899376
 53
37.5
 43
0.0
 44
0.0
 45
0.0030886032505918
 46
0.0845550388731531
 79
     6
 49
0.0
 49
-0.165608
 49
0.0
 49
-0.17018
 49
0.0
 49
-0.168275
 53
7.499999999999999
 43
0.0
 44
0.0
 45
0.0668196625103058
 46
0.1001805748181195
 79
     6
 49
0.0
 49
-0.097028
 49
0.0
 49
-0.161798
 49
0.0
 49
-0.064135
 53
327.5
 43
-0.056642
 44
0.0
 45
0.1355905951668714
 46
-0.0057287439926734
 79
     6
 49
0.0
 49
-0.0635
 49
0.0
 49
-0.19812
 49
0.0
 49
-0.26289
 53
317.5
 43
-0.082042
 44
0.0
 45
0.148129181386018
 46
0.025426491033333
 79
     6
 49
0.0
 49
-0.08255
 49
0.0
 49
-0.131572
 49
0.0
 49
-0.18669
 47
0.0084722420967983
 98
        1
 10
48.71615170505458
 20
53.47764561959201
1001
GradientColor1ACI
1070
     5
1001
GradientColor2ACI
1070
     2
1001
ACAD
1010
0.0
1020
0.0
1030
0.0
  0
LINE
  5
CB2
102
{ACAD_REACTORS
330
BFA
330
CF1
330
D65
102
}
330
1F
100
AcDbEntity
  8
0
100
AcDbLine
 10
24.04536452632946
 20
50.3496552060658
 30
0.0
 11
39.04536452632945
 21
50.34965520606581
 31
0.0
  0
LINE
  5
CB4
102
{ACAD_REACTORS
330
D65
330
DA7
102
}
330
1F
100
AcDbEntity
  8
0
100
AcDbLine
 10
39.24536452632947
 20
50.3496552060658
 30
0.0
 11
41.44536452632946
 21
50.3496552060658
 31
0.0
  0
LINE
  5
CB6
102
{ACAD_REACTORS
330
D65
330
DC9
102
}
330
1F
100
AcDbEntity
  8
0
100
AcDbLine
 10
41.64536452632947
 20
50.3496552060658
 30
0.0
 11
46.04536452632946
 21
50.3496552060658
 31
0.0
  0
LINE
  5
CB8
102
{ACAD_REACTORS
330
D65
330
DC9
102
}
330
1F
100
AcDbEntity
  8
0
100
AcDbLine
 10
46.24536452632946
 20
50.34965520606579
 30
0.0
 11
51.14536452632945
 21
50.34965520606579
 31
0.0
  0
HATCH
  5
CF1
330
1F
100
AcDbEntity
  8
0
100
AcDbHatch
 10
0.0
 20
0.0
 30
0.0
210
0.0
220
0.0
230
1.0
  2
GRAVEL
 70
     0
 71
     1
 91
        1
 92
        7
 72
     0
 73
     1
 93
        4
 10
39.04536452632945
 20
50.34965520606581
 10
24.04536452632946
 20
50.3496552060658
 10
24.04536452632946
 20
49.99965520606579
 10
39.04536452632945
 20
49.9996552060658
 97
        4
330
CB2
330
667
330
668
330
72F
 75
     1
 76
     1
 52
0.0
 41
0.001
 77
     0
 78
    41
 53
228.0127875
 43
0.018288
 44
0.0254
 45
-0.2032000000159581
 46
-0.2285999999858178
 79
     2
 49
0.0034172144
 49
-0.33830483639565
 53
184.969741
 43
0.016002
 44
0.02286
 45
0.304799999879405
 46
0.0254000014469793
 79
     2
 49
0.0058640472
 49
-0.5805404889352399
 53
132.5104471
 43
0.01016
 44
0.022352
 45
0.2540000001072749
 46
-0.2793999999024596
 79
     2
 49
0.0041348152
 49
-0.409347227941
 53
267.273689
 43
0.000254
 44
0.016002
 45
0.0254000000531973
 46
0.5079999999973314
 79
     2
 49
0.0053400452
 49
-0.5286643742573799
 53
292.83365418
 43
0.0
 44
0.010668
 45
-0.1270000000106341
 46
0.3047999999955546
 79
     2
 49
0.005236337
 49
-0.51839807745344
 53
357.273689
 43
0.002032
 44
0.005842
 45
-0.5079999999973314
 46
0.0254000000531973
 79
     2
 49
0.0053400452
 49
-0.5286643742573799
 53
37.69424047
 43
0.007366
 44
0.005588
 45
-0.3301999999853589
 46
-0.2540000000190041
 79
     2
 49
0.0070619366
 49
-0.6991311531424702
 53
72.25532837
 43
0.012954
 44
0.009906
 45
0.1778000000477929
 46
0.5587999999847887
 79
     2
 49
0.0066671952
 49
-0.6600525660190501
 53
121.42956562
 43
0.014986
 44
0.016256
 45
-0.2032000000288312
 46
0.3301999999822602
 79
     2
 49
0.00535813
 49
-0.5304554569871202
 53
175.2363583
 43
0.012192
 44
0.020828
 45
0.2793999999959952
 46
-0.0254000000438926
 79
     2
 49
0.0061171328
 49
-0.2997393694999999
 53
222.3974378
 43
0.006096
 44
0.021336
 45
-0.3047999999902466
 46
-0.2794000000106399
 79
     2
 49
0.0079107792
 49
-0.78316772512177
 53
138.81407483
 43
0.0254
 44
0.015748
 45
-0.1777999999893351
 46
0.1524000000123918
 79
     2
 49
0.0027000454
 49
-0.26730565824344
 53
171.4692344
 43
0.023368
 44
0.017526
 45
0.3302000000088965
 46
-0.0507999999423734
 79
     2
 49
0.0051368198
 49
-0.5085463899704
 53
225.0
 43
0.018288
 44
0.018288
 45
0.0
 46
-0.0254000000000024
 79
     2
 49
0.0035920934
 49
-0.03232893108428
 53
203.19859051
 43
0.01651
 44
0.021336
 45
0.1270000000034609
 46
0.0507999999910934
 79
     2
 49
0.0019344132
 49
-0.1915062236889399
 53
291.80140949
 43
0.014732
 44
0.020574
 45
-0.025400000005315
 46
0.0761999999982287
 79
     2
 49
0.0027356562
 49
-0.1340475299
 53
30.96375653
 43
0.015748
 44
0.018034
 45
0.0762000000018638
 46
0.0507999999972113
 79
     2
 49
0.0044431966
 49
-0.1436629815291
 53
161.56505118
 43
0.019558
 44
0.02032
 45
0.0508000000013258
 46
-0.0253999999973375
 79
     2
 49
0.0032128714
 49
-0.07710898116828
 53
16.389540334
 43
0.0
 44
0.020574
 45
0.2540000000000014
 46
0.0762000000000024
 79
     2
 49
0.00450088
 49
-0.44558826672539
 53
70.34617594
 43
0.004318
 44
0.021844
 45
-0.1016000000092932
 46
-0.2793999999967041
 79
     2
 49
0.0037759894
 49
-0.373822156782
 53
293.19859051
 43
0.019558
 44
0.0254
 45
-0.0507999999911326
 46
0.1270000000035528
 79
     2
 49
0.003868801
 49
-0.18957183588894
 53
343.61045967
 43
0.021082
 44
0.021844
 45
-0.2540000000053229
 46
0.0761999999822286
 79
     2
 49
0.00450088
 49
-0.4455882667254
 53
339.44395478
 43
0.0
 44
0.004826
 45
-0.1269999999999986
 46
0.0508000000000021
 79
     2
 49
0.004340352
 49
-0.21267734313106
 53
294.7751406
 43
0.004064
 44
0.003302
 45
-0.1270000001511693
 46
0.2793999999312726
 79
     2
 49
0.0036367212
 49
-0.3600359338072001
 53
66.80140949
 43
0.019812
 44
0.0
 45
0.050799999992023
 46
0.127000000003193
 79
     2
 49
0.003868801
 49
-0.18957183588894
 53
17.35402464
 43
0.021336
 44
0.003556
 45
-0.3301999999934302
 46
-0.1016000000213246
 79
     2
 49
0.0042578274
 49
-0.421523759802
 53
69.44395478
 43
0.007366
 44
0.0
 45
-0.0508000000008846
 46
-0.1269999999996463
 79
     2
 49
0.002170176
 49
-0.2148475191310601
 53
101.309932474
 43
0.018288
 44
0.0
 45
-0.025400000000004
 46
0.1016000000000037
 79
     2
 49
0.001295146
 49
-0.12821994964526
 53
165.963756532
 43
0.018034
 44
0.00127
 45
0.0761999999999952
 46
-0.0253999999999987
 79
     2
 49
0.005236337
 49
-0.09949054589069
 53
186.00900596
 43
0.012954
 44
0.00254
 45
0.2539999999986537
 46
0.0254000000132935
 79
     2
 49
0.00485267
 49
-0.4804136486333701
 53
303.69006753
 43
0.015748
 44
0.015748
 45
-0.0254000000035297
 46
0.050799999998237
 79
     2
 49
0.0036632388
 49
-0.0879177635968
 53
353.15722659
 43
0.01778
 44
0.0127
 45
0.4318000000026569
 46
-0.050799999977394
 79
     2
 49
0.0063955676
 49
-0.63316009065031
 53
60.9453959
 43
0.02413
 44
0.011938
 45
-0.1016000000027969
 46
-0.1777999999984025
 79
     2
 49
0.0026150824
 49
-0.2588939231811
 53
90.0
 43
0.0254
 44
0.014224
 45
-0.0254
 46
0.0254
 79
     2
 49
0.001524
 49
-0.023876
 53
120.25643716
 43
0.012446
 44
0.003302
 45
0.1015999999875716
 46
-0.177800000007098
 79
     2
 49
0.0035286696
 49
-0.349339407732
 53
48.01278749999999
 43
0.010668
 44
0.00635
 45
0.2032000000167534
 46
0.228599999985102
 79
     2
 49
0.0068344288
 49
-0.33488762199565
 53
0.0
 43
0.01524
 44
0.01143
 45
0.0254
 46
0.0254
 79
     2
 49
0.006604
 49
-0.018796
 53
325.3048465
 43
0.021844
 44
0.01143
 45
0.2540000000962153
 46
-0.1777999998625458
 79
     2
 49
0.0040160956
 49
-0.3975931672414
 53
254.0546040999999
 43
0.025146
 44
0.009144
 45
-0.0253999999982256
 46
-0.1016000000004475
 79
     2
 49
0.0036982908
 49
-0.18121650038772
 53
207.64597536
 43
0.02413
 44
0.005588
 45
-0.4826000000177335
 46
-0.2539999999663075
 79
     2
 49
0.006021451
 49
-0.5961246442293799
 53
175.42607874
 43
0.018796
 44
0.002794
 45
-0.3301999999999883
 46
0.0253999999999948
 79
     2
 49
0.0063702946
 49
-0.6306584645624001
 47
0.0061869691369837
 98
        1
 10
33.51428912373342
 20
50.15415075649824
1001
GradientColor1ACI
1070
     5
1001
GradientColor2ACI
1070
     2
1001
ACAD
1010
0.0
1020
0.0
1030
0.0
  0
LINE
  5
D45
102
{ACAD_REACTORS
330
BFA
330
CF1
330
D65
330
D7D
102
}
330
1F
100
AcDbEntity
  8
0
100
AcDbLine
 10
24.04536452632946
 20
50.2496552060658
 30
0.0
 11
39.04536452632945
 21
50.24965520606581
 31
0.0
  0
LINE
  5
D48
102
{ACAD_REACTORS
330
D65
330
D7D
102
}
330
1F
100
AcDbEntity
  8
0
100
AcDbLine
 10
39.24536452632947
 20
50.2496552060658
 30
0.0
 11
41.44536452632946
 21
50.2496552060658
 31
0.0
  0
LINE
  5
D49
102
{ACAD_REACTORS
330
D65
330
D7D
102
}
330
1F
100
AcDbEntity
  8
0
100
AcDbLine
 10
41.64536452632947
 20
50.2496552060658
 30
0.0
 11
46.04536452632946
 21
50.2496552060658
 31
0.0
  0
LINE
  5
D4A
102
{ACAD_REACTORS
330
D65
330
D7D
102
}
330
1F
100
AcDbEntity
  8
0
100
AcDbLine
 10
46.24536452632946
 20
50.24965520606579
 30
0.0
 11
51.14536452632945
 21
50.24965520606579
 31
0.0
  0
HATCH
  5
D65
330
1F
100
AcDbEntity
  8
0
100
AcDbHatch
 10
0.0
 20
0.0
 30
0.0
210
0.0
220
0.0
230
1.0
  2
AR-CONC
 70
     0
 71
     1
 91
        4
 92
        7
 72
     0
 73
     1
 93
        4
 10
41.44536452632946
 20
50.3496552060658
 10
39.24536452632947
 20
50.3496552060658
 10
39.24536452632947
 20
50.2496552060658
 10
41.44536452632947
 20
50.2496552060658
 97
        4
330
CB4
330
730
330
D48
330
99D
 92
        7
 72
     0
 73
     1
 93
        4
 10
46.04536452632946
 20
50.3496552060658
 10
41.64536452632947
 20
50.3496552060658
 10
41.64536452632947
 20
50.2496552060658
 10
46.04536452632945
 20
50.2496552060658
 97
        4
330
CB6
330
99C
330
D49
330
754
 92
        7
 72
     0
 73
     1
 93
        4
 10
51.14536452632946
 20
50.34965520606579
 10
46.24536452632946
 20
50.34965520606579
 10
46.24536452632947
 20
50.24965520606579
 10
51.14536452632946
 20
50.24965520606579
 97
        4
330
CB8
330
755
330
D4A
330
758
 92
        7
 72
     0
 73
     1
 93
        4
 10
39.04536452632945
 20
50.34965520606581
 10
24.04536452632946
 20
50.3496552060658
 10
24.04536452632946
 20
50.2496552060658
 10
39.04536452632945
 20
50.24965520606581
 97
        4
330
CB2
330
667
330
D45
330
72F
 75
     1
 76
     1
 52
0.0
 41
0.0014
 77
     0
 78
    13
 53
50.0
 43
0.0
 44
0.0
 45
0.2550585365944056
 46
-0.0223147197544643
 79
     2
 49
0.02667
 49
-0.29337
 53
355.0
 43
0.0
 44
0.0
 45
-0.0493407899949571
 46
0.2674795833346492
 79
     2
 49
0.021336
 49
-0.234696817838
 53
100.4514447
 43
0.0212548098
 44
-0.0018595549
 45
0.2057177459264946
 46
0.2451648526770731
 79
     2
 49
0.02266601232
 49
-0.24932634244
 53
46.1842
 43
0.0
 44
0.07112
 45
0.3795106572489819
 46
-0.058859259105818
 79
     2
 49
0.040005
 49
-0.440055
 53
96.63555760999997
 43
0.03162586
 44
0.0662151
 45
0.3323657876721042
 46
0.3463965744368101
 79
     2
 49
0.033999032396
 49
-0.373989851424
 53
351.18415117
 43
0.0
 44
0.07112
 45
0.3323657876909678
 46
0.3463965744197457
 79
     2
 49
0.032003953898
 49
-0.352043624688
 53
21.0
 43
0.03556
 44
0.05334
 45
0.2122601477767855
 46
-0.1431712774619227
 79
     2
 49
0.02667
 49
-0.29337
 53
326.0
 43
0.03556
 44
0.05334
 45
0.0865228396867059
 46
0.257863152571247
 79
     2
 49
0.021336
 49
-0.234696
 53
71.45144499999999
 43
0.05324834564
 44
0.04140906014
 45
0.2987829869902026
 46
0.1146918764402673
 79
     2
 49
0.02266601232
 49
-0.24932591264
 53
37.5
 43
0.0
 44
0.0
 45
0.0043240445508285
 46
0.1183770544224143
 79
     6
 49
0.0
 49
-0.2318512
 49
0.0
 49
-0.238252
 49
0.0
 49
-0.235585
 53
7.499999999999999
 43
0.0
 44
0.0
 45
0.0935475275144281
 46
0.1402528047453673
 79
     6
 49
0.0
 49
-0.1358392
 49
0.0
 49
-0.2265172
 49
0.0
 49
-0.089789
 53
327.5
 43
-0.0792988
 44
0.0
 45
0.18982683323362
 46
-0.0080202415897428
 79
     6
 49
0.0
 49
-0.0889
 49
0.0
 49
-0.277368
 49
0.0
 49
-0.368046
 53
317.5
 43
-0.1148588
 44
0.0
 45
0.2073808539404252
 46
0.0355970874466662
 79
     6
 49
0.0
 49
-0.11557
 49
0.0
 49
-0.1842008
 49
0.0
 49
-0.261366
 47
0.0173209012071222
 98
        4
 10
39.95103666498352
 20
50.29933535701591
 10
41.78595774098932
 20
50.28309508257811
 10
46.56783037270105
 20
50.31859145222708
 10
32.08983662199393
 20
50.29607564466809
1001
GradientColor1ACI
1070
     5
1001
GradientColor2ACI
1070
     2
1001
ACAD
1010
0.0
1020
0.0
1030
0.0
  0
HATCH
  5
D7D
330
1F
100
AcDbEntity
  8
0
100
AcDbHatch
 10
0.0
 20
0.0
 30
0.0
210
0.0
220
0.0
230
1.0
  2
GRAVEL
 70
     0
 71
     1
 91
        4
 92
        7
 72
     0
 73
     1
 93
        5
 10
41.44536452632947
 20
50.2496552060658
 10
39.24536452632947
 20
50.2496552060658
 10
39.24536452632947
 20
49.9996552060658
 10
40.15847025940899
 20
49.9996552060658
 10
41.44536452632947
 20
49.9996552060658
 97
        5
330
D48
330
730
330
668
330
665
330
99D
 92
        7
 72
     0
 73
     1
 93
        4
 10
46.04536452632946
 20
50.2496552060658
 10
41.64536452632947
 20
50.2496552060658
 10
41.64536452632947
 20
49.9996552060658
 10
46.04536452632946
 20
49.99965520606581
 97
        4
330
D49
330
99C
330
665
330
754
 92
        7
 72
     0
 73
     1
 93
        4
 10
39.04536452632945
 20
50.24965520606581
 10
24.04536452632946
 20
50.2496552060658
 10
24.04536452632946
 20
49.99965520606579
 10
39.04536452632945
 20
49.9996552060658
 97
        4
330
D45
330
667
330
668
330
72F
 92
        7
 72
     0
 73
     1
 93
        4
 10
51.14536452632946
 20
50.24965520606579
 10
46.24536452632947
 20
50.24965520606579
 10
46.24536452632947
 20
49.99965520606581
 10
51.14536452632946
 20
49.99965520606581
 97
        4
330
D4A
330
755
330
665
330
758
 75
     1
 76
     1
 52
0.0
 41
0.01
 77
     0
 78
    41
 53
228.0127875
 43
0.18288
 44
0.254
 45
-2.03200000015958
 46
-2.285999999858178
 79
     2
 49
0.034172144
 49
-3.3830483639565
 53
184.969741
 43
0.16002
 44
0.2286
 45
3.04799999879405
 46
0.2540000144697924
 79
     2
 49
0.058640472
 49
-5.805404889352399
 53
132.5104471
 43
0.1016
 44
0.22352
 45
2.540000001072749
 46
-2.793999999024595
 79
     2
 49
0.041348152
 49
-4.093472279409999
 53
267.273689
 43
0.00254
 44
0.16002
 45
0.2540000005319725
 46
5.079999999973312
 79
     2
 49
0.053400452
 49
-5.286643742573799
 53
292.83365418
 43
0.0
 44
0.10668
 45
-1.27000000010634
 46
3.047999999955545
 79
     2
 49
0.05236337
 49
-5.183980774534399
 53
357.273689
 43
0.02032
 44
0.05842
 45
-5.079999999973312
 46
0.2540000005319728
 79
     2
 49
0.053400452
 49
-5.286643742573799
 53
37.69424047
 43
0.07366
 44
0.05588
 45
-3.301999999853589
 46
-2.540000000190041
 79
     2
 49
0.070619366
 49
-6.991311531424701
 53
72.25532837
 43
0.12954
 44
0.09906
 45
1.778000000477929
 46
5.587999999847885
 79
     2
 49
0.066671952
 49
-6.600525660190499
 53
121.42956562
 43
0.14986
 44
0.16256
 45
-2.032000000288312
 46
3.301999999822601
 79
     2
 49
0.0535813
 49
-5.304554569871201
 53
175.2363583
 43
0.12192
 44
0.20828
 45
2.793999999959952
 46
-0.2540000004389256
 79
     2
 49
0.061171328
 49
-2.997393694999999
 53
222.3974378
 43
0.06096
 44
0.21336
 45
-3.047999999902466
 46
-2.794000000106399
 79
     2
 49
0.079107792
 49
-7.831677251217699
 53
138.81407483
 43
0.254
 44
0.15748
 45
-1.77799999989335
 46
1.524000000123918
 79
     2
 49
0.027000454
 49
-2.6730565824344
 53
171.4692344
 43
0.23368
 44
0.17526
 45
3.302000000088965
 46
-0.5079999994237343
 79
     2
 49
0.051368198
 49
-5.085463899704
 53
225.0
 43
0.18288
 44
0.18288
 45
0.0
 46
-0.2540000000000239
 79
     2
 49
0.035920934
 49
-0.3232893108428
 53
203.19859051
 43
0.1651
 44
0.21336
 45
1.270000000034609
 46
0.5079999999109334
 79
     2
 49
0.019344132
 49
-1.915062236889399
 53
291.80140949
 43
0.14732
 44
0.20574
 45
-0.2540000000531496
 46
0.7619999999822872
 79
     2
 49
0.027356562
 49
-1.340475298999999
 53
30.96375653
 43
0.15748
 44
0.18034
 45
0.7620000000186384
 46
0.5079999999721126
 79
     2
 49
0.044431966
 49
-1.436629815290999
 53
161.56505118
 43
0.19558
 44
0.2032
 45
0.5080000000132583
 46
-0.2539999999733753
 79
     2
 49
0.032128714
 49
-0.7710898116828
 53
16.389540334
 43
0.0
 44
0.20574
 45
2.540000000000014
 46
0.7620000000000244
 79
     2
 49
0.0450088
 49
-4.4558826672539
 53
70.34617594
 43
0.04318
 44
0.21844
 45
-1.016000000092931
 46
-2.793999999967041
 79
     2
 49
0.037759894
 49
-3.738221567819999
 53
293.19859051
 43
0.19558
 44
0.254
 45
-0.5079999999113263
 46
1.270000000035528
 79
     2
 49
0.03868801
 49
-1.895718358889399
 53
343.61045967
 43
0.21082
 44
0.21844
 45
-2.540000000053229
 46
0.7619999998222859
 79
     2
 49
0.0450088
 49
-4.455882667253999
 53
339.44395478
 43
0.0
 44
0.04826
 45
-1.269999999999986
 46
0.508000000000021
 79
     2
 49
0.04340352
 49
-2.1267734313106
 53
294.7751406
 43
0.04064
 44
0.03302
 45
-1.270000001511693
 46
2.793999999312725
 79
     2
 49
0.036367212
 49
-3.600359338072
 53
66.80140949
 43
0.19812
 44
0.0
 45
0.5079999999202299
 46
1.27000000003193
 79
     2
 49
0.03868801
 49
-1.895718358889399
 53
17.35402464
 43
0.21336
 44
0.03556
 45
-3.301999999934301
 46
-1.016000000213246
 79
     2
 49
0.042578274
 49
-4.215237598019999
 53
69.44395478
 43
0.07366
 44
0.0
 45
-0.5080000000088461
 46
-1.269999999996463
 79
     2
 49
0.02170176
 49
-2.1484751913106
 53
101.309932474
 43
0.18288
 44
0.0
 45
-0.25400000000004
 46
1.016000000000036
 79
     2
 49
0.01295146
 49
-1.2821994964526
 53
165.963756532
 43
0.18034
 44
0.0127
 45
0.7619999999999513
 46
-0.2539999999999865
 79
     2
 49
0.05236337
 49
-0.9949054589069
 53
186.00900596
 43
0.12954
 44
0.0254
 45
2.539999999986537
 46
0.2540000001329353
 79
     2
 49
0.0485267
 49
-4.804136486333699
 53
303.69006753
 43
0.15748
 44
0.15748
 45
-0.2540000000352969
 46
0.5079999999823702
 79
     2
 49
0.036632388
 49
-0.879177635968
 53
353.15722659
 43
0.1778
 44
0.127
 45
4.318000000026568
 46
-0.5079999997739395
 79
     2
 49
0.063955676
 49
-6.331600906503099
 53
60.9453959
 43
0.2413
 44
0.11938
 45
-1.016000000027968
 46
-1.777999999984025
 79
     2
 49
0.026150824
 49
-2.588939231811
 53
90.0
 43
0.254
 44
0.14224
 45
-0.254
 46
0.254
 79
     2
 49
0.01524
 49
-0.23876
 53
120.25643716
 43
0.12446
 44
0.03302
 45
1.015999999875716
 46
-1.778000000070979
 79
     2
 49
0.035286696
 49
-3.49339407732
 53
48.01278749999999
 43
0.10668
 44
0.0635
 45
2.032000000167534
 46
2.28599999985102
 79
     2
 49
0.068344288
 49
-3.348876219956499
 53
0.0
 43
0.1524
 44
0.1143
 45
0.254
 46
0.254
 79
     2
 49
0.06604
 49
-0.18796
 53
325.3048465
 43
0.21844
 44
0.1143
 45
2.540000000962153
 46
-1.777999998625457
 79
     2
 49
0.040160956
 49
-3.975931672414
 53
254.0546040999999
 43
0.25146
 44
0.09144
 45
-0.2539999999822557
 46
-1.016000000004474
 79
     2
 49
0.036982908
 49
-1.8121650038772
 53
207.64597536
 43
0.2413
 44
0.05588
 45
-4.826000000177335
 46
-2.539999999663075
 79
     2
 49
0.06021451
 49
-5.961246442293798
 53
175.42607874
 43
0.18796
 44
0.02794
 45
-3.301999999999882
 46
0.2539999999999478
 79
     2
 49
0.063702946
 49
-6.306584645624
 47
0.0068145563681959
 98
        4
 10
41.20216597501445
 20
50.09775757823047
 10
43.42547632725467
 20
50.13864502591099
 10
38.67877664059728
 20
50.09775757823047
 10
47.18327998705587
 20
50.07731405332297
1001
GradientColor1ACI
1070
     5
1001
GradientColor2ACI
1070
     2
1001
ACAD
1010
0.0
1020
0.0
1030
0.0
  0
HATCH
  5
DA7
330
1F
100
AcDbEntity
  8
0
100
AcDbHatch
 10
0.0
 20
0.0
 30
0.0
210
0.0
220
0.0
230
1.0
  2
AR-B816
 70
     0
 71
     1
 91
        1
 92
        7
 72
     0
 73
     1
 93
        4
 10
41.44536452632946
 20
50.4496552060658
 10
39.24536452632947
 20
50.4496552060658
 10
39.24536452632947
 20
50.3496552060658
 10
41.44536452632946
 20
50.3496552060658
 97
        4
330
753
330
730
330
CB4
330
99D
 75
     1
 76
     1
 52
0.0
 41
0.0009
 77
     0
 78
     2
 53
0.0
 43
0.0
 44
0.0
 45
0.0
 46
0.18288
 79
     0
 53
90.0
 43
0.0
 44
0.0
 45
-0.18288
 46
0.18288
 79
     2
 49
0.18288
 49
-0.18288
 47
0.0026928420650391
 98
        1
 10
40.6501237929861
 20
50.38812899832198
1001
ACAD
1010
0.0
1020
0.0
1030
0.0
  0
HATCH
  5
DC9
330
1F
100
AcDbEntity
  8
0
100
AcDbHatch
 10
0.0
 20
0.0
 30
0.0
210
0.0
220
0.0
230
1.0
  2
AR-B816
 70
     0
 71
     1
 91
        2
 92
        7
 72
     0
 73
     1
 93
        4
 10
51.14536452632946
 20
50.44965520606579
 10
46.24536452632947
 20
50.44965520606579
 10
46.24536452632947
 20
50.34965520606579
 10
51.14536452632946
 20
50.34965520606579
 97
        4
330
B7D
330
755
330
CB8
330
758
 92
        7
 72
     0
 73
     1
 93
        4
 10
46.04536452632946
 20
50.4496552060658
 10
41.64536452632947
 20
50.4496552060658
 10
41.64536452632947
 20
50.3496552060658
 10
46.04536452632946
 20
50.3496552060658
 97
        4
330
B7C
330
99C
330
CB6
330
754
 75
     1
 76
     1
 52
0.0
 41
0.0009
 77
     0
 78
     2
 53
0.0
 43
0.0
 44
0.0
 45
0.0
 46
0.18288
 79
     0
 53
90.0
 43
0.0
 44
0.0
 45
-0.18288
 46
0.18288
 79
     2
 49
0.18288
 49
-0.18288
 47
0.0111444945483215
 98
        2
 10
47.60606723392487
 20
50.38063639452193
 10
43.80732036638977
 20
50.39995197063092
1001
ACAD
1010
0.0
1020
0.0
1030
0.0
  0
LINE
  5
E09
102
{ACAD_REACTORS
330
E55
102
}
330
1F
100
AcDbEntity
  8
0
100
AcDbLine
 10
23.74536452632946
 20
49.99965520606579
 30
0.0
 11
23.74536452632946
 21
49.5996552060658
 31
0.0
  0
LINE
  5
E0B
102
{ACAD_REACTORS
330
E55
102
}
330
1F
100
AcDbEntity
  8
0
100
AcDbLine
 10
24.04536452632946
 20
49.99965520606579
 30
0.0
 11
24.04536452632946
 21
49.5996552060658
 31
0.0
  0
LINE
  5
E26
102
{ACAD_REACTORS
330
E55
102
}
330
1F
100
AcDbEntity
  8
0
100
AcDbLine
 10
23.74536452632946
 20
49.5996552060658
 30
0.0
 11
23.69536452632946
 21
49.5996552060658
 31
0.0
  0
LINE
  5
E29
330
1F
100
AcDbEntity
  8
0
100
AcDbLine
 10
24.04536452632946
 20
49.5996552060658
 30
0.0
 11
24.09536452632946
 21
49.5996552060658
 31
0.0
  0
LINE
  5
E32
102
{ACAD_REACTORS
330
E55
102
}
330
1F
100
AcDbEntity
  8
0
100
AcDbLine
 10
24.24536452632946
 20
49.2996552060658
 30
0.0
 11
24.24536452632946
 21
49.1996552060658
 31
0.0
  0
LINE
  5
E33
102
{ACAD_REACTORS
330
E55
102
}
330
1F
100
AcDbEntity
  8
0
100
AcDbLine
 10
24.24536452632946
 20
49.1996552060658
 30
0.0
 11
23.54536452632945
 21
49.1996552060658
 31
0.0
  0
LINE
  5
E34
102
{ACAD_REACTORS
330
E55
102
}
330
1F
100
AcDbEntity
  8
0
100
AcDbLine
 10
23.54536452632945
 20
49.1996552060658
 30
0.0
 11
23.54536452632945
 21
49.2996552060658
 31
0.0
  0
LINE
  5
E36
102
{ACAD_REACTORS
330
E55
102
}
330
1F
100
AcDbEntity
  8
0
100
AcDbLine
 10
23.54536452632945
 20
49.2996552060658
 30
0.0
 11
23.59536452632946
 21
49.2996552060658
 31
0.0
  0
LINE
  5
E37
102
{ACAD_REACTORS
330
E55
102
}
330
1F
100
AcDbEntity
  8
0
100
AcDbLine
 10
23.59536452632946
 20
49.2996552060658
 30
0.0
 11
23.59536452632946
 21
49.3496552060658
 31
0.0
  0
LINE
  5
E38
330
1F
100
AcDbEntity
  8
0
100
AcDbLine
 10
24.24536452632946
 20
49.2996552060658
 30
0.0
 11
24.24536452632946
 21
49.2996552060658
 31
0.0
  0
LINE
  5
E3A
102
{ACAD_REACTORS
330
E55
102
}
330
1F
100
AcDbEntity
  8
0
100
AcDbLine
 10
23.59536452632946
 20
49.3496552060658
 30
0.0
 11
23.69536452632946
 21
49.5996552060658
 31
0.0
  0
LINE
  5
E3B
102
{ACAD_REACTORS
330
E55
102
}
330
1F
100
AcDbEntity
  8
0
100
AcDbLine
 10
24.04536452632945
 20
49.59965520606579
 30
0.0
 11
24.09536452632945
 21
49.59965520606579
 31
0.0
  0
LINE
  5
E3C
102
{ACAD_REACTORS
330
E55
102
}
330
1F
100
AcDbEntity
  8
0
100
AcDbLine
 10
24.24536452632945
 20
49.29965520606579
 30
0.0
 11
24.19536452632945
 21
49.29965520606579
 31
0.0
  0
LINE
  5
E3D
102
{ACAD_REACTORS
330
E55
102
}
330
1F
100
AcDbEntity
  8
0
100
AcDbLine
 10
24.19536452632945
 20
49.29965520606579
 30
0.0
 11
24.19536452632945
 21
49.34965520606579
 31
0.0
  0
LINE
  5
E3E
102
{ACAD_REACTORS
330
E55
102
}
330
1F
100
AcDbEntity
  8
0
100
AcDbLine
 10
24.19536452632945
 20
49.34965520606579
 30
0.0
 11
24.09536452632945
 21
49.59965520606579
 31
0.0
  0
LINE
  5
E3F
330
1F
100
AcDbEntity
  8
0
100
AcDbLine
 10
24.04536452632946
 20
50.4496552060658
 30
0.0
 11
24.04536452632946
 21
50.3496552060658
 31
0.0
  0
LINE
  5
E40
330
1F
100
AcDbEntity
  8
0
100
AcDbLine
 10
39.04536452632945
 20
50.44965520606581
 30
0.0
 11
39.04536452632945
 21
50.34965520606581
 31
0.0
  0
HATCH
  5
E55
330
1F
100
AcDbEntity
  8
0
100
AcDbHatch
 10
0.0
 20
0.0
 30
0.0
210
0.0
220
0.0
230
1.0
  2
AR-CONC
 70
     0
 71
     1
 91
        1
 92
        7
 72
     0
 73
     1
 93
       14
 10
24.04536452632946
 20
49.59965520606579
 10
24.04536452632946
 20
49.99965520606579
 10
23.74536452632946
 20
49.99965520606579
 10
23.74536452632946
 20
49.5996552060658
 10
23.69536452632946
 20
49.5996552060658
 10
23.59536452632946
 20
49.3496552060658
 10
23.59536452632946
 20
49.2996552060658
 10
23.54536452632945
 20
49.2996552060658
 10
23.54536452632945
 20
49.1996552060658
 10
24.24536452632946
 20
49.1996552060658
 10
24.24536452632946
 20
49.29965520606579
 10
24.19536452632945
 20
49.29965520606579
 10
24.19536452632945
 20
49.34965520606579
 10
24.09536452632945
 20
49.59965520606579
 97
       14
330
E3B
330
E0B
330
668
330
E09
330
E26
330
E3A
330
E37
330
E36
330
E34
330
E33
330
E32
330
E3C
330
E3D
330
E3E
 75
     1
 76
     1
 52
0.0
 41
0.0015
 77
     0
 78
    13
 53
50.0
 43
0.0
 44
0.0
 45
0.273277003494006
 46
-0.0239086283083546
 79
     2
 49
0.028575
 49
-0.314325
 53
355.0
 43
0.0
 44
0.0
 45
-0.052865132137454
 46
0.2865852678585527
 79
     2
 49
0.02286
 49
-0.251460876255
 53
100.4514447
 43
0.0227730105
 44
-0.00199238025
 45
0.2204118706355299
 46
0.2626766278682926
 79
     2
 49
0.0242850132
 49
-0.2671353668999999
 53
46.1842
 43
0.0
 44
0.0762
 45
0.4066185613381949
 46
-0.0630634918990907
 79
     2
 49
0.0428625
 49
-0.4714875000000001
 53
96.63555760999997
 43
0.03388485
 44
0.07094475
 45
0.3561062010772545
 46
0.3711391868965823
 79
     2
 49
0.03642753471
 49
-0.4007034122400001
 53
351.18415117
 43
0.0
 44
0.0762
 45
0.3561062010974656
 46
0.371139186878299
 79
     2
 49
0.034289950605
 49
-0.37718959788
 53
21.0
 43
0.0381
 44
0.05715
 45
0.2274215869036987
 46
-0.1533977972806314
 79
     2
 49
0.028575
 49
-0.314325
 53
326.0
 43
0.0381
 44
0.05715
 45
0.0927030425214706
 46
0.2762819491834789
 79
     2
 49
0.02286
 49
-0.25146
 53
71.45144499999999
 43
0.0570517989
 44
0.04436685015
 45
0.3201246289180743
 46
0.1228841533288579
 79
     2
 49
0.0242850132
 49
-0.2671349064
 53
37.5
 43
0.0
 44
0.0
 45
0.0046329048758877
 46
0.1268325583097297
 79
     6
 49
0.0
 49
-0.248412
 49
0.0
 49
-0.25527
 49
0.0
 49
-0.2524125000000001
 53
7.499999999999999
 43
0.0
 44
0.0
 45
0.1002294937654586
 46
0.1502708622271793
 79
     6
 49
0.0
 49
-0.145542
 49
0.0
 49
-0.242697
 49
0.0
 49
-0.0962025
 53
327.5
 43
-0.084963
 44
0.0
 45
0.2033858927503071
 46
-0.0085931159890102
 79
     6
 49
0.0
 49
-0.09525
 49
0.0
 49
-0.29718
 49
0.0
 49
-0.394335
 53
317.5
 43
-0.123063
 44
0.0
 45
0.2221937720790271
 46
0.0381397365499996
 79
     6
 49
0.0
 49
-0.123825
 49
0.0
 49
-0.197358
 49
0.0
 49
-0.280035
 47
0.0049538896400653
 98
        1
 10
24.00808119841818
 20
49.58562947152827
1001
GradientColor1ACI
1070
     5
1001
GradientColor2ACI
1070
     2
1001
ACAD
1010
0.0
1020
0.0
1030
0.0
  0
HATCH
  5
E56
330
1F
100
AcDbEntity
  8
0
100
AcDbHatch
 10
0.0
 20
0.0
 30
0.0
210
0.0
220
0.0
230
1.0
  2
AR-CONC
 70
     0
 71
     1
 91
        1
 92
        7
 72
     0
 73
     1
 93
       14
 10
51.49536452632944
 20
49.59965520606581
 10
51.44536452632945
 20
49.59965520606581
 10
51.44536452632945
 20
49.99965520606582
 10
51.14536452632946
 20
49.99965520606582
 10
51.14536452632946
 20
49.59965520606582
 10
51.09536452632945
 20
49.59965520606582
 10
50.99536452632945
 20
49.34965520606581
 10
50.99536452632945
 20
49.29965520606582
 10
50.94536452632945
 20
49.29965520606582
 10
50.94536452632945
 20
49.19965520606582
 10
51.64536452632945
 20
49.19965520606582
 10
51.64536452632945
 20
49.29965520606581
 10
51.59536452632945
 20
49.29965520606581
 10
51.59536452632945
 20
49.34965520606581
 97
       14
330
E62
330
E58
330
668
330
E57
330
E59
330
E61
330
E5F
330
E5E
330
E5D
330
E5C
330
E5B
330
E63
330
E64
330
E65
 75
     1
 76
     1
 52
0.0
 41
0.001
 77
     0
 78
    13
 53
50.0
 43
27.4
 44
0.0000000000000213
 45
0.182184668996004
 46
-0.0159390855389031
 79
     2
 49
0.01905
 49
-0.20955
 53
355.0
 43
27.4
 44
0.0000000000000213
 45
-0.0352434214249694
 46
0.1910568452390351
 79
     2
 49
0.01524
 49
-0.16764058417
 53
100.4514447
 43
27.415182007
 44
-0.0013282534999787
 45
0.1469412470903533
 46
0.1751177519121951
 79
     2
 49
0.0161900088
 49
-0.1780902446
 53
46.1842
 43
27.4
 44
0.0508000000000213
 45
0.2710790408921299
 46
-0.0420423279327272
 79
     2
 49
0.028575
 49
-0.314325
 53
96.63555760999997
 43
27.4225899
 44
0.0472965000000213
 45
0.237404134051503
 46
0.2474261245977215
 79
     2
 49
0.02428502314
 49
-0.26713560816
 53
351.18415117
 43
27.4
 44
0.0508000000000213
 45
0.237404134064977
 46
0.2474261245855327
 79
     2
 49
0.02285996707
 49
-0.25145973192
 53
21.0
 43
27.4254
 44
0.0381000000000213
 45
0.1516143912691325
 46
-0.1022651981870876
 79
     2
 49
0.01905
 49
-0.20955
 53
326.0
 43
27.4254
 44
0.0381000000000213
 45
0.0618020283476471
 46
0.1841879661223193
 79
     2
 49
0.01524
 49
-0.16764
 53
71.45144499999999
 43
27.4380345326
 44
0.0295779001000213
 45
0.2134164192787161
 46
0.0819227688859053
 79
     2
 49
0.0161900088
 49
-0.1780899376
 53
37.5
 43
27.4
 44
0.0000000000000213
 45
0.0030886032505918
 46
0.0845550388731531
 79
     6
 49
0.0
 49
-0.165608
 49
0.0
 49
-0.17018
 49
0.0
 49
-0.168275
 53
7.499999999999999
 43
27.4
 44
0.0000000000000213
 45
0.0668196625103058
 46
0.1001805748181195
 79
     6
 49
0.0
 49
-0.097028
 49
0.0
 49
-0.161798
 49
0.0
 49
-0.064135
 53
327.5
 43
27.343358
 44
0.0000000000000213
 45
0.1355905951668714
 46
-0.0057287439926734
 79
     6
 49
0.0
 49
-0.0635
 49
0.0
 49
-0.19812
 49
0.0
 49
-0.26289
 53
317.5
 43
27.317958
 44
0.0000000000000213
 45
0.148129181386018
 46
0.025426491033333
 79
     6
 49
0.0
 49
-0.08255
 49
0.0
 49
-0.131572
 49
0.0
 49
-0.18669
 47
0.0049538896400653
 98
        1
 10
51.40808119841818
 20
49.5856294715283
1001
GradientColor1ACI
1070
     5
1001
GradientColor2ACI
1070
     2
1001
ACAD
1010
0.0
1020
0.0
1030
0.0
  0
LINE
  5
E57
102
{ACAD_REACTORS
330
E56
330
11E6
102
}
330
1F
100
AcDbEntity
  8
0
100
AcDbLine
 10
51.14536452632946
 20
49.99965520606582
 30
0.0
 11
51.14536452632946
 21
49.59965520606582
 31
0.0
  0
LINE
  5
E58
102
{ACAD_REACTORS
330
E56
102
}
330
1F
100
AcDbEntity
  8
0
100
AcDbLine
 10
51.44536452632945
 20
49.99965520606582
 30
0.0
 11
51.44536452632945
 21
49.59965520606582
 31
0.0
  0
LINE
  5
E59
102
{ACAD_REACTORS
330
E56
102
}
330
1F
100
AcDbEntity
  8
0
100
AcDbLine
 10
51.14536452632946
 20
49.59965520606582
 30
0.0
 11
51.09536452632946
 21
49.59965520606582
 31
0.0
  0
LINE
  5
E5A
330
1F
100
AcDbEntity
  8
0
100
AcDbLine
 10
51.44536452632945
 20
49.59965520606582
 30
0.0
 11
51.49536452632945
 21
49.59965520606582
 31
0.0
  0
LINE
  5
E5B
102
{ACAD_REACTORS
330
E56
102
}
330
1F
100
AcDbEntity
  8
0
100
AcDbLine
 10
51.64536452632945
 20
49.29965520606582
 30
0.0
 11
51.64536452632945
 21
49.19965520606582
 31
0.0
  0
LINE
  5
E5C
102
{ACAD_REACTORS
330
E56
102
}
330
1F
100
AcDbEntity
  8
0
100
AcDbLine
 10
51.64536452632945
 20
49.19965520606582
 30
0.0
 11
50.94536452632945
 21
49.19965520606582
 31
0.0
  0
LINE
  5
E5D
102
{ACAD_REACTORS
330
E56
102
}
330
1F
100
AcDbEntity
  8
0
100
AcDbLine
 10
50.94536452632945
 20
49.19965520606582
 30
0.0
 11
50.94536452632945
 21
49.29965520606582
 31
0.0
  0
LINE
  5
E5E
102
{ACAD_REACTORS
330
E56
102
}
330
1F
100
AcDbEntity
  8
0
100
AcDbLine
 10
50.94536452632945
 20
49.29965520606582
 30
0.0
 11
50.99536452632945
 21
49.29965520606582
 31
0.0
  0
LINE
  5
E5F
102
{ACAD_REACTORS
330
E56
102
}
330
1F
100
AcDbEntity
  8
0
100
AcDbLine
 10
50.99536452632945
 20
49.29965520606582
 30
0.0
 11
50.99536452632945
 21
49.34965520606581
 31
0.0
  0
LINE
  5
E60
330
1F
100
AcDbEntity
  8
0
100
AcDbLine
 10
51.64536452632945
 20
49.29965520606582
 30
0.0
 11
51.64536452632945
 21
49.29965520606582
 31
0.0
  0
LINE
  5
E61
102
{ACAD_REACTORS
330
E56
102
}
330
1F
100
AcDbEntity
  8
0
100
AcDbLine
 10
50.99536452632945
 20
49.34965520606581
 30
0.0
 11
51.09536452632946
 21
49.59965520606582
 31
0.0
  0
LINE
  5
E62
102
{ACAD_REACTORS
330
E56
102
}
330
1F
100
AcDbEntity
  8
0
100
AcDbLine
 10
51.44536452632944
 20
49.59965520606581
 30
0.0
 11
51.49536452632945
 21
49.59965520606581
 31
0.0
  0
LINE
  5
E63
102
{ACAD_REACTORS
330
E56
102
}
330
1F
100
AcDbEntity
  8
0
100
AcDbLine
 10
51.64536452632944
 20
49.29965520606581
 30
0.0
 11
51.59536452632945
 21
49.29965520606581
 31
0.0
  0
LINE
  5
E64
102
{ACAD_REACTORS
330
E56
102
}
330
1F
100
AcDbEntity
  8
0
100
AcDbLine
 10
51.59536452632945
 20
49.29965520606581
 30
0.0
 11
51.59536452632945
 21
49.34965520606581
 31
0.0
  0
LINE
  5
E65
102
{ACAD_REACTORS
330
E56
102
}
330
1F
100
AcDbEntity
  8
0
100
AcDbLine
 10
51.59536452632945
 20
49.34965520606581
 30
0.0
 11
51.49536452632945
 21
49.59965520606581
 31
0.0
  0
LINE
  5
E75
102
{ACAD_REACTORS
330
ECF
102
}
330
1F
100
AcDbEntity
  8
0
100
AcDbLine
 10
39.04536452632945
 20
49.99965520606579
 30
0.0
 11
39.04536452632945
 21
49.5996552060658
 31
0.0
  0
LINE
  5
E76
102
{ACAD_REACTORS
330
ECF
102
}
330
1F
100
AcDbEntity
  8
0
100
AcDbLine
 10
39.04536452632945
 20
49.5996552060658
 30
0.0
 11
38.99536452632946
 21
49.5996552060658
 31
0.0
  0
LINE
  5
E78
102
{ACAD_REACTORS
330
ECF
102
}
330
1F
100
AcDbEntity
  8
0
100
AcDbLine
 10
39.44536452632948
 20
49.1996552060658
 30
0.0
 11
38.84536452632945
 21
49.1996552060658
 31
0.0
  0
LINE
  5
E79
102
{ACAD_REACTORS
330
ECF
102
}
330
1F
100
AcDbEntity
  8
0
100
AcDbLine
 10
38.84536452632945
 20
49.1996552060658
 30
0.0
 11
38.84536452632945
 21
49.2996552060658
 31
0.0
  0
LINE
  5
E7A
102
{ACAD_REACTORS
330
ECF
102
}
330
1F
100
AcDbEntity
  8
0
100
AcDbLine
 10
38.84536452632945
 20
49.2996552060658
 30
0.0
 11
38.89536452632945
 21
49.2996552060658
 31
0.0
  0
LINE
  5
E7B
102
{ACAD_REACTORS
330
ECF
102
}
330
1F
100
AcDbEntity
  8
0
100
AcDbLine
 10
38.89536452632945
 20
49.2996552060658
 30
0.0
 11
38.89536452632945
 21
49.3496552060658
 31
0.0
  0
LINE
  5
E7C
102
{ACAD_REACTORS
330
ECF
102
}
330
1F
100
AcDbEntity
  8
0
100
AcDbLine
 10
38.89536452632945
 20
49.3496552060658
 30
0.0
 11
38.99536452632946
 21
49.5996552060658
 31
0.0
  0
LINE
  5
E7D
102
{ACAD_REACTORS
330
ECF
102
}
330
1F
100
AcDbEntity
  8
0
100
AcDbLine
 10
39.04536452632945
 20
49.99965520606579
 30
0.0
 11
39.24536452632947
 21
49.99965520606579
 31
0.0
  0
LINE
  5
E7E
102
{ACAD_REACTORS
330
ECF
102
}
330
1F
100
AcDbEntity
  8
0
100
AcDbLine
 10
39.24536452632947
 20
49.99965520606579
 30
0.0
 11
39.24536452632947
 21
49.5996552060658
 31
0.0
  0
LINE
  5
E7F
102
{ACAD_REACTORS
330
ECF
102
}
330
1F
100
AcDbEntity
  8
0
100
AcDbLine
 10
39.24536452632947
 20
49.5996552060658
 30
0.0
 11
39.29536452632947
 21
49.5996552060658
 31
0.0
  0
LINE
  5
E80
102
{ACAD_REACTORS
330
ECF
102
}
330
1F
100
AcDbEntity
  8
0
100
AcDbLine
 10
39.44536452632947
 20
49.1996552060658
 30
0.0
 11
39.44536452632947
 21
49.2996552060658
 31
0.0
  0
LINE
  5
E81
102
{ACAD_REACTORS
330
ECF
102
}
330
1F
100
AcDbEntity
  8
0
100
AcDbLine
 10
39.44536452632947
 20
49.2996552060658
 30
0.0
 11
39.39536452632948
 21
49.2996552060658
 31
0.0
  0
LINE
  5
E82
102
{ACAD_REACTORS
330
ECF
102
}
330
1F
100
AcDbEntity
  8
0
100
AcDbLine
 10
39.39536452632948
 20
49.2996552060658
 30
0.0
 11
39.39536452632948
 21
49.3496552060658
 31
0.0
  0
LINE
  5
E83
102
{ACAD_REACTORS
330
ECF
102
}
330
1F
100
AcDbEntity
  8
0
100
AcDbLine
 10
39.39536452632948
 20
49.3496552060658
 30
0.0
 11
39.29536452632947
 21
49.5996552060658
 31
0.0
  0
LINE
  5
E85
102
{ACAD_REACTORS
330
ECF
102
}
330
1F
100
AcDbEntity
  8
0
100
AcDbLine
 10
41.44536452632947
 20
49.9996552060658
 30
0.0
 11
41.44536452632947
 21
49.5996552060658
 31
0.0
  0
LINE
  5
E86
102
{ACAD_REACTORS
330
ECF
102
}
330
1F
100
AcDbEntity
  8
0
100
AcDbLine
 10
41.44536452632947
 20
49.5996552060658
 30
0.0
 11
41.39536452632947
 21
49.5996552060658
 31
0.0
  0
LINE
  5
E87
102
{ACAD_REACTORS
330
ECF
102
}
330
1F
100
AcDbEntity
  8
0
100
AcDbLine
 10
41.8453645263295
 20
49.19965520606581
 30
0.0
 11
41.24536452632947
 21
49.19965520606581
 31
0.0
  0
LINE
  5
E88
102
{ACAD_REACTORS
330
ECF
102
}
330
1F
100
AcDbEntity
  8
0
100
AcDbLine
 10
41.24536452632947
 20
49.19965520606581
 30
0.0
 11
41.24536452632947
 21
49.29965520606581
 31
0.0
  0
LINE
  5
E89
102
{ACAD_REACTORS
330
ECF
102
}
330
1F
100
AcDbEntity
  8
0
100
AcDbLine
 10
41.24536452632947
 20
49.29965520606581
 30
0.0
 11
41.29536452632946
 21
49.29965520606581
 31
0.0
  0
LINE
  5
E8A
102
{ACAD_REACTORS
330
ECF
102
}
330
1F
100
AcDbEntity
  8
0
100
AcDbLine
 10
41.29536452632946
 20
49.29965520606581
 30
0.0
 11
41.29536452632946
 21
49.34965520606581
 31
0.0
  0
LINE
  5
E8B
102
{ACAD_REACTORS
330
ECF
102
}
330
1F
100
AcDbEntity
  8
0
100
AcDbLine
 10
41.29536452632946
 20
49.34965520606581
 30
0.0
 11
41.39536452632947
 21
49.5996552060658
 31
0.0
  0
LINE
  5
E8C
102
{ACAD_REACTORS
330
ECF
102
}
330
1F
100
AcDbEntity
  8
0
100
AcDbLine
 10
41.64536452632948
 20
49.9996552060658
 30
0.0
 11
41.64536452632948
 21
49.5996552060658
 31
0.0
  0
LINE
  5
E8D
102
{ACAD_REACTORS
330
ECF
102
}
330
1F
100
AcDbEntity
  8
0
100
AcDbLine
 10
41.64536452632948
 20
49.5996552060658
 30
0.0
 11
41.69536452632948
 21
49.5996552060658
 31
0.0
  0
LINE
  5
E8E
102
{ACAD_REACTORS
330
ECF
102
}
330
1F
100
AcDbEntity
  8
0
100
AcDbLine
 10
41.84536452632949
 20
49.19965520606581
 30
0.0
 11
41.84536452632949
 21
49.29965520606581
 31
0.0
  0
LINE
  5
E8F
102
{ACAD_REACTORS
330
ECF
102
}
330
1F
100
AcDbEntity
  8
0
100
AcDbLine
 10
41.84536452632949
 20
49.29965520606581
 30
0.0
 11
41.79536452632949
 21
49.29965520606581
 31
0.0
  0
LINE
  5
E90
102
{ACAD_REACTORS
330
ECF
102
}
330
1F
100
AcDbEntity
  8
0
100
AcDbLine
 10
41.79536452632949
 20
49.29965520606581
 30
0.0
 11
41.79536452632949
 21
49.34965520606581
 31
0.0
  0
LINE
  5
E91
102
{ACAD_REACTORS
330
ECF
102
}
330
1F
100
AcDbEntity
  8
0
100
AcDbLine
 10
41.79536452632949
 20
49.34965520606581
 30
0.0
 11
41.69536452632948
 21
49.5996552060658
 31
0.0
  0
LINE
  5
E92
102
{ACAD_REACTORS
330
ECF
102
}
330
1F
100
AcDbEntity
  8
0
100
AcDbLine
 10
46.04536452632946
 20
49.99965520606581
 30
0.0
 11
46.04536452632946
 21
49.59965520606581
 31
0.0
  0
LINE
  5
E93
102
{ACAD_REACTORS
330
ECF
102
}
330
1F
100
AcDbEntity
  8
0
100
AcDbLine
 10
46.04536452632946
 20
49.59965520606581
 30
0.0
 11
45.99536452632946
 21
49.59965520606581
 31
0.0
  0
LINE
  5
E94
102
{ACAD_REACTORS
330
ECF
102
}
330
1F
100
AcDbEntity
  8
0
100
AcDbLine
 10
46.44536452632949
 20
49.19965520606581
 30
0.0
 11
45.84536452632946
 21
49.19965520606581
 31
0.0
  0
LINE
  5
E95
102
{ACAD_REACTORS
330
ECF
102
}
330
1F
100
AcDbEntity
  8
0
100
AcDbLine
 10
45.84536452632946
 20
49.19965520606581
 30
0.0
 11
45.84536452632946
 21
49.29965520606581
 31
0.0
  0
LINE
  5
E96
102
{ACAD_REACTORS
330
ECF
102
}
330
1F
100
AcDbEntity
  8
0
100
AcDbLine
 10
45.84536452632946
 20
49.29965520606581
 30
0.0
 11
45.89536452632946
 21
49.29965520606581
 31
0.0
  0
LINE
  5
E97
102
{ACAD_REACTORS
330
ECF
102
}
330
1F
100
AcDbEntity
  8
0
100
AcDbLine
 10
45.89536452632946
 20
49.29965520606581
 30
0.0
 11
45.89536452632946
 21
49.34965520606581
 31
0.0
  0
LINE
  5
E98
102
{ACAD_REACTORS
330
ECF
102
}
330
1F
100
AcDbEntity
  8
0
100
AcDbLine
 10
45.89536452632946
 20
49.34965520606581
 30
0.0
 11
45.99536452632946
 21
49.59965520606581
 31
0.0
  0
LINE
  5
E99
102
{ACAD_REACTORS
330
ECF
102
}
330
1F
100
AcDbEntity
  8
0
100
AcDbLine
 10
46.24536452632947
 20
49.99965520606581
 30
0.0
 11
46.24536452632947
 21
49.59965520606581
 31
0.0
  0
LINE
  5
E9A
102
{ACAD_REACTORS
330
ECF
102
}
330
1F
100
AcDbEntity
  8
0
100
AcDbLine
 10
46.24536452632947
 20
49.59965520606581
 30
0.0
 11
46.29536452632947
 21
49.59965520606581
 31
0.0
  0
LINE
  5
E9B
102
{ACAD_REACTORS
330
ECF
102
}
330
1F
100
AcDbEntity
  8
0
100
AcDbLine
 10
46.44536452632948
 20
49.19965520606581
 30
0.0
 11
46.44536452632948
 21
49.29965520606581
 31
0.0
  0
LINE
  5
E9C
102
{ACAD_REACTORS
330
ECF
102
}
330
1F
100
AcDbEntity
  8
0
100
AcDbLine
 10
46.44536452632948
 20
49.29965520606581
 30
0.0
 11
46.39536452632948
 21
49.29965520606581
 31
0.0
  0
LINE
  5
E9D
102
{ACAD_REACTORS
330
ECF
102
}
330
1F
100
AcDbEntity
  8
0
100
AcDbLine
 10
46.39536452632948
 20
49.29965520606581
 30
0.0
 11
46.39536452632948
 21
49.34965520606581
 31
0.0
  0
LINE
  5
E9E
102
{ACAD_REACTORS
330
ECF
102
}
330
1F
100
AcDbEntity
  8
0
100
AcDbLine
 10
46.39536452632948
 20
49.34965520606581
 30
0.0
 11
46.29536452632947
 21
49.59965520606581
 31
0.0
  0
HATCH
  5
ECF
330
1F
100
AcDbEntity
  8
0
100
AcDbHatch
 10
0.0
 20
0.0
 30
0.0
210
0.0
220
0.0
230
1.0
  2
AR-CONC
 70
     0
 71
     1
 91
        3
 92
        7
 72
     0
 73
     1
 93
       14
 10
39.29536452632947
 20
49.5996552060658
 10
39.24536452632947
 20
49.5996552060658
 10
39.24536452632947
 20
49.99965520606579
 10
39.04536452632945
 20
49.99965520606579
 10
39.04536452632945
 20
49.5996552060658
 10
38.99536452632946
 20
49.5996552060658
 10
38.89536452632945
 20
49.3496552060658
 10
38.89536452632945
 20
49.2996552060658
 10
38.84536452632945
 20
49.2996552060658
 10
38.84536452632945
 20
49.1996552060658
 10
39.44536452632947
 20
49.1996552060658
 10
39.44536452632947
 20
49.2996552060658
 10
39.39536452632948
 20
49.2996552060658
 10
39.39536452632948
 20
49.3496552060658
 97
       14
330
E7F
330
E7E
330
E7D
330
E75
330
E76
330
E7C
330
E7B
330
E7A
330
E79
330
E78
330
E80
330
E81
330
E82
330
E83
 92
        7
 72
     0
 73
     1
 93
       14
 10
41.69536452632948
 20
49.5996552060658
 10
41.64536452632948
 20
49.5996552060658
 10
41.64536452632948
 20
49.9996552060658
 10
41.44536452632947
 20
49.9996552060658
 10
41.44536452632947
 20
49.5996552060658
 10
41.39536452632947
 20
49.5996552060658
 10
41.29536452632946
 20
49.34965520606581
 10
41.29536452632946
 20
49.29965520606581
 10
41.24536452632947
 20
49.29965520606581
 10
41.24536452632947
 20
49.19965520606581
 10
41.84536452632949
 20
49.19965520606581
 10
41.84536452632949
 20
49.29965520606581
 10
41.79536452632949
 20
49.29965520606581
 10
41.79536452632949
 20
49.34965520606581
 97
       14
330
E8D
330
E8C
330
665
330
E85
330
E86
330
E8B
330
E8A
330
E89
330
E88
330
E87
330
E8E
330
E8F
330
E90
330
E91
 92
        7
 72
     0
 73
     1
 93
       14
 10
46.29536452632947
 20
49.59965520606581
 10
46.24536452632947
 20
49.59965520606581
 10
46.24536452632947
 20
49.99965520606581
 10
46.04536452632946
 20
49.99965520606581
 10
46.04536452632946
 20
49.59965520606581
 10
45.99536452632946
 20
49.59965520606581
 10
45.89536452632946
 20
49.34965520606581
 10
45.89536452632946
 20
49.29965520606581
 10
45.84536452632946
 20
49.29965520606581
 10
45.84536452632946
 20
49.19965520606581
 10
46.44536452632948
 20
49.19965520606581
 10
46.44536452632948
 20
49.29965520606581
 10
46.39536452632948
 20
49.29965520606581
 10
46.39536452632948
 20
49.34965520606581
 97
       14
330
E9A
330
E99
330
665
330
E92
330
E93
330
E98
330
E97
330
E96
330
E95
330
E94
330
E9B
330
E9C
330
E9D
330
E9E
 75
     1
 76
     1
 52
0.0
 41
0.0015
 77
     0
 78
    13
 53
50.0
 43
0.0
 44
0.0
 45
0.273277003494006
 46
-0.0239086283083546
 79
     2
 49
0.028575
 49
-0.314325
 53
355.0
 43
0.0
 44
0.0
 45
-0.052865132137454
 46
0.2865852678585527
 79
     2
 49
0.02286
 49
-0.251460876255
 53
100.4514447
 43
0.0227730105
 44
-0.00199238025
 45
0.2204118706355299
 46
0.2626766278682926
 79
     2
 49
0.0242850132
 49
-0.2671353668999999
 53
46.1842
 43
0.0
 44
0.0762
 45
0.4066185613381949
 46
-0.0630634918990907
 79
     2
 49
0.0428625
 49
-0.4714875000000001
 53
96.63555760999997
 43
0.03388485
 44
0.07094475
 45
0.3561062010772545
 46
0.3711391868965823
 79
     2
 49
0.03642753471
 49
-0.4007034122400001
 53
351.18415117
 43
0.0
 44
0.0762
 45
0.3561062010974656
 46
0.371139186878299
 79
     2
 49
0.034289950605
 49
-0.37718959788
 53
21.0
 43
0.0381
 44
0.05715
 45
0.2274215869036987
 46
-0.1533977972806314
 79
     2
 49
0.028575
 49
-0.314325
 53
326.0
 43
0.0381
 44
0.05715
 45
0.0927030425214706
 46
0.2762819491834789
 79
     2
 49
0.02286
 49
-0.25146
 53
71.45144499999999
 43
0.0570517989
 44
0.04436685015
 45
0.3201246289180743
 46
0.1228841533288579
 79
     2
 49
0.0242850132
 49
-0.2671349064
 53
37.5
 43
0.0
 44
0.0
 45
0.0046329048758877
 46
0.1268325583097297
 79
     6
 49
0.0
 49
-0.248412
 49
0.0
 49
-0.25527
 49
0.0
 49
-0.2524125000000001
 53
7.499999999999999
 43
0.0
 44
0.0
 45
0.1002294937654586
 46
0.1502708622271793
 79
     6
 49
0.0
 49
-0.145542
 49
0.0
 49
-0.242697
 49
0.0
 49
-0.0962025
 53
327.5
 43
-0.084963
 44
0.0
 45
0.2033858927503071
 46
-0.0085931159890102
 79
     6
 49
0.0
 49
-0.09525
 49
0.0
 49
-0.29718
 49
0.0
 49
-0.394335
 53
317.5
 43
-0.123063
 44
0.0
 45
0.2221937720790271
 46
0.0381397365499996
 79
     6
 49
0.0
 49
-0.123825
 49
0.0
 49
-0.197358
 49
0.0
 49
-0.280035
 47
0.0050727132875008
 98
        3
 10
39.21899891742319
 20
49.48792639069799
 10
41.47948598236317
 20
49.36437946879343
 10
46.1165624191124
 20
49.38623383651322
1001
GradientColor1ACI
1070
     5
1001
GradientColor2ACI
1070
     2
1001
ACAD
1010
0.0
1020
0.0
1030
0.0
  0
HATCH
  5
ED0
330
1F
100
AcDbEntity
  8
0
100
AcDbHatch
 10
0.0
 20
0.0
 30
0.0
210
0.0
220
0.0
230
1.0
  2
AR-B816
 70
     0
 71
     1
 91
        2
 92
        7
 72
     0
 73
     1
 93
        4
 10
33.31185201777807
 20
50.44965520606581
 10
28.41185201777808
 20
50.44965520606581
 10
28.41185201777808
 20
50.34965520606581
 10
33.31185201777807
 20
50.34965520606581
 97
        4
330
B7D
330
755
330
CB8
330
758
 92
        7
 72
     0
 73
     1
 93
        4
 10
28.21185201777808
 20
50.44965520606581
 10
23.81185201777808
 20
50.44965520606581
 10
23.81185201777808
 20
50.34965520606582
 10
28.21185201777808
 20
50.34965520606582
 97
        4
330
B7C
330
99C
330
CB6
330
754
 75
     1
 76
     1
 52
0.0
 41
0.0009
 77
     0
 78
     2
 53
0.0
 43
-17.83351250855139
 44
0.0000000000000142
 45
0.0
 46
0.18288
 79
     0
 53
90.0
 43
-17.83351250855139
 44
0.0000000000000142
 45
-0.18288
 46
0.18288
 79
     2
 49
0.18288
 49
-0.18288
 47
0.0111444945483215
 98
        2
 10
29.77255472537349
 20
50.38063639452194
 10
25.97380785783839
 20
50.39995197063094
1001
ACAD
1010
0.0
1020
0.0
1030
0.0
  0
HATCH
  5
ED1
330
1F
100
AcDbEntity
  8
0
100
AcDbHatch
 10
0.0
 20
0.0
 30
0.0
210
0.0
220
0.0
230
1.0
  2
AR-B816
 70
     0
 71
     1
 91
        1
 92
        7
 72
     0
 73
     1
 93
        4
 10
35.31595237337491
 20
50.4496552060658
 10
33.11595237337491
 20
50.4496552060658
 10
33.11595237337491
 20
50.3496552060658
 10
35.31595237337491
 20
50.3496552060658
 97
        4
330
753
330
730
330
CB4
330
99D
 75
     1
 76
     1
 52
0.0
 41
0.0009
 77
     0
 78
     2
 53
0.0
 43
-6.129412152954557
 44
0.0
 45
0.0
 46
0.18288
 79
     0
 53
90.0
 43
-6.129412152954557
 44
0.0
 45
-0.18288
 46
0.18288
 79
     2
 49
0.18288
 49
-0.18288
 47
0.0026928420650391
 98
        1
 10
34.52071164003155
 20
50.38812899832198
1001
ACAD
1010
0.0
1020
0.0
1030
0.0
  0
HATCH
  5
ED2
330
1F
100
AcDbEntity
  8
0
100
AcDbHatch
 10
0.0
 20
0.0
 30
0.0
210
0.0
220
0.0
230
1.0
  2
AR-B816
 70
     0
 71
     1
 91
        1
 92
        7
 72
     0
 73
     1
 93
        4
 10
37.14309614534313
 20
50.4496552060658
 10
34.94309614534313
 20
50.4496552060658
 10
34.94309614534313
 20
50.3496552060658
 10
37.14309614534313
 20
50.3496552060658
 97
        4
330
753
330
730
330
CB4
330
99D
 75
     1
 76
     1
 52
0.0
 41
0.0009
 77
     0
 78
     2
 53
0.0
 43
-4.302268380986333
 44
0.0
 45
0.0
 46
0.18288
 79
     0
 53
90.0
 43
-4.302268380986333
 44
0.0
 45
-0.18288
 46
0.18288
 79
     2
 49
0.18288
 49
-0.18288
 47
0.0026928420650391
 98
        1
 10
36.34785541199978
 20
50.38812899832198
1001
ACAD
1010
0.0
1020
0.0
1030
0.0
  0
HATCH
  5
ED3
330
1F
100
AcDbEntity
  8
0
100
AcDbHatch
 10
0.0
 20
0.0
 30
0.0
210
0.0
220
0.0
230
1.0
  2
AR-B816
 70
     0
 71
     1
 91
        1
 92
        7
 72
     0
 73
     1
 93
        4
 10
38.97275531601958
 20
50.4496552060658
 10
36.77275531601959
 20
50.4496552060658
 10
36.77275531601959
 20
50.3496552060658
 10
38.97275531601958
 20
50.3496552060658
 97
        4
330
753
330
730
330
CB4
330
99D
 75
     1
 76
     1
 52
0.0
 41
0.0009
 77
     0
 78
     2
 53
0.0
 43
-2.472609210309883
 44
0.0
 45
0.0
 46
0.18288
 79
     0
 53
90.0
 43
-2.472609210309883
 44
0.0
 45
-0.18288
 46
0.18288
 79
     2
 49
0.18288
 49
-0.18288
 47
0.0026928420650391
 98
        1
 10
38.17751458267622
 20
50.38812899832198
1001
ACAD
1010
0.0
1020
0.0
1030
0.0
  0
DIMENSION
  5
EF1
330
1F
100
AcDbEntity
  8
0
100
AcDbDimension
280
     0
  2
*D3
 10
27.97160554038912
 20
51.04965520606582
 30
0.0
 11
28.41322900560059
 21
51.2296552060658
 31
0.0
 70
    32
  1
1.2
 71
     5
 42
0.5999999999999659
 73
     0
 74
     0
 75
     0
  3
Standard
100
AcDbAlignedDimension
 13
28.63723503335928
 23
50.44965520606583
 33
0.0
 14
28.54536452632946
 24
51.0496552060658
 34
0.0
 50
90.0
100
AcDbRotatedDimension
  0
DIMENSION
  5
F0D
102
{ACAD_XDICTIONARY
360
F1C
102
}
102
{ACAD_REACTORS
330
F28
102
}
330
1F
100
AcDbEntity
  8
0
100
AcDbDimension
280
     0
  2
*D4
 10
22.54157308786917
 20
51.3626986843267
 30
0.0
 11
22.98442438391283
 21
51.54269868432667
 31
0.0
 70
    32
  1
1.8
 71
     5
 42
0.9130434782608674
 73
     0
 74
     0
 75
     0
  3
Standard
100
AcDbAlignedDimension
 13
24.94536452632946
 23
50.4496552060658
 33
0.0
 14
24.94536452632946
 24
51.36269868432666
 34
0.0
 50
90.0
100
AcDbRotatedDimension
  0
LINE
  5
FDB
330
1F
100
AcDbEntity
  8
0
  6
ACAD_ISO02W100
 48
0.005
100
AcDbLine
 10
26.44536452632946
 20
52.19965520606581
 30
0.0
 11
24.04536452632946
 21
52.19965520606581
 31
0.0
  0
DIMENSION
  5
FDF
330
1F
100
AcDbEntity
  8
0
100
AcDbDimension
280
     0
  2
*D5
 10
22.81737671933925
 20
52.19965520606583
 30
0.0
 11
23.26002337691088
 21
52.37965520606581
 31
0.0
 70
    32
  1
1.7
 71
     5
 42
0.8369565217391112
 73
     0
 74
     0
 75
     0
  3
Standard
100
AcDbAlignedDimension
 13
24.04536452632946
 23
51.3626986843267
 33
0.0
 14
24.04536452632946
 24
52.19965520606581
 34
0.0
 50
90.0
100
AcDbRotatedDimension
  0
DIMENSION
  5
106C
102
{ACAD_XDICTIONARY
360
107A
102
}
102
{ACAD_REACTORS
330
1085
102
}
330
1F
100
AcDbEntity
  8
0
100
AcDbDimension
280
     0
  2
*D6
 10
50.59822209863355
 20
52.19965520606582
 30
0.0
 11
50.59822209863355
 21
51.32465520606587
 31
0.0
 70
    32
  1
3.5
 71
     5
 42
1.74999999999985
 73
     0
 74
     0
 75
     0
  3
Standard
100
AcDbAlignedDimension
 13
51.14536452632946
 23
50.44965520606595
 33
0.0
 14
51.14536452632946
 24
52.1996552060658
 34
0.0
 50
90.0
100
AcDbRotatedDimension
  0
DIMENSION
  5
109A
330
1F
100
AcDbEntity
  8
0
100
AcDbDimension
280
     0
  2
*D7
 10
50.9148836648273
 20
52.19980401975447
 30
0.0
 11
51.44538843972497
 21
52.55980401975444
 31
0.0
 70
    32
  1
0.15
 71
     5
 42
0.1000000000000014
 73
     0
 74
     0
 75
     0
  3
Standard
100
AcDbAlignedDimension
 13
50.73117321034747
 23
52.09980401975443
 33
0.0
 14
50.72577003383597
 24
52.19980401975444
 34
0.0
 50
90.0
100
AcDbRotatedDimension
  0
DIMENSION
  5
1171
102
{ACAD_XDICTIONARY
360
117F
102
}
102
{ACAD_REACTORS
330
118A
102
}
330
1F
100
AcDbEntity
  8
0
100
AcDbDimension
280
     0
  2
*D8
 10
48.91300505017355
 20
50.89965520606582
 30
0.0
 11
48.91300505017355
 21
50.67465520606578
 31
0.0
 70
    32
  1
0.9
 71
     5
 42
0.4500000000000029
 73
     0
 74
     0
 75
     0
  3
Standard
100
AcDbAlignedDimension
 13
49.34536452632944
 23
50.44965520606578
 33
0.0
 14
49.34536452632944
 24
50.89965520606579
 34
0.0
 50
90.0
100
AcDbRotatedDimension
  0
DIMENSION
  5
119F
102
{ACAD_XDICTIONARY
360
11AD
102
}
102
{ACAD_REACTORS
330
11B8
102
}
330
1F
100
AcDbEntity
  8
0
100
AcDbDimension
280
     0
  2
*D9
 10
53.34206385210356
 20
50.44965520606583
 30
0.0
 11
53.34206385210356
 21
52.1996552060658
 31
0.0
 70
    32
  1
7
 71
     5
 42
3.499999999999992
 73
     0
 74
     0
 75
     0
  3
Standard
100
AcDbAlignedDimension
 13
50.14536452632945
 23
53.94965520606579
 33
0.0
 14
50.14536452632945
 24
50.4496552060658
 34
0.0
 50
90.0
100
AcDbRotatedDimension
  0
DIMENSION
  5
11CD
102
{ACAD_XDICTIONARY
360
11DB
102
}
102
{ACAD_REACTORS
330
11E6
102
}
330
1F
100
AcDbEntity
  8
0
100
AcDbDimension
280
     0
  2
*D10
 10
53.34206385210368
 20
50.44965520606582
 30
0.0
 11
53.34206385210368
 21
50.2246552060658
 31
0.0
 70
    32
  1
0.9
 71
     5
 42
0.4499999999999745
 73
     0
 74
     0
 75
     0
  3
Standard
100
AcDbAlignedDimension
 13
51.14536452632946
 23
49.99965520606582
 33
0.0
 14
51.14536452632946
 24
50.44965520606579
 34
0.0
 50
90.0
100
AcDbRotatedDimension
  0
DIMENSION
  5
11FB
102
{ACAD_XDICTIONARY
360
1209
102
}
102
{ACAD_REACTORS
330
1214
102
}
330
1F
100
AcDbEntity
  8
0
100
AcDbDimension
280
     0
  2
*D11
 10
33.64488789065715
 20
50.44965520606583
 30
0.0
 11
33.64488789065716
 21
51.0496552060658
 31
0.0
 70
    32
  1
2.4
 71
     5
 42
1.199999999999995
 73
     0
 74
     0
 75
     0
  3
Standard
100
AcDbAlignedDimension
 13
33.54536452632945
 23
51.6496552060658
 33
0.0
 14
33.54536452632945
 24
50.44965520606581
 34
0.0
 50
90.0
100
AcDbRotatedDimension
  0
DIMENSION
  5
1229
102
{ACAD_XDICTIONARY
360
1237
102
}
102
{ACAD_REACTORS
330
1242
102
}
330
1F
100
AcDbEntity
  8
0
100
AcDbDimension
280
     0
  2
*D12
 10
48.0286280041318
 20
53.19965520606582
 30
0.0
 11
48.0286280041318
 21
52.6996552060658
 31
0.0
 70
    32
  1
2
 71
     5
 42
0.9999999999999928
 73
     0
 74
     0
 75
     0
  3
Standard
100
AcDbAlignedDimension
 13
48.64536452632946
 23
52.1996552060658
 33
0.0
 14
48.64536452632942
 24
53.19965520606579
 34
0.0
 50
90.0
100
AcDbRotatedDimension
  0
DIMENSION
  5
1275
102
{ACAD_XDICTIONARY
360
1283
102
}
102
{ACAD_REACTORS
330
128E
102
}
330
1F
100
AcDbEntity
  8
0
100
AcDbDimension
280
     0
  2
*D13
 10
35.02026566212564
 20
50.89965520606583
 30
0.0
 11
35.02026566212565
 21
50.67465520606581
 31
0.0
 70
    32
  1
0.9
 71
     5
 42
0.4500000000000029
 73
     0
 74
     0
 75
     0
  3
Standard
100
AcDbAlignedDimension
 13
35.54536452632945
 23
50.4496552060658
 33
0.0
 14
35.54536452632945
 24
50.8996552060658
 34
0.0
 50
90.0
100
AcDbRotatedDimension
  0
DIMENSION
  5
1326
330
1F
100
AcDbEntity
  8
0
100
AcDbDimension
280
     0
  2
*D14
 10
40.78446444200769
 20
52.79965520606583
 30
0.0
 11
41.22608790721915
 21
52.97965520606581
 31
0.0
 70
    32
  1
1.2
 71
     5
 42
0.6000000000000015
 73
     0
 74
     0
 75
     0
  3
Standard
100
AcDbAlignedDimension
 13
40.22192170186882
 23
52.1996552060658
 33
0.0
 14
40.22192170186883
 24
52.7996552060658
 34
0.0
 50
90.0
100
AcDbRotatedDimension
  0
DIMENSION
  5
13A5
102
{ACAD_XDICTIONARY
360
13B3
102
}
102
{ACAD_REACTORS
330
13BE
102
}
330
1F
100
AcDbEntity
  8
0
100
AcDbDimension
280
     0
  2
*D15
 10
38.55555183717459
 20
52.19965520606582
 30
0.0
 11
38.5555518371746
 21
52.7996552060658
 31
0.0
 70
    32
  1
2.4
 71
     5
 42
1.200000000000002
 73
     0
 74
     0
 75
     0
  3
Standard
100
AcDbAlignedDimension
 13
38.04536452632947
 23
53.3996552060658
 33
0.0
 14
38.04536452632947
 24
52.1996552060658
 34
0.0
 50
90.0
100
AcDbRotatedDimension
  0
DIMENSION
  5
13D3
102
{ACAD_XDICTIONARY
360
13E1
102
}
102
{ACAD_REACTORS
330
13EC
102
}
330
1F
100
AcDbEntity
  8
0
100
AcDbDimension
280
     0
  2
*D16
 10
52.51241966436012
 20
53.94965520606582
 30
0.0
 11
52.51241966436012
 21
53.0746552060658
 31
0.0
 70
    32
  1
3.5
 71
     5
 42
1.749999999999985
 73
     0
 74
     0
 75
     0
  3
Standard
100
AcDbAlignedDimension
 13
50.14536452632945
 23
52.19965520606581
 33
0.0
 14
50.14536452632945
 24
53.94965520606579
 34
0.0
 50
90.0
100
AcDbRotatedDimension
  0
LINE
  5
1409
330
1F
100
AcDbEntity
  8
0
  6
ACAD_ISO04W100
 48
0.03
100
AcDbLine
 10
31.94434907883661
 20
45.73212964582717
 30
0.0
 11
31.94434907883661
 21
32.85992391148591
 31
0.0
  0
LINE
  5
140A
330
1F
100
AcDbEntity
  8
0
  6
ACAD_ISO04W100
 48
0.03
100
AcDbLine
 10
30.24536452632945
 20
32.85992391148591
 30
0.0
 11
30.24536452632946
 21
22.78276813074608
 31
0.0
  0
LINE
  5
140B
330
1F
100
AcDbEntity
  8
0
  6
ACAD_ISO04W100
 48
0.03
100
AcDbLine
 10
31.94434907883661
 20
32.85992391148591
 30
0.0
 11
30.24536452632946
 21
32.85992391148591
 31
0.0
  0
LINE
  5
140D
330
1F
100
AcDbEntity
  8
0
  6
ACAD_ISO04W100
 48
0.03
100
AcDbLine
 10
25.02036452632946
 20
22.78276813074608
 30
0.0
 11
25.02036452632946
 21
15.32116572453827
 31
0.0
  0
LINE
  5
140E
330
1F
100
AcDbEntity
  8
0
  6
ACAD_ISO04W100
 48
0.03
100
AcDbLine
 10
25.02036452632946
 20
22.78276813074608
 30
0.0
 11
30.24536452632946
 21
22.78276813074608
 31
0.0
  0
LINE
  5
1412
330
1F
100
AcDbEntity
  8
0
100
AcDbLine
 10
5.840955026429265
 20
17.75210373820118
 30
0.0
 11
5.840955026429265
 21
17.52794311485202
 31
0.0
  0
LINE
  5
1413
330
1F
100
AcDbEntity
  8
0
  6
ACAD_ISO04W100
 48
0.03
100
AcDbLine
 10
12.76493957893641
 20
45.08923400292999
 30
0.0
 11
12.76493957893641
 21
32.85992391148591
 31
0.0
  0
LINE
  5
1414
330
1F
100
AcDbEntity
  8
0
  6
ACAD_ISO04W100
 48
0.03
100
AcDbLine
 10
11.06595502642925
 20
32.85992391148591
 30
0.0
 11
11.06595502642926
 21
22.78276813074608
 31
0.0
  0
LINE
  5
1415
330
1F
100
AcDbEntity
  8
0
  6
ACAD_ISO04W100
 48
0.03
100
AcDbLine
 10
12.76493957893641
 20
32.85992391148591
 30
0.0
 11
11.06595502642926
 21
32.85992391148591
 31
0.0
  0
LINE
  5
1416
330
1F
100
AcDbEntity
  8
0
  6
ACAD_ISO04W100
 48
0.03
100
AcDbLine
 10
5.840955026429263
 20
22.78276813074608
 30
0.0
 11
5.840955026429263
 21
15.32116572453827
 31
0.0
  0
LINE
  5
1417
330
1F
100
AcDbEntity
  8
0
  6
ACAD_ISO04W100
 48
0.03
100
AcDbLine
 10
5.840955026429263
 20
22.78276813074608
 30
0.0
 11
11.06595502642925
 21
22.78276813074608
 31
0.0
  0
DIMENSION
  5
141E
102
{ACAD_XDICTIONARY
360
142C
102
}
102
{ACAD_REACTORS
330
1437
102
}
330
1F
100
AcDbEntity
  8
0
100
AcDbDimension
280
     0
  2
*D17
 10
19.33730813321549
 20
44.2521037382012
 30
0.0
 11
19.3373081332155
 21
30.40210373820118
 31
0.0
 70
    32
  1
54.4
 71
     5
 42
27.70000000000001
 73
     0
 74
     0
 75
     0
  3
Standard
100
AcDbAlignedDimension
 13
17.56595502642926
 23
16.55210373820118
 33
0.0
 14
17.56595502642926
 24
44.25210373820118
 34
0.0
 50
90.0
100
AcDbRotatedDimension
  0
DIMENSION
  5
1439
102
{ACAD_XDICTIONARY
360
1447
102
}
102
{ACAD_REACTORS
330
1452
102
}
330
1F
100
AcDbEntity
  8
0
100
AcDbDimension
280
     0
  2
*D18
 10
17.56595502642926
 20
46.40420955754723
 30
0.0
 11
11.06595502642926
 21
46.40420955754723
 31
0.0
 70
    32
  1
25.4
 71
     5
 42
13.0
 73
     0
 74
     0
 75
     0
  3
Standard
100
AcDbAlignedDimension
 13
4.565955026429264
 23
42.95210373820117
 33
0.0
 14
17.56595502642926
 24
42.95210373820117
 34
0.0
100
AcDbRotatedDimension
  0
LINE
  5
14B6
102
{ACAD_REACTORS
330
1FF9
102
}
330
1F
100
AcDbEntity
  8
0
100
AcDbLine
 10
41.61513843702394
 20
16.55210373820118
 30
0.0
 11
41.61513843702394
 21
31.03210373820119
 31
0.0
  0
LINE
  5
14B7
330
1F
100
AcDbEntity
  8
0
100
AcDbLine
 10
41.61513843702394
 20
16.55210373820118
 30
0.0
 11
56.69513843702394
 21
16.55210373820118
 31
0.0
  0
LINE
  5
14B8
330
1F
100
AcDbEntity
  8
0
100
AcDbLine
 10
56.69513843702394
 20
16.55210373820118
 30
0.0
 11
56.69513843702394
 21
31.03210373820118
 31
0.0
  0
LINE
  5
14B9
102
{ACAD_REACTORS
330
2027
102
}
330
1F
100
AcDbEntity
  8
0
100
AcDbLine
 10
56.69513843702394
 20
31.03210373820118
 30
0.0
 11
41.61513843702394
 21
31.03210373820118
 31
0.0
  0
LINE
  5
152A
102
{ACAD_REACTORS
330
15C5
330
17BA
102
}
330
1F
100
AcDbEntity
  8
0
100
AcDbLine
 10
46.01513843702394
 20
18.95210373820118
 30
0.0
 11
51.09513843702394
 21
18.95210373820118
 31
0.0
  0
LINE
  5
152B
102
{ACAD_REACTORS
330
17BA
102
}
330
1F
100
AcDbEntity
  8
0
100
AcDbLine
 10
46.01513843702394
 20
18.95210373820118
 30
0.0
 11
46.01513843702394
 21
29.53210373820118
 31
0.0
  0
LINE
  5
15A4
102
{ACAD_REACTORS
330
15C5
330
17BA
102
}
330
1F
100
AcDbEntity
  8
0
100
AcDbLine
 10
51.09513843702394
 20
18.95210373820118
 30
0.0
 11
51.09513843702394
 21
29.53210373820118
 31
0.0
  0
LINE
  5
15A5
102
{ACAD_REACTORS
330
17BA
330
2027
102
}
330
1F
100
AcDbEntity
  8
0
100
AcDbLine
 10
49.99513843702394
 20
29.83210373820119
 30
0.0
 11
47.11513843702394
 21
29.83210373820119
 31
0.0
  0
LINE
  5
15A8
102
{ACAD_REACTORS
330
17BA
102
}
330
1F
100
AcDbEntity
  8
0
100
AcDbLine
 10
49.99513843702394
 20
29.83210373820118
 30
0.0
 11
49.99513843702394
 21
29.53210373820118
 31
0.0
  0
LINE
  5
15A9
102
{ACAD_REACTORS
330
17BA
102
}
330
1F
100
AcDbEntity
  8
0
100
AcDbLine
 10
49.99513843702394
 20
29.53210373820118
 30
0.0
 11
51.09513843702394
 21
29.53210373820118
 31
0.0
  0
LINE
  5
15AA
102
{ACAD_REACTORS
330
17BA
102
}
330
1F
100
AcDbEntity
  8
0
100
AcDbLine
 10
47.11513843702394
 20
29.83210373820118
 30
0.0
 11
47.11513843702394
 21
29.53210373820118
 31
0.0
  0
LINE
  5
15AB
102
{ACAD_REACTORS
330
17BA
102
}
330
1F
100
AcDbEntity
  8
0
100
AcDbLine
 10
47.11513843702394
 20
29.53210373820118
 30
0.0
 11
46.01513843702394
 21
29.53210373820118
 31
0.0
  0
DIMENSION
  5
15AC
102
{ACAD_XDICTIONARY
360
15BA
102
}
102
{ACAD_REACTORS
330
15C5
102
}
330
1F
100
AcDbEntity
  8
0
100
AcDbDimension
280
     0
  2
*D19
 10
51.09513843702394
 20
18.56789065522834
 30
0.0
 11
48.55513843702394
 21
18.56789065522834
 31
0.0
 70
   160
  1
25.4
 71
     5
 42
5.079999999999998
 73
     0
 74
     0
 75
     0
  3
Standard
100
AcDbAlignedDimension
 13
46.01513843702394
 23
18.95210373820118
 33
0.0
 14
51.09513843702394
 24
18.95210373820118
 34
0.0
100
AcDbRotatedDimension
  0
DIMENSION
  5
1616
330
1F
100
AcDbEntity
  8
0
100
AcDbDimension
280
     0
  2
*D20
 10
51.48763108141532
 20
18.9521037382012
 30
0.0
 11
51.48763108141531
 21
24.39210373820118
 31
0.0
 70
   160
  1
54.4
 71
     5
 42
10.88000000000001
 73
     0
 74
     0
 75
     0
  3
Standard
100
AcDbAlignedDimension
 13
51.48763108141532
 23
29.8321037382012
 33
0.0
 14
51.48763108141532
 24
18.95210373820119
 34
0.0
 50
90.0
100
AcDbRotatedDimension
  0
LINE
  5
1681
102
{ACAD_REACTORS
330
17BA
102
}
330
1F
100
AcDbEntity
  8
0
100
AcDbLine
 10
45.23513843702394
 20
26.43210373820119
 30
0.0
 11
45.23513843702394
 21
27.75210373820119
 31
0.0
  0
LINE
  5
1687
102
{ACAD_REACTORS
330
17BA
102
}
330
1F
100
AcDbEntity
  8
0
100
AcDbLine
 10
45.23513843702394
 20
27.75210373820119
 30
0.0
 11
42.41513843702394
 21
27.75210373820119
 31
0.0
  0
LINE
  5
1688
102
{ACAD_REACTORS
330
17BA
330
1FF9
102
}
330
1F
100
AcDbEntity
  8
0
100
AcDbLine
 10
42.41513843702394
 20
27.75210373820119
 30
0.0
 11
42.41513843702394
 21
26.43210373820119
 31
0.0
  0
LINE
  5
1689
102
{ACAD_REACTORS
330
17BA
102
}
330
1F
100
AcDbEntity
  8
0
100
AcDbLine
 10
42.41513843702394
 20
26.43210373820119
 30
0.0
 11
45.23513843702394
 21
26.43210373820119
 31
0.0
  0
LINE
  5
168A
102
{ACAD_REACTORS
330
17BA
102
}
330
1F
100
AcDbEntity
  8
0
100
AcDbLine
 10
53.21513843702393
 20
21.77210373820118
 30
0.0
 11
51.89513843702393
 21
21.77210373820118
 31
0.0
  0
LINE
  5
168B
102
{ACAD_REACTORS
330
17BA
102
}
330
1F
100
AcDbEntity
  8
0
100
AcDbLine
 10
51.89513843702393
 20
21.77210373820118
 30
0.0
 11
51.89513843702393
 21
18.95210373820118
 31
0.0
  0
LINE
  5
168C
102
{ACAD_REACTORS
330
17BA
102
}
330
1F
100
AcDbEntity
  8
0
100
AcDbLine
 10
51.89513843702393
 20
18.95210373820118
 30
0.0
 11
53.21513843702394
 21
18.95210373820118
 31
0.0
  0
LINE
  5
168D
102
{ACAD_REACTORS
330
17BA
102
}
330
1F
100
AcDbEntity
  8
0
100
AcDbLine
 10
53.21513843702394
 20
18.95210373820118
 30
0.0
 11
53.21513843702394
 21
21.77210373820118
 31
0.0
  0
DIMENSION
  5
16AD
330
1F
100
AcDbEntity
  8
0
100
AcDbDimension
280
     0
  2
*D21
 10
53.67238299807869
 20
18.9521037382012
 30
0.0
 11
53.67238299807869
 21
20.36210373820118
 31
0.0
 70
   160
  1
14.1
 71
     5
 42
2.82
 73
     0
 74
     0
 75
     0
  3
Standard
100
AcDbAlignedDimension
 13
53.67238299807869
 23
21.77210373820119
 33
0.0
 14
53.67238299807869
 24
18.95210373820119
 34
0.0
 50
90.0
100
AcDbRotatedDimension
  0
DIMENSION
  5
173F
330
1F
100
AcDbEntity
  8
0
100
AcDbDimension
280
     0
  2
*D22
 10
53.21513843702394
 20
21.9473921227661
 30
0.0
 11
52.55513843702394
 21
21.9473921227661
 31
0.0
 70
   160
  1
6.6
 71
     5
 42
1.32
 73
     0
 74
     0
 75
     0
  3
Standard
100
AcDbAlignedDimension
 13
51.89513843702393
 23
21.9473921227661
 33
0.0
 14
53.21513843702394
 24
21.9473921227661
 34
0.0
100
AcDbRotatedDimension
  0
HATCH
  5
17BA
330
1F
100
AcDbEntity
  8
0
100
AcDbHatch
 10
0.0
 20
0.0
 30
0.0
210
0.0
220
0.0
230
1.0
  2
ANSI31
 70
     0
 71
     1
 91
        3
 92
        7
 72
     0
 73
     1
 93
        8
 10
51.09513843702394
 20
29.53210373820118
 10
49.99513843702394
 20
29.53210373820118
 10
49.99513843702394
 20
29.83210373820119
 10
47.11513843702394
 20
29.83210373820119
 10
47.11513843702394
 20
29.53210373820118
 10
46.01513843702394
 20
29.53210373820118
 10
46.01513843702394
 20
18.95210373820118
 10
51.09513843702394
 20
18.95210373820118
 97
        8
330
15A9
330
15A8
330
15A5
330
15AA
330
15AB
330
152B
330
152A
330
15A4
 92
        7
 72
     0
 73
     1
 93
        4
 10
45.23513843702394
 20
26.43210373820119
 10
45.23513843702394
 20
27.75210373820119
 10
42.41513843702394
 20
27.75210373820119
 10
42.41513843702394
 20
26.43210373820119
 97
        4
330
1687
330
1688
330
1689
330
1681
 92
        7
 72
     0
 73
     1
 93
        4
 10
51.89513843702393
 20
18.95210373820118
 10
53.21513843702394
 20
18.95210373820118
 10
53.21513843702394
 20
21.77210373820118
 10
51.89513843702393
 20
21.77210373820118
 97
        4
330
168A
330
168B
330
168C
330
168D
 75
     1
 76
     1
 52
0.0
 41
0.1
 77
     0
 78
     1
 53
45.0
 43
0.0
 44
0.0
 45
-0.2245064030267288
 46
0.2245064030267288
 79
     0
 47
0.048557107594525
 98
        3
 10
49.33069591039916
 20
26.46843982091174
 10
44.22748302535135
 20
26.98442682437735
 10
52.52020381023587
 20
20.39800425771586
1001
GradientColor1ACI
1070
     5
1001
GradientColor2ACI
1070
     2
1001
ACAD
1010
0.0
1020
0.0
1030
0.0
  0
LINE
  5
17E1
330
1F
100
AcDbEntity
  8
0
100
AcDbLine
 10
46.01513843702394
 20
34.90234875548083
 30
0.0
 11
46.01513843702394
 21
45.48234875548082
 31
0.0
  0
LINE
  5
17E3
330
1F
100
AcDbEntity
  8
0
100
AcDbLine
 10
46.01513843702394
 20
34.90234875548083
 30
0.0
 11
51.09513843702394
 21
34.90234875548083
 31
0.0
  0
LINE
  5
17E4
330
1F
100
AcDbEntity
  8
0
100
AcDbLine
 10
51.09513843702394
 20
34.90234875548083
 30
0.0
 11
51.09513843702394
 21
45.48234875548082
 31
0.0
  0
LINE
  5
17E5
330
1F
100
AcDbEntity
  8
0
100
AcDbLine
 10
49.99513843702394
 20
45.78234875548083
 30
0.0
 11
47.11513843702394
 21
45.78234875548083
 31
0.0
  0
LINE
  5
17E6
330
1F
100
AcDbEntity
  8
0
100
AcDbLine
 10
49.99513843702394
 20
45.78234875548083
 30
0.0
 11
49.99513843702394
 21
45.48234875548082
 31
0.0
  0
LINE
  5
17E7
330
1F
100
AcDbEntity
  8
0
100
AcDbLine
 10
49.99513843702394
 20
45.48234875548082
 30
0.0
 11
51.09513843702394
 21
45.48234875548082
 31
0.0
  0
LINE
  5
17E8
330
1F
100
AcDbEntity
  8
0
100
AcDbLine
 10
47.11513843702394
 20
45.78234875548083
 30
0.0
 11
47.11513843702394
 21
45.48234875548082
 31
0.0
  0
LINE
  5
17E9
330
1F
100
AcDbEntity
  8
0
100
AcDbLine
 10
47.11513843702394
 20
45.48234875548082
 30
0.0
 11
46.01513843702394
 21
45.48234875548082
 31
0.0
  0
LINE
  5
17F9
330
1F
100
AcDbEntity
  8
0
100
AcDbLine
 10
45.41513843702395
 20
43.70234875548084
 30
0.0
 11
46.01513843702394
 21
43.70234875548084
 31
0.0
  0
LINE
  5
17FD
330
1F
100
AcDbEntity
  8
0
100
AcDbLine
 10
45.41513843702395
 20
43.70234875548084
 30
0.0
 11
45.41513843702395
 21
43.70234875548084
 31
0.0
  0
LINE
  5
17FE
330
1F
100
AcDbEntity
  8
0
100
AcDbLine
 10
45.41513843702395
 20
43.70234875548084
 30
0.0
 11
45.41513843702395
 21
42.70234875548084
 31
0.0
  0
LINE
  5
17FF
330
1F
100
AcDbEntity
  8
0
100
AcDbLine
 10
45.41513843702395
 20
42.70234875548084
 30
0.0
 11
46.01513843702394
 21
42.70234875548084
 31
0.0
  0
MTEXT
  5
1808
330
1F
100
AcDbEntity
  8
0
100
AcDbMText
 10
48.17284860699288
 20
40.62312244992908
 30
0.0
 40
0.2
 41
0.4264195238292814
 46
0.0
 71
     1
 72
     5
  1
A
 73
     1
 44
1.0
101
Embedded Object
 70
     1
 10
1.0
 20
0.0
 30
0.0
 11
48.17284860699288
 21
40.62312244992908
 31
0.0
 40
0.4264195238292814
 41
0.0
 42
0.1867667121418827
 43
0.2
 71
     2
 72
     1
 44
0.4264195238292814
 45
12.5
 73
     0
 74
     0
 46
0.0
  0
MTEXT
  5
180A
330
1F
100
AcDbEntity
  8
0
100
AcDbMText
 10
45.58762700291032
 20
43.34932504530103
 30
0.0
 40
0.2
 41
0.2243652883283858
 46
0.0
 71
     1
 72
     5
  1
C
 73
     1
 44
1.0
101
Embedded Object
 70
     1
 10
1.0
 20
0.0
 30
0.0
 11
45.58762700291032
 21
43.34932504530103
 31
0.0
 40
0.2243652883283858
 41
0.0
 42
0.1768076398362892
 43
0.2068212824010914
 71
     2
 72
     1
 44
0.2243652883283858
 45
12.5
 73
     0
 74
     0
 46
0.0
  0
MTEXT
  5
180B
330
1F
100
AcDbEntity
  8
0
100
AcDbMText
 10
48.39685479686375
 20
45.73584970155526
 30
0.0
 40
0.2
 41
0.4264195238292814
 46
0.0
 71
     1
 72
     5
  1
B
 73
     1
 44
1.0
101
Embedded Object
 70
     1
 10
1.0
 20
0.0
 30
0.0
 11
48.39685479686375
 21
45.73584970155526
 31
0.0
 40
0.4264195238292814
 41
0.0
 42
0.1510231923601637
 43
0.2
 71
     2
 72
     1
 44
0.4264195238292814
 45
12.5
 73
     0
 74
     0
 46
0.0
  0
LINE
  5
180C
330
1F
100
AcDbEntity
  8
0
100
AcDbLine
 10
47.11513843702394
 20
45.48234875548082
 30
0.0
 11
49.99513843702394
 21
45.48234875548082
 31
0.0
  0
TEXT
  5
1823
102
{ACAD_XDICTIONARY
360
1824
102
}
330
1F
100
AcDbEntity
  8
0
100
AcDbText
 10
52.2922303914678
 20
39.28122834600055
 30
0.0
 40
0.3
  1
BLOCK
  7
Annotative
100
AcDbText
1001
AcadAnnotative
1000
AnnotativeData
1002
{
1070
     1
1070
     1
1002
}
1001
AcadAnnoPO
1070
     1
  0
LINE
  5
1829
330
1F
100
AcDbEntity
  8
0
100
AcDbLine
 10
52.05271373643052
 20
35.90234875548083
 30
0.0
 11
60.05271373643052
 21
35.90234875548083
 31
0.0
  0
LINE
  5
182A
330
1F
100
AcDbEntity
  8
0
100
AcDbLine
 10
60.05271373643052
 20
34.90234875548083
 30
0.0
 11
60.05271373643052
 21
39.90234875548083
 31
0.0
  0
LINE
  5
182B
330
1F
100
AcDbEntity
  8
0
100
AcDbLine
 10
60.05271373643052
 20
39.90234875548083
 30
0.0
 11
52.05271373643052
 21
39.90234875548083
 31
0.0
  0
LINE
  5
182C
330
1F
100
AcDbEntity
  8
0
100
AcDbLine
 10
54.05271373643052
 20
39.90234875548083
 30
0.0
 11
54.05271373643052
 21
35.90234875548083
 31
0.0
  0
LINE
  5
182D
330
1F
100
AcDbEntity
  8
0
100
AcDbLine
 10
57.05271373643052
 20
39.90234875548083
 30
0.0
 11
57.05271373643052
 21
35.90234875548083
 31
0.0
  0
LINE
  5
182E
330
1F
100
AcDbEntity
  8
0
100
AcDbLine
 10
60.05271373643052
 20
38.90234875548083
 30
0.0
 11
52.05271373643052
 21
38.90234875548083
 31
0.0
  0
LINE
  5
182F
330
1F
100
AcDbEntity
  8
0
100
AcDbLine
 10
60.05271373643052
 20
37.90234875548083
 30
0.0
 11
52.05271373643052
 21
37.90234875548083
 31
0.0
  0
LINE
  5
1830
330
1F
100
AcDbEntity
  8
0
100
AcDbLine
 10
60.05271373643052
 20
36.90234875548083
 30
0.0
 11
52.05271373643052
 21
36.90234875548083
 31
0.0
  0
TEXT
  5
1831
102
{ACAD_XDICTIONARY
360
1832
102
}
330
1F
100
AcDbEntity
  8
0
100
AcDbText
 10
54.33598502577877
 20
39.28122834600055
 30
0.0
 40
0.3
  1
DIMENSION
  7
Annotative
100
AcDbText
1001
AcadAnnotative
1000
AnnotativeData
1002
{
1070
     1
1070
     1
1002
}
1001
AcadAnnoPO
1070
     1
  0
TEXT
  5
1836
102
{ACAD_XDICTIONARY
360
1837
102
}
330
1F
100
AcDbEntity
  8
0
100
AcDbText
 10
58.0506957714349
 20
39.28122834600055
 30
0.0
 40
0.3
  1
AREA
  7
Annotative
100
AcDbText
1001
AcadAnnotative
1000
AnnotativeData
1002
{
1070
     1
1070
     1
1002
}
1001
AcadAnnoPO
1070
     1
  0
TEXT
  5
183B
102
{ACAD_XDICTIONARY
360
183C
102
}
330
1F
100
AcDbEntity
  8
0
100
AcDbText
 10
52.81969127404443
 20
38.2730014636619
 30
0.0
 40
0.3
  1
A
  7
Annotative
100
AcDbText
1001
AcadAnnotative
1000
AnnotativeData
1002
{
1070
     1
1070
     1
1002
}
1001
AcadAnnoPO
1070
     1
  0
TEXT
  5
1840
102
{ACAD_XDICTIONARY
360
1841
102
}
330
1F
100
AcDbEntity
  8
0
100
AcDbText
 10
52.81969127404443
 20
37.23037535888881
 30
0.0
 40
0.3
  1
B
  7
Annotative
100
AcDbText
1001
AcadAnnotative
1000
AnnotativeData
1002
{
1070
     1
1070
     1
1002
}
1001
AcadAnnoPO
1070
     1
  0
TEXT
  5
1845
102
{ACAD_XDICTIONARY
360
1846
102
}
330
1F
100
AcDbEntity
  8
0
100
AcDbText
 10
52.81969127404443
 20
36.23739814936664
 30
0.0
 40
0.3
  1
C
  7
Annotative
100
AcDbText
1001
AcadAnnotative
1000
AnnotativeData
1002
{
1070
     1
1070
     1
1002
}
1001
AcadAnnoPO
1070
     1
  0
LINE
  5
184A
330
1F
100
AcDbEntity
  8
0
100
AcDbLine
 10
52.05271373643052
 20
34.90234875548083
 30
0.0
 11
60.05271373643052
 21
34.90234875548083
 31
0.0
  0
TEXT
  5
184B
102
{ACAD_XDICTIONARY
360
184C
102
}
330
1F
100
AcDbEntity
  8
0
100
AcDbText
 10
54.1524071063817
 20
35.24579013924932
 30
0.0
 40
0.3
  1
TOTAL AREA =1,351.48 SQ.M
  7
Annotative
100
AcDbText
1001
AcadAnnotative
1000
AnnotativeData
1002
{
1070
     1
1070
     1
1002
}
1001
AcadAnnoPO
1070
     1
  0
TEXT
  5
1850
102
{ACAD_XDICTIONARY
360
1851
102
}
330
1F
100
AcDbEntity
  8
0
100
AcDbText
 10
54.26802987453516
 20
38.23188143344765
 30
0.0
 40
0.3
  1
25.4 X 51.8 M
  7
Annotative
100
AcDbText
1001
AcadAnnotative
1000
AnnotativeData
1002
{
1070
     1
1070
     1
1002
}
1001
AcadAnnoPO
1070
     1
  0
TEXT
  5
1855
102
{ACAD_XDICTIONARY
360
1856
102
}
330
1F
100
AcDbEntity
  8
0
100
AcDbText
 10
54.33598502577877
 20
37.23651774599216
 30
0.0
 40
0.3
  1
10.4 X 2.2 M
  7
Annotative
100
AcDbText
1001
AcadAnnotative
1000
AnnotativeData
1002
{
1070
     1
1070
     1
1002
}
1001
AcadAnnoPO
1070
     1
  0
TEXT
  5
185A
102
{ACAD_XDICTIONARY
360
185B
102
}
330
1F
100
AcDbEntity
  8
0
100
AcDbText
 10
54.63854297142939
 20
36.21997597949235
 30
0.0
 40
0.3
  1
3.2 X 4 M
  7
Annotative
100
AcDbText
1001
AcadAnnotative
1000
AnnotativeData
1002
{
1070
     1
1070
     1
1002
}
1001
AcadAnnoPO
1070
     1
  0
TEXT
  5
185F
102
{ACAD_XDICTIONARY
360
1860
102
}
330
1F
100
AcDbEntity
  8
0
100
AcDbText
 10
57.19605593861581
 20
38.23188143344765
 30
0.0
 40
0.3
  1
1315.72 SQ.M
  7
Annotative
100
AcDbText
1001
AcadAnnotative
1000
AnnotativeData
1002
{
1070
     1
1070
     1
1002
}
1001
AcadAnnoPO
1070
     1
  0
TEXT
  5
1864
102
{ACAD_XDICTIONARY
360
1865
102
}
330
1F
100
AcDbEntity
  8
0
100
AcDbText
 10
57.19605593861581
 20
37.2387727752186
 30
0.0
 40
0.3
  1
22.88 SQ.M
  7
Annotative
100
AcDbText
1001
AcadAnnotative
1000
AnnotativeData
1002
{
1070
     1
1070
     1
1002
}
1001
AcadAnnoPO
1070
     1
  0
TEXT
  5
1869
102
{ACAD_XDICTIONARY
360
186A
102
}
330
1F
100
AcDbEntity
  8
0
100
AcDbText
 10
57.19605593861581
 20
36.26578573790869
 30
0.0
 40
0.3
  1
12.88 SQ.M
  7
Annotative
100
AcDbText
1001
AcadAnnotative
1000
AnnotativeData
1002
{
1070
     1
1070
     1
1002
}
1001
AcadAnnoPO
1070
     1
  0
LINE
  5
1873
330
1F
100
AcDbEntity
  8
0
100
AcDbLine
 10
52.05271373643052
 20
39.90234875548083
 30
0.0
 11
52.05271373643052
 21
34.90234875548083
 31
0.0
  0
TEXT
  5
1874
102
{ACAD_XDICTIONARY
360
1875
102
}
330
1F
100
AcDbEntity
  8
0
100
AcDbText
 10
46.02596321905685
 20
12.60953992660657
 30
0.0
 40
0.5
  1
SITE PLAN ( 1: 500)
  7
Annotative
100
AcDbText
1001
AcadAnnotative
1000
AnnotativeData
1002
{
1070
     1
1070
     1
1002
}
1001
AcadAnnoPO
1070
     1
  0
MTEXT
  5
1883
102
{ACAD_XDICTIONARY
360
1884
102
}
330
1F
100
AcDbEntity
  8
0
100
AcDbMText
 10
7.344831008040046
 20
14.75923420685638
 30
0.0
 40
0.5
 41
7.181415658527043
 46
0.0
 71
     1
 72
     5
  1
\pxqc;PLAN \PGROUND FLOOR
  7
Annotative
 73
     1
 44
1.0
1001
AcadAnnotative
1000
AnnotativeData
1002
{
1070
     1
1070
     1
1002
}
1001
AcadAnnoPO
1070
     1
  0
MTEXT
  5
1888
102
{ACAD_XDICTIONARY
360
1889
102
}
330
1F
100
AcDbEntity
  8
0
100
AcDbMText
 10
26.99119181313335
 20
14.88665644827352
 30
0.0
 40
0.5
 41
7.734016516444171
 46
0.0
 71
     1
 72
     5
  1
\pxqc;PLAN \PFIRST FLOOR
  7
Annotative
 73
     1
 44
1.0
1001
AcadAnnotative
1000
AnnotativeData
1002
{
1070
     1
1070
     1
1002
}
1001
AcadAnnoPO
1070
     1
  0
TEXT
  5
188D
102
{ACAD_XDICTIONARY
360
188E
102
}
330
1F
100
AcDbEntity
  8
0
100
AcDbText
 10
44.39542477857412
 20
34.1024655068893
 30
0.0
 40
0.5
  1
BLOCK DIAGRAM ( 1: 500)
  7
Annotative
100
AcDbText
1001
AcadAnnotative
1000
AnnotativeData
1002
{
1070
     1
1070
     1
1002
}
1001
AcadAnnoPO
1070
     1
  0
LINE
  5
1894
330
1F
100
AcDbEntity
  8
0
100
AcDbLine
 10
80.40676528337352
 20
10.09587980974859
 30
0.0
 11
2.506765283373496
 21
10.09587980974859
 31
0.0
  0
LINE
  5
1896
330
1F
100
AcDbEntity
  8
0
100
AcDbLine
 10
80.40676528337352
 20
62.9958798097486
 30
0.0
 11
80.40676528337352
 21
10.09587980974859
 31
0.0
  0
LINE
  5
1898
330
1F
100
AcDbEntity
  8
0
100
AcDbLine
 10
2.506765283373525
 20
62.99587980974859
 30
0.0
 11
80.40676528337352
 21
62.9958798097486
 31
0.0
  0
LINE
  5
189A
330
1F
100
AcDbEntity
  8
0
100
AcDbLine
 10
2.506765283373511
 20
62.9958798097486
 30
0.0
 11
2.506765283373511
 21
10.09587980974859
 31
0.0
  0
LINE
  5
189D
330
1F
100
AcDbEntity
  8
0
100
AcDbLine
 10
61.90676528337352
 20
10.09587980974859
 30
0.0
 11
61.90676528337352
 21
16.59587980974859
 31
0.0
  0
LINE
  5
189E
330
1F
100
AcDbEntity
  8
0
100
AcDbLine
 10
61.90676528337352
 20
16.59587980974859
 30
0.0
 11
80.40676528337352
 21
16.59587980974859
 31
0.0
  0
LINE
  5
189F
330
1F
100
AcDbEntity
  8
0
100
AcDbLine
 10
80.40676528337352
 20
24.22942281566534
 30
0.0
 11
68.40676528337351
 21
24.22942281566534
 31
0.0
  0
LINE
  5
18A0
330
1F
100
AcDbEntity
  8
0
100
AcDbLine
 10
68.40676528337351
 20
24.22942281566534
 30
0.0
 11
68.40676528337351
 21
34.22942281566534
 31
0.0
  0
LINE
  5
18A1
330
1F
100
AcDbEntity
  8
0
100
AcDbLine
 10
68.40676528337351
 20
34.22942281566534
 30
0.0
 11
80.40676528337352
 21
34.22942281566534
 31
0.0
  0
LINE
  5
18A2
330
1F
100
AcDbEntity
  8
0
100
AcDbLine
 10
68.40676528337351
 20
33.22942281566535
 30
0.0
 11
80.40676528337352
 21
33.22942281566535
 31
0.0
  0
LINE
  5
18A3
330
1F
100
AcDbEntity
  8
0
100
AcDbLine
 10
68.40676528337351
 20
32.22942281566535
 30
0.0
 11
80.40676528337352
 21
32.22942281566535
 31
0.0
  0
LINE
  5
18A4
330
1F
100
AcDbEntity
  8
0
100
AcDbLine
 10
68.40676528337351
 20
31.22942281566535
 30
0.0
 11
80.40676528337352
 21
31.22942281566535
 31
0.0
  0
LINE
  5
18A5
330
1F
100
AcDbEntity
  8
0
100
AcDbLine
 10
68.40676528337351
 20
30.22942281566534
 30
0.0
 11
80.40676528337352
 21
30.22942281566534
 31
0.0
  0
LINE
  5
18A6
330
1F
100
AcDbEntity
  8
0
100
AcDbLine
 10
68.40676528337351
 20
29.22942281566534
 30
0.0
 11
80.40676528337352
 21
29.22942281566534
 31
0.0
  0
LINE
  5
18A7
330
1F
100
AcDbEntity
  8
0
100
AcDbLine
 10
68.40676528337351
 20
28.22942281566535
 30
0.0
 11
80.40676528337352
 21
28.22942281566535
 31
0.0
  0
LINE
  5
18A8
330
1F
100
AcDbEntity
  8
0
100
AcDbLine
 10
68.40676528337351
 20
27.22942281566535
 30
0.0
 11
80.40676528337352
 21
27.22942281566535
 31
0.0
  0
LINE
  5
18A9
330
1F
100
AcDbEntity
  8
0
100
AcDbLine
 10
68.40676528337351
 20
26.22942281566535
 30
0.0
 11
80.40676528337352
 21
26.22942281566535
 31
0.0
  0
LINE
  5
18AA
330
1F
100
AcDbEntity
  8
0
100
AcDbLine
 10
68.40676528337351
 20
25.22942281566534
 30
0.0
 11
80.40676528337352
 21
25.22942281566534
 31
0.0
  0
LINE
  5
18AB
330
1F
100
AcDbEntity
  8
0
100
AcDbLine
 10
71.40676528337351
 20
24.22942281566534
 30
0.0
 11
71.4067652833735
 21
33.22942281566535
 31
0.0
  0
LINE
  5
18AC
330
1F
100
AcDbEntity
  8
0
100
AcDbLine
 10
74.40676528337352
 20
24.22942281566534
 30
0.0
 11
74.4067652833735
 21
33.22942281566535
 31
0.0
  0
LINE
  5
18AD
330
1F
100
AcDbEntity
  8
0
100
AcDbLine
 10
77.40676528337352
 20
24.22942281566534
 30
0.0
 11
77.4067652833735
 21
33.22942281566535
 31
0.0
  0
MTEXT
  5
18AE
102
{ACAD_XDICTIONARY
360
18AF
102
}
330
1F
100
AcDbEntity
  8
0
100
AcDbMText
 10
71.79413408573646
 20
33.88556692429737
 30
0.0
 40
0.3
 41
5.402114586450238
 46
0.0
 71
     1
 72
     5
  1
\pxqc;SCHEDULE OF OPENINGS
  7
Annotative
 73
     1
 44
1.0
1001
AcadAnnotative
1000
AnnotativeData
1002
{
1070
     1
1070
     1
1002
}
1001
AcadAnnoPO
1070
     1
  0
MTEXT
  5
18B3
102
{ACAD_XDICTIONARY
360
18B4
102
}
330
1F
100
AcDbEntity
  8
0
100
AcDbMText
 10
68.50680590427046
 20
32.92005600320957
 30
0.0
 40
0.3
 41
2.828465766250019
 46
0.0
 71
     1
 72
     5
  1
\pxqc;DESCRIPTION
  7
Annotative
 73
     1
 44
1.0
1001
AcadAnnotative
1000
AnnotativeData
1002
{
1070
     1
1070
     1
1002
}
1001
AcadAnnoPO
1070
     1
  0
MTEXT
  5
18B8
102
{ACAD_XDICTIONARY
360
18B9
102
}
330
1F
100
AcDbEntity
  8
0
100
AcDbMText
 10
71.51781990281529
 20
32.92005600320957
 30
0.0
 40
0.3
 41
2.828465766250019
 46
0.0
 71
     1
 72
     5
  1
\pxqc;SYMBOL
  7
Annotative
 73
     1
 44
1.0
1001
AcadAnnotative
1000
AnnotativeData
1002
{
1070
     1
1070
     1
1002
}
1001
AcadAnnoPO
1070
     1
  0
MTEXT
  5
18BD
102
{ACAD_XDICTIONARY
360
18BE
102
}
330
1F
100
AcDbEntity
  8
0
100
AcDbMText
 10
74.54232252392819
 20
32.92005600320957
 30
0.0
 40
0.3
 41
2.828465766250019
 46
0.0
 71
     1
 72
     5
  1
\pxqc;DIMENSION
  7
Annotative
 73
     1
 44
1.0
1001
AcadAnnotative
1000
AnnotativeData
1002
{
1070
     1
1070
     1
1002
}
1001
AcadAnnoPO
1070
     1
  0
MTEXT
  5
18C2
102
{ACAD_XDICTIONARY
360
18C3
102
}
330
1F
100
AcDbEntity
  8
0
100
AcDbMText
 10
77.54779178760327
 20
32.92005600320957
 30
0.0
 40
0.3
 41
2.828465766250019
 46
0.0
 71
     1
 72
     5
  1
\pxqc;NO. OF UNITS
  7
Annotative
 73
     1
 44
1.0
1001
AcadAnnotative
1000
AnnotativeData
1002
{
1070
     1
1070
     1
1002
}
1001
AcadAnnoPO
1070
     1
  0
MTEXT
  5
18C7
102
{ACAD_XDICTIONARY
360
18C8
102
}
330
1F
100
AcDbEntity
  8
0
100
AcDbMText
 10
69.53749626567958
 20
31.87385620916692
 30
0.0
 40
0.3
 41
0.5000296544884577
 46
0.0
 71
     1
 72
     5
  1
\pxqc;DOOR
  7
Annotative
 73
     1
 44
1.0
1001
AcadAnnotative
1000
AnnotativeData
1002
{
1070
     1
1070
     1
1002
}
1001
AcadAnnoPO
1070
     1
  0
MTEXT
  5
18CC
102
{ACAD_XDICTIONARY
360
18CD
102
}
330
1F
100
AcDbEntity
  8
0
100
AcDbMText
 10
72.62769418471998
 20
31.87385620916692
 30
0.0
 40
0.3
 41
0.5000296544884577
 46
0.0
 71
     1
 72
     5
  1
\pxqc;D
  7
Annotative
 73
     1
 44
1.0
1001
AcadAnnotative
1000
AnnotativeData
1002
{
1070
     1
1070
     1
1002
}
1001
AcadAnnoPO
1070
     1
  0
MTEXT
  5
18D1
102
{ACAD_XDICTIONARY
360
18D2
102
}
330
1F
100
AcDbEntity
  8
0
100
AcDbMText
 10
69.53749626567958
 20
26.86647235415532
 30
0.0
 40
0.3
 41
0.5000296544884577
 46
0.0
 71
     1
 72
     5
  1
\pxqc;WINDOW
  7
Annotative
 73
     1
 44
1.0
1001
AcadAnnotative
1000
AnnotativeData
1002
{
1070
     1
1070
     1
1002
}
1001
AcadAnnoPO
1070
     1
  0
MTEXT
  5
18D6
102
{ACAD_XDICTIONARY
360
18D7
102
}
330
1F
100
AcDbEntity
  8
0
100
AcDbMText
 10
69.53749626567958
 20
24.83922240812234
 30
0.0
 40
0.3
 41
0.5000296544884577
 46
0.0
 71
     1
 72
     5
  1
\pxqc;VENTILATOR
  7
Annotative
 73
     1
 44
1.0
1001
AcadAnnotative
1000
AnnotativeData
1002
{
1070
     1
1070
     1
1002
}
1001
AcadAnnoPO
1070
     1
  0
MTEXT
  5
18DB
102
{ACAD_XDICTIONARY
360
18DC
102
}
330
1F
100
AcDbEntity
  8
0
100
AcDbMText
 10
72.62769418471998
 20
30.90740497775315
 30
0.0
 40
0.3
 41
0.5000296544884577
 46
0.0
 71
     1
 72
     5
  1
\pxqc;D1
  7
Annotative
 73
     1
 44
1.0
1001
AcadAnnotative
1000
AnnotativeData
1002
{
1070
     1
1070
     1
1002
}
1001
AcadAnnoPO
1070
     1
  0
MTEXT
  5
18E0
102
{ACAD_XDICTIONARY
360
18E1
102
}
330
1F
100
AcDbEntity
  8
0
100
AcDbMText
 10
72.62769418471998
 20
29.87452276918518
 30
0.0
 40
0.3
 41
0.5000296544884577
 46
0.0
 71
     1
 72
     5
  1
\pxqc;D2
  7
Annotative
 73
     1
 44
1.0
1001
AcadAnnotative
1000
AnnotativeData
1002
{
1070
     1
1070
     1
1002
}
1001
AcadAnnoPO
1070
     1
  0
MTEXT
  5
18E5
102
{ACAD_XDICTIONARY
360
18E6
102
}
330
1F
100
AcDbEntity
  8
0
100
AcDbMText
 10
72.62769418471998
 20
28.87391828901943
 30
0.0
 40
0.3
 41
0.5000296544884577
 46
0.0
 71
     1
 72
     5
  1
\pxqc;D3
  7
Annotative
 73
     1
 44
1.0
1001
AcadAnnotative
1000
AnnotativeData
1002
{
1070
     1
1070
     1
1002
}
1001
AcadAnnoPO
1070
     1
  0
MTEXT
  5
18EA
102
{ACAD_XDICTIONARY
360
18EB
102
}
330
1F
100
AcDbEntity
  8
0
100
AcDbMText
 10
72.62769418471998
 20
27.9217300537091
 30
0.0
 40
0.3
 41
0.5000296544884577
 46
0.0
 71
     1
 72
     5
  1
\pxqc;D4
  7
Annotative
 73
     1
 44
1.0
1001
AcadAnnotative
1000
AnnotativeData
1002
{
1070
     1
1070
     1
1002
}
1001
AcadAnnoPO
1070
     1
  0
MTEXT
  5
18EF
102
{ACAD_XDICTIONARY
360
18F0
102
}
330
1F
100
AcDbEntity
  8
0
100
AcDbMText
 10
72.62769418471998
 20
26.90498659342629
 30
0.0
 40
0.3
 41
0.5000296544884577
 46
0.0
 71
     1
 72
     5
  1
\pxqc;W
  7
Annotative
 73
     1
 44
1.0
1001
AcadAnnotative
1000
AnnotativeData
1002
{
1070
     1
1070
     1
1002
}
1001
AcadAnnoPO
1070
     1
  0
MTEXT
  5
18F4
102
{ACAD_XDICTIONARY
360
18F5
102
}
330
1F
100
AcDbEntity
  8
0
100
AcDbMText
 10
72.62769418471998
 20
25.87210461669028
 30
0.0
 40
0.3
 41
0.5000296544884577
 46
0.0
 71
     1
 72
     5
  1
\pxqc;W1
  7
Annotative
 73
     1
 44
1.0
1001
AcadAnnotative
1000
AnnotativeData
1002
{
1070
     1
1070
     1
1002
}
1001
AcadAnnoPO
1070
     1
  0
MTEXT
  5
18F9
102
{ACAD_XDICTIONARY
360
18FA
102
}
330
1F
100
AcDbEntity
  8
0
100
AcDbMText
 10
72.62769418471998
 20
24.8714999046926
 30
0.0
 40
0.3
 41
0.5000296544884577
 46
0.0
 71
     1
 72
     5
  1
\pxqc;V
  7
Annotative
 73
     1
 44
1.0
1001
AcadAnnotative
1000
AnnotativeData
1002
{
1070
     1
1070
     1
1002
}
1001
AcadAnnoPO
1070
     1
  0
MTEXT
  5
19E5
102
{ACAD_XDICTIONARY
360
19E6
102
}
330
1F
100
AcDbEntity
  8
0
100
AcDbMText
 10
68.40676528337351
 20
41.87454607191816
 30
0.0
 40
0.3
 41
12.0
 46
0.0
 71
     1
 72
     5
  3
\pxqc;CONSTRUCTION NOTES\P\pi-3,l4,ql,t4;1.^IFRAMED STRUCTURE\P2.^IISOLATED COLUMN FOOTING\P3.^IHEIGHT OF PLINTH ABOVE G L - 0.9 M\P4.^ISILL LEVEL - 1.2 M\P5.^ILINTEL LEVEL - 2.4 M\P6.^IBRICK WORK - 0.35 M EXTERNAL WALL\P\pi0,l0,q*,tz;                     
  1
                0.23 M INTERNAL WALL\P\pi-3,l4,ql,t4;7.^ISLAB THICKNESS - 0.15 M\P8.^ISTAIRCASE - RISER : 0.15 M\P\pi0,l0,q*,tz;                                  TREAD : 0.30 M
  7
Annotative
 73
     1
 44
1.0
1001
AcadAnnotative
1000
AnnotativeData
1002
{
1070
     1
1070
     1
1002
}
1001
AcadAnnoPO
1070
     1
  0
LWPOLYLINE
  5
19F0
330
1F
100
AcDbEntity
  8
0
100
AcDbPolyline
 90
        4
 70
     1
 43
0.0
 10
80.40676528337352
 20
35.77849677411081
 10
68.40676528337351
 20
35.77849677411081
 10
68.40676528337351
 20
42.7784967741108
 10
80.40676528337352
 20
42.7784967741108
  0
MTEXT
  5
19F1
102
{ACAD_XDICTIONARY
360
19F2
102
}
330
1F
100
AcDbEntity
  8
0
100
AcDbMText
 10
74.7405072369396
 20
31.87385620916692
 30
0.0
 40
0.3
 41
2.35396435238556
 46
0.0
 71
     1
 72
     5
  1
\pxqc;4.8 X 2.4
  7
Annotative
 73
     1
 44
1.0
1001
AcadAnnotative
1000
AnnotativeData
1002
{
1070
     1
1070
     1
1002
}
1001
AcadAnnoPO
1070
     1
  0
MTEXT
  5
19F6
102
{ACAD_XDICTIONARY
360
19F7
102
}
330
1F
100
AcDbEntity
  8
0
100
AcDbMText
 10
74.67202113709294
 20
30.78080059998317
 30
0.0
 40
0.3
 41
2.35396435238556
 46
0.0
 71
     1
 72
     5
  1
\pxqc;4.X 2.4
  7
Annotative
 73
     1
 44
1.0
1001
AcadAnnotative
1000
AnnotativeData
1002
{
1070
     1
1070
     1
1002
}
1001
AcadAnnoPO
1070
     1
  0
MTEXT
  5
19FB
102
{ACAD_XDICTIONARY
360
19FC
102
}
330
1F
100
AcDbEntity
  8
0
100
AcDbMText
 10
74.7405072369396
 20
29.82360429814503
 30
0.0
 40
0.3
 41
2.35396435238556
 46
0.0
 71
     1
 72
     5
  1
\pxqc;2 X 2.4
  7
Annotative
 73
     1
 44
1.0
1001
AcadAnnotative
1000
AnnotativeData
1002
{
1070
     1
1070
     1
1002
}
1001
AcadAnnoPO
1070
     1
  0
MTEXT
  5
1A00
102
{ACAD_XDICTIONARY
360
1A01
102
}
330
1F
100
AcDbEntity
  8
0
100
AcDbMText
 10
74.7405072369396
 20
28.9294291144958
 30
0.0
 40
0.3
 41
2.35396435238556
 46
0.0
 71
     1
 72
     5
  1
\pxqc;1 X 2.4
  7
Annotative
 73
     1
 44
1.0
1001
AcadAnnotative
1000
AnnotativeData
1002
{
1070
     1
1070
     1
1002
}
1001
AcadAnnoPO
1070
     1
  0
MTEXT
  5
1A05
102
{ACAD_XDICTIONARY
360
1A06
102
}
330
1F
100
AcDbEntity
  8
0
100
AcDbMText
 10
74.7405072369396
 20
27.8422048511743
 30
0.0
 40
0.3
 41
2.35396435238556
 46
0.0
 71
     1
 72
     5
  1
\pxqc;0.8 X 2
  7
Annotative
 73
     1
 44
1.0
1001
AcadAnnotative
1000
AnnotativeData
1002
{
1070
     1
1070
     1
1002
}
1001
AcadAnnoPO
1070
     1
  0
MTEXT
  5
1A0A
102
{ACAD_XDICTIONARY
360
1A0B
102
}
330
1F
100
AcDbEntity
  8
0
100
AcDbMText
 10
74.7405072369396
 20
26.76767360296151
 30
0.0
 40
0.3
 41
2.35396435238556
 46
0.0
 71
     1
 72
     5
  1
\pxqc;2 X 1.2
  7
Annotative
 73
     1
 44
1.0
1001
AcadAnnotative
1000
AnnotativeData
1002
{
1070
     1
1070
     1
1002
}
1001
AcadAnnoPO
1070
     1
  0
MTEXT
  5
1A0F
102
{ACAD_XDICTIONARY
360
1A10
102
}
330
1F
100
AcDbEntity
  8
0
100
AcDbMText
 10
74.7405072369396
 20
25.89461686919737
 30
0.0
 40
0.3
 41
2.35396435238556
 46
0.0
 71
     1
 72
     5
  1
\pxqc;1 X 1.2
  7
Annotative
 73
     1
 44
1.0
1001
AcadAnnotative
1000
AnnotativeData
1002
{
1070
     1
1070
     1
1002
}
1001
AcadAnnoPO
1070
     1
  0
MTEXT
  5
1A14
102
{ACAD_XDICTIONARY
360
1A15
102
}
330
1F
100
AcDbEntity
  8
0
100
AcDbMText
 10
74.7405072369396
 20
24.84247121569928
 30
0.0
 40
0.3
 41
2.35396435238556
 46
0.0
 71
     1
 72
     5
  1
\pxqc;0.4 X 0.4
  7
Annotative
 73
     1
 44
1.0
1001
AcadAnnotative
1000
AnnotativeData
1002
{
1070
     1
1070
     1
1002
}
1001
AcadAnnoPO
1070
     1
  0
MTEXT
  5
1A41
102
{ACAD_XDICTIONARY
360
1A42
102
}
330
1F
100
AcDbEntity
  8
0
100
AcDbMText
 10
78.35815915979191
 20
31.87385620916692
 30
0.0
 40
0.3
 41
0.5000296544884577
 46
0.0
 71
     1
 72
     5
  1
\pxqc;1
  7
Annotative
 73
     1
 44
1.0
1001
AcadAnnotative
1000
AnnotativeData
1002
{
1070
     1
1070
     1
1002
}
1001
AcadAnnoPO
1070
     1
  0
MTEXT
  5
1A46
102
{ACAD_XDICTIONARY
360
1A47
102
}
330
1F
100
AcDbEntity
  8
0
100
AcDbMText
 10
78.35815915979191
 20
30.85082892843913
 30
0.0
 40
0.3
 41
0.5000296544884577
 46
0.0
 71
     1
 72
     5
  1
\pxqc;4
  7
Annotative
 73
     1
 44
1.0
1001
AcadAnnotative
1000
AnnotativeData
1002
{
1070
     1
1070
     1
1002
}
1001
AcadAnnoPO
1070
     1
  0
MTEXT
  5
1A4B
102
{ACAD_XDICTIONARY
360
1A4C
102
}
330
1F
100
AcDbEntity
  8
0
100
AcDbMText
 10
78.35815915979191
 20
29.81172583717395
 30
0.0
 40
0.3
 41
0.5000296544884577
 46
0.0
 71
     1
 72
     5
  1
\pxqc;6
  7
Annotative
 73
     1
 44
1.0
1001
AcadAnnotative
1000
AnnotativeData
1002
{
1070
     1
1070
     1
1002
}
1001
AcadAnnoPO
1070
     1
  0
MTEXT
  5
1A50
102
{ACAD_XDICTIONARY
360
1A51
102
}
330
1F
100
AcDbEntity
  8
0
100
AcDbMText
 10
78.35815915979191
 20
28.84379417195651
 30
0.0
 40
0.3
 41
0.5000296544884577
 46
0.0
 71
     1
 72
     5
  1
\pxqc;13
  7
Annotative
 73
     1
 44
1.0
1001
AcadAnnotative
1000
AnnotativeData
1002
{
1070
     1
1070
     1
1002
}
1001
AcadAnnoPO
1070
     1
  0
MTEXT
  5
1A55
102
{ACAD_XDICTIONARY
360
1A56
102
}
330
1F
100
AcDbEntity
  8
0
100
AcDbMText
 10
78.35815915979191
 20
27.83315974964435
 30
0.0
 40
0.3
 41
0.5000296544884577
 46
0.0
 71
     1
 72
     5
  1
\pxqc;12
  7
Annotative
 73
     1
 44
1.0
1001
AcadAnnotative
1000
AnnotativeData
1002
{
1070
     1
1070
     1
1002
}
1001
AcadAnnoPO
1070
     1
  0
MTEXT
  5
1A5A
102
{ACAD_XDICTIONARY
360
1A5B
102
}
330
1F
100
AcDbEntity
  8
0
100
AcDbMText
 10
78.35815915979191
 20
26.86241124574632
 30
0.0
 40
0.3
 41
0.5000296544884577
 46
0.0
 71
     1
 72
     5
  1
\pxqc;37
  7
Annotative
 73
     1
 44
1.0
1001
AcadAnnotative
1000
AnnotativeData
1002
{
1070
     1
1070
     1
1002
}
1001
AcadAnnoPO
1070
     1
  0
MTEXT
  5
1A5F
102
{ACAD_XDICTIONARY
360
1A60
102
}
330
1F
100
AcDbEntity
  8
0
100
AcDbMText
 10
78.35815915979191
 20
25.83754248895765
 30
0.0
 40
0.3
 41
0.5000296544884577
 46
0.0
 71
     1
 72
     5
  1
\pxqc;17
  7
Annotative
 73
     1
 44
1.0
1001
AcadAnnotative
1000
AnnotativeData
1002
{
1070
     1
1070
     1
1002
}
1001
AcadAnnoPO
1070
     1
  0
MTEXT
  5
1A64
102
{ACAD_XDICTIONARY
360
1A65
102
}
330
1F
100
AcDbEntity
  8
0
100
AcDbMText
 10
78.35815915979191
 20
24.89807936952583
 30
0.0
 40
0.3
 41
0.5000296544884577
 46
0.0
 71
     1
 72
     5
  1
\pxqc;12
  7
Annotative
 73
     1
 44
1.0
1001
AcadAnnotative
1000
AnnotativeData
1002
{
1070
     1
1070
     1
1002
}
1001
AcadAnnoPO
1070
     1
  0
LINE
  5
1A6B
330
1F
100
AcDbEntity
  8
0
100
AcDbLine
 10
33.94536452632948
 20
42.82222410390989
 30
0.0
 11
34.34536452632947
 21
42.82222410390989
 31
0.0
  0
LINE
  5
1A6C
330
1F
100
AcDbEntity
  8
0
100
AcDbLine
 10
33.94536452632948
 20
42.77222410390989
 30
0.0
 11
34.34536452632947
 21
42.7722241039099
 31
0.0
  0
MTEXT
  5
1A6D
330
1F
100
AcDbEntity
  8
0
100
AcDbMText
 10
33.98552041642592
 20
43.18514200805944
 30
0.0
 40
0.2
 41
0.3383106919426666
 46
0.0
 71
     1
 72
     5
  1
W1
 73
     1
 44
1.0
101
Embedded Object
 70
     1
 10
1.0
 20
0.0
 30
0.0
 11
33.98552041642592
 21
43.18514200805944
 31
0.0
 40
0.3383106919426666
 41
0.0
 42
0.3643929058663029
 43
0.200818553888131
 71
     2
 72
     1
 44
0.3383106919426666
 45
12.5
 73
     0
 74
     0
 46
0.1101095902695494
  0
MTEXT
  5
1A6E
102
{ACAD_XDICTIONARY
360
1A6F
102
}
330
1F
100
AcDbEntity
  8
0
100
AcDbMText
 10
63.82919362827431
 20
15.94535891893821
 30
0.0
 40
0.3
 41
13.40661524535522
 46
0.0
 71
     1
 72
     5
  3
COURSE NAME : BUILDING PLANNING AND DESIGN\P\PCOURSE CODE : 6CV272\P\PMINI PROJECT NAME :MARRIAGE HALL\P\PNAME OF STUDENTS :  1. ASHISH KARHADE 22110056\P^I^I^I^I2. PRDIP VARMA^I     22110061\P^I^I^I^I3. NIDA SHAIKH         22110065\P^I^I^I^I4. TRUPTI JADHAV    2
  1
3120009
  7
Annotative
 73
     1
 44
1.0
1001
AcadAnnotative
1000
AnnotativeData
1002
{
1070
     1
1070
     1
1002
}
1001
AcadAnnoPO
1070
     1
  0
MTEXT
  5
1AA7
102
{ACAD_XDICTIONARY
360
1AA8
102
}
330
1F
100
AcDbEntity
  8
0
100
AcDbMText
 10
7.283889065446601
 20
49.26537971391508
 30
0.0
 40
0.5
 41
7.181415658527043
 46
0.0
 71
     1
 72
     5
  1
\pxqc;ELEVATION
  7
Annotative
 73
     1
 44
1.0
1001
AcadAnnotative
1000
AnnotativeData
1002
{
1070
     1
1070
     1
1002
}
1001
AcadAnnoPO
1070
     1
  0
MTEXT
  5
1AAE
102
{ACAD_XDICTIONARY
360
1AAF
102
}
330
1F
100
AcDbEntity
  8
0
100
AcDbMText
 10
36.13687805712255
 20
47.84643163491111
 30
0.0
 40
0.5
 41
7.181415658527043
 46
0.0
 71
     1
 72
     5
  1
\pxqc;SECTION AT X-X
  7
Annotative
 73
     1
 44
1.0
1001
AcadAnnotative
1000
AnnotativeData
1002
{
1070
     1
1070
     1
1002
}
1001
AcadAnnoPO
1070
     1
  0
MTEXT
  5
1AB3
330
1F
100
AcDbEntity
  8
0
100
AcDbMText
 10
31.87243127963967
 20
46.24595580234843
 30
0.0
 40
0.2
 41
0.4264195238292814
 46
0.0
 71
     1
 72
     5
  1
X
 73
     1
 44
1.0
101
Embedded Object
 70
     1
 10
1.0
 20
0.0
 30
0.0
 11
31.87243127963967
 21
46.24595580234843
 31
0.0
 40
0.4264195238292814
 41
0.0
 42
0.183356070941337
 43
0.2
 71
     2
 72
     1
 44
0.4264195238292814
 45
12.5
 73
     0
 74
     0
 46
0.0
  0
MTEXT
  5
1AB4
330
1F
100
AcDbEntity
  8
0
100
AcDbMText
 10
24.86471224086944
 20
14.94100905115081
 30
0.0
 40
0.2
 41
0.4264195238292814
 46
0.0
 71
     1
 72
     5
  1
X
 73
     1
 44
1.0
101
Embedded Object
 70
     1
 10
1.0
 20
0.0
 30
0.0
 11
24.86471224086944
 21
14.94100905115081
 31
0.0
 40
0.4264195238292814
 41
0.0
 42
0.183356070941337
 43
0.2
 71
     2
 72
     1
 44
0.4264195238292814
 45
12.5
 73
     0
 74
     0
 46
0.0
  0
MTEXT
  5
1AB5
330
1F
100
AcDbEntity
  8
0
100
AcDbMText
 10
5.529839919476387
 20
15.04990722271893
 30
0.0
 40
0.2
 41
0.4264195238292814
 46
0.0
 71
     1
 72
     5
  1
X
 73
     1
 44
1.0
101
Embedded Object
 70
     1
 10
1.0
 20
0.0
 30
0.0
 11
5.529839919476387
 21
15.04990722271893
 31
0.0
 40
0.4264195238292814
 41
0.0
 42
0.183356070941337
 43
0.2
 71
     2
 72
     1
 44
0.4264195238292814
 45
12.5
 73
     0
 74
     0
 46
0.0
  0
MTEXT
  5
1AB6
330
1F
100
AcDbEntity
  8
0
100
AcDbMText
 10
12.98004344656601
 20
45.08923400292999
 30
0.0
 40
0.2
 41
0.4264195238292814
 46
0.0
 71
     1
 72
     5
  1
X
 73
     1
 44
1.0
101
Embedded Object
 70
     1
 10
1.0
 20
0.0
 30
0.0
 11
12.98004344656601
 21
45.08923400292999
 31
0.0
 40
0.4264195238292814
 41
0.0
 42
0.183356070941337
 43
0.2
 71
     2
 72
     1
 44
0.4264195238292814
 45
12.5
 73
     0
 74
     0
 46
0.0
  0
LINE
  5
1ABE
330
1F
100
AcDbEntity
  8
0
  6
ACAD_ISO02W100
 48
0.005
100
AcDbLine
 10
24.94536452632946
 20
17.75210373820117
 30
0.0
 11
26.59536452632946
 21
17.75210373820118
 31
0.0
  0
LINE
  5
1ABF
330
1F
100
AcDbEntity
  8
0
  6
ACAD_ISO02W100
 48
0.005
100
AcDbLine
 10
33.89536452632946
 20
17.75210373820117
 30
0.0
 11
35.54536452632945
 21
17.75210373820117
 31
0.0
  0
MTEXT
  5
1AC0
330
1F
100
AcDbEntity
  8
0
100
AcDbMText
 10
34.2802884364521
 20
35.82107345650752
 30
0.0
 40
0.3
 41
2.025073514189784
 46
0.0
 71
     1
 72
     5
  1
\pxqc;STAGE\P5 X 8
 73
     1
 44
1.0
101
Embedded Object
 70
     1
 10
1.0
 20
0.0
 30
0.0
 11
34.2802884364521
 21
35.82107345650752
 31
0.0
 40
2.025073514189784
 41
0.0
 42
1.379263301500682
 43
0.8114597544338336
 71
     2
 72
     1
 44
2.025073514189784
 45
12.5
 73
     0
 74
     0
 46
0.0
  0
MTEXT
  5
1AC1
330
1F
100
AcDbEntity
  8
0
100
AcDbMText
 10
9.986067718406616
 20
30.88271933621374
 30
0.0
 40
0.3
 41
2.025073514189784
 46
0.0
 71
     1
 72
     5
  1
\pxqc;STAGE\P18 X 4.4
 73
     1
 44
1.0
101
Embedded Object
 70
     1
 10
1.0
 20
0.0
 30
0.0
 11
9.986067718406616
 21
30.88271933621374
 31
0.0
 40
2.025073514189784
 41
0.0
 42
1.495293315143246
 43
0.8114597544338336
 71
     2
 72
     1
 44
2.025073514189784
 45
12.5
 73
     0
 74
     0
 46
0.0
  0
DIMENSION
  5
1ADF
102
{ACAD_XDICTIONARY
360
1AED
102
}
102
{ACAD_REACTORS
330
1AF8
102
}
330
1F
100
AcDbEntity
  8
0
100
AcDbDimension
280
     0
  2
*D23
 10
4.018183101414599
 20
19.75210373820118
 30
0.0
 11
4.018183101414604
 21
18.22710373820118
 31
0.0
 70
    32
  1
6.1
 71
     5
 42
3.049999999999997
 73
     0
 74
     0
 75
     0
  3
Standard
100
AcDbAlignedDimension
 13
4.565955026429264
 23
16.70210373820118
 33
0.0
 14
4.565955026429264
 24
19.75210373820118
 34
0.0
 50
90.0
100
AcDbRotatedDimension
  0
DIMENSION
  5
1B0D
102
{ACAD_XDICTIONARY
360
1B1B
102
}
102
{ACAD_REACTORS
330
1B26
102
}
330
1F
100
AcDbEntity
  8
0
100
AcDbDimension
280
     0
  2
*D24
 10
4.01823261068143
 20
21.45210373820119
 30
0.0
 11
4.018232610681434
 21
20.60210373820118
 31
0.0
 70
    32
  1
3.4
 71
     5
 42
1.700000000000002
 73
     0
 74
     0
 75
     0
  3
Standard
100
AcDbAlignedDimension
 13
4.565955026429264
 23
19.75210373820118
 33
0.0
 14
4.565955026429264
 24
21.45210373820118
 34
0.0
 50
90.0
100
AcDbRotatedDimension
  0
DIMENSION
  5
1B3B
102
{ACAD_XDICTIONARY
360
1B49
102
}
102
{ACAD_REACTORS
330
1B54
102
}
330
1F
100
AcDbEntity
  8
0
100
AcDbDimension
280
     0
  2
*D25
 10
4.020848808699398
 20
23.25210373820119
 30
0.0
 11
4.020848808699404
 21
22.35210373820118
 31
0.0
 70
    32
  1
3.6
 71
     5
 42
1.799999999999997
 73
     0
 74
     0
 75
     0
  3
Standard
100
AcDbAlignedDimension
 13
4.565955026429264
 23
21.45210373820118
 33
0.0
 14
4.565955026429264
 24
23.25210373820118
 34
0.0
 50
90.0
100
AcDbRotatedDimension
  0
DIMENSION
  5
1BBF
102
{ACAD_XDICTIONARY
360
1BCD
102
}
102
{ACAD_REACTORS
330
1BD8
102
}
330
1F
100
AcDbEntity
  8
0
100
AcDbDimension
280
     0
  2
*D26
 10
3.820566862765481
 20
31.9521037382012
 30
0.0
 11
3.820566862765489
 21
30.85210373820119
 31
0.0
 70
    32
  1
4.4
 71
     5
 42
2.199999999999995
 73
     0
 74
     0
 75
     0
  3
Standard
100
AcDbAlignedDimension
 13
4.565955026429264
 23
29.75210373820118
 33
0.0
 14
4.565955026429264
 24
31.95210373820118
 34
0.0
 50
90.0
100
AcDbRotatedDimension
  0
LWPOLYLINE
  5
1C01
102
{ACAD_REACTORS
330
1C1C
102
}
330
1F
100
AcDbEntity
  8
0
 62
     1
100
AcDbPolyline
 90
        4
 70
     1
 43
0.0
 10
4.565955026429264
 20
27.85210373820118
 10
4.865955026429265
 20
27.85210373820118
 10
4.865955026429265
 20
27.65210373820119
 10
4.565955026429264
 20
27.65210373820119
  0
LWPOLYLINE
  5
1C02
330
1F
100
AcDbEntity
  8
0
 62
     1
100
AcDbPolyline
 90
        4
 70
     1
 43
0.0
 10
17.26595502642926
 20
27.85210373820118
 10
17.56595502642926
 20
27.85210373820118
 10
17.56595502642926
 20
27.65210373820119
 10
17.26595502642926
 20
27.65210373820119
  0
DIMENSION
  5
1C03
102
{ACAD_XDICTIONARY
360
1C11
102
}
102
{ACAD_REACTORS
330
1C1C
102
}
330
1F
100
AcDbEntity
  8
0
100
AcDbDimension
280
     0
  2
*D27
 10
3.665457997063874
 20
27.7521037382012
 30
0.0
 11
3.665457997063882
 21
26.60210373820119
 31
0.0
 70
    32
  1
4.6
 71
     5
 42
2.3
 73
     0
 74
     0
 75
     0
  3
Standard
100
AcDbAlignedDimension
 13
4.565955026429264
 23
25.45210373820118
 33
0.0
 14
4.565955026429264
 24
27.75210373820118
 34
0.0
 50
90.0
100
AcDbRotatedDimension
  0
DIMENSION
  5
1C31
330
1F
100
AcDbEntity
  8
0
100
AcDbDimension
280
     0
  2
*D28
 10
3.66545799706388
 20
27.7521037382012
 30
0.0
 11
3.665457997063887
 21
28.75210373820119
 31
0.0
 70
    32
  1
4
 71
     5
 42
2.000000000000003
 73
     0
 74
     0
 75
     0
  3
Standard
100
AcDbAlignedDimension
 13
4.565955026429264
 23
29.75210373820118
 33
0.0
 14
4.565955026429264
 24
27.75210373820118
 34
0.0
 50
90.0
100
AcDbRotatedDimension
  0
DIMENSION
  5
1C53
102
{ACAD_XDICTIONARY
360
1C61
102
}
102
{ACAD_REACTORS
330
1C6C
102
}
330
1F
100
AcDbEntity
  8
0
100
AcDbDimension
280
     0
  2
*D29
 10
7.565955026429273
 20
15.81865458030509
 30
0.0
 11
6.140955026429269
 21
15.81865458030509
 31
0.0
 70
    32
  1
5.7
 71
     5
 42
2.850000000000008
 73
     0
 74
     0
 75
     0
  3
Standard
100
AcDbAlignedDimension
 13
4.715955026429265
 23
16.55210373820118
 33
0.0
 14
7.565955026429273
 24
16.55210373820118
 34
0.0
100
AcDbRotatedDimension
  0
DIMENSION
  5
1C81
102
{ACAD_XDICTIONARY
360
1C8F
102
}
102
{ACAD_REACTORS
330
1C9A
102
}
330
1F
100
AcDbEntity
  8
0
100
AcDbDimension
280
     0
  2
*D30
 10
9.765955026429269
 20
15.82569110989647
 30
0.0
 11
8.665955026429271
 21
15.82569110989647
 31
0.0
 70
    32
  1
4.4
 71
     5
 42
2.199999999999995
 73
     0
 74
     0
 75
     0
  3
Standard
100
AcDbAlignedDimension
 13
7.565955026429273
 23
16.55210373820118
 33
0.0
 14
9.765955026429269
 24
16.55210373820118
 34
0.0
100
AcDbRotatedDimension
  0
DIMENSION
  5
1CDD
102
{ACAD_XDICTIONARY
360
1CEB
102
}
102
{ACAD_REACTORS
330
1CF6
102
}
330
1F
100
AcDbEntity
  8
0
100
AcDbDimension
280
     0
  2
*D31
 10
18.41560488475934
 20
36.5521037382012
 30
0.0
 11
18.41560488475935
 21
37.75210373820119
 31
0.0
 70
    32
  1
4.8
 71
     5
 42
2.399999999999998
 73
     0
 74
     0
 75
     0
  3
Standard
100
AcDbAlignedDimension
 13
17.56595502642926
 23
38.95210373820118
 33
0.0
 14
17.56595502642926
 24
36.55210373820118
 34
0.0
 50
90.0
100
AcDbRotatedDimension
  0
DIMENSION
  5
1D29
330
1F
100
AcDbEntity
  8
0
100
AcDbDimension
280
     0
  2
*D32
 10
7.465955026429265
 20
45.65940127347985
 30
0.0
 11
6.090955026429265
 21
45.65940127347985
 31
0.0
 70
    32
  1
5.5
 71
     5
 42
2.749999999999999
 73
     0
 74
     0
 75
     0
  3
Standard
100
AcDbAlignedDimension
 13
4.715955026429266
 23
45.65940127347985
 33
0.0
 14
7.465955026429265
 24
45.65940127347985
 34
0.0
100
AcDbRotatedDimension
  0
DIMENSION
  5
1D89
330
1F
100
AcDbEntity
  8
0
100
AcDbDimension
280
     0
  2
*D33
 10
11.06595502642926
 20
45.6540598348439
 30
0.0
 11
9.265955026429265
 21
45.6540598348439
 31
0.0
 70
    32
  1
7.2
 71
     5
 42
3.600000000000002
 73
     0
 74
     0
 75
     0
  3
Standard
100
AcDbAlignedDimension
 13
7.465955026429264
 23
45.6540598348439
 33
0.0
 14
11.06595502642926
 24
45.64620873633844
 34
0.0
100
AcDbRotatedDimension
  0
DIMENSION
  5
1DA3
330
1F
100
AcDbEntity
  8
0
100
AcDbDimension
280
     0
  2
*D34
 10
14.66595502642926
 20
45.64620873633844
 30
0.0
 11
12.86595502642926
 21
45.64620873633844
 31
0.0
 70
    32
  1
7.2
 71
     5
 42
3.599999999999992
 73
     0
 74
     0
 75
     0
  3
Standard
100
AcDbAlignedDimension
 13
11.06595502642926
 23
45.64620873633844
 33
0.0
 14
14.66595502642926
 24
45.64620873633844
 34
0.0
100
AcDbRotatedDimension
  0
DIMENSION
  5
1DBD
330
1F
100
AcDbEntity
  8
0
100
AcDbDimension
280
     0
  2
*D35
 10
17.41595502642926
 20
45.64620873633844
 30
0.0
 11
16.04095502642926
 21
45.64620873633844
 31
0.0
 70
    32
  1
5.5
 71
     5
 42
2.750000000000003
 73
     0
 74
     0
 75
     0
  3
Standard
100
AcDbAlignedDimension
 13
14.66595502642926
 23
45.64620873633844
 33
0.0
 14
17.41595502642926
 24
45.64620873633844
 34
0.0
100
AcDbRotatedDimension
  0
MULTILEADER
  5
1EE4
102
{ACAD_XDICTIONARY
360
1EE5
102
}
330
1F
100
AcDbEntity
  8
0
160
               452
310
C4010000170000000C00000016000000000000C00C00000033000000000000000C00000013000000993A00000C00000033000000000000000C00000010000000000000000C00000016000000000000C00C00000012000000FF7F00000C00000013000000010000000C00000014000000010000005400000007000000030000
310
00F34B410696EA1340354FCC2AC5792E400000000000000000F34B410696EA1140E0F976D56FA42E400000000000000000F34B410696EA13408BA421801ACF2E4000000000000000000C00000014000000010000000C00000013000000891300003C0000000600000002000000F34B410696EA1340E0F976D56FA42E400000
310
0000000000000B17113EA05C1740E0F976D56FA42E4000000000000000000C00000013000000112700003C00000006000000020000000B17113EA05C1740E0F976D56FA42E40000000000000000098AE7F50235D1740E0F976D56FA42E4000000000000000000C00000016000000000000C00C00000012000000FF7F00000C
310
00000017000000000000000C000000130000009A3A00000C00000016000000000000C00C00000012000000FF7F00000C00000017000000FFFFFFFF0C0000003300000000000000
100
AcDbMLeader
270
     2
300
CONTEXT_DATA{
 40
1.0
 10
5.840955026429263
 20
15.32116572453827
 30
0.0
 41
4.0
140
0.5
145
2.0
174
     1
175
     1
176
     0
177
     0
290
     1
304

 11
0.0
 21
0.0
 31
1.0
340
11
 12
7.840955026429262
 22
17.32116572453827
 32
0.0
 13
1.0
 23
0.0
 33
0.0
 42
0.0
 43
0.0
 44
0.0
 45
1.0
170
     1
 90
-1073741824
171
     1
172
     5
 91
-1073741824
141
0.0
 92
        0
291
     0
292
     0
173
     0
293
     0
142
0.0
143
0.0
294
     0
295
     0
296
     0
110
4.479087922797577
120
15.32116572453827
130
0.0
111
1.0
121
0.0
131
0.0
112
0.0
122
1.0
132
0.0
297
     0
302
LEADER{
290
     1
291
     1
 10
5.840455026429263
 20
15.32116572453827
 30
0.0
 11
1.0
 21
0.0
 31
0.0
 90
        0
 40
0.0005
304
LEADER_LINE{
 10
4.479087922797577
 20
15.32116572453827
 30
0.0
 91
        0
305
}
271
     0
303
}
272
     9
273
     9
301
}
340
13B
 90
1074022016
170
     1
 91
-1056964608
341
14
171
    -2
290
     1
291
     1
 41
0.0005
 42
0.5
172
     2
343
11
173
     1
 95
        1
174
     1
175
     2
 92
-1056964608
292
     0
 93
-1056964608
 10
1.0
 20
1.0
 30
1.0
 43
0.0
176
     0
293
     1
294
     0
178
     0
179
     3
 45
1.0
271
     0
272
     9
273
     9
295
     0
  0
MULTILEADER
  5
1EEA
102
{ACAD_XDICTIONARY
360
1EEB
102
}
330
1F
100
AcDbEntity
  8
0
160
               452
310
C4010000170000000C00000016000000000000C00C00000033000000000000000C00000013000000993A00000C00000033000000000000000C00000010000000000000000C00000016000000000000C00C00000012000000FF7F00000C00000013000000010000000C00000014000000010000005400000007000000030000
310
0001B4F6835FCE27409978675AC1804640000000000000000001B4F6835FCE2640442312056C8B4640000000000000000001B4F6835FCE2740EFCDBCAF1696464000000000000000000C00000014000000010000000C00000013000000891300003C000000060000000200000001B4F6835FCE2740442312056C8B46400000
310
0000000000008D99DE9F64872940442312056C8B464000000000000000000C00000013000000112700003C00000006000000020000008D99DE9F64872940442312056C8B4640000000000000000054E51529A6872940442312056C8B464000000000000000000C00000016000000000000C00C00000012000000FF7F00000C
310
00000017000000000000000C000000130000009A3A00000C00000016000000000000C00C00000012000000FF7F00000C00000017000000FFFFFFFF0C0000003300000000000000
100
AcDbMLeader
270
     2
300
CONTEXT_DATA{
 40
1.0
 10
12.76493957893641
 20
45.08923400292999
 30
0.0
 41
4.0
140
0.5
145
2.0
174
     1
175
     1
176
     0
177
     0
290
     1
304

 11
0.0
 21
0.0
 31
1.0
340
11
 12
14.76493957893641
 22
47.08923400293
 32
0.0
 13
1.0
 23
0.0
 33
0.0
 42
0.0
 43
0.0
 44
0.0
 45
1.0
170
     1
 90
-1073741824
171
     1
172
     5
 91
-1073741824
141
0.0
 92
        0
291
     0
292
     0
173
     0
293
     0
142
0.0
143
0.0
294
     0
295
     0
296
     0
110
11.40307247530472
120
45.08923400292999
130
0.0
111
1.0
121
0.0
131
0.0
112
0.0
122
1.0
132
0.0
297
     0
302
LEADER{
290
     1
291
     1
 10
12.76443957893641
 20
45.08923400292999
 30
0.0
 11
1.0
 21
0.0
 31
0.0
 90
        0
 40
0.0005
304
LEADER_LINE{
 10
11.40307247530472
 20
45.08923400292999
 30
0.0
 91
        0
305
}
271
     0
303
}
272
     9
273
     9
301
}
340
13B
 90
1074022016
170
     1
 91
-1056964608
341
14
171
    -2
290
     1
291
     1
 41
0.0005
 42
0.5
172
     2
343
11
173
     1
 95
        1
174
     1
175
     2
 92
-1056964608
292
     0
 93
-1056964608
 10
1.0
 20
1.0
 30
1.0
 43
0.0
176
     0
293
     1
294
     0
178
     0
179
     3
 45
1.0
271
     0
272
     9
273
     9
295
     0
  0
MULTILEADER
  5
1EEF
102
{ACAD_XDICTIONARY
360
1EF0
102
}
330
1F
100
AcDbEntity
  8
0
160
               452
310
C4010000170000000C00000016000000000000C00C00000033000000000000000C00000013000000993A00000C00000033000000000000000C00000010000000000000000C00000016000000000000C00C00000012000000FF7F00000C00000013000000010000000C00000014000000010000005400000007000000030000
310
00BE03EA891D153F4095F6EFC10BD346400000000000000000BE03EA891D953E4040A19A6CB6DD46400000000000000000BE03EA891D153F40EB4B451761E8464000000000000000000C00000014000000010000000C00000013000000891300003C0000000600000002000000BE03EA891D153F4040A19A6CB6DD46400000
310
00000000000084F6DD17A0F13F4040A19A6CB6DD464000000000000000000C00000013000000112700003C000000060000000200000084F6DD17A0F13F4040A19A6CB6DD46400000000000000000679C79DCC0F13F4040A19A6CB6DD464000000000000000000C00000016000000000000C00C00000012000000FF7F00000C
310
00000017000000000000000C000000130000009A3A00000C00000016000000000000C00C00000012000000FF7F00000C00000017000000FFFFFFFF0C0000003300000000000000
100
AcDbMLeader
270
     2
300
CONTEXT_DATA{
 40
1.0
 10
31.94434907883661
 20
45.73212964582717
 30
0.0
 41
4.0
140
0.5
145
2.0
174
     1
175
     1
176
     0
177
     0
290
     1
304

 11
0.0
 21
0.0
 31
1.0
340
11
 12
33.94434907883661
 22
47.73212964582717
 32
0.0
 13
1.0
 23
0.0
 33
0.0
 42
0.0
 43
0.0
 44
0.0
 45
1.0
170
     1
 90
-1073741824
171
     1
172
     5
 91
-1073741824
141
0.0
 92
        0
291
     0
292
     0
173
     0
293
     0
142
0.0
143
0.0
294
     0
295
     0
296
     0
110
30.58248197520492
120
45.73212964582717
130
0.0
111
1.0
121
0.0
131
0.0
112
0.0
122
1.0
132
0.0
297
     0
302
LEADER{
290
     1
291
     1
 10
31.94384907883661
 20
45.73212964582717
 30
0.0
 11
1.0
 21
0.0
 31
0.0
 90
        0
 40
0.0005
304
LEADER_LINE{
 10
30.58248197520492
 20
45.73212964582717
 30
0.0
 91
        0
305
}
271
     0
303
}
272
     9
273
     9
301
}
340
13B
 90
1074022016
170
     1
 91
-1056964608
341
14
171
    -2
290
     1
291
     1
 41
0.0005
 42
0.5
172
     2
343
11
173
     1
 95
        1
174
     1
175
     2
 92
-1056964608
292
     0
 93
-1056964608
 10
1.0
 20
1.0
 30
1.0
 43
0.0
176
     0
293
     1
294
     0
178
     0
179
     3
 45
1.0
271
     0
272
     9
273
     9
295
     0
  0
MULTILEADER
  5
1EF4
102
{ACAD_XDICTIONARY
360
1EF5
102
}
330
1F
100
AcDbEntity
  8
0
160
               452
310
C4010000170000000C00000016000000000000C00C00000033000000000000000C00000013000000993A00000C00000033000000000000000C00000010000000000000000C00000016000000000000C00C00000012000000FF7F00000C00000013000000010000000C00000014000000010000005400000007000000030000
310
009EA21A0EB4283840354FCC2AC5792E4000000000000000009EA21A0EB4A83740E0F976D56FA42E4000000000000000009EA21A0EB42838408BA421801ACF2E4000000000000000000C00000014000000010000000C00000013000000891300003C00000006000000020000009EA21A0EB4283840E0F976D56FA42E400000
310
00000000000064950E9C36053940E0F976D56FA42E4000000000000000000C00000013000000112700003C000000060000000200000064950E9C36053940E0F976D56FA42E400000000000000000473BAA6057053940E0F976D56FA42E4000000000000000000C00000016000000000000C00C00000012000000FF7F00000C
310
00000017000000000000000C000000130000009A3A00000C00000016000000000000C00C00000012000000FF7F00000C00000017000000FFFFFFFF0C0000003300000000000000
100
AcDbMLeader
270
     2
300
CONTEXT_DATA{
 40
1.0
 10
25.02086452632946
 20
15.32116572453827
 30
0.0
 41
4.0
140
0.5
145
2.0
174
     1
175
     1
176
     0
177
     0
290
     1
304

 11
0.0
 21
0.0
 31
1.0
340
11
 12
27.02086452632946
 22
17.32116572453827
 32
0.0
 13
1.0
 23
0.0
 33
0.0
 42
0.0
 43
0.0
 44
0.0
 45
1.0
170
     1
 90
-1073741824
171
     1
172
     5
 91
-1073741824
141
0.0
 92
        0
291
     0
292
     0
173
     0
293
     0
142
0.0
143
0.0
294
     0
295
     0
296
     0
110
23.65899742269777
120
15.32116572453827
130
0.0
111
1.0
121
0.0
131
0.0
112
0.0
122
1.0
132
0.0
297
     0
302
LEADER{
290
     1
291
     1
 10
25.02036452632946
 20
15.32116572453827
 30
0.0
 11
1.0
 21
0.0
 31
0.0
 90
        0
 40
0.0005
304
LEADER_LINE{
 10
23.65899742269777
 20
15.32116572453827
 30
0.0
 91
        0
305
}
271
     0
303
}
272
     9
273
     9
301
}
340
13B
 90
1074022016
170
     1
 91
-1056964608
341
14
171
    -2
290
     1
291
     1
 41
0.0005
 42
0.5
172
     2
343
11
173
     1
 95
        1
174
     1
175
     2
 92
-1056964608
292
     0
 93
-1056964608
 10
1.0
 20
1.0
 30
1.0
 43
0.0
176
     0
293
     1
294
     0
178
     0
179
     3
 45
1.0
271
     0
272
     9
273
     9
295
     0
  0
CIRCLE
  5
1F2F
330
1F
100
AcDbEntity
  8
0
100
AcDbCircle
 10
47.85484803050849
 20
50.2174024062619
 30
0.0
 40
0.5
  0
CIRCLE
  5
1F31
102
{ACAD_REACTORS
330
1F7C
330
1F85
102
}
330
1F
100
AcDbEntity
  8
0
100
AcDbCircle
 10
58.25861888686154
 20
50.41679007047759
 30
0.0
 40
2.0
  0
LINE
  5
1F38
330
1F
100
AcDbEntity
  8
0
100
AcDbLine
 10
60.01729444471781
 20
51.36918719468521
 30
0.0
 11
56.48566388354889
 21
51.34233345478143
 31
0.0
  0
LINE
  5
1F39
102
{ACAD_REACTORS
330
1F85
102
}
330
1F
100
AcDbEntity
  8
0
100
AcDbLine
 10
60.18145000543527
 20
50.96699047891481
 30
0.0
 11
56.32644726276321
 21
50.9332325309988
 31
0.0
  0
LINE
  5
1F3A
102
{ACAD_REACTORS
330
1F7C
330
1F85
102
}
330
1F
100
AcDbEntity
  8
0
100
AcDbLine
 10
60.25256558038295
 20
50.57227828030408
 30
0.0
 11
56.26151669654085
 21
50.52441368041661
 31
0.0
  0
LINE
  5
1F3B
102
{ACAD_REACTORS
330
1F7C
102
}
330
1F
100
AcDbEntity
  8
0
100
AcDbLine
 10
60.06861030029172
 20
49.56594867320721
 30
0.0
 11
56.46380540188138
 21
49.53438168762225
 31
0.0
  0
HATCH
  5
1F7C
330
1F
100
AcDbEntity
  8
0
100
AcDbHatch
 10
0.0
 20
0.0
 30
0.0
210
0.0
220
0.0
230
1.0
  2
GRAVEL
 70
     0
 71
     1
 91
        1
 92
        7
 72
     1
 73
     1
 93
        6
 10
60.25861888686154
 20
50.41679007047759
 42
0.0194581138768287
 10
60.25256558038295
 20
50.57227828030408
 42
0.0
 10
56.26151669654085
 20
50.52441368041661
 42
0.0134602651753187
 10
56.25861888686154
 20
50.41679007047759
 42
0.1147345383046165
 10
56.46380540188138
 20
49.53438168762225
 42
0.0
 10
60.06861030029172
 20
49.56594867320721
 42
0.1103007529065547
 97
        3
330
1F31
330
1F3A
330
1F3B
 75
     1
 76
     1
 52
0.0
 41
0.04
 77
     0
 78
    41
 53
228.0127875
 43
0.7315200000000001
 44
1.016
 45
-8.128000000638323
 46
-9.143999999432713
 79
     2
 49
0.136688576
 49
-13.532193455826
 53
184.969741
 43
0.6400800000000001
 44
0.9144
 45
12.1919999951762
 46
1.016000057879169
 79
     2
 49
0.2345618879999999
 49
-23.2216195574096
 53
132.5104471
 43
0.4064
 44
0.8940799999999999
 45
10.16000000429099
 46
-11.17599999609838
 79
     2
 49
0.165392608
 49
-16.37388911764
 53
267.273689
 43
0.01016
 44
0.6400800000000001
 45
1.01600000212789
 46
20.31999999989325
 79
     2
 49
0.213601808
 49
-21.1465749702952
 53
292.83365418
 43
0.0
 44
0.42672
 45
-5.080000000425363
 46
12.19199999982218
 79
     2
 49
0.20945348
 49
-20.7359230981376
 53
357.273689
 43
0.08128
 44
0.23368
 45
-20.31999999989325
 46
1.016000002127891
 79
     2
 49
0.213601808
 49
-21.1465749702952
 53
37.69424047
 43
0.29464
 44
0.22352
 45
-13.20799999941436
 46
-10.16000000076016
 79
     2
 49
0.2824774639999999
 49
-27.96524612569881
 53
72.25532837
 43
0.5181600000000001
 44
0.39624
 45
7.112000001911716
 46
22.35199999939154
 79
     2
 49
0.266687808
 49
-26.402102640762
 53
121.42956562
 43
0.59944
 44
0.6502400000000001
 45
-8.128000001153248
 46
13.20799999929041
 79
     2
 49
0.2143252
 49
-21.21821827948481
 53
175.2363583
 43
0.4876800000000001
 44
0.83312
 45
11.17599999983981
 46
-1.016000001755702
 79
     2
 49
0.244685312
 49
-11.98957478
 53
222.3974378
 43
0.24384
 44
0.8534399999999999
 45
-12.19199999960986
 46
-11.1760000004256
 79
     2
 49
0.316431168
 49
-31.3267090048708
 53
138.81407483
 43
1.016
 44
0.6299200000000001
 45
-7.111999999573403
 46
6.096000000495672
 79
     2
 49
0.108001816
 49
-10.6922263297376
 53
171.4692344
 43
0.93472
 44
0.70104
 45
13.20800000035586
 46
-2.031999997694937
 79
     2
 49
0.205472792
 49
-20.341855598816
 53
225.0
 43
0.7315200000000001
 44
0.7315200000000001
 45
-0.0000000000000001
 46
-1.016000000000095
 79
     2
 49
0.143683736
 49
-1.293157243371199
 53
203.19859051
 43
0.6604000000000001
 44
0.8534399999999999
 45
5.080000000138436
 46
2.031999999643733
 79
     2
 49
0.077376528
 49
-7.660248947557597
 53
291.80140949
 43
0.5892800000000001
 44
0.8229600000000001
 45
-1.016000000212598
 46
3.047999999929148
 79
     2
 49
0.109426248
 49
-5.361901195999999
 53
30.96375653
 43
0.6299200000000001
 44
0.7213600000000002
 45
3.048000000074553
 46
2.03199999988845
 79
     2
 49
0.177727864
 49
-5.746519261163999
 53
161.56505118
 43
0.78232
 44
0.8128
 45
2.032000000053033
 46
-1.015999999893501
 79
     2
 49
0.128514856
 49
-3.084359246731199
 53
16.389540334
 43
0.0
 44
0.8229600000000001
 45
10.16000000000006
 46
3.048000000000097
 79
     2
 49
0.1800352
 49
-17.8235306690156
 53
70.34617594
 43
0.17272
 44
0.87376
 45
-4.064000000371725
 46
-11.17599999986816
 79
     2
 49
0.151039576
 49
-14.95288627128
 53
293.19859051
 43
0.78232
 44
1.016
 45
-2.031999999645305
 46
5.080000000142113
 79
     2
 49
0.15475204
 49
-7.582873435557598
 53
343.61045967
 43
0.8432799999999998
 44
0.87376
 45
-10.16000000021291
 46
3.047999999289143
 79
     2
 49
0.1800352
 49
-17.823530669016
 53
339.44395478
 43
0.0
 44
0.19304
 45
-5.079999999999945
 46
2.032000000000083
 79
     2
 49
0.1736140799999999
 49
-8.5070937252424
 53
294.7751406
 43
0.16256
 44
0.13208
 45
-5.080000006046772
 46
11.1759999972509
 79
     2
 49
0.145468848
 49
-14.401437352288
 53
66.80140949
 43
0.7924800000000002
 44
0.0
 45
2.031999999680919
 46
5.080000000127721
 79
     2
 49
0.15475204
 49
-7.582873435557599
 53
17.35402464
 43
0.8534399999999999
 44
0.14224
 45
-13.2079999997372
 46
-4.064000000852985
 79
     2
 49
0.1703130960000001
 49
-16.86095039208
 53
69.44395478
 43
0.29464
 44
0.0
 45
-2.032000000035384
 46
-5.079999999985853
 79
     2
 49
0.08680704
 49
-8.593900765242402
 53
101.309932474
 43
0.7315200000000001
 44
0.0
 45
-1.016000000000159
 46
4.064000000000147
 79
     2
 49
0.05180584
 49
-5.1287979858104
 53
165.963756532
 43
0.7213600000000002
 44
0.0508
 45
3.047999999999805
 46
-1.015999999999946
 79
     2
 49
0.20945348
 49
-3.9796218356276
 53
186.00900596
 43
0.5181600000000001
 44
0.1016
 45
10.15999999994614
 46
1.016000000531741
 79
     2
 49
0.1941067999999999
 49
-19.2165459453348
 53
303.69006753
 43
0.6299200000000001
 44
0.6299200000000001
 45
-1.016000000141187
 46
2.03199999992948
 79
     2
 49
0.146529552
 49
-3.516710543872
 53
353.15722659
 43
0.7112
 44
0.508
 45
17.27200000010627
 46
-2.031999999095757
 79
     2
 49
0.255822704
 49
-25.3264036260124
 53
60.9453959
 43
0.9651999999999999
 44
0.47752
 45
-4.064000000111874
 46
-7.111999999936101
 79
     2
 49
0.104603296
 49
-10.355756927244
 53
90.0
 43
1.016
 44
0.5689600000000001
 45
-1.016
 46
1.016
 79
     2
 49
0.06096
 49
-0.9550399999999999
 53
120.25643716
 43
0.49784
 44
0.13208
 45
4.063999999502866
 46
-7.112000000283918
 79
     2
 49
0.141146784
 49
-13.97357630928
 53
48.01278749999999
 43
0.42672
 44
0.254
 45
8.128000000670136
 46
9.143999999404082
 79
     2
 49
0.273377152
 49
-13.395504879826
 53
0.0
 43
0.6096
 44
0.4572
 45
1.016
 46
1.016
 79
     2
 49
0.26416
 49
-0.75184
 53
325.3048465
 43
0.87376
 44
0.4572
 45
10.16000000384861
 46
-7.111999994501831
 79
     2
 49
0.160643824
 49
-15.903726689656
 53
254.0546040999999
 43
1.00584
 44
0.36576
 45
-1.015999999929022
 46
-4.064000000017898
 79
     2
 49
0.147931632
 49
-7.2486600155088
 53
207.64597536
 43
0.9651999999999999
 44
0.22352
 45
-19.30400000070934
 46
-10.1599999986523
 79
     2
 49
0.2408580399999999
 49
-23.8449857691752
 53
175.42607874
 43
0.75184
 44
0.11176
 45
-13.20799999999953
 46
1.015999999999791
 79
     2
 49
0.254811784
 49
-25.226338582496
 47
0.0152273645970315
 98
        1
 10
58.20220842274466
 20
50.11007672732564
1001
GradientColor1ACI
1070
     5
1001
GradientColor2ACI
1070
     2
1001
ACAD
1010
0.0
1020
0.0
1030
0.0
  0
HATCH
  5
1F85
330
1F
100
AcDbEntity
  8
0
100
AcDbHatch
 10
0.0
 20
0.0
 30
0.0
210
0.0
220
0.0
230
1.0
  2
AR-CONC
 70
     0
 71
     1
 91
        1
 92
        7
 72
     1
 73
     1
 93
        4
 10
60.18145000543527
 20
50.96699047891481
 42
0.0
 10
56.3264472627632
 20
50.9332325309988
 42
0.0518821579127172
 10
56.26151669654085
 20
50.52441368041661
 42
0.0
 10
60.25256558038295
 20
50.57227828030408
 42
0.0502600791596993
 97
        3
330
1F39
330
1F31
330
1F3A
 75
     1
 76
     1
 52
0.0
 41
0.0056
 77
     0
 78
    13
 53
50.0
 43
0.0
 44
0.0
 45
1.020234146377622
 46
-0.0892588790178573
 79
     2
 49
0.10668
 49
-1.17348
 53
355.0
 43
0.0
 44
0.0
 45
-0.1973631599798283
 46
1.069918333338596
 79
     2
 49
0.085344
 49
-0.938787271352
 53
100.4514447
 43
0.0850192392
 44
-0.0074382196
 45
0.8228709837059783
 46
0.9806594107082926
 79
     2
 49
0.09066404928
 49
-0.9973053697599999
 53
46.1842
 43
0.0
 44
0.2844799999999999
 45
1.518042628995927
 46
-0.235437036423272
 79
     2
 49
0.16002
 49
-1.760219999999999
 53
96.63555760999997
 43
0.12650344
 44
0.2648604
 45
1.329463150688416
 46
1.38558629774724
 79
     2
 49
0.135996129584
 49
-1.495959405695999
 53
351.18415117
 43
0.0
 44
0.2844799999999999
 45
1.329463150763871
 46
1.385586297678982
 79
     2
 49
0.128015815592
 49
-1.408174498751999
 53
21.0
 43
0.14224
 44
0.21336
 45
0.849040591107142
 46
-0.5726851098476907
 79
     2
 49
0.10668
 49
-1.17348
 53
326.0
 43
0.14224
 44
0.21336
 45
0.3460913587468236
 46
1.031452610284987
 79
     2
 49
0.085344
 49
-0.9387839999999998
 53
71.45144499999999
 43
0.21299338256
 44
0.16563624056
 45
1.19513194796081
 46
0.4587675057610693
 79
     2
 49
0.09066404928
 49
-0.9973036505599999
 53
37.5
 43
0.0
 44
0.0
 45
0.0172961782033142
 46
0.4735082176896574
 79
     6
 49
0.0
 49
-0.9274048
 49
0.0
 49
-0.9530080000000001
 49
0.0
 49
-0.94234
 53
7.499999999999999
 43
0.0
 44
0.0
 45
0.3741901100577122
 46
0.5610112189814692
 79
     6
 49
0.0
 49
-0.5433568
 49
0.0
 49
-0.9060688
 49
0.0
 49
-0.359156
 53
327.5
 43
-0.3171952
 44
0.0
 45
0.7593073329344798
 46
-0.0320809663589713
 79
     6
 49
0.0
 49
-0.3556
 49
0.0
 49
-1.109472
 49
0.0
 49
-1.472183999999999
 53
317.5
 43
-0.4594352
 44
0.0
 45
0.8295234157617009
 46
0.1423883497866649
 79
     6
 49
0.0
 49
-0.46228
 49
0.0
 49
-0.7368032
 49
0.0
 49
-1.045463999999999
 47
0.0038241640301583
 98
        1
 10
58.62417395414616
 20
50.71661734863113
1001
GradientColor1ACI
1070
     5
1001
GradientColor2ACI
1070
     2
1001
ACAD
1010
0.0
1020
0.0
1030
0.0
  0
LINE
  5
1F8F
330
1F
100
AcDbEntity
  8
0
100
AcDbLine
 10
57.60936184989285
 20
51.35087780629159
 30
0.0
 11
57.61292048442054
 21
50.94449807318151
 31
0.0
  0
LINE
  5
1F90
330
1F
100
AcDbEntity
  8
0
100
AcDbLine
 10
59.23869549266787
 20
51.36326689996991
 30
0.0
 11
59.24223767552333
 21
50.95876587233689
 31
0.0
  0
MTEXT
  5
1F91
330
1F
100
AcDbEntity
  8
0
100
AcDbMText
 10
47.80511587558999
 20
49.60484675636337
 30
0.0
 40
0.2
 41
0.2746193390379403
 46
0.0
 71
     1
 72
     5
  1
A
 73
     1
 44
1.0
101
Embedded Object
 70
     1
 10
1.0
 20
0.0
 30
0.0
 11
47.80511587558999
 21
49.60484675636337
 31
0.0
 40
0.2746193390379403
 41
0.0
 42
0.1867667121418827
 43
0.2
 71
     2
 72
     1
 44
0.2746193390379403
 45
12.5
 73
     0
 74
     0
 46
0.0
  0
MTEXT
  5
1F94
330
1F
100
AcDbEntity
  8
0
100
AcDbMText
 10
56.93970425775001
 20
48.10707346274963
 30
0.0
 40
0.2
 41
2.772308816261443
 46
0.0
 71
     1
 72
     5
  1
\pxqc;EXPANSION AT A
 73
     1
 44
1.0
101
Embedded Object
 70
     1
 10
1.0
 20
0.0
 30
0.0
 11
56.93970425775001
 21
48.10707346274963
 31
0.0
 40
2.772308816261443
 41
0.0
 42
2.307230559345156
 43
0.2069577080491133
 71
     2
 72
     1
 44
2.772308816261443
 45
12.5
 73
     0
 74
     0
 46
0.0
  0
LINE
  5
1FAF
330
1F
100
AcDbEntity
  8
0
100
AcDbLine
 10
38.61513843702395
 20
15.95210373820118
 30
0.0
 11
59.69513843702394
 21
15.95210373820118
 31
0.0
  0
LINE
  5
1FB0
330
1F
100
AcDbEntity
  8
0
  6
ACAD_ISO02W100
 48
0.1
100
AcDbLine
 10
38.61513843702395
 20
14.95210373820118
 30
0.0
 11
59.69513843702394
 21
14.95210373820118
 31
0.0
  0
LINE
  5
1FB1
330
1F
100
AcDbEntity
  8
0
100
AcDbLine
 10
38.61513843702395
 20
13.95210373820118
 30
0.0
 11
59.69513843702394
 21
13.95210373820118
 31
0.0
  0
DIMENSION
  5
1FB2
330
1F
100
AcDbEntity
  8
0
100
AcDbDimension
280
     0
  2
*D36
 10
45.21578488332214
 20
16.55210373820119
 30
0.0
 11
45.21578488332214
 21
17.75210373820117
 31
0.0
 70
    32
  1
12
 71
     5
 42
2.399999999999998
 73
     0
 74
     0
 75
     0
  3
Standard
100
AcDbAlignedDimension
 13
45.2157848833221
 23
18.95210373820118
 33
0.0
 14
45.21578488332211
 24
16.55210373820118
 34
0.0
 50
90.0
100
AcDbRotatedDimension
  0
DIMENSION
  5
1FE0
102
{ACAD_XDICTIONARY
360
1FEE
102
}
102
{ACAD_REACTORS
330
1FF9
102
}
330
1F
100
AcDbEntity
  8
0
100
AcDbDimension
280
     0
  2
*D37
 10
41.61513843702394
 20
27.09210373820118
 30
0.0
 11
41.27597063347688
 21
27.09210373820118
 31
0.0
 70
    32
  1
4
 71
     5
 42
0.7999999999999972
 73
     0
 74
     0
 75
     0
  3
Standard
100
AcDbAlignedDimension
 13
42.41513843702394
 23
27.09210373820118
 33
0.0
 14
41.61513843702394
 24
27.09210373820118
 34
0.0
100
AcDbRotatedDimension
  0
DIMENSION
  5
200E
102
{ACAD_XDICTIONARY
360
201C
102
}
102
{ACAD_REACTORS
330
2027
102
}
330
1F
100
AcDbEntity
  8
0
100
AcDbDimension
280
     0
  2
*D38
 10
48.17222203009271
 20
31.03210373820119
 30
0.0
 11
48.1722220300927
 21
30.43210373820118
 31
0.0
 70
    32
  1
6
 71
     5
 42
1.199999999999995
 73
     0
 74
     0
 75
     0
  3
Standard
100
AcDbAlignedDimension
 13
48.55513843702394
 23
29.83210373820119
 33
0.0
 14
48.55513843702394
 24
31.03210373820118
 34
0.0
 50
90.0
100
AcDbRotatedDimension
  0
LINE
  5
20B4
330
1F
100
AcDbEntity
  8
0
100
AcDbLine
 10
56.69513843702394
 20
31.03210373820118
 30
0.0
 11
59.69513843702394
 21
31.03210373820118
 31
0.0
  0
LINE
  5
20B5
330
1F
100
AcDbEntity
  8
0
100
AcDbLine
 10
56.69513843702394
 20
16.55210373820118
 30
0.0
 11
59.69513843702394
 21
16.55210373820118
 31
0.0
  0
LINE
  5
20B6
330
1F
100
AcDbEntity
  8
0
100
AcDbLine
 10
41.61513843702394
 20
16.55210373820118
 30
0.0
 11
38.61513843702395
 21
16.55210373820118
 31
0.0
  0
LINE
  5
20B7
330
1F
100
AcDbEntity
  8
0
100
AcDbLine
 10
41.61513843702394
 20
31.03210373820118
 30
0.0
 11
38.61513843702395
 21
31.03210373820118
 31
0.0
  0
LINE
  5
20F6
102
{ACAD_REACTORS
330
2027
102
}
330
1F
100
AcDbEntity
  8
0
100
AcDbLine
 10
59.69513843702394
 20
31.63210373820118
 30
0.0
 11
38.61513843702395
 21
31.63210373820118
 31
0.0
  0
LINE
  5
2115
102
{ACAD_REACTORS
330
2027
102
}
330
1F
100
AcDbEntity
  8
0
100
AcDbLine
 10
59.69513843702394
 20
32.83210373820118
 30
0.0
 11
38.61513843702395
 21
32.83210373820118
 31
0.0
  0
LINE
  5
2116
102
{ACAD_REACTORS
330
2027
102
}
330
1F
100
AcDbEntity
  8
0
  6
ACAD_ISO02W100
 48
0.1
100
AcDbLine
 10
59.69513843702394
 20
32.23210373820118
 30
0.0
 11
38.61513843702395
 21
32.23210373820118
 31
0.0
  0
MTEXT
  5
2117
330
1F
100
AcDbEntity
  8
0
100
AcDbMText
 10
57.30374926539013
 20
23.36470803571365
 30
0.0
 40
0.3
 41
2.817693643009647
 46
0.0
 71
     1
 72
     5
  1
\pxqc;OPEN SPACE
 73
     1
 44
1.0
101
Embedded Object
 70
     1
 10
1.0
 20
0.0
 30
0.0
 11
57.30374926539013
 21
23.36470803571365
 31
0.0
 40
2.817693643009647
 41
0.0
 42
2.682196452933151
 43
0.3104365620736699
 71
     2
 72
     1
 44
2.817693643009647
 45
12.5
 73
     0
 74
     0
 46
0.0
  0
MTEXT
  5
2119
330
1F
100
AcDbEntity
  8
0
100
AcDbMText
 10
38.61271351888934
 20
23.36470803571365
 30
0.0
 40
0.3
 41
2.817693643009647
 46
0.0
 71
     1
 72
     5
  1
\pxqc;OPEN SPACE
 73
     1
 44
1.0
101
Embedded Object
 70
     1
 10
1.0
 20
0.0
 30
0.0
 11
38.61271351888934
 21
23.36470803571365
 31
0.0
 40
2.817693643009647
 41
0.0
 42
2.682196452933151
 43
0.3104365620736699
 71
     2
 72
     1
 44
2.817693643009647
 45
12.5
 73
     0
 74
     0
 46
0.0
  0
MULTILEADER
  5
211A
102
{ACAD_XDICTIONARY
360
211B
102
}
330
1F
100
AcDbEntity
  8
0
160
               452
310
C4010000170000000C00000016000000000000C00C00000033000000000000000C00000013000000993A00000C00000033000000000000000C00000010000000000000000C00000016000000000000C00C00000012000000FF7F00000C00000013000000010000000C00000014000000010000005400000007000000030000
310
000D9E4EB763474F40BBCAFBF1BB5F334000000000000000000D9E4EB763074F40102051471175334000000000000000000D9E4EB763474F406575A69C668A334000000000000000000C00000014000000010000000C00000013000000891300003C00000006000000020000000D9E4EB763474F4010205147117533400000
310
000000000000709748FEA4B54F40102051471175334000000000000000000C00000013000000112700003C0000000600000002000000709748FEA4B54F40102051471175334000000000000000009885FB106F6B5040102051471175334000000000000000000C00000016000000000000C00C00000012000000FF7F00000C
310
00000017000000000000000C000000130000009A3A00000C00000016000000000000C00C00000012000000FF7F00000C00000017000000FFFFFFFF0C0000003300000000000000
100
AcDbMLeader
270
     2
300
CONTEXT_DATA{
 40
1.0
 10
65.67865395128899
 20
19.45729490023228
 30
0.0
 41
4.0
140
0.5
145
2.0
174
     1
175
     1
176
     0
177
     0
290
     1
304

 11
0.0
 21
0.0
 31
1.0
340
11
 12
67.67865395128899
 22
21.45729490023228
 32
0.0
 13
1.0
 23
0.0
 33
0.0
 42
0.0
 43
0.0
 44
0.0
 45
1.0
170
     1
 90
-1073741824
171
     1
172
     5
 91
-1073741824
141
0.0
 92
        0
291
     0
292
     0
173
     0
293
     0
142
0.0
143
0.0
294
     0
295
     0
296
     0
110
62.05773059214344
120
19.45729490023228
130
0.0
111
1.0
121
0.0
131
0.0
112
0.0
122
1.0
132
0.0
297
     0
302
LEADER{
290
     1
291
     1
 10
63.41909769577512
 20
19.45729490023228
 30
0.0
 11
1.0
 21
0.0
 31
0.0
 90
        0
 40
2.259556255513868
304
LEADER_LINE{
 10
62.05773059214344
 20
19.45729490023228
 30
0.0
 91
        0
305
}
271
     0
303
}
272
     9
273
     9
301
}
340
13B
 90
1074022016
170
     1
 91
-1056964608
341
14
171
    -2
290
     1
291
     1
 41
0.0005
 42
0.5
172
     2
343
11
173
     1
 95
        1
174
     1
175
     2
 92
-1056964608
292
     0
 93
-1056964608
 10
1.0
 20
1.0
 30
1.0
 43
0.0
176
     0
293
     1
294
     0
178
     0
179
     3
 45
1.0
271
     0
272
     9
273
     9
295
     0
  0
LINE
  5
211F
330
1F
100
AcDbEntity
  8
0
100
AcDbLine
 10
64.94831231828254
 20
18.99973431815056
 30
0.0
 11
64.94831231828254
 21
19.91485548231401
 31
0.0
  0
MTEXT
  5
2120
330
1F
100
AcDbEntity
  8
0
100
AcDbMText
 10
61.74560379381057
 20
19.5554508206568
 30
0.0
 40
0.2
 41
0.2321300817169458
 46
0.0
 71
     1
 72
     5
  1
N
 73
     1
 44
1.0
101
Embedded Object
 70
     1
 10
1.0
 20
0.0
 30
0.0
 11
61.74560379381057
 21
19.5554508206568
 31
0.0
 40
0.2321300817169458
 41
0.0
 42
0.1575716234652115
 43
0.2
 71
     2
 72
     1
 44
0.2321300817169458
 45
12.5
 73
     0
 74
     0
 46
0.2
  0
MULTILEADER
  5
2149
102
{ACAD_XDICTIONARY
360
214A
102
}
330
1F
100
AcDbEntity
  8
0
160
               452
310
C4010000170000000C00000016000000000000C00C00000033000000000000000C00000013000000993A00000C00000033000000000000000C00000010000000000000000C00000016000000000000C00C00000012000000FF7F00000C00000013000000010000000C00000014000000010000005400000007000000030000
310
007D4B357E11674E400B29342E12F4484000000000000000007D4B357E11274E40B6D3DED8BCFE484000000000000000007D4B357E11674E40617E89836709494000000000000000000C00000014000000010000000C00000013000000891300003C00000006000000020000007D4B357E11674E40B6D3DED8BCFE48400000
310
000000000000E0442FC552D54E40B6D3DED8BCFE484000000000000000000C00000013000000112700003C0000000600000002000000E0442FC552D54E40B6D3DED8BCFE48400000000000000000A0B8DDE88BF64F40B6D3DED8BCFE484000000000000000000C00000016000000000000C00C00000012000000FF7F00000C
310
00000017000000000000000C000000130000009A3A00000C00000016000000000000C00C00000012000000FF7F00000C00000017000000FFFFFFFF0C0000003300000000000000
100
AcDbMLeader
270
     2
300
CONTEXT_DATA{
 40
1.0
 10
63.92614470316153
 20
49.99013815765595
 30
0.0
 41
4.0
140
0.5
145
2.0
174
     1
175
     1
176
     0
177
     0
290
     1
304

 11
0.0
 21
0.0
 31
1.0
340
11
 12
65.92614470316153
 22
51.99013815765595
 32
0.0
 13
1.0
 23
0.0
 33
0.0
 42
0.0
 43
0.0
 44
0.0
 45
1.0
170
     1
 90
-1073741824
171
     1
172
     5
 91
-1073741824
141
0.0
 92
        0
291
     0
292
     0
173
     0
293
     0
142
0.0
143
0.0
294
     0
295
     0
296
     0
110
60.30522134401596
120
49.99013815765595
130
0.0
111
1.0
121
0.0
131
0.0
112
0.0
122
1.0
132
0.0
297
     0
302
LEADER{
290
     1
291
     1
 10
61.66658844764765
 20
49.99013815765595
 30
0.0
 11
1.0
 21
0.0
 31
0.0
 90
        0
 40
2.259556255513868
304
LEADER_LINE{
 10
60.30522134401596
 20
49.99013815765595
 30
0.0
 91
        0
305
}
271
     0
303
}
272
     9
273
     9
301
}
340
13B
 90
1074022016
170
     1
 91
-1056964608
341
14
171
    -2
290
     1
291
     1
 41
0.0005
 42
0.5
172
     2
343
11
173
     1
 95
        1
174
     1
175
     2
 92
-1056964608
292
     0
 93
-1056964608
 10
1.0
 20
1.0
 30
1.0
 43
0.0
176
     0
293
     1
294
     0
178
     0
179
     3
 45
1.0
271
     0
272
     9
273
     9
295
     0
  0
MULTILEADER
  5
214E
102
{ACAD_XDICTIONARY
360
214F
102
}
330
1F
100
AcDbEntity
  8
0
160
               452
310
C4010000170000000C00000016000000000000C00C00000033000000000000000C00000013000000993A00000C00000033000000000000000C00000010000000000000000C00000016000000000000C00C00000012000000FF7F00000C00000013000000010000000C00000014000000010000005400000007000000030000
310
00757AC1D2C0414E4013402938F45349400000000000000000757AC1D2C0014E40BEEAD3E29E5E49400000000000000000757AC1D2C0414E4069957E8D4969494000000000000000000C00000014000000010000000C00000013000000891300003C0000000600000002000000757AC1D2C0414E40BEEAD3E29E5E49400000
310
000000000000D873BB1902B04E40BEEAD3E29E5E494000000000000000000C00000013000000112700003C0000000600000002000000D873BB1902B04E40BEEAD3E29E5E4940000000000000000098E7693D3BD14F40BEEAD3E29E5E494000000000000000000C00000016000000000000C00C00000012000000FF7F00000C
310
00000017000000000000000C000000130000009A3A00000C00000016000000000000C00C00000012000000FF7F00000C00000017000000FFFFFFFF0C0000003300000000000000
100
AcDbMLeader
270
     2
300
CONTEXT_DATA{
 40
1.0
 10
63.63462035819174
 20
50.73922381732471
 30
0.0
 41
4.0
140
0.5
145
2.0
174
     1
175
     1
176
     0
177
     0
290
     1
304

 11
0.0
 21
0.0
 31
1.0
340
11
 12
65.63462035819174
 22
52.73922381732472
 32
0.0
 13
1.0
 23
0.0
 33
0.0
 42
0.0
 43
0.0
 44
0.0
 45
1.0
170
     1
 90
-1073741824
171
     1
172
     5
 91
-1073741824
141
0.0
 92
        0
291
     0
292
     0
173
     0
293
     0
142
0.0
143
0.0
294
     0
295
     0
296
     0
110
60.01369699904618
120
50.73922381732471
130
0.0
111
1.0
121
0.0
131
0.0
112
0.0
122
1.0
132
0.0
297
     0
302
LEADER{
290
     1
291
     1
 10
61.37506410267786
 20
50.73922381732471
 30
0.0
 11
1.0
 21
0.0
 31
0.0
 90
        0
 40
2.259556255513868
304
LEADER_LINE{
 10
60.01369699904618
 20
50.73922381732471
 30
0.0
 91
        0
305
}
271
     0
303
}
272
     9
273
     9
301
}
340
13B
 90
1074022016
170
     1
 91
-1056964608
341
14
171
    -2
290
     1
291
     1
 41
0.0005
 42
0.5
172
     2
343
11
173
     1
 95
        1
174
     1
175
     2
 92
-1056964608
292
     0
 93
-1056964608
 10
1.0
 20
1.0
 30
1.0
 43
0.0
176
     0
293
     1
294
     0
178
     0
179
     3
 45
1.0
271
     0
272
     9
273
     9
295
     0
  0
MULTILEADER
  5
2153
102
{ACAD_XDICTIONARY
360
2154
102
}
330
1F
100
AcDbEntity
  8
0
160
               452
310
C4010000170000000C00000016000000000000C00C00000033000000000000000C00000013000000993A00000C00000033000000000000000C00000010000000000000000C00000016000000000000C00C00000012000000FF7F00000C00000013000000010000000C00000014000000010000005400000007000000030000
310
00757AC1D2C0414E400B64458D478849400000000000000000757AC1D2C0014E40B60EF037F29249400000000000000000757AC1D2C0414E4061B99AE29C9D494000000000000000000C00000014000000010000000C00000013000000891300003C0000000600000002000000757AC1D2C0414E40B60EF037F29249400000
310
000000000000D873BB1902B04E40B60EF037F292494000000000000000000C00000013000000112700003C0000000600000002000000D873BB1902B04E40B60EF037F2924940000000000000000098E7693D3BD14F40B60EF037F292494000000000000000000C00000016000000000000C00C00000012000000FF7F00000C
310
00000017000000000000000C000000130000009A3A00000C00000016000000000000C00C00000012000000FF7F00000C00000017000000FFFFFFFF0C0000003300000000000000
100
AcDbMLeader
270
     2
300
CONTEXT_DATA{
 40
1.0
 10
63.63462035819174
 20
51.14801692220265
 30
0.0
 41
4.0
140
0.5
145
2.0
174
     1
175
     1
176
     0
177
     0
290
     1
304

 11
0.0
 21
0.0
 31
1.0
340
11
 12
65.63462035819174
 22
53.14801692220264
 32
0.0
 13
1.0
 23
0.0
 33
0.0
 42
0.0
 43
0.0
 44
0.0
 45
1.0
170
     1
 90
-1073741824
171
     1
172
     5
 91
-1073741824
141
0.0
 92
        0
291
     0
292
     0
173
     0
293
     0
142
0.0
143
0.0
294
     0
295
     0
296
     0
110
60.01369699904618
120
51.14801692220265
130
0.0
111
1.0
121
0.0
131
0.0
112
0.0
122
1.0
132
0.0
297
     0
302
LEADER{
290
     1
291
     1
 10
61.37506410267786
 20
51.14801692220265
 30
0.0
 11
1.0
 21
0.0
 31
0.0
 90
        0
 40
2.259556255513868
304
LEADER_LINE{
 10
60.01369699904618
 20
51.14801692220265
 30
0.0
 91
        0
305
}
271
     0
303
}
272
     9
273
     9
301
}
340
13B
 90
1074022016
170
     1
 91
-1056964608
341
14
171
    -2
290
     1
291
     1
 41
0.0005
 42
0.5
172
     2
343
11
173
     1
 95
        1
174
     1
175
     2
 92
-1056964608
292
     0
 93
-1056964608
 10
1.0
 20
1.0
 30
1.0
 43
0.0
176
     0
293
     1
294
     0
178
     0
179
     3
 45
1.0
271
     0
272
     9
273
     9
295
     0
  0
VIEWPORT
  5
19CE
102
{ACAD_XDICTIONARY
360
19CF
102
}
330
D2
100
AcDbEntity
 67
     1
  8
0
100
AcDbViewport
 10
128.5
 20
97.5
 30
0.0
 40
558.0994408554415
 41
222.1845463069458
 68
     1
 69
     1
 12
128.5
 22
97.5
 13
0.0
 23
0.0
 14
10.0
 24
10.0
 15
10.0
 25
10.0
 16
0.0
 26
0.0
 36
1.0
 17
0.0
 27
0.0
 37
0.0
 42
50.0
 43
0.0
 44
0.0
 45
222.1845463069458
 50
0.0
 51
0.0
 72
  1000
 90
   819232
  1

281
     0
 71
     1
 74
     0
110
0.0
120
0.0
130
0.0
111
1.0
121
0.0
131
0.0
112
0.0
122
1.0
132
0.0
 79
     0
146
0.0
170
     0
 61
     5
348
F5
292
     1
282
     1
141
0.0
142
0.0
 63
   250
421
  3355443
  0
VIEWPORT
  5
19D2
102
{ACAD_XDICTIONARY
360
19D3
102
}
330
D2
100
AcDbEntity
 67
     1
  8
0
100
AcDbViewport
 10
128.5
 20
97.5
 30
0.0
 40
205.6
 41
156.0
 68
     2
 69
     2
 12
41.45649052104737
 22
36.54445447699661
 13
0.0
 23
0.0
 14
10.0
 24
10.0
 15
10.0
 25
10.0
 16
0.0
 26
0.0
 36
1.0
 17
0.0
 27
0.0
 37
0.0
 42
50.0
 43
0.0
 44
0.0
 45
59.61333415230413
 50
0.0
 51
0.0
 72
  1000
 90
   819808
  1

281
     0
 71
     1
 74
     0
110
0.0
120
0.0
130
0.0
111
1.0
121
0.0
131
0.0
112
0.0
122
1.0
132
0.0
 79
     0
146
0.0
170
     0
 61
     5
348
F5
292
     1
282
     1
141
0.0
142
0.0
 63
   250
421
  3355443
  0
ENDSEC
  0
SECTION
  2
OBJECTS
  0
DICTIONARY
  5
C
330
0
100
AcDbDictionary
281
     1
  3
ACAD_ASSOCPERSSUBENTMANAGER
350
1EBC
  3
ACAD_CIP_PREVIOUS_PRODUCT_INFO
350
216
  3
ACAD_COLOR
350
6B
  3
ACAD_DETAILVIEWSTYLE
350
21B
  3
ACAD_GROUP
350
D
  3
ACAD_LAST_SAVED_VERSION_INFO
350
2170
  3
ACAD_LAYOUT
350
1A
  3
ACAD_MATERIAL
350
6A
  3
ACAD_MLEADERSTYLE
350
12D
  3
ACAD_MLINESTYLE
350
17
  3
ACAD_PERSUBENTMGR
350
1EBD
  3
ACAD_PLOTSETTINGS
350
19
  3
ACAD_PLOTSTYLENAME
350
E
  3
ACAD_RENDER_RAPIDRT_SETTINGS
350
19A6
  3
ACAD_SCALELIST
350
10C
  3
ACAD_SECTIONVIEWSTYLE
350
219
  3
ACAD_TABLESTYLE
350
7E
  3
ACAD_VISUALSTYLE
350
EF
  3
ACDB_RECOMPOSE_DATA
350
2174
  3
AcDbVariableDictionary
350
5E
  0
DICTIONARY
  5
1FF
330
2
100
AcDbDictionary
280
     1
281
     1
  3
ACAD_LAYERSTATES
360
200
  0
DICTIONARY
  5
13C
330
10
100
AcDbDictionary
280
     1
281
     1
  0
DICTIONARY
  5
1CE
330
1F
100
AcDbDictionary
280
     1
281
     1
  3
ACAD_SORTENTS
360
2A2
  0
DICTIONARY
  5
2D7
330
2C1
100
AcDbDictionary
280
     1
281
     1
  3
ACAD_SORTENTS
360
2D8
  0
DICTIONARY
  5
AED
330
AEB
100
AcDbDictionary
280
     1
281
     1
  3
ACAD_SORTENTS
360
AEE
  0
DICTIONARY
  5
A11
330
A10
100
AcDbDictionary
280
     1
281
     1
  3
AcDbContextDataManager
360
A12
  0
DICTIONARY
  5
F1C
330
F0D
100
AcDbDictionary
280
     1
281
     1
  3
ACAD_DIMASSOC
360
F28
  0
DICTIONARY
  5
107A
330
106C
100
AcDbDictionary
280
     1
281
     1
  3
ACAD_DIMASSOC
360
1085
  0
DICTIONARY
  5
117F
330
1171
100
AcDbDictionary
280
     1
281
     1
  3
ACAD_DIMASSOC
360
118A
  0
DICTIONARY
  5
11AD
330
119F
100
AcDbDictionary
280
     1
281
     1
  3
ACAD_DIMASSOC
360
11B8
  0
DICTIONARY
  5
11DB
330
11CD
100
AcDbDictionary
280
     1
281
     1
  3
ACAD_DIMASSOC
360
11E6
  0
DICTIONARY
  5
1209
330
11FB
100
AcDbDictionary
280
     1
281
     1
  3
ACAD_DIMASSOC
360
1214
  0
DICTIONARY
  5
1237
330
1229
100
AcDbDictionary
280
     1
281
     1
  3
ACAD_DIMASSOC
360
1242
  0
DICTIONARY
  5
1283
330
1275
100
AcDbDictionary
280
     1
281
     1
  3
ACAD_DIMASSOC
360
128E
  0
DICTIONARY
  5
13B3
330
13A5
100
AcDbDictionary
280
     1
281
     1
  3
ACAD_DIMASSOC
360
13BE
  0
DICTIONARY
  5
13E1
330
13D3
100
AcDbDictionary
280
     1
281
     1
  3
ACAD_DIMASSOC
360
13EC
  0
DICTIONARY
  5
142C
330
141E
100
AcDbDictionary
280
     1
281
     1
  3
ACAD_DIMASSOC
360
1437
  0
DICTIONARY
  5
1447
330
1439
100
AcDbDictionary
280
     1
281
     1
  3
ACAD_DIMASSOC
360
1452
  0
DICTIONARY
  5
15BA
330
15AC
100
AcDbDictionary
280
     1
281
     1
  3
ACAD_DIMASSOC
360
15C5
  0
DICTIONARY
  5
1824
330
1823
100
AcDbDictionary
280
     1
281
     1
  3
AcDbContextDataManager
360
1825
  0
DICTIONARY
  5
1832
330
1831
100
AcDbDictionary
280
     1
281
     1
  3
AcDbContextDataManager
360
1833
  0
DICTIONARY
  5
1837
330
1836
100
AcDbDictionary
280
     1
281
     1
  3
AcDbContextDataManager
360
1838
  0
DICTIONARY
  5
183C
330
183B
100
AcDbDictionary
280
     1
281
     1
  3
AcDbContextDataManager
360
183D
  0
DICTIONARY
  5
1841
330
1840
100
AcDbDictionary
280
     1
281
     1
  3
AcDbContextDataManager
360
1842
  0
DICTIONARY
  5
1846
330
1845
100
AcDbDictionary
280
     1
281
     1
  3
AcDbContextDataManager
360
1847
  0
DICTIONARY
  5
184C
330
184B
100
AcDbDictionary
280
     1
281
     1
  3
AcDbContextDataManager
360
184D
  0
DICTIONARY
  5
1851
330
1850
100
AcDbDictionary
280
     1
281
     1
  3
AcDbContextDataManager
360
1852
  0
DICTIONARY
  5
1856
330
1855
100
AcDbDictionary
280
     1
281
     1
  3
AcDbContextDataManager
360
1857
  0
DICTIONARY
  5
185B
330
185A
100
AcDbDictionary
280
     1
281
     1
  3
AcDbContextDataManager
360
185C
  0
DICTIONARY
  5
1860
330
185F
100
AcDbDictionary
280
     1
281
     1
  3
AcDbContextDataManager
360
1861
  0
DICTIONARY
  5
1865
330
1864
100
AcDbDictionary
280
     1
281
     1
  3
AcDbContextDataManager
360
1866
  0
DICTIONARY
  5
186A
330
1869
100
AcDbDictionary
280
     1
281
     1
  3
AcDbContextDataManager
360
186B
  0
DICTIONARY
  5
1875
330
1874
100
AcDbDictionary
280
     1
281
     1
  3
AcDbContextDataManager
360
1876
  0
DICTIONARY
  5
1884
330
1883
100
AcDbDictionary
280
     1
281
     1
  3
AcDbContextDataManager
360
1885
  0
DICTIONARY
  5
1889
330
1888
100
AcDbDictionary
280
     1
281
     1
  3
AcDbContextDataManager
360
188A
  0
DICTIONARY
  5
188E
330
188D
100
AcDbDictionary
280
     1
281
     1
  3
AcDbContextDataManager
360
188F
  0
DICTIONARY
  5
18AF
330
18AE
100
AcDbDictionary
280
     1
281
     1
  3
AcDbContextDataManager
360
18B0
  0
DICTIONARY
  5
18B4
330
18B3
100
AcDbDictionary
280
     1
281
     1
  3
AcDbContextDataManager
360
18B5
  0
DICTIONARY
  5
18B9
330
18B8
100
AcDbDictionary
280
     1
281
     1
  3
AcDbContextDataManager
360
18BA
  0
DICTIONARY
  5
18BE
330
18BD
100
AcDbDictionary
280
     1
281
     1
  3
AcDbContextDataManager
360
18BF
  0
DICTIONARY
  5
18C3
330
18C2
100
AcDbDictionary
280
     1
281
     1
  3
AcDbContextDataManager
360
18C4
  0
DICTIONARY
  5
18C8
330
18C7
100
AcDbDictionary
280
     1
281
     1
  3
AcDbContextDataManager
360
18C9
  0
DICTIONARY
  5
18CD
330
18CC
100
AcDbDictionary
280
     1
281
     1
  3
AcDbContextDataManager
360
18CE
  0
DICTIONARY
  5
18D2
330
18D1
100
AcDbDictionary
280
     1
281
     1
  3
AcDbContextDataManager
360
18D3
  0
DICTIONARY
  5
18D7
330
18D6
100
AcDbDictionary
280
     1
281
     1
  3
AcDbContextDataManager
360
18D8
  0
DICTIONARY
  5
18DC
330
18DB
100
AcDbDictionary
280
     1
281
     1
  3
AcDbContextDataManager
360
18DD
  0
DICTIONARY
  5
18E1
330
18E0
100
AcDbDictionary
280
     1
281
     1
  3
AcDbContextDataManager
360
18E2
  0
DICTIONARY
  5
18E6
330
18E5
100
AcDbDictionary
280
     1
281
     1
  3
AcDbContextDataManager
360
18E7
  0
DICTIONARY
  5
18EB
330
18EA
100
AcDbDictionary
280
     1
281
     1
  3
AcDbContextDataManager
360
18EC
  0
DICTIONARY
  5
18F0
330
18EF
100
AcDbDictionary
280
     1
281
     1
  3
AcDbContextDataManager
360
18F1
  0
DICTIONARY
  5
18F5
330
18F4
100
AcDbDictionary
280
     1
281
     1
  3
AcDbContextDataManager
360
18F6
  0
DICTIONARY
  5
18FA
330
18F9
100
AcDbDictionary
280
     1
281
     1
  3
AcDbContextDataManager
360
18FB
  0
DICTIONARY
  5
19E6
330
19E5
100
AcDbDictionary
280
     1
281
     1
  3
AcDbContextDataManager
360
19E7
  0
DICTIONARY
  5
19F2
330
19F1
100
AcDbDictionary
280
     1
281
     1
  3
AcDbContextDataManager
360
19F3
  0
DICTIONARY
  5
19F7
330
19F6
100
AcDbDictionary
280
     1
281
     1
  3
AcDbContextDataManager
360
19F8
  0
DICTIONARY
  5
19FC
330
19FB
100
AcDbDictionary
280
     1
281
     1
  3
AcDbContextDataManager
360
19FD
  0
DICTIONARY
  5
1A01
330
1A00
100
AcDbDictionary
280
     1
281
     1
  3
AcDbContextDataManager
360
1A02
  0
DICTIONARY
  5
1A06
330
1A05
100
AcDbDictionary
280
     1
281
     1
  3
AcDbContextDataManager
360
1A07
  0
DICTIONARY
  5
1A0B
330
1A0A
100
AcDbDictionary
280
     1
281
     1
  3
AcDbContextDataManager
360
1A0C
  0
DICTIONARY
  5
1A10
330
1A0F
100
AcDbDictionary
280
     1
281
     1
  3
AcDbContextDataManager
360
1A11
  0
DICTIONARY
  5
1A15
330
1A14
100
AcDbDictionary
280
     1
281
     1
  3
AcDbContextDataManager
360
1A16
  0
DICTIONARY
  5
1A42
330
1A41
100
AcDbDictionary
280
     1
281
     1
  3
AcDbContextDataManager
360
1A43
  0
DICTIONARY
  5
1A47
330
1A46
100
AcDbDictionary
280
     1
281
     1
  3
AcDbContextDataManager
360
1A48
  0
DICTIONARY
  5
1A4C
330
1A4B
100
AcDbDictionary
280
     1
281
     1
  3
AcDbContextDataManager
360
1A4D
  0
DICTIONARY
  5
1A51
330
1A50
100
AcDbDictionary
280
     1
281
     1
  3
AcDbContextDataManager
360
1A52
  0
DICTIONARY
  5
1A56
330
1A55
100
AcDbDictionary
280
     1
281
     1
  3
AcDbContextDataManager
360
1A57
  0
DICTIONARY
  5
1A5B
330
1A5A
100
AcDbDictionary
280
     1
281
     1
  3
AcDbContextDataManager
360
1A5C
  0
DICTIONARY
  5
1A60
330
1A5F
100
AcDbDictionary
280
     1
281
     1
  3
AcDbContextDataManager
360
1A61
  0
DICTIONARY
  5
1A65
330
1A64
100
AcDbDictionary
280
     1
281
     1
  3
AcDbContextDataManager
360
1A66
  0
DICTIONARY
  5
1A6F
330
1A6E
100
AcDbDictionary
280
     1
281
     1
  3
AcDbContextDataManager
360
1A70
  0
DICTIONARY
  5
1AA8
330
1AA7
100
AcDbDictionary
280
     1
281
     1
  3
AcDbContextDataManager
360
1AA9
  0
DICTIONARY
  5
1AAF
330
1AAE
100
AcDbDictionary
280
     1
281
     1
  3
AcDbContextDataManager
360
1AB0
  0
DICTIONARY
  5
1AED
330
1ADF
100
AcDbDictionary
280
     1
281
     1
  3
ACAD_DIMASSOC
360
1AF8
  0
DICTIONARY
  5
1B1B
330
1B0D
100
AcDbDictionary
280
     1
281
     1
  3
ACAD_DIMASSOC
360
1B26
  0
DICTIONARY
  5
1B49
330
1B3B
100
AcDbDictionary
280
     1
281
     1
  3
ACAD_DIMASSOC
360
1B54
  0
DICTIONARY
  5
1BCD
330
1BBF
100
AcDbDictionary
280
     1
281
     1
  3
ACAD_DIMASSOC
360
1BD8
  0
DICTIONARY
  5
1C11
330
1C03
100
AcDbDictionary
280
     1
281
     1
  3
ACAD_DIMASSOC
360
1C1C
  0
DICTIONARY
  5
1C61
330
1C53
100
AcDbDictionary
280
     1
281
     1
  3
ACAD_DIMASSOC
360
1C6C
  0
DICTIONARY
  5
1C8F
330
1C81
100
AcDbDictionary
280
     1
281
     1
  3
ACAD_DIMASSOC
360
1C9A
  0
DICTIONARY
  5
1CEB
330
1CDD
100
AcDbDictionary
280
     1
281
     1
  3
ACAD_DIMASSOC
360
1CF6
  0
DICTIONARY
  5
1EE5
330
1EE4
100
AcDbDictionary
280
     1
281
     1
  3
AcDbContextDataManager
360
1EE7
  0
DICTIONARY
  5
1EEB
330
1EEA
100
AcDbDictionary
280
     1
281
     1
  3
AcDbContextDataManager
360
1EEC
  0
DICTIONARY
  5
1EF0
330
1EEF
100
AcDbDictionary
280
     1
281
     1
  3
AcDbContextDataManager
360
1EF1
  0
DICTIONARY
  5
1EF5
330
1EF4
100
AcDbDictionary
280
     1
281
     1
  3
AcDbContextDataManager
360
1EF6
  0
DICTIONARY
  5
1FEE
330
1FE0
100
AcDbDictionary
280
     1
281
     1
  3
ACAD_DIMASSOC
360
1FF9
  0
DICTIONARY
  5
201C
330
200E
100
AcDbDictionary
280
     1
281
     1
  3
ACAD_DIMASSOC
360
2027
  0
DICTIONARY
  5
211B
330
211A
100
AcDbDictionary
280
     1
281
     1
  3
AcDbContextDataManager
360
211C
  0
DICTIONARY
  5
214A
330
2149
100
AcDbDictionary
280
     1
281
     1
  3
AcDbContextDataManager
360
214B
  0
DICTIONARY
  5
214F
330
214E
100
AcDbDictionary
280
     1
281
     1
  3
AcDbContextDataManager
360
2150
  0
DICTIONARY
  5
2154
330
2153
100
AcDbDictionary
280
     1
281
     1
  3
AcDbContextDataManager
360
2155
  0
DICTIONARY
  5
19CF
330
19CE
100
AcDbDictionary
280
     1
281
     1
  3
ASDK_XREC_ANNOTATION_SCALE_INFO
360
19D0
  0
DICTIONARY
  5
19D3
330
19D2
100
AcDbDictionary
280
     1
281
     1
  3
ASDK_XREC_ANNOTATION_SCALE_INFO
360
19D4
  0
ACDBASSOCPERSSUBENTMANAGER
  5
1EBC
102
{ACAD_REACTORS
330
C
102
}
330
C
100
AcDbAssocPersSubentManager
 90
        2
 90
        3
 90
        0
 90
        2
 90
       11
 90
        1
 90
        7
 90
        0
 90
        1
 90
       11
 90
        6
 90
        0
 90
        0
 90
        0
 90
        0
 90
        0
 90
        0
 90
        0
 90
       11
 90
        1
 90
        2
 90
        3
 90
        4
 90
        5
 90
        6
 90
        7
 90
        8
 90
        9
 90
       10
 90
       11
 90
       11
 90
        1
 90
        2
 90
        3
 90
        4
 90
        5
 90
        6
 90
        7
 90
        8
 90
        9
 90
       10
 90
       11
 90
        0
290
     0
  0
XRECORD
  5
216
102
{ACAD_REACTORS
330
C
102
}
330
C
100
AcDbXrecord
280
     1
300
ACD
300
2025
300

  0
DICTIONARY
  5
6B
102
{ACAD_REACTORS
330
C
102
}
330
C
100
AcDbDictionary
281
     1
  0
DICTIONARY
  5
21B
102
{ACAD_REACTORS
330
C
102
}
330
C
100
AcDbDictionary
281
     1
  3
Metric50
350
21C
  0
DICTIONARY
  5
D
102
{ACAD_REACTORS
330
C
102
}
330
C
100
AcDbDictionary
281
     1
  0
XRECORD
  5
2170
102
{ACAD_REACTORS
330
C
102
}
330
C
100
AcDbXrecord
280
     1
300
{F71AE574-7D17-1F44-A7D8-3079DB05DFC9}
301
{0CC008F1-93CE-6E4F-9B34-DB7F0723C50B}
302
{F71AE574-7D17-1F44-A7D8-3079DB05DFC9}
303
C:\Users\Sakshi\Desktop\Muncipal Plan MH.dxf
  0
DICTIONARY
  5
1A
102
{ACAD_REACTORS
330
C
102
}
330
C
100
AcDbDictionary
281
     1
  3
Layout1
350
D3
  3
Layout2
350
D7
  3
Model
350
22
  0
DICTIONARY
  5
6A
102
{ACAD_REACTORS
330
C
102
}
330
C
100
AcDbDictionary
281
     1
  3
ByBlock
350
ED
  3
ByLayer
350
EC
  3
Global
350
EE
  0
DICTIONARY
  5
12D
102
{ACAD_REACTORS
330
C
102
}
330
C
100
AcDbDictionary
281
     1
  3
Annotative
350
13B
  3
Standard
350
12E
  0
DICTIONARY
  5
17
102
{ACAD_REACTORS
330
C
102
}
330
C
100
AcDbDictionary
281
     1
  3
Standard
350
18
  0
ACDBPERSSUBENTMANAGER
  5
1EBD
102
{ACAD_REACTORS
330
C
102
}
330
C
100
AcDbPersSubentManager
 90
        2
 90
        0
 90
        2
 90
        0
 90
        0
 90
        0
  0
DICTIONARY
  5
19
102
{ACAD_REACTORS
330
C
102
}
330
C
100
AcDbDictionary
281
     1
  0
ACDBDICTIONARYWDFLT
  5
E
102
{ACAD_REACTORS
330
C
102
}
330
C
100
AcDbDictionary
281
     1
  3
Normal
350
F
100
AcDbDictionaryWithDefault
340
F
  0
DICTIONARY
  5
19A6
102
{ACAD_REACTORS
330
C
102
}
330
C
100
AcDbDictionary
281
     1
  3
Coffee-Break Quality
350
19AA
  3
High
350
19A9
  3
Low
350
19A7
  3
Lunch Quality
350
19AB
  3
Medium
350
19A8
  3
Overnight Quality
350
19AC
  0
DICTIONARY
  5
10C
102
{ACAD_REACTORS
330
C
102
}
330
C
100
AcDbDictionary
281
     1
  3
A0
350
10D
  3
A1
350
1BE
  3
A2
350
1BF
  3
A3
350
1C0
  3
A4
350
1C1
  3
A5
350
1C2
  3
A6
350
1C3
  3
A7
350
1C4
  3
A8
350
1C5
  3
A9
350
1C6
  3
B0
350
1C7
  3
B1
350
1C8
  3
B2
350
1C9
  3
B3
350
1CA
  3
B4
350
1CB
  3
B5
350
1CC
  3
B6
350
1CD
  0
DICTIONARY
  5
219
102
{ACAD_REACTORS
330
C
102
}
330
C
100
AcDbDictionary
281
     1
  3
Metric50
350
21A
  0
DICTIONARY
  5
7E
102
{ACAD_REACTORS
330
C
102
}
330
C
100
AcDbDictionary
281
     1
  3
Copy of Standard
350
1822
  3
Standard
350
7F
  0
DICTIONARY
  5
EF
102
{ACAD_REACTORS
330
C
102
}
330
C
100
AcDbDictionary
281
     1
  3
2dWireframe
350
F5
  3
Basic
350
F4
  3
Brighten
350
FB
  3
ColorChange
350
FF
  3
Conceptual
350
F8
  3
Dim
350
FA
  3
EdgeColorOff
350
1E6
  3
Facepattern
350
FE
  3
Flat
350
F0
  3
FlatWithEdges
350
F1
  3
Gouraud
350
F2
  3
GouraudWithEdges
350
F3
  3
Hidden
350
F7
  3
JitterOff
350
1E4
  3
Linepattern
350
FD
  3
OverhangOff
350
1E5
  3
Realistic
350
F9
  3
Shaded
350
1F3
  3
Shaded with edges
350
1F2
  3
Shades of Gray
350
1EF
  3
Sketchy
350
1F0
  3
Thicken
350
FC
  3
Wireframe
350
F6
  3
X-Ray
350
1F1
  0
XRECORD
  5
2174
102
{ACAD_REACTORS
330
C
102
}
330
C
100
AcDbXrecord
280
     1
 90
        1
330
7F
330
1822
  0
DICTIONARY
  5
5E
102
{ACAD_REACTORS
330
C
102
}
330
C
100
AcDbDictionary
281
     1
  3
CANNOSCALE
350
146
  3
CENTEREXE
350
259
  3
CENTERLTYPEFILE
350
25A
  3
CMLEADERSTYLE
350
145
  3
CTABLESTYLE
350
84
  3
CVIEWDETAILSTYLE
350
227
  3
CVIEWSECTIONSTYLE
350
228
  3
DIMASSOC
350
5F
  3
HIDETEXT
350
63
  3
HPCOLOR
350
B5D
  3
HPTRANSPARENCY
350
B5C
  3
LAYEREVAL
350
1AE
  3
LAYERNOTIFY
350
1AF
  0
DICTIONARY
  5
200
102
{ACAD_REACTORS
330
1FF
102
}
330
1FF
100
AcDbDictionary
281
     1
  0
SORTENTSTABLE
  5
2A2
102
{ACAD_REACTORS
330
1CE
102
}
330
1CE
100
AcDbSortentsTable
330
1F
331
2A8
  5
2AC
331
2AA
  5
2B2
331
2AB
  5
2BA
331
2AC
  5
2AA
331
2AD
  5
2AF
331
2AE
  5
2B7
331
2AF
  5
2BB
331
2B1
  5
2E9
331
2B3
  5
2EB
331
2B6
  5
2A8
331
2B7
  5
2AB
331
2B9
  5
2F1
331
2BA
  5
2FC
331
2BB
  5
303
331
2BC
  5
305
331
2BD
  5
2B3
331
2BE
  5
2B9
331
2BF
  5
2AD
331
2C0
  5
2B1
331
2DB
  5
306
331
2DC
  5
307
331
2DD
  5
308
331
2DE
  5
309
331
2DF
  5
30A
331
2E0
  5
30B
331
2E1
  5
30C
331
2E2
  5
30D
331
2E3
  5
30E
331
2E4
  5
30F
331
2E5
  5
311
331
2E6
  5
313
331
2E7
  5
314
331
2E8
  5
315
331
2E9
  5
31C
331
2EA
  5
322
331
2EB
  5
323
331
2EC
  5
329
331
2ED
  5
32C
331
2EE
  5
32D
331
2EF
  5
32E
331
2F0
  5
2F3
331
2F1
  5
2F5
331
2F2
  5
2F6
331
2F3
  5
2F9
331
2F6
  5
330
331
2F7
  5
32F
331
2F8
  5
331
331
2F9
  5
332
331
2FA
  5
333
331
2FB
  5
334
331
2FC
  5
335
331
2FD
  5
336
331
2FE
  5
337
331
2FF
  5
338
331
300
  5
339
331
301
  5
33A
331
303
  5
33B
331
305
  5
33C
331
306
  5
33D
331
307
  5
33E
331
308
  5
33F
331
309
  5
340
331
30A
  5
341
331
30B
  5
342
331
30C
  5
344
331
30D
  5
345
331
30E
  5
346
331
30F
  5
347
331
311
  5
348
331
313
  5
349
331
314
  5
34A
331
315
  5
34B
331
316
  5
34C
331
317
  5
34D
331
318
  5
34E
331
319
  5
34F
331
31A
  5
350
331
31B
  5
351
331
31C
  5
352
331
31D
  5
353
331
31E
  5
354
331
31F
  5
355
331
320
  5
356
331
321
  5
357
331
322
  5
358
331
323
  5
359
331
324
  5
360
331
325
  5
361
331
326
  5
362
331
327
  5
363
331
328
  5
364
331
329
  5
365
331
32A
  5
368
331
32B
  5
369
331
32C
  5
36A
331
32D
  5
36B
331
32E
  5
36C
331
32F
  5
36D
331
330
  5
36E
331
331
  5
36F
331
332
  5
371
331
333
  5
372
331
334
  5
2F2
331
336
  5
2FA
331
337
  5
2FB
331
338
  5
2F8
331
339
  5
373
331
33A
  5
374
331
33B
  5
376
331
33C
  5
377
331
33D
  5
378
331
33E
  5
379
331
33F
  5
2ED
331
340
  5
2EE
331
341
  5
2EC
331
342
  5
2EF
331
344
  5
37B
331
345
  5
37A
331
346
  5
37D
331
347
  5
37E
331
348
  5
385
331
349
  5
386
331
34A
  5
387
331
34B
  5
389
331
34C
  5
38A
331
34D
  5
388
331
34E
  5
2F0
331
355
  5
2FE
331
356
  5
2FF
331
357
  5
300
331
358
  5
301
331
359
  5
2FD
331
362
  5
38B
331
363
  5
38C
331
364
  5
38D
331
365
  5
391
331
366
  5
392
331
367
  5
393
331
368
  5
394
331
369
  5
395
331
36A
  5
396
331
36B
  5
397
331
36C
  5
398
331
36D
  5
39B
331
36E
  5
39C
331
36F
  5
39D
331
371
  5
39E
331
372
  5
3A0
331
373
  5
39F
331
374
  5
3A1
331
376
  5
3A2
331
377
  5
3A4
331
378
  5
3A5
331
379
  5
3AB
331
37A
  5
3AC
331
37B
  5
3AA
331
37D
  5
3AD
331
37E
  5
2B6
331
37F
  5
3AE
331
380
  5
3AF
331
381
  5
3B1
331
382
  5
3B3
331
383
  5
3B4
331
384
  5
3B5
331
385
  5
3B6
331
386
  5
3B7
331
387
  5
3B8
331
388
  5
3B9
331
389
  5
3BA
331
38A
  5
2AE
331
38B
  5
3BB
331
38C
  5
3BF
331
38D
  5
3BE
331
391
  5
3C0
331
392
  5
3C1
331
393
  5
2BC
331
394
  5
2DC
331
395
  5
3C2
331
396
  5
3C5
331
397
  5
3C8
331
398
  5
3CA
331
39B
  5
3CD
331
39C
  5
3CE
331
39D
  5
3CF
331
39E
  5
3D0
331
39F
  5
3C3
331
3A0
  5
3C6
331
3A1
  5
3CB
331
3A2
  5
3C9
331
3A4
  5
3D1
331
3A5
  5
3D2
331
3AA
  5
3D4
331
3AB
  5
3D5
331
3AC
  5
3D7
331
3AD
  5
3D9
331
3AE
  5
3DB
331
3AF
  5
3DD
331
3B1
  5
3DE
331
3B3
  5
3DF
331
3B4
  5
3E0
331
3B5
  5
3E8
331
3B6
  5
2E0
331
3B7
  5
2E5
331
3B8
  5
3E9
331
3B9
  5
3ED
331
3BA
  5
3EE
331
3BB
  5
3EF
331
3C4
  5
3F0
331
3C5
  5
3F2
331
3C6
  5
400
331
3C7
  5
401
331
3C8
  5
403
331
3C9
  5
404
331
3CA
  5
405
331
3CB
  5
406
331
3CE
  5
3F8
331
3CF
  5
2E1
331
3D0
  5
3EC
331
3D1
  5
3EB
331
3D2
  5
3EA
331
3D4
  5
407
331
3D5
  5
3F4
331
3D7
  5
3F9
331
3D9
  5
40B
331
3DB
  5
40F
331
3DD
  5
412
331
3DE
  5
3F7
331
3DF
  5
3FF
331
3E0
  5
3F5
331
3E1
  5
3FE
331
3E3
  5
413
331
3E4
  5
414
331
3E5
  5
415
331
3E6
  5
417
331
3E7
  5
41C
331
3E8
  5
41E
331
3E9
  5
41F
331
3EA
  5
423
331
3EB
  5
424
331
3EC
  5
426
331
3ED
  5
2E7
331
3EE
  5
2E3
331
3EF
  5
429
331
3F0
  5
42A
331
3F2
  5
42B
331
3F4
  5
42D
331
3F5
  5
42C
331
3F7
  5
42E
331
3F8
  5
416
331
3F9
  5
418
331
3FE
  5
42F
331
3FF
  5
431
331
400
  5
432
331
401
  5
434
331
403
  5
436
331
407
  5
438
331
40A
  5
2DD
331
40B
  5
2BD
331
40D
  5
43D
331
40F
  5
43E
331
411
  5
2BF
331
412
  5
2DE
331
413
  5
439
331
414
  5
43A
331
415
  5
43B
331
416
  5
43C
331
41A
  5
440
331
41B
  5
2DF
331
41C
  5
2C0
331
41E
  5
442
331
41F
  5
441
331
420
  5
443
331
421
  5
445
331
423
  5
44A
331
424
  5
446
331
426
  5
44B
331
427
  5
44C
331
428
  5
44D
331
429
  5
44E
331
42A
  5
44F
331
42B
  5
450
331
42C
  5
420
331
42D
  5
428
331
42E
  5
421
331
42F
  5
427
331
431
  5
452
331
432
  5
451
331
434
  5
453
331
436
  5
454
331
438
  5
456
331
439
  5
455
331
43A
  5
457
331
43B
  5
458
331
43C
  5
459
331
43D
  5
45A
331
43F
  5
45B
331
440
  5
2E6
331
441
  5
2E2
331
443
  5
45C
331
444
  5
45D
331
445
  5
2E8
331
446
  5
2E4
331
44A
  5
328
331
44B
  5
321
331
44C
  5
324
331
44D
  5
325
331
44E
  5
326
331
44F
  5
327
331
450
  5
31D
331
451
  5
31E
331
452
  5
31F
331
453
  5
320
331
454
  5
45E
331
455
  5
45F
331
456
  5
462
331
457
  5
463
331
458
  5
464
331
459
  5
465
331
45A
  5
466
331
45B
  5
467
331
45C
  5
468
331
45D
  5
469
331
45E
  5
46A
331
45F
  5
46B
331
462
  5
46C
331
463
  5
46D
331
464
  5
46F
331
465
  5
470
331
466
  5
471
331
467
  5
472
331
468
  5
473
331
469
  5
474
331
46A
  5
475
331
46B
  5
476
331
46C
  5
477
331
46D
  5
478
331
46F
  5
479
331
470
  5
47A
331
471
  5
484
331
472
  5
485
331
473
  5
486
331
474
  5
487
331
475
  5
488
331
476
  5
489
331
477
  5
48B
331
478
  5
48C
331
479
  5
48E
331
47A
  5
48F
331
484
  5
32A
331
485
  5
32B
331
486
  5
490
331
487
  5
491
331
488
  5
492
331
489
  5
493
331
48B
  5
494
331
48C
  5
495
331
48E
  5
496
331
48F
  5
497
331
490
  5
498
331
491
  5
499
331
492
  5
49A
331
493
  5
49B
331
494
  5
49C
331
495
  5
49D
331
496
  5
49E
331
497
  5
49F
331
498
  5
4A0
331
499
  5
4A1
331
49A
  5
4A2
331
49B
  5
4A3
331
49C
  5
4A4
331
49D
  5
4A5
331
49E
  5
4A6
331
49F
  5
4A7
331
4A0
  5
4A8
331
4A1
  5
4A9
331
4A2
  5
4AA
331
4A3
  5
4AB
331
4A4
  5
4AC
331
4A5
  5
4AD
331
4A6
  5
4AE
331
4A7
  5
4AF
331
4A8
  5
4B0
331
4A9
  5
4B1
331
4AA
  5
4B2
331
4AB
  5
4B3
331
4AC
  5
4B4
331
4AD
  5
4B5
331
4AE
  5
4B6
331
4AF
  5
4B7
331
4B0
  5
4B8
331
4B1
  5
4BA
331
4B2
  5
4BB
331
4B3
  5
4BC
331
4B4
  5
4BD
331
4B5
  5
4BE
331
4B6
  5
4BF
331
4B7
  5
4C0
331
4B8
  5
4C1
331
4BA
  5
4C2
331
4BB
  5
4C3
331
4BC
  5
4C4
331
4BD
  5
4C5
331
4BE
  5
4C6
331
4BF
  5
4C7
331
4C0
  5
4C8
331
4C1
  5
4C9
331
4C2
  5
4CA
331
4C3
  5
4CB
331
4C4
  5
4CC
331
4C5
  5
4CD
331
4C6
  5
4CE
331
4C7
  5
4CF
331
4C8
  5
4D0
331
4C9
  5
4D1
331
4CA
  5
4D2
331
4CB
  5
4D3
331
4CC
  5
4D4
331
4CD
  5
4D5
331
4CE
  5
4D6
331
4CF
  5
4D7
331
4D0
  5
4D8
331
4D1
  5
4D9
331
4D2
  5
4DA
331
4D3
  5
4DB
331
4D4
  5
4FB
331
4D5
  5
4FC
331
4D6
  5
4FD
331
4D7
  5
4DC
331
4D8
  5
4DD
331
4D9
  5
4DE
331
4DA
  5
4E0
331
4DB
  5
4E1
331
4DC
  5
4E2
331
4DD
  5
4E3
331
4DE
  5
4F6
331
4DF
  5
4F7
331
4E0
  5
4F8
331
4E1
  5
4F9
331
4E3
  5
4FE
331
4F6
  5
500
331
4F7
  5
501
331
4F8
  5
502
331
4F9
  5
503
331
4FA
  5
504
331
4FB
  5
505
331
4FC
  5
506
331
4FD
  5
507
331
4FE
  5
508
331
4FF
  5
509
331
500
  5
50A
331
501
  5
50B
331
502
  5
50C
331
503
  5
50D
331
504
  5
50E
331
505
  5
50F
331
506
  5
510
331
507
  5
511
331
508
  5
512
331
509
  5
513
331
50A
  5
514
331
50B
  5
515
331
50C
  5
516
331
50D
  5
517
331
50E
  5
518
331
50F
  5
519
331
510
  5
51A
331
511
  5
51D
331
512
  5
51F
331
513
  5
521
331
514
  5
524
331
515
  5
525
331
516
  5
526
331
517
  5
527
331
518
  5
528
331
519
  5
529
331
51A
  5
52A
331
51D
  5
52B
331
51F
  5
54F
331
522
  5
4FA
331
524
  5
550
331
525
  5
551
331
526
  5
552
331
527
  5
3C4
331
528
  5
3C7
331
529
  5
553
331
52A
  5
554
331
52B
  5
555
331
54F
  5
556
331
550
  5
559
331
551
  5
55B
331
552
  5
55D
331
553
  5
316
331
554
  5
319
331
555
  5
55E
331
556
  5
55F
331
557
  5
560
331
558
  5
561
331
559
  5
562
331
55A
  5
563
331
55B
  5
564
331
55C
  5
565
331
55D
  5
566
331
55E
  5
567
331
55F
  5
568
331
560
  5
569
331
561
  5
56A
331
562
  5
56B
331
563
  5
56C
331
564
  5
56D
331
565
  5
56E
331
566
  5
56F
331
567
  5
570
331
568
  5
571
331
569
  5
572
331
56A
  5
573
331
56B
  5
574
331
56C
  5
575
331
56D
  5
576
331
56E
  5
578
331
56F
  5
579
331
570
  5
57A
331
571
  5
57B
331
572
  5
57C
331
573
  5
57D
331
574
  5
57E
331
575
  5
557
331
576
  5
4FF
331
578
  5
584
331
579
  5
585
331
57A
  5
57F
331
57B
  5
580
331
57C
  5
581
331
57D
  5
582
331
57E
  5
583
331
57F
  5
586
331
580
  5
588
331
581
  5
58A
331
582
  5
58C
331
583
  5
58D
331
584
  5
58E
331
585
  5
58F
331
586
  5
590
331
588
  5
591
331
58A
  5
593
331
58C
  5
595
331
58D
  5
596
331
58E
  5
597
331
58F
  5
598
331
590
  5
599
331
591
  5
59A
331
593
  5
59B
331
595
  5
59D
331
596
  5
59E
331
597
  5
59F
331
598
  5
5A1
331
599
  5
5A2
331
59A
  5
5A4
331
59B
  5
5A6
331
59D
  5
5A8
331
59E
  5
5A9
331
59F
  5
5AA
331
5A1
  5
5AB
331
5A2
  5
5AC
331
5A4
  5
5B1
331
5A6
  5
5B2
331
5A8
  5
5B3
331
5A9
  5
5B4
331
5AA
  5
5B5
331
5AB
  5
5B6
331
5AC
  5
5B7
331
5B1
  5
5B9
331
5B2
  5
5BA
331
5B3
  5
5BB
331
5B4
  5
5BC
331
5B5
  5
5BD
331
5B6
  5
5BE
331
5B7
  5
5BF
331
5B9
  5
5C0
331
5BA
  5
5C1
331
5BB
  5
5C2
331
5BC
  5
5C3
331
5BD
  5
5C5
331
5BE
  5
5C6
331
5BF
  5
5C7
331
5C0
  5
5C8
331
5C1
  5
5C9
331
5C2
  5
5CA
331
5C3
  5
5CB
331
5C5
  5
5CC
331
5C6
  5
5CE
331
5C7
  5
5CF
331
5C8
  5
5D0
331
5C9
  5
5D1
331
5CA
  5
5D2
331
5CB
  5
5D3
331
5CC
  5
5E0
331
5CE
  5
5E1
331
5CF
  5
5E2
331
5D0
  5
5E5
331
5D1
  5
5E6
331
5D2
  5
5F5
331
5D3
  5
5FC
331
5E0
  5
603
331
5E1
  5
31A
331
5E2
  5
317
331
5E4
  5
604
331
5E5
  5
31B
331
5E6
  5
318
331
5E8
  5
605
331
5E9
  5
606
331
5EA
  5
607
331
5EB
  5
609
331
5EC
  5
60B
331
5ED
  5
60C
331
5EE
  5
60D
331
5EF
  5
60E
331
5F0
  5
611
331
5F1
  5
612
331
5F4
  5
613
331
5F6
  5
5FD
331
5F8
  5
614
331
5F9
  5
5F6
331
5FA
  5
5FE
331
5FB
  5
5F8
331
5FC
  5
5F9
331
5FD
  5
5FA
331
5FE
  5
5FB
331
5FF
  5
558
331
600
  5
5E9
331
601
  5
5EB
331
602
  5
5ED
331
603
  5
5EF
331
604
  5
5F1
331
605
  5
55A
331
606
  5
55C
331
608
  5
615
331
609
  5
616
331
60B
  5
618
331
60C
  5
600
331
60D
  5
5FF
331
60F
  5
619
331
611
  5
61A
331
612
  5
602
331
613
  5
601
331
614
  5
61B
331
615
  5
61C
331
616
  5
61D
331
618
  5
61F
331
619
  5
620
331
61A
  5
621
331
61B
  5
622
331
61C
  5
62B
331
61D
  5
62C
331
61F
  5
62E
331
620
  5
630
331
621
  5
631
331
622
  5
62F
331
62B
  5
632
331
62C
  5
63F
331
62E
  5
640
331
62F
  5
641
331
630
  5
642
331
631
  5
643
331
632
  5
644
331
63F
  5
645
331
640
  5
646
331
641
  5
647
331
642
  5
648
331
643
  5
649
331
644
  5
64A
331
645
  5
64B
331
646
  5
64D
331
647
  5
64F
331
648
  5
651
331
649
  5
653
331
64A
  5
655
331
64B
  5
657
331
64D
  5
658
331
64F
  5
659
331
651
  5
65A
331
653
  5
65B
331
655
  5
65C
331
657
  5
65D
331
658
  5
5E8
331
659
  5
5EA
331
65A
  5
5EC
331
65B
  5
5EE
331
65C
  5
5F0
331
65D
  5
5F4
331
665
  5
7FB
331
666
  5
7FD
331
667
  5
7FE
331
668
  5
7A8
331
669
  5
665
331
66A
  5
7AA
331
66B
  5
66E
331
66C
  5
683
331
66E
  5
732
331
670
  5
6A6
331
673
  5
80C
331
674
  5
80F
331
675
  5
811
331
676
  5
80D
331
677
  5
669
331
678
  5
668
331
679
  5
813
331
67A
  5
816
331
67B
  5
819
331
67C
  5
81A
331
67D
  5
81B
331
67E
  5
81C
331
67F
  5
81D
331
680
  5
81E
331
681
  5
81F
331
683
  5
820
331
684
  5
821
331
685
  5
822
331
686
  5
823
331
69C
  5
7C3
331
69D
  5
7C4
331
6A0
  5
824
331
6A2
  5
825
331
6E0
  5
831
331
6F2
  5
850
331
6F3
  5
851
331
6F4
  5
852
331
6F5
  5
853
331
6F7
  5
854
331
6F9
  5
7C2
331
708
  5
843
331
709
  5
841
331
70A
  5
840
331
70B
  5
83F
331
70C
  5
83C
331
70D
  5
83B
331
70E
  5
83A
331
70F
  5
839
331
710
  5
838
331
711
  5
837
331
712
  5
834
331
713
  5
832
331
714
  5
826
331
715
  5
827
331
716
  5
828
331
717
  5
829
331
718
  5
82C
331
719
  5
82D
331
71A
  5
82E
331
71B
  5
82F
331
71C
  5
830
331
71D
  5
844
331
71E
  5
847
331
71F
  5
848
331
720
  5
84E
331
721
  5
84F
331
724
  5
855
331
725
  5
859
331
726
  5
857
331
727
  5
858
331
728
  5
7BA
331
72C
  5
85A
331
72F
  5
85B
331
730
  5
85E
331
731
  5
7C1
331
734
  5
86D
331
735
  5
881
331
74B
  5
882
331
74D
  5
883
331
74E
  5
886
331
751
  5
885
331
752
  5
887
331
753
  5
888
331
754
  5
861
331
755
  5
863
331
756
  5
865
331
757
  5
867
331
758
  5
869
331
759
  5
86C
331
75A
  5
898
331
75B
  5
8A6
331
760
  5
8A7
331
762
  5
85F
331
764
  5
8A8
331
766
  5
89D
331
767
  5
862
331
77D
  5
8AB
331
77E
  5
8BA
331
77F
  5
8BB
331
783
  5
8BC
331
784
  5
8BD
331
785
  5
8BE
331
786
  5
8BF
331
788
  5
8C0
331
789
  5
8C1
331
78A
  5
8C2
331
78B
  5
8C4
331
78D
  5
8C5
331
78E
  5
8C6
331
78F
  5
8CA
331
790
  5
8CC
331
791
  5
8CE
331
792
  5
8CF
331
793
  5
8D0
331
794
  5
8D1
331
795
  5
8D8
331
796
  5
8DE
331
797
  5
8E3
331
798
  5
8E9
331
799
  5
8EA
331
79C
  5
8EB
331
7A1
  5
8EC
331
7A2
  5
8EF
331
7A3
  5
8F2
331
7A4
  5
8F5
331
7A7
  5
8F8
331
7A8
  5
8FB
331
7A9
  5
8F3
331
7AA
  5
8F6
331
7AB
  5
8D6
331
7AC
  5
8DC
331
7AD
  5
8FA
331
7AE
  5
8E1
331
7AF
  5
8E7
331
7B4
  5
8D2
331
7B5
  5
8DA
331
7B6
  5
8F9
331
7B7
  5
8FC
331
7B8
  5
8E0
331
7B9
  5
8E5
331
7BA
  5
8EE
331
7BB
  5
8F1
331
7BC
  5
8F4
331
7BD
  5
8F7
331
7BE
  5
8ED
331
7BF
  5
8F0
331
7C0
  5
8FD
331
7C1
  5
8FE
331
7C2
  5
900
331
7C3
  5
901
331
7C4
  5
902
331
7C5
  5
904
331
7C6
  5
905
331
7C7
  5
906
331
7C8
  5
907
331
7F9
  5
908
331
7FB
  5
909
331
7FD
  5
90A
331
7FE
  5
911
331
7FF
  5
913
331
800
  5
915
331
801
  5
917
331
802
  5
919
331
803
  5
66A
331
804
  5
666
331
805
  5
667
331
807
  5
670
331
808
  5
67C
331
80B
  5
91A
331
80C
  5
866
331
80D
  5
89E
331
80E
  5
868
331
80F
  5
864
331
811
  5
91B
331
812
  5
892
331
813
  5
895
331
814
  5
899
331
815
  5
89B
331
816
  5
91C
331
817
  5
91E
331
819
  5
91F
331
81A
  5
920
331
81B
  5
921
331
81C
  5
923
331
81D
  5
924
331
81E
  5
925
331
81F
  5
926
331
82C
  5
928
331
82D
  5
929
331
82E
  5
92A
331
82F
  5
92B
331
830
  5
92C
331
831
  5
92D
331
832
  5
92E
331
834
  5
92F
331
835
  5
930
331
836
  5
931
331
837
  5
932
331
838
  5
935
331
839
  5
936
331
83A
  5
937
331
83B
  5
938
331
83C
  5
939
331
83D
  5
93A
331
83E
  5
93C
331
83F
  5
93D
331
840
  5
93F
331
841
  5
940
331
842
  5
942
331
843
  5
943
331
844
  5
944
331
845
  5
945
331
846
  5
946
331
847
  5
947
331
848
  5
948
331
849
  5
949
331
84A
  5
94A
331
84B
  5
94C
331
84C
  5
94D
331
84E
  5
94E
331
84F
  5
94F
331
850
  5
950
331
851
  5
951
331
852
  5
952
331
853
  5
953
331
854
  5
954
331
855
  5
955
331
857
  5
956
331
858
  5
957
331
859
  5
958
331
85A
  5
95A
331
85B
  5
95B
331
85C
  5
95C
331
85D
  5
95D
331
85E
  5
95E
331
85F
  5
95F
331
860
  5
960
331
861
  5
961
331
862
  5
964
331
863
  5
967
331
864
  5
968
331
865
  5
969
331
866
  5
96B
331
867
  5
96C
331
868
  5
96E
331
869
  5
972
331
86B
  5
974
331
86C
  5
975
331
881
  5
976
331
882
  5
977
331
883
  5
978
331
885
  5
97A
331
886
  5
97B
331
887
  5
97C
331
888
  5
97D
331
889
  5
97E
331
88A
  5
97F
331
88B
  5
980
331
88C
  5
981
331
88D
  5
982
331
88E
  5
983
331
890
  5
984
331
891
  5
985
331
892
  5
986
331
895
  5
987
331
897
  5
988
331
898
  5
989
331
899
  5
98A
331
89A
  5
98B
331
89B
  5
98D
331
89C
  5
98E
331
89D
  5
98F
331
89E
  5
990
331
8A6
  5
991
331
8A7
  5
992
331
8A8
  5
993
331
8AA
  5
994
331
8BA
  5
998
331
8BB
  5
996
331
8BC
  5
999
331
8BD
  5
99B
331
8BE
  5
9A8
331
8BF
  5
995
331
8C0
  5
997
331
8C1
  5
99C
331
8C2
  5
9A9
331
8C4
  5
9B9
331
8C5
  5
9BA
331
8C6
  5
9BC
331
8C8
  5
9BD
331
8CA
  5
9BF
331
8CC
  5
9C0
331
8CE
  5
9C3
331
8CF
  5
99E
331
8D0
  5
9AB
331
8D1
  5
99F
331
8D2
  5
9AC
331
8D3
  5
99D
331
8D4
  5
9AA
331
8D6
  5
9C5
331
8D8
  5
9C6
331
8DA
  5
9C7
331
8DC
  5
9C8
331
8DE
  5
9C9
331
8E0
  5
9CA
331
8E1
  5
9CB
331
8E3
  5
9CD
331
8E5
  5
9CE
331
8E7
  5
9CF
331
8E9
  5
9D2
331
8EA
  5
9A1
331
8EB
  5
9AD
331
8EC
  5
9A2
331
8ED
  5
9B0
331
8F0
  5
9A3
331
8F1
  5
9B5
331
8F2
  5
9A4
331
8F3
  5
9B6
331
8F4
  5
A09
331
8F5
  5
A0A
331
8F6
  5
A0B
331
8F7
  5
A0C
331
8F8
  5
A10
331
8F9
  5
A37
331
8FA
  5
A38
331
8FB
  5
A39
331
8FC
  5
A3A
331
8FD
  5
A3B
331
8FE
  5
A3C
331
900
  5
A3E
331
901
  5
A3F
331
902
  5
A40
331
904
  5
A4A
331
905
  5
A44
331
906
  5
A4B
331
907
  5
A4C
331
908
  5
A4D
331
909
  5
A4F
331
90A
  5
A50
331
911
  5
A51
331
913
  5
A52
331
915
  5
A53
331
917
  5
A54
331
919
  5
A55
331
91A
  5
A57
331
91B
  5
AA6
331
91C
  5
AAE
331
91E
  5
AB6
331
91F
  5
ACB
331
920
  5
AD6
331
921
  5
ADE
331
923
  5
ADF
331
924
  5
AE0
331
925
  5
AE1
331
926
  5
AE2
331
928
  5
AE4
331
929
  5
AE5
331
92A
  5
AE6
331
92B
  5
AE7
331
92C
  5
AE8
331
92D
  5
AEA
331
92E
  5
AF1
331
92F
  5
AF2
331
930
  5
AF3
331
931
  5
AF4
331
932
  5
AF5
331
937
  5
7FF
331
939
  5
806
331
93A
  5
AF6
331
93C
  5
AF7
331
93D
  5
B23
331
93F
  5
B45
331
940
  5
B6F
331
942
  5
B73
331
943
  5
B7C
331
944
  5
B74
331
945
  5
B27
331
946
  5
B46
331
947
  5
B47
331
948
  5
B6E
331
949
  5
AF8
331
94A
  5
B72
331
94C
  5
B7E
331
94D
  5
BD0
331
94E
  5
BFB
331
94F
  5
BFC
331
950
  5
BFD
331
951
  5
BFE
331
952
  5
BD2
331
953
  5
BCB
331
954
  5
808
331
955
  5
801
331
958
  5
BFF
331
959
  5
C05
331
95A
  5
BD1
331
95B
  5
B7F
331
95C
  5
809
331
95D
  5
80B
331
95E
  5
802
331
95F
  5
803
331
960
  5
BD5
331
961
  5
BCE
331
962
  5
BD4
331
963
  5
BCD
331
964
  5
BD3
331
965
  5
BCC
331
967
  5
C06
331
968
  5
C07
331
969
  5
66C
331
96B
  5
C08
331
96C
  5
C09
331
971
  5
C1E
331
972
  5
C13
331
973
  5
C21
331
974
  5
C3D
331
975
  5
C1F
331
976
  5
C20
331
977
  5
C14
331
978
  5
C22
331
979
  5
C3E
331
97A
  5
C44
331
97B
  5
C3C
331
97C
  5
C15
331
97D
  5
67D
331
97E
  5
676
331
97F
  5
67E
331
980
  5
677
331
981
  5
67F
331
982
  5
679
331
983
  5
680
331
984
  5
67A
331
985
  5
681
331
986
  5
67B
331
987
  5
66F
331
991
  5
B79
331
992
  5
804
331
993
  5
B7B
331
994
  5
805
331
995
  5
B28
331
996
  5
B7D
331
997
  5
BD6
331
998
  5
BCF
331
99B
  5
C47
331
99C
  5
C45
331
99D
  5
C46
331
99E
  5
896
331
9A1
  5
C52
331
9A2
  5
C83
331
9A3
  5
C82
331
9A4
  5
C84
331
9A8
  5
C85
331
9AA
  5
CB1
331
9AB
  5
CB2
331
9AC
  5
89C
331
9AD
  5
89A
331
9B0
  5
CB3
331
9B2
  5
CB4
331
9B3
  5
CB6
331
9B5
  5
CBE
331
9B6
  5
CB8
331
9B7
  5
CB7
331
9B8
  5
CB5
331
9B9
  5
CB9
331
9BA
  5
CBF
331
9BC
  5
CC4
331
9BD
  5
CCF
331
9BF
  5
CD1
331
9C1
  5
CEA
331
9C3
  5
CEC
331
9C5
  5
CF4
331
9C6
  5
CF2
331
9C7
  5
CF5
331
9C8
  5
CF6
331
9C9
  5
D0C
331
9CA
  5
D0D
331
9CB
  5
D0F
331
9CD
  5
D11
331
9CE
  5
D10
331
9CF
  5
D32
331
9D2
  5
D34
331
9D3
  5
D33
331
A05
  5
D3A
331
A06
  5
D3B
331
A08
  5
D45
331
A09
  5
D46
331
A0A
  5
D48
331
A0B
  5
D49
331
A0C
  5
D4A
331
A10
  5
D4B
331
A37
  5
D4C
331
A38
  5
D4E
331
A39
  5
D6A
331
A3A
  5
D4F
331
A3B
  5
D66
331
A3C
  5
D67
331
A3D
  5
D68
331
A3E
  5
D69
331
A3F
  5
D6B
331
A40
  5
D7E
331
A44
  5
D81
331
A45
  5
D82
331
A46
  5
D83
331
A47
  5
D8B
331
A49
  5
D8C
331
A4A
  5
D8D
331
A4B
  5
D93
331
A4C
  5
D94
331
A4D
  5
7C8
331
A4F
  5
D96
331
A50
  5
D97
331
A51
  5
C50
331
A52
  5
897
331
A53
  5
B26
331
A54
  5
800
331
A55
  5
807
331
A57
  5
D98
331
AA6
  5
D9F
331
AAE
  5
DA0
331
AB6
  5
DA1
331
ACB
  5
DA2
331
AD6
  5
DA8
331
ADE
  5
DBC
331
ADF
  5
DBD
331
AE0
  5
DBE
331
AE1
  5
DCA
331
AE2
  5
DD1
331
AE4
  5
DDC
331
AE5
  5
DDD
331
AE6
  5
DDE
331
AE7
  5
DE9
331
AE8
  5
E07
331
AE9
  5
E08
331
AEA
  5
E09
331
AF1
  5
E0B
331
AF2
  5
E27
331
AF3
  5
E2A
331
AF4
  5
E32
331
AF5
  5
E33
331
AF6
  5
E34
331
AF7
  5
E36
331
AF8
  5
E3D
331
B7C
  5
88B
331
B7D
  5
88E
331
B7E
  5
7C5
331
BFA
  5
7A9
331
C1A
  5
788
331
C3B
  5
7BC
331
C43
  5
7C0
331
C4F
  5
7C6
331
C6D
  5
7B9
331
C89
  5
CE4
331
CB2
  5
7AF
331
CB4
  5
889
331
CB6
  5
88C
331
CB8
  5
890
331
CF1
  5
799
331
D45
  5
7B4
331
D48
  5
88A
331
D49
  5
88D
331
D4A
  5
891
331
D65
  5
7AB
331
D7D
  5
7A4
331
DA7
  5
85D
331
DC9
  5
860
331
E09
  5
E3E
331
E0B
  5
E3F
331
E26
  5
E40
331
E29
  5
E41
331
E32
  5
E43
331
E33
  5
E44
331
E34
  5
E45
331
E36
  5
E46
331
E37
  5
E56
331
E38
  5
E57
331
E3A
  5
E58
331
E3B
  5
E59
331
E3C
  5
E5A
331
E3D
  5
E5B
331
E3E
  5
E5C
331
E3F
  5
E5D
331
E40
  5
E5E
331
E55
  5
7A7
331
E56
  5
E5F
331
E57
  5
E60
331
E58
  5
E61
331
E59
  5
E62
331
E5A
  5
E63
331
E5B
  5
E64
331
E5C
  5
E65
331
E5D
  5
E66
331
E5E
  5
E68
331
E5F
  5
E6A
331
E60
  5
E6B
331
E61
  5
E6C
331
E62
  5
E7B
331
E63
  5
E7C
331
E64
  5
E7D
331
E65
  5
E7E
331
E75
  5
E7F
331
E76
  5
E80
331
E78
  5
E81
331
E79
  5
E82
331
E7A
  5
E83
331
E7B
  5
E85
331
E7C
  5
E86
331
E7D
  5
E87
331
E7E
  5
E88
331
E7F
  5
E89
331
E80
  5
E8A
331
E81
  5
E8B
331
E82
  5
E8C
331
E83
  5
E8D
331
E85
  5
E8E
331
E86
  5
E8F
331
E87
  5
E90
331
E88
  5
E91
331
E89
  5
E92
331
E8A
  5
E93
331
E8B
  5
E94
331
E8C
  5
E95
331
E8D
  5
E96
331
E8E
  5
E97
331
E8F
  5
E98
331
E90
  5
E99
331
E91
  5
E9A
331
E92
  5
E9B
331
E93
  5
E9C
331
E94
  5
E9D
331
E95
  5
E9E
331
E96
  5
E9F
331
E97
  5
EA0
331
E98
  5
EA1
331
E99
  5
EA2
331
E9A
  5
EA3
331
E9B
  5
ED0
331
E9C
  5
ED1
331
E9D
  5
ED2
331
E9E
  5
ED3
331
ECF
  5
7F9
331
ED0
  5
EF1
331
ED1
  5
F0D
331
ED2
  5
FDB
331
ED3
  5
FDF
331
EF1
  5
106C
331
F0D
  5
109A
331
FDB
  5
1171
331
FDF
  5
119F
331
106C
  5
11CD
331
109A
  5
11FB
331
1171
  5
1229
331
119F
  5
1275
331
11CD
  5
1326
331
11FB
  5
13A5
331
1229
  5
13D3
331
1275
  5
1409
331
1326
  5
140A
331
13A5
  5
140B
331
13D3
  5
140D
331
1409
  5
140E
331
140A
  5
140F
331
140B
  5
1410
331
140D
  5
1412
331
140E
  5
1415
331
1412
  5
1416
331
1413
  5
1417
331
1414
  5
1418
331
1415
  5
1419
331
1416
  5
141D
331
1417
  5
1459
331
141E
  5
145A
331
1439
  5
14B7
331
14B6
  5
14B8
331
14B7
  5
15A4
331
14B8
  5
15AB
331
14B9
  5
1616
331
152A
  5
15AA
331
152B
  5
152A
331
15A4
  5
15AC
331
15A5
  5
168A
331
15A8
  5
168B
331
15A9
  5
16AD
331
15AA
  5
173F
331
15AB
  5
179F
331
15AC
  5
17A0
331
1616
  5
17A1
331
1681
  5
152B
331
1687
  5
17A6
331
1688
  5
17A7
331
1689
  5
17E1
331
168A
  5
17E3
331
168B
  5
17E4
331
168C
  5
17E5
331
168D
  5
17E6
331
16AD
  5
17E7
331
173F
  5
17E8
331
17BA
  5
14BA
331
17E1
  5
17E9
331
17E3
  5
17F9
331
17E4
  5
17FD
331
17E5
  5
17FE
331
17E6
  5
17FF
331
17E7
  5
1808
331
17E8
  5
180A
331
17E9
  5
180B
331
17F9
  5
180C
331
17FD
  5
1823
331
17FE
  5
1829
331
17FF
  5
182A
331
1808
  5
182B
331
180A
  5
182C
331
180B
  5
182D
331
180C
  5
182E
331
1823
  5
182F
331
1829
  5
1836
331
182A
  5
1840
331
182B
  5
1845
331
182C
  5
1830
331
182D
  5
1831
331
182E
  5
184A
331
182F
  5
184B
331
1830
  5
1850
331
1831
  5
1855
331
1836
  5
185A
331
183B
  5
185F
331
1840
  5
1864
331
1845
  5
1869
331
184A
  5
183B
331
184B
  5
1873
331
1850
  5
1874
331
1855
  5
1883
331
185A
  5
1888
331
185F
  5
188D
331
1864
  5
1894
331
1869
  5
1896
331
1873
  5
1898
331
1874
  5
189A
331
1883
  5
189D
331
1888
  5
189E
331
188D
  5
189F
331
1894
  5
18A0
331
1896
  5
18A1
331
1898
  5
18A2
331
189A
  5
18A3
331
189D
  5
18A4
331
189E
  5
18A5
331
189F
  5
18A6
331
18A0
  5
18A7
331
18A1
  5
18AB
331
18A2
  5
18AC
331
18A3
  5
18AD
331
18A4
  5
18AE
331
18A5
  5
18B3
331
18A6
  5
18B8
331
18A7
  5
18BD
331
18A8
  5
18C2
331
18A9
  5
18C7
331
18AA
  5
18CC
331
18AB
  5
18A8
331
18AC
  5
18A9
331
18AD
  5
18AA
331
18AE
  5
18D1
331
18B3
  5
18D6
331
18B8
  5
18DB
331
18BD
  5
18E0
331
18C2
  5
18E5
331
18C7
  5
18EA
331
18CC
  5
18EF
331
18D1
  5
18F4
331
18D6
  5
18F9
331
18DB
  5
19E5
331
18E0
  5
19F0
331
18E5
  5
19F1
331
18EA
  5
19F6
331
18EF
  5
19FB
331
18F4
  5
1A00
331
18F9
  5
1A05
331
19E5
  5
1A0A
331
19F0
  5
1A0F
331
19F1
  5
1A14
331
19F6
  5
1A41
331
19FB
  5
1A46
331
1A00
  5
1A4B
331
1A05
  5
1A50
331
1A0A
  5
1A55
331
1A0F
  5
1A5A
331
1A14
  5
1A5F
331
1A41
  5
1A64
331
1A46
  5
1A6B
331
1A4B
  5
1A6C
331
1A50
  5
1A6D
331
1A55
  5
1A6E
331
1A5A
  5
1AA7
331
1A5F
  5
1AAE
331
1A64
  5
1AB3
331
1A6B
  5
1AB4
331
1A6C
  5
1AB5
331
1A6D
  5
1AB6
331
1A6E
  5
1ABE
331
1AA7
  5
1ABF
331
1AAE
  5
1AC0
331
1AB3
  5
1AC1
331
1AB4
  5
1ADF
331
1AB5
  5
1B0D
331
1AB6
  5
1B3B
331
1ABE
  5
1BBF
331
1ABF
  5
1C01
331
1AC0
  5
1C02
331
1AC1
  5
1C03
331
1ADF
  5
1C31
331
1B0D
  5
1C53
331
1B3B
  5
1C81
331
1BBF
  5
1CDD
331
1C01
  5
1D29
331
1C02
  5
1D89
331
1C03
  5
1DA3
331
1C31
  5
1DBD
331
1C53
  5
1EE4
331
1C81
  5
1EEA
331
1CDD
  5
1EEF
331
1D29
  5
1EF4
331
1D89
  5
1F2F
331
1DA3
  5
1F31
331
1DBD
  5
1F3B
331
1EE4
  5
1F40
331
1EEA
  5
1F80
331
1EEF
  5
1F86
331
1EF4
  5
1F87
331
1F2F
  5
1F88
331
1F31
  5
1F90
331
1F38
  5
1F91
331
1F39
  5
1F94
331
1F3A
  5
1FAF
331
1F3B
  5
1FB0
331
1F7C
  5
1F89
331
1F85
  5
1F8F
331
1F8F
  5
1FB1
331
1F90
  5
1FB2
331
1F91
  5
1FE0
331
1F94
  5
200E
331
1FAF
  5
15A5
331
1FB0
  5
15A8
331
1FB1
  5
15A9
331
1FB2
  5
20B4
331
1FE0
  5
20B5
331
200E
  5
20B6
331
20B4
  5
20B7
331
20B5
  5
20F6
331
20B6
  5
2115
331
20B7
  5
2116
331
20F6
  5
1680
331
2115
  5
1681
331
2116
  5
1689
  0
SORTENTSTABLE
  5
2D8
102
{ACAD_REACTORS
330
2D7
102
}
330
2D7
100
AcDbSortentsTable
330
2C1
  0
SORTENTSTABLE
  5
AEE
102
{ACAD_REACTORS
330
AED
102
}
330
AED
100
AcDbSortentsTable
330
AEB
  0
DICTIONARY
  5
A12
102
{ACAD_REACTORS
330
A11
102
}
330
A11
100
AcDbDictionary
281
     1
  3
ACDB_ANNOTATIONSCALES
350
A13
  0
DIMASSOC
  5
F28
102
{ACAD_REACTORS
330
F1C
102
}
330
F1C
100
AcDbDimAssoc
330
F0D
 90
        3
 70
     0
 71
     0
  1
AcDbOsnapPointRef
 72
    13
331
6A0
 73
     2
 91
        0
 40
0.0
 10
24.94536452632946
 20
50.4496552060658
 30
0.0
 75
     0
  1
AcDbOsnapPointRef
 72
     8
331
708
 73
     2
 91
        0
 40
0.0
 10
24.94536452632946
 20
51.36269868432666
 30
0.0
 75
     1
  1
AcDbOsnapPointRef
 72
    13
331
6A0
 73
     2
 91
        0
 40
0.0
 10
24.94536452632946
 20
50.4496552060658
 30
0.0
 75
     0
  0
DIMASSOC
  5
1085
102
{ACAD_REACTORS
330
107A
102
}
330
107A
100
AcDbDimAssoc
330
106C
 90
        3
 70
     0
 71
     0
  1
AcDbOsnapPointRef
 72
     8
331
758
 73
     2
 91
        0
 40
0.2142857142857759
 10
51.14536452632946
 20
50.44965520606595
 30
0.0
 75
     1
  1
AcDbOsnapPointRef
 72
     0
 40
0.0
 10
51.14536452632946
 20
50.44965520606595
 30
0.0
 75
     0
  1
AcDbOsnapPointRef
 72
     8
331
75A
 73
     2
 91
        0
 40
0.9754098360655738
 10
51.14536452632946
 20
52.1996552060658
 30
0.0
 75
     1
  1
AcDbOsnapPointRef
 72
     8
331
758
 73
     2
 91
        0
 40
0.2142857142857759
 10
51.14536452632946
 20
50.44965520606595
 30
0.0
 75
     1
  1
AcDbOsnapPointRef
 72
     0
 40
0.0
 10
51.14536452632946
 20
50.44965520606595
 30
0.0
 75
     0
  0
DIMASSOC
  5
118A
102
{ACAD_REACTORS
330
117F
102
}
330
117F
100
AcDbDimAssoc
330
1171
 90
        3
 70
     0
 71
     0
  1
AcDbOsnapPointRef
 72
    13
331
A08
 73
     2
 91
        0
 40
0.0
 10
49.34536452632944
 20
50.44965520606578
 30
0.0
 75
     0
  1
AcDbOsnapPointRef
 72
     8
331
A0A
 73
     2
 91
        0
 40
-0.0000000000000284
 10
49.34536452632944
 20
50.89965520606579
 30
0.0
 75
     1
  1
AcDbOsnapPointRef
 72
    13
331
A08
 73
     2
 91
        0
 40
0.0
 10
49.34536452632944
 20
50.44965520606578
 30
0.0
 75
     0
  0
DIMASSOC
  5
11B8
102
{ACAD_REACTORS
330
11AD
102
}
330
11AD
100
AcDbDimAssoc
330
119F
 90
        3
 70
     0
 71
     0
  1
AcDbOsnapPointRef
 72
     1
331
75B
 73
     2
 91
        0
 40
1.0
 10
50.14536452632945
 20
53.94965520606579
 30
0.0
 75
     0
  1
AcDbOsnapPointRef
 72
     8
331
B7D
 73
     2
 91
        0
 40
0.7959183673469399
 10
50.14536452632945
 20
50.4496552060658
 30
0.0
 75
     1
  1
AcDbOsnapPointRef
 72
     1
331
75B
 73
     2
 91
        0
 40
1.0
 10
50.14536452632945
 20
53.94965520606579
 30
0.0
 75
     0
  0
DIMASSOC
  5
11E6
102
{ACAD_REACTORS
330
11DB
102
}
330
11DB
100
AcDbDimAssoc
330
11CD
 90
        3
 70
     0
 71
     0
  1
AcDbOsnapPointRef
 72
    11
331
E57
 73
     2
 91
        0
 40
0.0000000000000178
 10
51.14536452632946
 20
49.99965520606581
 30
0.0
332
665
 74
     2
 92
        0
 75
     0
  1
AcDbOsnapPointRef
 72
    11
331
B7D
 73
     2
 91
        0
 40
1.0
 10
51.14536452632946
 20
50.44965520606579
 30
0.0
332
758
 74
     2
 92
        0
 75
     0
  0
DIMASSOC
  5
1214
102
{ACAD_REACTORS
330
1209
102
}
330
1209
100
AcDbDimAssoc
330
11FB
 90
        3
 70
     0
 71
     0
  1
AcDbOsnapPointRef
 72
     2
331
93C
 73
     2
 91
        0
 40
0.5
 10
33.54536452632945
 20
51.6496552060658
 30
0.0
 75
     0
  1
AcDbOsnapPointRef
 72
     8
331
66A
 73
     2
 91
        0
 40
0.6333333333333333
 10
33.54536452632945
 20
50.44965520606581
 30
0.0
 75
     1
  1
AcDbOsnapPointRef
 72
     2
331
93C
 73
     2
 91
        0
 40
0.5
 10
33.54536452632945
 20
51.6496552060658
 30
0.0
 75
     0
  0
DIMASSOC
  5
1242
102
{ACAD_REACTORS
330
1237
102
}
330
1237
100
AcDbDimAssoc
330
1229
 90
        3
 70
     0
 71
     0
  1
AcDbOsnapPointRef
 72
    13
331
9C1
 73
     2
 91
        0
 40
0.0
 10
48.64536452632946
 20
52.1996552060658
 30
0.0
 75
     0
  1
AcDbOsnapPointRef
 72
     8
331
9C3
 73
     2
 91
        0
 40
-0.0000000000001776
 10
48.64536452632942
 20
53.19965520606579
 30
0.0
 75
     1
  1
AcDbOsnapPointRef
 72
    13
331
9C1
 73
     2
 91
        0
 40
0.0
 10
48.64536452632946
 20
52.1996552060658
 30
0.0
 75
     0
  0
DIMASSOC
  5
128E
102
{ACAD_REACTORS
330
1283
102
}
330
1283
100
AcDbDimAssoc
330
1275
 90
        3
 70
     0
 71
     0
  1
AcDbOsnapPointRef
 72
     1
331
735
 73
     2
 91
        0
 40
1.0
 10
35.54536452632945
 20
50.4496552060658
 30
0.0
 75
     0
  1
AcDbOsnapPointRef
 72
    13
331
735
 73
     2
 91
        0
 40
0.0
 10
35.54536452632945
 20
50.8996552060658
 30
0.0
 75
     0
  0
DIMASSOC
  5
13BE
102
{ACAD_REACTORS
330
13B3
102
}
330
13B3
100
AcDbDimAssoc
330
13A5
 90
        3
 70
     0
 71
     0
  1
AcDbOsnapPointRef
 72
    13
331
94D
 73
     2
 91
        0
 40
0.0
 10
38.04536452632947
 20
53.3996552060658
 30
0.0
 75
     0
  1
AcDbOsnapPointRef
 72
     8
331
731
 73
     2
 91
        0
 40
0.5000000000000059
 10
38.04536452632947
 20
52.1996552060658
 30
0.0
 75
     1
  1
AcDbOsnapPointRef
 72
    13
331
94D
 73
     2
 91
        0
 40
0.0
 10
38.04536452632947
 20
53.3996552060658
 30
0.0
 75
     0
  0
DIMASSOC
  5
13EC
102
{ACAD_REACTORS
330
13E1
102
}
330
13E1
100
AcDbDimAssoc
330
13D3
 90
        1
 70
     0
 71
     0
  1
AcDbOsnapPointRef
 72
     8
331
80E
 73
     2
 91
        0
 40
0.0000000000000041
 10
50.14536452632945
 20
52.19965520606581
 30
0.0
 75
     1
  1
AcDbOsnapPointRef
 72
     0
 40
0.0
 10
50.14536452632945
 20
52.19965520606581
 30
0.0
 75
     0
  0
DIMASSOC
  5
1437
102
{ACAD_REACTORS
330
142C
102
}
330
142C
100
AcDbDimAssoc
330
141E
 90
        1
 70
     0
 71
     0
  1
AcDbOsnapPointRef
 72
    13
331
2AD
 73
     2
 91
        0
 40
0.0
 10
17.56595502642926
 20
16.55210373820118
 30
0.0
 75
     0
  0
DIMASSOC
  5
1452
102
{ACAD_REACTORS
330
1447
102
}
330
1447
100
AcDbDimAssoc
330
1439
 90
        3
 70
     0
 71
     0
  1
AcDbOsnapPointRef
 72
    13
331
519
 73
     2
 91
        1
 40
0.0
 10
4.565955026429264
 20
42.95210373820117
 30
0.0
 75
     0
  1
AcDbOsnapPointRef
 72
     1
331
514
 73
     2
 91
        1
 40
1.0
 10
17.56595502642926
 20
42.95210373820117
 30
0.0
 75
     0
  0
DIMASSOC
  5
15C5
102
{ACAD_REACTORS
330
15BA
102
}
330
15BA
100
AcDbDimAssoc
330
15AC
 90
        3
 70
     0
 71
     0
  1
AcDbOsnapPointRef
 72
    13
331
152A
 73
     2
 91
        0
 40
0.0
 10
46.01513843702394
 20
18.95210373820118
 30
0.0
 75
     0
  1
AcDbOsnapPointRef
 72
    13
331
15A4
 73
     2
 91
        0
 40
0.0
 10
51.09513843702394
 20
18.95210373820118
 30
0.0
 75
     0
  0
DICTIONARY
  5
1825
102
{ACAD_REACTORS
330
1824
102
}
330
1824
100
AcDbDictionary
281
     1
  3
ACDB_ANNOTATIONSCALES
350
1826
  0
DICTIONARY
  5
1833
102
{ACAD_REACTORS
330
1832
102
}
330
1832
100
AcDbDictionary
281
     1
  3
ACDB_ANNOTATIONSCALES
350
1834
  0
DICTIONARY
  5
1838
102
{ACAD_REACTORS
330
1837
102
}
330
1837
100
AcDbDictionary
281
     1
  3
ACDB_ANNOTATIONSCALES
350
1839
  0
DICTIONARY
  5
183D
102
{ACAD_REACTORS
330
183C
102
}
330
183C
100
AcDbDictionary
281
     1
  3
ACDB_ANNOTATIONSCALES
350
183E
  0
DICTIONARY
  5
1842
102
{ACAD_REACTORS
330
1841
102
}
330
1841
100
AcDbDictionary
281
     1
  3
ACDB_ANNOTATIONSCALES
350
1843
  0
DICTIONARY
  5
1847
102
{ACAD_REACTORS
330
1846
102
}
330
1846
100
AcDbDictionary
281
     1
  3
ACDB_ANNOTATIONSCALES
350
1848
  0
DICTIONARY
  5
184D
102
{ACAD_REACTORS
330
184C
102
}
330
184C
100
AcDbDictionary
281
     1
  3
ACDB_ANNOTATIONSCALES
350
184E
  0
DICTIONARY
  5
1852
102
{ACAD_REACTORS
330
1851
102
}
330
1851
100
AcDbDictionary
281
     1
  3
ACDB_ANNOTATIONSCALES
350
1853
  0
DICTIONARY
  5
1857
102
{ACAD_REACTORS
330
1856
102
}
330
1856
100
AcDbDictionary
281
     1
  3
ACDB_ANNOTATIONSCALES
350
1858
  0
DICTIONARY
  5
185C
102
{ACAD_REACTORS
330
185B
102
}
330
185B
100
AcDbDictionary
281
     1
  3
ACDB_ANNOTATIONSCALES
350
185D
  0
DICTIONARY
  5
1861
102
{ACAD_REACTORS
330
1860
102
}
330
1860
100
AcDbDictionary
281
     1
  3
ACDB_ANNOTATIONSCALES
350
1862
  0
DICTIONARY
  5
1866
102
{ACAD_REACTORS
330
1865
102
}
330
1865
100
AcDbDictionary
281
     1
  3
ACDB_ANNOTATIONSCALES
350
1867
  0
DICTIONARY
  5
186B
102
{ACAD_REACTORS
330
186A
102
}
330
186A
100
AcDbDictionary
281
     1
  3
ACDB_ANNOTATIONSCALES
350
186C
  0
DICTIONARY
  5
1876
102
{ACAD_REACTORS
330
1875
102
}
330
1875
100
AcDbDictionary
281
     1
  3
ACDB_ANNOTATIONSCALES
350
1877
  0
DICTIONARY
  5
1885
102
{ACAD_REACTORS
330
1884
102
}
330
1884
100
AcDbDictionary
281
     1
  3
ACDB_ANNOTATIONSCALES
350
1886
  0
DICTIONARY
  5
188A
102
{ACAD_REACTORS
330
1889
102
}
330
1889
100
AcDbDictionary
281
     1
  3
ACDB_ANNOTATIONSCALES
350
188B
  0
DICTIONARY
  5
188F
102
{ACAD_REACTORS
330
188E
102
}
330
188E
100
AcDbDictionary
281
     1
  3
ACDB_ANNOTATIONSCALES
350
1890
  0
DICTIONARY
  5
18B0
102
{ACAD_REACTORS
330
18AF
102
}
330
18AF
100
AcDbDictionary
281
     1
  3
ACDB_ANNOTATIONSCALES
350
18B1
  0
DICTIONARY
  5
18B5
102
{ACAD_REACTORS
330
18B4
102
}
330
18B4
100
AcDbDictionary
281
     1
  3
ACDB_ANNOTATIONSCALES
350
18B6
  0
DICTIONARY
  5
18BA
102
{ACAD_REACTORS
330
18B9
102
}
330
18B9
100
AcDbDictionary
281
     1
  3
ACDB_ANNOTATIONSCALES
350
18BB
  0
DICTIONARY
  5
18BF
102
{ACAD_REACTORS
330
18BE
102
}
330
18BE
100
AcDbDictionary
281
     1
  3
ACDB_ANNOTATIONSCALES
350
18C0
  0
DICTIONARY
  5
18C4
102
{ACAD_REACTORS
330
18C3
102
}
330
18C3
100
AcDbDictionary
281
     1
  3
ACDB_ANNOTATIONSCALES
350
18C5
  0
DICTIONARY
  5
18C9
102
{ACAD_REACTORS
330
18C8
102
}
330
18C8
100
AcDbDictionary
281
     1
  3
ACDB_ANNOTATIONSCALES
350
18CA
  0
DICTIONARY
  5
18CE
102
{ACAD_REACTORS
330
18CD
102
}
330
18CD
100
AcDbDictionary
281
     1
  3
ACDB_ANNOTATIONSCALES
350
18CF
  0
DICTIONARY
  5
18D3
102
{ACAD_REACTORS
330
18D2
102
}
330
18D2
100
AcDbDictionary
281
     1
  3
ACDB_ANNOTATIONSCALES
350
18D4
  0
DICTIONARY
  5
18D8
102
{ACAD_REACTORS
330
18D7
102
}
330
18D7
100
AcDbDictionary
281
     1
  3
ACDB_ANNOTATIONSCALES
350
18D9
  0
DICTIONARY
  5
18DD
102
{ACAD_REACTORS
330
18DC
102
}
330
18DC
100
AcDbDictionary
281
     1
  3
ACDB_ANNOTATIONSCALES
350
18DE
  0
DICTIONARY
  5
18E2
102
{ACAD_REACTORS
330
18E1
102
}
330
18E1
100
AcDbDictionary
281
     1
  3
ACDB_ANNOTATIONSCALES
350
18E3
  0
DICTIONARY
  5
18E7
102
{ACAD_REACTORS
330
18E6
102
}
330
18E6
100
AcDbDictionary
281
     1
  3
ACDB_ANNOTATIONSCALES
350
18E8
  0
DICTIONARY
  5
18EC
102
{ACAD_REACTORS
330
18EB
102
}
330
18EB
100
AcDbDictionary
281
     1
  3
ACDB_ANNOTATIONSCALES
350
18ED
  0
DICTIONARY
  5
18F1
102
{ACAD_REACTORS
330
18F0
102
}
330
18F0
100
AcDbDictionary
281
     1
  3
ACDB_ANNOTATIONSCALES
350
18F2
  0
DICTIONARY
  5
18F6
102
{ACAD_REACTORS
330
18F5
102
}
330
18F5
100
AcDbDictionary
281
     1
  3
ACDB_ANNOTATIONSCALES
350
18F7
  0
DICTIONARY
  5
18FB
102
{ACAD_REACTORS
330
18FA
102
}
330
18FA
100
AcDbDictionary
281
     1
  3
ACDB_ANNOTATIONSCALES
350
18FC
  0
DICTIONARY
  5
19E7
102
{ACAD_REACTORS
330
19E6
102
}
330
19E6
100
AcDbDictionary
281
     1
  3
ACDB_ANNOTATIONSCALES
350
19E8
  0
DICTIONARY
  5
19F3
102
{ACAD_REACTORS
330
19F2
102
}
330
19F2
100
AcDbDictionary
281
     1
  3
ACDB_ANNOTATIONSCALES
350
19F4
  0
DICTIONARY
  5
19F8
102
{ACAD_REACTORS
330
19F7
102
}
330
19F7
100
AcDbDictionary
281
     1
  3
ACDB_ANNOTATIONSCALES
350
19F9
  0
DICTIONARY
  5
19FD
102
{ACAD_REACTORS
330
19FC
102
}
330
19FC
100
AcDbDictionary
281
     1
  3
ACDB_ANNOTATIONSCALES
350
19FE
  0
DICTIONARY
  5
1A02
102
{ACAD_REACTORS
330
1A01
102
}
330
1A01
100
AcDbDictionary
281
     1
  3
ACDB_ANNOTATIONSCALES
350
1A03
  0
DICTIONARY
  5
1A07
102
{ACAD_REACTORS
330
1A06
102
}
330
1A06
100
AcDbDictionary
281
     1
  3
ACDB_ANNOTATIONSCALES
350
1A08
  0
DICTIONARY
  5
1A0C
102
{ACAD_REACTORS
330
1A0B
102
}
330
1A0B
100
AcDbDictionary
281
     1
  3
ACDB_ANNOTATIONSCALES
350
1A0D
  0
DICTIONARY
  5
1A11
102
{ACAD_REACTORS
330
1A10
102
}
330
1A10
100
AcDbDictionary
281
     1
  3
ACDB_ANNOTATIONSCALES
350
1A12
  0
DICTIONARY
  5
1A16
102
{ACAD_REACTORS
330
1A15
102
}
330
1A15
100
AcDbDictionary
281
     1
  3
ACDB_ANNOTATIONSCALES
350
1A17
  0
DICTIONARY
  5
1A43
102
{ACAD_REACTORS
330
1A42
102
}
330
1A42
100
AcDbDictionary
281
     1
  3
ACDB_ANNOTATIONSCALES
350
1A44
  0
DICTIONARY
  5
1A48
102
{ACAD_REACTORS
330
1A47
102
}
330
1A47
100
AcDbDictionary
281
     1
  3
ACDB_ANNOTATIONSCALES
350
1A49
  0
DICTIONARY
  5
1A4D
102
{ACAD_REACTORS
330
1A4C
102
}
330
1A4C
100
AcDbDictionary
281
     1
  3
ACDB_ANNOTATIONSCALES
350
1A4E
  0
DICTIONARY
  5
1A52
102
{ACAD_REACTORS
330
1A51
102
}
330
1A51
100
AcDbDictionary
281
     1
  3
ACDB_ANNOTATIONSCALES
350
1A53
  0
DICTIONARY
  5
1A57
102
{ACAD_REACTORS
330
1A56
102
}
330
1A56
100
AcDbDictionary
281
     1
  3
ACDB_ANNOTATIONSCALES
350
1A58
  0
DICTIONARY
  5
1A5C
102
{ACAD_REACTORS
330
1A5B
102
}
330
1A5B
100
AcDbDictionary
281
     1
  3
ACDB_ANNOTATIONSCALES
350
1A5D
  0
DICTIONARY
  5
1A61
102
{ACAD_REACTORS
330
1A60
102
}
330
1A60
100
AcDbDictionary
281
     1
  3
ACDB_ANNOTATIONSCALES
350
1A62
  0
DICTIONARY
  5
1A66
102
{ACAD_REACTORS
330
1A65
102
}
330
1A65
100
AcDbDictionary
281
     1
  3
ACDB_ANNOTATIONSCALES
350
1A67
  0
DICTIONARY
  5
1A70
102
{ACAD_REACTORS
330
1A6F
102
}
330
1A6F
100
AcDbDictionary
281
     1
  3
ACDB_ANNOTATIONSCALES
350
1A71
  0
DICTIONARY
  5
1AA9
102
{ACAD_REACTORS
330
1AA8
102
}
330
1AA8
100
AcDbDictionary
281
     1
  3
ACDB_ANNOTATIONSCALES
350
1AAA
  0
DICTIONARY
  5
1AB0
102
{ACAD_REACTORS
330
1AAF
102
}
330
1AAF
100
AcDbDictionary
281
     1
  3
ACDB_ANNOTATIONSCALES
350
1AB1
  0
DIMASSOC
  5
1AF8
102
{ACAD_REACTORS
330
1AED
102
}
330
1AED
100
AcDbDimAssoc
330
1ADF
 90
        3
 70
     0
 71
     0
  1
AcDbOsnapPointRef
 72
     2
331
4FF
 73
     2
 91
        4
 40
0.5000000000000059
 10
4.565955026429264
 20
16.70210373820118
 30
0.0
 75
     0
  1
AcDbOsnapPointRef
 72
     2
331
506
 73
     2
 91
        4
 40
0.4999999999999912
 10
4.565955026429264
 20
19.75210373820118
 30
0.0
 75
     0
  0
DIMASSOC
  5
1B26
102
{ACAD_REACTORS
330
1B1B
102
}
330
1B1B
100
AcDbDimAssoc
330
1B0D
 90
        2
 70
     0
 71
     0
  1
AcDbOsnapPointRef
 72
     2
331
507
 73
     2
 91
        4
 40
0.5000000000000089
 10
4.565955026429264
 20
21.45210373820118
 30
0.0
 75
     0
  0
DIMASSOC
  5
1B54
102
{ACAD_REACTORS
330
1B49
102
}
330
1B49
100
AcDbDimAssoc
330
1B3B
 90
        2
 70
     0
 71
     0
  1
AcDbOsnapPointRef
 72
     2
331
508
 73
     2
 91
        4
 40
0.4999999999999912
 10
4.565955026429264
 20
23.25210373820118
 30
0.0
 75
     0
  0
DIMASSOC
  5
1BD8
102
{ACAD_REACTORS
330
1BCD
102
}
330
1BCD
100
AcDbDimAssoc
330
1BBF
 90
        2
 70
     0
 71
     0
  1
AcDbOsnapPointRef
 72
     2
331
510
 73
     2
 91
        4
 40
0.4999999999999912
 10
4.565955026429264
 20
31.95210373820118
 30
0.0
 75
     0
  0
DIMASSOC
  5
1C1C
102
{ACAD_REACTORS
330
1C11
102
}
330
1C11
100
AcDbDimAssoc
330
1C03
 90
        3
 70
     0
 71
     0
  1
AcDbOsnapPointRef
 72
     2
331
509
 73
     2
 91
        4
 40
0.5000000000000089
 10
4.565955026429264
 20
25.45210373820118
 30
0.0
 75
     0
  1
AcDbOsnapPointRef
 72
     2
331
1C01
 73
     2
 91
        4
 40
0.5
 10
4.565955026429264
 20
27.75210373820118
 30
0.0
 75
     0
  0
DIMASSOC
  5
1C6C
102
{ACAD_REACTORS
330
1C61
102
}
330
1C61
100
AcDbDimAssoc
330
1C53
 90
        3
 70
     0
 71
     0
  1
AcDbOsnapPointRef
 72
     2
331
4FF
 73
     2
 91
        3
 40
0.5
 10
4.715955026429265
 20
16.55210373820118
 30
0.0
 75
     0
  1
AcDbOsnapPointRef
 72
     2
331
500
 73
     2
 91
        3
 40
0.5
 10
7.565955026429273
 20
16.55210373820118
 30
0.0
 75
     0
  0
DIMASSOC
  5
1C9A
102
{ACAD_REACTORS
330
1C8F
102
}
330
1C8F
100
AcDbDimAssoc
330
1C81
 90
        2
 70
     0
 71
     0
  1
AcDbOsnapPointRef
 72
     2
331
501
 73
     2
 91
        3
 40
0.5
 10
9.765955026429269
 20
16.55210373820118
 30
0.0
 75
     0
  0
DIMASSOC
  5
1CF6
102
{ACAD_REACTORS
330
1CEB
102
}
330
1CEB
100
AcDbDimAssoc
330
1CDD
 90
        3
 70
     0
 71
     0
  1
AcDbOsnapPointRef
 72
     2
331
513
 73
     2
 91
        2
 40
0.5
 10
17.56595502642926
 20
38.95210373820118
 30
0.0
 75
     0
  1
AcDbOsnapPointRef
 72
     2
331
52B
 73
     2
 91
        2
 40
0.5
 10
17.56595502642926
 20
36.55210373820118
 30
0.0
 75
     0
  0
DICTIONARY
  5
1EE7
102
{ACAD_REACTORS
330
1EE5
102
}
330
1EE5
100
AcDbDictionary
281
     1
  3
ACDB_ANNOTATIONSCALES
350
1EE8
  0
DICTIONARY
  5
1EEC
102
{ACAD_REACTORS
330
1EEB
102
}
330
1EEB
100
AcDbDictionary
281
     1
  3
ACDB_ANNOTATIONSCALES
350
1EED
  0
DICTIONARY
  5
1EF1
102
{ACAD_REACTORS
330
1EF0
102
}
330
1EF0
100
AcDbDictionary
281
     1
  3
ACDB_ANNOTATIONSCALES
350
1EF2
  0
DICTIONARY
  5
1EF6
102
{ACAD_REACTORS
330
1EF5
102
}
330
1EF5
100
AcDbDictionary
281
     1
  3
ACDB_ANNOTATIONSCALES
350
1EF7
  0
DIMASSOC
  5
1FF9
102
{ACAD_REACTORS
330
1FEE
102
}
330
1FEE
100
AcDbDimAssoc
330
1FE0
 90
        3
 70
     0
 71
     0
  1
AcDbOsnapPointRef
 72
     8
331
1688
 73
     2
 91
        0
 40
0.5000000000000027
 10
42.41513843702394
 20
27.09210373820118
 30
0.0
 75
     1
  1
AcDbOsnapPointRef
 72
     0
 40
0.0
 10
42.41513843702394
 20
27.09210373820118
 30
0.0
 75
     0
  1
AcDbOsnapPointRef
 72
     8
331
14B6
 73
     2
 91
        0
 40
0.7279005524861879
 10
41.61513843702394
 20
27.09210373820118
 30
0.0
 75
     1
  1
AcDbOsnapPointRef
 72
     8
331
1688
 73
     2
 91
        0
 40
0.5000000000000027
 10
42.41513843702394
 20
27.09210373820118
 30
0.0
 75
     1
  1
AcDbOsnapPointRef
 72
     0
 40
0.0
 10
42.41513843702394
 20
27.09210373820118
 30
0.0
 75
     0
  0
DIMASSOC
  5
2027
102
{ACAD_REACTORS
330
201C
102
}
330
201C
100
AcDbDimAssoc
330
200E
 90
        3
 70
     0
 71
     0
  1
AcDbOsnapPointRef
 72
     2
331
15A5
 73
     2
 91
        0
 40
0.5000000000000001
 10
48.55513843702394
 20
29.83210373820119
 30
0.0
 75
     0
  1
AcDbOsnapPointRef
 72
     8
331
14B9
 73
     2
 91
        0
 40
0.5397877984084882
 10
48.55513843702394
 20
31.03210373820118
 30
0.0
 75
     1
  1
AcDbOsnapPointRef
 72
     2
331
15A5
 73
     2
 91
        0
 40
0.5000000000000001
 10
48.55513843702394
 20
29.83210373820119
 30
0.0
 75
     0
  0
DICTIONARY
  5
211C
102
{ACAD_REACTORS
330
211B
102
}
330
211B
100
AcDbDictionary
281
     1
  3
ACDB_ANNOTATIONSCALES
350
211D
  0
DICTIONARY
  5
214B
102
{ACAD_REACTORS
330
214A
102
}
330
214A
100
AcDbDictionary
281
     1
  3
ACDB_ANNOTATIONSCALES
350
214C
  0
DICTIONARY
  5
2150
102
{ACAD_REACTORS
330
214F
102
}
330
214F
100
AcDbDictionary
281
     1
  3
ACDB_ANNOTATIONSCALES
350
2151
  0
DICTIONARY
  5
2155
102
{ACAD_REACTORS
330
2154
102
}
330
2154
100
AcDbDictionary
281
     1
  3
ACDB_ANNOTATIONSCALES
350
2156
  0
XRECORD
  5
19D0
102
{ACAD_REACTORS
330
19CF
102
}
330
19CF
100
AcDbXrecord
280
     1
 90
        1
340
10D
  0
XRECORD
  5
19D4
102
{ACAD_REACTORS
330
19D3
102
}
330
19D3
100
AcDbXrecord
280
     1
 90
        1
340
10D
  0
ACDBDETAILVIEWSTYLE
  5
21C
102
{ACAD_REACTORS
330
21B
102
}
330
21B
100
AcDbModelDocViewStyle
 70
     0
  3
Metric50
290
     0
300
Metric50
 90
        0
100
AcDbDetailViewStyle
 70
     0
 71
     0
 90
        3
 71
     1
340
11
 62
   256
 40
5.0
340
0
 62
   256
 40
5.0
300

 40
0.0
280
     1
 71
     2
340
16
 90
       25
 62
   256
 71
     3
340
11
 62
   256
 40
5.0
 90
        0
 40
15.0
 90
        1
300
%<\AcVar ViewDetailId>% (%<\AcVar ViewScale \f "%sn">%)
 71
     4
340
16
 90
       25
 62
   256
340
16
 90
       25
 62
   256
280
     0
  0
LAYOUT
  5
D3
102
{ACAD_REACTORS
330
1A
102
}
330
1A
100
AcDbPlotSettings
  1

  2
none_device
  4
ISO_A4_(210.00_x_297.00_MM)
  6

 40
7.5
 41
20.0
 42
7.5
 43
20.0
 44
210.0
 45
297.0
 46
0.0
 47
0.0
 48
0.0
 49
0.0
140
0.0
141
0.0
142
1.0
143
1.0
 70
   688
 72
     1
 73
     1
 74
     5
  7

 75
    16
147
1.0
 76
     0
 77
     2
 78
   300
148
0.0
149
0.0
100
AcDbLayout
  1
Layout1
 70
     1
 71
     1
 10
-20.0
 20
-7.5
 11
277.0
 21
202.5
 12
0.0
 22
0.0
 32
0.0
 14
25.69999999999999
 24
19.5
 34
0.0
 15
231.3
 25
175.5
 35
0.0
146
0.0
 13
0.0
 23
0.0
 33
0.0
 16
1.0
 26
0.0
 36
0.0
 17
0.0
 27
1.0
 37
0.0
 76
     0
330
D2
331
19CE
1001
ACAD_PSEXT
1000
None
1000
None
1000
Not applicable
1000
The layout will not be plotted unless a new plotter configuration name is selected.
1070
     0
  0
LAYOUT
  5
D7
102
{ACAD_REACTORS
330
1A
102
}
330
1A
100
AcDbPlotSettings
  1

  2
C:\Documents and Settings\basas\Application Data\Autodesk\AutoCAD 2005\R16.1\enu\plotters\Default Windows System Printer.pc3
  4

  6

 40
0.0
 41
0.0
 42
0.0
 43
0.0
 44
0.0
 45
0.0
 46
0.0
 47
0.0
 48
0.0
 49
0.0
140
0.0
141
0.0
142
1.0
143
1.0
 70
   688
 72
     0
 73
     0
 74
     5
  7

 75
    16
147
1.0
 76
     0
 77
     2
 78
   300
148
0.0
149
0.0
100
AcDbLayout
  1
Layout2
 70
     1
 71
     2
 10
0.0
 20
0.0
 11
12.0
 21
9.0
 12
0.0
 22
0.0
 32
0.0
 14
0.0
 24
0.0
 34
0.0
 15
0.0
 25
0.0
 35
0.0
146
0.0
 13
0.0
 23
0.0
 33
0.0
 16
1.0
 26
0.0
 36
0.0
 17
0.0
 27
1.0
 37
0.0
 76
     0
330
D6
  0
LAYOUT
  5
22
102
{ACAD_XDICTIONARY
360
205
102
}
102
{ACAD_REACTORS
330
1A
102
}
330
1A
100
AcDbPlotSettings
  1

  2
DWG To PDF.pc3
  4
ISO_A1_(841.00_x_594.00_MM)
  6

 40
5.0
 41
17.0
 42
5.0
 43
17.0
 44
841.0
 45
594.0
 46
11.54999923706054
 47
-13.65000009536743
 48
0.0
 49
0.0
140
0.0
141
0.0
142
1.0
143
0.1501785714285714
 70
 11952
 72
     1
 73
     1
 74
     2
  7

 75
     0
147
6.658739595719382
 76
     0
 77
     2
 78
   300
148
0.0
149
0.0
100
AcDbLayout
  1
Model
 70
     1
 71
     0
 10
0.0
 20
0.0
 11
12.0
 21
9.0
 12
0.0
 22
0.0
 32
0.0
 14
0.0
 24
0.0
 34
0.0
 15
0.0
 25
0.0
 35
0.0
146
0.0
 13
0.0
 23
0.0
 33
0.0
 16
1.0
 26
0.0
 36
0.0
 17
0.0
 27
1.0
 37
0.0
 76
     0
330
1F
331
EA
1001
ACAD_PSEXT
1000
DWG To PDF.pc3
1000
DWG To PDF
1000
File
1000

1070
     0
  0
MATERIAL
  5
ED
102
{ACAD_XDICTIONARY
360
1F9
102
}
102
{ACAD_REACTORS
330
6A
102
}
330
6A
100
AcDbMaterial
  1
ByBlock
 94
       63
  0
MATERIAL
  5
EC
102
{ACAD_XDICTIONARY
360
1F7
102
}
102
{ACAD_REACTORS
330
6A
102
}
330
6A
100
AcDbMaterial
  1
ByLayer
 94
       63
  0
MATERIAL
  5
EE
102
{ACAD_XDICTIONARY
360
173
102
}
102
{ACAD_REACTORS
330
6A
102
}
330
6A
100
AcDbMaterial
  1
Global
 43
0.0007999999797903
 43
0.0
 43
0.0
 43
0.0
 43
0.0
 43
0.0007999999797903
 43
0.0
 43
0.0
 43
0.0
 43
0.0
 43
1.0
 43
0.0
 43
0.0
 43
0.0
 43
0.0
 43
1.0
 49
0.0007999999797903
 49
0.0
 49
0.0
 49
0.0
 49
0.0
 49
0.0007999999797903
 49
0.0
 49
0.0
 49
0.0
 49
0.0
 49
1.0
 49
0.0
 49
0.0
 49
0.0
 49
0.0
 49
1.0
142
0.0007999999797903
142
0.0
142
0.0
142
0.0
142
0.0
142
0.0007999999797903
142
0.0
142
0.0
142
0.0
142
0.0
142
1.0
142
0.0
142
0.0
142
0.0
142
0.0
142
1.0
144
0.0007999999797903
144
0.0
144
0.0
144
0.0
144
0.0
144
0.0007999999797903
144
0.0
144
0.0
144
0.0
144
0.0
144
1.0
144
0.0
144
0.0
144
0.0
144
0.0
144
1.0
 94
       63
1001
ACAD
1070
    -1
1070
     3
1070
     0
1000

1071
        0
1070
     0
  0
MLEADERSTYLE
  5
13B
102
{ACAD_REACTORS
330
12D
330
1EE4
330
1EEA
330
1EEF
330
1EF4
330
211A
330
2149
330
214E
330
2153
102
}
330
12D
100
AcDbMLeaderStyle
179
     2
170
     2
171
     1
172
     0
 90
        2
 40
0.0
 41
0.0
173
     1
 91
-1056964608
340
14
 92
       -2
290
     1
 42
2.0
291
     1
 43
8.0
  3
Standard
 44
4.0
300

342
11
174
     1
178
     1
175
     1
176
     0
 93
-1056964608
 45
4.0
292
     0
297
     0
 46
4.0
 94
-1056964608
 47
1.0
 49
1.0
140
1.0
293
     1
141
0.0
294
     1
177
     0
142
1.0
295
     0
296
     1
143
3.75
271
     0
272
     9
273
     9
298
     0
  0
MLEADERSTYLE
  5
12E
102
{ACAD_REACTORS
330
12D
102
}
330
12D
100
AcDbMLeaderStyle
179
     2
170
     2
171
     1
172
     0
 90
        2
 40
0.0
 41
0.0
173
     1
 91
-1056964608
340
14
 92
       -2
290
     1
 42
2.0
291
     1
 43
8.0
  3
Standard
 44
4.0
300

342
11
174
     1
178
     1
175
     1
176
     0
 93
-1056964608
 45
4.0
292
     0
297
     0
 46
4.0
 94
-1056964608
 47
1.0
 49
1.0
140
1.0
293
     1
141
0.0
294
     1
177
     0
142
1.0
295
     0
296
     0
143
3.75
271
     0
272
     9
273
     9
298
     0
  0
MLINESTYLE
  5
18
102
{ACAD_REACTORS
330
17
102
}
330
17
100
AcDbMlineStyle
  2
STANDARD
 70
     0
  3

 62
   256
 51
90.0
 52
90.0
 71
     2
 49
0.5
 62
   256
  6
BYLAYER
 49
-0.5
 62
   256
  6
BYLAYER
  0
ACDBPLACEHOLDER
  5
F
102
{ACAD_REACTORS
330
E
102
}
330
E
  0
RAPIDRTRENDERSETTINGS
  5
19AA
102
{ACAD_REACTORS
330
19A6
102
}
330
19A6
100
AcDbRenderSettings
 90
        2
  1
Coffee-Break Quality
290
     1
290
     0
290
     1
290
     1
  1

  1
Renders for 10 minutes
 90
        3
100
AcDbRapidRTRenderSettings
 90
        3
 70
     1
 90
        1
 90
       10
 70
     1
 70
     2
 40
3.0
 40
3.0
290
     1
  0
RAPIDRTRENDERSETTINGS
  5
19A9
102
{ACAD_REACTORS
330
19A6
102
}
330
19A6
100
AcDbRenderSettings
 90
        2
  1
High
290
     1
290
     0
290
     1
290
     1
  1

  1
Applies 10 rendering levels
 90
        2
100
AcDbRapidRTRenderSettings
 90
        3
 70
     0
 90
       10
 90
        1
 70
     2
 70
     2
 40
3.0
 40
3.0
290
     1
  0
RAPIDRTRENDERSETTINGS
  5
19A7
102
{ACAD_REACTORS
330
19A6
102
}
330
19A6
100
AcDbRenderSettings
 90
        2
  1
Low
290
     1
290
     0
290
     1
290
     1
  1

  1
Applies 1 rendering level
 90
        0
100
AcDbRapidRTRenderSettings
 90
        3
 70
     0
 90
        1
 90
        1
 70
     0
 70
     2
 40
3.0
 40
3.0
290
     1
  0
RAPIDRTRENDERSETTINGS
  5
19AB
102
{ACAD_REACTORS
330
19A6
102
}
330
19A6
100
AcDbRenderSettings
 90
        2
  1
Lunch Quality
290
     1
290
     0
290
     1
290
     1
  1

  1
Renders for 60 minutes
 90
        4
100
AcDbRapidRTRenderSettings
 90
        3
 70
     1
 90
        1
 90
       60
 70
     2
 70
     2
 40
3.0
 40
3.0
290
     1
  0
RAPIDRTRENDERSETTINGS
  5
19A8
102
{ACAD_REACTORS
330
19A6
102
}
330
19A6
100
AcDbRenderSettings
 90
        2
  1
Medium
290
     1
290
     0
290
     1
290
     1
  1

  1
Applies 5 rendering levels
 90
        1
100
AcDbRapidRTRenderSettings
 90
        3
 70
     0
 90
        5
 90
        1
 70
     1
 70
     2
 40
3.0
 40
3.0
290
     1
  0
RAPIDRTRENDERSETTINGS
  5
19AC
102
{ACAD_REACTORS
330
19A6
102
}
330
19A6
100
AcDbRenderSettings
 90
        2
  1
Overnight Quality
290
     1
290
     0
290
     1
290
     1
  1

  1
Renders for 12 hours
 90
        5
100
AcDbRapidRTRenderSettings
 90
        3
 70
     1
 90
        1
 90
      720
 70
     2
 70
     2
 40
3.0
 40
3.0
290
     1
  0
SCALE
  5
10D
102
{ACAD_REACTORS
330
10C
102
}
330
10C
100
AcDbScale
 70
     0
300
1:1
140
1.0
141
1.0
290
     1
  0
SCALE
  5
1BE
102
{ACAD_REACTORS
330
10C
102
}
330
10C
100
AcDbScale
 70
     0
300
1:2
140
1.0
141
2.0
290
     0
  0
SCALE
  5
1BF
102
{ACAD_REACTORS
330
10C
102
}
330
10C
100
AcDbScale
 70
     0
300
1:4
140
1.0
141
4.0
290
     0
  0
SCALE
  5
1C0
102
{ACAD_REACTORS
330
10C
102
}
330
10C
100
AcDbScale
 70
     0
300
1:5
140
1.0
141
5.0
290
     0
  0
SCALE
  5
1C1
102
{ACAD_REACTORS
330
10C
102
}
330
10C
100
AcDbScale
 70
     0
300
1:8
140
1.0
141
8.0
290
     0
  0
SCALE
  5
1C2
102
{ACAD_REACTORS
330
10C
102
}
330
10C
100
AcDbScale
 70
     0
300
1:10
140
1.0
141
10.0
290
     0
  0
SCALE
  5
1C3
102
{ACAD_REACTORS
330
10C
102
}
330
10C
100
AcDbScale
 70
     0
300
1:16
140
1.0
141
16.0
290
     0
  0
SCALE
  5
1C4
102
{ACAD_REACTORS
330
10C
102
}
330
10C
100
AcDbScale
 70
     0
300
1:20
140
1.0
141
20.0
290
     0
  0
SCALE
  5
1C5
102
{ACAD_REACTORS
330
10C
102
}
330
10C
100
AcDbScale
 70
     0
300
1:30
140
1.0
141
30.0
290
     0
  0
SCALE
  5
1C6
102
{ACAD_REACTORS
330
10C
102
}
330
10C
100
AcDbScale
 70
     0
300
1:40
140
1.0
141
40.0
290
     0
  0
SCALE
  5
1C7
102
{ACAD_REACTORS
330
10C
102
}
330
10C
100
AcDbScale
 70
     0
300
1:50
140
1.0
141
50.0
290
     0
  0
SCALE
  5
1C8
102
{ACAD_REACTORS
330
10C
102
}
330
10C
100
AcDbScale
 70
     0
300
1:100
140
1.0
141
100.0
290
     0
  0
SCALE
  5
1C9
102
{ACAD_REACTORS
330
10C
102
}
330
10C
100
AcDbScale
 70
     0
300
2:1
140
2.0
141
1.0
290
     0
  0
SCALE
  5
1CA
102
{ACAD_REACTORS
330
10C
102
}
330
10C
100
AcDbScale
 70
     0
300
4:1
140
4.0
141
1.0
290
     0
  0
SCALE
  5
1CB
102
{ACAD_REACTORS
330
10C
102
}
330
10C
100
AcDbScale
 70
     0
300
8:1
140
8.0
141
1.0
290
     0
  0
SCALE
  5
1CC
102
{ACAD_REACTORS
330
10C
102
}
330
10C
100
AcDbScale
 70
     0
300
10:1
140
10.0
141
1.0
290
     0
  0
SCALE
  5
1CD
102
{ACAD_REACTORS
330
10C
102
}
330
10C
100
AcDbScale
 70
     0
300
100:1
140
100.0
141
1.0
290
     0
  0
ACDBSECTIONVIEWSTYLE
  5
21A
102
{ACAD_REACTORS
330
219
102
}
330
219
100
AcDbModelDocViewStyle
 70
     0
  3
Metric50
290
     0
300
Metric50
 90
        0
100
AcDbSectionViewStyle
 70
     0
 71
     0
 90
      102
 71
     1
340
11
 62
   256
 40
5.0
340
0
340
0
 62
   256
 40
5.0
300
I, O, Q, S, X, Z
 40
10.0
 90
        0
 40
2.5
 90
        0
 71
     2
340
16
 90
       25
 62
   256
340
16
 90
       50
 62
   256
 40
5.0
 40
2.5
 40
5.0
 71
     3
340
11
 62
   256
 40
5.0
 90
        0
 40
15.0
 90
        1
300
%<\AcVar ViewSectionStartId>%-%<\AcVar ViewSectionEndId>% (%<\AcVar ViewScale \f "%sn">%)
 71
     4
 62
   256
 62
   257
300
ANSI31
 40
1.0
 90
        0
290
     0
290
     0
 90
        6
 40
0.0
 40
1.570796326794896
 40
0.2617993877991494
 40
1.308996938995747
 40
-0.2617993877991494
 40
1.832595714594046
  0
TABLESTYLE
  5
1822
102
{ACAD_XDICTIONARY
360
2172
102
}
102
{ACAD_REACTORS
330
7E
102
}
330
7E
100
AcDbTableStyle
280
     0
  3
Standard
 70
     0
 71
     0
 40
1.5
 41
1.5
280
     0
281
     0
  7
Standard
140
4.5
170
     2
 62
     0
 63
     7
283
     0
 90
      512
 91
        0
  1

274
    -2
284
     1
 64
     0
275
    -2
285
     1
 65
     0
276
    -2
286
     1
 66
     0
277
    -2
287
     1
 67
     0
278
    -2
288
     1
 68
     0
279
    -2
289
     1
 69
     0
  7
Standard
140
6.0
170
     5
 62
     0
 63
     7
283
     0
 90
      512
 91
        0
  1

274
    -2
284
     1
 64
     0
275
    -2
285
     1
 65
     0
276
    -2
286
     1
 66
     0
277
    -2
287
     1
 67
     0
278
    -2
288
     1
 68
     0
279
    -2
289
     1
 69
     0
  7
Standard
140
4.5
170
     5
 62
     0
 63
     7
283
     0
 90
      512
 91
        0
  1

274
    -2
284
     1
 64
     0
275
    -2
285
     1
 65
     0
276
    -2
286
     1
 66
     0
277
    -2
287
     1
 67
     0
278
    -2
288
     1
 68
     0
279
    -2
289
     1
 69
     0
  0
TABLESTYLE
  5
7F
102
{ACAD_XDICTIONARY
360
162
102
}
102
{ACAD_REACTORS
330
7E
102
}
330
7E
100
AcDbTableStyle
280
     0
  3
Standard
 70
     0
 71
     0
 40
1.5
 41
1.5
280
     0
281
     0
  7
Standard
140
4.5
170
     2
 62
     0
 63
     7
283
     0
 90
      512
 91
        0
  1

274
    -2
284
     1
 64
     0
275
    -2
285
     1
 65
     0
276
    -2
286
     1
 66
     0
277
    -2
287
     1
 67
     0
278
    -2
288
     1
 68
     0
279
    -2
289
     1
 69
     0
  7
Standard
140
6.0
170
     5
 62
     0
 63
     7
283
     0
 90
      512
 91
        0
  1

274
    -2
284
     1
 64
     0
275
    -2
285
     1
 65
     0
276
    -2
286
     1
 66
     0
277
    -2
287
     1
 67
     0
278
    -2
288
     1
 68
     0
279
    -2
289
     1
 69
     0
  7
Standard
140
4.5
170
     5
 62
     0
 63
     7
283
     0
 90
      512
 91
        0
  1

274
    -2
284
     1
 64
     0
275
    -2
285
     1
 65
     0
276
    -2
286
     1
 66
     0
277
    -2
287
     1
 67
     0
278
    -2
288
     1
 68
     0
279
    -2
289
     1
 69
     0
  0
VISUALSTYLE
  5
F5
102
{ACAD_REACTORS
330
EF
102
}
330
EF
100
AcDbVisualStyle
  2
2dWireframe
 70
     4
177
     3
291
     0
 70
    58
 90
        0
176
     1
 90
        2
176
     1
 90
        1
176
     1
 90
        0
176
     1
 40
0.6
176
     1
 40
30.0
176
     1
 62
     7
420
 16777215
176
     1
 90
        1
176
     1
 90
        4
176
     1
 62
     7
176
     1
 62
   257
176
     1
 90
        1
176
     1
 90
        1
176
     1
 40
1.0
176
     1
 90
        0
176
     1
 62
   257
176
     1
 40
1.0
176
     1
 90
        1
176
     1
 90
        6
176
     1
 90
        2
176
     1
 62
     7
176
     1
 90
        5
176
     1
 90
        0
176
     1
 90
        0
176
     1
290
     0
176
     1
 90
        1
176
     1
 40
0.0
176
     1
 90
        0
176
     1
290
     1
176
     1
290
     1
176
     1
290
     0
176
     1
290
     0
176
     1
290
     0
176
     1
290
     0
176
     1
290
     0
176
     1
290
     0
176
     1
290
     0
176
     1
 90
       50
176
     1
 40
0.0
176
     1
 40
1.0
176
     1
 90
        0
176
     1
 62
    18
420
        0
176
     1
 90
       50
176
     1
 90
        3
176
     1
 62
     5
420
      255
176
     1
290
     0
176
     1
 90
       50
176
     1
 90
       50
176
     1
 90
       50
176
     1
290
     0
176
     1
 90
       50
176
     1
 62
   256
176
     0
 40
1.0
176
     0
 90
        2
176
     1
  1
strokes_ogs.tif
176
     1
290
     0
176
     1
 40
1.0
176
     1
 40
1.0
176
     1
  0
VISUALSTYLE
  5
F4
102
{ACAD_REACTORS
330
EF
102
}
330
EF
100
AcDbVisualStyle
  2
Basic
 70
     7
177
     3
291
     1
 70
    58
 90
        1
176
     1
 90
        0
176
     1
 90
        1
176
     1
 90
        0
176
     1
 40
0.6
176
     1
 40
30.0
176
     1
 62
     7
420
 16777215
176
     1
 90
        0
176
     1
 90
        4
176
     1
 62
     7
176
     1
 62
   257
176
     1
 90
        1
176
     1
 90
        1
176
     1
 40
1.0
176
     1
 90
        8
176
     1
 62
     7
176
     1
 40
1.0
176
     1
 90
        1
176
     1
 90
        6
176
     1
 90
        2
176
     1
 62
     7
176
     1
 90
        5
176
     1
 90
        0
176
     1
 90
        0
176
     1
290
     0
176
     1
 90
        1
176
     1
 40
0.0
176
     1
 90
        0
176
     1
290
     0
176
     1
290
     1
176
     1
290
     1
176
     1
290
     0
176
     1
290
     0
176
     1
290
     0
176
     1
290
     0
176
     1
290
     0
176
     1
290
     0
176
     1
 90
       50
176
     1
 40
0.0
176
     1
 40
1.0
176
     1
 90
        0
176
     1
 62
    18
420
        0
176
     1
 90
       50
176
     1
 90
        3
176
     1
 62
     5
420
      255
176
     1
290
     0
176
     1
 90
       50
176
     1
 90
       50
176
     1
 90
       50
176
     1
290
     0
176
     1
 90
       50
176
     1
 62
   256
176
     0
 40
1.0
176
     0
 90
        2
176
     1
  1
strokes_ogs.tif
176
     1
290
     0
176
     1
 40
1.0
176
     1
 40
1.0
176
     1
  0
VISUALSTYLE
  5
FB
102
{ACAD_REACTORS
330
EF
102
}
330
EF
100
AcDbVisualStyle
  2
Brighten
 70
    12
177
     3
291
     1
 70
    58
 90
        2
176
     1
 90
        2
176
     1
 90
        1
176
     1
 90
        0
176
     1
 40
0.6
176
     1
 40
30.0
176
     1
 62
     7
420
 16777215
176
     1
 90
        1
176
     1
 90
        4
176
     1
 62
     7
176
     1
 62
   257
176
     1
 90
        1
176
     1
 90
        1
176
     1
 40
1.0
176
     1
 90
        8
176
     1
 62
     7
176
     1
 40
1.0
176
     1
 90
        1
176
     1
 90
        6
176
     1
 90
        2
176
     1
 62
     7
176
     1
 90
        5
176
     1
 90
        0
176
     1
 90
        0
176
     1
290
     0
176
     1
 90
        1
176
     1
 40
50.0
176
     1
 90
        0
176
     1
290
     0
176
     1
290
     1
176
     1
290
     1
176
     1
290
     0
176
     1
290
     0
176
     1
290
     0
176
     1
290
     0
176
     1
290
     0
176
     1
290
     0
176
     1
 90
       50
176
     1
 40
0.0
176
     1
 40
1.0
176
     1
 90
        0
176
     1
 62
    18
420
        0
176
     1
 90
       50
176
     1
 90
        3
176
     1
 62
     5
420
      255
176
     1
290
     0
176
     1
 90
       50
176
     1
 90
       50
176
     1
 90
       50
176
     1
290
     0
176
     1
 90
       50
176
     1
 62
   256
176
     0
 40
1.0
176
     0
 90
        2
176
     1
  1
strokes_ogs.tif
176
     1
290
     0
176
     1
 40
1.0
176
     1
 40
1.0
176
     1
  0
VISUALSTYLE
  5
FF
102
{ACAD_REACTORS
330
EF
102
}
330
EF
100
AcDbVisualStyle
  2
ColorChange
 70
    16
177
     3
291
     1
 70
    58
 90
        2
176
     1
 90
        2
176
     1
 90
        3
176
     1
 90
        0
176
     1
 40
0.6
176
     1
 40
30.0
176
     1
 62
     8
420
  8421504
176
     1
 90
        1
176
     1
 90
        4
176
     1
 62
     7
176
     1
 62
   257
176
     1
 90
        1
176
     1
 90
        1
176
     1
 40
1.0
176
     1
 90
        8
176
     1
 62
     8
420
  8421504
176
     1
 40
1.0
176
     1
 90
        1
176
     1
 90
        6
176
     1
 90
        2
176
     1
 62
     7
176
     1
 90
        5
176
     1
 90
        0
176
     1
 90
        0
176
     1
290
     0
176
     1
 90
        1
176
     1
 40
0.0
176
     1
 90
        0
176
     1
290
     0
176
     1
290
     1
176
     1
290
     1
176
     1
290
     0
176
     1
290
     0
176
     1
290
     0
176
     1
290
     0
176
     1
290
     0
176
     1
290
     0
176
     1
 90
       50
176
     1
 40
0.0
176
     1
 40
1.0
176
     1
 90
        0
176
     1
 62
    18
420
        0
176
     1
 90
       50
176
     1
 90
        3
176
     1
 62
     5
420
      255
176
     1
290
     0
176
     1
 90
       50
176
     1
 90
       50
176
     1
 90
       50
176
     1
290
     0
176
     1
 90
       50
176
     1
 62
   256
176
     0
 40
1.0
176
     0
 90
        2
176
     1
  1
strokes_ogs.tif
176
     1
290
     0
176
     1
 40
1.0
176
     1
 40
1.0
176
     1
  0
VISUALSTYLE
  5
F8
102
{ACAD_REACTORS
330
EF
102
}
330
EF
100
AcDbVisualStyle
  2
Conceptual
 70
     9
177
     3
291
     0
 70
    58
 90
        3
176
     1
 90
        2
176
     1
 90
        1
176
     1
 90
        0
176
     1
 40
0.6
176
     1
 40
30.0
176
     1
 62
     7
420
 16777215
176
     1
 90
        2
176
     1
 90
        2
176
     1
 62
     7
176
     1
 62
   257
176
     1
 90
        1
176
     1
 90
        1
176
     1
 40
40.0
176
     1
 90
        8
176
     1
 62
     7
176
     1
 40
1.0
176
     1
 90
        1
176
     1
 90
        6
176
     1
 90
        2
176
     1
 62
     7
176
     1
 90
        3
176
     1
 90
        0
176
     1
 90
        0
176
     1
290
     0
176
     1
 90
        1
176
     1
 40
0.0
176
     1
 90
        0
176
     1
290
     0
176
     1
290
     1
176
     1
290
     1
176
     1
290
     0
176
     1
290
     0
176
     1
290
     0
176
     1
290
     0
176
     1
290
     0
176
     1
290
     0
176
     1
 90
       50
176
     1
 40
0.0
176
     1
 40
1.0
176
     1
 90
        0
176
     1
 62
    18
420
        0
176
     1
 90
       50
176
     1
 90
        3
176
     1
 62
     5
420
      255
176
     1
290
     0
176
     1
 90
       50
176
     1
 90
       50
176
     1
 90
       50
176
     1
290
     0
176
     1
 90
       50
176
     1
 62
   256
176
     0
 40
1.0
176
     0
 90
        2
176
     1
  1
strokes_ogs.tif
176
     1
290
     0
176
     1
 40
1.0
176
     1
 40
1.0
176
     1
  0
VISUALSTYLE
  5
FA
102
{ACAD_REACTORS
330
EF
102
}
330
EF
100
AcDbVisualStyle
  2
Dim
 70
    11
177
     3
291
     1
 70
    58
 90
        2
176
     1
 90
        2
176
     1
 90
        1
176
     1
 90
        0
176
     1
 40
0.6
176
     1
 40
30.0
176
     1
 62
     7
420
 16777215
176
     1
 90
        1
176
     1
 90
        4
176
     1
 62
     7
176
     1
 62
   257
176
     1
 90
        1
176
     1
 90
        1
176
     1
 40
1.0
176
     1
 90
        8
176
     1
 62
     7
176
     1
 40
1.0
176
     1
 90
        1
176
     1
 90
        6
176
     1
 90
        2
176
     1
 62
     7
176
     1
 90
        5
176
     1
 90
        0
176
     1
 90
        0
176
     1
290
     0
176
     1
 90
        1
176
     1
 40
-50.0
176
     1
 90
        0
176
     1
290
     0
176
     1
290
     1
176
     1
290
     1
176
     1
290
     0
176
     1
290
     0
176
     1
290
     0
176
     1
290
     0
176
     1
290
     0
176
     1
290
     0
176
     1
 90
       50
176
     1
 40
0.0
176
     1
 40
1.0
176
     1
 90
        0
176
     1
 62
    18
420
        0
176
     1
 90
       50
176
     1
 90
        3
176
     1
 62
     5
420
      255
176
     1
290
     0
176
     1
 90
       50
176
     1
 90
       50
176
     1
 90
       50
176
     1
290
     0
176
     1
 90
       50
176
     1
 62
   256
176
     0
 40
1.0
176
     0
 90
        2
176
     1
  1
strokes_ogs.tif
176
     1
290
     0
176
     1
 40
1.0
176
     1
 40
1.0
176
     1
  0
VISUALSTYLE
  5
1E6
102
{ACAD_REACTORS
330
EF
102
}
330
EF
100
AcDbVisualStyle
  2
EdgeColorOff
 70
    22
177
     3
291
     1
 70
    58
 90
        2
176
     0
 90
        2
176
     0
 90
        0
176
     0
 90
        0
176
     0
 40
0.6
176
     0
 40
30.0
176
     0
 62
     7
420
 16777215
176
     0
 90
        1
176
     0
 90
        4
176
     0
 62
     7
176
     0
 62
   257
176
     0
 90
        1
176
     0
 90
        1
176
     0
 40
1.0
176
     0
 90
        8
176
     2
 62
     7
176
     0
 40
1.0
176
     0
 90
        1
176
     0
 90
        6
176
     0
 90
        2
176
     0
 62
     7
176
     0
 90
        5
176
     0
 90
        0
176
     0
 90
        0
176
     0
290
     0
176
     0
 90
        1
176
     0
 40
0.0
176
     0
 90
        0
176
     0
290
     0
176
     1
290
     1
176
     1
290
     1
176
     1
290
     0
176
     1
290
     0
176
     1
290
     0
176
     1
290
     0
176
     1
290
     0
176
     1
290
     0
176
     1
 90
       50
176
     1
 40
0.0
176
     1
 40
1.0
176
     1
 90
        0
176
     1
 62
    18
420
        0
176
     1
 90
       50
176
     1
 90
        3
176
     1
 62
     5
420
      255
176
     1
290
     0
176
     1
 90
       50
176
     1
 90
       50
176
     1
 90
       50
176
     1
290
     0
176
     1
 90
       50
176
     1
 62
   256
176
     0
 40
1.0
176
     0
 90
        2
176
     1
  1
strokes_ogs.tif
176
     1
290
     0
176
     1
 40
1.0
176
     1
 40
1.0
176
     1
  0
VISUALSTYLE
  5
FE
102
{ACAD_REACTORS
330
EF
102
}
330
EF
100
AcDbVisualStyle
  2
Facepattern
 70
    15
177
     3
291
     1
 70
    58
 90
        2
176
     1
 90
        2
176
     1
 90
        1
176
     1
 90
        0
176
     1
 40
0.6
176
     1
 40
30.0
176
     1
 62
     7
420
 16777215
176
     1
 90
        1
176
     1
 90
        4
176
     1
 62
     7
176
     1
 62
   257
176
     1
 90
        1
176
     1
 90
        1
176
     1
 40
1.0
176
     1
 90
        8
176
     1
 62
     7
176
     1
 40
1.0
176
     1
 90
        1
176
     1
 90
        6
176
     1
 90
        2
176
     1
 62
     7
176
     1
 90
        5
176
     1
 90
        0
176
     1
 90
        0
176
     1
290
     0
176
     1
 90
        1
176
     1
 40
0.0
176
     1
 90
        0
176
     1
290
     0
176
     1
290
     1
176
     1
290
     1
176
     1
290
     0
176
     1
290
     0
176
     1
290
     0
176
     1
290
     0
176
     1
290
     0
176
     1
290
     0
176
     1
 90
       50
176
     1
 40
0.0
176
     1
 40
1.0
176
     1
 90
        0
176
     1
 62
    18
420
        0
176
     1
 90
       50
176
     1
 90
        3
176
     1
 62
     5
420
      255
176
     1
290
     0
176
     1
 90
       50
176
     1
 90
       50
176
     1
 90
       50
176
     1
290
     0
176
     1
 90
       50
176
     1
 62
   256
176
     0
 40
1.0
176
     0
 90
        2
176
     1
  1
strokes_ogs.tif
176
     1
290
     0
176
     1
 40
1.0
176
     1
 40
1.0
176
     1
  0
VISUALSTYLE
  5
F0
102
{ACAD_REACTORS
330
EF
102
}
330
EF
100
AcDbVisualStyle
  2
Flat
 70
     0
177
     3
291
     1
 70
    58
 90
        2
176
     1
 90
        1
176
     1
 90
        1
176
     1
 90
        2
176
     1
 40
0.6
176
     1
 40
30.0
176
     1
 62
     7
420
 16777215
176
     1
 90
        0
176
     1
 90
        0
176
     1
 62
     7
176
     1
 62
   257
176
     1
 90
        1
176
     1
 90
        1
176
     1
 40
1.0
176
     1
 90
        8
176
     1
 62
     7
176
     1
 40
1.0
176
     1
 90
        1
176
     1
 90
        6
176
     1
 90
        2
176
     1
 62
     7
176
     1
 90
        5
176
     1
 90
        0
176
     1
 90
        0
176
     1
290
     0
176
     1
 90
       13
176
     1
 40
0.0
176
     1
 90
        0
176
     1
290
     0
176
     1
290
     1
176
     1
290
     1
176
     1
290
     0
176
     1
290
     0
176
     1
290
     0
176
     1
290
     0
176
     1
290
     0
176
     1
290
     0
176
     1
 90
       50
176
     1
 40
0.0
176
     1
 40
1.0
176
     1
 90
        0
176
     1
 62
    18
420
        0
176
     1
 90
       50
176
     1
 90
        3
176
     1
 62
     5
420
      255
176
     1
290
     0
176
     1
 90
       50
176
     1
 90
       50
176
     1
 90
       50
176
     1
290
     0
176
     1
 90
       50
176
     1
 62
   256
176
     0
 40
1.0
176
     0
 90
        2
176
     1
  1
strokes_ogs.tif
176
     1
290
     0
176
     1
 40
1.0
176
     1
 40
1.0
176
     1
  0
VISUALSTYLE
  5
F1
102
{ACAD_REACTORS
330
EF
102
}
330
EF
100
AcDbVisualStyle
  2
FlatWithEdges
 70
     1
177
     3
291
     1
 70
    58
 90
        2
176
     1
 90
        1
176
     1
 90
        1
176
     1
 90
        2
176
     1
 40
0.6
176
     1
 40
30.0
176
     1
 62
     7
420
 16777215
176
     1
 90
        1
176
     1
 90
        0
176
     1
 62
     7
176
     1
 62
   257
176
     1
 90
        1
176
     1
 90
        1
176
     1
 40
1.0
176
     1
 90
        0
176
     1
 62
   257
176
     1
 40
1.0
176
     1
 90
        1
176
     1
 90
        6
176
     1
 90
        2
176
     1
 62
     7
176
     1
 90
        5
176
     1
 90
        0
176
     1
 90
        0
176
     1
290
     0
176
     1
 90
       13
176
     1
 40
0.0
176
     1
 90
        0
176
     1
290
     0
176
     1
290
     1
176
     1
290
     1
176
     1
290
     0
176
     1
290
     0
176
     1
290
     0
176
     1
290
     0
176
     1
290
     0
176
     1
290
     0
176
     1
 90
       50
176
     1
 40
0.0
176
     1
 40
1.0
176
     1
 90
        0
176
     1
 62
    18
420
        0
176
     1
 90
       50
176
     1
 90
        3
176
     1
 62
     5
420
      255
176
     1
290
     0
176
     1
 90
       50
176
     1
 90
       50
176
     1
 90
       50
176
     1
290
     0
176
     1
 90
       50
176
     1
 62
   256
176
     0
 40
1.0
176
     0
 90
        2
176
     1
  1
strokes_ogs.tif
176
     1
290
     0
176
     1
 40
1.0
176
     1
 40
1.0
176
     1
  0
VISUALSTYLE
  5
F2
102
{ACAD_REACTORS
330
EF
102
}
330
EF
100
AcDbVisualStyle
  2
Gouraud
 70
     2
177
     3
291
     1
 70
    58
 90
        2
176
     1
 90
        2
176
     1
 90
        1
176
     1
 90
        2
176
     1
 40
0.6
176
     1
 40
30.0
176
     1
 62
     7
420
 16777215
176
     1
 90
        0
176
     1
 90
        0
176
     1
 62
     7
176
     1
 62
   257
176
     1
 90
        1
176
     1
 90
        1
176
     1
 40
1.0
176
     1
 90
        0
176
     1
 62
     7
176
     1
 40
1.0
176
     1
 90
        1
176
     1
 90
        6
176
     1
 90
        2
176
     1
 62
     7
176
     1
 90
        5
176
     1
 90
        0
176
     1
 90
        0
176
     1
290
     0
176
     1
 90
       13
176
     1
 40
0.0
176
     1
 90
        0
176
     1
290
     0
176
     1
290
     1
176
     1
290
     1
176
     1
290
     0
176
     1
290
     0
176
     1
290
     0
176
     1
290
     0
176
     1
290
     0
176
     1
290
     0
176
     1
 90
       50
176
     1
 40
0.0
176
     1
 40
1.0
176
     1
 90
        0
176
     1
 62
    18
420
        0
176
     1
 90
       50
176
     1
 90
        3
176
     1
 62
     5
420
      255
176
     1
290
     0
176
     1
 90
       50
176
     1
 90
       50
176
     1
 90
       50
176
     1
290
     0
176
     1
 90
       50
176
     1
 62
   256
176
     0
 40
1.0
176
     0
 90
        2
176
     1
  1
strokes_ogs.tif
176
     1
290
     0
176
     1
 40
1.0
176
     1
 40
1.0
176
     1
  0
VISUALSTYLE
  5
F3
102
{ACAD_REACTORS
330
EF
102
}
330
EF
100
AcDbVisualStyle
  2
GouraudWithEdges
 70
     3
177
     3
291
     1
 70
    58
 90
        2
176
     1
 90
        2
176
     1
 90
        1
176
     1
 90
        2
176
     1
 40
0.6
176
     1
 40
30.0
176
     1
 62
     7
420
 16777215
176
     1
 90
        1
176
     1
 90
        0
176
     1
 62
     7
176
     1
 62
   257
176
     1
 90
        1
176
     1
 90
        1
176
     1
 40
1.0
176
     1
 90
        0
176
     1
 62
   257
176
     1
 40
1.0
176
     1
 90
        1
176
     1
 90
        6
176
     1
 90
        2
176
     1
 62
     7
176
     1
 90
        5
176
     1
 90
        0
176
     1
 90
        0
176
     1
290
     0
176
     1
 90
       13
176
     1
 40
0.0
176
     1
 90
        0
176
     1
290
     0
176
     1
290
     1
176
     1
290
     1
176
     1
290
     0
176
     1
290
     0
176
     1
290
     0
176
     1
290
     0
176
     1
290
     0
176
     1
290
     0
176
     1
 90
       50
176
     1
 40
0.0
176
     1
 40
1.0
176
     1
 90
        0
176
     1
 62
    18
420
        0
176
     1
 90
       50
176
     1
 90
        3
176
     1
 62
     5
420
      255
176
     1
290
     0
176
     1
 90
       50
176
     1
 90
       50
176
     1
 90
       50
176
     1
290
     0
176
     1
 90
       50
176
     1
 62
   256
176
     0
 40
1.0
176
     0
 90
        2
176
     1
  1
strokes_ogs.tif
176
     1
290
     0
176
     1
 40
1.0
176
     1
 40
1.0
176
     1
  0
VISUALSTYLE
  5
F7
102
{ACAD_REACTORS
330
EF
102
}
330
EF
100
AcDbVisualStyle
  2
Hidden
 70
     6
177
     3
291
     0
 70
    58
 90
        1
176
     1
 90
        2
176
     1
 90
        2
176
     1
 90
        0
176
     1
 40
0.6
176
     1
 40
30.0
176
     1
 62
     7
420
 16777215
176
     1
 90
        2
176
     1
 90
        2
176
     1
 62
     7
176
     1
 62
   257
176
     1
 90
        2
176
     1
 90
        1
176
     1
 40
40.0
176
     1
 90
        0
176
     1
 62
   257
176
     1
 40
1.0
176
     1
 90
        1
176
     1
 90
        6
176
     1
 90
        2
176
     1
 62
     7
176
     1
 90
        3
176
     1
 90
        0
176
     1
 90
        0
176
     1
290
     0
176
     1
 90
        1
176
     1
 40
0.0
176
     1
 90
        0
176
     1
290
     0
176
     1
290
     1
176
     1
290
     1
176
     1
290
     0
176
     1
290
     0
176
     1
290
     0
176
     1
290
     0
176
     1
290
     0
176
     1
290
     0
176
     1
 90
       50
176
     1
 40
0.0
176
     1
 40
1.0
176
     1
 90
        0
176
     1
 62
    18
420
        0
176
     1
 90
       50
176
     1
 90
        3
176
     1
 62
     5
420
      255
176
     1
290
     0
176
     1
 90
       50
176
     1
 90
       50
176
     1
 90
       50
176
     1
290
     0
176
     1
 90
       50
176
     1
 62
   256
176
     0
 40
1.0
176
     0
 90
        2
176
     1
  1
strokes_ogs.tif
176
     1
290
     0
176
     1
 40
1.0
176
     1
 40
1.0
176
     1
  0
VISUALSTYLE
  5
1E4
102
{ACAD_REACTORS
330
EF
102
}
330
EF
100
AcDbVisualStyle
  2
JitterOff
 70
    20
177
     3
291
     1
 70
    58
 90
        2
176
     0
 90
        2
176
     0
 90
        0
176
     0
 90
        0
176
     0
 40
0.6
176
     0
 40
30.0
176
     0
 62
     7
420
 16777215
176
     0
 90
        1
176
     0
 90
        4
176
     0
 62
     7
176
     0
 62
   257
176
     0
 90
        1
176
     0
 90
        1
176
     0
 40
1.0
176
     0
 90
       10
176
     2
 62
     7
176
     0
 40
1.0
176
     0
 90
        1
176
     0
 90
        6
176
     0
 90
        2
176
     0
 62
     7
176
     0
 90
        5
176
     0
 90
        0
176
     0
 90
        0
176
     0
290
     0
176
     0
 90
        1
176
     0
 40
0.0
176
     0
 90
        0
176
     0
290
     0
176
     1
290
     1
176
     1
290
     1
176
     1
290
     0
176
     1
290
     0
176
     1
290
     0
176
     1
290
     0
176
     1
290
     0
176
     1
290
     0
176
     1
 90
       50
176
     1
 40
0.0
176
     1
 40
1.0
176
     1
 90
        0
176
     1
 62
    18
420
        0
176
     1
 90
       50
176
     1
 90
        3
176
     1
 62
     5
420
      255
176
     1
290
     0
176
     1
 90
       50
176
     1
 90
       50
176
     1
 90
       50
176
     1
290
     0
176
     1
 90
       50
176
     1
 62
   256
176
     0
 40
1.0
176
     0
 90
        2
176
     1
  1
strokes_ogs.tif
176
     1
290
     0
176
     1
 40
1.0
176
     1
 40
1.0
176
     1
  0
VISUALSTYLE
  5
FD
102
{ACAD_REACTORS
330
EF
102
}
330
EF
100
AcDbVisualStyle
  2
Linepattern
 70
    14
177
     3
291
     1
 70
    58
 90
        2
176
     1
 90
        2
176
     1
 90
        1
176
     1
 90
        0
176
     1
 40
0.6
176
     1
 40
30.0
176
     1
 62
     7
420
 16777215
176
     1
 90
        1
176
     1
 90
        4
176
     1
 62
     7
176
     1
 62
   257
176
     1
 90
        7
176
     1
 90
        7
176
     1
 40
1.0
176
     1
 90
        8
176
     1
 62
     7
176
     1
 40
1.0
176
     1
 90
        1
176
     1
 90
        6
176
     1
 90
        2
176
     1
 62
     7
176
     1
 90
        5
176
     1
 90
        0
176
     1
 90
        0
176
     1
290
     0
176
     1
 90
        1
176
     1
 40
0.0
176
     1
 90
        0
176
     1
290
     0
176
     1
290
     1
176
     1
290
     1
176
     1
290
     0
176
     1
290
     0
176
     1
290
     0
176
     1
290
     0
176
     1
290
     0
176
     1
290
     0
176
     1
 90
       50
176
     1
 40
0.0
176
     1
 40
1.0
176
     1
 90
        0
176
     1
 62
    18
420
        0
176
     1
 90
       50
176
     1
 90
        3
176
     1
 62
     5
420
      255
176
     1
290
     0
176
     1
 90
       50
176
     1
 90
       50
176
     1
 90
       50
176
     1
290
     0
176
     1
 90
       50
176
     1
 62
   256
176
     0
 40
1.0
176
     0
 90
        2
176
     1
  1
strokes_ogs.tif
176
     1
290
     0
176
     1
 40
1.0
176
     1
 40
1.0
176
     1
  0
VISUALSTYLE
  5
1E5
102
{ACAD_REACTORS
330
EF
102
}
330
EF
100
AcDbVisualStyle
  2
OverhangOff
 70
    21
177
     3
291
     1
 70
    58
 90
        2
176
     0
 90
        2
176
     0
 90
        0
176
     0
 90
        0
176
     0
 40
0.6
176
     0
 40
30.0
176
     0
 62
     7
420
 16777215
176
     0
 90
        1
176
     0
 90
        4
176
     0
 62
     7
176
     0
 62
   257
176
     0
 90
        1
176
     0
 90
        1
176
     0
 40
1.0
176
     0
 90
        9
176
     2
 62
     7
176
     0
 40
1.0
176
     0
 90
        1
176
     0
 90
        6
176
     0
 90
        2
176
     0
 62
     7
176
     0
 90
        5
176
     0
 90
        0
176
     0
 90
        0
176
     0
290
     0
176
     0
 90
        1
176
     0
 40
0.0
176
     0
 90
        0
176
     0
290
     0
176
     1
290
     1
176
     1
290
     1
176
     1
290
     0
176
     1
290
     0
176
     1
290
     0
176
     1
290
     0
176
     1
290
     0
176
     1
290
     0
176
     1
 90
       50
176
     1
 40
0.0
176
     1
 40
1.0
176
     1
 90
        0
176
     1
 62
    18
420
        0
176
     1
 90
       50
176
     1
 90
        3
176
     1
 62
     5
420
      255
176
     1
290
     0
176
     1
 90
       50
176
     1
 90
       50
176
     1
 90
       50
176
     1
290
     0
176
     1
 90
       50
176
     1
 62
   256
176
     0
 40
1.0
176
     0
 90
        2
176
     1
  1
strokes_ogs.tif
176
     1
290
     0
176
     1
 40
1.0
176
     1
 40
1.0
176
     1
  0
VISUALSTYLE
  5
F9
102
{ACAD_REACTORS
330
EF
102
}
330
EF
100
AcDbVisualStyle
  2
Realistic
 70
     8
177
     3
291
     0
 70
    58
 90
        2
176
     1
 90
        3
176
     1
 90
        0
176
     1
 90
        2
176
     1
 40
0.6
176
     1
 40
30.0
176
     1
 62
     7
420
 16777215
176
     1
 90
        0
176
     1
 90
        0
176
     1
 62
     7
176
     1
 62
   257
176
     1
 90
        1
176
     1
 90
        1
176
     1
 40
1.0
176
     1
 90
        8
176
     1
 62
   257
176
     1
 40
1.0
176
     1
 90
        1
176
     1
 90
        6
176
     1
 90
        2
176
     1
 62
     7
176
     1
 90
        3
176
     1
 90
        0
176
     1
 90
        0
176
     1
290
     0
176
     1
 90
       13
176
     1
 40
0.0
176
     1
 90
        0
176
     1
290
     0
176
     1
290
     1
176
     1
290
     1
176
     1
290
     0
176
     1
290
     0
176
     1
290
     0
176
     1
290
     0
176
     1
290
     0
176
     1
290
     0
176
     1
 90
       50
176
     1
 40
0.0
176
     1
 40
1.0
176
     1
 90
        0
176
     1
 62
    18
420
        0
176
     1
 90
       50
176
     1
 90
        3
176
     1
 62
     5
420
      255
176
     1
290
     0
176
     1
 90
       50
176
     1
 90
       50
176
     1
 90
       50
176
     1
290
     0
176
     1
 90
       50
176
     1
 62
   256
176
     0
 40
1.0
176
     0
 90
        2
176
     1
  1
strokes_ogs.tif
176
     1
290
     0
176
     1
 40
1.0
176
     1
 40
1.0
176
     1
  0
VISUALSTYLE
  5
1F3
102
{ACAD_REACTORS
330
EF
102
}
330
EF
100
AcDbVisualStyle
  2
Shaded
 70
    27
177
     3
291
     0
 70
    58
 90
        2
176
     1
 90
        2
176
     1
 90
        1
176
     1
 90
        2
176
     1
 40
0.6
176
     1
 40
30.0
176
     1
 62
     7
420
 16777215
176
     1
 90
        0
176
     1
 90
        4
176
     1
 62
     7
176
     1
 62
   257
176
     1
 90
        1
176
     1
 90
        1
176
     1
 40
1.0
176
     1
 90
        8
176
     1
 62
   257
176
     1
 40
1.0
176
     1
 90
        1
176
     1
 90
        6
176
     1
 90
        2
176
     1
 62
     8
420
  7895160
176
     1
 90
        3
176
     1
 90
        0
176
     1
 90
        0
176
     1
290
     0
176
     1
 90
        5
176
     1
 40
0.0
176
     1
 90
        0
176
     1
290
     0
176
     1
290
     1
176
     1
290
     1
176
     1
290
     0
176
     1
290
     0
176
     1
290
     0
176
     1
290
     0
176
     1
290
     0
176
     1
290
     0
176
     1
 90
       50
176
     1
 40
0.0
176
     1
 40
1.0
176
     1
 90
        0
176
     1
 62
    18
420
        0
176
     1
 90
       50
176
     1
 90
        3
176
     1
 62
     5
420
      255
176
     1
290
     0
176
     1
 90
       50
176
     1
 90
       50
176
     1
 90
       50
176
     1
290
     0
176
     1
 90
       50
176
     1
 62
   256
176
     0
 40
1.0
176
     0
 90
        2
176
     1
  1
strokes_ogs.tif
176
     1
290
     0
176
     1
 40
1.0
176
     1
 40
1.0
176
     1
  0
VISUALSTYLE
  5
1F2
102
{ACAD_REACTORS
330
EF
102
}
330
EF
100
AcDbVisualStyle
  2
Shaded with edges
 70
    26
177
     3
291
     0
 70
    58
 90
        2
176
     1
 90
        2
176
     1
 90
        1
176
     1
 90
        2
176
     1
 40
0.6
176
     1
 40
30.0
176
     1
 62
     7
420
 16777215
176
     1
 90
        1
176
     1
 90
        2
176
     1
 62
     7
176
     1
 62
   257
176
     1
 90
        2
176
     1
 90
        1
176
     1
 40
1.0
176
     1
 90
        8
176
     1
 62
   257
176
     1
 40
1.0
176
     1
 90
        1
176
     1
 90
        6
176
     1
 90
        2
176
     1
 62
     7
176
     1
 90
        3
176
     1
 90
        0
176
     1
 90
        0
176
     1
290
     0
176
     1
 90
        5
176
     1
 40
0.0
176
     1
 90
        0
176
     1
290
     0
176
     1
290
     1
176
     1
290
     1
176
     1
290
     0
176
     1
290
     0
176
     1
290
     0
176
     1
290
     0
176
     1
290
     0
176
     1
290
     0
176
     1
 90
       50
176
     1
 40
0.0
176
     1
 40
1.0
176
     1
 90
        0
176
     1
 62
    18
420
        0
176
     1
 90
       50
176
     1
 90
        3
176
     1
 62
     5
420
      255
176
     1
290
     0
176
     1
 90
       50
176
     1
 90
       50
176
     1
 90
       50
176
     1
290
     0
176
     1
 90
       50
176
     1
 62
   256
176
     0
 40
1.0
176
     0
 90
        2
176
     1
  1
strokes_ogs.tif
176
     1
290
     0
176
     1
 40
1.0
176
     1
 40
1.0
176
     1
  0
VISUALSTYLE
  5
1EF
102
{ACAD_REACTORS
330
EF
102
}
330
EF
100
AcDbVisualStyle
  2
Shades of Gray
 70
    23
177
     3
291
     0
 70
    58
 90
        2
176
     1
 90
        2
176
     1
 90
        3
176
     1
 90
        0
176
     1
 40
0.6
176
     1
 40
30.0
176
     1
 62
     7
420
 16777215
176
     1
 90
        2
176
     1
 90
        2
176
     1
 62
     7
176
     1
 62
     7
176
     1
 90
        1
176
     1
 90
        1
176
     1
 40
40.0
176
     1
 90
        8
176
     1
 62
     7
176
     1
 40
1.0
176
     1
 90
        1
176
     1
 90
        6
176
     1
 90
        2
176
     1
 62
     7
176
     1
 90
        3
176
     1
 90
        0
176
     1
 90
        0
176
     1
290
     0
176
     1
 90
        1
176
     1
 40
0.0
176
     1
 90
        0
176
     1
290
     0
176
     1
290
     1
176
     1
290
     1
176
     1
290
     0
176
     1
290
     0
176
     1
290
     0
176
     1
290
     0
176
     1
290
     0
176
     1
290
     0
176
     1
 90
       50
176
     1
 40
0.0
176
     1
 40
1.0
176
     1
 90
        0
176
     1
 62
    18
420
        0
176
     1
 90
       50
176
     1
 90
        3
176
     1
 62
     5
420
      255
176
     1
290
     0
176
     1
 90
       50
176
     1
 90
       50
176
     1
 90
       50
176
     1
290
     0
176
     1
 90
       50
176
     1
 62
   256
176
     0
 40
1.0
176
     0
 90
        2
176
     1
  1
strokes_ogs.tif
176
     1
290
     0
176
     1
 40
1.0
176
     1
 40
1.0
176
     1
  0
VISUALSTYLE
  5
1F0
102
{ACAD_REACTORS
330
EF
102
}
330
EF
100
AcDbVisualStyle
  2
Sketchy
 70
    24
177
     3
291
     0
 70
    58
 90
        1
176
     1
 90
        2
176
     1
 90
        2
176
     1
 90
        0
176
     1
 40
0.6
176
     1
 40
30.0
176
     1
 62
     7
420
 16777215
176
     1
 90
        2
176
     1
 90
        2
176
     1
 62
     7
176
     1
 62
     7
176
     1
 90
        1
176
     1
 90
        1
176
     1
 40
40.0
176
     1
 90
       11
176
     1
 62
     7
176
     1
 40
1.0
176
     1
 90
        1
176
     1
 90
        6
176
     1
 90
        2
176
     1
 62
     7
176
     1
 90
        6
176
     1
 90
        0
176
     1
 90
        0
176
     1
290
     0
176
     1
 90
        1
176
     1
 40
0.0
176
     1
 90
        0
176
     1
290
     0
176
     1
290
     1
176
     1
290
     1
176
     1
290
     0
176
     1
290
     0
176
     1
290
     0
176
     1
290
     0
176
     1
290
     0
176
     1
290
     0
176
     1
 90
       50
176
     1
 40
0.0
176
     1
 40
1.0
176
     1
 90
        0
176
     1
 62
    18
420
        0
176
     1
 90
       50
176
     1
 90
        3
176
     1
 62
     5
420
      255
176
     1
290
     0
176
     1
 90
       50
176
     1
 90
       50
176
     1
 90
       50
176
     1
290
     0
176
     1
 90
       50
176
     1
 62
   256
176
     0
 40
1.0
176
     0
 90
        2
176
     1
  1
strokes_ogs.tif
176
     1
290
     0
176
     1
 40
1.0
176
     1
 40
1.0
176
     1
  0
VISUALSTYLE
  5
FC
102
{ACAD_REACTORS
330
EF
102
}
330
EF
100
AcDbVisualStyle
  2
Thicken
 70
    13
177
     3
291
     1
 70
    58
 90
        2
176
     1
 90
        2
176
     1
 90
        1
176
     1
 90
        0
176
     1
 40
0.6
176
     1
 40
30.0
176
     1
 62
     7
420
 16777215
176
     1
 90
        1
176
     1
 90
        4
176
     1
 62
     7
176
     1
 62
   257
176
     1
 90
        1
176
     1
 90
        1
176
     1
 40
1.0
176
     1
 90
       12
176
     1
 62
     7
176
     1
 40
1.0
176
     1
 90
        1
176
     1
 90
        6
176
     1
 90
        2
176
     1
 62
     7
176
     1
 90
        5
176
     1
 90
        0
176
     1
 90
        0
176
     1
290
     0
176
     1
 90
        1
176
     1
 40
0.0
176
     1
 90
        0
176
     1
290
     0
176
     1
290
     1
176
     1
290
     1
176
     1
290
     0
176
     1
290
     0
176
     1
290
     0
176
     1
290
     0
176
     1
290
     0
176
     1
290
     0
176
     1
 90
       50
176
     1
 40
0.0
176
     1
 40
1.0
176
     1
 90
        0
176
     1
 62
    18
420
        0
176
     1
 90
       50
176
     1
 90
        3
176
     1
 62
     5
420
      255
176
     1
290
     0
176
     1
 90
       50
176
     1
 90
       50
176
     1
 90
       50
176
     1
290
     0
176
     1
 90
       50
176
     1
 62
   256
176
     0
 40
1.0
176
     0
 90
        2
176
     1
  1
strokes_ogs.tif
176
     1
290
     0
176
     1
 40
1.0
176
     1
 40
1.0
176
     1
  0
VISUALSTYLE
  5
F6
102
{ACAD_REACTORS
330
EF
102
}
330
EF
100
AcDbVisualStyle
  2
Wireframe
 70
     5
177
     3
291
     0
 70
    58
 90
        0
176
     1
 90
        2
176
     1
 90
        0
176
     1
 90
        0
176
     1
 40
0.6
176
     1
 40
30.0
176
     1
 62
     7
420
 16777215
176
     1
 90
        1
176
     1
 90
        4
176
     1
 62
     7
176
     1
 62
   257
176
     1
 90
        1
176
     1
 90
        1
176
     1
 40
1.0
176
     1
 90
        0
176
     1
 62
   257
176
     1
 40
1.0
176
     1
 90
        1
176
     1
 90
        6
176
     1
 90
        2
176
     1
 62
     7
176
     1
 90
        3
176
     1
 90
        0
176
     1
 90
        0
176
     1
290
     0
176
     1
 90
        1
176
     1
 40
0.0
176
     1
 90
        0
176
     1
290
     0
176
     1
290
     1
176
     1
290
     1
176
     1
290
     0
176
     1
290
     0
176
     1
290
     0
176
     1
290
     0
176
     1
290
     0
176
     1
290
     0
176
     1
 90
       50
176
     1
 40
0.0
176
     1
 40
1.0
176
     1
 90
        0
176
     1
 62
    18
420
        0
176
     1
 90
       50
176
     1
 90
        3
176
     1
 62
     5
420
      255
176
     1
290
     0
176
     1
 90
       50
176
     1
 90
       50
176
     1
 90
       50
176
     1
290
     0
176
     1
 90
       50
176
     1
 62
   256
176
     0
 40
1.0
176
     0
 90
        2
176
     1
  1
strokes_ogs.tif
176
     1
290
     0
176
     1
 40
1.0
176
     1
 40
1.0
176
     1
  0
VISUALSTYLE
  5
1F1
102
{ACAD_REACTORS
330
EF
102
}
330
EF
100
AcDbVisualStyle
  2
X-Ray
 70
    25
177
     3
291
     0
 70
    58
 90
        2
176
     1
 90
        2
176
     1
 90
        1
176
     1
 90
        1
176
     1
 40
0.5
176
     1
 40
30.0
176
     1
 62
     7
420
 16777215
176
     1
 90
        1
176
     1
 90
        0
176
     1
 62
     7
176
     1
 62
   257
176
     1
 90
        1
176
     1
 90
        1
176
     1
 40
1.0
176
     1
 90
        8
176
     1
 62
     7
176
     1
 40
1.0
176
     1
 90
        1
176
     1
 90
        6
176
     1
 90
        2
176
     1
 62
     7
176
     1
 90
        3
176
     1
 90
        0
176
     1
 90
        0
176
     1
290
     0
176
     1
 90
       13
176
     1
 40
0.0
176
     1
 90
        0
176
     1
290
     0
176
     1
290
     1
176
     1
290
     1
176
     1
290
     0
176
     1
290
     0
176
     1
290
     0
176
     1
290
     0
176
     1
290
     0
176
     1
290
     0
176
     1
 90
       50
176
     1
 40
0.0
176
     1
 40
1.0
176
     1
 90
        0
176
     1
 62
    18
420
        0
176
     1
 90
       50
176
     1
 90
        3
176
     1
 62
     5
420
      255
176
     1
290
     0
176
     1
 90
       50
176
     1
 90
       50
176
     1
 90
       50
176
     1
290
     0
176
     1
 90
       50
176
     1
 62
   256
176
     0
 40
1.0
176
     0
 90
        2
176
     1
  1
strokes_ogs.tif
176
     1
290
     0
176
     1
 40
1.0
176
     1
 40
1.0
176
     1
  0
DICTIONARYVAR
  5
146
102
{ACAD_REACTORS
330
5E
102
}
330
5E
100
DictionaryVariables
280
     0
  1
1:1
  0
DICTIONARYVAR
  5
259
102
{ACAD_REACTORS
330
5E
102
}
330
5E
100
DictionaryVariables
280
     0
  1
3.500000
  0
DICTIONARYVAR
  5
25A
102
{ACAD_REACTORS
330
5E
102
}
330
5E
100
DictionaryVariables
280
     0
  1
acadiso.lin
  0
DICTIONARYVAR
  5
145
102
{ACAD_REACTORS
330
5E
102
}
330
5E
100
DictionaryVariables
280
     0
  1
Annotative
  0
DICTIONARYVAR
  5
84
102
{ACAD_REACTORS
330
5E
102
}
330
5E
100
DictionaryVariables
280
     0
  1
Copy of Standard
  0
DICTIONARYVAR
  5
227
102
{ACAD_REACTORS
330
5E
102
}
330
5E
100
DictionaryVariables
280
     0
  1
Metric50
  0
DICTIONARYVAR
  5
228
102
{ACAD_REACTORS
330
5E
102
}
330
5E
100
DictionaryVariables
280
     0
  1
Metric50
  0
DICTIONARYVAR
  5
5F
102
{ACAD_REACTORS
330
5E
102
}
330
5E
100
DictionaryVariables
280
     0
  1
2
  0
DICTIONARYVAR
  5
63
102
{ACAD_REACTORS
330
5E
102
}
330
5E
100
DictionaryVariables
280
     0
  1
1
  0
DICTIONARYVAR
  5
B5D
102
{ACAD_REACTORS
330
5E
102
}
330
5E
100
DictionaryVariables
280
     0
  1
BYLAYER
  0
DICTIONARYVAR
  5
B5C
102
{ACAD_REACTORS
330
5E
102
}
330
5E
100
DictionaryVariables
280
     0
  1
ByLayer
  0
DICTIONARYVAR
  5
1AE
102
{ACAD_REACTORS
330
5E
102
}
330
5E
100
DictionaryVariables
280
     0
  1
0
  0
DICTIONARYVAR
  5
1AF
102
{ACAD_REACTORS
330
5E
102
}
330
5E
100
DictionaryVariables
280
     0
  1
0
  0
DICTIONARY
  5
A13
102
{ACAD_REACTORS
330
A12
102
}
330
A12
100
AcDbDictionary
281
     1
  3
*A1
350
A14
  0
DICTIONARY
  5
1826
102
{ACAD_REACTORS
330
1825
102
}
330
1825
100
AcDbDictionary
281
     1
  3
*A1
350
1827
  0
DICTIONARY
  5
1834
102
{ACAD_REACTORS
330
1833
102
}
330
1833
100
AcDbDictionary
281
     1
  3
*A1
350
1835
  0
DICTIONARY
  5
1839
102
{ACAD_REACTORS
330
1838
102
}
330
1838
100
AcDbDictionary
281
     1
  3
*A1
350
183A
  0
DICTIONARY
  5
183E
102
{ACAD_REACTORS
330
183D
102
}
330
183D
100
AcDbDictionary
281
     1
  3
*A1
350
183F
  0
DICTIONARY
  5
1843
102
{ACAD_REACTORS
330
1842
102
}
330
1842
100
AcDbDictionary
281
     1
  3
*A1
350
1844
  0
DICTIONARY
  5
1848
102
{ACAD_REACTORS
330
1847
102
}
330
1847
100
AcDbDictionary
281
     1
  3
*A1
350
1849
  0
DICTIONARY
  5
184E
102
{ACAD_REACTORS
330
184D
102
}
330
184D
100
AcDbDictionary
281
     1
  3
*A1
350
184F
  0
DICTIONARY
  5
1853
102
{ACAD_REACTORS
330
1852
102
}
330
1852
100
AcDbDictionary
281
     1
  3
*A1
350
1854
  0
DICTIONARY
  5
1858
102
{ACAD_REACTORS
330
1857
102
}
330
1857
100
AcDbDictionary
281
     1
  3
*A1
350
1859
  0
DICTIONARY
  5
185D
102
{ACAD_REACTORS
330
185C
102
}
330
185C
100
AcDbDictionary
281
     1
  3
*A1
350
185E
  0
DICTIONARY
  5
1862
102
{ACAD_REACTORS
330
1861
102
}
330
1861
100
AcDbDictionary
281
     1
  3
*A1
350
1863
  0
DICTIONARY
  5
1867
102
{ACAD_REACTORS
330
1866
102
}
330
1866
100
AcDbDictionary
281
     1
  3
*A1
350
1868
  0
DICTIONARY
  5
186C
102
{ACAD_REACTORS
330
186B
102
}
330
186B
100
AcDbDictionary
281
     1
  3
*A1
350
186D
  0
DICTIONARY
  5
1877
102
{ACAD_REACTORS
330
1876
102
}
330
1876
100
AcDbDictionary
281
     1
  3
*A1
350
1878
  0
DICTIONARY
  5
1886
102
{ACAD_REACTORS
330
1885
102
}
330
1885
100
AcDbDictionary
281
     1
  3
*A1
350
1887
  0
DICTIONARY
  5
188B
102
{ACAD_REACTORS
330
188A
102
}
330
188A
100
AcDbDictionary
281
     1
  3
*A1
350
188C
  0
DICTIONARY
  5
1890
102
{ACAD_REACTORS
330
188F
102
}
330
188F
100
AcDbDictionary
281
     1
  3
*A1
350
1891
  0
DICTIONARY
  5
18B1
102
{ACAD_REACTORS
330
18B0
102
}
330
18B0
100
AcDbDictionary
281
     1
  3
*A1
350
18B2
  0
DICTIONARY
  5
18B6
102
{ACAD_REACTORS
330
18B5
102
}
330
18B5
100
AcDbDictionary
281
     1
  3
*A1
350
18B7
  0
DICTIONARY
  5
18BB
102
{ACAD_REACTORS
330
18BA
102
}
330
18BA
100
AcDbDictionary
281
     1
  3
*A1
350
18BC
  0
DICTIONARY
  5
18C0
102
{ACAD_REACTORS
330
18BF
102
}
330
18BF
100
AcDbDictionary
281
     1
  3
*A1
350
18C1
  0
DICTIONARY
  5
18C5
102
{ACAD_REACTORS
330
18C4
102
}
330
18C4
100
AcDbDictionary
281
     1
  3
*A1
350
18C6
  0
DICTIONARY
  5
18CA
102
{ACAD_REACTORS
330
18C9
102
}
330
18C9
100
AcDbDictionary
281
     1
  3
*A1
350
18CB
  0
DICTIONARY
  5
18CF
102
{ACAD_REACTORS
330
18CE
102
}
330
18CE
100
AcDbDictionary
281
     1
  3
*A1
350
18D0
  0
DICTIONARY
  5
18D4
102
{ACAD_REACTORS
330
18D3
102
}
330
18D3
100
AcDbDictionary
281
     1
  3
*A1
350
18D5
  0
DICTIONARY
  5
18D9
102
{ACAD_REACTORS
330
18D8
102
}
330
18D8
100
AcDbDictionary
281
     1
  3
*A1
350
18DA
  0
DICTIONARY
  5
18DE
102
{ACAD_REACTORS
330
18DD
102
}
330
18DD
100
AcDbDictionary
281
     1
  3
*A1
350
18DF
  0
DICTIONARY
  5
18E3
102
{ACAD_REACTORS
330
18E2
102
}
330
18E2
100
AcDbDictionary
281
     1
  3
*A1
350
18E4
  0
DICTIONARY
  5
18E8
102
{ACAD_REACTORS
330
18E7
102
}
330
18E7
100
AcDbDictionary
281
     1
  3
*A1
350
18E9
  0
DICTIONARY
  5
18ED
102
{ACAD_REACTORS
330
18EC
102
}
330
18EC
100
AcDbDictionary
281
     1
  3
*A1
350
18EE
  0
DICTIONARY
  5
18F2
102
{ACAD_REACTORS
330
18F1
102
}
330
18F1
100
AcDbDictionary
281
     1
  3
*A1
350
18F3
  0
DICTIONARY
  5
18F7
102
{ACAD_REACTORS
330
18F6
102
}
330
18F6
100
AcDbDictionary
281
     1
  3
*A1
350
18F8
  0
DICTIONARY
  5
18FC
102
{ACAD_REACTORS
330
18FB
102
}
330
18FB
100
AcDbDictionary
281
     1
  3
*A1
350
18FD
  0
DICTIONARY
  5
19E8
102
{ACAD_REACTORS
330
19E7
102
}
330
19E7
100
AcDbDictionary
281
     1
  3
*A1
350
19E9
  0
DICTIONARY
  5
19F4
102
{ACAD_REACTORS
330
19F3
102
}
330
19F3
100
AcDbDictionary
281
     1
  3
*A1
350
19F5
  0
DICTIONARY
  5
19F9
102
{ACAD_REACTORS
330
19F8
102
}
330
19F8
100
AcDbDictionary
281
     1
  3
*A1
350
19FA
  0
DICTIONARY
  5
19FE
102
{ACAD_REACTORS
330
19FD
102
}
330
19FD
100
AcDbDictionary
281
     1
  3
*A1
350
19FF
  0
DICTIONARY
  5
1A03
102
{ACAD_REACTORS
330
1A02
102
}
330
1A02
100
AcDbDictionary
281
     1
  3
*A1
350
1A04
  0
DICTIONARY
  5
1A08
102
{ACAD_REACTORS
330
1A07
102
}
330
1A07
100
AcDbDictionary
281
     1
  3
*A1
350
1A09
  0
DICTIONARY
  5
1A0D
102
{ACAD_REACTORS
330
1A0C
102
}
330
1A0C
100
AcDbDictionary
281
     1
  3
*A1
350
1A0E
  0
DICTIONARY
  5
1A12
102
{ACAD_REACTORS
330
1A11
102
}
330
1A11
100
AcDbDictionary
281
     1
  3
*A1
350
1A13
  0
DICTIONARY
  5
1A17
102
{ACAD_REACTORS
330
1A16
102
}
330
1A16
100
AcDbDictionary
281
     1
  3
*A1
350
1A18
  0
DICTIONARY
  5
1A44
102
{ACAD_REACTORS
330
1A43
102
}
330
1A43
100
AcDbDictionary
281
     1
  3
*A1
350
1A45
  0
DICTIONARY
  5
1A49
102
{ACAD_REACTORS
330
1A48
102
}
330
1A48
100
AcDbDictionary
281
     1
  3
*A1
350
1A4A
  0
DICTIONARY
  5
1A4E
102
{ACAD_REACTORS
330
1A4D
102
}
330
1A4D
100
AcDbDictionary
281
     1
  3
*A1
350
1A4F
  0
DICTIONARY
  5
1A53
102
{ACAD_REACTORS
330
1A52
102
}
330
1A52
100
AcDbDictionary
281
     1
  3
*A1
350
1A54
  0
DICTIONARY
  5
1A58
102
{ACAD_REACTORS
330
1A57
102
}
330
1A57
100
AcDbDictionary
281
     1
  3
*A1
350
1A59
  0
DICTIONARY
  5
1A5D
102
{ACAD_REACTORS
330
1A5C
102
}
330
1A5C
100
AcDbDictionary
281
     1
  3
*A1
350
1A5E
  0
DICTIONARY
  5
1A62
102
{ACAD_REACTORS
330
1A61
102
}
330
1A61
100
AcDbDictionary
281
     1
  3
*A1
350
1A63
  0
DICTIONARY
  5
1A67
102
{ACAD_REACTORS
330
1A66
102
}
330
1A66
100
AcDbDictionary
281
     1
  3
*A1
350
1A68
  0
DICTIONARY
  5
1A71
102
{ACAD_REACTORS
330
1A70
102
}
330
1A70
100
AcDbDictionary
281
     1
  3
*A1
350
1A72
  0
DICTIONARY
  5
1AAA
102
{ACAD_REACTORS
330
1AA9
102
}
330
1AA9
100
AcDbDictionary
281
     1
  3
*A1
350
1AAB
  0
DICTIONARY
  5
1AB1
102
{ACAD_REACTORS
330
1AB0
102
}
330
1AB0
100
AcDbDictionary
281
     1
  3
*A1
350
1AB2
  0
DICTIONARY
  5
1EE8
102
{ACAD_REACTORS
330
1EE7
102
}
330
1EE7
100
AcDbDictionary
281
     1
  3
*A1
350
1EE9
  0
DICTIONARY
  5
1EED
102
{ACAD_REACTORS
330
1EEC
102
}
330
1EEC
100
AcDbDictionary
281
     1
  3
*A1
350
1EEE
  0
DICTIONARY
  5
1EF2
102
{ACAD_REACTORS
330
1EF1
102
}
330
1EF1
100
AcDbDictionary
281
     1
  3
*A1
350
1EF3
  0
DICTIONARY
  5
1EF7
102
{ACAD_REACTORS
330
1EF6
102
}
330
1EF6
100
AcDbDictionary
281
     1
  3
*A1
350
1EF8
  0
DICTIONARY
  5
211D
102
{ACAD_REACTORS
330
211C
102
}
330
211C
100
AcDbDictionary
281
     1
  3
*A1
350
211E
  0
DICTIONARY
  5
214C
102
{ACAD_REACTORS
330
214B
102
}
330
214B
100
AcDbDictionary
281
     1
  3
*A1
350
214D
  0
DICTIONARY
  5
2151
102
{ACAD_REACTORS
330
2150
102
}
330
2150
100
AcDbDictionary
281
     1
  3
*A1
350
2152
  0
DICTIONARY
  5
2156
102
{ACAD_REACTORS
330
2155
102
}
330
2155
100
AcDbDictionary
281
     1
  3
*A1
350
2157
  0
DICTIONARY
  5
205
330
22
100
AcDbDictionary
280
     1
281
     1
  0
DICTIONARY
  5
1F9
330
ED
100
AcDbDictionary
280
     1
281
     1
  3
FBXASSET
360
1FA
  0
DICTIONARY
  5
1F7
330
EC
100
AcDbDictionary
280
     1
281
     1
  3
FBXASSET
360
1F8
  0
DICTIONARY
  5
173
330
EE
100
AcDbDictionary
280
     1
281
     1
  3
BUMPTILE
360
175
  3
DIFFUSETILE
360
174
  3
FBXASSET
360
1FB
  3
OPACITYTILE
360
176
  3
REFLECTIONTILE
360
177
  0
DICTIONARY
  5
2172
330
1822
100
AcDbDictionary
280
     1
281
     1
  3
ACAD_ROUNDTRIP_2008_TABLESTYLE_CELLSTYLEMAP
360
2173
  0
DICTIONARY
  5
162
330
7F
100
AcDbDictionary
280
     1
281
     1
  3
ACAD_ROUNDTRIP_2008_TABLESTYLE_CELLSTYLEMAP
360
2171
  0
ACDB_MTEXTOBJECTCONTEXTDATA_CLASS
  5
A14
102
{ACAD_REACTORS
330
A13
102
}
330
A13
100
AcDbObjectContextData
 70
     4
290
     1
100
AcDbAnnotScaleObjectContextData
340
10D
 70
     1
 10
1.0
 20
0.0
 30
0.0
 11
9.210128215082807
 21
54.62168493726903
 31
0.0
 40
4.348702708848804
 41
0.0
 42
4.247619047619043
 43
0.4000000000000003
 71
     2
 72
     1
 44
4.348702708848804
 45
12.5
 73
     0
 74
     0
 46
0.0
  0
ACDB_TEXTOBJECTCONTEXTDATA_CLASS
  5
1827
102
{ACAD_REACTORS
330
1826
102
}
330
1826
100
AcDbObjectContextData
 70
     4
290
     1
100
AcDbAnnotScaleObjectContextData
340
10D
 70
     0
 50
0.0
 10
52.2922303914678
 20
39.28122834600055
 11
0.0
 21
0.0
  0
ACDB_TEXTOBJECTCONTEXTDATA_CLASS
  5
1835
102
{ACAD_REACTORS
330
1834
102
}
330
1834
100
AcDbObjectContextData
 70
     4
290
     1
100
AcDbAnnotScaleObjectContextData
340
10D
 70
     0
 50
0.0
 10
54.33598502577877
 20
39.28122834600055
 11
0.0
 21
0.0
  0
ACDB_TEXTOBJECTCONTEXTDATA_CLASS
  5
183A
102
{ACAD_REACTORS
330
1839
102
}
330
1839
100
AcDbObjectContextData
 70
     4
290
     1
100
AcDbAnnotScaleObjectContextData
340
10D
 70
     0
 50
0.0
 10
58.0506957714349
 20
39.28122834600055
 11
0.0
 21
0.0
  0
ACDB_TEXTOBJECTCONTEXTDATA_CLASS
  5
183F
102
{ACAD_REACTORS
330
183E
102
}
330
183E
100
AcDbObjectContextData
 70
     4
290
     1
100
AcDbAnnotScaleObjectContextData
340
10D
 70
     0
 50
0.0
 10
52.81969127404443
 20
38.2730014636619
 11
0.0
 21
0.0
  0
ACDB_TEXTOBJECTCONTEXTDATA_CLASS
  5
1844
102
{ACAD_REACTORS
330
1843
102
}
330
1843
100
AcDbObjectContextData
 70
     4
290
     1
100
AcDbAnnotScaleObjectContextData
340
10D
 70
     0
 50
0.0
 10
52.81969127404443
 20
37.23037535888881
 11
0.0
 21
0.0
  0
ACDB_TEXTOBJECTCONTEXTDATA_CLASS
  5
1849
102
{ACAD_REACTORS
330
1848
102
}
330
1848
100
AcDbObjectContextData
 70
     4
290
     1
100
AcDbAnnotScaleObjectContextData
340
10D
 70
     0
 50
0.0
 10
52.81969127404443
 20
36.23739814936664
 11
0.0
 21
0.0
  0
ACDB_TEXTOBJECTCONTEXTDATA_CLASS
  5
184F
102
{ACAD_REACTORS
330
184E
102
}
330
184E
100
AcDbObjectContextData
 70
     4
290
     1
100
AcDbAnnotScaleObjectContextData
340
10D
 70
     0
 50
0.0
 10
54.1524071063817
 20
35.24579013924932
 11
0.0
 21
0.0
  0
ACDB_TEXTOBJECTCONTEXTDATA_CLASS
  5
1854
102
{ACAD_REACTORS
330
1853
102
}
330
1853
100
AcDbObjectContextData
 70
     4
290
     1
100
AcDbAnnotScaleObjectContextData
340
10D
 70
     0
 50
0.0
 10
54.26802987453516
 20
38.23188143344765
 11
0.0
 21
0.0
  0
ACDB_TEXTOBJECTCONTEXTDATA_CLASS
  5
1859
102
{ACAD_REACTORS
330
1858
102
}
330
1858
100
AcDbObjectContextData
 70
     4
290
     1
100
AcDbAnnotScaleObjectContextData
340
10D
 70
     0
 50
0.0
 10
54.33598502577877
 20
37.23651774599216
 11
0.0
 21
0.0
  0
ACDB_TEXTOBJECTCONTEXTDATA_CLASS
  5
185E
102
{ACAD_REACTORS
330
185D
102
}
330
185D
100
AcDbObjectContextData
 70
     4
290
     1
100
AcDbAnnotScaleObjectContextData
340
10D
 70
     0
 50
0.0
 10
54.63854297142939
 20
36.21997597949235
 11
0.0
 21
0.0
  0
ACDB_TEXTOBJECTCONTEXTDATA_CLASS
  5
1863
102
{ACAD_REACTORS
330
1862
102
}
330
1862
100
AcDbObjectContextData
 70
     4
290
     1
100
AcDbAnnotScaleObjectContextData
340
10D
 70
     0
 50
0.0
 10
57.19605593861581
 20
38.23188143344765
 11
0.0
 21
0.0
  0
ACDB_TEXTOBJECTCONTEXTDATA_CLASS
  5
1868
102
{ACAD_REACTORS
330
1867
102
}
330
1867
100
AcDbObjectContextData
 70
     4
290
     1
100
AcDbAnnotScaleObjectContextData
340
10D
 70
     0
 50
0.0
 10
57.19605593861581
 20
37.2387727752186
 11
0.0
 21
0.0
  0
ACDB_TEXTOBJECTCONTEXTDATA_CLASS
  5
186D
102
{ACAD_REACTORS
330
186C
102
}
330
186C
100
AcDbObjectContextData
 70
     4
290
     1
100
AcDbAnnotScaleObjectContextData
340
10D
 70
     0
 50
0.0
 10
57.19605593861581
 20
36.26578573790869
 11
0.0
 21
0.0
  0
ACDB_TEXTOBJECTCONTEXTDATA_CLASS
  5
1878
102
{ACAD_REACTORS
330
1877
102
}
330
1877
100
AcDbObjectContextData
 70
     4
290
     1
100
AcDbAnnotScaleObjectContextData
340
10D
 70
     0
 50
0.0
 10
46.02596321905685
 20
12.60953992660657
 11
0.0
 21
0.0
  0
ACDB_MTEXTOBJECTCONTEXTDATA_CLASS
  5
1887
102
{ACAD_REACTORS
330
1886
102
}
330
1886
100
AcDbObjectContextData
 70
     4
290
     1
100
AcDbAnnotScaleObjectContextData
340
10D
 70
     1
 10
1.0
 20
0.0
 30
0.0
 11
7.344831008040046
 21
14.75923420685638
 31
0.0
 40
7.181415658527043
 41
0.0
 42
5.658594815825375
 43
1.350727603456116
 71
     2
 72
     1
 44
7.181415658527043
 45
1.5
 73
     0
 74
     0
 46
0.0
  0
ACDB_MTEXTOBJECTCONTEXTDATA_CLASS
  5
188C
102
{ACAD_REACTORS
330
188B
102
}
330
188B
100
AcDbObjectContextData
 70
     4
290
     1
100
AcDbAnnotScaleObjectContextData
340
10D
 70
     1
 10
1.0
 20
0.0
 30
0.0
 11
26.99119181313335
 21
14.88665644827352
 31
0.0
 40
7.734016516444171
 41
0.0
 42
4.551841746248294
 43
1.350727603456116
 71
     2
 72
     1
 44
7.734016516444171
 45
1.5
 73
     0
 74
     0
 46
0.0
  0
ACDB_TEXTOBJECTCONTEXTDATA_CLASS
  5
1891
102
{ACAD_REACTORS
330
1890
102
}
330
1890
100
AcDbObjectContextData
 70
     4
290
     1
100
AcDbAnnotScaleObjectContextData
340
10D
 70
     0
 50
0.0
 10
44.39542477857412
 20
34.1024655068893
 11
0.0
 21
0.0
  0
ACDB_MTEXTOBJECTCONTEXTDATA_CLASS
  5
18B2
102
{ACAD_REACTORS
330
18B1
102
}
330
18B1
100
AcDbObjectContextData
 70
     4
290
     1
100
AcDbAnnotScaleObjectContextData
340
10D
 70
     1
 10
1.0
 20
0.0
 30
0.0
 11
71.79413408573646
 21
33.88556692429737
 31
0.0
 40
5.402114586450238
 41
0.0
 42
5.268826739427012
 43
0.3104365620736699
 71
     2
 72
     1
 44
5.402114586450238
 45
1.5
 73
     0
 74
     0
 46
0.0
  0
ACDB_MTEXTOBJECTCONTEXTDATA_CLASS
  5
18B7
102
{ACAD_REACTORS
330
18B6
102
}
330
18B6
100
AcDbObjectContextData
 70
     4
290
     1
100
AcDbAnnotScaleObjectContextData
340
10D
 70
     1
 10
1.0
 20
0.0
 30
0.0
 11
68.50680590427046
 21
32.92005600320957
 31
0.0
 40
2.828465766250019
 41
0.0
 42
2.797407912687584
 43
0.3104365620736699
 71
     2
 72
     1
 44
2.828465766250019
 45
1.5
 73
     0
 74
     0
 46
0.0
  0
ACDB_MTEXTOBJECTCONTEXTDATA_CLASS
  5
18BC
102
{ACAD_REACTORS
330
18BB
102
}
330
18BB
100
AcDbObjectContextData
 70
     4
290
     1
100
AcDbAnnotScaleObjectContextData
340
10D
 70
     1
 10
1.0
 20
0.0
 30
0.0
 11
71.51781990281529
 21
32.92005600320957
 31
0.0
 40
2.828465766250019
 41
0.0
 42
2.797407912687584
 43
0.3104365620736699
 71
     2
 72
     1
 44
2.828465766250019
 45
1.5
 73
     0
 74
     0
 46
0.0
  0
ACDB_MTEXTOBJECTCONTEXTDATA_CLASS
  5
18C1
102
{ACAD_REACTORS
330
18C0
102
}
330
18C0
100
AcDbObjectContextData
 70
     4
290
     1
100
AcDbAnnotScaleObjectContextData
340
10D
 70
     1
 10
1.0
 20
0.0
 30
0.0
 11
74.54232252392819
 21
32.92005600320957
 31
0.0
 40
2.828465766250019
 41
0.0
 42
2.797407912687584
 43
0.3104365620736699
 71
     2
 72
     1
 44
2.828465766250019
 45
1.5
 73
     0
 74
     0
 46
0.0
  0
ACDB_MTEXTOBJECTCONTEXTDATA_CLASS
  5
18C6
102
{ACAD_REACTORS
330
18C5
102
}
330
18C5
100
AcDbObjectContextData
 70
     4
290
     1
100
AcDbAnnotScaleObjectContextData
340
10D
 70
     1
 10
1.0
 20
0.0
 30
0.0
 11
77.54779178760327
 21
32.92005600320957
 31
0.0
 40
2.828465766250019
 41
0.0
 42
2.797407912687584
 43
0.3104365620736699
 71
     2
 72
     1
 44
2.828465766250019
 45
1.5
 73
     0
 74
     0
 46
0.0
  0
ACDB_MTEXTOBJECTCONTEXTDATA_CLASS
  5
18CB
102
{ACAD_REACTORS
330
18CA
102
}
330
18CA
100
AcDbObjectContextData
 70
     4
290
     1
100
AcDbAnnotScaleObjectContextData
340
10D
 70
     1
 10
1.0
 20
0.0
 30
0.0
 11
69.53749626567958
 21
31.87385620916692
 31
0.0
 40
0.5000296544884577
 41
0.0
 42
0.2480218281036834
 43
0.3
 71
     2
 72
     1
 44
0.5000296544884577
 45
1.5
 73
     0
 74
     0
 46
0.0
  0
ACDB_MTEXTOBJECTCONTEXTDATA_CLASS
  5
18D0
102
{ACAD_REACTORS
330
18CF
102
}
330
18CF
100
AcDbObjectContextData
 70
     4
290
     1
100
AcDbAnnotScaleObjectContextData
340
10D
 70
     1
 10
1.0
 20
0.0
 30
0.0
 11
72.62769418471998
 21
31.87385620916692
 31
0.0
 40
0.5000296544884577
 41
0.0
 42
0.2480218281036834
 43
0.3
 71
     2
 72
     1
 44
0.5000296544884577
 45
1.5
 73
     0
 74
     0
 46
0.0
  0
ACDB_MTEXTOBJECTCONTEXTDATA_CLASS
  5
18D5
102
{ACAD_REACTORS
330
18D4
102
}
330
18D4
100
AcDbObjectContextData
 70
     4
290
     1
100
AcDbAnnotScaleObjectContextData
340
10D
 70
     1
 10
1.0
 20
0.0
 30
0.0
 11
69.53749626567958
 21
26.86647235415532
 31
0.0
 40
0.5000296544884577
 41
0.0
 42
1.219645293315143
 43
0.3104365620736699
 71
     2
 72
     1
 44
0.5000296544884577
 45
1.5
 73
     0
 74
     0
 46
0.0
  0
ACDB_MTEXTOBJECTCONTEXTDATA_CLASS
  5
18DA
102
{ACAD_REACTORS
330
18D9
102
}
330
18D9
100
AcDbObjectContextData
 70
     4
290
     1
100
AcDbAnnotScaleObjectContextData
340
10D
 70
     1
 10
1.0
 20
0.0
 30
0.0
 11
69.53749626567958
 21
24.83922240812234
 31
0.0
 40
0.5000296544884577
 41
0.0
 42
1.219645293315143
 43
0.3104365620736699
 71
     2
 72
     1
 44
0.5000296544884577
 45
1.5
 73
     0
 74
     0
 46
0.0
  0
ACDB_MTEXTOBJECTCONTEXTDATA_CLASS
  5
18DF
102
{ACAD_REACTORS
330
18DE
102
}
330
18DE
100
AcDbObjectContextData
 70
     4
290
     1
100
AcDbAnnotScaleObjectContextData
340
10D
 70
     1
 10
1.0
 20
0.0
 30
0.0
 11
72.62769418471998
 21
30.90740497775315
 31
0.0
 40
0.5000296544884577
 41
0.0
 42
0.2480218281036834
 43
0.3
 71
     2
 72
     1
 44
0.5000296544884577
 45
1.5
 73
     0
 74
     0
 46
0.0
  0
ACDB_MTEXTOBJECTCONTEXTDATA_CLASS
  5
18E4
102
{ACAD_REACTORS
330
18E3
102
}
330
18E3
100
AcDbObjectContextData
 70
     4
290
     1
100
AcDbAnnotScaleObjectContextData
340
10D
 70
     1
 10
1.0
 20
0.0
 30
0.0
 11
72.62769418471998
 21
29.87452276918518
 31
0.0
 40
0.5000296544884577
 41
0.0
 42
0.2480218281036834
 43
0.3
 71
     2
 72
     1
 44
0.5000296544884577
 45
1.5
 73
     0
 74
     0
 46
0.0
  0
ACDB_MTEXTOBJECTCONTEXTDATA_CLASS
  5
18E9
102
{ACAD_REACTORS
330
18E8
102
}
330
18E8
100
AcDbObjectContextData
 70
     4
290
     1
100
AcDbAnnotScaleObjectContextData
340
10D
 70
     1
 10
1.0
 20
0.0
 30
0.0
 11
72.62769418471998
 21
28.87391828901943
 31
0.0
 40
0.5000296544884577
 41
0.0
 42
0.2480218281036834
 43
0.3
 71
     2
 72
     1
 44
0.5000296544884577
 45
1.5
 73
     0
 74
     0
 46
0.0
  0
ACDB_MTEXTOBJECTCONTEXTDATA_CLASS
  5
18EE
102
{ACAD_REACTORS
330
18ED
102
}
330
18ED
100
AcDbObjectContextData
 70
     4
290
     1
100
AcDbAnnotScaleObjectContextData
340
10D
 70
     1
 10
1.0
 20
0.0
 30
0.0
 11
72.62769418471998
 21
27.9217300537091
 31
0.0
 40
0.5000296544884577
 41
0.0
 42
0.2480218281036834
 43
0.3
 71
     2
 72
     1
 44
0.5000296544884577
 45
1.5
 73
     0
 74
     0
 46
0.0
  0
ACDB_MTEXTOBJECTCONTEXTDATA_CLASS
  5
18F3
102
{ACAD_REACTORS
330
18F2
102
}
330
18F2
100
AcDbObjectContextData
 70
     4
290
     1
100
AcDbAnnotScaleObjectContextData
340
10D
 70
     1
 10
1.0
 20
0.0
 30
0.0
 11
72.62769418471998
 21
26.90498659342629
 31
0.0
 40
0.5000296544884577
 41
0.0
 42
0.2480218281036834
 43
0.3
 71
     2
 72
     1
 44
0.5000296544884577
 45
1.5
 73
     0
 74
     0
 46
0.0
  0
ACDB_MTEXTOBJECTCONTEXTDATA_CLASS
  5
18F8
102
{ACAD_REACTORS
330
18F7
102
}
330
18F7
100
AcDbObjectContextData
 70
     4
290
     1
100
AcDbAnnotScaleObjectContextData
340
10D
 70
     1
 10
1.0
 20
0.0
 30
0.0
 11
72.62769418471998
 21
25.87210461669028
 31
0.0
 40
0.5000296544884577
 41
0.0
 42
0.2480218281036834
 43
0.3
 71
     2
 72
     1
 44
0.5000296544884577
 45
1.5
 73
     0
 74
     0
 46
0.0
  0
ACDB_MTEXTOBJECTCONTEXTDATA_CLASS
  5
18FD
102
{ACAD_REACTORS
330
18FC
102
}
330
18FC
100
AcDbObjectContextData
 70
     4
290
     1
100
AcDbAnnotScaleObjectContextData
340
10D
 70
     1
 10
1.0
 20
0.0
 30
0.0
 11
72.62769418471998
 21
24.8714999046926
 31
0.0
 40
0.5000296544884577
 41
0.0
 42
0.2480218281036834
 43
0.3
 71
     2
 72
     1
 44
0.5000296544884577
 45
1.5
 73
     0
 74
     0
 46
0.0
  0
ACDB_MTEXTOBJECTCONTEXTDATA_CLASS
  5
19E9
102
{ACAD_REACTORS
330
19E8
102
}
330
19E8
100
AcDbObjectContextData
 70
     4
290
     1
100
AcDbAnnotScaleObjectContextData
340
10D
 70
     1
 10
1.0
 20
0.0
 30
0.0
 11
68.40676528337351
 21
41.87454607191816
 31
0.0
 40
12.0
 41
0.0
 42
9.021282401091404
 43
5.350750341064119
 71
     2
 72
     1
 44
12.0
 45
1.5
 73
     0
 74
     0
 46
0.0
  0
ACDB_MTEXTOBJECTCONTEXTDATA_CLASS
  5
19F5
102
{ACAD_REACTORS
330
19F4
102
}
330
19F4
100
AcDbObjectContextData
 70
     4
290
     1
100
AcDbAnnotScaleObjectContextData
340
10D
 70
     1
 10
1.0
 20
0.0
 30
0.0
 11
74.7405072369396
 21
31.87385620916692
 31
0.0
 40
2.35396435238556
 41
0.0
 42
1.652046384720327
 43
0.306343792633015
 71
     2
 72
     1
 44
2.35396435238556
 45
1.5
 73
     0
 74
     0
 46
0.0
  0
ACDB_MTEXTOBJECTCONTEXTDATA_CLASS
  5
19FA
102
{ACAD_REACTORS
330
19F9
102
}
330
19F9
100
AcDbObjectContextData
 70
     4
290
     1
100
AcDbAnnotScaleObjectContextData
340
10D
 70
     1
 10
1.0
 20
0.0
 30
0.0
 11
74.67202113709294
 21
30.78080059998317
 31
0.0
 40
2.35396435238556
 41
0.0
 42
1.302523874488403
 43
0.3014324693042292
 71
     2
 72
     1
 44
2.35396435238556
 45
1.5
 73
     0
 74
     0
 46
0.0
  0
ACDB_MTEXTOBJECTCONTEXTDATA_CLASS
  5
19FF
102
{ACAD_REACTORS
330
19FE
102
}
330
19FE
100
AcDbObjectContextData
 70
     4
290
     1
100
AcDbAnnotScaleObjectContextData
340
10D
 70
     1
 10
1.0
 20
0.0
 30
0.0
 11
74.7405072369396
 21
29.82360429814503
 31
0.0
 40
2.35396435238556
 41
0.0
 42
1.652046384720327
 43
0.306343792633015
 71
     2
 72
     1
 44
2.35396435238556
 45
1.5
 73
     0
 74
     0
 46
0.0
  0
ACDB_MTEXTOBJECTCONTEXTDATA_CLASS
  5
1A04
102
{ACAD_REACTORS
330
1A03
102
}
330
1A03
100
AcDbObjectContextData
 70
     4
290
     1
100
AcDbAnnotScaleObjectContextData
340
10D
 70
     1
 10
1.0
 20
0.0
 30
0.0
 11
74.7405072369396
 21
28.9294291144958
 31
0.0
 40
2.35396435238556
 41
0.0
 42
1.652046384720327
 43
0.306343792633015
 71
     2
 72
     1
 44
2.35396435238556
 45
1.5
 73
     0
 74
     0
 46
0.0
  0
ACDB_MTEXTOBJECTCONTEXTDATA_CLASS
  5
1A09
102
{ACAD_REACTORS
330
1A08
102
}
330
1A08
100
AcDbObjectContextData
 70
     4
290
     1
100
AcDbAnnotScaleObjectContextData
340
10D
 70
     1
 10
1.0
 20
0.0
 30
0.0
 11
74.7405072369396
 21
27.8422048511743
 31
0.0
 40
2.35396435238556
 41
0.0
 42
1.652046384720327
 43
0.306343792633015
 71
     2
 72
     1
 44
2.35396435238556
 45
1.5
 73
     0
 74
     0
 46
0.0
  0
ACDB_MTEXTOBJECTCONTEXTDATA_CLASS
  5
1A0E
102
{ACAD_REACTORS
330
1A0D
102
}
330
1A0D
100
AcDbObjectContextData
 70
     4
290
     1
100
AcDbAnnotScaleObjectContextData
340
10D
 70
     1
 10
1.0
 20
0.0
 30
0.0
 11
74.7405072369396
 21
26.76767360296151
 31
0.0
 40
2.35396435238556
 41
0.0
 42
1.652046384720327
 43
0.306343792633015
 71
     2
 72
     1
 44
2.35396435238556
 45
1.5
 73
     0
 74
     0
 46
0.0
  0
ACDB_MTEXTOBJECTCONTEXTDATA_CLASS
  5
1A13
102
{ACAD_REACTORS
330
1A12
102
}
330
1A12
100
AcDbObjectContextData
 70
     4
290
     1
100
AcDbAnnotScaleObjectContextData
340
10D
 70
     1
 10
1.0
 20
0.0
 30
0.0
 11
74.7405072369396
 21
25.89461686919737
 31
0.0
 40
2.35396435238556
 41
0.0
 42
1.652046384720327
 43
0.306343792633015
 71
     2
 72
     1
 44
2.35396435238556
 45
1.5
 73
     0
 74
     0
 46
0.0
  0
ACDB_MTEXTOBJECTCONTEXTDATA_CLASS
  5
1A18
102
{ACAD_REACTORS
330
1A17
102
}
330
1A17
100
AcDbObjectContextData
 70
     4
290
     1
100
AcDbAnnotScaleObjectContextData
340
10D
 70
     1
 10
1.0
 20
0.0
 30
0.0
 11
74.7405072369396
 21
24.84247121569928
 31
0.0
 40
2.35396435238556
 41
0.0
 42
1.652046384720327
 43
0.306343792633015
 71
     2
 72
     1
 44
2.35396435238556
 45
1.5
 73
     0
 74
     0
 46
0.0
  0
ACDB_MTEXTOBJECTCONTEXTDATA_CLASS
  5
1A45
102
{ACAD_REACTORS
330
1A44
102
}
330
1A44
100
AcDbObjectContextData
 70
     4
290
     1
100
AcDbAnnotScaleObjectContextData
340
10D
 70
     1
 10
1.0
 20
0.0
 30
0.0
 11
78.35815915979191
 21
31.87385620916692
 31
0.0
 40
0.5000296544884577
 41
0.0
 42
0.2480218281036834
 43
0.3
 71
     2
 72
     1
 44
0.5000296544884577
 45
1.5
 73
     0
 74
     0
 46
0.0
  0
ACDB_MTEXTOBJECTCONTEXTDATA_CLASS
  5
1A4A
102
{ACAD_REACTORS
330
1A49
102
}
330
1A49
100
AcDbObjectContextData
 70
     4
290
     1
100
AcDbAnnotScaleObjectContextData
340
10D
 70
     1
 10
1.0
 20
0.0
 30
0.0
 11
78.35815915979191
 21
30.85082892843913
 31
0.0
 40
0.5000296544884577
 41
0.0
 42
0.1105047748976808
 43
0.3012278308321965
 71
     2
 72
     1
 44
0.5000296544884577
 45
1.5
 73
     0
 74
     0
 46
0.0
  0
ACDB_MTEXTOBJECTCONTEXTDATA_CLASS
  5
1A4F
102
{ACAD_REACTORS
330
1A4E
102
}
330
1A4E
100
AcDbObjectContextData
 70
     4
290
     1
100
AcDbAnnotScaleObjectContextData
340
10D
 70
     1
 10
1.0
 20
0.0
 30
0.0
 11
78.35815915979191
 21
29.81172583717395
 31
0.0
 40
0.5000296544884577
 41
0.0
 42
0.1105047748976808
 43
0.3012278308321965
 71
     2
 72
     1
 44
0.5000296544884577
 45
1.5
 73
     0
 74
     0
 46
0.0
  0
ACDB_MTEXTOBJECTCONTEXTDATA_CLASS
  5
1A54
102
{ACAD_REACTORS
330
1A53
102
}
330
1A53
100
AcDbObjectContextData
 70
     4
290
     1
100
AcDbAnnotScaleObjectContextData
340
10D
 70
     1
 10
1.0
 20
0.0
 30
0.0
 11
78.35815915979191
 21
28.84379417195651
 31
0.0
 40
0.5000296544884577
 41
0.0
 42
0.1105047748976808
 43
0.3012278308321965
 71
     2
 72
     1
 44
0.5000296544884577
 45
1.5
 73
     0
 74
     0
 46
0.0
  0
ACDB_MTEXTOBJECTCONTEXTDATA_CLASS
  5
1A59
102
{ACAD_REACTORS
330
1A58
102
}
330
1A58
100
AcDbObjectContextData
 70
     4
290
     1
100
AcDbAnnotScaleObjectContextData
340
10D
 70
     1
 10
1.0
 20
0.0
 30
0.0
 11
78.35815915979191
 21
27.83315974964435
 31
0.0
 40
0.5000296544884577
 41
0.0
 42
0.1105047748976808
 43
0.3012278308321965
 71
     2
 72
     1
 44
0.5000296544884577
 45
1.5
 73
     0
 74
     0
 46
0.0
  0
ACDB_MTEXTOBJECTCONTEXTDATA_CLASS
  5
1A5E
102
{ACAD_REACTORS
330
1A5D
102
}
330
1A5D
100
AcDbObjectContextData
 70
     4
290
     1
100
AcDbAnnotScaleObjectContextData
340
10D
 70
     1
 10
1.0
 20
0.0
 30
0.0
 11
78.35815915979191
 21
26.86241124574632
 31
0.0
 40
0.5000296544884577
 41
0.0
 42
0.1105047748976808
 43
0.3012278308321965
 71
     2
 72
     1
 44
0.5000296544884577
 45
1.5
 73
     0
 74
     0
 46
0.0
  0
ACDB_MTEXTOBJECTCONTEXTDATA_CLASS
  5
1A63
102
{ACAD_REACTORS
330
1A62
102
}
330
1A62
100
AcDbObjectContextData
 70
     4
290
     1
100
AcDbAnnotScaleObjectContextData
340
10D
 70
     1
 10
1.0
 20
0.0
 30
0.0
 11
78.35815915979191
 21
25.83754248895765
 31
0.0
 40
0.5000296544884577
 41
0.0
 42
0.1105047748976808
 43
0.3012278308321965
 71
     2
 72
     1
 44
0.5000296544884577
 45
1.5
 73
     0
 74
     0
 46
0.0
  0
ACDB_MTEXTOBJECTCONTEXTDATA_CLASS
  5
1A68
102
{ACAD_REACTORS
330
1A67
102
}
330
1A67
100
AcDbObjectContextData
 70
     4
290
     1
100
AcDbAnnotScaleObjectContextData
340
10D
 70
     1
 10
1.0
 20
0.0
 30
0.0
 11
78.35815915979191
 21
24.89807936952583
 31
0.0
 40
0.5000296544884577
 41
0.0
 42
0.1105047748976808
 43
0.3012278308321965
 71
     2
 72
     1
 44
0.5000296544884577
 45
1.5
 73
     0
 74
     0
 46
0.0
  0
ACDB_MTEXTOBJECTCONTEXTDATA_CLASS
  5
1A72
102
{ACAD_REACTORS
330
1A71
102
}
330
1A71
100
AcDbObjectContextData
 70
     4
290
     1
100
AcDbAnnotScaleObjectContextData
340
10D
 70
     1
 10
1.0
 20
0.0
 30
0.0
 11
63.82919362827431
 21
15.94535891893821
 31
0.0
 40
13.40661524535522
 41
0.0
 42
10.37742155525239
 43
4.832742155525237
 71
     2
 72
     1
 44
13.40661524535522
 45
1.5
 73
     0
 74
     0
 46
0.0
  0
ACDB_MTEXTOBJECTCONTEXTDATA_CLASS
  5
1AAB
102
{ACAD_REACTORS
330
1AAA
102
}
330
1AAA
100
AcDbObjectContextData
 70
     4
290
     1
100
AcDbAnnotScaleObjectContextData
340
10D
 70
     1
 10
1.0
 20
0.0
 30
0.0
 11
7.283889065446601
 21
49.26537971391508
 31
0.0
 40
7.181415658527043
 41
0.0
 42
3.807980900409276
 43
0.5173942701227831
 71
     2
 72
     1
 44
7.181415658527043
 45
1.5
 73
     0
 74
     0
 46
0.0
  0
ACDB_MTEXTOBJECTCONTEXTDATA_CLASS
  5
1AB2
102
{ACAD_REACTORS
330
1AB1
102
}
330
1AB1
100
AcDbObjectContextData
 70
     4
290
     1
100
AcDbAnnotScaleObjectContextData
340
10D
 70
     1
 10
1.0
 20
0.0
 30
0.0
 11
36.13687805712255
 21
47.84643163491111
 31
0.0
 40
7.181415658527043
 41
0.0
 42
3.807980900409276
 43
0.5173942701227831
 71
     2
 72
     1
 44
7.181415658527043
 45
1.5
 73
     0
 74
     0
 46
0.0
  0
ACDB_MLEADEROBJECTCONTEXTDATA_CLASS
  5
1EE9
102
{ACAD_REACTORS
330
1EE8
102
}
330
1EE8
100
AcDbObjectContextData
 70
     4
290
     1
100
AcDbAnnotScaleObjectContextData
340
10D
 40
1.0
 10
5.840955026429263
 20
15.32116572453827
 30
0.0
 41
4.0
140
0.5
145
2.0
174
     1
175
     1
176
     0
177
     0
290
     1
304

 11
0.0
 21
0.0
 31
1.0
340
11
 12
7.840955026429262
 22
17.32116572453827
 32
0.0
 13
1.0
 23
0.0
 33
0.0
 42
0.0
 43
0.0
 44
0.0
 45
1.0
170
     1
 90
-1073741824
171
     1
172
     5
 91
-1073741824
141
0.0
 92
        0
291
     0
292
     0
173
     0
293
     0
142
0.0
143
0.0
294
     0
295
     0
296
     0
110
4.479087922797577
120
15.32116572453827
130
0.0
111
1.0
121
0.0
131
0.0
112
0.0
122
1.0
132
0.0
297
     0
302
LEADER{
290
     1
291
     1
 10
5.840455026429263
 20
15.32116572453827
 30
0.0
 11
1.0
 21
0.0
 31
0.0
 90
        0
 40
0.0005
304
LEADER_LINE{
 10
4.479087922797577
 20
15.32116572453827
 30
0.0
 91
        0
305
}
271
     0
303
}
272
     9
273
     9
  0
ACDB_MLEADEROBJECTCONTEXTDATA_CLASS
  5
1EEE
102
{ACAD_REACTORS
330
1EED
102
}
330
1EED
100
AcDbObjectContextData
 70
     4
290
     1
100
AcDbAnnotScaleObjectContextData
340
10D
 40
1.0
 10
12.76493957893641
 20
45.08923400292999
 30
0.0
 41
4.0
140
0.5
145
2.0
174
     1
175
     1
176
     0
177
     0
290
     1
304

 11
0.0
 21
0.0
 31
1.0
340
11
 12
14.76493957893641
 22
47.08923400293
 32
0.0
 13
1.0
 23
0.0
 33
0.0
 42
0.0
 43
0.0
 44
0.0
 45
1.0
170
     1
 90
-1073741824
171
     1
172
     5
 91
-1073741824
141
0.0
 92
        0
291
     0
292
     0
173
     0
293
     0
142
0.0
143
0.0
294
     0
295
     0
296
     0
110
11.40307247530472
120
45.08923400292999
130
0.0
111
1.0
121
0.0
131
0.0
112
0.0
122
1.0
132
0.0
297
     0
302
LEADER{
290
     1
291
     1
 10
12.76443957893641
 20
45.08923400292999
 30
0.0
 11
1.0
 21
0.0
 31
0.0
 90
        0
 40
0.0005
304
LEADER_LINE{
 10
11.40307247530472
 20
45.08923400292999
 30
0.0
 91
        0
305
}
271
     0
303
}
272
     9
273
     9
  0
ACDB_MLEADEROBJECTCONTEXTDATA_CLASS
  5
1EF3
102
{ACAD_REACTORS
330
1EF2
102
}
330
1EF2
100
AcDbObjectContextData
 70
     4
290
     1
100
AcDbAnnotScaleObjectContextData
340
10D
 40
1.0
 10
31.94434907883661
 20
45.73212964582717
 30
0.0
 41
4.0
140
0.5
145
2.0
174
     1
175
     1
176
     0
177
     0
290
     1
304

 11
0.0
 21
0.0
 31
1.0
340
11
 12
33.94434907883661
 22
47.73212964582717
 32
0.0
 13
1.0
 23
0.0
 33
0.0
 42
0.0
 43
0.0
 44
0.0
 45
1.0
170
     1
 90
-1073741824
171
     1
172
     5
 91
-1073741824
141
0.0
 92
        0
291
     0
292
     0
173
     0
293
     0
142
0.0
143
0.0
294
     0
295
     0
296
     0
110
30.58248197520492
120
45.73212964582717
130
0.0
111
1.0
121
0.0
131
0.0
112
0.0
122
1.0
132
0.0
297
     0
302
LEADER{
290
     1
291
     1
 10
31.94384907883661
 20
45.73212964582717
 30
0.0
 11
1.0
 21
0.0
 31
0.0
 90
        0
 40
0.0005
304
LEADER_LINE{
 10
30.58248197520492
 20
45.73212964582717
 30
0.0
 91
        0
305
}
271
     0
303
}
272
     9
273
     9
  0
ACDB_MLEADEROBJECTCONTEXTDATA_CLASS
  5
1EF8
102
{ACAD_REACTORS
330
1EF7
102
}
330
1EF7
100
AcDbObjectContextData
 70
     4
290
     1
100
AcDbAnnotScaleObjectContextData
340
10D
 40
1.0
 10
25.02086452632946
 20
15.32116572453827
 30
0.0
 41
4.0
140
0.5
145
2.0
174
     1
175
     1
176
     0
177
     0
290
     1
304

 11
0.0
 21
0.0
 31
1.0
340
11
 12
27.02086452632946
 22
17.32116572453827
 32
0.0
 13
1.0
 23
0.0
 33
0.0
 42
0.0
 43
0.0
 44
0.0
 45
1.0
170
     1
 90
-1073741824
171
     1
172
     5
 91
-1073741824
141
0.0
 92
        0
291
     0
292
     0
173
     0
293
     0
142
0.0
143
0.0
294
     0
295
     0
296
     0
110
23.65899742269777
120
15.32116572453827
130
0.0
111
1.0
121
0.0
131
0.0
112
0.0
122
1.0
132
0.0
297
     0
302
LEADER{
290
     1
291
     1
 10
25.02036452632946
 20
15.32116572453827
 30
0.0
 11
1.0
 21
0.0
 31
0.0
 90
        0
 40
0.0005
304
LEADER_LINE{
 10
23.65899742269777
 20
15.32116572453827
 30
0.0
 91
        0
305
}
271
     0
303
}
272
     9
273
     9
  0
ACDB_MLEADEROBJECTCONTEXTDATA_CLASS
  5
211E
102
{ACAD_REACTORS
330
211D
102
}
330
211D
100
AcDbObjectContextData
 70
     4
290
     1
100
AcDbAnnotScaleObjectContextData
340
10D
 40
1.0
 10
65.67865395128899
 20
19.45729490023228
 30
0.0
 41
4.0
140
0.5
145
2.0
174
     1
175
     1
176
     0
177
     0
290
     1
304

 11
0.0
 21
0.0
 31
1.0
340
11
 12
67.67865395128899
 22
21.45729490023228
 32
0.0
 13
1.0
 23
0.0
 33
0.0
 42
0.0
 43
0.0
 44
0.0
 45
1.0
170
     1
 90
-1073741824
171
     1
172
     5
 91
-1073741824
141
0.0
 92
        0
291
     0
292
     0
173
     0
293
     0
142
0.0
143
0.0
294
     0
295
     0
296
     0
110
62.05773059214344
120
19.45729490023228
130
0.0
111
1.0
121
0.0
131
0.0
112
0.0
122
1.0
132
0.0
297
     0
302
LEADER{
290
     1
291
     1
 10
63.41909769577512
 20
19.45729490023228
 30
0.0
 11
1.0
 21
0.0
 31
0.0
 90
        0
 40
2.259556255513868
304
LEADER_LINE{
 10
62.05773059214344
 20
19.45729490023228
 30
0.0
 91
        0
305
}
271
     0
303
}
272
     9
273
     9
  0
ACDB_MLEADEROBJECTCONTEXTDATA_CLASS
  5
214D
102
{ACAD_REACTORS
330
214C
102
}
330
214C
100
AcDbObjectContextData
 70
     4
290
     1
100
AcDbAnnotScaleObjectContextData
340
10D
 40
1.0
 10
63.92614470316153
 20
49.99013815765595
 30
0.0
 41
4.0
140
0.5
145
2.0
174
     1
175
     1
176
     0
177
     0
290
     1
304

 11
0.0
 21
0.0
 31
1.0
340
11
 12
65.92614470316153
 22
51.99013815765595
 32
0.0
 13
1.0
 23
0.0
 33
0.0
 42
0.0
 43
0.0
 44
0.0
 45
1.0
170
     1
 90
-1073741824
171
     1
172
     5
 91
-1073741824
141
0.0
 92
        0
291
     0
292
     0
173
     0
293
     0
142
0.0
143
0.0
294
     0
295
     0
296
     0
110
60.30522134401596
120
49.99013815765595
130
0.0
111
1.0
121
0.0
131
0.0
112
0.0
122
1.0
132
0.0
297
     0
302
LEADER{
290
     1
291
     1
 10
61.66658844764765
 20
49.99013815765595
 30
0.0
 11
1.0
 21
0.0
 31
0.0
 90
        0
 40
2.259556255513868
304
LEADER_LINE{
 10
60.30522134401596
 20
49.99013815765595
 30
0.0
 91
        0
305
}
271
     0
303
}
272
     9
273
     9
  0
ACDB_MLEADEROBJECTCONTEXTDATA_CLASS
  5
2152
102
{ACAD_REACTORS
330
2151
102
}
330
2151
100
AcDbObjectContextData
 70
     4
290
     1
100
AcDbAnnotScaleObjectContextData
340
10D
 40
1.0
 10
63.63462035819174
 20
50.73922381732471
 30
0.0
 41
4.0
140
0.5
145
2.0
174
     1
175
     1
176
     0
177
     0
290
     1
304

 11
0.0
 21
0.0
 31
1.0
340
11
 12
65.63462035819174
 22
52.73922381732472
 32
0.0
 13
1.0
 23
0.0
 33
0.0
 42
0.0
 43
0.0
 44
0.0
 45
1.0
170
     1
 90
-1073741824
171
     1
172
     5
 91
-1073741824
141
0.0
 92
        0
291
     0
292
     0
173
     0
293
     0
142
0.0
143
0.0
294
     0
295
     0
296
     0
110
60.01369699904618
120
50.73922381732471
130
0.0
111
1.0
121
0.0
131
0.0
112
0.0
122
1.0
132
0.0
297
     0
302
LEADER{
290
     1
291
     1
 10
61.37506410267786
 20
50.73922381732471
 30
0.0
 11
1.0
 21
0.0
 31
0.0
 90
        0
 40
2.259556255513868
304
LEADER_LINE{
 10
60.01369699904618
 20
50.73922381732471
 30
0.0
 91
        0
305
}
271
     0
303
}
272
     9
273
     9
  0
ACDB_MLEADEROBJECTCONTEXTDATA_CLASS
  5
2157
102
{ACAD_REACTORS
330
2156
102
}
330
2156
100
AcDbObjectContextData
 70
     4
290
     1
100
AcDbAnnotScaleObjectContextData
340
10D
 40
1.0
 10
63.63462035819174
 20
51.14801692220265
 30
0.0
 41
4.0
140
0.5
145
2.0
174
     1
175
     1
176
     0
177
     0
290
     1
304

 11
0.0
 21
0.0
 31
1.0
340
11
 12
65.63462035819174
 22
53.14801692220264
 32
0.0
 13
1.0
 23
0.0
 33
0.0
 42
0.0
 43
0.0
 44
0.0
 45
1.0
170
     1
 90
-1073741824
171
     1
172
     5
 91
-1073741824
141
0.0
 92
        0
291
     0
292
     0
173
     0
293
     0
142
0.0
143
0.0
294
     0
295
     0
296
     0
110
60.01369699904618
120
51.14801692220265
130
0.0
111
1.0
121
0.0
131
0.0
112
0.0
122
1.0
132
0.0
297
     0
302
LEADER{
290
     1
291
     1
 10
61.37506410267786
 20
51.14801692220265
 30
0.0
 11
1.0
 21
0.0
 31
0.0
 90
        0
 40
2.259556255513868
304
LEADER_LINE{
 10
60.01369699904618
 20
51.14801692220265
 30
0.0
 91
        0
305
}
271
     0
303
}
272
     9
273
     9
  0
XRECORD
  5
1FA
102
{ACAD_REACTORS
330
1F9
102
}
330
1F9
100
AcDbXrecord
280
     1
 70
     1
 90
429727718
  1
D62C5603-E3A1-4AEA-B7FB-FE5D8D0755AF
310
504B03040A0000080000CC70623B3DEE336E79000000790000001B0000006175746F6465736B2D64657369676E2D7061636B6167652E786D6C3C3F786D6C2076657273696F6E3D22312E302220656E636F64696E673D227574662D3822203F3E3C666F726D6174733E3C666F726D61743E687474703A2F2F736368656D612E
310
6175746F6465736B2E636F6D2F64657369676E2D7061636B6167652F323030393C2F666F726D61743E3C2F666F726D6174733E504B0304140006080800CC70623BD486FD9CA0000000F4000000130000005B436F6E74656E745F54797065735D2E786D6C7D8EC10E82300C865F65E91D8A1E8C310C0EEA1BF002731658846E
310
D98AC1B77784ABF1D8FE5FBFBF75BBCE937A534CCEB38643598122B6FEE978D0B0485F9C41B54DDD7D022595594E1A469170414C76A4D9A4D207E29CF43ECE46F218070CC6BECC4078ACAA135ACF422C856C0E68EA1BF5669944DDD7BCDE7B1F8E415D77AECB980613C2E4AC91FC167A2B244592486606FC29C8FD7F045B9A
310
EF7053A7E60B504B0304140006080800CC70623B853B8169EB0000007C01000008000000636F72652E786D6C8D90416EC3201045AF62CDB6C206821CC7C244919D9CA01740401C94182C03558F5F9C3852BBEB6A467FFE9B197D7EFC9E1EC5975982F5AE035262288C535E5B377690E21535501C055FBC8FBF6C503839990E
310
5619041F179FE64D52DE45E362569DD7661365082642A11EB9E920A89B99642953CC8E702F67A9EE7234257977194EC9EAE275C4EABCCF5EAD5940D4AC6F0E35A568B8F43562CD7046CD199FD07E60174276A7BE677B5EADB0E0D14EEFFB6A31321A0D82627C4084204C3F096B71DD52F6819B16635EADF63F509AF53FA164
310
5DDCD1EDDD17164090FCC8732078B56691CB33A85CD7DCC40F504B0304140006080800CC70623B55019EA25F0000007C00000007000000636E782E786D6C4DCB3B0E80201045D1AD90E915ED2CF8AC45050C11660C8261F98AB1B07AC9C97D42D718D865D3E909258CFD00CCE24AC6E326A164D74DC0B4128928FF32603847
310
2BA13128B1252AC747C6BAB984FC68F0B87FE8960A5C09FE86CFB69FBA01504B0304140006080800CC70623BDBABAAF470010000D40300000C0000006662782F636F72652E786D6CC553D16E823014FD95A6AF4B694182CC941A83FA05FB810A9511A125A5257EFE2E82712ECEB8A7F100CD39F7F69E734AF9FADC366850B6
310
AF8DCE7018308C942E4C59EB2AC3DE1D498AD15A706B8CFB56869196ADCAF00863C12B6B7C374385D14E6907A836A59A41D9F7CA615434B0C8705F7CAA5606D23BA8E84F41278B93AC54100640439DE0BDB320004D43C63716C7C399D30917DCFBBA9CD9BA8469F5B156168B24CED3F7248AC8769F27244EB73B92EED8862C
310
B7F13E0C179B3C8F979C8ECD82BBBABDAA2BAC924E9558448CBD9330242CFA08E3154B5651FCC6D215639C8EE5774DBE2B5F6CF2B5768B68963BB5F5588420E442FC700B1139D4CB01F450C1E918227C2E09DF070D8140C84E1E9AAB8F1340832A9CB13130A5F1376A908D57309505ECF2A0DF179C4E9D30F5B239B87E3823
310
7A79C6F31DE1A8A5AEC08474B03C7837EAE4938639B44E5932B833D2C6B6B279CDC613877FA26EE21F4A2A4C63EC7F29A2F301D1F9F7A0E37D145F504B0304140006080800CC70623B9C113CC27E0000009D0000000B0000006662782F636E782E786D6C4DCCDF0A83201C86E15B91DFB94BFB330DD428C8FB886521330DA7
310
6397BF1A1DECE883878F57749FCDA1B7892F1BBC047A23808C7F84D9FA55424E0BE6803A256208E9EF06C84F9B91703228B1C690F78B66B34CD9A5439DF5CF0BFBF65E35BCA1B8D6A5C6F540381E886698B5741C695F9503EBA150A2F8958E3DC3EA0B504B0304140006080800CC70623B7DF2F77C2A010000120200003100
310
00006662782F41393633353835312D344632462D344230382D423046372D3739314545314133324237412F636F72652E786D6C8D51DB8EC22014FC15C2939B0D2DB4B45643319AE817EC0F6041255A68B86CFCFC856D4D76DF7CE190393373060EDB3DC707F856CE6B6B7A480A0C81328395DA5C7B18C3057510EC3873D686
310
3F34088C18550F330C39BB3A1BA7051AAC09CA84841A2BD5020AEF55806078A44B0FFD7053A328440C89E1EFC52486BBB8AA8214A99D789CF9E05200300FC927E4FB4D5B375D43103D5527440FB843077C5AA3F5861C8F645F5787F59E95B390B318B55CE45AA638FAA2957BD7248B390B7A7CC51F9C124149C82B8C378810
310
84AB2F42B7B8DD56F413775B8C5999E9FF4471926F8AA236A1AE96B8B3CC434E5839373893369E1FAF30EA395917409EB7F26AF8801C171837A4A6AC9C89E9F9C9B1A58BA30FD6A5EF5DDDCF894B9AD9B6A59C957943A9FCAE2FD5BC4DFE03504B0304140006080800CC70623BAD7543B64E01000033030000300000006662
310
782F41393633353835312D344632462D344230382D423046372D3739314545314133324237412F636E782E786D6CD593CD6EC32010845F0571AD6CE3D48AD20813A9873E410FBD12D82434182C7EAAE6EDBB2424CD25871E7B41D6EC30B3FA84F9E67BB2E40B4234DE8DB46F1925E094D7C6ED479AD3AE5951B2113C789FEE
310
6C943839C1488B4C05DF079FE72A69D8C96C13AAD6B8631503449F83828872B949AC57D26200B826A308D316B4064D6E46FCDA41C05550DC9E483A00797BFD207EFB092A45DE9514C1BBD22178396BD39D891265658C238DEA00936C654E5E433CB65A26D9F6EDB5EBC14EBF49A45CB856E66048291F6939A9A81BB5C89177
310
38143CA680F4AA299D66A042CEB3354A2684DC9D8D178FE0D9B8B41CAAD720F880EE7EF93C0C18769E099ECC04D5A102C8049A8A05632F4DDF376CF1DE0F6BB65C2F8627B65A33C6BB62177CEBBDAD973006829F89F22E814B54F4BC2BE347F8AA8F681390B50FA73F804400B5F542E796F19FF974E7F78DB802FE05E20750
310
4B0304140006080800CC70623BE75B7789680500003C100000340000006662782F41393633353835312D344632462D344230382D423046372D3739314545314133324237412F6F626A656374732E786D6CAD575B8F9B3818FD2B887D06C22499CB8AA1CA655245D5B455A356FB305264C061D8018C6C3393D95FBFC7600890
310
A4CD5EF210B0B1BFEBF98E3F7B1FF6596ABC522E1296DF9BAE3D320D9A872C4AF2F8DE2CE5CEBA358D0FBEC719939D65A691938CDE9B6ADAF4BD98B3B2D05311DD91329583D9D5FC0F438434A7A611A644887B5384CF34233629258BA878B12322891DEFF6B66BD70BFB62634E8AE781D082709A4B588AF91C528CDA28B73F
310
1C998EEF39EABBEFA97FBD6A7C7E9553F9D3D79FE442923C3C523610337627CB87ABE99D359D4CC6D6E4FACAB5E6ABF9D2726FC6A3C5F56271377BB88362213924694B38DD99FE47C48627A1E7D49F5A8BB5E1A74C0A599ED3B0F21F1E56366B89112D681E218F0915D0D6F17AD41FBA2A369DCF6335D62ABBD39779D5DDD1
310
11D4D8DE3CBB96B2E04FB8202E41051754A1AA8E8F76B4C6DFE810B580B1547F4B84911149794252234D024EF8BBE963A95AE27B3D310A9D5C215C7960FAEE415ED75694C6AFB17BCACA5D99A60A9AA65F217B0BFC53292ACB92BF283FAD0D3621576592CB5BED907C2FA8E9DF794E35E97BEA31BED21FEB401ABB94C44839
310
DCACBF0E1C5DA8DA5B2F4DFFD32AD86F543D9E565E7056502E157C00AD2671CD534549AB752FCA9CDA00677A313F04E51B22FF19E57B300579E3C97EB29F682D92935CEC18CF901B7B54FD8C51F362B56FC72FE0B3C1EAE335EDCCBF5AEC39ADB17DC238973F804BA5E6F6BFE7AF1FB32E523BE9F3BD571418E3631DCA4D48
310
5250CF639223210A9446CA30052EDF057BD35F8329C1ECD84552BF0DC8D18BE7BCE23BFE6BD960AB4A7DE79923A103BEBD80F911CBAA2C60DB19B01CF164A5583B772EE6D3FFA56666CBCDA74DC97724A48F9A58967497E489C4D979006FD7A05E227A1EBDD0F737C623387A9C844D3709995625106D157315F8B8392CD4E0
310
A0B9A720C4BE9829CEF37EA1E13111214D53925356365ADA634861B52519DD27A00AEB808EAF0628E6F435519D446F45CF2C9CF5214F0A15B2F6D06B79DA3EE3CBF7F56780D2F4E7EF73A0F5E5B02A38D07DC852C6B7C1FBB6664213E0C39E3EBA7FF4E1AD23EA2829407C85E586727488B751B2DB9502BC7B228A3FD68B6E
310
A65A22397E690AA8D158D7E404EC8CDA235CC3B7D1898680131CEC2CDF2638C65196279577750F15884AEE19F94199155B92B13297978469D4F8D358DF0AEF7631E28DC8F0D9F437D5D39A83B2231A1D52D543813A824EF8D44BCFF2FA6A31BD1E8DAD87F1CCB526B3879935BF59CDADD5C37479BB1CDD4CA7B3556B516589
310
EF352754B706114D9C885EC9131DE6EFEB43D99AFE2391C2F958179413D7CFEF6B1B6DB1E7600F00DE6E5C67454A339A4BA2E0FBA85ED26F045D454F463DBFCE484C2F90F2E5E3666003662ED8F755951A7D1BECD5B30B550B2785C8E7320B7292A4838DDA71BBC863ED7613CAF659337A3354231D4FF4A182A54904C2898C
310
98B28C4AD0CE056CCF332A80986E571EE9DBC305BB5FEB7E509220A58D25CF042D712A806AC0AD0C657FDEF80D2D9CEAA2EE4D1C76F60BFE74219A06527D6F82DF6412526107381E55E353090704D085B52408A8913C4ED159D79BDA71BB4BC506F4831350EB6F975CD22D69BF7AC49B91A2C0A9DDA3D5CA36AD20FC478E37
310
E61844E2352865EBCB61A275A65283CAAA9DD27703B4102F5AF51EF5F573B75CBB5AD38BC845F7A49F82A0966A49C2E3EA5EA0ECD326CD965F1DB402C6FA8B51A4658C5C5E2EC9E214602E55810345408596591009A82E7E7FFACA19EEA299B14A0081A705CB3296EBC14CDF658DCD336EA6D1136881AAEB87B81AB9EE53D5
310
F5EB8BC8362082DA24122F98680A4E7930C01A0079749CEA14382A0783E5EBA5A10F8C098456A03D6A4AEB6BB881E2513747552A5DB22C7EDAF83BD5528081A365F7FF06504B0304140006080000CC70623B000000000000000000000000350000006662782F41393633353835312D344632462D344230382D423046372D37
310
39314545314133324237412F76657274696365732E62696E504B0304140006080800CC70623BF270F1330600000004000000360000006662782F41393633353835312D344632462D344230382D423046372D3739314545314133324237412F747269616E676C65732E62696E636660600000504B0304140006080000CC7062
310
3B000000000000000000000000370000006662782F41393633353835312D344632462D344230382D423046372D3739314545314133324237412F617474726962757465732E62696E504B0304140006080800CC70623B08DA0BD19000000041010000360000006662782F41393633353835312D344632462D344230382D4230
310
46372D3739314545314133324237412F6469726563746F72792E786D6C858F410AC3201045AF22B36F53E9A60B35CBEEBAE80D244E44489C6234F4F835464A48035D0DF398FF9F8AF63D0E6CC63039F212F8F9020C7D47C6792B21C5FE7403D62A1188E2E60C98D7234A5830286103A55745067B9D86B8A3CF9C7F90C11DE6
310
07FB144396D7B6A82D282E9A152AD114D5EF2CB866EEE831B8EEA07A7BB5A8D7D61A2BAAEB7FD5F70921FF497D00504B0304140006080800CC70623BEDD1DC58FD000000A00100003B0000006662782F41393633353835312D344632462D344230382D423046372D3739314545314133324237412F7265736F75726365732F
310
636F72652E786D6C8D504B6E833010BD0A9A6D65B00922041947112427E8052C33A156828DFCA97AFC9A40A576D7CDCCE87D344F8F9FBFE667F689CE6B6B3A6039850C8DB2A336530731DC4903D95970676DF82583CCC8193B5861107C72362E3BA4AC096842428D1D7107A5F7182053CF7474E0D507CE32973124857FE48B
310
540F3961CEF244279DE03EB81420DB9EAC1384436FA353E879B1B182C7A8C75DA3C7F453DF353A1075D537A7BA6464B8F535A99AE14A9A2BBD90E350DD183B5CFABE3AF262350B1EF4FC9351399401471025A527C218A1E53BAB5A5AB765F5469B96525EACF23FA6B88CFF34456DC2A1DCE36E360F82A5202F42F062ED2BAD
310
579969AFDD8A6F504B010214000A0000080000CC70623B3DEE336E79000000790000001B00000000000000000000000000000000006175746F6465736B2D64657369676E2D7061636B6167652E786D6C504B01021400140006080800CC70623BD486FD9CA0000000F40000001300000000000000000000000000B20000005B
310
436F6E74656E745F54797065735D2E786D6C504B01021400140006080800CC70623B853B8169EB0000007C010000080000000000000000000000000083010000636F72652E786D6C504B01021400140006080800CC70623B55019EA25F0000007C000000070000000000000000000000000094020000636E782E786D6C504B
310
01021400140006080800CC70623BDBABAAF470010000D40300000C00000000000000000000000000180300006662782F636F72652E786D6C504B01021400140006080800CC70623B9C113CC27E0000009D0000000B00000000000000000000000000B20400006662782F636E782E786D6C504B01021400140006080800CC70
310
623B7DF2F77C2A010000120200003100000000000000000000000000590500006662782F41393633353835312D344632462D344230382D423046372D3739314545314133324237412F636F72652E786D6C504B01021400140006080800CC70623BAD7543B64E010000330300003000000000000000000000000000D2060000
310
6662782F41393633353835312D344632462D344230382D423046372D3739314545314133324237412F636E782E786D6C504B01021400140006080800CC70623BE75B7789680500003C10000034000000000000000000000000006E0800006662782F41393633353835312D344632462D344230382D423046372D3739314545
310
314133324237412F6F626A656374732E786D6C504B01021400140006080000CC70623B0000000000000000000000003500000000000000000000000000280E00006662782F41393633353835312D344632462D344230382D423046372D3739314545314133324237412F76657274696365732E62696E504B01021400140006
310
080800CC70623BF270F133060000000400000036000000000000000000000000007B0E00006662782F41393633353835312D344632462D344230382D423046372D3739314545314133324237412F747269616E676C65732E62696E504B01021400140006080000CC70623B0000000000000000000000003700000000000000
310
000000000000D50E00006662782F41393633353835312D344632462D344230382D423046372D3739314545314133324237412F617474726962757465732E62696E504B01021400140006080800CC70623B08DA0BD1900000004101000036000000000000000000000000002A0F00006662782F41393633353835312D344632
310
462D344230382D423046372D3739314545314133324237412F6469726563746F72792E786D6C504B01021400140006080800CC70623BEDD1DC58FD000000A00100003B000000000000000000000000000E1000006662782F41393633353835312D344632462D344230382D423046372D3739314545314133324237412F7265
310
736F75726365732F636F72652E786D6C504B0506000000000E000E0080040000641100000000
  0
XRECORD
  5
1F8
102
{ACAD_REACTORS
330
1F7
102
}
330
1F7
100
AcDbXrecord
280
     1
 70
     1
 90
429727718
  1
30362254-06B7-45E0-A893-8CFA70E3D6BC
310
504B03040A0000080000CC70623B3DEE336E79000000790000001B0000006175746F6465736B2D64657369676E2D7061636B6167652E786D6C3C3F786D6C2076657273696F6E3D22312E302220656E636F64696E673D227574662D3822203F3E3C666F726D6174733E3C666F726D61743E687474703A2F2F736368656D612E
310
6175746F6465736B2E636F6D2F64657369676E2D7061636B6167652F323030393C2F666F726D61743E3C2F666F726D6174733E504B0304140006080800CC70623BD486FD9CA0000000F4000000130000005B436F6E74656E745F54797065735D2E786D6C7D8EC10E82300C865F65E91D8A1E8C310C0EEA1BF002731658846E
310
D98AC1B77784ABF1D8FE5FBFBF75BBCE937A534CCEB38643598122B6FEE978D0B0485F9C41B54DDD7D022595594E1A469170414C76A4D9A4D207E29CF43ECE46F218070CC6BECC4078ACAA135ACF422C856C0E68EA1BF5669944DDD7BCDE7B1F8E415D77AECB980613C2E4AC91FC167A2B244592486606FC29C8FD7F045B9A
310
EF7053A7E60B504B0304140006080800CC70623B1EC5D7A3EB0000007C01000008000000636F72652E786D6C8D90416EC3201045AF82665B6103C6756C6122AB4D4ED00B204C5C94182C03558F5F9C3852BBEB6A467FFE9B197D71FC9E6FE8CBACC17AD7032D0820E3B41FAD9B7A48F1820F808E52ACDEC75F36404ECDA687
310
4D0629A6D5A76597B477D1B89855E747B38B2A041301E95B6E7A08FAD3CCAA50296647B8168BD2573599823EBB0CA76447F43862C7BCCF5EAC59410E4DDD9C7973C2755553CCCFA4C603E3040F1565ED3B1FDE4E432BCA0D9622DAF9795FAF464533826484B498524CD807E51D79ED187F21878E10516EF63F505AC67F42C9
310
BA58B1FDDD071640D2FCC87D2045B96591CB3DA85CB7DCE40F504B0304140006080800CC70623B55019EA25F0000007C00000007000000636E782E786D6C4DCB3B0E80201045D1AD90E915ED2CF8AC45050C11660C8261F98AB1B07AC9C97D42D718D865D3E909258CFD00CCE24AC6E326A164D74DC0B4128928FF32603847
310
2BA13128B1252AC747C6BAB984FC68F0B87FE8960A5C09FE86CFB69FBA01504B0304140006080800CC70623B8C9102E971010000D40300000C0000006662782F636F72652E786D6CC5535B6E833010BC8AE5DF0A6C08340F1947A84D4ED00B38C6A128602363A31CBFCB234A53A551FA553EC09AD9F5CE8C31DB9E9B1AF5CA
310
7695D1198E428A91D2D214952E33ECDD315861B4E5CC1AE3BE9561A445A3323CC098B3D21ADFCE9034DA29ED00D5A6503328BA4E398C640D8B0C77F253352214DE4145770A5B214FA2546114020D759C75CE8200340D19DE981F0F6746269C33EFAB6266AB02A655C74A59CCF365BADC27CB5D902ED22848F6340DF238A141
310
BE88E2F57B92BFEDF23523433367AE6A2EEAA455C2A902F398D2751045018D3FA264435F3771F242571B4A1919CA6F9A7C5B3CD9E42BED16F12C776AEB308F40C848FC700B1139D4891EF410CEC810227CC6846F8386402064270EF5C5C709A05E49676C024C61FC95EA45ED154CA5211D1FF4FB8291A913A68E9B83EBBB33
310
E2A7673CDE118E5AE8124C0807CB8377834E366998436B950D7A7746DAD846D4CFD978E0F04FD455FC5D49D2D4C6FE9722321F10997F0F32DC47FE05504B0304140006080800CC70623BFFEA85907E0000009D0000000B0000006662782F636E782E786D6C4DCCD10A83201886E15B91FFDC95D95A811AB6F23E625948A6C3
310
E9D8E5AF46073BFAE0E1E365ED67B3E8ADC3CB78C7815C7240DA3DFC64DCC221C519D7805AC182F7F1EF06C88D9BE6703008B6049F9E274D7A1E938DBB5AE3D6131B2589BA0D3D965551E0B2EA732C9B9A624AAEB41E3A557677029960D9AFB4EF11165F504B0304140006080800CC70623B4FEEA4082C0100001202000031
310
0000006662782F39464131463745442D413632322D343644302D413938332D3331353338454246344243312F636F72652E786D6C8D515B6EC32010BC0AE2AB55850DD871ED0813254D72825EC00192A2C460F1A872FC42ED48ED5F7E00CDCECCCEB26C731F6FE05B39AFADE921293004CA082BB5B9F43086336A21D870E6AC
310
0D7F68109861543DCC30E4ECE26C9C164858139409093556AA051CBC570102714B8F1E7AF1A5C6A11862480C7F2DA6415C878B2A4891CA89C7990F2E050073937C42DE1DB7E4F87ED8A36D4329AA9B3D46DBAEAD504556557BD81DEBDD0761E52CE42C462D17B996298E3E6BE59E35C962CE821E1FF18553435012728A7187
310
0841987E927A8D9B35ADDF70BBC6989599FE4F1427F9A4286A132ABAC49D651EF234CD5CE04CDA78BA3DC2A8FB645D00B9DF8B57E215725C60BCA2A463E54C4CE327C7A65E1C7DB02E7DEFCBF594B864C5CA6CDBD49C957943E9FA5D5FBAF336F90F504B0304140006080800CC70623BAD7543B64E01000033030000300000
310
006662782F39464131463745442D413632322D343644302D413938332D3331353338454246344243312F636E782E786D6CD593CD6EC32010845F0571AD6CE3D48AD20813A9873E410FBD12D82434182C7EAAE6EDBB2424CD25871E7B41D6EC30B3FA84F9E67BB2E40B4234DE8DB46F1925E094D7C6ED479AD3AE5951B2113C
310
789FEE6C943839C1488B4C05DF079FE72A69D8C96C13AAD6B8631503449F83828872B949AC57D26200B826A308D316B4064D6E46FCDA41C05550DC9E483A00797BFD207EFB092A45DE9514C1BBD22178396BD39D891265658C238DEA00936C654E5E433CB65A26D9F6EDB5EBC14EBF49A45CB856E66048291F6939A9A81BB5
310
C8917738143CA680F4AA299D66A042CEB3354A2684DC9D8D178FE0D9B8B41CAAD720F880EE7EF93C0C18769E099ECC04D5A102C8049A8A05632F4DDF376CF1DE0F6BB65C2F8627B65A33C6BB62177CEBBDAD973006829F89F22E814B54F4BC2BE347F8AA8F681390B50FA73F804400B5F542E796F19FF974E7F78DB802FE05
310
E207504B0304140006080800CC70623B16AB87BA640500003C100000340000006662782F39464131463745442D413632322D343644302D413938332D3331353338454246344243312F6F626A656374732E786D6CAD575B6FA33818FD2B887DE6924B3BED8A326A92B68A663B534DD4D13E548A0C38942D60649B369D5FBFC7
310
600890A493BDE42160637FD7F31D7FF63E6FB3D478A55C242CBF3247B66B1A340F5994E4F19559CA8D75611A9F7D8F33263BCB4C232719BD32D5B4E97B316765A1A722BA21652A07B3B7B33F0D11D29C9A46981221AE4C113ED38CD8A4942CA2E2C58E882476BCD9DA23BB5ED8171B73523C0F841684D35CC252CCE79062D4
310
468DFA43D7747CCF51DF7D4FFDEB5593E3AB9CCA9FBEFE241792E4E19EB28198C968BAB8199F5D5A67D3E9C49A9E8F47D6EC76B6B0469F26EEFC7C3EBFBCBEB98462213924694B38DD98FE1D62C393D073EA4FADC5DAF04326852CCF6958F90F0F2B9BB5C48816348F90C7840A68EB78EDF68723159BCEE7891A6B95DDE9D3
310
BCEAEEE8086A6C6F9E5D4B59F0175C10A7A0820BAA5055C7473B5AE3CFDD452D602CD5DF12616444529E90D448938013FE6EFA58AA96F85E4F8C42275708571E98FE6827AF6B2B4AE3D7D83D64E5A64C53054DD3AF90BD06FEA9149565C94FCA0F6B834DC85599E4F2423B24DF0B6AFA979E534DFA9E7A4CC6FA631D486393
310
921829879BF5D781A373557BCB85E97FB90DB62B558F8795179C15944B051F40AB495CF35451D26A4727654E6D8033BD98EF82F21D91FF8AF2DD9982BCF1643BDD4EB516C9492E368C67C88DED563FC36D5EACF66DFF057C3658BDBFA69DF9578B3DA735B64F18C7F20770A9D45CFCF7FCF563D6456A277DBEF78A02637CA2
310
43B90A490AEAB94F72244481D24819A6C0E59B606BFA4B3025981DBB48EAB701D97BF19C577CC77F2D1B6C55A9EF3C732474C0B727303F625995056C3B02963D9EAC146BE78EC5FCEC7FA999EBC5EACBAAE41B12D27B4D2C0BBA49F244E2ECDC81B76B502F113D8F5EE8FB1BE3111CDD4FC2AA9B844CAB1288B68AB90A7CDC
310
1C166AB0D3DC5310625FCC14E779BFD0709F8890A629C9292B1B2DED31A4B0DA928CEE135085754027E3018A397D4D5427D15BD1330B677DC8934285AC3DF45A9EB68FF8F2B8FC0A509AFEECFD0FF2DE25CC6047F7214B195F07EFEB9A094D800F7BFAE8FED187B78EA8A3A400F115961BCAD1215E47C966530AF0EE8128FE
310
58CEBB996A8964FFA529A046635D9353B0336A8F700DDF46271A024E70B0B37C9DE01847591E54DED53D54202AB947E4076556AC49C6CA5C9E1226B7F1A7B1BE15DEED62C41B91E1B3E9AFAAA735036547343A925075041DF0A9979E893B391F8FCFA6967B3EFB644DCF6E5CEBFAE272625DCC6FAF3FB93793C5F90CE1EF57
310
407342756B10D1C489E8953CD1617E5CEECAD6F4EF8914CE5D5D504E5C3F1F9736DA62CFC11E00BCDDB8CC8A9466349744C1F75EBDA4DF09BA8A9E8C7A7E9991989E20E5DBDD6A6003664ED8F7A04A8DBE0DF6EAD9B9AA858342E47399053949D2C146EDB85DE4B176BB0965FBAC19BD19AA918E27FA50C1D22402E144464C
310
59462568E704B6E71915404CB72B8FF4EDE184DDAF753F284990D2C6926782963815403548A70C657FDEF80D2D9CEAA2AE4C1C76F60BFE74219A06527D6582DF6412526107381E55E353090704D085B52408D0933C4ED159D79BDA71BB4BC506F4831350EB6F979CD22D69BF7AC49B91A2C0A9DDA3D5CA36AD20FC478E37E6
310
1844E2352865EBCB6EA275A652E3836BE04EFB400BF1A2556F515F1FBB35B2AB35BD889C744FFA1004B5544B121E57F70215746DD2F5E2C1412B602CBF19455AC6C8E5E9922C4E01E65215385004546899059180EAFCF7A707CE7017CD8CDB0410789AB32C63B91E5CEBBBACB17AC6CD347A022D5075FD106377347AAABA7E
310
7D11590744509B44E205134DC1290F06580320F78E537D3D73540E06CB970B431F185308AD40BBD794D6D77003C5A36E8EAA54BA64597CD8F83BD552A080A365F7FF06504B0304140006080000CC70623B000000000000000000000000350000006662782F39464131463745442D413632322D343644302D413938332D3331
310
353338454246344243312F76657274696365732E62696E504B0304140006080800CC70623BF270F1330600000004000000360000006662782F39464131463745442D413632322D343644302D413938332D3331353338454246344243312F747269616E676C65732E62696E636660600000504B0304140006080000CC70623B
310
000000000000000000000000370000006662782F39464131463745442D413632322D343644302D413938332D3331353338454246344243312F617474726962757465732E62696E504B0304140006080800CC70623B08DA0BD19000000041010000360000006662782F39464131463745442D413632322D343644302D413938
310
332D3331353338454246344243312F6469726563746F72792E786D6C858F410AC3201045AF22B36F53E9A60B35CBEEBAE80D244E44489C6234F4F835464A48035D0DF398FF9F8AF63D0E6CC63039F212F8F9020C7D47C6792B21C5FE7403D62A1188E2E60C98D7234A5830286103A55745067B9D86B8A3CF9C7F90C11DE607
310
FB144396D7B6A82D282E9A152AD114D5EF2CB866EEE831B8EEA07A7BB5A8D7D61A2BAAEB7FD5F70921FF497D00504B0304140006080800CC70623B0D6EF93BFE000000A00100003B0000006662782F39464131463745442D413632322D343644302D413938332D3331353338454246344243312F7265736F75726365732F63
310
6F72652E786D6C8D50596E833010BD0A9ADFCA60B334011947A8694ED00B586642AC041B79A97AFC9A40A5F6AF3F33A3B7689E1E3F7DCD8FEC139DD7D6F4C0720A191A65476DA61E62B892236427C19DB5E1970C322367EC618541F0C9D9B8EC90B226A009093576C41D94DE63804C3DD2D18357379C652E63480A7FCF17A9
310
EE72C29CE5894E3AC17D702940B63D59270887DE46A7D0F36263058F518FBB468FE9A7BE6A7420864373B8D4873369AA8691FA421B3294352543C5CAF65C0F6FEF43CB8BD52C78D0F34F46E550061C419494B6843142CB0F5677F4B52BEB177AEC28E5C52AFF638ACBF84F53D42654E51E77B379102C05791282176B5F693D
310
CB4C7BED567C03504B010214000A0000080000CC70623B3DEE336E79000000790000001B00000000000000000000000000000000006175746F6465736B2D64657369676E2D7061636B6167652E786D6C504B01021400140006080800CC70623BD486FD9CA0000000F40000001300000000000000000000000000B20000005B
310
436F6E74656E745F54797065735D2E786D6C504B01021400140006080800CC70623B1EC5D7A3EB0000007C010000080000000000000000000000000083010000636F72652E786D6C504B01021400140006080800CC70623B55019EA25F0000007C000000070000000000000000000000000094020000636E782E786D6C504B
310
01021400140006080800CC70623B8C9102E971010000D40300000C00000000000000000000000000180300006662782F636F72652E786D6C504B01021400140006080800CC70623BFFEA85907E0000009D0000000B00000000000000000000000000B30400006662782F636E782E786D6C504B01021400140006080800CC70
310
623B4FEEA4082C0100001202000031000000000000000000000000005A0500006662782F39464131463745442D413632322D343644302D413938332D3331353338454246344243312F636F72652E786D6C504B01021400140006080800CC70623BAD7543B64E010000330300003000000000000000000000000000D5060000
310
6662782F39464131463745442D413632322D343644302D413938332D3331353338454246344243312F636E782E786D6C504B01021400140006080800CC70623B16AB87BA640500003C1000003400000000000000000000000000710800006662782F39464131463745442D413632322D343644302D413938332D3331353338
310
454246344243312F6F626A656374732E786D6C504B01021400140006080000CC70623B0000000000000000000000003500000000000000000000000000270E00006662782F39464131463745442D413632322D343644302D413938332D3331353338454246344243312F76657274696365732E62696E504B01021400140006
310
080800CC70623BF270F133060000000400000036000000000000000000000000007A0E00006662782F39464131463745442D413632322D343644302D413938332D3331353338454246344243312F747269616E676C65732E62696E504B01021400140006080000CC70623B0000000000000000000000003700000000000000
310
000000000000D40E00006662782F39464131463745442D413632322D343644302D413938332D3331353338454246344243312F617474726962757465732E62696E504B01021400140006080800CC70623B08DA0BD190000000410100003600000000000000000000000000290F00006662782F39464131463745442D413632
310
322D343644302D413938332D3331353338454246344243312F6469726563746F72792E786D6C504B01021400140006080800CC70623B0D6EF93BFE000000A00100003B000000000000000000000000000D1000006662782F39464131463745442D413632322D343644302D413938332D3331353338454246344243312F7265
310
736F75726365732F636F72652E786D6C504B0506000000000E000E0080040000641100000000
  0
XRECORD
  5
175
102
{ACAD_REACTORS
330
173
102
}
330
173
100
AcDbXrecord
280
     1
270
     1
271
     1
  0
XRECORD
  5
174
102
{ACAD_REACTORS
330
173
102
}
330
173
100
AcDbXrecord
280
     1
270
     1
271
     1
  0
XRECORD
  5
1FB
102
{ACAD_REACTORS
330
173
102
}
330
173
100
AcDbXrecord
280
     1
 70
     0
 90
1673772943
  1
ECE7A1D2-D628-4531-984C-D00F80459256
310
504B03040A0000080000CC70623B3DEE336E79000000790000001B0000006175746F6465736B2D64657369676E2D7061636B6167652E786D6C3C3F786D6C2076657273696F6E3D22312E302220656E636F64696E673D227574662D3822203F3E3C666F726D6174733E3C666F726D61743E687474703A2F2F736368656D612E
310
6175746F6465736B2E636F6D2F64657369676E2D7061636B6167652F323030393C2F666F726D61743E3C2F666F726D6174733E504B0304140006080800CC70623BD486FD9CA0000000F4000000130000005B436F6E74656E745F54797065735D2E786D6C7D8EC10E82300C865F65E91D8A1E8C310C0EEA1BF002731658846E
310
D98AC1B77784ABF1D8FE5FBFBF75BBCE937A534CCEB38643598122B6FEE978D0B0485F9C41B54DDD7D022595594E1A469170414C76A4D9A4D207E29CF43ECE46F218070CC6BECC4078ACAA135ACF422C856C0E68EA1BF5669944DDD7BCDE7B1F8E415D77AECB980613C2E4AC91FC167A2B244592486606FC29C8FD7F045B9A
310
EF7053A7E60B504B0304140006080800CC70623BD9DDAED0EC0000007C01000008000000636F72652E786D6C8D90416EC3201045AF82665B61836D9CD8C2444DD39CA01740405C94182C03558F5F9C3852BBEB6A467FFE9B197D7EF89E6EE8CB2CC17A37002D0820E394D7D68D03A478C17B4007C117EFE32F1B20272733C0
310
2A83E0E3E2D3BC49CABB685CCCAAF3DA6CA20CC14440EA969B0182FA34932C648AD911AEC52CD5558EA6A0CF2EC329598D1E47ACCEFBECC59A050463A7EA5833865FEBDD0E37353BE3EE8DBDE3F6786A48D375FBF6CC78B9C282473B3DEFABC5C86834888A900E538A49F5419B9EB47DD5BC907D4F082F57FB1F28CDFA9F50
310
B22ED6D5F6EE030B20687EE43E10BC5CB3C8E51E54AE6B6EE207504B0304140006080800CC70623B55019EA25F0000007C00000007000000636E782E786D6C4DCB3B0E80201045D1AD90E915ED2CF8AC45050C11660C8261F98AB1B07AC9C97D42D718D865D3E909258CFD00CCE24AC6E326A164D74DC0B4128928FF326038
310
472BA13128B1252AC747C6BAB984FC68F0B87FE8960A5C09FE86CFB69FBA01504B0304140006080800CC70623BA24EB22D72010000D40300000C0000006662782F636F72652E786D6CC5535B6E833010BC8AE5DF0A6C5E49888CA3A6694ED00B38E05014B091B1518EDFE511A5A9D228FD2A1F60CDEC7A67C6986DCE4D8D7A
310
69BA4AAB0C073EC548AA5C17952A33ECECD15B61B4E1CC686DBF9561A44423333CC098B3D268D7CE50AE9595CA02AA74216750749DB418E5352C32DCE59FB211BE70162ABA93DF8AFC244AE9073ED050C759670D0840D390E18DF9F1706664C23973AE2A66B62A605A75ACA4C13C4976E1364A12EF355A2EBD384AF65EFA96
310
BC7B8BED2EA6719AAE16FB8491A199335B351775B991C2CA02F390D2D40B028F861F41BCA68B7518BFD0D59A524686F29B26D7164F36B94AD9289CE54E6D1DE6010819891F6E21228B3AD1831EC219194284CF98F06DD01008846CC5A1BEF83801D4CBDC6A1303536877A57A513B0953A94FC707FDBE6064EA84A9E3E6E0FA
310
EE8CF0E9198F7784A316AA0413C2C2F2E0ECA0934D1AE6D05A69BCDE9E91D2A611F573361E38FC1375157F5752AE6B6DFE4B11990F88CCBF0719EE23FF02504B0304140006080800CC70623B408A7D3B7C0000009D0000000B0000006662782F636E782E786D6C4DCCD10A83201886E15B91FFDC552A92A0064DBC8F581632
310
D3703A76F9ABD1C18E3E78F878E5F0D9027ABBFCF2292AE86E2D20171F69F6715550CB827B40839639A5F2770314A7CD293819B45C73AAFB45B35BA61ACAA1C1C7E7855C58C15BC331339661262CC762340413D68D77DA5B42298546CBE6573AF60CEB2F504B0304140006080800CC70623B449FB9BD290100001202000031
310
0000006662782F36394639363044362D344446342D343946362D394244322D3234314243333846323333332F636F72652E786D6C8D515B6EC32010BC0AE22B55850D98B871848994463E412FE002495162B07854397EA176A4F62F3F2C9A9D991D587EB84F37F0AD7D30CEF6905418026DA553C65E7A98E219ED203808EE9D
310
8B7F6810D871D23D2C3014FCE25D9A57483A1BB58D19B54EE9151C43D0110279CB971E06F9A5A7B11A53CC8C70ADE6515EC78BAE4895DB992778883E0700CB907242D17643D7E2538BD869608875438BBAE38922CAC8F1BDD90DB4691A5E2F42C153326A951B95E398B3D1FE599322163C9AE9115F7A3D46ADA0A018778810
310
84E907617BDCEE297BC5BB3DC6BC2EF47FA234AB2745C9D8D8D035EE220B50105E2F0DC1954B9FB747187D9F9D8FA0CCDB042D5FA0C015C65B42DF78BD10F3F3B363CB56C7109DCFDFBBB97E662ED92EB62D13BC2E1BCAE5777DB9966D8A1F504B0304140006080800CC70623BAD7543B64E01000033030000300000006662
310
782F36394639363044362D344446342D343946362D394244322D3234314243333846323333332F636E782E786D6CD593CD6EC32010845F0571AD6CE3D48AD20813A9873E410FBD12D82434182C7EAAE6EDBB2424CD25871E7B41D6EC30B3FA84F9E67BB2E40B4234DE8DB46F1925E094D7C6ED479AD3AE5951B2113C789FEE
310
6C943839C1488B4C05DF079FE72A69D8C96C13AAD6B8631503449F83828872B949AC57D26200B826A308D316B4064D6E46FCDA41C05550DC9E483A00797BFD207EFB092A45DE9514C1BBD22178396BD39D891265658C238DEA00936C654E5E433CB65A26D9F6EDB5EBC14EBF49A45CB856E66048291F6939A9A81BB5C89177
310
38143CA680F4AA299D66A042CEB3354A2684DC9D8D178FE0D9B8B41CAAD720F880EE7EF93C0C18769E099ECC04D5A102C8049A8A05632F4DDF376CF1DE0F6BB65C2F8627B65A33C6BB62177CEBBDAD973006829F89F22E814B54F4BC2BE347F8AA8F681390B50FA73F804400B5F542E796F19FF974E7F78DB802FE05E20750
310
4B0304140006080800CC70623B8D05915C650500003B100000340000006662782F36394639363044362D344446342D343946362D394244322D3234314243333846323333332F6F626A656374732E786D6CAD575B6FA33814FE2B887D06429276DA1565D4266D158D3A339A6846FB502932E050B66023DB74D2FDF5FB190C01
310
9276B2973C046C8ECFF53B17071F77456EBD502133CEAE6CDF9DD81665314F32965ED995DA3A17B6F5310C04E7AA47665B8C14F4CAD6DB7618A48257A5D94AE89654B91AEDDEDDFC61C998326A5B714EA4BCB265FC440BE2924AF184CA6737218AB8E976E7FA6E4338649B0A523E8D98964450A6A029F619B8588D52FE7039
310
B1BD30F0F4F730D0FF866AF6369557DB33949F31A9088B0F848DD8CCFCF9F2767A76E99CCDE733677E3EF59D9BBB9BA5E37F984D16E78BC5E5F5ED25044B25C0C96822E8D60EEFE11B91C581D77CEA34368A1F5329E68CD1B8B61F16D63A1B8E092D294B10C78C4A48EB593D192E7DED9BDEE7995E1B91FDEDD3ACEA9FE831
310
6A756F9F7D4D79F4274C90A7A04248AA51D5F8C718DAE06FB2F75AC4796EBE65D22A88A22223B995679120E2D50E41AA49C260C046A35368846B0BECD0DFF3EBEB8AD4F835768F69B9ADF25C43D30E6B646F807FAA64AD59F61715C7A54127C4AACA98BA3006A9D792DAE165E0D59B61A01FB3A9F9D838D2DAE62445C86166
310
F37564E842E7DE6A69879FEEA2DD5AE7E371E1A5E025154AC307D06A03D73EB5978C58FFA4C8E9033066E0F3BD53BEC1F39F91BE7B55103791EDE6BBB991A2046172CB4581D8B893FA674DDA17A77B3B7C413D1B511FD2743BFF8A38F03A658705E3ADF8015C3A3417FF3D7E439FF591DA0B5F18BC20C1B8981957AE6392A3
310
F43C640C01D1A0B4728E2DD4F26DB4B3C3152A252A3B4E913CEC1C72F012782FF88EFF8637AA552DBEF76408E8A8DE9E50F9E1CB3A2DA0DB1B6039A893B56063DC5B3E3FFB5F72E67AB9FEB4AEC496C4F4C1149625DD662C53E89D7BF0F6151A046260D1337DFDC94502430F83B0EE07A130A224BCAD7DAE1D9FB6CD422FF6
310
920702629C4BB9AE79C12F243C6432A6794E18E5552BA56B431AAB5D91317302B2B071E86C3A42B1A02F999E24061403B5D0EB639195DA655DD3EBEAB4FB862DDF579F014AD0E73C22F99E28DA57FB98E75C6CA2D74D53086D600F4786E0FE3144B771A8A7B900F03594DB8A633CBC49B2EDB69228BB479CF863B5E807AAAB
310
23872F6DFEB4129B949CA33823F58830E86D65621E10047D9DB34D862E8EAC3C2ABC2F7B2C40D67CDFE01F5545B92105AF983AC54D93D69E56FB8E797F88913F898A9FEC705D3F9D1B54EC8426FB500D40A03BD0119B06E1B95DDC7EB8F6975367793EBD70E66733DFB9BC982F9CE564727731999F5D4ECFCE3B8D6A4DC2A0
310
6D50FD148437D110834A64C6CDDF57FBACB5C307A2A477DFE4939736CFEF2B175371E0E10CF0DD1D5C15654E0BCA14D1E87DD02FF93782A162C0A3D95F1524A52770F972BF1EE9809D13CE7DD599467F8ECE9ADD85CE85A34CD45355448C64F9E8A031DC2D596ACC6E5DD93D9B82DE2EF5CAF81363A8E47996A0DE24564A79
310
4115AACE09C55E14540231FDA13C319787134EBF34E3A022514E5B4D9E0826E25C02D5805B15ABE1BEF51B26383D445DD9E875EE33FE4C22DA16427D65A3BCA92CA6D28DD01DF5DC53330704308475351050232CCD31583787BA75774AFB06E5070DD0C8EF484E19968C5D83BA5B90B244D31E54D55A372320FE4786B7EA58
310
44E135AA5467CB7EA333A61683CC6A8C3257034C10CF46F40EF9F5BE59BE5BD30C3C72D235E95D10345C1D45445A5F0BB47E46A5EBE5570F9380B5FA629579952296A773720405982B9DE04011506178964401AA8BDF1FBF0A8EAB6861DD6580C0E38217056766716DAEB2D6FA0917D3E4116581EADB879C4E7CFFB11EFACD
310
3D641311495D92C8676CB409A72D18610D803CE8A626049E8EC1887CB5B44CC39883690DDA8399B4B9855B481E7D71D4A9D22F96E5BB73BF5793020C02137BF837504B0304140006080000CC70623B000000000000000000000000350000006662782F36394639363044362D344446342D343946362D394244322D32343142
310
43333846323333332F76657274696365732E62696E504B0304140006080800CC70623BF270F1330600000004000000360000006662782F36394639363044362D344446342D343946362D394244322D3234314243333846323333332F747269616E676C65732E62696E636660600000504B0304140006080000CC70623B0000
310
00000000000000000000370000006662782F36394639363044362D344446342D343946362D394244322D3234314243333846323333332F617474726962757465732E62696E504B0304140006080800CC70623B08DA0BD19000000041010000360000006662782F36394639363044362D344446342D343946362D394244322D
310
3234314243333846323333332F6469726563746F72792E786D6C858F410AC3201045AF22B36F53E9A60B35CBEEBAE80D244E44489C6234F4F835464A48035D0DF398FF9F8AF63D0E6CC63039F212F8F9020C7D47C6792B21C5FE7403D62A1188E2E60C98D7234A5830286103A55745067B9D86B8A3CF9C7F90C11DE607FB14
310
4396D7B6A82D282E9A152AD114D5EF2CB866EEE831B8EEA07A7BB5A8D7D61A2BAAEB7FD5F70921FF497D00504B0304140006080800CC70623BCA768048FE000000A00100003B0000006662782F36394639363044362D344446342D343946362D394244322D3234314243333846323333332F7265736F75726365732F636F72
310
652E786D6C8D50596E833010BD0A9ADFCA60D600328E9AA639412F609909B1126CE4A5EAF16B0295DABFFECC8CDEA2797AECF8353F924FB44E193D409E5248504B332A3D0D10FC95B4901C39B3C6F85F3248B49871801506CE266BC2B243D2688FDA47549B11775038871E12F988C7004EDE7016A9083E2ADC3D5D84BC8B09
310
D33C8D74D471E6BC8D0192EDC93A815B742658898E651BCB59086ADC356A8C3FD555A1055ED7E7E254D615792D0F075295F585746FF53B694EE78A565DD736979A65AB9933AFE69F8CD2A2F038022F28ED489E135A7CE4554F9BBEA85E68DB53CAB255FEC71496F19FA6A0B42F8B3DEE6673C0F318E4497096AD7DC5F52C33
310
EEB55BFE0D504B010214000A0000080000CC70623B3DEE336E79000000790000001B00000000000000000000000000000000006175746F6465736B2D64657369676E2D7061636B6167652E786D6C504B01021400140006080800CC70623BD486FD9CA0000000F40000001300000000000000000000000000B20000005B436F
310
6E74656E745F54797065735D2E786D6C504B01021400140006080800CC70623BD9DDAED0EC0000007C010000080000000000000000000000000083010000636F72652E786D6C504B01021400140006080800CC70623B55019EA25F0000007C000000070000000000000000000000000095020000636E782E786D6C504B0102
310
1400140006080800CC70623BA24EB22D72010000D40300000C00000000000000000000000000190300006662782F636F72652E786D6C504B01021400140006080800CC70623B408A7D3B7C0000009D0000000B00000000000000000000000000B50400006662782F636E782E786D6C504B01021400140006080800CC70623B
310
449FB9BD290100001202000031000000000000000000000000005A0500006662782F36394639363044362D344446342D343946362D394244322D3234314243333846323333332F636F72652E786D6C504B01021400140006080800CC70623BAD7543B64E010000330300003000000000000000000000000000D20600006662
310
782F36394639363044362D344446342D343946362D394244322D3234314243333846323333332F636E782E786D6C504B01021400140006080800CC70623B8D05915C650500003B10000034000000000000000000000000006E0800006662782F36394639363044362D344446342D343946362D394244322D32343142433338
310
46323333332F6F626A656374732E786D6C504B01021400140006080000CC70623B0000000000000000000000003500000000000000000000000000250E00006662782F36394639363044362D344446342D343946362D394244322D3234314243333846323333332F76657274696365732E62696E504B010214001400060808
310
00CC70623BF270F13306000000040000003600000000000000000000000000780E00006662782F36394639363044362D344446342D343946362D394244322D3234314243333846323333332F747269616E676C65732E62696E504B01021400140006080000CC70623B00000000000000000000000037000000000000000000
310
00000000D20E00006662782F36394639363044362D344446342D343946362D394244322D3234314243333846323333332F617474726962757465732E62696E504B01021400140006080800CC70623B08DA0BD190000000410100003600000000000000000000000000270F00006662782F36394639363044362D344446342D
310
343946362D394244322D3234314243333846323333332F6469726563746F72792E786D6C504B01021400140006080800CC70623BCA768048FE000000A00100003B000000000000000000000000000B1000006662782F36394639363044362D344446342D343946362D394244322D3234314243333846323333332F7265736F
310
75726365732F636F72652E786D6C504B0506000000000E000E0080040000621100000000
  0
XRECORD
  5
176
102
{ACAD_REACTORS
330
173
102
}
330
173
100
AcDbXrecord
280
     1
270
     1
271
     1
  0
XRECORD
  5
177
102
{ACAD_REACTORS
330
173
102
}
330
173
100
AcDbXrecord
280
     1
270
     1
271
     1
  0
CELLSTYLEMAP
  5
2173
102
{ACAD_REACTORS
330
2172
102
}
330
2172
100
AcDbCellStyleMap
 90
        3
300
CELLSTYLE
  1
TABLEFORMAT_BEGIN
 90
        5
170
     1
 91
        0
 92
    32768
 62
   257
 93
        1
300
CONTENTFORMAT
  1
CONTENTFORMAT_BEGIN
 90
        0
 91
        0
 92
      512
 93
        0
300

 40
0.0
140
1.0
 94
        5
 62
     0
340
11
144
6.0
309
CONTENTFORMAT_END
171
     1
301
MARGIN
  1
CELLMARGIN_BEGIN
 40
1.5
 40
1.5
 40
1.5
 40
1.5
 40
4.5
 40
4.5
309
CELLMARGIN_END
 94
        6
 95
        1
302
GRIDFORMAT
  1
GRIDFORMAT_BEGIN
 90
        0
 91
        1
 62
     0
 92
       -2
340
14
 93
        0
 40
1.125
309
GRIDFORMAT_END
 95
        2
302
GRIDFORMAT
  1
GRIDFORMAT_BEGIN
 90
        0
 91
        1
 62
     0
 92
       -2
340
14
 93
        0
 40
1.125
309
GRIDFORMAT_END
 95
        4
302
GRIDFORMAT
  1
GRIDFORMAT_BEGIN
 90
        0
 91
        1
 62
     0
 92
       -2
340
14
 93
        0
 40
1.125
309
GRIDFORMAT_END
 95
        8
302
GRIDFORMAT
  1
GRIDFORMAT_BEGIN
 90
        0
 91
        1
 62
     0
 92
       -2
340
14
 93
        0
 40
1.125
309
GRIDFORMAT_END
 95
       16
302
GRIDFORMAT
  1
GRIDFORMAT_BEGIN
 90
        0
 91
        1
 62
     0
 92
       -2
340
14
 93
        0
 40
1.125
309
GRIDFORMAT_END
 95
       32
302
GRIDFORMAT
  1
GRIDFORMAT_BEGIN
 90
        0
 91
        1
 62
     0
 92
       -2
340
14
 93
        0
 40
1.125
309
GRIDFORMAT_END
309
TABLEFORMAT_END
  1
CELLSTYLE_BEGIN
 90
        1
 91
        1
300
_TITLE
309
CELLSTYLE_END
300
CELLSTYLE
  1
TABLEFORMAT_BEGIN
 90
        5
170
     1
 91
        0
 92
        0
 62
   257
 93
        1
300
CONTENTFORMAT
  1
CONTENTFORMAT_BEGIN
 90
        0
 91
        0
 92
      512
 93
        0
300

 40
0.0
140
1.0
 94
        5
 62
     0
340
11
144
4.5
309
CONTENTFORMAT_END
171
     1
301
MARGIN
  1
CELLMARGIN_BEGIN
 40
1.5
 40
1.5
 40
1.5
 40
1.5
 40
4.5
 40
4.5
309
CELLMARGIN_END
 94
        6
 95
        1
302
GRIDFORMAT
  1
GRIDFORMAT_BEGIN
 90
        0
 91
        1
 62
     0
 92
       -2
340
14
 93
        0
 40
1.125
309
GRIDFORMAT_END
 95
        2
302
GRIDFORMAT
  1
GRIDFORMAT_BEGIN
 90
        0
 91
        1
 62
     0
 92
       -2
340
14
 93
        0
 40
1.125
309
GRIDFORMAT_END
 95
        4
302
GRIDFORMAT
  1
GRIDFORMAT_BEGIN
 90
        0
 91
        1
 62
     0
 92
       -2
340
14
 93
        0
 40
1.125
309
GRIDFORMAT_END
 95
        8
302
GRIDFORMAT
  1
GRIDFORMAT_BEGIN
 90
        0
 91
        1
 62
     0
 92
       -2
340
14
 93
        0
 40
1.125
309
GRIDFORMAT_END
 95
       16
302
GRIDFORMAT
  1
GRIDFORMAT_BEGIN
 90
        0
 91
        1
 62
     0
 92
       -2
340
14
 93
        0
 40
1.125
309
GRIDFORMAT_END
 95
       32
302
GRIDFORMAT
  1
GRIDFORMAT_BEGIN
 90
        0
 91
        1
 62
     0
 92
       -2
340
14
 93
        0
 40
1.125
309
GRIDFORMAT_END
309
TABLEFORMAT_END
  1
CELLSTYLE_BEGIN
 90
        2
 91
        1
300
_HEADER
309
CELLSTYLE_END
300
CELLSTYLE
  1
TABLEFORMAT_BEGIN
 90
        5
170
     1
 91
        0
 92
        0
 62
   257
 93
        1
300
CONTENTFORMAT
  1
CONTENTFORMAT_BEGIN
 90
        0
 91
        0
 92
      512
 93
        0
300

 40
0.0
140
1.0
 94
        2
 62
     0
340
11
144
4.5
309
CONTENTFORMAT_END
171
     1
301
MARGIN
  1
CELLMARGIN_BEGIN
 40
1.5
 40
1.5
 40
1.5
 40
1.5
 40
4.5
 40
4.5
309
CELLMARGIN_END
 94
        6
 95
        1
302
GRIDFORMAT
  1
GRIDFORMAT_BEGIN
 90
        0
 91
        1
 62
     0
 92
       -2
340
14
 93
        0
 40
1.125
309
GRIDFORMAT_END
 95
        2
302
GRIDFORMAT
  1
GRIDFORMAT_BEGIN
 90
        0
 91
        1
 62
     0
 92
       -2
340
14
 93
        0
 40
1.125
309
GRIDFORMAT_END
 95
        4
302
GRIDFORMAT
  1
GRIDFORMAT_BEGIN
 90
        0
 91
        1
 62
     0
 92
       -2
340
14
 93
        0
 40
1.125
309
GRIDFORMAT_END
 95
        8
302
GRIDFORMAT
  1
GRIDFORMAT_BEGIN
 90
        0
 91
        1
 62
     0
 92
       -2
340
14
 93
        0
 40
1.125
309
GRIDFORMAT_END
 95
       16
302
GRIDFORMAT
  1
GRIDFORMAT_BEGIN
 90
        0
 91
        1
 62
     0
 92
       -2
340
14
 93
        0
 40
1.125
309
GRIDFORMAT_END
 95
       32
302
GRIDFORMAT
  1
GRIDFORMAT_BEGIN
 90
        0
 91
        1
 62
     0
 92
       -2
340
14
 93
        0
 40
1.125
309
GRIDFORMAT_END
309
TABLEFORMAT_END
  1
CELLSTYLE_BEGIN
 90
        3
 91
        2
300
_DATA
309
CELLSTYLE_END
  0
CELLSTYLEMAP
  5
2171
102
{ACAD_REACTORS
330
162
102
}
330
162
100
AcDbCellStyleMap
 90
        3
300
CELLSTYLE
  1
TABLEFORMAT_BEGIN
 90
        5
170
     1
 91
        0
 92
    32768
 62
   257
 93
        1
300
CONTENTFORMAT
  1
CONTENTFORMAT_BEGIN
 90
        0
 91
        0
 92
      512
 93
        0
300

 40
0.0
140
1.0
 94
        5
 62
     0
340
11
144
6.0
309
CONTENTFORMAT_END
171
     1
301
MARGIN
  1
CELLMARGIN_BEGIN
 40
1.5
 40
1.5
 40
1.5
 40
1.5
 40
4.5
 40
4.5
309
CELLMARGIN_END
 94
        6
 95
        1
302
GRIDFORMAT
  1
GRIDFORMAT_BEGIN
 90
        0
 91
        1
 62
     0
 92
       -2
340
14
 93
        0
 40
1.125
309
GRIDFORMAT_END
 95
        2
302
GRIDFORMAT
  1
GRIDFORMAT_BEGIN
 90
        0
 91
        1
 62
     0
 92
       -2
340
14
 93
        0
 40
1.125
309
GRIDFORMAT_END
 95
        4
302
GRIDFORMAT
  1
GRIDFORMAT_BEGIN
 90
        0
 91
        1
 62
     0
 92
       -2
340
14
 93
        0
 40
1.125
309
GRIDFORMAT_END
 95
        8
302
GRIDFORMAT
  1
GRIDFORMAT_BEGIN
 90
        0
 91
        1
 62
     0
 92
       -2
340
14
 93
        0
 40
1.125
309
GRIDFORMAT_END
 95
       16
302
GRIDFORMAT
  1
GRIDFORMAT_BEGIN
 90
        0
 91
        1
 62
     0
 92
       -2
340
14
 93
        0
 40
1.125
309
GRIDFORMAT_END
 95
       32
302
GRIDFORMAT
  1
GRIDFORMAT_BEGIN
 90
        0
 91
        1
 62
     0
 92
       -2
340
14
 93
        0
 40
1.125
309
GRIDFORMAT_END
309
TABLEFORMAT_END
  1
CELLSTYLE_BEGIN
 90
        1
 91
        1
300
_TITLE
309
CELLSTYLE_END
300
CELLSTYLE
  1
TABLEFORMAT_BEGIN
 90
        5
170
     1
 91
        0
 92
        0
 62
   257
 93
        1
300
CONTENTFORMAT
  1
CONTENTFORMAT_BEGIN
 90
        0
 91
        0
 92
      512
 93
        0
300

 40
0.0
140
1.0
 94
        5
 62
     0
340
11
144
4.5
309
CONTENTFORMAT_END
171
     1
301
MARGIN
  1
CELLMARGIN_BEGIN
 40
1.5
 40
1.5
 40
1.5
 40
1.5
 40
4.5
 40
4.5
309
CELLMARGIN_END
 94
        6
 95
        1
302
GRIDFORMAT
  1
GRIDFORMAT_BEGIN
 90
        0
 91
        1
 62
     0
 92
       -2
340
14
 93
        0
 40
1.125
309
GRIDFORMAT_END
 95
        2
302
GRIDFORMAT
  1
GRIDFORMAT_BEGIN
 90
        0
 91
        1
 62
     0
 92
       -2
340
14
 93
        0
 40
1.125
309
GRIDFORMAT_END
 95
        4
302
GRIDFORMAT
  1
GRIDFORMAT_BEGIN
 90
        0
 91
        1
 62
     0
 92
       -2
340
14
 93
        0
 40
1.125
309
GRIDFORMAT_END
 95
        8
302
GRIDFORMAT
  1
GRIDFORMAT_BEGIN
 90
        0
 91
        1
 62
     0
 92
       -2
340
14
 93
        0
 40
1.125
309
GRIDFORMAT_END
 95
       16
302
GRIDFORMAT
  1
GRIDFORMAT_BEGIN
 90
        0
 91
        1
 62
     0
 92
       -2
340
14
 93
        0
 40
1.125
309
GRIDFORMAT_END
 95
       32
302
GRIDFORMAT
  1
GRIDFORMAT_BEGIN
 90
        0
 91
        1
 62
     0
 92
       -2
340
14
 93
        0
 40
1.125
309
GRIDFORMAT_END
309
TABLEFORMAT_END
  1
CELLSTYLE_BEGIN
 90
        2
 91
        1
300
_HEADER
309
CELLSTYLE_END
300
CELLSTYLE
  1
TABLEFORMAT_BEGIN
 90
        5
170
     1
 91
        0
 92
        0
 62
   257
 93
        1
300
CONTENTFORMAT
  1
CONTENTFORMAT_BEGIN
 90
        0
 91
        0
 92
      512
 93
        0
300

 40
0.0
140
1.0
 94
        2
 62
     0
340
11
144
4.5
309
CONTENTFORMAT_END
171
     1
301
MARGIN
  1
CELLMARGIN_BEGIN
 40
1.5
 40
1.5
 40
1.5
 40
1.5
 40
4.5
 40
4.5
309
CELLMARGIN_END
 94
        6
 95
        1
302
GRIDFORMAT
  1
GRIDFORMAT_BEGIN
 90
        0
 91
        1
 62
     0
 92
       -2
340
14
 93
        0
 40
1.125
309
GRIDFORMAT_END
 95
        2
302
GRIDFORMAT
  1
GRIDFORMAT_BEGIN
 90
        0
 91
        1
 62
     0
 92
       -2
340
14
 93
        0
 40
1.125
309
GRIDFORMAT_END
 95
        4
302
GRIDFORMAT
  1
GRIDFORMAT_BEGIN
 90
        0
 91
        1
 62
     0
 92
       -2
340
14
 93
        0
 40
1.125
309
GRIDFORMAT_END
 95
        8
302
GRIDFORMAT
  1
GRIDFORMAT_BEGIN
 90
        0
 91
        1
 62
     0
 92
       -2
340
14
 93
        0
 40
1.125
309
GRIDFORMAT_END
 95
       16
302
GRIDFORMAT
  1
GRIDFORMAT_BEGIN
 90
        0
 91
        1
 62
     0
 92
       -2
340
14
 93
        0
 40
1.125
309
GRIDFORMAT_END
 95
       32
302
GRIDFORMAT
  1
GRIDFORMAT_BEGIN
 90
        0
 91
        1
 62
     0
 92
       -2
340
14
 93
        0
 40
1.125
309
GRIDFORMAT_END
309
TABLEFORMAT_END
  1
CELLSTYLE_BEGIN
 90
        3
 91
        2
300
_DATA
309
CELLSTYLE_END
  0
ENDSEC
  0
SECTION
  2
ACDSDATA
 70
     2
 71
     8
  0
ACDSSCHEMA
 90
        0
  1
AcDb_Thumbnail_Schema
  2
AcDbDs::ID
280
    10
 91
        8
  2
Thumbnail_Data
280
    15
 91
        0
101
ACDSRECORD
 95
        0
 90
        1
  2
AcDbDs::TreatedAsObjectData
280
     1
291
     1
101
ACDSRECORD
 95
        0
 90
        2
  2
AcDbDs::Legacy
280
     1
291
     1
101
ACDSRECORD
  1
AcDbDs::ID
 90
        3
  2
AcDs:Indexable
280
     1
291
     1
101
ACDSRECORD
  1
AcDbDs::ID
 90
        4
  2
AcDbDs::HandleAttribute
280
     7
282
     1
  0
ACDSSCHEMA
 90
        1
  1
AcDbDs::TreatedAsObjectDataSchema
  2
AcDbDs::TreatedAsObjectData
280
     1
 91
        0
  0
ACDSSCHEMA
 90
        2
  1
AcDbDs::LegacySchema
  2
AcDbDs::Legacy
280
     1
 91
        0
  0
ACDSSCHEMA
 90
        3
  1
AcDbDs::IndexedPropertySchema
  2
AcDs:Indexable
280
     1
 91
        0
  0
ACDSSCHEMA
 90
        4
  1
AcDbDs::HandleAttributeSchema
  2
AcDbDs::HandleAttribute
280
     7
 91
        1
284
     1
  0
ACDSRECORD
 90
        0
  2
AcDbDs::ID
280
    10
320
D3
  2
Thumbnail_Data
280
    15
 94
     2230
310
89504E470D0A1A0A0000000D4948445200000100000000B5080300000087DCD12600000300504C5445FFFFFFFFFFFFFFFFFF0000000000000000000000000000000000000000000000000000330000660000990000CC0000FF0033000033330033660033990033CC0033FF0066000066330066660066990066CC0066FF0099
310
000099330099660099990099CC0099FF00CC0000CC3300CC6600CC9900CCCC00CCFF00FF0000FF3300FF6600FF9900FFCC00FFFF3300003300333300663300993300CC3300FF3333003333333333663333993333CC3333FF3366003366333366663366993366CC3366FF3399003399333399663399993399CC3399FF33CC00
310
33CC3333CC6633CC9933CCCC33CCFF33FF0033FF3333FF6633FF9933FFCC33FFFF6600006600336600666600996600CC6600FF6633006633336633666633996633CC6633FF6666006666336666666666996666CC6666FF6699006699336699666699996699CC6699FF66CC0066CC3366CC6666CC9966CCCC66CCFF66FF0066
310
FF3366FF6666FF9966FFCC66FFFF9900009900339900669900999900CC9900FF9933009933339933669933999933CC9933FF9966009966339966669966999966CC9966FF9999009999339999669999999999CC9999FF99CC0099CC3399CC6699CC9999CCCC99CCFF99FF0099FF3399FF6699FF9999FFCC99FFFFCC0000CC00
310
33CC0066CC0099CC00CCCC00FFCC3300CC3333CC3366CC3399CC33CCCC33FFCC6600CC6633CC6666CC6699CC66CCCC66FFCC9900CC9933CC9966CC9999CC99CCCC99FFCCCC00CCCC33CCCC66CCCC99CCCCCCCCCCFFCCFF00CCFF33CCFF66CCFF99CCFFCCCCFFFFFF0000FF0033FF0066FF0099FF00CCFF00FFFF3300FF3333
310
FF3366FF3399FF33CCFF33FFFF6600FF6633FF6666FF6699FF66CCFF66FFFF9900FF9933FF9966FF9999FF99CCFF99FFFFCC00FFCC33FFCC66FFCC99FFCCCCFFCCFFFFFF00FFFF33FFFF66FFFF99FFFFCCFFFFFF0000000D0D0D1A1A1A2828283535354343435050505D5D5D6B6B6B787878868686939393A1A1A1AEAEAEBB
310
BBBBC9C9C9D6D6D6E4E4E4F1F1F1FFFFFF000000000000000000000000000000000000000000000000000000000000AD4AB4E4000005714944415478DAED9D69B6DA300C85B583EE7F335E8C7E77112D90C1936C251E62C737E7F451C040FC45BA1A9C00FD5D7CA3BFB4F4060000000000E06DFC7F7BEFDFD52D800140E102
310
0000008B4701E4018802D0000000004401440144016800000080DB26996BAB1C0578FA635D18055E02800160711700008820C2E05D119CCC04B87A14580700030000BC17000100441000208200001104008820004004010022580840DF78A9DBC3793E0A7C77F6CFB965775EB92F3C880B24DFF03C542700E7E1170048B9C0
310
0513EED6D6EC0BE03BB1DF89D7FB4E6EFFF75FB8EF4130ABE3D46D67929F27C87E90694D00DFBFED00502717C8D9F2632E501A05D43BFC3B8E3280EC9B958A62A32810316B3A2618B100C905FC279CD73F0D80B50076D78D0138AF50F1599074ACDDF1A302B8A7012F0A83B3E7011D3B42F9176C6E11FBE0662ED0AF23C497
310
01B0536EA023847E000000C0DC51605E00CB8B20A240BE1688477B2E4D0CDED5126BDCF31BC402FC127078005405803176514B6C8C53C7CF0E806E03C84C92151F526D85A46947E8EC776EB3E62A00AA2E12B5D200F3D9BBED88D3E7F6F3B0F9D9810BC0FC66625C9D34BFFB26B373E302E0288013CBFB01FCDA7DEEE8E339
310
FBC57C34F9F79B6D1941F83E9B0B29C59351605BD5B80260EB846601D02800486B01EC34B88B01F0282E405A0BE0330A4496C7F85C43B3159E0E56C302B8A301028058BA2C87B959A2800C80140078760017A280FCC6CF012889024E30A733A8D32FD89395070471DFBB35666400D7D274B6D60B3D00B72C80C78D02E1FA5F
310
6456D50094AE9435D000D5ACB200B422189AC304005803402982A35A80D98B20B7183A1EB50018198042041B5940692D607400E293BC06A08D0594D602599BCAE501AC76812DE7784003946F183F2E95013839F408996040803816C5DC173867034D2C82051A60B1D28BE051418F6401838960D7EF11625585932D862E2542
310
B9FD62B99DDCAE23540820950A876D83EA1650180562A7C2C532C160A8B74BB5D6496D5AE4365CDA68400040B6006F68D63A6EF9701B0BD0AC0BB83DFFFD3E85EB02E61823AD0B949C30194B94B8794B2C7A6A6308C03F7B5CEA7FEA3EBE9605504F00528BC77550950570C602AC31DC380A5C01606783C2E3AA356305809A
310
2E908E02E7253D5E85EF69EFE6E7EC7F306FFA5007406F11B4D63A0FE847C8365E1834B1528E4906205F7DD2D702B299A075ADC469186222C419897655E3228007C2A02DE26C2F128A9960A4D92B01B86D01EA3048A52EC0F2503115E6A056AE06A0F7B7C9650048A970B09EE4469268FADFC802CA57876F58409014781650
310
00E0190DB80120716F3C0B9809C01E90D599203715C15439ECB9000F2C82E944481E6AEE8A60CF44A8B41630290066823058F97A8154E3AE6B22D44B03286873459BBEB753E1F1C3A0DC11942C205A0CD502F0D4BA8046036E94C33D0054581710CD2CD2118A8D941B22A300C8A4C2AC4F84742DB1E15C20530C71A243E9E6
310
01E24160451E608D1948033E8E2DEE8B090168343A756AE590222803081647D3436704907101F252E1B4B73C02809A02E07700A0D55D201D069993CACEC93C31F6CC5C220800BD00D0A0B5405300E25C86AA05E267017374793C3D745800B95A409895500CC9431F01501A05F6133CBEFFBE0F9BF33210F7D0EED786589789
310
1C83CCD53344583FB8794384CF9A36BC842A9A3C597DCBD26FC8E2A7451000D83F0538B50BD7BF7EECB205F78E02E1FE52BD6D14007401C0A5C9D560F474146830A7E94430D9BECBD9F6A2005E6801474D6F2673819A51E0896DA8283025000680C55D00000A00E0D7E7E7DAF0EBF3B5A3C03A00F0E3EB00B0B808E2D7E7DF
310
BC3100DC7501000080776E000011040088200040040100220800104100B05B1FEFFDBBBA06000000000000F80016DF9607F00F78FEF50E29392CD10000000049454E44AE426082
  0
ACDSRECORD
 90
        0
  2
AcDbDs::ID
280
    10
320
22
  2
Thumbnail_Data
280
    15
 94
     1944
310
89504E470D0A1A0A0000000D494844520000010000000065080300000095E2CD0900000300504C5445212830FFFFFF2128300000000000000000000000000000000000000000000000000000330000660000990000CC0000FF0033000033330033660033990033CC0033FF0066000066330066660066990066CC0066FF0099
310
000099330099660099990099CC0099FF00CC0000CC3300CC6600CC9900CCCC00CCFF00FF0000FF3300FF6600FF9900FFCC00FFFF3300003300333300663300993300CC3300FF3333003333333333663333993333CC3333FF3366003366333366663366993366CC3366FF3399003399333399663399993399CC3399FF33CC00
310
33CC3333CC6633CC9933CCCC33CCFF33FF0033FF3333FF6633FF9933FFCC33FFFF6600006600336600666600996600CC6600FF6633006633336633666633996633CC6633FF6666006666336666666666996666CC6666FF6699006699336699666699996699CC6699FF66CC0066CC3366CC6666CC9966CCCC66CCFF66FF0066
310
FF3366FF6666FF9966FFCC66FFFF9900009900339900669900999900CC9900FF9933009933339933669933999933CC9933FF9966009966339966669966999966CC9966FF9999009999339999669999999999CC9999FF99CC0099CC3399CC6699CC9999CCCC99CCFF99FF0099FF3399FF6699FF9999FFCC99FFFFCC0000CC00
310
33CC0066CC0099CC00CCCC00FFCC3300CC3333CC3366CC3399CC33CCCC33FFCC6600CC6633CC6666CC6699CC66CCCC66FFCC9900CC9933CC9966CC9999CC99CCCC99FFCCCC00CCCC33CCCC66CCCC99CCCCCCCCCCFFCCFF00CCFF33CCFF66CCFF99CCFFCCCCFFFFFF0000FF0033FF0066FF0099FF00CCFF00FFFF3300FF3333
310
FF3366FF3399FF33CCFF33FFFF6600FF6633FF6666FF6699FF66CCFF66FFFF9900FF9933FF9966FF9999FF99CCFF99FFFFCC00FFCC33FFCC66FFCC99FFCCCCFFCCFFFFFF00FFFF33FFFF66FFFF99FFFFCCFFFFFF0000000D0D0D1A1A1A2828283535354343435050505D5D5D6B6B6B787878868686939393A1A1A1AEAEAEBB
310
BBBBC9C9C9D6D6D6E4E4E4F1F1F1FFFFFF0000000000000000000000000000000000000000000000000000000000002E4550F10000038E4944415478DAED9C5B76E2300C86BD83D9FF66B4ABFF7D26E0389625DF029C911DE9B49C92046A7DE81EB721B8DC16FC57B100E0B1BFDC01380007E0001C800370000EC0013800D9
310
13CC770DAB037829F1274A45217C5F1323003A9FE90F5B3C2B000E25DF5F5183E32B03D0C010DF23BE365DBD13000C0388DFEC65EBBB40C5B47B2E8021F5EC5880D49403901A674792BEF1F0504E59D1022682E04600EE6581B500F4AE40FDF819054F473AA3E76042B405E0CB835A7CE91AEF056CAEA1EBE02BD5013F01B0
310
512FB0BF0B8C03403D23DCC266AA124C8A34D78606C6798D2C01A0D40B0522866210C01D8D4C03D0978776ADB42800FAA736BD9ED1718062571B97475A84A0AD00A0007058037D1B80E1FD01EF19C875E00C67D968A358B658FA0800DB1610706639A4E7BF00C03F7A731690030007708DCC4236F89A01A058BE5917282DA0
310
EBBD95F1492306D8017046B597E2F44E83C7430860A78F074A3F36000465B22C8C3F9802400A8062B45302A0FB16601000946A1FD974532E793717089A8A3500ED1810708DC46B00ECB9C0BB04BA0A210E8064E54CF48905D81E88A069EE3863E33C805526427D003D17D0DF7B85ADB2BC20A85B805208DD9B2A1901405A0C
310
C89AA15E0C1853DA7433A465812917183635A3BD8036128304C0CE86C9AD12862D802815B8B80A3EB0CF8CB27AF075C94600720D33007C205200C00D00B5072300943250ECF5E0BB4636B300E6EE058080B2EB576660E82438EB00AE41CFF5342E9CD246A944891493E1FB2AF42C903FC0900BA43BFCB80E1469907738A5A2
310
03B31ED316A07486A20E40BEF3693300A4B82E6569305D2903E3E53C5D0096B380DE09958550D62870FDB18B0B7400683FCD010808F900DAB6050817E01680DD63000663C00600AACF38808FB380D92018946E4F0E44B6AE03D434186E558273B31E837B84A46568FB87D30DD33A80A1CFD74E2FD0700DED34AA4170EE9687
310
6900502C405A837603754517680547ED743508AE0860C002B490BE13005216928FC5E5E93416EF0168A73BBB2EA08FC4A401A4E146D302109E0360E13AA02CDAB8798B924E14B8775433B551F2BC4D1EC7E22C06BC4ED3F91DEF0B6C0380ED7F0BD78D1174000C8DC5D7F8474ABD3541EF9586002C5508A19DF347DA3BF1F7
310
732B00E8ABDA393FD66B6D0060D602B094058CEE70F8A8DB866D0B20B9FD6BF45D6AF8D4446016C06FDFFE1AA03F19C0932DC06A107CFABFD47471717171717171717171717171715953FE02CBB172C3D9967AFF0000000049454E44AE4260826E64BF01E27F942ED11A2C560000000049454E44AE426082C6ED9A0B853500
310
62282C75FFB30104DF85FA75E62EF83618255F9AFA7D667B90A7C61E080077C6E35203AE04503F3BFCDD5F9F69C21B5F92BEE4854F95CFF895B0A9A3401E795B6F947BD10A004103465CCCA3001487FAFCD8DF3F0667ACFE3500966B4083E31DE4A1A1C6CBD6018CCCC5CB4B48679AC05C4136A67E29007A3B80179B808938
310
E085001E20B465CB962D5BB66CD9B265CB293F2FAA7230A8B351830000000049454E44AE426082
  0
ENDSEC
  0
EOF
