  0
SECTION
  2
HEADER
  9
$ACADVER
  1
AC1021
  9
$ACADMAINTVER
 70
    25
  9
$DWGCODEPAGE
  3
ANSI_1252
  9
$INSBASE
 10
0.0
 20
0.0
 30
0.0
  9
$EXTMIN
 10
-3.20255905511811
 20
-5.444570866141732
 30
0.0
  9
$EXTMAX
 10
3.202555118110236
 20
5.444570866141732
 30
0.0
  9
$LIMMIN
 10
0.0
 20
0.0
  9
$LIMMAX
 10
12.0
 20
9.0
  9
$ORTHOMODE
 70
     0
  9
$REGENMODE
 70
     1
  9
$FILLMODE
 70
     1
  9
$QTEXTMODE
 70
     0
  9
$MIRRTEXT
 70
     1
  9
$LTSCALE
 40
1.0
  9
$ATTMODE
 70
     1
  9
$TEXTSIZE
 40
0.2
  9
$TRACEWID
 40
0.05
  9
$TEXTSTYLE
  7
Standard
  9
$CLAYER
  8
0
  9
$CELTYPE
  6
ByLayer
  9
$CECOLOR
 62
   256
  9
$CELTSCALE
 40
1.0
  9
$DISPSILH
 70
     0
  9
$DIMSCALE
 40
1.0
  9
$DIMASZ
 40
0.18
  9
$DIMEXO
 40
0.0625
  9
$DIMDLI
 40
0.38
  9
$DIMRND
 40
0.0
  9
$DIMDLE
 40
0.0
  9
$DIMEXE
 40
0.18
  9
$DIMTP
 40
0.0
  9
$DIMTM
 40
0.0
  9
$DIMTXT
 40
0.18
  9
$DIMCEN
 40
0.09
  9
$DIMTSZ
 40
0.0
  9
$DIMTOL
 70
     0
  9
$DIMLIM
 70
     0
  9
$DIMTIH
 70
     1
  9
$DIMTOH
 70
     1
  9
$DIMSE1
 70
     0
  9
$DIMSE2
 70
     0
  9
$DIMTAD
 70
     0
  9
$DIMZIN
 70
     0
  9
$DIMBLK
  1

  9
$DIMASO
 70
     1
  9
$DIMSHO
 70
     1
  9
$DIMPOST
  1

  9
$DIMAPOST
  1

  9
$DIMALT
 70
     0
  9
$DIMALTD
 70
     2
  9
$DIMALTF
 40
25.4
  9
$DIMLFAC
 40
1.0
  9
$DIMTOFL
 70
     0
  9
$DIMTVP
 40
0.0
  9
$DIMTIX
 70
     0
  9
$DIMSOXD
 70
     0
  9
$DIMSAH
 70
     0
  9
$DIMBLK1
  1

  9
$DIMBLK2
  1

  9
$DIMSTYLE
  2
Standard
  9
$DIMCLRD
 70
     0
  9
$DIMCLRE
 70
     0
  9
$DIMCLRT
 70
     0
  9
$DIMTFAC
 40
1.0
  9
$DIMGAP
 40
0.09
  9
$DIMJUST
 70
     0
  9
$DIMSD1
 70
     0
  9
$DIMSD2
 70
     0
  9
$DIMTOLJ
 70
     1
  9
$DIMTZIN
 70
     0
  9
$DIMALTZ
 70
     0
  9
$DIMALTTZ
 70
     0
  9
$DIMUPT
 70
     0
  9
$DIMDEC
 70
     4
  9
$DIMTDEC
 70
     4
  9
$DIMALTU
 70
     2
  9
$DIMALTTD
 70
     2
  9
$DIMTXSTY
  7
Standard
  9
$DIMAUNIT
 70
     0
  9
$DIMADEC
 70
     0
  9
$DIMALTRND
 40
0.0
  9
$DIMAZIN
 70
     0
  9
$DIMDSEP
 70
    46
  9
$DIMATFIT
 70
     3
  9
$DIMFRAC
 70
     0
  9
$DIMLDRBLK
  1

  9
$DIMLUNIT
 70
     2
  9
$DIMLWD
 70
    -2
  9
$DIMLWE
 70
    -2
  9
$DIMTMOVE
 70
     0
  9
$DIMFXL
 40
1.0
  9
$DIMFXLON
 70
     0
  9
$DIMJOGANG
 40
0.7853981633974483
  9
$DIMTFILL
 70
     0
  9
$DIMTFILLCLR
 70
     0
  9
$DIMARCSYM
 70
     0
  9
$DIMLTYPE
  6

  9
$DIMLTEX1
  6

  9
$DIMLTEX2
  6

  9
$LUNITS
 70
     2
  9
$LUPREC
 70
     4
  9
$SKETCHINC
 40
0.1
  9
$FILLETRAD
 40
0.5
  9
$AUNITS
 70
     0
  9
$AUPREC
 70
     0
  9
$MENU
  1
.
  9
$ELEVATION
 40
0.0
  9
$PELEVATION
 40
0.0
  9
$THICKNESS
 40
0.0
  9
$LIMCHECK
 70
     0
  9
$CHAMFERA
 40
0.0
  9
$CHAMFERB
 40
0.0
  9
$CHAMFERC
 40
0.0
  9
$CHAMFERD
 40
0.0
  9
$SKPOLY
 70
     0
  9
$TDCREATE
 40
2459767.691486458
  9
$TDUCREATE
 40
2459767.649819792
  9
$TDUPDATE
 40
2459767.691486516
  9
$TDUUPDATE
 40
2459767.64981985
  9
$TDINDWG
 40
0.0000000116
  9
$TDUSRTIMER
 40
0.0000000116
  9
$USRTIMER
 70
     1
  9
$ANGBASE
 50
0.0
  9
$ANGDIR
 70
     0
  9
$PDMODE
 70
     0
  9
$PDSIZE
 40
0.0
  9
$PLINEWID
 40
0.0
  9
$SPLFRAME
 70
     0
  9
$SPLINETYPE
 70
     6
  9
$SPLINESEGS
 70
     8
  9
$HANDSEED
  5
CB
  9
$SURFTAB1
 70
     6
  9
$SURFTAB2
 70
     6
  9
$SURFTYPE
 70
     6
  9
$SURFU
 70
     6
  9
$SURFV
 70
     6
  9
$UCSBASE
  2

  9
$UCSNAME
  2

  9
$UCSORG
 10
0.0
 20
0.0
 30
0.0
  9
$UCSXDIR
 10
1.0
 20
0.0
 30
0.0
  9
$UCSYDIR
 10
0.0
 20
1.0
 30
0.0
  9
$UCSORTHOREF
  2

  9
$UCSORTHOVIEW
 70
     0
  9
$UCSORGTOP
 10
0.0
 20
0.0
 30
0.0
  9
$UCSORGBOTTOM
 10
0.0
 20
0.0
 30
0.0
  9
$UCSORGLEFT
 10
0.0
 20
0.0
 30
0.0
  9
$UCSORGRIGHT
 10
0.0
 20
0.0
 30
0.0
  9
$UCSORGFRONT
 10
0.0
 20
0.0
 30
0.0
  9
$UCSORGBACK
 10
0.0
 20
0.0
 30
0.0
  9
$PUCSBASE
  2

  9
$PUCSNAME
  2

  9
$PUCSORG
 10
0.0
 20
0.0
 30
0.0
  9
$PUCSXDIR
 10
1.0
 20
0.0
 30
0.0
  9
$PUCSYDIR
 10
0.0
 20
1.0
 30
0.0
  9
$PUCSORTHOREF
  2

  9
$PUCSORTHOVIEW
 70
     0
  9
$PUCSORGTOP
 10
0.0
 20
0.0
 30
0.0
  9
$PUCSORGBOTTOM
 10
0.0
 20
0.0
 30
0.0
  9
$PUCSORGLEFT
 10
0.0
 20
0.0
 30
0.0
  9
$PUCSORGRIGHT
 10
0.0
 20
0.0
 30
0.0
  9
$PUCSORGFRONT
 10
0.0
 20
0.0
 30
0.0
  9
$PUCSORGBACK
 10
0.0
 20
0.0
 30
0.0
  9
$USERI1
 70
     0
  9
$USERI2
 70
     0
  9
$USERI3
 70
     0
  9
$USERI4
 70
     0
  9
$USERI5
 70
     0
  9
$USERR1
 40
0.0
  9
$USERR2
 40
0.0
  9
$USERR3
 40
0.0
  9
$USERR4
 40
0.0
  9
$USERR5
 40
0.0
  9
$WORLDVIEW
 70
     1
  9
$SHADEDGE
 70
     3
  9
$SHADEDIF
 70
    70
  9
$TILEMODE
 70
     1
  9
$MAXACTVP
 70
    64
  9
$PINSBASE
 10
0.0
 20
0.0
 30
0.0
  9
$PLIMCHECK
 70
     0
  9
$PEXTMIN
 10
1.000000000000000E+20
 20
1.000000000000000E+20
 30
1.000000000000000E+20
  9
$PEXTMAX
 10
-1.000000000000000E+20
 20
-1.000000000000000E+20
 30
-1.000000000000000E+20
  9
$PLIMMIN
 10
0.0
 20
0.0
  9
$PLIMMAX
 10
12.0
 20
9.0
  9
$UNITMODE
 70
     0
  9
$VISRETAIN
 70
     1
  9
$PLINEGEN
 70
     0
  9
$PSLTSCALE
 70
     1
  9
$TREEDEPTH
 70
  3020
  9
$CMLSTYLE
  2
Standard
  9
$CMLJUST
 70
     0
  9
$CMLSCALE
 40
1.0
  9
$PROXYGRAPHICS
 70
     1
  9
$MEASUREMENT
 70
     0
  9
$CELWEIGHT
370
    -1
  9
$ENDCAPS
280
     0
  9
$JOINSTYLE
280
     0
  9
$LWDISPLAY
290
     0
  9
$INSUNITS
 70
     1
  9
$HYPERLINKBASE
  1

  9
$STYLESHEET
  1

  9
$XEDIT
290
     1
  9
$CEPSNTYPE
380
     0
  9
$PSTYLEMODE
290
     1
  9
$FINGERPRINTGUID
  2
{adb3f263-c838-4285-a6e2-6eddec68a5ca}
  9
$VERSIONGUID
  2
{FAEB1C32-E019-11D5-929B-00C0DF256EC4}
  9
$EXTNAMES
290
     1
  9
$PSVPSCALE
 40
0.0
  9
$OLESTARTUP
290
     0
  9
$SORTENTS
280
   127
  9
$INDEXCTL
280
     0
  9
$HIDETEXT
280
     1
  9
$XCLIPFRAME
290
     0
  9
$HALOGAP
280
     0
  9
$OBSCOLOR
 70
   257
  9
$OBSLTYPE
280
     0
  9
$INTERSECTIONDISPLAY
280
     0
  9
$INTERSECTIONCOLOR
 70
   257
  9
$DIMASSOC
280
     2
  9
$PROJECTNAME
  1

  9
$CAMERADISPLAY
290
     0
  9
$LENSLENGTH
 40
50.0
  9
$CAMERAHEIGHT
 40
0.0
  9
$STEPSPERSEC
 40
2.0
  9
$STEPSIZE
 40
6.0
  9
$3DDWFPREC
 40
2.0
  9
$PSOLWIDTH
 40
0.25
  9
$PSOLHEIGHT
 40
4.0
  9
$LOFTANG1
 40
1.570796326794897
  9
$LOFTANG2
 40
1.570796326794897
  9
$LOFTMAG1
 40
0.0
  9
$LOFTMAG2
 40
0.0
  9
$LOFTPARAM
 70
     7
  9
$LOFTNORMALS
280
     1
  9
$LATITUDE
 40
37.795
  9
$LONGITUDE
 40
-122.394
  9
$NORTHDIRECTION
 40
0.0
  9
$TIMEZONE
 70
 -8000
  9
$LIGHTGLYPHDISPLAY
280
     1
  9
$TILEMODELIGHTSYNCH
280
     1
  9
$CMATERIAL
347
44
  9
$SOLIDHIST
280
     0
  9
$SHOWHIST
280
     1
  9
$DWFFRAME
280
     2
  9
$DGNFRAME
280
     2
  9
$REALWORLDSCALE
290
     1
  9
$INTERFERECOLOR
 62
   256
  9
$CSHADOW
280
     0
  9
$SHADOWPLANELOCATION
 40
0.0
  0
ENDSEC
  0
SECTION
  2
CLASSES
  0
CLASS
  1
ACDBDICTIONARYWDFLT
  2
AcDbDictionaryWithDefault
  3
ObjectDBX Classes
 90
        0
 91
        3
280
     0
281
     0
  0
CLASS
  1
VISUALSTYLE
  2
AcDbVisualStyle
  3
ObjectDBX Classes
 90
     4095
 91
        3
280
     0
281
     0
  0
CLASS
  1
MATERIAL
  2
AcDbMaterial
  3
ObjectDBX Classes
 90
     1153
 91
        3
280
     0
281
     0
  0
CLASS
  1
SCALE
  2
AcDbScale
  3
ObjectDBX Classes
 90
     1153
 91
        3
280
     0
281
     0
  0
CLASS
  1
TABLESTYLE
  2
AcDbTableStyle
  3
ObjectDBX Classes
 90
     4095
 91
        3
280
     0
281
     0
  0
CLASS
  1
MLEADERSTYLE
  2
AcDbMLeaderStyle
  3
ACDB_MLEADERSTYLE_CLASS
 90
     4095
 91
        3
280
     0
281
     0
  0
CLASS
  1
SUN
  2
AcDbSun
  3
SCENEOE
 90
     1153
 91
        3
280
     0
281
     0
  0
CLASS
  1
DICTIONARYVAR
  2
AcDbDictionaryVar
  3
ObjectDBX Classes
 90
        0
 91
        3
280
     0
281
     0
  0
CLASS
  1
CELLSTYLEMAP
  2
AcDbCellStyleMap
  3
ObjectDBX Classes
 90
     1152
 91
        3
280
     0
281
     0
  0
ENDSEC
  0
SECTION
  2
TABLES
  0
TABLE
  2
VPORT
  5
8
330
0
100
AcDbSymbolTable
 70
     1
  0
VPORT
  5
29
330
8
100
AcDbSymbolTableRecord
100
AcDbViewportTableRecord
  2
*Active
 70
     0
 10
0.0
 20
0.0
 11
1.0
 21
1.0
 12
10.42990654205607
 22
4.5
 13
0.0
 23
0.0
 14
0.5
 24
0.5
 15
0.5
 25
0.5
 16
0.0
 26
0.0
 36
1.0
 17
0.0
 27
0.0
 37
0.0
 40
9.0
 41
1.972972972850329
 42
50.0
 43
0.0
 44
0.0
 50
0.0
 51
0.0
 71
     0
 72
   100
 73
     1
 74
     3
 75
     0
 76
     0
 77
     0
 78
     0
281
     0
 65
     1
110
0.0
120
0.0
130
0.0
111
1.0
121
0.0
131
0.0
112
0.0
122
1.0
132
0.0
 79
     0
146
0.0
348
2F
 60
     3
 61
     5
292
     1
282
     1
141
0.0
142
0.0
 63
   250
361
6D
  0
ENDTAB
  0
TABLE
  2
LTYPE
  5
5
330
0
100
AcDbSymbolTable
 70
     1
  0
LTYPE
  5
14
330
5
100
AcDbSymbolTableRecord
100
AcDbLinetypeTableRecord
  2
ByBlock
 70
     0
  3

 72
    65
 73
     0
 40
0.0
  0
LTYPE
  5
15
330
5
100
AcDbSymbolTableRecord
100
AcDbLinetypeTableRecord
  2
ByLayer
 70
     0
  3

 72
    65
 73
     0
 40
0.0
  0
LTYPE
  5
16
330
5
100
AcDbSymbolTableRecord
100
AcDbLinetypeTableRecord
  2
Continuous
 70
     0
  3
Solid line
 72
    65
 73
     0
 40
0.0
  0
ENDTAB
  0
TABLE
  2
LAYER
  5
2
330
0
100
AcDbSymbolTable
 70
     2
  0
LAYER
  5
10
330
2
100
AcDbSymbolTableRecord
100
AcDbLayerTableRecord
  2
0
 70
     0
 62
     7
  6
Continuous
370
    -3
390
F
347
46
  0
LAYER
  5
6F
330
2
100
AcDbSymbolTableRecord
100
AcDbLayerTableRecord
  2
Layer 1
 70
     0
 62
     7
  6
Continuous
370
    -3
390
F
347
46
  0
ENDTAB
  0
TABLE
  2
STYLE
  5
3
330
0
100
AcDbSymbolTable
 70
     1
  0
STYLE
  5
11
330
3
100
AcDbSymbolTableRecord
100
AcDbTextStyleTableRecord
  2
Standard
 70
     0
 40
0.0
 41
1.0
 50
0.0
 71
     0
 42
0.2
  3
txt
  4

  0
ENDTAB
  0
TABLE
  2
VIEW
  5
6
330
0
100
AcDbSymbolTable
 70
     0
  0
ENDTAB
  0
TABLE
  2
UCS
  5
7
330
0
100
AcDbSymbolTable
 70
     0
  0
ENDTAB
  0
TABLE
  2
APPID
  5
9
330
0
100
AcDbSymbolTable
 70
     3
  0
APPID
  5
12
330
9
100
AcDbSymbolTableRecord
100
AcDbRegAppTableRecord
  2
ACAD
 70
     0
  0
APPID
  5
6E
330
9
100
AcDbSymbolTableRecord
100
AcDbRegAppTableRecord
  2
ODA
 70
     0
  0
APPID
  5
C3
330
9
100
AcDbSymbolTableRecord
100
AcDbRegAppTableRecord
  2
ACAD_MLEADERVER
 70
     0
  0
ENDTAB
  0
TABLE
  2
DIMSTYLE
  5
A
330
0
100
AcDbSymbolTable
 70
     1
100
AcDbDimStyleTable
  0
DIMSTYLE
105
27
330
A
100
AcDbSymbolTableRecord
100
AcDbDimStyleTableRecord
  2
Standard
 70
     0
178
     0
340
11
  0
ENDTAB
  0
TABLE
  2
BLOCK_RECORD
  5
1
330
0
100
AcDbSymbolTable
 70
     1
  0
BLOCK_RECORD
  5
1F
330
1
100
AcDbSymbolTableRecord
100
AcDbBlockTableRecord
  2
*Model_Space
340
22
 70
     0
280
     1
281
     0
  0
BLOCK_RECORD
  5
1B
330
1
100
AcDbSymbolTableRecord
100
AcDbBlockTableRecord
  2
*Paper_Space
340
1E
 70
     0
280
     1
281
     0
  0
BLOCK_RECORD
  5
23
330
1
100
AcDbSymbolTableRecord
100
AcDbBlockTableRecord
  2
*Paper_Space0
340
26
 70
     0
280
     1
281
     0
  0
ENDTAB
  0
ENDSEC
  0
SECTION
  2
BLOCKS
  0
BLOCK
  5
20
330
1F
100
AcDbEntity
  8
0
100
AcDbBlockBegin
  2
*Model_Space
 70
     0
 10
0.0
 20
0.0
 30
0.0
  3
*Model_Space
  1

  0
ENDBLK
  5
21
330
1F
100
AcDbEntity
  8
0
100
AcDbBlockEnd
  0
BLOCK
  5
1C
330
1B
100
AcDbEntity
 67
     1
  8
0
100
AcDbBlockBegin
  2
*Paper_Space
 70
     0
 10
0.0
 20
0.0
 30
0.0
  3
*Paper_Space
  1

  0
ENDBLK
  5
1D
330
1B
100
AcDbEntity
 67
     1
  8
0
100
AcDbBlockEnd
  0
BLOCK
  5
24
330
23
100
AcDbEntity
  8
0
100
AcDbBlockBegin
  2
*Paper_Space0
 70
     0
 10
0.0
 20
0.0
 30
0.0
  3
*Paper_Space0
  1

  0
ENDBLK
  5
25
330
23
100
AcDbEntity
  8
0
100
AcDbBlockEnd
  0
ENDSEC
  0
SECTION
  2
ENTITIES
  0
SPLINE
  5
70
330
1F
100
AcDbEntity
  8
Layer 1
370
     9
100
AcDbSpline
210
0.0
220
0.0
230
1.0
 70
    11
 71
     3
 72
   600
 73
   596
 74
     0
 42
0.000000001
 43
0.0000000001
 40
0.0
 40
0.0
 40
0.0
 40
0.0
 40
0.0066666666666667
 40
0.0066666666666667
 40
0.0066666666666667
 40
0.0066666666666667
 40
0.0133333333333333
 40
0.0133333333333333
 40
0.0133333333333333
 40
0.0133333333333333
 40
0.02
 40
0.02
 40
0.02
 40
0.02
 40
0.0266666666666667
 40
0.0266666666666667
 40
0.0266666666666667
 40
0.0266666666666667
 40
0.0333333333333333
 40
0.0333333333333333
 40
0.0333333333333333
 40
0.0333333333333333
 40
0.04
 40
0.04
 40
0.04
 40
0.04
 40
0.0466666666666667
 40
0.0466666666666667
 40
0.0466666666666667
 40
0.0466666666666667
 40
0.0533333333333333
 40
0.0533333333333333
 40
0.0533333333333333
 40
0.0533333333333333
 40
0.06
 40
0.06
 40
0.06
 40
0.06
 40
0.0666666666666667
 40
0.0666666666666667
 40
0.0666666666666667
 40
0.0666666666666667
 40
0.0733333333333333
 40
0.0733333333333333
 40
0.0733333333333333
 40
0.0733333333333333
 40
0.08
 40
0.08
 40
0.08
 40
0.08
 40
0.0866666666666667
 40
0.0866666666666667
 40
0.0866666666666667
 40
0.0866666666666667
 40
0.0933333333333333
 40
0.0933333333333333
 40
0.0933333333333333
 40
0.0933333333333333
 40
0.1
 40
0.1
 40
0.1
 40
0.1
 40
0.1066666666666667
 40
0.1066666666666667
 40
0.1066666666666667
 40
0.1066666666666667
 40
0.1133333333333333
 40
0.1133333333333333
 40
0.1133333333333333
 40
0.1133333333333333
 40
0.12
 40
0.12
 40
0.12
 40
0.12
 40
0.1266666666666667
 40
0.1266666666666667
 40
0.1266666666666667
 40
0.1266666666666667
 40
0.1333333333333333
 40
0.1333333333333333
 40
0.1333333333333333
 40
0.1333333333333333
 40
0.14
 40
0.14
 40
0.14
 40
0.14
 40
0.1466666666666667
 40
0.1466666666666667
 40
0.1466666666666667
 40
0.1466666666666667
 40
0.1533333333333333
 40
0.1533333333333333
 40
0.1533333333333333
 40
0.1533333333333333
 40
0.16
 40
0.16
 40
0.16
 40
0.16
 40
0.1666666666666667
 40
0.1666666666666667
 40
0.1666666666666667
 40
0.1666666666666667
 40
0.1733333333333333
 40
0.1733333333333333
 40
0.1733333333333333
 40
0.1733333333333333
 40
0.18
 40
0.18
 40
0.18
 40
0.18
 40
0.1866666666666667
 40
0.1866666666666667
 40
0.1866666666666667
 40
0.1866666666666667
 40
0.1933333333333333
 40
0.1933333333333333
 40
0.1933333333333333
 40
0.1933333333333333
 40
0.2
 40
0.2
 40
0.2
 40
0.2
 40
0.2066666666666667
 40
0.2066666666666667
 40
0.2066666666666667
 40
0.2066666666666667
 40
0.2133333333333333
 40
0.2133333333333333
 40
0.2133333333333333
 40
0.2133333333333333
 40
0.22
 40
0.22
 40
0.22
 40
0.22
 40
0.2266666666666667
 40
0.2266666666666667
 40
0.2266666666666667
 40
0.2266666666666667
 40
0.2333333333333333
 40
0.2333333333333333
 40
0.2333333333333333
 40
0.2333333333333333
 40
0.24
 40
0.24
 40
0.24
 40
0.24
 40
0.2466666666666667
 40
0.2466666666666667
 40
0.2466666666666667
 40
0.2466666666666667
 40
0.2533333333333334
 40
0.2533333333333334
 40
0.2533333333333334
 40
0.2533333333333334
 40
0.26
 40
0.26
 40
0.26
 40
0.26
 40
0.2666666666666667
 40
0.2666666666666667
 40
0.2666666666666667
 40
0.2666666666666667
 40
0.2733333333333333
 40
0.2733333333333333
 40
0.2733333333333333
 40
0.2733333333333333
 40
0.28
 40
0.28
 40
0.28
 40
0.28
 40
0.2866666666666667
 40
0.2866666666666667
 40
0.2866666666666667
 40
0.2866666666666667
 40
0.2933333333333333
 40
0.2933333333333333
 40
0.2933333333333333
 40
0.2933333333333333
 40
0.3
 40
0.3
 40
0.3
 40
0.3
 40
0.3066666666666666
 40
0.3066666666666666
 40
0.3066666666666666
 40
0.3066666666666666
 40
0.3133333333333334
 40
0.3133333333333334
 40
0.3133333333333334
 40
0.3133333333333334
 40
0.32
 40
0.32
 40
0.32
 40
0.32
 40
0.3266666666666667
 40
0.3266666666666667
 40
0.3266666666666667
 40
0.3266666666666667
 40
0.3333333333333333
 40
0.3333333333333333
 40
0.3333333333333333
 40
0.3333333333333333
 40
0.34
 40
0.34
 40
0.34
 40
0.34
 40
0.3466666666666667
 40
0.3466666666666667
 40
0.3466666666666667
 40
0.3466666666666667
 40
0.3533333333333333
 40
0.3533333333333333
 40
0.3533333333333333
 40
0.3533333333333333
 40
0.36
 40
0.36
 40
0.36
 40
0.36
 40
0.3666666666666666
 40
0.3666666666666666
 40
0.3666666666666666
 40
0.3666666666666666
 40
0.3733333333333334
 40
0.3733333333333334
 40
0.3733333333333334
 40
0.3733333333333334
 40
0.38
 40
0.38
 40
0.38
 40
0.38
 40
0.3866666666666667
 40
0.3866666666666667
 40
0.3866666666666667
 40
0.3866666666666667
 40
0.3933333333333333
 40
0.3933333333333333
 40
0.3933333333333333
 40
0.3933333333333333
 40
0.4
 40
0.4
 40
0.4
 40
0.4
 40
0.4066666666666667
 40
0.4066666666666667
 40
0.4066666666666667
 40
0.4066666666666667
 40
0.4133333333333333
 40
0.4133333333333333
 40
0.4133333333333333
 40
0.4133333333333333
 40
0.42
 40
0.42
 40
0.42
 40
0.42
 40
0.4266666666666667
 40
0.4266666666666667
 40
0.4266666666666667
 40
0.4266666666666667
 40
0.4333333333333333
 40
0.4333333333333333
 40
0.4333333333333333
 40
0.4333333333333333
 40
0.44
 40
0.44
 40
0.44
 40
0.44
 40
0.4466666666666667
 40
0.4466666666666667
 40
0.4466666666666667
 40
0.4466666666666667
 40
0.4533333333333333
 40
0.4533333333333333
 40
0.4533333333333333
 40
0.4533333333333333
 40
0.46
 40
0.46
 40
0.46
 40
0.46
 40
0.4666666666666667
 40
0.4666666666666667
 40
0.4666666666666667
 40
0.4666666666666667
 40
0.4733333333333333
 40
0.4733333333333333
 40
0.4733333333333333
 40
0.4733333333333333
 40
0.48
 40
0.48
 40
0.48
 40
0.48
 40
0.4866666666666667
 40
0.4866666666666667
 40
0.4866666666666667
 40
0.4866666666666667
 40
0.4933333333333333
 40
0.4933333333333333
 40
0.4933333333333333
 40
0.4933333333333333
 40
0.5
 40
0.5
 40
0.5
 40
0.5
 40
0.5066666666666667
 40
0.5066666666666667
 40
0.5066666666666667
 40
0.5066666666666667
 40
0.5133333333333333
 40
0.5133333333333333
 40
0.5133333333333333
 40
0.5133333333333333
 40
0.52
 40
0.52
 40
0.52
 40
0.52
 40
0.5266666666666666
 40
0.5266666666666666
 40
0.5266666666666666
 40
0.5266666666666666
 40
0.5333333333333333
 40
0.5333333333333333
 40
0.5333333333333333
 40
0.5333333333333333
 40
0.54
 40
0.54
 40
0.54
 40
0.54
 40
0.5466666666666666
 40
0.5466666666666666
 40
0.5466666666666666
 40
0.5466666666666666
 40
0.5533333333333333
 40
0.5533333333333333
 40
0.5533333333333333
 40
0.5533333333333333
 40
0.56
 40
0.56
 40
0.56
 40
0.56
 40
0.5666666666666667
 40
0.5666666666666667
 40
0.5666666666666667
 40
0.5666666666666667
 40
0.5733333333333334
 40
0.5733333333333334
 40
0.5733333333333334
 40
0.5733333333333334
 40
0.58
 40
0.58
 40
0.58
 40
0.58
 40
0.5866666666666667
 40
0.5866666666666667
 40
0.5866666666666667
 40
0.5866666666666667
 40
0.5933333333333334
 40
0.5933333333333334
 40
0.5933333333333334
 40
0.5933333333333334
 40
0.6
 40
0.6
 40
0.6
 40
0.6
 40
0.6066666666666667
 40
0.6066666666666667
 40
0.6066666666666667
 40
0.6066666666666667
 40
0.6133333333333333
 40
0.6133333333333333
 40
0.6133333333333333
 40
0.6133333333333333
 40
0.62
 40
0.62
 40
0.62
 40
0.62
 40
0.6266666666666667
 40
0.6266666666666667
 40
0.6266666666666667
 40
0.6266666666666667
 40
0.6333333333333333
 40
0.6333333333333333
 40
0.6333333333333333
 40
0.6333333333333333
 40
0.64
 40
0.64
 40
0.64
 40
0.64
 40
0.6466666666666666
 40
0.6466666666666666
 40
0.6466666666666666
 40
0.6466666666666666
 40
0.6533333333333333
 40
0.6533333333333333
 40
0.6533333333333333
 40
0.6533333333333333
 40
0.66
 40
0.66
 40
0.66
 40
0.66
 40
0.6666666666666666
 40
0.6666666666666666
 40
0.6666666666666666
 40
0.6666666666666666
 40
0.6733333333333333
 40
0.6733333333333333
 40
0.6733333333333333
 40
0.6733333333333333
 40
0.68
 40
0.68
 40
0.68
 40
0.68
 40
0.6866666666666666
 40
0.6866666666666666
 40
0.6866666666666666
 40
0.6866666666666666
 40
0.6933333333333334
 40
0.6933333333333334
 40
0.6933333333333334
 40
0.6933333333333334
 40
0.7
 40
0.7
 40
0.7
 40
0.7
 40
0.7066666666666667
 40
0.7066666666666667
 40
0.7066666666666667
 40
0.7066666666666667
 40
0.7133333333333334
 40
0.7133333333333334
 40
0.7133333333333334
 40
0.7133333333333334
 40
0.72
 40
0.72
 40
0.72
 40
0.72
 40
0.7266666666666667
 40
0.7266666666666667
 40
0.7266666666666667
 40
0.7266666666666667
 40
0.7333333333333333
 40
0.7333333333333333
 40
0.7333333333333333
 40
0.7333333333333333
 40
0.74
 40
0.74
 40
0.74
 40
0.74
 40
0.7466666666666667
 40
0.7466666666666667
 40
0.7466666666666667
 40
0.7466666666666667
 40
0.7533333333333333
 40
0.7533333333333333
 40
0.7533333333333333
 40
0.7533333333333333
 40
0.76
 40
0.76
 40
0.76
 40
0.76
 40
0.7666666666666667
 40
0.7666666666666667
 40
0.7666666666666667
 40
0.7666666666666667
 40
0.7733333333333333
 40
0.7733333333333333
 40
0.7733333333333333
 40
0.7733333333333333
 40
0.78
 40
0.78
 40
0.78
 40
0.78
 40
0.7866666666666666
 40
0.7866666666666666
 40
0.7866666666666666
 40
0.7866666666666666
 40
0.7933333333333333
 40
0.7933333333333333
 40
0.7933333333333333
 40
0.7933333333333333
 40
0.8
 40
0.8
 40
0.8
 40
0.8
 40
0.8066666666666666
 40
0.8066666666666666
 40
0.8066666666666666
 40
0.8066666666666666
 40
0.8133333333333334
 40
0.8133333333333334
 40
0.8133333333333334
 40
0.8133333333333334
 40
0.82
 40
0.82
 40
0.82
 40
0.82
 40
0.8266666666666667
 40
0.8266666666666667
 40
0.8266666666666667
 40
0.8266666666666667
 40
0.8333333333333334
 40
0.8333333333333334
 40
0.8333333333333334
 40
0.8333333333333334
 40
0.84
 40
0.84
 40
0.84
 40
0.84
 40
0.8466666666666667
 40
0.8466666666666667
 40
0.8466666666666667
 40
0.8466666666666667
 40
0.8533333333333334
 40
0.8533333333333334
 40
0.8533333333333334
 40
0.8533333333333334
 40
0.86
 40
0.86
 40
0.86
 40
0.86
 40
0.8666666666666667
 40
0.8666666666666667
 40
0.8666666666666667
 40
0.8666666666666667
 40
0.8733333333333333
 40
0.8733333333333333
 40
0.8733333333333333
 40
0.8733333333333333
 40
0.88
 40
0.88
 40
0.88
 40
0.88
 40
0.8866666666666667
 40
0.8866666666666667
 40
0.8866666666666667
 40
0.8866666666666667
 40
0.8933333333333333
 40
0.8933333333333333
 40
0.8933333333333333
 40
0.8933333333333333
 40
0.9
 40
0.9
 40
0.9
 40
0.9
 40
0.9066666666666666
 40
0.9066666666666666
 40
0.9066666666666666
 40
0.9066666666666666
 40
0.9133333333333333
 40
0.9133333333333333
 40
0.9133333333333333
 40
0.9133333333333333
 40
0.92
 40
0.92
 40
0.92
 40
0.92
 40
0.9266666666666666
 40
0.9266666666666666
 40
0.9266666666666666
 40
0.9266666666666666
 40
0.9333333333333333
 40
0.9333333333333333
 40
0.9333333333333333
 40
0.9333333333333333
 40
0.94
 40
0.94
 40
0.94
 40
0.94
 40
0.9466666666666667
 40
0.9466666666666667
 40
0.9466666666666667
 40
0.9466666666666667
 40
0.9533333333333334
 40
0.9533333333333334
 40
0.9533333333333334
 40
0.9533333333333334
 40
0.96
 40
0.96
 40
0.96
 40
0.96
 40
0.9666666666666667
 40
0.9666666666666667
 40
0.9666666666666667
 40
0.9666666666666667
 40
0.9733333333333334
 40
0.9733333333333334
 40
0.9733333333333334
 40
0.9733333333333334
 40
0.98
 40
0.98
 40
0.98
 40
0.98
 40
0.9866666666666667
 40
0.9866666666666667
 40
0.9866666666666667
 40
0.9866666666666667
 40
1.0
 40
1.0
 40
1.0
 40
1.0
 10
-0.8320866141732284
 20
4.016405511811024
 30
0.0
 10
-0.8246811023622047
 20
3.968767716535433
 30
0.0
 10
-0.9121023622047244
 20
3.805881889763779
 30
0.0
 10
-0.7056456692913385
 20
3.609511811023622
 30
0.0
 10
-0.7056456692913385
 20
3.609511811023622
 30
0.0
 10
-0.5960393700787402
 20
3.505263779527559
 30
0.0
 10
-0.5267755905511811
 20
3.48103937007874
 30
0.0
 10
-0.6530314960629922
 20
3.236948818897638
 30
0.0
 10
-0.6530314960629922
 20
3.236948818897638
 30
0.0
 10
-0.6705984251968504
 20
3.202992125984252
 30
0.0
 10
-0.7046692913385827
 20
3.152200787401575
 30
0.0
 10
-0.7144251968503937
 20
3.113594488188976
 30
0.0
 10
-0.7144251968503937
 20
3.113594488188976
 30
0.0
 10
-0.7332283464566929
 20
3.039212598425197
 30
0.0
 10
-0.670263779527559
 20
3.02015748031496
 30
0.0
 10
-0.6514763779527559
 20
2.997271653543307
 30
0.0
 10
-0.6514763779527559
 20
2.997271653543307
 30
0.0
 10
-0.6579094488188977
 20
2.962909448818898
 30
0.0
 10
-0.9095
 20
2.642708661417323
 30
0.0
 10
-0.9482874015748032
 20
2.597665354330708
 30
0.0
 10
-0.9482874015748032
 20
2.597665354330708
 30
0.0
 10
-1.187566929133858
 20
2.319803149606299
 30
0.0
 10
-1.422633858267716
 20
2.080673228346457
 30
0.0
 10
-1.696984251968504
 20
1.834814960629921
 30
0.0
 10
-1.696984251968504
 20
1.834814960629921
 30
0.0
 10
-1.950074803149606
 20
1.608007874015748
 30
0.0
 10
-2.530417322834646
 20
1.116803149606299
 30
0.0
 10
-2.722566929133858
 20
0.8802047244094489
 30
0.0
 10
-2.722566929133858
 20
0.8802047244094489
 30
0.0
 10
-2.940185039370079
 20
0.612251968503937
 30
0.0
 10
-3.108877952755905
 20
0.275511811023622
 30
0.0
 10
-3.173267716535433
 20
-0.0678346456692913
 30
0.0
 10
-3.173267716535433
 20
-0.0678346456692913
 30
0.0
 10
-3.246625984251969
 20
-0.4590157480314961
 30
0.0
 10
-3.171496062992126
 20
-0.8717913385826772
 30
0.0
 10
-2.987232283464567
 20
-1.222011811023622
 30
0.0
 10
-2.987232283464567
 20
-1.222011811023622
 30
0.0
 10
-2.975913385826772
 20
-1.24351968503937
 30
0.0
 10
-2.827082677165354
 20
-1.515456692913386
 30
0.0
 10
-2.789870078740158
 20
-1.487255905511811
 30
0.0
 10
-2.789870078740158
 20
-1.487255905511811
 30
0.0
 10
-2.774429133858268
 20
-1.475551181102362
 30
0.0
 10
-2.804106299212598
 20
-1.442330708661417
 30
0.0
 10
-2.81140157480315
 20
-1.431905511811024
 30
0.0
 10
-2.81140157480315
 20
-1.431905511811024
 30
0.0
 10
-3.090267716535433
 20
-1.03344094488189
 30
0.0
 10
-3.199488188976378
 20
-0.5035275590551181
 30
0.0
 10
-3.079007874015748
 20
-0.0298543307086614
 30
0.0
 10
-3.079007874015748
 20
-0.0298543307086614
 30
0.0
 10
-3.015992125984252
 20
0.2179133858267717
 30
0.0
 10
-2.904610236220472
 20
0.4326614173228346
 30
0.0
 10
-2.765437007874016
 20
0.6394291338582677
 30
0.0
 10
-2.765437007874016
 20
0.6394291338582677
 30
0.0
 10
-2.631307086614173
 20
0.8280472440944882
 30
0.0
 10
-2.570236220472441
 20
0.8917047244094488
 30
0.0
 10
-2.409653543307086
 20
1.0405
 30
0.0
 10
-2.409653543307086
 20
1.0405
 30
0.0
 10
-2.364724409448819
 20
1.082133858267716
 30
0.0
 10
-2.156212598425197
 20
1.26292125984252
 30
0.0
 10
-2.118275590551181
 20
1.291173228346457
 30
0.0
 10
-2.118275590551181
 20
1.291173228346457
 30
0.0
 10
-2.015720472440945
 20
1.367547244094488
 30
0.0
 10
-1.400334645669291
 20
1.911724409448819
 30
0.0
 10
-1.300677165354331
 20
2.008464566929134
 30
0.0
 10
-1.300677165354331
 20
2.008464566929134
 30
0.0
 10
-1.18996062992126
 20
2.11594094488189
 30
0.0
 10
-1.064114173228347
 20
2.232169291338583
 30
0.0
 10
-0.9552952755905512
 20
2.355547244094488
 30
0.0
 10
-0.9552952755905512
 20
2.355547244094488
 30
0.0
 10
-0.7974960629921259
 20
2.53446062992126
 30
0.0
 10
-0.6778661417322834
 20
2.667114173228347
 30
0.0
 10
-0.542
 20
2.870086614173228
 30
0.0
 10
-0.542
 20
2.870086614173228
 30
0.0
 10
-0.5302204724409448
 20
2.887685039370079
 30
0.0
 10
-0.5065236220472441
 20
2.926905511811023
 30
0.0
 10
-0.493996062992126
 20
2.938767716535433
 30
0.0
 10
-0.493996062992126
 20
2.938767716535433
 30
0.0
 10
-0.484003937007874
 20
2.938263779527559
 30
0.0
 10
-0.4709488188976378
 20
2.930291338582677
 30
0.0
 10
-0.4628818897637795
 20
2.925728346456693
 30
0.0
 10
-0.4628818897637795
 20
2.925728346456693
 30
0.0
 10
-0.4614055118110236
 20
2.870586614173228
 30
0.0
 10
-0.6333070866141732
 20
2.743795275590551
 30
0.0
 10
-0.4519055118110236
 20
2.690555118110236
 30
0.0
 10
-0.4519055118110236
 20
2.690555118110236
 30
0.0
 10
-0.414740157480315
 20
2.679645669291339
 30
0.0
 10
-0.4131102362204724
 20
2.679212598425197
 30
0.0
 10
-0.4138307086614173
 20
2.634870078740157
 30
0.0
 10
-0.4138307086614173
 20
2.634870078740157
 30
0.0
 10
-0.4151811023622047
 20
2.551503937007874
 30
0.0
 10
-0.4181850393700787
 20
2.50648031496063
 30
0.0
 10
-0.3070944881889764
 20
2.505232283464567
 30
0.0
 10
-0.3070944881889764
 20
2.505232283464567
 30
0.0
 10
-0.2919291338582677
 20
2.505062992125984
 30
0.0
 10
-0.2748503937007874
 20
2.507366141732283
 30
0.0
 10
-0.2601496062992126
 20
2.504228346456693
 30
0.0
 10
-0.2601496062992126
 20
2.504228346456693
 30
0.0
 10
-0.2470708661417323
 20
2.42134251968504
 30
0.0
 10
-0.3070748031496063
 20
2.277748031496063
 30
0.0
 10
-0.1123700787401575
 20
2.21755905511811
 30
0.0
 10
-0.1123700787401575
 20
2.21755905511811
 30
0.0
 10
-0.0628228346456693
 20
2.202244094488189
 30
0.0
 10
-0.0339488188976378
 20
2.186909448818898
 30
0.0
 10
-0.0094094488188976
 20
2.238326771653543
 30
0.0
 10
-0.0094094488188976
 20
2.238326771653543
 30
0.0
 10
0.039740157480315
 20
2.341322834645669
 30
0.0
 10
0.2769409448818898
 20
2.671279527559055
 30
0.0
 10
0.3394448818897638
 20
2.768633858267716
 30
0.0
 10
0.3394448818897638
 20
2.768633858267716
 30
0.0
 10
0.3964645669291338
 20
2.857452755905512
 30
0.0
 10
0.4360236220472441
 20
2.914342519685039
 30
0.0
 10
0.4413228346456693
 20
3.031846456692914
 30
0.0
 10
0.4413228346456693
 20
3.031846456692914
 30
0.0
 10
0.4431141732283465
 20
3.071618110236221
 30
0.0
 10
0.4686653543307087
 20
3.063653543307087
 30
0.0
 10
0.5347952755905512
 20
3.084964566929134
 30
0.0
 10
0.5347952755905512
 20
3.084964566929134
 30
0.0
 10
0.575240157480315
 20
3.097996062992126
 30
0.0
 10
0.7846181102362205
 20
3.166122047244095
 30
0.0
 10
0.8169094488188976
 20
3.170326771653543
 30
0.0
 10
0.8169094488188976
 20
3.170326771653543
 30
0.0
 10
0.8085866141732283
 20
3.086677165354331
 30
0.0
 10
0.6268385826771653
 20
2.817283464566929
 30
0.0
 10
0.5660472440944881
 20
2.746629921259843
 30
0.0
 10
0.5660472440944881
 20
2.746629921259843
 30
0.0
 10
0.5636614173228346
 20
2.772330708661417
 30
0.0
 10
0.5605669291338583
 20
2.872826771653543
 30
0.0
 10
0.5511299212598425
 20
2.892862204724409
 30
0.0
 10
0.5511299212598425
 20
2.892862204724409
 30
0.0
 10
0.5460354330708661
 20
2.903677165354331
 30
0.0
 10
0.5301535433070866
 20
2.912
 30
0.0
 10
0.5140157480314961
 20
2.911988188976378
 30
0.0
 10
0.5140157480314961
 20
2.911988188976378
 30
0.0
 10
0.4954330708661417
 20
2.888216535433071
 30
0.0
 10
0.1287165354330709
 20
2.38761811023622
 30
0.0
 10
0.1044803149606299
 20
2.343015748031496
 30
0.0
 10
0.1044803149606299
 20
2.343015748031496
 30
0.0
 10
0.0837992125984252
 20
2.304952755905512
 30
0.0
 10
0.1101929133858268
 20
2.292933070866142
 30
0.0
 10
0.1519527559055118
 20
2.306909448818898
 30
0.0
 10
0.1519527559055118
 20
2.306909448818898
 30
0.0
 10
0.2435196850393701
 20
2.337551181102362
 30
0.0
 10
0.5064094488188976
 20
2.595917322834646
 30
0.0
 10
0.514507874015748
 20
2.598787401574803
 30
0.0
 10
0.514507874015748
 20
2.598787401574803
 30
0.0
 10
0.5267283464566929
 20
2.568535433070866
 30
0.0
 10
0.5110314960629921
 20
2.490511811023622
 30
0.0
 10
0.4881417322834646
 20
2.462704724409449
 30
0.0
 10
0.4881417322834646
 20
2.462704724409449
 30
0.0
 10
0.4259409448818898
 20
2.387141732283465
 30
0.0
 10
0.3197047244094488
 20
2.291255905511811
 30
0.0
 10
0.2793582677165354
 20
2.239988188976378
 30
0.0
 10
0.2793582677165354
 20
2.239988188976378
 30
0.0
 10
0.1916692913385827
 20
2.128562992125984
 30
0.0
 10
0.086751968503937
 20
2.029464566929134
 30
0.0
 10
-0.0178464566929134
 20
1.930307086614173
 30
0.0
 10
-0.0178464566929134
 20
1.930307086614173
 30
0.0
 10
-0.1091732283464567
 20
1.843732283464567
 30
0.0
 10
-0.0398897637795276
 20
1.853472440944882
 30
0.0
 10
-0.2321929133858268
 20
1.93701968503937
 30
0.0
 10
-0.2321929133858268
 20
1.93701968503937
 30
0.0
 10
-0.2694133858267717
 20
1.953188976377953
 30
0.0
 10
-0.3220275590551181
 20
1.972984251968504
 30
0.0
 10
-0.3717716535433071
 20
1.971145669291338
 30
0.0
 10
-0.3717716535433071
 20
1.971145669291338
 30
0.0
 10
-0.5024566929133858
 20
1.966311023622047
 30
0.0
 10
-0.7119606299212599
 20
1.796456692913386
 30
0.0
 10
-0.8194724409448819
 20
1.725858267716535
 30
0.0
 10
-0.8194724409448819
 20
1.725858267716535
 30
0.0
 10
-0.986763779527559
 20
1.616015748031496
 30
0.0
 10
-0.9753622047244095
 20
1.542834645669291
 30
0.0
 10
-0.9665905511811024
 20
1.35651968503937
 30
0.0
 10
-0.9665905511811024
 20
1.35651968503937
 30
0.0
 10
-0.9621732283464567
 20
1.262692913385827
 30
0.0
 10
-0.9553976377952756
 20
1.166543307086614
 30
0.0
 10
-0.9488307086614173
 20
1.072543307086614
 30
0.0
 10
-0.9488307086614173
 20
1.072543307086614
 30
0.0
 10
-0.9476692913385827
 20
1.05596062992126
 30
0.0
 10
-0.9429566929133858
 20
1.049625984251968
 30
0.0
 10
-0.9548976377952756
 20
1.039716535433071
 30
0.0
 10
-0.9548976377952756
 20
1.039716535433071
 30
0.0
 10
-0.9548976377952756
 20
1.039716535433071
 30
0.0
 10
-1.239562992125984
 20
0.8050629921259842
 30
0.0
 10
-1.239562992125984
 20
0.8050629921259842
 30
0.0
 10
-1.239562992125984
 20
0.8050629921259842
 30
0.0
 10
-1.374779527559055
 20
0.6956692913385827
 30
0.0
 10
-1.516377952755906
 20
0.6105984251968504
 30
0.0
 10
-1.544964566929134
 20
0.4153543307086614
 30
0.0
 10
-1.544964566929134
 20
0.4153543307086614
 30
0.0
 10
-1.557834645669291
 20
0.3274488188976378
 30
0.0
 10
-1.548326771653543
 20
0.1712677165354331
 30
0.0
 10
-1.533188976377953
 20
0.0869370078740157
 30
0.0
 10
-1.533188976377953
 20
0.0869370078740157
 30
0.0
 10
-1.503208661417323
 20
-0.0800826771653543
 30
0.0
 10
-1.383200787401575
 20
-0.2140275590551181
 30
0.0
 10
-1.215488188976378
 20
-0.247011811023622
 30
0.0
 10
-1.215488188976378
 20
-0.247011811023622
 30
0.0
 10
-1.202397637795276
 20
-0.2495866141732283
 30
0.0
 10
-1.189968503937008
 20
-0.2498740157480315
 30
0.0
 10
-1.177885826771653
 20
-0.2531141732283465
 30
0.0
 10
-1.177885826771653
 20
-0.2531141732283465
 30
0.0
 10
-1.178716535433071
 20
-0.2602755905511811
 30
0.0
 10
-1.239748031496063
 20
-0.4212283464566929
 30
0.0
 10
-1.245547244094488
 20
-0.4377874015748032
 30
0.0
 10
-1.245547244094488
 20
-0.4377874015748032
 30
0.0
 10
-1.330866141732284
 20
-0.6835905511811023
 30
0.0
 10
-1.413122047244094
 20
-0.8991968503937008
 30
0.0
 10
-1.3565
 20
-1.176511811023622
 30
0.0
 10
-1.3565
 20
-1.176511811023622
 30
0.0
 10
-1.336472440944882
 20
-1.274610236220473
 30
0.0
 10
-1.297944881889764
 20
-1.379153543307087
 30
0.0
 10
-1.274279527559055
 20
-1.475283464566929
 30
0.0
 10
-1.274279527559055
 20
-1.475283464566929
 30
0.0
 10
-1.256275590551181
 20
-1.548413385826772
 30
0.0
 10
-1.209263779527559
 20
-1.818192913385827
 30
0.0
 10
-1.110177165354331
 20
-1.822051181102362
 30
0.0
 10
-1.110177165354331
 20
-1.822051181102362
 30
0.0
 10
-1.076952755905512
 20
-1.771744094488189
 30
0.0
 10
-1.087570866141732
 20
-1.319311023622047
 30
0.0
 10
-0.9036889763779528
 20
-1.053779527559055
 30
0.0
 10
-0.9036889763779528
 20
-1.053779527559055
 30
0.0
 10
-0.8917716535433071
 20
-1.036574803149606
 30
0.0
 10
-0.8547086614173228
 20
-0.993976377952756
 30
0.0
 10
-0.8323543307086614
 20
-0.9874212598425197
 30
0.0
 10
-0.8323543307086614
 20
-0.9874212598425197
 30
0.0
 10
-0.8293425196850394
 20
-1.031870078740158
 30
0.0
 10
-0.8354921259842519
 20
-1.109185039370079
 30
0.0
 10
-0.8357086614173228
 20
-1.159066929133858
 30
0.0
 10
-0.8357086614173228
 20
-1.159066929133858
 30
0.0
 10
-0.8367834645669291
 20
-1.405976377952756
 30
0.0
 10
-0.8593425196850394
 20
-2.127700787401575
 30
0.0
 10
-0.8429448818897638
 20
-2.312972440944882
 30
0.0
 10
-0.8429448818897638
 20
-2.312972440944882
 30
0.0
 10
-0.840751968503937
 20
-2.337748031496063
 30
0.0
 10
-0.8390708661417323
 20
-2.374086614173228
 30
0.0
 10
-0.8408425196850394
 20
-2.400031496062992
 30
0.0
 10
-0.8408425196850394
 20
-2.400031496062992
 30
0.0
 10
-0.8970826771653543
 20
-2.378165354330709
 30
0.0
 10
-0.9587795275590552
 20
-2.334496062992126
 30
0.0
 10
-0.9528700787401575
 20
-2.437468503937008
 30
0.0
 10
-0.9528700787401575
 20
-2.437468503937008
 30
0.0
 10
-0.9478937007874015
 20
-2.524094488188976
 30
0.0
 10
-0.8618464566929134
 20
-2.691232283464567
 30
0.0
 10
-0.8439724409448819
 20
-2.698192913385827
 30
0.0
 10
-0.8439724409448819
 20
-2.698192913385827
 30
0.0
 10
-0.829255905511811
 20
-2.703925196850394
 30
0.0
 10
-0.8055354330708662
 20
-2.699161417322835
 30
0.0
 10
-0.8002874015748032
 20
-2.689614173228347
 30
0.0
 10
-0.8002874015748032
 20
-2.689614173228347
 30
0.0
 10
-0.7944409448818898
 20
-2.678984251968504
 30
0.0
 10
-0.7860551181102362
 20
-2.52146062992126
 30
0.0
 10
-0.7835314960629921
 20
-2.49390157480315
 30
0.0
 10
-0.7835314960629921
 20
-2.49390157480315
 30
0.0
 10
-0.7285866141732283
 20
-2.493964566929134
 30
0.0
 10
-0.7324409448818897
 20
-2.74398031496063
 30
0.0
 10
-0.7310275590551181
 20
-2.783724409448819
 30
0.0
 10
-0.7310275590551181
 20
-2.783724409448819
 30
0.0
 10
-0.7241338582677166
 20
-2.977818897637795
 30
0.0
 10
-0.7083425196850394
 20
-3.540224409448819
 30
0.0
 10
-0.6789409448818897
 20
-3.717834645669291
 30
0.0
 10
-0.6789409448818897
 20
-3.717834645669291
 30
0.0
 10
-0.6766023622047244
 20
-3.731937007874016
 30
0.0
 10
-0.6734842519685039
 20
-3.738645669291339
 30
0.0
 10
-0.6732480314960629
 20
-3.753763779527559
 30
0.0
 10
-0.6732480314960629
 20
-3.753763779527559
 30
0.0
 10
-0.7397913385826772
 20
-3.704220472440945
 30
0.0
 10
-0.8922755905511811
 20
-3.347098425196851
 30
0.0
 10
-0.9272992125984252
 20
-3.265905511811024
 30
0.0
 10
-0.9272992125984252
 20
-3.265905511811024
 30
0.0
 10
-0.9928976377952756
 20
-3.113826771653543
 30
0.0
 10
-1.037
 20
-2.944956692913386
 30
0.0
 10
-1.061759842519685
 20
-2.779877952755906
 30
0.0
 10
-1.061759842519685
 20
-2.779877952755906
 30
0.0
 10
-1.067586614173228
 20
-2.741031496062992
 30
0.0
 10
-1.102303149606299
 20
-2.66051968503937
 30
0.0
 10
-1.145696850393701
 20
-2.683464566929134
 30
0.0
 10
-1.145696850393701
 20
-2.683464566929134
 30
0.0
 10
-1.193472440944882
 20
-2.708724409448819
 30
0.0
 10
-1.208523622047244
 20
-2.733153543307087
 30
0.0
 10
-1.232562992125984
 20
-2.783909448818898
 30
0.0
 10
-1.232562992125984
 20
-2.783909448818898
 30
0.0
 10
-1.342779527559055
 20
-3.016602362204724
 30
0.0
 10
-1.440177165354331
 20
-3.244062992125984
 30
0.0
 10
-1.518220472440945
 20
-3.492968503937008
 30
0.0
 10
-1.518220472440945
 20
-3.492968503937008
 30
0.0
 10
-1.609007874015748
 20
-3.782515748031496
 30
0.0
 10
-1.537468503937008
 20
-3.933129921259843
 30
0.0
 10
-1.411929133858268
 20
-4.179228346456693
 30
0.0
 10
-1.411929133858268
 20
-4.179228346456693
 30
0.0
 10
-1.209149606299213
 20
-4.576744094488189
 30
0.0
 10
-0.9191535433070867
 20
-4.923433070866142
 30
0.0
 10
-0.6001535433070866
 20
-5.232322834645669
 30
0.0
 10
-0.6001535433070866
 20
-5.232322834645669
 30
0.0
 10
-0.5575905511811023
 20
-5.273535433070866
 30
0.0
 10
-0.5171338582677165
 20
-5.314625984251968
 30
0.0
 10
-0.4724173228346457
 20
-5.353913385826772
 30
0.0
 10
-0.4724173228346457
 20
-5.353913385826772
 30
0.0
 10
-0.3949881889763779
 20
-5.421937007874016
 30
0.0
 10
-0.3325708661417323
 20
-5.48690157480315
 30
0.0
 10
-0.2274212598425197
 20
-5.404405511811023
 30
0.0
 10
-0.2274212598425197
 20
-5.404405511811023
 30
0.0
 10
-0.1201574803149606
 20
-5.320244094488189
 30
0.0
 10
-0.2309133858267716
 20
-5.146854330708662
 30
0.0
 10
-0.2761062992125984
 20
-4.987314960629921
 30
0.0
 10
-0.2761062992125984
 20
-4.987314960629921
 30
0.0
 10
-0.2891496062992126
 20
-4.941271653543307
 30
0.0
 10
-0.3044409448818898
 20
-4.892007874015748
 30
0.0
 10
-0.3222007874015748
 20
-4.846307086614173
 30
0.0
 10
-0.3222007874015748
 20
-4.846307086614173
 30
0.0
 10
-0.3767795275590551
 20
-4.705858267716535
 30
0.0
 10
-0.4824645669291339
 20
-4.306102362204724
 30
0.0
 10
-0.5102047244094489
 20
-4.162149606299213
 30
0.0
 10
-0.5102047244094489
 20
-4.162149606299213
 30
0.0
 10
-0.5236968503937008
 20
-4.09211811023622
 30
0.0
 10
-0.5402795275590552
 20
-4.02365748031496
 30
0.0
 10
-0.550511811023622
 20
-3.953807086614173
 30
0.0
 10
-0.550511811023622
 20
-3.953807086614173
 30
0.0
 10
-0.5281181102362205
 20
-3.941527559055118
 30
0.0
 10
-0.5070472440944882
 20
-3.945787401574803
 30
0.0
 10
-0.4490826771653543
 20
-3.901972440944882
 30
0.0
 10
-0.4490826771653543
 20
-3.901972440944882
 30
0.0
 10
-0.361496062992126
 20
-3.835759842519685
 30
0.0
 10
-0.2160866141732284
 20
-3.579551181102362
 30
0.0
 10
-0.1468818897637795
 20
-3.467606299212598
 30
0.0
 10
-0.1468818897637795
 20
-3.467606299212598
 30
0.0
 10
0.0185433070866142
 20
-3.20001968503937
 30
0.0
 10
0.1894094488188976
 20
-2.93244094488189
 30
0.0
 10
0.4023188976377953
 20
-2.699244094488189
 30
0.0
 10
0.4023188976377953
 20
-2.699244094488189
 30
0.0
 10
0.4023188976377953
 20
-2.699244094488189
 30
0.0
 10
0.5361732283464566
 20
-2.560984251968504
 30
0.0
 10
0.5361732283464566
 20
-2.560984251968504
 30
0.0
 10
0.5361732283464566
 20
-2.560984251968504
 30
0.0
 10
0.4816574803149606
 20
-2.8985
 30
0.0
 10
0.4554055118110236
 20
-3.007661417322835
 30
0.0
 10
0.4633464566929134
 20
-3.365318897637795
 30
0.0
 10
0.4633464566929134
 20
-3.365318897637795
 30
0.0
 10
0.4681692913385827
 20
-3.58251968503937
 30
0.0
 10
0.5307677165354331
 20
-3.929897637795276
 30
0.0
 10
0.5992952755905512
 20
-4.152763779527559
 30
0.0
 10
0.5992952755905512
 20
-4.152763779527559
 30
0.0
 10
0.6375590551181103
 20
-4.27721653543307
 30
0.0
 10
0.6827874015748031
 20
-4.407165354330709
 30
0.0
 10
0.8403464566929134
 20
-4.389413385826772
 30
0.0
 10
0.8403464566929134
 20
-4.389413385826772
 30
0.0
 10
0.941248031496063
 20
-4.378047244094488
 30
0.0
 10
1.004877952755906
 20
-4.268755905511811
 30
0.0
 10
1.079925196850394
 20
-4.21242125984252
 30
0.0
 10
1.079925196850394
 20
-4.21242125984252
 30
0.0
 10
1.127472440944882
 20
-4.176732283464567
 30
0.0
 10
1.173374015748031
 20
-4.129602362204724
 30
0.0
 10
1.23694094488189
 20
-4.083283464566929
 30
0.0
 10
1.23694094488189
 20
-4.083283464566929
 30
0.0
 10
1.367767716535433
 20
-3.987948818897638
 30
0.0
 10
1.457043307086614
 20
-3.923523622047244
 30
0.0
 10
1.601307086614173
 20
-3.843303149606299
 30
0.0
 10
1.601307086614173
 20
-3.843303149606299
 30
0.0
 10
1.727913385826772
 20
-3.77290157480315
 30
0.0
 10
1.854925196850394
 20
-3.709866141732284
 30
0.0
 10
1.793279527559055
 20
-3.527007874015748
 30
0.0
 10
1.793279527559055
 20
-3.527007874015748
 30
0.0
 10
1.779968503937008
 20
-3.487515748031496
 30
0.0
 10
1.614905511811024
 20
-3.138515748031496
 30
0.0
 10
1.611326771653543
 20
-3.118385826771653
 30
0.0
 10
1.611326771653543
 20
-3.118385826771653
 30
0.0
 10
1.616086614173228
 20
-3.115641732283465
 30
0.0
 10
1.679311023622047
 20
-3.096775590551181
 30
0.0
 10
1.699614173228347
 20
-3.087606299212598
 30
0.0
 10
1.699614173228347
 20
-3.087606299212598
 30
0.0
 10
1.933586614173228
 20
-2.981976377952756
 30
0.0
 10
2.950893700787402
 20
-2.450822834645669
 30
0.0
 10
3.097169291338583
 20
-2.317944881889764
 30
0.0
 10
3.097169291338583
 20
-2.317944881889764
 30
0.0
 10
3.237185039370079
 20
-2.190748031496063
 30
0.0
 10
3.196551181102362
 20
-1.99707874015748
 30
0.0
 10
3.192582677165354
 20
-1.828330708661417
 30
0.0
 10
3.192582677165354
 20
-1.828330708661417
 30
0.0
 10
3.183023622047244
 20
-1.422051181102362
 30
0.0
 10
3.098984251968504
 20
-0.6732047244094488
 30
0.0
 10
3.054688976377953
 20
-0.2812244094488189
 30
0.0
 10
3.054688976377953
 20
-0.2812244094488189
 30
0.0
 10
3.041956692913386
 20
-0.1685629921259842
 30
0.0
 10
2.979232283464567
 20
0.3052283464566929
 30
0.0
 10
3.00644094488189
 20
0.3834488188976378
 30
0.0
 10
3.00644094488189
 20
0.3834488188976378
 30
0.0
 10
3.032350393700787
 20
0.4579370078740158
 30
0.0
 10
3.045283464566929
 20
0.493492125984252
 30
0.0
 10
3.053338582677165
 20
0.5765944881889764
 30
0.0
 10
3.053338582677165
 20
0.5765944881889764
 30
0.0
 10
3.063874015748032
 20
0.685248031496063
 30
0.0
 10
3.050937007874016
 20
1.029850393700787
 30
0.0
 10
3.028811023622047
 20
1.153881889763779
 30
0.0
 10
3.028811023622047
 20
1.153881889763779
 30
0.0
 10
2.999968503937008
 20
1.315566929133858
 30
0.0
 10
2.919181102362205
 20
1.531885826771654
 30
0.0
 10
2.812169291338583
 20
1.662405511811024
 30
0.0
 10
2.812169291338583
 20
1.662405511811024
 30
0.0
 10
2.689185039370079
 20
1.812409448818898
 30
0.0
 10
2.535106299212599
 20
1.803173228346457
 30
0.0
 10
2.351511811023622
 20
1.805102362204724
 30
0.0
 10
2.351511811023622
 20
1.805102362204724
 30
0.0
 10
2.327295275590551
 20
1.805358267716535
 30
0.0
 10
2.120145669291339
 20
1.805618110236221
 30
0.0
 10
2.115311023622047
 20
1.810047244094488
 30
0.0
 10
2.115311023622047
 20
1.810047244094488
 30
0.0
 10
2.110224409448819
 20
1.814775590551181
 30
0.0
 10
2.113374015748032
 20
1.81311811023622
 30
0.0
 10
2.110610236220472
 20
1.821271653543307
 30
0.0
 10
2.110610236220472
 20
1.821271653543307
 30
0.0
 10
2.095846456692914
 20
1.86488188976378
 30
0.0
 10
1.948629921259843
 20
1.953732283464567
 30
0.0
 10
1.905799212598425
 20
1.992996062992126
 30
0.0
 10
1.905799212598425
 20
1.992996062992126
 30
0.0
 10
1.831846456692913
 20
2.060791338582677
 30
0.0
 10
1.70086220472441
 20
2.150728346456693
 30
0.0
 10
1.610216535433071
 20
2.22148031496063
 30
0.0
 10
1.610216535433071
 20
2.22148031496063
 30
0.0
 10
1.514547244094488
 20
2.296149606299212
 30
0.0
 10
1.471208661417323
 20
2.365586614173228
 30
0.0
 10
1.454712598425197
 20
2.489720472440945
 30
0.0
 10
1.454712598425197
 20
2.489720472440945
 30
0.0
 10
1.448251968503937
 20
2.538330708661417
 30
0.0
 10
1.429102362204724
 20
2.636307086614173
 30
0.0
 10
1.418311023622047
 20
2.684255905511811
 30
0.0
 10
1.418311023622047
 20
2.684255905511811
 30
0.0
 10
1.396783464566929
 20
2.779897637795276
 30
0.0
 10
1.347602362204724
 20
3.041338582677165
 30
0.0
 10
1.353551181102362
 20
3.143614173228346
 30
0.0
 10
1.353551181102362
 20
3.143614173228346
 30
0.0
 10
1.360425196850394
 20
3.12851968503937
 30
0.0
 10
1.486830708661417
 20
2.99790157480315
 30
0.0
 10
1.582307086614173
 20
2.719692913385827
 30
0.0
 10
1.582307086614173
 20
2.719692913385827
 30
0.0
 10
1.610488188976378
 20
2.637570866141732
 30
0.0
 10
1.630633858267716
 20
2.545169291338583
 30
0.0
 10
1.64653937007874
 20
2.456665354330709
 30
0.0
 10
1.64653937007874
 20
2.456665354330709
 30
0.0
 10
1.653779527559055
 20
2.416377952755906
 30
0.0
 10
1.650433070866142
 20
2.352614173228346
 30
0.0
 10
1.677610236220472
 20
2.351842519685039
 30
0.0
 10
1.677610236220472
 20
2.351842519685039
 30
0.0
 10
1.700728346456693
 20
2.351188976377953
 30
0.0
 10
1.693523622047244
 20
2.382062992125984
 30
0.0
 10
1.692842519685039
 20
2.422681102362205
 30
0.0
 10
1.692842519685039
 20
2.422681102362205
 30
0.0
 10
1.69001968503937
 20
2.591043307086614
 30
0.0
 10
1.65555905511811
 20
2.765314960629921
 30
0.0
 10
1.653086614173228
 20
2.932681102362205
 30
0.0
 10
1.653086614173228
 20
2.932681102362205
 30
0.0
 10
1.650992125984252
 20
3.074263779527559
 30
0.0
 10
1.520122047244094
 20
3.918850393700787
 30
0.0
 10
1.325102362204724
 20
3.772192913385827
 30
0.0
 10
1.325102362204724
 20
3.772192913385827
 30
0.0
 10
1.302114173228347
 20
3.75490157480315
 30
0.0
 10
1.296700787401575
 20
3.72992125984252
 30
0.0
 10
1.294417322834646
 20
3.691933070866142
 30
0.0
 10
1.294417322834646
 20
3.691933070866142
 30
0.0
 10
1.28811811023622
 20
3.587102362204724
 30
0.0
 10
1.282610236220473
 20
3.477224409448819
 30
0.0
 10
1.287877952755905
 20
3.371295275590551
 30
0.0
 10
1.287877952755905
 20
3.371295275590551
 30
0.0
 10
1.289476377952756
 20
3.339220472440945
 30
0.0
 10
1.29248031496063
 20
3.297751968503937
 30
0.0
 10
1.291303149606299
 20
3.266066929133858
 30
0.0
 10
1.291303149606299
 20
3.266066929133858
 30
0.0
 10
1.057854330708661
 20
3.529669291338583
 30
0.0
 10
1.101086614173228
 20
3.318594488188976
 30
0.0
 10
1.148968503937008
 20
3.614468503937008
 30
0.0
 10
1.148968503937008
 20
3.614468503937008
 30
0.0
 10
1.157976377952756
 20
3.670133858267716
 30
0.0
 10
1.171043307086614
 20
3.726196850393701
 30
0.0
 10
1.161972440944882
 20
3.78546062992126
 30
0.0
 10
1.161972440944882
 20
3.78546062992126
 30
0.0
 10
1.110196850393701
 20
3.785342519685039
 30
0.0
 10
1.034287401574803
 20
3.746027559055118
 30
0.0
 10
1.014925196850394
 20
3.71753937007874
 30
0.0
 10
1.014925196850394
 20
3.71753937007874
 30
0.0
 10
0.9886220472440945
 20
3.678834645669292
 30
0.0
 10
1.010783464566929
 20
3.548417322834646
 30
0.0
 10
0.9938858267716535
 20
3.526448818897638
 30
0.0
 10
0.9938858267716535
 20
3.526448818897638
 30
0.0
 10
0.9883858267716535
 20
3.519303149606299
 30
0.0
 10
0.8775236220472441
 20
3.590350393700787
 30
0.0
 10
0.8521929133858268
 20
3.605145669291339
 30
0.0
 10
0.8521929133858268
 20
3.605145669291339
 30
0.0
 10
0.7858937007874016
 20
3.643870078740158
 30
0.0
 10
0.7086338582677165
 20
3.668602362204724
 30
0.0
 10
0.6372007874015748
 20
3.695055118110236
 30
0.0
 10
0.6372007874015748
 20
3.695055118110236
 30
0.0
 10
0.618271653543307
 20
3.702062992125984
 30
0.0
 10
0.5956062992125984
 20
3.703346456692914
 30
0.0
 10
0.5762677165354331
 20
3.709803149606299
 30
0.0
 10
0.5762677165354331
 20
3.709803149606299
 30
0.0
 10
0.5704212598425197
 20
3.774413385826771
 30
0.0
 10
0.6213700787401575
 20
3.874751968503937
 30
0.0
 10
0.5578464566929134
 20
4.034893700787402
 30
0.0
 10
0.5578464566929134
 20
4.034893700787402
 30
0.0
 10
0.5221456692913385
 20
4.124901574803149
 30
0.0
 10
0.4824448818897638
 20
4.207311023622047
 30
0.0
 10
0.3858818897637795
 20
4.235224409448819
 30
0.0
 10
0.3858818897637795
 20
4.235224409448819
 30
0.0
 10
0.2844645669291339
 20
4.26453937007874
 30
0.0
 10
0.1963110236220472
 20
4.182405511811024
 30
0.0
 10
0.1611692913385827
 20
4.095791338582677
 30
0.0
 10
0.1611692913385827
 20
4.095791338582677
 30
0.0
 10
0.1146692913385827
 20
3.981181102362205
 30
0.0
 10
0.2022952755905512
 20
3.87240157480315
 30
0.0
 10
0.2143188976377953
 20
3.803251968503937
 30
0.0
 10
0.2143188976377953
 20
3.803251968503937
 30
0.0
 10
0.1832992125984252
 20
3.805881889763779
 30
0.0
 10
-0.0605866141732283
 20
3.844948818897638
 30
0.0
 10
-0.0960314960629921
 20
3.850043307086614
 30
0.0
 10
-0.0960314960629921
 20
3.850043307086614
 30
0.0
 10
-0.0978700787401575
 20
3.884354330708661
 30
0.0
 10
-0.0142834645669291
 20
4.187649606299213
 30
0.0
 10
-0.050759842519685
 20
4.545413385826771
 30
0.0
 10
-0.050759842519685
 20
4.545413385826771
 30
0.0
 10
-0.0622637795275591
 20
4.658236220472441
 30
0.0
 10
-0.0734527559055118
 20
4.881728346456693
 30
0.0
 10
-0.127
 20
4.977078740157481
 30
0.0
 10
-0.127
 20
4.977078740157481
 30
0.0
 10
-0.1357165354330709
 20
4.992602362204725
 30
0.0
 10
-0.1603503937007874
 20
5.017003937007874
 30
0.0
 10
-0.1632244094488189
 20
5.02582283464567
 30
0.0
 10
-0.1632244094488189
 20
5.02582283464567
 30
0.0
 10
-0.1433818897637795
 20
5.044484251968504
 30
0.0
 10
0.1142755905511811
 20
5.128173228346457
 30
0.0
 10
0.1506259842519685
 20
5.14
 30
0.0
 10
0.1506259842519685
 20
5.14
 30
0.0
 10
0.3426023622047244
 20
5.202448818897638
 30
0.0
 10
0.9017165354330708
 20
5.32396062992126
 30
0.0
 10
1.119704724409449
 20
5.254370078740157
 30
0.0
 10
1.119704724409449
 20
5.254370078740157
 30
0.0
 10
1.246696850393701
 20
5.213830708661417
 30
0.0
 10
1.357751968503937
 20
5.164850393700787
 30
0.0
 10
1.446476377952756
 20
5.062437007874016
 30
0.0
 10
1.446476377952756
 20
5.062437007874016
 30
0.0
 10
1.601062992125984
 20
4.884003937007874
 30
0.0
 10
1.666468503937008
 20
4.71251968503937
 30
0.0
 10
1.740342519685039
 20
4.493196850393701
 30
0.0
 10
1.740342519685039
 20
4.493196850393701
 30
0.0
 10
1.888984251968504
 20
4.051893700787401
 30
0.0
 10
1.926086614173228
 20
3.585011811023622
 30
0.0
 10
1.921133858267716
 20
3.119582677165354
 30
0.0
 10
1.921133858267716
 20
3.119582677165354
 30
0.0
 10
1.918314960629921
 20
2.854913385826772
 30
0.0
 10
1.900074803149606
 20
2.565799212598425
 30
0.0
 10
1.869952755905512
 20
2.306110236220472
 30
0.0
 10
1.869952755905512
 20
2.306110236220472
 30
0.0
 10
1.864767716535433
 20
2.261409448818898
 30
0.0
 10
1.855484251968504
 20
2.188476377952756
 30
0.0
 10
1.857527559055118
 20
2.14548031496063
 30
0.0
 10
1.857527559055118
 20
2.14548031496063
 30
0.0
 10
1.864476377952756
 20
2.141507874015748
 30
0.0
 10
1.87138188976378
 20
2.13715748031496
 30
0.0
 10
1.880720472440945
 20
2.13598031496063
 30
0.0
 10
1.880720472440945
 20
2.13598031496063
 30
0.0
 10
1.902389763779528
 20
2.163728346456693
 30
0.0
 10
1.962822834645669
 20
2.630696850393701
 30
0.0
 10
1.974326771653543
 20
2.71713779527559
 30
0.0
 10
1.974326771653543
 20
2.71713779527559
 30
0.0
 10
1.998629921259843
 20
2.899759842519685
 30
0.0
 10
2.033118110236221
 20
3.418090551181102
 30
0.0
 10
2.016818897637795
 20
3.61948031496063
 30
0.0
 10
2.016818897637795
 20
3.61948031496063
 30
0.0
 10
2.013448818897638
 20
3.661125984251969
 30
0.0
 10
2.012799212598425
 20
3.705964566929134
 30
0.0
 10
2.010968503937008
 20
3.747220472440945
 30
0.0
 10
2.010968503937008
 20
3.747220472440945
 30
0.0
 10
1.994472440944882
 20
4.119413385826772
 30
0.0
 10
1.876157480314961
 20
4.703255905511811
 30
0.0
 10
1.667531496062992
 20
5.024720472440944
 30
0.0
 10
1.667531496062992
 20
5.024720472440944
 30
0.0
 10
1.53996062992126
 20
5.221283464566929
 30
0.0
 10
1.376566929133858
 20
5.359137795275591
 30
0.0
 10
1.145874015748032
 20
5.415692913385826
 30
0.0
 10
1.145874015748032
 20
5.415692913385826
 30
0.0
 10
0.8966653543307087
 20
5.476783464566929
 30
0.0
 10
0.6386811023622048
 20
5.422047244094488
 30
0.0
 10
0.3899763779527559
 20
5.383803149606299
 30
0.0
 10
0.3899763779527559
 20
5.383803149606299
 30
0.0
 10
0.0442165354330709
 20
5.330637795275591
 30
0.0
 10
-0.4812637795275591
 20
5.103503937007874
 30
0.0
 10
-0.7654685039370078
 20
4.918933070866141
 30
0.0
 10
-0.7654685039370078
 20
4.918933070866141
 30
0.0
 10
-0.8977204724409449
 20
4.83303937007874
 30
0.0
 10
-1.145299212598425
 20
4.693122047244095
 30
0.0
 10
-1.237003937007874
 20
4.580334645669291
 30
0.0
 10
-1.237003937007874
 20
4.580334645669291
 30
0.0
 10
-1.421405511811024
 20
4.353547244094488
 30
0.0
 10
-1.10857874015748
 20
4.155763779527559
 30
0.0
 10
-0.9220157480314961
 20
4.062086614173229
 30
0.0
 10
-0.9220157480314961
 20
4.062086614173229
 30
0.0
 10
-0.8933267716535434
 20
4.047681102362205
 30
0.0
 10
-0.8591259842519685
 20
4.032972440944881
 30
0.0
 10
-0.8320866141732284
 20
4.016405511811024
 30
0.0
  0
SPLINE
  5
71
330
1F
100
AcDbEntity
  8
Layer 1
370
     9
100
AcDbSpline
210
0.0
220
0.0
230
1.0
 70
    11
 71
     3
 72
    28
 73
    24
 74
     0
 42
0.000000001
 43
0.0000000001
 40
0.0
 40
0.0
 40
0.0
 40
0.0
 40
0.1428571428571428
 40
0.1428571428571428
 40
0.1428571428571428
 40
0.1428571428571428
 40
0.2857142857142857
 40
0.2857142857142857
 40
0.2857142857142857
 40
0.2857142857142857
 40
0.4285714285714285
 40
0.4285714285714285
 40
0.4285714285714285
 40
0.4285714285714285
 40
0.5714285714285714
 40
0.5714285714285714
 40
0.5714285714285714
 40
0.5714285714285714
 40
0.7142857142857143
 40
0.7142857142857143
 40
0.7142857142857143
 40
0.7142857142857143
 40
1.0
 40
1.0
 40
1.0
 40
1.0
 10
-0.8225433070866142
 20
4.105799212598425
 30
0.0
 10
-0.9054724409448819
 20
4.132818897637796
 30
0.0
 10
-1.043618110236221
 20
4.314429133858268
 30
0.0
 10
-1.090976377952756
 20
4.375610236220473
 30
0.0
 10
-1.090976377952756
 20
4.375610236220473
 30
0.0
 10
-1.146685039370079
 20
4.447574803149607
 30
0.0
 10
-1.102807086614173
 20
4.463988188976378
 30
0.0
 10
-0.9836929133858268
 20
4.55298031496063
 30
0.0
 10
-0.9836929133858268
 20
4.55298031496063
 30
0.0
 10
-0.8675866141732284
 20
4.639724409448819
 30
0.0
 10
-0.7490472440944882
 20
4.706452755905512
 30
0.0
 10
-0.6298031496062992
 20
4.785263779527559
 30
0.0
 10
-0.6298031496062992
 20
4.785263779527559
 30
0.0
 10
-0.6080984251968504
 20
4.799606299212599
 30
0.0
 10
-0.5989015748031496
 20
4.811897637795275
 30
0.0
 10
-0.5738897637795276
 20
4.823476377952756
 30
0.0
 10
-0.5738897637795276
 20
4.823476377952756
 30
0.0
 10
-0.5743464566929134
 20
4.820944881889764
 30
0.0
 10
-0.65
 20
4.692657480314961
 30
0.0
 10
-0.6603937007874016
 20
4.670397637795276
 30
0.0
 10
-0.6603937007874016
 20
4.670397637795276
 30
0.0
 10
-0.7911653543307087
 20
4.390299212598425
 30
0.0
 10
-0.8077244094488188
 20
4.142196850393701
 30
0.0
 10
-0.8225433070866142
 20
4.105799212598425
 30
0.0
  0
SPLINE
  5
72
330
1F
100
AcDbEntity
  8
Layer 1
370
     9
100
AcDbSpline
210
0.0
220
0.0
230
1.0
 70
    11
 71
     3
 72
    32
 73
    28
 74
     0
 42
0.000000001
 43
0.0000000001
 40
0.0
 40
0.0
 40
0.0
 40
0.0
 40
0.125
 40
0.125
 40
0.125
 40
0.125
 40
0.25
 40
0.25
 40
0.25
 40
0.25
 40
0.375
 40
0.375
 40
0.375
 40
0.375
 40
0.5
 40
0.5
 40
0.5
 40
0.5
 40
0.625
 40
0.625
 40
0.625
 40
0.625
 40
0.75
 40
0.75
 40
0.75
 40
0.75
 40
1.0
 40
1.0
 40
1.0
 40
1.0
 10
-0.7628503937007874
 20
4.073468503937008
 30
0.0
 10
-0.7619685039370079
 20
4.119905511811024
 30
0.0
 10
-0.6972874015748032
 20
4.274263779527559
 30
0.0
 10
-0.6780433070866142
 20
4.312362204724409
 30
0.0
 10
-0.6780433070866142
 20
4.312362204724409
 30
0.0
 10
-0.5870590551181102
 20
4.492492125984252
 30
0.0
 10
-0.4716850393700787
 20
4.669429133858268
 30
0.0
 10
-0.3386732283464567
 20
4.822098425196851
 30
0.0
 10
-0.3386732283464567
 20
4.822098425196851
 30
0.0
 10
-0.3258700787401575
 20
4.835917322834645
 30
0.0
 10
-0.2902165354330709
 20
4.874700787401575
 30
0.0
 10
-0.2799566929133858
 20
4.882047244094488
 30
0.0
 10
-0.2799566929133858
 20
4.882047244094488
 30
0.0
 10
-0.2654212598425197
 20
4.85390157480315
 30
0.0
 10
-0.2401535433070866
 20
4.647610236220473
 30
0.0
 10
-0.2369606299212599
 20
4.62061811023622
 30
0.0
 10
-0.2369606299212599
 20
4.62061811023622
 30
0.0
 10
-0.2077244094488189
 20
4.373338582677166
 30
0.0
 10
-0.2129133858267717
 20
4.239129921259843
 30
0.0
 10
-0.2441417322834646
 20
3.993751968503937
 30
0.0
 10
-0.2441417322834646
 20
3.993751968503937
 30
0.0
 10
-0.2478464566929134
 20
3.964653543307087
 30
0.0
 10
-0.2536456692913386
 20
3.923338582677165
 30
0.0
 10
-0.2615944881889764
 20
3.898015748031496
 30
0.0
 10
-0.2615944881889764
 20
3.898015748031496
 30
0.0
 10
-0.3051889763779528
 20
3.89953937007874
 30
0.0
 10
-0.729240157480315
 20
4.052062992125984
 30
0.0
 10
-0.7628503937007874
 20
4.073468503937008
 30
0.0
  0
SPLINE
  5
73
330
1F
100
AcDbEntity
  8
Layer 1
370
     9
100
AcDbSpline
210
0.0
220
0.0
230
1.0
 70
    11
 71
     3
 72
    32
 73
    28
 74
     0
 42
0.000000001
 43
0.0000000001
 40
0.0
 40
0.0
 40
0.0
 40
0.0
 40
0.125
 40
0.125
 40
0.125
 40
0.125
 40
0.25
 40
0.25
 40
0.25
 40
0.25
 40
0.375
 40
0.375
 40
0.375
 40
0.375
 40
0.5
 40
0.5
 40
0.5
 40
0.5
 40
0.625
 40
0.625
 40
0.625
 40
0.625
 40
0.75
 40
0.75
 40
0.75
 40
0.75
 40
1.0
 40
1.0
 40
1.0
 40
1.0
 10
0.484507874015748
 20
3.73698031496063
 30
0.0
 10
0.4752322834645669
 20
3.738692913385827
 30
0.0
 10
0.4667047244094488
 20
3.744846456692914
 30
0.0
 10
0.4545472440944882
 20
3.747771653543307
 30
0.0
 10
0.4545472440944882
 20
3.747771653543307
 30
0.0
 10
0.4545472440944882
 20
3.747771653543307
 30
0.0
 10
0.2880118110236221
 20
3.784830708661417
 30
0.0
 10
0.2880118110236221
 20
3.784830708661417
 30
0.0
 10
0.2880118110236221
 20
3.784830708661417
 30
0.0
 10
0.2652952755905512
 20
3.78955905511811
 30
0.0
 10
0.2679606299212599
 20
3.815271653543307
 30
0.0
 10
0.2601338582677165
 20
3.836389763779528
 30
0.0
 10
0.2601338582677165
 20
3.836389763779528
 30
0.0
 10
0.2299488188976378
 20
3.917862204724409
 30
0.0
 10
0.1851574803149606
 20
4.006736220472441
 30
0.0
 10
0.2283976377952756
 20
4.089094488188977
 30
0.0
 10
0.2283976377952756
 20
4.089094488188977
 30
0.0
 10
0.2673070866141732
 20
4.163208661417323
 30
0.0
 10
0.3806692913385827
 20
4.206976377952756
 30
0.0
 10
0.4276968503937008
 20
4.120047244094488
 30
0.0
 10
0.4276968503937008
 20
4.120047244094488
 30
0.0
 10
0.4720433070866142
 20
4.038082677165354
 30
0.0
 10
0.4987283464566929
 20
3.961862204724409
 30
0.0
 10
0.4988543307086614
 20
3.862692913385827
 30
0.0
 10
0.4988543307086614
 20
3.862692913385827
 30
0.0
 10
0.4988858267716536
 20
3.839645669291339
 30
0.0
 10
0.4911614173228346
 20
3.751472440944882
 30
0.0
 10
0.484507874015748
 20
3.73698031496063
 30
0.0
  0
SPLINE
  5
74
330
1F
100
AcDbEntity
  8
Layer 1
370
     9
100
AcDbSpline
210
0.0
220
0.0
230
1.0
 70
    11
 71
     3
 72
    36
 73
    32
 74
     0
 42
0.000000001
 43
0.0000000001
 40
0.0
 40
0.0
 40
0.0
 40
0.0
 40
0.1111111111111111
 40
0.1111111111111111
 40
0.1111111111111111
 40
0.1111111111111111
 40
0.2222222222222222
 40
0.2222222222222222
 40
0.2222222222222222
 40
0.2222222222222222
 40
0.3333333333333333
 40
0.3333333333333333
 40
0.3333333333333333
 40
0.3333333333333333
 40
0.4444444444444444
 40
0.4444444444444444
 40
0.4444444444444444
 40
0.4444444444444444
 40
0.5555555555555556
 40
0.5555555555555556
 40
0.5555555555555556
 40
0.5555555555555556
 40
0.6666666666666666
 40
0.6666666666666666
 40
0.6666666666666666
 40
0.6666666666666666
 40
0.7777777777777778
 40
0.7777777777777778
 40
0.7777777777777778
 40
0.7777777777777778
 40
1.0
 40
1.0
 40
1.0
 40
1.0
 10
-0.6278503937007874
 20
3.029968503937008
 30
0.0
 10
-0.6401141732283464
 20
3.033200787401575
 30
0.0
 10
-0.665759842519685
 20
3.061259842519685
 30
0.0
 10
-0.6724448818897638
 20
3.072535433070866
 30
0.0
 10
-0.6724448818897638
 20
3.072535433070866
 30
0.0
 10
-0.6993779527559055
 20
3.11798031496063
 30
0.0
 10
-0.4724527559055118
 20
3.357051181102362
 30
0.0
 10
-0.5426771653543307
 20
3.52059842519685
 30
0.0
 10
-0.5426771653543307
 20
3.52059842519685
 30
0.0
 10
-0.5954370078740158
 20
3.643476377952756
 30
0.0
 10
-0.7259094488188976
 20
3.649996062992126
 30
0.0
 10
-0.7695393700787402
 20
3.819822834645669
 30
0.0
 10
-0.7695393700787402
 20
3.819822834645669
 30
0.0
 10
-0.7781929133858267
 20
3.853511811023622
 30
0.0
 10
-0.7818228346456693
 20
3.948338582677165
 30
0.0
 10
-0.7766692913385826
 20
3.986204724409449
 30
0.0
 10
-0.7766692913385826
 20
3.986204724409449
 30
0.0
 10
-0.765259842519685
 20
3.985775590551181
 30
0.0
 10
-0.672984251968504
 20
3.944850393700787
 30
0.0
 10
-0.659248031496063
 20
3.939413385826771
 30
0.0
 10
-0.659248031496063
 20
3.939413385826771
 30
0.0
 10
-0.5328267716535433
 20
3.889389763779528
 30
0.0
 10
-0.4104803149606299
 20
3.856606299212598
 30
0.0
 10
-0.2795590551181102
 20
3.823090551181102
 30
0.0
 10
-0.2795590551181102
 20
3.823090551181102
 30
0.0
 10
-0.2800866141732283
 20
3.794606299212599
 30
0.0
 10
-0.3324055118110236
 20
3.638311023622047
 30
0.0
 10
-0.3446811023622047
 20
3.602417322834646
 30
0.0
 10
-0.3446811023622047
 20
3.602417322834646
 30
0.0
 10
-0.4107322834645669
 20
3.409295275590551
 30
0.0
 10
-0.5135708661417323
 20
3.198779527559055
 30
0.0
 10
-0.6278503937007874
 20
3.029968503937008
 30
0.0
  0
SPLINE
  5
75
330
1F
100
AcDbEntity
  8
Layer 1
370
     9
100
AcDbSpline
210
0.0
220
0.0
230
1.0
 70
    11
 71
     3
 72
    20
 73
    16
 74
     0
 42
0.000000001
 43
0.0000000001
 40
0.0
 40
0.0
 40
0.0
 40
0.0
 40
0.2
 40
0.2
 40
0.2
 40
0.2
 40
0.4
 40
0.4
 40
0.4
 40
0.4
 40
0.6
 40
0.6
 40
0.6
 40
0.6
 40
1.0
 40
1.0
 40
1.0
 40
1.0
 10
1.049082677165354
 20
3.482673228346457
 30
0.0
 10
1.032145669291339
 20
3.483051181102362
 30
0.0
 10
1.028106299212598
 20
3.490291338582677
 30
0.0
 10
1.027838582677165
 20
3.507279527559055
 30
0.0
 10
1.027838582677165
 20
3.507279527559055
 30
0.0
 10
1.028570866141732
 20
3.544751968503937
 30
0.0
 10
1.028114173228347
 20
3.688062992125984
 30
0.0
 10
1.055429133858268
 20
3.711767716535433
 30
0.0
 10
1.055429133858268
 20
3.711767716535433
 30
0.0
 10
1.065555118110236
 20
3.720555118110236
 30
0.0
 10
1.101511811023622
 20
3.737637795275591
 30
0.0
 10
1.118641732283465
 20
3.739511811023622
 30
0.0
 10
1.118641732283465
 20
3.739511811023622
 30
0.0
 10
1.115685039370079
 20
3.682988188976378
 30
0.0
 10
1.069330708661417
 20
3.547299212598425
 30
0.0
 10
1.049082677165354
 20
3.482673228346457
 30
0.0
  0
SPLINE
  5
76
330
1F
100
AcDbEntity
  8
Layer 1
370
     9
100
AcDbSpline
210
0.0
220
0.0
230
1.0
 70
    11
 71
     3
 72
    16
 73
    12
 74
     0
 42
0.000000001
 43
0.0000000001
 40
0.0
 40
0.0
 40
0.0
 40
0.0
 40
0.25
 40
0.25
 40
0.25
 40
0.25
 40
0.5
 40
0.5
 40
0.5
 40
0.5
 40
1.0
 40
1.0
 40
1.0
 40
1.0
 10
0.3621929133858268
 20
3.531433070866142
 30
0.0
 10
0.3593188976377953
 20
3.535740157480315
 30
0.0
 10
0.3101102362204725
 20
3.673188976377953
 30
0.0
 10
0.3098464566929134
 20
3.68896062992126
 30
0.0
 10
0.3098464566929134
 20
3.68896062992126
 30
0.0
 10
0.3098464566929134
 20
3.68896062992126
 30
0.0
 10
0.4497165354330709
 20
3.657098425196851
 30
0.0
 10
0.4497165354330709
 20
3.657098425196851
 30
0.0
 10
0.4497165354330709
 20
3.657098425196851
 30
0.0
 10
0.4495314960629921
 20
3.625673228346457
 30
0.0
 10
0.3764015748031496
 20
3.535846456692914
 30
0.0
 10
0.3621929133858268
 20
3.531433070866142
 30
0.0
  0
SPLINE
  5
77
330
1F
100
AcDbEntity
  8
Layer 1
370
     9
100
AcDbSpline
210
0.0
220
0.0
230
1.0
 70
    11
 71
     3
 72
    64
 73
    60
 74
     0
 42
0.000000001
 43
0.0000000001
 40
0.0
 40
0.0
 40
0.0
 40
0.0
 40
0.0625
 40
0.0625
 40
0.0625
 40
0.0625
 40
0.125
 40
0.125
 40
0.125
 40
0.125
 40
0.1875
 40
0.1875
 40
0.1875
 40
0.1875
 40
0.25
 40
0.25
 40
0.25
 40
0.25
 40
0.3125
 40
0.3125
 40
0.3125
 40
0.3125
 40
0.375
 40
0.375
 40
0.375
 40
0.375
 40
0.4375
 40
0.4375
 40
0.4375
 40
0.4375
 40
0.5
 40
0.5
 40
0.5
 40
0.5
 40
0.5625
 40
0.5625
 40
0.5625
 40
0.5625
 40
0.625
 40
0.625
 40
0.625
 40
0.625
 40
0.6875
 40
0.6875
 40
0.6875
 40
0.6875
 40
0.75
 40
0.75
 40
0.75
 40
0.75
 40
0.8125
 40
0.8125
 40
0.8125
 40
0.8125
 40
0.875
 40
0.875
 40
0.875
 40
0.875
 40
1.0
 40
1.0
 40
1.0
 40
1.0
 10
-0.3635629921259843
 20
3.155602362204724
 30
0.0
 10
-0.24
 20
3.378673228346457
 30
0.0
 10
-0.1782755905511811
 20
3.551271653543307
 30
0.0
 10
-0.1099645669291339
 20
3.787862204724409
 30
0.0
 10
-0.1099645669291339
 20
3.787862204724409
 30
0.0
 10
-0.1099645669291339
 20
3.787862204724409
 30
0.0
 10
-0.0018937007874016
 20
3.770444881889764
 30
0.0
 10
-0.0018937007874016
 20
3.770444881889764
 30
0.0
 10
-0.0018937007874016
 20
3.770444881889764
 30
0.0
 10
-0.0018937007874016
 20
3.770444881889764
 30
0.0
 10
0.2456771653543307
 20
3.706657480314961
 30
0.0
 10
0.2456771653543307
 20
3.706657480314961
 30
0.0
 10
0.2456771653543307
 20
3.706657480314961
 30
0.0
 10
0.2688346456692913
 20
3.697551181102362
 30
0.0
 10
0.3351338582677165
 20
3.488944881889764
 30
0.0
 10
0.3329566929133858
 20
3.483385826771654
 30
0.0
 10
0.3329566929133858
 20
3.483385826771654
 30
0.0
 10
0.3244763779527559
 20
3.461708661417323
 30
0.0
 10
-0.1512637795275591
 20
3.135070866141732
 30
0.0
 10
-0.1774330708661417
 20
3.116925196850393
 30
0.0
 10
-0.1774330708661417
 20
3.116925196850393
 30
0.0
 10
-0.2016023622047244
 20
3.100169291338583
 30
0.0
 10
-0.237255905511811
 20
3.063484251968504
 30
0.0
 10
-0.1993700787401575
 20
3.044748031496063
 30
0.0
 10
-0.1993700787401575
 20
3.044748031496063
 30
0.0
 10
-0.0441102362204724
 20
2.967956692913386
 30
0.0
 10
0.2442755905511811
 20
3.020338582677165
 30
0.0
 10
0.4166417322834646
 20
3.049334645669291
 30
0.0
 10
0.4166417322834646
 20
3.049334645669291
 30
0.0
 10
0.4356850393700787
 20
2.946358267716536
 30
0.0
 10
0.3561062992125984
 20
2.847917322834645
 30
0.0
 10
0.3033818897637796
 20
2.776692913385827
 30
0.0
 10
0.3033818897637796
 20
2.776692913385827
 30
0.0
 10
0.3033818897637796
 20
2.776692913385827
 30
0.0
 10
-0.064748031496063
 20
2.289866141732284
 30
0.0
 10
-0.064748031496063
 20
2.289866141732284
 30
0.0
 10
-0.064748031496063
 20
2.289866141732284
 30
0.0
 10
-0.067507874015748
 20
2.288602362204724
 30
0.0
 10
-0.1887125984251969
 20
2.290811023622047
 30
0.0
 10
-0.1890944881889764
 20
2.420322834645669
 30
0.0
 10
-0.1890944881889764
 20
2.420322834645669
 30
0.0
 10
-0.1894409448818898
 20
2.537681102362205
 30
0.0
 10
-0.1807283464566929
 20
2.571031496062992
 30
0.0
 10
-0.304759842519685
 20
2.571358267716536
 30
0.0
 10
-0.304759842519685
 20
2.571358267716536
 30
0.0
 10
-0.3789881889763779
 20
2.571551181102362
 30
0.0
 10
-0.3555748031496063
 20
2.568811023622047
 30
0.0
 10
-0.3569173228346457
 20
2.648889763779528
 30
0.0
 10
-0.3569173228346457
 20
2.648889763779528
 30
0.0
 10
-0.3594015748031496
 20
2.796692913385827
 30
0.0
 10
-0.5419881889763779
 20
2.691846456692913
 30
0.0
 10
-0.4663307086614173
 20
2.819826771653543
 30
0.0
 10
-0.4663307086614173
 20
2.819826771653543
 30
0.0
 10
-0.4166535433070866
 20
2.903858267716535
 30
0.0
 10
-0.3953622047244095
 20
2.939944881889764
 30
0.0
 10
-0.4724370078740158
 20
2.970334645669291
 30
0.0
 10
-0.4724370078740158
 20
2.970334645669291
 30
0.0
 10
-0.4724370078740158
 20
2.970334645669291
 30
0.0
 10
-0.3635629921259843
 20
3.155602362204724
 30
0.0
 10
-0.3635629921259843
 20
3.155602362204724
 30
0.0
  0
SPLINE
  5
78
330
1F
100
AcDbEntity
  8
Layer 1
370
     9
100
AcDbSpline
210
0.0
220
0.0
230
1.0
 70
    11
 71
     3
 72
    64
 73
    60
 74
     0
 42
0.000000001
 43
0.0000000001
 40
0.0
 40
0.0
 40
0.0
 40
0.0
 40
0.0625
 40
0.0625
 40
0.0625
 40
0.0625
 40
0.125
 40
0.125
 40
0.125
 40
0.125
 40
0.1875
 40
0.1875
 40
0.1875
 40
0.1875
 40
0.25
 40
0.25
 40
0.25
 40
0.25
 40
0.3125
 40
0.3125
 40
0.3125
 40
0.3125
 40
0.375
 40
0.375
 40
0.375
 40
0.375
 40
0.4375
 40
0.4375
 40
0.4375
 40
0.4375
 40
0.5
 40
0.5
 40
0.5
 40
0.5
 40
0.5625
 40
0.5625
 40
0.5625
 40
0.5625
 40
0.625
 40
0.625
 40
0.625
 40
0.625
 40
0.6875
 40
0.6875
 40
0.6875
 40
0.6875
 40
0.75
 40
0.75
 40
0.75
 40
0.75
 40
0.8125
 40
0.8125
 40
0.8125
 40
0.8125
 40
0.875
 40
0.875
 40
0.875
 40
0.875
 40
1.0
 40
1.0
 40
1.0
 40
1.0
 10
0.4303267716535433
 20
3.454212598425197
 30
0.0
 10
0.4631732283464567
 20
3.494795275590551
 30
0.0
 10
0.4998149606299213
 20
3.524011811023622
 30
0.0
 10
0.5255354330708661
 20
3.579716535433071
 30
0.0
 10
0.5255354330708661
 20
3.579716535433071
 30
0.0
 10
0.5255354330708661
 20
3.579716535433071
 30
0.0
 10
0.5479881889763779
 20
3.630555118110236
 30
0.0
 10
0.5479881889763779
 20
3.630555118110236
 30
0.0
 10
0.5479881889763779
 20
3.630555118110236
 30
0.0
 10
0.5727244094488189
 20
3.629464566929134
 30
0.0
 10
0.7310866141732284
 20
3.572452755905512
 30
0.0
 10
0.7657007874015748
 20
3.555192913385827
 30
0.0
 10
0.7657007874015748
 20
3.555192913385827
 30
0.0
 10
1.092807086614173
 20
3.392051181102362
 30
0.0
 10
0.9917125984251969
 20
3.476818897637795
 30
0.0
 10
0.9915118110236221
 20
3.168047244094488
 30
0.0
 10
0.9915118110236221
 20
3.168047244094488
 30
0.0
 10
0.9914133858267716
 20
3.018311023622047
 30
0.0
 10
0.990003937007874
 20
3.04044094488189
 30
0.0
 10
0.9418307086614173
 20
2.90198031496063
 30
0.0
 10
0.9418307086614173
 20
2.90198031496063
 30
0.0
 10
0.8661496062992126
 20
2.684464566929134
 30
0.0
 10
0.7800039370078741
 20
2.476271653543307
 30
0.0
 10
0.6782834645669291
 20
2.272488188976378
 30
0.0
 10
0.6782834645669291
 20
2.272488188976378
 30
0.0
 10
0.6721535433070867
 20
2.260208661417323
 30
0.0
 10
0.6685748031496063
 20
2.239622047244095
 30
0.0
 10
0.6518543307086614
 20
2.239035433070866
 30
0.0
 10
0.6518543307086614
 20
2.239035433070866
 30
0.0
 10
0.6519566929133859
 20
2.254240157480315
 30
0.0
 10
0.6927244094488189
 20
2.463090551181102
 30
0.0
 10
0.6938070866141732
 20
2.565716535433071
 30
0.0
 10
0.6938070866141732
 20
2.565716535433071
 30
0.0
 10
0.6941259842519685
 20
2.595696850393701
 30
0.0
 10
0.690007874015748
 20
2.607267716535433
 30
0.0
 10
0.6677913385826771
 20
2.615736220472441
 30
0.0
 10
0.6677913385826771
 20
2.615736220472441
 30
0.0
 10
0.6088031496062992
 20
2.638220472440945
 30
0.0
 10
0.605011811023622
 20
2.568444881889764
 30
0.0
 10
0.5761653543307087
 20
2.571846456692914
 30
0.0
 10
0.5761653543307087
 20
2.571846456692914
 30
0.0
 10
0.5728582677165355
 20
2.648948818897638
 30
0.0
 10
0.5555196850393701
 20
2.636716535433071
 30
0.0
 10
0.6072086614173229
 20
2.706208661417323
 30
0.0
 10
0.6072086614173229
 20
2.706208661417323
 30
0.0
 10
0.7026968503937008
 20
2.83457874015748
 30
0.0
 10
0.7844685039370078
 20
2.965811023622047
 30
0.0
 10
0.8413149606299213
 20
3.118492125984252
 30
0.0
 10
0.8413149606299213
 20
3.118492125984252
 30
0.0
 10
0.8520354330708662
 20
3.147283464566929
 30
0.0
 10
0.8646220472440945
 20
3.178893700787401
 30
0.0
 10
0.8639685039370079
 20
3.213287401574803
 30
0.0
 10
0.8639685039370079
 20
3.213287401574803
 30
0.0
 10
0.8133228346456693
 20
3.214842519685039
 30
0.0
 10
0.5065826771653543
 20
3.11213779527559
 30
0.0
 10
0.4474133858267716
 20
3.094106299212598
 30
0.0
 10
0.4474133858267716
 20
3.094106299212598
 30
0.0
 10
0.4486929133858268
 20
3.211602362204725
 30
0.0
 10
0.4401968503937008
 20
3.332405511811023
 30
0.0
 10
0.4303267716535433
 20
3.454212598425197
 30
0.0
  0
SPLINE
  5
79
330
1F
100
AcDbEntity
  8
Layer 1
370
     9
100
AcDbSpline
210
0.0
220
0.0
230
1.0
 70
    11
 71
     3
 72
    36
 73
    32
 74
     0
 42
0.000000001
 43
0.0000000001
 40
0.0
 40
0.0
 40
0.0
 40
0.0
 40
0.1111111111111111
 40
0.1111111111111111
 40
0.1111111111111111
 40
0.1111111111111111
 40
0.2222222222222222
 40
0.2222222222222222
 40
0.2222222222222222
 40
0.2222222222222222
 40
0.3333333333333333
 40
0.3333333333333333
 40
0.3333333333333333
 40
0.3333333333333333
 40
0.4444444444444444
 40
0.4444444444444444
 40
0.4444444444444444
 40
0.4444444444444444
 40
0.5555555555555556
 40
0.5555555555555556
 40
0.5555555555555556
 40
0.5555555555555556
 40
0.6666666666666666
 40
0.6666666666666666
 40
0.6666666666666666
 40
0.6666666666666666
 40
0.7777777777777778
 40
0.7777777777777778
 40
0.7777777777777778
 40
0.7777777777777778
 40
1.0
 40
1.0
 40
1.0
 40
1.0
 10
1.580342519685039
 20
2.838346456692913
 30
0.0
 10
1.566614173228347
 20
2.842594488188976
 30
0.0
 10
1.563338582677165
 20
2.860704724409449
 30
0.0
 10
1.557311023622047
 20
2.874240157480315
 30
0.0
 10
1.557311023622047
 20
2.874240157480315
 30
0.0
 10
1.50390157480315
 20
2.994173228346457
 30
0.0
 10
1.461429133858268
 20
3.060043307086614
 30
0.0
 10
1.38092125984252
 20
3.164251968503937
 30
0.0
 10
1.38092125984252
 20
3.164251968503937
 30
0.0
 10
1.351149606299213
 20
3.202791338582677
 30
0.0
 10
1.346492125984252
 20
3.180322834645669
 30
0.0
 10
1.36140157480315
 20
3.300570866141732
 30
0.0
 10
1.36140157480315
 20
3.300570866141732
 30
0.0
 10
1.367964566929134
 20
3.353511811023622
 30
0.0
 10
1.380169291338583
 20
3.407874015748031
 30
0.0
 10
1.385161417322835
 20
3.449787401574803
 30
0.0
 10
1.385161417322835
 20
3.449787401574803
 30
0.0
 10
1.387905511811024
 20
3.472783464566929
 30
0.0
 10
1.385527559055118
 20
3.486177165354331
 30
0.0
 10
1.398393700787402
 20
3.493448818897638
 30
0.0
 10
1.398393700787402
 20
3.493448818897638
 30
0.0
 10
1.415464566929134
 20
3.488610236220473
 30
0.0
 10
1.42311811023622
 20
3.436062992125984
 30
0.0
 10
1.429732283464567
 20
3.418870078740158
 30
0.0
 10
1.429732283464567
 20
3.418870078740158
 30
0.0
 10
1.475295275590551
 20
3.300448818897638
 30
0.0
 10
1.529023622047244
 20
3.151409448818898
 30
0.0
 10
1.551299212598425
 20
3.016846456692913
 30
0.0
 10
1.551299212598425
 20
3.016846456692913
 30
0.0
 10
1.558531496062992
 20
2.973169291338583
 30
0.0
 10
1.580874015748031
 20
2.878523622047244
 30
0.0
 10
1.580342519685039
 20
2.838346456692913
 30
0.0
  0
SPLINE
  5
7A
330
1F
100
AcDbEntity
  8
Layer 1
370
     9
100
AcDbSpline
210
0.0
220
0.0
230
1.0
 70
    11
 71
     3
 72
    16
 73
    12
 74
     0
 42
0.000000001
 43
0.0000000001
 40
0.0
 40
0.0
 40
0.0
 40
0.0
 40
0.25
 40
0.25
 40
0.25
 40
0.25
 40
0.5
 40
0.5
 40
0.5
 40
0.5
 40
1.0
 40
1.0
 40
1.0
 40
1.0
 10
-0.1754055118110236
 20
3.073429133858268
 30
0.0
 10
-0.1668740157480315
 20
3.086043307086614
 30
0.0
 10
0.3175629921259843
 20
3.394712598425197
 30
0.0
 10
0.3460393700787401
 20
3.406807086614173
 30
0.0
 10
0.3460393700787401
 20
3.406807086614173
 30
0.0
 10
0.3527716535433071
 20
3.37898031496063
 30
0.0
 10
0.4246929133858268
 20
3.095996062992126
 30
0.0
 10
0.4103110236220472
 20
3.082885826771653
 30
0.0
 10
0.4103110236220472
 20
3.082885826771653
 30
0.0
 10
0.3833661417322834
 20
3.058318897637795
 30
0.0
 10
-0.1289448818897638
 20
3.007799212598425
 30
0.0
 10
-0.1754055118110236
 20
3.073429133858268
 30
0.0
  0
SPLINE
  5
7B
330
1F
100
AcDbEntity
  8
Layer 1
370
     9
100
AcDbSpline
210
0.0
220
0.0
230
1.0
 70
    11
 71
     3
 72
    44
 73
    40
 74
     0
 42
0.000000001
 43
0.0000000001
 40
0.0
 40
0.0
 40
0.0
 40
0.0
 40
0.0909090909090909
 40
0.0909090909090909
 40
0.0909090909090909
 40
0.0909090909090909
 40
0.1818181818181818
 40
0.1818181818181818
 40
0.1818181818181818
 40
0.1818181818181818
 40
0.2727272727272727
 40
0.2727272727272727
 40
0.2727272727272727
 40
0.2727272727272727
 40
0.3636363636363636
 40
0.3636363636363636
 40
0.3636363636363636
 40
0.3636363636363636
 40
0.4545454545454545
 40
0.4545454545454545
 40
0.4545454545454545
 40
0.4545454545454545
 40
0.5454545454545454
 40
0.5454545454545454
 40
0.5454545454545454
 40
0.5454545454545454
 40
0.6363636363636364
 40
0.6363636363636364
 40
0.6363636363636364
 40
0.6363636363636364
 40
0.7272727272727273
 40
0.7272727272727273
 40
0.7272727272727273
 40
0.7272727272727273
 40
0.8181818181818182
 40
0.8181818181818182
 40
0.8181818181818182
 40
0.8181818181818182
 40
1.0
 40
1.0
 40
1.0
 40
1.0
 10
1.912657480314961
 20
1.790295275590551
 30
0.0
 10
1.907685039370079
 20
1.781204724409449
 30
0.0
 10
1.869035433070866
 20
1.768228346456693
 30
0.0
 10
1.856314960629921
 20
1.764318897637795
 30
0.0
 10
1.856314960629921
 20
1.764318897637795
 30
0.0
 10
1.782688976377953
 20
1.741700787401575
 30
0.0
 10
1.714413385826772
 20
1.742133858267717
 30
0.0
 10
1.636094488188976
 20
1.742086614173228
 30
0.0
 10
1.636094488188976
 20
1.742086614173228
 30
0.0
 10
1.510377952755906
 20
1.742015748031496
 30
0.0
 10
1.440338582677165
 20
1.729464566929134
 30
0.0
 10
1.37261811023622
 20
1.801342519685039
 30
0.0
 10
1.37261811023622
 20
1.801342519685039
 30
0.0
 10
1.279
 20
1.900708661417323
 30
0.0
 10
1.160393700787402
 20
2.384578740157481
 30
0.0
 10
1.132937007874016
 20
2.535259842519685
 30
0.0
 10
1.132937007874016
 20
2.535259842519685
 30
0.0
 10
1.089200787401575
 20
2.775275590551181
 30
0.0
 10
1.012555118110236
 20
3.166468503937008
 30
0.0
 10
1.093763779527559
 20
3.39053937007874
 30
0.0
 10
1.093763779527559
 20
3.39053937007874
 30
0.0
 10
1.13911811023622
 20
3.390681102362205
 30
0.0
 10
1.286834645669291
 20
3.236842519685039
 30
0.0
 10
1.303086614173228
 20
3.144988188976378
 30
0.0
 10
1.303086614173228
 20
3.144988188976378
 30
0.0
 10
1.310370078740158
 20
3.103795275590551
 30
0.0
 10
1.306984251968504
 20
3.047468503937008
 30
0.0
 10
1.311011811023622
 20
3.002401574803149
 30
0.0
 10
1.311011811023622
 20
3.002401574803149
 30
0.0
 10
1.320787401574803
 20
2.892933070866142
 30
0.0
 10
1.356685039370079
 20
2.500003937007874
 30
0.0
 10
1.38098031496063
 20
2.391342519685039
 30
0.0
 10
1.38098031496063
 20
2.391342519685039
 30
0.0
 10
1.413586614173228
 20
2.245496062992126
 30
0.0
 10
1.492649606299213
 20
2.179303149606299
 30
0.0
 10
1.599925196850394
 20
2.081846456692913
 30
0.0
 10
1.599925196850394
 20
2.081846456692913
 30
0.0
 10
1.706413385826772
 20
1.985102362204724
 30
0.0
 10
1.807917322834646
 20
1.888287401574803
 30
0.0
 10
1.912657480314961
 20
1.790295275590551
 30
0.0
  0
SPLINE
  5
7C
330
1F
100
AcDbEntity
  8
Layer 1
370
     9
100
AcDbSpline
210
0.0
220
0.0
230
1.0
 70
    11
 71
     3
 72
    16
 73
    12
 74
     0
 42
0.000000001
 43
0.0000000001
 40
0.0
 40
0.0
 40
0.0
 40
0.0
 40
0.25
 40
0.25
 40
0.25
 40
0.25
 40
0.5
 40
0.5
 40
0.5
 40
0.5
 40
1.0
 40
1.0
 40
1.0
 40
1.0
 10
0.199744094488189
 20
2.382330708661417
 30
0.0
 10
0.2074685039370079
 20
2.388874015748032
 30
0.0
 10
0.502251968503937
 20
2.839251968503937
 30
0.0
 10
0.5203110236220473
 20
2.869303149606299
 30
0.0
 10
0.5203110236220473
 20
2.869303149606299
 30
0.0
 10
0.522007874015748
 20
2.822547244094488
 30
0.0
 10
0.5459645669291339
 20
2.721228346456693
 30
0.0
 10
0.5208110236220472
 20
2.686181102362205
 30
0.0
 10
0.5208110236220472
 20
2.686181102362205
 30
0.0
 10
0.4946220472440945
 20
2.649696850393701
 30
0.0
 10
0.2532204724409449
 20
2.407354330708662
 30
0.0
 10
0.199744094488189
 20
2.382330708661417
 30
0.0
  0
SPLINE
  5
7D
330
1F
100
AcDbEntity
  8
Layer 1
370
     9
100
AcDbSpline
210
0.0
220
0.0
230
1.0
 70
    11
 71
     3
 72
    60
 73
    56
 74
     0
 42
0.000000001
 43
0.0000000001
 40
0.0
 40
0.0
 40
0.0
 40
0.0
 40
0.0666666666666667
 40
0.0666666666666667
 40
0.0666666666666667
 40
0.0666666666666667
 40
0.1333333333333333
 40
0.1333333333333333
 40
0.1333333333333333
 40
0.1333333333333333
 40
0.2
 40
0.2
 40
0.2
 40
0.2
 40
0.2666666666666667
 40
0.2666666666666667
 40
0.2666666666666667
 40
0.2666666666666667
 40
0.3333333333333333
 40
0.3333333333333333
 40
0.3333333333333333
 40
0.3333333333333333
 40
0.4
 40
0.4
 40
0.4
 40
0.4
 40
0.4666666666666667
 40
0.4666666666666667
 40
0.4666666666666667
 40
0.4666666666666667
 40
0.5333333333333333
 40
0.5333333333333333
 40
0.5333333333333333
 40
0.5333333333333333
 40
0.6
 40
0.6
 40
0.6
 40
0.6
 40
0.6666666666666666
 40
0.6666666666666666
 40
0.6666666666666666
 40
0.6666666666666666
 40
0.7333333333333333
 40
0.7333333333333333
 40
0.7333333333333333
 40
0.7333333333333333
 40
0.8
 40
0.8
 40
0.8
 40
0.8
 40
0.8666666666666667
 40
0.8666666666666667
 40
0.8666666666666667
 40
0.8666666666666667
 40
1.0
 40
1.0
 40
1.0
 40
1.0
 10
0.5398582677165354
 20
2.018598425196851
 30
0.0
 10
0.6095551181102362
 20
1.967531496062992
 30
0.0
 10
0.6570866141732283
 20
2.098645669291339
 30
0.0
 10
0.6868543307086614
 20
2.14663779527559
 30
0.0
 10
0.6868543307086614
 20
2.14663779527559
 30
0.0
 10
0.742011811023622
 20
2.235555118110236
 30
0.0
 10
0.8832992125984251
 20
2.597224409448819
 30
0.0
 10
0.9185236220472441
 20
2.69992125984252
 30
0.0
 10
0.9185236220472441
 20
2.69992125984252
 30
0.0
 10
0.9492165354330708
 20
2.789393700787401
 30
0.0
 10
0.9779055118110236
 20
2.878515748031496
 30
0.0
 10
1.006070866141732
 20
2.968677165354331
 30
0.0
 10
1.006070866141732
 20
2.968677165354331
 30
0.0
 10
1.011405511811024
 20
2.958251968503937
 30
0.0
 10
1.029354330708661
 20
2.81759842519685
 30
0.0
 10
1.034948818897638
 20
2.790814960629921
 30
0.0
 10
1.034948818897638
 20
2.790814960629921
 30
0.0
 10
1.081614173228346
 20
2.567468503937008
 30
0.0
 10
1.116110236220472
 20
2.361818897637795
 30
0.0
 10
1.199330708661417
 20
2.126917322834646
 30
0.0
 10
1.199330708661417
 20
2.126917322834646
 30
0.0
 10
1.233740157480315
 20
2.029795275590551
 30
0.0
 10
1.289413385826772
 20
1.831602362204724
 30
0.0
 10
1.362582677165354
 20
1.77061811023622
 30
0.0
 10
1.362582677165354
 20
1.77061811023622
 30
0.0
 10
1.394795275590551
 20
1.743767716535433
 30
0.0
 10
1.420051181102362
 20
1.740181102362205
 30
0.0
 10
1.423015748031496
 20
1.731259842519685
 30
0.0
 10
1.423015748031496
 20
1.731259842519685
 30
0.0
 10
1.204086614173228
 20
1.732188976377953
 30
0.0
 10
0.982988188976378
 20
1.744673228346457
 30
0.0
 10
0.763751968503937
 20
1.743263779527559
 30
0.0
 10
0.763751968503937
 20
1.743263779527559
 30
0.0
 10
0.6031220472440945
 20
1.742228346456693
 30
0.0
 10
0.5421062992125985
 20
1.658751968503937
 30
0.0
 10
0.4037047244094488
 20
1.59911811023622
 30
0.0
 10
0.4037047244094488
 20
1.59911811023622
 30
0.0
 10
0.3741496062992126
 20
1.58638188976378
 30
0.0
 10
0.3216811023622047
 20
1.549795275590551
 30
0.0
 10
0.2898267716535433
 20
1.549385826771654
 30
0.0
 10
0.2898267716535433
 20
1.549385826771654
 30
0.0
 10
0.3184133858267716
 20
1.571043307086614
 30
0.0
 10
0.4006692913385827
 20
1.791389763779528
 30
0.0
 10
0.4259685039370079
 20
1.856145669291339
 30
0.0
 10
0.4259685039370079
 20
1.856145669291339
 30
0.0
 10
0.4819055118110236
 20
1.999311023622047
 30
0.0
 10
0.525267716535433
 20
2.174511811023622
 30
0.0
 10
0.5473700787401575
 20
2.328381889763779
 30
0.0
 10
0.5473700787401575
 20
2.328381889763779
 30
0.0
 10
0.5513700787401575
 20
2.356200787401575
 30
0.0
 10
0.5638661417322834
 20
2.430354330708661
 30
0.0
 10
0.5897401574803149
 20
2.431031496062992
 30
0.0
 10
0.5897401574803149
 20
2.431031496062992
 30
0.0
 10
0.5949448818897638
 20
2.343047244094488
 30
0.0
 10
0.5374055118110236
 20
2.051783464566929
 30
0.0
 10
0.5398582677165354
 20
2.018598425196851
 30
0.0
  0
SPLINE
  5
7E
330
1F
100
AcDbEntity
  8
Layer 1
370
     9
100
AcDbSpline
210
0.0
220
0.0
230
1.0
 70
    11
 71
     3
 72
    28
 73
    24
 74
     0
 42
0.000000001
 43
0.0000000001
 40
0.0
 40
0.0
 40
0.0
 40
0.0
 40
0.1428571428571428
 40
0.1428571428571428
 40
0.1428571428571428
 40
0.1428571428571428
 40
0.2857142857142857
 40
0.2857142857142857
 40
0.2857142857142857
 40
0.2857142857142857
 40
0.4285714285714285
 40
0.4285714285714285
 40
0.4285714285714285
 40
0.4285714285714285
 40
0.5714285714285714
 40
0.5714285714285714
 40
0.5714285714285714
 40
0.5714285714285714
 40
0.7142857142857143
 40
0.7142857142857143
 40
0.7142857142857143
 40
0.7142857142857143
 40
1.0
 40
1.0
 40
1.0
 40
1.0
 10
0.0654173228346457
 20
1.825937007874016
 30
0.0
 10
0.0668031496062992
 20
1.838523622047244
 30
0.0
 10
0.2072007874015748
 20
1.965724409448819
 30
0.0
 10
0.224007874015748
 20
1.98394094488189
 30
0.0
 10
0.224007874015748
 20
1.98394094488189
 30
0.0
 10
0.2912086614173228
 20
2.056783464566929
 30
0.0
 10
0.3796299212598425
 20
2.146984251968504
 30
0.0
 10
0.4331181102362205
 20
2.232133858267717
 30
0.0
 10
0.4331181102362205
 20
2.232133858267717
 30
0.0
 10
0.4441889763779527
 20
2.253007874015748
 30
0.0
 10
0.4512125984251968
 20
2.273688976377953
 30
0.0
 10
0.4628149606299213
 20
2.278641732283464
 30
0.0
 10
0.4628149606299213
 20
2.278641732283464
 30
0.0
 10
0.4638149606299213
 20
2.181976377952756
 30
0.0
 10
0.2666181102362205
 20
1.575566929133858
 30
0.0
 10
0.2306496062992126
 20
1.562862204724409
 30
0.0
 10
0.2306496062992126
 20
1.562862204724409
 30
0.0
 10
0.1949448818897638
 20
1.600700787401575
 30
0.0
 10
0.2466062992125984
 20
1.744838582677165
 30
0.0
 10
0.1514724409448819
 20
1.805925196850394
 30
0.0
 10
0.1514724409448819
 20
1.805925196850394
 30
0.0
 10
0.1185944881889764
 20
1.827035433070866
 30
0.0
 10
0.0933070866141732
 20
1.814862204724409
 30
0.0
 10
0.0654173228346457
 20
1.825937007874016
 30
0.0
  0
SPLINE
  5
7F
330
1F
100
AcDbEntity
  8
Layer 1
370
     9
100
AcDbSpline
210
0.0
220
0.0
230
1.0
 70
    11
 71
     3
 72
    32
 73
    28
 74
     0
 42
0.000000001
 43
0.0000000001
 40
0.0
 40
0.0
 40
0.0
 40
0.0
 40
0.125
 40
0.125
 40
0.125
 40
0.125
 40
0.25
 40
0.25
 40
0.25
 40
0.25
 40
0.375
 40
0.375
 40
0.375
 40
0.375
 40
0.5
 40
0.5
 40
0.5
 40
0.5
 40
0.625
 40
0.625
 40
0.625
 40
0.625
 40
0.75
 40
0.75
 40
0.75
 40
0.75
 40
1.0
 40
1.0
 40
1.0
 40
1.0
 10
-0.8801732283464567
 20
1.464094488188976
 30
0.0
 10
-0.8737244094488189
 20
1.531346456692913
 30
0.0
 10
-0.8751850393700787
 20
1.557145669291339
 30
0.0
 10
-0.8336299212598425
 20
1.592047244094488
 30
0.0
 10
-0.8336299212598425
 20
1.592047244094488
 30
0.0
 10
-0.7991889763779527
 20
1.62098031496063
 30
0.0
 10
-0.4891811023622047
 20
1.836610236220472
 30
0.0
 10
-0.4035511811023622
 20
1.867933070866142
 30
0.0
 10
-0.4035511811023622
 20
1.867933070866142
 30
0.0
 10
-0.3828346456692913
 20
1.875511811023622
 30
0.0
 10
-0.3572952755905512
 20
1.88742125984252
 30
0.0
 10
-0.3327086614173229
 20
1.881818897637795
 30
0.0
 10
-0.3327086614173229
 20
1.881818897637795
 30
0.0
 10
-0.3033937007874016
 20
1.875137795275591
 30
0.0
 10
-0.1448188976377953
 20
1.835196850393701
 30
0.0
 10
-0.1251417322834646
 20
1.827125984251968
 30
0.0
 10
-0.1251417322834646
 20
1.827125984251968
 30
0.0
 10
-0.1280118110236221
 20
1.819240157480315
 30
0.0
 10
-0.8701574803149607
 20
1.099834645669291
 30
0.0
 10
-0.8998031496062993
 20
1.088937007874016
 30
0.0
 10
-0.8998031496062993
 20
1.088937007874016
 30
0.0
 10
-0.897507874015748
 20
1.157767716535433
 30
0.0
 10
-0.8876023622047244
 20
1.22309842519685
 30
0.0
 10
-0.887740157480315
 20
1.29411811023622
 30
0.0
 10
-0.887740157480315
 20
1.29411811023622
 30
0.0
 10
-0.887740157480315
 20
1.29411811023622
 30
0.0
 10
-0.8801732283464567
 20
1.464094488188976
 30
0.0
 10
-0.8801732283464567
 20
1.464094488188976
 30
0.0
  0
SPLINE
  5
80
330
1F
100
AcDbEntity
  8
Layer 1
370
     9
100
AcDbSpline
210
0.0
220
0.0
230
1.0
 70
    11
 71
     3
 72
   340
 73
   336
 74
     0
 42
0.000000001
 43
0.0000000001
 40
0.0
 40
0.0
 40
0.0
 40
0.0
 40
0.0117647058823529
 40
0.0117647058823529
 40
0.0117647058823529
 40
0.0117647058823529
 40
0.0235294117647059
 40
0.0235294117647059
 40
0.0235294117647059
 40
0.0235294117647059
 40
0.0352941176470588
 40
0.0352941176470588
 40
0.0352941176470588
 40
0.0352941176470588
 40
0.0470588235294118
 40
0.0470588235294118
 40
0.0470588235294118
 40
0.0470588235294118
 40
0.0588235294117647
 40
0.0588235294117647
 40
0.0588235294117647
 40
0.0588235294117647
 40
0.0705882352941176
 40
0.0705882352941176
 40
0.0705882352941176
 40
0.0705882352941176
 40
0.0823529411764706
 40
0.0823529411764706
 40
0.0823529411764706
 40
0.0823529411764706
 40
0.0941176470588235
 40
0.0941176470588235
 40
0.0941176470588235
 40
0.0941176470588235
 40
0.1058823529411765
 40
0.1058823529411765
 40
0.1058823529411765
 40
0.1058823529411765
 40
0.1176470588235294
 40
0.1176470588235294
 40
0.1176470588235294
 40
0.1176470588235294
 40
0.1294117647058824
 40
0.1294117647058824
 40
0.1294117647058824
 40
0.1294117647058824
 40
0.1411764705882353
 40
0.1411764705882353
 40
0.1411764705882353
 40
0.1411764705882353
 40
0.1529411764705882
 40
0.1529411764705882
 40
0.1529411764705882
 40
0.1529411764705882
 40
0.1647058823529412
 40
0.1647058823529412
 40
0.1647058823529412
 40
0.1647058823529412
 40
0.1764705882352941
 40
0.1764705882352941
 40
0.1764705882352941
 40
0.1764705882352941
 40
0.1882352941176471
 40
0.1882352941176471
 40
0.1882352941176471
 40
0.1882352941176471
 40
0.2
 40
0.2
 40
0.2
 40
0.2
 40
0.2117647058823529
 40
0.2117647058823529
 40
0.2117647058823529
 40
0.2117647058823529
 40
0.2235294117647059
 40
0.2235294117647059
 40
0.2235294117647059
 40
0.2235294117647059
 40
0.2352941176470588
 40
0.2352941176470588
 40
0.2352941176470588
 40
0.2352941176470588
 40
0.2470588235294118
 40
0.2470588235294118
 40
0.2470588235294118
 40
0.2470588235294118
 40
0.2588235294117647
 40
0.2588235294117647
 40
0.2588235294117647
 40
0.2588235294117647
 40
0.2705882352941176
 40
0.2705882352941176
 40
0.2705882352941176
 40
0.2705882352941176
 40
0.2823529411764706
 40
0.2823529411764706
 40
0.2823529411764706
 40
0.2823529411764706
 40
0.2941176470588235
 40
0.2941176470588235
 40
0.2941176470588235
 40
0.2941176470588235
 40
0.3058823529411765
 40
0.3058823529411765
 40
0.3058823529411765
 40
0.3058823529411765
 40
0.3176470588235294
 40
0.3176470588235294
 40
0.3176470588235294
 40
0.3176470588235294
 40
0.3294117647058823
 40
0.3294117647058823
 40
0.3294117647058823
 40
0.3294117647058823
 40
0.3411764705882353
 40
0.3411764705882353
 40
0.3411764705882353
 40
0.3411764705882353
 40
0.3529411764705883
 40
0.3529411764705883
 40
0.3529411764705883
 40
0.3529411764705883
 40
0.3647058823529412
 40
0.3647058823529412
 40
0.3647058823529412
 40
0.3647058823529412
 40
0.3764705882352941
 40
0.3764705882352941
 40
0.3764705882352941
 40
0.3764705882352941
 40
0.3882352941176471
 40
0.3882352941176471
 40
0.3882352941176471
 40
0.3882352941176471
 40
0.4
 40
0.4
 40
0.4
 40
0.4
 40
0.4117647058823529
 40
0.4117647058823529
 40
0.4117647058823529
 40
0.4117647058823529
 40
0.4235294117647059
 40
0.4235294117647059
 40
0.4235294117647059
 40
0.4235294117647059
 40
0.4352941176470588
 40
0.4352941176470588
 40
0.4352941176470588
 40
0.4352941176470588
 40
0.4470588235294118
 40
0.4470588235294118
 40
0.4470588235294118
 40
0.4470588235294118
 40
0.4588235294117647
 40
0.4588235294117647
 40
0.4588235294117647
 40
0.4588235294117647
 40
0.4705882352941176
 40
0.4705882352941176
 40
0.4705882352941176
 40
0.4705882352941176
 40
0.4823529411764706
 40
0.4823529411764706
 40
0.4823529411764706
 40
0.4823529411764706
 40
0.4941176470588236
 40
0.4941176470588236
 40
0.4941176470588236
 40
0.4941176470588236
 40
0.5058823529411764
 40
0.5058823529411764
 40
0.5058823529411764
 40
0.5058823529411764
 40
0.5176470588235295
 40
0.5176470588235295
 40
0.5176470588235295
 40
0.5176470588235295
 40
0.5294117647058824
 40
0.5294117647058824
 40
0.5294117647058824
 40
0.5294117647058824
 40
0.5411764705882353
 40
0.5411764705882353
 40
0.5411764705882353
 40
0.5411764705882353
 40
0.5529411764705883
 40
0.5529411764705883
 40
0.5529411764705883
 40
0.5529411764705883
 40
0.5647058823529412
 40
0.5647058823529412
 40
0.5647058823529412
 40
0.5647058823529412
 40
0.5764705882352941
 40
0.5764705882352941
 40
0.5764705882352941
 40
0.5764705882352941
 40
0.5882352941176471
 40
0.5882352941176471
 40
0.5882352941176471
 40
0.5882352941176471
 40
0.6
 40
0.6
 40
0.6
 40
0.6
 40
0.611764705882353
 40
0.611764705882353
 40
0.611764705882353
 40
0.611764705882353
 40
0.6235294117647059
 40
0.6235294117647059
 40
0.6235294117647059
 40
0.6235294117647059
 40
0.6352941176470588
 40
0.6352941176470588
 40
0.6352941176470588
 40
0.6352941176470588
 40
0.6470588235294118
 40
0.6470588235294118
 40
0.6470588235294118
 40
0.6470588235294118
 40
0.6588235294117647
 40
0.6588235294117647
 40
0.6588235294117647
 40
0.6588235294117647
 40
0.6705882352941176
 40
0.6705882352941176
 40
0.6705882352941176
 40
0.6705882352941176
 40
0.6823529411764706
 40
0.6823529411764706
 40
0.6823529411764706
 40
0.6823529411764706
 40
0.6941176470588235
 40
0.6941176470588235
 40
0.6941176470588235
 40
0.6941176470588235
 40
0.7058823529411765
 40
0.7058823529411765
 40
0.7058823529411765
 40
0.7058823529411765
 40
0.7176470588235294
 40
0.7176470588235294
 40
0.7176470588235294
 40
0.7176470588235294
 40
0.7294117647058823
 40
0.7294117647058823
 40
0.7294117647058823
 40
0.7294117647058823
 40
0.7411764705882353
 40
0.7411764705882353
 40
0.7411764705882353
 40
0.7411764705882353
 40
0.7529411764705882
 40
0.7529411764705882
 40
0.7529411764705882
 40
0.7529411764705882
 40
0.7647058823529411
 40
0.7647058823529411
 40
0.7647058823529411
 40
0.7647058823529411
 40
0.7764705882352941
 40
0.7764705882352941
 40
0.7764705882352941
 40
0.7764705882352941
 40
0.788235294117647
 40
0.788235294117647
 40
0.788235294117647
 40
0.788235294117647
 40
0.8
 40
0.8
 40
0.8
 40
0.8
 40
0.8117647058823529
 40
0.8117647058823529
 40
0.8117647058823529
 40
0.8117647058823529
 40
0.8235294117647058
 40
0.8235294117647058
 40
0.8235294117647058
 40
0.8235294117647058
 40
0.8352941176470589
 40
0.8352941176470589
 40
0.8352941176470589
 40
0.8352941176470589
 40
0.8470588235294118
 40
0.8470588235294118
 40
0.8470588235294118
 40
0.8470588235294118
 40
0.8588235294117647
 40
0.8588235294117647
 40
0.8588235294117647
 40
0.8588235294117647
 40
0.8705882352941177
 40
0.8705882352941177
 40
0.8705882352941177
 40
0.8705882352941177
 40
0.8823529411764706
 40
0.8823529411764706
 40
0.8823529411764706
 40
0.8823529411764706
 40
0.8941176470588236
 40
0.8941176470588236
 40
0.8941176470588236
 40
0.8941176470588236
 40
0.9058823529411765
 40
0.9058823529411765
 40
0.9058823529411765
 40
0.9058823529411765
 40
0.9176470588235294
 40
0.9176470588235294
 40
0.9176470588235294
 40
0.9176470588235294
 40
0.9294117647058824
 40
0.9294117647058824
 40
0.9294117647058824
 40
0.9294117647058824
 40
0.9411764705882353
 40
0.9411764705882353
 40
0.9411764705882353
 40
0.9411764705882353
 40
0.9529411764705882
 40
0.9529411764705882
 40
0.9529411764705882
 40
0.9529411764705882
 40
0.9647058823529412
 40
0.9647058823529412
 40
0.9647058823529412
 40
0.9647058823529412
 40
0.9764705882352941
 40
0.9764705882352941
 40
0.9764705882352941
 40
0.9764705882352941
 40
1.0
 40
1.0
 40
1.0
 40
1.0
 10
-0.4026259842519685
 20
0.3179212598425197
 30
0.0
 10
-0.3964606299212599
 20
0.3512086614173228
 30
0.0
 10
-0.2231338582677165
 20
0.6350866141732283
 30
0.0
 10
-0.1986299212598425
 20
0.6758818897637795
 30
0.0
 10
-0.1986299212598425
 20
0.6758818897637795
 30
0.0
 10
-0.0508858267716535
 20
0.9218425196850394
 30
0.0
 10
0.1252125984251969
 20
1.19607874015748
 30
0.0
 10
0.2412677165354331
 20
1.452311023622047
 30
0.0
 10
0.2412677165354331
 20
1.452311023622047
 30
0.0
 10
0.2596535433070866
 20
1.492893700787401
 30
0.0
 10
0.2605393700787402
 20
1.472917322834646
 30
0.0
 10
0.3030944881889764
 20
1.481858267716536
 30
0.0
 10
0.3030944881889764
 20
1.481858267716536
 30
0.0
 10
0.3690590551181102
 20
1.495724409448819
 30
0.0
 10
0.5164842519685039
 20
1.554669291338583
 30
0.0
 10
0.5717637795275591
 20
1.587413385826772
 30
0.0
 10
0.5717637795275591
 20
1.587413385826772
 30
0.0
 10
0.6977007874015748
 20
1.66201968503937
 30
0.0
 10
0.7264330708661417
 20
1.654283464566929
 30
0.0
 10
0.8776771653543307
 20
1.638397637795276
 30
0.0
 10
0.8776771653543307
 20
1.638397637795276
 30
0.0
 10
0.9371299212598425
 20
1.632153543307087
 30
0.0
 10
0.996988188976378
 20
1.635503937007874
 30
0.0
 10
1.056248031496063
 20
1.629362204724409
 30
0.0
 10
1.056248031496063
 20
1.629362204724409
 30
0.0
 10
1.223157480314961
 20
1.612055118110236
 30
0.0
 10
1.424224409448819
 20
1.605417322834646
 30
0.0
 10
1.589846456692913
 20
1.602570866141732
 30
0.0
 10
1.589846456692913
 20
1.602570866141732
 30
0.0
 10
1.824374015748031
 20
1.598535433070866
 30
0.0
 10
1.774834645669291
 20
1.587673228346457
 30
0.0
 10
1.99701968503937
 20
1.654976377952756
 30
0.0
 10
1.99701968503937
 20
1.654976377952756
 30
0.0
 10
2.105543307086614
 20
1.687846456692913
 30
0.0
 10
2.318929133858268
 20
1.664944881889764
 30
0.0
 10
2.443822834645669
 20
1.664472440944882
 30
0.0
 10
2.443822834645669
 20
1.664472440944882
 30
0.0
 10
2.678330708661417
 20
1.663582677165354
 30
0.0
 10
2.721885826771654
 20
1.562429133858268
 30
0.0
 10
2.815562992125984
 20
1.382153543307087
 30
0.0
 10
2.815562992125984
 20
1.382153543307087
 30
0.0
 10
2.8995
 20
1.220622047244095
 30
0.0
 10
2.926602362204724
 20
1.045208661417323
 30
0.0
 10
2.949023622047244
 20
0.8625354330708661
 30
0.0
 10
2.949023622047244
 20
0.8625354330708661
 30
0.0
 10
2.961114173228347
 20
0.7640433070866142
 30
0.0
 10
2.990129921259843
 20
0.6148307086614173
 30
0.0
 10
2.986043307086614
 20
0.5251850393700788
 30
0.0
 10
2.986043307086614
 20
0.5251850393700788
 30
0.0
 10
2.982464566929134
 20
0.5313661417322835
 30
0.0
 10
2.974452755905512
 20
0.5945511811023622
 30
0.0
 10
2.97148031496063
 20
0.6073070866141732
 30
0.0
 10
2.97148031496063
 20
0.6073070866141732
 30
0.0
 10
2.963625984251968
 20
0.6410039370078741
 30
0.0
 10
2.959078740157481
 20
0.6489133858267716
 30
0.0
 10
2.947913385826772
 20
0.6783818897637796
 30
0.0
 10
2.947913385826772
 20
0.6783818897637796
 30
0.0
 10
2.91294094488189
 20
0.6791614173228346
 30
0.0
 10
2.904767716535433
 20
0.6191417322834646
 30
0.0
 10
2.894228346456693
 20
0.594240157480315
 30
0.0
 10
2.894228346456693
 20
0.594240157480315
 30
0.0
 10
2.843850393700787
 20
0.4751929133858268
 30
0.0
 10
2.621858267716536
 20
0.0012913385826772
 30
0.0
 10
2.628834645669291
 20
-0.0857283464566929
 30
0.0
 10
2.628834645669291
 20
-0.0857283464566929
 30
0.0
 10
2.652535433070866
 20
-0.103755905511811
 30
0.0
 10
2.673236220472441
 20
-0.108255905511811
 30
0.0
 10
2.690362204724409
 20
-0.0830275590551181
 30
0.0
 10
2.690362204724409
 20
-0.0830275590551181
 30
0.0
 10
2.694385826771653
 20
-0.0771023622047244
 30
0.0
 10
2.937795275590551
 20
0.2826889763779528
 30
0.0
 10
2.950492125984252
 20
0.2847952755905512
 30
0.0
 10
2.950492125984252
 20
0.2847952755905512
 30
0.0
 10
2.95244094488189
 20
0.2651417322834645
 30
0.0
 10
2.943791338582677
 20
0.1748700787401575
 30
0.0
 10
2.944448818897638
 20
0.1379133858267717
 30
0.0
 10
2.944448818897638
 20
0.1379133858267717
 30
0.0
 10
2.948850393700787
 20
-0.1098031496062992
 30
0.0
 10
2.953618110236221
 20
-0.3608858267716535
 30
0.0
 10
2.969035433070866
 20
-0.6077165354330709
 30
0.0
 10
2.969035433070866
 20
-0.6077165354330709
 30
0.0
 10
2.993393700787402
 20
-0.9977125984251969
 30
0.0
 10
3.018562992125984
 20
-1.386956692913386
 30
0.0
 10
3.031948818897638
 20
-1.777555118110236
 30
0.0
 10
3.031948818897638
 20
-1.777555118110236
 30
0.0
 10
3.034397637795275
 20
-1.849031496062992
 30
0.0
 10
3.048362204724409
 20
-2.009334645669291
 30
0.0
 10
3.04394094488189
 20
-2.073051181102362
 30
0.0
 10
3.04394094488189
 20
-2.073051181102362
 30
0.0
 10
3.034720472440945
 20
-2.205976377952756
 30
0.0
 10
2.920133858267716
 20
-2.252240157480315
 30
0.0
 10
2.8215
 20
-2.314366141732283
 30
0.0
 10
2.8215
 20
-2.314366141732283
 30
0.0
 10
2.569590551181102
 20
-2.473031496062992
 30
0.0
 10
2.312759842519685
 20
-2.624606299212598
 30
0.0
 10
2.064795275590551
 20
-2.790051181102362
 30
0.0
 10
2.064795275590551
 20
-2.790051181102362
 30
0.0
 10
1.941822834645669
 20
-2.87209842519685
 30
0.0
 10
1.821070866141732
 20
-2.955696850393701
 30
0.0
 10
1.698047244094488
 20
-3.037196850393701
 30
0.0
 10
1.698047244094488
 20
-3.037196850393701
 30
0.0
 10
1.673905511811024
 20
-3.053188976377953
 30
0.0
 10
1.621507874015748
 20
-3.077346456692913
 30
0.0
 10
1.593358267716535
 20
-3.082511811023622
 30
0.0
 10
1.593358267716535
 20
-3.082511811023622
 30
0.0
 10
1.581102362204724
 20
-3.06242125984252
 30
0.0
 10
1.569173228346457
 20
-3.034574803149606
 30
0.0
 10
1.557929133858268
 20
-3.012244094488189
 30
0.0
 10
1.557929133858268
 20
-3.012244094488189
 30
0.0
 10
1.499952755905512
 20
-2.897106299212598
 30
0.0
 10
1.43242125984252
 20
-2.788452755905512
 30
0.0
 10
1.363976377952756
 20
-2.679996062992126
 30
0.0
 10
1.363976377952756
 20
-2.679996062992126
 30
0.0
 10
1.344464566929134
 20
-2.649082677165354
 30
0.0
 10
1.325724409448819
 20
-2.609062992125984
 30
0.0
 10
1.304633858267717
 20
-2.579972440944882
 30
0.0
 10
1.304633858267717
 20
-2.579972440944882
 30
0.0
 10
1.272507874015748
 20
-2.535661417322835
 30
0.0
 10
1.291330708661417
 20
-2.546267716535433
 30
0.0
 10
1.370846456692913
 20
-2.451515748031496
 30
0.0
 10
1.370846456692913
 20
-2.451515748031496
 30
0.0
 10
1.568409448818898
 20
-2.216106299212599
 30
0.0
 10
1.906082677165354
 20
-1.926346456692913
 30
0.0
 10
2.178952755905512
 20
-1.780692913385827
 30
0.0
 10
2.178952755905512
 20
-1.780692913385827
 30
0.0
 10
2.19903937007874
 20
-1.769976377952756
 30
0.0
 10
2.204511811023622
 20
-1.757157480314961
 30
0.0
 10
2.225669291338582
 20
-1.776464566929134
 30
0.0
 10
2.225669291338582
 20
-1.776464566929134
 30
0.0
 10
2.251188976377953
 20
-1.799755905511811
 30
0.0
 10
2.301925196850394
 20
-1.806196850393701
 30
0.0
 10
2.343082677165354
 20
-1.792622047244095
 30
0.0
 10
2.343082677165354
 20
-1.792622047244095
 30
0.0
 10
2.426007874015748
 20
-1.765271653543307
 30
0.0
 10
2.557952755905512
 20
-1.698125984251968
 30
0.0
 10
2.63407874015748
 20
-1.649165354330709
 30
0.0
 10
2.63407874015748
 20
-1.649165354330709
 30
0.0
 10
2.63407874015748
 20
-1.649165354330709
 30
0.0
 10
2.634322834645669
 20
-1.632937007874016
 30
0.0
 10
2.634322834645669
 20
-1.632937007874016
 30
0.0
 10
2.634322834645669
 20
-1.632937007874016
 30
0.0
 10
2.595503937007874
 20
-1.606275590551181
 30
0.0
 10
2.495716535433071
 20
-1.616409448818898
 30
0.0
 10
2.451637795275591
 20
-1.628614173228347
 30
0.0
 10
2.451637795275591
 20
-1.628614173228347
 30
0.0
 10
2.399464566929134
 20
-1.643062992125984
 30
0.0
 10
2.347011811023622
 20
-1.66240157480315
 30
0.0
 10
2.298897637795275
 20
-1.683228346456693
 30
0.0
 10
2.298897637795275
 20
-1.683228346456693
 30
0.0
 10
2.281897637795276
 20
-1.690590551181102
 30
0.0
 10
2.215472440944882
 20
-1.724937007874016
 30
0.0
 10
2.206122047244095
 20
-1.725807086614173
 30
0.0
 10
2.206122047244095
 20
-1.725807086614173
 30
0.0
 10
2.17301968503937
 20
-1.628
 30
0.0
 10
2.15655905511811
 20
-1.088208661417323
 30
0.0
 10
2.151881889763779
 20
-0.9422322834645669
 30
0.0
 10
2.151881889763779
 20
-0.9422322834645669
 30
0.0
 10
2.148988188976378
 20
-0.8067244094488188
 30
0.0
 10
2.13907874015748
 20
-0.6738818897637795
 30
0.0
 10
2.135661417322835
 20
-0.5382716535433071
 30
0.0
 10
2.135661417322835
 20
-0.5382716535433071
 30
0.0
 10
2.132712598425197
 20
-0.4210275590551181
 30
0.0
 10
2.132023622047244
 20
-0.3002874015748032
 30
0.0
 10
2.124244094488189
 20
-0.1827086614173228
 30
0.0
 10
2.124244094488189
 20
-0.1827086614173228
 30
0.0
 10
2.113956692913386
 20
-0.0271220472440945
 30
0.0
 10
2.130031496062992
 20
-0.0482047244094488
 30
0.0
 10
2.217917322834646
 20
0.0802007874015748
 30
0.0
 10
2.217917322834646
 20
0.0802007874015748
 30
0.0
 10
2.438267716535433
 20
0.4021417322834646
 30
0.0
 10
2.864968503937008
 20
1.192106299212598
 30
0.0
 10
2.58848031496063
 20
1.524074803149606
 30
0.0
 10
2.58848031496063
 20
1.524074803149606
 30
0.0
 10
2.417476377952756
 20
1.729385826771654
 30
0.0
 10
2.044992125984252
 20
1.590389763779527
 30
0.0
 10
1.876925196850394
 20
1.383232283464567
 30
0.0
 10
1.876925196850394
 20
1.383232283464567
 30
0.0
 10
1.77009842519685
 20
1.251562992125984
 30
0.0
 10
1.640708661417323
 20
1.021862204724409
 30
0.0
 10
1.637468503937008
 20
0.7840944881889764
 30
0.0
 10
1.637468503937008
 20
0.7840944881889764
 30
0.0
 10
1.635228346456693
 20
0.6194409448818897
 30
0.0
 10
1.671149606299213
 20
0.4028740157480315
 30
0.0
 10
1.831393700787401
 20
0.3466023622047244
 30
0.0
 10
1.831393700787401
 20
0.3466023622047244
 30
0.0
 10
1.92655905511811
 20
0.3131850393700787
 30
0.0
 10
1.978389763779528
 20
0.3530708661417323
 30
0.0
 10
1.992897637795276
 20
0.3553740157480315
 30
0.0
 10
1.992897637795276
 20
0.3553740157480315
 30
0.0
 10
2.008992125984252
 20
0.3579291338582677
 30
0.0
 10
1.999090551181102
 20
0.3383149606299213
 30
0.0
 10
2.003244094488189
 20
0.3027007874015748
 30
0.0
 10
2.003244094488189
 20
0.3027007874015748
 30
0.0
 10
2.011807086614173
 20
0.229244094488189
 30
0.0
 10
2.023153543307087
 20
0.0886771653543307
 30
0.0
 10
2.043692913385827
 20
0.0241732283464567
 30
0.0
 10
2.043692913385827
 20
0.0241732283464567
 30
0.0
 10
2.049047244094488
 20
0.0073543307086614
 30
0.0
 10
2.054570866141732
 20
0.0013582677165354
 30
0.0
 10
2.046811023622047
 20
-0.0168188976377953
 30
0.0
 10
2.046811023622047
 20
-0.0168188976377953
 30
0.0
 10
2.013665354330709
 20
-0.0944566929133858
 30
0.0
 10
2.017055118110236
 20
-0.0824212598425197
 30
0.0
 10
1.968031496062992
 20
-0.1502677165354331
 30
0.0
 10
1.968031496062992
 20
-0.1502677165354331
 30
0.0
 10
1.760972440944882
 20
-0.4368307086614173
 30
0.0
 10
1.534846456692913
 20
-0.710748031496063
 30
0.0
 10
1.311704724409449
 20
-0.984744094488189
 30
0.0
 10
1.311704724409449
 20
-0.984744094488189
 30
0.0
 10
0.9822559055118111
 20
-1.389275590551181
 30
0.0
 10
0.7852204724409448
 20
-1.712031496062992
 30
0.0
 10
0.6218425196850393
 20
-2.21063779527559
 30
0.0
 10
0.6218425196850393
 20
-2.21063779527559
 30
0.0
 10
0.5950511811023622
 20
-2.292401574803149
 30
0.0
 10
0.5360826771653543
 20
-2.330267716535433
 30
0.0
 10
0.4732125984251969
 20
-2.382425196850394
 30
0.0
 10
0.4732125984251969
 20
-2.382425196850394
 30
0.0
 10
0.0990590551181102
 20
-2.692858267716535
 30
0.0
 10
-0.2192165354330709
 20
-3.240570866141732
 30
0.0
 10
-0.480751968503937
 20
-3.660224409448819
 30
0.0
 10
-0.480751968503937
 20
-3.660224409448819
 30
0.0
 10
-0.4985866141732284
 20
-3.688846456692914
 30
0.0
 10
-0.5498188976377952
 20
-3.768909448818897
 30
0.0
 10
-0.5809763779527559
 20
-3.771070866141732
 30
0.0
 10
-0.5809763779527559
 20
-3.771070866141732
 30
0.0
 10
-0.5950196850393701
 20
-3.655602362204724
 30
0.0
 10
-0.6066614173228346
 20
-3.54046062992126
 30
0.0
 10
-0.6194566929133858
 20
-3.42451968503937
 30
0.0
 10
-0.6194566929133858
 20
-3.42451968503937
 30
0.0
 10
-0.6339842519685039
 20
-3.292913385826772
 30
0.0
 10
-0.6787125984251968
 20
-2.631141732283464
 30
0.0
 10
-0.7037874015748031
 20
-2.550929133858268
 30
0.0
 10
-0.7037874015748031
 20
-2.550929133858268
 30
0.0
 10
-0.7299763779527559
 20
-2.467141732283465
 30
0.0
 10
-0.7728346456692914
 20
-2.462988188976378
 30
0.0
 10
-0.7805196850393701
 20
-2.436303149606299
 30
0.0
 10
-0.7805196850393701
 20
-2.436303149606299
 30
0.0
 10
-0.7859803149606299
 20
-2.417350393700787
 30
0.0
 10
-0.7959173228346457
 20
-2.422476377952756
 30
0.0
 10
-0.8013937007874016
 20
-2.408456692913386
 30
0.0
 10
-0.8013937007874016
 20
-2.408456692913386
 30
0.0
 10
-0.8265314960629921
 20
-2.344102362204724
 30
0.0
 10
-0.7765354330708661
 20
-1.528929133858268
 30
0.0
 10
-0.772507874015748
 20
-1.343692913385827
 30
0.0
 10
-0.772507874015748
 20
-1.343692913385827
 30
0.0
 10
-0.7710629921259843
 20
-1.27713779527559
 30
0.0
 10
-0.7615826771653543
 20
-0.998255905511811
 30
0.0
 10
-0.7536181102362205
 20
-0.9790590551181102
 30
0.0
 10
-0.7536181102362205
 20
-0.9790590551181102
 30
0.0
 10
-0.731748031496063
 20
-0.9730511811023622
 30
0.0
 10
-0.6894724409448819
 20
-0.9942244094488188
 30
0.0
 10
-0.6729291338582677
 20
-1.005909448818898
 30
0.0
 10
-0.6729291338582677
 20
-1.005909448818898
 30
0.0
 10
-0.6346377952755905
 20
-1.03296062992126
 30
0.0
 10
-0.5059842519685039
 20
-1.215862204724409
 30
0.0
 10
-0.4834212598425197
 20
-1.263685039370079
 30
0.0
 10
-0.4834212598425197
 20
-1.263685039370079
 30
0.0
 10
-0.410736220472441
 20
-1.417736220472441
 30
0.0
 10
-0.3434803149606299
 20
-1.567267716535433
 30
0.0
 10
-0.2765984251968504
 20
-1.723791338582677
 30
0.0
 10
-0.2765984251968504
 20
-1.723791338582677
 30
0.0
 10
-0.2046220472440945
 20
-1.892232283464567
 30
0.0
 10
-0.1459645669291339
 20
-2.093905511811024
 30
0.0
 10
0.1135708661417323
 20
-1.889161417322835
 30
0.0
 10
0.1135708661417323
 20
-1.889161417322835
 30
0.0
 10
0.1779527559055118
 20
-1.838374015748031
 30
0.0
 10
0.2973503937007874
 20
-1.757066929133858
 30
0.0
 10
0.3652362204724409
 20
-1.695200787401575
 30
0.0
 10
0.3652362204724409
 20
-1.695200787401575
 30
0.0
 10
0.4039566929133858
 20
-1.65992125984252
 30
0.0
 10
0.4438897637795275
 20
-1.626448818897638
 30
0.0
 10
0.4816653543307087
 20
-1.590181102362205
 30
0.0
 10
0.4816653543307087
 20
-1.590181102362205
 30
0.0
 10
0.6133976377952756
 20
-1.463700787401575
 30
0.0
 10
0.7327086614173228
 20
-1.330870078740158
 30
0.0
 10
0.7485393700787402
 20
-1.136188976377953
 30
0.0
 10
0.7485393700787402
 20
-1.136188976377953
 30
0.0
 10
0.7543976377952756
 20
-1.064165354330709
 30
0.0
 10
0.7429606299212599
 20
-0.6334212598425197
 30
0.0
 10
0.7420078740157481
 20
-0.5359566929133859
 30
0.0
 10
0.7420078740157481
 20
-0.5359566929133859
 30
0.0
 10
0.7418228346456693
 20
-0.51348031496063
 30
0.0
 10
0.7405472440944882
 20
-0.5064645669291339
 30
0.0
 10
0.7561692913385827
 20
-0.4963346456692914
 30
0.0
 10
0.7561692913385827
 20
-0.4963346456692914
 30
0.0
 10
0.7941299212598425
 20
-0.4717125984251969
 30
0.0
 10
0.7861811023622047
 20
-0.4518110236220472
 30
0.0
 10
0.8059133858267716
 20
-0.432740157480315
 30
0.0
 10
0.8059133858267716
 20
-0.432740157480315
 30
0.0
 10
0.8513818897637795
 20
-0.3887992125984252
 30
0.0
 10
0.9586850393700788
 20
-0.3930472440944882
 30
0.0
 10
1.134208661417323
 20
-0.0938070866141732
 30
0.0
 10
1.134208661417323
 20
-0.0938070866141732
 30
0.0
 10
1.203488188976378
 20
0.0243110236220472
 30
0.0
 10
1.249259842519685
 20
0.1935629921259842
 30
0.0
 10
1.25194094488189
 20
0.3456220472440945
 30
0.0
 10
1.25194094488189
 20
0.3456220472440945
 30
0.0
 10
1.254692913385827
 20
0.5019133858267717
 30
0.0
 10
1.272240157480315
 20
0.6540039370078741
 30
0.0
 10
1.085196850393701
 20
0.5273346456692913
 30
0.0
 10
1.085196850393701
 20
0.5273346456692913
 30
0.0
 10
1.018208661417323
 20
0.4819724409448819
 30
0.0
 10
0.9302834645669291
 20
0.3660511811023622
 30
0.0
 10
0.8824606299212598
 20
0.2844606299212599
 30
0.0
 10
0.8824606299212598
 20
0.2844606299212599
 30
0.0
 10
0.7831771653543307
 20
0.1150748031496063
 30
0.0
 10
0.7240984251968504
 20
-0.1047637795275591
 30
0.0
 10
0.6895393700787401
 20
-0.3031023622047244
 30
0.0
 10
0.6895393700787401
 20
-0.3031023622047244
 30
0.0
 10
0.6827834645669292
 20
-0.3400826771653543
 30
0.0
 10
0.6869448818897638
 20
-0.3704488188976378
 30
0.0
 10
0.6841653543307087
 20
-0.408003937007874
 30
0.0
 10
0.6841653543307087
 20
-0.408003937007874
 30
0.0
 10
0.6680472440944882
 20
-0.4189055118110236
 30
0.0
 10
0.5208858267716535
 20
-0.4529330708661417
 30
0.0
 10
0.4912165354330709
 20
-0.4566771653543307
 30
0.0
 10
0.4912165354330709
 20
-0.4566771653543307
 30
0.0
 10
0.4154763779527559
 20
-0.466236220472441
 30
0.0
 10
0.340248031496063
 20
-0.4716535433070866
 30
0.0
 10
0.2670236220472441
 20
-0.4580629921259842
 30
0.0
 10
0.2670236220472441
 20
-0.4580629921259842
 30
0.0
 10
0.187251968503937
 20
-0.443255905511811
 30
0.0
 10
0.2348346456692913
 20
-0.4578346456692913
 30
0.0
 10
0.1438740157480315
 20
-0.4281811023622047
 30
0.0
 10
0.1438740157480315
 20
-0.4281811023622047
 30
0.0
 10
-0.0225157480314961
 20
-0.3739330708661417
 30
0.0
 10
-0.1489212598425197
 20
-0.193
 30
0.0
 10
-0.216
 20
-0.036740157480315
 30
0.0
 10
-0.216
 20
-0.036740157480315
 30
0.0
 10
-0.2498267716535433
 20
0.0420669291338583
 30
0.0
 10
-0.3451456692913386
 20
0.2554055118110236
 30
0.0
 10
-0.3873543307086614
 20
0.3045196850393701
 30
0.0
 10
-0.3873543307086614
 20
0.3045196850393701
 30
0.0
 10
-0.3935708661417323
 20
0.311755905511811
 30
0.0
 10
-0.3957795275590551
 20
0.3115590551181102
 30
0.0
 10
-0.4026259842519685
 20
0.3179212598425197
 30
0.0
  0
SPLINE
  5
81
330
1F
100
AcDbEntity
  8
Layer 1
370
     9
100
AcDbSpline
210
0.0
220
0.0
230
1.0
 70
    11
 71
     3
 72
    56
 73
    52
 74
     0
 42
0.000000001
 43
0.0000000001
 40
0.0
 40
0.0
 40
0.0
 40
0.0
 40
0.0714285714285714
 40
0.0714285714285714
 40
0.0714285714285714
 40
0.0714285714285714
 40
0.1428571428571428
 40
0.1428571428571428
 40
0.1428571428571428
 40
0.1428571428571428
 40
0.2142857142857143
 40
0.2142857142857143
 40
0.2142857142857143
 40
0.2142857142857143
 40
0.2857142857142857
 40
0.2857142857142857
 40
0.2857142857142857
 40
0.2857142857142857
 40
0.3571428571428572
 40
0.3571428571428572
 40
0.3571428571428572
 40
0.3571428571428572
 40
0.4285714285714285
 40
0.4285714285714285
 40
0.4285714285714285
 40
0.4285714285714285
 40
0.5
 40
0.5
 40
0.5
 40
0.5
 40
0.5714285714285714
 40
0.5714285714285714
 40
0.5714285714285714
 40
0.5714285714285714
 40
0.6428571428571429
 40
0.6428571428571429
 40
0.6428571428571429
 40
0.6428571428571429
 40
0.7142857142857143
 40
0.7142857142857143
 40
0.7142857142857143
 40
0.7142857142857143
 40
0.7857142857142857
 40
0.7857142857142857
 40
0.7857142857142857
 40
0.7857142857142857
 40
0.8571428571428571
 40
0.8571428571428571
 40
0.8571428571428571
 40
0.8571428571428571
 40
1.0
 40
1.0
 40
1.0
 40
1.0
 10
-0.9085433070866141
 20
0.9404921259842519
 30
0.0
 10
-0.7266259842519684
 20
1.069787401574803
 30
0.0
 10
-0.2367165354330709
 20
1.538405511811024
 30
0.0
 10
-0.0494409448818898
 20
1.717279527559055
 30
0.0
 10
-0.0494409448818898
 20
1.717279527559055
 30
0.0
 10
0.0221338582677165
 20
1.785645669291338
 30
0.0
 10
0.0098622047244094
 20
1.81394094488189
 30
0.0
 10
0.1003464566929134
 20
1.779531496062992
 30
0.0
 10
0.1003464566929134
 20
1.779531496062992
 30
0.0
 10
0.2061338582677165
 20
1.739299212598425
 30
0.0
 10
0.1174094488188976
 20
1.599992125984252
 30
0.0
 10
0.1989291338582677
 20
1.509192913385827
 30
0.0
 10
0.1989291338582677
 20
1.509192913385827
 30
0.0
 10
0.2102047244094488
 20
1.496633858267717
 30
0.0
 10
0.1468858267716535
 20
1.39288188976378
 30
0.0
 10
0.1380393700787401
 20
1.374976377952756
 30
0.0
 10
0.1380393700787401
 20
1.374976377952756
 30
0.0
 10
-0.0177834645669291
 20
1.059614173228346
 30
0.0
 10
-0.2308976377952756
 20
0.7593464566929133
 30
0.0
 10
-0.409248031496063
 20
0.4522755905511811
 30
0.0
 10
-0.409248031496063
 20
0.4522755905511811
 30
0.0
 10
-0.416748031496063
 20
0.4393582677165354
 30
0.0
 10
-0.4645944881889764
 20
0.3508464566929134
 30
0.0
 10
-0.4683858267716535
 20
0.347763779527559
 30
0.0
 10
-0.4683858267716535
 20
0.347763779527559
 30
0.0
 10
-0.488240157480315
 20
0.3316062992125984
 30
0.0
 10
-0.4952677165354331
 20
0.3794842519685039
 30
0.0
 10
-0.6664448818897638
 20
0.2180708661417323
 30
0.0
 10
-0.6664448818897638
 20
0.2180708661417323
 30
0.0
 10
-0.7221496062992125
 20
0.1655433070866142
 30
0.0
 10
-0.7818661417322834
 20
0.1141653543307087
 30
0.0
 10
-0.8384527559055118
 20
0.0624212598425197
 30
0.0
 10
-0.8384527559055118
 20
0.0624212598425197
 30
0.0
 10
-0.8786574803149606
 20
0.0256574803149606
 30
0.0
 10
-1.056444881889764
 20
-0.1551653543307087
 30
0.0
 10
-1.093586614173228
 20
-0.171011811023622
 30
0.0
 10
-1.093586614173228
 20
-0.171011811023622
 30
0.0
 10
-1.09209842519685
 20
-0.1525354330708661
 30
0.0
 10
-1.066795275590551
 20
-0.0726496062992126
 30
0.0
 10
-1.059822834645669
 20
-0.0480866141732283
 30
0.0
 10
-1.059822834645669
 20
-0.0480866141732283
 30
0.0
 10
-0.9888543307086615
 20
0.2019527559055118
 30
0.0
 10
-0.9003622047244094
 20
0.6331889763779528
 30
0.0
 10
-0.9017755905511811
 20
0.9120354330708661
 30
0.0
 10
-0.9017755905511811
 20
0.9120354330708661
 30
0.0
 10
-0.907240157480315
 20
0.9160551181102362
 30
0.0
 10
-0.9058070866141732
 20
0.9145787401574803
 30
0.0
 10
-0.9124173228346457
 20
0.9179488188976378
 30
0.0
 10
-0.9124173228346457
 20
0.9179488188976378
 30
0.0
 10
-0.9086102362204724
 20
0.9288779527559056
 30
0.0
 10
-0.9092244094488189
 20
0.9256929133858268
 30
0.0
 10
-0.9085433070866141
 20
0.9404921259842519
 30
0.0
  0
SPLINE
  5
82
330
1F
100
AcDbEntity
  8
Layer 1
370
     9
100
AcDbSpline
210
0.0
220
0.0
230
1.0
 70
    11
 71
     3
 72
    44
 73
    40
 74
     0
 42
0.000000001
 43
0.0000000001
 40
0.0
 40
0.0
 40
0.0
 40
0.0
 40
0.0909090909090909
 40
0.0909090909090909
 40
0.0909090909090909
 40
0.0909090909090909
 40
0.1818181818181818
 40
0.1818181818181818
 40
0.1818181818181818
 40
0.1818181818181818
 40
0.2727272727272727
 40
0.2727272727272727
 40
0.2727272727272727
 40
0.2727272727272727
 40
0.3636363636363636
 40
0.3636363636363636
 40
0.3636363636363636
 40
0.3636363636363636
 40
0.4545454545454545
 40
0.4545454545454545
 40
0.4545454545454545
 40
0.4545454545454545
 40
0.5454545454545454
 40
0.5454545454545454
 40
0.5454545454545454
 40
0.5454545454545454
 40
0.6363636363636364
 40
0.6363636363636364
 40
0.6363636363636364
 40
0.6363636363636364
 40
0.7272727272727273
 40
0.7272727272727273
 40
0.7272727272727273
 40
0.7272727272727273
 40
0.8181818181818182
 40
0.8181818181818182
 40
0.8181818181818182
 40
0.8181818181818182
 40
1.0
 40
1.0
 40
1.0
 40
1.0
 10
2.092311023622047
 20
0.0541181102362205
 30
0.0
 10
2.078968503937008
 20
0.1474724409448819
 30
0.0
 10
2.085594488188976
 20
0.2829724409448819
 30
0.0
 10
2.058381889763779
 20
0.3681811023622047
 30
0.0
 10
2.058381889763779
 20
0.3681811023622047
 30
0.0
 10
2.044007874015748
 20
0.4131732283464567
 30
0.0
 10
2.051917322834646
 20
0.4211062992125984
 30
0.0
 10
2.066149606299212
 20
0.4699685039370079
 30
0.0
 10
2.066149606299212
 20
0.4699685039370079
 30
0.0
 10
2.089822834645669
 20
0.551240157480315
 30
0.0
 10
2.126165354330709
 20
0.577015748031496
 30
0.0
 10
2.070692913385827
 20
0.7128897637795275
 30
0.0
 10
2.070692913385827
 20
0.7128897637795275
 30
0.0
 10
2.059374015748031
 20
0.7406141732283464
 30
0.0
 10
2.026842519685039
 20
0.8340748031496062
 30
0.0
 10
2.000173228346457
 20
0.7961023622047244
 30
0.0
 10
2.000173228346457
 20
0.7961023622047244
 30
0.0
 10
1.933992125984252
 20
0.7018700787401575
 30
0.0
 10
2.04303937007874
 20
0.4844645669291339
 30
0.0
 10
1.990070866141732
 20
0.4300866141732284
 30
0.0
 10
1.990070866141732
 20
0.4300866141732284
 30
0.0
 10
1.940334645669291
 20
0.3790236220472441
 30
0.0
 10
1.823984251968504
 20
0.3935275590551181
 30
0.0
 10
1.771909448818898
 20
0.5064645669291339
 30
0.0
 10
1.771909448818898
 20
0.5064645669291339
 30
0.0
 10
1.675759842519685
 20
0.7149842519685039
 30
0.0
 10
1.745649606299213
 20
0.9717086614173228
 30
0.0
 10
1.854452755905512
 20
1.163858267716535
 30
0.0
 10
1.854452755905512
 20
1.163858267716535
 30
0.0
 10
1.968236220472441
 20
1.364799212598425
 30
0.0
 10
2.157291338582677
 20
1.544610236220472
 30
0.0
 10
2.412047244094488
 20
1.50638188976378
 30
0.0
 10
2.412047244094488
 20
1.50638188976378
 30
0.0
 10
2.616866141732284
 20
1.475645669291339
 30
0.0
 10
2.569448818897638
 20
1.125137795275591
 30
0.0
 10
2.537417322834646
 20
0.9949566929133858
 30
0.0
 10
2.537417322834646
 20
0.9949566929133858
 30
0.0
 10
2.452468503937008
 20
0.6497047244094488
 30
0.0
 10
2.273846456692914
 20
0.3526181102362205
 30
0.0
 10
2.092311023622047
 20
0.0541181102362205
 30
0.0
  0
SPLINE
  5
83
330
1F
100
AcDbEntity
  8
Layer 1
370
     9
100
AcDbSpline
210
0.0
220
0.0
230
1.0
 70
    11
 71
     3
 72
    28
 73
    24
 74
     0
 42
0.000000001
 43
0.0000000001
 40
0.0
 40
0.0
 40
0.0
 40
0.0
 40
0.1428571428571428
 40
0.1428571428571428
 40
0.1428571428571428
 40
0.1428571428571428
 40
0.2857142857142857
 40
0.2857142857142857
 40
0.2857142857142857
 40
0.2857142857142857
 40
0.4285714285714285
 40
0.4285714285714285
 40
0.4285714285714285
 40
0.4285714285714285
 40
0.5714285714285714
 40
0.5714285714285714
 40
0.5714285714285714
 40
0.5714285714285714
 40
0.7142857142857143
 40
0.7142857142857143
 40
0.7142857142857143
 40
0.7142857142857143
 40
1.0
 40
1.0
 40
1.0
 40
1.0
 10
-1.476224409448819
 20
0.2256102362204724
 30
0.0
 10
-1.476543307086614
 20
0.5746732283464567
 30
0.0
 10
-1.360220472440945
 20
0.5768858267716536
 30
0.0
 10
-1.150988188976378
 20
0.7486771653543307
 30
0.0
 10
-1.150988188976378
 20
0.7486771653543307
 30
0.0
 10
-1.111188976377953
 20
0.7813582677165354
 30
0.0
 10
-1.06951968503937
 20
0.8071023622047244
 30
0.0
 10
-1.029944881889764
 20
0.8398897637795275
 30
0.0
 10
-1.029944881889764
 20
0.8398897637795275
 30
0.0
 10
-1.019874015748031
 20
0.8482322834645669
 30
0.0
 10
-0.9995826771653543
 20
0.8683464566929134
 30
0.0
 10
-0.9941417322834646
 20
0.870251968503937
 30
0.0
 10
-0.9941417322834646
 20
0.870251968503937
 30
0.0
 10
-0.9813228346456693
 20
0.7499055118110236
 30
0.0
 10
-1.093791338582677
 20
0.014744094488189
 30
0.0
 10
-1.137641732283465
 20
-0.183507874015748
 30
0.0
 10
-1.137641732283465
 20
-0.183507874015748
 30
0.0
 10
-1.150862204724409
 20
-0.2432677165354331
 30
0.0
 10
-1.20392125984252
 20
-0.215511811023622
 30
0.0
 10
-1.25701968503937
 20
-0.1908464566929134
 30
0.0
 10
-1.25701968503937
 20
-0.1908464566929134
 30
0.0
 10
-1.424937007874016
 20
-0.1128503937007874
 30
0.0
 10
-1.476062992125984
 20
0.0455944881889764
 30
0.0
 10
-1.476224409448819
 20
0.2256102362204724
 30
0.0
  0
SPLINE
  5
84
330
1F
100
AcDbEntity
  8
Layer 1
370
     9
100
AcDbSpline
210
0.0
220
0.0
230
1.0
 70
    11
 71
     3
 72
    16
 73
    12
 74
     0
 42
0.000000001
 43
0.0000000001
 40
0.0
 40
0.0
 40
0.0
 40
0.0
 40
0.25
 40
0.25
 40
0.25
 40
0.25
 40
0.5
 40
0.5
 40
0.5
 40
0.5
 40
1.0
 40
1.0
 40
1.0
 40
1.0
 10
2.019740157480315
 20
0.7356417322834645
 30
0.0
 10
2.047956692913386
 20
0.7094094488188977
 30
0.0
 10
2.067437007874016
 20
0.6011653543307086
 30
0.0
 10
2.062
 20
0.5629488188976378
 30
0.0
 10
2.062
 20
0.5629488188976378
 30
0.0
 10
2.06086220472441
 20
0.5549645669291339
 30
0.0
 10
2.055354330708661
 20
0.5456338582677165
 30
0.0
 10
2.055456692913386
 20
0.5432283464566929
 30
0.0
 10
2.055456692913386
 20
0.5432283464566929
 30
0.0
 10
2.046043307086614
 20
0.5898267716535434
 30
0.0
 10
2.017633858267716
 20
0.6936377952755906
 30
0.0
 10
2.019740157480315
 20
0.7356417322834645
 30
0.0
  0
SPLINE
  5
85
330
1F
100
AcDbEntity
  8
Layer 1
370
     9
100
AcDbSpline
210
0.0
220
0.0
230
1.0
 70
    11
 71
     3
 72
    20
 73
    16
 74
     0
 42
0.000000001
 43
0.0000000001
 40
0.0
 40
0.0
 40
0.0
 40
0.0
 40
0.2
 40
0.2
 40
0.2
 40
0.2
 40
0.4
 40
0.4
 40
0.4
 40
0.4
 40
0.6
 40
0.6
 40
0.6
 40
0.6
 40
1.0
 40
1.0
 40
1.0
 40
1.0
 10
2.670692913385827
 20
-0.0487125984251969
 30
0.0
 10
2.720377952755905
 20
0.1462125984251968
 30
0.0
 10
2.852188976377953
 20
0.414015748031496
 30
0.0
 10
2.935385826771653
 20
0.6032204724409449
 30
0.0
 10
2.935385826771653
 20
0.6032204724409449
 30
0.0
 10
2.941913385826772
 20
0.590988188976378
 30
0.0
 10
2.958090551181102
 20
0.4093543307086614
 30
0.0
 10
2.955740157480315
 20
0.3848228346456693
 30
0.0
 10
2.955740157480315
 20
0.3848228346456693
 30
0.0
 10
2.949744094488189
 20
0.3222834645669291
 30
0.0
 10
2.807318897637795
 20
0.1535590551181102
 30
0.0
 10
2.767787401574803
 20
0.093007874015748
 30
0.0
 10
2.767787401574803
 20
0.093007874015748
 30
0.0
 10
2.736669291338583
 20
0.0453425196850394
 30
0.0
 10
2.703204724409449
 20
-0.0023267716535433
 30
0.0
 10
2.670692913385827
 20
-0.0487125984251969
 30
0.0
  0
SPLINE
  5
86
330
1F
100
AcDbEntity
  8
Layer 1
370
     9
100
AcDbSpline
210
0.0
220
0.0
230
1.0
 70
    11
 71
     3
 72
    24
 73
    20
 74
     0
 42
0.000000001
 43
0.0000000001
 40
0.0
 40
0.0
 40
0.0
 40
0.0
 40
0.1666666666666667
 40
0.1666666666666667
 40
0.1666666666666667
 40
0.1666666666666667
 40
0.3333333333333333
 40
0.3333333333333333
 40
0.3333333333333333
 40
0.3333333333333333
 40
0.5
 40
0.5
 40
0.5
 40
0.5
 40
0.6666666666666666
 40
0.6666666666666666
 40
0.6666666666666666
 40
0.6666666666666666
 40
1.0
 40
1.0
 40
1.0
 40
1.0
 10
0.7997834645669292
 20
-0.3889803149606299
 30
0.0
 10
0.7877716535433071
 20
-0.2788110236220472
 30
0.0
 10
0.917511811023622
 20
0.137259842519685
 30
0.0
 10
0.9951141732283465
 20
0.2388740157480315
 30
0.0
 10
0.9951141732283465
 20
0.2388740157480315
 30
0.0
 10
1.016216535433071
 20
0.266507874015748
 30
0.0
 10
1.033
 20
0.2993110236220473
 30
0.0
 10
1.055468503937008
 20
0.3264566929133858
 30
0.0
 10
1.055468503937008
 20
0.3264566929133858
 30
0.0
 10
1.066488188976378
 20
0.3397677165354331
 30
0.0
 10
1.123448818897638
 20
0.4114015748031496
 30
0.0
 10
1.137614173228346
 20
0.4157007874015748
 30
0.0
 10
1.137614173228346
 20
0.4157007874015748
 30
0.0
 10
1.142125984251968
 20
0.4050433070866142
 30
0.0
 10
1.143346456692913
 20
0.3589448818897638
 30
0.0
 10
1.143299212598425
 20
0.3433070866141733
 30
0.0
 10
1.143299212598425
 20
0.3433070866141733
 30
0.0
 10
1.141523622047244
 20
-0.2165
 30
0.0
 10
0.8004015748031496
 20
-0.3879251968503937
 30
0.0
 10
0.7997834645669292
 20
-0.3889803149606299
 30
0.0
  0
SPLINE
  5
87
330
1F
100
AcDbEntity
  8
Layer 1
370
     9
100
AcDbSpline
210
0.0
220
0.0
230
1.0
 70
    11
 71
     3
 72
    60
 73
    56
 74
     0
 42
0.000000001
 43
0.0000000001
 40
0.0
 40
0.0
 40
0.0
 40
0.0
 40
0.0666666666666667
 40
0.0666666666666667
 40
0.0666666666666667
 40
0.0666666666666667
 40
0.1333333333333333
 40
0.1333333333333333
 40
0.1333333333333333
 40
0.1333333333333333
 40
0.2
 40
0.2
 40
0.2
 40
0.2
 40
0.2666666666666667
 40
0.2666666666666667
 40
0.2666666666666667
 40
0.2666666666666667
 40
0.3333333333333333
 40
0.3333333333333333
 40
0.3333333333333333
 40
0.3333333333333333
 40
0.4
 40
0.4
 40
0.4
 40
0.4
 40
0.4666666666666667
 40
0.4666666666666667
 40
0.4666666666666667
 40
0.4666666666666667
 40
0.5333333333333333
 40
0.5333333333333333
 40
0.5333333333333333
 40
0.5333333333333333
 40
0.6
 40
0.6
 40
0.6
 40
0.6
 40
0.6666666666666666
 40
0.6666666666666666
 40
0.6666666666666666
 40
0.6666666666666666
 40
0.7333333333333333
 40
0.7333333333333333
 40
0.7333333333333333
 40
0.7333333333333333
 40
0.8
 40
0.8
 40
0.8
 40
0.8
 40
0.8666666666666667
 40
0.8666666666666667
 40
0.8666666666666667
 40
0.8666666666666667
 40
1.0
 40
1.0
 40
1.0
 40
1.0
 10
-1.297102362204724
 20
-1.02059842519685
 30
0.0
 10
-1.297377952755906
 20
-0.7754566929133858
 30
0.0
 10
-1.188228346456693
 20
-0.5171456692913385
 30
0.0
 10
-1.101255905511811
 20
-0.292740157480315
 30
0.0
 10
-1.101255905511811
 20
-0.292740157480315
 30
0.0
 10
-1.081267716535433
 20
-0.2428070866141732
 30
0.0
 10
-1.074102362204724
 20
-0.2614370078740157
 30
0.0
 10
-1.035586614173228
 20
-0.236992125984252
 30
0.0
 10
-1.035586614173228
 20
-0.236992125984252
 30
0.0
 10
-0.9790551181102363
 20
-0.1970511811023622
 30
0.0
 10
-0.7564094488188976
 20
0.0113149606299213
 30
0.0
 10
-0.6751811023622047
 20
0.0789724409448819
 30
0.0
 10
-0.6751811023622047
 20
0.0789724409448819
 30
0.0
 10
-0.6512401574803149
 20
0.0980236220472441
 30
0.0
 10
-0.5582047244094488
 20
0.1855314960629921
 30
0.0
 10
-0.545984251968504
 20
0.1918818897637795
 30
0.0
 10
-0.545984251968504
 20
0.1918818897637795
 30
0.0
 10
-0.5463346456692914
 20
0.1830984251968504
 30
0.0
 10
-0.5849370078740157
 20
0.1016889763779528
 30
0.0
 10
-0.5914212598425197
 20
0.0850748031496063
 30
0.0
 10
-0.5914212598425197
 20
0.0850748031496063
 30
0.0
 10
-0.7092755905511811
 20
-0.2168897637795276
 30
0.0
 10
-0.7520472440944882
 20
-0.4605866141732283
 30
0.0
 10
-0.804267716535433
 20
-0.7796850393700787
 30
0.0
 10
-0.804267716535433
 20
-0.7796850393700787
 30
0.0
 10
-0.804267716535433
 20
-0.7796850393700787
 30
0.0
 10
-0.8261811023622048
 20
-0.9122716535433071
 30
0.0
 10
-0.8261811023622048
 20
-0.9122716535433071
 30
0.0
 10
-0.8261811023622048
 20
-0.9122716535433071
 30
0.0
 10
-0.8312244094488189
 20
-0.9610866141732284
 30
0.0
 10
-0.8279330708661418
 20
-0.9492716535433071
 30
0.0
 10
-0.8557244094488189
 20
-0.9610236220472441
 30
0.0
 10
-0.8557244094488189
 20
-0.9610236220472441
 30
0.0
 10
-0.9251692913385827
 20
-0.9903818897637795
 30
0.0
 10
-0.9893425196850394
 20
-1.103543307086614
 30
0.0
 10
-1.023125984251968
 20
-1.177114173228347
 30
0.0
 10
-1.023125984251968
 20
-1.177114173228347
 30
0.0
 10
-1.086338582677165
 20
-1.314779527559055
 30
0.0
 10
-1.099472440944882
 20
-1.38907874015748
 30
0.0
 10
-1.131925196850394
 20
-1.53
 30
0.0
 10
-1.131925196850394
 20
-1.53
 30
0.0
 10
-1.139767716535433
 20
-1.564051181102362
 30
0.0
 10
-1.146354330708661
 20
-1.64601968503937
 30
0.0
 10
-1.154027559055118
 20
-1.659240157480315
 30
0.0
 10
-1.154027559055118
 20
-1.659240157480315
 30
0.0
 10
-1.164157480314961
 20
-1.656374015748032
 30
0.0
 10
-1.161275590551181
 20
-1.656318897637795
 30
0.0
 10
-1.163692913385827
 20
-1.644862204724409
 30
0.0
 10
-1.163692913385827
 20
-1.644862204724409
 30
0.0
 10
-1.185893700787402
 20
-1.545405511811024
 30
0.0
 10
-1.211137795275591
 20
-1.447582677165354
 30
0.0
 10
-1.234133858267717
 20
-1.348204724409449
 30
0.0
 10
-1.234133858267717
 20
-1.348204724409449
 30
0.0
 10
-1.261307086614173
 20
-1.230775590551181
 30
0.0
 10
-1.296948818897638
 20
-1.155066929133858
 30
0.0
 10
-1.297102362204724
 20
-1.02059842519685
 30
0.0
  0
SPLINE
  5
88
330
1F
100
AcDbEntity
  8
Layer 1
370
     9
100
AcDbSpline
210
0.0
220
0.0
230
1.0
 70
    11
 71
     3
 72
    60
 73
    56
 74
     0
 42
0.000000001
 43
0.0000000001
 40
0.0
 40
0.0
 40
0.0
 40
0.0
 40
0.0666666666666667
 40
0.0666666666666667
 40
0.0666666666666667
 40
0.0666666666666667
 40
0.1333333333333333
 40
0.1333333333333333
 40
0.1333333333333333
 40
0.1333333333333333
 40
0.2
 40
0.2
 40
0.2
 40
0.2
 40
0.2666666666666667
 40
0.2666666666666667
 40
0.2666666666666667
 40
0.2666666666666667
 40
0.3333333333333333
 40
0.3333333333333333
 40
0.3333333333333333
 40
0.3333333333333333
 40
0.4
 40
0.4
 40
0.4
 40
0.4
 40
0.4666666666666667
 40
0.4666666666666667
 40
0.4666666666666667
 40
0.4666666666666667
 40
0.5333333333333333
 40
0.5333333333333333
 40
0.5333333333333333
 40
0.5333333333333333
 40
0.6
 40
0.6
 40
0.6
 40
0.6
 40
0.6666666666666666
 40
0.6666666666666666
 40
0.6666666666666666
 40
0.6666666666666666
 40
0.7333333333333333
 40
0.7333333333333333
 40
0.7333333333333333
 40
0.7333333333333333
 40
0.8
 40
0.8
 40
0.8
 40
0.8
 40
0.8666666666666667
 40
0.8666666666666667
 40
0.8666666666666667
 40
0.8666666666666667
 40
1.0
 40
1.0
 40
1.0
 40
1.0
 10
-0.7488622047244095
 20
-0.9388464566929133
 30
0.0
 10
-0.7006456692913385
 20
-0.6421456692913385
 30
0.0
 10
-0.6570629921259843
 20
-0.3176574803149606
 30
0.0
 10
-0.5577874015748031
 20
-0.0356299212598425
 30
0.0
 10
-0.5577874015748031
 20
-0.0356299212598425
 30
0.0
 10
-0.5420984251968504
 20
0.0089488188976378
 30
0.0
 10
-0.4737913385826772
 20
0.1864566929133858
 30
0.0
 10
-0.4515157480314961
 20
0.2223346456692913
 30
0.0
 10
-0.4515157480314961
 20
0.2223346456692913
 30
0.0
 10
-0.442492125984252
 20
0.2183425196850394
 30
0.0
 10
-0.3791259842519685
 20
0.0704645669291339
 30
0.0
 10
-0.371988188976378
 20
0.052492125984252
 30
0.0
 10
-0.371988188976378
 20
0.052492125984252
 30
0.0
 10
-0.3173740157480315
 20
-0.0850157480314961
 30
0.0
 10
-0.2432795275590551
 20
-0.2404448818897638
 30
0.0
 10
-0.147007874015748
 20
-0.3528267716535433
 30
0.0
 10
-0.147007874015748
 20
-0.3528267716535433
 30
0.0
 10
0.0545708661417323
 20
-0.5881456692913386
 30
0.0
 10
0.3718740157480315
 20
-0.6221929133858267
 30
0.0
 10
0.6554291338582677
 20
-0.5408346456692913
 30
0.0
 10
0.6554291338582677
 20
-0.5408346456692913
 30
0.0
 10
0.6678858267716535
 20
-0.5365
 30
0.0
 10
0.6873543307086614
 20
-0.5266456692913386
 30
0.0
 10
0.7005984251968503
 20
-0.5249291338582677
 30
0.0
 10
0.7005984251968503
 20
-0.5249291338582677
 30
0.0
 10
0.689003937007874
 20
-0.6379015748031496
 30
0.0
 10
0.6743582677165354
 20
-0.7748622047244095
 30
0.0
 10
0.6693228346456693
 20
-0.8913307086614173
 30
0.0
 10
0.6693228346456693
 20
-0.8913307086614173
 30
0.0
 10
0.6541181102362205
 20
-1.243326771653543
 30
0.0
 10
0.6466850393700787
 20
-1.282688976377953
 30
0.0
 10
0.379240157480315
 20
-1.526866141732284
 30
0.0
 10
0.379240157480315
 20
-1.526866141732284
 30
0.0
 10
0.3245196850393701
 20
-1.576826771653543
 30
0.0
 10
-0.0109803149606299
 20
-1.857586614173228
 30
0.0
 10
-0.0832086614173228
 20
-1.855082677165354
 30
0.0
 10
-0.0832086614173228
 20
-1.855082677165354
 30
0.0
 10
-0.130003937007874
 20
-1.784681102362205
 30
0.0
 10
-0.1750314960629921
 20
-1.662295275590551
 30
0.0
 10
-0.2112834645669291
 20
-1.587366141732284
 30
0.0
 10
-0.2112834645669291
 20
-1.587366141732284
 30
0.0
 10
-0.2707165354330709
 20
-1.46451968503937
 30
0.0
 10
-0.3321062992125984
 20
-1.347649606299212
 30
0.0
 10
-0.400011811023622
 20
-1.231488188976378
 30
0.0
 10
-0.400011811023622
 20
-1.231488188976378
 30
0.0
 10
-0.4542716535433071
 20
-1.138661417322835
 30
0.0
 10
-0.4921811023622047
 20
-1.116137795275591
 30
0.0
 10
-0.5561220472440945
 20
-1.041283464566929
 30
0.0
 10
-0.5561220472440945
 20
-1.041283464566929
 30
0.0
 10
-0.5863307086614173
 20
-1.005917322834646
 30
0.0
 10
-0.6216062992125985
 20
-0.9708740157480314
 30
0.0
 10
-0.6660551181102362
 20
-0.9520669291338583
 30
0.0
 10
-0.6660551181102362
 20
-0.9520669291338583
 30
0.0
 10
-0.711259842519685
 20
-0.9329370078740158
 30
0.0
 10
-0.6992677165354331
 20
-0.9467283464566929
 30
0.0
 10
-0.7488622047244095
 20
-0.9388464566929133
 30
0.0
  0
SPLINE
  5
89
330
1F
100
AcDbEntity
  8
Layer 1
370
     9
100
AcDbSpline
210
0.0
220
0.0
230
1.0
 70
    11
 71
     3
 72
    16
 73
    12
 74
     0
 42
0.000000001
 43
0.0000000001
 40
0.0
 40
0.0
 40
0.0
 40
0.0
 40
0.25
 40
0.25
 40
0.25
 40
0.25
 40
0.5
 40
0.5
 40
0.5
 40
0.5
 40
1.0
 40
1.0
 40
1.0
 40
1.0
 10
2.246551181102362
 20
-1.752169291338583
 30
0.0
 10
2.259795275590551
 20
-1.71955905511811
 30
0.0
 10
2.519759842519685
 20
-1.636003937007874
 30
0.0
 10
2.553251968503937
 20
-1.654165354330709
 30
0.0
 10
2.553251968503937
 20
-1.654165354330709
 30
0.0
 10
2.539066929133858
 20
-1.676606299212599
 30
0.0
 10
2.45603937007874
 20
-1.705204724409449
 30
0.0
 10
2.429161417322835
 20
-1.71646062992126
 30
0.0
 10
2.429161417322835
 20
-1.71646062992126
 30
0.0
 10
2.400562992125984
 20
-1.728437007874016
 30
0.0
 10
2.29196062992126
 20
-1.789228346456693
 30
0.0
 10
2.246551181102362
 20
-1.752169291338583
 30
0.0
  0
SPLINE
  5
8A
330
1F
100
AcDbEntity
  8
Layer 1
370
     9
100
AcDbSpline
210
0.0
220
0.0
230
1.0
 70
    11
 71
     3
 72
    52
 73
    48
 74
     0
 42
0.000000001
 43
0.0000000001
 40
0.0
 40
0.0
 40
0.0
 40
0.0
 40
0.0769230769230769
 40
0.0769230769230769
 40
0.0769230769230769
 40
0.0769230769230769
 40
0.1538461538461539
 40
0.1538461538461539
 40
0.1538461538461539
 40
0.1538461538461539
 40
0.2307692307692308
 40
0.2307692307692308
 40
0.2307692307692308
 40
0.2307692307692308
 40
0.3076923076923077
 40
0.3076923076923077
 40
0.3076923076923077
 40
0.3076923076923077
 40
0.3846153846153846
 40
0.3846153846153846
 40
0.3846153846153846
 40
0.3846153846153846
 40
0.4615384615384616
 40
0.4615384615384616
 40
0.4615384615384616
 40
0.4615384615384616
 40
0.5384615384615384
 40
0.5384615384615384
 40
0.5384615384615384
 40
0.5384615384615384
 40
0.6153846153846154
 40
0.6153846153846154
 40
0.6153846153846154
 40
0.6153846153846154
 40
0.6923076923076923
 40
0.6923076923076923
 40
0.6923076923076923
 40
0.6923076923076923
 40
0.7692307692307693
 40
0.7692307692307693
 40
0.7692307692307693
 40
0.7692307692307693
 40
0.8461538461538461
 40
0.8461538461538461
 40
0.8461538461538461
 40
0.8461538461538461
 40
1.0
 40
1.0
 40
1.0
 40
1.0
 10
0.6648464566929134
 20
-2.203948818897638
 30
0.0
 10
0.6725944881889764
 20
-2.125228346456693
 30
0.0
 10
0.8415787401574804
 20
-1.777133858267717
 30
0.0
 10
0.8889606299212598
 20
-1.687771653543307
 30
0.0
 10
0.8889606299212598
 20
-1.687771653543307
 30
0.0
 10
1.084771653543307
 20
-1.318464566929134
 30
0.0
 10
1.301122047244095
 20
-1.098507874015748
 30
0.0
 10
1.550456692913386
 20
-0.7918031496062992
 30
0.0
 10
1.550456692913386
 20
-0.7918031496062992
 30
0.0
 10
1.709259842519685
 20
-0.5964606299212598
 30
0.0
 10
1.875188976377953
 20
-0.4120551181102362
 30
0.0
 10
2.02455905511811
 20
-0.2112322834645669
 30
0.0
 10
2.02455905511811
 20
-0.2112322834645669
 30
0.0
 10
2.029263779527559
 20
-0.2046653543307086
 30
0.0
 10
2.029192913385827
 20
-0.2002913385826772
 30
0.0
 10
2.037653543307087
 20
-0.1999133858267717
 30
0.0
 10
2.037653543307087
 20
-0.1999133858267717
 30
0.0
 10
2.041204724409449
 20
-0.2095157480314961
 30
0.0
 10
2.047937007874016
 20
-0.3741574803149607
 30
0.0
 10
2.048933070866142
 20
-0.3999488188976378
 30
0.0
 10
2.048933070866142
 20
-0.3999488188976378
 30
0.0
 10
2.062066929133858
 20
-0.7399606299212599
 30
0.0
 10
2.098393700787402
 20
-1.049464566929134
 30
0.0
 10
2.120326771653543
 20
-1.378271653543307
 30
0.0
 10
2.120326771653543
 20
-1.378271653543307
 30
0.0
 10
2.127566929133858
 20
-1.486791338582677
 30
0.0
 10
2.131799212598425
 20
-1.600133858267716
 30
0.0
 10
2.165055118110236
 20
-1.70286220472441
 30
0.0
 10
2.165055118110236
 20
-1.70286220472441
 30
0.0
 10
2.169452755905512
 20
-1.716444881889764
 30
0.0
 10
2.177200787401575
 20
-1.729625984251969
 30
0.0
 10
2.179346456692913
 20
-1.738322834645669
 30
0.0
 10
2.179346456692913
 20
-1.738322834645669
 30
0.0
 10
2.174381889763779
 20
-1.744937007874016
 30
0.0
 10
1.997015748031496
 20
-1.849677165354331
 30
0.0
 10
1.979877952755906
 20
-1.860484251968504
 30
0.0
 10
1.979877952755906
 20
-1.860484251968504
 30
0.0
 10
1.715543307086614
 20
-2.02713779527559
 30
0.0
 10
1.466515748031496
 20
-2.293161417322835
 30
0.0
 10
1.25761811023622
 20
-2.52859842519685
 30
0.0
 10
1.25761811023622
 20
-2.52859842519685
 30
0.0
 10
1.224685039370079
 20
-2.49686220472441
 30
0.0
 10
1.041161417322835
 20
-2.236409448818898
 30
0.0
 10
0.9546692913385827
 20
-2.186326771653543
 30
0.0
 10
0.9546692913385827
 20
-2.186326771653543
 30
0.0
 10
0.7856299212598425
 20
-2.088444881889764
 30
0.0
 10
0.7135984251968504
 20
-2.188984251968504
 30
0.0
 10
0.6648464566929134
 20
-2.203948818897638
 30
0.0
  0
SPLINE
  5
8B
330
1F
100
AcDbEntity
  8
Layer 1
370
     9
100
AcDbSpline
210
0.0
220
0.0
230
1.0
 70
    11
 71
     3
 72
    20
 73
    16
 74
     0
 42
0.000000001
 43
0.0000000001
 40
0.0
 40
0.0
 40
0.0
 40
0.0
 40
0.2
 40
0.2
 40
0.2
 40
0.2
 40
0.4
 40
0.4
 40
0.4
 40
0.4
 40
0.6
 40
0.6
 40
0.6
 40
0.6
 40
1.0
 40
1.0
 40
1.0
 40
1.0
 10
-0.8360984251968504
 20
-2.642748031496063
 30
0.0
 10
-0.8547047244094488
 20
-2.633944881889764
 30
0.0
 10
-0.9277401574803149
 20
-2.486909448818897
 30
0.0
 10
-0.9171968503937008
 20
-2.420614173228346
 30
0.0
 10
-0.9171968503937008
 20
-2.420614173228346
 30
0.0
 10
-0.9020354330708661
 20
-2.419692913385827
 30
0.0
 10
-0.8800866141732283
 20
-2.440712598425197
 30
0.0
 10
-0.8697952755905511
 20
-2.448858267716536
 30
0.0
 10
-0.8697952755905511
 20
-2.448858267716536
 30
0.0
 10
-0.8468858267716536
 20
-2.466984251968504
 30
0.0
 10
-0.8490314960629921
 20
-2.46448031496063
 30
0.0
 10
-0.8462283464566929
 20
-2.50040157480315
 30
0.0
 10
-0.8462283464566929
 20
-2.50040157480315
 30
0.0
 10
-0.8462283464566929
 20
-2.50040157480315
 30
0.0
 10
-0.8360984251968504
 20
-2.642748031496063
 30
0.0
 10
-0.8360984251968504
 20
-2.642748031496063
 30
0.0
  0
SPLINE
  5
8C
330
1F
100
AcDbEntity
  8
Layer 1
370
     9
100
AcDbSpline
210
0.0
220
0.0
230
1.0
 70
    11
 71
     3
 72
    48
 73
    44
 74
     0
 42
0.000000001
 43
0.0000000001
 40
0.0
 40
0.0
 40
0.0
 40
0.0
 40
0.0833333333333333
 40
0.0833333333333333
 40
0.0833333333333333
 40
0.0833333333333333
 40
0.1666666666666667
 40
0.1666666666666667
 40
0.1666666666666667
 40
0.1666666666666667
 40
0.25
 40
0.25
 40
0.25
 40
0.25
 40
0.3333333333333333
 40
0.3333333333333333
 40
0.3333333333333333
 40
0.3333333333333333
 40
0.4166666666666667
 40
0.4166666666666667
 40
0.4166666666666667
 40
0.4166666666666667
 40
0.5
 40
0.5
 40
0.5
 40
0.5
 40
0.5833333333333334
 40
0.5833333333333334
 40
0.5833333333333334
 40
0.5833333333333334
 40
0.6666666666666666
 40
0.6666666666666666
 40
0.6666666666666666
 40
0.6666666666666666
 40
0.75
 40
0.75
 40
0.75
 40
0.75
 40
0.8333333333333334
 40
0.8333333333333334
 40
0.8333333333333334
 40
0.8333333333333334
 40
1.0
 40
1.0
 40
1.0
 40
1.0
 10
-0.3170787401574803
 20
-5.30294094488189
 30
0.0
 10
-0.3425393700787401
 20
-5.301181102362205
 30
0.0
 10
-0.6689527559055118
 20
-4.963933070866141
 30
0.0
 10
-0.7170236220472441
 20
-4.906228346456693
 30
0.0
 10
-0.7170236220472441
 20
-4.906228346456693
 30
0.0
 10
-0.7630590551181102
 20
-4.850972440944882
 30
0.0
 10
-0.8135905511811024
 20
-4.796220472440945
 30
0.0
 10
-0.8601811023622047
 20
-4.740062992125984
 30
0.0
 10
-0.8601811023622047
 20
-4.740062992125984
 30
0.0
 10
-1.04590157480315
 20
-4.516200787401575
 30
0.0
 10
-1.216311023622047
 20
-4.253236220472441
 30
0.0
 10
-1.33698031496063
 20
-3.987311023622047
 30
0.0
 10
-1.33698031496063
 20
-3.987311023622047
 30
0.0
 10
-1.381732283464567
 20
-3.888692913385827
 30
0.0
 10
-1.417066929133858
 20
-3.811153543307086
 30
0.0
 10
-1.401350393700787
 20
-3.687122047244094
 30
0.0
 10
-1.401350393700787
 20
-3.687122047244094
 30
0.0
 10
-1.379885826771654
 20
-3.517716535433071
 30
0.0
 10
-1.247137795275591
 20
-3.086208661417323
 30
0.0
 10
-1.18448031496063
 20
-2.859047244094488
 30
0.0
 10
-1.18448031496063
 20
-2.859047244094488
 30
0.0
 10
-1.172279527559055
 20
-2.814807086614173
 30
0.0
 10
-1.168984251968504
 20
-2.730767716535433
 30
0.0
 10
-1.126389763779527
 20
-2.73101968503937
 30
0.0
 10
-1.126389763779527
 20
-2.73101968503937
 30
0.0
 10
-1.11311811023622
 20
-2.758964566929134
 30
0.0
 10
-1.161342519685039
 20
-3.076153543307087
 30
0.0
 10
-1.014531496062992
 20
-3.460952755905512
 30
0.0
 10
-1.014531496062992
 20
-3.460952755905512
 30
0.0
 10
-0.9624173228346456
 20
-3.597547244094488
 30
0.0
 10
-0.8707244094488189
 20
-3.853244094488189
 30
0.0
 10
-0.7394173228346457
 20
-3.927133858267716
 30
0.0
 10
-0.7394173228346457
 20
-3.927133858267716
 30
0.0
 10
-0.6156811023622047
 20
-3.996759842519685
 30
0.0
 10
-0.6639409448818898
 20
-3.909240157480315
 30
0.0
 10
-0.6408503937007874
 20
-4.038212598425197
 30
0.0
 10
-0.6408503937007874
 20
-4.038212598425197
 30
0.0
 10
-0.6007598425196851
 20
-4.262133858267717
 30
0.0
 10
-0.5690511811023622
 20
-4.427874015748031
 30
0.0
 10
-0.5099763779527559
 20
-4.650259842519685
 30
0.0
 10
-0.5099763779527559
 20
-4.650259842519685
 30
0.0
 10
-0.489496062992126
 20
-4.727350393700787
 30
0.0
 10
-0.3172086614173228
 20
-5.288275590551181
 30
0.0
 10
-0.3170787401574803
 20
-5.30294094488189
 30
0.0
  0
SPLINE
  5
8D
330
1F
100
AcDbEntity
  8
Layer 1
370
     9
100
AcDbSpline
210
0.0
220
0.0
230
1.0
 70
    11
 71
     3
 72
    40
 73
    36
 74
     0
 42
0.000000001
 43
0.0000000001
 40
0.0
 40
0.0
 40
0.0
 40
0.0
 40
0.1
 40
0.1
 40
0.1
 40
0.1
 40
0.2
 40
0.2
 40
0.2
 40
0.2
 40
0.3
 40
0.3
 40
0.3
 40
0.3
 40
0.4
 40
0.4
 40
0.4
 40
0.4
 40
0.5
 40
0.5
 40
0.5
 40
0.5
 40
0.6
 40
0.6
 40
0.6
 40
0.6
 40
0.7
 40
0.7
 40
0.7
 40
0.7
 40
0.8
 40
0.8
 40
0.8
 40
0.8
 40
1.0
 40
1.0
 40
1.0
 40
1.0
 10
0.5296141732283465
 20
-3.109153543307086
 30
0.0
 10
0.5296850393700787
 20
-2.900842519685039
 30
0.0
 10
0.5672047244094488
 20
-2.728334645669291
 30
0.0
 10
0.582992125984252
 20
-2.530086614173229
 30
0.0
 10
0.582992125984252
 20
-2.530086614173229
 30
0.0
 10
0.5845196850393701
 20
-2.510889763779528
 30
0.0
 10
0.667748031496063
 20
-2.444334645669291
 30
0.0
 10
0.7013070866141732
 20
-2.407287401574803
 30
0.0
 10
0.7013070866141732
 20
-2.407287401574803
 30
0.0
 10
0.8261889763779527
 20
-2.269425196850394
 30
0.0
 10
0.84251968503937
 20
-2.291712598425197
 30
0.0
 10
0.9668858267716536
 20
-2.432893700787401
 30
0.0
 10
0.9668858267716536
 20
-2.432893700787401
 30
0.0
 10
1.306224409448819
 20
-2.818122047244095
 30
0.0
 10
1.419799212598425
 20
-3.082263779527559
 30
0.0
 10
1.629547244094488
 20
-3.514748031496063
 30
0.0
 10
1.629547244094488
 20
-3.514748031496063
 30
0.0
 10
1.678397637795276
 20
-3.615476377952756
 30
0.0
 10
1.690787401574803
 20
-3.632814960629921
 30
0.0
 10
1.589984251968504
 20
-3.690657480314961
 30
0.0
 10
1.589984251968504
 20
-3.690657480314961
 30
0.0
 10
1.324956692913386
 20
-3.842740157480315
 30
0.0
 10
1.139606299212598
 20
-3.992551181102362
 30
0.0
 10
0.9301181102362205
 20
-4.19396062992126
 30
0.0
 10
0.9301181102362205
 20
-4.19396062992126
 30
0.0
 10
0.9029370078740158
 20
-4.220094488188977
 30
0.0
 10
0.8590236220472441
 20
-4.272192913385827
 30
0.0
 10
0.8225551181102362
 20
-4.279413385826771
 30
0.0
 10
0.8225551181102362
 20
-4.279413385826771
 30
0.0
 10
0.7289724409448819
 20
-4.297948818897638
 30
0.0
 10
0.6979606299212598
 20
-4.111110236220473
 30
0.0
 10
0.6764645669291338
 20
-4.041685039370079
 30
0.0
 10
0.6764645669291338
 20
-4.041685039370079
 30
0.0
 10
0.5844409448818898
 20
-3.744456692913386
 30
0.0
 10
0.5295236220472441
 20
-3.420551181102362
 30
0.0
 10
0.5296141732283465
 20
-3.109153543307086
 30
0.0
  0
ENDSEC
  0
SECTION
  2
OBJECTS
  0
DICTIONARY
  5
C
330
0
100
AcDbDictionary
281
     1
  3
ACAD_DETAILVIEWSTYLE
350
C9
  3
ACAD_GROUP
350
D
  3
ACAD_LAYOUT
350
1A
  3
ACAD_MATERIAL
350
43
  3
ACAD_MLEADERSTYLE
350
6B
  3
ACAD_MLINESTYLE
350
17
  3
ACAD_PLOTSETTINGS
350
19
  3
ACAD_PLOTSTYLENAME
350
E
  3
ACAD_SCALELIST
350
47
  3
ACAD_SECTIONVIEWSTYLE
350
CA
  3
ACAD_TABLESTYLE
350
69
  3
ACAD_VISUALSTYLE
350
2A
  3
ACDB_RECOMPOSE_DATA
350
C6
  3
AcDbVariableDictionary
350
8E
  0
SUN
  5
6D
330
29
100
AcDbSun
 90
        1
290
     0
 63
     7
421
 16777215
 40
1.0
291
     1
 91
  2455826
 92
 54000000
292
     0
 70
     2
 71
   256
280
     1
  0
DICTIONARY
  5
C9
102
{ACAD_REACTORS
330
C
102
}
330
C
100
AcDbDictionary
281
     1
  0
DICTIONARY
  5
D
102
{ACAD_REACTORS
330
C
102
}
330
C
100
AcDbDictionary
281
     1
  0
DICTIONARY
  5
1A
102
{ACAD_REACTORS
330
C
102
}
330
C
100
AcDbDictionary
281
     1
  3
Layout1
350
1E
  3
Layout2
350
26
  3
Model
350
22
  0
DICTIONARY
  5
43
102
{ACAD_REACTORS
330
C
102
}
330
C
100
AcDbDictionary
281
     1
  3
ByBlock
350
45
  3
ByLayer
350
44
  3
Global
350
46
  0
DICTIONARY
  5
6B
102
{ACAD_REACTORS
330
C
102
}
330
C
100
AcDbDictionary
281
     1
  3
Standard
350
6C
  0
DICTIONARY
  5
17
102
{ACAD_REACTORS
330
C
102
}
330
C
100
AcDbDictionary
281
     1
  3
Standard
350
18
  0
DICTIONARY
  5
19
102
{ACAD_REACTORS
330
C
102
}
330
C
100
AcDbDictionary
281
     1
  0
ACDBDICTIONARYWDFLT
  5
E
102
{ACAD_REACTORS
330
C
102
}
330
C
100
AcDbDictionary
281
     1
  3
Normal
350
F
100
AcDbDictionaryWithDefault
340
F
  0
DICTIONARY
  5
47
102
{ACAD_REACTORS
330
C
102
}
330
C
100
AcDbDictionary
281
     1
  3
A0
350
48
  3
A1
350
49
  3
A2
350
4A
  3
A3
350
4B
  3
A4
350
4C
  3
A5
350
4D
  3
A6
350
4E
  3
A7
350
4F
  3
A8
350
50
  3
A9
350
51
  3
B0
350
52
  3
B1
350
53
  3
B2
350
54
  3
B3
350
55
  3
B4
350
56
  3
B5
350
57
  3
B6
350
58
  3
B7
350
59
  3
B8
350
5A
  3
B9
350
5B
  3
C0
350
5C
  3
C1
350
5D
  3
C2
350
5E
  3
C3
350
5F
  3
C4
350
60
  3
C5
350
61
  3
C6
350
62
  3
C7
350
63
  3
C8
350
64
  3
C9
350
65
  3
D0
350
66
  3
D1
350
67
  3
D2
350
68
  0
DICTIONARY
  5
CA
102
{ACAD_REACTORS
330
C
102
}
330
C
100
AcDbDictionary
281
     1
  0
DICTIONARY
  5
69
102
{ACAD_REACTORS
330
C
102
}
330
C
100
AcDbDictionary
281
     1
  3
Standard
350
6A
  0
DICTIONARY
  5
2A
102
{ACAD_REACTORS
330
C
102
}
330
C
100
AcDbDictionary
281
     1
  3
2dWireframe
350
2F
  3
Basic
350
32
  3
Brighten
350
36
  3
ColorChange
350
3A
  3
Conceptual
350
34
  3
Dim
350
35
  3
EdgeColorOff
350
3D
  3
Facepattern
350
39
  3
Flat
350
2B
  3
FlatWithEdges
350
2C
  3
Gouraud
350
2D
  3
GouraudWithEdges
350
2E
  3
Hidden
350
31
  3
JitterOff
350
3B
  3
Linepattern
350
38
  3
OverhangOff
350
3C
  3
Realistic
350
33
  3
Shaded
350
42
  3
Shaded with edges
350
41
  3
Shades of Gray
350
3E
  3
Sketchy
350
3F
  3
Thicken
350
37
  3
Wireframe
350
30
  3
X-Ray
350
40
  0
XRECORD
  5
C6
102
{ACAD_REACTORS
330
C
102
}
330
C
100
AcDbXrecord
280
     1
 90
        1
330
6A
  0
DICTIONARY
  5
8E
102
{ACAD_REACTORS
330
C
102
}
330
C
100
AcDbDictionary
281
     1
  3
CANNOSCALE
350
8F
  3
CMLEADERSTYLE
350
C8
  3
CTABLESTYLE
350
C7
  3
XCLIPFRAME
350
90
  0
LAYOUT
  5
1E
102
{ACAD_REACTORS
330
1A
102
}
330
1A
100
AcDbPlotSettings
  1

  2
none_device
  4

  6

 40
0.0
 41
0.0
 42
0.0
 43
0.0
 44
0.0
 45
0.0
 46
0.0
 47
0.0
 48
0.0
 49
0.0
140
0.0
141
0.0
142
1.0
143
1.0
 70
   688
 72
     0
 73
     0
 74
     5
  7

 75
    16
 76
     0
 77
     2
 78
   300
147
1.0
148
0.0
149
0.0
100
AcDbLayout
  1
Layout1
 70
     1
 71
     1
 10
0.0
 20
0.0
 11
12.0
 21
9.0
 12
0.0
 22
0.0
 32
0.0
 14
1.000000000000000E+20
 24
1.000000000000000E+20
 34
1.000000000000000E+20
 15
-1.000000000000000E+20
 25
-1.000000000000000E+20
 35
-1.000000000000000E+20
146
0.0
 13
0.0
 23
0.0
 33
0.0
 16
1.0
 26
0.0
 36
0.0
 17
0.0
 27
1.0
 37
0.0
 76
     0
330
1B
  0
LAYOUT
  5
26
102
{ACAD_REACTORS
330
1A
102
}
330
1A
100
AcDbPlotSettings
  1

  2
none_device
  4

  6

 40
0.0
 41
0.0
 42
0.0
 43
0.0
 44
0.0
 45
0.0
 46
0.0
 47
0.0
 48
0.0
 49
0.0
140
0.0
141
0.0
142
1.0
143
1.0
 70
   688
 72
     0
 73
     0
 74
     5
  7

 75
    16
 76
     0
 77
     2
 78
   300
147
1.0
148
0.0
149
0.0
100
AcDbLayout
  1
Layout2
 70
     1
 71
     2
 10
0.0
 20
0.0
 11
0.0
 21
0.0
 12
0.0
 22
0.0
 32
0.0
 14
0.0
 24
0.0
 34
0.0
 15
0.0
 25
0.0
 35
0.0
146
0.0
 13
0.0
 23
0.0
 33
0.0
 16
1.0
 26
0.0
 36
0.0
 17
0.0
 27
1.0
 37
0.0
 76
     0
330
23
  0
LAYOUT
  5
22
102
{ACAD_REACTORS
330
1A
102
}
330
1A
100
AcDbPlotSettings
  1

  2
none_device
  4
Letter_(8.50_x_11.00_Inches)
  6

 40
6.35
 41
6.35
 42
6.35000508
 43
6.35000508
 44
215.9
 45
279.4
 46
0.0
 47
0.0
 48
0.0
 49
0.0
140
0.0
141
0.0
142
1.0
143
1.0
 70
  1712
 72
     0
 73
     0
 74
     0
  7

 75
     0
 76
     0
 77
     2
 78
   300
147
1.0
148
0.0
149
0.0
100
AcDbLayout
  1
Model
 70
     1
 71
     0
 10
0.0
 20
0.0
 11
12.0
 21
9.0
 12
0.0
 22
0.0
 32
0.0
 14
-3.20255905511811
 24
-5.444570866141732
 34
0.0
 15
3.202555118110236
 25
5.444570866141732
 35
0.0
146
0.0
 13
0.0
 23
0.0
 33
0.0
 16
1.0
 26
0.0
 36
0.0
 17
0.0
 27
1.0
 37
0.0
 76
     0
330
1F
331
29
  0
MATERIAL
  5
45
102
{ACAD_REACTORS
330
43
102
}
330
43
100
AcDbMaterial
  1
ByBlock
 72
     1
 94
      127
  0
MATERIAL
  5
44
102
{ACAD_REACTORS
330
43
102
}
330
43
100
AcDbMaterial
  1
ByLayer
 72
     1
 94
      127
  0
MATERIAL
  5
46
102
{ACAD_REACTORS
330
43
102
}
330
43
100
AcDbMaterial
  1
Global
 72
     1
 94
      127
  0
MLEADERSTYLE
  5
6C
102
{ACAD_REACTORS
330
6B
102
}
102
{ACAD_XDICTIONARY
360
C4
102
}
330
6B
100
AcDbMLeaderStyle
170
     2
171
     1
172
     0
 90
        2
 40
0.0
 41
0.0
173
     1
 91
-1056964608
340
14
 92
       -2
290
     1
 42
0.09
291
     1
 43
0.36
  3
Standard
341
0
 44
0.18
300

342
11
174
     1
178
     6
175
     1
176
     0
 93
-1056964608
 45
0.18
292
     0
297
     0
 46
0.18
343
0
 94
-1056964608
 47
1.0
 49
1.0
140
1.0
293
     1
141
0.0
294
     1
177
     0
142
1.0
295
     0
296
     0
143
0.125
1001
ACAD_MLEADERVER
1070
     2
  0
MLINESTYLE
  5
18
102
{ACAD_REACTORS
330
17
102
}
330
17
100
AcDbMlineStyle
  2
Standard
 70
     0
  3

 62
   256
 51
90.0
 52
90.0
 71
     2
 49
0.5
 62
   256
  6
BYLAYER
 49
-0.5
 62
   256
  6
BYLAYER
  0
ACDBPLACEHOLDER
  5
F
102
{ACAD_REACTORS
330
E
102
}
330
E
  0
SCALE
  5
48
102
{ACAD_REACTORS
330
47
102
}
330
47
100
AcDbScale
 70
     0
300
1:1
140
1.0
141
1.0
290
     1
  0
SCALE
  5
49
102
{ACAD_REACTORS
330
47
102
}
330
47
100
AcDbScale
 70
     0
300
1:2
140
1.0
141
2.0
290
     0
  0
SCALE
  5
4A
102
{ACAD_REACTORS
330
47
102
}
330
47
100
AcDbScale
 70
     0
300
1:4
140
1.0
141
4.0
290
     0
  0
SCALE
  5
4B
102
{ACAD_REACTORS
330
47
102
}
330
47
100
AcDbScale
 70
     0
300
1:5
140
1.0
141
5.0
290
     0
  0
SCALE
  5
4C
102
{ACAD_REACTORS
330
47
102
}
330
47
100
AcDbScale
 70
     0
300
1:8
140
1.0
141
8.0
290
     0
  0
SCALE
  5
4D
102
{ACAD_REACTORS
330
47
102
}
330
47
100
AcDbScale
 70
     0
300
1:10
140
1.0
141
10.0
290
     0
  0
SCALE
  5
4E
102
{ACAD_REACTORS
330
47
102
}
330
47
100
AcDbScale
 70
     0
300
1:16
140
1.0
141
16.0
290
     0
  0
SCALE
  5
4F
102
{ACAD_REACTORS
330
47
102
}
330
47
100
AcDbScale
 70
     0
300
1:20
140
1.0
141
20.0
290
     0
  0
SCALE
  5
50
102
{ACAD_REACTORS
330
47
102
}
330
47
100
AcDbScale
 70
     0
300
1:30
140
1.0
141
30.0
290
     0
  0
SCALE
  5
51
102
{ACAD_REACTORS
330
47
102
}
330
47
100
AcDbScale
 70
     0
300
1:40
140
1.0
141
40.0
290
     0
  0
SCALE
  5
52
102
{ACAD_REACTORS
330
47
102
}
330
47
100
AcDbScale
 70
     0
300
1:50
140
1.0
141
50.0
290
     0
  0
SCALE
  5
53
102
{ACAD_REACTORS
330
47
102
}
330
47
100
AcDbScale
 70
     0
300
1:100
140
1.0
141
100.0
290
     0
  0
SCALE
  5
54
102
{ACAD_REACTORS
330
47
102
}
330
47
100
AcDbScale
 70
     0
300
2:1
140
2.0
141
1.0
290
     0
  0
SCALE
  5
55
102
{ACAD_REACTORS
330
47
102
}
330
47
100
AcDbScale
 70
     0
300
4:1
140
4.0
141
1.0
290
     0
  0
SCALE
  5
56
102
{ACAD_REACTORS
330
47
102
}
330
47
100
AcDbScale
 70
     0
300
8:1
140
8.0
141
1.0
290
     0
  0
SCALE
  5
57
102
{ACAD_REACTORS
330
47
102
}
330
47
100
AcDbScale
 70
     0
300
10:1
140
10.0
141
1.0
290
     0
  0
SCALE
  5
58
102
{ACAD_REACTORS
330
47
102
}
330
47
100
AcDbScale
 70
     0
300
100:1
140
100.0
141
1.0
290
     0
  0
SCALE
  5
59
102
{ACAD_REACTORS
330
47
102
}
330
47
100
AcDbScale
 70
     0
300
1/128" = 1'-0"
140
0.0078125
141
12.0
290
     0
  0
SCALE
  5
5A
102
{ACAD_REACTORS
330
47
102
}
330
47
100
AcDbScale
 70
     0
300
1/64" = 1'-0"
140
0.015625
141
12.0
290
     0
  0
SCALE
  5
5B
102
{ACAD_REACTORS
330
47
102
}
330
47
100
AcDbScale
 70
     0
300
1/32" = 1'-0"
140
0.03125
141
12.0
290
     0
  0
SCALE
  5
5C
102
{ACAD_REACTORS
330
47
102
}
330
47
100
AcDbScale
 70
     0
300
1/16" = 1'-0"
140
0.0625
141
12.0
290
     0
  0
SCALE
  5
5D
102
{ACAD_REACTORS
330
47
102
}
330
47
100
AcDbScale
 70
     0
300
3/32" = 1'-0"
140
0.09375
141
12.0
290
     0
  0
SCALE
  5
5E
102
{ACAD_REACTORS
330
47
102
}
330
47
100
AcDbScale
 70
     0
300
1/8" = 1'-0"
140
0.125
141
12.0
290
     0
  0
SCALE
  5
5F
102
{ACAD_REACTORS
330
47
102
}
330
47
100
AcDbScale
 70
     0
300
3/16" = 1'-0"
140
0.1875
141
12.0
290
     0
  0
SCALE
  5
60
102
{ACAD_REACTORS
330
47
102
}
330
47
100
AcDbScale
 70
     0
300
1/4" = 1'-0"
140
0.25
141
12.0
290
     0
  0
SCALE
  5
61
102
{ACAD_REACTORS
330
47
102
}
330
47
100
AcDbScale
 70
     0
300
3/8" = 1'-0"
140
0.375
141
12.0
290
     0
  0
SCALE
  5
62
102
{ACAD_REACTORS
330
47
102
}
330
47
100
AcDbScale
 70
     0
300
1/2" = 1'-0"
140
0.5
141
12.0
290
     0
  0
SCALE
  5
63
102
{ACAD_REACTORS
330
47
102
}
330
47
100
AcDbScale
 70
     0
300
3/4" = 1'-0"
140
0.75
141
12.0
290
     0
  0
SCALE
  5
64
102
{ACAD_REACTORS
330
47
102
}
330
47
100
AcDbScale
 70
     0
300
1" = 1'-0"
140
1.0
141
12.0
290
     0
  0
SCALE
  5
65
102
{ACAD_REACTORS
330
47
102
}
330
47
100
AcDbScale
 70
     0
300
1-1/2" = 1'-0"
140
1.5
141
12.0
290
     0
  0
SCALE
  5
66
102
{ACAD_REACTORS
330
47
102
}
330
47
100
AcDbScale
 70
     0
300
3" = 1'-0"
140
3.0
141
12.0
290
     0
  0
SCALE
  5
67
102
{ACAD_REACTORS
330
47
102
}
330
47
100
AcDbScale
 70
     0
300
6" = 1'-0"
140
6.0
141
12.0
290
     0
  0
SCALE
  5
68
102
{ACAD_REACTORS
330
47
102
}
330
47
100
AcDbScale
 70
     0
300
1'-0" = 1'-0"
140
12.0
141
12.0
290
     0
  0
TABLESTYLE
  5
6A
102
{ACAD_REACTORS
330
69
102
}
102
{ACAD_XDICTIONARY
360
C1
102
}
330
69
100
AcDbTableStyle
  3
Standard
 70
     0
 71
     0
 40
0.06
 41
0.06
280
     0
281
     0
  7
Standard
140
0.18
170
     2
 62
     0
 63
   257
283
     0
 90
        4
 91
        0
  1

274
    -2
284
     1
 64
     0
275
    -2
285
     1
 65
     0
276
    -2
286
     1
 66
     0
277
    -2
287
     1
 67
     0
278
    -2
288
     1
 68
     0
279
    -2
289
     1
 69
     0
  7
Standard
140
0.25
170
     5
 62
     0
 63
   257
283
     0
 90
        4
 91
        0
  1

274
    -2
284
     1
 64
     0
275
    -2
285
     1
 65
     0
276
    -2
286
     1
 66
     0
277
    -2
287
     1
 67
     0
278
    -2
288
     1
 68
     0
279
    -2
289
     1
 69
     0
  7
Standard
140
0.18
170
     5
 62
     0
 63
   257
283
     0
 90
        4
 91
        0
  1

274
    -2
284
     1
 64
     0
275
    -2
285
     1
 65
     0
276
    -2
286
     1
 66
     0
277
    -2
287
     1
 67
     0
278
    -2
288
     1
 68
     0
279
    -2
289
     1
 69
     0
  0
VISUALSTYLE
  5
2F
102
{ACAD_REACTORS
330
2A
102
}
102
{ACAD_XDICTIONARY
360
99
102
}
330
2A
100
AcDbVisualStyle
  2
2dWireframe
 70
     4
 71
     0
 72
     2
 73
     0
 90
        0
 40
0.6
 41
30.0
 62
     5
 63
     7
421
 16777215
 74
     1
 91
        4
 64
     7
 65
   257
 75
     1
175
     1
 42
1.0
 92
        0
 66
   257
 43
1.0
 76
     1
 77
     6
 78
     2
 67
     7
 79
     5
170
     0
171
     0
290
     0
174
     0
 93
        1
 44
0.0
173
     0
291
     0
 45
0.0
  0
VISUALSTYLE
  5
32
102
{ACAD_REACTORS
330
2A
102
}
102
{ACAD_XDICTIONARY
360
9F
102
}
330
2A
100
AcDbVisualStyle
  2
Basic
 70
     7
 71
     1
 72
     0
 73
     1
 90
        0
 40
0.6
 41
30.0
 62
     5
 63
     7
421
 16777215
 74
     0
 91
        4
 64
     7
 65
   257
 75
     1
175
     1
 42
1.0
 92
        8
 66
     7
 43
1.0
 76
     1
 77
     6
 78
     2
 67
     7
 79
     5
170
     0
171
     0
290
     0
174
     0
 93
        1
 44
0.0
173
     0
291
     1
 45
0.0
  0
VISUALSTYLE
  5
36
102
{ACAD_REACTORS
330
2A
102
}
102
{ACAD_XDICTIONARY
360
A7
102
}
330
2A
100
AcDbVisualStyle
  2
Brighten
 70
    12
 71
     2
 72
     2
 73
     0
 90
        0
 40
0.6
 41
30.0
 62
     5
 63
     7
421
 16777215
 74
     1
 91
        4
 64
     7
 65
   257
 75
     1
175
     1
 42
1.0
 92
        8
 66
     7
 43
1.0
 76
     1
 77
     6
 78
     2
 67
     7
 79
     5
170
     0
171
     0
290
     0
174
     0
 93
        1
 44
50.0
173
     0
291
     1
 45
0.0
  0
VISUALSTYLE
  5
3A
102
{ACAD_REACTORS
330
2A
102
}
102
{ACAD_XDICTIONARY
360
AF
102
}
330
2A
100
AcDbVisualStyle
  2
ColorChange
 70
    16
 71
     2
 72
     2
 73
     3
 90
        0
 40
0.6
 41
30.0
 62
     5
 63
     8
421
  8421504
 74
     1
 91
        4
 64
     7
 65
   257
 75
     1
175
     1
 42
1.0
 92
        8
 66
     8
424
  8421504
 43
1.0
 76
     1
 77
     6
 78
     2
 67
     7
 79
     5
170
     0
171
     0
290
     0
174
     0
 93
        1
 44
0.0
173
     0
291
     1
 45
0.0
  0
VISUALSTYLE
  5
34
102
{ACAD_REACTORS
330
2A
102
}
102
{ACAD_XDICTIONARY
360
A3
102
}
330
2A
100
AcDbVisualStyle
  2
Conceptual
 70
     9
 71
     3
 72
     2
 73
     0
 90
        0
 40
0.6
 41
30.0
 62
     5
 63
     7
421
 16777215
 74
     2
 91
        2
 64
     7
 65
   257
 75
     1
175
     1
 42
179.0
 92
        8
 66
     7
 43
1.0
 76
     1
 77
     6
 78
     2
 67
     7
 79
     3
170
     0
171
     0
290
     0
174
     0
 93
        1
 44
0.0
173
     0
291
     0
 45
0.0
  0
VISUALSTYLE
  5
35
102
{ACAD_REACTORS
330
2A
102
}
102
{ACAD_XDICTIONARY
360
A5
102
}
330
2A
100
AcDbVisualStyle
  2
Dim
 70
    11
 71
     2
 72
     2
 73
     0
 90
        0
 40
0.6
 41
30.0
 62
     5
 63
     7
421
 16777215
 74
     1
 91
        4
 64
     7
 65
   257
 75
     1
175
     1
 42
1.0
 92
        8
 66
     7
 43
1.0
 76
     1
 77
     6
 78
     2
 67
     7
 79
     5
170
     0
171
     0
290
     0
174
     0
 93
        1
 44
-50.0
173
     0
291
     1
 45
0.0
  0
VISUALSTYLE
  5
3D
102
{ACAD_REACTORS
330
2A
102
}
102
{ACAD_XDICTIONARY
360
B5
102
}
330
2A
100
AcDbVisualStyle
  2
EdgeColorOff
 70
    22
 71
     2
 72
     2
 73
     0
 90
        0
 40
0.6
 41
30.0
 62
     5
 63
     7
421
 16777215
 74
     1
 91
        4
 64
     7
 65
   257
 75
     1
175
     1
 42
1.0
 92
        8
 66
     7
 43
1.0
 76
     1
 77
     6
 78
     2
 67
     7
 79
     5
170
     0
171
     0
290
     0
174
     0
 93
        1
 44
0.0
173
     0
291
     1
 45
0.0
  0
VISUALSTYLE
  5
39
102
{ACAD_REACTORS
330
2A
102
}
102
{ACAD_XDICTIONARY
360
AD
102
}
330
2A
100
AcDbVisualStyle
  2
Facepattern
 70
    15
 71
     2
 72
     2
 73
     0
 90
        0
 40
0.6
 41
30.0
 62
     5
 63
     7
421
 16777215
 74
     1
 91
        4
 64
     7
 65
   257
 75
     1
175
     1
 42
1.0
 92
        8
 66
     7
 43
1.0
 76
     1
 77
     6
 78
     2
 67
     7
 79
     5
170
     0
171
     0
290
     0
174
     0
 93
        1
 44
0.0
173
     0
291
     1
 45
0.0
  0
VISUALSTYLE
  5
2B
102
{ACAD_REACTORS
330
2A
102
}
102
{ACAD_XDICTIONARY
360
91
102
}
330
2A
100
AcDbVisualStyle
  2
Flat
 70
     0
 71
     2
 72
     1
 73
     1
 90
        2
 40
0.6
 41
30.0
 62
     5
 63
     7
421
 16777215
 74
     0
 91
        0
 64
     7
 65
   257
 75
     1
175
     1
 42
1.0
 92
        8
 66
     7
 43
1.0
 76
     1
 77
     6
 78
     2
 67
     7
 79
     5
170
     0
171
     0
290
     0
174
     0
 93
       13
 44
0.0
173
     0
291
     1
 45
0.0
  0
VISUALSTYLE
  5
2C
102
{ACAD_REACTORS
330
2A
102
}
102
{ACAD_XDICTIONARY
360
93
102
}
330
2A
100
AcDbVisualStyle
  2
FlatWithEdges
 70
     1
 71
     2
 72
     1
 73
     1
 90
        2
 40
0.6
 41
30.0
 62
     5
 63
     7
421
 16777215
 74
     1
 91
        0
 64
     7
 65
   257
 75
     1
175
     1
 42
1.0
 92
        0
 66
   257
 43
1.0
 76
     1
 77
     6
 78
     2
 67
     7
 79
     5
170
     0
171
     0
290
     0
174
     0
 93
       13
 44
0.0
173
     0
291
     1
 45
0.0
  0
VISUALSTYLE
  5
2D
102
{ACAD_REACTORS
330
2A
102
}
102
{ACAD_XDICTIONARY
360
95
102
}
330
2A
100
AcDbVisualStyle
  2
Gouraud
 70
     2
 71
     2
 72
     2
 73
     1
 90
        2
 40
0.6
 41
30.0
 62
     5
 63
     7
421
 16777215
 74
     0
 91
        0
 64
     7
 65
   257
 75
     1
175
     1
 42
1.0
 92
        0
 66
     7
 43
1.0
 76
     1
 77
     6
 78
     2
 67
     7
 79
     5
170
     0
171
     0
290
     0
174
     0
 93
       13
 44
0.0
173
     0
291
     1
 45
0.0
  0
VISUALSTYLE
  5
2E
102
{ACAD_REACTORS
330
2A
102
}
102
{ACAD_XDICTIONARY
360
97
102
}
330
2A
100
AcDbVisualStyle
  2
GouraudWithEdges
 70
     3
 71
     2
 72
     2
 73
     1
 90
        2
 40
0.6
 41
30.0
 62
     5
 63
     7
421
 16777215
 74
     1
 91
        0
 64
     7
 65
   257
 75
     1
175
     1
 42
1.0
 92
        0
 66
   257
 43
1.0
 76
     1
 77
     6
 78
     2
 67
     7
 79
     5
170
     0
171
     0
290
     0
174
     0
 93
       13
 44
0.0
173
     0
291
     1
 45
0.0
  0
VISUALSTYLE
  5
31
102
{ACAD_REACTORS
330
2A
102
}
102
{ACAD_XDICTIONARY
360
9D
102
}
330
2A
100
AcDbVisualStyle
  2
Hidden
 70
     6
 71
     1
 72
     2
 73
     2
 90
        0
 40
0.6
 41
30.0
 62
     5
 63
     7
421
 16777215
 74
     2
 91
        2
 64
     7
 65
   257
 75
     2
175
     1
 42
40.0
 92
        0
 66
   257
 43
1.0
 76
     1
 77
     6
 78
     2
 67
     7
 79
     3
170
     0
171
     0
290
     0
174
     0
 93
        1
 44
0.0
173
     0
291
     0
 45
0.0
  0
VISUALSTYLE
  5
3B
102
{ACAD_REACTORS
330
2A
102
}
102
{ACAD_XDICTIONARY
360
B1
102
}
330
2A
100
AcDbVisualStyle
  2
JitterOff
 70
    20
 71
     2
 72
     2
 73
     0
 90
        0
 40
0.6
 41
30.0
 62
     5
 63
     7
421
 16777215
 74
     1
 91
        4
 64
     7
 65
   257
 75
     1
175
     1
 42
1.0
 92
       10
 66
     7
 43
1.0
 76
     1
 77
     6
 78
     2
 67
     7
 79
     5
170
     0
171
     0
290
     0
174
     0
 93
        1
 44
0.0
173
     0
291
     1
 45
0.0
  0
VISUALSTYLE
  5
38
102
{ACAD_REACTORS
330
2A
102
}
102
{ACAD_XDICTIONARY
360
AB
102
}
330
2A
100
AcDbVisualStyle
  2
Linepattern
 70
    14
 71
     2
 72
     2
 73
     0
 90
        0
 40
0.6
 41
30.0
 62
     5
 63
     7
421
 16777215
 74
     1
 91
        4
 64
     7
 65
   257
 75
     7
175
     7
 42
1.0
 92
        8
 66
     7
 43
1.0
 76
     1
 77
     6
 78
     2
 67
     7
 79
     5
170
     0
171
     0
290
     0
174
     0
 93
        1
 44
0.0
173
     0
291
     1
 45
0.0
  0
VISUALSTYLE
  5
3C
102
{ACAD_REACTORS
330
2A
102
}
102
{ACAD_XDICTIONARY
360
B3
102
}
330
2A
100
AcDbVisualStyle
  2
OverhangOff
 70
    21
 71
     2
 72
     2
 73
     0
 90
        0
 40
0.6
 41
30.0
 62
     5
 63
     7
421
 16777215
 74
     1
 91
        4
 64
     7
 65
   257
 75
     1
175
     1
 42
1.0
 92
        9
 66
     7
 43
1.0
 76
     1
 77
     6
 78
     2
 67
     7
 79
     5
170
     0
171
     0
290
     0
174
     0
 93
        1
 44
0.0
173
     0
291
     1
 45
0.0
  0
VISUALSTYLE
  5
33
102
{ACAD_REACTORS
330
2A
102
}
102
{ACAD_XDICTIONARY
360
A1
102
}
330
2A
100
AcDbVisualStyle
  2
Realistic
 70
     8
 71
     2
 72
     3
 73
     0
 90
        2
 40
0.6
 41
30.0
 62
     5
 63
     7
421
 16777215
 74
     0
 91
        0
 64
     7
 65
   257
 75
     1
175
     1
 42
1.0
 92
        8
 66
   257
 43
1.0
 76
     1
 77
     6
 78
     2
 67
     7
 79
     3
170
     0
171
     0
290
     0
174
     0
 93
       13
 44
0.0
173
     0
291
     0
 45
0.0
  0
VISUALSTYLE
  5
42
102
{ACAD_REACTORS
330
2A
102
}
102
{ACAD_XDICTIONARY
360
BF
102
}
330
2A
100
AcDbVisualStyle
  2
Shaded
 70
    27
 71
     2
 72
     2
 73
     1
 90
        2
 40
0.6
 41
30.0
 62
     5
 63
     7
421
 16777215
 74
     0
 91
        4
 64
     7
 65
   257
 75
     1
175
     1
 42
1.0
 92
        8
 66
   257
 43
1.0
 76
     1
 77
     6
 78
     2
 67
     8
425
  7895160
 79
     3
170
     0
171
     0
290
     0
174
     0
 93
        5
 44
0.0
173
     0
291
     0
 45
0.0
  0
VISUALSTYLE
  5
41
102
{ACAD_REACTORS
330
2A
102
}
102
{ACAD_XDICTIONARY
360
BD
102
}
330
2A
100
AcDbVisualStyle
  2
Shaded with edges
 70
    26
 71
     2
 72
     2
 73
     1
 90
        2
 40
0.6
 41
30.0
 62
     5
 63
     7
421
 16777215
 74
     1
 91
       10
 64
     7
 65
   257
 75
     2
175
     1
 42
1.0
 92
        8
 66
   257
 43
1.0
 76
     1
 77
     6
 78
     2
 67
     7
 79
     3
170
     0
171
     0
290
     0
174
     0
 93
        5
 44
0.0
173
     0
291
     0
 45
0.0
  0
VISUALSTYLE
  5
3E
102
{ACAD_REACTORS
330
2A
102
}
102
{ACAD_XDICTIONARY
360
B7
102
}
330
2A
100
AcDbVisualStyle
  2
Shades of Gray
 70
    23
 71
     2
 72
     2
 73
     3
 90
        0
 40
0.6
 41
30.0
 62
     5
 63
     7
421
 16777215
 74
     2
 91
        2
 64
     7
 65
     7
 75
     1
175
     1
 42
40.0
 92
        8
 66
     7
 43
1.0
 76
     1
 77
     6
 78
     2
 67
     7
 79
     3
170
     0
171
     0
290
     0
174
     0
 93
        1
 44
0.0
173
     0
291
     0
 45
0.0
  0
VISUALSTYLE
  5
3F
102
{ACAD_REACTORS
330
2A
102
}
102
{ACAD_XDICTIONARY
360
B9
102
}
330
2A
100
AcDbVisualStyle
  2
Sketchy
 70
    24
 71
     1
 72
     2
 73
     2
 90
        0
 40
0.6
 41
30.0
 62
     5
 63
     7
421
 16777215
 74
     2
 91
        2
 64
     7
 65
     7
 75
     1
175
     1
 42
40.0
 92
       11
 66
     7
 43
1.0
 76
     1
 77
     6
 78
     2
 67
     7
 79
     6
170
     0
171
     0
290
     0
174
     0
 93
        1
 44
0.0
173
     0
291
     0
 45
0.0
  0
VISUALSTYLE
  5
37
102
{ACAD_REACTORS
330
2A
102
}
102
{ACAD_XDICTIONARY
360
A9
102
}
330
2A
100
AcDbVisualStyle
  2
Thicken
 70
    13
 71
     2
 72
     2
 73
     0
 90
        0
 40
0.6
 41
30.0
 62
     5
 63
     7
421
 16777215
 74
     1
 91
        4
 64
     7
 65
   257
 75
     1
175
     1
 42
1.0
 92
       12
 66
     7
 43
1.0
 76
     1
 77
     6
 78
     2
 67
     7
 79
     5
170
     0
171
     0
290
     0
174
     0
 93
        1
 44
0.0
173
     0
291
     1
 45
0.0
  0
VISUALSTYLE
  5
30
102
{ACAD_REACTORS
330
2A
102
}
102
{ACAD_XDICTIONARY
360
9B
102
}
330
2A
100
AcDbVisualStyle
  2
Wireframe
 70
     5
 71
     0
 72
     2
 73
     0
 90
        0
 40
0.6
 41
30.0
 62
     5
 63
     7
421
 16777215
 74
     1
 91
        4
 64
     7
 65
   257
 75
     1
175
     1
 42
1.0
 92
        0
 66
   257
 43
1.0
 76
     1
 77
     6
 78
     2
 67
     7
 79
     3
170
     0
171
     0
290
     0
174
     0
 93
        1
 44
0.0
173
     0
291
     0
 45
0.0
  0
VISUALSTYLE
  5
40
102
{ACAD_REACTORS
330
2A
102
}
102
{ACAD_XDICTIONARY
360
BB
102
}
330
2A
100
AcDbVisualStyle
  2
X-Ray
 70
    25
 71
     2
 72
     2
 73
     1
 90
        1
 40
0.5
 41
30.0
 62
     5
 63
     7
421
 16777215
 74
     1
 91
        0
 64
     7
 65
   257
 75
     1
175
     1
 42
1.0
 92
        8
 66
     7
 43
1.0
 76
     1
 77
     6
 78
     2
 67
     7
 79
     3
170
     0
171
     0
290
     0
174
     0
 93
       13
 44
0.0
173
     0
291
     0
 45
0.0
  0
DICTIONARYVAR
  5
8F
102
{ACAD_REACTORS
330
8E
102
}
330
8E
100
DictionaryVariables
280
     0
  1
1:1
  0
DICTIONARYVAR
  5
C8
102
{ACAD_REACTORS
330
8E
102
}
330
8E
100
DictionaryVariables
280
     0
  1
Standard
  0
DICTIONARYVAR
  5
C7
102
{ACAD_REACTORS
330
8E
102
}
330
8E
100
DictionaryVariables
280
     0
  1
Standard
  0
DICTIONARYVAR
  5
90
102
{ACAD_REACTORS
330
8E
102
}
330
8E
100
DictionaryVariables
280
     0
  1
2
  0
DICTIONARY
  5
C4
330
6C
100
AcDbDictionary
280
     1
281
     1
  3
ACAD_XREC_ROUNDTRIP
360
C5
  0
DICTIONARY
  5
C1
330
6A
100
AcDbDictionary
280
     1
281
     1
  3
ACAD_ROUNDTRIP_2008_TABLESTYLE_CELLSTYLEMAP
360
C2
  0
DICTIONARY
  5
99
330
2F
100
AcDbDictionary
280
     1
281
     1
  3
ACAD_XREC_ROUNDTRIP
360
9A
  0
DICTIONARY
  5
9F
330
32
100
AcDbDictionary
280
     1
281
     1
  3
ACAD_XREC_ROUNDTRIP
360
A0
  0
DICTIONARY
  5
A7
330
36
100
AcDbDictionary
280
     1
281
     1
  3
ACAD_XREC_ROUNDTRIP
360
A8
  0
DICTIONARY
  5
AF
330
3A
100
AcDbDictionary
280
     1
281
     1
  3
ACAD_XREC_ROUNDTRIP
360
B0
  0
DICTIONARY
  5
A3
330
34
100
AcDbDictionary
280
     1
281
     1
  3
ACAD_XREC_ROUNDTRIP
360
A4
  0
DICTIONARY
  5
A5
330
35
100
AcDbDictionary
280
     1
281
     1
  3
ACAD_XREC_ROUNDTRIP
360
A6
  0
DICTIONARY
  5
B5
330
3D
100
AcDbDictionary
280
     1
281
     1
  3
ACAD_XREC_ROUNDTRIP
360
B6
  0
DICTIONARY
  5
AD
330
39
100
AcDbDictionary
280
     1
281
     1
  3
ACAD_XREC_ROUNDTRIP
360
AE
  0
DICTIONARY
  5
91
330
2B
100
AcDbDictionary
280
     1
281
     1
  3
ACAD_XREC_ROUNDTRIP
360
92
  0
DICTIONARY
  5
93
330
2C
100
AcDbDictionary
280
     1
281
     1
  3
ACAD_XREC_ROUNDTRIP
360
94
  0
DICTIONARY
  5
95
330
2D
100
AcDbDictionary
280
     1
281
     1
  3
ACAD_XREC_ROUNDTRIP
360
96
  0
DICTIONARY
  5
97
330
2E
100
AcDbDictionary
280
     1
281
     1
  3
ACAD_XREC_ROUNDTRIP
360
98
  0
DICTIONARY
  5
9D
330
31
100
AcDbDictionary
280
     1
281
     1
  3
ACAD_XREC_ROUNDTRIP
360
9E
  0
DICTIONARY
  5
B1
330
3B
100
AcDbDictionary
280
     1
281
     1
  3
ACAD_XREC_ROUNDTRIP
360
B2
  0
DICTIONARY
  5
AB
330
38
100
AcDbDictionary
280
     1
281
     1
  3
ACAD_XREC_ROUNDTRIP
360
AC
  0
DICTIONARY
  5
B3
330
3C
100
AcDbDictionary
280
     1
281
     1
  3
ACAD_XREC_ROUNDTRIP
360
B4
  0
DICTIONARY
  5
A1
330
33
100
AcDbDictionary
280
     1
281
     1
  3
ACAD_XREC_ROUNDTRIP
360
A2
  0
DICTIONARY
  5
BF
330
42
100
AcDbDictionary
280
     1
281
     1
  3
ACAD_XREC_ROUNDTRIP
360
C0
  0
DICTIONARY
  5
BD
330
41
100
AcDbDictionary
280
     1
281
     1
  3
ACAD_XREC_ROUNDTRIP
360
BE
  0
DICTIONARY
  5
B7
330
3E
100
AcDbDictionary
280
     1
281
     1
  3
ACAD_XREC_ROUNDTRIP
360
B8
  0
DICTIONARY
  5
B9
330
3F
100
AcDbDictionary
280
     1
281
     1
  3
ACAD_XREC_ROUNDTRIP
360
BA
  0
DICTIONARY
  5
A9
330
37
100
AcDbDictionary
280
     1
281
     1
  3
ACAD_XREC_ROUNDTRIP
360
AA
  0
DICTIONARY
  5
9B
330
30
100
AcDbDictionary
280
     1
281
     1
  3
ACAD_XREC_ROUNDTRIP
360
9C
  0
DICTIONARY
  5
BB
330
40
100
AcDbDictionary
280
     1
281
     1
  3
ACAD_XREC_ROUNDTRIP
360
BC
  0
XRECORD
  5
C5
102
{ACAD_REACTORS
330
C4
102
}
330
C4
100
AcDbXrecord
280
     1
102
ACAD_ROUNDTRIP_2010_MLEADER_STYLE
  0
CELLSTYLEMAP
  5
C2
102
{ACAD_REACTORS
330
C1
102
}
330
C1
100
AcDbCellStyleMap
 90
        3
300
CELLSTYLE
  1
TABLEFORMAT_BEGIN
 90
        5
170
     1
 91
        0
 92
    32768
 62
   257
 93
        1
300
CONTENTFORMAT
  1
CONTENTFORMAT_BEGIN
 90
        0
 91
        0
 92
        4
 93
        0
300

 40
0.0
140
1.0
 94
        5
 62
     0
340
11
144
0.25
309
CONTENTFORMAT_END
171
     1
301
MARGIN
  1
CELLMARGIN_BEGIN
 40
0.06
 40
0.06
 40
0.06
 40
0.06
 40
0.06
 40
0.06
309
CELLMARGIN_END
 94
        6
 95
        1
302
GRIDFORMAT
  1
GRIDFORMAT_BEGIN
 90
        0
 91
        1
 62
     0
 92
       -2
340
14
 93
        0
 40
0.045
309
GRIDFORMAT_END
 95
        2
302
GRIDFORMAT
  1
GRIDFORMAT_BEGIN
 90
        0
 91
        1
 62
     0
 92
       -2
340
14
 93
        0
 40
0.045
309
GRIDFORMAT_END
 95
        4
302
GRIDFORMAT
  1
GRIDFORMAT_BEGIN
 90
        0
 91
        1
 62
     0
 92
       -2
340
14
 93
        0
 40
0.045
309
GRIDFORMAT_END
 95
        8
302
GRIDFORMAT
  1
GRIDFORMAT_BEGIN
 90
        0
 91
        1
 62
     0
 92
       -2
340
14
 93
        0
 40
0.045
309
GRIDFORMAT_END
 95
       16
302
GRIDFORMAT
  1
GRIDFORMAT_BEGIN
 90
        0
 91
        1
 62
     0
 92
       -2
340
14
 93
        0
 40
0.045
309
GRIDFORMAT_END
 95
       32
302
GRIDFORMAT
  1
GRIDFORMAT_BEGIN
 90
        0
 91
        1
 62
     0
 92
       -2
340
14
 93
        0
 40
0.045
309
GRIDFORMAT_END
309
TABLEFORMAT_END
  1
CELLSTYLE_BEGIN
 90
        1
 91
        1
300
_TITLE
309
CELLSTYLE_END
300
CELLSTYLE
  1
TABLEFORMAT_BEGIN
 90
        5
170
     1
 91
        0
 92
        0
 62
   257
 93
        1
300
CONTENTFORMAT
  1
CONTENTFORMAT_BEGIN
 90
        0
 91
        0
 92
        4
 93
        0
300

 40
0.0
140
1.0
 94
        5
 62
     0
340
11
144
0.18
309
CONTENTFORMAT_END
171
     1
301
MARGIN
  1
CELLMARGIN_BEGIN
 40
0.06
 40
0.06
 40
0.06
 40
0.06
 40
0.06
 40
0.06
309
CELLMARGIN_END
 94
        6
 95
        1
302
GRIDFORMAT
  1
GRIDFORMAT_BEGIN
 90
        0
 91
        1
 62
     0
 92
       -2
340
14
 93
        0
 40
0.045
309
GRIDFORMAT_END
 95
        2
302
GRIDFORMAT
  1
GRIDFORMAT_BEGIN
 90
        0
 91
        1
 62
     0
 92
       -2
340
14
 93
        0
 40
0.045
309
GRIDFORMAT_END
 95
        4
302
GRIDFORMAT
  1
GRIDFORMAT_BEGIN
 90
        0
 91
        1
 62
     0
 92
       -2
340
14
 93
        0
 40
0.045
309
GRIDFORMAT_END
 95
        8
302
GRIDFORMAT
  1
GRIDFORMAT_BEGIN
 90
        0
 91
        1
 62
     0
 92
       -2
340
14
 93
        0
 40
0.045
309
GRIDFORMAT_END
 95
       16
302
GRIDFORMAT
  1
GRIDFORMAT_BEGIN
 90
        0
 91
        1
 62
     0
 92
       -2
340
14
 93
        0
 40
0.045
309
GRIDFORMAT_END
 95
       32
302
GRIDFORMAT
  1
GRIDFORMAT_BEGIN
 90
        0
 91
        1
 62
     0
 92
       -2
340
14
 93
        0
 40
0.045
309
GRIDFORMAT_END
309
TABLEFORMAT_END
  1
CELLSTYLE_BEGIN
 90
        2
 91
        1
300
_HEADER
309
CELLSTYLE_END
300
CELLSTYLE
  1
TABLEFORMAT_BEGIN
 90
        5
170
     1
 91
        0
 92
        0
 62
   257
 93
        1
300
CONTENTFORMAT
  1
CONTENTFORMAT_BEGIN
 90
        0
 91
        0
 92
        4
 93
        0
300

 40
0.0
140
1.0
 94
        2
 62
     0
340
11
144
0.18
309
CONTENTFORMAT_END
171
     1
301
MARGIN
  1
CELLMARGIN_BEGIN
 40
0.06
 40
0.06
 40
0.06
 40
0.06
 40
0.06
 40
0.06
309
CELLMARGIN_END
 94
        6
 95
        1
302
GRIDFORMAT
  1
GRIDFORMAT_BEGIN
 90
        0
 91
        1
 62
     0
 92
       -2
340
14
 93
        0
 40
0.045
309
GRIDFORMAT_END
 95
        2
302
GRIDFORMAT
  1
GRIDFORMAT_BEGIN
 90
        0
 91
        1
 62
     0
 92
       -2
340
14
 93
        0
 40
0.045
309
GRIDFORMAT_END
 95
        4
302
GRIDFORMAT
  1
GRIDFORMAT_BEGIN
 90
        0
 91
        1
 62
     0
 92
       -2
340
14
 93
        0
 40
0.045
309
GRIDFORMAT_END
 95
        8
302
GRIDFORMAT
  1
GRIDFORMAT_BEGIN
 90
        0
 91
        1
 62
     0
 92
       -2
340
14
 93
        0
 40
0.045
309
GRIDFORMAT_END
 95
       16
302
GRIDFORMAT
  1
GRIDFORMAT_BEGIN
 90
        0
 91
        1
 62
     0
 92
       -2
340
14
 93
        0
 40
0.045
309
GRIDFORMAT_END
 95
       32
302
GRIDFORMAT
  1
GRIDFORMAT_BEGIN
 90
        0
 91
        1
 62
     0
 92
       -2
340
14
 93
        0
 40
0.045
309
GRIDFORMAT_END
309
TABLEFORMAT_END
  1
CELLSTYLE_BEGIN
 90
        3
 91
        2
300
_DATA
309
CELLSTYLE_END
  0
XRECORD
  5
9A
102
{ACAD_REACTORS
330
99
102
}
330
99
100
AcDbXrecord
280
     1
102
RTVSPropertyOp0
 70
     1
102
RTVSPropertyOp1
 70
     1
102
RTVSPropertyOp2
 70
     1
102
RTVSPropertyOp3
 70
     1
102
RTVSPropertyOp4
 70
     1
102
RTVSPropertyOp5
 70
     1
102
RTVSPropertyOp6
 70
     1
102
RTVSPropertyOp7
 70
     1
102
RTVSPropertyOp8
 70
     1
102
RTVSPropertyOp9
 70
     1
102
RTVSPropertyOp10
 70
     1
102
RTVSPropertyOp11
 70
     1
102
RTVSPropertyOp12
 70
     1
102
RTVSPropertyOp13
 70
     1
102
RTVSPropertyOp14
 70
     1
102
RTVSPropertyOp15
 70
     1
102
RTVSPropertyOp16
 70
     1
102
RTVSPropertyOp17
 70
     1
102
RTVSPropertyOp18
 70
     1
102
RTVSPropertyOp19
 70
     1
102
RTVSPropertyOp20
 70
     1
102
RTVSPropertyOp21
 70
     1
102
RTVSPropertyOp22
 70
     1
102
RTVSPropertyOp23
 70
     1
102
RTVSPropertyOp24
 70
     1
102
RTVSPropertyOp25
 70
     1
102
RTVSPropertyOp26
 70
     1
102
RTVSPropertyOp27
 70
     1
102
RTVSPropertyOp28
 70
     1
102
RTVSPropertyOp29
 70
     1
102
RTVSPropertyOp30
 70
     1
102
RTVSPropertyOp31
 70
     1
102
RTVSPropertyOp32
 70
     1
102
RTVSPropertyOp33
 70
     1
102
RTVSPropertyOp34
 70
     1
102
RTVSPropertyOp35
 70
     1
102
RTVSPropertyOp36
 70
     1
102
RTVSPropertyOp37
 70
     1
102
RTVSPropertyOp38
 70
     1
102
RTVSPropertyOp39
 70
     1
102
RTVSPropertyOp40
 70
     1
102
RTVSPropertyOp41
 70
     1
102
RTVSPropertyOp42
 70
     1
102
RTVSPropertyOp43
 70
     1
102
RTVSPropertyOp44
 70
     1
102
RTVSPropertyOp45
 70
     1
102
RTVSPropertyOp46
 70
     1
102
RTVSPropertyOp47
 70
     1
102
RTVSPropertyOp48
 70
     1
102
RTVSPropertyOp49
 70
     1
102
RTVSPropertyOp50
 70
     1
102
RTVSPropertyOp51
 70
     0
102
RTVSPropertyOp52
 70
     0
102
RTVSPropertyOp53
 70
     1
102
RTVSPropertyOp54
 70
     1
102
RTVSPropertyOp55
 70
     1
102
RTVSPropertyOp56
 70
     1
102
RTVSPropertyOp57
 70
     1
102
RTVSPost2010Prop28
280
     1
102
RTVSPost2010PropOp28
 70
     1
102
RTVSPost2010Prop29
280
     1
102
RTVSPost2010PropOp29
 70
     1
102
RTVSPost2010Prop30
280
     0
102
RTVSPost2010PropOp30
 70
     1
102
RTVSPost2010Prop31
280
     0
102
RTVSPost2010PropOp31
 70
     1
102
RTVSPost2010Prop32
280
     0
102
RTVSPost2010PropOp32
 70
     1
102
RTVSPost2010Prop33
280
     0
102
RTVSPost2010PropOp33
 70
     1
102
RTVSPost2010Prop34
280
     0
102
RTVSPost2010PropOp34
 70
     1
102
RTVSPost2010Prop35
280
     0
102
RTVSPost2010PropOp35
 70
     1
102
RTVSPost2010Prop36
280
     0
102
RTVSPost2010PropOp36
 70
     1
102
RTVSPost2010Prop37
 90
       50
102
RTVSPost2010PropOp37
 70
     1
102
RTVSPost2010Prop38
140
0.0
102
RTVSPost2010PropOp38
 70
     1
102
RTVSPost2010Prop39
140
1.0
102
RTVSPost2010PropOp39
 70
     1
102
RTVSPost2010Prop40
 90
        0
102
RTVSPost2010PropOp40
 70
     1
102
RTVSPost2010Prop41ColorIndex
 90
       18
102
RTVSPost2010Prop41ColorRGB
 90
        0
102
RTVSPost2010PropOp41
 70
     1
102
RTVSPost2010Prop42
 90
       50
102
RTVSPost2010PropOp42
 70
     1
102
RTVSPost2010Prop43
 90
        3
102
RTVSPost2010PropOp43
 70
     1
102
RTVSPost2010Prop44ColorIndex
 90
        5
102
RTVSPost2010Prop44ColorRGB
 90
      255
102
RTVSPost2010PropOp44
 70
     1
102
RTVSPost2010Prop45
280
     0
102
RTVSPost2010PropOp45
 70
     1
102
RTVSPost2010Prop46
 90
       50
102
RTVSPost2010PropOp46
 70
     1
102
RTVSPost2010Prop47
 90
       50
102
RTVSPost2010PropOp47
 70
     1
102
RTVSPost2010Prop48
 90
       50
102
RTVSPost2010PropOp48
 70
     1
102
RTVSPost2010Prop49
280
     0
102
RTVSPost2010PropOp49
 70
     1
102
RTVSPost2010Prop50
 90
       50
102
RTVSPost2010PropOp50
 70
     1
102
RTVSPost2010Prop51ColorIndex
 90
      256
102
RTVSPost2010Prop51ColorRGB
 90
-16777216
102
RTVSPost2010PropOp51
 70
     0
102
RTVSPost2010Prop52
140
1.0
102
RTVSPost2010PropOp52
 70
     0
102
RTVSPost2010Prop53
 90
        2
102
RTVSPost2010PropOp53
 70
     1
102
RTVSPost2010Prop54
  1
strokes_ogs.tif
102
RTVSPost2010PropOp54
 70
     1
102
RTVSPost2010Prop55
280
     0
102
RTVSPost2010PropOp55
 70
     1
102
RTVSPost2010Prop56
140
1.0
102
RTVSPost2010PropOp56
 70
     1
102
RTVSPost2010Prop57
140
1.0
102
RTVSPost2010PropOp57
 70
     1
  0
XRECORD
  5
A0
102
{ACAD_REACTORS
330
9F
102
}
330
9F
100
AcDbXrecord
280
     1
102
RTVSPropertyOp0
 70
     1
102
RTVSPropertyOp1
 70
     1
102
RTVSPropertyOp2
 70
     1
102
RTVSPropertyOp3
 70
     1
102
RTVSPropertyOp4
 70
     1
102
RTVSPropertyOp5
 70
     1
102
RTVSPropertyOp6
 70
     1
102
RTVSPropertyOp7
 70
     1
102
RTVSPropertyOp8
 70
     1
102
RTVSPropertyOp9
 70
     1
102
RTVSPropertyOp10
 70
     1
102
RTVSPropertyOp11
 70
     1
102
RTVSPropertyOp12
 70
     1
102
RTVSPropertyOp13
 70
     1
102
RTVSPropertyOp14
 70
     1
102
RTVSPropertyOp15
 70
     1
102
RTVSPropertyOp16
 70
     1
102
RTVSPropertyOp17
 70
     1
102
RTVSPropertyOp18
 70
     1
102
RTVSPropertyOp19
 70
     1
102
RTVSPropertyOp20
 70
     1
102
RTVSPropertyOp21
 70
     1
102
RTVSPropertyOp22
 70
     1
102
RTVSPropertyOp23
 70
     1
102
RTVSPropertyOp24
 70
     1
102
RTVSPropertyOp25
 70
     1
102
RTVSPropertyOp26
 70
     1
102
RTVSPropertyOp27
 70
     1
102
RTVSPropertyOp28
 70
     1
102
RTVSPropertyOp29
 70
     1
102
RTVSPropertyOp30
 70
     1
102
RTVSPropertyOp31
 70
     1
102
RTVSPropertyOp32
 70
     1
102
RTVSPropertyOp33
 70
     1
102
RTVSPropertyOp34
 70
     1
102
RTVSPropertyOp35
 70
     1
102
RTVSPropertyOp36
 70
     1
102
RTVSPropertyOp37
 70
     1
102
RTVSPropertyOp38
 70
     1
102
RTVSPropertyOp39
 70
     1
102
RTVSPropertyOp40
 70
     1
102
RTVSPropertyOp41
 70
     1
102
RTVSPropertyOp42
 70
     1
102
RTVSPropertyOp43
 70
     1
102
RTVSPropertyOp44
 70
     1
102
RTVSPropertyOp45
 70
     1
102
RTVSPropertyOp46
 70
     1
102
RTVSPropertyOp47
 70
     1
102
RTVSPropertyOp48
 70
     1
102
RTVSPropertyOp49
 70
     1
102
RTVSPropertyOp50
 70
     1
102
RTVSPropertyOp51
 70
     0
102
RTVSPropertyOp52
 70
     0
102
RTVSPropertyOp53
 70
     1
102
RTVSPropertyOp54
 70
     1
102
RTVSPropertyOp55
 70
     1
102
RTVSPropertyOp56
 70
     1
102
RTVSPropertyOp57
 70
     1
102
RTVSPost2010Prop28
280
     0
102
RTVSPost2010PropOp28
 70
     1
102
RTVSPost2010Prop29
280
     1
102
RTVSPost2010PropOp29
 70
     1
102
RTVSPost2010Prop30
280
     1
102
RTVSPost2010PropOp30
 70
     1
102
RTVSPost2010Prop31
280
     0
102
RTVSPost2010PropOp31
 70
     1
102
RTVSPost2010Prop32
280
     0
102
RTVSPost2010PropOp32
 70
     1
102
RTVSPost2010Prop33
280
     0
102
RTVSPost2010PropOp33
 70
     1
102
RTVSPost2010Prop34
280
     0
102
RTVSPost2010PropOp34
 70
     1
102
RTVSPost2010Prop35
280
     0
102
RTVSPost2010PropOp35
 70
     1
102
RTVSPost2010Prop36
280
     0
102
RTVSPost2010PropOp36
 70
     1
102
RTVSPost2010Prop37
 90
       50
102
RTVSPost2010PropOp37
 70
     1
102
RTVSPost2010Prop38
140
0.0
102
RTVSPost2010PropOp38
 70
     1
102
RTVSPost2010Prop39
140
1.0
102
RTVSPost2010PropOp39
 70
     1
102
RTVSPost2010Prop40
 90
        0
102
RTVSPost2010PropOp40
 70
     1
102
RTVSPost2010Prop41ColorIndex
 90
       18
102
RTVSPost2010Prop41ColorRGB
 90
        0
102
RTVSPost2010PropOp41
 70
     1
102
RTVSPost2010Prop42
 90
       50
102
RTVSPost2010PropOp42
 70
     1
102
RTVSPost2010Prop43
 90
        3
102
RTVSPost2010PropOp43
 70
     1
102
RTVSPost2010Prop44ColorIndex
 90
        5
102
RTVSPost2010Prop44ColorRGB
 90
      255
102
RTVSPost2010PropOp44
 70
     1
102
RTVSPost2010Prop45
280
     0
102
RTVSPost2010PropOp45
 70
     1
102
RTVSPost2010Prop46
 90
       50
102
RTVSPost2010PropOp46
 70
     1
102
RTVSPost2010Prop47
 90
       50
102
RTVSPost2010PropOp47
 70
     1
102
RTVSPost2010Prop48
 90
       50
102
RTVSPost2010PropOp48
 70
     1
102
RTVSPost2010Prop49
280
     0
102
RTVSPost2010PropOp49
 70
     1
102
RTVSPost2010Prop50
 90
       50
102
RTVSPost2010PropOp50
 70
     1
102
RTVSPost2010Prop51ColorIndex
 90
      256
102
RTVSPost2010Prop51ColorRGB
 90
-16777216
102
RTVSPost2010PropOp51
 70
     0
102
RTVSPost2010Prop52
140
1.0
102
RTVSPost2010PropOp52
 70
     0
102
RTVSPost2010Prop53
 90
        2
102
RTVSPost2010PropOp53
 70
     1
102
RTVSPost2010Prop54
  1
strokes_ogs.tif
102
RTVSPost2010PropOp54
 70
     1
102
RTVSPost2010Prop55
280
     0
102
RTVSPost2010PropOp55
 70
     1
102
RTVSPost2010Prop56
140
1.0
102
RTVSPost2010PropOp56
 70
     1
102
RTVSPost2010Prop57
140
1.0
102
RTVSPost2010PropOp57
 70
     1
  0
XRECORD
  5
A8
102
{ACAD_REACTORS
330
A7
102
}
330
A7
100
AcDbXrecord
280
     1
102
RTVSPropertyOp0
 70
     1
102
RTVSPropertyOp1
 70
     1
102
RTVSPropertyOp2
 70
     1
102
RTVSPropertyOp3
 70
     1
102
RTVSPropertyOp4
 70
     1
102
RTVSPropertyOp5
 70
     1
102
RTVSPropertyOp6
 70
     1
102
RTVSPropertyOp7
 70
     1
102
RTVSPropertyOp8
 70
     1
102
RTVSPropertyOp9
 70
     1
102
RTVSPropertyOp10
 70
     1
102
RTVSPropertyOp11
 70
     1
102
RTVSPropertyOp12
 70
     1
102
RTVSPropertyOp13
 70
     1
102
RTVSPropertyOp14
 70
     1
102
RTVSPropertyOp15
 70
     1
102
RTVSPropertyOp16
 70
     1
102
RTVSPropertyOp17
 70
     1
102
RTVSPropertyOp18
 70
     1
102
RTVSPropertyOp19
 70
     1
102
RTVSPropertyOp20
 70
     1
102
RTVSPropertyOp21
 70
     1
102
RTVSPropertyOp22
 70
     1
102
RTVSPropertyOp23
 70
     1
102
RTVSPropertyOp24
 70
     1
102
RTVSPropertyOp25
 70
     1
102
RTVSPropertyOp26
 70
     1
102
RTVSPropertyOp27
 70
     1
102
RTVSPropertyOp28
 70
     1
102
RTVSPropertyOp29
 70
     1
102
RTVSPropertyOp30
 70
     1
102
RTVSPropertyOp31
 70
     1
102
RTVSPropertyOp32
 70
     1
102
RTVSPropertyOp33
 70
     1
102
RTVSPropertyOp34
 70
     1
102
RTVSPropertyOp35
 70
     1
102
RTVSPropertyOp36
 70
     1
102
RTVSPropertyOp37
 70
     1
102
RTVSPropertyOp38
 70
     1
102
RTVSPropertyOp39
 70
     1
102
RTVSPropertyOp40
 70
     1
102
RTVSPropertyOp41
 70
     1
102
RTVSPropertyOp42
 70
     1
102
RTVSPropertyOp43
 70
     1
102
RTVSPropertyOp44
 70
     1
102
RTVSPropertyOp45
 70
     1
102
RTVSPropertyOp46
 70
     1
102
RTVSPropertyOp47
 70
     1
102
RTVSPropertyOp48
 70
     1
102
RTVSPropertyOp49
 70
     1
102
RTVSPropertyOp50
 70
     1
102
RTVSPropertyOp51
 70
     0
102
RTVSPropertyOp52
 70
     0
102
RTVSPropertyOp53
 70
     1
102
RTVSPropertyOp54
 70
     1
102
RTVSPropertyOp55
 70
     1
102
RTVSPropertyOp56
 70
     1
102
RTVSPropertyOp57
 70
     1
102
RTVSPost2010Prop28
280
     0
102
RTVSPost2010PropOp28
 70
     1
102
RTVSPost2010Prop29
280
     1
102
RTVSPost2010PropOp29
 70
     1
102
RTVSPost2010Prop30
280
     1
102
RTVSPost2010PropOp30
 70
     1
102
RTVSPost2010Prop31
280
     0
102
RTVSPost2010PropOp31
 70
     1
102
RTVSPost2010Prop32
280
     0
102
RTVSPost2010PropOp32
 70
     1
102
RTVSPost2010Prop33
280
     0
102
RTVSPost2010PropOp33
 70
     1
102
RTVSPost2010Prop34
280
     0
102
RTVSPost2010PropOp34
 70
     1
102
RTVSPost2010Prop35
280
     0
102
RTVSPost2010PropOp35
 70
     1
102
RTVSPost2010Prop36
280
     0
102
RTVSPost2010PropOp36
 70
     1
102
RTVSPost2010Prop37
 90
       50
102
RTVSPost2010PropOp37
 70
     1
102
RTVSPost2010Prop38
140
0.0
102
RTVSPost2010PropOp38
 70
     1
102
RTVSPost2010Prop39
140
1.0
102
RTVSPost2010PropOp39
 70
     1
102
RTVSPost2010Prop40
 90
        0
102
RTVSPost2010PropOp40
 70
     1
102
RTVSPost2010Prop41ColorIndex
 90
       18
102
RTVSPost2010Prop41ColorRGB
 90
        0
102
RTVSPost2010PropOp41
 70
     1
102
RTVSPost2010Prop42
 90
       50
102
RTVSPost2010PropOp42
 70
     1
102
RTVSPost2010Prop43
 90
        3
102
RTVSPost2010PropOp43
 70
     1
102
RTVSPost2010Prop44ColorIndex
 90
        5
102
RTVSPost2010Prop44ColorRGB
 90
      255
102
RTVSPost2010PropOp44
 70
     1
102
RTVSPost2010Prop45
280
     0
102
RTVSPost2010PropOp45
 70
     1
102
RTVSPost2010Prop46
 90
       50
102
RTVSPost2010PropOp46
 70
     1
102
RTVSPost2010Prop47
 90
       50
102
RTVSPost2010PropOp47
 70
     1
102
RTVSPost2010Prop48
 90
       50
102
RTVSPost2010PropOp48
 70
     1
102
RTVSPost2010Prop49
280
     0
102
RTVSPost2010PropOp49
 70
     1
102
RTVSPost2010Prop50
 90
       50
102
RTVSPost2010PropOp50
 70
     1
102
RTVSPost2010Prop51ColorIndex
 90
      256
102
RTVSPost2010Prop51ColorRGB
 90
-16777216
102
RTVSPost2010PropOp51
 70
     0
102
RTVSPost2010Prop52
140
1.0
102
RTVSPost2010PropOp52
 70
     0
102
RTVSPost2010Prop53
 90
        2
102
RTVSPost2010PropOp53
 70
     1
102
RTVSPost2010Prop54
  1
strokes_ogs.tif
102
RTVSPost2010PropOp54
 70
     1
102
RTVSPost2010Prop55
280
     0
102
RTVSPost2010PropOp55
 70
     1
102
RTVSPost2010Prop56
140
1.0
102
RTVSPost2010PropOp56
 70
     1
102
RTVSPost2010Prop57
140
1.0
102
RTVSPost2010PropOp57
 70
     1
  0
XRECORD
  5
B0
102
{ACAD_REACTORS
330
AF
102
}
330
AF
100
AcDbXrecord
280
     1
102
RTVSPropertyOp0
 70
     1
102
RTVSPropertyOp1
 70
     1
102
RTVSPropertyOp2
 70
     1
102
RTVSPropertyOp3
 70
     1
102
RTVSPropertyOp4
 70
     1
102
RTVSPropertyOp5
 70
     1
102
RTVSPropertyOp6
 70
     1
102
RTVSPropertyOp7
 70
     1
102
RTVSPropertyOp8
 70
     1
102
RTVSPropertyOp9
 70
     1
102
RTVSPropertyOp10
 70
     1
102
RTVSPropertyOp11
 70
     1
102
RTVSPropertyOp12
 70
     1
102
RTVSPropertyOp13
 70
     1
102
RTVSPropertyOp14
 70
     1
102
RTVSPropertyOp15
 70
     1
102
RTVSPropertyOp16
 70
     1
102
RTVSPropertyOp17
 70
     1
102
RTVSPropertyOp18
 70
     1
102
RTVSPropertyOp19
 70
     1
102
RTVSPropertyOp20
 70
     1
102
RTVSPropertyOp21
 70
     1
102
RTVSPropertyOp22
 70
     1
102
RTVSPropertyOp23
 70
     1
102
RTVSPropertyOp24
 70
     1
102
RTVSPropertyOp25
 70
     1
102
RTVSPropertyOp26
 70
     1
102
RTVSPropertyOp27
 70
     1
102
RTVSPropertyOp28
 70
     1
102
RTVSPropertyOp29
 70
     1
102
RTVSPropertyOp30
 70
     1
102
RTVSPropertyOp31
 70
     1
102
RTVSPropertyOp32
 70
     1
102
RTVSPropertyOp33
 70
     1
102
RTVSPropertyOp34
 70
     1
102
RTVSPropertyOp35
 70
     1
102
RTVSPropertyOp36
 70
     1
102
RTVSPropertyOp37
 70
     1
102
RTVSPropertyOp38
 70
     1
102
RTVSPropertyOp39
 70
     1
102
RTVSPropertyOp40
 70
     1
102
RTVSPropertyOp41
 70
     1
102
RTVSPropertyOp42
 70
     1
102
RTVSPropertyOp43
 70
     1
102
RTVSPropertyOp44
 70
     1
102
RTVSPropertyOp45
 70
     1
102
RTVSPropertyOp46
 70
     1
102
RTVSPropertyOp47
 70
     1
102
RTVSPropertyOp48
 70
     1
102
RTVSPropertyOp49
 70
     1
102
RTVSPropertyOp50
 70
     1
102
RTVSPropertyOp51
 70
     0
102
RTVSPropertyOp52
 70
     0
102
RTVSPropertyOp53
 70
     1
102
RTVSPropertyOp54
 70
     1
102
RTVSPropertyOp55
 70
     1
102
RTVSPropertyOp56
 70
     1
102
RTVSPropertyOp57
 70
     1
102
RTVSPost2010Prop28
280
     0
102
RTVSPost2010PropOp28
 70
     1
102
RTVSPost2010Prop29
280
     1
102
RTVSPost2010PropOp29
 70
     1
102
RTVSPost2010Prop30
280
     1
102
RTVSPost2010PropOp30
 70
     1
102
RTVSPost2010Prop31
280
     0
102
RTVSPost2010PropOp31
 70
     1
102
RTVSPost2010Prop32
280
     0
102
RTVSPost2010PropOp32
 70
     1
102
RTVSPost2010Prop33
280
     0
102
RTVSPost2010PropOp33
 70
     1
102
RTVSPost2010Prop34
280
     0
102
RTVSPost2010PropOp34
 70
     1
102
RTVSPost2010Prop35
280
     0
102
RTVSPost2010PropOp35
 70
     1
102
RTVSPost2010Prop36
280
     0
102
RTVSPost2010PropOp36
 70
     1
102
RTVSPost2010Prop37
 90
       50
102
RTVSPost2010PropOp37
 70
     1
102
RTVSPost2010Prop38
140
0.0
102
RTVSPost2010PropOp38
 70
     1
102
RTVSPost2010Prop39
140
1.0
102
RTVSPost2010PropOp39
 70
     1
102
RTVSPost2010Prop40
 90
        0
102
RTVSPost2010PropOp40
 70
     1
102
RTVSPost2010Prop41ColorIndex
 90
       18
102
RTVSPost2010Prop41ColorRGB
 90
        0
102
RTVSPost2010PropOp41
 70
     1
102
RTVSPost2010Prop42
 90
       50
102
RTVSPost2010PropOp42
 70
     1
102
RTVSPost2010Prop43
 90
        3
102
RTVSPost2010PropOp43
 70
     1
102
RTVSPost2010Prop44ColorIndex
 90
        5
102
RTVSPost2010Prop44ColorRGB
 90
      255
102
RTVSPost2010PropOp44
 70
     1
102
RTVSPost2010Prop45
280
     0
102
RTVSPost2010PropOp45
 70
     1
102
RTVSPost2010Prop46
 90
       50
102
RTVSPost2010PropOp46
 70
     1
102
RTVSPost2010Prop47
 90
       50
102
RTVSPost2010PropOp47
 70
     1
102
RTVSPost2010Prop48
 90
       50
102
RTVSPost2010PropOp48
 70
     1
102
RTVSPost2010Prop49
280
     0
102
RTVSPost2010PropOp49
 70
     1
102
RTVSPost2010Prop50
 90
       50
102
RTVSPost2010PropOp50
 70
     1
102
RTVSPost2010Prop51ColorIndex
 90
      256
102
RTVSPost2010Prop51ColorRGB
 90
-16777216
102
RTVSPost2010PropOp51
 70
     0
102
RTVSPost2010Prop52
140
1.0
102
RTVSPost2010PropOp52
 70
     0
102
RTVSPost2010Prop53
 90
        2
102
RTVSPost2010PropOp53
 70
     1
102
RTVSPost2010Prop54
  1
strokes_ogs.tif
102
RTVSPost2010PropOp54
 70
     1
102
RTVSPost2010Prop55
280
     0
102
RTVSPost2010PropOp55
 70
     1
102
RTVSPost2010Prop56
140
1.0
102
RTVSPost2010PropOp56
 70
     1
102
RTVSPost2010Prop57
140
1.0
102
RTVSPost2010PropOp57
 70
     1
  0
XRECORD
  5
A4
102
{ACAD_REACTORS
330
A3
102
}
330
A3
100
AcDbXrecord
280
     1
102
RTVSPropertyOp0
 70
     1
102
RTVSPropertyOp1
 70
     1
102
RTVSPropertyOp2
 70
     1
102
RTVSPropertyOp3
 70
     1
102
RTVSPropertyOp4
 70
     1
102
RTVSPropertyOp5
 70
     1
102
RTVSPropertyOp6
 70
     1
102
RTVSPropertyOp7
 70
     1
102
RTVSPropertyOp8
 70
     1
102
RTVSPropertyOp9
 70
     1
102
RTVSPropertyOp10
 70
     1
102
RTVSPropertyOp11
 70
     1
102
RTVSPropertyOp12
 70
     1
102
RTVSPropertyOp13
 70
     1
102
RTVSPropertyOp14
 70
     1
102
RTVSPropertyOp15
 70
     1
102
RTVSPropertyOp16
 70
     1
102
RTVSPropertyOp17
 70
     1
102
RTVSPropertyOp18
 70
     1
102
RTVSPropertyOp19
 70
     1
102
RTVSPropertyOp20
 70
     1
102
RTVSPropertyOp21
 70
     1
102
RTVSPropertyOp22
 70
     1
102
RTVSPropertyOp23
 70
     1
102
RTVSPropertyOp24
 70
     1
102
RTVSPropertyOp25
 70
     1
102
RTVSPropertyOp26
 70
     1
102
RTVSPropertyOp27
 70
     1
102
RTVSPropertyOp28
 70
     1
102
RTVSPropertyOp29
 70
     1
102
RTVSPropertyOp30
 70
     1
102
RTVSPropertyOp31
 70
     1
102
RTVSPropertyOp32
 70
     1
102
RTVSPropertyOp33
 70
     1
102
RTVSPropertyOp34
 70
     1
102
RTVSPropertyOp35
 70
     1
102
RTVSPropertyOp36
 70
     1
102
RTVSPropertyOp37
 70
     1
102
RTVSPropertyOp38
 70
     1
102
RTVSPropertyOp39
 70
     1
102
RTVSPropertyOp40
 70
     1
102
RTVSPropertyOp41
 70
     1
102
RTVSPropertyOp42
 70
     1
102
RTVSPropertyOp43
 70
     1
102
RTVSPropertyOp44
 70
     1
102
RTVSPropertyOp45
 70
     1
102
RTVSPropertyOp46
 70
     1
102
RTVSPropertyOp47
 70
     1
102
RTVSPropertyOp48
 70
     1
102
RTVSPropertyOp49
 70
     1
102
RTVSPropertyOp50
 70
     1
102
RTVSPropertyOp51
 70
     0
102
RTVSPropertyOp52
 70
     0
102
RTVSPropertyOp53
 70
     1
102
RTVSPropertyOp54
 70
     1
102
RTVSPropertyOp55
 70
     1
102
RTVSPropertyOp56
 70
     1
102
RTVSPropertyOp57
 70
     1
102
RTVSPost2010Prop28
280
     0
102
RTVSPost2010PropOp28
 70
     1
102
RTVSPost2010Prop29
280
     1
102
RTVSPost2010PropOp29
 70
     1
102
RTVSPost2010Prop30
280
     1
102
RTVSPost2010PropOp30
 70
     1
102
RTVSPost2010Prop31
280
     0
102
RTVSPost2010PropOp31
 70
     1
102
RTVSPost2010Prop32
280
     0
102
RTVSPost2010PropOp32
 70
     1
102
RTVSPost2010Prop33
280
     0
102
RTVSPost2010PropOp33
 70
     1
102
RTVSPost2010Prop34
280
     0
102
RTVSPost2010PropOp34
 70
     1
102
RTVSPost2010Prop35
280
     0
102
RTVSPost2010PropOp35
 70
     1
102
RTVSPost2010Prop36
280
     0
102
RTVSPost2010PropOp36
 70
     1
102
RTVSPost2010Prop37
 90
       50
102
RTVSPost2010PropOp37
 70
     1
102
RTVSPost2010Prop38
140
0.0
102
RTVSPost2010PropOp38
 70
     1
102
RTVSPost2010Prop39
140
1.0
102
RTVSPost2010PropOp39
 70
     1
102
RTVSPost2010Prop40
 90
        0
102
RTVSPost2010PropOp40
 70
     1
102
RTVSPost2010Prop41ColorIndex
 90
       18
102
RTVSPost2010Prop41ColorRGB
 90
        0
102
RTVSPost2010PropOp41
 70
     1
102
RTVSPost2010Prop42
 90
       50
102
RTVSPost2010PropOp42
 70
     1
102
RTVSPost2010Prop43
 90
        3
102
RTVSPost2010PropOp43
 70
     1
102
RTVSPost2010Prop44ColorIndex
 90
        5
102
RTVSPost2010Prop44ColorRGB
 90
      255
102
RTVSPost2010PropOp44
 70
     1
102
RTVSPost2010Prop45
280
     0
102
RTVSPost2010PropOp45
 70
     1
102
RTVSPost2010Prop46
 90
       50
102
RTVSPost2010PropOp46
 70
     1
102
RTVSPost2010Prop47
 90
       50
102
RTVSPost2010PropOp47
 70
     1
102
RTVSPost2010Prop48
 90
       50
102
RTVSPost2010PropOp48
 70
     1
102
RTVSPost2010Prop49
280
     0
102
RTVSPost2010PropOp49
 70
     1
102
RTVSPost2010Prop50
 90
       50
102
RTVSPost2010PropOp50
 70
     1
102
RTVSPost2010Prop51ColorIndex
 90
      256
102
RTVSPost2010Prop51ColorRGB
 90
-16777216
102
RTVSPost2010PropOp51
 70
     0
102
RTVSPost2010Prop52
140
1.0
102
RTVSPost2010PropOp52
 70
     0
102
RTVSPost2010Prop53
 90
        2
102
RTVSPost2010PropOp53
 70
     1
102
RTVSPost2010Prop54
  1
strokes_ogs.tif
102
RTVSPost2010PropOp54
 70
     1
102
RTVSPost2010Prop55
280
     0
102
RTVSPost2010PropOp55
 70
     1
102
RTVSPost2010Prop56
140
1.0
102
RTVSPost2010PropOp56
 70
     1
102
RTVSPost2010Prop57
140
1.0
102
RTVSPost2010PropOp57
 70
     1
  0
XRECORD
  5
A6
102
{ACAD_REACTORS
330
A5
102
}
330
A5
100
AcDbXrecord
280
     1
102
RTVSPropertyOp0
 70
     1
102
RTVSPropertyOp1
 70
     1
102
RTVSPropertyOp2
 70
     1
102
RTVSPropertyOp3
 70
     1
102
RTVSPropertyOp4
 70
     1
102
RTVSPropertyOp5
 70
     1
102
RTVSPropertyOp6
 70
     1
102
RTVSPropertyOp7
 70
     1
102
RTVSPropertyOp8
 70
     1
102
RTVSPropertyOp9
 70
     1
102
RTVSPropertyOp10
 70
     1
102
RTVSPropertyOp11
 70
     1
102
RTVSPropertyOp12
 70
     1
102
RTVSPropertyOp13
 70
     1
102
RTVSPropertyOp14
 70
     1
102
RTVSPropertyOp15
 70
     1
102
RTVSPropertyOp16
 70
     1
102
RTVSPropertyOp17
 70
     1
102
RTVSPropertyOp18
 70
     1
102
RTVSPropertyOp19
 70
     1
102
RTVSPropertyOp20
 70
     1
102
RTVSPropertyOp21
 70
     1
102
RTVSPropertyOp22
 70
     1
102
RTVSPropertyOp23
 70
     1
102
RTVSPropertyOp24
 70
     1
102
RTVSPropertyOp25
 70
     1
102
RTVSPropertyOp26
 70
     1
102
RTVSPropertyOp27
 70
     1
102
RTVSPropertyOp28
 70
     1
102
RTVSPropertyOp29
 70
     1
102
RTVSPropertyOp30
 70
     1
102
RTVSPropertyOp31
 70
     1
102
RTVSPropertyOp32
 70
     1
102
RTVSPropertyOp33
 70
     1
102
RTVSPropertyOp34
 70
     1
102
RTVSPropertyOp35
 70
     1
102
RTVSPropertyOp36
 70
     1
102
RTVSPropertyOp37
 70
     1
102
RTVSPropertyOp38
 70
     1
102
RTVSPropertyOp39
 70
     1
102
RTVSPropertyOp40
 70
     1
102
RTVSPropertyOp41
 70
     1
102
RTVSPropertyOp42
 70
     1
102
RTVSPropertyOp43
 70
     1
102
RTVSPropertyOp44
 70
     1
102
RTVSPropertyOp45
 70
     1
102
RTVSPropertyOp46
 70
     1
102
RTVSPropertyOp47
 70
     1
102
RTVSPropertyOp48
 70
     1
102
RTVSPropertyOp49
 70
     1
102
RTVSPropertyOp50
 70
     1
102
RTVSPropertyOp51
 70
     0
102
RTVSPropertyOp52
 70
     0
102
RTVSPropertyOp53
 70
     1
102
RTVSPropertyOp54
 70
     1
102
RTVSPropertyOp55
 70
     1
102
RTVSPropertyOp56
 70
     1
102
RTVSPropertyOp57
 70
     1
102
RTVSPost2010Prop28
280
     0
102
RTVSPost2010PropOp28
 70
     1
102
RTVSPost2010Prop29
280
     1
102
RTVSPost2010PropOp29
 70
     1
102
RTVSPost2010Prop30
280
     1
102
RTVSPost2010PropOp30
 70
     1
102
RTVSPost2010Prop31
280
     0
102
RTVSPost2010PropOp31
 70
     1
102
RTVSPost2010Prop32
280
     0
102
RTVSPost2010PropOp32
 70
     1
102
RTVSPost2010Prop33
280
     0
102
RTVSPost2010PropOp33
 70
     1
102
RTVSPost2010Prop34
280
     0
102
RTVSPost2010PropOp34
 70
     1
102
RTVSPost2010Prop35
280
     0
102
RTVSPost2010PropOp35
 70
     1
102
RTVSPost2010Prop36
280
     0
102
RTVSPost2010PropOp36
 70
     1
102
RTVSPost2010Prop37
 90
       50
102
RTVSPost2010PropOp37
 70
     1
102
RTVSPost2010Prop38
140
0.0
102
RTVSPost2010PropOp38
 70
     1
102
RTVSPost2010Prop39
140
1.0
102
RTVSPost2010PropOp39
 70
     1
102
RTVSPost2010Prop40
 90
        0
102
RTVSPost2010PropOp40
 70
     1
102
RTVSPost2010Prop41ColorIndex
 90
       18
102
RTVSPost2010Prop41ColorRGB
 90
        0
102
RTVSPost2010PropOp41
 70
     1
102
RTVSPost2010Prop42
 90
       50
102
RTVSPost2010PropOp42
 70
     1
102
RTVSPost2010Prop43
 90
        3
102
RTVSPost2010PropOp43
 70
     1
102
RTVSPost2010Prop44ColorIndex
 90
        5
102
RTVSPost2010Prop44ColorRGB
 90
      255
102
RTVSPost2010PropOp44
 70
     1
102
RTVSPost2010Prop45
280
     0
102
RTVSPost2010PropOp45
 70
     1
102
RTVSPost2010Prop46
 90
       50
102
RTVSPost2010PropOp46
 70
     1
102
RTVSPost2010Prop47
 90
       50
102
RTVSPost2010PropOp47
 70
     1
102
RTVSPost2010Prop48
 90
       50
102
RTVSPost2010PropOp48
 70
     1
102
RTVSPost2010Prop49
280
     0
102
RTVSPost2010PropOp49
 70
     1
102
RTVSPost2010Prop50
 90
       50
102
RTVSPost2010PropOp50
 70
     1
102
RTVSPost2010Prop51ColorIndex
 90
      256
102
RTVSPost2010Prop51ColorRGB
 90
-16777216
102
RTVSPost2010PropOp51
 70
     0
102
RTVSPost2010Prop52
140
1.0
102
RTVSPost2010PropOp52
 70
     0
102
RTVSPost2010Prop53
 90
        2
102
RTVSPost2010PropOp53
 70
     1
102
RTVSPost2010Prop54
  1
strokes_ogs.tif
102
RTVSPost2010PropOp54
 70
     1
102
RTVSPost2010Prop55
280
     0
102
RTVSPost2010PropOp55
 70
     1
102
RTVSPost2010Prop56
140
1.0
102
RTVSPost2010PropOp56
 70
     1
102
RTVSPost2010Prop57
140
1.0
102
RTVSPost2010PropOp57
 70
     1
  0
XRECORD
  5
B6
102
{ACAD_REACTORS
330
B5
102
}
330
B5
100
AcDbXrecord
280
     1
102
RTVSPropertyOp0
 70
     0
102
RTVSPropertyOp1
 70
     0
102
RTVSPropertyOp2
 70
     0
102
RTVSPropertyOp3
 70
     0
102
RTVSPropertyOp4
 70
     0
102
RTVSPropertyOp5
 70
     0
102
RTVSPropertyOp6
 70
     0
102
RTVSPropertyOp7
 70
     0
102
RTVSPropertyOp8
 70
     0
102
RTVSPropertyOp9
 70
     0
102
RTVSPropertyOp10
 70
     0
102
RTVSPropertyOp11
 70
     0
102
RTVSPropertyOp12
 70
     0
102
RTVSPropertyOp13
 70
     0
102
RTVSPropertyOp14
 70
     2
102
RTVSPropertyOp15
 70
     0
102
RTVSPropertyOp16
 70
     0
102
RTVSPropertyOp17
 70
     0
102
RTVSPropertyOp18
 70
     0
102
RTVSPropertyOp19
 70
     0
102
RTVSPropertyOp20
 70
     0
102
RTVSPropertyOp21
 70
     0
102
RTVSPropertyOp22
 70
     0
102
RTVSPropertyOp23
 70
     0
102
RTVSPropertyOp24
 70
     0
102
RTVSPropertyOp25
 70
     0
102
RTVSPropertyOp26
 70
     0
102
RTVSPropertyOp27
 70
     0
102
RTVSPropertyOp28
 70
     0
102
RTVSPropertyOp29
 70
     0
102
RTVSPropertyOp30
 70
     0
102
RTVSPropertyOp31
 70
     0
102
RTVSPropertyOp32
 70
     0
102
RTVSPropertyOp33
 70
     0
102
RTVSPropertyOp34
 70
     0
102
RTVSPropertyOp35
 70
     0
102
RTVSPropertyOp36
 70
     0
102
RTVSPropertyOp37
 70
     0
102
RTVSPropertyOp38
 70
     0
102
RTVSPropertyOp39
 70
     0
102
RTVSPropertyOp40
 70
     0
102
RTVSPropertyOp41
 70
     0
102
RTVSPropertyOp42
 70
     0
102
RTVSPropertyOp43
 70
     0
102
RTVSPropertyOp44
 70
     0
102
RTVSPropertyOp45
 70
     0
102
RTVSPropertyOp46
 70
     0
102
RTVSPropertyOp47
 70
     0
102
RTVSPropertyOp48
 70
     0
102
RTVSPropertyOp49
 70
     0
102
RTVSPropertyOp50
 70
     0
102
RTVSPropertyOp51
 70
     0
102
RTVSPropertyOp52
 70
     0
102
RTVSPropertyOp53
 70
     0
102
RTVSPropertyOp54
 70
     0
102
RTVSPropertyOp55
 70
     0
102
RTVSPropertyOp56
 70
     0
102
RTVSPropertyOp57
 70
     0
102
RTVSPost2010Prop28
280
     0
102
RTVSPost2010PropOp28
 70
     0
102
RTVSPost2010Prop29
280
     1
102
RTVSPost2010PropOp29
 70
     0
102
RTVSPost2010Prop30
280
     1
102
RTVSPost2010PropOp30
 70
     0
102
RTVSPost2010Prop31
280
     0
102
RTVSPost2010PropOp31
 70
     0
102
RTVSPost2010Prop32
280
     0
102
RTVSPost2010PropOp32
 70
     0
102
RTVSPost2010Prop33
280
     0
102
RTVSPost2010PropOp33
 70
     0
102
RTVSPost2010Prop34
280
     0
102
RTVSPost2010PropOp34
 70
     0
102
RTVSPost2010Prop35
280
     0
102
RTVSPost2010PropOp35
 70
     0
102
RTVSPost2010Prop36
280
     0
102
RTVSPost2010PropOp36
 70
     0
102
RTVSPost2010Prop37
 90
       50
102
RTVSPost2010PropOp37
 70
     0
102
RTVSPost2010Prop38
140
0.0
102
RTVSPost2010PropOp38
 70
     0
102
RTVSPost2010Prop39
140
1.0
102
RTVSPost2010PropOp39
 70
     0
102
RTVSPost2010Prop40
 90
        0
102
RTVSPost2010PropOp40
 70
     0
102
RTVSPost2010Prop41ColorIndex
 90
       18
102
RTVSPost2010Prop41ColorRGB
 90
        0
102
RTVSPost2010PropOp41
 70
     0
102
RTVSPost2010Prop42
 90
       50
102
RTVSPost2010PropOp42
 70
     0
102
RTVSPost2010Prop43
 90
        3
102
RTVSPost2010PropOp43
 70
     0
102
RTVSPost2010Prop44ColorIndex
 90
        5
102
RTVSPost2010Prop44ColorRGB
 90
      255
102
RTVSPost2010PropOp44
 70
     0
102
RTVSPost2010Prop45
280
     0
102
RTVSPost2010PropOp45
 70
     0
102
RTVSPost2010Prop46
 90
       50
102
RTVSPost2010PropOp46
 70
     0
102
RTVSPost2010Prop47
 90
       50
102
RTVSPost2010PropOp47
 70
     0
102
RTVSPost2010Prop48
 90
       50
102
RTVSPost2010PropOp48
 70
     0
102
RTVSPost2010Prop49
280
     0
102
RTVSPost2010PropOp49
 70
     0
102
RTVSPost2010Prop50
 90
       50
102
RTVSPost2010PropOp50
 70
     0
102
RTVSPost2010Prop51ColorIndex
 90
      256
102
RTVSPost2010Prop51ColorRGB
 90
-16777216
102
RTVSPost2010PropOp51
 70
     0
102
RTVSPost2010Prop52
140
1.0
102
RTVSPost2010PropOp52
 70
     0
102
RTVSPost2010Prop53
 90
        2
102
RTVSPost2010PropOp53
 70
     0
102
RTVSPost2010Prop54
  1
strokes_ogs.tif
102
RTVSPost2010PropOp54
 70
     0
102
RTVSPost2010Prop55
280
     0
102
RTVSPost2010PropOp55
 70
     0
102
RTVSPost2010Prop56
140
1.0
102
RTVSPost2010PropOp56
 70
     0
102
RTVSPost2010Prop57
140
1.0
102
RTVSPost2010PropOp57
 70
     0
  0
XRECORD
  5
AE
102
{ACAD_REACTORS
330
AD
102
}
330
AD
100
AcDbXrecord
280
     1
102
RTVSPropertyOp0
 70
     1
102
RTVSPropertyOp1
 70
     1
102
RTVSPropertyOp2
 70
     1
102
RTVSPropertyOp3
 70
     1
102
RTVSPropertyOp4
 70
     1
102
RTVSPropertyOp5
 70
     1
102
RTVSPropertyOp6
 70
     1
102
RTVSPropertyOp7
 70
     1
102
RTVSPropertyOp8
 70
     1
102
RTVSPropertyOp9
 70
     1
102
RTVSPropertyOp10
 70
     1
102
RTVSPropertyOp11
 70
     1
102
RTVSPropertyOp12
 70
     1
102
RTVSPropertyOp13
 70
     1
102
RTVSPropertyOp14
 70
     1
102
RTVSPropertyOp15
 70
     1
102
RTVSPropertyOp16
 70
     1
102
RTVSPropertyOp17
 70
     1
102
RTVSPropertyOp18
 70
     1
102
RTVSPropertyOp19
 70
     1
102
RTVSPropertyOp20
 70
     1
102
RTVSPropertyOp21
 70
     1
102
RTVSPropertyOp22
 70
     1
102
RTVSPropertyOp23
 70
     1
102
RTVSPropertyOp24
 70
     1
102
RTVSPropertyOp25
 70
     1
102
RTVSPropertyOp26
 70
     1
102
RTVSPropertyOp27
 70
     1
102
RTVSPropertyOp28
 70
     1
102
RTVSPropertyOp29
 70
     1
102
RTVSPropertyOp30
 70
     1
102
RTVSPropertyOp31
 70
     1
102
RTVSPropertyOp32
 70
     1
102
RTVSPropertyOp33
 70
     1
102
RTVSPropertyOp34
 70
     1
102
RTVSPropertyOp35
 70
     1
102
RTVSPropertyOp36
 70
     1
102
RTVSPropertyOp37
 70
     1
102
RTVSPropertyOp38
 70
     1
102
RTVSPropertyOp39
 70
     1
102
RTVSPropertyOp40
 70
     1
102
RTVSPropertyOp41
 70
     1
102
RTVSPropertyOp42
 70
     1
102
RTVSPropertyOp43
 70
     1
102
RTVSPropertyOp44
 70
     1
102
RTVSPropertyOp45
 70
     1
102
RTVSPropertyOp46
 70
     1
102
RTVSPropertyOp47
 70
     1
102
RTVSPropertyOp48
 70
     1
102
RTVSPropertyOp49
 70
     1
102
RTVSPropertyOp50
 70
     1
102
RTVSPropertyOp51
 70
     0
102
RTVSPropertyOp52
 70
     0
102
RTVSPropertyOp53
 70
     1
102
RTVSPropertyOp54
 70
     1
102
RTVSPropertyOp55
 70
     1
102
RTVSPropertyOp56
 70
     1
102
RTVSPropertyOp57
 70
     1
102
RTVSPost2010Prop28
280
     0
102
RTVSPost2010PropOp28
 70
     1
102
RTVSPost2010Prop29
280
     1
102
RTVSPost2010PropOp29
 70
     1
102
RTVSPost2010Prop30
280
     1
102
RTVSPost2010PropOp30
 70
     1
102
RTVSPost2010Prop31
280
     0
102
RTVSPost2010PropOp31
 70
     1
102
RTVSPost2010Prop32
280
     0
102
RTVSPost2010PropOp32
 70
     1
102
RTVSPost2010Prop33
280
     0
102
RTVSPost2010PropOp33
 70
     1
102
RTVSPost2010Prop34
280
     0
102
RTVSPost2010PropOp34
 70
     1
102
RTVSPost2010Prop35
280
     0
102
RTVSPost2010PropOp35
 70
     1
102
RTVSPost2010Prop36
280
     0
102
RTVSPost2010PropOp36
 70
     1
102
RTVSPost2010Prop37
 90
       50
102
RTVSPost2010PropOp37
 70
     1
102
RTVSPost2010Prop38
140
0.0
102
RTVSPost2010PropOp38
 70
     1
102
RTVSPost2010Prop39
140
1.0
102
RTVSPost2010PropOp39
 70
     1
102
RTVSPost2010Prop40
 90
        0
102
RTVSPost2010PropOp40
 70
     1
102
RTVSPost2010Prop41ColorIndex
 90
       18
102
RTVSPost2010Prop41ColorRGB
 90
        0
102
RTVSPost2010PropOp41
 70
     1
102
RTVSPost2010Prop42
 90
       50
102
RTVSPost2010PropOp42
 70
     1
102
RTVSPost2010Prop43
 90
        3
102
RTVSPost2010PropOp43
 70
     1
102
RTVSPost2010Prop44ColorIndex
 90
        5
102
RTVSPost2010Prop44ColorRGB
 90
      255
102
RTVSPost2010PropOp44
 70
     1
102
RTVSPost2010Prop45
280
     0
102
RTVSPost2010PropOp45
 70
     1
102
RTVSPost2010Prop46
 90
       50
102
RTVSPost2010PropOp46
 70
     1
102
RTVSPost2010Prop47
 90
       50
102
RTVSPost2010PropOp47
 70
     1
102
RTVSPost2010Prop48
 90
       50
102
RTVSPost2010PropOp48
 70
     1
102
RTVSPost2010Prop49
280
     0
102
RTVSPost2010PropOp49
 70
     1
102
RTVSPost2010Prop50
 90
       50
102
RTVSPost2010PropOp50
 70
     1
102
RTVSPost2010Prop51ColorIndex
 90
      256
102
RTVSPost2010Prop51ColorRGB
 90
-16777216
102
RTVSPost2010PropOp51
 70
     0
102
RTVSPost2010Prop52
140
1.0
102
RTVSPost2010PropOp52
 70
     0
102
RTVSPost2010Prop53
 90
        2
102
RTVSPost2010PropOp53
 70
     1
102
RTVSPost2010Prop54
  1
strokes_ogs.tif
102
RTVSPost2010PropOp54
 70
     1
102
RTVSPost2010Prop55
280
     0
102
RTVSPost2010PropOp55
 70
     1
102
RTVSPost2010Prop56
140
1.0
102
RTVSPost2010PropOp56
 70
     1
102
RTVSPost2010Prop57
140
1.0
102
RTVSPost2010PropOp57
 70
     1
  0
XRECORD
  5
92
102
{ACAD_REACTORS
330
91
102
}
330
91
100
AcDbXrecord
280
     1
102
RTVSPropertyOp0
 70
     1
102
RTVSPropertyOp1
 70
     1
102
RTVSPropertyOp2
 70
     1
102
RTVSPropertyOp3
 70
     1
102
RTVSPropertyOp4
 70
     1
102
RTVSPropertyOp5
 70
     1
102
RTVSPropertyOp6
 70
     1
102
RTVSPropertyOp7
 70
     1
102
RTVSPropertyOp8
 70
     1
102
RTVSPropertyOp9
 70
     1
102
RTVSPropertyOp10
 70
     1
102
RTVSPropertyOp11
 70
     1
102
RTVSPropertyOp12
 70
     1
102
RTVSPropertyOp13
 70
     1
102
RTVSPropertyOp14
 70
     1
102
RTVSPropertyOp15
 70
     1
102
RTVSPropertyOp16
 70
     1
102
RTVSPropertyOp17
 70
     1
102
RTVSPropertyOp18
 70
     1
102
RTVSPropertyOp19
 70
     1
102
RTVSPropertyOp20
 70
     1
102
RTVSPropertyOp21
 70
     1
102
RTVSPropertyOp22
 70
     1
102
RTVSPropertyOp23
 70
     1
102
RTVSPropertyOp24
 70
     1
102
RTVSPropertyOp25
 70
     1
102
RTVSPropertyOp26
 70
     1
102
RTVSPropertyOp27
 70
     1
102
RTVSPropertyOp28
 70
     1
102
RTVSPropertyOp29
 70
     1
102
RTVSPropertyOp30
 70
     1
102
RTVSPropertyOp31
 70
     1
102
RTVSPropertyOp32
 70
     1
102
RTVSPropertyOp33
 70
     1
102
RTVSPropertyOp34
 70
     1
102
RTVSPropertyOp35
 70
     1
102
RTVSPropertyOp36
 70
     1
102
RTVSPropertyOp37
 70
     1
102
RTVSPropertyOp38
 70
     1
102
RTVSPropertyOp39
 70
     1
102
RTVSPropertyOp40
 70
     1
102
RTVSPropertyOp41
 70
     1
102
RTVSPropertyOp42
 70
     1
102
RTVSPropertyOp43
 70
     1
102
RTVSPropertyOp44
 70
     1
102
RTVSPropertyOp45
 70
     1
102
RTVSPropertyOp46
 70
     1
102
RTVSPropertyOp47
 70
     1
102
RTVSPropertyOp48
 70
     1
102
RTVSPropertyOp49
 70
     1
102
RTVSPropertyOp50
 70
     1
102
RTVSPropertyOp51
 70
     0
102
RTVSPropertyOp52
 70
     0
102
RTVSPropertyOp53
 70
     1
102
RTVSPropertyOp54
 70
     1
102
RTVSPropertyOp55
 70
     1
102
RTVSPropertyOp56
 70
     1
102
RTVSPropertyOp57
 70
     1
102
RTVSPost2010Prop28
280
     0
102
RTVSPost2010PropOp28
 70
     1
102
RTVSPost2010Prop29
280
     1
102
RTVSPost2010PropOp29
 70
     1
102
RTVSPost2010Prop30
280
     1
102
RTVSPost2010PropOp30
 70
     1
102
RTVSPost2010Prop31
280
     0
102
RTVSPost2010PropOp31
 70
     1
102
RTVSPost2010Prop32
280
     0
102
RTVSPost2010PropOp32
 70
     1
102
RTVSPost2010Prop33
280
     0
102
RTVSPost2010PropOp33
 70
     1
102
RTVSPost2010Prop34
280
     0
102
RTVSPost2010PropOp34
 70
     1
102
RTVSPost2010Prop35
280
     0
102
RTVSPost2010PropOp35
 70
     1
102
RTVSPost2010Prop36
280
     0
102
RTVSPost2010PropOp36
 70
     1
102
RTVSPost2010Prop37
 90
       50
102
RTVSPost2010PropOp37
 70
     1
102
RTVSPost2010Prop38
140
0.0
102
RTVSPost2010PropOp38
 70
     1
102
RTVSPost2010Prop39
140
1.0
102
RTVSPost2010PropOp39
 70
     1
102
RTVSPost2010Prop40
 90
        0
102
RTVSPost2010PropOp40
 70
     1
102
RTVSPost2010Prop41ColorIndex
 90
       18
102
RTVSPost2010Prop41ColorRGB
 90
        0
102
RTVSPost2010PropOp41
 70
     1
102
RTVSPost2010Prop42
 90
       50
102
RTVSPost2010PropOp42
 70
     1
102
RTVSPost2010Prop43
 90
        3
102
RTVSPost2010PropOp43
 70
     1
102
RTVSPost2010Prop44ColorIndex
 90
        5
102
RTVSPost2010Prop44ColorRGB
 90
      255
102
RTVSPost2010PropOp44
 70
     1
102
RTVSPost2010Prop45
280
     0
102
RTVSPost2010PropOp45
 70
     1
102
RTVSPost2010Prop46
 90
       50
102
RTVSPost2010PropOp46
 70
     1
102
RTVSPost2010Prop47
 90
       50
102
RTVSPost2010PropOp47
 70
     1
102
RTVSPost2010Prop48
 90
       50
102
RTVSPost2010PropOp48
 70
     1
102
RTVSPost2010Prop49
280
     0
102
RTVSPost2010PropOp49
 70
     1
102
RTVSPost2010Prop50
 90
       50
102
RTVSPost2010PropOp50
 70
     1
102
RTVSPost2010Prop51ColorIndex
 90
      256
102
RTVSPost2010Prop51ColorRGB
 90
-16777216
102
RTVSPost2010PropOp51
 70
     0
102
RTVSPost2010Prop52
140
1.0
102
RTVSPost2010PropOp52
 70
     0
102
RTVSPost2010Prop53
 90
        2
102
RTVSPost2010PropOp53
 70
     1
102
RTVSPost2010Prop54
  1
strokes_ogs.tif
102
RTVSPost2010PropOp54
 70
     1
102
RTVSPost2010Prop55
280
     0
102
RTVSPost2010PropOp55
 70
     1
102
RTVSPost2010Prop56
140
1.0
102
RTVSPost2010PropOp56
 70
     1
102
RTVSPost2010Prop57
140
1.0
102
RTVSPost2010PropOp57
 70
     1
  0
XRECORD
  5
94
102
{ACAD_REACTORS
330
93
102
}
330
93
100
AcDbXrecord
280
     1
102
RTVSPropertyOp0
 70
     1
102
RTVSPropertyOp1
 70
     1
102
RTVSPropertyOp2
 70
     1
102
RTVSPropertyOp3
 70
     1
102
RTVSPropertyOp4
 70
     1
102
RTVSPropertyOp5
 70
     1
102
RTVSPropertyOp6
 70
     1
102
RTVSPropertyOp7
 70
     1
102
RTVSPropertyOp8
 70
     1
102
RTVSPropertyOp9
 70
     1
102
RTVSPropertyOp10
 70
     1
102
RTVSPropertyOp11
 70
     1
102
RTVSPropertyOp12
 70
     1
102
RTVSPropertyOp13
 70
     1
102
RTVSPropertyOp14
 70
     1
102
RTVSPropertyOp15
 70
     1
102
RTVSPropertyOp16
 70
     1
102
RTVSPropertyOp17
 70
     1
102
RTVSPropertyOp18
 70
     1
102
RTVSPropertyOp19
 70
     1
102
RTVSPropertyOp20
 70
     1
102
RTVSPropertyOp21
 70
     1
102
RTVSPropertyOp22
 70
     1
102
RTVSPropertyOp23
 70
     1
102
RTVSPropertyOp24
 70
     1
102
RTVSPropertyOp25
 70
     1
102
RTVSPropertyOp26
 70
     1
102
RTVSPropertyOp27
 70
     1
102
RTVSPropertyOp28
 70
     1
102
RTVSPropertyOp29
 70
     1
102
RTVSPropertyOp30
 70
     1
102
RTVSPropertyOp31
 70
     1
102
RTVSPropertyOp32
 70
     1
102
RTVSPropertyOp33
 70
     1
102
RTVSPropertyOp34
 70
     1
102
RTVSPropertyOp35
 70
     1
102
RTVSPropertyOp36
 70
     1
102
RTVSPropertyOp37
 70
     1
102
RTVSPropertyOp38
 70
     1
102
RTVSPropertyOp39
 70
     1
102
RTVSPropertyOp40
 70
     1
102
RTVSPropertyOp41
 70
     1
102
RTVSPropertyOp42
 70
     1
102
RTVSPropertyOp43
 70
     1
102
RTVSPropertyOp44
 70
     1
102
RTVSPropertyOp45
 70
     1
102
RTVSPropertyOp46
 70
     1
102
RTVSPropertyOp47
 70
     1
102
RTVSPropertyOp48
 70
     1
102
RTVSPropertyOp49
 70
     1
102
RTVSPropertyOp50
 70
     1
102
RTVSPropertyOp51
 70
     0
102
RTVSPropertyOp52
 70
     0
102
RTVSPropertyOp53
 70
     1
102
RTVSPropertyOp54
 70
     1
102
RTVSPropertyOp55
 70
     1
102
RTVSPropertyOp56
 70
     1
102
RTVSPropertyOp57
 70
     1
102
RTVSPost2010Prop28
280
     0
102
RTVSPost2010PropOp28
 70
     1
102
RTVSPost2010Prop29
280
     1
102
RTVSPost2010PropOp29
 70
     1
102
RTVSPost2010Prop30
280
     1
102
RTVSPost2010PropOp30
 70
     1
102
RTVSPost2010Prop31
280
     0
102
RTVSPost2010PropOp31
 70
     1
102
RTVSPost2010Prop32
280
     0
102
RTVSPost2010PropOp32
 70
     1
102
RTVSPost2010Prop33
280
     0
102
RTVSPost2010PropOp33
 70
     1
102
RTVSPost2010Prop34
280
     0
102
RTVSPost2010PropOp34
 70
     1
102
RTVSPost2010Prop35
280
     0
102
RTVSPost2010PropOp35
 70
     1
102
RTVSPost2010Prop36
280
     0
102
RTVSPost2010PropOp36
 70
     1
102
RTVSPost2010Prop37
 90
       50
102
RTVSPost2010PropOp37
 70
     1
102
RTVSPost2010Prop38
140
0.0
102
RTVSPost2010PropOp38
 70
     1
102
RTVSPost2010Prop39
140
1.0
102
RTVSPost2010PropOp39
 70
     1
102
RTVSPost2010Prop40
 90
        0
102
RTVSPost2010PropOp40
 70
     1
102
RTVSPost2010Prop41ColorIndex
 90
       18
102
RTVSPost2010Prop41ColorRGB
 90
        0
102
RTVSPost2010PropOp41
 70
     1
102
RTVSPost2010Prop42
 90
       50
102
RTVSPost2010PropOp42
 70
     1
102
RTVSPost2010Prop43
 90
        3
102
RTVSPost2010PropOp43
 70
     1
102
RTVSPost2010Prop44ColorIndex
 90
        5
102
RTVSPost2010Prop44ColorRGB
 90
      255
102
RTVSPost2010PropOp44
 70
     1
102
RTVSPost2010Prop45
280
     0
102
RTVSPost2010PropOp45
 70
     1
102
RTVSPost2010Prop46
 90
       50
102
RTVSPost2010PropOp46
 70
     1
102
RTVSPost2010Prop47
 90
       50
102
RTVSPost2010PropOp47
 70
     1
102
RTVSPost2010Prop48
 90
       50
102
RTVSPost2010PropOp48
 70
     1
102
RTVSPost2010Prop49
280
     0
102
RTVSPost2010PropOp49
 70
     1
102
RTVSPost2010Prop50
 90
       50
102
RTVSPost2010PropOp50
 70
     1
102
RTVSPost2010Prop51ColorIndex
 90
      256
102
RTVSPost2010Prop51ColorRGB
 90
-16777216
102
RTVSPost2010PropOp51
 70
     0
102
RTVSPost2010Prop52
140
1.0
102
RTVSPost2010PropOp52
 70
     0
102
RTVSPost2010Prop53
 90
        2
102
RTVSPost2010PropOp53
 70
     1
102
RTVSPost2010Prop54
  1
strokes_ogs.tif
102
RTVSPost2010PropOp54
 70
     1
102
RTVSPost2010Prop55
280
     0
102
RTVSPost2010PropOp55
 70
     1
102
RTVSPost2010Prop56
140
1.0
102
RTVSPost2010PropOp56
 70
     1
102
RTVSPost2010Prop57
140
1.0
102
RTVSPost2010PropOp57
 70
     1
  0
XRECORD
  5
96
102
{ACAD_REACTORS
330
95
102
}
330
95
100
AcDbXrecord
280
     1
102
RTVSPropertyOp0
 70
     1
102
RTVSPropertyOp1
 70
     1
102
RTVSPropertyOp2
 70
     1
102
RTVSPropertyOp3
 70
     1
102
RTVSPropertyOp4
 70
     1
102
RTVSPropertyOp5
 70
     1
102
RTVSPropertyOp6
 70
     1
102
RTVSPropertyOp7
 70
     1
102
RTVSPropertyOp8
 70
     1
102
RTVSPropertyOp9
 70
     1
102
RTVSPropertyOp10
 70
     1
102
RTVSPropertyOp11
 70
     1
102
RTVSPropertyOp12
 70
     1
102
RTVSPropertyOp13
 70
     1
102
RTVSPropertyOp14
 70
     1
102
RTVSPropertyOp15
 70
     1
102
RTVSPropertyOp16
 70
     1
102
RTVSPropertyOp17
 70
     1
102
RTVSPropertyOp18
 70
     1
102
RTVSPropertyOp19
 70
     1
102
RTVSPropertyOp20
 70
     1
102
RTVSPropertyOp21
 70
     1
102
RTVSPropertyOp22
 70
     1
102
RTVSPropertyOp23
 70
     1
102
RTVSPropertyOp24
 70
     1
102
RTVSPropertyOp25
 70
     1
102
RTVSPropertyOp26
 70
     1
102
RTVSPropertyOp27
 70
     1
102
RTVSPropertyOp28
 70
     1
102
RTVSPropertyOp29
 70
     1
102
RTVSPropertyOp30
 70
     1
102
RTVSPropertyOp31
 70
     1
102
RTVSPropertyOp32
 70
     1
102
RTVSPropertyOp33
 70
     1
102
RTVSPropertyOp34
 70
     1
102
RTVSPropertyOp35
 70
     1
102
RTVSPropertyOp36
 70
     1
102
RTVSPropertyOp37
 70
     1
102
RTVSPropertyOp38
 70
     1
102
RTVSPropertyOp39
 70
     1
102
RTVSPropertyOp40
 70
     1
102
RTVSPropertyOp41
 70
     1
102
RTVSPropertyOp42
 70
     1
102
RTVSPropertyOp43
 70
     1
102
RTVSPropertyOp44
 70
     1
102
RTVSPropertyOp45
 70
     1
102
RTVSPropertyOp46
 70
     1
102
RTVSPropertyOp47
 70
     1
102
RTVSPropertyOp48
 70
     1
102
RTVSPropertyOp49
 70
     1
102
RTVSPropertyOp50
 70
     1
102
RTVSPropertyOp51
 70
     0
102
RTVSPropertyOp52
 70
     0
102
RTVSPropertyOp53
 70
     1
102
RTVSPropertyOp54
 70
     1
102
RTVSPropertyOp55
 70
     1
102
RTVSPropertyOp56
 70
     1
102
RTVSPropertyOp57
 70
     1
102
RTVSPost2010Prop28
280
     0
102
RTVSPost2010PropOp28
 70
     1
102
RTVSPost2010Prop29
280
     1
102
RTVSPost2010PropOp29
 70
     1
102
RTVSPost2010Prop30
280
     1
102
RTVSPost2010PropOp30
 70
     1
102
RTVSPost2010Prop31
280
     0
102
RTVSPost2010PropOp31
 70
     1
102
RTVSPost2010Prop32
280
     0
102
RTVSPost2010PropOp32
 70
     1
102
RTVSPost2010Prop33
280
     0
102
RTVSPost2010PropOp33
 70
     1
102
RTVSPost2010Prop34
280
     0
102
RTVSPost2010PropOp34
 70
     1
102
RTVSPost2010Prop35
280
     0
102
RTVSPost2010PropOp35
 70
     1
102
RTVSPost2010Prop36
280
     0
102
RTVSPost2010PropOp36
 70
     1
102
RTVSPost2010Prop37
 90
       50
102
RTVSPost2010PropOp37
 70
     1
102
RTVSPost2010Prop38
140
0.0
102
RTVSPost2010PropOp38
 70
     1
102
RTVSPost2010Prop39
140
1.0
102
RTVSPost2010PropOp39
 70
     1
102
RTVSPost2010Prop40
 90
        0
102
RTVSPost2010PropOp40
 70
     1
102
RTVSPost2010Prop41ColorIndex
 90
       18
102
RTVSPost2010Prop41ColorRGB
 90
        0
102
RTVSPost2010PropOp41
 70
     1
102
RTVSPost2010Prop42
 90
       50
102
RTVSPost2010PropOp42
 70
     1
102
RTVSPost2010Prop43
 90
        3
102
RTVSPost2010PropOp43
 70
     1
102
RTVSPost2010Prop44ColorIndex
 90
        5
102
RTVSPost2010Prop44ColorRGB
 90
      255
102
RTVSPost2010PropOp44
 70
     1
102
RTVSPost2010Prop45
280
     0
102
RTVSPost2010PropOp45
 70
     1
102
RTVSPost2010Prop46
 90
       50
102
RTVSPost2010PropOp46
 70
     1
102
RTVSPost2010Prop47
 90
       50
102
RTVSPost2010PropOp47
 70
     1
102
RTVSPost2010Prop48
 90
       50
102
RTVSPost2010PropOp48
 70
     1
102
RTVSPost2010Prop49
280
     0
102
RTVSPost2010PropOp49
 70
     1
102
RTVSPost2010Prop50
 90
       50
102
RTVSPost2010PropOp50
 70
     1
102
RTVSPost2010Prop51ColorIndex
 90
      256
102
RTVSPost2010Prop51ColorRGB
 90
-16777216
102
RTVSPost2010PropOp51
 70
     0
102
RTVSPost2010Prop52
140
1.0
102
RTVSPost2010PropOp52
 70
     0
102
RTVSPost2010Prop53
 90
        2
102
RTVSPost2010PropOp53
 70
     1
102
RTVSPost2010Prop54
  1
strokes_ogs.tif
102
RTVSPost2010PropOp54
 70
     1
102
RTVSPost2010Prop55
280
     0
102
RTVSPost2010PropOp55
 70
     1
102
RTVSPost2010Prop56
140
1.0
102
RTVSPost2010PropOp56
 70
     1
102
RTVSPost2010Prop57
140
1.0
102
RTVSPost2010PropOp57
 70
     1
  0
XRECORD
  5
98
102
{ACAD_REACTORS
330
97
102
}
330
97
100
AcDbXrecord
280
     1
102
RTVSPropertyOp0
 70
     1
102
RTVSPropertyOp1
 70
     1
102
RTVSPropertyOp2
 70
     1
102
RTVSPropertyOp3
 70
     1
102
RTVSPropertyOp4
 70
     1
102
RTVSPropertyOp5
 70
     1
102
RTVSPropertyOp6
 70
     1
102
RTVSPropertyOp7
 70
     1
102
RTVSPropertyOp8
 70
     1
102
RTVSPropertyOp9
 70
     1
102
RTVSPropertyOp10
 70
     1
102
RTVSPropertyOp11
 70
     1
102
RTVSPropertyOp12
 70
     1
102
RTVSPropertyOp13
 70
     1
102
RTVSPropertyOp14
 70
     1
102
RTVSPropertyOp15
 70
     1
102
RTVSPropertyOp16
 70
     1
102
RTVSPropertyOp17
 70
     1
102
RTVSPropertyOp18
 70
     1
102
RTVSPropertyOp19
 70
     1
102
RTVSPropertyOp20
 70
     1
102
RTVSPropertyOp21
 70
     1
102
RTVSPropertyOp22
 70
     1
102
RTVSPropertyOp23
 70
     1
102
RTVSPropertyOp24
 70
     1
102
RTVSPropertyOp25
 70
     1
102
RTVSPropertyOp26
 70
     1
102
RTVSPropertyOp27
 70
     1
102
RTVSPropertyOp28
 70
     1
102
RTVSPropertyOp29
 70
     1
102
RTVSPropertyOp30
 70
     1
102
RTVSPropertyOp31
 70
     1
102
RTVSPropertyOp32
 70
     1
102
RTVSPropertyOp33
 70
     1
102
RTVSPropertyOp34
 70
     1
102
RTVSPropertyOp35
 70
     1
102
RTVSPropertyOp36
 70
     1
102
RTVSPropertyOp37
 70
     1
102
RTVSPropertyOp38
 70
     1
102
RTVSPropertyOp39
 70
     1
102
RTVSPropertyOp40
 70
     1
102
RTVSPropertyOp41
 70
     1
102
RTVSPropertyOp42
 70
     1
102
RTVSPropertyOp43
 70
     1
102
RTVSPropertyOp44
 70
     1
102
RTVSPropertyOp45
 70
     1
102
RTVSPropertyOp46
 70
     1
102
RTVSPropertyOp47
 70
     1
102
RTVSPropertyOp48
 70
     1
102
RTVSPropertyOp49
 70
     1
102
RTVSPropertyOp50
 70
     1
102
RTVSPropertyOp51
 70
     0
102
RTVSPropertyOp52
 70
     0
102
RTVSPropertyOp53
 70
     1
102
RTVSPropertyOp54
 70
     1
102
RTVSPropertyOp55
 70
     1
102
RTVSPropertyOp56
 70
     1
102
RTVSPropertyOp57
 70
     1
102
RTVSPost2010Prop28
280
     0
102
RTVSPost2010PropOp28
 70
     1
102
RTVSPost2010Prop29
280
     1
102
RTVSPost2010PropOp29
 70
     1
102
RTVSPost2010Prop30
280
     1
102
RTVSPost2010PropOp30
 70
     1
102
RTVSPost2010Prop31
280
     0
102
RTVSPost2010PropOp31
 70
     1
102
RTVSPost2010Prop32
280
     0
102
RTVSPost2010PropOp32
 70
     1
102
RTVSPost2010Prop33
280
     0
102
RTVSPost2010PropOp33
 70
     1
102
RTVSPost2010Prop34
280
     0
102
RTVSPost2010PropOp34
 70
     1
102
RTVSPost2010Prop35
280
     0
102
RTVSPost2010PropOp35
 70
     1
102
RTVSPost2010Prop36
280
     0
102
RTVSPost2010PropOp36
 70
     1
102
RTVSPost2010Prop37
 90
       50
102
RTVSPost2010PropOp37
 70
     1
102
RTVSPost2010Prop38
140
0.0
102
RTVSPost2010PropOp38
 70
     1
102
RTVSPost2010Prop39
140
1.0
102
RTVSPost2010PropOp39
 70
     1
102
RTVSPost2010Prop40
 90
        0
102
RTVSPost2010PropOp40
 70
     1
102
RTVSPost2010Prop41ColorIndex
 90
       18
102
RTVSPost2010Prop41ColorRGB
 90
        0
102
RTVSPost2010PropOp41
 70
     1
102
RTVSPost2010Prop42
 90
       50
102
RTVSPost2010PropOp42
 70
     1
102
RTVSPost2010Prop43
 90
        3
102
RTVSPost2010PropOp43
 70
     1
102
RTVSPost2010Prop44ColorIndex
 90
        5
102
RTVSPost2010Prop44ColorRGB
 90
      255
102
RTVSPost2010PropOp44
 70
     1
102
RTVSPost2010Prop45
280
     0
102
RTVSPost2010PropOp45
 70
     1
102
RTVSPost2010Prop46
 90
       50
102
RTVSPost2010PropOp46
 70
     1
102
RTVSPost2010Prop47
 90
       50
102
RTVSPost2010PropOp47
 70
     1
102
RTVSPost2010Prop48
 90
       50
102
RTVSPost2010PropOp48
 70
     1
102
RTVSPost2010Prop49
280
     0
102
RTVSPost2010PropOp49
 70
     1
102
RTVSPost2010Prop50
 90
       50
102
RTVSPost2010PropOp50
 70
     1
102
RTVSPost2010Prop51ColorIndex
 90
      256
102
RTVSPost2010Prop51ColorRGB
 90
-16777216
102
RTVSPost2010PropOp51
 70
     0
102
RTVSPost2010Prop52
140
1.0
102
RTVSPost2010PropOp52
 70
     0
102
RTVSPost2010Prop53
 90
        2
102
RTVSPost2010PropOp53
 70
     1
102
RTVSPost2010Prop54
  1
strokes_ogs.tif
102
RTVSPost2010PropOp54
 70
     1
102
RTVSPost2010Prop55
280
     0
102
RTVSPost2010PropOp55
 70
     1
102
RTVSPost2010Prop56
140
1.0
102
RTVSPost2010PropOp56
 70
     1
102
RTVSPost2010Prop57
140
1.0
102
RTVSPost2010PropOp57
 70
     1
  0
XRECORD
  5
9E
102
{ACAD_REACTORS
330
9D
102
}
330
9D
100
AcDbXrecord
280
     1
102
RTVSPropertyOp0
 70
     1
102
RTVSPropertyOp1
 70
     1
102
RTVSPropertyOp2
 70
     1
102
RTVSPropertyOp3
 70
     1
102
RTVSPropertyOp4
 70
     1
102
RTVSPropertyOp5
 70
     1
102
RTVSPropertyOp6
 70
     1
102
RTVSPropertyOp7
 70
     1
102
RTVSPropertyOp8
 70
     1
102
RTVSPropertyOp9
 70
     1
102
RTVSPropertyOp10
 70
     1
102
RTVSPropertyOp11
 70
     1
102
RTVSPropertyOp12
 70
     1
102
RTVSPropertyOp13
 70
     1
102
RTVSPropertyOp14
 70
     1
102
RTVSPropertyOp15
 70
     1
102
RTVSPropertyOp16
 70
     1
102
RTVSPropertyOp17
 70
     1
102
RTVSPropertyOp18
 70
     1
102
RTVSPropertyOp19
 70
     1
102
RTVSPropertyOp20
 70
     1
102
RTVSPropertyOp21
 70
     1
102
RTVSPropertyOp22
 70
     1
102
RTVSPropertyOp23
 70
     1
102
RTVSPropertyOp24
 70
     1
102
RTVSPropertyOp25
 70
     1
102
RTVSPropertyOp26
 70
     1
102
RTVSPropertyOp27
 70
     1
102
RTVSPropertyOp28
 70
     1
102
RTVSPropertyOp29
 70
     1
102
RTVSPropertyOp30
 70
     1
102
RTVSPropertyOp31
 70
     1
102
RTVSPropertyOp32
 70
     1
102
RTVSPropertyOp33
 70
     1
102
RTVSPropertyOp34
 70
     1
102
RTVSPropertyOp35
 70
     1
102
RTVSPropertyOp36
 70
     1
102
RTVSPropertyOp37
 70
     1
102
RTVSPropertyOp38
 70
     1
102
RTVSPropertyOp39
 70
     1
102
RTVSPropertyOp40
 70
     1
102
RTVSPropertyOp41
 70
     1
102
RTVSPropertyOp42
 70
     1
102
RTVSPropertyOp43
 70
     1
102
RTVSPropertyOp44
 70
     1
102
RTVSPropertyOp45
 70
     1
102
RTVSPropertyOp46
 70
     1
102
RTVSPropertyOp47
 70
     1
102
RTVSPropertyOp48
 70
     1
102
RTVSPropertyOp49
 70
     1
102
RTVSPropertyOp50
 70
     1
102
RTVSPropertyOp51
 70
     0
102
RTVSPropertyOp52
 70
     0
102
RTVSPropertyOp53
 70
     1
102
RTVSPropertyOp54
 70
     1
102
RTVSPropertyOp55
 70
     1
102
RTVSPropertyOp56
 70
     1
102
RTVSPropertyOp57
 70
     1
102
RTVSPost2010Prop28
280
     0
102
RTVSPost2010PropOp28
 70
     1
102
RTVSPost2010Prop29
280
     1
102
RTVSPost2010PropOp29
 70
     1
102
RTVSPost2010Prop30
280
     1
102
RTVSPost2010PropOp30
 70
     1
102
RTVSPost2010Prop31
280
     0
102
RTVSPost2010PropOp31
 70
     1
102
RTVSPost2010Prop32
280
     0
102
RTVSPost2010PropOp32
 70
     1
102
RTVSPost2010Prop33
280
     0
102
RTVSPost2010PropOp33
 70
     1
102
RTVSPost2010Prop34
280
     0
102
RTVSPost2010PropOp34
 70
     1
102
RTVSPost2010Prop35
280
     0
102
RTVSPost2010PropOp35
 70
     1
102
RTVSPost2010Prop36
280
     0
102
RTVSPost2010PropOp36
 70
     1
102
RTVSPost2010Prop37
 90
       50
102
RTVSPost2010PropOp37
 70
     1
102
RTVSPost2010Prop38
140
0.0
102
RTVSPost2010PropOp38
 70
     1
102
RTVSPost2010Prop39
140
1.0
102
RTVSPost2010PropOp39
 70
     1
102
RTVSPost2010Prop40
 90
        0
102
RTVSPost2010PropOp40
 70
     1
102
RTVSPost2010Prop41ColorIndex
 90
       18
102
RTVSPost2010Prop41ColorRGB
 90
        0
102
RTVSPost2010PropOp41
 70
     1
102
RTVSPost2010Prop42
 90
       50
102
RTVSPost2010PropOp42
 70
     1
102
RTVSPost2010Prop43
 90
        3
102
RTVSPost2010PropOp43
 70
     1
102
RTVSPost2010Prop44ColorIndex
 90
        5
102
RTVSPost2010Prop44ColorRGB
 90
      255
102
RTVSPost2010PropOp44
 70
     1
102
RTVSPost2010Prop45
280
     0
102
RTVSPost2010PropOp45
 70
     1
102
RTVSPost2010Prop46
 90
       50
102
RTVSPost2010PropOp46
 70
     1
102
RTVSPost2010Prop47
 90
       50
102
RTVSPost2010PropOp47
 70
     1
102
RTVSPost2010Prop48
 90
       50
102
RTVSPost2010PropOp48
 70
     1
102
RTVSPost2010Prop49
280
     0
102
RTVSPost2010PropOp49
 70
     1
102
RTVSPost2010Prop50
 90
       50
102
RTVSPost2010PropOp50
 70
     1
102
RTVSPost2010Prop51ColorIndex
 90
      256
102
RTVSPost2010Prop51ColorRGB
 90
-16777216
102
RTVSPost2010PropOp51
 70
     0
102
RTVSPost2010Prop52
140
1.0
102
RTVSPost2010PropOp52
 70
     0
102
RTVSPost2010Prop53
 90
        2
102
RTVSPost2010PropOp53
 70
     1
102
RTVSPost2010Prop54
  1
strokes_ogs.tif
102
RTVSPost2010PropOp54
 70
     1
102
RTVSPost2010Prop55
280
     0
102
RTVSPost2010PropOp55
 70
     1
102
RTVSPost2010Prop56
140
1.0
102
RTVSPost2010PropOp56
 70
     1
102
RTVSPost2010Prop57
140
1.0
102
RTVSPost2010PropOp57
 70
     1
  0
XRECORD
  5
B2
102
{ACAD_REACTORS
330
B1
102
}
330
B1
100
AcDbXrecord
280
     1
102
RTVSPropertyOp0
 70
     0
102
RTVSPropertyOp1
 70
     0
102
RTVSPropertyOp2
 70
     0
102
RTVSPropertyOp3
 70
     0
102
RTVSPropertyOp4
 70
     0
102
RTVSPropertyOp5
 70
     0
102
RTVSPropertyOp6
 70
     0
102
RTVSPropertyOp7
 70
     0
102
RTVSPropertyOp8
 70
     0
102
RTVSPropertyOp9
 70
     0
102
RTVSPropertyOp10
 70
     0
102
RTVSPropertyOp11
 70
     0
102
RTVSPropertyOp12
 70
     0
102
RTVSPropertyOp13
 70
     0
102
RTVSPropertyOp14
 70
     2
102
RTVSPropertyOp15
 70
     0
102
RTVSPropertyOp16
 70
     0
102
RTVSPropertyOp17
 70
     0
102
RTVSPropertyOp18
 70
     0
102
RTVSPropertyOp19
 70
     0
102
RTVSPropertyOp20
 70
     0
102
RTVSPropertyOp21
 70
     0
102
RTVSPropertyOp22
 70
     0
102
RTVSPropertyOp23
 70
     0
102
RTVSPropertyOp24
 70
     0
102
RTVSPropertyOp25
 70
     0
102
RTVSPropertyOp26
 70
     0
102
RTVSPropertyOp27
 70
     0
102
RTVSPropertyOp28
 70
     0
102
RTVSPropertyOp29
 70
     0
102
RTVSPropertyOp30
 70
     0
102
RTVSPropertyOp31
 70
     0
102
RTVSPropertyOp32
 70
     0
102
RTVSPropertyOp33
 70
     0
102
RTVSPropertyOp34
 70
     0
102
RTVSPropertyOp35
 70
     0
102
RTVSPropertyOp36
 70
     0
102
RTVSPropertyOp37
 70
     0
102
RTVSPropertyOp38
 70
     0
102
RTVSPropertyOp39
 70
     0
102
RTVSPropertyOp40
 70
     0
102
RTVSPropertyOp41
 70
     0
102
RTVSPropertyOp42
 70
     0
102
RTVSPropertyOp43
 70
     0
102
RTVSPropertyOp44
 70
     0
102
RTVSPropertyOp45
 70
     0
102
RTVSPropertyOp46
 70
     0
102
RTVSPropertyOp47
 70
     0
102
RTVSPropertyOp48
 70
     0
102
RTVSPropertyOp49
 70
     0
102
RTVSPropertyOp50
 70
     0
102
RTVSPropertyOp51
 70
     0
102
RTVSPropertyOp52
 70
     0
102
RTVSPropertyOp53
 70
     0
102
RTVSPropertyOp54
 70
     0
102
RTVSPropertyOp55
 70
     0
102
RTVSPropertyOp56
 70
     0
102
RTVSPropertyOp57
 70
     0
102
RTVSPost2010Prop28
280
     0
102
RTVSPost2010PropOp28
 70
     0
102
RTVSPost2010Prop29
280
     1
102
RTVSPost2010PropOp29
 70
     0
102
RTVSPost2010Prop30
280
     1
102
RTVSPost2010PropOp30
 70
     0
102
RTVSPost2010Prop31
280
     0
102
RTVSPost2010PropOp31
 70
     0
102
RTVSPost2010Prop32
280
     0
102
RTVSPost2010PropOp32
 70
     0
102
RTVSPost2010Prop33
280
     0
102
RTVSPost2010PropOp33
 70
     0
102
RTVSPost2010Prop34
280
     0
102
RTVSPost2010PropOp34
 70
     0
102
RTVSPost2010Prop35
280
     0
102
RTVSPost2010PropOp35
 70
     0
102
RTVSPost2010Prop36
280
     0
102
RTVSPost2010PropOp36
 70
     0
102
RTVSPost2010Prop37
 90
       50
102
RTVSPost2010PropOp37
 70
     0
102
RTVSPost2010Prop38
140
0.0
102
RTVSPost2010PropOp38
 70
     0
102
RTVSPost2010Prop39
140
1.0
102
RTVSPost2010PropOp39
 70
     0
102
RTVSPost2010Prop40
 90
        0
102
RTVSPost2010PropOp40
 70
     0
102
RTVSPost2010Prop41ColorIndex
 90
       18
102
RTVSPost2010Prop41ColorRGB
 90
        0
102
RTVSPost2010PropOp41
 70
     0
102
RTVSPost2010Prop42
 90
       50
102
RTVSPost2010PropOp42
 70
     0
102
RTVSPost2010Prop43
 90
        3
102
RTVSPost2010PropOp43
 70
     0
102
RTVSPost2010Prop44ColorIndex
 90
        5
102
RTVSPost2010Prop44ColorRGB
 90
      255
102
RTVSPost2010PropOp44
 70
     0
102
RTVSPost2010Prop45
280
     0
102
RTVSPost2010PropOp45
 70
     0
102
RTVSPost2010Prop46
 90
       50
102
RTVSPost2010PropOp46
 70
     0
102
RTVSPost2010Prop47
 90
       50
102
RTVSPost2010PropOp47
 70
     0
102
RTVSPost2010Prop48
 90
       50
102
RTVSPost2010PropOp48
 70
     0
102
RTVSPost2010Prop49
280
     0
102
RTVSPost2010PropOp49
 70
     0
102
RTVSPost2010Prop50
 90
       50
102
RTVSPost2010PropOp50
 70
     0
102
RTVSPost2010Prop51ColorIndex
 90
      256
102
RTVSPost2010Prop51ColorRGB
 90
-16777216
102
RTVSPost2010PropOp51
 70
     0
102
RTVSPost2010Prop52
140
1.0
102
RTVSPost2010PropOp52
 70
     0
102
RTVSPost2010Prop53
 90
        2
102
RTVSPost2010PropOp53
 70
     0
102
RTVSPost2010Prop54
  1
strokes_ogs.tif
102
RTVSPost2010PropOp54
 70
     0
102
RTVSPost2010Prop55
280
     0
102
RTVSPost2010PropOp55
 70
     0
102
RTVSPost2010Prop56
140
1.0
102
RTVSPost2010PropOp56
 70
     0
102
RTVSPost2010Prop57
140
1.0
102
RTVSPost2010PropOp57
 70
     0
  0
XRECORD
  5
AC
102
{ACAD_REACTORS
330
AB
102
}
330
AB
100
AcDbXrecord
280
     1
102
RTVSPropertyOp0
 70
     1
102
RTVSPropertyOp1
 70
     1
102
RTVSPropertyOp2
 70
     1
102
RTVSPropertyOp3
 70
     1
102
RTVSPropertyOp4
 70
     1
102
RTVSPropertyOp5
 70
     1
102
RTVSPropertyOp6
 70
     1
102
RTVSPropertyOp7
 70
     1
102
RTVSPropertyOp8
 70
     1
102
RTVSPropertyOp9
 70
     1
102
RTVSPropertyOp10
 70
     1
102
RTVSPropertyOp11
 70
     1
102
RTVSPropertyOp12
 70
     1
102
RTVSPropertyOp13
 70
     1
102
RTVSPropertyOp14
 70
     1
102
RTVSPropertyOp15
 70
     1
102
RTVSPropertyOp16
 70
     1
102
RTVSPropertyOp17
 70
     1
102
RTVSPropertyOp18
 70
     1
102
RTVSPropertyOp19
 70
     1
102
RTVSPropertyOp20
 70
     1
102
RTVSPropertyOp21
 70
     1
102
RTVSPropertyOp22
 70
     1
102
RTVSPropertyOp23
 70
     1
102
RTVSPropertyOp24
 70
     1
102
RTVSPropertyOp25
 70
     1
102
RTVSPropertyOp26
 70
     1
102
RTVSPropertyOp27
 70
     1
102
RTVSPropertyOp28
 70
     1
102
RTVSPropertyOp29
 70
     1
102
RTVSPropertyOp30
 70
     1
102
RTVSPropertyOp31
 70
     1
102
RTVSPropertyOp32
 70
     1
102
RTVSPropertyOp33
 70
     1
102
RTVSPropertyOp34
 70
     1
102
RTVSPropertyOp35
 70
     1
102
RTVSPropertyOp36
 70
     1
102
RTVSPropertyOp37
 70
     1
102
RTVSPropertyOp38
 70
     1
102
RTVSPropertyOp39
 70
     1
102
RTVSPropertyOp40
 70
     1
102
RTVSPropertyOp41
 70
     1
102
RTVSPropertyOp42
 70
     1
102
RTVSPropertyOp43
 70
     1
102
RTVSPropertyOp44
 70
     1
102
RTVSPropertyOp45
 70
     1
102
RTVSPropertyOp46
 70
     1
102
RTVSPropertyOp47
 70
     1
102
RTVSPropertyOp48
 70
     1
102
RTVSPropertyOp49
 70
     1
102
RTVSPropertyOp50
 70
     1
102
RTVSPropertyOp51
 70
     0
102
RTVSPropertyOp52
 70
     0
102
RTVSPropertyOp53
 70
     1
102
RTVSPropertyOp54
 70
     1
102
RTVSPropertyOp55
 70
     1
102
RTVSPropertyOp56
 70
     1
102
RTVSPropertyOp57
 70
     1
102
RTVSPost2010Prop28
280
     0
102
RTVSPost2010PropOp28
 70
     1
102
RTVSPost2010Prop29
280
     1
102
RTVSPost2010PropOp29
 70
     1
102
RTVSPost2010Prop30
280
     1
102
RTVSPost2010PropOp30
 70
     1
102
RTVSPost2010Prop31
280
     0
102
RTVSPost2010PropOp31
 70
     1
102
RTVSPost2010Prop32
280
     0
102
RTVSPost2010PropOp32
 70
     1
102
RTVSPost2010Prop33
280
     0
102
RTVSPost2010PropOp33
 70
     1
102
RTVSPost2010Prop34
280
     0
102
RTVSPost2010PropOp34
 70
     1
102
RTVSPost2010Prop35
280
     0
102
RTVSPost2010PropOp35
 70
     1
102
RTVSPost2010Prop36
280
     0
102
RTVSPost2010PropOp36
 70
     1
102
RTVSPost2010Prop37
 90
       50
102
RTVSPost2010PropOp37
 70
     1
102
RTVSPost2010Prop38
140
0.0
102
RTVSPost2010PropOp38
 70
     1
102
RTVSPost2010Prop39
140
1.0
102
RTVSPost2010PropOp39
 70
     1
102
RTVSPost2010Prop40
 90
        0
102
RTVSPost2010PropOp40
 70
     1
102
RTVSPost2010Prop41ColorIndex
 90
       18
102
RTVSPost2010Prop41ColorRGB
 90
        0
102
RTVSPost2010PropOp41
 70
     1
102
RTVSPost2010Prop42
 90
       50
102
RTVSPost2010PropOp42
 70
     1
102
RTVSPost2010Prop43
 90
        3
102
RTVSPost2010PropOp43
 70
     1
102
RTVSPost2010Prop44ColorIndex
 90
        5
102
RTVSPost2010Prop44ColorRGB
 90
      255
102
RTVSPost2010PropOp44
 70
     1
102
RTVSPost2010Prop45
280
     0
102
RTVSPost2010PropOp45
 70
     1
102
RTVSPost2010Prop46
 90
       50
102
RTVSPost2010PropOp46
 70
     1
102
RTVSPost2010Prop47
 90
       50
102
RTVSPost2010PropOp47
 70
     1
102
RTVSPost2010Prop48
 90
       50
102
RTVSPost2010PropOp48
 70
     1
102
RTVSPost2010Prop49
280
     0
102
RTVSPost2010PropOp49
 70
     1
102
RTVSPost2010Prop50
 90
       50
102
RTVSPost2010PropOp50
 70
     1
102
RTVSPost2010Prop51ColorIndex
 90
      256
102
RTVSPost2010Prop51ColorRGB
 90
-16777216
102
RTVSPost2010PropOp51
 70
     0
102
RTVSPost2010Prop52
140
1.0
102
RTVSPost2010PropOp52
 70
     0
102
RTVSPost2010Prop53
 90
        2
102
RTVSPost2010PropOp53
 70
     1
102
RTVSPost2010Prop54
  1
strokes_ogs.tif
102
RTVSPost2010PropOp54
 70
     1
102
RTVSPost2010Prop55
280
     0
102
RTVSPost2010PropOp55
 70
     1
102
RTVSPost2010Prop56
140
1.0
102
RTVSPost2010PropOp56
 70
     1
102
RTVSPost2010Prop57
140
1.0
102
RTVSPost2010PropOp57
 70
     1
  0
XRECORD
  5
B4
102
{ACAD_REACTORS
330
B3
102
}
330
B3
100
AcDbXrecord
280
     1
102
RTVSPropertyOp0
 70
     0
102
RTVSPropertyOp1
 70
     0
102
RTVSPropertyOp2
 70
     0
102
RTVSPropertyOp3
 70
     0
102
RTVSPropertyOp4
 70
     0
102
RTVSPropertyOp5
 70
     0
102
RTVSPropertyOp6
 70
     0
102
RTVSPropertyOp7
 70
     0
102
RTVSPropertyOp8
 70
     0
102
RTVSPropertyOp9
 70
     0
102
RTVSPropertyOp10
 70
     0
102
RTVSPropertyOp11
 70
     0
102
RTVSPropertyOp12
 70
     0
102
RTVSPropertyOp13
 70
     0
102
RTVSPropertyOp14
 70
     2
102
RTVSPropertyOp15
 70
     0
102
RTVSPropertyOp16
 70
     0
102
RTVSPropertyOp17
 70
     0
102
RTVSPropertyOp18
 70
     0
102
RTVSPropertyOp19
 70
     0
102
RTVSPropertyOp20
 70
     0
102
RTVSPropertyOp21
 70
     0
102
RTVSPropertyOp22
 70
     0
102
RTVSPropertyOp23
 70
     0
102
RTVSPropertyOp24
 70
     0
102
RTVSPropertyOp25
 70
     0
102
RTVSPropertyOp26
 70
     0
102
RTVSPropertyOp27
 70
     0
102
RTVSPropertyOp28
 70
     0
102
RTVSPropertyOp29
 70
     0
102
RTVSPropertyOp30
 70
     0
102
RTVSPropertyOp31
 70
     0
102
RTVSPropertyOp32
 70
     0
102
RTVSPropertyOp33
 70
     0
102
RTVSPropertyOp34
 70
     0
102
RTVSPropertyOp35
 70
     0
102
RTVSPropertyOp36
 70
     0
102
RTVSPropertyOp37
 70
     0
102
RTVSPropertyOp38
 70
     0
102
RTVSPropertyOp39
 70
     0
102
RTVSPropertyOp40
 70
     0
102
RTVSPropertyOp41
 70
     0
102
RTVSPropertyOp42
 70
     0
102
RTVSPropertyOp43
 70
     0
102
RTVSPropertyOp44
 70
     0
102
RTVSPropertyOp45
 70
     0
102
RTVSPropertyOp46
 70
     0
102
RTVSPropertyOp47
 70
     0
102
RTVSPropertyOp48
 70
     0
102
RTVSPropertyOp49
 70
     0
102
RTVSPropertyOp50
 70
     0
102
RTVSPropertyOp51
 70
     0
102
RTVSPropertyOp52
 70
     0
102
RTVSPropertyOp53
 70
     0
102
RTVSPropertyOp54
 70
     0
102
RTVSPropertyOp55
 70
     0
102
RTVSPropertyOp56
 70
     0
102
RTVSPropertyOp57
 70
     0
102
RTVSPost2010Prop28
280
     0
102
RTVSPost2010PropOp28
 70
     0
102
RTVSPost2010Prop29
280
     1
102
RTVSPost2010PropOp29
 70
     0
102
RTVSPost2010Prop30
280
     1
102
RTVSPost2010PropOp30
 70
     0
102
RTVSPost2010Prop31
280
     0
102
RTVSPost2010PropOp31
 70
     0
102
RTVSPost2010Prop32
280
     0
102
RTVSPost2010PropOp32
 70
     0
102
RTVSPost2010Prop33
280
     0
102
RTVSPost2010PropOp33
 70
     0
102
RTVSPost2010Prop34
280
     0
102
RTVSPost2010PropOp34
 70
     0
102
RTVSPost2010Prop35
280
     0
102
RTVSPost2010PropOp35
 70
     0
102
RTVSPost2010Prop36
280
     0
102
RTVSPost2010PropOp36
 70
     0
102
RTVSPost2010Prop37
 90
       50
102
RTVSPost2010PropOp37
 70
     0
102
RTVSPost2010Prop38
140
0.0
102
RTVSPost2010PropOp38
 70
     0
102
RTVSPost2010Prop39
140
1.0
102
RTVSPost2010PropOp39
 70
     0
102
RTVSPost2010Prop40
 90
        0
102
RTVSPost2010PropOp40
 70
     0
102
RTVSPost2010Prop41ColorIndex
 90
       18
102
RTVSPost2010Prop41ColorRGB
 90
        0
102
RTVSPost2010PropOp41
 70
     0
102
RTVSPost2010Prop42
 90
       50
102
RTVSPost2010PropOp42
 70
     0
102
RTVSPost2010Prop43
 90
        3
102
RTVSPost2010PropOp43
 70
     0
102
RTVSPost2010Prop44ColorIndex
 90
        5
102
RTVSPost2010Prop44ColorRGB
 90
      255
102
RTVSPost2010PropOp44
 70
     0
102
RTVSPost2010Prop45
280
     0
102
RTVSPost2010PropOp45
 70
     0
102
RTVSPost2010Prop46
 90
       50
102
RTVSPost2010PropOp46
 70
     0
102
RTVSPost2010Prop47
 90
       50
102
RTVSPost2010PropOp47
 70
     0
102
RTVSPost2010Prop48
 90
       50
102
RTVSPost2010PropOp48
 70
     0
102
RTVSPost2010Prop49
280
     0
102
RTVSPost2010PropOp49
 70
     0
102
RTVSPost2010Prop50
 90
       50
102
RTVSPost2010PropOp50
 70
     0
102
RTVSPost2010Prop51ColorIndex
 90
      256
102
RTVSPost2010Prop51ColorRGB
 90
-16777216
102
RTVSPost2010PropOp51
 70
     0
102
RTVSPost2010Prop52
140
1.0
102
RTVSPost2010PropOp52
 70
     0
102
RTVSPost2010Prop53
 90
        2
102
RTVSPost2010PropOp53
 70
     0
102
RTVSPost2010Prop54
  1
strokes_ogs.tif
102
RTVSPost2010PropOp54
 70
     0
102
RTVSPost2010Prop55
280
     0
102
RTVSPost2010PropOp55
 70
     0
102
RTVSPost2010Prop56
140
1.0
102
RTVSPost2010PropOp56
 70
     0
102
RTVSPost2010Prop57
140
1.0
102
RTVSPost2010PropOp57
 70
     0
  0
XRECORD
  5
A2
102
{ACAD_REACTORS
330
A1
102
}
330
A1
100
AcDbXrecord
280
     1
102
RTVSPropertyOp0
 70
     1
102
RTVSPropertyOp1
 70
     1
102
RTVSPropertyOp2
 70
     1
102
RTVSPropertyOp3
 70
     1
102
RTVSPropertyOp4
 70
     1
102
RTVSPropertyOp5
 70
     1
102
RTVSPropertyOp6
 70
     1
102
RTVSPropertyOp7
 70
     1
102
RTVSPropertyOp8
 70
     1
102
RTVSPropertyOp9
 70
     1
102
RTVSPropertyOp10
 70
     1
102
RTVSPropertyOp11
 70
     1
102
RTVSPropertyOp12
 70
     1
102
RTVSPropertyOp13
 70
     1
102
RTVSPropertyOp14
 70
     1
102
RTVSPropertyOp15
 70
     1
102
RTVSPropertyOp16
 70
     1
102
RTVSPropertyOp17
 70
     1
102
RTVSPropertyOp18
 70
     1
102
RTVSPropertyOp19
 70
     1
102
RTVSPropertyOp20
 70
     1
102
RTVSPropertyOp21
 70
     1
102
RTVSPropertyOp22
 70
     1
102
RTVSPropertyOp23
 70
     1
102
RTVSPropertyOp24
 70
     1
102
RTVSPropertyOp25
 70
     1
102
RTVSPropertyOp26
 70
     1
102
RTVSPropertyOp27
 70
     1
102
RTVSPropertyOp28
 70
     1
102
RTVSPropertyOp29
 70
     1
102
RTVSPropertyOp30
 70
     1
102
RTVSPropertyOp31
 70
     1
102
RTVSPropertyOp32
 70
     1
102
RTVSPropertyOp33
 70
     1
102
RTVSPropertyOp34
 70
     1
102
RTVSPropertyOp35
 70
     1
102
RTVSPropertyOp36
 70
     1
102
RTVSPropertyOp37
 70
     1
102
RTVSPropertyOp38
 70
     1
102
RTVSPropertyOp39
 70
     1
102
RTVSPropertyOp40
 70
     1
102
RTVSPropertyOp41
 70
     1
102
RTVSPropertyOp42
 70
     1
102
RTVSPropertyOp43
 70
     1
102
RTVSPropertyOp44
 70
     1
102
RTVSPropertyOp45
 70
     1
102
RTVSPropertyOp46
 70
     1
102
RTVSPropertyOp47
 70
     1
102
RTVSPropertyOp48
 70
     1
102
RTVSPropertyOp49
 70
     1
102
RTVSPropertyOp50
 70
     1
102
RTVSPropertyOp51
 70
     0
102
RTVSPropertyOp52
 70
     0
102
RTVSPropertyOp53
 70
     1
102
RTVSPropertyOp54
 70
     1
102
RTVSPropertyOp55
 70
     1
102
RTVSPropertyOp56
 70
     1
102
RTVSPropertyOp57
 70
     1
102
RTVSPost2010Prop28
280
     0
102
RTVSPost2010PropOp28
 70
     1
102
RTVSPost2010Prop29
280
     1
102
RTVSPost2010PropOp29
 70
     1
102
RTVSPost2010Prop30
280
     1
102
RTVSPost2010PropOp30
 70
     1
102
RTVSPost2010Prop31
280
     0
102
RTVSPost2010PropOp31
 70
     1
102
RTVSPost2010Prop32
280
     0
102
RTVSPost2010PropOp32
 70
     1
102
RTVSPost2010Prop33
280
     0
102
RTVSPost2010PropOp33
 70
     1
102
RTVSPost2010Prop34
280
     0
102
RTVSPost2010PropOp34
 70
     1
102
RTVSPost2010Prop35
280
     0
102
RTVSPost2010PropOp35
 70
     1
102
RTVSPost2010Prop36
280
     0
102
RTVSPost2010PropOp36
 70
     1
102
RTVSPost2010Prop37
 90
       50
102
RTVSPost2010PropOp37
 70
     1
102
RTVSPost2010Prop38
140
0.0
102
RTVSPost2010PropOp38
 70
     1
102
RTVSPost2010Prop39
140
1.0
102
RTVSPost2010PropOp39
 70
     1
102
RTVSPost2010Prop40
 90
        0
102
RTVSPost2010PropOp40
 70
     1
102
RTVSPost2010Prop41ColorIndex
 90
       18
102
RTVSPost2010Prop41ColorRGB
 90
        0
102
RTVSPost2010PropOp41
 70
     1
102
RTVSPost2010Prop42
 90
       50
102
RTVSPost2010PropOp42
 70
     1
102
RTVSPost2010Prop43
 90
        3
102
RTVSPost2010PropOp43
 70
     1
102
RTVSPost2010Prop44ColorIndex
 90
        5
102
RTVSPost2010Prop44ColorRGB
 90
      255
102
RTVSPost2010PropOp44
 70
     1
102
RTVSPost2010Prop45
280
     0
102
RTVSPost2010PropOp45
 70
     1
102
RTVSPost2010Prop46
 90
       50
102
RTVSPost2010PropOp46
 70
     1
102
RTVSPost2010Prop47
 90
       50
102
RTVSPost2010PropOp47
 70
     1
102
RTVSPost2010Prop48
 90
       50
102
RTVSPost2010PropOp48
 70
     1
102
RTVSPost2010Prop49
280
     0
102
RTVSPost2010PropOp49
 70
     1
102
RTVSPost2010Prop50
 90
       50
102
RTVSPost2010PropOp50
 70
     1
102
RTVSPost2010Prop51ColorIndex
 90
      256
102
RTVSPost2010Prop51ColorRGB
 90
-16777216
102
RTVSPost2010PropOp51
 70
     0
102
RTVSPost2010Prop52
140
1.0
102
RTVSPost2010PropOp52
 70
     0
102
RTVSPost2010Prop53
 90
        2
102
RTVSPost2010PropOp53
 70
     1
102
RTVSPost2010Prop54
  1
strokes_ogs.tif
102
RTVSPost2010PropOp54
 70
     1
102
RTVSPost2010Prop55
280
     0
102
RTVSPost2010PropOp55
 70
     1
102
RTVSPost2010Prop56
140
1.0
102
RTVSPost2010PropOp56
 70
     1
102
RTVSPost2010Prop57
140
1.0
102
RTVSPost2010PropOp57
 70
     1
  0
XRECORD
  5
C0
102
{ACAD_REACTORS
330
BF
102
}
330
BF
100
AcDbXrecord
280
     1
102
RTVSPropertyOp0
 70
     1
102
RTVSPropertyOp1
 70
     1
102
RTVSPropertyOp2
 70
     1
102
RTVSPropertyOp3
 70
     1
102
RTVSPropertyOp4
 70
     1
102
RTVSPropertyOp5
 70
     1
102
RTVSPropertyOp6
 70
     1
102
RTVSPropertyOp7
 70
     1
102
RTVSPropertyOp8
 70
     1
102
RTVSPropertyOp9
 70
     1
102
RTVSPropertyOp10
 70
     1
102
RTVSPropertyOp11
 70
     1
102
RTVSPropertyOp12
 70
     1
102
RTVSPropertyOp13
 70
     1
102
RTVSPropertyOp14
 70
     1
102
RTVSPropertyOp15
 70
     1
102
RTVSPropertyOp16
 70
     1
102
RTVSPropertyOp17
 70
     1
102
RTVSPropertyOp18
 70
     1
102
RTVSPropertyOp19
 70
     1
102
RTVSPropertyOp20
 70
     1
102
RTVSPropertyOp21
 70
     1
102
RTVSPropertyOp22
 70
     1
102
RTVSPropertyOp23
 70
     1
102
RTVSPropertyOp24
 70
     1
102
RTVSPropertyOp25
 70
     1
102
RTVSPropertyOp26
 70
     1
102
RTVSPropertyOp27
 70
     1
102
RTVSPropertyOp28
 70
     1
102
RTVSPropertyOp29
 70
     1
102
RTVSPropertyOp30
 70
     1
102
RTVSPropertyOp31
 70
     1
102
RTVSPropertyOp32
 70
     1
102
RTVSPropertyOp33
 70
     1
102
RTVSPropertyOp34
 70
     1
102
RTVSPropertyOp35
 70
     1
102
RTVSPropertyOp36
 70
     1
102
RTVSPropertyOp37
 70
     1
102
RTVSPropertyOp38
 70
     1
102
RTVSPropertyOp39
 70
     1
102
RTVSPropertyOp40
 70
     1
102
RTVSPropertyOp41
 70
     1
102
RTVSPropertyOp42
 70
     1
102
RTVSPropertyOp43
 70
     1
102
RTVSPropertyOp44
 70
     1
102
RTVSPropertyOp45
 70
     1
102
RTVSPropertyOp46
 70
     1
102
RTVSPropertyOp47
 70
     1
102
RTVSPropertyOp48
 70
     1
102
RTVSPropertyOp49
 70
     1
102
RTVSPropertyOp50
 70
     1
102
RTVSPropertyOp51
 70
     0
102
RTVSPropertyOp52
 70
     0
102
RTVSPropertyOp53
 70
     1
102
RTVSPropertyOp54
 70
     1
102
RTVSPropertyOp55
 70
     1
102
RTVSPropertyOp56
 70
     1
102
RTVSPropertyOp57
 70
     1
102
RTVSPost2010Prop28
280
     0
102
RTVSPost2010PropOp28
 70
     1
102
RTVSPost2010Prop29
280
     1
102
RTVSPost2010PropOp29
 70
     1
102
RTVSPost2010Prop30
280
     1
102
RTVSPost2010PropOp30
 70
     1
102
RTVSPost2010Prop31
280
     0
102
RTVSPost2010PropOp31
 70
     1
102
RTVSPost2010Prop32
280
     0
102
RTVSPost2010PropOp32
 70
     1
102
RTVSPost2010Prop33
280
     0
102
RTVSPost2010PropOp33
 70
     1
102
RTVSPost2010Prop34
280
     0
102
RTVSPost2010PropOp34
 70
     1
102
RTVSPost2010Prop35
280
     0
102
RTVSPost2010PropOp35
 70
     1
102
RTVSPost2010Prop36
280
     0
102
RTVSPost2010PropOp36
 70
     1
102
RTVSPost2010Prop37
 90
       50
102
RTVSPost2010PropOp37
 70
     1
102
RTVSPost2010Prop38
140
0.0
102
RTVSPost2010PropOp38
 70
     1
102
RTVSPost2010Prop39
140
1.0
102
RTVSPost2010PropOp39
 70
     1
102
RTVSPost2010Prop40
 90
        0
102
RTVSPost2010PropOp40
 70
     1
102
RTVSPost2010Prop41ColorIndex
 90
       18
102
RTVSPost2010Prop41ColorRGB
 90
        0
102
RTVSPost2010PropOp41
 70
     1
102
RTVSPost2010Prop42
 90
       50
102
RTVSPost2010PropOp42
 70
     1
102
RTVSPost2010Prop43
 90
        3
102
RTVSPost2010PropOp43
 70
     1
102
RTVSPost2010Prop44ColorIndex
 90
        5
102
RTVSPost2010Prop44ColorRGB
 90
      255
102
RTVSPost2010PropOp44
 70
     1
102
RTVSPost2010Prop45
280
     0
102
RTVSPost2010PropOp45
 70
     1
102
RTVSPost2010Prop46
 90
       50
102
RTVSPost2010PropOp46
 70
     1
102
RTVSPost2010Prop47
 90
       50
102
RTVSPost2010PropOp47
 70
     1
102
RTVSPost2010Prop48
 90
       50
102
RTVSPost2010PropOp48
 70
     1
102
RTVSPost2010Prop49
280
     0
102
RTVSPost2010PropOp49
 70
     1
102
RTVSPost2010Prop50
 90
       50
102
RTVSPost2010PropOp50
 70
     1
102
RTVSPost2010Prop51ColorIndex
 90
      256
102
RTVSPost2010Prop51ColorRGB
 90
-16777216
102
RTVSPost2010PropOp51
 70
     0
102
RTVSPost2010Prop52
140
1.0
102
RTVSPost2010PropOp52
 70
     0
102
RTVSPost2010Prop53
 90
        2
102
RTVSPost2010PropOp53
 70
     1
102
RTVSPost2010Prop54
  1
strokes_ogs.tif
102
RTVSPost2010PropOp54
 70
     1
102
RTVSPost2010Prop55
280
     0
102
RTVSPost2010PropOp55
 70
     1
102
RTVSPost2010Prop56
140
1.0
102
RTVSPost2010PropOp56
 70
     1
102
RTVSPost2010Prop57
140
1.0
102
RTVSPost2010PropOp57
 70
     1
  0
XRECORD
  5
BE
102
{ACAD_REACTORS
330
BD
102
}
330
BD
100
AcDbXrecord
280
     1
102
RTVSPropertyOp0
 70
     1
102
RTVSPropertyOp1
 70
     1
102
RTVSPropertyOp2
 70
     1
102
RTVSPropertyOp3
 70
     1
102
RTVSPropertyOp4
 70
     1
102
RTVSPropertyOp5
 70
     1
102
RTVSPropertyOp6
 70
     1
102
RTVSPropertyOp7
 70
     1
102
RTVSPropertyOp8
 70
     1
102
RTVSPropertyOp9
 70
     1
102
RTVSPropertyOp10
 70
     1
102
RTVSPropertyOp11
 70
     1
102
RTVSPropertyOp12
 70
     1
102
RTVSPropertyOp13
 70
     1
102
RTVSPropertyOp14
 70
     1
102
RTVSPropertyOp15
 70
     1
102
RTVSPropertyOp16
 70
     1
102
RTVSPropertyOp17
 70
     1
102
RTVSPropertyOp18
 70
     1
102
RTVSPropertyOp19
 70
     1
102
RTVSPropertyOp20
 70
     1
102
RTVSPropertyOp21
 70
     1
102
RTVSPropertyOp22
 70
     1
102
RTVSPropertyOp23
 70
     1
102
RTVSPropertyOp24
 70
     1
102
RTVSPropertyOp25
 70
     1
102
RTVSPropertyOp26
 70
     1
102
RTVSPropertyOp27
 70
     1
102
RTVSPropertyOp28
 70
     1
102
RTVSPropertyOp29
 70
     1
102
RTVSPropertyOp30
 70
     1
102
RTVSPropertyOp31
 70
     1
102
RTVSPropertyOp32
 70
     1
102
RTVSPropertyOp33
 70
     1
102
RTVSPropertyOp34
 70
     1
102
RTVSPropertyOp35
 70
     1
102
RTVSPropertyOp36
 70
     1
102
RTVSPropertyOp37
 70
     1
102
RTVSPropertyOp38
 70
     1
102
RTVSPropertyOp39
 70
     1
102
RTVSPropertyOp40
 70
     1
102
RTVSPropertyOp41
 70
     1
102
RTVSPropertyOp42
 70
     1
102
RTVSPropertyOp43
 70
     1
102
RTVSPropertyOp44
 70
     1
102
RTVSPropertyOp45
 70
     1
102
RTVSPropertyOp46
 70
     1
102
RTVSPropertyOp47
 70
     1
102
RTVSPropertyOp48
 70
     1
102
RTVSPropertyOp49
 70
     1
102
RTVSPropertyOp50
 70
     1
102
RTVSPropertyOp51
 70
     0
102
RTVSPropertyOp52
 70
     0
102
RTVSPropertyOp53
 70
     1
102
RTVSPropertyOp54
 70
     1
102
RTVSPropertyOp55
 70
     1
102
RTVSPropertyOp56
 70
     1
102
RTVSPropertyOp57
 70
     1
102
RTVSPost2010Prop28
280
     0
102
RTVSPost2010PropOp28
 70
     1
102
RTVSPost2010Prop29
280
     1
102
RTVSPost2010PropOp29
 70
     1
102
RTVSPost2010Prop30
280
     1
102
RTVSPost2010PropOp30
 70
     1
102
RTVSPost2010Prop31
280
     0
102
RTVSPost2010PropOp31
 70
     1
102
RTVSPost2010Prop32
280
     0
102
RTVSPost2010PropOp32
 70
     1
102
RTVSPost2010Prop33
280
     0
102
RTVSPost2010PropOp33
 70
     1
102
RTVSPost2010Prop34
280
     0
102
RTVSPost2010PropOp34
 70
     1
102
RTVSPost2010Prop35
280
     0
102
RTVSPost2010PropOp35
 70
     1
102
RTVSPost2010Prop36
280
     0
102
RTVSPost2010PropOp36
 70
     1
102
RTVSPost2010Prop37
 90
       50
102
RTVSPost2010PropOp37
 70
     1
102
RTVSPost2010Prop38
140
0.0
102
RTVSPost2010PropOp38
 70
     1
102
RTVSPost2010Prop39
140
1.0
102
RTVSPost2010PropOp39
 70
     1
102
RTVSPost2010Prop40
 90
        0
102
RTVSPost2010PropOp40
 70
     1
102
RTVSPost2010Prop41ColorIndex
 90
       18
102
RTVSPost2010Prop41ColorRGB
 90
        0
102
RTVSPost2010PropOp41
 70
     1
102
RTVSPost2010Prop42
 90
       50
102
RTVSPost2010PropOp42
 70
     1
102
RTVSPost2010Prop43
 90
        3
102
RTVSPost2010PropOp43
 70
     1
102
RTVSPost2010Prop44ColorIndex
 90
        5
102
RTVSPost2010Prop44ColorRGB
 90
      255
102
RTVSPost2010PropOp44
 70
     1
102
RTVSPost2010Prop45
280
     0
102
RTVSPost2010PropOp45
 70
     1
102
RTVSPost2010Prop46
 90
       50
102
RTVSPost2010PropOp46
 70
     1
102
RTVSPost2010Prop47
 90
       50
102
RTVSPost2010PropOp47
 70
     1
102
RTVSPost2010Prop48
 90
       50
102
RTVSPost2010PropOp48
 70
     1
102
RTVSPost2010Prop49
280
     0
102
RTVSPost2010PropOp49
 70
     1
102
RTVSPost2010Prop50
 90
       50
102
RTVSPost2010PropOp50
 70
     1
102
RTVSPost2010Prop51ColorIndex
 90
      256
102
RTVSPost2010Prop51ColorRGB
 90
-16777216
102
RTVSPost2010PropOp51
 70
     0
102
RTVSPost2010Prop52
140
1.0
102
RTVSPost2010PropOp52
 70
     0
102
RTVSPost2010Prop53
 90
        2
102
RTVSPost2010PropOp53
 70
     1
102
RTVSPost2010Prop54
  1
strokes_ogs.tif
102
RTVSPost2010PropOp54
 70
     1
102
RTVSPost2010Prop55
280
     0
102
RTVSPost2010PropOp55
 70
     1
102
RTVSPost2010Prop56
140
1.0
102
RTVSPost2010PropOp56
 70
     1
102
RTVSPost2010Prop57
140
1.0
102
RTVSPost2010PropOp57
 70
     1
  0
XRECORD
  5
B8
102
{ACAD_REACTORS
330
B7
102
}
330
B7
100
AcDbXrecord
280
     1
102
RTVSPropertyOp0
 70
     1
102
RTVSPropertyOp1
 70
     1
102
RTVSPropertyOp2
 70
     1
102
RTVSPropertyOp3
 70
     1
102
RTVSPropertyOp4
 70
     1
102
RTVSPropertyOp5
 70
     1
102
RTVSPropertyOp6
 70
     1
102
RTVSPropertyOp7
 70
     1
102
RTVSPropertyOp8
 70
     1
102
RTVSPropertyOp9
 70
     1
102
RTVSPropertyOp10
 70
     1
102
RTVSPropertyOp11
 70
     1
102
RTVSPropertyOp12
 70
     1
102
RTVSPropertyOp13
 70
     1
102
RTVSPropertyOp14
 70
     1
102
RTVSPropertyOp15
 70
     1
102
RTVSPropertyOp16
 70
     1
102
RTVSPropertyOp17
 70
     1
102
RTVSPropertyOp18
 70
     1
102
RTVSPropertyOp19
 70
     1
102
RTVSPropertyOp20
 70
     1
102
RTVSPropertyOp21
 70
     1
102
RTVSPropertyOp22
 70
     1
102
RTVSPropertyOp23
 70
     1
102
RTVSPropertyOp24
 70
     1
102
RTVSPropertyOp25
 70
     1
102
RTVSPropertyOp26
 70
     1
102
RTVSPropertyOp27
 70
     1
102
RTVSPropertyOp28
 70
     1
102
RTVSPropertyOp29
 70
     1
102
RTVSPropertyOp30
 70
     1
102
RTVSPropertyOp31
 70
     1
102
RTVSPropertyOp32
 70
     1
102
RTVSPropertyOp33
 70
     1
102
RTVSPropertyOp34
 70
     1
102
RTVSPropertyOp35
 70
     1
102
RTVSPropertyOp36
 70
     1
102
RTVSPropertyOp37
 70
     1
102
RTVSPropertyOp38
 70
     1
102
RTVSPropertyOp39
 70
     1
102
RTVSPropertyOp40
 70
     1
102
RTVSPropertyOp41
 70
     1
102
RTVSPropertyOp42
 70
     1
102
RTVSPropertyOp43
 70
     1
102
RTVSPropertyOp44
 70
     1
102
RTVSPropertyOp45
 70
     1
102
RTVSPropertyOp46
 70
     1
102
RTVSPropertyOp47
 70
     1
102
RTVSPropertyOp48
 70
     1
102
RTVSPropertyOp49
 70
     1
102
RTVSPropertyOp50
 70
     1
102
RTVSPropertyOp51
 70
     0
102
RTVSPropertyOp52
 70
     0
102
RTVSPropertyOp53
 70
     1
102
RTVSPropertyOp54
 70
     1
102
RTVSPropertyOp55
 70
     1
102
RTVSPropertyOp56
 70
     1
102
RTVSPropertyOp57
 70
     1
102
RTVSPost2010Prop28
280
     0
102
RTVSPost2010PropOp28
 70
     1
102
RTVSPost2010Prop29
280
     1
102
RTVSPost2010PropOp29
 70
     1
102
RTVSPost2010Prop30
280
     1
102
RTVSPost2010PropOp30
 70
     1
102
RTVSPost2010Prop31
280
     0
102
RTVSPost2010PropOp31
 70
     1
102
RTVSPost2010Prop32
280
     0
102
RTVSPost2010PropOp32
 70
     1
102
RTVSPost2010Prop33
280
     0
102
RTVSPost2010PropOp33
 70
     1
102
RTVSPost2010Prop34
280
     0
102
RTVSPost2010PropOp34
 70
     1
102
RTVSPost2010Prop35
280
     0
102
RTVSPost2010PropOp35
 70
     1
102
RTVSPost2010Prop36
280
     0
102
RTVSPost2010PropOp36
 70
     1
102
RTVSPost2010Prop37
 90
       50
102
RTVSPost2010PropOp37
 70
     1
102
RTVSPost2010Prop38
140
0.0
102
RTVSPost2010PropOp38
 70
     1
102
RTVSPost2010Prop39
140
1.0
102
RTVSPost2010PropOp39
 70
     1
102
RTVSPost2010Prop40
 90
        0
102
RTVSPost2010PropOp40
 70
     1
102
RTVSPost2010Prop41ColorIndex
 90
       18
102
RTVSPost2010Prop41ColorRGB
 90
        0
102
RTVSPost2010PropOp41
 70
     1
102
RTVSPost2010Prop42
 90
       50
102
RTVSPost2010PropOp42
 70
     1
102
RTVSPost2010Prop43
 90
        3
102
RTVSPost2010PropOp43
 70
     1
102
RTVSPost2010Prop44ColorIndex
 90
        5
102
RTVSPost2010Prop44ColorRGB
 90
      255
102
RTVSPost2010PropOp44
 70
     1
102
RTVSPost2010Prop45
280
     0
102
RTVSPost2010PropOp45
 70
     1
102
RTVSPost2010Prop46
 90
       50
102
RTVSPost2010PropOp46
 70
     1
102
RTVSPost2010Prop47
 90
       50
102
RTVSPost2010PropOp47
 70
     1
102
RTVSPost2010Prop48
 90
       50
102
RTVSPost2010PropOp48
 70
     1
102
RTVSPost2010Prop49
280
     0
102
RTVSPost2010PropOp49
 70
     1
102
RTVSPost2010Prop50
 90
       50
102
RTVSPost2010PropOp50
 70
     1
102
RTVSPost2010Prop51ColorIndex
 90
      256
102
RTVSPost2010Prop51ColorRGB
 90
-16777216
102
RTVSPost2010PropOp51
 70
     0
102
RTVSPost2010Prop52
140
1.0
102
RTVSPost2010PropOp52
 70
     0
102
RTVSPost2010Prop53
 90
        2
102
RTVSPost2010PropOp53
 70
     1
102
RTVSPost2010Prop54
  1
strokes_ogs.tif
102
RTVSPost2010PropOp54
 70
     1
102
RTVSPost2010Prop55
280
     0
102
RTVSPost2010PropOp55
 70
     1
102
RTVSPost2010Prop56
140
1.0
102
RTVSPost2010PropOp56
 70
     1
102
RTVSPost2010Prop57
140
1.0
102
RTVSPost2010PropOp57
 70
     1
  0
XRECORD
  5
BA
102
{ACAD_REACTORS
330
B9
102
}
330
B9
100
AcDbXrecord
280
     1
102
RTVSPropertyOp0
 70
     1
102
RTVSPropertyOp1
 70
     1
102
RTVSPropertyOp2
 70
     1
102
RTVSPropertyOp3
 70
     1
102
RTVSPropertyOp4
 70
     1
102
RTVSPropertyOp5
 70
     1
102
RTVSPropertyOp6
 70
     1
102
RTVSPropertyOp7
 70
     1
102
RTVSPropertyOp8
 70
     1
102
RTVSPropertyOp9
 70
     1
102
RTVSPropertyOp10
 70
     1
102
RTVSPropertyOp11
 70
     1
102
RTVSPropertyOp12
 70
     1
102
RTVSPropertyOp13
 70
     1
102
RTVSPropertyOp14
 70
     1
102
RTVSPropertyOp15
 70
     1
102
RTVSPropertyOp16
 70
     1
102
RTVSPropertyOp17
 70
     1
102
RTVSPropertyOp18
 70
     1
102
RTVSPropertyOp19
 70
     1
102
RTVSPropertyOp20
 70
     1
102
RTVSPropertyOp21
 70
     1
102
RTVSPropertyOp22
 70
     1
102
RTVSPropertyOp23
 70
     1
102
RTVSPropertyOp24
 70
     1
102
RTVSPropertyOp25
 70
     1
102
RTVSPropertyOp26
 70
     1
102
RTVSPropertyOp27
 70
     1
102
RTVSPropertyOp28
 70
     1
102
RTVSPropertyOp29
 70
     1
102
RTVSPropertyOp30
 70
     1
102
RTVSPropertyOp31
 70
     1
102
RTVSPropertyOp32
 70
     1
102
RTVSPropertyOp33
 70
     1
102
RTVSPropertyOp34
 70
     1
102
RTVSPropertyOp35
 70
     1
102
RTVSPropertyOp36
 70
     1
102
RTVSPropertyOp37
 70
     1
102
RTVSPropertyOp38
 70
     1
102
RTVSPropertyOp39
 70
     1
102
RTVSPropertyOp40
 70
     1
102
RTVSPropertyOp41
 70
     1
102
RTVSPropertyOp42
 70
     1
102
RTVSPropertyOp43
 70
     1
102
RTVSPropertyOp44
 70
     1
102
RTVSPropertyOp45
 70
     1
102
RTVSPropertyOp46
 70
     1
102
RTVSPropertyOp47
 70
     1
102
RTVSPropertyOp48
 70
     1
102
RTVSPropertyOp49
 70
     1
102
RTVSPropertyOp50
 70
     1
102
RTVSPropertyOp51
 70
     0
102
RTVSPropertyOp52
 70
     0
102
RTVSPropertyOp53
 70
     1
102
RTVSPropertyOp54
 70
     1
102
RTVSPropertyOp55
 70
     1
102
RTVSPropertyOp56
 70
     1
102
RTVSPropertyOp57
 70
     1
102
RTVSPost2010Prop28
280
     0
102
RTVSPost2010PropOp28
 70
     1
102
RTVSPost2010Prop29
280
     1
102
RTVSPost2010PropOp29
 70
     1
102
RTVSPost2010Prop30
280
     1
102
RTVSPost2010PropOp30
 70
     1
102
RTVSPost2010Prop31
280
     0
102
RTVSPost2010PropOp31
 70
     1
102
RTVSPost2010Prop32
280
     0
102
RTVSPost2010PropOp32
 70
     1
102
RTVSPost2010Prop33
280
     0
102
RTVSPost2010PropOp33
 70
     1
102
RTVSPost2010Prop34
280
     0
102
RTVSPost2010PropOp34
 70
     1
102
RTVSPost2010Prop35
280
     0
102
RTVSPost2010PropOp35
 70
     1
102
RTVSPost2010Prop36
280
     0
102
RTVSPost2010PropOp36
 70
     1
102
RTVSPost2010Prop37
 90
       50
102
RTVSPost2010PropOp37
 70
     1
102
RTVSPost2010Prop38
140
0.0
102
RTVSPost2010PropOp38
 70
     1
102
RTVSPost2010Prop39
140
1.0
102
RTVSPost2010PropOp39
 70
     1
102
RTVSPost2010Prop40
 90
        0
102
RTVSPost2010PropOp40
 70
     1
102
RTVSPost2010Prop41ColorIndex
 90
       18
102
RTVSPost2010Prop41ColorRGB
 90
        0
102
RTVSPost2010PropOp41
 70
     1
102
RTVSPost2010Prop42
 90
       50
102
RTVSPost2010PropOp42
 70
     1
102
RTVSPost2010Prop43
 90
        3
102
RTVSPost2010PropOp43
 70
     1
102
RTVSPost2010Prop44ColorIndex
 90
        5
102
RTVSPost2010Prop44ColorRGB
 90
      255
102
RTVSPost2010PropOp44
 70
     1
102
RTVSPost2010Prop45
280
     0
102
RTVSPost2010PropOp45
 70
     1
102
RTVSPost2010Prop46
 90
       50
102
RTVSPost2010PropOp46
 70
     1
102
RTVSPost2010Prop47
 90
       50
102
RTVSPost2010PropOp47
 70
     1
102
RTVSPost2010Prop48
 90
       50
102
RTVSPost2010PropOp48
 70
     1
102
RTVSPost2010Prop49
280
     0
102
RTVSPost2010PropOp49
 70
     1
102
RTVSPost2010Prop50
 90
       50
102
RTVSPost2010PropOp50
 70
     1
102
RTVSPost2010Prop51ColorIndex
 90
      256
102
RTVSPost2010Prop51ColorRGB
 90
-16777216
102
RTVSPost2010PropOp51
 70
     0
102
RTVSPost2010Prop52
140
1.0
102
RTVSPost2010PropOp52
 70
     0
102
RTVSPost2010Prop53
 90
        2
102
RTVSPost2010PropOp53
 70
     1
102
RTVSPost2010Prop54
  1
strokes_ogs.tif
102
RTVSPost2010PropOp54
 70
     1
102
RTVSPost2010Prop55
280
     0
102
RTVSPost2010PropOp55
 70
     1
102
RTVSPost2010Prop56
140
1.0
102
RTVSPost2010PropOp56
 70
     1
102
RTVSPost2010Prop57
140
1.0
102
RTVSPost2010PropOp57
 70
     1
  0
XRECORD
  5
AA
102
{ACAD_REACTORS
330
A9
102
}
330
A9
100
AcDbXrecord
280
     1
102
RTVSPropertyOp0
 70
     1
102
RTVSPropertyOp1
 70
     1
102
RTVSPropertyOp2
 70
     1
102
RTVSPropertyOp3
 70
     1
102
RTVSPropertyOp4
 70
     1
102
RTVSPropertyOp5
 70
     1
102
RTVSPropertyOp6
 70
     1
102
RTVSPropertyOp7
 70
     1
102
RTVSPropertyOp8
 70
     1
102
RTVSPropertyOp9
 70
     1
102
RTVSPropertyOp10
 70
     1
102
RTVSPropertyOp11
 70
     1
102
RTVSPropertyOp12
 70
     1
102
RTVSPropertyOp13
 70
     1
102
RTVSPropertyOp14
 70
     1
102
RTVSPropertyOp15
 70
     1
102
RTVSPropertyOp16
 70
     1
102
RTVSPropertyOp17
 70
     1
102
RTVSPropertyOp18
 70
     1
102
RTVSPropertyOp19
 70
     1
102
RTVSPropertyOp20
 70
     1
102
RTVSPropertyOp21
 70
     1
102
RTVSPropertyOp22
 70
     1
102
RTVSPropertyOp23
 70
     1
102
RTVSPropertyOp24
 70
     1
102
RTVSPropertyOp25
 70
     1
102
RTVSPropertyOp26
 70
     1
102
RTVSPropertyOp27
 70
     1
102
RTVSPropertyOp28
 70
     1
102
RTVSPropertyOp29
 70
     1
102
RTVSPropertyOp30
 70
     1
102
RTVSPropertyOp31
 70
     1
102
RTVSPropertyOp32
 70
     1
102
RTVSPropertyOp33
 70
     1
102
RTVSPropertyOp34
 70
     1
102
RTVSPropertyOp35
 70
     1
102
RTVSPropertyOp36
 70
     1
102
RTVSPropertyOp37
 70
     1
102
RTVSPropertyOp38
 70
     1
102
RTVSPropertyOp39
 70
     1
102
RTVSPropertyOp40
 70
     1
102
RTVSPropertyOp41
 70
     1
102
RTVSPropertyOp42
 70
     1
102
RTVSPropertyOp43
 70
     1
102
RTVSPropertyOp44
 70
     1
102
RTVSPropertyOp45
 70
     1
102
RTVSPropertyOp46
 70
     1
102
RTVSPropertyOp47
 70
     1
102
RTVSPropertyOp48
 70
     1
102
RTVSPropertyOp49
 70
     1
102
RTVSPropertyOp50
 70
     1
102
RTVSPropertyOp51
 70
     0
102
RTVSPropertyOp52
 70
     0
102
RTVSPropertyOp53
 70
     1
102
RTVSPropertyOp54
 70
     1
102
RTVSPropertyOp55
 70
     1
102
RTVSPropertyOp56
 70
     1
102
RTVSPropertyOp57
 70
     1
102
RTVSPost2010Prop28
280
     0
102
RTVSPost2010PropOp28
 70
     1
102
RTVSPost2010Prop29
280
     1
102
RTVSPost2010PropOp29
 70
     1
102
RTVSPost2010Prop30
280
     1
102
RTVSPost2010PropOp30
 70
     1
102
RTVSPost2010Prop31
280
     0
102
RTVSPost2010PropOp31
 70
     1
102
RTVSPost2010Prop32
280
     0
102
RTVSPost2010PropOp32
 70
     1
102
RTVSPost2010Prop33
280
     0
102
RTVSPost2010PropOp33
 70
     1
102
RTVSPost2010Prop34
280
     0
102
RTVSPost2010PropOp34
 70
     1
102
RTVSPost2010Prop35
280
     0
102
RTVSPost2010PropOp35
 70
     1
102
RTVSPost2010Prop36
280
     0
102
RTVSPost2010PropOp36
 70
     1
102
RTVSPost2010Prop37
 90
       50
102
RTVSPost2010PropOp37
 70
     1
102
RTVSPost2010Prop38
140
0.0
102
RTVSPost2010PropOp38
 70
     1
102
RTVSPost2010Prop39
140
1.0
102
RTVSPost2010PropOp39
 70
     1
102
RTVSPost2010Prop40
 90
        0
102
RTVSPost2010PropOp40
 70
     1
102
RTVSPost2010Prop41ColorIndex
 90
       18
102
RTVSPost2010Prop41ColorRGB
 90
        0
102
RTVSPost2010PropOp41
 70
     1
102
RTVSPost2010Prop42
 90
       50
102
RTVSPost2010PropOp42
 70
     1
102
RTVSPost2010Prop43
 90
        3
102
RTVSPost2010PropOp43
 70
     1
102
RTVSPost2010Prop44ColorIndex
 90
        5
102
RTVSPost2010Prop44ColorRGB
 90
      255
102
RTVSPost2010PropOp44
 70
     1
102
RTVSPost2010Prop45
280
     0
102
RTVSPost2010PropOp45
 70
     1
102
RTVSPost2010Prop46
 90
       50
102
RTVSPost2010PropOp46
 70
     1
102
RTVSPost2010Prop47
 90
       50
102
RTVSPost2010PropOp47
 70
     1
102
RTVSPost2010Prop48
 90
       50
102
RTVSPost2010PropOp48
 70
     1
102
RTVSPost2010Prop49
280
     0
102
RTVSPost2010PropOp49
 70
     1
102
RTVSPost2010Prop50
 90
       50
102
RTVSPost2010PropOp50
 70
     1
102
RTVSPost2010Prop51ColorIndex
 90
      256
102
RTVSPost2010Prop51ColorRGB
 90
-16777216
102
RTVSPost2010PropOp51
 70
     0
102
RTVSPost2010Prop52
140
1.0
102
RTVSPost2010PropOp52
 70
     0
102
RTVSPost2010Prop53
 90
        2
102
RTVSPost2010PropOp53
 70
     1
102
RTVSPost2010Prop54
  1
strokes_ogs.tif
102
RTVSPost2010PropOp54
 70
     1
102
RTVSPost2010Prop55
280
     0
102
RTVSPost2010PropOp55
 70
     1
102
RTVSPost2010Prop56
140
1.0
102
RTVSPost2010PropOp56
 70
     1
102
RTVSPost2010Prop57
140
1.0
102
RTVSPost2010PropOp57
 70
     1
  0
XRECORD
  5
9C
102
{ACAD_REACTORS
330
9B
102
}
330
9B
100
AcDbXrecord
280
     1
102
RTVSPropertyOp0
 70
     1
102
RTVSPropertyOp1
 70
     1
102
RTVSPropertyOp2
 70
     1
102
RTVSPropertyOp3
 70
     1
102
RTVSPropertyOp4
 70
     1
102
RTVSPropertyOp5
 70
     1
102
RTVSPropertyOp6
 70
     1
102
RTVSPropertyOp7
 70
     1
102
RTVSPropertyOp8
 70
     1
102
RTVSPropertyOp9
 70
     1
102
RTVSPropertyOp10
 70
     1
102
RTVSPropertyOp11
 70
     1
102
RTVSPropertyOp12
 70
     1
102
RTVSPropertyOp13
 70
     1
102
RTVSPropertyOp14
 70
     1
102
RTVSPropertyOp15
 70
     1
102
RTVSPropertyOp16
 70
     1
102
RTVSPropertyOp17
 70
     1
102
RTVSPropertyOp18
 70
     1
102
RTVSPropertyOp19
 70
     1
102
RTVSPropertyOp20
 70
     1
102
RTVSPropertyOp21
 70
     1
102
RTVSPropertyOp22
 70
     1
102
RTVSPropertyOp23
 70
     1
102
RTVSPropertyOp24
 70
     1
102
RTVSPropertyOp25
 70
     1
102
RTVSPropertyOp26
 70
     1
102
RTVSPropertyOp27
 70
     1
102
RTVSPropertyOp28
 70
     1
102
RTVSPropertyOp29
 70
     1
102
RTVSPropertyOp30
 70
     1
102
RTVSPropertyOp31
 70
     1
102
RTVSPropertyOp32
 70
     1
102
RTVSPropertyOp33
 70
     1
102
RTVSPropertyOp34
 70
     1
102
RTVSPropertyOp35
 70
     1
102
RTVSPropertyOp36
 70
     1
102
RTVSPropertyOp37
 70
     1
102
RTVSPropertyOp38
 70
     1
102
RTVSPropertyOp39
 70
     1
102
RTVSPropertyOp40
 70
     1
102
RTVSPropertyOp41
 70
     1
102
RTVSPropertyOp42
 70
     1
102
RTVSPropertyOp43
 70
     1
102
RTVSPropertyOp44
 70
     1
102
RTVSPropertyOp45
 70
     1
102
RTVSPropertyOp46
 70
     1
102
RTVSPropertyOp47
 70
     1
102
RTVSPropertyOp48
 70
     1
102
RTVSPropertyOp49
 70
     1
102
RTVSPropertyOp50
 70
     1
102
RTVSPropertyOp51
 70
     0
102
RTVSPropertyOp52
 70
     0
102
RTVSPropertyOp53
 70
     1
102
RTVSPropertyOp54
 70
     1
102
RTVSPropertyOp55
 70
     1
102
RTVSPropertyOp56
 70
     1
102
RTVSPropertyOp57
 70
     1
102
RTVSPost2010Prop28
280
     0
102
RTVSPost2010PropOp28
 70
     1
102
RTVSPost2010Prop29
280
     1
102
RTVSPost2010PropOp29
 70
     1
102
RTVSPost2010Prop30
280
     1
102
RTVSPost2010PropOp30
 70
     1
102
RTVSPost2010Prop31
280
     0
102
RTVSPost2010PropOp31
 70
     1
102
RTVSPost2010Prop32
280
     0
102
RTVSPost2010PropOp32
 70
     1
102
RTVSPost2010Prop33
280
     0
102
RTVSPost2010PropOp33
 70
     1
102
RTVSPost2010Prop34
280
     0
102
RTVSPost2010PropOp34
 70
     1
102
RTVSPost2010Prop35
280
     0
102
RTVSPost2010PropOp35
 70
     1
102
RTVSPost2010Prop36
280
     0
102
RTVSPost2010PropOp36
 70
     1
102
RTVSPost2010Prop37
 90
       50
102
RTVSPost2010PropOp37
 70
     1
102
RTVSPost2010Prop38
140
0.0
102
RTVSPost2010PropOp38
 70
     1
102
RTVSPost2010Prop39
140
1.0
102
RTVSPost2010PropOp39
 70
     1
102
RTVSPost2010Prop40
 90
        0
102
RTVSPost2010PropOp40
 70
     1
102
RTVSPost2010Prop41ColorIndex
 90
       18
102
RTVSPost2010Prop41ColorRGB
 90
        0
102
RTVSPost2010PropOp41
 70
     1
102
RTVSPost2010Prop42
 90
       50
102
RTVSPost2010PropOp42
 70
     1
102
RTVSPost2010Prop43
 90
        3
102
RTVSPost2010PropOp43
 70
     1
102
RTVSPost2010Prop44ColorIndex
 90
        5
102
RTVSPost2010Prop44ColorRGB
 90
      255
102
RTVSPost2010PropOp44
 70
     1
102
RTVSPost2010Prop45
280
     0
102
RTVSPost2010PropOp45
 70
     1
102
RTVSPost2010Prop46
 90
       50
102
RTVSPost2010PropOp46
 70
     1
102
RTVSPost2010Prop47
 90
       50
102
RTVSPost2010PropOp47
 70
     1
102
RTVSPost2010Prop48
 90
       50
102
RTVSPost2010PropOp48
 70
     1
102
RTVSPost2010Prop49
280
     0
102
RTVSPost2010PropOp49
 70
     1
102
RTVSPost2010Prop50
 90
       50
102
RTVSPost2010PropOp50
 70
     1
102
RTVSPost2010Prop51ColorIndex
 90
      256
102
RTVSPost2010Prop51ColorRGB
 90
-16777216
102
RTVSPost2010PropOp51
 70
     0
102
RTVSPost2010Prop52
140
1.0
102
RTVSPost2010PropOp52
 70
     0
102
RTVSPost2010Prop53
 90
        2
102
RTVSPost2010PropOp53
 70
     1
102
RTVSPost2010Prop54
  1
strokes_ogs.tif
102
RTVSPost2010PropOp54
 70
     1
102
RTVSPost2010Prop55
280
     0
102
RTVSPost2010PropOp55
 70
     1
102
RTVSPost2010Prop56
140
1.0
102
RTVSPost2010PropOp56
 70
     1
102
RTVSPost2010Prop57
140
1.0
102
RTVSPost2010PropOp57
 70
     1
  0
XRECORD
  5
BC
102
{ACAD_REACTORS
330
BB
102
}
330
BB
100
AcDbXrecord
280
     1
102
RTVSPropertyOp0
 70
     1
102
RTVSPropertyOp1
 70
     1
102
RTVSPropertyOp2
 70
     1
102
RTVSPropertyOp3
 70
     1
102
RTVSPropertyOp4
 70
     1
102
RTVSPropertyOp5
 70
     1
102
RTVSPropertyOp6
 70
     1
102
RTVSPropertyOp7
 70
     1
102
RTVSPropertyOp8
 70
     1
102
RTVSPropertyOp9
 70
     1
102
RTVSPropertyOp10
 70
     1
102
RTVSPropertyOp11
 70
     1
102
RTVSPropertyOp12
 70
     1
102
RTVSPropertyOp13
 70
     1
102
RTVSPropertyOp14
 70
     1
102
RTVSPropertyOp15
 70
     1
102
RTVSPropertyOp16
 70
     1
102
RTVSPropertyOp17
 70
     1
102
RTVSPropertyOp18
 70
     1
102
RTVSPropertyOp19
 70
     1
102
RTVSPropertyOp20
 70
     1
102
RTVSPropertyOp21
 70
     1
102
RTVSPropertyOp22
 70
     1
102
RTVSPropertyOp23
 70
     1
102
RTVSPropertyOp24
 70
     1
102
RTVSPropertyOp25
 70
     1
102
RTVSPropertyOp26
 70
     1
102
RTVSPropertyOp27
 70
     1
102
RTVSPropertyOp28
 70
     1
102
RTVSPropertyOp29
 70
     1
102
RTVSPropertyOp30
 70
     1
102
RTVSPropertyOp31
 70
     1
102
RTVSPropertyOp32
 70
     1
102
RTVSPropertyOp33
 70
     1
102
RTVSPropertyOp34
 70
     1
102
RTVSPropertyOp35
 70
     1
102
RTVSPropertyOp36
 70
     1
102
RTVSPropertyOp37
 70
     1
102
RTVSPropertyOp38
 70
     1
102
RTVSPropertyOp39
 70
     1
102
RTVSPropertyOp40
 70
     1
102
RTVSPropertyOp41
 70
     1
102
RTVSPropertyOp42
 70
     1
102
RTVSPropertyOp43
 70
     1
102
RTVSPropertyOp44
 70
     1
102
RTVSPropertyOp45
 70
     1
102
RTVSPropertyOp46
 70
     1
102
RTVSPropertyOp47
 70
     1
102
RTVSPropertyOp48
 70
     1
102
RTVSPropertyOp49
 70
     1
102
RTVSPropertyOp50
 70
     1
102
RTVSPropertyOp51
 70
     0
102
RTVSPropertyOp52
 70
     0
102
RTVSPropertyOp53
 70
     1
102
RTVSPropertyOp54
 70
     1
102
RTVSPropertyOp55
 70
     1
102
RTVSPropertyOp56
 70
     1
102
RTVSPropertyOp57
 70
     1
102
RTVSPost2010Prop28
280
     0
102
RTVSPost2010PropOp28
 70
     1
102
RTVSPost2010Prop29
280
     1
102
RTVSPost2010PropOp29
 70
     1
102
RTVSPost2010Prop30
280
     1
102
RTVSPost2010PropOp30
 70
     1
102
RTVSPost2010Prop31
280
     0
102
RTVSPost2010PropOp31
 70
     1
102
RTVSPost2010Prop32
280
     0
102
RTVSPost2010PropOp32
 70
     1
102
RTVSPost2010Prop33
280
     0
102
RTVSPost2010PropOp33
 70
     1
102
RTVSPost2010Prop34
280
     0
102
RTVSPost2010PropOp34
 70
     1
102
RTVSPost2010Prop35
280
     0
102
RTVSPost2010PropOp35
 70
     1
102
RTVSPost2010Prop36
280
     0
102
RTVSPost2010PropOp36
 70
     1
102
RTVSPost2010Prop37
 90
       50
102
RTVSPost2010PropOp37
 70
     1
102
RTVSPost2010Prop38
140
0.0
102
RTVSPost2010PropOp38
 70
     1
102
RTVSPost2010Prop39
140
1.0
102
RTVSPost2010PropOp39
 70
     1
102
RTVSPost2010Prop40
 90
        0
102
RTVSPost2010PropOp40
 70
     1
102
RTVSPost2010Prop41ColorIndex
 90
       18
102
RTVSPost2010Prop41ColorRGB
 90
        0
102
RTVSPost2010PropOp41
 70
     1
102
RTVSPost2010Prop42
 90
       50
102
RTVSPost2010PropOp42
 70
     1
102
RTVSPost2010Prop43
 90
        3
102
RTVSPost2010PropOp43
 70
     1
102
RTVSPost2010Prop44ColorIndex
 90
        5
102
RTVSPost2010Prop44ColorRGB
 90
      255
102
RTVSPost2010PropOp44
 70
     1
102
RTVSPost2010Prop45
280
     0
102
RTVSPost2010PropOp45
 70
     1
102
RTVSPost2010Prop46
 90
       50
102
RTVSPost2010PropOp46
 70
     1
102
RTVSPost2010Prop47
 90
       50
102
RTVSPost2010PropOp47
 70
     1
102
RTVSPost2010Prop48
 90
       50
102
RTVSPost2010PropOp48
 70
     1
102
RTVSPost2010Prop49
280
     0
102
RTVSPost2010PropOp49
 70
     1
102
RTVSPost2010Prop50
 90
       50
102
RTVSPost2010PropOp50
 70
     1
102
RTVSPost2010Prop51ColorIndex
 90
      256
102
RTVSPost2010Prop51ColorRGB
 90
-16777216
102
RTVSPost2010PropOp51
 70
     0
102
RTVSPost2010Prop52
140
1.0
102
RTVSPost2010PropOp52
 70
     0
102
RTVSPost2010Prop53
 90
        2
102
RTVSPost2010PropOp53
 70
     1
102
RTVSPost2010Prop54
  1
strokes_ogs.tif
102
RTVSPost2010PropOp54
 70
     1
102
RTVSPost2010Prop55
280
     0
102
RTVSPost2010PropOp55
 70
     1
102
RTVSPost2010Prop56
140
1.0
102
RTVSPost2010PropOp56
 70
     1
102
RTVSPost2010Prop57
140
1.0
102
RTVSPost2010PropOp57
 70
     1
  0
ENDSEC
  0
EOF
