  0
SECTION
  2
HEADER
  9
$ACADVER
  1
AC1032
  9
$ACADMAINTVER
 90
      327
  9
$DWGCODEPAGE
  3
ANSI_1252
  9
$LASTSAVEDBY
  1
Sakshi
  9
$REQUIREDVERSIONS
160
                 0
  9
$INSBASE
 10
0.0
 20
0.0
 30
0.0
  9
$EXTMIN
 10
-0.9913488930588414
 20
3.918195807790573
 30
0.0
  9
$EXTMAX
 10
124.9788493405577
 20
131.6642961919011
 30
0.0
  9
$LIMMIN
 10
0.0
 20
0.0
  9
$LIMMAX
 10
12.0
 20
9.0
  9
$ORTHOMODE
 70
     0
  9
$REGENMODE
 70
     1
  9
$FILLMODE
 70
     1
  9
$QTEXTMODE
 70
     0
  9
$MIRRTEXT
 70
     0
  9
$LTSCALE
 40
1.0
  9
$ATTMODE
 70
     1
  9
$TEXTSIZE
 40
0.2
  9
$TRACEWID
 40
0.05
  9
$TEXTSTYLE
  7
Standard
  9
$CLAYER
  8
0
  9
$CELTYPE
  6
ByLayer
  9
$CECOLOR
 62
   256
  9
$CELTSCALE
 40
1.0
  9
$DISPSILH
 70
     0
  9
$DIMSCALE
 40
1.0
  9
$DIMASZ
 40
0.18
  9
$DIMEXO
 40
0.0625
  9
$DIMDLI
 40
0.38
  9
$DIMRND
 40
0.0
  9
$DIMDLE
 40
0.0
  9
$DIMEXE
 40
0.18
  9
$DIMTP
 40
0.0
  9
$DIMTM
 40
0.0
  9
$DIMTXT
 40
0.18
  9
$DIMCEN
 40
0.09
  9
$DIMTSZ
 40
0.0
  9
$DIMTOL
 70
     0
  9
$DIMLIM
 70
     0
  9
$DIMTIH
 70
     1
  9
$DIMTOH
 70
     1
  9
$DIMSE1
 70
     0
  9
$DIMSE2
 70
     0
  9
$DIMTAD
 70
     0
  9
$DIMZIN
 70
     0
  9
$DIMBLK
  1

  9
$DIMASO
 70
     1
  9
$DIMSHO
 70
     1
  9
$DIMPOST
  1

  9
$DIMAPOST
  1

  9
$DIMALT
 70
     0
  9
$DIMALTD
 70
     2
  9
$DIMALTF
 40
25.4
  9
$DIMLFAC
 40
1.0
  9
$DIMTOFL
 70
     0
  9
$DIMTVP
 40
0.0
  9
$DIMTIX
 70
     0
  9
$DIMSOXD
 70
     0
  9
$DIMSAH
 70
     0
  9
$DIMBLK1
  1

  9
$DIMBLK2
  1

  9
$DIMSTYLE
  2
Standard
  9
$DIMCLRD
 70
     0
  9
$DIMCLRE
 70
     0
  9
$DIMCLRT
 70
     0
  9
$DIMTFAC
 40
1.0
  9
$DIMGAP
 40
0.09
  9
$DIMJUST
 70
     0
  9
$DIMSD1
 70
     0
  9
$DIMSD2
 70
     0
  9
$DIMTOLJ
 70
     1
  9
$DIMTZIN
 70
     0
  9
$DIMALTZ
 70
     0
  9
$DIMALTTZ
 70
     0
  9
$DIMUPT
 70
     0
  9
$DIMDEC
 70
     4
  9
$DIMTDEC
 70
     4
  9
$DIMALTU
 70
     2
  9
$DIMALTTD
 70
     2
  9
$DIMTXSTY
  7
Standard
  9
$DIMAUNIT
 70
     0
  9
$DIMADEC
 70
     0
  9
$DIMALTRND
 40
0.0
  9
$DIMAZIN
 70
     0
  9
$DIMDSEP
 70
    46
  9
$DIMATFIT
 70
     3
  9
$DIMFRAC
 70
     0
  9
$DIMLDRBLK
  1

  9
$DIMLUNIT
 70
     2
  9
$DIMLWD
 70
    -2
  9
$DIMLWE
 70
    -2
  9
$DIMTMOVE
 70
     0
  9
$DIMFXL
 40
1.0
  9
$DIMFXLON
 70
     0
  9
$DIMJOGANG
 40
0.7853981633974483
  9
$DIMTFILL
 70
     0
  9
$DIMTFILLCLR
 70
     0
  9
$DIMARCSYM
 70
     0
  9
$DIMLTYPE
  6

  9
$DIMLTEX1
  6

  9
$DIMLTEX2
  6

  9
$DIMTXTDIRECTION
 70
     0
  9
$LUNITS
 70
     2
  9
$LUPREC
 70
     4
  9
$SKETCHINC
 40
0.1
  9
$FILLETRAD
 40
0.0
  9
$AUNITS
 70
     0
  9
$AUPREC
 70
     0
  9
$MENU
  1
.
  9
$ELEVATION
 40
0.0
  9
$PELEVATION
 40
0.0
  9
$THICKNESS
 40
0.0
  9
$LIMCHECK
 70
     0
  9
$CHAMFERA
 40
0.0
  9
$CHAMFERB
 40
0.0
  9
$CHAMFERC
 40
0.0
  9
$CHAMFERD
 40
0.0
  9
$SKPOLY
 70
     0
  9
$TDCREATE
 40
2460803.523148148
  9
$TDUCREATE
 40
2460803.293981481
  9
$TDUPDATE
 40
2460803.523483797
  9
$TDUUPDATE
 40
2460803.294317130
  9
$TDINDWG
 40
0.0003356481
  9
$TDUSRTIMER
 40
0.0003356481
  9
$USRTIMER
 70
     1
  9
$ANGBASE
 50
0.0
  9
$ANGDIR
 70
     0
  9
$PDMODE
 70
     0
  9
$PDSIZE
 40
0.0
  9
$PLINEWID
 40
0.0
  9
$SPLFRAME
 70
     0
  9
$SPLINETYPE
 70
     6
  9
$SPLINESEGS
 70
     8
  9
$HANDSEED
  5
C94
  9
$SURFTAB1
 70
     6
  9
$SURFTAB2
 70
     6
  9
$SURFTYPE
 70
     6
  9
$SURFU
 70
     6
  9
$SURFV
 70
     6
  9
$UCSBASE
  2

  9
$UCSNAME
  2

  9
$UCSORG
 10
0.0
 20
0.0
 30
0.0
  9
$UCSXDIR
 10
1.0
 20
0.0
 30
0.0
  9
$UCSYDIR
 10
0.0
 20
1.0
 30
0.0
  9
$UCSORTHOREF
  2

  9
$UCSORTHOVIEW
 70
     0
  9
$UCSORGTOP
 10
0.0
 20
0.0
 30
0.0
  9
$UCSORGBOTTOM
 10
0.0
 20
0.0
 30
0.0
  9
$UCSORGLEFT
 10
0.0
 20
0.0
 30
0.0
  9
$UCSORGRIGHT
 10
0.0
 20
0.0
 30
0.0
  9
$UCSORGFRONT
 10
0.0
 20
0.0
 30
0.0
  9
$UCSORGBACK
 10
0.0
 20
0.0
 30
0.0
  9
$PUCSBASE
  2

  9
$PUCSNAME
  2

  9
$PUCSORG
 10
0.0
 20
0.0
 30
0.0
  9
$PUCSXDIR
 10
1.0
 20
0.0
 30
0.0
  9
$PUCSYDIR
 10
0.0
 20
1.0
 30
0.0
  9
$PUCSORTHOREF
  2

  9
$PUCSORTHOVIEW
 70
     0
  9
$PUCSORGTOP
 10
0.0
 20
0.0
 30
0.0
  9
$PUCSORGBOTTOM
 10
0.0
 20
0.0
 30
0.0
  9
$PUCSORGLEFT
 10
0.0
 20
0.0
 30
0.0
  9
$PUCSORGRIGHT
 10
0.0
 20
0.0
 30
0.0
  9
$PUCSORGFRONT
 10
0.0
 20
0.0
 30
0.0
  9
$PUCSORGBACK
 10
0.0
 20
0.0
 30
0.0
  9
$USERI1
 70
     0
  9
$USERI2
 70
     0
  9
$USERI3
 70
     0
  9
$USERI4
 70
     0
  9
$USERI5
 70
     0
  9
$USERR1
 40
0.0
  9
$USERR2
 40
0.0
  9
$USERR3
 40
0.0
  9
$USERR4
 40
0.0
  9
$USERR5
 40
0.0
  9
$WORLDVIEW
 70
     1
  9
$SHADEDGE
 70
     3
  9
$SHADEDIF
 70
    70
  9
$TILEMODE
 70
     1
  9
$MAXACTVP
 70
    64
  9
$PINSBASE
 10
0.0
 20
0.0
 30
0.0
  9
$PLIMCHECK
 70
     0
  9
$PEXTMIN
 10
0.0
 20
0.0
 30
0.0
  9
$PEXTMAX
 10
0.0
 20
0.0
 30
0.0
  9
$PLIMMIN
 10
0.0
 20
0.0
  9
$PLIMMAX
 10
12.0
 20
9.0
  9
$UNITMODE
 70
     0
  9
$VISRETAIN
 70
     1
  9
$PLINEGEN
 70
     0
  9
$PSLTSCALE
 70
     1
  9
$TREEDEPTH
 70
  3020
  9
$CMLSTYLE
  2
Standard
  9
$CMLJUST
 70
     0
  9
$CMLSCALE
 40
1.0
  9
$PROXYGRAPHICS
 70
     1
  9
$MEASUREMENT
 70
     0
  9
$CELWEIGHT
370
    -1
  9
$ENDCAPS
280
     0
  9
$JOINSTYLE
280
     0
  9
$LWDISPLAY
290
     0
  9
$INSUNITS
 70
     1
  9
$HYPERLINKBASE
  1

  9
$STYLESHEET
  1

  9
$XEDIT
290
     1
  9
$CEPSNTYPE
380
     0
  9
$PSTYLEMODE
290
     1
  9
$FINGERPRINTGUID
  2
{992CED45-0EB5-134D-870D-6AFAA648BBCD}
  9
$VERSIONGUID
  2
{EFE699D7-8453-2D4F-A526-BD2DDA4413AF}
  9
$EXTNAMES
290
     1
  9
$PSVPSCALE
 40
0.0
  9
$OLESTARTUP
290
     0
  9
$SORTENTS
280
   127
  9
$INDEXCTL
280
     0
  9
$HIDETEXT
280
     1
  9
$XCLIPFRAME
280
     2
  9
$HALOGAP
280
     0
  9
$OBSCOLOR
 70
   257
  9
$OBSLTYPE
280
     0
  9
$INTERSECTIONDISPLAY
280
     0
  9
$INTERSECTIONCOLOR
 70
   257
  9
$DIMASSOC
280
     2
  9
$PROJECTNAME
  1

  9
$CAMERADISPLAY
290
     0
  9
$LENSLENGTH
 40
50.0
  9
$CAMERAHEIGHT
 40
0.0
  9
$STEPSPERSEC
 40
2.0
  9
$STEPSIZE
 40
6.0
  9
$3DDWFPREC
 40
2.0
  9
$PSOLWIDTH
 40
0.25
  9
$PSOLHEIGHT
 40
4.0
  9
$LOFTANG1
 40
1.570796326794896
  9
$LOFTANG2
 40
1.570796326794896
  9
$LOFTMAG1
 40
0.0
  9
$LOFTMAG2
 40
0.0
  9
$LOFTPARAM
 70
     7
  9
$LOFTNORMALS
280
     1
  9
$LATITUDE
 40
37.795
  9
$LONGITUDE
 40
-122.394
  9
$NORTHDIRECTION
 40
0.0
  9
$TIMEZONE
 70
 -8000
  9
$LIGHTGLYPHDISPLAY
280
     1
  9
$TILEMODELIGHTSYNCH
280
     1
  9
$CMATERIAL
347
96
  9
$SOLIDHIST
280
     0
  9
$SHOWHIST
280
     1
  9
$DWFFRAME
280
     2
  9
$DGNFRAME
280
     0
  9
$REALWORLDSCALE
290
     1
  9
$INTERFERECOLOR
 62
     1
  9
$INTERFEREOBJVS
345
A3
  9
$INTERFEREVPVS
346
A0
  9
$CSHADOW
280
     0
  9
$SHADOWPLANELOCATION
 40
0.0
  0
ENDSEC
  0
SECTION
  2
CLASSES
  0
CLASS
  1
ACDBDICTIONARYWDFLT
  2
AcDbDictionaryWithDefault
  3
ObjectDBX Classes
 90
        0
 91
        1
280
     0
281
     0
  0
CLASS
  1
DICTIONARYVAR
  2
AcDbDictionaryVar
  3
ObjectDBX Classes
 90
        0
 91
        9
280
     0
281
     0
  0
CLASS
  1
TABLESTYLE
  2
AcDbTableStyle
  3
ObjectDBX Classes
 90
     4095
 91
        1
280
     0
281
     0
  0
CLASS
  1
MATERIAL
  2
AcDbMaterial
  3
ObjectDBX Classes
 90
     1153
 91
        3
280
     0
281
     0
  0
CLASS
  1
VISUALSTYLE
  2
AcDbVisualStyle
  3
ObjectDBX Classes
 90
     4095
 91
       24
280
     0
281
     0
  0
CLASS
  1
SCALE
  2
AcDbScale
  3
ObjectDBX Classes
 90
     1153
 91
       33
280
     0
281
     0
  0
CLASS
  1
MLEADERSTYLE
  2
AcDbMLeaderStyle
  3
ACDB_MLEADERSTYLE_CLASS
 90
     4095
 91
        2
280
     0
281
     0
  0
CLASS
  1
CELLSTYLEMAP
  2
AcDbCellStyleMap
  3
ObjectDBX Classes
 90
     1152
 91
        1
280
     0
281
     0
  0
CLASS
  1
EXACXREFPANELOBJECT
  2
ExAcXREFPanelObject
  3
EXAC_ESW
 90
     1025
 91
        0
280
     0
281
     0
  0
CLASS
  1
NPOCOLLECTION
  2
AcDbImpNonPersistentObjectsCollection
  3
ObjectDBX Classes
 90
     1153
 91
        0
280
     0
281
     0
  0
CLASS
  1
LAYER_INDEX
  2
AcDbLayerIndex
  3
ObjectDBX Classes
 90
        0
 91
        0
280
     0
281
     0
  0
CLASS
  1
SPATIAL_INDEX
  2
AcDbSpatialIndex
  3
ObjectDBX Classes
 90
        0
 91
        0
280
     0
281
     0
  0
CLASS
  1
IDBUFFER
  2
AcDbIdBuffer
  3
ObjectDBX Classes
 90
        0
 91
        0
280
     0
281
     0
  0
CLASS
  1
ACDBSECTIONVIEWSTYLE
  2
AcDbSectionViewStyle
  3
ObjectDBX Classes
 90
     1025
 91
        2
280
     0
281
     0
  0
CLASS
  1
ACDBDETAILVIEWSTYLE
  2
AcDbDetailViewStyle
  3
ObjectDBX Classes
 90
     1025
 91
        2
280
     0
281
     0
  0
CLASS
  1
SORTENTSTABLE
  2
AcDbSortentsTable
  3
ObjectDBX Classes
 90
        0
 91
        1
280
     0
281
     0
  0
ENDSEC
  0
SECTION
  2
TABLES
  0
TABLE
  2
VPORT
  5
8
330
0
100
AcDbSymbolTable
 70
     1
  0
VPORT
  5
94
330
8
100
AcDbSymbolTableRecord
100
AcDbViewportTableRecord
  2
*Active
 70
     0
 10
0.0
 20
0.0
 11
1.0
 21
1.0
 12
197.8936846506333
 22
-21.70042540211779
 13
0.0
 23
0.0
 14
0.5
 24
0.5
 15
0.5
 25
0.5
 16
0.0
 26
0.0
 36
1.0
 17
0.0
 27
0.0
 37
0.0
 40
427.1311133153439
 41
2.390213299874529
 42
50.0
 43
0.0
 44
0.0
 50
0.0
 51
0.0
 71
     0
 72
  1000
 73
     1
 74
     3
 75
     0
 76
     1
 77
     0
 78
     0
281
     0
 65
     1
110
0.0
120
0.0
130
0.0
111
1.0
121
0.0
131
0.0
112
0.0
122
1.0
132
0.0
 79
     0
146
0.0
348
9F
 60
     3
 61
     5
292
     1
282
     1
141
0.0
142
0.0
 63
   250
421
  3355443
1001
ACAD_NAV_VCDISPLAY
1070
     3
  0
ENDTAB
  0
TABLE
  2
LTYPE
  5
5
330
0
100
AcDbSymbolTable
 70
     3
  0
LTYPE
  5
14
330
5
100
AcDbSymbolTableRecord
100
AcDbLinetypeTableRecord
  2
ByBlock
 70
     0
  3

 72
    65
 73
     0
 40
0.0
  0
LTYPE
  5
15
330
5
100
AcDbSymbolTableRecord
100
AcDbLinetypeTableRecord
  2
ByLayer
 70
     0
  3

 72
    65
 73
     0
 40
0.0
  0
LTYPE
  5
16
330
5
100
AcDbSymbolTableRecord
100
AcDbLinetypeTableRecord
  2
Continuous
 70
     0
  3
Solid line
 72
    65
 73
     0
 40
0.0
  0
LTYPE
  5
2A0
330
5
100
AcDbSymbolTableRecord
100
AcDbLinetypeTableRecord
  2
DASHED
 70
     0
  3
Dashed __ __ __ __ __ __ __ __ __ __ __ __ __ _
 72
    65
 73
     2
 40
0.75
 49
0.5
 74
     0
 49
-0.25
 74
     0
  0
LTYPE
  5
2A1
330
5
100
AcDbSymbolTableRecord
100
AcDbLinetypeTableRecord
  2
DASHED2
 70
     0
  3
Dashed (.5x) _ _ _ _ _ _ _ _ _ _ _ _ _ _ _ _ _
 72
    65
 73
     2
 40
9.524999999999996
 49
6.349999999999998
 74
     0
 49
-3.174999999999998
 74
     0
  0
ENDTAB
  0
TABLE
  2
LAYER
  5
2
102
{ACAD_XDICTIONARY
360
18E
102
}
330
0
100
AcDbSymbolTable
 70
    12
  0
LAYER
  5
10
102
{ACAD_XDICTIONARY
360
E6
102
}
330
2
100
AcDbSymbolTableRecord
100
AcDbLayerTableRecord
  2
0
 70
     0
 62
     7
  6
Continuous
370
    -3
390
F
347
98
348
0
  0
LAYER
  5
2A2
330
2
100
AcDbSymbolTableRecord
100
AcDbLayerTableRecord
  2
walls
 70
     0
 62
   250
  6
Continuous
370
    18
390
F
347
98
348
0
1001
AcAecLayerStandard
1000

1000

1001
AcCmTransparency
1071
        0
  0
LAYER
  5
2A3
102
{ACAD_XDICTIONARY
360
2A4
102
}
330
2
100
AcDbSymbolTableRecord
100
AcDbLayerTableRecord
  2
FUR
 70
     0
 62
   250
  6
Continuous
370
     9
390
F
347
98
348
0
1001
AcAecLayerStandard
1000

1000

1001
AcCmTransparency
1071
 33554687
  0
LAYER
  5
2A5
330
2
100
AcDbSymbolTableRecord
100
AcDbLayerTableRecord
  2
elev 1
 70
     0
 62
   252
  6
Continuous
370
     9
390
F
347
98
348
0
1001
AcAecLayerStandard
1000

1000

1001
AcCmTransparency
1071
        0
  0
LAYER
  5
2A6
330
2
100
AcDbSymbolTableRecord
100
AcDbLayerTableRecord
  2
forms
 70
     0
 62
   251
  6
Continuous
370
    20
390
F
347
98
348
0
1001
AcAecLayerStandard
1000

1000

1001
AcCmTransparency
1071
        0
  0
LAYER
  5
2A7
102
{ACAD_XDICTIONARY
360
2A8
102
}
330
2
100
AcDbSymbolTableRecord
100
AcDbLayerTableRecord
  2
col
 70
     0
 62
   250
  6
Continuous
370
    25
390
F
347
98
348
0
1001
AcAecLayerStandard
1000

1000

1001
AcCmTransparency
1071
        0
  0
LAYER
  5
2A9
330
2
100
AcDbSymbolTableRecord
100
AcDbLayerTableRecord
  2
ROAD
 70
     0
 62
     8
  6
Continuous
370
    30
390
F
347
98
348
0
1001
AcAecLayerStandard
1000

1000

1001
AcCmTransparency
1071
        0
  0
LAYER
  5
2AA
330
2
100
AcDbSymbolTableRecord
100
AcDbLayerTableRecord
  2
V PARKING
 70
     0
 62
   253
  6
Continuous
370
    20
390
F
347
98
348
0
1001
AcAecLayerStandard
1000

1000

1001
AcCmTransparency
1071
        0
  0
LAYER
  5
2AB
330
2
100
AcDbSymbolTableRecord
100
AcDbLayerTableRecord
  2
RAMP
 70
     0
 62
   252
  6
Continuous
370
    30
390
F
347
98
348
0
1001
AcAecLayerStandard
1000

1000

1001
AcCmTransparency
1071
        0
  0
LAYER
  5
2AC
102
{ACAD_XDICTIONARY
360
2AD
102
}
330
2
100
AcDbSymbolTableRecord
100
AcDbLayerTableRecord
  2
DASHED
 70
     0
 62
   253
  6
DASHED
370
    20
390
F
347
98
348
0
1001
AcAecLayerStandard
1000

1000

1001
AcCmTransparency
1071
        0
  0
LAYER
  5
2AF
102
{ACAD_XDICTIONARY
360
2B0
102
}
330
2
100
AcDbSymbolTableRecord
100
AcDbLayerTableRecord
  2
above
 70
     0
 62
   252
  6
DASHED2
370
    20
390
F
347
98
348
0
1001
AcAecLayerStandard
1000

1000

1001
AcCmTransparency
1071
        0
  0
LAYER
  5
2B2
102
{ACAD_XDICTIONARY
360
2B3
102
}
330
2
100
AcDbSymbolTableRecord
100
AcDbLayerTableRecord
  2
car
 70
     0
 62
   253
  6
Continuous
370
     9
390
F
347
98
348
0
  0
ENDTAB
  0
TABLE
  2
STYLE
  5
3
330
0
100
AcDbSymbolTable
 70
     2
  0
STYLE
  5
11
330
3
100
AcDbSymbolTableRecord
100
AcDbTextStyleTableRecord
  2
Standard
 70
     0
 40
0.0
 41
1.0
 50
0.0
 71
     0
 42
0.2
  3
arial.ttf
  4

1001
ACAD
1000
Arial
1071
       34
  0
STYLE
  5
DC
330
3
100
AcDbSymbolTableRecord
100
AcDbTextStyleTableRecord
  2
Annotative
 70
     0
 40
0.0
 41
1.0
 50
0.0
 71
     0
 42
0.2
  3
arial.ttf
  4

1001
AcadAnnotative
1000
AnnotativeData
1002
{
1070
     1
1070
     1
1002
}
1001
ACAD
1000
Arial
1071
       34
  0
ENDTAB
  0
TABLE
  2
VIEW
  5
6
330
0
100
AcDbSymbolTable
 70
     0
  0
ENDTAB
  0
TABLE
  2
UCS
  5
7
330
0
100
AcDbSymbolTable
 70
     0
  0
ENDTAB
  0
TABLE
  2
APPID
  5
9
330
0
100
AcDbSymbolTable
 70
    13
  0
APPID
  5
12
330
9
100
AcDbSymbolTableRecord
100
AcDbRegAppTableRecord
  2
ACAD
 70
     0
  0
APPID
  5
DD
330
9
100
AcDbSymbolTableRecord
100
AcDbRegAppTableRecord
  2
AcadAnnoPO
 70
     0
  0
APPID
  5
DE
330
9
100
AcDbSymbolTableRecord
100
AcDbRegAppTableRecord
  2
AcadAnnotative
 70
     0
  0
APPID
  5
DF
330
9
100
AcDbSymbolTableRecord
100
AcDbRegAppTableRecord
  2
ACAD_DSTYLE_DIMJAG
 70
     0
  0
APPID
  5
E0
330
9
100
AcDbSymbolTableRecord
100
AcDbRegAppTableRecord
  2
ACAD_DSTYLE_DIMTALN
 70
     0
  0
APPID
  5
107
330
9
100
AcDbSymbolTableRecord
100
AcDbRegAppTableRecord
  2
ACAD_MLEADERVER
 70
     0
  0
APPID
  5
1A6
330
9
100
AcDbSymbolTableRecord
100
AcDbRegAppTableRecord
  2
ACAD_NAV_VCDISPLAY
 70
     0
  0
APPID
  5
2B5
330
9
100
AcDbSymbolTableRecord
100
AcDbRegAppTableRecord
  2
ACAD_PSEXT
 70
     0
  0
APPID
  5
2B6
330
9
100
AcDbSymbolTableRecord
100
AcDbRegAppTableRecord
  2
AcAecLayerStandard
 70
     0
  0
APPID
  5
2B7
330
9
100
AcDbSymbolTableRecord
100
AcDbRegAppTableRecord
  2
AcCmTransparency
 70
     0
  0
APPID
  5
2B8
330
9
100
AcDbSymbolTableRecord
100
AcDbRegAppTableRecord
  2
ADE
 70
     0
  0
APPID
  5
2B9
330
9
100
AcDbSymbolTableRecord
100
AcDbRegAppTableRecord
  2
_KTI_ARCHT
 70
     0
  0
APPID
  5
2BA
330
9
100
AcDbSymbolTableRecord
100
AcDbRegAppTableRecord
  2
PE_URL
 70
     0
  0
ENDTAB
  0
TABLE
  2
DIMSTYLE
  5
A
330
0
100
AcDbSymbolTable
 70
     3
100
AcDbDimStyleTable
 71
     2
340
27
340
E1
  0
DIMSTYLE
105
27
330
A
100
AcDbSymbolTableRecord
100
AcDbDimStyleTableRecord
  2
Standard
 70
     0
340
11
  0
DIMSTYLE
105
E1
330
A
100
AcDbSymbolTableRecord
100
AcDbDimStyleTableRecord
  2
Annotative
 70
     0
 40
0.0
340
11
1001
AcadAnnotative
1000
AnnotativeData
1002
{
1070
     1
1070
     1
1002
}
1001
ACAD_DSTYLE_DIMJAG
1070
   388
1040
1.5
1001
ACAD_DSTYLE_DIMTALN
1070
   392
1070
     0
  0
DIMSTYLE
105
2B4
330
A
100
AcDbSymbolTableRecord
100
AcDbDimStyleTableRecord
  2
ISO-25
 70
     0
 41
2.5
 42
0.625
 43
3.75
 44
1.25
 73
     0
 74
     0
 77
     1
 78
     8
140
2.5
141
2.5
143
0.03937007874016
147
0.625
171
     3
172
     1
271
     2
272
     2
274
     3
278
    44
283
     0
284
     8
340
11
  0
ENDTAB
  0
TABLE
  2
BLOCK_RECORD
  5
1
330
0
100
AcDbSymbolTable
 70
     3
  0
BLOCK_RECORD
  5
1F
102
{ACAD_XDICTIONARY
360
15D
102
}
330
1
100
AcDbSymbolTableRecord
100
AcDbBlockTableRecord
  2
*Model_Space
340
22
 70
     0
280
     1
281
     0
  0
BLOCK_RECORD
  5
58
330
1
100
AcDbSymbolTableRecord
100
AcDbBlockTableRecord
  2
*Paper_Space
340
59
 70
     0
280
     1
281
     0
  0
BLOCK_RECORD
  5
5D
330
1
100
AcDbSymbolTableRecord
100
AcDbBlockTableRecord
  2
*Paper_Space0
340
5E
 70
     0
280
     1
281
     0
  0
BLOCK_RECORD
  5
24F
330
1
100
AcDbSymbolTableRecord
100
AcDbBlockTableRecord
  2
02PCAR12
340
0
102
{BLKREFS
331
C8F
331
C90
102
}
 70
     0
280
     1
281
     0
  0
ENDTAB
  0
ENDSEC
  0
SECTION
  2
BLOCKS
  0
BLOCK
  5
20
330
1F
100
AcDbEntity
  8
0
100
AcDbBlockBegin
  2
*Model_Space
 70
     0
 10
0.0
 20
0.0
 30
0.0
  3
*Model_Space
  1

  0
ENDBLK
  5
21
330
1F
100
AcDbEntity
  8
0
100
AcDbBlockEnd
  0
BLOCK
  5
5A
330
58
100
AcDbEntity
 67
     1
  8
0
100
AcDbBlockBegin
  2
*Paper_Space
 70
     0
 10
0.0
 20
0.0
 30
0.0
  3
*Paper_Space
  1

  0
ENDBLK
  5
5B
330
58
100
AcDbEntity
 67
     1
  8
0
100
AcDbBlockEnd
  0
BLOCK
  5
5F
330
5D
100
AcDbEntity
 67
     1
  8
0
100
AcDbBlockBegin
  2
*Paper_Space0
 70
     0
 10
0.0
 20
0.0
 30
0.0
  3
*Paper_Space0
  1

  0
ENDBLK
  5
60
330
5D
100
AcDbEntity
 67
     1
  8
0
100
AcDbBlockEnd
  0
BLOCK
  5
250
330
24F
100
AcDbEntity
  8
0
100
AcDbBlockBegin
  2
02PCAR12
 70
     0
 10
0.0
 20
0.0
 30
0.0
  3
02PCAR12
  1

  0
LINE
  5
251
330
24F
100
AcDbEntity
  8
0
  6
ByBlock
 62
     0
100
AcDbLine
 10
-76.44899518152403
 20
-35.30111556670511
 30
0.0
 11
-90.0
 21
-29.0
 31
0.0
  0
LINE
  5
252
330
24F
100
AcDbEntity
  8
0
  6
ByBlock
 62
     0
100
AcDbLine
 10
-90.0
 20
-29.0
 30
0.0
 11
-109.4192008143811
 21
-29.02341015451958
 31
0.0
  0
LINE
  5
253
330
24F
100
AcDbEntity
  8
0
  6
ByBlock
 62
     0
100
AcDbLine
 10
-109.1854506937335
 20
-35.32717460437931
 30
0.0
 11
-75.90953375201803
 21
-35.29661139291988
 31
0.0
  0
LINE
  5
254
330
24F
100
AcDbEntity
  8
0
  6
ByBlock
 62
     0
100
AcDbLine
 10
-109.4192008143811
 20
-29.02341015451958
 30
0.0
 11
-109.1854506937335
 21
-35.32717460437931
 31
0.0
  0
LINE
  5
255
330
24F
100
AcDbEntity
  8
0
  6
ByBlock
 62
     0
100
AcDbLine
 10
-113.0
 20
-29.0
 30
0.0
 11
-113.230285371582
 21
-35.4958212651449
 31
0.0
  0
LINE
  5
256
330
24F
100
AcDbEntity
  8
0
  6
ByBlock
 62
     0
100
AcDbLine
 10
-113.230285371582
 20
-35.4958212651449
 30
0.0
 11
-140.7876529542348
 21
-34.89418078895639
 31
0.0
  0
LINE
  5
257
330
24F
100
AcDbEntity
  8
0
  6
ByBlock
 62
     0
100
AcDbLine
 10
-140.7876529542348
 20
-34.89418078895639
 30
0.0
 11
-133.9646958569026
 21
-29.22835006174683
 31
0.0
  0
LINE
  5
258
330
24F
100
AcDbEntity
  8
0
  6
ByBlock
 62
     0
100
AcDbLine
 10
-134.0
 20
-29.0
 30
0.0
 11
-113.0
 21
-29.0
 31
0.0
  0
LINE
  5
259
330
24F
100
AcDbEntity
  8
0
  6
ByBlock
 62
     0
100
AcDbLine
 10
-84.0
 20
-12.00000000000028
 30
0.0
 11
-84.0
 21
12.00000000000028
 31
0.0
  0
LINE
  5
25A
330
24F
100
AcDbEntity
  8
0
  6
ByBlock
 62
     0
100
AcDbLine
 10
-72.14820204953873
 20
-34.24408196339939
 30
0.0
 11
-85.91298867566854
 21
-27.36559229907906
 31
0.0
  0
LINE
  5
25B
330
24F
100
AcDbEntity
  8
0
  6
ByBlock
 62
     0
100
AcDbLine
 10
-141.4785635150375
 20
-25.99050823744093
 30
0.0
 11
-150.8292621156913
 21
-32.29529891297625
 31
0.0
  0
LINE
  5
25C
330
24F
100
AcDbEntity
  8
0
  6
ByBlock
 62
     0
100
AcDbLine
 10
-141.4785635150375
 20
-25.99050823744093
 30
0.0
 11
-144.2384572297352
 21
-23.51708410018409
 31
0.0
  0
LINE
  5
25D
330
24F
100
AcDbEntity
  8
0
  6
ByBlock
 62
     0
100
AcDbLine
 10
-202.3583226984786
 20
-30.77627372837526
 30
0.0
 11
-203.0
 21
0.0
 31
0.0
  0
LINE
  5
25E
330
24F
100
AcDbEntity
  8
0
  6
ByBlock
 62
     0
100
AcDbLine
 10
0.0
 20
0.0
 30
0.0
 11
-1.800538701710053
 21
-32.21023533249104
 31
0.0
  0
LINE
  5
25F
330
24F
100
AcDbEntity
  8
0
  6
ByBlock
 62
     0
100
AcDbLine
 10
-6.0
 20
-36.0
 30
0.0
 11
-19.0
 21
-38.0
 31
0.0
  0
LINE
  5
260
330
24F
100
AcDbEntity
  8
0
  6
ByBlock
 62
     0
100
AcDbLine
 10
-19.0
 20
-38.0
 30
0.0
 11
-203.0
 21
-38.0
 31
0.0
  0
LINE
  5
261
330
24F
100
AcDbEntity
  8
0
  6
ByBlock
 62
     0
100
AcDbLine
 10
-206.0
 20
-37.0
 30
0.0
 11
-207.0
 21
0.0
 31
0.0
  0
ARC
  5
262
330
24F
100
AcDbEntity
  8
0
  6
ByBlock
 62
     0
100
AcDbCircle
 10
-5.79501001904009
 20
-32.0
 30
0.0
 40
4.0
100
AcDbArc
 50
270.0
 51
356.9872124958167
  0
LINE
  5
263
330
24F
100
AcDbEntity
  8
0
  6
ByBlock
 62
     0
100
AcDbLine
 10
-5.0
 20
-32.0
 30
0.0
 11
-6.44721359549996
 21
-34.89442719099992
 31
0.0
  0
ARC
  5
264
330
24F
100
AcDbEntity
  8
0
  6
ByBlock
 62
     0
100
AcDbCircle
 10
-8.236067977499772
 20
-34.0
 30
0.0
 40
2.0
100
AcDbArc
 50
270.0
 51
333.4349488229221
  0
ARC
  5
265
330
24F
100
AcDbEntity
  8
0
  6
ByBlock
 62
     0
100
AcDbCircle
 10
-71.36270139644607
 20
-32.40479168614815
 30
0.0
 40
2.0
100
AcDbArc
 50
246.8742586411591
 51
328.4361979117045
  0
ARC
  5
266
330
24F
100
AcDbEntity
  8
0
  6
ByBlock
 62
     0
100
AcDbCircle
 10
-115.3333333333333
 20
-5.392156862745096
 30
0.0
 40
53.60522176128826
100
AcDbArc
 50
328.4361979117049
 51
355.0620751068389
  0
LINE
  5
267
330
24F
100
AcDbEntity
  8
0
  6
ByBlock
 62
     0
100
AcDbLine
 10
-62.0
 20
-10.0
 30
0.0
 11
-62.0
 21
0.0
 31
0.0
  0
ARC
  5
268
330
24F
100
AcDbEntity
  8
0
  6
ByBlock
 62
     0
100
AcDbCircle
 10
-461.0494620597152
 20
27.14010362853463
 30
0.0
 40
379.0755129938798
100
AcDbArc
 50
351.7330230608548
 51
354.0735644518231
  0
LINE
  5
269
330
24F
100
AcDbEntity
  8
0
  6
ByBlock
 62
     0
100
AcDbLine
 10
-144.2384572297352
 20
-23.51708410018409
 30
0.0
 11
-144.2384572297352
 21
0.0
 31
0.0
  0
LINE
  5
26A
330
24F
100
AcDbEntity
  8
0
  6
ByBlock
 62
     0
100
AcDbLine
 10
-91.0
 20
-26.0
 30
0.0
 11
-138.0
 21
-26.0
 31
0.0
  0
LINE
  5
26B
330
24F
100
AcDbEntity
  8
0
  6
ByBlock
 62
     0
100
AcDbLine
 10
-91.0
 20
26.0
 30
0.0
 11
-138.0
 21
26.0
 31
0.0
  0
LINE
  5
26C
330
24F
100
AcDbEntity
  8
0
  6
ByBlock
 62
     0
100
AcDbLine
 10
-144.2384572297352
 20
23.51708410018409
 30
0.0
 11
-144.2384572297352
 21
0.0
 31
0.0
  0
ARC
  5
26D
330
24F
100
AcDbEntity
  8
0
  6
ByBlock
 62
     0
100
AcDbCircle
 10
-461.0494620597152
 20
-27.14010362853455
 30
0.0
 40
379.0755129938798
100
AcDbArc
 50
5.926435548176843
 51
8.266976939145314
  0
LINE
  5
26E
330
24F
100
AcDbEntity
  8
0
  6
ByBlock
 62
     0
100
AcDbLine
 10
-62.0
 20
10.0
 30
0.0
 11
-62.0
 21
0.0
 31
0.0
  0
ARC
  5
26F
330
24F
100
AcDbEntity
  8
0
  6
ByBlock
 62
     0
100
AcDbCircle
 10
-115.3333333333333
 20
5.392156862745096
 30
0.0
 40
53.60522176128826
100
AcDbArc
 50
4.937924893161196
 51
31.56380208829518
  0
ARC
  5
270
330
24F
100
AcDbEntity
  8
0
  6
ByBlock
 62
     0
100
AcDbCircle
 10
-71.36270139644607
 20
32.40479168614815
 30
0.0
 40
2.0
100
AcDbArc
 50
31.56380208829554
 51
113.1257413588409
  0
ARC
  5
271
330
24F
100
AcDbEntity
  8
0
  6
ByBlock
 62
     0
100
AcDbCircle
 10
-8.236067977499772
 20
34.0
 30
0.0
 40
2.0
100
AcDbArc
 50
26.56505117707798
 51
89.99999999999998
  0
LINE
  5
272
330
24F
100
AcDbEntity
  8
0
  6
ByBlock
 62
     0
100
AcDbLine
 10
-5.0
 20
32.0
 30
0.0
 11
-6.44721359549996
 21
34.89442719099992
 31
0.0
  0
ARC
  5
273
330
24F
100
AcDbEntity
  8
0
  6
ByBlock
 62
     0
100
AcDbCircle
 10
-5.79501001904009
 20
32.0
 30
0.0
 40
4.0
100
AcDbArc
 50
3.012787504183313
 51
89.99999999999998
  0
LINE
  5
274
330
24F
100
AcDbEntity
  8
0
  6
ByBlock
 62
     0
100
AcDbLine
 10
-206.0
 20
37.0
 30
0.0
 11
-207.0
 21
0.0
 31
0.0
  0
LINE
  5
275
330
24F
100
AcDbEntity
  8
0
  6
ByBlock
 62
     0
100
AcDbLine
 10
-19.0
 20
38.0
 30
0.0
 11
-203.0
 21
38.0
 31
0.0
  0
LINE
  5
276
330
24F
100
AcDbEntity
  8
0
  6
ByBlock
 62
     0
100
AcDbLine
 10
-6.0
 20
36.0
 30
0.0
 11
-19.0
 21
38.0
 31
0.0
  0
LINE
  5
277
330
24F
100
AcDbEntity
  8
0
  6
ByBlock
 62
     0
100
AcDbLine
 10
0.0
 20
0.0
 30
0.0
 11
-1.800538701710053
 21
32.21023533249104
 31
0.0
  0
LINE
  5
278
330
24F
100
AcDbEntity
  8
0
  6
ByBlock
 62
     0
100
AcDbLine
 10
-202.3583226984786
 20
30.77627372837526
 30
0.0
 11
-203.0
 21
0.0
 31
0.0
  0
LINE
  5
279
330
24F
100
AcDbEntity
  8
0
  6
ByBlock
 62
     0
100
AcDbLine
 10
-141.4785635150375
 20
25.99050823744093
 30
0.0
 11
-144.2384572297352
 21
23.51708410018409
 31
0.0
  0
LINE
  5
27A
330
24F
100
AcDbEntity
  8
0
  6
ByBlock
 62
     0
100
AcDbLine
 10
-141.4785635150375
 20
25.99050823744093
 30
0.0
 11
-150.8292621156913
 21
32.29529891297625
 31
0.0
  0
LINE
  5
27B
330
24F
100
AcDbEntity
  8
0
  6
ByBlock
 62
     0
100
AcDbLine
 10
-134.0
 20
29.0
 30
0.0
 11
-113.0
 21
29.0
 31
0.0
  0
LINE
  5
27C
330
24F
100
AcDbEntity
  8
0
  6
ByBlock
 62
     0
100
AcDbLine
 10
-140.7876529542348
 20
34.89418078895639
 30
0.0
 11
-133.9646958569026
 21
29.22835006174683
 31
0.0
  0
LINE
  5
27D
330
24F
100
AcDbEntity
  8
0
  6
ByBlock
 62
     0
100
AcDbLine
 10
-113.230285371582
 20
35.4958212651449
 30
0.0
 11
-140.7876529542348
 21
34.89418078895639
 31
0.0
  0
LINE
  5
27E
330
24F
100
AcDbEntity
  8
0
  6
ByBlock
 62
     0
100
AcDbLine
 10
-113.0
 20
29.0
 30
0.0
 11
-113.230285371582
 21
35.4958212651449
 31
0.0
  0
LINE
  5
27F
330
24F
100
AcDbEntity
  8
0
  6
ByBlock
 62
     0
100
AcDbLine
 10
-109.1854506937335
 20
35.32717460437931
 30
0.0
 11
-75.90953375201803
 21
35.29661139291988
 31
0.0
  0
LINE
  5
280
330
24F
100
AcDbEntity
  8
0
  6
ByBlock
 62
     0
100
AcDbLine
 10
-109.4192008143811
 20
29.02341015451958
 30
0.0
 11
-109.1854506937335
 21
35.32717460437931
 31
0.0
  0
LINE
  5
281
330
24F
100
AcDbEntity
  8
0
  6
ByBlock
 62
     0
100
AcDbLine
 10
-90.0
 20
29.0
 30
0.0
 11
-109.4192008143811
 21
29.02341015451958
 31
0.0
  0
LINE
  5
282
330
24F
100
AcDbEntity
  8
0
  6
ByBlock
 62
     0
100
AcDbLine
 10
-76.44899518152403
 20
35.30111556670511
 30
0.0
 11
-90.0
 21
29.0
 31
0.0
  0
LINE
  5
283
330
24F
100
AcDbEntity
  8
0
  6
ByBlock
 62
     0
100
AcDbLine
 10
-72.14820204953873
 20
34.24408196339939
 30
0.0
 11
-85.91298867566854
 21
27.36559229907906
 31
0.0
  0
LINE
  5
284
330
24F
100
AcDbEntity
  8
0
  6
ByBlock
 62
     0
100
AcDbLine
 10
-210.0
 20
34.0
 30
0.0
 11
-211.0
 21
0.0
 31
0.0
  0
LINE
  5
285
330
24F
100
AcDbEntity
  8
0
  6
ByBlock
 62
     0
100
AcDbLine
 10
-58.25433526011559
 20
-21.76300578034682
 30
0.0
 11
-4.0
 21
-25.0
 31
0.0
  0
LINE
  5
286
330
24F
100
AcDbEntity
  8
0
  6
ByBlock
 62
     0
100
AcDbLine
 10
-58.25433526011559
 20
21.76300578034682
 30
0.0
 11
-4.0
 21
25.0
 31
0.0
  0
LINE
  5
287
330
24F
100
AcDbEntity
  8
0
  6
ByBlock
 62
     0
100
AcDbLine
 10
-5.0
 20
32.0
 30
0.0
 11
-4.0
 21
25.0
 31
0.0
  0
LINE
  5
288
330
24F
100
AcDbEntity
  8
0
  6
ByBlock
 62
     0
100
AcDbLine
 10
-4.0
 20
25.0
 30
0.0
 11
-3.0
 21
0.0
 31
0.0
  0
LINE
  5
289
330
24F
100
AcDbEntity
  8
0
  6
ByBlock
 62
     0
100
AcDbLine
 10
-3.0
 20
0.0
 30
0.0
 11
-26.0
 21
0.0
 31
0.0
  0
LINE
  5
28A
330
24F
100
AcDbEntity
  8
0
  6
ByBlock
 62
     0
100
AcDbLine
 10
-4.0
 20
-25.0
 30
0.0
 11
-3.0
 21
0.0
 31
0.0
  0
LINE
  5
28B
330
24F
100
AcDbEntity
  8
0
  6
ByBlock
 62
     0
100
AcDbLine
 10
-5.0
 20
-32.0
 30
0.0
 11
-4.0
 21
-25.0
 31
0.0
  0
LINE
  5
28C
330
24F
100
AcDbEntity
  8
0
  6
ByBlock
 62
     0
100
AcDbLine
 10
-58.0
 20
0.0
 30
0.0
 11
-58.0
 21
21.0
 31
0.0
  0
LINE
  5
28D
330
24F
100
AcDbEntity
  8
0
  6
ByBlock
 62
     0
100
AcDbLine
 10
-58.0
 20
0.0
 30
0.0
 11
-58.0
 21
-21.0
 31
0.0
  0
LINE
  5
28E
330
24F
100
AcDbEntity
  8
0
  6
ByBlock
 62
     0
100
AcDbLine
 10
-203.0
 20
38.0
 30
0.0
 11
-207.0
 21
37.0
 31
0.0
  0
LINE
  5
28F
330
24F
100
AcDbEntity
  8
0
  6
ByBlock
 62
     0
100
AcDbLine
 10
-207.0
 20
37.0
 30
0.0
 11
-210.0
 21
34.0
 31
0.0
  0
LINE
  5
290
330
24F
100
AcDbEntity
  8
0
  6
ByBlock
 62
     0
100
AcDbLine
 10
-210.0
 20
-34.0
 30
0.0
 11
-211.0
 21
0.0
 31
0.0
  0
LINE
  5
291
330
24F
100
AcDbEntity
  8
0
  6
ByBlock
 62
     0
100
AcDbLine
 10
-207.0
 20
-37.0
 30
0.0
 11
-210.0
 21
-34.0
 31
0.0
  0
LINE
  5
292
330
24F
100
AcDbEntity
  8
0
  6
ByBlock
 62
     0
100
AcDbLine
 10
-203.0
 20
-38.0
 30
0.0
 11
-207.0
 21
-37.0
 31
0.0
  0
LINE
  5
293
330
24F
100
AcDbEntity
  8
0
  6
ByBlock
 62
     0
100
AcDbLine
 10
-150.8292621156913
 20
32.29529891297625
 30
0.0
 11
-157.9025917651758
 21
27.29775296501558
 31
0.0
  0
LINE
  5
294
330
24F
100
AcDbEntity
  8
0
  6
ByBlock
 62
     0
100
AcDbLine
 10
-157.9025917651758
 20
27.29775296501558
 30
0.0
 11
-158.9257010679352
 21
24.08426978070003
 31
0.0
  0
LINE
  5
295
330
24F
100
AcDbEntity
  8
0
  6
ByBlock
 62
     0
100
AcDbLine
 10
-158.9257010679352
 20
24.08426978070003
 30
0.0
 11
-158.9257010679352
 21
-24.0
 31
0.0
  0
LINE
  5
296
330
24F
100
AcDbEntity
  8
0
  6
ByBlock
 62
     0
100
AcDbLine
 10
-157.9025917651758
 20
-27.29775296501558
 30
0.0
 11
-158.9257010679352
 21
-24.08426978070003
 31
0.0
  0
LINE
  5
297
330
24F
100
AcDbEntity
  8
0
  6
ByBlock
 62
     0
100
AcDbLine
 10
-150.8292621156913
 20
-32.29529891297625
 30
0.0
 11
-157.9025917651758
 21
-27.29775296501558
 31
0.0
  0
LINE
  5
298
330
24F
100
AcDbEntity
  8
0
  6
ByBlock
 62
     0
100
AcDbLine
 10
-202.3583226984786
 20
30.77627372837526
 30
0.0
 11
-152.0
 21
35.0
 31
0.0
  0
LINE
  5
299
330
24F
100
AcDbEntity
  8
0
  6
ByBlock
 62
     0
100
AcDbLine
 10
-202.3583226984786
 20
-30.6920039476752
 30
0.0
 11
-152.0
 21
-34.91573021929994
 31
0.0
  0
LINE
  5
29A
330
24F
100
AcDbEntity
  8
0
  6
ByBlock
 62
     0
100
AcDbLine
 10
-203.0
 20
-38.0
 30
0.0
 11
-204.0
 21
-34.0
 31
0.0
  0
LINE
  5
29B
330
24F
100
AcDbEntity
  8
0
  6
ByBlock
 62
     0
100
AcDbLine
 10
-204.0
 20
-34.0
 30
0.0
 11
-206.0
 21
-35.0
 31
0.0
  0
LINE
  5
29C
330
24F
100
AcDbEntity
  8
0
  6
ByBlock
 62
     0
100
AcDbLine
 10
-204.0
 20
34.08426978070004
 30
0.0
 11
-206.0
 21
35.08426978070004
 31
0.0
  0
LINE
  5
29D
330
24F
100
AcDbEntity
  8
0
  6
ByBlock
 62
     0
100
AcDbLine
 10
-203.0
 20
38.08426978070002
 30
0.0
 11
-204.0
 21
34.08426978070004
 31
0.0
  0
LINE
  5
29E
330
24F
100
AcDbEntity
  8
0
  6
ByBlock
 62
     0
100
AcDbLine
 10
-204.0
 20
-34.0
 30
0.0
 11
-204.0
 21
34.0
 31
0.0
  0
ENDBLK
  5
29F
330
24F
100
AcDbEntity
  8
0
100
AcDbBlockEnd
  0
ENDSEC
  0
SECTION
  2
ENTITIES
  0
LWPOLYLINE
  5
7AB
330
1F
100
AcDbEntity
  8
DASHED
 48
0.005
100
AcDbPolyline
 90
       61
 70
     0
 43
0.0
 10
47.48810717308574
 20
100.9981412968151
 10
39.11313654571072
 20
100.9981412968151
 10
39.11313654571072
 20
98.96353566019309
 10
29.398238761942
 20
98.96353566019218
 10
29.398238761942
 20
97.31283865208718
 10
25.82797868365364
 20
97.31283865208832
 10
25.82797868365342
 20
98.96353566019218
 10
16.80300805627743
 20
98.96376966939818
 10
16.80300805627794
 20
93.48376966939929
 10
15.45300805627752
 20
93.48376966939929
 10
15.45300805627633
 20
82.08376919996807
 10
32.65413801411515
 20
82.08314446587122
 10
32.65413801411515
 20
79.48317992193927
 10
31.411089288228
 20
79.48317992193927
 10
31.41108928822823
 20
76.43316820017332
 10
32.65413801411549
 20
76.43316820017332
 10
32.65413801411549
 20
72.78355892506204
 10
34.2831365457117
 20
72.78355892506112
 10
34.28313654570942
 20
69.52723318658934
 10
31.30413801411541
 20
69.52723318658934
 10
31.30413801411564
 20
61.99723318659006
 10
34.28313654570942
 20
61.99723318659233
 10
34.2831365457117
 20
58.74090744811736
 10
32.65587198400553
 20
58.74090744811736
 10
32.65587198400553
 20
55.09129817300607
 10
31.411089288228
 20
55.09129817300607
 10
31.411089288228
 20
52.04128645124127
 10
32.65413801411515
 20
52.04128645124127
 10
32.65413801411515
 20
49.44132190730819
 10
15.45300805627752
 20
49.44069717321225
 10
15.45300805627752
 20
38.04069670378011
 10
16.80300805627743
 20
38.04069670378011
 10
16.80300805627743
 20
32.56069670378123
 10
25.82797868365364
 20
32.56069670378123
 10
25.82797868365364
 20
34.21162772109245
 10
29.39823876194223
 20
34.21162772109245
 10
29.398238761942
 20
32.56093071298722
 10
39.11313654571072
 20
32.56093071298722
 10
39.11313654571072
 20
30.5263250763643
 10
47.48810717308574
 20
30.5263250763643
 10
47.48810717308574
 20
36.00632507636432
 10
48.83810717308543
 20
36.00632507636432
 10
48.83810717308446
 20
46.2909311824202
 10
47.48810717308467
 20
46.2909311824202
 10
47.4881071730845
 20
49.52093118241931
 10
43.54313654570998
 20
49.52093118241931
 10
43.5431365457105
 20
58.74090744811736
 10
41.29313654571049
 20
58.74090744811736
 10
41.29313654571101
 20
61.99691337383718
 10
42.19313654571064
 20
61.99691337383718
 10
42.1931365457095
 20
69.52755299934222
 10
41.29313654571032
 20
69.52755299934222
 10
41.29313654571015
 20
72.78355892506204
 10
43.54313654570964
 20
72.78355892506204
 10
43.54313654570873
 20
82.00353519076008
 10
47.48810717308574
 20
82.00353519076008
 10
47.48810717308598
 20
85.2335351907592
 10
48.83810717308543
 20
85.2335351907592
 10
48.83810717308543
 20
95.51814129681622
 10
47.48810717308574
 20
95.51814129681508
 10
47.48810717308574
 20
100.9981412968151
  0
LWPOLYLINE
  5
7AC
330
1F
100
AcDbEntity
  8
DASHED
 48
0.005
100
AcDbPolyline
 90
       61
 70
     0
 43
0.0
 10
77.48810717308614
 20
100.9981412968151
 10
85.86307780046112
 20
100.9981412968151
 10
85.86307780046112
 20
98.96353566019309
 10
95.57797558422985
 20
98.96353566019218
 10
95.57797558422985
 20
97.31283865208718
 10
99.14823566251815
 20
97.31283865208832
 10
99.14823566251849
 20
98.96353566019218
 10
108.1732062898944
 20
98.96376966939818
 10
108.1732062898939
 20
93.48376966939929
 10
109.5232062898944
 20
93.48376966939929
 10
109.5232062898955
 20
82.08376919996807
 10
92.32207633205669
 20
82.08314446587122
 10
92.32207633205669
 20
79.48317992193927
 10
93.56512505794379
 20
79.48317992193927
 10
93.56512505794361
 20
76.43316820017332
 10
92.32207633205636
 20
76.43316820017332
 10
92.32207633205636
 20
72.78355892506204
 10
90.69307780046015
 20
72.78355892506112
 10
90.69307780046248
 20
69.52723318658934
 10
93.67207633205643
 20
69.52723318658934
 10
93.67207633205621
 20
61.99723318659006
 10
90.69307780046248
 20
61.99723318659233
 10
90.69307780046015
 20
58.74090744811736
 10
92.32034236216632
 20
58.74090744811736
 10
92.32034236216632
 20
55.09129817300607
 10
93.56512505794379
 20
55.09129817300607
 10
93.56512505794379
 20
52.04128645124127
 10
92.32207633205669
 20
52.04128645124127
 10
92.32207633205669
 20
49.44132190730819
 10
109.5232062898944
 20
49.44069717321225
 10
109.5232062898944
 20
38.04069670378011
 10
108.1732062898944
 20
38.04069670378011
 10
108.1732062898944
 20
32.56069670378123
 10
99.14823566251815
 20
32.56069670378123
 10
99.14823566251815
 20
34.21162772109245
 10
95.57797558422961
 20
34.21162772109245
 10
95.57797558422985
 20
32.56093071298722
 10
85.86307780046112
 20
32.56093071298722
 10
85.86307780046112
 20
30.5263250763643
 10
77.48810717308614
 20
30.5263250763643
 10
77.48810717308614
 20
36.00632507636432
 10
76.13810717308647
 20
36.00632507636432
 10
76.13810717308732
 20
46.2909311824202
 10
77.488107173087
 20
46.2909311824202
 10
77.48810717308734
 20
49.52093118241931
 10
81.43307780046169
 20
49.52093118241931
 10
81.43307780046134
 20
58.74090744811736
 10
83.68307780046135
 20
58.74090744811736
 10
83.68307780046084
 20
61.99691337383718
 10
82.7830778004612
 20
61.99691337383718
 10
82.78307780046233
 20
69.52755299934222
 10
83.68307780046151
 20
69.52755299934222
 10
83.68307780046169
 20
72.78355892506204
 10
81.43307780046219
 20
72.78355892506204
 10
81.43307780046317
 20
82.00353519076008
 10
77.48810717308614
 20
82.00353519076008
 10
77.48810717308598
 20
85.2335351907592
 10
76.13810717308647
 20
85.2335351907592
 10
76.13810717308647
 20
95.51814129681622
 10
77.48810717308614
 20
95.51814129681508
 10
77.48810717308614
 20
100.9981412968151
  0
LINE
  5
7AD
330
1F
100
AcDbEntity
  8
ROAD
100
AcDbLine
 10
105.4788493405578
 20
107.4481414431433
 30
0.0
 11
19.50865110694102
 21
107.4481414431433
 31
0.0
  0
LINE
  5
7AE
330
1F
100
AcDbEntity
  8
ROAD
100
AcDbLine
 10
118.4788493405577
 20
114.4481414431433
 30
0.0
 11
70.04375022374964
 21
114.4481414431433
 31
0.0
  0
ARC
  5
7AF
330
1F
100
AcDbEntity
  8
ROAD
100
AcDbCircle
 10
70.04375022374964
 20
118.9481414431433
 30
0.0
 40
4.5
100
AcDbArc
 50
180.0
 51
270.0
  0
LINE
  5
7B0
330
1F
100
AcDbEntity
  8
ROAD
100
AcDbLine
 10
120.4788493405577
 20
116.4481414431433
 30
0.0
 11
71.54375022374964
 21
116.4481414431433
 31
0.0
  0
ARC
  5
7B1
330
1F
100
AcDbEntity
  8
ROAD
100
AcDbCircle
 10
71.54375022374964
 20
120.9481414431433
 30
0.0
 40
4.5
100
AcDbArc
 50
180.0
 51
270.0
  0
ARC
  5
7B2
330
1F
100
AcDbEntity
  8
elev 1
100
AcDbCircle
 10
120.4788493405577
 20
111.9481414431433
 30
0.0
 40
4.5
100
AcDbArc
 50
0.0
 51
90.0
  0
LINE
  5
7B3
330
1F
100
AcDbEntity
  8
ROAD
100
AcDbLine
 10
111.4788493405578
 20
30.07632522269217
 30
0.0
 11
19.50865110694119
 21
30.07632522269217
 31
0.0
  0
LINE
  5
7B4
330
1F
100
AcDbEntity
  8
ROAD
100
AcDbLine
 10
65.54375022374964
 20
118.9481414431433
 30
0.0
 11
65.54375022374964
 21
131.5850270137342
 31
0.0
  0
LINE
  5
7B5
330
1F
100
AcDbEntity
  8
ROAD
100
AcDbLine
 10
67.04375022374964
 20
120.9481414431433
 30
0.0
 11
67.04375022374964
 21
131.6642961919011
 31
0.0
  0
LWPOLYLINE
  5
7B6
330
1F
100
AcDbEntity
  8
col
100
AcDbPolyline
 90
        4
 70
     1
 43
0.0
 10
47.48810717308495
 20
45.84093118242015
 10
47.48810717308495
 20
46.2909311824202
 10
47.25810717308482
 20
46.2909311824202
 10
47.25810717308471
 20
45.84093118242015
  0
LWPOLYLINE
  5
7B7
330
1F
100
AcDbEntity
  8
col
100
AcDbPolyline
 90
        4
 70
     1
 43
0.0
 10
42.19313654571002
 20
54.94093118242029
 10
42.19313654571002
 20
55.39093118242034
 10
41.96313654571016
 20
55.39093118242034
 10
41.96313654571016
 20
54.94093118241938
  0
LWPOLYLINE
  5
7B8
330
1F
100
AcDbEntity
  8
col
100
AcDbPolyline
 90
        4
 70
     1
 43
0.0
 10
47.48810717308574
 20
41.04093118241929
 10
47.48810717308574
 20
41.49093118241934
 10
47.25810717308561
 20
41.49093118241934
 10
47.25810717308561
 20
41.04093118241929
  0
LWPOLYLINE
  5
7B9
330
1F
100
AcDbEntity
  8
col
100
AcDbPolyline
 90
        4
 70
     1
 43
0.0
 10
47.48810717308574
 20
36.00632507636432
 10
47.48810717308574
 20
36.45632507636436
 10
47.25810717308561
 20
36.45632507636436
 10
47.25810717308585
 20
36.00632507636432
  0
LWPOLYLINE
  5
7BA
330
1F
100
AcDbEntity
  8
col
100
AcDbPolyline
 90
        4
 70
     1
 43
0.0
 10
42.19313654570979
 20
36.00632507636432
 10
42.19313654570979
 20
36.45632507636436
 10
41.96313654570983
 20
36.45632507636436
 10
41.96313654570983
 20
36.00632507636432
  0
LWPOLYLINE
  5
7BB
330
1F
100
AcDbEntity
  8
col
100
AcDbPolyline
 90
        4
 70
     1
 43
0.0
 10
42.19313654571002
 20
41.04093118241929
 10
42.19313654571002
 20
41.49093118241934
 10
41.96313654570994
 20
41.49093118241934
 10
41.96313654571
 20
41.04093118241929
  0
LWPOLYLINE
  5
7BC
330
1F
100
AcDbEntity
  8
col
100
AcDbPolyline
 90
        4
 70
     1
 43
0.0
 10
41.74313654571048
 20
44.64093118242034
 10
42.19313654571053
 20
44.64093118242034
 10
42.19313654571047
 20
44.41093118242032
 10
41.74313654571048
 20
44.41093118242032
  0
LWPOLYLINE
  5
7BD
330
1F
100
AcDbEntity
  8
col
100
AcDbPolyline
 90
        4
 70
     1
 43
0.0
 10
37.73313654570998
 20
55.1709311824194
 10
37.28313654571
 20
55.1709311824194
 10
37.28313654571016
 20
54.94093118241938
 10
37.73313654571021
 20
54.94093118242029
  0
LWPOLYLINE
  5
7BE
330
1F
100
AcDbEntity
  8
col
100
AcDbPolyline
 90
        4
 70
     1
 43
0.0
 10
42.19313654571064
 20
62.44691337383723
 10
42.19313654571064
 20
61.99691337383718
 10
41.96313654571051
 20
61.99691337383718
 10
41.96313654571051
 20
62.44691337383723
  0
LWPOLYLINE
  5
7BF
330
1F
100
AcDbEntity
  8
col
100
AcDbPolyline
 90
        4
 70
     1
 43
0.0
 10
37.51313654569984
 20
62.44691337383723
 10
37.51313654569984
 20
61.99691337383809
 10
37.28313654569971
 20
61.99691337383718
 10
37.28313654569999
 20
62.44691337383723
  0
LWPOLYLINE
  5
7C0
330
1F
100
AcDbEntity
  8
col
100
AcDbPolyline
 90
        4
 70
     1
 43
0.0
 10
16.80300805627743
 20
32.56069670378123
 10
16.80300805627743
 20
33.01069670378127
 10
17.03300805627745
 20
33.01069670378127
 10
17.03300805627745
 20
32.56069670378123
  0
LWPOLYLINE
  5
7C1
330
1F
100
AcDbEntity
  8
col
100
AcDbPolyline
 90
        4
 70
     1
 43
0.0
 10
16.80300805627743
 20
41.26083785787307
 10
16.80300805627743
 20
41.71083785787312
 10
17.03300805627745
 20
41.71083785787312
 10
17.03300805627745
 20
41.26083785787307
  0
LWPOLYLINE
  5
7C2
330
1F
100
AcDbEntity
  8
col
100
AcDbPolyline
 90
        4
 70
     1
 43
0.0
 10
16.80300805627743
 20
36.00609106715809
 10
16.80300805627743
 20
36.45609106715813
 10
17.03300805627745
 20
36.45609106715813
 10
17.03300805627745
 20
36.00609106715809
  0
LWPOLYLINE
  5
7C3
330
1F
100
AcDbEntity
  8
col
100
AcDbPolyline
 90
        4
 70
     1
 43
0.0
 10
42.19313654571064
 20
65.87691337383614
 10
42.19313654571064
 20
65.42691337383724
 10
41.96313654571051
 20
65.42691337383724
 10
41.96313654571051
 20
65.87691337383614
  0
LWPOLYLINE
  5
7C4
330
1F
100
AcDbEntity
  8
col
100
AcDbPolyline
 90
        4
 70
     1
 43
0.0
 10
37.51313654569995
 20
65.87691337383614
 10
37.51313654569995
 20
65.42691337383724
 10
37.28313654569999
 20
65.42691337383724
 10
37.28313654569971
 20
65.87691337383614
  0
LWPOLYLINE
  5
7C5
330
1F
100
AcDbEntity
  8
col
100
AcDbPolyline
 90
        4
 70
     1
 43
0.0
 10
32.88587198400589
 20
65.87723318659016
 10
32.88587198400589
 20
65.42723318659011
 10
32.65587198400593
 20
65.42723318659011
 10
32.65587198400593
 20
65.87723318659016
  0
LWPOLYLINE
  5
7C6
330
1F
100
AcDbEntity
  8
col
100
AcDbPolyline
 90
        4
 70
     1
 43
0.0
 10
42.19313654570967
 20
58.29090744812027
 10
42.19313654570962
 20
58.74090744812032
 10
41.96313654570971
 20
58.74090744812032
 10
41.9631365457096
 20
58.29090744812027
  0
LWPOLYLINE
  5
7C7
330
1F
100
AcDbEntity
  8
col
100
AcDbPolyline
 90
        4
 70
     1
 43
0.0
 10
37.51313654571001
 20
58.29090744812027
 10
37.51313654571018
 20
58.74090744812032
 10
37.28313654571016
 20
58.74090744812032
 10
37.28313654571016
 20
58.29090744812027
  0
LWPOLYLINE
  5
7C8
330
1F
100
AcDbEntity
  8
col
100
AcDbPolyline
 90
        4
 70
     1
 43
0.0
 10
37.7741380030233
 20
49.44093118241938
 10
37.32413800302314
 20
49.44093118241938
 10
37.32413800302314
 20
49.21093118241937
 10
37.7741380030233
 20
49.21093118241937
  0
LWPOLYLINE
  5
7C9
330
1F
100
AcDbEntity
  8
col
100
AcDbPolyline
 90
        4
 70
     1
 43
0.0
 10
42.19313654570979
 20
46.14093118242034
 10
42.19313654571002
 20
46.59093118242015
 10
41.96313654570994
 20
46.59093118242015
 10
41.96313654570994
 20
46.14093118242034
  0
LWPOLYLINE
  5
7CA
330
1F
100
AcDbEntity
  8
col
100
AcDbPolyline
 90
        4
 70
     1
 43
0.0
 10
38.78313654571068
 20
46.14093118242124
 10
38.78313654571068
 20
46.59093118242107
 10
38.55313654571066
 20
46.59093118242107
 10
38.55313654571066
 20
46.14093118242124
  0
LWPOLYLINE
  5
7CB
330
1F
100
AcDbEntity
  8
col
100
AcDbPolyline
 90
        4
 70
     1
 43
0.0
 10
42.19313654570979
 20
30.75632507636522
 10
41.7431365457098
 20
30.75632507636522
 10
41.74313654570997
 20
30.5263250763643
 10
42.19313654570979
 20
30.5263250763643
  0
LWPOLYLINE
  5
7CC
330
1F
100
AcDbEntity
  8
col
100
AcDbPolyline
 90
        4
 70
     1
 43
0.0
 10
37.46313654571364
 20
36.00632507636432
 10
37.46313654571364
 20
36.45632507636436
 10
37.23313654571374
 20
36.45632507636436
 10
37.23313654571374
 20
36.00632507636432
  0
LWPOLYLINE
  5
7CD
330
1F
100
AcDbEntity
  8
col
100
AcDbPolyline
 90
        4
 70
     1
 43
0.0
 10
37.46313654571398
 20
41.04093118241929
 10
37.46313654571381
 20
41.49093118241934
 10
37.23313654571396
 20
41.49093118241934
 10
37.23313654571396
 20
41.04093118241929
  0
LWPOLYLINE
  5
7CE
330
1F
100
AcDbEntity
  8
col
100
AcDbPolyline
 90
        4
 70
     1
 43
0.0
 10
33.53320842347463
 20
41.49093118242024
 10
33.08320844546225
 20
41.49107185584138
 10
33.08313654571376
 20
41.26107186707907
 10
33.53313652372603
 20
41.26093119365839
  0
LWPOLYLINE
  5
7CF
330
1F
100
AcDbEntity
  8
col
100
AcDbPolyline
 90
        4
 70
     1
 43
0.0
 10
33.31313654571372
 20
36.00632507636432
 10
33.3131365457136
 20
36.45632507636436
 10
33.08313654571364
 20
36.45632507636436
 10
33.08313654571364
 20
36.00632507636432
  0
LWPOLYLINE
  5
7D0
330
1F
100
AcDbEntity
  8
col
100
AcDbPolyline
 90
        4
 70
     1
 43
0.0
 10
37.46313654571319
 20
32.56093071298631
 10
37.4631365457133
 20
33.01093071298636
 10
37.23313654571334
 20
33.01093071298636
 10
37.23313654571323
 20
32.56093071298631
  0
LWPOLYLINE
  5
7D1
330
1F
100
AcDbEntity
  8
col
100
AcDbPolyline
 90
        4
 70
     1
 43
0.0
 10
33.31313654571332
 20
32.56093071298722
 10
33.31313654571332
 20
33.01093071298727
 10
33.08313654571325
 20
33.01093071298727
 10
33.08313654571325
 20
32.56093071298722
  0
LWPOLYLINE
  5
7D2
330
1F
100
AcDbEntity
  8
col
100
AcDbPolyline
 90
        4
 70
     1
 43
0.0
 10
29.84823873995501
 20
41.49093118242024
 10
29.39823876194239
 20
41.49107185584138
 10
29.39816686219385
 20
41.26107186707907
 10
29.84816684020652
 20
41.26093119365839
  0
LWPOLYLINE
  5
7D3
330
1F
100
AcDbEntity
  8
col
100
AcDbPolyline
 90
        4
 70
     1
 43
0.0
 10
29.62823876194241
 20
36.00632507636432
 10
29.62823876194241
 20
36.45632507636436
 10
29.39823876194239
 20
36.45632507636436
 10
29.39823876194239
 20
36.00632507636432
  0
LWPOLYLINE
  5
7D4
330
1F
100
AcDbEntity
  8
col
100
AcDbPolyline
 90
        4
 70
     1
 43
0.0
 10
29.62823876194213
 20
32.56093071298722
 10
29.62823876194213
 20
33.01093071298727
 10
29.39823876194217
 20
33.01093071298727
 10
29.39823876194217
 20
32.56093071298722
  0
LWPOLYLINE
  5
7D5
330
1F
100
AcDbEntity
  8
col
100
AcDbPolyline
 90
        4
 70
     1
 43
0.0
 10
26.0479786616663
 20
41.49069717321425
 10
25.59797868365391
 20
41.49083784663537
 10
25.59790678390541
 20
41.26083785787307
 10
26.04790676191792
 20
41.26069718445218
  0
LWPOLYLINE
  5
7D6
330
1F
100
AcDbEntity
  8
col
100
AcDbPolyline
 90
        4
 70
     1
 43
0.0
 10
25.82797868365393
 20
36.00609106715809
 10
25.82797868365393
 20
36.45609106715813
 10
25.59797868365391
 20
36.45609106715813
 10
25.59797868365385
 20
36.00609106715809
  0
LWPOLYLINE
  5
7D7
330
1F
100
AcDbEntity
  8
col
100
AcDbPolyline
 90
        4
 70
     1
 43
0.0
 10
25.82797868365364
 20
32.56069670378123
 10
25.82797868365364
 20
33.01069670378127
 10
25.59797868365351
 20
33.01069670378127
 10
25.59797868365368
 20
32.56069670378123
  0
LWPOLYLINE
  5
7D8
330
1F
100
AcDbEntity
  8
col
100
AcDbPolyline
 90
        4
 70
     1
 43
0.0
 10
22.54797866166573
 20
41.49069717321425
 10
22.09797868365334
 20
41.49083784663537
 10
22.0979067839049
 20
41.26083785787307
 10
22.54790676191735
 20
41.26069718445218
  0
LWPOLYLINE
  5
7D9
330
1F
100
AcDbEntity
  8
col
100
AcDbPolyline
 90
        4
 70
     1
 43
0.0
 10
22.54797868365333
 20
36.45609106715813
 10
22.09797868365345
 20
36.45609106715813
 10
22.09797868365334
 20
36.22609106715812
 10
22.54797868365333
 20
36.22609106715812
  0
LWPOLYLINE
  5
7DA
330
1F
100
AcDbEntity
  8
col
100
AcDbPolyline
 90
        4
 70
     1
 43
0.0
 10
22.55297868365298
 20
32.79069670378124
 10
22.10297868365294
 20
32.79069670378124
 10
22.10297868365294
 20
32.56069670378123
 10
22.55297868365298
 20
32.56069670378123
  0
LWPOLYLINE
  5
7DB
330
1F
100
AcDbEntity
  8
col
100
AcDbPolyline
 90
        4
 70
     1
 43
0.0
 10
31.86108939382044
 20
49.44093118241938
 10
31.411089415808
 20
49.44107185584028
 10
31.4110175160595
 20
49.21107186707821
 10
31.861017494072
 20
49.21093119365708
  0
LWPOLYLINE
  5
7DC
330
1F
100
AcDbEntity
  8
col
100
AcDbPolyline
 90
        4
 70
     1
 43
0.0
 10
31.63108940505916
 20
45.80322993741322
 10
31.63094873163831
 20
45.35322995940112
 10
31.86094872040005
 20
45.3531580596524
 10
31.86108939382095
 20
45.80315803766406
  0
LWPOLYLINE
  5
7DD
330
1F
100
AcDbEntity
  8
col
100
AcDbPolyline
 90
        4
 70
     1
 43
0.0
 10
16.80300805627743
 20
45.58292406168323
 10
16.80300805627732
 20
46.03292406168328
 10
17.03300805627734
 20
46.03292406168328
 10
17.03300805627745
 20
45.58292406168323
  0
LWPOLYLINE
  5
7DE
330
1F
100
AcDbEntity
  8
col
100
AcDbPolyline
 90
        4
 70
     1
 43
0.0
 10
22.54797866166573
 20
45.58278338826233
 10
22.09797868365334
 20
45.58292406168323
 10
22.09790678390479
 20
45.35292407292138
 10
22.54790676191735
 20
45.35278339950026
  0
LWPOLYLINE
  5
7DF
330
1F
100
AcDbEntity
  8
col
100
AcDbPolyline
 90
        4
 70
     1
 43
0.0
 10
16.80300805627749
 20
48.99069718445037
 10
16.80300805627749
 20
49.44069718445019
 10
17.03300805627751
 20
49.44069718445019
 10
17.03300805627751
 20
48.99069718445037
  0
LWPOLYLINE
  5
7E0
330
1F
100
AcDbEntity
  8
col
100
AcDbPolyline
 90
        4
 70
     1
 43
0.0
 10
22.54797866166584
 20
49.44055651102929
 10
22.09797868365345
 20
49.44069718445019
 10
22.0979067839049
 20
49.21069719568812
 10
22.54790676191723
 20
49.21055652226744
  0
LWPOLYLINE
  5
7E1
330
1F
100
AcDbEntity
  8
col
100
AcDbPolyline
 90
        4
 70
     1
 43
0.0
 10
26.04805056141484
 20
49.44055648855295
 10
25.59805058340223
 20
49.44069716197317
 10
25.59797868365374
 20
49.21069717321223
 10
26.04797866166618
 20
49.2105564997911
  0
LWPOLYLINE
  5
7E2
330
1F
100
AcDbEntity
  8
col
100
AcDbPolyline
 90
        4
 70
     1
 43
0.0
 10
26.04805056141484
 20
45.58278336578622
 10
25.59805058340223
 20
45.58292403920712
 10
25.59797868365374
 20
45.35292405044504
 10
26.0479786616663
 20
45.35278337702323
  0
LWPOLYLINE
  5
7E3
330
1F
100
AcDbEntity
  8
col
100
AcDbPolyline
 90
        4
 70
     1
 43
0.0
 10
47.48810717308574
 20
49.07093118242017
 10
47.48810717308574
 20
49.52093118241931
 10
47.25810717308585
 20
49.52093118241931
 10
47.25810717308561
 20
49.07093118242017
  0
LWPOLYLINE
  5
7E4
330
1F
100
AcDbEntity
  8
col
100
AcDbPolyline
 90
        4
 70
     1
 43
0.0
 10
42.19313654570945
 20
49.52093118241931
 10
41.74313654570911
 20
49.52093118241931
 10
41.74313654570911
 20
49.29093118241929
 10
42.19313654570945
 20
49.29093118241929
  0
LWPOLYLINE
  5
7E5
330
1F
100
AcDbEntity
  8
col
100
AcDbPolyline
 90
        4
 70
     1
 43
0.0
 10
38.78306511725916
 20
49.21089548089401
 10
38.78313654571102
 20
49.44089546980206
 10
38.55313655680217
 20
49.44096689825517
 10
38.55306512835037
 20
49.21096690934621
  0
LWPOLYLINE
  5
7E6
330
1F
100
AcDbEntity
  8
col
100
AcDbPolyline
 90
        4
 70
     1
 43
0.0
 10
32.88413801411534
 20
54.94132190730909
 10
32.88413801411534
 20
55.39132190730914
 10
32.65413801411549
 20
55.39132190730914
 10
32.65413801411549
 20
54.94132190730909
  0
LWPOLYLINE
  5
7E7
330
1F
100
AcDbEntity
  8
col
100
AcDbPolyline
 90
        4
 70
     1
 43
0.0
 10
32.88587198400566
 20
58.29090744811732
 10
32.88587198400589
 20
58.74090744811736
 10
32.65587198400576
 20
58.74090744811736
 10
32.65587198400576
 20
58.29090744811732
  0
LWPOLYLINE
  5
7E8
330
1F
100
AcDbEntity
  8
col
100
AcDbPolyline
 90
        4
 70
     1
 43
0.0
 10
32.88587198399964
 20
62.44691337387315
 10
32.88587198399964
 20
61.9969133738731
 10
32.65587198399968
 20
61.9969133738731
 10
32.65587198399973
 20
62.44691337387315
  0
LWPOLYLINE
  5
7E9
330
1F
100
AcDbEntity
  8
col
100
AcDbPolyline
 90
        4
 70
     1
 43
0.0
 10
47.48810717308495
 20
85.68353519075925
 10
47.48810717308495
 20
85.2335351907592
 10
47.25810717308482
 20
85.2335351907592
 10
47.25810717308471
 20
85.68353519075925
  0
LWPOLYLINE
  5
7EA
330
1F
100
AcDbEntity
  8
col
100
AcDbPolyline
 90
        4
 70
     1
 43
0.0
 10
42.19313654571002
 20
76.58353519076001
 10
42.19313654571002
 20
76.13353519075906
 10
41.96313654571016
 20
76.13353519075906
 10
41.96313654571016
 20
76.58353519076001
  0
LWPOLYLINE
  5
7EB
330
1F
100
AcDbEntity
  8
col
100
AcDbPolyline
 90
        4
 70
     1
 43
0.0
 10
47.48810717308574
 20
90.48353519076124
 10
47.48810717308574
 20
90.03353519076119
 10
47.25810717308561
 20
90.03353519076119
 10
47.25810717308561
 20
90.48353519076124
  0
LWPOLYLINE
  5
7EC
330
1F
100
AcDbEntity
  8
col
100
AcDbPolyline
 90
        4
 70
     1
 43
0.0
 10
47.48810717308574
 20
95.51814129681622
 10
47.48810717308574
 20
95.06814129681504
 10
47.25810717308561
 20
95.06814129681504
 10
47.25810717308585
 20
95.51814129681622
  0
LWPOLYLINE
  5
7ED
330
1F
100
AcDbEntity
  8
col
100
AcDbPolyline
 90
        4
 70
     1
 43
0.0
 10
42.19313654570979
 20
95.51814129681622
 10
42.19313654570979
 20
95.06814129681504
 10
41.96313654570983
 20
95.06814129681504
 10
41.96313654570983
 20
95.51814129681622
  0
LWPOLYLINE
  5
7EE
330
1F
100
AcDbEntity
  8
col
100
AcDbPolyline
 90
        4
 70
     1
 43
0.0
 10
42.19313654571002
 20
90.48353519076011
 10
42.19313654571002
 20
90.03353519076005
 10
41.96313654570994
 20
90.03353519076005
 10
41.96313654571
 20
90.48353519076011
  0
LWPOLYLINE
  5
7EF
330
1F
100
AcDbEntity
  8
col
100
AcDbPolyline
 90
        4
 70
     1
 43
0.0
 10
41.74313654571048
 20
86.88353519075997
 10
42.19313654571053
 20
86.88353519075997
 10
42.19313654571047
 20
87.11353519075998
 10
41.74313654571048
 20
87.11353519075998
  0
LWPOLYLINE
  5
7F0
330
1F
100
AcDbEntity
  8
col
100
AcDbPolyline
 90
        4
 70
     1
 43
0.0
 10
37.73313654570998
 20
76.35353519076
 10
37.28313654571
 20
76.35353519076
 10
37.28313654571016
 20
76.58353519076001
 10
37.73313654571021
 20
76.58353519076001
  0
LWPOLYLINE
  5
7F1
330
1F
100
AcDbEntity
  8
col
100
AcDbPolyline
 90
        4
 70
     1
 43
0.0
 10
42.19313654571064
 20
69.07755299934308
 10
42.19313654571064
 20
69.52755299934222
 10
41.96313654571051
 20
69.52755299934222
 10
41.96313654571051
 20
69.07755299934308
  0
LWPOLYLINE
  5
7F2
330
1F
100
AcDbEntity
  8
col
100
AcDbPolyline
 90
        4
 70
     1
 43
0.0
 10
37.51313654569984
 20
69.07755299934217
 10
37.51313654569984
 20
69.52755299934222
 10
37.28313654569971
 20
69.52755299934222
 10
37.28313654569999
 20
69.07755299934217
  0
LWPOLYLINE
  5
7F3
330
1F
100
AcDbEntity
  8
col
100
AcDbPolyline
 90
        4
 70
     1
 43
0.0
 10
16.80300805627743
 20
98.96376966939818
 10
16.80300805627743
 20
98.51376966939813
 10
17.03300805627745
 20
98.51376966939813
 10
17.03300805627745
 20
98.96376966939818
  0
LWPOLYLINE
  5
7F4
330
1F
100
AcDbEntity
  8
col
100
AcDbPolyline
 90
        4
 70
     1
 43
0.0
 10
16.80300805627743
 20
90.26362851530633
 10
16.80300805627743
 20
89.81362851530628
 10
17.03300805627745
 20
89.81362851530628
 10
17.03300805627745
 20
90.26362851530633
  0
LWPOLYLINE
  5
7F5
330
1F
100
AcDbEntity
  8
col
100
AcDbPolyline
 90
        4
 70
     1
 43
0.0
 10
16.80300805627743
 20
95.51837530602222
 10
16.80300805627743
 20
95.06837530602126
 10
17.03300805627745
 20
95.06837530602126
 10
17.03300805627745
 20
95.51837530602222
  0
LWPOLYLINE
  5
7F6
330
1F
100
AcDbEntity
  8
col
100
AcDbPolyline
 90
        4
 70
     1
 43
0.0
 10
42.19313654570967
 20
73.23355892505913
 10
42.19313654570962
 20
72.78355892505908
 10
41.96313654570971
 20
72.78355892505908
 10
41.9631365457096
 20
73.23355892505913
  0
LWPOLYLINE
  5
7F7
330
1F
100
AcDbEntity
  8
col
100
AcDbPolyline
 90
        4
 70
     1
 43
0.0
 10
37.51313654571001
 20
73.23355892505913
 10
37.51313654571018
 20
72.78355892505908
 10
37.28313654571016
 20
72.78355892505908
 10
37.28313654571016
 20
73.23355892505913
  0
LWPOLYLINE
  5
7F8
330
1F
100
AcDbEntity
  8
col
100
AcDbPolyline
 90
        4
 70
     1
 43
0.0
 10
37.7741380030233
 20
82.08353519076002
 10
37.32413800302314
 20
82.08353519076002
 10
37.32413800302314
 20
82.31353519076003
 10
37.7741380030233
 20
82.31353519076003
  0
LWPOLYLINE
  5
7F9
330
1F
100
AcDbEntity
  8
col
100
AcDbPolyline
 90
        4
 70
     1
 43
0.0
 10
42.19313654570979
 20
85.38353519075997
 10
42.19313654571002
 20
84.93353519076014
 10
41.96313654570994
 20
84.93353519076014
 10
41.96313654570994
 20
85.38353519075997
  0
LWPOLYLINE
  5
7FA
330
1F
100
AcDbEntity
  8
col
100
AcDbPolyline
 90
        4
 70
     1
 43
0.0
 10
38.78313654571068
 20
85.38353519075906
 10
38.78313654571068
 20
84.93353519075833
 10
38.55313654571066
 20
84.93353519075833
 10
38.55313654571066
 20
85.38353519075906
  0
LWPOLYLINE
  5
7FB
330
1F
100
AcDbEntity
  8
col
100
AcDbPolyline
 90
        4
 70
     1
 43
0.0
 10
42.19313654570979
 20
100.7681412968151
 10
41.7431365457098
 20
100.7681412968151
 10
41.74313654570997
 20
100.9981412968151
 10
42.19313654570979
 20
100.9981412968151
  0
LWPOLYLINE
  5
7FC
330
1F
100
AcDbEntity
  8
col
100
AcDbPolyline
 90
        4
 70
     1
 43
0.0
 10
37.46313654571364
 20
95.51814129681622
 10
37.46313654571364
 20
95.06814129681504
 10
37.23313654571374
 20
95.06814129681504
 10
37.23313654571374
 20
95.51814129681622
  0
LWPOLYLINE
  5
7FD
330
1F
100
AcDbEntity
  8
col
100
AcDbPolyline
 90
        4
 70
     1
 43
0.0
 10
37.46313654571398
 20
90.48353519076011
 10
37.46313654571381
 20
90.03353519076005
 10
37.23313654571396
 20
90.03353519076005
 10
37.23313654571396
 20
90.48353519076011
  0
LWPOLYLINE
  5
7FE
330
1F
100
AcDbEntity
  8
col
100
AcDbPolyline
 90
        4
 70
     1
 43
0.0
 10
33.53320842347463
 20
90.03353519075915
 10
33.08320844546225
 20
90.03339451733825
 10
33.08313654571376
 20
90.26339450610009
 10
33.53313652372603
 20
90.26353517952101
  0
LWPOLYLINE
  5
7FF
330
1F
100
AcDbEntity
  8
col
100
AcDbPolyline
 90
        4
 70
     1
 43
0.0
 10
33.31313654571372
 20
95.51814129681622
 10
33.3131365457136
 20
95.06814129681504
 10
33.08313654571364
 20
95.06814129681504
 10
33.08313654571364
 20
95.51814129681622
  0
LWPOLYLINE
  5
800
330
1F
100
AcDbEntity
  8
col
100
AcDbPolyline
 90
        4
 70
     1
 43
0.0
 10
37.46313654571319
 20
98.96353566019309
 10
37.4631365457133
 20
98.51353566019305
 10
37.23313654571334
 20
98.51353566019305
 10
37.23313654571323
 20
98.96353566019309
  0
LWPOLYLINE
  5
801
330
1F
100
AcDbEntity
  8
col
100
AcDbPolyline
 90
        4
 70
     1
 43
0.0
 10
33.31313654571332
 20
98.96353566019309
 10
33.31313654571332
 20
98.51353566019305
 10
33.08313654571325
 20
98.51353566019305
 10
33.08313654571325
 20
98.96353566019309
  0
LWPOLYLINE
  5
802
330
1F
100
AcDbEntity
  8
col
100
AcDbPolyline
 90
        4
 70
     1
 43
0.0
 10
29.84823873995501
 20
90.03353519075915
 10
29.39823876194239
 20
90.03339451733825
 10
29.39816686219385
 20
90.26339450610009
 10
29.84816684020652
 20
90.26353517952101
  0
LWPOLYLINE
  5
803
330
1F
100
AcDbEntity
  8
col
100
AcDbPolyline
 90
        4
 70
     1
 43
0.0
 10
29.62823876194241
 20
95.51814129681508
 10
29.62823876194241
 20
95.06814129681504
 10
29.39823876194239
 20
95.06814129681504
 10
29.39823876194239
 20
95.51814129681622
  0
LWPOLYLINE
  5
804
330
1F
100
AcDbEntity
  8
col
100
AcDbPolyline
 90
        4
 70
     1
 43
0.0
 10
29.62823876194213
 20
98.96353566019309
 10
29.62823876194213
 20
98.51353566019305
 10
29.39823876194217
 20
98.51353566019305
 10
29.39823876194217
 20
98.96353566019309
  0
LWPOLYLINE
  5
805
330
1F
100
AcDbEntity
  8
col
100
AcDbPolyline
 90
        4
 70
     1
 43
0.0
 10
26.0479786616663
 20
90.03376919996515
 10
25.59797868365391
 20
90.03362852654538
 10
25.59790678390541
 20
90.26362851530633
 10
26.04790676191792
 20
90.26376918872722
  0
LWPOLYLINE
  5
806
330
1F
100
AcDbEntity
  8
col
100
AcDbPolyline
 90
        4
 70
     1
 43
0.0
 10
25.82797868365393
 20
95.51837530602222
 10
25.82797868365393
 20
95.06837530602126
 10
25.59797868365391
 20
95.06837530602126
 10
25.59797868365385
 20
95.51837530602222
  0
LWPOLYLINE
  5
807
330
1F
100
AcDbEntity
  8
col
100
AcDbPolyline
 90
        4
 70
     1
 43
0.0
 10
25.82797868365364
 20
98.96376966939932
 10
25.82797868365364
 20
98.51376966939927
 10
25.59797868365351
 20
98.51376966939927
 10
25.59797868365368
 20
98.96376966939932
  0
LWPOLYLINE
  5
808
330
1F
100
AcDbEntity
  8
col
100
AcDbPolyline
 90
        4
 70
     1
 43
0.0
 10
22.54797866166573
 20
90.03376919996515
 10
22.09797868365334
 20
90.03362852654538
 10
22.0979067839049
 20
90.26362851530633
 10
22.54790676191735
 20
90.26376918872722
  0
LWPOLYLINE
  5
809
330
1F
100
AcDbEntity
  8
col
100
AcDbPolyline
 90
        4
 70
     1
 43
0.0
 10
22.54797868365333
 20
95.06837530602126
 10
22.09797868365345
 20
95.06837530602126
 10
22.09797868365334
 20
95.29837530602128
 10
22.54797868365333
 20
95.29837530602128
  0
LWPOLYLINE
  5
80A
330
1F
100
AcDbEntity
  8
col
100
AcDbPolyline
 90
        4
 70
     1
 43
0.0
 10
22.55297868365298
 20
98.73376966939929
 10
22.10297868365294
 20
98.73376966939929
 10
22.10297868365294
 20
98.96376966939932
 10
22.55297868365298
 20
98.96376966939932
  0
LWPOLYLINE
  5
80B
330
1F
100
AcDbEntity
  8
col
100
AcDbPolyline
 90
        4
 70
     1
 43
0.0
 10
31.86108939382044
 20
82.08353519076139
 10
31.411089415808
 20
82.08339451734024
 10
31.4110175160595
 20
82.3133945061021
 10
31.861017494072
 20
82.31353517952232
  0
LWPOLYLINE
  5
80C
330
1F
100
AcDbEntity
  8
col
100
AcDbPolyline
 90
        4
 70
     1
 43
0.0
 10
31.63108940505916
 20
85.72123643576707
 10
31.63094873163831
 20
86.17123641377919
 10
31.86094872040005
 20
86.17130831352723
 10
31.86108939382095
 20
85.72130833551534
  0
LWPOLYLINE
  5
80D
330
1F
100
AcDbEntity
  8
col
100
AcDbPolyline
 90
        4
 70
     1
 43
0.0
 10
16.80300805627743
 20
85.94154231149707
 10
16.80300805627732
 20
85.49154231149703
 10
17.03300805627734
 20
85.49154231149703
 10
17.03300805627745
 20
85.94154231149707
  0
LWPOLYLINE
  5
80E
330
1F
100
AcDbEntity
  8
col
100
AcDbPolyline
 90
        4
 70
     1
 43
0.0
 10
22.54797866166573
 20
85.94168298491821
 10
22.09797868365334
 20
85.94154231149707
 10
22.09790678390479
 20
86.17154230025937
 10
22.54790676191735
 20
86.17168297368028
  0
LWPOLYLINE
  5
80F
330
1F
100
AcDbEntity
  8
col
100
AcDbPolyline
 90
        4
 70
     1
 43
0.0
 10
16.80300805627749
 20
82.53376918872902
 10
16.80300805627749
 20
82.0837691887292
 10
17.03300805627751
 20
82.0837691887292
 10
17.03300805627751
 20
82.53376918872902
  0
LWPOLYLINE
  5
810
330
1F
100
AcDbEntity
  8
col
100
AcDbPolyline
 90
        4
 70
     1
 43
0.0
 10
22.54797866166584
 20
82.08390986215011
 10
22.09797868365345
 20
82.0837691887292
 10
22.0979067839049
 20
82.31376917749129
 10
22.54790676191723
 20
82.31390985091195
  0
LWPOLYLINE
  5
811
330
1F
100
AcDbEntity
  8
col
100
AcDbPolyline
 90
        4
 70
     1
 43
0.0
 10
26.04805056141484
 20
82.08390988462737
 10
25.59805058340223
 20
82.08376921120622
 10
25.59797868365374
 20
82.31376919996808
 10
26.04797866166618
 20
82.31390987338921
  0
LWPOLYLINE
  5
812
330
1F
100
AcDbEntity
  8
col
100
AcDbPolyline
 90
        4
 70
     1
 43
0.0
 10
26.04805056141484
 20
85.94168300739431
 10
25.59805058340223
 20
85.94154233397318
 10
25.59797868365374
 20
86.17154232273525
 10
26.0479786616663
 20
86.17168299615617
  0
LWPOLYLINE
  5
813
330
1F
100
AcDbEntity
  8
col
100
AcDbPolyline
 90
        4
 70
     1
 43
0.0
 10
47.48810717308574
 20
82.45353519076013
 10
47.48810717308574
 20
82.00353519076008
 10
47.25810717308585
 20
82.00353519076008
 10
47.25810717308561
 20
82.45353519076013
  0
LWPOLYLINE
  5
814
330
1F
100
AcDbEntity
  8
col
100
AcDbPolyline
 90
        4
 70
     1
 43
0.0
 10
42.19313654570945
 20
82.00353519076008
 10
41.74313654570911
 20
82.00353519076008
 10
41.74313654570911
 20
82.23353519076011
 10
42.19313654570945
 20
82.23353519076011
  0
LWPOLYLINE
  5
815
330
1F
100
AcDbEntity
  8
col
100
AcDbPolyline
 90
        4
 70
     1
 43
0.0
 10
38.78306511725916
 20
82.31357089228515
 10
38.78313654571102
 20
82.08357090337733
 10
38.55313655680217
 20
82.08349947492513
 10
38.55306512835037
 20
82.31349946383318
  0
LWPOLYLINE
  5
816
330
1F
100
AcDbEntity
  8
col
100
AcDbPolyline
 90
        4
 70
     1
 43
0.0
 10
32.88413801411534
 20
76.58314446587121
 10
32.88413801411534
 20
76.13314446587025
 10
32.65413801411549
 20
76.13314446587025
 10
32.65413801411549
 20
76.58314446587121
  0
LWPOLYLINE
  5
817
330
1F
100
AcDbEntity
  8
col
100
AcDbPolyline
 90
        4
 70
     1
 43
0.0
 10
32.88587198400566
 20
73.23355892506208
 10
32.88587198400589
 20
72.78355892506204
 10
32.65587198400576
 20
72.78355892506204
 10
32.65587198400576
 20
73.23355892506208
  0
LWPOLYLINE
  5
818
330
1F
100
AcDbEntity
  8
col
100
AcDbPolyline
 90
        4
 70
     1
 43
0.0
 10
32.88587198399964
 20
69.07755299930625
 10
32.88587198399964
 20
69.52755299930629
 10
32.65587198399968
 20
69.52755299930629
 10
32.65587198399973
 20
69.07755299930625
  0
LWPOLYLINE
  5
819
330
1F
100
AcDbEntity
  8
col
100
AcDbPolyline
 90
        4
 70
     1
 43
0.0
 10
77.48810717308694
 20
45.84093118242015
 10
77.48810717308694
 20
46.2909311824202
 10
77.71810717308696
 20
46.2909311824202
 10
77.71810717308714
 20
45.84093118242015
  0
LWPOLYLINE
  5
81A
330
1F
100
AcDbEntity
  8
col
100
AcDbPolyline
 90
        4
 70
     1
 43
0.0
 10
77.48810717308604
 20
30.5263250763643
 10
77.48810717308604
 20
30.97632507636434
 10
77.71810717308617
 20
30.97632507636434
 10
77.71810717308605
 20
30.5263250763643
  0
LWPOLYLINE
  5
81B
330
1F
100
AcDbEntity
  8
col
100
AcDbPolyline
 90
        4
 70
     1
 43
0.0
 10
82.78307780046171
 20
54.94093118242029
 10
82.78307780046171
 20
55.39093118242034
 10
83.01307780046162
 20
55.39093118242034
 10
83.01307780046162
 20
54.94093118241938
  0
LWPOLYLINE
  5
81C
330
1F
100
AcDbEntity
  8
col
100
AcDbPolyline
 90
        4
 70
     1
 43
0.0
 10
77.48810717308604
 20
41.04093118241929
 10
77.48810717308604
 20
41.49093118241934
 10
77.71810717308617
 20
41.49093118241934
 10
77.71810717308617
 20
41.04093118241929
  0
LWPOLYLINE
  5
81D
330
1F
100
AcDbEntity
  8
col
100
AcDbPolyline
 90
        4
 70
     1
 43
0.0
 10
77.48810717308604
 20
36.00632507636432
 10
77.48810717308604
 20
36.45632507636436
 10
77.71810717308617
 20
36.45632507636436
 10
77.71810717308605
 20
36.00632507636432
  0
LWPOLYLINE
  5
81E
330
1F
100
AcDbEntity
  8
col
100
AcDbPolyline
 90
        4
 70
     1
 43
0.0
 10
82.78307780046194
 20
36.00632507636432
 10
82.78307780046194
 20
36.45632507636436
 10
83.01307780046201
 20
36.45632507636436
 10
83.01307780046201
 20
36.00632507636432
  0
LWPOLYLINE
  5
81F
330
1F
100
AcDbEntity
  8
col
100
AcDbPolyline
 90
        4
 70
     1
 43
0.0
 10
82.78307780046194
 20
41.04093118241929
 10
82.78307780046194
 20
41.49093118241934
 10
83.01307780046196
 20
41.49093118241934
 10
83.01307780046185
 20
41.04093118241929
  0
LWPOLYLINE
  5
820
330
1F
100
AcDbEntity
  8
col
100
AcDbPolyline
 90
        4
 70
     1
 43
0.0
 10
83.2330778004613
 20
44.64093118242034
 10
82.78307780046132
 20
44.64093118242034
 10
82.78307780046143
 20
44.41093118242032
 10
83.2330778004613
 20
44.41093118242032
  0
LWPOLYLINE
  5
821
330
1F
100
AcDbEntity
  8
col
100
AcDbPolyline
 90
        4
 70
     1
 43
0.0
 10
87.2430778004618
 20
55.1709311824194
 10
87.6930778004618
 20
55.1709311824194
 10
87.69307780046167
 20
54.94093118241938
 10
87.24307780046151
 20
54.94093118242029
  0
LWPOLYLINE
  5
822
330
1F
100
AcDbEntity
  8
col
100
AcDbPolyline
 90
        4
 70
     1
 43
0.0
 10
82.7830778004612
 20
62.44691337383723
 10
82.7830778004612
 20
61.99691337383718
 10
83.01307780046133
 20
61.99691337383718
 10
83.01307780046133
 20
62.44691337383723
  0
LWPOLYLINE
  5
823
330
1F
100
AcDbEntity
  8
col
100
AcDbPolyline
 90
        4
 70
     1
 43
0.0
 10
87.46307780047201
 20
62.44691337383723
 10
87.46307780047201
 20
61.99691337383809
 10
87.69307780047203
 20
61.99691337383718
 10
87.69307780047203
 20
62.44691337383723
  0
LWPOLYLINE
  5
824
330
1F
100
AcDbEntity
  8
col
100
AcDbPolyline
 90
        4
 70
     1
 43
0.0
 10
108.1732062898944
 20
32.56069670378123
 10
108.1732062898944
 20
33.01069670378127
 10
107.9432062898944
 20
33.01069670378127
 10
107.9432062898944
 20
32.56069670378123
  0
LWPOLYLINE
  5
825
330
1F
100
AcDbEntity
  8
col
100
AcDbPolyline
 90
        4
 70
     1
 43
0.0
 10
108.1732062898944
 20
41.26083785787307
 10
108.1732062898944
 20
41.71083785787312
 10
107.9432062898944
 20
41.71083785787312
 10
107.9432062898944
 20
41.26083785787307
  0
LWPOLYLINE
  5
826
330
1F
100
AcDbEntity
  8
col
100
AcDbPolyline
 90
        4
 70
     1
 43
0.0
 10
108.1732062898944
 20
36.00609106715809
 10
108.1732062898944
 20
36.45609106715813
 10
107.9432062898944
 20
36.45609106715813
 10
107.9432062898944
 20
36.00609106715809
  0
LWPOLYLINE
  5
827
330
1F
100
AcDbEntity
  8
col
100
AcDbPolyline
 90
        4
 70
     1
 43
0.0
 10
82.7830778004612
 20
65.87691337383614
 10
82.7830778004612
 20
65.42691337383724
 10
83.01307780046133
 20
65.42691337383724
 10
83.01307780046133
 20
65.87691337383614
  0
LWPOLYLINE
  5
828
330
1F
100
AcDbEntity
  8
col
100
AcDbPolyline
 90
        4
 70
     1
 43
0.0
 10
87.46307780047194
 20
65.87691337383614
 10
87.46307780047194
 20
65.42691337383724
 10
87.69307780047203
 20
65.42691337383724
 10
87.69307780047203
 20
65.87691337383614
  0
LWPOLYLINE
  5
829
330
1F
100
AcDbEntity
  8
col
100
AcDbPolyline
 90
        4
 70
     1
 43
0.0
 10
92.090342362166
 20
65.87723318659016
 10
92.090342362166
 20
65.42723318659011
 10
92.32034236216597
 20
65.42723318659011
 10
92.32034236216597
 20
65.87723318659016
  0
LWPOLYLINE
  5
82A
330
1F
100
AcDbEntity
  8
col
100
AcDbPolyline
 90
        4
 70
     1
 43
0.0
 10
82.7830778004621
 20
58.29090744812027
 10
82.78307780046223
 20
58.74090744812032
 10
83.01307780046213
 20
58.74090744812032
 10
83.01307780046219
 20
58.29090744812027
  0
LWPOLYLINE
  5
82B
330
1F
100
AcDbEntity
  8
col
100
AcDbPolyline
 90
        4
 70
     1
 43
0.0
 10
87.46307780046183
 20
58.29090744812027
 10
87.46307780046171
 20
58.74090744812032
 10
87.69307780046167
 20
58.74090744812032
 10
87.69307780046167
 20
58.29090744812027
  0
LWPOLYLINE
  5
82C
330
1F
100
AcDbEntity
  8
col
100
AcDbPolyline
 90
        4
 70
     1
 43
0.0
 10
87.20207634314849
 20
49.44093118241938
 10
87.65207634314881
 20
49.44093118241938
 10
87.65207634314881
 20
49.21093118241937
 10
87.20207634314849
 20
49.21093118241937
  0
LWPOLYLINE
  5
82D
330
1F
100
AcDbEntity
  8
col
100
AcDbPolyline
 90
        4
 70
     1
 43
0.0
 10
82.78307780046194
 20
46.14093118242034
 10
82.78307780046194
 20
46.59093118242015
 10
83.01307780046196
 20
46.59093118242015
 10
83.01307780046196
 20
46.14093118242034
  0
LWPOLYLINE
  5
82E
330
1F
100
AcDbEntity
  8
col
100
AcDbPolyline
 90
        4
 70
     1
 43
0.0
 10
86.19307780046112
 20
46.14093118242124
 10
86.19307780046112
 20
46.59093118242107
 10
86.42307780046113
 20
46.59093118242107
 10
86.42307780046113
 20
46.14093118242124
  0
LWPOLYLINE
  5
82F
330
1F
100
AcDbEntity
  8
col
100
AcDbPolyline
 90
        4
 70
     1
 43
0.0
 10
82.78307780046194
 20
30.75632507636522
 10
83.23307780046198
 20
30.75632507636522
 10
83.23307780046192
 20
30.5263250763643
 10
82.78307780046194
 20
30.5263250763643
  0
LWPOLYLINE
  5
830
330
1F
100
AcDbEntity
  8
col
100
AcDbPolyline
 90
        4
 70
     1
 43
0.0
 10
87.5130778004582
 20
36.00632507636432
 10
87.5130778004582
 20
36.45632507636436
 10
87.74307780045822
 20
36.45632507636436
 10
87.74307780045822
 20
36.00632507636432
  0
LWPOLYLINE
  5
831
330
1F
100
AcDbEntity
  8
col
100
AcDbPolyline
 90
        4
 70
     1
 43
0.0
 10
87.51307780045797
 20
41.04093118241929
 10
87.51307780045804
 20
41.49093118241934
 10
87.743077800458
 20
41.49093118241934
 10
87.743077800458
 20
41.04093118241929
  0
LWPOLYLINE
  5
832
330
1F
100
AcDbEntity
  8
col
100
AcDbPolyline
 90
        4
 70
     1
 43
0.0
 10
91.4430059226972
 20
41.49093118242024
 10
91.8930059007096
 20
41.49107185584138
 10
91.89307780045814
 20
41.26107186707907
 10
91.44307782244586
 20
41.26093119365839
  0
LWPOLYLINE
  5
833
330
1F
100
AcDbEntity
  8
col
100
AcDbPolyline
 90
        4
 70
     1
 43
0.0
 10
91.66307780045817
 20
36.00632507636432
 10
91.66307780045817
 20
36.45632507636436
 10
91.89307780045821
 20
36.45632507636436
 10
91.89307780045821
 20
36.00632507636432
  0
LWPOLYLINE
  5
834
330
1F
100
AcDbEntity
  8
col
100
AcDbPolyline
 90
        4
 70
     1
 43
0.0
 10
87.51307780045866
 20
32.56093071298631
 10
87.51307780045848
 20
33.01093071298636
 10
87.7430778004585
 20
33.01093071298636
 10
87.74307780045868
 20
32.56093071298631
  0
LWPOLYLINE
  5
835
330
1F
100
AcDbEntity
  8
col
100
AcDbPolyline
 90
        4
 70
     1
 43
0.0
 10
91.66307780045846
 20
32.56093071298722
 10
91.66307780045846
 20
33.01093071298727
 10
91.89307780045865
 20
33.01093071298727
 10
91.89307780045865
 20
32.56093071298722
  0
LWPOLYLINE
  5
836
330
1F
100
AcDbEntity
  8
col
100
AcDbPolyline
 90
        4
 70
     1
 43
0.0
 10
95.12797560621683
 20
41.49093118242024
 10
95.57797558422945
 20
41.49107185584138
 10
95.57804748397799
 20
41.26107186707907
 10
95.12804750596533
 20
41.26093119365839
  0
LWPOLYLINE
  5
837
330
1F
100
AcDbEntity
  8
col
100
AcDbPolyline
 90
        4
 70
     1
 43
0.0
 10
95.34797558422932
 20
36.00632507636432
 10
95.34797558422932
 20
36.45632507636436
 10
95.57797558422945
 20
36.45632507636436
 10
95.57797558422945
 20
36.00632507636432
  0
LWPOLYLINE
  5
838
330
1F
100
AcDbEntity
  8
col
100
AcDbPolyline
 90
        4
 70
     1
 43
0.0
 10
95.34797558422971
 20
32.56093071298722
 10
95.34797558422971
 20
33.01093071298727
 10
95.57797558422974
 20
33.01093071298727
 10
95.57797558422974
 20
32.56093071298722
  0
LWPOLYLINE
  5
839
330
1F
100
AcDbEntity
  8
col
100
AcDbPolyline
 90
        4
 70
     1
 43
0.0
 10
98.92823568450555
 20
41.49069717321425
 10
99.37823566251793
 20
41.49083784663537
 10
99.37830756226631
 20
41.26083785787307
 10
98.92830758425393
 20
41.26069718445218
  0
LWPOLYLINE
  5
83A
330
1F
100
AcDbEntity
  8
col
100
AcDbPolyline
 90
        4
 70
     1
 43
0.0
 10
99.14823566251804
 20
36.00609106715809
 10
99.14823566251786
 20
36.45609106715813
 10
99.37823566251793
 20
36.45609106715813
 10
99.378235662518
 20
36.00609106715809
  0
LWPOLYLINE
  5
83B
330
1F
100
AcDbEntity
  8
col
100
AcDbPolyline
 90
        4
 70
     1
 43
0.0
 10
99.14823566251815
 20
32.56069670378123
 10
99.14823566251815
 20
33.01069670378127
 10
99.37823566251834
 20
33.01069670378127
 10
99.37823566251816
 20
32.56069670378123
  0
LWPOLYLINE
  5
83C
330
1F
100
AcDbEntity
  8
col
100
AcDbPolyline
 90
        4
 70
     1
 43
0.0
 10
102.4282356845062
 20
41.49069717321425
 10
102.8782356625185
 20
41.49083784663537
 10
102.8783075622669
 20
41.26083785787307
 10
102.4283075842545
 20
41.26069718445218
  0
LWPOLYLINE
  5
83D
330
1F
100
AcDbEntity
  8
col
100
AcDbPolyline
 90
        4
 70
     1
 43
0.0
 10
102.4282356625185
 20
36.45609106715813
 10
102.8782356625185
 20
36.45609106715813
 10
102.8782356625185
 20
36.22609106715812
 10
102.4282356625185
 20
36.22609106715812
  0
LWPOLYLINE
  5
83E
330
1F
100
AcDbEntity
  8
col
100
AcDbPolyline
 90
        4
 70
     1
 43
0.0
 10
102.4232356625189
 20
32.79069670378124
 10
102.8732356625189
 20
32.79069670378124
 10
102.8732356625189
 20
32.56069670378123
 10
102.4232356625189
 20
32.56069670378123
  0
LWPOLYLINE
  5
83F
330
1F
100
AcDbEntity
  8
col
100
AcDbPolyline
 90
        4
 70
     1
 43
0.0
 10
93.11512495235129
 20
49.44093118241938
 10
93.5651249303638
 20
49.44107185584028
 10
93.56519683011223
 20
49.21107186707821
 10
93.11519685209985
 20
49.21093119365708
  0
LWPOLYLINE
  5
840
330
1F
100
AcDbEntity
  8
col
100
AcDbPolyline
 90
        4
 70
     1
 43
0.0
 10
93.34512494111274
 20
45.80322993741322
 10
93.34526561453353
 20
45.35322995940112
 10
93.11526562577169
 20
45.3531580596524
 10
93.11512495235096
 20
45.80315803766406
  0
LWPOLYLINE
  5
841
330
1F
100
AcDbEntity
  8
col
100
AcDbPolyline
 90
        4
 70
     1
 43
0.0
 10
108.1732062898944
 20
45.58292406168323
 10
108.1732062898945
 20
46.03292406168328
 10
107.9432062898945
 20
46.03292406168328
 10
107.9432062898944
 20
45.58292406168323
  0
LWPOLYLINE
  5
842
330
1F
100
AcDbEntity
  8
col
100
AcDbPolyline
 90
        4
 70
     1
 43
0.0
 10
102.4282356845062
 20
45.58278338826233
 10
102.8782356625185
 20
45.58292406168323
 10
102.878307562267
 20
45.35292407292138
 10
102.4283075842545
 20
45.35278339950026
  0
LWPOLYLINE
  5
843
330
1F
100
AcDbEntity
  8
col
100
AcDbPolyline
 90
        4
 70
     1
 43
0.0
 10
108.1732062898943
 20
48.99069718445037
 10
108.1732062898943
 20
49.44069718445019
 10
107.9432062898943
 20
49.44069718445019
 10
107.9432062898943
 20
48.99069718445037
  0
LWPOLYLINE
  5
844
330
1F
100
AcDbEntity
  8
col
100
AcDbPolyline
 90
        4
 70
     1
 43
0.0
 10
102.428235684506
 20
49.44055651102929
 10
102.8782356625185
 20
49.44069718445019
 10
102.8783075622669
 20
49.21069719568812
 10
102.4283075842546
 20
49.21055652226744
  0
LWPOLYLINE
  5
845
330
1F
100
AcDbEntity
  8
col
100
AcDbPolyline
 90
        4
 70
     1
 43
0.0
 10
98.928163784757
 20
49.44055648855295
 10
99.37816376276963
 20
49.44069716197317
 10
99.37823566251816
 20
49.21069717321223
 10
98.92823568450561
 20
49.2105564997911
  0
LWPOLYLINE
  5
846
330
1F
100
AcDbEntity
  8
col
100
AcDbPolyline
 90
        4
 70
     1
 43
0.0
 10
98.928163784757
 20
45.58278336578622
 10
99.37816376276963
 20
45.58292403920712
 10
99.37823566251816
 20
45.35292405044504
 10
98.92823568450555
 20
45.35278337702323
  0
LWPOLYLINE
  5
847
330
1F
100
AcDbEntity
  8
col
100
AcDbPolyline
 90
        4
 70
     1
 43
0.0
 10
77.48810717308604
 20
49.07093118242017
 10
77.48810717308604
 20
49.52093118241931
 10
77.71810717308605
 20
49.52093118241931
 10
77.71810717308617
 20
49.07093118242017
  0
LWPOLYLINE
  5
848
330
1F
100
AcDbEntity
  8
col
100
AcDbPolyline
 90
        4
 70
     1
 43
0.0
 10
82.78307780046246
 20
49.52093118241931
 10
83.23307780046272
 20
49.52093118241931
 10
83.23307780046272
 20
49.29093118241929
 10
82.78307780046246
 20
49.29093118241929
  0
LWPOLYLINE
  5
849
330
1F
100
AcDbEntity
  8
col
100
AcDbPolyline
 90
        4
 70
     1
 43
0.0
 10
86.19314922891268
 20
49.21089548089401
 10
86.19307780046083
 20
49.44089546980206
 10
86.42307778936951
 20
49.44096689825517
 10
86.42314921782153
 20
49.21096690934621
  0
LWPOLYLINE
  5
84A
330
1F
100
AcDbEntity
  8
col
100
AcDbPolyline
 90
        4
 70
     1
 43
0.0
 10
92.0920763320565
 20
54.94132190730909
 10
92.0920763320565
 20
55.39132190730914
 10
92.32207633205636
 20
55.39132190730914
 10
92.32207633205636
 20
54.94132190730909
  0
LWPOLYLINE
  5
84B
330
1F
100
AcDbEntity
  8
col
100
AcDbPolyline
 90
        4
 70
     1
 43
0.0
 10
92.09034236216613
 20
58.29090744811732
 10
92.090342362166
 20
58.74090744811736
 10
92.32034236216597
 20
58.74090744811736
 10
92.32034236216597
 20
58.29090744811732
  0
LWPOLYLINE
  5
84C
330
1F
100
AcDbEntity
  8
col
100
AcDbPolyline
 90
        4
 70
     1
 43
0.0
 10
92.0903423621722
 20
62.44691337387315
 10
92.0903423621722
 20
61.9969133738731
 10
92.32034236217222
 20
61.9969133738731
 10
92.32034236217211
 20
62.44691337387315
  0
LWPOLYLINE
  5
84D
330
1F
100
AcDbEntity
  8
col
100
AcDbPolyline
 90
        4
 70
     1
 43
0.0
 10
77.48810717308694
 20
85.68353519075925
 10
77.48810717308694
 20
85.2335351907592
 10
77.71810717308696
 20
85.2335351907592
 10
77.71810717308714
 20
85.68353519075925
  0
LWPOLYLINE
  5
84E
330
1F
100
AcDbEntity
  8
col
100
AcDbPolyline
 90
        4
 70
     1
 43
0.0
 10
82.78307780046171
 20
76.58353519076001
 10
82.78307780046171
 20
76.13353519075906
 10
83.01307780046162
 20
76.13353519075906
 10
83.01307780046162
 20
76.58353519076001
  0
LWPOLYLINE
  5
84F
330
1F
100
AcDbEntity
  8
col
100
AcDbPolyline
 90
        4
 70
     1
 43
0.0
 10
77.48810717308604
 20
90.48353519076124
 10
77.48810717308604
 20
90.03353519076119
 10
77.71810717308617
 20
90.03353519076119
 10
77.71810717308617
 20
90.48353519076124
  0
LWPOLYLINE
  5
850
330
1F
100
AcDbEntity
  8
col
100
AcDbPolyline
 90
        4
 70
     1
 43
0.0
 10
77.48810717308604
 20
95.51814129681622
 10
77.48810717308604
 20
95.06814129681504
 10
77.71810717308617
 20
95.06814129681504
 10
77.71810717308605
 20
95.51814129681622
  0
LWPOLYLINE
  5
851
330
1F
100
AcDbEntity
  8
col
100
AcDbPolyline
 90
        4
 70
     1
 43
0.0
 10
82.78307780046194
 20
95.51814129681622
 10
82.78307780046194
 20
95.06814129681504
 10
83.01307780046201
 20
95.06814129681504
 10
83.01307780046201
 20
95.51814129681622
  0
LWPOLYLINE
  5
852
330
1F
100
AcDbEntity
  8
col
100
AcDbPolyline
 90
        4
 70
     1
 43
0.0
 10
82.78307780046194
 20
90.48353519076011
 10
82.78307780046194
 20
90.03353519076005
 10
83.01307780046196
 20
90.03353519076005
 10
83.01307780046185
 20
90.48353519076011
  0
LWPOLYLINE
  5
853
330
1F
100
AcDbEntity
  8
col
100
AcDbPolyline
 90
        4
 70
     1
 43
0.0
 10
83.2330778004613
 20
86.88353519075997
 10
82.78307780046132
 20
86.88353519075997
 10
82.78307780046143
 20
87.11353519075998
 10
83.2330778004613
 20
87.11353519075998
  0
LWPOLYLINE
  5
854
330
1F
100
AcDbEntity
  8
col
100
AcDbPolyline
 90
        4
 70
     1
 43
0.0
 10
87.2430778004618
 20
76.35353519076
 10
87.6930778004618
 20
76.35353519076
 10
87.69307780046167
 20
76.58353519076001
 10
87.24307780046151
 20
76.58353519076001
  0
LWPOLYLINE
  5
855
330
1F
100
AcDbEntity
  8
col
100
AcDbPolyline
 90
        4
 70
     1
 43
0.0
 10
82.7830778004612
 20
69.07755299934308
 10
82.7830778004612
 20
69.52755299934222
 10
83.01307780046133
 20
69.52755299934222
 10
83.01307780046133
 20
69.07755299934308
  0
LWPOLYLINE
  5
856
330
1F
100
AcDbEntity
  8
col
100
AcDbPolyline
 90
        4
 70
     1
 43
0.0
 10
87.46307780047201
 20
69.07755299934217
 10
87.46307780047201
 20
69.52755299934222
 10
87.69307780047203
 20
69.52755299934222
 10
87.69307780047203
 20
69.07755299934217
  0
LWPOLYLINE
  5
857
330
1F
100
AcDbEntity
  8
col
100
AcDbPolyline
 90
        4
 70
     1
 43
0.0
 10
108.1732062898944
 20
98.96376966939818
 10
108.1732062898944
 20
98.51376966939813
 10
107.9432062898944
 20
98.51376966939813
 10
107.9432062898944
 20
98.96376966939818
  0
LWPOLYLINE
  5
858
330
1F
100
AcDbEntity
  8
col
100
AcDbPolyline
 90
        4
 70
     1
 43
0.0
 10
108.1732062898944
 20
90.26362851530633
 10
108.1732062898944
 20
89.81362851530628
 10
107.9432062898944
 20
89.81362851530628
 10
107.9432062898944
 20
90.26362851530633
  0
LWPOLYLINE
  5
859
330
1F
100
AcDbEntity
  8
col
100
AcDbPolyline
 90
        4
 70
     1
 43
0.0
 10
108.1732062898944
 20
95.51837530602222
 10
108.1732062898944
 20
95.06837530602126
 10
107.9432062898944
 20
95.06837530602126
 10
107.9432062898944
 20
95.51837530602222
  0
LWPOLYLINE
  5
85A
330
1F
100
AcDbEntity
  8
col
100
AcDbPolyline
 90
        4
 70
     1
 43
0.0
 10
82.7830778004621
 20
73.23355892505913
 10
82.78307780046223
 20
72.78355892505908
 10
83.01307780046213
 20
72.78355892505908
 10
83.01307780046219
 20
73.23355892505913
  0
LWPOLYLINE
  5
85B
330
1F
100
AcDbEntity
  8
col
100
AcDbPolyline
 90
        4
 70
     1
 43
0.0
 10
87.46307780046183
 20
73.23355892505913
 10
87.46307780046171
 20
72.78355892505908
 10
87.69307780046167
 20
72.78355892505908
 10
87.69307780046167
 20
73.23355892505913
  0
LWPOLYLINE
  5
85C
330
1F
100
AcDbEntity
  8
col
100
AcDbPolyline
 90
        4
 70
     1
 43
0.0
 10
87.20207634314849
 20
82.08353519076002
 10
87.65207634314881
 20
82.08353519076002
 10
87.65207634314881
 20
82.31353519076003
 10
87.20207634314849
 20
82.31353519076003
  0
LWPOLYLINE
  5
85D
330
1F
100
AcDbEntity
  8
col
100
AcDbPolyline
 90
        4
 70
     1
 43
0.0
 10
82.78307780046194
 20
85.38353519075997
 10
82.78307780046194
 20
84.93353519076014
 10
83.01307780046196
 20
84.93353519076014
 10
83.01307780046196
 20
85.38353519075997
  0
LWPOLYLINE
  5
85E
330
1F
100
AcDbEntity
  8
col
100
AcDbPolyline
 90
        4
 70
     1
 43
0.0
 10
86.19307780046112
 20
85.38353519075906
 10
86.19307780046112
 20
84.93353519075833
 10
86.42307780046113
 20
84.93353519075833
 10
86.42307780046113
 20
85.38353519075906
  0
LWPOLYLINE
  5
85F
330
1F
100
AcDbEntity
  8
col
100
AcDbPolyline
 90
        4
 70
     1
 43
0.0
 10
82.78307780046194
 20
100.7681412968151
 10
83.23307780046198
 20
100.7681412968151
 10
83.23307780046192
 20
100.9981412968151
 10
82.78307780046194
 20
100.9981412968151
  0
LWPOLYLINE
  5
860
330
1F
100
AcDbEntity
  8
col
100
AcDbPolyline
 90
        4
 70
     1
 43
0.0
 10
87.5130778004582
 20
95.51814129681622
 10
87.5130778004582
 20
95.06814129681504
 10
87.74307780045822
 20
95.06814129681504
 10
87.74307780045822
 20
95.51814129681622
  0
LWPOLYLINE
  5
861
330
1F
100
AcDbEntity
  8
col
100
AcDbPolyline
 90
        4
 70
     1
 43
0.0
 10
87.51307780045797
 20
90.48353519076011
 10
87.51307780045804
 20
90.03353519076005
 10
87.743077800458
 20
90.03353519076005
 10
87.743077800458
 20
90.48353519076011
  0
LWPOLYLINE
  5
862
330
1F
100
AcDbEntity
  8
col
100
AcDbPolyline
 90
        4
 70
     1
 43
0.0
 10
91.4430059226972
 20
90.03353519075915
 10
91.8930059007096
 20
90.03339451733825
 10
91.89307780045814
 20
90.26339450610009
 10
91.44307782244586
 20
90.26353517952101
  0
LWPOLYLINE
  5
863
330
1F
100
AcDbEntity
  8
col
100
AcDbPolyline
 90
        4
 70
     1
 43
0.0
 10
91.66307780045817
 20
95.51814129681622
 10
91.66307780045817
 20
95.06814129681504
 10
91.89307780045821
 20
95.06814129681504
 10
91.89307780045821
 20
95.51814129681622
  0
LWPOLYLINE
  5
864
330
1F
100
AcDbEntity
  8
col
100
AcDbPolyline
 90
        4
 70
     1
 43
0.0
 10
87.51307780045866
 20
98.96353566019309
 10
87.51307780045848
 20
98.51353566019305
 10
87.7430778004585
 20
98.51353566019305
 10
87.74307780045868
 20
98.96353566019309
  0
LWPOLYLINE
  5
865
330
1F
100
AcDbEntity
  8
col
100
AcDbPolyline
 90
        4
 70
     1
 43
0.0
 10
91.66307780045846
 20
98.96353566019309
 10
91.66307780045846
 20
98.51353566019305
 10
91.89307780045865
 20
98.51353566019305
 10
91.89307780045865
 20
98.96353566019309
  0
LWPOLYLINE
  5
866
330
1F
100
AcDbEntity
  8
col
100
AcDbPolyline
 90
        4
 70
     1
 43
0.0
 10
95.12797560621683
 20
90.03353519075915
 10
95.57797558422945
 20
90.03339451733825
 10
95.57804748397799
 20
90.26339450610009
 10
95.12804750596533
 20
90.26353517952101
  0
LWPOLYLINE
  5
867
330
1F
100
AcDbEntity
  8
col
100
AcDbPolyline
 90
        4
 70
     1
 43
0.0
 10
95.34797558422932
 20
95.51814129681508
 10
95.34797558422932
 20
95.06814129681504
 10
95.57797558422945
 20
95.06814129681504
 10
95.57797558422945
 20
95.51814129681622
  0
LWPOLYLINE
  5
868
330
1F
100
AcDbEntity
  8
col
100
AcDbPolyline
 90
        4
 70
     1
 43
0.0
 10
95.34797558422971
 20
98.96353566019309
 10
95.34797558422971
 20
98.51353566019305
 10
95.57797558422974
 20
98.51353566019305
 10
95.57797558422974
 20
98.96353566019309
  0
LWPOLYLINE
  5
869
330
1F
100
AcDbEntity
  8
col
100
AcDbPolyline
 90
        4
 70
     1
 43
0.0
 10
98.92823568450555
 20
90.03376919996515
 10
99.37823566251793
 20
90.03362852654538
 10
99.37830756226631
 20
90.26362851530633
 10
98.92830758425393
 20
90.26376918872722
  0
LWPOLYLINE
  5
86A
330
1F
100
AcDbEntity
  8
col
100
AcDbPolyline
 90
        4
 70
     1
 43
0.0
 10
99.14823566251804
 20
95.51837530602222
 10
99.14823566251786
 20
95.06837530602126
 10
99.37823566251793
 20
95.06837530602126
 10
99.378235662518
 20
95.51837530602222
  0
LWPOLYLINE
  5
86B
330
1F
100
AcDbEntity
  8
col
100
AcDbPolyline
 90
        4
 70
     1
 43
0.0
 10
99.14823566251815
 20
98.96376966939932
 10
99.14823566251815
 20
98.51376966939927
 10
99.37823566251834
 20
98.51376966939927
 10
99.37823566251816
 20
98.96376966939932
  0
LWPOLYLINE
  5
86C
330
1F
100
AcDbEntity
  8
col
100
AcDbPolyline
 90
        4
 70
     1
 43
0.0
 10
102.4282356845062
 20
90.03376919996515
 10
102.8782356625185
 20
90.03362852654538
 10
102.8783075622669
 20
90.26362851530633
 10
102.4283075842545
 20
90.26376918872722
  0
LWPOLYLINE
  5
86D
330
1F
100
AcDbEntity
  8
col
100
AcDbPolyline
 90
        4
 70
     1
 43
0.0
 10
102.4282356625185
 20
95.06837530602126
 10
102.8782356625185
 20
95.06837530602126
 10
102.8782356625185
 20
95.29837530602128
 10
102.4282356625185
 20
95.29837530602128
  0
LWPOLYLINE
  5
86E
330
1F
100
AcDbEntity
  8
col
100
AcDbPolyline
 90
        4
 70
     1
 43
0.0
 10
102.4232356625189
 20
98.73376966939929
 10
102.8732356625189
 20
98.73376966939929
 10
102.8732356625189
 20
98.96376966939932
 10
102.4232356625189
 20
98.96376966939932
  0
LWPOLYLINE
  5
86F
330
1F
100
AcDbEntity
  8
col
100
AcDbPolyline
 90
        4
 70
     1
 43
0.0
 10
93.11512495235129
 20
82.08353519076139
 10
93.5651249303638
 20
82.08339451734024
 10
93.56519683011223
 20
82.3133945061021
 10
93.11519685209985
 20
82.31353517952232
  0
LWPOLYLINE
  5
870
330
1F
100
AcDbEntity
  8
col
100
AcDbPolyline
 90
        4
 70
     1
 43
0.0
 10
93.34512494111274
 20
85.72123643576707
 10
93.34526561453353
 20
86.17123641377919
 10
93.11526562577169
 20
86.17130831352723
 10
93.11512495235096
 20
85.72130833551534
  0
LWPOLYLINE
  5
871
330
1F
100
AcDbEntity
  8
col
100
AcDbPolyline
 90
        4
 70
     1
 43
0.0
 10
108.1732062898944
 20
85.94154231149707
 10
108.1732062898945
 20
85.49154231149703
 10
107.9432062898945
 20
85.49154231149703
 10
107.9432062898944
 20
85.94154231149707
  0
LWPOLYLINE
  5
872
330
1F
100
AcDbEntity
  8
col
100
AcDbPolyline
 90
        4
 70
     1
 43
0.0
 10
102.4282356845062
 20
85.94168298491821
 10
102.8782356625185
 20
85.94154231149707
 10
102.878307562267
 20
86.17154230025937
 10
102.4283075842545
 20
86.17168297368028
  0
LWPOLYLINE
  5
873
330
1F
100
AcDbEntity
  8
col
100
AcDbPolyline
 90
        4
 70
     1
 43
0.0
 10
108.1732062898943
 20
82.53376918872902
 10
108.1732062898943
 20
82.0837691887292
 10
107.9432062898943
 20
82.0837691887292
 10
107.9432062898943
 20
82.53376918872902
  0
LWPOLYLINE
  5
874
330
1F
100
AcDbEntity
  8
col
100
AcDbPolyline
 90
        4
 70
     1
 43
0.0
 10
102.428235684506
 20
82.08390986215011
 10
102.8782356625185
 20
82.0837691887292
 10
102.8783075622669
 20
82.31376917749129
 10
102.4283075842546
 20
82.31390985091195
  0
LWPOLYLINE
  5
875
330
1F
100
AcDbEntity
  8
col
100
AcDbPolyline
 90
        4
 70
     1
 43
0.0
 10
98.928163784757
 20
82.08390988462737
 10
99.37816376276963
 20
82.08376921120622
 10
99.37823566251816
 20
82.31376919996808
 10
98.92823568450561
 20
82.31390987338921
  0
LWPOLYLINE
  5
876
330
1F
100
AcDbEntity
  8
col
100
AcDbPolyline
 90
        4
 70
     1
 43
0.0
 10
98.928163784757
 20
85.94168300739431
 10
99.37816376276963
 20
85.94154233397318
 10
99.37823566251816
 20
86.17154232273525
 10
98.92823568450555
 20
86.17168299615617
  0
LWPOLYLINE
  5
877
330
1F
100
AcDbEntity
  8
col
100
AcDbPolyline
 90
        4
 70
     1
 43
0.0
 10
77.48810717308604
 20
82.45353519076013
 10
77.48810717308604
 20
82.00353519076008
 10
77.71810717308605
 20
82.00353519076008
 10
77.71810717308617
 20
82.45353519076013
  0
LWPOLYLINE
  5
878
330
1F
100
AcDbEntity
  8
col
100
AcDbPolyline
 90
        4
 70
     1
 43
0.0
 10
82.78307780046246
 20
82.00353519076008
 10
83.23307780046272
 20
82.00353519076008
 10
83.23307780046272
 20
82.23353519076011
 10
82.78307780046246
 20
82.23353519076011
  0
LWPOLYLINE
  5
879
330
1F
100
AcDbEntity
  8
col
100
AcDbPolyline
 90
        4
 70
     1
 43
0.0
 10
86.19314922891268
 20
82.31357089228515
 10
86.19307780046083
 20
82.08357090337733
 10
86.42307778936951
 20
82.08349947492513
 10
86.42314921782153
 20
82.31349946383318
  0
LWPOLYLINE
  5
87A
330
1F
100
AcDbEntity
  8
col
100
AcDbPolyline
 90
        4
 70
     1
 43
0.0
 10
92.0920763320565
 20
76.58314446587121
 10
92.0920763320565
 20
76.13314446587025
 10
92.32207633205636
 20
76.13314446587025
 10
92.32207633205636
 20
76.58314446587121
  0
LWPOLYLINE
  5
87B
330
1F
100
AcDbEntity
  8
col
100
AcDbPolyline
 90
        4
 70
     1
 43
0.0
 10
92.09034236216613
 20
73.23355892506208
 10
92.090342362166
 20
72.78355892506204
 10
92.32034236216597
 20
72.78355892506204
 10
92.32034236216597
 20
73.23355892506208
  0
LWPOLYLINE
  5
87C
330
1F
100
AcDbEntity
  8
col
100
AcDbPolyline
 90
        4
 70
     1
 43
0.0
 10
92.0903423621722
 20
69.07755299930625
 10
92.0903423621722
 20
69.52755299930629
 10
92.32034236217222
 20
69.52755299930629
 10
92.32034236217211
 20
69.07755299930625
  0
LINE
  5
87D
330
1F
100
AcDbEntity
  8
walls
100
AcDbLine
 10
42.19313654411715
 20
36.00632507636432
 30
0.0
 11
42.19313654411715
 21
44.64093118242034
 31
0.0
  0
LINE
  5
87E
330
1F
100
AcDbEntity
  8
walls
100
AcDbLine
 10
42.19313654411715
 20
46.14093118242034
 30
0.0
 11
42.19313654411715
 21
49.29093118241929
 31
0.0
  0
LINE
  5
87F
330
1F
100
AcDbEntity
  8
walls
100
AcDbLine
 10
42.04313654411712
 20
36.15632507636441
 30
0.0
 11
42.04313654411712
 21
41.04093118241929
 31
0.0
  0
LINE
  5
880
330
1F
100
AcDbEntity
  8
walls
100
AcDbLine
 10
42.04313654411712
 20
41.49093118241934
 30
0.0
 11
42.04313654411734
 21
44.41093118242032
 31
0.0
  0
LINE
  5
881
330
1F
100
AcDbEntity
  8
walls
100
AcDbLine
 10
42.04313654411712
 20
46.59093118242015
 30
0.0
 11
42.04313654411683
 21
49.29093118241929
 31
0.0
  0
LINE
  5
882
330
1F
100
AcDbEntity
  8
walls
100
AcDbLine
 10
42.19313654411715
 20
36.00632507636432
 30
0.0
 11
37.23313654412104
 21
36.00632507636432
 31
0.0
  0
LINE
  5
883
330
1F
100
AcDbEntity
  8
walls
100
AcDbLine
 10
42.04313654411712
 20
36.15632507636441
 30
0.0
 11
37.38313654412102
 21
36.15632507636441
 31
0.0
  0
LINE
  5
884
330
1F
100
AcDbEntity
  8
walls
100
AcDbLine
 10
42.04313654411712
 20
41.49093118241934
 30
0.0
 11
41.55210496392848
 21
41.49093118241934
 31
0.0
  0
LINE
  5
885
330
1F
100
AcDbEntity
  8
walls
100
AcDbLine
 10
40.95210496392851
 20
41.49093118242024
 30
0.0
 11
37.23313654412104
 21
41.49093118242024
 31
0.0
  0
LINE
  5
886
330
1F
100
AcDbEntity
  8
walls
100
AcDbLine
 10
41.96313654411719
 20
41.34093118241924
 30
0.0
 11
41.55210496392848
 21
41.34093118241924
 31
0.0
  0
LINE
  5
887
330
1F
100
AcDbEntity
  8
walls
100
AcDbLine
 10
40.95210496392851
 20
41.34093118241924
 30
0.0
 11
37.38313654412096
 21
41.34093118242016
 31
0.0
  0
LINE
  5
888
330
1F
100
AcDbEntity
  8
walls
100
AcDbLine
 10
41.74313654411784
 20
44.49093118241933
 30
0.0
 11
37.39627143058502
 21
44.49093118241933
 31
0.0
  0
LINE
  5
889
330
1F
100
AcDbEntity
  8
walls
100
AcDbLine
 10
41.96313654411719
 20
44.64093118242034
 30
0.0
 11
37.39627143058502
 21
44.64093118242034
 31
0.0
  0
LINE
  5
88A
330
1F
100
AcDbEntity
  8
elev 1
100
AcDbLine
 10
40.46313654411764
 20
41.49093118241934
 30
0.0
 11
40.46313654411804
 21
44.49093118242024
 31
0.0
  0
LINE
  5
88B
330
1F
100
AcDbEntity
  8
elev 1
100
AcDbLine
 10
40.16313654411769
 20
41.49093118241934
 30
0.0
 11
40.16313654411781
 21
44.49093118242024
 31
0.0
  0
LINE
  5
88C
330
1F
100
AcDbEntity
  8
elev 1
100
AcDbLine
 10
39.86313654411785
 20
41.49093118241934
 30
0.0
 11
39.86313654411814
 21
44.49093118242024
 31
0.0
  0
LINE
  5
88D
330
1F
100
AcDbEntity
  8
elev 1
100
AcDbLine
 10
39.56313654411784
 20
41.49093118241934
 30
0.0
 11
39.56313654411801
 21
44.49093118242024
 31
0.0
  0
LINE
  5
88E
330
1F
100
AcDbEntity
  8
elev 1
100
AcDbLine
 10
39.26313654411771
 20
41.49093118241934
 30
0.0
 11
39.26313654411834
 21
44.49093118242024
 31
0.0
  0
LINE
  5
88F
330
1F
100
AcDbEntity
  8
elev 1
100
AcDbLine
 10
38.96313654411793
 20
41.49093118241934
 30
0.0
 11
38.96313654411816
 21
44.49093118242024
 31
0.0
  0
LINE
  5
890
330
1F
100
AcDbEntity
  8
elev 1
100
AcDbLine
 10
38.66313654411792
 20
41.49093118241934
 30
0.0
 11
38.66313654411832
 21
44.49093118242024
 31
0.0
  0
LINE
  5
891
330
1F
100
AcDbEntity
  8
elev 1
100
AcDbLine
 10
38.36313654411796
 20
41.49093118241934
 30
0.0
 11
38.36313654411814
 21
44.49093118242024
 31
0.0
  0
LINE
  5
892
330
1F
100
AcDbEntity
  8
elev 1
100
AcDbLine
 10
38.06313654411795
 20
41.49093118241934
 30
0.0
 11
38.06313654411852
 21
44.49093118242024
 31
0.0
  0
LINE
  5
893
330
1F
100
AcDbEntity
  8
elev 1
100
AcDbLine
 10
37.763136544118
 20
41.49093118241934
 30
0.0
 11
37.76313654411811
 21
44.49093118241933
 31
0.0
  0
LINE
  5
894
330
1F
100
AcDbEntity
  8
elev 1
100
AcDbLine
 10
40.46313654411764
 20
42.99093118241933
 30
0.0
 11
37.76313654411822
 21
42.99093118241933
 31
0.0
  0
LINE
  5
895
330
1F
100
AcDbEntity
  8
walls
100
AcDbLine
 10
42.04313654411683
 20
49.29093118241929
 30
0.0
 11
37.7741380030233
 21
49.29093118241929
 31
0.0
  0
LINE
  5
896
330
1F
100
AcDbEntity
  8
walls
100
AcDbLine
 10
37.32413800302314
 20
49.29093118241929
 30
0.0
 11
36.12413801252231
 21
49.29093118241929
 31
0.0
  0
LINE
  5
897
330
1F
100
AcDbEntity
  8
walls
100
AcDbLine
 10
41.96313654411793
 20
49.44093118241938
 30
0.0
 11
36.12413801252231
 21
49.44093118241938
 31
0.0
  0
LINE
  5
898
330
1F
100
AcDbEntity
  8
walls
100
AcDbLine
 10
38.55313654411773
 20
49.29093118241929
 30
0.0
 11
38.55313654411796
 21
46.14093118241942
 31
0.0
  0
LINE
  5
899
330
1F
100
AcDbEntity
  8
walls
100
AcDbLine
 10
38.70313654411766
 20
49.29093118241929
 30
0.0
 11
38.70313654411794
 21
46.29093118241929
 31
0.0
  0
LINE
  5
89A
330
1F
100
AcDbEntity
  8
walls
100
AcDbLine
 10
37.39627143058502
 20
44.49093118241933
 30
0.0
 11
37.39627143058502
 21
44.64093118242034
 31
0.0
  0
LINE
  5
89B
330
1F
100
AcDbEntity
  8
walls
100
AcDbLine
 10
25.74797868206124
 20
41.49079097010997
 30
0.0
 11
22.09797868206053
 21
41.49079097010997
 31
0.0
  0
LINE
  5
89C
330
1F
100
AcDbEntity
  8
walls
100
AcDbLine
 10
25.59797868206093
 20
41.34079097011011
 30
0.0
 11
22.54793179825217
 21
41.34079097011011
 31
0.0
  0
LWPOLYLINE
  5
89D
330
1F
100
AcDbEntity
  8
walls
100
AcDbPolyline
 90
        4
 70
     1
 43
0.0
 10
34.17413801252227
 20
49.19093118241939
 10
35.8741380125222
 20
49.19093118241939
 10
35.87413801252231
 20
47.59093118241924
 10
34.17413801252215
 20
47.59093118241924
  0
LWPOLYLINE
  5
89E
330
1F
100
AcDbEntity
  8
walls
100
AcDbPolyline
 90
        5
 70
     0
 43
0.0
 10
33.92413801252227
 20
46.39093118241943
 10
32.11108939047077
 20
46.39093118241943
 10
32.11108939047083
 20
49.19093118241939
 10
33.92413801252227
 20
49.19093118241939
 10
33.92413801252227
 20
46.39093118241943
  0
LWPOLYLINE
  5
89F
330
1F
100
AcDbEntity
  8
walls
100
AcDbPolyline
 90
        3
 70
     0
 43
0.0
 10
34.17413801252227
 20
47.34093118241925
 10
34.17413801252227
 20
46.14093118241942
 10
33.56761370149653
 20
46.14093118241942
  0
LWPOLYLINE
  5
8A0
330
1F
100
AcDbEntity
  8
walls
100
AcDbPolyline
 90
        6
 70
     0
 43
0.0
 10
32.46761370149651
 20
46.14093118241942
 10
31.86108939047094
 20
46.14093118241942
 10
31.86108939047077
 20
49.44093118241938
 10
36.12413801252231
 20
49.44093118241938
 10
36.12413801252231
 20
47.34093118241925
 10
35.45200782005244
 20
47.34093118241925
  0
LWPOLYLINE
  5
8A1
330
1F
100
AcDbEntity
  8
walls
100
AcDbPolyline
 90
        2
 70
     0
 43
0.0
 10
34.75200782005234
 20
47.34093118241925
 10
34.17413801252227
 20
47.34093118241925
  0
LINE
  5
8A2
330
1F
100
AcDbEntity
  8
FUR
100
AcDbLine
 10
32.11108939047077
 20
46.39093118241943
 30
0.0
 11
33.92413801252227
 21
49.19093118241939
 31
0.0
  0
LINE
  5
8A3
330
1F
100
AcDbEntity
  8
FUR
100
AcDbLine
 10
33.92413801252227
 20
46.39093118241943
 30
0.0
 11
32.11108939047083
 21
49.19093118241939
 31
0.0
  0
LINE
  5
8A4
330
1F
100
AcDbEntity
  8
FUR
100
AcDbLine
 10
34.17413801252215
 20
47.59093118241924
 30
0.0
 11
35.8741380125222
 21
49.19093118241939
 31
0.0
  0
LINE
  5
8A5
330
1F
100
AcDbEntity
  8
FUR
100
AcDbLine
 10
35.87413801252231
 20
47.59093118241924
 30
0.0
 11
34.17413801252227
 21
49.19093118241939
 31
0.0
  0
LINE
  5
8A6
330
1F
100
AcDbEntity
  8
walls
100
AcDbLine
 10
37.38313654412096
 20
41.34093118242016
 30
0.0
 11
37.38313654412102
 21
36.15632507636441
 31
0.0
  0
LINE
  5
8A7
330
1F
100
AcDbEntity
  8
walls
100
AcDbLine
 10
37.23313654412104
 20
41.49093118242024
 30
0.0
 11
37.23313654412104
 21
36.00632507636432
 31
0.0
  0
LINE
  5
8A8
330
1F
100
AcDbEntity
  8
elev 1
100
AcDbLine
 10
30.01797868206066
 20
49.21069717321223
 30
0.0
 11
30.01797868206066
 21
45.50292405044422
 31
0.0
  0
LINE
  5
8A9
330
1F
100
AcDbEntity
  8
elev 1
100
AcDbLine
 10
29.71797868206162
 20
49.21069717321223
 30
0.0
 11
29.71797868206133
 21
45.50292405044422
 31
0.0
  0
LINE
  5
8AA
330
1F
100
AcDbEntity
  8
elev 1
100
AcDbLine
 10
29.41797868206126
 20
49.21069717321223
 30
0.0
 11
29.41797868206132
 21
45.50292405044514
 31
0.0
  0
LINE
  5
8AB
330
1F
100
AcDbEntity
  8
elev 1
100
AcDbLine
 10
29.11797868206102
 20
49.21069717321223
 30
0.0
 11
29.11797868206114
 21
45.50292405044514
 31
0.0
  0
LINE
  5
8AC
330
1F
100
AcDbEntity
  8
elev 1
100
AcDbLine
 10
28.81797868206101
 20
49.21069717321132
 30
0.0
 11
28.8179786820609
 21
45.50292405044514
 31
0.0
  0
LINE
  5
8AD
330
1F
100
AcDbEntity
  8
elev 1
100
AcDbLine
 10
28.51797868206066
 20
49.21069717321223
 30
0.0
 11
28.51797868206083
 21
45.50292405044514
 31
0.0
  0
LINE
  5
8AE
330
1F
100
AcDbEntity
  8
elev 1
100
AcDbLine
 10
28.21797868206144
 20
49.21069717321223
 30
0.0
 11
28.21797868206144
 21
45.50292405044422
 31
0.0
  0
LINE
  5
8AF
330
1F
100
AcDbEntity
  8
elev 1
100
AcDbLine
 10
27.91797868206132
 20
49.21069717321132
 30
0.0
 11
27.91797868206132
 21
45.50292405044514
 31
0.0
  0
LINE
  5
8B0
330
1F
100
AcDbEntity
  8
elev 1
100
AcDbLine
 10
27.61797868206114
 20
49.21069717321132
 30
0.0
 11
27.61797868206114
 21
45.50292405044514
 31
0.0
  0
LINE
  5
8B1
330
1F
100
AcDbEntity
  8
elev 1
100
AcDbLine
 10
30.01797868206077
 20
47.35681061182812
 30
0.0
 11
27.61797868206114
 21
47.35681061182812
 31
0.0
  0
LINE
  5
8B2
330
1F
100
AcDbEntity
  8
walls
100
AcDbLine
 10
30.63099551451424
 20
45.50288872052204
 30
0.0
 11
26.04802559519172
 21
45.50292405044514
 31
0.0
  0
LINE
  5
8B3
330
1F
100
AcDbEntity
  8
walls
100
AcDbLine
 10
31.51797868206066
 20
49.21069717321223
 30
0.0
 11
25.74797868206102
 21
49.21069717321223
 31
0.0
  0
LINE
  5
8B4
330
1F
100
AcDbEntity
  8
walls
100
AcDbLine
 10
31.66797868206064
 20
49.44069717321225
 30
0.0
 11
25.59797868206104
 21
49.44069717321225
 31
0.0
  0
LINE
  5
8B5
330
1F
100
AcDbEntity
  8
walls
100
AcDbLine
 10
25.59797868206104
 20
45.35292405044504
 30
0.0
 11
30.63099551451424
 21
45.35292405044504
 31
0.0
  0
LINE
  5
8B6
330
1F
100
AcDbEntity
  8
walls
100
AcDbLine
 10
22.09797868206053
 20
39.22069670378017
 30
0.0
 11
22.09797868206053
 21
41.49079097010997
 31
0.0
  0
LINE
  5
8B7
330
1F
100
AcDbEntity
  8
walls
100
AcDbLine
 10
22.24797868205971
 20
39.37069670378003
 30
0.0
 11
22.24797868205982
 21
41.26079094425438
 31
0.0
  0
LINE
  5
8B8
330
1F
100
AcDbEntity
  8
walls
100
AcDbLine
 10
22.09797868206053
 20
39.22069670378017
 30
0.0
 11
25.7479786820609
 21
39.22069670378017
 31
0.0
  0
LINE
  5
8B9
330
1F
100
AcDbEntity
  8
walls
100
AcDbLine
 10
22.24797868205971
 20
39.37069670378003
 30
0.0
 11
25.59797868206081
 21
39.37069670378003
 31
0.0
  0
LINE
  5
8BA
330
1F
100
AcDbEntity
  8
walls
100
AcDbLine
 10
25.59797868206093
 20
41.34079097011011
 30
0.0
 11
25.59797868206081
 21
39.37069670378003
 31
0.0
  0
LINE
  5
8BB
330
1F
100
AcDbEntity
  8
walls
100
AcDbLine
 10
25.7479786820609
 20
39.22069670378017
 30
0.0
 11
25.74797868206124
 21
41.49079097010997
 31
0.0
  0
LINE
  5
8BC
330
1F
100
AcDbEntity
  8
walls
100
AcDbLine
 10
25.59797868206104
 20
45.35292405044504
 30
0.0
 11
25.59797868206104
 21
49.44069717321225
 31
0.0
  0
LINE
  5
8BD
330
1F
100
AcDbEntity
  8
walls
100
AcDbLine
 10
25.74797868206102
 20
45.58287717053998
 30
0.0
 11
25.74797868206102
 21
49.21069717321223
 31
0.0
  0
LINE
  5
8BE
330
1F
100
AcDbEntity
  8
walls
100
AcDbLine
 10
31.7110893904663
 20
49.21093118241937
 30
0.0
 11
31.71108939046624
 21
45.80320492880821
 31
0.0
  0
LINE
  5
8BF
330
1F
100
AcDbEntity
  8
walls
100
AcDbLine
 10
31.86108939046622
 20
49.44093118241938
 30
0.0
 11
31.86108939046633
 21
45.3531580596524
 31
0.0
  0
LINE
  5
8C0
330
1F
100
AcDbEntity
  8
walls
100
AcDbLine
 10
42.19313654411715
 20
46.14093118242034
 30
0.0
 11
40.6131365441183
 21
46.14093118242034
 31
0.0
  0
LINE
  5
8C1
330
1F
100
AcDbEntity
  8
walls
100
AcDbLine
 10
40.6131365441183
 20
46.14093118242034
 30
0.0
 11
38.55313654411796
 21
46.14093118242034
 31
0.0
  0
LINE
  5
8C2
330
1F
100
AcDbEntity
  8
walls
100
AcDbLine
 10
41.96313654411719
 20
46.2909311824202
 30
0.0
 11
38.70313654411794
 21
46.2909311824202
 31
0.0
  0
LINE
  5
8C3
330
1F
100
AcDbEntity
  8
above
 48
0.01
100
AcDbLine
 10
41.96313654411719
 20
41.26593118241943
 30
0.0
 11
37.46313654412083
 21
36.15632507636441
 31
0.0
  0
LINE
  5
8C4
330
1F
100
AcDbEntity
  8
above
 48
0.01
100
AcDbLine
 10
37.46313654412117
 20
41.34093118242016
 30
0.0
 11
41.96313654411713
 21
36.15632507636441
 31
0.0
  0
LINE
  5
8C5
330
1F
100
AcDbEntity
  8
above
 48
0.01
100
AcDbLine
 10
25.59790678231284
 20
41.26083785787307
 30
0.0
 11
22.24797868205971
 21
39.37069670378003
 31
0.0
  0
LINE
  5
8C6
330
1F
100
AcDbEntity
  8
above
 48
0.01
100
AcDbLine
 10
22.24795367344481
 20
41.26079095207194
 30
0.0
 11
25.59797868206081
 21
39.37069670378003
 31
0.0
  0
LINE
  5
8C7
330
1F
100
AcDbEntity
  8
walls
100
AcDbLine
 10
34.75200782005234
 20
47.59093118241924
 30
0.0
 11
34.75200782005234
 21
47.34093118241925
 31
0.0
  0
LINE
  5
8C8
330
1F
100
AcDbEntity
  8
walls
100
AcDbLine
 10
35.45200782005244
 20
47.59093118241924
 30
0.0
 11
35.45200782005244
 21
47.34093118241925
 31
0.0
  0
LINE
  5
8C9
330
1F
100
AcDbEntity
  8
walls
100
AcDbLine
 10
32.46761370149651
 20
46.39093118241943
 30
0.0
 11
32.46761370149651
 21
46.14093118241942
 31
0.0
  0
LINE
  5
8CA
330
1F
100
AcDbEntity
  8
walls
100
AcDbLine
 10
33.56761370149653
 20
46.39093118241943
 30
0.0
 11
33.56761370149653
 21
46.14093118241942
 31
0.0
  0
LINE
  5
8CB
330
1F
100
AcDbEntity
  8
above
 48
0.01
100
AcDbLine
 10
42.04313654411683
 20
49.29093118241929
 30
0.0
 11
38.70313654411794
 21
46.29093118241929
 31
0.0
  0
LINE
  5
8CC
330
1F
100
AcDbEntity
  8
above
 48
0.01
100
AcDbLine
 10
38.70313654411766
 20
49.29093118241929
 30
0.0
 11
41.96313654411719
 21
46.36593118242024
 31
0.0
  0
LINE
  5
8CD
330
1F
100
AcDbEntity
  8
walls
100
AcDbLine
 10
40.95210496392851
 20
41.49093118242024
 30
0.0
 11
40.95210496392851
 21
41.34093118241924
 31
0.0
  0
LINE
  5
8CE
330
1F
100
AcDbEntity
  8
walls
100
AcDbLine
 10
41.55210496392848
 20
41.49093118241934
 30
0.0
 11
41.55210496392865
 21
41.34093118241924
 31
0.0
  0
LINE
  5
8CF
330
1F
100
AcDbEntity
  8
FUR
100
AcDbLine
 10
31.55899551451412
 20
45.50288872052204
 30
0.0
 11
31.55899551451412
 21
46.43486253179925
 31
0.0
  0
LWPOLYLINE
  5
8D0
330
1F
100
AcDbEntity
  8
FUR
100
AcDbPolyline
 90
        3
 70
     0
 43
0.0
 10
31.59739551451546
 20
45.50288872052204
 10
31.59739551451546
 20
46.43568872052209
 42
0.3964514027515987
 10
30.66459551451314
 20
45.50288872052204
 42
0.3964514027516126
  0
LWPOLYLINE
  5
8D1
330
1F
100
AcDbEntity
  8
FUR
100
AcDbPolyline
 90
        8
 70
     0
 43
0.0
 10
30.66459551451314
 20
45.35288872052195
 10
30.66459551451314
 20
45.36888872052521
 10
30.67899551451316
 20
45.36888872052521
 10
30.67899551451316
 20
45.45488872052318
 10
30.66459551451314
 20
45.45488872052318
 10
30.66459551451314
 20
45.50288872052204
 10
30.63099551451424
 20
45.50288872052204
 10
30.63099551451424
 20
45.35288872052195
  0
LINE
  5
8D2
330
1F
100
AcDbEntity
  8
FUR
100
AcDbLine
 10
30.66459551451314
 20
45.35288872052195
 30
0.0
 11
30.63099551451424
 21
45.35288872052195
 31
0.0
  0
LINE
  5
8D3
330
1F
100
AcDbEntity
  8
walls
100
AcDbLine
 10
30.63099551451424
 20
45.35292405044504
 30
0.0
 11
30.63099551451424
 21
45.50292405044514
 31
0.0
  0
LINE
  5
8D4
330
1F
100
AcDbEntity
  8
walls
100
AcDbLine
 10
42.19313654411715
 20
95.51814129681622
 30
0.0
 11
42.19313654411715
 21
86.88353519075997
 31
0.0
  0
LINE
  5
8D5
330
1F
100
AcDbEntity
  8
walls
100
AcDbLine
 10
42.19313654411715
 20
85.38353519075997
 30
0.0
 11
42.19313654411715
 21
82.23353519076011
 31
0.0
  0
LINE
  5
8D6
330
1F
100
AcDbEntity
  8
walls
100
AcDbLine
 10
42.04313654411712
 20
95.368141296815
 30
0.0
 11
42.04313654411712
 21
90.48353519076011
 31
0.0
  0
LINE
  5
8D7
330
1F
100
AcDbEntity
  8
walls
100
AcDbLine
 10
42.04313654411712
 20
90.03353519076005
 30
0.0
 11
42.04313654411734
 21
87.11353519075998
 31
0.0
  0
LINE
  5
8D8
330
1F
100
AcDbEntity
  8
walls
100
AcDbLine
 10
42.04313654411712
 20
84.93353519076014
 30
0.0
 11
42.04313654411683
 21
82.23353519076011
 31
0.0
  0
LINE
  5
8D9
330
1F
100
AcDbEntity
  8
walls
100
AcDbLine
 10
42.19313654411715
 20
95.51814129681622
 30
0.0
 11
37.23313654412104
 21
95.51814129681622
 31
0.0
  0
LINE
  5
8DA
330
1F
100
AcDbEntity
  8
walls
100
AcDbLine
 10
42.04313654411712
 20
95.368141296815
 30
0.0
 11
37.38313654412102
 21
95.36814129681635
 31
0.0
  0
LINE
  5
8DB
330
1F
100
AcDbEntity
  8
walls
100
AcDbLine
 10
42.04313654411712
 20
90.03353519076005
 30
0.0
 11
41.55210496392848
 21
90.03353519076005
 31
0.0
  0
LINE
  5
8DC
330
1F
100
AcDbEntity
  8
walls
100
AcDbLine
 10
40.95210496392851
 20
90.03353519076005
 30
0.0
 11
37.38313654412085
 21
90.03353519076005
 31
0.0
  0
LINE
  5
8DD
330
1F
100
AcDbEntity
  8
walls
100
AcDbLine
 10
41.96313654411719
 20
90.18353519076015
 30
0.0
 11
41.55210496392848
 21
90.18353519076015
 31
0.0
  0
LINE
  5
8DE
330
1F
100
AcDbEntity
  8
walls
100
AcDbLine
 10
40.95210496392851
 20
90.18353519076015
 30
0.0
 11
37.46313654412117
 21
90.18353519075924
 31
0.0
  0
LINE
  5
8DF
330
1F
100
AcDbEntity
  8
walls
100
AcDbLine
 10
41.74313654411784
 20
87.03353519076006
 30
0.0
 11
37.39627143058502
 21
87.03353519076006
 31
0.0
  0
LINE
  5
8E0
330
1F
100
AcDbEntity
  8
walls
100
AcDbLine
 10
41.96313654411719
 20
86.88353519075997
 30
0.0
 11
37.39627143058502
 21
86.88353519075997
 31
0.0
  0
LINE
  5
8E1
330
1F
100
AcDbEntity
  8
elev 1
100
AcDbLine
 10
40.46313654411764
 20
90.03353519076005
 30
0.0
 11
40.46313654411804
 21
87.03353519076006
 31
0.0
  0
LINE
  5
8E2
330
1F
100
AcDbEntity
  8
elev 1
100
AcDbLine
 10
40.16313654411769
 20
90.03353519076005
 30
0.0
 11
40.16313654411781
 21
87.03353519076006
 31
0.0
  0
LINE
  5
8E3
330
1F
100
AcDbEntity
  8
elev 1
100
AcDbLine
 10
39.86313654411785
 20
90.03353519076005
 30
0.0
 11
39.86313654411814
 21
87.03353519076006
 31
0.0
  0
LINE
  5
8E4
330
1F
100
AcDbEntity
  8
elev 1
100
AcDbLine
 10
39.56313654411784
 20
90.03353519076005
 30
0.0
 11
39.56313654411801
 21
87.03353519076006
 31
0.0
  0
LINE
  5
8E5
330
1F
100
AcDbEntity
  8
elev 1
100
AcDbLine
 10
39.26313654411771
 20
90.03353519076005
 30
0.0
 11
39.26313654411834
 21
87.03353519076006
 31
0.0
  0
LINE
  5
8E6
330
1F
100
AcDbEntity
  8
elev 1
100
AcDbLine
 10
38.96313654411793
 20
90.03353519076005
 30
0.0
 11
38.96313654411816
 21
87.03353519076006
 31
0.0
  0
LINE
  5
8E7
330
1F
100
AcDbEntity
  8
elev 1
100
AcDbLine
 10
38.66313654411792
 20
90.03353519076005
 30
0.0
 11
38.66313654411832
 21
87.03353519076006
 31
0.0
  0
LINE
  5
8E8
330
1F
100
AcDbEntity
  8
elev 1
100
AcDbLine
 10
38.36313654411796
 20
90.03353519076005
 30
0.0
 11
38.36313654411814
 21
87.03353519076006
 31
0.0
  0
LINE
  5
8E9
330
1F
100
AcDbEntity
  8
elev 1
100
AcDbLine
 10
38.06313654411795
 20
90.03353519076005
 30
0.0
 11
38.06313654411852
 21
87.03353519076006
 31
0.0
  0
LINE
  5
8EA
330
1F
100
AcDbEntity
  8
elev 1
100
AcDbLine
 10
37.763136544118
 20
90.03353519076005
 30
0.0
 11
37.76313654411811
 21
87.03353519076006
 31
0.0
  0
LINE
  5
8EB
330
1F
100
AcDbEntity
  8
elev 1
100
AcDbLine
 10
40.46313654411764
 20
88.53353519076007
 30
0.0
 11
37.76313654411822
 21
88.53353519076007
 31
0.0
  0
LINE
  5
8EC
330
1F
100
AcDbEntity
  8
walls
100
AcDbLine
 10
42.04313654411683
 20
82.23353519076011
 30
0.0
 11
37.7741380030233
 21
82.23353519076011
 31
0.0
  0
LINE
  5
8ED
330
1F
100
AcDbEntity
  8
walls
100
AcDbLine
 10
37.32413800302314
 20
82.23353519076011
 30
0.0
 11
36.12413801252231
 21
82.23353519076011
 31
0.0
  0
LINE
  5
8EE
330
1F
100
AcDbEntity
  8
walls
100
AcDbLine
 10
41.74313654570911
 20
82.08353519076002
 30
0.0
 11
36.12413801252231
 21
82.08353519076002
 31
0.0
  0
LINE
  5
8EF
330
1F
100
AcDbEntity
  8
walls
100
AcDbLine
 10
38.55313654411773
 20
82.23353519076125
 30
0.0
 11
38.55313654411796
 21
85.38353519076133
 31
0.0
  0
LINE
  5
8F0
330
1F
100
AcDbEntity
  8
walls
100
AcDbLine
 10
38.70313654411766
 20
82.23353519076011
 30
0.0
 11
38.70313654411794
 21
85.2335351907601
 31
0.0
  0
LINE
  5
8F1
330
1F
100
AcDbEntity
  8
walls
100
AcDbLine
 10
37.39627143058502
 20
87.03353519076006
 30
0.0
 11
37.39627143058502
 21
86.88353519075997
 31
0.0
  0
LINE
  5
8F2
330
1F
100
AcDbEntity
  8
walls
100
AcDbLine
 10
25.74797868206124
 20
90.03367540307033
 30
0.0
 11
22.09797868206053
 21
90.03367540307033
 31
0.0
  0
LINE
  5
8F3
330
1F
100
AcDbEntity
  8
walls
100
AcDbLine
 10
25.59797868206093
 20
90.1836754030702
 30
0.0
 11
22.54793179825217
 21
90.1836754030702
 31
0.0
  0
LWPOLYLINE
  5
8F4
330
1F
100
AcDbEntity
  8
walls
100
AcDbPolyline
 90
        4
 70
     1
 43
0.0
 10
34.17413801252227
 20
82.33353519076002
 10
35.8741380125222
 20
82.33353519076002
 10
35.87413801252231
 20
83.93353519076015
 10
34.17413801252215
 20
83.93353519076015
  0
LWPOLYLINE
  5
8F5
330
1F
100
AcDbEntity
  8
walls
100
AcDbPolyline
 90
        5
 70
     0
 43
0.0
 10
33.92413801252227
 20
85.13353519075996
 10
32.11108939047077
 20
85.13353519075996
 10
32.11108939047083
 20
82.33353519076002
 10
33.92413801252227
 20
82.33353519076002
 10
33.92413801252227
 20
85.13353519075996
  0
LWPOLYLINE
  5
8F6
330
1F
100
AcDbEntity
  8
walls
100
AcDbPolyline
 90
        3
 70
     0
 43
0.0
 10
34.17413801252227
 20
84.18353519076015
 10
34.17413801252227
 20
85.38353519076133
 10
33.56761370149653
 20
85.38353519076133
  0
LWPOLYLINE
  5
8F7
330
1F
100
AcDbEntity
  8
walls
100
AcDbPolyline
 90
        6
 70
     0
 43
0.0
 10
32.46761370149651
 20
85.38353519076133
 10
31.86108939047094
 20
85.38353519076133
 10
31.86108939047077
 20
82.08353519076002
 10
36.12413801252231
 20
82.08353519076002
 10
36.12413801252231
 20
84.18353519076015
 10
35.45200782005244
 20
84.18353519076015
  0
LWPOLYLINE
  5
8F8
330
1F
100
AcDbEntity
  8
walls
100
AcDbPolyline
 90
        2
 70
     0
 43
0.0
 10
34.75200782005234
 20
84.18353519076015
 10
34.17413801252227
 20
84.18353519076015
  0
LINE
  5
8F9
330
1F
100
AcDbEntity
  8
FUR
100
AcDbLine
 10
32.11108939047077
 20
85.13353519075996
 30
0.0
 11
33.92413801252227
 21
82.33353519076002
 31
0.0
  0
LINE
  5
8FA
330
1F
100
AcDbEntity
  8
FUR
100
AcDbLine
 10
33.92413801252227
 20
85.13353519075996
 30
0.0
 11
32.11108939047083
 21
82.33353519076002
 31
0.0
  0
LINE
  5
8FB
330
1F
100
AcDbEntity
  8
FUR
100
AcDbLine
 10
34.17413801252215
 20
83.93353519076015
 30
0.0
 11
35.8741380125222
 21
82.33353519076002
 31
0.0
  0
LINE
  5
8FC
330
1F
100
AcDbEntity
  8
FUR
100
AcDbLine
 10
35.87413801252231
 20
83.93353519076015
 30
0.0
 11
34.17413801252227
 21
82.33353519076002
 31
0.0
  0
LINE
  5
8FD
330
1F
100
AcDbEntity
  8
walls
100
AcDbLine
 10
37.38313654412096
 20
90.48353519076011
 30
0.0
 11
37.38313654412102
 21
95.36814129681635
 31
0.0
  0
LINE
  5
8FE
330
1F
100
AcDbEntity
  8
walls
100
AcDbLine
 10
37.23313654412104
 20
90.48353519076011
 30
0.0
 11
37.23313654412104
 21
95.51814129681622
 31
0.0
  0
LINE
  5
8FF
330
1F
100
AcDbEntity
  8
elev 1
100
AcDbLine
 10
30.01797868206066
 20
82.31376919996808
 30
0.0
 11
30.01797868206066
 21
86.02154232273518
 31
0.0
  0
LINE
  5
900
330
1F
100
AcDbEntity
  8
elev 1
100
AcDbLine
 10
29.71797868206162
 20
82.31376919996808
 30
0.0
 11
29.71797868206133
 21
86.02154232273518
 31
0.0
  0
LINE
  5
901
330
1F
100
AcDbEntity
  8
elev 1
100
AcDbLine
 10
29.41797868206126
 20
82.31376919996808
 30
0.0
 11
29.41797868206132
 21
86.02154232273518
 31
0.0
  0
LINE
  5
902
330
1F
100
AcDbEntity
  8
elev 1
100
AcDbLine
 10
29.11797868206102
 20
82.31376919996808
 30
0.0
 11
29.11797868206114
 21
86.02154232273518
 31
0.0
  0
LINE
  5
903
330
1F
100
AcDbEntity
  8
elev 1
100
AcDbLine
 10
28.81797868206101
 20
82.31376919996808
 30
0.0
 11
28.8179786820609
 21
86.02154232273518
 31
0.0
  0
LINE
  5
904
330
1F
100
AcDbEntity
  8
elev 1
100
AcDbLine
 10
28.51797868206066
 20
82.31376919996808
 30
0.0
 11
28.51797868206083
 21
86.02154232273518
 31
0.0
  0
LINE
  5
905
330
1F
100
AcDbEntity
  8
elev 1
100
AcDbLine
 10
28.21797868206144
 20
82.31376919996808
 30
0.0
 11
28.21797868206144
 21
86.02154232273518
 31
0.0
  0
LINE
  5
906
330
1F
100
AcDbEntity
  8
elev 1
100
AcDbLine
 10
27.91797868206132
 20
82.31376919996808
 30
0.0
 11
27.91797868206132
 21
86.02154232273518
 31
0.0
  0
LINE
  5
907
330
1F
100
AcDbEntity
  8
elev 1
100
AcDbLine
 10
27.61797868206114
 20
82.31376919996808
 30
0.0
 11
27.61797868206114
 21
86.02154232273518
 31
0.0
  0
LINE
  5
908
330
1F
100
AcDbEntity
  8
elev 1
100
AcDbLine
 10
30.01797868206077
 20
84.16765576135128
 30
0.0
 11
27.61797868206114
 21
84.16765576135128
 31
0.0
  0
LINE
  5
909
330
1F
100
AcDbEntity
  8
walls
100
AcDbLine
 10
30.63099551451424
 20
86.02157765265827
 30
0.0
 11
26.04802559519172
 21
86.02154232273518
 31
0.0
  0
LINE
  5
90A
330
1F
100
AcDbEntity
  8
walls
100
AcDbLine
 10
31.51797868206066
 20
82.31376919996808
 30
0.0
 11
25.74797868206102
 21
82.31376919996808
 31
0.0
  0
LINE
  5
90B
330
1F
100
AcDbEntity
  8
walls
100
AcDbLine
 10
31.66797868206064
 20
82.08376919996807
 30
0.0
 11
25.59797868206104
 21
82.08376919996807
 31
0.0
  0
LINE
  5
90C
330
1F
100
AcDbEntity
  8
walls
100
AcDbLine
 10
25.59797868206104
 20
86.17154232273525
 30
0.0
 11
30.63099551451424
 21
86.17154232273525
 31
0.0
  0
LINE
  5
90D
330
1F
100
AcDbEntity
  8
walls
100
AcDbLine
 10
22.09797868206053
 20
92.30376966940013
 30
0.0
 11
22.09797868206053
 21
90.03367540307033
 31
0.0
  0
LINE
  5
90E
330
1F
100
AcDbEntity
  8
walls
100
AcDbLine
 10
22.24797868205971
 20
92.15376966940027
 30
0.0
 11
22.24797868205982
 21
90.26367542892501
 31
0.0
  0
LINE
  5
90F
330
1F
100
AcDbEntity
  8
walls
100
AcDbLine
 10
22.09797868206053
 20
92.30376966940013
 30
0.0
 11
25.7479786820609
 21
92.30376966940013
 31
0.0
  0
LINE
  5
910
330
1F
100
AcDbEntity
  8
walls
100
AcDbLine
 10
22.24797868205971
 20
92.15376966940027
 30
0.0
 11
25.59797868206081
 21
92.15376966940027
 31
0.0
  0
LINE
  5
911
330
1F
100
AcDbEntity
  8
walls
100
AcDbLine
 10
25.59797868206093
 20
90.1836754030702
 30
0.0
 11
25.59797868206081
 21
92.15376966940027
 31
0.0
  0
LINE
  5
912
330
1F
100
AcDbEntity
  8
walls
100
AcDbLine
 10
25.7479786820609
 20
92.30376966940013
 30
0.0
 11
25.74797868206124
 21
90.03367540307033
 31
0.0
  0
LINE
  5
913
330
1F
100
AcDbEntity
  8
walls
100
AcDbLine
 10
25.59797868206104
 20
86.17154232273525
 30
0.0
 11
25.59797868206104
 21
82.08376919996807
 31
0.0
  0
LINE
  5
914
330
1F
100
AcDbEntity
  8
walls
100
AcDbLine
 10
25.74797868206102
 20
85.94158920263897
 30
0.0
 11
25.74797868206102
 21
82.31376919996808
 31
0.0
  0
LINE
  5
915
330
1F
100
AcDbEntity
  8
walls
100
AcDbLine
 10
31.7110893904663
 20
82.31353519076003
 30
0.0
 11
31.71108939046624
 21
85.72126144437209
 31
0.0
  0
LINE
  5
916
330
1F
100
AcDbEntity
  8
walls
100
AcDbLine
 10
31.86108939046622
 20
82.08353519076002
 30
0.0
 11
31.86108939046633
 21
86.17130831352723
 31
0.0
  0
LINE
  5
917
330
1F
100
AcDbEntity
  8
walls
100
AcDbLine
 10
42.19313654411715
 20
85.38353519075997
 30
0.0
 11
40.6131365441183
 21
85.38353519075997
 31
0.0
  0
LINE
  5
918
330
1F
100
AcDbEntity
  8
walls
100
AcDbLine
 10
40.6131365441183
 20
85.38353519075997
 30
0.0
 11
38.55313654411796
 21
85.38353519075997
 31
0.0
  0
LINE
  5
919
330
1F
100
AcDbEntity
  8
walls
100
AcDbLine
 10
41.96313654411719
 20
85.2335351907601
 30
0.0
 11
38.70313654411794
 21
85.2335351907601
 31
0.0
  0
LINE
  5
91A
330
1F
100
AcDbEntity
  8
above
 48
0.01
100
AcDbLine
 10
41.96313654411719
 20
90.25853519075997
 30
0.0
 11
37.46313654412083
 21
95.36814129681635
 31
0.0
  0
LINE
  5
91B
330
1F
100
AcDbEntity
  8
above
 48
0.01
100
AcDbLine
 10
37.46313654412117
 20
90.18353519075924
 30
0.0
 11
41.96313654411713
 21
95.36814129681635
 31
0.0
  0
LINE
  5
91C
330
1F
100
AcDbEntity
  8
above
 48
0.01
100
AcDbLine
 10
25.59790678231284
 20
90.26362851530633
 30
0.0
 11
22.24797868205971
 21
92.15376966940027
 31
0.0
  0
LINE
  5
91D
330
1F
100
AcDbEntity
  8
above
 48
0.01
100
AcDbLine
 10
22.24795367344481
 20
90.26367542110699
 30
0.0
 11
25.59797868206081
 21
92.15376966940027
 31
0.0
  0
LINE
  5
91E
330
1F
100
AcDbEntity
  8
walls
100
AcDbLine
 10
34.75200782005234
 20
83.93353519076015
 30
0.0
 11
34.75200782005234
 21
84.18353519076015
 31
0.0
  0
LINE
  5
91F
330
1F
100
AcDbEntity
  8
walls
100
AcDbLine
 10
35.45200782005244
 20
83.93353519076015
 30
0.0
 11
35.45200782005244
 21
84.18353519076015
 31
0.0
  0
LINE
  5
920
330
1F
100
AcDbEntity
  8
walls
100
AcDbLine
 10
32.46761370149651
 20
85.13353519075996
 30
0.0
 11
32.46761370149651
 21
85.38353519076133
 31
0.0
  0
LINE
  5
921
330
1F
100
AcDbEntity
  8
walls
100
AcDbLine
 10
33.56761370149653
 20
85.13353519075996
 30
0.0
 11
33.56761370149653
 21
85.38353519076133
 31
0.0
  0
LINE
  5
922
330
1F
100
AcDbEntity
  8
above
 48
0.01
100
AcDbLine
 10
42.04313654411683
 20
82.23353519076011
 30
0.0
 11
38.70313654411794
 21
85.2335351907601
 31
0.0
  0
LINE
  5
923
330
1F
100
AcDbEntity
  8
above
 48
0.01
100
AcDbLine
 10
38.70313654411766
 20
82.23353519076011
 30
0.0
 11
41.96313654411719
 21
85.15853519075916
 31
0.0
  0
LINE
  5
924
330
1F
100
AcDbEntity
  8
walls
100
AcDbLine
 10
40.95210496392851
 20
90.03353519076005
 30
0.0
 11
40.95210496392851
 21
90.18353519076015
 31
0.0
  0
LINE
  5
925
330
1F
100
AcDbEntity
  8
walls
100
AcDbLine
 10
41.55210496392848
 20
90.03353519076005
 30
0.0
 11
41.55210496392865
 21
90.18353519076015
 31
0.0
  0
LWPOLYLINE
  5
926
330
1F
100
AcDbEntity
  8
FUR
100
AcDbPolyline
 90
        2
 70
     0
 43
0.0
 10
31.59739551451546
 20
86.02157765265827
 10
31.55899551451412
 20
86.02157765265827
  0
LINE
  5
927
330
1F
100
AcDbEntity
  8
FUR
100
AcDbLine
 10
31.55899551451412
 20
86.02157765265827
 30
0.0
 11
31.55899551451412
 21
85.08960384138015
 31
0.0
  0
LWPOLYLINE
  5
928
330
1F
100
AcDbEntity
  8
FUR
100
AcDbPolyline
 90
        3
 70
     0
 43
0.0
 10
31.59739551451546
 20
86.02157765265827
 10
31.59739551451546
 20
85.08877765265708
 42
-0.3964514027515987
 10
30.66459551451314
 20
86.02157765265827
 42
-0.3964514027516126
  0
LWPOLYLINE
  5
929
330
1F
100
AcDbEntity
  8
FUR
100
AcDbPolyline
 90
        8
 70
     0
 43
0.0
 10
30.66459551451314
 20
86.17157765265835
 10
30.66459551451314
 20
86.15557765265441
 10
30.67899551451316
 20
86.15557765265441
 10
30.67899551451316
 20
86.06957765265713
 10
30.66459551451314
 20
86.06957765265713
 10
30.66459551451314
 20
86.02157765265827
 10
30.63099551451424
 20
86.02157765265827
 10
30.63099551451424
 20
86.17157765265835
  0
LINE
  5
92A
330
1F
100
AcDbEntity
  8
FUR
100
AcDbLine
 10
31.59739551451546
 20
86.17157765265835
 30
0.0
 11
31.59739551451546
 21
86.15557765265441
 31
0.0
  0
LINE
  5
92B
330
1F
100
AcDbEntity
  8
FUR
100
AcDbLine
 10
31.59739551451546
 20
86.15557765265441
 30
0.0
 11
31.58299551451543
 21
86.15557765265441
 31
0.0
  0
LINE
  5
92C
330
1F
100
AcDbEntity
  8
FUR
100
AcDbLine
 10
31.58299551451543
 20
86.15557765265441
 30
0.0
 11
31.58299551451543
 21
86.06957765265713
 31
0.0
  0
LINE
  5
92D
330
1F
100
AcDbEntity
  8
FUR
100
AcDbLine
 10
31.58299551451543
 20
86.06957765265713
 30
0.0
 11
31.59739551451546
 21
86.06957765265713
 31
0.0
  0
LINE
  5
92E
330
1F
100
AcDbEntity
  8
FUR
100
AcDbLine
 10
31.59739551451546
 20
86.06957765265713
 30
0.0
 11
31.59739551451546
 21
86.02157765265827
 31
0.0
  0
LINE
  5
92F
330
1F
100
AcDbEntity
  8
FUR
100
AcDbLine
 10
31.59739551451546
 20
86.02157765265827
 30
0.0
 11
31.63099551451424
 21
86.02157765265827
 31
0.0
  0
LINE
  5
930
330
1F
100
AcDbEntity
  8
FUR
100
AcDbLine
 10
31.63099551451435
 20
86.17157765265835
 30
0.0
 11
31.59739551451546
 21
86.17157765265835
 31
0.0
  0
LINE
  5
931
330
1F
100
AcDbEntity
  8
FUR
100
AcDbLine
 10
30.66459551451314
 20
86.17157765265835
 30
0.0
 11
30.63099551451424
 21
86.17157765265835
 31
0.0
  0
LINE
  5
932
330
1F
100
AcDbEntity
  8
walls
100
AcDbLine
 10
30.63099551451424
 20
86.17154232273525
 30
0.0
 11
30.63099551451424
 21
86.02154232273518
 31
0.0
  0
LINE
  5
933
330
1F
100
AcDbEntity
  8
walls
100
AcDbLine
 10
82.78307779886935
 20
36.00632507636432
 30
0.0
 11
82.78307779886935
 21
44.64093118242034
 31
0.0
  0
LINE
  5
934
330
1F
100
AcDbEntity
  8
walls
100
AcDbLine
 10
82.78307779886935
 20
46.14093118242034
 30
0.0
 11
82.78307779886935
 21
49.29093118241929
 31
0.0
  0
LINE
  5
935
330
1F
100
AcDbEntity
  8
walls
100
AcDbLine
 10
82.93307779886934
 20
36.15632507636441
 30
0.0
 11
82.93307779886934
 21
41.04093118241929
 31
0.0
  0
LINE
  5
936
330
1F
100
AcDbEntity
  8
walls
100
AcDbLine
 10
82.93307779886934
 20
41.49093118241934
 30
0.0
 11
82.93307779886916
 21
44.41093118242032
 31
0.0
  0
LINE
  5
937
330
1F
100
AcDbEntity
  8
walls
100
AcDbLine
 10
82.93307779886934
 20
46.59093118242015
 30
0.0
 11
82.93307779886962
 21
49.29093118241929
 31
0.0
  0
LINE
  5
938
330
1F
100
AcDbEntity
  8
walls
100
AcDbLine
 10
82.78307779886935
 20
36.00632507636432
 30
0.0
 11
87.74307779886546
 21
36.00632507636432
 31
0.0
  0
LINE
  5
939
330
1F
100
AcDbEntity
  8
walls
100
AcDbLine
 10
82.93307779886934
 20
36.15632507636441
 30
0.0
 11
87.5130778004582
 21
36.15632507636441
 31
0.0
  0
LINE
  5
93A
330
1F
100
AcDbEntity
  8
walls
100
AcDbLine
 10
82.93307779886934
 20
41.49093118241934
 30
0.0
 11
83.42410937905791
 21
41.49093118241934
 31
0.0
  0
LINE
  5
93B
330
1F
100
AcDbEntity
  8
walls
100
AcDbLine
 10
84.02410937905793
 20
41.49093118242024
 30
0.0
 11
87.74307779886546
 21
41.49093118242024
 31
0.0
  0
LINE
  5
93C
330
1F
100
AcDbEntity
  8
walls
100
AcDbLine
 10
83.0130777988692
 20
41.34093118241924
 30
0.0
 11
83.42410937905791
 21
41.34093118241924
 31
0.0
  0
LINE
  5
93D
330
1F
100
AcDbEntity
  8
walls
100
AcDbLine
 10
84.02410937905793
 20
41.34093118241924
 30
0.0
 11
87.59307779886555
 21
41.34093118242016
 31
0.0
  0
LINE
  5
93E
330
1F
100
AcDbEntity
  8
walls
100
AcDbLine
 10
83.23307779886865
 20
44.49093118241933
 30
0.0
 11
87.57994291240143
 21
44.49093118241933
 31
0.0
  0
LINE
  5
93F
330
1F
100
AcDbEntity
  8
walls
100
AcDbLine
 10
83.0130777988692
 20
44.64093118242034
 30
0.0
 11
87.57994291240143
 21
44.64093118242034
 31
0.0
  0
LINE
  5
940
330
1F
100
AcDbEntity
  8
elev 1
100
AcDbLine
 10
84.51307779886887
 20
41.49093118241934
 30
0.0
 11
84.51307779886846
 21
44.49093118242024
 31
0.0
  0
LINE
  5
941
330
1F
100
AcDbEntity
  8
elev 1
100
AcDbLine
 10
84.8130777988687
 20
41.49093118241934
 30
0.0
 11
84.81307779886865
 21
44.49093118242024
 31
0.0
  0
LINE
  5
942
330
1F
100
AcDbEntity
  8
elev 1
100
AcDbLine
 10
85.11307779886866
 20
41.49093118241934
 30
0.0
 11
85.11307779886838
 21
44.49093118242024
 31
0.0
  0
LINE
  5
943
330
1F
100
AcDbEntity
  8
elev 1
100
AcDbLine
 10
85.41307779886867
 20
41.49093118241934
 30
0.0
 11
85.41307779886844
 21
44.49093118242024
 31
0.0
  0
LINE
  5
944
330
1F
100
AcDbEntity
  8
elev 1
100
AcDbLine
 10
85.71307779886868
 20
41.49093118241934
 30
0.0
 11
85.71307779886817
 21
44.49093118242024
 31
0.0
  0
LINE
  5
945
330
1F
100
AcDbEntity
  8
elev 1
100
AcDbLine
 10
86.01307779886852
 20
41.49093118241934
 30
0.0
 11
86.01307779886836
 21
44.49093118242024
 31
0.0
  0
LINE
  5
946
330
1F
100
AcDbEntity
  8
elev 1
100
AcDbLine
 10
86.31307779886848
 20
41.49093118241934
 30
0.0
 11
86.31307779886814
 21
44.49093118242024
 31
0.0
  0
LINE
  5
947
330
1F
100
AcDbEntity
  8
elev 1
100
AcDbLine
 10
86.61307779886849
 20
41.49093118241934
 30
0.0
 11
86.61307779886838
 21
44.49093118242024
 31
0.0
  0
LINE
  5
948
330
1F
100
AcDbEntity
  8
elev 1
100
AcDbLine
 10
86.9130777988685
 20
41.49093118241934
 30
0.0
 11
86.91307779886798
 21
44.49093118242024
 31
0.0
  0
LINE
  5
949
330
1F
100
AcDbEntity
  8
elev 1
100
AcDbLine
 10
87.21307779886846
 20
41.49093118241934
 30
0.0
 11
87.21307779886833
 21
44.49093118241933
 31
0.0
  0
LINE
  5
94A
330
1F
100
AcDbEntity
  8
elev 1
100
AcDbLine
 10
84.51307779886887
 20
42.99093118241933
 30
0.0
 11
87.21307779886817
 21
42.99093118241933
 31
0.0
  0
LINE
  5
94B
330
1F
100
AcDbEntity
  8
walls
100
AcDbLine
 10
82.93307779886962
 20
49.29093118241929
 30
0.0
 11
87.20207634314849
 21
49.29093118241929
 31
0.0
  0
LINE
  5
94C
330
1F
100
AcDbEntity
  8
walls
100
AcDbLine
 10
87.65207634314881
 20
49.29093118241929
 30
0.0
 11
88.85207633046414
 21
49.29093118241929
 31
0.0
  0
LINE
  5
94D
330
1F
100
AcDbEntity
  8
walls
100
AcDbLine
 10
83.01307779886853
 20
49.44093118241938
 30
0.0
 11
88.85207633046414
 21
49.44093118241938
 31
0.0
  0
LINE
  5
94E
330
1F
100
AcDbEntity
  8
walls
100
AcDbLine
 10
86.42307779886872
 20
49.29093118241929
 30
0.0
 11
86.42307779886849
 21
46.14093118241942
 31
0.0
  0
LINE
  5
94F
330
1F
100
AcDbEntity
  8
walls
100
AcDbLine
 10
86.27307779886885
 20
49.29093118241929
 30
0.0
 11
86.27307779886852
 21
46.29093118241929
 31
0.0
  0
LINE
  5
950
330
1F
100
AcDbEntity
  8
walls
100
AcDbLine
 10
87.57994291240143
 20
44.49093118241933
 30
0.0
 11
87.57994291240143
 21
44.64093118242034
 31
0.0
  0
LINE
  5
951
330
1F
100
AcDbEntity
  8
walls
100
AcDbLine
 10
99.22823566092532
 20
41.49079097010997
 30
0.0
 11
102.8782356609258
 21
41.49079097010997
 31
0.0
  0
LINE
  5
952
330
1F
100
AcDbEntity
  8
walls
100
AcDbLine
 10
99.37823566092554
 20
41.34079097011011
 30
0.0
 11
102.4282825447343
 21
41.34079097011011
 31
0.0
  0
LWPOLYLINE
  5
953
330
1F
100
AcDbEntity
  8
walls
100
AcDbPolyline
 90
        4
 70
     1
 43
0.0
 10
90.80207633046418
 20
49.19093118241939
 10
89.1020763304642
 20
49.19093118241939
 10
89.10207633046415
 20
47.59093118241924
 10
90.80207633046436
 20
47.59093118241924
  0
LWPOLYLINE
  5
954
330
1F
100
AcDbEntity
  8
walls
100
AcDbPolyline
 90
        5
 70
     0
 43
0.0
 10
91.05207633046418
 20
46.39093118241943
 10
92.86512495251562
 20
46.39093118241943
 10
92.86512495251562
 20
49.19093118241939
 10
91.05207633046418
 20
49.19093118241939
 10
91.05207633046418
 20
46.39093118241943
  0
LWPOLYLINE
  5
955
330
1F
100
AcDbEntity
  8
walls
100
AcDbPolyline
 90
        3
 70
     0
 43
0.0
 10
90.80207633046418
 20
47.34093118241925
 10
90.80207633046418
 20
46.14093118241942
 10
91.40860064148998
 20
46.14093118241942
  0
LWPOLYLINE
  5
956
330
1F
100
AcDbEntity
  8
walls
100
AcDbPolyline
 90
        6
 70
     0
 43
0.0
 10
92.50860064148994
 20
46.14093118241942
 10
93.11512495251552
 20
46.14093118241942
 10
93.11512495251562
 20
49.44093118241938
 10
88.85207633046414
 20
49.44093118241938
 10
88.85207633046414
 20
47.34093118241925
 10
89.52420652293401
 20
47.34093118241925
  0
LWPOLYLINE
  5
957
330
1F
100
AcDbEntity
  8
walls
100
AcDbPolyline
 90
        2
 70
     0
 43
0.0
 10
90.2242065229341
 20
47.34093118241925
 10
90.80207633046418
 20
47.34093118241925
  0
LINE
  5
958
330
1F
100
AcDbEntity
  8
FUR
100
AcDbLine
 10
92.86512495251562
 20
46.39093118241943
 30
0.0
 11
91.05207633046418
 21
49.19093118241939
 31
0.0
  0
LINE
  5
959
330
1F
100
AcDbEntity
  8
FUR
100
AcDbLine
 10
91.05207633046418
 20
46.39093118241943
 30
0.0
 11
92.86512495251562
 21
49.19093118241939
 31
0.0
  0
LINE
  5
95A
330
1F
100
AcDbEntity
  8
FUR
100
AcDbLine
 10
90.80207633046436
 20
47.59093118241924
 30
0.0
 11
89.1020763304642
 21
49.19093118241939
 31
0.0
  0
LINE
  5
95B
330
1F
100
AcDbEntity
  8
FUR
100
AcDbLine
 10
89.10207633046415
 20
47.59093118241924
 30
0.0
 11
90.80207633046418
 21
49.19093118241939
 31
0.0
  0
LINE
  5
95C
330
1F
100
AcDbEntity
  8
walls
100
AcDbLine
 10
87.59307779886555
 20
41.34093118242016
 30
0.0
 11
87.59307779886531
 21
36.45632507636436
 31
0.0
  0
LINE
  5
95D
330
1F
100
AcDbEntity
  8
walls
100
AcDbLine
 10
87.74307779886546
 20
41.49093118242024
 30
0.0
 11
87.74307779886546
 21
36.00632507636432
 31
0.0
  0
LINE
  5
95E
330
1F
100
AcDbEntity
  8
elev 1
100
AcDbLine
 10
94.9582356609258
 20
49.21069717321223
 30
0.0
 11
94.9582356609258
 21
45.50292405044422
 31
0.0
  0
LINE
  5
95F
330
1F
100
AcDbEntity
  8
elev 1
100
AcDbLine
 10
95.25823566092483
 20
49.21069717321223
 30
0.0
 11
95.25823566092501
 21
45.50292405044422
 31
0.0
  0
LINE
  5
960
330
1F
100
AcDbEntity
  8
elev 1
100
AcDbLine
 10
95.55823566092518
 20
49.21069717321223
 30
0.0
 11
95.55823566092513
 21
45.50292405044514
 31
0.0
  0
LINE
  5
961
330
1F
100
AcDbEntity
  8
elev 1
100
AcDbLine
 10
95.85823566092548
 20
49.21069717321223
 30
0.0
 11
95.85823566092537
 21
45.50292405044514
 31
0.0
  0
LINE
  5
962
330
1F
100
AcDbEntity
  8
elev 1
100
AcDbLine
 10
96.15823566092544
 20
49.21069717321132
 30
0.0
 11
96.15823566092556
 21
45.50292405044514
 31
0.0
  0
LINE
  5
963
330
1F
100
AcDbEntity
  8
elev 1
100
AcDbLine
 10
96.4582356609258
 20
49.21069717321223
 30
0.0
 11
96.45823566092563
 21
45.50292405044514
 31
0.0
  0
LINE
  5
964
330
1F
100
AcDbEntity
  8
elev 1
100
AcDbLine
 10
96.75823566092502
 20
49.21069717321223
 30
0.0
 11
96.75823566092502
 21
45.50292405044422
 31
0.0
  0
LINE
  5
965
330
1F
100
AcDbEntity
  8
elev 1
100
AcDbLine
 10
97.05823566092513
 20
49.21069717321132
 30
0.0
 11
97.05823566092513
 21
45.50292405044514
 31
0.0
  0
LINE
  5
966
330
1F
100
AcDbEntity
  8
elev 1
100
AcDbLine
 10
97.35823566092538
 20
49.21069717321132
 30
0.0
 11
97.35823566092538
 21
45.50292405044514
 31
0.0
  0
LINE
  5
967
330
1F
100
AcDbEntity
  8
elev 1
100
AcDbLine
 10
94.95823566092568
 20
47.35681061182812
 30
0.0
 11
97.35823566092538
 21
47.35681061182812
 31
0.0
  0
LINE
  5
968
330
1F
100
AcDbEntity
  8
walls
100
AcDbLine
 10
94.34521882847221
 20
45.50288872052204
 30
0.0
 11
98.92818874779473
 21
45.50292405044514
 31
0.0
  0
LINE
  5
969
330
1F
100
AcDbEntity
  8
walls
100
AcDbLine
 10
93.45823566092567
 20
49.21069717321223
 30
0.0
 11
99.22823566092544
 21
49.21069717321223
 31
0.0
  0
LINE
  5
96A
330
1F
100
AcDbEntity
  8
walls
100
AcDbLine
 10
93.30823566092581
 20
49.44069717321225
 30
0.0
 11
99.37823566092546
 21
49.44069717321225
 31
0.0
  0
LINE
  5
96B
330
1F
100
AcDbEntity
  8
walls
100
AcDbLine
 10
99.37823566092546
 20
45.35292405044504
 30
0.0
 11
94.34521882847221
 21
45.35292405044504
 31
0.0
  0
LINE
  5
96C
330
1F
100
AcDbEntity
  8
walls
100
AcDbLine
 10
102.8782356609258
 20
39.22069670378017
 30
0.0
 11
102.8782356609258
 21
41.49079097010997
 31
0.0
  0
LINE
  5
96D
330
1F
100
AcDbEntity
  8
walls
100
AcDbLine
 10
102.7282356609267
 20
39.37069670378003
 30
0.0
 11
102.7282356609265
 21
41.26079094425438
 31
0.0
  0
LINE
  5
96E
330
1F
100
AcDbEntity
  8
walls
100
AcDbLine
 10
102.8782356609258
 20
39.22069670378017
 30
0.0
 11
99.22823566092544
 21
39.22069670378017
 31
0.0
  0
LINE
  5
96F
330
1F
100
AcDbEntity
  8
walls
100
AcDbLine
 10
102.7282356609267
 20
39.37069670378003
 30
0.0
 11
99.37823566092564
 21
39.37069670378003
 31
0.0
  0
LINE
  5
970
330
1F
100
AcDbEntity
  8
walls
100
AcDbLine
 10
99.37823566092554
 20
41.34079097011011
 30
0.0
 11
99.37823566092564
 21
39.37069670378003
 31
0.0
  0
LINE
  5
971
330
1F
100
AcDbEntity
  8
walls
100
AcDbLine
 10
99.22823566092544
 20
39.22069670378017
 30
0.0
 11
99.22823566092532
 21
41.49079097010997
 31
0.0
  0
LINE
  5
972
330
1F
100
AcDbEntity
  8
walls
100
AcDbLine
 10
99.37823566092546
 20
45.35292405044504
 30
0.0
 11
99.37823566092546
 21
49.44069717321225
 31
0.0
  0
LINE
  5
973
330
1F
100
AcDbEntity
  8
walls
100
AcDbLine
 10
99.22823566092544
 20
45.58287717053998
 30
0.0
 11
99.22823566092544
 21
49.21069717321223
 31
0.0
  0
LINE
  5
974
330
1F
100
AcDbEntity
  8
walls
100
AcDbLine
 10
93.26512495252016
 20
49.21093118241937
 30
0.0
 11
93.26512495252021
 21
45.80320492880821
 31
0.0
  0
LINE
  5
975
330
1F
100
AcDbEntity
  8
walls
100
AcDbLine
 10
93.11512495252017
 20
49.44093118241938
 30
0.0
 11
93.11512495252017
 21
45.3531580596524
 31
0.0
  0
LINE
  5
976
330
1F
100
AcDbEntity
  8
walls
100
AcDbLine
 10
82.78307779886935
 20
46.14093118242034
 30
0.0
 11
84.36307779886815
 21
46.14093118242034
 31
0.0
  0
LINE
  5
977
330
1F
100
AcDbEntity
  8
walls
100
AcDbLine
 10
84.36307779886815
 20
46.14093118242034
 30
0.0
 11
86.42307779886849
 21
46.14093118242034
 31
0.0
  0
LINE
  5
978
330
1F
100
AcDbEntity
  8
walls
100
AcDbLine
 10
83.0130777988692
 20
46.2909311824202
 30
0.0
 11
86.27307779886852
 21
46.2909311824202
 31
0.0
  0
LINE
  5
979
330
1F
100
AcDbEntity
  8
above
 48
0.01
100
AcDbLine
 10
83.0130777988692
 20
41.26593118241943
 30
0.0
 11
87.5130777988655
 21
36.15632507636441
 31
0.0
  0
LINE
  5
97A
330
1F
100
AcDbEntity
  8
above
 48
0.01
100
AcDbLine
 10
87.51307779886534
 20
41.34093118242016
 30
0.0
 11
83.01307779886931
 21
36.15632507636441
 31
0.0
  0
LINE
  5
97B
330
1F
100
AcDbEntity
  8
above
 48
0.01
100
AcDbLine
 10
99.37830756067368
 20
41.26083785787307
 30
0.0
 11
102.7282356609267
 21
39.37069670378003
 31
0.0
  0
LINE
  5
97C
330
1F
100
AcDbEntity
  8
above
 48
0.01
100
AcDbLine
 10
102.7282606695416
 20
41.26079095207194
 30
0.0
 11
99.37823566092564
 21
39.37069670378003
 31
0.0
  0
LINE
  5
97D
330
1F
100
AcDbEntity
  8
walls
100
AcDbLine
 10
90.2242065229341
 20
47.59093118241924
 30
0.0
 11
90.2242065229341
 21
47.34093118241925
 31
0.0
  0
LINE
  5
97E
330
1F
100
AcDbEntity
  8
walls
100
AcDbLine
 10
89.52420652293401
 20
47.59093118241924
 30
0.0
 11
89.52420652293401
 21
47.34093118241925
 31
0.0
  0
LINE
  5
97F
330
1F
100
AcDbEntity
  8
walls
100
AcDbLine
 10
91.40860064148998
 20
46.39093118241943
 30
0.0
 11
91.40860064148998
 21
46.14093118241942
 31
0.0
  0
LINE
  5
980
330
1F
100
AcDbEntity
  8
above
 48
0.01
100
AcDbLine
 10
82.93307779886962
 20
49.29093118241929
 30
0.0
 11
86.27307779886852
 21
46.29093118241929
 31
0.0
  0
LINE
  5
981
330
1F
100
AcDbEntity
  8
above
 48
0.01
100
AcDbLine
 10
86.27307779886885
 20
49.29093118241929
 30
0.0
 11
83.0130777988692
 21
46.36593118242024
 31
0.0
  0
LINE
  5
982
330
1F
100
AcDbEntity
  8
walls
100
AcDbLine
 10
84.02410937905793
 20
41.49093118242024
 30
0.0
 11
84.02410937905793
 21
41.34093118241924
 31
0.0
  0
LINE
  5
983
330
1F
100
AcDbEntity
  8
walls
100
AcDbLine
 10
83.42410937905791
 20
41.49093118241934
 30
0.0
 11
83.4241093790578
 21
41.34093118241924
 31
0.0
  0
LWPOLYLINE
  5
984
330
1F
100
AcDbEntity
  8
FUR
100
AcDbPolyline
 90
        3
 70
     0
 43
0.0
 10
93.37881882847099
 20
45.50288872052204
 10
93.37881882847099
 20
46.43568872052209
 42
-0.3964514027515987
 10
94.31161882847332
 20
45.50288872052204
 42
-0.3964514027516126
  0
LWPOLYLINE
  5
985
330
1F
100
AcDbEntity
  8
FUR
100
AcDbPolyline
 90
        8
 70
     0
 43
0.0
 10
94.31161882847332
 20
45.35288872052195
 10
94.31161882847332
 20
45.36888872052521
 10
94.29721882847335
 20
45.36888872052521
 10
94.29721882847335
 20
45.45488872052318
 10
94.31161882847332
 20
45.45488872052318
 10
94.31161882847332
 20
45.50288872052204
 10
94.34521882847221
 20
45.50288872052204
 10
94.34521882847221
 20
45.35288872052195
  0
LINE
  5
986
330
1F
100
AcDbEntity
  8
FUR
100
AcDbLine
 10
94.31161882847332
 20
45.35288872052195
 30
0.0
 11
94.34521882847221
 21
45.35288872052195
 31
0.0
  0
LINE
  5
987
330
1F
100
AcDbEntity
  8
walls
100
AcDbLine
 10
94.34521882847221
 20
45.35292405044504
 30
0.0
 11
94.34521882847221
 21
45.50292405044514
 31
0.0
  0
LINE
  5
988
330
1F
100
AcDbEntity
  8
walls
100
AcDbLine
 10
82.78307779886935
 20
95.51814129681622
 30
0.0
 11
82.78307779886935
 21
85.38353519075997
 31
0.0
  0
LINE
  5
989
330
1F
100
AcDbEntity
  8
walls
100
AcDbLine
 10
82.78307779886935
 20
85.38353519075997
 30
0.0
 11
82.78307779886935
 21
82.23353519076011
 31
0.0
  0
LINE
  5
98A
330
1F
100
AcDbEntity
  8
walls
100
AcDbLine
 10
82.93307779886934
 20
95.368141296815
 30
0.0
 11
82.93307779886934
 21
90.48353519076011
 31
0.0
  0
LINE
  5
98B
330
1F
100
AcDbEntity
  8
walls
100
AcDbLine
 10
82.93307779886934
 20
90.03353519076005
 30
0.0
 11
82.93307779886916
 21
87.11353519075998
 31
0.0
  0
LINE
  5
98C
330
1F
100
AcDbEntity
  8
walls
100
AcDbLine
 10
82.93307779886916
 20
86.88353519075997
 30
0.0
 11
82.93307779886916
 21
85.38353519075997
 31
0.0
  0
LINE
  5
98D
330
1F
100
AcDbEntity
  8
walls
100
AcDbLine
 10
82.93307779886934
 20
84.93353519076014
 30
0.0
 11
82.93307779886962
 21
82.23353519076011
 31
0.0
  0
LINE
  5
98E
330
1F
100
AcDbEntity
  8
walls
100
AcDbLine
 10
82.78307779886935
 20
95.51814129681622
 30
0.0
 11
87.74307779886546
 21
95.51814129681622
 31
0.0
  0
LINE
  5
98F
330
1F
100
AcDbEntity
  8
walls
100
AcDbLine
 10
82.93307779886934
 20
95.368141296815
 30
0.0
 11
87.59307779886531
 21
95.36814129681635
 31
0.0
  0
LINE
  5
990
330
1F
100
AcDbEntity
  8
walls
100
AcDbLine
 10
82.93307779886934
 20
90.03353519076005
 30
0.0
 11
83.42410937905791
 21
90.03353519076005
 31
0.0
  0
LINE
  5
991
330
1F
100
AcDbEntity
  8
walls
100
AcDbLine
 10
84.02410937905793
 20
90.03353519076005
 30
0.0
 11
87.59307779886567
 21
90.03353519076005
 31
0.0
  0
LINE
  5
992
330
1F
100
AcDbEntity
  8
walls
100
AcDbLine
 10
83.0130777988692
 20
90.18353519076015
 30
0.0
 11
83.42410937905791
 21
90.18353519076015
 31
0.0
  0
LINE
  5
993
330
1F
100
AcDbEntity
  8
walls
100
AcDbLine
 10
84.02410937905793
 20
90.18353519076015
 30
0.0
 11
87.51307779886534
 21
90.18353519075924
 31
0.0
  0
LINE
  5
994
330
1F
100
AcDbEntity
  8
walls
100
AcDbLine
 10
83.23307779886865
 20
87.03353519076006
 30
0.0
 11
87.57994291240143
 21
87.03353519076006
 31
0.0
  0
LINE
  5
995
330
1F
100
AcDbEntity
  8
walls
100
AcDbLine
 10
83.0130777988692
 20
86.88353519075997
 30
0.0
 11
87.57994291240143
 21
86.88353519075997
 31
0.0
  0
LINE
  5
996
330
1F
100
AcDbEntity
  8
elev 1
100
AcDbLine
 10
84.51307779886887
 20
90.03353519076005
 30
0.0
 11
84.51307779886846
 21
87.03353519076006
 31
0.0
  0
LINE
  5
997
330
1F
100
AcDbEntity
  8
elev 1
100
AcDbLine
 10
84.8130777988687
 20
90.03353519076005
 30
0.0
 11
84.81307779886865
 21
87.03353519076006
 31
0.0
  0
LINE
  5
998
330
1F
100
AcDbEntity
  8
elev 1
100
AcDbLine
 10
85.11307779886866
 20
90.03353519076005
 30
0.0
 11
85.11307779886838
 21
87.03353519076006
 31
0.0
  0
LINE
  5
999
330
1F
100
AcDbEntity
  8
elev 1
100
AcDbLine
 10
85.41307779886867
 20
90.03353519076005
 30
0.0
 11
85.41307779886844
 21
87.03353519076006
 31
0.0
  0
LINE
  5
99A
330
1F
100
AcDbEntity
  8
elev 1
100
AcDbLine
 10
85.71307779886868
 20
90.03353519076005
 30
0.0
 11
85.71307779886817
 21
87.03353519076006
 31
0.0
  0
LINE
  5
99B
330
1F
100
AcDbEntity
  8
elev 1
100
AcDbLine
 10
86.01307779886852
 20
90.03353519076005
 30
0.0
 11
86.01307779886836
 21
87.03353519076006
 31
0.0
  0
LINE
  5
99C
330
1F
100
AcDbEntity
  8
elev 1
100
AcDbLine
 10
86.31307779886848
 20
90.03353519076005
 30
0.0
 11
86.31307779886814
 21
87.03353519076006
 31
0.0
  0
LINE
  5
99D
330
1F
100
AcDbEntity
  8
elev 1
100
AcDbLine
 10
86.61307779886849
 20
90.03353519076005
 30
0.0
 11
86.61307779886838
 21
87.03353519076006
 31
0.0
  0
LINE
  5
99E
330
1F
100
AcDbEntity
  8
elev 1
100
AcDbLine
 10
86.9130777988685
 20
90.03353519076005
 30
0.0
 11
86.91307779886798
 21
87.03353519076006
 31
0.0
  0
LINE
  5
99F
330
1F
100
AcDbEntity
  8
elev 1
100
AcDbLine
 10
87.21307779886846
 20
90.03353519076005
 30
0.0
 11
87.21307779886833
 21
87.03353519076006
 31
0.0
  0
LINE
  5
9A0
330
1F
100
AcDbEntity
  8
elev 1
100
AcDbLine
 10
84.51307779886887
 20
88.53353519076007
 30
0.0
 11
87.21307779886817
 21
88.53353519076007
 31
0.0
  0
LINE
  5
9A1
330
1F
100
AcDbEntity
  8
walls
100
AcDbLine
 10
82.93307779886962
 20
82.23353519076011
 30
0.0
 11
87.20207634314849
 21
82.23353519076011
 31
0.0
  0
LINE
  5
9A2
330
1F
100
AcDbEntity
  8
walls
100
AcDbLine
 10
87.65207634314881
 20
82.23353519076011
 30
0.0
 11
88.85207633046414
 21
82.23353519076011
 31
0.0
  0
LINE
  5
9A3
330
1F
100
AcDbEntity
  8
walls
100
AcDbLine
 10
83.23307780046272
 20
82.08353519076002
 30
0.0
 11
88.85207633046414
 21
82.08353519076002
 31
0.0
  0
LINE
  5
9A4
330
1F
100
AcDbEntity
  8
walls
100
AcDbLine
 10
86.42307779886872
 20
82.23353519076125
 30
0.0
 11
86.42307779886849
 21
85.38353519076133
 31
0.0
  0
LINE
  5
9A5
330
1F
100
AcDbEntity
  8
walls
100
AcDbLine
 10
86.27307779886885
 20
82.23353519076011
 30
0.0
 11
86.27307779886852
 21
84.93353519075833
 31
0.0
  0
LINE
  5
9A6
330
1F
100
AcDbEntity
  8
walls
100
AcDbLine
 10
87.57994291240143
 20
87.03353519076006
 30
0.0
 11
87.57994291240143
 21
86.88353519075997
 31
0.0
  0
LINE
  5
9A7
330
1F
100
AcDbEntity
  8
walls
100
AcDbLine
 10
99.22828242141983
 20
90.03367540307033
 30
0.0
 11
102.7282824197451
 21
90.03367540307033
 31
0.0
  0
LINE
  5
9A8
330
1F
100
AcDbEntity
  8
walls
100
AcDbLine
 10
99.37823566092554
 20
90.1836754030702
 30
0.0
 11
102.4282825447343
 21
90.1836754030702
 31
0.0
  0
LWPOLYLINE
  5
9A9
330
1F
100
AcDbEntity
  8
walls
100
AcDbPolyline
 90
        4
 70
     1
 43
0.0
 10
90.80207633046418
 20
82.33353519076002
 10
89.1020763304642
 20
82.33353519076002
 10
89.10207633046415
 20
83.93353519076015
 10
90.80207633046436
 20
83.93353519076015
  0
LWPOLYLINE
  5
9AA
330
1F
100
AcDbEntity
  8
walls
100
AcDbPolyline
 90
        5
 70
     0
 43
0.0
 10
91.05207633046418
 20
85.13353519075996
 10
92.86512495251562
 20
85.13353519075996
 10
92.86512495251562
 20
82.33353519076002
 10
91.05207633046418
 20
82.33353519076002
 10
91.05207633046418
 20
85.13353519075996
  0
LWPOLYLINE
  5
9AB
330
1F
100
AcDbEntity
  8
walls
100
AcDbPolyline
 90
        3
 70
     0
 43
0.0
 10
90.80207633046418
 20
84.18353519076015
 10
90.80207633046418
 20
85.38353519076133
 10
91.40860064148998
 20
85.38353519076133
  0
LWPOLYLINE
  5
9AC
330
1F
100
AcDbEntity
  8
walls
100
AcDbPolyline
 90
        6
 70
     0
 43
0.0
 10
92.50860064148994
 20
85.38353519076133
 10
93.11512495251552
 20
85.38353519076133
 10
93.11512495251562
 20
82.08353519076002
 10
88.85207633046414
 20
82.08353519076002
 10
88.85207633046414
 20
84.18353519076015
 10
89.52420652293401
 20
84.18353519076015
  0
LWPOLYLINE
  5
9AD
330
1F
100
AcDbEntity
  8
walls
100
AcDbPolyline
 90
        2
 70
     0
 43
0.0
 10
90.2242065229341
 20
84.18353519076015
 10
90.80207633046418
 20
84.18353519076015
  0
LINE
  5
9AE
330
1F
100
AcDbEntity
  8
FUR
100
AcDbLine
 10
92.86512495251562
 20
85.13353519075996
 30
0.0
 11
91.05207633046418
 21
82.33353519076002
 31
0.0
  0
LINE
  5
9AF
330
1F
100
AcDbEntity
  8
FUR
100
AcDbLine
 10
91.05207633046418
 20
85.13353519075996
 30
0.0
 11
92.86512495251562
 21
82.33353519076002
 31
0.0
  0
LINE
  5
9B0
330
1F
100
AcDbEntity
  8
FUR
100
AcDbLine
 10
90.80207633046436
 20
83.93353519076015
 30
0.0
 11
89.1020763304642
 21
82.33353519076002
 31
0.0
  0
LINE
  5
9B1
330
1F
100
AcDbEntity
  8
FUR
100
AcDbLine
 10
89.10207633046415
 20
83.93353519076015
 30
0.0
 11
90.80207633046418
 21
82.33353519076002
 31
0.0
  0
LINE
  5
9B2
330
1F
100
AcDbEntity
  8
walls
100
AcDbLine
 10
87.59307779886555
 20
90.48353519076011
 30
0.0
 11
87.59307779886531
 21
95.36814129681635
 31
0.0
  0
LINE
  5
9B3
330
1F
100
AcDbEntity
  8
walls
100
AcDbLine
 10
87.74307779886546
 20
90.48353519076011
 30
0.0
 11
87.74307779886546
 21
95.51814129681622
 31
0.0
  0
LINE
  5
9B4
330
1F
100
AcDbEntity
  8
elev 1
100
AcDbLine
 10
94.9582356609258
 20
82.31376919996808
 30
0.0
 11
94.9582356609258
 21
86.02154232273518
 31
0.0
  0
LINE
  5
9B5
330
1F
100
AcDbEntity
  8
elev 1
100
AcDbLine
 10
95.25823566092483
 20
82.31376919996808
 30
0.0
 11
95.25823566092501
 21
86.02154232273518
 31
0.0
  0
LINE
  5
9B6
330
1F
100
AcDbEntity
  8
elev 1
100
AcDbLine
 10
95.55823566092518
 20
82.31376919996808
 30
0.0
 11
95.55823566092513
 21
86.02154232273518
 31
0.0
  0
LINE
  5
9B7
330
1F
100
AcDbEntity
  8
elev 1
100
AcDbLine
 10
95.85823566092548
 20
82.31376919996808
 30
0.0
 11
95.85823566092537
 21
86.02154232273518
 31
0.0
  0
LINE
  5
9B8
330
1F
100
AcDbEntity
  8
elev 1
100
AcDbLine
 10
96.15823566092544
 20
82.31376919996808
 30
0.0
 11
96.15823566092556
 21
86.02154232273518
 31
0.0
  0
LINE
  5
9B9
330
1F
100
AcDbEntity
  8
elev 1
100
AcDbLine
 10
96.4582356609258
 20
82.31376919996808
 30
0.0
 11
96.45823566092563
 21
86.02154232273518
 31
0.0
  0
LINE
  5
9BA
330
1F
100
AcDbEntity
  8
elev 1
100
AcDbLine
 10
96.75823566092502
 20
82.31376919996808
 30
0.0
 11
96.75823566092502
 21
86.02154232273518
 31
0.0
  0
LINE
  5
9BB
330
1F
100
AcDbEntity
  8
elev 1
100
AcDbLine
 10
97.05823566092513
 20
82.31376919996808
 30
0.0
 11
97.05823566092513
 21
86.02154232273518
 31
0.0
  0
LINE
  5
9BC
330
1F
100
AcDbEntity
  8
elev 1
100
AcDbLine
 10
97.35823566092538
 20
82.31376919996808
 30
0.0
 11
97.35823566092538
 21
86.02154232273518
 31
0.0
  0
LINE
  5
9BD
330
1F
100
AcDbEntity
  8
elev 1
100
AcDbLine
 10
94.95823566092568
 20
84.16765576135128
 30
0.0
 11
97.35823566092538
 21
84.16765576135128
 31
0.0
  0
LINE
  5
9BE
330
1F
100
AcDbEntity
  8
walls
100
AcDbLine
 10
94.34521882847221
 20
86.02157765265827
 30
0.0
 11
98.92818874779473
 21
86.02154232273518
 31
0.0
  0
LINE
  5
9BF
330
1F
100
AcDbEntity
  8
walls
100
AcDbLine
 10
93.45823566092567
 20
82.31376919996808
 30
0.0
 11
99.22823566092544
 21
82.31376919996808
 31
0.0
  0
LINE
  5
9C0
330
1F
100
AcDbEntity
  8
walls
100
AcDbLine
 10
93.30823566092581
 20
82.08376919996807
 30
0.0
 11
99.37823566092546
 21
82.08376919996807
 31
0.0
  0
LINE
  5
9C1
330
1F
100
AcDbEntity
  8
walls
100
AcDbLine
 10
99.37823566092546
 20
86.17154232273525
 30
0.0
 11
94.34521882847221
 21
86.17154232273525
 31
0.0
  0
LINE
  5
9C2
330
1F
100
AcDbEntity
  8
walls
100
AcDbLine
 10
102.8782356609258
 20
92.30376966940013
 30
0.0
 11
102.8782356609258
 21
90.03362852654538
 31
0.0
  0
LINE
  5
9C3
330
1F
100
AcDbEntity
  8
walls
100
AcDbLine
 10
102.7282356609267
 20
92.15376966940027
 30
0.0
 11
102.7282356609265
 21
90.26367542892501
 31
0.0
  0
LINE
  5
9C4
330
1F
100
AcDbEntity
  8
walls
100
AcDbLine
 10
102.8782356609258
 20
92.30376966940013
 30
0.0
 11
99.22823566092544
 21
92.30376966940013
 31
0.0
  0
LINE
  5
9C5
330
1F
100
AcDbEntity
  8
walls
100
AcDbLine
 10
102.7282356609267
 20
92.15376966940027
 30
0.0
 11
99.37823566092564
 21
92.15376966940027
 31
0.0
  0
LINE
  5
9C6
330
1F
100
AcDbEntity
  8
walls
100
AcDbLine
 10
99.37823566092554
 20
90.1836754030702
 30
0.0
 11
99.37823566092564
 21
92.15376966940027
 31
0.0
  0
LINE
  5
9C7
330
1F
100
AcDbEntity
  8
walls
100
AcDbLine
 10
99.22823566092544
 20
92.30376966940013
 30
0.0
 11
99.22823566092532
 21
90.26367542892501
 31
0.0
  0
LINE
  5
9C8
330
1F
100
AcDbEntity
  8
walls
100
AcDbLine
 10
99.37823566092546
 20
86.17154232273525
 30
0.0
 11
99.37823566092546
 21
82.08376919996807
 31
0.0
  0
LINE
  5
9C9
330
1F
100
AcDbEntity
  8
walls
100
AcDbLine
 10
99.22823566092544
 20
85.94158920263897
 30
0.0
 11
99.22823566092544
 21
82.31376919996808
 31
0.0
  0
LINE
  5
9CA
330
1F
100
AcDbEntity
  8
walls
100
AcDbLine
 10
93.26512495252016
 20
82.31353519076003
 30
0.0
 11
93.26512495252021
 21
85.72126144437209
 31
0.0
  0
LINE
  5
9CB
330
1F
100
AcDbEntity
  8
walls
100
AcDbLine
 10
93.11512495252017
 20
82.08353519076002
 30
0.0
 11
93.11512495252017
 21
86.17130831352723
 31
0.0
  0
LINE
  5
9CC
330
1F
100
AcDbEntity
  8
walls
100
AcDbLine
 10
82.78307779886935
 20
85.38353519075997
 30
0.0
 11
84.36307779886815
 21
85.38353519075997
 31
0.0
  0
LINE
  5
9CD
330
1F
100
AcDbEntity
  8
walls
100
AcDbLine
 10
84.36307779886815
 20
85.38353519075997
 30
0.0
 11
86.42307779886849
 21
85.38353519075997
 31
0.0
  0
LINE
  5
9CE
330
1F
100
AcDbEntity
  8
walls
100
AcDbLine
 10
83.0130777988692
 20
85.2335351907601
 30
0.0
 11
86.19307780046112
 21
85.2335351907601
 31
0.0
  0
LINE
  5
9CF
330
1F
100
AcDbEntity
  8
above
 48
0.01
100
AcDbLine
 10
83.0130777988692
 20
90.25853519075997
 30
0.0
 11
87.5130777988655
 21
95.36814129681635
 31
0.0
  0
LINE
  5
9D0
330
1F
100
AcDbEntity
  8
above
 48
0.01
100
AcDbLine
 10
87.51307779886534
 20
90.18353519075924
 30
0.0
 11
83.01307779886931
 21
95.36814129681635
 31
0.0
  0
LINE
  5
9D1
330
1F
100
AcDbEntity
  8
above
 48
0.01
100
AcDbLine
 10
99.37830756067368
 20
90.26362851530633
 30
0.0
 11
102.7282356609267
 21
92.15376966940027
 31
0.0
  0
LINE
  5
9D2
330
1F
100
AcDbEntity
  8
above
 48
0.01
100
AcDbLine
 10
102.7282606695416
 20
90.26367542110699
 30
0.0
 11
99.37823566092564
 21
92.15376966940027
 31
0.0
  0
LINE
  5
9D3
330
1F
100
AcDbEntity
  8
walls
100
AcDbLine
 10
90.2242065229341
 20
83.93353519076015
 30
0.0
 11
90.2242065229341
 21
84.18353519076015
 31
0.0
  0
LINE
  5
9D4
330
1F
100
AcDbEntity
  8
walls
100
AcDbLine
 10
89.52420652293401
 20
83.93353519076015
 30
0.0
 11
89.52420652293401
 21
84.18353519076015
 31
0.0
  0
LINE
  5
9D5
330
1F
100
AcDbEntity
  8
walls
100
AcDbLine
 10
92.50860064148994
 20
85.13353519075996
 30
0.0
 11
92.50860064148994
 21
85.38353519076133
 31
0.0
  0
LINE
  5
9D6
330
1F
100
AcDbEntity
  8
walls
100
AcDbLine
 10
91.40860064148998
 20
85.13353519075996
 30
0.0
 11
91.40860064148998
 21
85.38353519076133
 31
0.0
  0
LINE
  5
9D7
330
1F
100
AcDbEntity
  8
above
 48
0.01
100
AcDbLine
 10
82.93307779886962
 20
82.23353519076011
 30
0.0
 11
86.19307780046112
 21
85.16167890476607
 31
0.0
  0
LINE
  5
9D8
330
1F
100
AcDbEntity
  8
above
 48
0.01
100
AcDbLine
 10
86.27307779886885
 20
82.23353519076011
 30
0.0
 11
83.0130777988692
 21
85.15853519075916
 31
0.0
  0
LINE
  5
9D9
330
1F
100
AcDbEntity
  8
walls
100
AcDbLine
 10
84.02410937905793
 20
90.03353519076005
 30
0.0
 11
84.02410937905793
 21
90.18353519076015
 31
0.0
  0
LINE
  5
9DA
330
1F
100
AcDbEntity
  8
walls
100
AcDbLine
 10
83.42410937905791
 20
90.03353519076005
 30
0.0
 11
83.4241093790578
 21
90.18353519076015
 31
0.0
  0
LINE
  5
9DB
330
1F
100
AcDbEntity
  8
walls
100
AcDbLine
 10
94.34521882847221
 20
86.17154232273525
 30
0.0
 11
94.34521882847221
 21
86.02157765265827
 31
0.0
  0
LWPOLYLINE
  5
9DC
330
1F
100
AcDbEntity
  8
V PARKING
100
AcDbPolyline
 90
        4
 70
     1
 43
0.0
 10
37.56166632457482
 20
65.10106520942838
 10
37.56166632457482
 20
62.6010652094293
 10
32.56166632457482
 20
62.6010652094293
 10
32.56166632457482
 20
65.10106520942838
  0
LINE
  5
9DD
330
1F
100
AcDbEntity
  8
RAMP
100
AcDbLine
 10
115.9788493405578
 20
90.94132190730908
 30
0.0
 11
115.9788493405578
 21
33.07632522269217
 31
0.0
  0
LINE
  5
9DE
330
1F
100
AcDbEntity
  8
elev 1
100
AcDbLine
 10
122.9788493405577
 20
109.9481414431433
 30
0.0
 11
122.9788493405577
 21
26.07632522269217
 31
0.0
  0
LINE
  5
9DF
330
1F
100
AcDbEntity
  8
elev 1
100
AcDbLine
 10
124.9788493405577
 20
111.9481414431433
 30
0.0
 11
124.9788493405577
 21
24.57632522269217
 31
0.0
  0
ARC
  5
9E0
330
1F
100
AcDbEntity
  8
elev 1
100
AcDbCircle
 10
118.4788493405577
 20
109.9481414431433
 30
0.0
 40
4.5
100
AcDbArc
 50
0.0
 51
90.0
  0
ARC
  5
9E1
330
1F
100
AcDbEntity
  8
RAMP
100
AcDbCircle
 10
105.4788493405578
 20
59.44132190730909
 30
0.0
 40
4.5
100
AcDbArc
 50
270.0
 51
0.0
  0
LINE
  5
9E2
330
1F
100
AcDbEntity
  8
RAMP
100
AcDbLine
 10
109.9788493405577
 20
59.44132190730909
 30
0.0
 11
109.9788493405577
 21
90.94132190730908
 31
0.0
  0
LINE
  5
9E3
330
1F
100
AcDbEntity
  8
RAMP
100
AcDbLine
 10
115.9788493405578
 20
60.9413219073091
 30
0.0
 11
109.9788493405577
 21
60.9413219073091
 31
0.0
  0
LINE
  5
9E4
330
1F
100
AcDbEntity
  8
elev 1
100
AcDbLine
 10
109.5288493405578
 20
49.44069731953107
 30
0.0
 11
111.4788493405578
 21
49.44069731953107
 31
0.0
  0
ARC
  5
9E5
330
1F
100
AcDbEntity
  8
RAMP
100
AcDbCircle
 10
111.4788493405578
 20
53.94069731953107
 30
0.0
 40
4.5
100
AcDbArc
 50
270.0
 51
0.0
  0
LINE
  5
9E6
330
1F
100
AcDbEntity
  8
elev 1
100
AcDbLine
 10
109.9788493405577
 20
90.94132190730908
 30
0.0
 11
109.9788493405577
 21
102.9481414431433
 31
0.0
  0
ARC
  5
9E7
330
1F
100
AcDbEntity
  8
ROAD
100
AcDbCircle
 10
105.4788493405578
 20
102.9481414431433
 30
0.0
 40
4.5
100
AcDbArc
 50
0.0
 51
90.0
  0
LINE
  5
9E8
330
1F
100
AcDbEntity
  8
RAMP
100
AcDbLine
 10
112.9788493405578
 20
60.9413219073091
 30
0.0
 11
112.9788493405578
 21
90.94132190730908
 31
0.0
  0
LINE
  5
9E9
330
1F
100
AcDbEntity
  8
RAMP
100
AcDbLine
 10
15.00865110694102
 20
90.94132190730817
 30
0.0
 11
15.00865110694119
 21
60.9413219073091
 31
0.0
  0
ARC
  5
9EA
330
1F
100
AcDbEntity
  8
ROAD
100
AcDbCircle
 10
19.50865110694102
 20
102.9481414431433
 30
0.0
 40
4.5
100
AcDbArc
 50
90.0
 51
180.0
  0
LINE
  5
9EB
330
1F
100
AcDbEntity
  8
RAMP
100
AcDbLine
 10
9.008651106941158
 20
90.94132190730908
 30
0.0
 11
9.008651106941158
 21
60.9413219073091
 31
0.0
  0
LINE
  5
9EC
330
1F
100
AcDbEntity
  8
elev 1
100
AcDbLine
 10
7.508651106941158
 20
90.94132190730908
 30
0.0
 11
7.508651106941158
 21
60.9413219073091
 31
0.0
  0
LINE
  5
9ED
330
1F
100
AcDbEntity
  8
elev 1
100
AcDbLine
 10
-0.9913488930588414
 20
119.0502133739952
 30
0.0
 11
-0.9913488930588414
 21
60.9413219073091
 31
0.0
  0
LINE
  5
9EE
330
1F
100
AcDbEntity
  8
RAMP
100
AcDbLine
 10
15.00865110694119
 20
60.9413219073091
 30
0.0
 11
9.008651106941158
 21
60.9413219073091
 31
0.0
  0
LINE
  5
9EF
330
1F
100
AcDbEntity
  8
elev 1
100
AcDbLine
 10
109.6561255719841
 20
49.02189952768106
 30
0.0
 11
107.7061255719841
 21
49.02189952768106
 31
0.0
  0
ARC
  5
9F0
330
1F
100
AcDbEntity
  8
DASHED
100
AcDbCircle
 10
13.50865110694118
 20
53.94069731953903
 30
0.0
 40
4.5
100
AcDbArc
 50
180.0
 51
270.0
  0
LINE
  5
9F1
330
1F
100
AcDbEntity
  8
RAMP
100
AcDbLine
 10
9.008651106941158
 20
60.9413219073091
 30
0.0
 11
9.008651106941158
 21
49.44069717321225
 31
0.0
  0
LINE
  5
9F2
330
1F
100
AcDbEntity
  8
RAMP
100
AcDbLine
 10
15.00865110694119
 20
60.9413219073091
 30
0.0
 11
15.00865110694119
 21
59.44132190730909
 31
0.0
  0
ARC
  5
9F3
330
1F
100
AcDbEntity
  8
DASHED
100
AcDbCircle
 10
20.71575382322826
 20
60.64842462359605
 30
0.0
 40
5.833362527900998
100
AcDbArc
 50
191.9425530773556
 51
336.1625169576929
  0
LWPOLYLINE
  5
9F4
330
1F
100
AcDbEntity
  8
V PARKING
100
AcDbPolyline
 90
        4
 70
     1
 43
0.0
 10
37.48261680174821
 20
68.90325238039816
 10
37.48261680174821
 20
66.40325238039816
 10
32.48261680174826
 20
66.40325238039816
 10
32.48261680174826
 20
68.90325238039816
  0
LWPOLYLINE
  5
9F5
330
1F
100
AcDbEntity
  8
col
100
AcDbPolyline
 90
        4
 70
     1
 43
0.0
 10
26.05150411247942
 20
65.87723318659016
 10
26.05150411247942
 20
65.42723318659011
 10
25.82150411247952
 20
65.42723318659011
 10
25.82150411247952
 20
65.87723318659016
  0
LWPOLYLINE
  5
9F6
330
1F
100
AcDbEntity
  8
col
100
AcDbPolyline
 90
        4
 70
     1
 43
0.0
 10
26.05150411247937
 20
58.29090744811732
 10
26.05150411247942
 20
58.74090744811736
 10
25.8215041124794
 20
58.74090744811736
 10
25.8215041124794
 20
58.29090744811732
  0
LWPOLYLINE
  5
9F7
330
1F
100
AcDbEntity
  8
col
100
AcDbPolyline
 90
        4
 70
     1
 43
0.0
 10
26.05150411247322
 20
62.44691337387315
 10
26.05150411247322
 20
61.9969133738731
 10
25.82150411247326
 20
61.9969133738731
 10
25.82150411247332
 20
62.44691337387315
  0
LWPOLYLINE
  5
9F8
330
1F
100
AcDbEntity
  8
col
100
AcDbPolyline
 90
        4
 70
     1
 43
0.0
 10
26.04977014258893
 20
76.58314446587121
 10
26.04977014258893
 20
76.13314446587025
 10
25.81977014258925
 20
76.13314446587025
 10
25.81977014258925
 20
76.58314446587121
  0
LWPOLYLINE
  5
9F9
330
1F
100
AcDbEntity
  8
col
100
AcDbPolyline
 90
        4
 70
     1
 43
0.0
 10
26.05150411247937
 20
73.23355892506208
 10
26.05150411247942
 20
72.78355892506204
 10
25.8215041124794
 20
72.78355892506204
 10
25.8215041124794
 20
73.23355892506208
  0
LWPOLYLINE
  5
9FA
330
1F
100
AcDbEntity
  8
col
100
AcDbPolyline
 90
        4
 70
     1
 43
0.0
 10
26.05150411247322
 20
69.07755299930625
 10
26.05150411247322
 20
69.52755299930629
 10
25.82150411247326
 20
69.52755299930629
 10
25.82150411247332
 20
69.07755299930625
  0
LINE
  5
9FB
330
1F
100
AcDbEntity
  8
forms
100
AcDbLine
 10
47.48810717308574
 20
100.9981414431432
 30
0.0
 11
77.48810717308604
 21
100.9981414431432
 31
0.0
  0
LINE
  5
9FC
330
1F
100
AcDbEntity
  8
forms
100
AcDbLine
 10
47.48810717308574
 20
30.5263250763643
 30
0.0
 11
77.48810717308604
 21
30.5263250763643
 31
0.0
  0
LWPOLYLINE
  5
9FD
330
1F
100
AcDbEntity
  8
col
100
AcDbPolyline
 90
        4
 70
     1
 43
0.0
 10
77.48810717308604
 20
54.94093118242029
 10
77.48810717308604
 20
55.39093118242034
 10
77.71810717308594
 20
55.39093118242034
 10
77.71810717308594
 20
54.94093118241938
  0
LWPOLYLINE
  5
9FE
330
1F
100
AcDbEntity
  8
col
100
AcDbPolyline
 90
        4
 70
     1
 43
0.0
 10
77.48810717308547
 20
62.44691337383723
 10
77.48810717308547
 20
61.99691337383718
 10
77.71810717308565
 20
61.99691337383718
 10
77.71810717308565
 20
62.44691337383723
  0
LWPOLYLINE
  5
9FF
330
1F
100
AcDbEntity
  8
col
100
AcDbPolyline
 90
        4
 70
     1
 43
0.0
 10
77.48810717308547
 20
65.87691337383614
 10
77.48810717308547
 20
65.42691337383724
 10
77.71810717308565
 20
65.42691337383724
 10
77.71810717308565
 20
65.87691337383614
  0
LWPOLYLINE
  5
A00
330
1F
100
AcDbEntity
  8
col
100
AcDbPolyline
 90
        4
 70
     1
 43
0.0
 10
77.48810717308643
 20
58.29090744812027
 10
77.48810717308654
 20
58.74090744812032
 10
77.71810717308645
 20
58.74090744812032
 10
77.71810717308651
 20
58.29090744812027
  0
LWPOLYLINE
  5
A01
330
1F
100
AcDbEntity
  8
col
100
AcDbPolyline
 90
        4
 70
     1
 43
0.0
 10
77.48810717308604
 20
76.58353519076001
 10
77.48810717308604
 20
76.13353519075906
 10
77.71810717308594
 20
76.13353519075906
 10
77.71810717308594
 20
76.58353519076001
  0
LWPOLYLINE
  5
A02
330
1F
100
AcDbEntity
  8
col
100
AcDbPolyline
 90
        4
 70
     1
 43
0.0
 10
77.48810717308547
 20
69.07755299934308
 10
77.48810717308547
 20
69.52755299934222
 10
77.71810717308565
 20
69.52755299934222
 10
77.71810717308565
 20
69.07755299934308
  0
LWPOLYLINE
  5
A03
330
1F
100
AcDbEntity
  8
col
100
AcDbPolyline
 90
        4
 70
     1
 43
0.0
 10
77.48810717308643
 20
73.23355892505913
 10
77.48810717308654
 20
72.78355892505908
 10
77.71810717308645
 20
72.78355892505908
 10
77.71810717308651
 20
73.23355892505913
  0
LWPOLYLINE
  5
A04
330
1F
100
AcDbEntity
  8
col
100
AcDbPolyline
 90
        4
 70
     1
 43
0.0
 10
47.48810717308574
 20
54.94093118242029
 10
47.48810717308574
 20
55.39093118242034
 10
47.71810717308565
 20
55.39093118242034
 10
47.71810717308565
 20
54.94093118241938
  0
LWPOLYLINE
  5
A05
330
1F
100
AcDbEntity
  8
col
100
AcDbPolyline
 90
        4
 70
     1
 43
0.0
 10
47.48810717308512
 20
62.44691337383723
 10
47.48810717308512
 20
61.99691337383718
 10
47.7181071730852
 20
61.99691337383718
 10
47.7181071730852
 20
62.44691337383723
  0
LWPOLYLINE
  5
A06
330
1F
100
AcDbEntity
  8
col
100
AcDbPolyline
 90
        4
 70
     1
 43
0.0
 10
47.48810717308512
 20
65.87691337383614
 10
47.48810717308512
 20
65.42691337383724
 10
47.7181071730852
 20
65.42691337383724
 10
47.7181071730852
 20
65.87691337383614
  0
LWPOLYLINE
  5
A07
330
1F
100
AcDbEntity
  8
col
100
AcDbPolyline
 90
        4
 70
     1
 43
0.0
 10
47.48810717308603
 20
58.29090744812027
 10
47.48810717308614
 20
58.74090744812032
 10
47.71810717308605
 20
58.74090744812032
 10
47.71810717308622
 20
58.29090744812027
  0
LWPOLYLINE
  5
A08
330
1F
100
AcDbEntity
  8
col
100
AcDbPolyline
 90
        4
 70
     1
 43
0.0
 10
47.48810717308574
 20
76.58353519076001
 10
47.48810717308574
 20
76.13353519075906
 10
47.71810717308565
 20
76.13353519075906
 10
47.71810717308565
 20
76.58353519076001
  0
LWPOLYLINE
  5
A09
330
1F
100
AcDbEntity
  8
col
100
AcDbPolyline
 90
        4
 70
     1
 43
0.0
 10
47.48810717308512
 20
69.07755299934308
 10
47.48810717308512
 20
69.52755299934222
 10
47.7181071730852
 20
69.52755299934222
 10
47.7181071730852
 20
69.07755299934308
  0
LWPOLYLINE
  5
A0A
330
1F
100
AcDbEntity
  8
col
100
AcDbPolyline
 90
        4
 70
     1
 43
0.0
 10
47.48810717308603
 20
73.23355892505913
 10
47.48810717308614
 20
72.78355892505908
 10
47.71810717308605
 20
72.78355892505908
 10
47.71810717308622
 20
73.23355892505913
  0
LWPOLYLINE
  5
A0B
330
1F
100
AcDbEntity
  8
col
100
AcDbPolyline
 90
        4
 70
     1
 43
0.0
 10
52.48810717308564
 20
54.94093118242029
 10
52.48810717308564
 20
55.39093118242034
 10
52.71810717308565
 20
55.39093118242034
 10
52.71810717308565
 20
54.94093118241938
  0
LWPOLYLINE
  5
A0C
330
1F
100
AcDbEntity
  8
col
100
AcDbPolyline
 90
        4
 70
     1
 43
0.0
 10
52.48810717308512
 20
62.44691337383723
 10
52.48810717308512
 20
61.99691337383718
 10
52.7181071730852
 20
61.99691337383718
 10
52.7181071730852
 20
62.44691337383723
  0
LWPOLYLINE
  5
A0D
330
1F
100
AcDbEntity
  8
col
100
AcDbPolyline
 90
        4
 70
     1
 43
0.0
 10
52.48810717308512
 20
65.87691337383614
 10
52.48810717308512
 20
65.42691337383724
 10
52.7181071730852
 20
65.42691337383724
 10
52.7181071730852
 20
65.87691337383614
  0
LWPOLYLINE
  5
A0E
330
1F
100
AcDbEntity
  8
col
100
AcDbPolyline
 90
        4
 70
     1
 43
0.0
 10
52.48810717308604
 20
58.29090744812027
 10
52.48810717308614
 20
58.74090744812032
 10
52.71810717308605
 20
58.74090744812032
 10
52.71810717308617
 20
58.29090744812027
  0
LWPOLYLINE
  5
A0F
330
1F
100
AcDbEntity
  8
col
100
AcDbPolyline
 90
        4
 70
     1
 43
0.0
 10
52.48810717308564
 20
76.58353519076001
 10
52.48810717308564
 20
76.13353519075906
 10
52.71810717308565
 20
76.13353519075906
 10
52.71810717308565
 20
76.58353519076001
  0
LWPOLYLINE
  5
A10
330
1F
100
AcDbEntity
  8
col
100
AcDbPolyline
 90
        4
 70
     1
 43
0.0
 10
52.48810717308512
 20
69.07755299934308
 10
52.48810717308512
 20
69.52755299934222
 10
52.7181071730852
 20
69.52755299934222
 10
52.7181071730852
 20
69.07755299934308
  0
LWPOLYLINE
  5
A11
330
1F
100
AcDbEntity
  8
col
100
AcDbPolyline
 90
        4
 70
     1
 43
0.0
 10
52.48810717308604
 20
73.23355892505913
 10
52.48810717308614
 20
72.78355892505908
 10
52.71810717308605
 20
72.78355892505908
 10
52.71810717308617
 20
73.23355892505913
  0
LWPOLYLINE
  5
A12
330
1F
100
AcDbEntity
  8
col
100
AcDbPolyline
 90
        4
 70
     1
 43
0.0
 10
57.48810717308575
 20
54.94093118242029
 10
57.48810717308575
 20
55.39093118242034
 10
57.71810717308565
 20
55.39093118242034
 10
57.71810717308565
 20
54.94093118241938
  0
LWPOLYLINE
  5
A13
330
1F
100
AcDbEntity
  8
col
100
AcDbPolyline
 90
        4
 70
     1
 43
0.0
 10
57.48810717308512
 20
62.44691337383723
 10
57.48810717308512
 20
61.99691337383718
 10
57.7181071730852
 20
61.99691337383718
 10
57.7181071730852
 20
62.44691337383723
  0
LWPOLYLINE
  5
A14
330
1F
100
AcDbEntity
  8
col
100
AcDbPolyline
 90
        4
 70
     1
 43
0.0
 10
57.48810717308512
 20
65.87691337383614
 10
57.48810717308512
 20
65.42691337383724
 10
57.7181071730852
 20
65.42691337383724
 10
57.7181071730852
 20
65.87691337383614
  0
LWPOLYLINE
  5
A15
330
1F
100
AcDbEntity
  8
col
100
AcDbPolyline
 90
        4
 70
     1
 43
0.0
 10
57.48810717308604
 20
58.29090744812027
 10
57.48810717308614
 20
58.74090744812032
 10
57.71810717308605
 20
58.74090744812032
 10
57.71810717308617
 20
58.29090744812027
  0
LWPOLYLINE
  5
A16
330
1F
100
AcDbEntity
  8
col
100
AcDbPolyline
 90
        4
 70
     1
 43
0.0
 10
57.48810717308575
 20
76.58353519076001
 10
57.48810717308575
 20
76.13353519075906
 10
57.71810717308565
 20
76.13353519075906
 10
57.71810717308565
 20
76.58353519076001
  0
LWPOLYLINE
  5
A17
330
1F
100
AcDbEntity
  8
col
100
AcDbPolyline
 90
        4
 70
     1
 43
0.0
 10
57.48810717308512
 20
69.07755299934308
 10
57.48810717308512
 20
69.52755299934222
 10
57.7181071730852
 20
69.52755299934222
 10
57.7181071730852
 20
69.07755299934308
  0
LWPOLYLINE
  5
A18
330
1F
100
AcDbEntity
  8
col
100
AcDbPolyline
 90
        4
 70
     1
 43
0.0
 10
57.48810717308604
 20
73.23355892505913
 10
57.48810717308614
 20
72.78355892505908
 10
57.71810717308605
 20
72.78355892505908
 10
57.71810717308617
 20
73.23355892505913
  0
LWPOLYLINE
  5
A19
330
1F
100
AcDbEntity
  8
col
100
AcDbPolyline
 90
        4
 70
     1
 43
0.0
 10
63.48810717308575
 20
54.94093118242029
 10
63.48810717308575
 20
55.39093118242034
 10
63.71810717308566
 20
55.39093118242034
 10
63.71810717308566
 20
54.94093118241938
  0
LWPOLYLINE
  5
A1A
330
1F
100
AcDbEntity
  8
col
100
AcDbPolyline
 90
        4
 70
     1
 43
0.0
 10
63.48810717308513
 20
62.44691337383723
 10
63.48810717308513
 20
61.99691337383718
 10
63.7181071730852
 20
61.99691337383718
 10
63.7181071730852
 20
62.44691337383723
  0
LWPOLYLINE
  5
A1B
330
1F
100
AcDbEntity
  8
col
100
AcDbPolyline
 90
        4
 70
     1
 43
0.0
 10
63.48810717308513
 20
65.87691337383614
 10
63.48810717308513
 20
65.42691337383724
 10
63.7181071730852
 20
65.42691337383724
 10
63.7181071730852
 20
65.87691337383614
  0
LWPOLYLINE
  5
A1C
330
1F
100
AcDbEntity
  8
col
100
AcDbPolyline
 90
        4
 70
     1
 43
0.0
 10
63.48810717308603
 20
58.29090744812027
 10
63.48810717308615
 20
58.74090744812032
 10
63.71810717308605
 20
58.74090744812032
 10
63.71810717308616
 20
58.29090744812027
  0
LWPOLYLINE
  5
A1D
330
1F
100
AcDbEntity
  8
col
100
AcDbPolyline
 90
        4
 70
     1
 43
0.0
 10
63.48810717308575
 20
76.58353519076001
 10
63.48810717308575
 20
76.13353519075906
 10
63.71810717308566
 20
76.13353519075906
 10
63.71810717308566
 20
76.58353519076001
  0
LWPOLYLINE
  5
A1E
330
1F
100
AcDbEntity
  8
col
100
AcDbPolyline
 90
        4
 70
     1
 43
0.0
 10
63.48810717308513
 20
69.07755299934308
 10
63.48810717308513
 20
69.52755299934222
 10
63.7181071730852
 20
69.52755299934222
 10
63.7181071730852
 20
69.07755299934308
  0
LWPOLYLINE
  5
A1F
330
1F
100
AcDbEntity
  8
col
100
AcDbPolyline
 90
        4
 70
     1
 43
0.0
 10
63.48810717308603
 20
73.23355892505913
 10
63.48810717308615
 20
72.78355892505908
 10
63.71810717308605
 20
72.78355892505908
 10
63.71810717308616
 20
73.23355892505913
  0
LWPOLYLINE
  5
A20
330
1F
100
AcDbEntity
  8
col
100
AcDbPolyline
 90
        4
 70
     1
 43
0.0
 10
68.48810717308575
 20
54.94093118242029
 10
68.48810717308575
 20
55.39093118242034
 10
68.71810717308566
 20
55.39093118242034
 10
68.71810717308566
 20
54.94093118241938
  0
LWPOLYLINE
  5
A21
330
1F
100
AcDbEntity
  8
col
100
AcDbPolyline
 90
        4
 70
     1
 43
0.0
 10
68.48810717308513
 20
62.44691337383723
 10
68.48810717308513
 20
61.99691337383718
 10
68.7181071730852
 20
61.99691337383718
 10
68.7181071730852
 20
62.44691337383723
  0
LWPOLYLINE
  5
A22
330
1F
100
AcDbEntity
  8
col
100
AcDbPolyline
 90
        4
 70
     1
 43
0.0
 10
68.48810717308513
 20
65.87691337383614
 10
68.48810717308513
 20
65.42691337383724
 10
68.7181071730852
 20
65.42691337383724
 10
68.7181071730852
 20
65.87691337383614
  0
LWPOLYLINE
  5
A23
330
1F
100
AcDbEntity
  8
col
100
AcDbPolyline
 90
        4
 70
     1
 43
0.0
 10
68.48810717308603
 20
58.29090744812027
 10
68.48810717308615
 20
58.74090744812032
 10
68.71810717308605
 20
58.74090744812032
 10
68.71810717308623
 20
58.29090744812027
  0
LWPOLYLINE
  5
A24
330
1F
100
AcDbEntity
  8
col
100
AcDbPolyline
 90
        4
 70
     1
 43
0.0
 10
68.48810717308575
 20
76.58353519076001
 10
68.48810717308575
 20
76.13353519075906
 10
68.71810717308566
 20
76.13353519075906
 10
68.71810717308566
 20
76.58353519076001
  0
LWPOLYLINE
  5
A25
330
1F
100
AcDbEntity
  8
col
100
AcDbPolyline
 90
        4
 70
     1
 43
0.0
 10
68.48810717308513
 20
69.07755299934308
 10
68.48810717308513
 20
69.52755299934222
 10
68.7181071730852
 20
69.52755299934222
 10
68.7181071730852
 20
69.07755299934308
  0
LWPOLYLINE
  5
A26
330
1F
100
AcDbEntity
  8
col
100
AcDbPolyline
 90
        4
 70
     1
 43
0.0
 10
68.48810717308603
 20
73.23355892505913
 10
68.48810717308615
 20
72.78355892505908
 10
68.71810717308605
 20
72.78355892505908
 10
68.71810717308623
 20
73.23355892505913
  0
LWPOLYLINE
  5
A27
330
1F
100
AcDbEntity
  8
col
100
AcDbPolyline
 90
        4
 70
     1
 43
0.0
 10
73.48810717308563
 20
54.94093118242029
 10
73.48810717308563
 20
55.39093118242034
 10
73.71810717308566
 20
55.39093118242034
 10
73.71810717308566
 20
54.94093118241938
  0
LWPOLYLINE
  5
A28
330
1F
100
AcDbEntity
  8
col
100
AcDbPolyline
 90
        4
 70
     1
 43
0.0
 10
73.48810717308513
 20
62.44691337383723
 10
73.48810717308513
 20
61.99691337383718
 10
73.7181071730852
 20
61.99691337383718
 10
73.7181071730852
 20
62.44691337383723
  0
LWPOLYLINE
  5
A29
330
1F
100
AcDbEntity
  8
col
100
AcDbPolyline
 90
        4
 70
     1
 43
0.0
 10
73.48810717308513
 20
65.87691337383614
 10
73.48810717308513
 20
65.42691337383724
 10
73.7181071730852
 20
65.42691337383724
 10
73.7181071730852
 20
65.87691337383614
  0
LWPOLYLINE
  5
A2A
330
1F
100
AcDbEntity
  8
col
100
AcDbPolyline
 90
        4
 70
     1
 43
0.0
 10
73.48810717308603
 20
58.29090744812027
 10
73.48810717308615
 20
58.74090744812032
 10
73.71810717308605
 20
58.74090744812032
 10
73.71810717308616
 20
58.29090744812027
  0
LWPOLYLINE
  5
A2B
330
1F
100
AcDbEntity
  8
col
100
AcDbPolyline
 90
        4
 70
     1
 43
0.0
 10
73.48810717308563
 20
76.58353519076001
 10
73.48810717308563
 20
76.13353519075906
 10
73.71810717308566
 20
76.13353519075906
 10
73.71810717308566
 20
76.58353519076001
  0
LWPOLYLINE
  5
A2C
330
1F
100
AcDbEntity
  8
col
100
AcDbPolyline
 90
        4
 70
     1
 43
0.0
 10
73.48810717308513
 20
69.07755299934308
 10
73.48810717308513
 20
69.52755299934222
 10
73.7181071730852
 20
69.52755299934222
 10
73.7181071730852
 20
69.07755299934308
  0
LWPOLYLINE
  5
A2D
330
1F
100
AcDbEntity
  8
col
100
AcDbPolyline
 90
        4
 70
     1
 43
0.0
 10
73.48810717308603
 20
73.23355892505913
 10
73.48810717308615
 20
72.78355892505908
 10
73.71810717308605
 20
72.78355892505908
 10
73.71810717308616
 20
73.23355892505913
  0
LWPOLYLINE
  5
A2E
330
1F
100
AcDbEntity
  8
V PARKING
100
AcDbPolyline
 90
        4
 70
     1
 43
0.0
 10
37.60498096888134
 20
72.41875166456918
 10
37.60498096888134
 20
69.91875166456918
 10
32.60498096888134
 20
69.91875166456918
 10
32.60498096888134
 20
72.41875166456918
  0
LWPOLYLINE
  5
A2F
330
1F
100
AcDbEntity
  8
V PARKING
100
AcDbPolyline
 90
        4
 70
     1
 43
0.0
 10
37.61041004098311
 20
75.92830682011515
 10
37.61041004098311
 20
73.42830682011515
 10
32.61041004098323
 20
73.42830682011515
 10
32.61041004098323
 20
75.92830682011515
  0
LWPOLYLINE
  5
A30
330
1F
100
AcDbEntity
  8
V PARKING
100
AcDbPolyline
 90
        4
 70
     1
 43
0.0
 10
37.64444990436115
 20
61.64933920335933
 10
37.64444990436115
 20
59.14933920335933
 10
32.64444990436115
 20
59.14933920335933
 10
32.64444990436115
 20
61.64933920335933
  0
LWPOLYLINE
  5
A31
330
1F
100
AcDbEntity
  8
V PARKING
100
AcDbPolyline
 90
        4
 70
     1
 43
0.0
 10
37.64444990436115
 20
58.03957390224026
 10
37.64444990436115
 20
55.53957390224026
 10
32.64444990436115
 20
55.53957390224026
 10
32.64444990436115
 20
58.03957390224026
  0
LWPOLYLINE
  5
A32
330
1F
100
AcDbEntity
  8
V PARKING
100
AcDbPolyline
 90
        4
 70
     1
 43
0.0
 10
52.53551541876018
 20
76.00536688996419
 10
52.53551541876018
 20
73.50536688996419
 10
47.53551541876018
 20
73.50536688996419
 10
47.53551541876018
 20
76.00536688996419
  0
LWPOLYLINE
  5
A33
330
1F
100
AcDbEntity
  8
V PARKING
100
AcDbPolyline
 90
        4
 70
     1
 43
0.0
 10
57.71277068700342
 20
76.00536688996419
 10
57.71277068700342
 20
73.50536688996419
 10
52.71277068700354
 20
73.50536688996419
 10
52.71277068700354
 20
76.00536688996419
  0
LWPOLYLINE
  5
A34
330
1F
100
AcDbEntity
  8
V PARKING
100
AcDbPolyline
 90
        4
 70
     1
 43
0.0
 10
52.59490025626499
 20
72.54409696820596
 10
52.59490025626499
 20
70.04409696820506
 10
47.59490025626499
 20
70.04409696820506
 10
47.59490025626499
 20
72.54409696820596
  0
LWPOLYLINE
  5
A35
330
1F
100
AcDbEntity
  8
V PARKING
100
AcDbPolyline
 90
        4
 70
     1
 43
0.0
 10
57.73521271255063
 20
72.56760685000916
 10
57.73521271255063
 20
70.06760685000916
 10
52.73521271255069
 20
70.06760685000916
 10
52.73521271255069
 20
72.56760685000916
  0
LWPOLYLINE
  5
A36
330
1F
100
AcDbEntity
  8
V PARKING
100
AcDbPolyline
 90
        4
 70
     1
 43
0.0
 10
52.59517938593692
 20
68.90928348437739
 10
52.59517938593692
 20
66.40928348437739
 10
47.59517938593691
 20
66.40928348437739
 10
47.59517938593691
 20
68.90928348437739
  0
LWPOLYLINE
  5
A37
330
1F
100
AcDbEntity
  8
V PARKING
100
AcDbPolyline
 90
        4
 70
     1
 43
0.0
 10
57.72371257010693
 20
68.90928348437739
 10
57.72371257010693
 20
66.40928348437739
 10
52.72371257010693
 20
66.40928348437739
 10
52.72371257010693
 20
68.90928348437739
  0
LWPOLYLINE
  5
A38
330
1F
100
AcDbEntity
  8
V PARKING
100
AcDbPolyline
 90
        4
 70
     1
 43
0.0
 10
52.61968697105132
 20
65.17771958079208
 10
52.61968697105132
 20
62.67771958079209
 10
47.61968697105132
 20
62.67771958079209
 10
47.61968697105132
 20
65.17771958079208
  0
LWPOLYLINE
  5
A39
330
1F
100
AcDbEntity
  8
V PARKING
100
AcDbPolyline
 90
        4
 70
     1
 43
0.0
 10
57.80703277689841
 20
65.16596463989128
 10
57.80703277689841
 20
62.66596463989129
 10
52.80703277689841
 20
62.66596463989129
 10
52.80703277689841
 20
65.16596463989128
  0
LWPOLYLINE
  5
A3A
330
1F
100
AcDbEntity
  8
V PARKING
100
AcDbPolyline
 90
        4
 70
     1
 43
0.0
 10
52.58051112172521
 20
61.83057997659501
 10
52.58051112172521
 20
59.33057997659638
 10
47.58051112172532
 20
59.33057997659638
 10
47.58051112172532
 20
61.83057997659501
  0
LWPOLYLINE
  5
A3B
330
1F
100
AcDbEntity
  8
V PARKING
100
AcDbPolyline
 90
        4
 70
     1
 43
0.0
 10
57.84813462095397
 20
61.83057997659501
 10
57.84813462095397
 20
59.33057997659638
 10
52.84813462095397
 20
59.33057997659638
 10
52.84813462095397
 20
61.83057997659501
  0
LWPOLYLINE
  5
A3C
330
1F
100
AcDbEntity
  8
V PARKING
100
AcDbPolyline
 90
        4
 70
     1
 43
0.0
 10
52.5504069867076
 20
58.16144206533534
 10
52.5504069867076
 20
55.66144206533534
 10
47.5504069867076
 20
55.66144206533534
 10
47.5504069867076
 20
58.16144206533534
  0
LWPOLYLINE
  5
A3D
330
1F
100
AcDbEntity
  8
V PARKING
100
AcDbPolyline
 90
        4
 70
     1
 43
0.0
 10
57.69762790235123
 20
58.13136683135429
 10
57.69762790235123
 20
55.63136683135429
 10
52.69762790235134
 20
55.63136683135429
 10
52.69762790235134
 20
58.13136683135429
  0
LWPOLYLINE
  5
A3E
330
1F
100
AcDbEntity
  8
V PARKING
100
AcDbPolyline
 90
        4
 70
     1
 43
0.0
 10
68.59433386826842
 20
76.02820340231426
 10
68.59433386826842
 20
73.52820340231426
 10
63.59433386826842
 20
73.52820340231426
 10
63.59433386826842
 20
76.02820340231426
  0
LWPOLYLINE
  5
A3F
330
1F
100
AcDbEntity
  8
V PARKING
100
AcDbPolyline
 90
        4
 70
     1
 43
0.0
 10
77.71417013102317
 20
75.99025090670114
 10
77.71417013102317
 20
73.49025090670114
 10
72.71417013102317
 20
73.49025090670114
 10
72.71417013102317
 20
75.99025090670114
  0
LWPOLYLINE
  5
A40
330
1F
100
AcDbEntity
  8
V PARKING
100
AcDbPolyline
 90
        4
 70
     1
 43
0.0
 10
68.57539492009002
 20
72.43954475063617
 10
68.57539492009002
 20
69.93954475063708
 10
63.57539492009002
 20
69.93954475063708
 10
63.57539492009002
 20
72.43954475063617
  0
LWPOLYLINE
  5
A41
330
1F
100
AcDbEntity
  8
V PARKING
100
AcDbPolyline
 90
        4
 70
     1
 43
0.0
 10
77.71423991343934
 20
72.43954475063617
 10
77.71423991343934
 20
69.93954475063708
 10
72.71423991343917
 20
69.93954475063708
 10
72.71423991343917
 20
72.43954475063617
  0
LWPOLYLINE
  5
A42
330
1F
100
AcDbEntity
  8
V PARKING
100
AcDbPolyline
 90
        4
 70
     1
 43
0.0
 10
68.61394272765593
 20
68.8255360609761
 10
68.61394272765593
 20
66.3255360609761
 10
63.61394272765593
 20
66.3255360609761
 10
63.61394272765593
 20
68.8255360609761
  0
LWPOLYLINE
  5
A43
330
1F
100
AcDbEntity
  8
V PARKING
100
AcDbPolyline
 90
        4
 70
     1
 43
0.0
 10
77.73379294689423
 20
68.78758356536526
 10
77.73379294689423
 20
66.28758356536526
 10
72.73379294689423
 20
66.28758356536526
 10
72.73379294689423
 20
68.78758356536526
  0
LWPOLYLINE
  5
A44
330
1F
100
AcDbEntity
  8
V PARKING
100
AcDbPolyline
 90
        4
 70
     1
 43
0.0
 10
68.67109452779212
 20
65.23341768348416
 10
68.67109452779212
 20
62.73341768348417
 10
63.671094527792
 20
62.73341768348417
 10
63.671094527792
 20
65.23341768348416
  0
LWPOLYLINE
  5
A45
330
1F
100
AcDbEntity
  8
V PARKING
100
AcDbPolyline
 90
        4
 70
     1
 43
0.0
 10
77.84791511288151
 20
65.29034642690124
 10
77.84791511288151
 20
62.79034642690124
 10
72.84791511288151
 20
62.79034642690124
 10
72.84791511288151
 20
65.29034642690124
  0
LWPOLYLINE
  5
A46
330
1F
100
AcDbEntity
  8
V PARKING
100
AcDbPolyline
 90
        4
 70
     1
 43
0.0
 10
68.63397028154967
 20
61.73777689501902
 10
68.63397028154967
 20
59.23777689501902
 10
63.63397028154967
 20
59.23777689501902
 10
63.63397028154967
 20
61.73777689501902
  0
LWPOLYLINE
  5
A47
330
1F
100
AcDbEntity
  8
V PARKING
100
AcDbPolyline
 90
        4
 70
     1
 43
0.0
 10
77.77280131841533
 20
61.79471144334605
 10
77.77280131841533
 20
59.29471144334605
 10
72.77280131841521
 20
59.29471144334605
 10
72.77280131841521
 20
61.79471144334605
  0
LWPOLYLINE
  5
A48
330
1F
100
AcDbEntity
  8
RAMP
100
AcDbPolyline
 90
        4
 70
     1
 43
0.0
 10
73.70121563395523
 20
54.94093118241938
 10
73.70121563395523
 20
49.52093118241931
 10
63.70121563395534
 20
49.52093118241931
 10
63.70121563395534
 20
54.94093118241938
  0
LWPOLYLINE
  5
A49
330
1F
100
AcDbEntity
  8
V PARKING
100
AcDbPolyline
 90
        4
 70
     1
 43
0.0
 10
77.77280131841533
 20
58.10767699736937
 10
77.77280131841533
 20
55.60767699737028
 10
72.77280131841521
 20
55.60767699737028
 10
72.77280131841521
 20
58.10767699736937
  0
LWPOLYLINE
  5
A4A
330
1F
100
AcDbEntity
  8
V PARKING
100
AcDbPolyline
 90
        4
 70
     1
 43
0.0
 10
68.72573391081622
 20
58.11190877609432
 10
68.72573391081622
 20
55.61190877609432
 10
63.72573391081622
 20
55.61190877609432
 10
63.72573391081622
 20
58.11190877609432
  0
LWPOLYLINE
  5
A4B
330
1F
100
AcDbEntity
  8
col
100
AcDbPolyline
 90
        4
 70
     1
 43
0.0
 10
52.48810717308495
 20
85.68353519075925
 10
52.48810717308495
 20
85.2335351907592
 10
52.25810717308494
 20
85.2335351907592
 10
52.25810717308471
 20
85.68353519075925
  0
LWPOLYLINE
  5
A4C
330
1F
100
AcDbEntity
  8
col
100
AcDbPolyline
 90
        4
 70
     1
 43
0.0
 10
52.48810717308586
 20
90.48353519076124
 10
52.48810717308586
 20
90.03353519076119
 10
52.25810717308561
 20
90.03353519076119
 10
52.25810717308561
 20
90.48353519076124
  0
LWPOLYLINE
  5
A4D
330
1F
100
AcDbEntity
  8
col
100
AcDbPolyline
 90
        4
 70
     1
 43
0.0
 10
52.48810717308586
 20
82.45353519076013
 10
52.48810717308586
 20
82.00353519076008
 10
52.25810717308585
 20
82.00353519076008
 10
52.25810717308561
 20
82.45353519076013
  0
LWPOLYLINE
  5
A4E
330
1F
100
AcDbEntity
  8
col
100
AcDbPolyline
 90
        4
 70
     1
 43
0.0
 10
57.48810717308495
 20
85.68353519075925
 10
57.48810717308495
 20
85.2335351907592
 10
57.25810717308482
 20
85.2335351907592
 10
57.25810717308471
 20
85.68353519075925
  0
LWPOLYLINE
  5
A4F
330
1F
100
AcDbEntity
  8
col
100
AcDbPolyline
 90
        4
 70
     1
 43
0.0
 10
57.48810717308586
 20
90.48353519076124
 10
57.48810717308586
 20
90.03353519076119
 10
57.25810717308561
 20
90.03353519076119
 10
57.25810717308561
 20
90.48353519076124
  0
LWPOLYLINE
  5
A50
330
1F
100
AcDbEntity
  8
col
100
AcDbPolyline
 90
        4
 70
     1
 43
0.0
 10
57.48810717308586
 20
82.45353519076013
 10
57.48810717308586
 20
82.00353519076008
 10
57.25810717308585
 20
82.00353519076008
 10
57.25810717308561
 20
82.45353519076013
  0
LWPOLYLINE
  5
A51
330
1F
100
AcDbEntity
  8
col
100
AcDbPolyline
 90
        4
 70
     1
 43
0.0
 10
63.48810717308495
 20
85.68353519075925
 10
63.48810717308495
 20
85.2335351907592
 10
63.25810717308482
 20
85.2335351907592
 10
63.25810717308482
 20
85.68353519075925
  0
LWPOLYLINE
  5
A52
330
1F
100
AcDbEntity
  8
col
100
AcDbPolyline
 90
        4
 70
     1
 43
0.0
 10
63.48810717308587
 20
90.48353519076124
 10
63.48810717308587
 20
90.03353519076119
 10
63.25810717308562
 20
90.03353519076119
 10
63.25810717308562
 20
90.48353519076124
  0
LWPOLYLINE
  5
A53
330
1F
100
AcDbEntity
  8
col
100
AcDbPolyline
 90
        4
 70
     1
 43
0.0
 10
63.48810717308587
 20
82.45353519076013
 10
63.48810717308587
 20
82.00353519076008
 10
63.25810717308584
 20
82.00353519076008
 10
63.25810717308562
 20
82.45353519076013
  0
LWPOLYLINE
  5
A54
330
1F
100
AcDbEntity
  8
col
100
AcDbPolyline
 90
        4
 70
     1
 43
0.0
 10
68.48810717308495
 20
85.68353519075925
 10
68.48810717308495
 20
85.2335351907592
 10
68.25810717308494
 20
85.2335351907592
 10
68.2581071730847
 20
85.68353519075925
  0
LWPOLYLINE
  5
A55
330
1F
100
AcDbEntity
  8
col
100
AcDbPolyline
 90
        4
 70
     1
 43
0.0
 10
68.48810717308587
 20
90.48353519076124
 10
68.48810717308587
 20
90.03353519076119
 10
68.25810717308574
 20
90.03353519076119
 10
68.25810717308574
 20
90.48353519076124
  0
LWPOLYLINE
  5
A56
330
1F
100
AcDbEntity
  8
col
100
AcDbPolyline
 90
        4
 70
     1
 43
0.0
 10
68.48810717308587
 20
82.45353519076013
 10
68.48810717308587
 20
82.00353519076008
 10
68.25810717308584
 20
82.00353519076008
 10
68.25810717308574
 20
82.45353519076013
  0
LWPOLYLINE
  5
A57
330
1F
100
AcDbEntity
  8
col
100
AcDbPolyline
 90
        4
 70
     1
 43
0.0
 10
73.48810717308484
 20
85.68353519075925
 10
73.48810717308484
 20
85.2335351907592
 10
73.25810717308494
 20
85.2335351907592
 10
73.2581071730847
 20
85.68353519075925
  0
LWPOLYLINE
  5
A58
330
1F
100
AcDbEntity
  8
col
100
AcDbPolyline
 90
        4
 70
     1
 43
0.0
 10
73.48810717308587
 20
90.48353519076124
 10
73.48810717308587
 20
90.03353519076119
 10
73.25810717308574
 20
90.03353519076119
 10
73.25810717308574
 20
90.48353519076124
  0
LWPOLYLINE
  5
A59
330
1F
100
AcDbEntity
  8
col
100
AcDbPolyline
 90
        4
 70
     1
 43
0.0
 10
73.48810717308587
 20
82.45353519076013
 10
73.48810717308587
 20
82.00353519076008
 10
73.25810717308574
 20
82.00353519076008
 10
73.25810717308574
 20
82.45353519076013
  0
LWPOLYLINE
  5
A5A
330
1F
100
AcDbEntity
  8
col
100
AcDbPolyline
 90
        4
 70
     1
 43
0.0
 10
52.48810717308586
 20
95.51814129681622
 10
52.48810717308586
 20
95.06814129681504
 10
52.25810717308561
 20
95.06814129681504
 10
52.25810717308585
 20
95.51814129681622
  0
LWPOLYLINE
  5
A5B
330
1F
100
AcDbEntity
  8
col
100
AcDbPolyline
 90
        4
 70
     1
 43
0.0
 10
57.48810717308586
 20
95.51814129681622
 10
57.48810717308586
 20
95.06814129681504
 10
57.25810717308561
 20
95.06814129681504
 10
57.25810717308585
 20
95.51814129681622
  0
LWPOLYLINE
  5
A5C
330
1F
100
AcDbEntity
  8
col
100
AcDbPolyline
 90
        4
 70
     1
 43
0.0
 10
63.48810717308587
 20
95.51814129681622
 10
63.48810717308587
 20
95.06814129681504
 10
63.25810717308562
 20
95.06814129681504
 10
63.25810717308584
 20
95.51814129681622
  0
LWPOLYLINE
  5
A5D
330
1F
100
AcDbEntity
  8
col
100
AcDbPolyline
 90
        4
 70
     1
 43
0.0
 10
68.48810717308587
 20
95.51814129681622
 10
68.48810717308587
 20
95.06814129681504
 10
68.25810717308574
 20
95.06814129681504
 10
68.25810717308584
 20
95.51814129681622
  0
LWPOLYLINE
  5
A5E
330
1F
100
AcDbEntity
  8
col
100
AcDbPolyline
 90
        4
 70
     1
 43
0.0
 10
73.48810717308587
 20
95.51814129681622
 10
73.48810717308587
 20
95.06814129681504
 10
73.25810717308574
 20
95.06814129681504
 10
73.25810717308574
 20
95.51814129681622
  0
LWPOLYLINE
  5
A5F
330
1F
100
AcDbEntity
  8
col
100
AcDbPolyline
 90
        4
 70
     1
 43
0.0
 10
52.71810717308486
 20
45.84093118242015
 10
52.71810717308486
 20
46.2909311824202
 10
52.48810717308484
 20
46.2909311824202
 10
52.48810717308467
 20
45.84093118242015
  0
LWPOLYLINE
  5
A60
330
1F
100
AcDbEntity
  8
col
100
AcDbPolyline
 90
        4
 70
     1
 43
0.0
 10
52.71810717308571
 20
41.04093118241816
 10
52.71810717308571
 20
41.49093118241934
 10
52.48810717308564
 20
41.4909311824182
 10
52.48810717308564
 20
41.04093118241816
  0
LWPOLYLINE
  5
A61
330
1F
100
AcDbEntity
  8
col
100
AcDbPolyline
 90
        4
 70
     1
 43
0.0
 10
52.71810717308571
 20
36.00632507636432
 10
52.71810717308571
 20
36.45632507636436
 10
52.48810717308564
 20
36.45632507636436
 10
52.48810717308564
 20
36.00632507636432
  0
LWPOLYLINE
  5
A62
330
1F
100
AcDbEntity
  8
col
100
AcDbPolyline
 90
        4
 70
     1
 43
0.0
 10
52.71810717308571
 20
49.07093118241927
 10
52.71810717308571
 20
49.52093118241931
 10
52.48810717308564
 20
49.52093118241931
 10
52.48810717308564
 20
49.07093118241927
  0
LWPOLYLINE
  5
A63
330
1F
100
AcDbEntity
  8
col
100
AcDbPolyline
 90
        4
 70
     1
 43
0.0
 10
57.71810717308486
 20
45.84093118242015
 10
57.71810717308486
 20
46.2909311824202
 10
57.48810717308467
 20
46.2909311824202
 10
57.48810717308467
 20
45.84093118242015
  0
LWPOLYLINE
  5
A64
330
1F
100
AcDbEntity
  8
col
100
AcDbPolyline
 90
        4
 70
     1
 43
0.0
 10
57.71810717308571
 20
41.04093118241929
 10
57.71810717308571
 20
41.49093118241934
 10
57.48810717308552
 20
41.49093118241934
 10
57.48810717308552
 20
41.04093118241929
  0
LWPOLYLINE
  5
A65
330
1F
100
AcDbEntity
  8
col
100
AcDbPolyline
 90
        4
 70
     1
 43
0.0
 10
57.71810717308571
 20
36.00632507636432
 10
57.71810717308571
 20
36.45632507636436
 10
57.48810717308552
 20
36.45632507636436
 10
57.48810717308575
 20
36.00632507636432
  0
LWPOLYLINE
  5
A66
330
1F
100
AcDbEntity
  8
col
100
AcDbPolyline
 90
        4
 70
     1
 43
0.0
 10
57.71810717308571
 20
49.07093118242017
 10
57.71810717308571
 20
49.52093118241931
 10
57.48810717308575
 20
49.52093118241931
 10
57.48810717308552
 20
49.07093118242017
  0
LWPOLYLINE
  5
A67
330
1F
100
AcDbEntity
  8
col
100
AcDbPolyline
 90
        4
 70
     1
 43
0.0
 10
63.70121563395454
 20
45.84093118242015
 10
63.70121563395454
 20
46.2909311824202
 10
63.47121563395447
 20
46.2909311824202
 10
63.4712156339543
 20
45.84093118242015
  0
LWPOLYLINE
  5
A68
330
1F
100
AcDbEntity
  8
col
100
AcDbPolyline
 90
        4
 70
     1
 43
0.0
 10
63.70121563395546
 20
41.04093118241816
 10
63.70121563395546
 20
41.49093118241934
 10
63.47121563395521
 20
41.4909311824182
 10
63.47121563395521
 20
41.04093118241816
  0
LWPOLYLINE
  5
A69
330
1F
100
AcDbEntity
  8
col
100
AcDbPolyline
 90
        4
 70
     1
 43
0.0
 10
63.70121563395546
 20
36.00632507636432
 10
63.70121563395546
 20
36.45632507636436
 10
63.47121563395521
 20
36.45632507636436
 10
63.47121563395544
 20
36.00632507636432
  0
LWPOLYLINE
  5
A6A
330
1F
100
AcDbEntity
  8
col
100
AcDbPolyline
 90
        4
 70
     1
 43
0.0
 10
63.70121563395546
 20
49.07093118241927
 10
63.70121563395546
 20
49.52093118241931
 10
63.47121563395544
 20
49.52093118241931
 10
63.47121563395521
 20
49.07093118241927
  0
LWPOLYLINE
  5
A6B
330
1F
100
AcDbEntity
  8
col
100
AcDbPolyline
 90
        4
 70
     1
 43
0.0
 10
68.73265331199113
 20
45.84093118242015
 10
68.73265331199113
 20
46.2909311824202
 10
68.50265331199111
 20
46.2909311824202
 10
68.502653311991
 20
45.84093118242015
  0
LWPOLYLINE
  5
A6C
330
1F
100
AcDbEntity
  8
col
100
AcDbPolyline
 90
        4
 70
     1
 43
0.0
 10
68.73265331199215
 20
41.04093118241816
 10
68.73265331199215
 20
41.49093118241934
 10
68.50265331199196
 20
41.4909311824182
 10
68.50265331199196
 20
41.04093118241816
  0
LWPOLYLINE
  5
A6D
330
1F
100
AcDbEntity
  8
col
100
AcDbPolyline
 90
        4
 70
     1
 43
0.0
 10
68.73265331199215
 20
36.00632507636432
 10
68.73265331199215
 20
36.45632507636436
 10
68.50265331199196
 20
36.45632507636436
 10
68.50265331199202
 20
36.00632507636432
  0
LWPOLYLINE
  5
A6E
330
1F
100
AcDbEntity
  8
col
100
AcDbPolyline
 90
        4
 70
     1
 43
0.0
 10
68.73265331199215
 20
49.07093118241927
 10
68.73265331199215
 20
49.52093118241931
 10
68.50265331199202
 20
49.52093118241931
 10
68.50265331199196
 20
49.07093118241927
  0
LWPOLYLINE
  5
A6F
330
1F
100
AcDbEntity
  8
col
100
AcDbPolyline
 90
        4
 70
     1
 43
0.0
 10
73.71810717308486
 20
45.84093118242015
 10
73.71810717308486
 20
46.2909311824202
 10
73.48810717308484
 20
46.2909311824202
 10
73.48810717308467
 20
45.84093118242015
  0
LWPOLYLINE
  5
A70
330
1F
100
AcDbEntity
  8
col
100
AcDbPolyline
 90
        4
 70
     1
 43
0.0
 10
73.71810717308566
 20
30.5263250763643
 10
74.16810717308564
 20
30.5263250763643
 10
74.16810717308564
 20
30.75632507636522
 10
73.71810717308566
 20
30.75632507636522
  0
LWPOLYLINE
  5
A71
330
1F
100
AcDbEntity
  8
col
100
AcDbPolyline
 90
        4
 70
     1
 43
0.0
 10
73.71810717308571
 20
41.04093118241816
 10
73.71810717308571
 20
41.49093118241934
 10
73.48810717308563
 20
41.4909311824182
 10
73.48810717308563
 20
41.04093118241816
  0
LWPOLYLINE
  5
A72
330
1F
100
AcDbEntity
  8
col
100
AcDbPolyline
 90
        4
 70
     1
 43
0.0
 10
73.71810717308571
 20
36.00632507636432
 10
73.71810717308571
 20
36.45632507636436
 10
73.48810717308563
 20
36.45632507636436
 10
73.48810717308563
 20
36.00632507636432
  0
LWPOLYLINE
  5
A73
330
1F
100
AcDbEntity
  8
col
100
AcDbPolyline
 90
        4
 70
     1
 43
0.0
 10
73.71810717308571
 20
49.07093118241927
 10
73.71810717308571
 20
49.52093118241931
 10
73.48810717308563
 20
49.52093118241931
 10
73.48810717308563
 20
49.07093118241927
  0
LWPOLYLINE
  5
A74
330
1F
100
AcDbEntity
  8
V PARKING
100
AcDbPolyline
 90
        4
 70
     1
 43
0.0
 10
34.4631365457133
 20
96.51353566019304
 10
34.4631365457133
 20
98.51353566019305
 10
35.4631365457133
 20
98.51353566019305
 10
35.4631365457133
 20
96.51353566019304
  0
LWPOLYLINE
  5
A75
330
1F
100
AcDbEntity
  8
V PARKING
100
AcDbPolyline
 90
        4
 70
     1
 43
0.0
 10
35.4631365457133
 20
96.51353566019304
 10
35.4631365457133
 20
98.51353566019305
 10
36.4631365457133
 20
98.51353566019305
 10
36.4631365457133
 20
96.51353566019304
  0
LWPOLYLINE
  5
A76
330
1F
100
AcDbEntity
  8
V PARKING
100
AcDbPolyline
 90
        4
 70
     1
 43
0.0
 10
36.4631365457133
 20
96.51353566019304
 10
36.4631365457133
 20
98.51353566019305
 10
37.4631365457133
 20
98.51353566019305
 10
37.4631365457133
 20
96.51353566019304
  0
LWPOLYLINE
  5
A77
330
1F
100
AcDbEntity
  8
V PARKING
100
AcDbPolyline
 90
        4
 70
     1
 43
0.0
 10
31.4631365457133
 20
96.51353566019304
 10
31.4631365457133
 20
98.51353566019305
 10
32.4631365457133
 20
98.51353566019305
 10
32.4631365457133
 20
96.51353566019304
  0
LWPOLYLINE
  5
A78
330
1F
100
AcDbEntity
  8
V PARKING
100
AcDbPolyline
 90
        4
 70
     1
 43
0.0
 10
32.4631365457133
 20
96.51353566019304
 10
32.4631365457133
 20
98.51353566019305
 10
33.4631365457133
 20
98.51353566019305
 10
33.4631365457133
 20
96.51353566019304
  0
LWPOLYLINE
  5
A79
330
1F
100
AcDbEntity
  8
V PARKING
100
AcDbPolyline
 90
        4
 70
     1
 43
0.0
 10
33.4631365457133
 20
96.51353566019304
 10
33.4631365457133
 20
98.51353566019305
 10
34.4631365457133
 20
98.51353566019305
 10
34.4631365457133
 20
96.51353566019304
  0
LWPOLYLINE
  5
A7A
330
1F
100
AcDbEntity
  8
V PARKING
100
AcDbPolyline
 90
        4
 70
     1
 43
0.0
 10
28.4631365457133
 20
96.51353566019304
 10
28.4631365457133
 20
98.51353566019305
 10
29.4631365457133
 20
98.51353566019305
 10
29.4631365457133
 20
96.51353566019304
  0
LWPOLYLINE
  5
A7B
330
1F
100
AcDbEntity
  8
V PARKING
100
AcDbPolyline
 90
        4
 70
     1
 43
0.0
 10
29.4631365457133
 20
96.51353566019304
 10
29.4631365457133
 20
98.51353566019305
 10
30.4631365457133
 20
98.51353566019305
 10
30.4631365457133
 20
96.51353566019304
  0
LWPOLYLINE
  5
A7C
330
1F
100
AcDbEntity
  8
V PARKING
100
AcDbPolyline
 90
        4
 70
     1
 43
0.0
 10
30.4631365457133
 20
96.51353566019304
 10
30.4631365457133
 20
98.51353566019305
 10
31.4631365457133
 20
98.51353566019305
 10
31.4631365457133
 20
96.51353566019304
  0
LWPOLYLINE
  5
A7D
330
1F
100
AcDbEntity
  8
V PARKING
100
AcDbPolyline
 90
        4
 70
     1
 43
0.0
 10
96.7430778004585
 20
96.51353566019304
 10
96.7430778004585
 20
98.51353566019305
 10
97.74307780045857
 20
98.51353566019305
 10
97.74307780045857
 20
96.51353566019304
  0
LWPOLYLINE
  5
A7E
330
1F
100
AcDbEntity
  8
V PARKING
100
AcDbPolyline
 90
        4
 70
     1
 43
0.0
 10
97.74307780045857
 20
96.51353566019304
 10
97.74307780045857
 20
98.51353566019305
 10
98.74307780045857
 20
98.51353566019305
 10
98.74307780045857
 20
96.51353566019304
  0
LWPOLYLINE
  5
A7F
330
1F
100
AcDbEntity
  8
V PARKING
100
AcDbPolyline
 90
        4
 70
     1
 43
0.0
 10
98.74307780045857
 20
96.51353566019304
 10
98.74307780045857
 20
98.51353566019305
 10
99.74307780045856
 20
98.51353566019305
 10
99.74307780045856
 20
96.51353566019304
  0
LWPOLYLINE
  5
A80
330
1F
100
AcDbEntity
  8
V PARKING
100
AcDbPolyline
 90
        4
 70
     1
 43
0.0
 10
93.74307780045851
 20
96.51353566019304
 10
93.74307780045851
 20
98.51353566019305
 10
94.74307780045851
 20
98.51353566019305
 10
94.74307780045851
 20
96.51353566019304
  0
LWPOLYLINE
  5
A81
330
1F
100
AcDbEntity
  8
V PARKING
100
AcDbPolyline
 90
        4
 70
     1
 43
0.0
 10
94.74307780045851
 20
96.51353566019304
 10
94.74307780045851
 20
98.51353566019305
 10
95.74307780045851
 20
98.51353566019305
 10
95.74307780045851
 20
96.51353566019304
  0
LWPOLYLINE
  5
A82
330
1F
100
AcDbEntity
  8
V PARKING
100
AcDbPolyline
 90
        4
 70
     1
 43
0.0
 10
95.74307780045851
 20
96.51353566019304
 10
95.74307780045851
 20
98.51353566019305
 10
96.7430778004585
 20
98.51353566019305
 10
96.7430778004585
 20
96.51353566019304
  0
LWPOLYLINE
  5
A83
330
1F
100
AcDbEntity
  8
V PARKING
100
AcDbPolyline
 90
        4
 70
     1
 43
0.0
 10
90.74307780045851
 20
96.51353566019304
 10
90.74307780045851
 20
98.51353566019305
 10
91.7430778004585
 20
98.51353566019305
 10
91.7430778004585
 20
96.51353566019304
  0
LWPOLYLINE
  5
A84
330
1F
100
AcDbEntity
  8
V PARKING
100
AcDbPolyline
 90
        4
 70
     1
 43
0.0
 10
91.7430778004585
 20
96.51353566019304
 10
91.7430778004585
 20
98.51353566019305
 10
92.7430778004585
 20
98.51353566019305
 10
92.7430778004585
 20
96.51353566019304
  0
LWPOLYLINE
  5
A85
330
1F
100
AcDbEntity
  8
V PARKING
100
AcDbPolyline
 90
        4
 70
     1
 43
0.0
 10
92.7430778004585
 20
96.51353566019304
 10
92.7430778004585
 20
98.51353566019305
 10
93.74307780045851
 20
98.51353566019305
 10
93.74307780045851
 20
96.51353566019304
  0
LWPOLYLINE
  5
A86
330
1F
100
AcDbEntity
  8
V PARKING
100
AcDbPolyline
 90
        4
 70
     1
 43
0.0
 10
87.7430778004585
 20
96.51353566019304
 10
87.7430778004585
 20
98.51353566019305
 10
88.74307780045851
 20
98.51353566019305
 10
88.74307780045851
 20
96.51353566019304
  0
LWPOLYLINE
  5
A87
330
1F
100
AcDbEntity
  8
V PARKING
100
AcDbPolyline
 90
        4
 70
     1
 43
0.0
 10
88.74307780045851
 20
96.51353566019304
 10
88.74307780045851
 20
98.51353566019305
 10
89.74307780045851
 20
98.51353566019305
 10
89.74307780045851
 20
96.51353566019304
  0
LWPOLYLINE
  5
A88
330
1F
100
AcDbEntity
  8
V PARKING
100
AcDbPolyline
 90
        4
 70
     1
 43
0.0
 10
89.74307780045851
 20
96.51353566019304
 10
89.74307780045851
 20
98.51353566019305
 10
90.74307780045851
 20
98.51353566019305
 10
90.74307780045851
 20
96.51353566019304
  0
LWPOLYLINE
  5
A89
330
1F
100
AcDbEntity
  8
V PARKING
100
AcDbPolyline
 90
        4
 70
     1
 43
0.0
 10
72.74302012151221
 20
73.40125157802629
 10
70.74302012151221
 20
73.40125157802629
 10
70.74302012151221
 20
74.40125157802629
 10
72.74302012151221
 20
74.40125157802629
  0
LWPOLYLINE
  5
A8A
330
1F
100
AcDbEntity
  8
V PARKING
100
AcDbPolyline
 90
        4
 70
     1
 43
0.0
 10
72.74302012151221
 20
74.40125157802629
 10
70.74302012151221
 20
74.40125157802629
 10
70.74302012151221
 20
75.40125157802629
 10
72.74302012151221
 20
75.40125157802629
  0
LWPOLYLINE
  5
A8B
330
1F
100
AcDbEntity
  8
V PARKING
100
AcDbPolyline
 90
        4
 70
     1
 43
0.0
 10
72.74302012151221
 20
75.40125157802629
 10
70.74302012151221
 20
75.40125157802629
 10
70.74302012151221
 20
76.40125157802629
 10
72.74302012151221
 20
76.40125157802629
  0
LWPOLYLINE
  5
A8C
330
1F
100
AcDbEntity
  8
V PARKING
100
AcDbPolyline
 90
        4
 70
     1
 43
0.0
 10
72.74302012151221
 20
70.40125157802629
 10
70.74302012151221
 20
70.40125157802629
 10
70.74302012151221
 20
71.40125157802629
 10
72.74302012151221
 20
71.40125157802629
  0
LWPOLYLINE
  5
A8D
330
1F
100
AcDbEntity
  8
V PARKING
100
AcDbPolyline
 90
        4
 70
     1
 43
0.0
 10
72.74302012151221
 20
71.40125157802629
 10
70.74302012151221
 20
71.40125157802629
 10
70.74302012151221
 20
72.40125157802515
 10
72.74302012151221
 20
72.40125157802515
  0
LWPOLYLINE
  5
A8E
330
1F
100
AcDbEntity
  8
V PARKING
100
AcDbPolyline
 90
        4
 70
     1
 43
0.0
 10
72.74302012151221
 20
72.40125157802515
 10
70.74302012151221
 20
72.40125157802515
 10
70.74302012151221
 20
73.40125157802629
 10
72.74302012151221
 20
73.40125157802629
  0
LWPOLYLINE
  5
A8F
330
1F
100
AcDbEntity
  8
V PARKING
100
AcDbPolyline
 90
        4
 70
     1
 43
0.0
 10
72.74302012151221
 20
67.40125157802629
 10
70.74302012151221
 20
67.40125157802629
 10
70.74302012151221
 20
68.40125157802629
 10
72.74302012151221
 20
68.40125157802629
  0
LWPOLYLINE
  5
A90
330
1F
100
AcDbEntity
  8
V PARKING
100
AcDbPolyline
 90
        4
 70
     1
 43
0.0
 10
72.74302012151221
 20
68.40125157802629
 10
70.74302012151221
 20
68.40125157802629
 10
70.74302012151221
 20
69.40125157802629
 10
72.74302012151221
 20
69.40125157802629
  0
LWPOLYLINE
  5
A91
330
1F
100
AcDbEntity
  8
V PARKING
100
AcDbPolyline
 90
        4
 70
     1
 43
0.0
 10
72.74302012151221
 20
69.40125157802629
 10
70.74302012151221
 20
69.40125157802629
 10
70.74302012151221
 20
70.40125157802629
 10
72.74302012151221
 20
70.40125157802629
  0
LWPOLYLINE
  5
A92
330
1F
100
AcDbEntity
  8
V PARKING
100
AcDbPolyline
 90
        4
 70
     1
 43
0.0
 10
72.74302012151221
 20
64.40125157802629
 10
70.74302012151221
 20
64.40125157802629
 10
70.74302012151221
 20
65.40125157802629
 10
72.74302012151221
 20
65.40125157802629
  0
LWPOLYLINE
  5
A93
330
1F
100
AcDbEntity
  8
V PARKING
100
AcDbPolyline
 90
        4
 70
     1
 43
0.0
 10
72.74302012151221
 20
65.40125157802629
 10
70.74302012151221
 20
65.40125157802629
 10
70.74302012151221
 20
66.40125157802629
 10
72.74302012151221
 20
66.40125157802629
  0
LWPOLYLINE
  5
A94
330
1F
100
AcDbEntity
  8
V PARKING
100
AcDbPolyline
 90
        4
 70
     1
 43
0.0
 10
72.74302012151221
 20
66.40125157802629
 10
70.74302012151221
 20
66.40125157802629
 10
70.74302012151221
 20
67.40125157802629
 10
72.74302012151221
 20
67.40125157802629
  0
LWPOLYLINE
  5
A95
330
1F
100
AcDbEntity
  8
V PARKING
100
AcDbPolyline
 90
        4
 70
     1
 43
0.0
 10
72.74302012151221
 20
61.40125157802629
 10
70.74302012151221
 20
61.40125157802629
 10
70.74302012151221
 20
62.4012515780263
 10
72.74302012151221
 20
62.4012515780263
  0
LWPOLYLINE
  5
A96
330
1F
100
AcDbEntity
  8
V PARKING
100
AcDbPolyline
 90
        4
 70
     1
 43
0.0
 10
72.74302012151221
 20
62.4012515780263
 10
70.74302012151221
 20
62.4012515780263
 10
70.74302012151221
 20
63.4012515780263
 10
72.74302012151221
 20
63.4012515780263
  0
LWPOLYLINE
  5
A97
330
1F
100
AcDbEntity
  8
V PARKING
100
AcDbPolyline
 90
        4
 70
     1
 43
0.0
 10
72.74302012151221
 20
63.4012515780263
 10
70.74302012151221
 20
63.4012515780263
 10
70.74302012151221
 20
64.40125157802629
 10
72.74302012151221
 20
64.40125157802629
  0
LWPOLYLINE
  5
A98
330
1F
100
AcDbEntity
  8
V PARKING
100
AcDbPolyline
 90
        4
 70
     1
 43
0.0
 10
72.74302012151221
 20
58.4012515780263
 10
70.74302012151221
 20
58.4012515780263
 10
70.74302012151221
 20
59.40125157802629
 10
72.74302012151221
 20
59.40125157802629
  0
LWPOLYLINE
  5
A99
330
1F
100
AcDbEntity
  8
V PARKING
100
AcDbPolyline
 90
        4
 70
     1
 43
0.0
 10
72.74302012151221
 20
59.40125157802629
 10
70.74302012151221
 20
59.40125157802629
 10
70.74302012151221
 20
60.4012515780263
 10
72.74302012151221
 20
60.4012515780263
  0
LWPOLYLINE
  5
A9A
330
1F
100
AcDbEntity
  8
V PARKING
100
AcDbPolyline
 90
        4
 70
     1
 43
0.0
 10
72.74302012151221
 20
60.4012515780263
 10
70.74302012151221
 20
60.4012515780263
 10
70.74302012151221
 20
61.40125157802629
 10
72.74302012151221
 20
61.40125157802629
  0
LWPOLYLINE
  5
A9B
330
1F
100
AcDbEntity
  8
V PARKING
100
AcDbPolyline
 90
        4
 70
     1
 43
0.0
 10
72.74302012151221
 20
55.4012515780263
 10
70.74302012151221
 20
55.4012515780263
 10
70.74302012151221
 20
56.40125157802629
 10
72.74302012151221
 20
56.40125157802629
  0
LWPOLYLINE
  5
A9C
330
1F
100
AcDbEntity
  8
V PARKING
100
AcDbPolyline
 90
        4
 70
     1
 43
0.0
 10
72.74302012151221
 20
56.40125157802629
 10
70.74302012151221
 20
56.40125157802629
 10
70.74302012151221
 20
57.4012515780263
 10
72.74302012151221
 20
57.4012515780263
  0
LWPOLYLINE
  5
A9D
330
1F
100
AcDbEntity
  8
V PARKING
100
AcDbPolyline
 90
        4
 70
     1
 43
0.0
 10
72.74302012151221
 20
57.4012515780263
 10
70.74302012151221
 20
57.4012515780263
 10
70.74302012151221
 20
58.4012515780263
 10
72.74302012151221
 20
58.4012515780263
  0
LWPOLYLINE
  5
A9E
330
1F
100
AcDbEntity
  8
V PARKING
100
AcDbPolyline
 90
        4
 70
     1
 43
0.0
 10
87.66460734098851
 20
75.95839863765298
 10
87.66460734098851
 20
73.45839863765298
 10
82.66460734098851
 20
73.45839863765298
 10
82.66460734098851
 20
75.95839863765298
  0
LWPOLYLINE
  5
A9F
330
1F
100
AcDbEntity
  8
V PARKING
100
AcDbPolyline
 90
        4
 70
     1
 43
0.0
 10
87.66467712340469
 20
72.40769248158915
 10
87.66467712340469
 20
69.90769248158824
 10
82.66467712340469
 20
69.90769248158824
 10
82.66467712340469
 20
72.40769248158915
  0
LWPOLYLINE
  5
AA0
330
1F
100
AcDbEntity
  8
V PARKING
100
AcDbPolyline
 90
        4
 70
     1
 43
0.0
 10
87.68423015685973
 20
68.75573129631732
 10
87.68423015685973
 20
66.25573129631732
 10
82.68423015685963
 20
66.25573129631732
 10
82.68423015685963
 20
68.75573129631732
  0
LWPOLYLINE
  5
AA1
330
1F
100
AcDbEntity
  8
V PARKING
100
AcDbPolyline
 90
        4
 70
     1
 43
0.0
 10
87.79835232284696
 20
65.2584941578533
 10
87.79835232284696
 20
62.75849415785331
 10
82.79835232284701
 20
62.75849415785331
 10
82.79835232284701
 20
65.2584941578533
  0
LWPOLYLINE
  5
AA2
330
1F
100
AcDbEntity
  8
V PARKING
100
AcDbPolyline
 90
        4
 70
     1
 43
0.0
 10
87.72323852838074
 20
61.76285917429835
 10
87.72323852838074
 20
59.26285917429835
 10
82.72323852838074
 20
59.26285917429835
 10
82.72323852838074
 20
61.76285917429835
  0
LWPOLYLINE
  5
AA3
330
1F
100
AcDbEntity
  8
V PARKING
100
AcDbPolyline
 90
        4
 70
     1
 43
0.0
 10
87.72323852838074
 20
58.07582472832212
 10
87.72323852838074
 20
55.57582472832212
 10
82.72323852838074
 20
55.57582472832212
 10
82.72323852838074
 20
58.07582472832212
  0
LWPOLYLINE
  5
AA4
330
1F
100
AcDbEntity
  8
V PARKING
100
AcDbPolyline
 90
        4
 70
     1
 43
0.0
 10
93.03040631278433
 20
76.06894182916914
 10
93.03040631278433
 20
73.56894182916914
 10
88.03040631278443
 20
73.56894182916914
 10
88.03040631278443
 20
76.06894182916914
  0
LWPOLYLINE
  5
AA5
330
1F
100
AcDbEntity
  8
V PARKING
100
AcDbPolyline
 90
        4
 70
     1
 43
0.0
 10
93.03047609520049
 20
72.51823567310418
 10
93.03047609520049
 20
70.01823567310418
 10
88.03047609520049
 20
70.01823567310418
 10
88.03047609520049
 20
72.51823567310418
  0
LWPOLYLINE
  5
AA6
330
1F
100
AcDbEntity
  8
V PARKING
100
AcDbPolyline
 90
        4
 70
     1
 43
0.0
 10
93.05002912865555
 20
68.86627448783304
 10
93.05002912865555
 20
66.36627448783213
 10
88.05002912865544
 20
66.36627448783213
 10
88.05002912865544
 20
68.86627448783304
  0
LWPOLYLINE
  5
AA7
330
1F
100
AcDbEntity
  8
V PARKING
100
AcDbPolyline
 90
        4
 70
     1
 43
0.0
 10
93.16415129464266
 20
65.36903734936903
 10
93.16415129464266
 20
62.86903734936903
 10
88.16415129464283
 20
62.86903734936903
 10
88.16415129464283
 20
65.36903734936903
  0
LWPOLYLINE
  5
AA8
330
1F
100
AcDbEntity
  8
V PARKING
100
AcDbPolyline
 90
        4
 70
     1
 43
0.0
 10
93.08903750017654
 20
61.87340236581406
 10
93.08903750017654
 20
59.37340236581406
 10
88.08903750017654
 20
59.37340236581406
 10
88.08903750017654
 20
61.87340236581406
  0
LWPOLYLINE
  5
AA9
330
1F
100
AcDbEntity
  8
V PARKING
100
AcDbPolyline
 90
        4
 70
     1
 43
0.0
 10
93.08903750017654
 20
58.18636791983716
 10
93.08903750017654
 20
55.68636791983716
 10
88.08903750017654
 20
55.68636791983716
 10
88.08903750017654
 20
58.18636791983716
  0
LWPOLYLINE
  5
AAA
330
1F
100
AcDbEntity
  8
V PARKING
100
AcDbPolyline
 90
        4
 70
     1
 43
0.0
 10
107.9432062898944
 20
92.29337530602231
 10
105.9432062898944
 20
92.29337530602231
 10
105.9432062898944
 20
93.29337530602231
 10
107.9432062898944
 20
93.29337530602231
  0
LWPOLYLINE
  5
AAB
330
1F
100
AcDbEntity
  8
V PARKING
100
AcDbPolyline
 90
        4
 70
     1
 43
0.0
 10
107.9432062898944
 20
93.29337530602231
 10
105.9432062898944
 20
93.29337530602231
 10
105.9432062898944
 20
94.2933753060223
 10
107.9432062898944
 20
94.2933753060223
  0
LWPOLYLINE
  5
AAC
330
1F
100
AcDbEntity
  8
V PARKING
100
AcDbPolyline
 90
        4
 70
     1
 43
0.0
 10
107.9432062898944
 20
94.2933753060223
 10
105.9432062898944
 20
94.2933753060223
 10
105.9432062898944
 20
95.29337530602232
 10
107.9432062898944
 20
95.29337530602232
  0
LWPOLYLINE
  5
AAD
330
1F
100
AcDbEntity
  8
V PARKING
100
AcDbPolyline
 90
        4
 70
     1
 43
0.0
 10
107.9432062898944
 20
89.2933753060223
 10
105.9432062898944
 20
89.2933753060223
 10
105.9432062898944
 20
90.29337530602139
 10
107.9432062898944
 20
90.29337530602139
  0
LWPOLYLINE
  5
AAE
330
1F
100
AcDbEntity
  8
V PARKING
100
AcDbPolyline
 90
        4
 70
     1
 43
0.0
 10
107.9432062898944
 20
90.29337530602139
 10
105.9432062898944
 20
90.29337530602139
 10
105.9432062898944
 20
91.29337530602141
 10
107.9432062898944
 20
91.29337530602141
  0
LWPOLYLINE
  5
AAF
330
1F
100
AcDbEntity
  8
V PARKING
100
AcDbPolyline
 90
        4
 70
     1
 43
0.0
 10
107.9432062898944
 20
91.29337530602141
 10
105.9432062898944
 20
91.29337530602141
 10
105.9432062898944
 20
92.29337530602231
 10
107.9432062898944
 20
92.29337530602231
  0
LWPOLYLINE
  5
AB0
330
1F
100
AcDbEntity
  8
V PARKING
100
AcDbPolyline
 90
        4
 70
     1
 43
0.0
 10
107.9432062898944
 20
86.29337530602231
 10
105.9432062898944
 20
86.29337530602231
 10
105.9432062898944
 20
87.29337530602231
 10
107.9432062898944
 20
87.29337530602231
  0
LWPOLYLINE
  5
AB1
330
1F
100
AcDbEntity
  8
V PARKING
100
AcDbPolyline
 90
        4
 70
     1
 43
0.0
 10
107.9432062898944
 20
87.29337530602231
 10
105.9432062898944
 20
87.29337530602231
 10
105.9432062898944
 20
88.2933753060214
 10
107.9432062898944
 20
88.2933753060214
  0
LWPOLYLINE
  5
AB2
330
1F
100
AcDbEntity
  8
V PARKING
100
AcDbPolyline
 90
        4
 70
     1
 43
0.0
 10
107.9432062898944
 20
88.2933753060214
 10
105.9432062898944
 20
88.2933753060214
 10
105.9432062898944
 20
89.2933753060223
 10
107.9432062898944
 20
89.2933753060223
  0
LWPOLYLINE
  5
AB3
330
1F
100
AcDbEntity
  8
V PARKING
100
AcDbPolyline
 90
        4
 70
     1
 43
0.0
 10
102.8783075622669
 20
85.31376917749128
 10
100.8783075622669
 20
85.31376917749128
 10
100.8783075622669
 20
86.31376917749127
 10
102.8783075622669
 20
86.31376917749127
  0
LWPOLYLINE
  5
AB4
330
1F
100
AcDbEntity
  8
V PARKING
100
AcDbPolyline
 90
        4
 70
     1
 43
0.0
 10
102.8783075622669
 20
82.31376917749129
 10
100.8783075622669
 20
82.31376917749129
 10
100.8783075622669
 20
83.31376917749128
 10
102.8783075622669
 20
83.31376917749128
  0
LWPOLYLINE
  5
AB5
330
1F
100
AcDbEntity
  8
V PARKING
100
AcDbPolyline
 90
        4
 70
     1
 43
0.0
 10
102.8783075622669
 20
83.31376917749128
 10
100.8783075622669
 20
83.31376917749128
 10
100.8783075622669
 20
84.31376917749128
 10
102.8783075622669
 20
84.31376917749128
  0
LWPOLYLINE
  5
AB6
330
1F
100
AcDbEntity
  8
V PARKING
100
AcDbPolyline
 90
        4
 70
     1
 43
0.0
 10
102.8783075622669
 20
84.31376917749128
 10
100.8783075622669
 20
84.31376917749128
 10
100.8783075622669
 20
85.31376917749128
 10
102.8783075622669
 20
85.31376917749128
  0
LWPOLYLINE
  5
AB7
330
1F
100
AcDbEntity
  8
V PARKING
100
AcDbPolyline
 90
        4
 70
     1
 43
0.0
 10
52.28586803636446
 20
94.93274847376904
 10
52.28586803636446
 20
92.43274847376813
 10
47.28586803636452
 20
92.43274847376813
 10
47.28586803636452
 20
94.93274847376904
  0
LWPOLYLINE
  5
AB8
330
1F
100
AcDbEntity
  8
V PARKING
100
AcDbPolyline
 90
        4
 70
     1
 43
0.0
 10
57.46312330460771
 20
94.93274847376904
 10
57.46312330460771
 20
92.43274847376813
 10
52.46312330460771
 20
92.43274847376813
 10
52.46312330460771
 20
94.93274847376904
  0
LWPOLYLINE
  5
AB9
330
1F
100
AcDbEntity
  8
V PARKING
100
AcDbPolyline
 90
        4
 70
     1
 43
0.0
 10
52.28565482514401
 20
89.86838255195914
 10
52.28565482514401
 20
87.36838255195914
 10
47.285654825144
 20
87.36838255195914
 10
47.285654825144
 20
89.86838255195914
  0
LWPOLYLINE
  5
ABA
330
1F
100
AcDbEntity
  8
V PARKING
100
AcDbPolyline
 90
        4
 70
     1
 43
0.0
 10
57.4629100933873
 20
89.86838255195914
 10
57.4629100933873
 20
87.36838255195914
 10
52.4629100933873
 20
87.36838255195914
 10
52.4629100933873
 20
89.86838255195914
  0
LWPOLYLINE
  5
ABB
330
1F
100
AcDbEntity
  8
V PARKING
100
AcDbPolyline
 90
        4
 70
     1
 43
0.0
 10
52.26191312874497
 20
85.06198899813933
 10
52.26191312874497
 20
82.56198899813933
 10
47.26191312874497
 20
82.56198899813933
 10
47.26191312874497
 20
85.06198899813933
  0
LWPOLYLINE
  5
ABC
330
1F
100
AcDbEntity
  8
V PARKING
100
AcDbPolyline
 90
        4
 70
     1
 43
0.0
 10
57.43916839698815
 20
85.06198899813933
 10
57.43916839698815
 20
82.56198899813933
 10
52.43916839698815
 20
82.56198899813933
 10
52.43916839698815
 20
85.06198899813933
  0
LWPOLYLINE
  5
ABD
330
1F
100
AcDbEntity
  8
V PARKING
100
AcDbPolyline
 90
        4
 70
     1
 43
0.0
 10
52.25309621772087
 20
100.5012019905842
 10
52.25309621772087
 20
98.00120199058426
 10
47.25309621772086
 20
98.00120199058426
 10
47.25309621772086
 20
100.5012019905842
  0
LWPOLYLINE
  5
ABE
330
1F
100
AcDbEntity
  8
V PARKING
100
AcDbPolyline
 90
        4
 70
     1
 43
0.0
 10
57.43035148596416
 20
100.5012019905842
 10
57.43035148596416
 20
98.00120199058426
 10
52.43035148596416
 20
98.00120199058426
 10
52.43035148596416
 20
100.5012019905842
  0
LWPOLYLINE
  5
ABF
330
1F
100
AcDbEntity
  8
V PARKING
100
AcDbPolyline
 90
        4
 70
     1
 43
0.0
 10
52.25309621772087
 20
97.99540155957823
 10
52.25309621772087
 20
95.49540155957823
 10
47.25309621772086
 20
95.49540155957823
 10
47.25309621772086
 20
97.99540155957823
  0
LWPOLYLINE
  5
AC0
330
1F
100
AcDbEntity
  8
V PARKING
100
AcDbPolyline
 90
        4
 70
     1
 43
0.0
 10
57.43035148596416
 20
97.99540155957823
 10
57.43035148596416
 20
95.49540155957823
 10
52.43035148596416
 20
95.49540155957823
 10
52.43035148596416
 20
97.99540155957823
  0
LWPOLYLINE
  5
AC1
330
1F
100
AcDbEntity
  8
V PARKING
100
AcDbPolyline
 90
        4
 70
     1
 43
0.0
 10
52.12597352660319
 20
90.21002290806416
 10
50.12597352660319
 20
90.21002290806416
 10
50.12597352660319
 20
91.21002290806416
 10
52.12597352660319
 20
91.21002290806416
  0
LWPOLYLINE
  5
AC2
330
1F
100
AcDbEntity
  8
V PARKING
100
AcDbPolyline
 90
        4
 70
     1
 43
0.0
 10
54.70745972297149
 20
90.32011226268412
 10
52.70745972297132
 20
90.32011226268412
 10
52.70745972297132
 20
91.32011226268412
 10
54.70745972297149
 20
91.32011226268412
  0
LWPOLYLINE
  5
AC3
330
1F
100
AcDbEntity
  8
V PARKING
100
AcDbPolyline
 90
        4
 70
     1
 43
0.0
 10
54.70745972297149
 20
91.32011226268412
 10
52.70745972297132
 20
91.32011226268412
 10
52.70745972297132
 20
92.32011226268411
 10
54.70745972297149
 20
92.32011226268411
  0
LWPOLYLINE
  5
AC4
330
1F
100
AcDbEntity
  8
V PARKING
100
AcDbPolyline
 90
        4
 70
     1
 43
0.0
 10
52.12597352660319
 20
91.21002290806416
 10
50.12597352660319
 20
91.21002290806416
 10
50.12597352660319
 20
92.21002290806415
 10
52.12597352660319
 20
92.21002290806415
  0
LWPOLYLINE
  5
AC5
330
1F
100
AcDbEntity
  8
V PARKING
100
AcDbPolyline
 90
        4
 70
     1
 43
0.0
 10
52.12597352660319
 20
85.18623932751427
 10
50.12597352660319
 20
85.18623932751427
 10
50.12597352660319
 20
86.18623932751427
 10
52.12597352660319
 20
86.18623932751427
  0
LWPOLYLINE
  5
AC6
330
1F
100
AcDbEntity
  8
V PARKING
100
AcDbPolyline
 90
        4
 70
     1
 43
0.0
 10
54.70745972297149
 20
85.29632868213424
 10
52.70745972297132
 20
85.29632868213424
 10
52.70745972297132
 20
86.29632868213423
 10
54.70745972297149
 20
86.29632868213423
  0
LWPOLYLINE
  5
AC7
330
1F
100
AcDbEntity
  8
V PARKING
100
AcDbPolyline
 90
        4
 70
     1
 43
0.0
 10
54.70745972297149
 20
86.29632868213423
 10
52.70745972297132
 20
86.29632868213423
 10
52.70745972297132
 20
87.29632868213423
 10
54.70745972297149
 20
87.29632868213423
  0
LWPOLYLINE
  5
AC8
330
1F
100
AcDbEntity
  8
V PARKING
100
AcDbPolyline
 90
        4
 70
     1
 43
0.0
 10
52.12597352660319
 20
86.18623932751427
 10
50.12597352660319
 20
86.18623932751427
 10
50.12597352660319
 20
87.18623932751427
 10
52.12597352660319
 20
87.18623932751427
  0
LWPOLYLINE
  5
AC9
330
1F
100
AcDbEntity
  8
V PARKING
100
AcDbPolyline
 90
        4
 70
     1
 43
0.0
 10
68.39973473391935
 20
85.08208776434537
 10
68.39973473391935
 20
82.58208776434537
 10
63.39973473391935
 20
82.58208776434537
 10
63.39973473391935
 20
85.08208776434537
  0
LWPOLYLINE
  5
ACA
330
1F
100
AcDbEntity
  8
V PARKING
100
AcDbPolyline
 90
        4
 70
     1
 43
0.0
 10
68.36653649283855
 20
89.90896136016123
 10
68.36653649283855
 20
87.40896136016123
 10
63.36653649283855
 20
87.40896136016123
 10
63.36653649283855
 20
89.90896136016123
  0
LWPOLYLINE
  5
ACB
330
1F
100
AcDbEntity
  8
V PARKING
100
AcDbPolyline
 90
        4
 70
     1
 43
0.0
 10
68.39970965024642
 20
94.90651936097822
 10
68.39970965024642
 20
92.40651936097709
 10
63.39970965024642
 20
92.40651936097709
 10
63.39970965024642
 20
94.90651936097822
  0
LWPOLYLINE
  5
ACC
330
1F
100
AcDbEntity
  8
V PARKING
100
AcDbPolyline
 90
        4
 70
     1
 43
0.0
 10
68.36662428569454
 20
100.5032255286941
 10
68.36662428569454
 20
98.0032255286941
 10
63.36662428569454
 20
98.0032255286941
 10
63.36662428569454
 20
100.5032255286941
  0
LWPOLYLINE
  5
ACD
330
1F
100
AcDbEntity
  8
V PARKING
100
AcDbPolyline
 90
        4
 70
     1
 43
0.0
 10
68.34993110138047
 20
97.93359580735831
 10
68.34993110138047
 20
95.5850710295582
 10
63.34993110138047
 20
95.5850710295582
 10
63.34993110138047
 20
97.93359580735831
  0
LWPOLYLINE
  5
ACE
330
1F
100
AcDbEntity
  8
V PARKING
100
AcDbPolyline
 90
        4
 70
     1
 43
0.0
 10
68.18561951427935
 20
90.23095678695325
 10
66.18561951427935
 20
90.23095678695325
 10
66.18561951427935
 20
91.23095678695325
 10
68.18561951427935
 20
91.23095678695325
  0
LWPOLYLINE
  5
ACF
330
1F
100
AcDbEntity
  8
V PARKING
100
AcDbPolyline
 90
        4
 70
     1
 43
0.0
 10
68.18561951427935
 20
91.23095678695325
 10
66.18561951427935
 20
91.23095678695325
 10
66.18561951427935
 20
92.23095678695324
 10
68.18561951427935
 20
92.23095678695324
  0
LWPOLYLINE
  5
AD0
330
1F
100
AcDbEntity
  8
V PARKING
100
AcDbPolyline
 90
        4
 70
     1
 43
0.0
 10
67.96523436419036
 20
85.29212632377436
 10
65.96523436419037
 20
85.29212632377436
 10
65.96523436419037
 20
86.29212632377436
 10
67.96523436419036
 20
86.29212632377436
  0
LWPOLYLINE
  5
AD1
330
1F
100
AcDbEntity
  8
V PARKING
100
AcDbPolyline
 90
        4
 70
     1
 43
0.0
 10
67.96523436419036
 20
86.29212632377436
 10
65.96523436419037
 20
86.29212632377436
 10
65.96523436419037
 20
87.29212632377437
 10
67.96523436419036
 20
87.29212632377437
  0
LWPOLYLINE
  5
AD2
330
1F
100
AcDbEntity
  8
V PARKING
100
AcDbPolyline
 90
        4
 70
     1
 43
0.0
 10
19.03300805627745
 20
95.96376966939818
 10
17.03300805627745
 20
95.96376966939818
 10
17.03300805627745
 20
96.96376966939817
 10
19.03300805627745
 20
96.96376966939817
  0
LWPOLYLINE
  5
AD3
330
1F
100
AcDbEntity
  8
V PARKING
100
AcDbPolyline
 90
        4
 70
     1
 43
0.0
 10
19.03300805627745
 20
96.96376966939817
 10
17.03300805627745
 20
96.96376966939817
 10
17.03300805627745
 20
97.96376966939817
 10
19.03300805627745
 20
97.96376966939817
  0
LWPOLYLINE
  5
AD4
330
1F
100
AcDbEntity
  8
V PARKING
100
AcDbPolyline
 90
        4
 70
     1
 43
0.0
 10
19.03300805627745
 20
97.96376966939817
 10
17.03300805627745
 20
97.96376966939817
 10
17.03300805627745
 20
98.96376966939818
 10
19.03300805627745
 20
98.96376966939818
  0
LWPOLYLINE
  5
AD5
330
1F
100
AcDbEntity
  8
V PARKING
100
AcDbPolyline
 90
        4
 70
     1
 43
0.0
 10
19.03300805627745
 20
92.96376966939817
 10
17.03300805627745
 20
92.96376966939817
 10
17.03300805627745
 20
93.96376966939817
 10
19.03300805627745
 20
93.96376966939817
  0
LWPOLYLINE
  5
AD6
330
1F
100
AcDbEntity
  8
V PARKING
100
AcDbPolyline
 90
        4
 70
     1
 43
0.0
 10
19.03300805627745
 20
93.96376966939817
 10
17.03300805627745
 20
93.96376966939817
 10
17.03300805627745
 20
94.96376966939818
 10
19.03300805627745
 20
94.96376966939818
  0
LWPOLYLINE
  5
AD7
330
1F
100
AcDbEntity
  8
V PARKING
100
AcDbPolyline
 90
        4
 70
     1
 43
0.0
 10
19.03300805627745
 20
94.96376966939818
 10
17.03300805627745
 20
94.96376966939818
 10
17.03300805627745
 20
95.96376966939818
 10
19.03300805627745
 20
95.96376966939818
  0
LWPOLYLINE
  5
AD8
330
1F
100
AcDbEntity
  8
V PARKING
100
AcDbPolyline
 90
        4
 70
     1
 43
0.0
 10
19.03300805627745
 20
89.96376966939818
 10
17.03300805627745
 20
89.96376966939818
 10
17.03300805627745
 20
90.96376966939818
 10
19.03300805627745
 20
90.96376966939818
  0
LWPOLYLINE
  5
AD9
330
1F
100
AcDbEntity
  8
V PARKING
100
AcDbPolyline
 90
        4
 70
     1
 43
0.0
 10
19.03300805627745
 20
90.96376966939818
 10
17.03300805627745
 20
90.96376966939818
 10
17.03300805627745
 20
91.96376966939817
 10
19.03300805627745
 20
91.96376966939817
  0
LWPOLYLINE
  5
ADA
330
1F
100
AcDbEntity
  8
V PARKING
100
AcDbPolyline
 90
        4
 70
     1
 43
0.0
 10
19.03300805627745
 20
91.96376966939817
 10
17.03300805627745
 20
91.96376966939817
 10
17.03300805627745
 20
92.96376966939817
 10
19.03300805627745
 20
92.96376966939817
  0
LWPOLYLINE
  5
ADB
330
1F
100
AcDbEntity
  8
V PARKING
100
AcDbPolyline
 90
        4
 70
     1
 43
0.0
 10
19.03300805627745
 20
86.96376966939817
 10
17.03300805627745
 20
86.96376966939817
 10
17.03300805627745
 20
87.96376966939817
 10
19.03300805627745
 20
87.96376966939817
  0
LWPOLYLINE
  5
ADC
330
1F
100
AcDbEntity
  8
V PARKING
100
AcDbPolyline
 90
        4
 70
     1
 43
0.0
 10
19.03300805627745
 20
87.96376966939817
 10
17.03300805627745
 20
87.96376966939817
 10
17.03300805627745
 20
88.96376966939817
 10
19.03300805627745
 20
88.96376966939817
  0
LWPOLYLINE
  5
ADD
330
1F
100
AcDbEntity
  8
V PARKING
100
AcDbPolyline
 90
        4
 70
     1
 43
0.0
 10
19.03300805627745
 20
88.96376966939817
 10
17.03300805627745
 20
88.96376966939817
 10
17.03300805627745
 20
89.96376966939818
 10
19.03300805627745
 20
89.96376966939818
  0
LWPOLYLINE
  5
ADE
330
1F
100
AcDbEntity
  8
V PARKING
100
AcDbPolyline
 90
        4
 70
     1
 43
0.0
 10
19.03300805627745
 20
83.96376966939817
 10
17.03300805627745
 20
83.96376966939817
 10
17.03300805627745
 20
84.96376966939818
 10
19.03300805627745
 20
84.96376966939818
  0
LWPOLYLINE
  5
ADF
330
1F
100
AcDbEntity
  8
V PARKING
100
AcDbPolyline
 90
        4
 70
     1
 43
0.0
 10
19.03300805627745
 20
84.96376966939818
 10
17.03300805627745
 20
84.96376966939818
 10
17.03300805627745
 20
85.96376966939818
 10
19.03300805627745
 20
85.96376966939818
  0
LWPOLYLINE
  5
AE0
330
1F
100
AcDbEntity
  8
V PARKING
100
AcDbPolyline
 90
        4
 70
     1
 43
0.0
 10
19.03300805627745
 20
85.96376966939818
 10
17.03300805627745
 20
85.96376966939818
 10
17.03300805627745
 20
86.96376966939817
 10
19.03300805627745
 20
86.96376966939817
  0
LWPOLYLINE
  5
AE1
330
1F
100
AcDbEntity
  8
V PARKING
100
AcDbPolyline
 90
        4
 70
     1
 43
0.0
 10
19.03300805627745
 20
82.96376966939817
 10
17.03300805627745
 20
82.96376966939817
 10
17.03300805627745
 20
83.96376966939817
 10
19.03300805627745
 20
83.96376966939817
  0
LWPOLYLINE
  5
AE2
330
1F
100
AcDbEntity
  8
V PARKING
100
AcDbPolyline
 90
        4
 70
     1
 43
0.0
 10
77.81999814698273
 20
85.09995720693529
 10
77.81999814698273
 20
82.59995720693529
 10
72.81999814698261
 20
82.59995720693529
 10
72.81999814698261
 20
85.09995720693529
  0
LWPOLYLINE
  5
AE3
330
1F
100
AcDbEntity
  8
V PARKING
100
AcDbPolyline
 90
        4
 70
     1
 43
0.0
 10
77.90999836534346
 20
88.21788449676011
 10
77.90999836534346
 20
85.71788449676011
 10
72.90999836534346
 20
85.71788449676011
 10
72.90999836534346
 20
88.21788449676011
  0
LWPOLYLINE
  5
AE4
330
1F
100
AcDbEntity
  8
V PARKING
100
AcDbPolyline
 90
        4
 70
     1
 43
0.0
 10
77.78633585795271
 20
93.13466474661607
 10
77.78633585795271
 20
90.63466474661607
 10
72.78633585795271
 20
90.63466474661607
 10
72.78633585795271
 20
93.13466474661607
  0
LWPOLYLINE
  5
AE5
330
1F
100
AcDbEntity
  8
V PARKING
100
AcDbPolyline
 90
        4
 70
     1
 43
0.0
 10
77.85403669110585
 20
100.5073546680192
 10
77.85403669110585
 20
98.00735466801928
 10
72.85403669110585
 20
98.00735466801928
 10
72.85403669110585
 20
100.5073546680192
  0
LWPOLYLINE
  5
AE6
330
1F
100
AcDbEntity
  8
V PARKING
100
AcDbPolyline
 90
        4
 70
     1
 43
0.0
 10
72.73579777810144
 20
90.43417952092033
 10
70.73579777810144
 20
90.43417952092033
 10
70.73579777810144
 20
91.43417952092034
 10
72.73579777810144
 20
91.43417952092034
  0
LWPOLYLINE
  5
AE7
330
1F
100
AcDbEntity
  8
V PARKING
100
AcDbPolyline
 90
        4
 70
     1
 43
0.0
 10
72.73579777810144
 20
91.43417952092034
 10
70.73579777810144
 20
91.43417952092034
 10
70.73579777810144
 20
92.43417952092034
 10
72.73579777810144
 20
92.43417952092034
  0
LWPOLYLINE
  5
AE8
330
1F
100
AcDbEntity
  8
V PARKING
100
AcDbPolyline
 90
        4
 70
     1
 43
0.0
 10
72.73579777810144
 20
92.43417952092034
 10
70.73579777810144
 20
92.43417952092034
 10
70.73579777810144
 20
93.43417952092034
 10
72.73579777810144
 20
93.43417952092034
  0
LWPOLYLINE
  5
AE9
330
1F
100
AcDbEntity
  8
V PARKING
100
AcDbPolyline
 90
        4
 70
     1
 43
0.0
 10
72.73579777810144
 20
87.43417952092034
 10
70.73579777810144
 20
87.43417952092034
 10
70.73579777810144
 20
88.43417952092034
 10
72.73579777810144
 20
88.43417952092034
  0
LWPOLYLINE
  5
AEA
330
1F
100
AcDbEntity
  8
V PARKING
100
AcDbPolyline
 90
        4
 70
     1
 43
0.0
 10
72.73579777810144
 20
88.43417952092034
 10
70.73579777810144
 20
88.43417952092034
 10
70.73579777810144
 20
89.43417952092033
 10
72.73579777810144
 20
89.43417952092033
  0
LWPOLYLINE
  5
AEB
330
1F
100
AcDbEntity
  8
V PARKING
100
AcDbPolyline
 90
        4
 70
     1
 43
0.0
 10
72.73579777810144
 20
89.43417952092033
 10
70.73579777810144
 20
89.43417952092033
 10
70.73579777810144
 20
90.43417952092033
 10
72.73579777810144
 20
90.43417952092033
  0
LWPOLYLINE
  5
AEC
330
1F
100
AcDbEntity
  8
V PARKING
100
AcDbPolyline
 90
        4
 70
     1
 43
0.0
 10
72.73579777810144
 20
84.43417952092033
 10
70.73579777810144
 20
84.43417952092033
 10
70.73579777810144
 20
85.43417952092033
 10
72.73579777810144
 20
85.43417952092033
  0
LWPOLYLINE
  5
AED
330
1F
100
AcDbEntity
  8
V PARKING
100
AcDbPolyline
 90
        4
 70
     1
 43
0.0
 10
72.73579777810144
 20
85.43417952092033
 10
70.73579777810144
 20
85.43417952092033
 10
70.73579777810144
 20
86.43417952092034
 10
72.73579777810144
 20
86.43417952092034
  0
LWPOLYLINE
  5
AEE
330
1F
100
AcDbEntity
  8
V PARKING
100
AcDbPolyline
 90
        4
 70
     1
 43
0.0
 10
72.73579777810144
 20
86.43417952092034
 10
70.73579777810144
 20
86.43417952092034
 10
70.73579777810144
 20
87.43417952092034
 10
72.73579777810144
 20
87.43417952092034
  0
LWPOLYLINE
  5
AEF
330
1F
100
AcDbEntity
  8
V PARKING
100
AcDbPolyline
 90
        4
 70
     1
 43
0.0
 10
72.73579777810144
 20
81.43417952092034
 10
70.73579777810144
 20
81.43417952092034
 10
70.73579777810144
 20
82.43417952092034
 10
72.73579777810144
 20
82.43417952092034
  0
LWPOLYLINE
  5
AF0
330
1F
100
AcDbEntity
  8
V PARKING
100
AcDbPolyline
 90
        4
 70
     1
 43
0.0
 10
72.73579777810144
 20
82.43417952092034
 10
70.73579777810144
 20
82.43417952092034
 10
70.73579777810144
 20
83.43417952092034
 10
72.73579777810144
 20
83.43417952092034
  0
LWPOLYLINE
  5
AF1
330
1F
100
AcDbEntity
  8
V PARKING
100
AcDbPolyline
 90
        4
 70
     1
 43
0.0
 10
72.73579777810144
 20
83.43417952092034
 10
70.73579777810144
 20
83.43417952092034
 10
70.73579777810144
 20
84.43417952092033
 10
72.73579777810144
 20
84.43417952092033
  0
LWPOLYLINE
  5
AF2
330
1F
100
AcDbEntity
  8
V PARKING
100
AcDbPolyline
 90
        4
 70
     1
 43
0.0
 10
72.73579777810144
 20
80.43417952092033
 10
70.73579777810144
 20
80.43417952092033
 10
70.73579777810144
 20
81.43417952092034
 10
72.73579777810144
 20
81.43417952092034
  0
LWPOLYLINE
  5
AF3
330
1F
100
AcDbEntity
  8
V PARKING
100
AcDbPolyline
 90
        4
 70
     1
 43
0.0
 10
72.73579777810144
 20
76.43417952092034
 10
70.73579777810144
 20
76.43417952092034
 10
70.73579777810144
 20
77.43417952092034
 10
72.73579777810144
 20
77.43417952092034
  0
LWPOLYLINE
  5
AF4
330
1F
100
AcDbEntity
  8
V PARKING
100
AcDbPolyline
 90
        4
 70
     1
 43
0.0
 10
72.72975261293166
 20
98.46514456988201
 10
70.72975261293166
 20
98.46514456988201
 10
70.72975261293166
 20
99.465144569882
 10
72.72975261293166
 20
99.465144569882
  0
LWPOLYLINE
  5
AF5
330
1F
100
AcDbEntity
  8
V PARKING
100
AcDbPolyline
 90
        4
 70
     1
 43
0.0
 10
72.72975261293166
 20
99.465144569882
 10
70.72975261293166
 20
99.465144569882
 10
70.72975261293166
 20
100.4651445698811
 10
72.72975261293166
 20
100.4651445698811
  0
LWPOLYLINE
  5
AF6
330
1F
100
AcDbEntity
  8
V PARKING
100
AcDbPolyline
 90
        4
 70
     1
 43
0.0
 10
72.72975261293166
 20
95.465144569882
 10
70.72975261293166
 20
95.465144569882
 10
70.72975261293166
 20
96.46514456988199
 10
72.72975261293166
 20
96.46514456988199
  0
LWPOLYLINE
  5
AF7
330
1F
100
AcDbEntity
  8
V PARKING
100
AcDbPolyline
 90
        4
 70
     1
 43
0.0
 10
72.72975261293166
 20
96.46514456988199
 10
70.72975261293166
 20
96.46514456988199
 10
70.72975261293166
 20
97.46514456988201
 10
72.72975261293166
 20
97.46514456988201
  0
LWPOLYLINE
  5
AF8
330
1F
100
AcDbEntity
  8
V PARKING
100
AcDbPolyline
 90
        4
 70
     1
 43
0.0
 10
72.72975261293166
 20
97.46514456988201
 10
70.72975261293166
 20
97.46514456988201
 10
70.72975261293166
 20
98.46514456988201
 10
72.72975261293166
 20
98.46514456988201
  0
LWPOLYLINE
  5
AF9
330
1F
100
AcDbEntity
  8
V PARKING
100
AcDbPolyline
 90
        4
 70
     1
 43
0.0
 10
72.72975261293166
 20
93.46514456988201
 10
70.72975261293166
 20
93.46514456988201
 10
70.72975261293166
 20
94.465144569882
 10
72.72975261293166
 20
94.465144569882
  0
LWPOLYLINE
  5
AFA
330
1F
100
AcDbEntity
  8
V PARKING
100
AcDbPolyline
 90
        4
 70
     1
 43
0.0
 10
72.72975261293166
 20
94.465144569882
 10
70.72975261293166
 20
94.465144569882
 10
70.72975261293166
 20
95.465144569882
 10
72.72975261293166
 20
95.465144569882
  0
LWPOLYLINE
  5
AFB
330
1F
100
AcDbEntity
  8
V PARKING
100
AcDbPolyline
 90
        4
 70
     1
 43
0.0
 10
74.87688992938664
 20
95.85820565611527
 10
72.87688992938663
 20
95.85820565611527
 10
72.87688992938663
 20
96.85820565611528
 10
74.87688992938664
 20
96.85820565611528
  0
LWPOLYLINE
  5
AFC
330
1F
100
AcDbEntity
  8
V PARKING
100
AcDbPolyline
 90
        4
 70
     1
 43
0.0
 10
74.87688992938664
 20
96.85820565611528
 10
72.87688992938663
 20
96.85820565611528
 10
72.87688992938663
 20
97.85820565611528
 10
74.87688992938664
 20
97.85820565611528
  0
LWPOLYLINE
  5
AFD
330
1F
100
AcDbEntity
  8
V PARKING
100
AcDbPolyline
 90
        4
 70
     1
 43
0.0
 10
75.62839676943283
 20
93.72608513549824
 10
73.62839676943284
 20
93.72608513549824
 10
73.62839676943284
 20
94.72608513549824
 10
75.62839676943283
 20
94.72608513549824
  0
LWPOLYLINE
  5
AFE
330
1F
100
AcDbEntity
  8
V PARKING
100
AcDbPolyline
 90
        4
 70
     1
 43
0.0
 10
75.62839676943283
 20
94.72608513549824
 10
73.62839676943284
 20
94.72608513549824
 10
73.62839676943284
 20
95.72608513549823
 10
75.62839676943283
 20
95.72608513549823
  0
LWPOLYLINE
  5
AFF
330
1F
100
AcDbEntity
  8
V PARKING
100
AcDbPolyline
 90
        4
 70
     1
 43
0.0
 10
75.71763193576973
 20
88.377940740825
 10
73.71763193576973
 20
88.377940740825
 10
73.71763193576973
 20
89.37794074082502
 10
75.71763193576973
 20
89.37794074082502
  0
LWPOLYLINE
  5
B00
330
1F
100
AcDbEntity
  8
V PARKING
100
AcDbPolyline
 90
        4
 70
     1
 43
0.0
 10
75.71763193576973
 20
89.37794074082502
 10
73.71763193576973
 20
89.37794074082502
 10
73.71763193576973
 20
90.37794074082501
 10
75.71763193576973
 20
90.37794074082501
  0
LWPOLYLINE
  5
B01
330
1F
100
AcDbEntity
  8
V PARKING
100
AcDbPolyline
 90
        4
 70
     1
 43
0.0
 10
52.39954230554414
 20
49.01084147684322
 10
52.39954230554414
 20
46.51084147684321
 10
47.39954230554414
 20
46.51084147684321
 10
47.39954230554414
 20
49.01084147684322
  0
LWPOLYLINE
  5
B02
330
1F
100
AcDbEntity
  8
V PARKING
100
AcDbPolyline
 90
        4
 70
     1
 43
0.0
 10
57.57637342755893
 20
49.01084147684322
 10
57.57637342755893
 20
46.51084147684321
 10
52.57637342755905
 20
46.51084147684321
 10
52.57637342755905
 20
49.01084147684322
  0
LWPOLYLINE
  5
B03
330
1F
100
AcDbEntity
  8
V PARKING
100
AcDbPolyline
 90
        4
 70
     1
 43
0.0
 10
52.51487703353294
 20
45.78045653411312
 10
52.51487703353294
 20
43.28045653411312
 10
47.51487703353283
 20
43.28045653411312
 10
47.51487703353283
 20
45.78045653411312
  0
LWPOLYLINE
  5
B04
330
1F
100
AcDbEntity
  8
V PARKING
100
AcDbPolyline
 90
        4
 70
     1
 43
0.0
 10
57.66999823665199
 20
45.69771737311828
 10
57.66999823665199
 20
43.19771737311828
 10
52.66999823665199
 20
43.19771737311828
 10
52.66999823665199
 20
45.69771737311828
  0
LWPOLYLINE
  5
B05
330
1F
100
AcDbEntity
  8
V PARKING
100
AcDbPolyline
 90
        4
 70
     1
 43
0.0
 10
52.36966765112285
 20
40.87059338453321
 10
52.36966765112285
 20
38.37059338453322
 10
47.36966765112285
 20
38.37059338453322
 10
47.36966765112285
 20
40.87059338453321
  0
LWPOLYLINE
  5
B06
330
1F
100
AcDbEntity
  8
V PARKING
100
AcDbPolyline
 90
        4
 70
     1
 43
0.0
 10
57.56618945636202
 20
40.87059338453321
 10
57.56618945636202
 20
38.37059338453322
 10
52.56618945636202
 20
38.37059338453322
 10
52.56618945636202
 20
40.87059338453321
  0
LWPOLYLINE
  5
B07
330
1F
100
AcDbEntity
  8
V PARKING
100
AcDbPolyline
 90
        4
 70
     1
 43
0.0
 10
52.47320051101102
 20
35.87984293715534
 10
52.47320051101102
 20
33.37984293715534
 10
47.47320051101101
 20
33.37984293715534
 10
47.47320051101101
 20
35.87984293715534
  0
LWPOLYLINE
  5
B08
330
1F
100
AcDbEntity
  8
V PARKING
100
AcDbPolyline
 90
        4
 70
     1
 43
0.0
 10
57.60761514215321
 20
35.85915423451923
 10
57.60761514215321
 20
33.35915423451923
 10
52.60761514215321
 20
33.35915423451923
 10
52.60761514215321
 20
35.85915423451923
  0
LWPOLYLINE
  5
B09
330
1F
100
AcDbEntity
  8
V PARKING
100
AcDbPolyline
 90
        4
 70
     1
 43
0.0
 10
68.60022124409287
 20
48.83223840048425
 10
68.60022124409287
 20
46.33223840048425
 10
63.60022124409287
 20
46.33223840048425
 10
63.60022124409287
 20
48.83223840048425
  0
LWPOLYLINE
  5
B0A
330
1F
100
AcDbEntity
  8
col
100
AcDbPolyline
 90
        4
 70
     1
 43
0.0
 10
68.50265331199202
 20
30.5263250763643
 10
68.95265331199212
 20
30.5263250763643
 10
68.95265331199212
 20
30.75632507636522
 10
68.50265331199202
 20
30.75632507636522
  0
LWPOLYLINE
  5
B0B
330
1F
100
AcDbEntity
  8
col
100
AcDbPolyline
 90
        4
 70
     1
 43
0.0
 10
63.47121563395544
 20
30.52632507636225
 10
63.92121563395543
 20
30.52632507636225
 10
63.92121563395543
 20
30.75632507636227
 10
63.47121563395544
 20
30.75632507636227
  0
LWPOLYLINE
  5
B0C
330
1F
100
AcDbEntity
  8
col
100
AcDbPolyline
 90
        4
 70
     1
 43
0.0
 10
57.48810717308575
 20
30.5263250763643
 10
57.93810717308573
 20
30.5263250763643
 10
57.93810717308573
 20
30.75632507636522
 10
57.48810717308575
 20
30.75632507636522
  0
LWPOLYLINE
  5
B0D
330
1F
100
AcDbEntity
  8
col
100
AcDbPolyline
 90
        4
 70
     1
 43
0.0
 10
52.48810717308564
 20
30.52632507635907
 10
52.93810717308573
 20
30.52632507635907
 10
52.93810717308573
 20
30.75632507635909
 10
52.48810717308564
 20
30.75632507635909
  0
LWPOLYLINE
  5
B0E
330
1F
100
AcDbEntity
  8
col
100
AcDbPolyline
 90
        4
 70
     1
 43
0.0
 10
47.25810717308585
 20
30.52632507635816
 10
47.70810717308584
 20
30.52632507635816
 10
47.70810717308584
 20
30.75632507635817
 10
47.25810717308585
 20
30.75632507635817
  0
LWPOLYLINE
  5
B0F
330
1F
100
AcDbEntity
  8
col
100
AcDbPolyline
 90
        4
 70
     1
 43
0.0
 10
73.71810717308566
 20
100.7681414431432
 10
74.16810717308564
 20
100.7681414431432
 10
74.16810717308564
 20
100.9981414431432
 10
73.71810717308566
 20
100.9981414431432
  0
LWPOLYLINE
  5
B10
330
1F
100
AcDbEntity
  8
col
100
AcDbPolyline
 90
        4
 70
     1
 43
0.0
 10
68.50265331199202
 20
100.7681414431432
 10
68.95265331199212
 20
100.7681414431432
 10
68.95265331199212
 20
100.9981414431432
 10
68.50265331199202
 20
100.9981414431432
  0
LWPOLYLINE
  5
B11
330
1F
100
AcDbEntity
  8
col
100
AcDbPolyline
 90
        4
 70
     1
 43
0.0
 10
63.47121563395544
 20
100.76814144314
 10
63.92121563395543
 20
100.76814144314
 10
63.92121563395543
 20
100.998141443141
 10
63.47121563395544
 20
100.998141443141
  0
LWPOLYLINE
  5
B12
330
1F
100
AcDbEntity
  8
col
100
AcDbPolyline
 90
        4
 70
     1
 43
0.0
 10
57.48810717308575
 20
100.7681414431432
 10
57.93810717308573
 20
100.7681414431432
 10
57.93810717308573
 20
100.9981414431432
 10
57.48810717308575
 20
100.9981414431432
  0
LWPOLYLINE
  5
B13
330
1F
100
AcDbEntity
  8
col
100
AcDbPolyline
 90
        4
 70
     1
 43
0.0
 10
52.48810717308564
 20
100.7681414431382
 10
52.93810717308573
 20
100.7681414431382
 10
52.93810717308573
 20
100.9981414431382
 10
52.48810717308564
 20
100.9981414431371
  0
LWPOLYLINE
  5
B14
330
1F
100
AcDbEntity
  8
col
100
AcDbPolyline
 90
        4
 70
     1
 43
0.0
 10
47.25810717308585
 20
100.7681414431362
 10
47.70810717308584
 20
100.7681414431362
 10
47.70810717308584
 20
100.9981414431371
 10
47.25810717308585
 20
100.9981414431362
  0
LWPOLYLINE
  5
B15
330
1F
100
AcDbEntity
  8
V PARKING
100
AcDbPolyline
 90
        4
 70
     1
 43
0.0
 10
72.73579777810144
 20
79.43417952092033
 10
70.73579777810144
 20
79.43417952092033
 10
70.73579777810144
 20
80.43417952092033
 10
72.73579777810144
 20
80.43417952092033
  0
LWPOLYLINE
  5
B16
330
1F
100
AcDbEntity
  8
V PARKING
100
AcDbPolyline
 90
        4
 70
     1
 43
0.0
 10
72.73579777810144
 20
78.43417952092034
 10
70.73579777810144
 20
78.43417952092034
 10
70.73579777810144
 20
79.43417952092033
 10
72.73579777810144
 20
79.43417952092033
  0
LWPOLYLINE
  5
B17
330
1F
100
AcDbEntity
  8
V PARKING
100
AcDbPolyline
 90
        4
 70
     1
 43
0.0
 10
72.73579777810144
 20
77.43417952092034
 10
70.73579777810144
 20
77.43417952092034
 10
70.73579777810144
 20
78.43417952092034
 10
72.73579777810144
 20
78.43417952092034
  0
LWPOLYLINE
  5
B18
330
1F
100
AcDbEntity
  8
V PARKING
100
AcDbPolyline
 90
        4
 70
     1
 43
0.0
 10
77.81999814698273
 20
81.91858143245019
 10
77.81999814698273
 20
79.4185814324502
 10
72.81999814698261
 20
79.4185814324502
 10
72.81999814698261
 20
81.91858143245019
  0
LWPOLYLINE
  5
B19
330
1F
100
AcDbEntity
  8
V PARKING
100
AcDbPolyline
 90
        4
 70
     1
 43
0.0
 10
77.81999814698273
 20
79.30531033787918
 10
77.81999814698273
 20
76.80531033787918
 10
72.81999814698261
 20
76.80531033787918
 10
72.81999814698261
 20
79.30531033787918
  0
LWPOLYLINE
  5
B1A
330
1F
100
AcDbEntity
  8
V PARKING
100
AcDbPolyline
 90
        4
 70
     1
 43
0.0
 10
68.65846553256247
 20
45.72315310535635
 10
68.65846553256247
 20
43.22315310535635
 10
63.65846553256247
 20
43.22315310535635
 10
63.65846553256247
 20
45.72315310535635
  0
LWPOLYLINE
  5
B1B
330
1F
100
AcDbEntity
  8
V PARKING
100
AcDbPolyline
 90
        4
 70
     1
 43
0.0
 10
68.63198971581752
 20
40.90832966160508
 10
68.63198971581752
 20
38.40832966160509
 10
63.63198971581752
 20
38.40832966160509
 10
63.63198971581752
 20
40.90832966160508
  0
LWPOLYLINE
  5
B1C
330
1F
100
AcDbEntity
  8
V PARKING
100
AcDbPolyline
 90
        4
 70
     1
 43
0.0
 10
68.63212767601933
 20
35.84642593536922
 10
68.63212767601933
 20
33.34642593536922
 10
63.63212767601933
 20
33.34642593536922
 10
63.63212767601933
 20
35.84642593536922
  0
LWPOLYLINE
  5
B1D
330
1F
100
AcDbEntity
  8
V PARKING
100
AcDbPolyline
 90
        4
 70
     1
 43
0.0
 10
54.82001626770053
 20
41.08951775223216
 10
52.82001626770053
 20
41.08951775223216
 10
52.82001626770053
 20
42.08951775223216
 10
54.82001626770053
 20
42.08951775223216
  0
LWPOLYLINE
  5
B1E
330
1F
100
AcDbEntity
  8
V PARKING
100
AcDbPolyline
 90
        4
 70
     1
 43
0.0
 10
54.82001626770053
 20
42.08951775223216
 10
52.82001626770053
 20
42.08951775223216
 10
52.82001626770053
 20
43.08951775223216
 10
54.82001626770053
 20
43.08951775223216
  0
LWPOLYLINE
  5
B1F
330
1F
100
AcDbEntity
  8
V PARKING
100
AcDbPolyline
 90
        4
 70
     1
 43
0.0
 10
52.32082960211321
 20
41.08951775223216
 10
50.32082960211321
 20
41.08951775223216
 10
50.32082960211321
 20
42.08951775223216
 10
52.32082960211321
 20
42.08951775223216
  0
LWPOLYLINE
  5
B20
330
1F
100
AcDbEntity
  8
V PARKING
100
AcDbPolyline
 90
        4
 70
     1
 43
0.0
 10
52.32082960211321
 20
42.08951775223216
 10
50.32082960211321
 20
42.08951775223216
 10
50.32082960211321
 20
43.08951775223216
 10
52.32082960211321
 20
43.08951775223216
  0
LWPOLYLINE
  5
B21
330
1F
100
AcDbEntity
  8
V PARKING
100
AcDbPolyline
 90
        4
 70
     1
 43
0.0
 10
68.34108168150144
 20
41.07042008699035
 10
66.34108168150143
 20
41.07042008699035
 10
66.34108168150143
 20
42.07042008699034
 10
68.34108168150144
 20
42.07042008699034
  0
LWPOLYLINE
  5
B22
330
1F
100
AcDbEntity
  8
V PARKING
100
AcDbPolyline
 90
        4
 70
     1
 43
0.0
 10
68.34108168150144
 20
42.07042008699034
 10
66.34108168150143
 20
42.07042008699034
 10
66.34108168150143
 20
43.07042008699034
 10
68.34108168150144
 20
43.07042008699034
  0
LWPOLYLINE
  5
B23
330
1F
100
AcDbEntity
  8
V PARKING
100
AcDbPolyline
 90
        4
 70
     1
 43
0.0
 10
68.36884930740072
 20
36.23159023639904
 10
66.36884930740072
 20
36.23159023639904
 10
66.36884930740072
 20
37.2315902364004
 10
68.36884930740072
 20
37.2315902364004
  0
LWPOLYLINE
  5
B24
330
1F
100
AcDbEntity
  8
V PARKING
100
AcDbPolyline
 90
        4
 70
     1
 43
0.0
 10
68.36884930740072
 20
37.2315902364004
 10
66.36884930740072
 20
37.2315902364004
 10
66.36884930740072
 20
38.2315902364004
 10
68.36884930740072
 20
38.2315902364004
  0
LWPOLYLINE
  5
B25
330
1F
100
AcDbEntity
  8
V PARKING
100
AcDbPolyline
 90
        4
 70
     1
 43
0.0
 10
72.64674430190663
 20
46.81777402157911
 10
70.64674430190663
 20
46.81777402157911
 10
70.64674430190663
 20
47.81777402157912
 10
72.64674430190663
 20
47.81777402157912
  0
LWPOLYLINE
  5
B26
330
1F
100
AcDbEntity
  8
V PARKING
100
AcDbPolyline
 90
        4
 70
     1
 43
0.0
 10
72.64674430190663
 20
47.81777402157912
 10
70.64674430190663
 20
47.81777402157912
 10
70.64674430190663
 20
48.81777402157911
 10
72.64674430190663
 20
48.81777402157911
  0
LWPOLYLINE
  5
B27
330
1F
100
AcDbEntity
  8
V PARKING
100
AcDbPolyline
 90
        4
 70
     1
 43
0.0
 10
72.64674430190663
 20
44.81777402157912
 10
70.64674430190663
 20
44.81777402157912
 10
70.64674430190663
 20
45.81777402157821
 10
72.64674430190663
 20
45.81777402157821
  0
LWPOLYLINE
  5
B28
330
1F
100
AcDbEntity
  8
V PARKING
100
AcDbPolyline
 90
        4
 70
     1
 43
0.0
 10
72.64674430190663
 20
45.81777402157821
 10
70.64674430190663
 20
45.81777402157821
 10
70.64674430190663
 20
46.81777402157911
 10
72.64674430190663
 20
46.81777402157911
  0
LWPOLYLINE
  5
B29
330
1F
100
AcDbEntity
  8
V PARKING
100
AcDbPolyline
 90
        4
 70
     1
 43
0.0
 10
72.64674430190663
 20
41.81777402157911
 10
70.64674430190663
 20
41.81777402157911
 10
70.64674430190663
 20
42.81777402157912
 10
72.64674430190663
 20
42.81777402157912
  0
LWPOLYLINE
  5
B2A
330
1F
100
AcDbEntity
  8
V PARKING
100
AcDbPolyline
 90
        4
 70
     1
 43
0.0
 10
72.64674430190663
 20
42.81777402157912
 10
70.64674430190663
 20
42.81777402157912
 10
70.64674430190663
 20
43.81777402157821
 10
72.64674430190663
 20
43.81777402157821
  0
LWPOLYLINE
  5
B2B
330
1F
100
AcDbEntity
  8
V PARKING
100
AcDbPolyline
 90
        4
 70
     1
 43
0.0
 10
72.64674430190663
 20
43.81777402157821
 10
70.64674430190663
 20
43.81777402157821
 10
70.64674430190663
 20
44.81777402157912
 10
72.64674430190663
 20
44.81777402157912
  0
LWPOLYLINE
  5
B2C
330
1F
100
AcDbEntity
  8
V PARKING
100
AcDbPolyline
 90
        4
 70
     1
 43
0.0
 10
72.64674430190663
 20
38.81777402157912
 10
70.64674430190663
 20
38.81777402157912
 10
70.64674430190663
 20
39.81777402157821
 10
72.64674430190663
 20
39.81777402157821
  0
LWPOLYLINE
  5
B2D
330
1F
100
AcDbEntity
  8
V PARKING
100
AcDbPolyline
 90
        4
 70
     1
 43
0.0
 10
72.64674430190663
 20
39.81777402157821
 10
70.64674430190663
 20
39.81777402157821
 10
70.64674430190663
 20
40.81777402157912
 10
72.64674430190663
 20
40.81777402157912
  0
LWPOLYLINE
  5
B2E
330
1F
100
AcDbEntity
  8
V PARKING
100
AcDbPolyline
 90
        4
 70
     1
 43
0.0
 10
72.64674430190663
 20
40.81777402157912
 10
70.64674430190663
 20
40.81777402157912
 10
70.64674430190663
 20
41.81777402157911
 10
72.64674430190663
 20
41.81777402157911
  0
LWPOLYLINE
  5
B2F
330
1F
100
AcDbEntity
  8
V PARKING
100
AcDbPolyline
 90
        4
 70
     1
 43
0.0
 10
72.64674430190663
 20
36.81777402157912
 10
70.64674430190663
 20
36.81777402157912
 10
70.64674430190663
 20
37.81777402157821
 10
72.64674430190663
 20
37.81777402157821
  0
LWPOLYLINE
  5
B30
330
1F
100
AcDbEntity
  8
V PARKING
100
AcDbPolyline
 90
        4
 70
     1
 43
0.0
 10
72.64674430190663
 20
37.81777402157821
 10
70.64674430190663
 20
37.81777402157821
 10
70.64674430190663
 20
38.81777402157912
 10
72.64674430190663
 20
38.81777402157912
  0
LWPOLYLINE
  5
B31
330
1F
100
AcDbEntity
  8
V PARKING
100
AcDbPolyline
 90
        4
 70
     1
 43
0.0
 10
72.64674430190663
 20
33.81777402157912
 10
70.64674430190663
 20
33.81777402157912
 10
70.64674430190663
 20
34.81777402157912
 10
72.64674430190663
 20
34.81777402157912
  0
LWPOLYLINE
  5
B32
330
1F
100
AcDbEntity
  8
V PARKING
100
AcDbPolyline
 90
        4
 70
     1
 43
0.0
 10
72.64674430190663
 20
34.81777402157912
 10
70.64674430190663
 20
34.81777402157912
 10
70.64674430190663
 20
35.81777402157821
 10
72.64674430190663
 20
35.81777402157821
  0
LWPOLYLINE
  5
B33
330
1F
100
AcDbEntity
  8
V PARKING
100
AcDbPolyline
 90
        4
 70
     1
 43
0.0
 10
72.64674430190663
 20
35.81777402157821
 10
70.64674430190663
 20
35.81777402157821
 10
70.64674430190663
 20
36.81777402157912
 10
72.64674430190663
 20
36.81777402157912
  0
LWPOLYLINE
  5
B34
330
1F
100
AcDbEntity
  8
V PARKING
100
AcDbPolyline
 90
        4
 70
     1
 43
0.0
 10
72.64674430190663
 20
30.81777402157912
 10
70.64674430190663
 20
30.81777402157912
 10
70.64674430190663
 20
31.81777402157821
 10
72.64674430190663
 20
31.81777402157821
  0
LWPOLYLINE
  5
B35
330
1F
100
AcDbEntity
  8
V PARKING
100
AcDbPolyline
 90
        4
 70
     1
 43
0.0
 10
72.64674430190663
 20
31.81777402157821
 10
70.64674430190663
 20
31.81777402157821
 10
70.64674430190663
 20
32.81777402157912
 10
72.64674430190663
 20
32.81777402157912
  0
LWPOLYLINE
  5
B36
330
1F
100
AcDbEntity
  8
V PARKING
100
AcDbPolyline
 90
        4
 70
     1
 43
0.0
 10
72.64674430190663
 20
32.81777402157912
 10
70.64674430190663
 20
32.81777402157912
 10
70.64674430190663
 20
33.81777402157912
 10
72.64674430190663
 20
33.81777402157912
  0
LWPOLYLINE
  5
B37
330
1F
100
AcDbEntity
  8
V PARKING
100
AcDbPolyline
 90
        4
 70
     1
 43
0.0
 10
52.29929526892752
 20
36.19962729727525
 10
50.29929526892752
 20
36.19962729727525
 10
50.29929526892752
 20
37.19962729727412
 10
52.29929526892752
 20
37.19962729727412
  0
LWPOLYLINE
  5
B38
330
1F
100
AcDbEntity
  8
V PARKING
100
AcDbPolyline
 90
        4
 70
     1
 43
0.0
 10
52.29929526892752
 20
37.19962729727412
 10
50.29929526892752
 20
37.19962729727412
 10
50.29929526892752
 20
38.19962729727411
 10
52.29929526892752
 20
38.19962729727411
  0
LWPOLYLINE
  5
B39
330
1F
100
AcDbEntity
  8
V PARKING
100
AcDbPolyline
 90
        4
 70
     1
 43
0.0
 10
54.79877039675395
 20
36.17746232059825
 10
52.79877039675395
 20
36.17746232059825
 10
52.79877039675395
 20
37.17746232059825
 10
54.79877039675395
 20
37.17746232059825
  0
LWPOLYLINE
  5
B3A
330
1F
100
AcDbEntity
  8
V PARKING
100
AcDbPolyline
 90
        4
 70
     1
 43
0.0
 10
54.79877039675395
 20
37.17746232059825
 10
52.79877039675395
 20
37.17746232059825
 10
52.79877039675395
 20
38.17746232059825
 10
54.79877039675395
 20
38.17746232059825
  0
LWPOLYLINE
  5
B3B
330
1F
100
AcDbEntity
  8
V PARKING
100
AcDbPolyline
 90
        4
 70
     1
 43
0.0
 10
42.37629474277335
 20
35.89562289819231
 10
42.37629474277335
 20
33.39562289819231
 10
37.37629474277336
 20
33.39562289819231
 10
37.37629474277336
 20
35.89562289819231
  0
LWPOLYLINE
  5
B3C
330
1F
100
AcDbEntity
  8
V PARKING
100
AcDbPolyline
 90
        4
 70
     1
 43
0.0
 10
42.57869489939397
 20
33.29410461427109
 10
42.57869489939397
 20
30.79410461427109
 10
37.57869489939381
 20
30.79410461427109
 10
37.57869489939381
 20
33.29410461427109
  0
LWPOLYLINE
  5
B3D
330
1F
100
AcDbEntity
  8
V PARKING
100
AcDbPolyline
 90
        4
 70
     1
 43
0.0
 10
52.47320051101102
 20
33.3201871944981
 10
52.47320051101102
 20
30.8201871944981
 10
47.47320051101101
 20
30.8201871944981
 10
47.47320051101101
 20
33.3201871944981
  0
LWPOLYLINE
  5
B3E
330
1F
100
AcDbEntity
  8
V PARKING
100
AcDbPolyline
 90
        4
 70
     1
 43
0.0
 10
57.60761514215321
 20
33.29949849186199
 10
57.60761514215321
 20
30.79949849186199
 10
52.60761514215321
 20
30.79949849186199
 10
52.60761514215321
 20
33.29949849186199
  0
LWPOLYLINE
  5
B3F
330
1F
100
AcDbEntity
  8
V PARKING
100
AcDbPolyline
 90
        4
 70
     1
 43
0.0
 10
78.27541541412418
 20
48.8643548551521
 10
78.27541541412418
 20
46.3643548551521
 10
73.27541541412418
 20
46.3643548551521
 10
73.27541541412418
 20
48.8643548551521
  0
LWPOLYLINE
  5
B40
330
1F
100
AcDbEntity
  8
V PARKING
100
AcDbPolyline
 90
        4
 70
     1
 43
0.0
 10
78.2268157978817
 20
45.81321462025528
 10
78.2268157978817
 20
43.31321462025528
 10
73.2268157978817
 20
43.31321462025528
 10
73.2268157978817
 20
45.81321462025528
  0
LWPOLYLINE
  5
B41
330
1F
100
AcDbEntity
  8
V PARKING
100
AcDbPolyline
 90
        4
 70
     1
 43
0.0
 10
78.15315759241471
 20
40.99088460991619
 10
78.15315759241471
 20
38.49088460991619
 10
73.15315759241471
 20
38.49088460991619
 10
73.15315759241471
 20
40.99088460991619
  0
LWPOLYLINE
  5
B42
330
1F
100
AcDbEntity
  8
V PARKING
100
AcDbPolyline
 90
        4
 70
     1
 43
0.0
 10
78.0061923529012
 20
35.96405152105206
 10
78.0061923529012
 20
33.46405152105206
 10
73.0061923529012
 20
33.46405152105206
 10
73.0061923529012
 20
35.96405152105206
  0
LWPOLYLINE
  5
B43
330
1F
100
AcDbEntity
  8
V PARKING
100
AcDbPolyline
 90
        4
 70
     1
 43
0.0
 10
77.99773915513495
 20
33.44622180404611
 10
77.99773915513495
 20
30.94622180404611
 10
72.99773915513495
 20
30.94622180404611
 10
72.99773915513495
 20
33.44622180404611
  0
LWPOLYLINE
  5
B44
330
1F
100
AcDbEntity
  8
V PARKING
100
AcDbPolyline
 90
        4
 70
     1
 43
0.0
 10
87.78477377021792
 20
35.94501645400317
 10
87.78477377021792
 20
33.44501645400317
 10
82.78477377021792
 20
33.44501645400317
 10
82.78477377021792
 20
35.94501645400317
  0
LWPOLYLINE
  5
B45
330
1F
100
AcDbEntity
  8
V PARKING
100
AcDbPolyline
 90
        4
 70
     1
 43
0.0
 10
87.46718938764772
 20
33.35360256166212
 10
87.46718938764772
 20
30.85360256166212
 10
82.46718938764772
 20
30.85360256166212
 10
82.46718938764772
 20
33.35360256166212
  0
LWPOLYLINE
  5
B46
330
1F
100
AcDbEntity
  8
V PARKING
100
AcDbPolyline
 90
        4
 70
     1
 43
0.0
 10
87.40642608805698
 20
100.7470118481732
 10
87.40642608805698
 20
98.24701184817321
 10
82.40642608805698
 20
98.24701184817321
 10
82.40642608805698
 20
100.7470118481732
  0
LWPOLYLINE
  5
B47
330
1F
100
AcDbEntity
  8
V PARKING
100
AcDbPolyline
 90
        4
 70
     1
 43
0.0
 10
87.40642608805698
 20
98.16060581123531
 10
87.40642608805698
 20
95.66060581123531
 10
82.40642608805698
 20
95.66060581123531
 10
82.40642608805698
 20
98.16060581123531
  0
LWPOLYLINE
  5
B48
330
1F
100
AcDbEntity
  8
V PARKING
100
AcDbPolyline
 90
        4
 70
     1
 43
0.0
 10
42.52954837874514
 20
100.7142758049712
 10
42.52954837874514
 20
98.21427580497118
 10
37.52954837874515
 20
98.21427580497118
 10
37.52954837874515
 20
100.7142758049712
  0
LWPOLYLINE
  5
B49
330
1F
100
AcDbEntity
  8
V PARKING
100
AcDbPolyline
 90
        4
 70
     1
 43
0.0
 10
42.51577744232432
 20
98.16724924765924
 10
42.51577744232432
 20
95.66724924765924
 10
37.51577744232432
 20
95.66724924765924
 10
37.51577744232432
 20
98.16724924765924
  0
MTEXT
  5
B4A
330
1F
100
AcDbEntity
  8
0
100
AcDbMText
 10
42.32566985540521
 20
9.170583256630955
 30
0.0
 40
4.0
 41
1190.71378136945
 46
0.0
 71
     1
 72
     5
  1
{\fArial|b1|i0|c0|p34;FIRST PODIUM }
 73
     1
 44
1.0
101
Embedded Object
 70
     1
 10
1.0
 20
0.0
 30
0.0
 11
42.32566985540521
 21
9.170583256630955
 31
0.0
 40
1190.71378136945
 41
0.0
 42
39.2387448840382
 43
4.139154160982264
 71
     2
 72
     1
 44
1190.71378136945
 45
20.0
 73
     0
 74
     0
 46
0.0
  0
LWPOLYLINE
  5
B4B
330
1F
100
AcDbEntity
  8
V PARKING
100
AcDbPolyline
 90
        4
 70
     1
 43
0.0
 10
19.08970593844444
 20
48.43351645675228
 10
17.08970593844444
 20
48.43351645675228
 10
17.08970593844444
 20
49.43351645675228
 10
19.08970593844444
 20
49.43351645675228
  0
LWPOLYLINE
  5
B4C
330
1F
100
AcDbEntity
  8
V PARKING
100
AcDbPolyline
 90
        4
 70
     1
 43
0.0
 10
19.08970593844444
 20
45.43351645675228
 10
17.08970593844444
 20
45.43351645675228
 10
17.08970593844444
 20
46.43351645675227
 10
19.08970593844444
 20
46.43351645675227
  0
LWPOLYLINE
  5
B4D
330
1F
100
AcDbEntity
  8
V PARKING
100
AcDbPolyline
 90
        4
 70
     1
 43
0.0
 10
19.08970593844444
 20
46.43351645675227
 10
17.08970593844444
 20
46.43351645675227
 10
17.08970593844444
 20
47.43351645675228
 10
19.08970593844444
 20
47.43351645675228
  0
LWPOLYLINE
  5
B4E
330
1F
100
AcDbEntity
  8
V PARKING
100
AcDbPolyline
 90
        4
 70
     1
 43
0.0
 10
19.08970593844444
 20
47.43351645675228
 10
17.08970593844444
 20
47.43351645675228
 10
17.08970593844444
 20
48.43351645675228
 10
19.08970593844444
 20
48.43351645675228
  0
LWPOLYLINE
  5
B4F
330
1F
100
AcDbEntity
  8
V PARKING
100
AcDbPolyline
 90
        4
 70
     1
 43
0.0
 10
19.08970593844444
 20
42.43351645675228
 10
17.08970593844444
 20
42.43351645675228
 10
17.08970593844444
 20
43.43351645675228
 10
19.08970593844444
 20
43.43351645675228
  0
LWPOLYLINE
  5
B50
330
1F
100
AcDbEntity
  8
V PARKING
100
AcDbPolyline
 90
        4
 70
     1
 43
0.0
 10
19.08970593844444
 20
43.43351645675228
 10
17.08970593844444
 20
43.43351645675228
 10
17.08970593844444
 20
44.43351645675227
 10
19.08970593844444
 20
44.43351645675227
  0
LWPOLYLINE
  5
B51
330
1F
100
AcDbEntity
  8
V PARKING
100
AcDbPolyline
 90
        4
 70
     1
 43
0.0
 10
19.08970593844444
 20
44.43351645675227
 10
17.08970593844444
 20
44.43351645675227
 10
17.08970593844444
 20
45.43351645675228
 10
19.08970593844444
 20
45.43351645675228
  0
LWPOLYLINE
  5
B52
330
1F
100
AcDbEntity
  8
V PARKING
100
AcDbPolyline
 90
        4
 70
     1
 43
0.0
 10
19.08970593844444
 20
41.43351645675227
 10
17.08970593844444
 20
41.43351645675227
 10
17.08970593844444
 20
42.43351645675228
 10
19.08970593844444
 20
42.43351645675228
  0
LWPOLYLINE
  5
B53
330
1F
100
AcDbEntity
  8
V PARKING
100
AcDbPolyline
 90
        4
 70
     1
 43
0.0
 10
19.08970593844444
 20
38.43351645675228
 10
17.08970593844444
 20
38.43351645675228
 10
17.08970593844444
 20
39.43351645675228
 10
19.08970593844444
 20
39.43351645675228
  0
LWPOLYLINE
  5
B54
330
1F
100
AcDbEntity
  8
V PARKING
100
AcDbPolyline
 90
        4
 70
     1
 43
0.0
 10
19.08970593844444
 20
39.43351645675228
 10
17.08970593844444
 20
39.43351645675228
 10
17.08970593844444
 20
40.43351645675228
 10
19.08970593844444
 20
40.43351645675228
  0
LWPOLYLINE
  5
B55
330
1F
100
AcDbEntity
  8
V PARKING
100
AcDbPolyline
 90
        4
 70
     1
 43
0.0
 10
19.08970593844444
 20
40.43351645675228
 10
17.08970593844444
 20
40.43351645675228
 10
17.08970593844444
 20
41.43351645675227
 10
19.08970593844444
 20
41.43351645675227
  0
LWPOLYLINE
  5
B56
330
1F
100
AcDbEntity
  8
V PARKING
100
AcDbPolyline
 90
        4
 70
     1
 43
0.0
 10
19.08970593844444
 20
35.43351645675228
 10
17.08970593844444
 20
35.43351645675228
 10
17.08970593844444
 20
36.43351645675228
 10
19.08970593844444
 20
36.43351645675228
  0
LWPOLYLINE
  5
B57
330
1F
100
AcDbEntity
  8
V PARKING
100
AcDbPolyline
 90
        4
 70
     1
 43
0.0
 10
19.08970593844444
 20
36.43351645675228
 10
17.08970593844444
 20
36.43351645675228
 10
17.08970593844444
 20
37.43351645675228
 10
19.08970593844444
 20
37.43351645675228
  0
LWPOLYLINE
  5
B58
330
1F
100
AcDbEntity
  8
V PARKING
100
AcDbPolyline
 90
        4
 70
     1
 43
0.0
 10
19.08970593844444
 20
37.43351645675228
 10
17.08970593844444
 20
37.43351645675228
 10
17.08970593844444
 20
38.43351645675228
 10
19.08970593844444
 20
38.43351645675228
  0
LWPOLYLINE
  5
B59
330
1F
100
AcDbEntity
  8
V PARKING
100
AcDbPolyline
 90
        4
 70
     1
 43
0.0
 10
19.08970593844444
 20
34.43351645675228
 10
17.08970593844444
 20
34.43351645675228
 10
17.08970593844444
 20
35.43351645675228
 10
19.08970593844444
 20
35.43351645675228
  0
LWPOLYLINE
  5
B5A
330
1F
100
AcDbEntity
  8
V PARKING
100
AcDbPolyline
 90
        4
 70
     1
 43
0.0
 10
19.08970593844444
 20
32.43351645675228
 10
17.08970593844444
 20
32.43351645675228
 10
17.08970593844444
 20
33.43351645675228
 10
19.08970593844444
 20
33.43351645675228
  0
LWPOLYLINE
  5
B5B
330
1F
100
AcDbEntity
  8
V PARKING
100
AcDbPolyline
 90
        4
 70
     1
 43
0.0
 10
19.08970593844444
 20
33.43351645675228
 10
17.08970593844444
 20
33.43351645675228
 10
17.08970593844444
 20
34.43351645675228
 10
19.08970593844444
 20
34.43351645675228
  0
LWPOLYLINE
  5
B5C
330
1F
100
AcDbEntity
  8
V PARKING
100
AcDbPolyline
 90
        4
 70
     1
 43
0.0
 10
24.09797868206053
 20
38.22069670378017
 10
22.09797868206053
 20
38.22069670378017
 10
22.09797868206053
 20
39.22069670378017
 10
24.09797868206053
 20
39.22069670378017
  0
LWPOLYLINE
  5
B5D
330
1F
100
AcDbEntity
  8
V PARKING
100
AcDbPolyline
 90
        4
 70
     1
 43
0.0
 10
24.09797868206053
 20
35.22069670378017
 10
22.09797868206053
 20
35.22069670378017
 10
22.09797868206053
 20
36.22069670378017
 10
24.09797868206053
 20
36.22069670378017
  0
LWPOLYLINE
  5
B5E
330
1F
100
AcDbEntity
  8
V PARKING
100
AcDbPolyline
 90
        4
 70
     1
 43
0.0
 10
24.09797868206053
 20
33.22069670378017
 10
22.09797868206053
 20
33.22069670378017
 10
22.09797868206053
 20
34.22069670378017
 10
24.09797868206053
 20
34.22069670378017
  0
LWPOLYLINE
  5
B5F
330
1F
100
AcDbEntity
  8
V PARKING
100
AcDbPolyline
 90
        4
 70
     1
 43
0.0
 10
24.09797868206053
 20
34.22069670378017
 10
22.09797868206053
 20
34.22069670378017
 10
22.09797868206053
 20
35.22069670378017
 10
24.09797868206053
 20
35.22069670378017
  0
LWPOLYLINE
  5
B60
330
1F
100
AcDbEntity
  8
V PARKING
100
AcDbPolyline
 90
        4
 70
     1
 43
0.0
 10
24.54797866166572
 20
44.49069717321425
 10
22.54797866166573
 20
44.49069717321425
 10
22.54797866166573
 20
45.49069717321425
 10
24.54797866166572
 20
45.49069717321425
  0
LWPOLYLINE
  5
B61
330
1F
100
AcDbEntity
  8
V PARKING
100
AcDbPolyline
 90
        4
 70
     1
 43
0.0
 10
24.54797866166572
 20
45.49069717321425
 10
22.54797866166573
 20
45.49069717321425
 10
22.54797866166573
 20
46.49069717321425
 10
24.54797866166572
 20
46.49069717321425
  0
LWPOLYLINE
  5
B62
330
1F
100
AcDbEntity
  8
V PARKING
100
AcDbPolyline
 90
        4
 70
     1
 43
0.0
 10
24.54797866166572
 20
46.49069717321425
 10
22.54797866166573
 20
46.49069717321425
 10
22.54797866166573
 20
47.49069717321424
 10
24.54797866166572
 20
47.49069717321424
  0
LWPOLYLINE
  5
B63
330
1F
100
AcDbEntity
  8
V PARKING
100
AcDbPolyline
 90
        4
 70
     1
 43
0.0
 10
24.54797866166572
 20
43.49069717321425
 10
22.54797866166573
 20
43.49069717321425
 10
22.54797866166573
 20
44.49069717321425
 10
24.54797866166572
 20
44.49069717321425
  0
LWPOLYLINE
  5
B64
330
1F
100
AcDbEntity
  8
V PARKING
100
AcDbPolyline
 90
        4
 70
     1
 43
0.0
 10
24.54797866166572
 20
41.49069717321425
 10
22.54797866166573
 20
41.49069717321425
 10
22.54797866166573
 20
42.49069717321424
 10
24.54797866166572
 20
42.49069717321424
  0
LWPOLYLINE
  5
B65
330
1F
100
AcDbEntity
  8
V PARKING
100
AcDbPolyline
 90
        4
 70
     1
 43
0.0
 10
24.54797866166572
 20
42.49069717321424
 10
22.54797866166573
 20
42.49069717321424
 10
22.54797866166573
 20
43.49069717321425
 10
24.54797866166572
 20
43.49069717321425
  0
LWPOLYLINE
  5
B66
330
1F
100
AcDbEntity
  8
V PARKING
100
AcDbPolyline
 90
        4
 70
     1
 43
0.0
 10
24.54797866166572
 20
47.49069717321424
 10
22.54797866166573
 20
47.49069717321424
 10
22.54797866166573
 20
48.49069717321425
 10
24.54797866166572
 20
48.49069717321425
  0
LWPOLYLINE
  5
B67
330
1F
100
AcDbEntity
  8
V PARKING
100
AcDbPolyline
 90
        4
 70
     1
 43
0.0
 10
24.54797866166572
 20
48.49069717321425
 10
22.54797866166573
 20
48.49069717321425
 10
22.54797866166573
 20
49.49069717321425
 10
24.54797866166572
 20
49.49069717321425
  0
LWPOLYLINE
  5
B68
330
1F
100
AcDbEntity
  8
V PARKING
100
AcDbPolyline
 90
        4
 70
     1
 43
0.0
 10
28.04100572079935
 20
45.29512463911999
 10
28.04100572079935
 20
43.29512463911999
 10
27.04100572079935
 20
43.29512463911999
 10
27.04100572079935
 20
45.29512463911999
  0
LWPOLYLINE
  5
B69
330
1F
100
AcDbEntity
  8
V PARKING
100
AcDbPolyline
 90
        4
 70
     1
 43
0.0
 10
27.04100572079935
 20
45.29512463911999
 10
27.04100572079935
 20
43.29512463911999
 10
26.04100572079935
 20
43.29512463911999
 10
26.04100572079935
 20
45.29512463911999
  0
LWPOLYLINE
  5
B6A
330
1F
100
AcDbEntity
  8
V PARKING
100
AcDbPolyline
 90
        4
 70
     1
 43
0.0
 10
26.04100572079935
 20
45.29512463911999
 10
26.04100572079935
 20
43.29512463911999
 10
25.04100572079935
 20
43.29512463911999
 10
25.04100572079935
 20
45.29512463911999
  0
LWPOLYLINE
  5
B6B
330
1F
100
AcDbEntity
  8
V PARKING
100
AcDbPolyline
 90
        4
 70
     1
 43
0.0
 10
29.04100572079935
 20
45.29512463911999
 10
29.04100572079935
 20
43.29512463911999
 10
28.04100572079935
 20
43.29512463911999
 10
28.04100572079935
 20
45.29512463911999
  0
LWPOLYLINE
  5
B6C
330
1F
100
AcDbEntity
  8
V PARKING
100
AcDbPolyline
 90
        4
 70
     1
 43
0.0
 10
30.04100572079935
 20
45.29512463911999
 10
30.04100572079935
 20
43.29512463911999
 10
29.04100572079935
 20
43.29512463911999
 10
29.04100572079935
 20
45.29512463911999
  0
LWPOLYLINE
  5
B6D
330
1F
100
AcDbEntity
  8
V PARKING
100
AcDbPolyline
 90
        4
 70
     1
 43
0.0
 10
27.04790676191791
 20
41.26069718445218
 10
27.04790676191791
 20
39.26069718445218
 10
26.04790676191792
 20
39.26069718445218
 10
26.04790676191792
 20
41.26069718445218
  0
LWPOLYLINE
  5
B6E
330
1F
100
AcDbEntity
  8
V PARKING
100
AcDbPolyline
 90
        4
 70
     1
 43
0.0
 10
30.04790676191792
 20
41.26069718445218
 10
30.04790676191792
 20
39.26069718445218
 10
29.04790676191792
 20
39.26069718445218
 10
29.04790676191792
 20
41.26069718445218
  0
LWPOLYLINE
  5
B6F
330
1F
100
AcDbEntity
  8
V PARKING
100
AcDbPolyline
 90
        4
 70
     1
 43
0.0
 10
31.04790676191792
 20
41.26069718445218
 10
31.04790676191792
 20
39.26069718445218
 10
30.04790676191792
 20
39.26069718445218
 10
30.04790676191792
 20
41.26069718445218
  0
LWPOLYLINE
  5
B70
330
1F
100
AcDbEntity
  8
V PARKING
100
AcDbPolyline
 90
        4
 70
     1
 43
0.0
 10
27.09797868206064
 20
35.22069670378017
 10
27.09797868206064
 20
33.22069670378017
 10
26.09797868206053
 20
33.22069670378017
 10
26.09797868206053
 20
35.22069670378017
  0
LWPOLYLINE
  5
B71
330
1F
100
AcDbEntity
  8
V PARKING
100
AcDbPolyline
 90
        4
 70
     1
 43
0.0
 10
26.09797868206053
 20
35.22069670378017
 10
26.09797868206053
 20
33.22069670378017
 10
25.09797868206064
 20
33.22069670378017
 10
25.09797868206064
 20
35.22069670378017
  0
LWPOLYLINE
  5
B72
330
1F
100
AcDbEntity
  8
V PARKING
100
AcDbPolyline
 90
        4
 70
     1
 43
0.0
 10
25.09797868206064
 20
35.22069670378017
 10
25.09797868206064
 20
33.22069670378017
 10
24.09797868206053
 20
33.22069670378017
 10
24.09797868206053
 20
35.22069670378017
  0
LWPOLYLINE
  5
B73
330
1F
100
AcDbEntity
  8
V PARKING
100
AcDbPolyline
 90
        4
 70
     1
 43
0.0
 10
28.09797868206053
 20
35.22069670378017
 10
28.09797868206053
 20
33.22069670378017
 10
27.09797868206064
 20
33.22069670378017
 10
27.09797868206064
 20
35.22069670378017
  0
LWPOLYLINE
  5
B74
330
1F
100
AcDbEntity
  8
V PARKING
100
AcDbPolyline
 90
        4
 70
     1
 43
0.0
 10
29.09797868206064
 20
35.22069670378017
 10
29.09797868206064
 20
33.22069670378017
 10
28.09797868206053
 20
33.22069670378017
 10
28.09797868206053
 20
35.22069670378017
  0
LWPOLYLINE
  5
B75
330
1F
100
AcDbEntity
  8
V PARKING
100
AcDbPolyline
 90
        4
 70
     1
 43
0.0
 10
32.09797868206053
 20
35.22069670378017
 10
32.09797868206053
 20
33.22069670378017
 10
31.09797868206064
 20
33.22069670378017
 10
31.09797868206064
 20
35.22069670378017
  0
LWPOLYLINE
  5
B76
330
1F
100
AcDbEntity
  8
V PARKING
100
AcDbPolyline
 90
        4
 70
     1
 43
0.0
 10
31.09797868206064
 20
35.22069670378017
 10
31.09797868206064
 20
33.22069670378017
 10
30.09797868206053
 20
33.22069670378017
 10
30.09797868206053
 20
35.22069670378017
  0
LWPOLYLINE
  5
B77
330
1F
100
AcDbEntity
  8
V PARKING
100
AcDbPolyline
 90
        4
 70
     1
 43
0.0
 10
30.09797868206053
 20
35.22069670378017
 10
30.09797868206053
 20
33.22069670378017
 10
29.09797868206064
 20
33.22069670378017
 10
29.09797868206064
 20
35.22069670378017
  0
LWPOLYLINE
  5
B78
330
1F
100
AcDbEntity
  8
V PARKING
100
AcDbPolyline
 90
        4
 70
     1
 43
0.0
 10
33.09797868206064
 20
35.22069670378017
 10
33.09797868206064
 20
33.22069670378017
 10
32.09797868206053
 20
33.22069670378017
 10
32.09797868206053
 20
35.22069670378017
  0
LWPOLYLINE
  5
B79
330
1F
100
AcDbEntity
  8
V PARKING
100
AcDbPolyline
 90
        4
 70
     1
 43
0.0
 10
34.09797868206053
 20
35.22069670378017
 10
34.09797868206053
 20
33.22069670378017
 10
33.09797868206064
 20
33.22069670378017
 10
33.09797868206064
 20
35.22069670378017
  0
LWPOLYLINE
  5
B7A
330
1F
100
AcDbEntity
  8
V PARKING
100
AcDbPolyline
 90
        4
 70
     1
 43
0.0
 10
37.09797868206064
 20
35.22069670378017
 10
37.09797868206064
 20
33.22069670378017
 10
36.09797868206053
 20
33.22069670378017
 10
36.09797868206053
 20
35.22069670378017
  0
LWPOLYLINE
  5
B7B
330
1F
100
AcDbEntity
  8
V PARKING
100
AcDbPolyline
 90
        4
 70
     1
 43
0.0
 10
36.09797868206053
 20
35.22069670378017
 10
36.09797868206053
 20
33.22069670378017
 10
35.09797868206064
 20
33.22069670378017
 10
35.09797868206064
 20
35.22069670378017
  0
LWPOLYLINE
  5
B7C
330
1F
100
AcDbEntity
  8
V PARKING
100
AcDbPolyline
 90
        4
 70
     1
 43
0.0
 10
35.09797868206064
 20
35.22069670378017
 10
35.09797868206064
 20
33.22069670378017
 10
34.09797868206053
 20
33.22069670378017
 10
34.09797868206053
 20
35.22069670378017
  0
LWPOLYLINE
  5
B7D
330
1F
100
AcDbEntity
  8
V PARKING
100
AcDbPolyline
 90
        4
 70
     1
 43
0.0
 10
34.04790676191792
 20
41.26069718445218
 10
34.04790676191792
 20
39.26069718445218
 10
33.04790676191792
 20
39.26069718445218
 10
33.04790676191792
 20
41.26069718445218
  0
LWPOLYLINE
  5
B7E
330
1F
100
AcDbEntity
  8
V PARKING
100
AcDbPolyline
 90
        4
 70
     1
 43
0.0
 10
33.04790676191792
 20
41.26069718445218
 10
33.04790676191792
 20
39.26069718445218
 10
32.04790676191791
 20
39.26069718445218
 10
32.04790676191791
 20
41.26069718445218
  0
LWPOLYLINE
  5
B7F
330
1F
100
AcDbEntity
  8
V PARKING
100
AcDbPolyline
 90
        4
 70
     1
 43
0.0
 10
32.04790676191791
 20
41.26069718445218
 10
32.04790676191791
 20
39.26069718445218
 10
31.04790676191792
 20
39.26069718445218
 10
31.04790676191792
 20
41.26069718445218
  0
LWPOLYLINE
  5
B80
330
1F
100
AcDbEntity
  8
V PARKING
100
AcDbPolyline
 90
        4
 70
     1
 43
0.0
 10
35.04790676191792
 20
41.26069718445218
 10
35.04790676191792
 20
39.26069718445218
 10
34.04790676191792
 20
39.26069718445218
 10
34.04790676191792
 20
41.26069718445218
  0
LWPOLYLINE
  5
B81
330
1F
100
AcDbEntity
  8
V PARKING
100
AcDbPolyline
 90
        4
 70
     1
 43
0.0
 10
36.04790676191797
 20
41.26069718445218
 10
36.04790676191797
 20
39.26069718445218
 10
35.04790676191792
 20
39.26069718445218
 10
35.04790676191792
 20
41.26069718445218
  0
LWPOLYLINE
  5
B82
330
1F
100
AcDbEntity
  8
V PARKING
100
AcDbPolyline
 90
        4
 70
     1
 43
0.0
 10
37.04790676191797
 20
41.26069718445218
 10
37.04790676191797
 20
39.26069718445218
 10
36.04790676191797
 20
39.26069718445218
 10
36.04790676191797
 20
41.26069718445218
  0
LWPOLYLINE
  5
B83
330
1F
100
AcDbEntity
  8
V PARKING
100
AcDbPolyline
 90
        4
 70
     1
 43
0.0
 10
105.886508404542
 20
48.43351645675228
 10
107.886508404542
 20
48.43351645675228
 10
107.886508404542
 20
49.43351645675228
 10
105.886508404542
 20
49.43351645675228
  0
LWPOLYLINE
  5
B84
330
1F
100
AcDbEntity
  8
V PARKING
100
AcDbPolyline
 90
        4
 70
     1
 43
0.0
 10
105.886508404542
 20
45.43351645675228
 10
107.886508404542
 20
45.43351645675228
 10
107.886508404542
 20
46.43351645675227
 10
105.886508404542
 20
46.43351645675227
  0
LWPOLYLINE
  5
B85
330
1F
100
AcDbEntity
  8
V PARKING
100
AcDbPolyline
 90
        4
 70
     1
 43
0.0
 10
105.886508404542
 20
46.43351645675227
 10
107.886508404542
 20
46.43351645675227
 10
107.886508404542
 20
47.43351645675228
 10
105.886508404542
 20
47.43351645675228
  0
LWPOLYLINE
  5
B86
330
1F
100
AcDbEntity
  8
V PARKING
100
AcDbPolyline
 90
        4
 70
     1
 43
0.0
 10
105.886508404542
 20
47.43351645675228
 10
107.886508404542
 20
47.43351645675228
 10
107.886508404542
 20
48.43351645675228
 10
105.886508404542
 20
48.43351645675228
  0
LWPOLYLINE
  5
B87
330
1F
100
AcDbEntity
  8
V PARKING
100
AcDbPolyline
 90
        4
 70
     1
 43
0.0
 10
105.886508404542
 20
42.43351645675228
 10
107.886508404542
 20
42.43351645675228
 10
107.886508404542
 20
43.43351645675228
 10
105.886508404542
 20
43.43351645675228
  0
LWPOLYLINE
  5
B88
330
1F
100
AcDbEntity
  8
V PARKING
100
AcDbPolyline
 90
        4
 70
     1
 43
0.0
 10
105.886508404542
 20
43.43351645675228
 10
107.886508404542
 20
43.43351645675228
 10
107.886508404542
 20
44.43351645675227
 10
105.886508404542
 20
44.43351645675227
  0
LWPOLYLINE
  5
B89
330
1F
100
AcDbEntity
  8
V PARKING
100
AcDbPolyline
 90
        4
 70
     1
 43
0.0
 10
105.886508404542
 20
44.43351645675227
 10
107.886508404542
 20
44.43351645675227
 10
107.886508404542
 20
45.43351645675228
 10
105.886508404542
 20
45.43351645675228
  0
LWPOLYLINE
  5
B8A
330
1F
100
AcDbEntity
  8
V PARKING
100
AcDbPolyline
 90
        4
 70
     1
 43
0.0
 10
105.886508404542
 20
41.43351645675227
 10
107.886508404542
 20
41.43351645675227
 10
107.886508404542
 20
42.43351645675228
 10
105.886508404542
 20
42.43351645675228
  0
LWPOLYLINE
  5
B8B
330
1F
100
AcDbEntity
  8
V PARKING
100
AcDbPolyline
 90
        4
 70
     1
 43
0.0
 10
105.886508404542
 20
38.43351645675228
 10
107.886508404542
 20
38.43351645675228
 10
107.886508404542
 20
39.43351645675228
 10
105.886508404542
 20
39.43351645675228
  0
LWPOLYLINE
  5
B8C
330
1F
100
AcDbEntity
  8
V PARKING
100
AcDbPolyline
 90
        4
 70
     1
 43
0.0
 10
105.886508404542
 20
39.43351645675228
 10
107.886508404542
 20
39.43351645675228
 10
107.886508404542
 20
40.43351645675228
 10
105.886508404542
 20
40.43351645675228
  0
LWPOLYLINE
  5
B8D
330
1F
100
AcDbEntity
  8
V PARKING
100
AcDbPolyline
 90
        4
 70
     1
 43
0.0
 10
105.886508404542
 20
40.43351645675228
 10
107.886508404542
 20
40.43351645675228
 10
107.886508404542
 20
41.43351645675227
 10
105.886508404542
 20
41.43351645675227
  0
LWPOLYLINE
  5
B8E
330
1F
100
AcDbEntity
  8
V PARKING
100
AcDbPolyline
 90
        4
 70
     1
 43
0.0
 10
105.886508404542
 20
35.43351645675228
 10
107.886508404542
 20
35.43351645675228
 10
107.886508404542
 20
36.43351645675228
 10
105.886508404542
 20
36.43351645675228
  0
LWPOLYLINE
  5
B8F
330
1F
100
AcDbEntity
  8
V PARKING
100
AcDbPolyline
 90
        4
 70
     1
 43
0.0
 10
105.886508404542
 20
36.43351645675228
 10
107.886508404542
 20
36.43351645675228
 10
107.886508404542
 20
37.43351645675228
 10
105.886508404542
 20
37.43351645675228
  0
LWPOLYLINE
  5
B90
330
1F
100
AcDbEntity
  8
V PARKING
100
AcDbPolyline
 90
        4
 70
     1
 43
0.0
 10
105.886508404542
 20
37.43351645675228
 10
107.886508404542
 20
37.43351645675228
 10
107.886508404542
 20
38.43351645675228
 10
105.886508404542
 20
38.43351645675228
  0
LWPOLYLINE
  5
B91
330
1F
100
AcDbEntity
  8
V PARKING
100
AcDbPolyline
 90
        4
 70
     1
 43
0.0
 10
105.886508404542
 20
34.43351645675228
 10
107.886508404542
 20
34.43351645675228
 10
107.886508404542
 20
35.43351645675228
 10
105.886508404542
 20
35.43351645675228
  0
LWPOLYLINE
  5
B92
330
1F
100
AcDbEntity
  8
V PARKING
100
AcDbPolyline
 90
        4
 70
     1
 43
0.0
 10
105.886508404542
 20
32.43351645675228
 10
107.886508404542
 20
32.43351645675228
 10
107.886508404542
 20
33.43351645675228
 10
105.886508404542
 20
33.43351645675228
  0
LWPOLYLINE
  5
B93
330
1F
100
AcDbEntity
  8
V PARKING
100
AcDbPolyline
 90
        4
 70
     1
 43
0.0
 10
105.886508404542
 20
33.43351645675228
 10
107.886508404542
 20
33.43351645675228
 10
107.886508404542
 20
34.43351645675228
 10
105.886508404542
 20
34.43351645675228
  0
LWPOLYLINE
  5
B94
330
1F
100
AcDbEntity
  8
V PARKING
100
AcDbPolyline
 90
        4
 70
     1
 43
0.0
 10
100.8782356609258
 20
38.22069670378017
 10
102.8782356609258
 20
38.22069670378017
 10
102.8782356609258
 20
39.22069670378017
 10
100.8782356609258
 20
39.22069670378017
  0
LWPOLYLINE
  5
B95
330
1F
100
AcDbEntity
  8
V PARKING
100
AcDbPolyline
 90
        4
 70
     1
 43
0.0
 10
100.8782356609258
 20
35.22069670378017
 10
102.8782356609258
 20
35.22069670378017
 10
102.8782356609258
 20
36.22069670378017
 10
100.8782356609258
 20
36.22069670378017
  0
LWPOLYLINE
  5
B96
330
1F
100
AcDbEntity
  8
V PARKING
100
AcDbPolyline
 90
        4
 70
     1
 43
0.0
 10
100.8782356609258
 20
33.22069670378017
 10
102.8782356609258
 20
33.22069670378017
 10
102.8782356609258
 20
34.22069670378017
 10
100.8782356609258
 20
34.22069670378017
  0
LWPOLYLINE
  5
B97
330
1F
100
AcDbEntity
  8
V PARKING
100
AcDbPolyline
 90
        4
 70
     1
 43
0.0
 10
100.8782356609258
 20
34.22069670378017
 10
102.8782356609258
 20
34.22069670378017
 10
102.8782356609258
 20
35.22069670378017
 10
100.8782356609258
 20
35.22069670378017
  0
LWPOLYLINE
  5
B98
330
1F
100
AcDbEntity
  8
V PARKING
100
AcDbPolyline
 90
        4
 70
     1
 43
0.0
 10
100.4282356813207
 20
44.49069717321425
 10
102.4282356813207
 20
44.49069717321425
 10
102.4282356813207
 20
45.49069717321425
 10
100.4282356813207
 20
45.49069717321425
  0
LWPOLYLINE
  5
B99
330
1F
100
AcDbEntity
  8
V PARKING
100
AcDbPolyline
 90
        4
 70
     1
 43
0.0
 10
100.4282356813207
 20
45.49069717321425
 10
102.4282356813207
 20
45.49069717321425
 10
102.4282356813207
 20
46.49069717321425
 10
100.4282356813207
 20
46.49069717321425
  0
LWPOLYLINE
  5
B9A
330
1F
100
AcDbEntity
  8
V PARKING
100
AcDbPolyline
 90
        4
 70
     1
 43
0.0
 10
100.4282356813207
 20
46.49069717321425
 10
102.4282356813207
 20
46.49069717321425
 10
102.4282356813207
 20
47.49069717321424
 10
100.4282356813207
 20
47.49069717321424
  0
LWPOLYLINE
  5
B9B
330
1F
100
AcDbEntity
  8
V PARKING
100
AcDbPolyline
 90
        4
 70
     1
 43
0.0
 10
100.4282356813207
 20
43.49069717321425
 10
102.4282356813207
 20
43.49069717321425
 10
102.4282356813207
 20
44.49069717321425
 10
100.4282356813207
 20
44.49069717321425
  0
LWPOLYLINE
  5
B9C
330
1F
100
AcDbEntity
  8
V PARKING
100
AcDbPolyline
 90
        4
 70
     1
 43
0.0
 10
100.4282356813207
 20
41.49069717321425
 10
102.4282356813207
 20
41.49069717321425
 10
102.4282356813207
 20
42.49069717321424
 10
100.4282356813207
 20
42.49069717321424
  0
LWPOLYLINE
  5
B9D
330
1F
100
AcDbEntity
  8
V PARKING
100
AcDbPolyline
 90
        4
 70
     1
 43
0.0
 10
100.4282356813207
 20
42.49069717321424
 10
102.4282356813207
 20
42.49069717321424
 10
102.4282356813207
 20
43.49069717321425
 10
100.4282356813207
 20
43.49069717321425
  0
LWPOLYLINE
  5
B9E
330
1F
100
AcDbEntity
  8
V PARKING
100
AcDbPolyline
 90
        4
 70
     1
 43
0.0
 10
100.4282356813207
 20
47.49069717321424
 10
102.4282356813207
 20
47.49069717321424
 10
102.4282356813207
 20
48.49069717321425
 10
100.4282356813207
 20
48.49069717321425
  0
LWPOLYLINE
  5
B9F
330
1F
100
AcDbEntity
  8
V PARKING
100
AcDbPolyline
 90
        4
 70
     1
 43
0.0
 10
100.4282356813207
 20
48.49069717321425
 10
102.4282356813207
 20
48.49069717321425
 10
102.4282356813207
 20
49.49069717321425
 10
100.4282356813207
 20
49.49069717321425
  0
LWPOLYLINE
  5
BA0
330
1F
100
AcDbEntity
  8
V PARKING
100
AcDbPolyline
 90
        4
 70
     1
 43
0.0
 10
96.93520862218711
 20
45.29512463911999
 10
96.93520862218711
 20
43.29512463911999
 10
97.93520862218711
 20
43.29512463911999
 10
97.93520862218711
 20
45.29512463911999
  0
LWPOLYLINE
  5
BA1
330
1F
100
AcDbEntity
  8
V PARKING
100
AcDbPolyline
 90
        4
 70
     1
 43
0.0
 10
97.93520862218711
 20
45.29512463911999
 10
97.93520862218711
 20
43.29512463911999
 10
98.93520862218711
 20
43.29512463911999
 10
98.93520862218711
 20
45.29512463911999
  0
LWPOLYLINE
  5
BA2
330
1F
100
AcDbEntity
  8
V PARKING
100
AcDbPolyline
 90
        4
 70
     1
 43
0.0
 10
98.93520862218711
 20
45.29512463911999
 10
98.93520862218711
 20
43.29512463911999
 10
99.9352086221871
 20
43.29512463911999
 10
99.9352086221871
 20
45.29512463911999
  0
LWPOLYLINE
  5
BA3
330
1F
100
AcDbEntity
  8
V PARKING
100
AcDbPolyline
 90
        4
 70
     1
 43
0.0
 10
95.9352086221871
 20
45.29512463911999
 10
95.9352086221871
 20
43.29512463911999
 10
96.93520862218711
 20
43.29512463911999
 10
96.93520862218711
 20
45.29512463911999
  0
LWPOLYLINE
  5
BA4
330
1F
100
AcDbEntity
  8
V PARKING
100
AcDbPolyline
 90
        4
 70
     1
 43
0.0
 10
94.9352086221871
 20
45.29512463911999
 10
94.9352086221871
 20
43.29512463911999
 10
95.9352086221871
 20
43.29512463911999
 10
95.9352086221871
 20
45.29512463911999
  0
LWPOLYLINE
  5
BA5
330
1F
100
AcDbEntity
  8
V PARKING
100
AcDbPolyline
 90
        4
 70
     1
 43
0.0
 10
97.92830758106854
 20
41.26069718445218
 10
97.92830758106854
 20
39.26069718445218
 10
98.92830758106853
 20
39.26069718445218
 10
98.92830758106853
 20
41.26069718445218
  0
LWPOLYLINE
  5
BA6
330
1F
100
AcDbEntity
  8
V PARKING
100
AcDbPolyline
 90
        4
 70
     1
 43
0.0
 10
94.92830758106853
 20
41.26069718445218
 10
94.92830758106853
 20
39.26069718445218
 10
95.92830758106854
 20
39.26069718445218
 10
95.92830758106854
 20
41.26069718445218
  0
LWPOLYLINE
  5
BA7
330
1F
100
AcDbEntity
  8
V PARKING
100
AcDbPolyline
 90
        4
 70
     1
 43
0.0
 10
93.92830758106853
 20
41.26069718445218
 10
93.92830758106853
 20
39.26069718445218
 10
94.92830758106853
 20
39.26069718445218
 10
94.92830758106853
 20
41.26069718445218
  0
LWPOLYLINE
  5
BA8
330
1F
100
AcDbEntity
  8
V PARKING
100
AcDbPolyline
 90
        4
 70
     1
 43
0.0
 10
97.87823566092587
 20
35.22069670378017
 10
97.87823566092587
 20
33.22069670378017
 10
98.87823566092587
 20
33.22069670378017
 10
98.87823566092587
 20
35.22069670378017
  0
LWPOLYLINE
  5
BA9
330
1F
100
AcDbEntity
  8
V PARKING
100
AcDbPolyline
 90
        4
 70
     1
 43
0.0
 10
98.87823566092587
 20
35.22069670378017
 10
98.87823566092587
 20
33.22069670378017
 10
99.87823566092586
 20
33.22069670378017
 10
99.87823566092586
 20
35.22069670378017
  0
LWPOLYLINE
  5
BAA
330
1F
100
AcDbEntity
  8
V PARKING
100
AcDbPolyline
 90
        4
 70
     1
 43
0.0
 10
99.87823566092586
 20
35.22069670378017
 10
99.87823566092586
 20
33.22069670378017
 10
100.8782356609258
 20
33.22069670378017
 10
100.8782356609258
 20
35.22069670378017
  0
LWPOLYLINE
  5
BAB
330
1F
100
AcDbEntity
  8
V PARKING
100
AcDbPolyline
 90
        4
 70
     1
 43
0.0
 10
96.87823566092598
 20
35.22069670378017
 10
96.87823566092598
 20
33.22069670378017
 10
97.87823566092587
 20
33.22069670378017
 10
97.87823566092587
 20
35.22069670378017
  0
LWPOLYLINE
  5
BAC
330
1F
100
AcDbEntity
  8
V PARKING
100
AcDbPolyline
 90
        4
 70
     1
 43
0.0
 10
95.87823566092581
 20
35.22069670378017
 10
95.87823566092581
 20
33.22069670378017
 10
96.87823566092598
 20
33.22069670378017
 10
96.87823566092598
 20
35.22069670378017
  0
LWPOLYLINE
  5
BAD
330
1F
100
AcDbEntity
  8
V PARKING
100
AcDbPolyline
 90
        4
 70
     1
 43
0.0
 10
92.87823566092598
 20
35.22069670378017
 10
92.87823566092598
 20
33.22069670378017
 10
93.87823566092581
 20
33.22069670378017
 10
93.87823566092581
 20
35.22069670378017
  0
LWPOLYLINE
  5
BAE
330
1F
100
AcDbEntity
  8
V PARKING
100
AcDbPolyline
 90
        4
 70
     1
 43
0.0
 10
93.87823566092581
 20
35.22069670378017
 10
93.87823566092581
 20
33.22069670378017
 10
94.87823566092599
 20
33.22069670378017
 10
94.87823566092599
 20
35.22069670378017
  0
LWPOLYLINE
  5
BAF
330
1F
100
AcDbEntity
  8
V PARKING
100
AcDbPolyline
 90
        4
 70
     1
 43
0.0
 10
94.87823566092599
 20
35.22069670378017
 10
94.87823566092599
 20
33.22069670378017
 10
95.87823566092581
 20
33.22069670378017
 10
95.87823566092581
 20
35.22069670378017
  0
LWPOLYLINE
  5
BB0
330
1F
100
AcDbEntity
  8
V PARKING
100
AcDbPolyline
 90
        4
 70
     1
 43
0.0
 10
91.8782356609258
 20
35.22069670378017
 10
91.8782356609258
 20
33.22069670378017
 10
92.87823566092598
 20
33.22069670378017
 10
92.87823566092598
 20
35.22069670378017
  0
LWPOLYLINE
  5
BB1
330
1F
100
AcDbEntity
  8
V PARKING
100
AcDbPolyline
 90
        4
 70
     1
 43
0.0
 10
90.87823566092598
 20
35.22069670378017
 10
90.87823566092598
 20
33.22069670378017
 10
91.8782356609258
 20
33.22069670378017
 10
91.8782356609258
 20
35.22069670378017
  0
LWPOLYLINE
  5
BB2
330
1F
100
AcDbEntity
  8
V PARKING
100
AcDbPolyline
 90
        4
 70
     1
 43
0.0
 10
87.87823566092582
 20
35.22069670378017
 10
87.87823566092582
 20
33.22069670378017
 10
88.87823566092597
 20
33.22069670378017
 10
88.87823566092597
 20
35.22069670378017
  0
LWPOLYLINE
  5
BB3
330
1F
100
AcDbEntity
  8
V PARKING
100
AcDbPolyline
 90
        4
 70
     1
 43
0.0
 10
88.87823566092597
 20
35.22069670378017
 10
88.87823566092597
 20
33.22069670378017
 10
89.87823566092581
 20
33.22069670378017
 10
89.87823566092581
 20
35.22069670378017
  0
LWPOLYLINE
  5
BB4
330
1F
100
AcDbEntity
  8
V PARKING
100
AcDbPolyline
 90
        4
 70
     1
 43
0.0
 10
89.87823566092581
 20
35.22069670378017
 10
89.87823566092581
 20
33.22069670378017
 10
90.87823566092598
 20
33.22069670378017
 10
90.87823566092598
 20
35.22069670378017
  0
LWPOLYLINE
  5
BB5
330
1F
100
AcDbEntity
  8
V PARKING
100
AcDbPolyline
 90
        4
 70
     1
 43
0.0
 10
90.92830758106854
 20
41.26069718445218
 10
90.92830758106854
 20
39.26069718445218
 10
91.92830758106854
 20
39.26069718445218
 10
91.92830758106854
 20
41.26069718445218
  0
LWPOLYLINE
  5
BB6
330
1F
100
AcDbEntity
  8
V PARKING
100
AcDbPolyline
 90
        4
 70
     1
 43
0.0
 10
91.92830758106854
 20
41.26069718445218
 10
91.92830758106854
 20
39.26069718445218
 10
92.92830758106854
 20
39.26069718445218
 10
92.92830758106854
 20
41.26069718445218
  0
LWPOLYLINE
  5
BB7
330
1F
100
AcDbEntity
  8
V PARKING
100
AcDbPolyline
 90
        4
 70
     1
 43
0.0
 10
92.92830758106854
 20
41.26069718445218
 10
92.92830758106854
 20
39.26069718445218
 10
93.92830758106853
 20
39.26069718445218
 10
93.92830758106853
 20
41.26069718445218
  0
LWPOLYLINE
  5
BB8
330
1F
100
AcDbEntity
  8
V PARKING
100
AcDbPolyline
 90
        4
 70
     1
 43
0.0
 10
89.92830758106853
 20
41.26069718445218
 10
89.92830758106853
 20
39.26069718445218
 10
90.92830758106854
 20
39.26069718445218
 10
90.92830758106854
 20
41.26069718445218
  0
LWPOLYLINE
  5
BB9
330
1F
100
AcDbEntity
  8
V PARKING
100
AcDbPolyline
 90
        4
 70
     1
 43
0.0
 10
88.92830758106853
 20
41.26069718445218
 10
88.92830758106853
 20
39.26069718445218
 10
89.92830758106853
 20
39.26069718445218
 10
89.92830758106853
 20
41.26069718445218
  0
LWPOLYLINE
  5
BBA
330
1F
100
AcDbEntity
  8
V PARKING
100
AcDbPolyline
 90
        4
 70
     1
 43
0.0
 10
87.92830758106854
 20
41.26069718445218
 10
87.92830758106854
 20
39.26069718445218
 10
88.92830758106853
 20
39.26069718445218
 10
88.92830758106853
 20
41.26069718445218
  0
LWPOLYLINE
  5
BBB
330
1F
100
AcDbEntity
  8
V PARKING
100
AcDbPolyline
 90
        4
 70
     1
 43
0.0
 10
25.81977014258925
 20
76.58314446587121
 10
25.81977014258925
 20
74.08314446587121
 10
20.81977014258925
 20
74.08314446587121
 10
20.81977014258925
 20
76.58314446587121
  0
LWPOLYLINE
  5
BBC
330
1F
100
AcDbEntity
  8
V PARKING
100
AcDbPolyline
 90
        4
 70
     1
 43
0.0
 10
25.79319232103305
 20
72.54245918383197
 10
25.79319232103305
 20
70.04245918383197
 10
20.79319232103293
 20
70.04245918383197
 10
20.79319232103293
 20
72.54245918383197
  0
LWPOLYLINE
  5
BBD
330
1F
100
AcDbEntity
  8
V PARKING
100
AcDbPolyline
 90
        4
 70
     1
 43
0.0
 10
25.71343377111626
 20
68.6907329366262
 10
25.71343377111626
 20
66.1907329366262
 10
20.71343377111626
 20
66.1907329366262
 10
20.71343377111626
 20
68.6907329366262
  0
LWPOLYLINE
  5
BBE
330
1F
100
AcDbEntity
  8
V PARKING
100
AcDbPolyline
 90
        4
 70
     1
 43
0.0
 10
25.71344631374123
 20
65.27712767095625
 10
25.71344631374123
 20
62.77712767095511
 10
20.71344631374123
 20
62.77712767095511
 10
20.71344631374123
 20
65.27712767095625
  0
LWPOLYLINE
  5
BBF
330
1F
100
AcDbEntity
  8
col
100
AcDbPolyline
 90
        4
 70
     1
 43
0.0
 10
20.05172676959032
 20
65.92892298979234
 10
20.05172676959032
 20
65.47892298979229
 10
19.82172676959041
 20
65.47892298979229
 10
19.82172676959041
 20
65.92892298979234
  0
LWPOLYLINE
  5
BC0
330
1F
100
AcDbEntity
  8
col
100
AcDbPolyline
 90
        4
 70
     1
 43
0.0
 10
20.05172676958423
 20
62.4986031770751
 10
20.05172676958423
 20
62.04860317707642
 10
19.82172676958427
 20
62.04860317707642
 10
19.82172676958433
 20
62.4986031770751
  0
LWPOLYLINE
  5
BC1
330
1F
100
AcDbEntity
  8
col
100
AcDbPolyline
 90
        4
 70
     1
 43
0.0
 10
20.04999279969994
 20
76.63483426907316
 10
20.04999279969994
 20
76.18483426907312
 10
19.81999279970014
 20
76.18483426907312
 10
19.81999279970014
 20
76.63483426907316
  0
LWPOLYLINE
  5
BC2
330
1F
100
AcDbEntity
  8
col
100
AcDbPolyline
 90
        4
 70
     1
 43
0.0
 10
20.05172676959026
 20
73.28524872826517
 10
20.05172676959032
 20
72.83524872826399
 10
19.8217267695903
 20
72.83524872826399
 10
19.8217267695903
 20
73.28524872826517
  0
LWPOLYLINE
  5
BC3
330
1F
100
AcDbEntity
  8
col
100
AcDbPolyline
 90
        4
 70
     1
 43
0.0
 10
20.05172676958423
 20
69.12924280250911
 10
20.05172676958423
 20
69.57924280250892
 10
19.82172676958427
 20
69.57924280250892
 10
19.82172676958433
 20
69.12924280250911
  0
LWPOLYLINE
  5
BC4
330
1F
100
AcDbEntity
  8
V PARKING
100
AcDbPolyline
 90
        4
 70
     1
 43
0.0
 10
42.80049793554482
 20
76.09740559718
 10
42.80049793554482
 20
73.59740559718
 10
37.80049793554483
 20
73.59740559718
 10
37.80049793554483
 20
76.09740559718
  0
LWPOLYLINE
  5
BC5
330
1F
100
AcDbEntity
  8
V PARKING
100
AcDbPolyline
 90
        4
 70
     1
 43
0.0
 10
42.71587284727698
 20
72.60274101152424
 10
42.71587284727698
 20
70.10274101152424
 10
37.71587284727698
 20
70.10274101152424
 10
37.71587284727698
 20
72.60274101152424
  0
LWPOLYLINE
  5
BC6
330
1F
100
AcDbEntity
  8
V PARKING
100
AcDbPolyline
 90
        4
 70
     1
 43
0.0
 10
42.71607352927114
 20
68.81729476563316
 10
42.71607352927114
 20
66.31729476563316
 10
37.71607352927115
 20
66.31729476563316
 10
37.71607352927115
 20
68.81729476563316
  0
LWPOLYLINE
  5
BC7
330
1F
100
AcDbEntity
  8
V PARKING
100
AcDbPolyline
 90
        4
 70
     1
 43
0.0
 10
42.74475851176268
 20
65.14808501791515
 10
42.74475851176268
 20
62.64808501791516
 10
37.74475851176268
 20
62.64808501791516
 10
37.74475851176268
 20
65.14808501791515
  0
LWPOLYLINE
  5
BC8
330
1F
100
AcDbEntity
  8
V PARKING
100
AcDbPolyline
 90
        4
 70
     1
 43
0.0
 10
42.74484631013385
 20
61.79183895054928
 10
42.74484631013385
 20
59.29183895054928
 10
37.74484631013385
 20
59.29183895054928
 10
37.74484631013385
 20
61.79183895054928
  0
LWPOLYLINE
  5
BC9
330
1F
100
AcDbEntity
  8
V PARKING
100
AcDbPolyline
 90
        4
 70
     1
 43
0.0
 10
42.82987276238984
 20
58.0921106662164
 10
42.82987276238984
 20
55.5921106662164
 10
37.82987276238984
 20
55.5921106662164
 10
37.82987276238984
 20
58.0921106662164
  0
LWPOLYLINE
  5
BCA
330
1F
100
AcDbEntity
  8
col
100
AcDbPolyline
 90
        4
 70
     1
 43
0.0
 10
98.09034236216602
 20
65.87723318659016
 10
98.09034236216602
 20
65.42723318659011
 10
98.32034236216598
 20
65.42723318659011
 10
98.32034236216598
 20
65.87723318659016
  0
LWPOLYLINE
  5
BCB
330
1F
100
AcDbEntity
  8
col
100
AcDbPolyline
 90
        4
 70
     1
 43
0.0
 10
98.09034236217215
 20
62.44691337387315
 10
98.09034236217215
 20
61.9969133738731
 10
98.32034236217218
 20
61.9969133738731
 10
98.32034236217218
 20
62.44691337387315
  0
LWPOLYLINE
  5
BCC
330
1F
100
AcDbEntity
  8
col
100
AcDbPolyline
 90
        4
 70
     1
 43
0.0
 10
98.09207633205652
 20
76.58314446587121
 10
98.09207633205652
 20
76.13314446587025
 10
98.32207633205635
 20
76.13314446587025
 10
98.32207633205635
 20
76.58314446587121
  0
LWPOLYLINE
  5
BCD
330
1F
100
AcDbEntity
  8
col
100
AcDbPolyline
 90
        4
 70
     1
 43
0.0
 10
98.09034236216612
 20
73.23355892506208
 10
98.09034236216602
 20
72.78355892506204
 10
98.32034236216598
 20
72.78355892506204
 10
98.32034236216598
 20
73.23355892506208
  0
LWPOLYLINE
  5
BCE
330
1F
100
AcDbEntity
  8
col
100
AcDbPolyline
 90
        4
 70
     1
 43
0.0
 10
98.09034236217215
 20
69.07755299930625
 10
98.09034236217215
 20
69.52755299930629
 10
98.32034236217218
 20
69.52755299930629
 10
98.32034236217218
 20
69.07755299930625
  0
LWPOLYLINE
  5
BCF
330
1F
100
AcDbEntity
  8
col
100
AcDbPolyline
 90
        4
 70
     1
 43
0.0
 10
103.090342362166
 20
65.87723318659016
 10
103.090342362166
 20
65.42723318659011
 10
103.3203423621659
 20
65.42723318659011
 10
103.3203423621659
 20
65.87723318659016
  0
LWPOLYLINE
  5
BD0
330
1F
100
AcDbEntity
  8
col
100
AcDbPolyline
 90
        4
 70
     1
 43
0.0
 10
103.0903423621721
 20
62.44691337387315
 10
103.0903423621721
 20
61.9969133738731
 10
103.3203423621722
 20
61.9969133738731
 10
103.3203423621722
 20
62.44691337387315
  0
LWPOLYLINE
  5
BD1
330
1F
100
AcDbEntity
  8
col
100
AcDbPolyline
 90
        4
 70
     1
 43
0.0
 10
103.0920763320565
 20
76.58314446587121
 10
103.0920763320565
 20
76.13314446587025
 10
103.3220763320563
 20
76.13314446587025
 10
103.3220763320563
 20
76.58314446587121
  0
LWPOLYLINE
  5
BD2
330
1F
100
AcDbEntity
  8
col
100
AcDbPolyline
 90
        4
 70
     1
 43
0.0
 10
103.0903423621662
 20
73.23355892506208
 10
103.090342362166
 20
72.78355892506204
 10
103.3203423621661
 20
72.78355892506204
 10
103.3203423621661
 20
73.23355892506208
  0
LWPOLYLINE
  5
BD3
330
1F
100
AcDbEntity
  8
col
100
AcDbPolyline
 90
        4
 70
     1
 43
0.0
 10
103.0903423621721
 20
69.07755299930625
 10
103.0903423621721
 20
69.52755299930629
 10
103.3203423621722
 20
69.52755299930629
 10
103.3203423621722
 20
69.07755299930625
  0
LWPOLYLINE
  5
BD4
330
1F
100
AcDbEntity
  8
V PARKING
100
AcDbPolyline
 90
        4
 70
     1
 43
0.0
 10
103.3402876508973
 20
65.140007405034
 10
103.3402876508973
 20
62.64000740503401
 10
98.3402876508973
 20
62.64000740503401
 10
98.3402876508973
 20
65.140007405034
  0
LWPOLYLINE
  5
BD5
330
1F
100
AcDbEntity
  8
V PARKING
100
AcDbPolyline
 90
        4
 70
     1
 43
0.0
 10
103.2799450838813
 20
68.78503708143319
 10
103.2799450838813
 20
66.28503708143433
 10
98.2799450838813
 20
66.28503708143433
 10
98.2799450838813
 20
68.78503708143319
  0
LWPOLYLINE
  5
BD6
330
1F
100
AcDbEntity
  8
V PARKING
100
AcDbPolyline
 90
        4
 70
     1
 43
0.0
 10
103.1950942283713
 20
72.40599102339309
 10
103.1950942283713
 20
69.90599102339309
 10
98.19509422837136
 20
69.90599102339309
 10
98.19509422837136
 20
72.40599102339309
  0
LWPOLYLINE
  5
BD7
330
1F
100
AcDbEntity
  8
V PARKING
100
AcDbPolyline
 90
        4
 70
     1
 43
0.0
 10
103.1104565974803
 20
75.85547774117106
 10
103.1104565974803
 20
73.35547774117106
 10
98.11045659748035
 20
73.35547774117106
 10
98.11045659748035
 20
75.85547774117106
  0
LWPOLYLINE
  5
BD8
330
1F
100
AcDbEntity
  8
V PARKING
100
AcDbPolyline
 90
        4
 70
     1
 43
0.0
 10
103.2108477648854
 20
79.21818747808709
 10
103.2108477648854
 20
76.71818747808709
 10
98.21084776488547
 20
76.71818747808709
 10
98.21084776488547
 20
79.21818747808709
  0
LWPOLYLINE
  5
BD9
330
1F
100
AcDbEntity
  8
V PARKING
100
AcDbPolyline
 90
        4
 70
     1
 43
0.0
 10
87.78774669579096
 20
79.28257376507838
 10
87.78774669579096
 20
76.78257376507838
 10
82.78774669579096
 20
76.78257376507838
 10
82.78774669579096
 20
79.28257376507838
  0
LWPOLYLINE
  5
BDA
330
1F
100
AcDbEntity
  8
V PARKING
100
AcDbPolyline
 90
        4
 70
     1
 43
0.0
 10
87.82526168601012
 20
81.94107218223928
 10
87.82526168601012
 20
79.44107218223928
 10
82.82526168601023
 20
79.44107218223928
 10
82.82526168601023
 20
81.94107218223928
  0
LWPOLYLINE
  5
BDB
330
1F
100
AcDbEntity
  8
V PARKING
100
AcDbPolyline
 90
        4
 70
     1
 43
0.0
 10
92.99033958709353
 20
79.15600269920708
 10
92.99033958709353
 20
76.65600269920708
 10
87.99033958709353
 20
76.65600269920708
 10
87.99033958709353
 20
79.15600269920708
  0
LWPOLYLINE
  5
BDC
330
1F
100
AcDbEntity
  8
V PARKING
100
AcDbPolyline
 90
        4
 70
     1
 43
0.0
 10
93.05082012297882
 20
81.89532046153624
 10
93.05082012297882
 20
79.39532046153624
 10
88.05082012297882
 20
79.39532046153624
 10
88.05082012297882
 20
81.89532046153624
  0
LWPOLYLINE
  5
BDD
330
1F
100
AcDbEntity
  8
V PARKING
100
AcDbPolyline
 90
        4
 70
     1
 43
0.0
 10
37.44069825779323
 20
81.99703326638802
 10
37.44069825779323
 20
79.49703326638712
 10
32.44069825779312
 20
79.49703326638712
 10
32.44069825779312
 20
81.99703326638802
  0
LWPOLYLINE
  5
BDE
330
1F
100
AcDbEntity
  8
V PARKING
100
AcDbPolyline
 90
        4
 70
     1
 43
0.0
 10
37.40813760429612
 20
79.36264188473012
 10
37.40813760429612
 20
76.86264188473012
 10
32.40813760429612
 20
76.86264188473012
 10
32.40813760429612
 20
79.36264188473012
  0
LWPOLYLINE
  5
BDF
330
1F
100
AcDbEntity
  8
V PARKING
100
AcDbPolyline
 90
        4
 70
     1
 43
0.0
 10
42.71401900928893
 20
81.89946263556624
 10
42.71401900928893
 20
79.39946263556624
 10
37.71401900928882
 20
79.39946263556624
 10
37.71401900928882
 20
81.89946263556624
  0
LWPOLYLINE
  5
BE0
330
1F
100
AcDbEntity
  8
V PARKING
100
AcDbPolyline
 90
        4
 70
     1
 43
0.0
 10
42.71401900928893
 20
79.33011486322709
 10
42.71401900928893
 20
76.83011486322709
 10
37.71401900928882
 20
76.83011486322709
 10
37.71401900928882
 20
79.33011486322709
  0
LWPOLYLINE
  5
BE1
330
1F
100
AcDbEntity
  8
V PARKING
100
AcDbPolyline
 90
        4
 70
     1
 43
0.0
 10
68.50332338368772
 20
79.19844172405499
 10
68.50332338368772
 20
76.69844172405499
 10
63.50332338368772
 20
76.69844172405499
 10
63.50332338368772
 20
79.19844172405499
  0
LWPOLYLINE
  5
BE2
330
1F
100
AcDbEntity
  8
V PARKING
100
AcDbPolyline
 90
        4
 70
     1
 43
0.0
 10
57.42655051662601
 20
81.78858641136219
 10
57.42655051662601
 20
79.28858641136219
 10
52.42655051662601
 20
79.28858641136219
 10
52.42655051662601
 20
81.78858641136219
  0
LWPOLYLINE
  5
BE3
330
1F
100
AcDbEntity
  8
V PARKING
100
AcDbPolyline
 90
        4
 70
     1
 43
0.0
 10
52.20908207253367
 20
81.80969376164318
 10
52.20908207253367
 20
79.30969376164227
 10
47.20908207253367
 20
79.30969376164227
 10
47.20908207253367
 20
81.80969376164318
  0
LWPOLYLINE
  5
BE4
330
1F
100
AcDbEntity
  8
V PARKING
100
AcDbPolyline
 90
        4
 70
     1
 43
0.0
 10
52.20908207253367
 20
79.21375051927714
 10
52.20908207253367
 20
76.71375051927714
 10
47.20908207253367
 20
76.71375051927714
 10
47.20908207253367
 20
79.21375051927714
  0
LWPOLYLINE
  5
BE5
330
1F
100
AcDbEntity
  8
V PARKING
100
AcDbPolyline
 90
        4
 70
     1
 43
0.0
 10
57.48991585617315
 20
79.1293315518402
 10
57.48991585617315
 20
76.6293315518402
 10
52.48991585617315
 20
76.6293315518402
 10
52.48991585617315
 20
79.1293315518402
  0
LWPOLYLINE
  5
BE6
330
1F
100
AcDbEntity
  8
V PARKING
100
AcDbPolyline
 90
        4
 70
     1
 43
0.0
 10
68.32952798488818
 20
81.93830461346612
 10
68.32952798488818
 20
79.43830461346613
 10
63.32952798488818
 20
79.43830461346613
 10
63.32952798488818
 20
81.93830461346612
  0
LWPOLYLINE
  5
BE7
330
1F
100
AcDbEntity
  8
V PARKING
100
AcDbPolyline
 90
        4
 70
     1
 43
0.0
 10
103.1892619079264
 20
81.84977219774429
 10
103.1892619079264
 20
79.3497721977443
 10
98.18926190792652
 20
79.3497721977443
 10
98.18926190792652
 20
81.84977219774429
  0
LWPOLYLINE
  5
BE8
330
1F
100
AcDbEntity
  8
V PARKING
100
AcDbPolyline
 90
        4
 70
     1
 43
0.0
 10
22.08043746656986
 20
79.39622318361933
 10
22.08043746656986
 20
76.89622318361796
 10
17.08043746656986
 20
76.89622318361796
 10
17.08043746656986
 20
79.39622318361933
  0
LWPOLYLINE
  5
BE9
330
1F
100
AcDbEntity
  8
V PARKING
100
AcDbPolyline
 90
        4
 70
     1
 43
0.0
 10
22.03645048205036
 20
82.07743573897108
 10
22.03645048205036
 20
79.57743573897108
 10
17.03645048205035
 20
79.57743573897108
 10
17.03645048205035
 20
82.07743573897108
  0
LWPOLYLINE
  5
BEA
330
1F
100
AcDbEntity
  8
V PARKING
100
AcDbPolyline
 90
        4
 70
     1
 43
0.0
 10
26.4631365457133
 20
96.51353566019304
 10
26.4631365457133
 20
98.51353566019305
 10
27.4631365457133
 20
98.51353566019305
 10
27.4631365457133
 20
96.51353566019304
  0
LWPOLYLINE
  5
BEB
330
1F
100
AcDbEntity
  8
V PARKING
100
AcDbPolyline
 90
        4
 70
     1
 43
0.0
 10
27.4631365457133
 20
96.51353566019304
 10
27.4631365457133
 20
98.51353566019305
 10
28.4631365457133
 20
98.51353566019305
 10
28.4631365457133
 20
96.51353566019304
  0
LWPOLYLINE
  5
BEC
330
1F
100
AcDbEntity
  8
V PARKING
100
AcDbPolyline
 90
        4
 70
     1
 43
0.0
 10
23.4631365457133
 20
96.51353566019304
 10
23.4631365457133
 20
98.51353566019305
 10
24.4631365457133
 20
98.51353566019305
 10
24.4631365457133
 20
96.51353566019304
  0
LWPOLYLINE
  5
BED
330
1F
100
AcDbEntity
  8
V PARKING
100
AcDbPolyline
 90
        4
 70
     1
 43
0.0
 10
24.4631365457133
 20
96.51353566019304
 10
24.4631365457133
 20
98.51353566019305
 10
25.4631365457133
 20
98.51353566019305
 10
25.4631365457133
 20
96.51353566019304
  0
LWPOLYLINE
  5
BEE
330
1F
100
AcDbEntity
  8
V PARKING
100
AcDbPolyline
 90
        4
 70
     1
 43
0.0
 10
25.4631365457133
 20
96.51353566019304
 10
25.4631365457133
 20
98.51353566019305
 10
26.4631365457133
 20
98.51353566019305
 10
26.4631365457133
 20
96.51353566019304
  0
LWPOLYLINE
  5
BEF
330
1F
100
AcDbEntity
  8
V PARKING
100
AcDbPolyline
 90
        4
 70
     1
 43
0.0
 10
21.4631365457133
 20
96.51353566019304
 10
21.4631365457133
 20
98.51353566019305
 10
22.4631365457133
 20
98.51353566019305
 10
22.4631365457133
 20
96.51353566019304
  0
LWPOLYLINE
  5
BF0
330
1F
100
AcDbEntity
  8
V PARKING
100
AcDbPolyline
 90
        4
 70
     1
 43
0.0
 10
22.4631365457133
 20
96.51353566019304
 10
22.4631365457133
 20
98.51353566019305
 10
23.4631365457133
 20
98.51353566019305
 10
23.4631365457133
 20
96.51353566019304
  0
LWPOLYLINE
  5
BF1
330
1F
100
AcDbEntity
  8
V PARKING
100
AcDbPolyline
 90
        4
 70
     1
 43
0.0
 10
34.23313654412093
 20
90.24772106521401
 10
34.23313654412093
 20
92.24772106521403
 10
35.23313654412104
 20
92.24772106521403
 10
35.23313654412104
 20
90.24772106521401
  0
LWPOLYLINE
  5
BF2
330
1F
100
AcDbEntity
  8
V PARKING
100
AcDbPolyline
 90
        4
 70
     1
 43
0.0
 10
35.23313654412104
 20
90.24772106521401
 10
35.23313654412104
 20
92.24772106521403
 10
36.23313654412098
 20
92.24772106521403
 10
36.23313654412098
 20
90.24772106521401
  0
LWPOLYLINE
  5
BF3
330
1F
100
AcDbEntity
  8
V PARKING
100
AcDbPolyline
 90
        4
 70
     1
 43
0.0
 10
36.23313654412098
 20
90.24772106521401
 10
36.23313654412098
 20
92.24772106521403
 10
37.23313654412104
 20
92.24772106521403
 10
37.23313654412104
 20
90.24772106521401
  0
LWPOLYLINE
  5
BF4
330
1F
100
AcDbEntity
  8
V PARKING
100
AcDbPolyline
 90
        4
 70
     1
 43
0.0
 10
31.23313654412104
 20
90.24772106521401
 10
31.23313654412104
 20
92.24772106521403
 10
32.23313654412093
 20
92.24772106521403
 10
32.23313654412093
 20
90.24772106521401
  0
LWPOLYLINE
  5
BF5
330
1F
100
AcDbEntity
  8
V PARKING
100
AcDbPolyline
 90
        4
 70
     1
 43
0.0
 10
32.23313654412093
 20
90.24772106521401
 10
32.23313654412093
 20
92.24772106521403
 10
33.23313654412104
 20
92.24772106521403
 10
33.23313654412104
 20
90.24772106521401
  0
LWPOLYLINE
  5
BF6
330
1F
100
AcDbEntity
  8
V PARKING
100
AcDbPolyline
 90
        4
 70
     1
 43
0.0
 10
33.23313654412104
 20
90.24772106521401
 10
33.23313654412104
 20
92.24772106521403
 10
34.23313654412093
 20
92.24772106521403
 10
34.23313654412093
 20
90.24772106521401
  0
LWPOLYLINE
  5
BF7
330
1F
100
AcDbEntity
  8
V PARKING
100
AcDbPolyline
 90
        4
 70
     1
 43
0.0
 10
28.23313654412093
 20
90.24772106521401
 10
28.23313654412093
 20
92.24772106521403
 10
29.23313654412104
 20
92.24772106521403
 10
29.23313654412104
 20
90.24772106521401
  0
LWPOLYLINE
  5
BF8
330
1F
100
AcDbEntity
  8
V PARKING
100
AcDbPolyline
 90
        4
 70
     1
 43
0.0
 10
29.23313654412104
 20
90.24772106521401
 10
29.23313654412104
 20
92.24772106521403
 10
30.23313654412092
 20
92.24772106521403
 10
30.23313654412092
 20
90.24772106521401
  0
LWPOLYLINE
  5
BF9
330
1F
100
AcDbEntity
  8
V PARKING
100
AcDbPolyline
 90
        4
 70
     1
 43
0.0
 10
30.23313654412092
 20
90.24772106521401
 10
30.23313654412092
 20
92.24772106521403
 10
31.23313654412104
 20
92.24772106521403
 10
31.23313654412104
 20
90.24772106521401
  0
LWPOLYLINE
  5
BFA
330
1F
100
AcDbEntity
  8
V PARKING
100
AcDbPolyline
 90
        4
 70
     1
 43
0.0
 10
26.23313654412092
 20
90.24772106521401
 10
26.23313654412092
 20
92.24772106521403
 10
27.23313654412104
 20
92.24772106521403
 10
27.23313654412104
 20
90.24772106521401
  0
LWPOLYLINE
  5
BFB
330
1F
100
AcDbEntity
  8
V PARKING
100
AcDbPolyline
 90
        4
 70
     1
 43
0.0
 10
27.23313654412104
 20
90.24772106521401
 10
27.23313654412104
 20
92.24772106521403
 10
28.23313654412093
 20
92.24772106521403
 10
28.23313654412093
 20
90.24772106521401
  0
LWPOLYLINE
  5
BFC
330
1F
100
AcDbEntity
  8
V PARKING
100
AcDbPolyline
 90
        4
 70
     1
 43
0.0
 10
25.59805058340575
 20
86.08376919996805
 10
23.59805058340575
 20
86.08376919996805
 10
23.59805058340575
 20
87.08376919996807
 10
25.59805058340575
 20
87.08376919996807
  0
LWPOLYLINE
  5
BFD
330
1F
100
AcDbEntity
  8
V PARKING
100
AcDbPolyline
 90
        4
 70
     1
 43
0.0
 10
25.59805058340575
 20
87.08376919996807
 10
23.59805058340575
 20
87.08376919996807
 10
23.59805058340575
 20
88.08376919996806
 10
25.59805058340575
 20
88.08376919996806
  0
LWPOLYLINE
  5
BFE
330
1F
100
AcDbEntity
  8
V PARKING
100
AcDbPolyline
 90
        4
 70
     1
 43
0.0
 10
25.59805058340575
 20
88.08376919996806
 10
23.59805058340575
 20
88.08376919996806
 10
23.59805058340575
 20
89.08376919996806
 10
25.59805058340575
 20
89.08376919996806
  0
LWPOLYLINE
  5
BFF
330
1F
100
AcDbEntity
  8
V PARKING
100
AcDbPolyline
 90
        4
 70
     1
 43
0.0
 10
25.59805058340575
 20
83.08376919996806
 10
23.59805058340575
 20
83.08376919996806
 10
23.59805058340575
 20
84.08376919996806
 10
25.59805058340575
 20
84.08376919996806
  0
LWPOLYLINE
  5
C00
330
1F
100
AcDbEntity
  8
V PARKING
100
AcDbPolyline
 90
        4
 70
     1
 43
0.0
 10
25.59805058340575
 20
84.08376919996806
 10
23.59805058340575
 20
84.08376919996806
 10
23.59805058340575
 20
85.08376919996806
 10
25.59805058340575
 20
85.08376919996806
  0
LWPOLYLINE
  5
C01
330
1F
100
AcDbEntity
  8
V PARKING
100
AcDbPolyline
 90
        4
 70
     1
 43
0.0
 10
25.59805058340575
 20
85.08376919996806
 10
23.59805058340575
 20
85.08376919996806
 10
23.59805058340575
 20
86.08376919996805
 10
25.59805058340575
 20
86.08376919996805
  0
LWPOLYLINE
  5
C02
330
1F
100
AcDbEntity
  8
V PARKING
100
AcDbPolyline
 90
        4
 70
     1
 43
0.0
 10
25.59805058340575
 20
82.08376919996807
 10
23.59805058340575
 20
82.08376919996807
 10
23.59805058340575
 20
83.08376919996806
 10
25.59805058340575
 20
83.08376919996806
  0
LWPOLYLINE
  5
C03
330
1F
100
AcDbEntity
  8
V PARKING
100
AcDbPolyline
 90
        4
 70
     1
 43
0.0
 10
103.7430778004585
 20
96.51353566019304
 10
103.7430778004585
 20
98.51353566019305
 10
104.7430778004585
 20
98.51353566019305
 10
104.7430778004585
 20
96.51353566019304
  0
LWPOLYLINE
  5
C04
330
1F
100
AcDbEntity
  8
V PARKING
100
AcDbPolyline
 90
        4
 70
     1
 43
0.0
 10
104.7430778004585
 20
96.51353566019304
 10
104.7430778004585
 20
98.51353566019305
 10
105.7430778004585
 20
98.51353566019305
 10
105.7430778004585
 20
96.51353566019304
  0
LWPOLYLINE
  5
C05
330
1F
100
AcDbEntity
  8
V PARKING
100
AcDbPolyline
 90
        4
 70
     1
 43
0.0
 10
105.7430778004585
 20
96.51353566019304
 10
105.7430778004585
 20
98.51353566019305
 10
106.7430778004585
 20
98.51353566019305
 10
106.7430778004585
 20
96.51353566019304
  0
LWPOLYLINE
  5
C06
330
1F
100
AcDbEntity
  8
V PARKING
100
AcDbPolyline
 90
        4
 70
     1
 43
0.0
 10
100.7430778004585
 20
96.51353566019304
 10
100.7430778004585
 20
98.51353566019305
 10
101.7430778004585
 20
98.51353566019305
 10
101.7430778004585
 20
96.51353566019304
  0
LWPOLYLINE
  5
C07
330
1F
100
AcDbEntity
  8
V PARKING
100
AcDbPolyline
 90
        4
 70
     1
 43
0.0
 10
101.7430778004585
 20
96.51353566019304
 10
101.7430778004585
 20
98.51353566019305
 10
102.7430778004585
 20
98.51353566019305
 10
102.7430778004585
 20
96.51353566019304
  0
LWPOLYLINE
  5
C08
330
1F
100
AcDbEntity
  8
V PARKING
100
AcDbPolyline
 90
        4
 70
     1
 43
0.0
 10
102.7430778004585
 20
96.51353566019304
 10
102.7430778004585
 20
98.51353566019305
 10
103.7430778004585
 20
98.51353566019305
 10
103.7430778004585
 20
96.51353566019304
  0
LWPOLYLINE
  5
C09
330
1F
100
AcDbEntity
  8
V PARKING
100
AcDbPolyline
 90
        4
 70
     1
 43
0.0
 10
99.74307780045856
 20
96.51353566019304
 10
99.74307780045856
 20
98.51353566019305
 10
100.7430778004585
 20
98.51353566019305
 10
100.7430778004585
 20
96.51353566019304
  0
LWPOLYLINE
  5
C0A
330
1F
100
AcDbEntity
  8
V PARKING
100
AcDbPolyline
 90
        4
 70
     1
 43
0.0
 10
106.7430778004585
 20
96.51353566019304
 10
106.7430778004585
 20
98.51353566019305
 10
107.7430778004585
 20
98.51353566019305
 10
107.7430778004585
 20
96.51353566019304
  0
LWPOLYLINE
  5
C0B
330
1F
100
AcDbEntity
  8
V PARKING
100
AcDbPolyline
 90
        4
 70
     1
 43
0.0
 10
89.22823566092532
 20
90.26367542892637
 10
89.22823566092532
 20
92.26367542892502
 10
90.22823566092531
 20
92.26367542892502
 10
90.22823566092531
 20
90.26367542892637
  0
LWPOLYLINE
  5
C0C
330
1F
100
AcDbEntity
  8
V PARKING
100
AcDbPolyline
 90
        4
 70
     1
 43
0.0
 10
90.22823566092531
 20
90.26367542892637
 10
90.22823566092531
 20
92.26367542892502
 10
91.22823566092533
 20
92.26367542892502
 10
91.22823566092533
 20
90.26367542892637
  0
LWPOLYLINE
  5
C0D
330
1F
100
AcDbEntity
  8
V PARKING
100
AcDbPolyline
 90
        4
 70
     1
 43
0.0
 10
95.22823566092531
 20
90.26367542892637
 10
95.22823566092531
 20
92.26367542892502
 10
96.22823566092533
 20
92.26367542892502
 10
96.22823566092533
 20
90.26367542892637
  0
LWPOLYLINE
  5
C0E
330
1F
100
AcDbEntity
  8
V PARKING
100
AcDbPolyline
 90
        4
 70
     1
 43
0.0
 10
96.22823566092533
 20
90.26367542892637
 10
96.22823566092533
 20
92.26367542892502
 10
97.22823566092532
 20
92.26367542892502
 10
97.22823566092532
 20
90.26367542892637
  0
LWPOLYLINE
  5
C0F
330
1F
100
AcDbEntity
  8
V PARKING
100
AcDbPolyline
 90
        4
 70
     1
 43
0.0
 10
97.22823566092532
 20
90.26367542892637
 10
97.22823566092532
 20
92.26367542892502
 10
98.22823566092532
 20
92.26367542892502
 10
98.22823566092532
 20
90.26367542892637
  0
LWPOLYLINE
  5
C10
330
1F
100
AcDbEntity
  8
V PARKING
100
AcDbPolyline
 90
        4
 70
     1
 43
0.0
 10
92.22823566092532
 20
90.26367542892637
 10
92.22823566092532
 20
92.26367542892502
 10
93.22823566092532
 20
92.26367542892502
 10
93.22823566092532
 20
90.26367542892637
  0
LWPOLYLINE
  5
C11
330
1F
100
AcDbEntity
  8
V PARKING
100
AcDbPolyline
 90
        4
 70
     1
 43
0.0
 10
93.22823566092532
 20
90.26367542892637
 10
93.22823566092532
 20
92.26367542892502
 10
94.22823566092532
 20
92.26367542892502
 10
94.22823566092532
 20
90.26367542892637
  0
LWPOLYLINE
  5
C12
330
1F
100
AcDbEntity
  8
V PARKING
100
AcDbPolyline
 90
        4
 70
     1
 43
0.0
 10
94.22823566092532
 20
90.26367542892637
 10
94.22823566092532
 20
92.26367542892502
 10
95.22823566092531
 20
92.26367542892502
 10
95.22823566092531
 20
90.26367542892637
  0
LWPOLYLINE
  5
C13
330
1F
100
AcDbEntity
  8
V PARKING
100
AcDbPolyline
 90
        4
 70
     1
 43
0.0
 10
91.22823566092533
 20
90.26367542892637
 10
91.22823566092533
 20
92.26367542892502
 10
92.22823566092532
 20
92.26367542892502
 10
92.22823566092532
 20
90.26367542892637
  0
LWPOLYLINE
  5
C14
330
1F
100
AcDbEntity
  8
V PARKING
100
AcDbPolyline
 90
        4
 70
     1
 43
0.0
 10
98.22823566092532
 20
90.26367542892637
 10
98.22823566092532
 20
92.26367542892502
 10
99.22823566092532
 20
92.26367542892502
 10
99.22823566092532
 20
90.26367542892637
  0
LWPOLYLINE
  5
C15
330
1F
100
AcDbEntity
  8
V PARKING
100
AcDbPolyline
 90
        4
 70
     1
 43
0.0
 10
88.22823566092532
 20
90.26367542892637
 10
88.22823566092532
 20
92.26367542892502
 10
89.22823566092532
 20
92.26367542892502
 10
89.22823566092532
 20
90.26367542892637
  0
LWPOLYLINE
  5
C16
330
1F
100
AcDbEntity
  8
col
100
AcDbPolyline
 90
        4
 70
     1
 43
0.0
 10
107.941472320004
 20
65.87723318659016
 10
107.941472320004
 20
65.42723318659011
 10
108.1714723200039
 20
65.42723318659011
 10
108.1714723200039
 20
65.87723318659016
  0
LWPOLYLINE
  5
C17
330
1F
100
AcDbEntity
  8
col
100
AcDbPolyline
 90
        4
 70
     1
 43
0.0
 10
107.9414723200102
 20
62.44691337387315
 10
107.9414723200102
 20
61.9969133738731
 10
108.1714723200102
 20
61.9969133738731
 10
108.1714723200101
 20
62.44691337387315
  0
LWPOLYLINE
  5
C18
330
1F
100
AcDbEntity
  8
col
100
AcDbPolyline
 90
        4
 70
     1
 43
0.0
 10
107.9432062898945
 20
76.58314446587121
 10
107.9432062898945
 20
76.13314446587025
 10
108.1732062898943
 20
76.13314446587025
 10
108.1732062898943
 20
76.58314446587121
  0
LWPOLYLINE
  5
C19
330
1F
100
AcDbEntity
  8
col
100
AcDbPolyline
 90
        4
 70
     1
 43
0.0
 10
107.9414723200042
 20
73.23355892506208
 10
107.941472320004
 20
72.78355892506204
 10
108.1714723200041
 20
72.78355892506204
 10
108.1714723200041
 20
73.23355892506208
  0
LWPOLYLINE
  5
C1A
330
1F
100
AcDbEntity
  8
col
100
AcDbPolyline
 90
        4
 70
     1
 43
0.0
 10
107.9414723200102
 20
69.07755299930625
 10
107.9414723200102
 20
69.52755299930629
 10
108.1714723200102
 20
69.52755299930629
 10
108.1714723200101
 20
69.07755299930625
  0
LWPOLYLINE
  5
C1B
330
1F
100
AcDbEntity
  8
V PARKING
100
AcDbPolyline
 90
        4
 70
     1
 43
0.0
 10
107.9432062898944
 20
83.2933753060214
 10
105.9432062898944
 20
83.2933753060214
 10
105.9432062898944
 20
84.2933753060223
 10
107.9432062898944
 20
84.2933753060223
  0
LWPOLYLINE
  5
C1C
330
1F
100
AcDbEntity
  8
V PARKING
100
AcDbPolyline
 90
        4
 70
     1
 43
0.0
 10
107.9432062898944
 20
84.2933753060223
 10
105.9432062898944
 20
84.2933753060223
 10
105.9432062898944
 20
85.29337530602232
 10
107.9432062898944
 20
85.29337530602232
  0
LWPOLYLINE
  5
C1D
330
1F
100
AcDbEntity
  8
V PARKING
100
AcDbPolyline
 90
        4
 70
     1
 43
0.0
 10
107.9432062898944
 20
85.29337530602232
 10
105.9432062898944
 20
85.29337530602232
 10
105.9432062898944
 20
86.29337530602231
 10
107.9432062898944
 20
86.29337530602231
  0
LWPOLYLINE
  5
C1E
330
1F
100
AcDbEntity
  8
V PARKING
100
AcDbPolyline
 90
        4
 70
     1
 43
0.0
 10
107.9432062898944
 20
81.29337530602231
 10
105.9432062898944
 20
81.29337530602231
 10
105.9432062898944
 20
82.29337530602141
 10
107.9432062898944
 20
82.29337530602141
  0
LWPOLYLINE
  5
C1F
330
1F
100
AcDbEntity
  8
V PARKING
100
AcDbPolyline
 90
        4
 70
     1
 43
0.0
 10
107.9432062898944
 20
82.29337530602141
 10
105.9432062898944
 20
82.29337530602141
 10
105.9432062898944
 20
83.2933753060214
 10
107.9432062898944
 20
83.2933753060214
  0
LWPOLYLINE
  5
C20
330
1F
100
AcDbEntity
  8
V PARKING
100
AcDbPolyline
 90
        4
 70
     1
 43
0.0
 10
107.9432062898944
 20
78.29337530602231
 10
105.9432062898944
 20
78.29337530602231
 10
105.9432062898944
 20
79.29337530602231
 10
107.9432062898944
 20
79.29337530602231
  0
LWPOLYLINE
  5
C21
330
1F
100
AcDbEntity
  8
V PARKING
100
AcDbPolyline
 90
        4
 70
     1
 43
0.0
 10
107.9432062898944
 20
79.29337530602231
 10
105.9432062898944
 20
79.29337530602231
 10
105.9432062898944
 20
80.29337530602139
 10
107.9432062898944
 20
80.29337530602139
  0
LWPOLYLINE
  5
C22
330
1F
100
AcDbEntity
  8
V PARKING
100
AcDbPolyline
 90
        4
 70
     1
 43
0.0
 10
107.9432062898944
 20
80.29337530602139
 10
105.9432062898944
 20
80.29337530602139
 10
105.9432062898944
 20
81.29337530602231
 10
107.9432062898944
 20
81.29337530602231
  0
LWPOLYLINE
  5
C23
330
1F
100
AcDbEntity
  8
V PARKING
100
AcDbPolyline
 90
        4
 70
     1
 43
0.0
 10
107.9432062898944
 20
76.29337530602231
 10
105.9432062898944
 20
76.29337530602231
 10
105.9432062898944
 20
77.29337530602231
 10
107.9432062898944
 20
77.29337530602231
  0
LWPOLYLINE
  5
C24
330
1F
100
AcDbEntity
  8
V PARKING
100
AcDbPolyline
 90
        4
 70
     1
 43
0.0
 10
107.9432062898944
 20
77.29337530602231
 10
105.9432062898944
 20
77.29337530602231
 10
105.9432062898944
 20
78.29337530602231
 10
107.9432062898944
 20
78.29337530602231
  0
LWPOLYLINE
  5
C25
330
1F
100
AcDbEntity
  8
V PARKING
100
AcDbPolyline
 90
        4
 70
     1
 43
0.0
 10
107.9432062898944
 20
73.2933753060214
 10
105.9432062898944
 20
73.2933753060214
 10
105.9432062898944
 20
74.2933753060214
 10
107.9432062898944
 20
74.2933753060214
  0
LWPOLYLINE
  5
C26
330
1F
100
AcDbEntity
  8
V PARKING
100
AcDbPolyline
 90
        4
 70
     1
 43
0.0
 10
107.9432062898944
 20
74.2933753060214
 10
105.9432062898944
 20
74.2933753060214
 10
105.9432062898944
 20
75.2933753060214
 10
107.9432062898944
 20
75.2933753060214
  0
LWPOLYLINE
  5
C27
330
1F
100
AcDbEntity
  8
V PARKING
100
AcDbPolyline
 90
        4
 70
     1
 43
0.0
 10
107.9432062898944
 20
75.2933753060214
 10
105.9432062898944
 20
75.2933753060214
 10
105.9432062898944
 20
76.29337530602231
 10
107.9432062898944
 20
76.29337530602231
  0
LWPOLYLINE
  5
C28
330
1F
100
AcDbEntity
  8
V PARKING
100
AcDbPolyline
 90
        4
 70
     1
 43
0.0
 10
107.9432062898944
 20
71.29337530602231
 10
105.9432062898944
 20
71.29337530602231
 10
105.9432062898944
 20
72.29337530602141
 10
107.9432062898944
 20
72.29337530602141
  0
LWPOLYLINE
  5
C29
330
1F
100
AcDbEntity
  8
V PARKING
100
AcDbPolyline
 90
        4
 70
     1
 43
0.0
 10
107.9432062898944
 20
72.29337530602141
 10
105.9432062898944
 20
72.29337530602141
 10
105.9432062898944
 20
73.2933753060214
 10
107.9432062898944
 20
73.2933753060214
  0
LWPOLYLINE
  5
C2A
330
1F
100
AcDbEntity
  8
V PARKING
100
AcDbPolyline
 90
        4
 70
     1
 43
0.0
 10
107.9432062898944
 20
68.29337530602231
 10
105.9432062898944
 20
68.29337530602231
 10
105.9432062898944
 20
69.2933753060214
 10
107.9432062898944
 20
69.2933753060214
  0
LWPOLYLINE
  5
C2B
330
1F
100
AcDbEntity
  8
V PARKING
100
AcDbPolyline
 90
        4
 70
     1
 43
0.0
 10
107.9432062898944
 20
69.2933753060214
 10
105.9432062898944
 20
69.2933753060214
 10
105.9432062898944
 20
70.29337530602231
 10
107.9432062898944
 20
70.29337530602231
  0
LWPOLYLINE
  5
C2C
330
1F
100
AcDbEntity
  8
V PARKING
100
AcDbPolyline
 90
        4
 70
     1
 43
0.0
 10
107.9432062898944
 20
70.29337530602231
 10
105.9432062898944
 20
70.29337530602231
 10
105.9432062898944
 20
71.29337530602231
 10
107.9432062898944
 20
71.29337530602231
  0
LWPOLYLINE
  5
C2D
330
1F
100
AcDbEntity
  8
V PARKING
100
AcDbPolyline
 90
        4
 70
     1
 43
0.0
 10
107.9432062898944
 20
66.2933753060214
 10
105.9432062898944
 20
66.2933753060214
 10
105.9432062898944
 20
67.29337530602141
 10
107.9432062898944
 20
67.29337530602141
  0
LWPOLYLINE
  5
C2E
330
1F
100
AcDbEntity
  8
V PARKING
100
AcDbPolyline
 90
        4
 70
     1
 43
0.0
 10
107.9432062898944
 20
67.29337530602141
 10
105.9432062898944
 20
67.29337530602141
 10
105.9432062898944
 20
68.29337530602231
 10
107.9432062898944
 20
68.29337530602231
  0
LWPOLYLINE
  5
C2F
330
1F
100
AcDbEntity
  8
V PARKING
100
AcDbPolyline
 90
        4
 70
     1
 43
0.0
 10
107.9432062898944
 20
63.29337530602232
 10
105.9432062898944
 20
63.29337530602232
 10
105.9432062898944
 20
64.2933753060214
 10
107.9432062898944
 20
64.2933753060214
  0
LWPOLYLINE
  5
C30
330
1F
100
AcDbEntity
  8
V PARKING
100
AcDbPolyline
 90
        4
 70
     1
 43
0.0
 10
107.9432062898944
 20
64.2933753060214
 10
105.9432062898944
 20
64.2933753060214
 10
105.9432062898944
 20
65.2933753060214
 10
107.9432062898944
 20
65.2933753060214
  0
LWPOLYLINE
  5
C31
330
1F
100
AcDbEntity
  8
V PARKING
100
AcDbPolyline
 90
        4
 70
     1
 43
0.0
 10
107.9432062898944
 20
65.2933753060214
 10
105.9432062898944
 20
65.2933753060214
 10
105.9432062898944
 20
66.2933753060214
 10
107.9432062898944
 20
66.2933753060214
  0
LWPOLYLINE
  5
C32
330
1F
100
AcDbEntity
  8
V PARKING
100
AcDbPolyline
 90
        4
 70
     1
 43
0.0
 10
107.9432062898944
 20
61.29337530602141
 10
105.9432062898944
 20
61.29337530602141
 10
105.9432062898944
 20
62.29337530602232
 10
107.9432062898944
 20
62.29337530602232
  0
LWPOLYLINE
  5
C33
330
1F
100
AcDbEntity
  8
V PARKING
100
AcDbPolyline
 90
        4
 70
     1
 43
0.0
 10
107.9432062898944
 20
62.29337530602232
 10
105.9432062898944
 20
62.29337530602232
 10
105.9432062898944
 20
63.29337530602232
 10
107.9432062898944
 20
63.29337530602232
  0
LWPOLYLINE
  5
C34
330
1F
100
AcDbEntity
  8
V PARKING
100
AcDbPolyline
 90
        4
 70
     1
 43
0.0
 10
103.3402876508973
 20
61.81162450075602
 10
103.3402876508973
 20
59.31162450075511
 10
98.3402876508973
 20
59.31162450075511
 10
98.3402876508973
 20
61.81162450075602
  0
LINE
  5
C35
330
1F
100
AcDbEntity
  8
RAMP
100
AcDbLine
 10
73.70121563395523
 20
52.23093118241934
 30
0.0
 11
63.70121563395534
 21
52.23093118241934
 31
0.0
  0
LINE
  5
C36
330
1F
100
AcDbEntity
  8
RAMP
100
AcDbLine
 10
63.71810717308566
 20
54.94093118241938
 30
0.0
 11
65.28272640258947
 21
52.23093118241934
 31
0.0
  0
LINE
  5
C37
330
1F
100
AcDbEntity
  8
RAMP
100
AcDbLine
 10
63.71810717308566
 20
49.52093118241931
 30
0.0
 11
65.28272640258947
 21
52.23093118242026
 31
0.0
  0
LINE
  5
C38
330
1F
100
AcDbEntity
  8
RAMP
100
AcDbLine
 10
65.29961794171973
 20
54.94093118242029
 30
0.0
 11
66.86423717122366
 21
52.23093118241934
 31
0.0
  0
LINE
  5
C39
330
1F
100
AcDbEntity
  8
RAMP
100
AcDbLine
 10
65.29961794171973
 20
49.52093118242022
 30
0.0
 11
66.86423717122366
 21
52.23093118242026
 31
0.0
  0
LINE
  5
C3A
330
1F
100
AcDbEntity
  8
RAMP
100
AcDbLine
 10
66.88112871035392
 20
54.94093118241938
 30
0.0
 11
68.44574793985785
 21
52.23093118241934
 31
0.0
  0
LINE
  5
C3B
330
1F
100
AcDbEntity
  8
RAMP
100
AcDbLine
 10
66.88112871035392
 20
49.52093118241931
 30
0.0
 11
68.44574793985785
 21
52.23093118242026
 31
0.0
  0
LINE
  5
C3C
330
1F
100
AcDbEntity
  8
RAMP
100
AcDbLine
 10
68.46263947898799
 20
54.94093118241938
 30
0.0
 11
70.02725870849193
 21
52.23093118241934
 31
0.0
  0
LINE
  5
C3D
330
1F
100
AcDbEntity
  8
RAMP
100
AcDbLine
 10
68.46263947898799
 20
49.52093118241931
 30
0.0
 11
70.02725870849193
 21
52.23093118242026
 31
0.0
  0
LINE
  5
C3E
330
1F
100
AcDbEntity
  8
RAMP
100
AcDbLine
 10
70.04415024762218
 20
54.94093118241938
 30
0.0
 11
71.608769477126
 21
52.23093118241934
 31
0.0
  0
LINE
  5
C3F
330
1F
100
AcDbEntity
  8
RAMP
100
AcDbLine
 10
70.04415024762218
 20
49.52093118241931
 30
0.0
 11
71.608769477126
 21
52.23093118242026
 31
0.0
  0
LINE
  5
C40
330
1F
100
AcDbEntity
  8
RAMP
100
AcDbLine
 10
71.62566101625637
 20
54.94093118242029
 30
0.0
 11
73.19028024576019
 21
52.23093118241934
 31
0.0
  0
LINE
  5
C41
330
1F
100
AcDbEntity
  8
RAMP
100
AcDbLine
 10
71.62566101625637
 20
49.52093118242022
 30
0.0
 11
73.19028024576019
 21
52.23093118242026
 31
0.0
  0
LINE
  5
C42
330
1F
100
AcDbEntity
  8
RAMP
100
AcDbLine
 10
9.008651106941158
 20
90.94132190730908
 30
0.0
 11
15.00865110694102
 21
90.94132190730908
 31
0.0
  0
LWPOLYLINE
  5
C43
330
1F
100
AcDbEntity
  8
V PARKING
100
AcDbPolyline
 90
        4
 70
     1
 43
0.0
 10
25.71344631374123
 20
61.72527604284312
 10
25.71344631374123
 20
59.22527604284312
 10
20.71344631374123
 20
59.22527604284312
 10
20.71344631374123
 20
61.72527604284312
  0
LINE
  5
C44
330
1F
100
AcDbEntity
  8
ROAD
100
AcDbLine
 10
15.00865110694102
 20
102.9481414431433
 30
0.0
 11
15.00865110694102
 21
90.94132190730908
 31
0.0
  0
LINE
  5
C45
330
1F
100
AcDbEntity
  8
RAMP
100
AcDbLine
 10
115.9788493405578
 20
90.94132190730908
 30
0.0
 11
109.9788493405577
 21
90.94132190730908
 31
0.0
  0
LINE
  5
C46
330
1F
100
AcDbEntity
  8
RAMP
100
AcDbLine
 10
109.9788493405577
 20
60.9413219073091
 30
0.0
 11
112.9788493405578
 21
62.67337271487726
 31
0.0
  0
LINE
  5
C47
330
1F
100
AcDbEntity
  8
RAMP
100
AcDbLine
 10
115.9788493405578
 20
60.9413219073091
 30
0.0
 11
112.9788493405578
 21
62.67337271487726
 31
0.0
  0
LINE
  5
C48
330
1F
100
AcDbEntity
  8
RAMP
100
AcDbLine
 10
109.9788493405577
 20
62.67337271487726
 30
0.0
 11
112.9788493405578
 21
64.40542352244699
 31
0.0
  0
LINE
  5
C49
330
1F
100
AcDbEntity
  8
RAMP
100
AcDbLine
 10
115.9788493405578
 20
62.67337271487726
 30
0.0
 11
112.9788493405578
 21
64.40542352244699
 31
0.0
  0
LINE
  5
C4A
330
1F
100
AcDbEntity
  8
RAMP
100
AcDbLine
 10
109.9788493405577
 20
64.40542352244699
 30
0.0
 11
112.9788493405578
 21
66.13747433001515
 31
0.0
  0
LINE
  5
C4B
330
1F
100
AcDbEntity
  8
RAMP
100
AcDbLine
 10
115.9788493405578
 20
64.40542352244699
 30
0.0
 11
112.9788493405578
 21
66.13747433001515
 31
0.0
  0
LINE
  5
C4C
330
1F
100
AcDbEntity
  8
RAMP
100
AcDbLine
 10
109.9788493405577
 20
66.13747433001515
 30
0.0
 11
112.9788493405578
 21
67.86952513758421
 31
0.0
  0
LINE
  5
C4D
330
1F
100
AcDbEntity
  8
RAMP
100
AcDbLine
 10
115.9788493405578
 20
66.13747433001515
 30
0.0
 11
112.9788493405578
 21
67.86952513758421
 31
0.0
  0
LINE
  5
C4E
330
1F
100
AcDbEntity
  8
RAMP
100
AcDbLine
 10
109.9788493405577
 20
67.86952513758421
 30
0.0
 11
112.9788493405578
 21
69.60157594515306
 31
0.0
  0
LINE
  5
C4F
330
1F
100
AcDbEntity
  8
RAMP
100
AcDbLine
 10
115.9788493405578
 20
67.86952513758421
 30
0.0
 11
112.9788493405578
 21
69.60157594515306
 31
0.0
  0
LINE
  5
C50
330
1F
100
AcDbEntity
  8
RAMP
100
AcDbLine
 10
109.9788493405577
 20
69.60157594515306
 30
0.0
 11
112.9788493405578
 21
71.33362675272213
 31
0.0
  0
LINE
  5
C51
330
1F
100
AcDbEntity
  8
RAMP
100
AcDbLine
 10
115.9788493405578
 20
69.60157594515306
 30
0.0
 11
112.9788493405578
 21
71.33362675272213
 31
0.0
  0
LINE
  5
C52
330
1F
100
AcDbEntity
  8
RAMP
100
AcDbLine
 10
109.9788493405577
 20
71.33362675272213
 30
0.0
 11
112.9788493405578
 21
73.06567756029142
 31
0.0
  0
LINE
  5
C53
330
1F
100
AcDbEntity
  8
RAMP
100
AcDbLine
 10
115.9788493405578
 20
71.33362675272213
 30
0.0
 11
112.9788493405578
 21
73.06567756029142
 31
0.0
  0
LINE
  5
C54
330
1F
100
AcDbEntity
  8
RAMP
100
AcDbLine
 10
109.9788493405577
 20
73.06567756029142
 30
0.0
 11
112.9788493405578
 21
74.79772836785912
 31
0.0
  0
LINE
  5
C55
330
1F
100
AcDbEntity
  8
RAMP
100
AcDbLine
 10
115.9788493405578
 20
73.06567756029142
 30
0.0
 11
112.9788493405578
 21
74.79772836785912
 31
0.0
  0
LINE
  5
C56
330
1F
100
AcDbEntity
  8
RAMP
100
AcDbLine
 10
109.9788493405577
 20
74.79772836785912
 30
0.0
 11
112.9788493405578
 21
76.52977917542796
 31
0.0
  0
LINE
  5
C57
330
1F
100
AcDbEntity
  8
RAMP
100
AcDbLine
 10
115.9788493405578
 20
74.79772836785912
 30
0.0
 11
112.9788493405578
 21
76.52977917542796
 31
0.0
  0
LINE
  5
C58
330
1F
100
AcDbEntity
  8
RAMP
100
AcDbLine
 10
109.9788493405577
 20
76.52977917542796
 30
0.0
 11
112.9788493405578
 21
78.26182998299725
 31
0.0
  0
LINE
  5
C59
330
1F
100
AcDbEntity
  8
RAMP
100
AcDbLine
 10
115.9788493405578
 20
76.52977917542796
 30
0.0
 11
112.9788493405578
 21
78.26182998299725
 31
0.0
  0
LINE
  5
C5A
330
1F
100
AcDbEntity
  8
RAMP
100
AcDbLine
 10
109.9788493405577
 20
78.26182998299725
 30
0.0
 11
112.9788493405578
 21
79.99388079056632
 31
0.0
  0
LINE
  5
C5B
330
1F
100
AcDbEntity
  8
RAMP
100
AcDbLine
 10
115.9788493405578
 20
78.26182998299725
 30
0.0
 11
112.9788493405578
 21
79.99388079056632
 31
0.0
  0
LINE
  5
C5C
330
1F
100
AcDbEntity
  8
RAMP
100
AcDbLine
 10
109.9788493405577
 20
79.99388079056632
 30
0.0
 11
112.9788493405578
 21
81.72593159813516
 31
0.0
  0
LINE
  5
C5D
330
1F
100
AcDbEntity
  8
RAMP
100
AcDbLine
 10
115.9788493405578
 20
79.99388079056632
 30
0.0
 11
112.9788493405578
 21
81.72593159813516
 31
0.0
  0
LINE
  5
C5E
330
1F
100
AcDbEntity
  8
RAMP
100
AcDbLine
 10
109.9788493405577
 20
81.72593159813516
 30
0.0
 11
112.9788493405578
 21
83.45798240570422
 31
0.0
  0
LINE
  5
C5F
330
1F
100
AcDbEntity
  8
RAMP
100
AcDbLine
 10
115.9788493405578
 20
81.72593159813516
 30
0.0
 11
112.9788493405578
 21
83.45798240570422
 31
0.0
  0
LINE
  5
C60
330
1F
100
AcDbEntity
  8
RAMP
100
AcDbLine
 10
109.9788493405577
 20
83.45798240570422
 30
0.0
 11
112.9788493405578
 21
85.1900332132733
 31
0.0
  0
LINE
  5
C61
330
1F
100
AcDbEntity
  8
RAMP
100
AcDbLine
 10
115.9788493405578
 20
83.45798240570422
 30
0.0
 11
112.9788493405578
 21
85.1900332132733
 31
0.0
  0
LINE
  5
C62
330
1F
100
AcDbEntity
  8
RAMP
100
AcDbLine
 10
109.9788493405577
 20
85.1900332132733
 30
0.0
 11
112.9788493405578
 21
86.92208402084123
 31
0.0
  0
LINE
  5
C63
330
1F
100
AcDbEntity
  8
RAMP
100
AcDbLine
 10
115.9788493405578
 20
85.1900332132733
 30
0.0
 11
112.9788493405578
 21
86.92208402084123
 31
0.0
  0
LINE
  5
C64
330
1F
100
AcDbEntity
  8
RAMP
100
AcDbLine
 10
109.9788493405577
 20
86.92208402084123
 30
0.0
 11
112.9788493405578
 21
88.65413482841029
 31
0.0
  0
LINE
  5
C65
330
1F
100
AcDbEntity
  8
RAMP
100
AcDbLine
 10
115.9788493405578
 20
86.92208402084123
 30
0.0
 11
112.9788493405578
 21
88.65413482841029
 31
0.0
  0
LINE
  5
C66
330
1F
100
AcDbEntity
  8
RAMP
100
AcDbLine
 10
109.9788493405577
 20
88.65413482841029
 30
0.0
 11
112.9788493405578
 21
90.38618563597912
 31
0.0
  0
LINE
  5
C67
330
1F
100
AcDbEntity
  8
RAMP
100
AcDbLine
 10
115.9788493405578
 20
88.65413482841029
 30
0.0
 11
112.9788493405578
 21
90.38618563597912
 31
0.0
  0
LINE
  5
C68
330
1F
100
AcDbEntity
  8
RAMP
100
AcDbLine
 10
12.00865110694119
 20
90.94132190730908
 30
0.0
 11
12.00865110694119
 21
60.9413219073091
 31
0.0
  0
LINE
  5
C69
330
1F
100
AcDbEntity
  8
RAMP
100
AcDbLine
 10
9.008651106941158
 20
90.94132190730908
 30
0.0
 11
12.00865110694119
 21
89.20927109974025
 31
0.0
  0
LINE
  5
C6A
330
1F
100
AcDbEntity
  8
RAMP
100
AcDbLine
 10
15.00865110694119
 20
90.94132190730908
 30
0.0
 11
12.00865110694119
 21
89.20927109974025
 31
0.0
  0
LINE
  5
C6B
330
1F
100
AcDbEntity
  8
RAMP
100
AcDbLine
 10
9.008651106941158
 20
89.20927109974025
 30
0.0
 11
12.00865110694119
 21
87.47722029217118
 31
0.0
  0
LINE
  5
C6C
330
1F
100
AcDbEntity
  8
RAMP
100
AcDbLine
 10
15.00865110694119
 20
89.20927109974025
 30
0.0
 11
12.00865110694119
 21
87.47722029217118
 31
0.0
  0
LINE
  5
C6D
330
1F
100
AcDbEntity
  8
RAMP
100
AcDbLine
 10
9.008651106941158
 20
87.47722029217118
 30
0.0
 11
12.00865110694119
 21
85.74516948460233
 31
0.0
  0
LINE
  5
C6E
330
1F
100
AcDbEntity
  8
RAMP
100
AcDbLine
 10
15.00865110694119
 20
87.47722029217118
 30
0.0
 11
12.00865110694119
 21
85.74516948460233
 31
0.0
  0
LINE
  5
C6F
330
1F
100
AcDbEntity
  8
RAMP
100
AcDbLine
 10
9.008651106941158
 20
85.74516948460233
 30
0.0
 11
12.00865110694119
 21
84.01311867703327
 31
0.0
  0
LINE
  5
C70
330
1F
100
AcDbEntity
  8
RAMP
100
AcDbLine
 10
15.00865110694119
 20
85.74516948460233
 30
0.0
 11
12.00865110694119
 21
84.01311867703327
 31
0.0
  0
LINE
  5
C71
330
1F
100
AcDbEntity
  8
RAMP
100
AcDbLine
 10
9.008651106941158
 20
84.01311867703327
 30
0.0
 11
12.00865110694119
 21
82.28106786946511
 31
0.0
  0
LINE
  5
C72
330
1F
100
AcDbEntity
  8
RAMP
100
AcDbLine
 10
15.00865110694119
 20
84.01311867703327
 30
0.0
 11
12.00865110694119
 21
82.28106786946511
 31
0.0
  0
LINE
  5
C73
330
1F
100
AcDbEntity
  8
RAMP
100
AcDbLine
 10
9.008651106941158
 20
82.28106786946511
 30
0.0
 11
12.00865110694119
 21
80.54901706189628
 31
0.0
  0
LINE
  5
C74
330
1F
100
AcDbEntity
  8
RAMP
100
AcDbLine
 10
15.00865110694119
 20
82.28106786946511
 30
0.0
 11
12.00865110694119
 21
80.54901706189628
 31
0.0
  0
LINE
  5
C75
330
1F
100
AcDbEntity
  8
RAMP
100
AcDbLine
 10
9.008651106941158
 20
80.54901706189628
 30
0.0
 11
12.00865110694119
 21
78.81696625432721
 31
0.0
  0
LINE
  5
C76
330
1F
100
AcDbEntity
  8
RAMP
100
AcDbLine
 10
15.00865110694119
 20
80.54901706189628
 30
0.0
 11
12.00865110694119
 21
78.81696625432721
 31
0.0
  0
LINE
  5
C77
330
1F
100
AcDbEntity
  8
RAMP
100
AcDbLine
 10
9.008651106941158
 20
78.81696625432721
 30
0.0
 11
12.00865110694119
 21
77.08491544675837
 31
0.0
  0
LINE
  5
C78
330
1F
100
AcDbEntity
  8
RAMP
100
AcDbLine
 10
15.00865110694119
 20
78.81696625432721
 30
0.0
 11
12.00865110694119
 21
77.08491544675837
 31
0.0
  0
LINE
  5
C79
330
1F
100
AcDbEntity
  8
RAMP
100
AcDbLine
 10
9.008651106941158
 20
77.08491544675837
 30
0.0
 11
12.00865110694119
 21
75.3528646391893
 31
0.0
  0
LINE
  5
C7A
330
1F
100
AcDbEntity
  8
RAMP
100
AcDbLine
 10
15.00865110694119
 20
77.08491544675837
 30
0.0
 11
12.00865110694119
 21
75.3528646391893
 31
0.0
  0
LINE
  5
C7B
330
1F
100
AcDbEntity
  8
RAMP
100
AcDbLine
 10
9.008651106941158
 20
75.3528646391893
 30
0.0
 11
12.00865110694119
 21
73.62081383162001
 31
0.0
  0
LINE
  5
C7C
330
1F
100
AcDbEntity
  8
RAMP
100
AcDbLine
 10
15.00865110694119
 20
75.3528646391893
 30
0.0
 11
12.00865110694119
 21
73.62081383162001
 31
0.0
  0
LINE
  5
C7D
330
1F
100
AcDbEntity
  8
RAMP
100
AcDbLine
 10
9.008651106941158
 20
73.62081383162001
 30
0.0
 11
12.00865110694119
 21
71.88876302405231
 31
0.0
  0
LINE
  5
C7E
330
1F
100
AcDbEntity
  8
RAMP
100
AcDbLine
 10
15.00865110694119
 20
73.62081383162001
 30
0.0
 11
12.00865110694119
 21
71.88876302405231
 31
0.0
  0
LINE
  5
C7F
330
1F
100
AcDbEntity
  8
RAMP
100
AcDbLine
 10
9.008651106941158
 20
71.88876302405231
 30
0.0
 11
12.00865110694119
 21
70.15671221648301
 31
0.0
  0
LINE
  5
C80
330
1F
100
AcDbEntity
  8
RAMP
100
AcDbLine
 10
15.00865110694119
 20
71.88876302405231
 30
0.0
 11
12.00865110694119
 21
70.15671221648301
 31
0.0
  0
LINE
  5
C81
330
1F
100
AcDbEntity
  8
RAMP
100
AcDbLine
 10
9.008651106941158
 20
70.15671221648301
 30
0.0
 11
12.00865110694119
 21
68.42466140891417
 31
0.0
  0
LINE
  5
C82
330
1F
100
AcDbEntity
  8
RAMP
100
AcDbLine
 10
15.00865110694119
 20
70.15671221648301
 30
0.0
 11
12.00865110694119
 21
68.42466140891417
 31
0.0
  0
LINE
  5
C83
330
1F
100
AcDbEntity
  8
RAMP
100
AcDbLine
 10
9.008651106941158
 20
68.42466140891417
 30
0.0
 11
12.00865110694119
 21
66.69261060134511
 31
0.0
  0
LINE
  5
C84
330
1F
100
AcDbEntity
  8
RAMP
100
AcDbLine
 10
15.00865110694119
 20
68.42466140891417
 30
0.0
 11
12.00865110694119
 21
66.69261060134511
 31
0.0
  0
LINE
  5
C85
330
1F
100
AcDbEntity
  8
RAMP
100
AcDbLine
 10
9.008651106941158
 20
66.69261060134511
 30
0.0
 11
12.00865110694119
 21
64.96055979377604
 31
0.0
  0
LINE
  5
C86
330
1F
100
AcDbEntity
  8
RAMP
100
AcDbLine
 10
15.00865110694119
 20
66.69261060134511
 30
0.0
 11
12.00865110694119
 21
64.96055979377604
 31
0.0
  0
LINE
  5
C87
330
1F
100
AcDbEntity
  8
RAMP
100
AcDbLine
 10
9.008651106941158
 20
64.96055979377604
 30
0.0
 11
12.00865110694119
 21
63.22850898620721
 31
0.0
  0
LINE
  5
C88
330
1F
100
AcDbEntity
  8
RAMP
100
AcDbLine
 10
15.00865110694119
 20
64.96055979377604
 30
0.0
 11
12.00865110694119
 21
63.22850898620721
 31
0.0
  0
LINE
  5
C89
330
1F
100
AcDbEntity
  8
RAMP
100
AcDbLine
 10
9.008651106941158
 20
63.22850898620721
 30
0.0
 11
12.00865110694119
 21
61.49645817863814
 31
0.0
  0
LINE
  5
C8A
330
1F
100
AcDbEntity
  8
RAMP
100
AcDbLine
 10
15.00865110694119
 20
63.22850898620721
 30
0.0
 11
12.00865110694119
 21
61.49645817863814
 31
0.0
  0
LINE
  5
C8B
330
1F
100
AcDbEntity
  8
forms
100
AcDbLine
 10
19.81999279970014
 20
82.07743573897108
 30
0.0
 11
19.8199927997002
 21
58.29090744811732
 31
0.0
  0
LINE
  5
C8C
330
1F
100
AcDbEntity
  8
forms
100
AcDbLine
 10
25.8215041124794
 20
58.29090744811732
 30
0.0
 11
15.38000353397731
 21
58.29090744811732
 31
0.0
  0
LINE
  5
C8D
330
1F
100
AcDbEntity
  8
forms
100
AcDbLine
 10
26.05150411247937
 20
58.29090744811732
 30
0.0
 11
26.05182553250515
 21
49.44108211551942
 31
0.0
  0
LINE
  5
C8E
330
1F
100
AcDbEntity
  8
RAMP
100
AcDbLine
 10
15.45300805627752
 20
49.44069717321225
 30
0.0
 11
9.008651106941158
 21
49.44069717321225
 31
0.0
  0
INSERT
  5
C8F
330
1F
100
AcDbEntity
  8
car
100
AcDbBlockReference
  2
02PCAR12
 10
68.52355162098096
 20
83.90271175423629
 30
0.0
 41
-0.0230019081927322
 42
0.0230019081927322
 43
0.0230019081927322
 50
180.0
1001
_KTI_ARCHT
1000

1001
ADE
1000

1001
PE_URL
1000

  0
INSERT
  5
C90
330
1F
100
AcDbEntity
  8
car
100
AcDbBlockReference
  2
02PCAR12
 10
52.33289895959521
 20
80.63031775153319
 30
0.0
 41
-0.0230019081927322
 42
0.0230019081927322
 43
0.0230019081927322
 50
180.0
1001
_KTI_ARCHT
1000

1001
ADE
1000

1001
PE_URL
1000

  0
ENDSEC
  0
SECTION
  2
OBJECTS
  0
DICTIONARY
  5
C
330
0
100
AcDbDictionary
281
     1
  3
ACAD_CIP_PREVIOUS_PRODUCT_INFO
350
1A5
  3
ACAD_COLOR
350
73
  3
ACAD_DETAILVIEWSTYLE
350
1AB
  3
ACAD_GROUP
350
D
  3
ACAD_LAST_SAVED_VERSION_INFO
350
C91
  3
ACAD_LAYOUT
350
1A
  3
ACAD_MATERIAL
350
72
  3
ACAD_MLEADERSTYLE
350
D7
  3
ACAD_MLINESTYLE
350
17
  3
ACAD_PLOTSETTINGS
350
19
  3
ACAD_PLOTSTYLENAME
350
E
  3
ACAD_SCALELIST
350
B6
  3
ACAD_SECTIONVIEWSTYLE
350
1A8
  3
ACAD_TABLESTYLE
350
86
  3
ACAD_VISUALSTYLE
350
99
  3
ACDB_RECOMPOSE_DATA
350
C93
  3
AcDbVariableDictionary
350
66
  0
DICTIONARY
  5
18E
330
2
100
AcDbDictionary
280
     1
281
     1
  3
ACAD_LAYERSTATES
360
18F
  0
DICTIONARY
  5
E6
330
10
100
AcDbDictionary
280
     1
281
     1
  0
DICTIONARY
  5
2A4
330
2A3
100
AcDbDictionary
280
     1
281
     1
  0
DICTIONARY
  5
2A8
330
2A7
100
AcDbDictionary
280
     1
281
     1
  0
DICTIONARY
  5
2AD
330
2AC
100
AcDbDictionary
280
     1
281
     1
  0
DICTIONARY
  5
2B0
330
2AF
100
AcDbDictionary
280
     1
281
     1
  0
DICTIONARY
  5
2B3
330
2B2
100
AcDbDictionary
280
     1
281
     1
  0
DICTIONARY
  5
15D
330
1F
100
AcDbDictionary
280
     1
281
     1
  0
XRECORD
  5
1A5
102
{ACAD_REACTORS
330
C
102
}
330
C
100
AcDbXrecord
280
     1
300
ACD
300
2025
300

  0
DICTIONARY
  5
73
102
{ACAD_REACTORS
330
C
102
}
330
C
100
AcDbDictionary
281
     1
  0
DICTIONARY
  5
1AB
102
{ACAD_REACTORS
330
C
102
}
330
C
100
AcDbDictionary
281
     1
  3
Imperial24
350
1AC
  3
Metric50
350
2BC
  0
DICTIONARY
  5
D
102
{ACAD_REACTORS
330
C
102
}
330
C
100
AcDbDictionary
281
     1
  0
XRECORD
  5
C91
102
{ACAD_REACTORS
330
C
102
}
330
C
100
AcDbXrecord
280
     1
300
{EFE699D7-8453-2D4F-A526-BD2DDA4413AF}
301
{0CC008F1-93CE-6E4F-9B34-DB7F0723C50B}
302
{EFE699D7-8453-2D4F-A526-BD2DDA4413AF}
303
C:\Users\Sakshi\Desktop\shriya_final\podium-architecture.dxf
  0
DICTIONARY
  5
1A
102
{ACAD_REACTORS
330
C
102
}
330
C
100
AcDbDictionary
281
     1
  3
Layout1
350
59
  3
Layout2
350
5E
  3
Model
350
22
  0
DICTIONARY
  5
72
102
{ACAD_REACTORS
330
C
102
}
330
C
100
AcDbDictionary
281
     1
  3
ByBlock
350
97
  3
ByLayer
350
96
  3
Global
350
98
  0
DICTIONARY
  5
D7
102
{ACAD_REACTORS
330
C
102
}
330
C
100
AcDbDictionary
281
     1
  3
Annotative
350
E5
  3
Standard
350
D8
  0
DICTIONARY
  5
17
102
{ACAD_REACTORS
330
C
102
}
330
C
100
AcDbDictionary
281
     1
  3
Standard
350
18
  0
DICTIONARY
  5
19
102
{ACAD_REACTORS
330
C
102
}
330
C
100
AcDbDictionary
281
     1
  0
ACDBDICTIONARYWDFLT
  5
E
102
{ACAD_REACTORS
330
C
102
}
330
C
100
AcDbDictionary
281
     1
  3
Normal
350
F
100
AcDbDictionaryWithDefault
340
F
  0
DICTIONARY
  5
B6
102
{ACAD_REACTORS
330
C
102
}
330
C
100
AcDbDictionary
281
     1
  3
A0
350
B7
  3
A1
350
124
  3
A2
350
125
  3
A3
350
126
  3
A4
350
127
  3
A5
350
128
  3
A6
350
129
  3
A7
350
12A
  3
A8
350
12B
  3
A9
350
12C
  3
B0
350
12D
  3
B1
350
12E
  3
B2
350
12F
  3
B3
350
130
  3
B4
350
131
  3
B5
350
132
  3
B6
350
133
  3
B7
350
134
  3
B8
350
135
  3
B9
350
136
  3
C0
350
137
  3
C1
350
138
  3
C2
350
139
  3
C3
350
13A
  3
C4
350
13B
  3
C5
350
13C
  3
C6
350
13D
  3
C7
350
13E
  3
C8
350
13F
  3
C9
350
140
  3
D0
350
141
  3
D1
350
142
  3
D2
350
143
  0
DICTIONARY
  5
1A8
102
{ACAD_REACTORS
330
C
102
}
330
C
100
AcDbDictionary
281
     1
  3
Imperial24
350
1AA
  3
Metric50
350
2BB
  0
DICTIONARY
  5
86
102
{ACAD_REACTORS
330
C
102
}
330
C
100
AcDbDictionary
281
     1
  3
Standard
350
87
  0
DICTIONARY
  5
99
102
{ACAD_REACTORS
330
C
102
}
330
C
100
AcDbDictionary
281
     1
  3
2dWireframe
350
9F
  3
Basic
350
9E
  3
Brighten
350
A5
  3
ColorChange
350
A9
  3
Conceptual
350
A2
  3
Dim
350
A4
  3
EdgeColorOff
350
175
  3
Facepattern
350
A8
  3
Flat
350
9A
  3
FlatWithEdges
350
9B
  3
Gouraud
350
9C
  3
GouraudWithEdges
350
9D
  3
Hidden
350
A1
  3
JitterOff
350
173
  3
Linepattern
350
A7
  3
OverhangOff
350
174
  3
Realistic
350
A3
  3
Shaded
350
182
  3
Shaded with edges
350
181
  3
Shades of Gray
350
17E
  3
Sketchy
350
17F
  3
Thicken
350
A6
  3
Wireframe
350
A0
  3
X-Ray
350
180
  0
XRECORD
  5
C93
102
{ACAD_REACTORS
330
C
102
}
330
C
100
AcDbXrecord
280
     1
 90
        1
330
87
  0
DICTIONARY
  5
66
102
{ACAD_REACTORS
330
C
102
}
330
C
100
AcDbDictionary
281
     1
  3
CANNOSCALE
350
F0
  3
CMLEADERSTYLE
350
EF
  3
CTABLESTYLE
350
89
  3
CVIEWDETAILSTYLE
350
1B7
  3
CVIEWSECTIONSTYLE
350
1B8
  3
DIMASSOC
350
67
  3
HIDETEXT
350
6B
  3
LAYEREVAL
350
14D
  3
LAYERNOTIFY
350
14E
  0
DICTIONARY
  5
18F
102
{ACAD_REACTORS
330
18E
102
}
330
18E
100
AcDbDictionary
281
     1
  0
ACDBDETAILVIEWSTYLE
  5
1AC
102
{ACAD_REACTORS
330
1AB
102
}
330
1AB
100
AcDbModelDocViewStyle
 70
     0
  3
Imperial24
290
     0
300
Imperial24
 90
        0
100
AcDbDetailViewStyle
 70
     0
 71
     0
 90
        3
 71
     1
340
11
 62
   256
 40
0.24
340
0
 62
   256
 40
0.24
300

 40
0.36
280
     3
 71
     2
340
16
 90
       25
 62
   256
 71
     3
340
11
 62
   256
 40
0.24
 90
        1
 40
0.75
 90
        1
300
%<\AcVar ViewType \f "%tc1">% %<\AcVar ViewDetailId>%\PSCALE %<\AcVar ViewScale \f "%sn">%
 71
     4
340
16
 90
       25
 62
   256
340
16
 90
       25
 62
   256
280
     0
  0
ACDBDETAILVIEWSTYLE
  5
2BC
102
{ACAD_REACTORS
330
1AB
102
}
330
1AB
100
AcDbModelDocViewStyle
 70
     0
  3
Metric50
290
     0
300
Metric50
 90
        0
100
AcDbDetailViewStyle
 70
     0
 71
     0
 90
        3
 71
     1
340
11
 62
   256
 40
5.0
340
0
 62
   256
 40
5.0
300

 40
0.0
280
     1
 71
     2
340
16
 90
       25
 62
   256
 71
     3
340
11
 62
   256
 40
5.0
 90
        0
 40
15.0
 90
        1
300
%<\AcVar ViewDetailId>% (%<\AcVar ViewScale \f "%sn">%)
 71
     4
340
16
 90
       25
 62
   256
340
16
 90
       25
 62
   256
280
     0
  0
LAYOUT
  5
59
102
{ACAD_REACTORS
330
1A
102
}
330
1A
100
AcDbPlotSettings
  1

  2
None
  4

  6

 40
0.0
 41
0.0
 42
0.0
 43
0.0
 44
0.0
 45
0.0
 46
0.0
 47
0.0
 48
0.0
 49
0.0
140
0.0
141
0.0
142
1.0
143
1.0
 70
   688
 72
     0
 73
     0
 74
     5
  7

 75
    16
147
1.0
 76
     0
 77
     2
 78
   300
148
0.0
149
0.0
100
AcDbLayout
  1
Layout1
 70
     1
 71
     1
 10
0.0
 20
0.0
 11
12.0
 21
9.0
 12
0.0
 22
0.0
 32
0.0
 14
0.0
 24
0.0
 34
0.0
 15
0.0
 25
0.0
 35
0.0
146
0.0
 13
0.0
 23
0.0
 33
0.0
 16
1.0
 26
0.0
 36
0.0
 17
0.0
 27
1.0
 37
0.0
 76
     0
330
58
  0
LAYOUT
  5
5E
102
{ACAD_REACTORS
330
1A
102
}
330
1A
100
AcDbPlotSettings
  1

  2
None
  4

  6

 40
0.0
 41
0.0
 42
0.0
 43
0.0
 44
0.0
 45
0.0
 46
0.0
 47
0.0
 48
0.0
 49
0.0
140
0.0
141
0.0
142
1.0
143
1.0
 70
   688
 72
     0
 73
     0
 74
     5
  7

 75
    16
147
1.0
 76
     0
 77
     2
 78
   300
148
0.0
149
0.0
100
AcDbLayout
  1
Layout2
 70
     1
 71
     2
 10
0.0
 20
0.0
 11
12.0
 21
9.0
 12
0.0
 22
0.0
 32
0.0
 14
0.0
 24
0.0
 34
0.0
 15
0.0
 25
0.0
 35
0.0
146
0.0
 13
0.0
 23
0.0
 33
0.0
 16
1.0
 26
0.0
 36
0.0
 17
0.0
 27
1.0
 37
0.0
 76
     0
330
5D
  0
LAYOUT
  5
22
102
{ACAD_XDICTIONARY
360
194
102
}
102
{ACAD_REACTORS
330
1A
102
}
330
1A
100
AcDbPlotSettings
  1

  2
none_device
  4
ANSI_A_(8.50_x_11.00_Inches)
  6

 40
6.349999904632568
 41
19.04999923706055
 42
6.350006103515625
 43
19.04998779296875
 44
215.8999938964844
 45
279.3999938964844
 46
0.0
 47
0.0
 48
0.0
 49
0.0
140
0.0
141
0.0
142
1.0
143
2.584895464708373
 70
 11952
 72
     0
 73
     1
 74
     0
  7

 75
     0
147
0.3868628397755418
 76
     0
 77
     2
 78
   300
148
0.0
149
0.0
100
AcDbLayout
  1
Model
 70
     1
 71
     0
 10
0.0
 20
0.0
 11
12.0
 21
9.0
 12
0.0
 22
0.0
 32
0.0
 14
0.0
 24
0.0
 34
0.0
 15
0.0
 25
0.0
 35
0.0
146
0.0
 13
0.0
 23
0.0
 33
0.0
 16
1.0
 26
0.0
 36
0.0
 17
0.0
 27
1.0
 37
0.0
 76
     0
330
1F
331
94
  0
MATERIAL
  5
97
102
{ACAD_XDICTIONARY
360
188
102
}
102
{ACAD_REACTORS
330
72
102
}
330
72
100
AcDbMaterial
  1
ByBlock
 94
       63
  0
MATERIAL
  5
96
102
{ACAD_XDICTIONARY
360
186
102
}
102
{ACAD_REACTORS
330
72
102
}
330
72
100
AcDbMaterial
  1
ByLayer
 94
       63
  0
MATERIAL
  5
98
102
{ACAD_XDICTIONARY
360
110
102
}
102
{ACAD_REACTORS
330
72
102
}
330
72
100
AcDbMaterial
  1
Global
 43
0.0208000000566244
 43
0.0
 43
0.0
 43
0.0
 43
0.0
 43
0.0208000000566244
 43
0.0
 43
0.0
 43
0.0
 43
0.0
 43
1.0
 43
0.0
 43
0.0
 43
0.0
 43
0.0
 43
1.0
 49
0.0208000000566244
 49
0.0
 49
0.0
 49
0.0
 49
0.0
 49
0.0208000000566244
 49
0.0
 49
0.0
 49
0.0
 49
0.0
 49
1.0
 49
0.0
 49
0.0
 49
0.0
 49
0.0
 49
1.0
142
0.0208000000566244
142
0.0
142
0.0
142
0.0
142
0.0
142
0.0208000000566244
142
0.0
142
0.0
142
0.0
142
0.0
142
1.0
142
0.0
142
0.0
142
0.0
142
0.0
142
1.0
144
0.0208000000566244
144
0.0
144
0.0
144
0.0
144
0.0
144
0.0208000000566244
144
0.0
144
0.0
144
0.0
144
0.0
144
1.0
144
0.0
144
0.0
144
0.0
144
0.0
144
1.0
 94
       63
1001
ACAD
1070
    -1
1070
     3
1070
     0
1000

1071
        0
1070
     0
  0
MLEADERSTYLE
  5
E5
102
{ACAD_REACTORS
330
D7
102
}
330
D7
100
AcDbMLeaderStyle
179
     2
170
     2
171
     1
172
     0
 90
        2
 40
0.0
 41
0.0
173
     1
 91
-1056964608
340
14
 92
       -2
290
     1
 42
0.09
291
     1
 43
0.36
  3
Standard
 44
0.18
300

342
11
174
     1
178
     1
175
     1
176
     0
 93
-1056964608
 45
0.18
292
     0
297
     0
 46
0.18
 94
-1056964608
 47
1.0
 49
1.0
140
1.0
293
     1
141
0.0
294
     1
177
     0
142
1.0
295
     0
296
     1
143
0.125
271
     0
272
     9
273
     9
298
     0
  0
MLEADERSTYLE
  5
D8
102
{ACAD_REACTORS
330
D7
102
}
330
D7
100
AcDbMLeaderStyle
179
     2
170
     2
171
     1
172
     0
 90
        2
 40
0.0
 41
0.0
173
     1
 91
-1056964608
340
14
 92
       -2
290
     1
 42
0.09
291
     1
 43
0.36
  3
Standard
 44
0.18
300

342
11
174
     1
178
     1
175
     1
176
     0
 93
-1056964608
 45
0.18
292
     0
297
     0
 46
0.18
 94
-1056964608
 47
1.0
 49
1.0
140
1.0
293
     1
141
0.0
294
     1
177
     0
142
1.0
295
     0
296
     0
143
0.125
271
     0
272
     9
273
     9
298
     0
  0
MLINESTYLE
  5
18
102
{ACAD_REACTORS
330
17
102
}
330
17
100
AcDbMlineStyle
  2
STANDARD
 70
     0
  3

 62
   256
 51
90.0
 52
90.0
 71
     2
 49
0.5
 62
   256
  6
BYLAYER
 49
-0.5
 62
   256
  6
BYLAYER
  0
ACDBPLACEHOLDER
  5
F
102
{ACAD_REACTORS
330
E
102
}
330
E
  0
SCALE
  5
B7
102
{ACAD_REACTORS
330
B6
102
}
330
B6
100
AcDbScale
 70
     0
300
1:1
140
1.0
141
1.0
290
     1
  0
SCALE
  5
124
102
{ACAD_REACTORS
330
B6
102
}
330
B6
100
AcDbScale
 70
     0
300
1:2
140
1.0
141
2.0
290
     0
  0
SCALE
  5
125
102
{ACAD_REACTORS
330
B6
102
}
330
B6
100
AcDbScale
 70
     0
300
1:4
140
1.0
141
4.0
290
     0
  0
SCALE
  5
126
102
{ACAD_REACTORS
330
B6
102
}
330
B6
100
AcDbScale
 70
     0
300
1:5
140
1.0
141
5.0
290
     0
  0
SCALE
  5
127
102
{ACAD_REACTORS
330
B6
102
}
330
B6
100
AcDbScale
 70
     0
300
1:8
140
1.0
141
8.0
290
     0
  0
SCALE
  5
128
102
{ACAD_REACTORS
330
B6
102
}
330
B6
100
AcDbScale
 70
     0
300
1:10
140
1.0
141
10.0
290
     0
  0
SCALE
  5
129
102
{ACAD_REACTORS
330
B6
102
}
330
B6
100
AcDbScale
 70
     0
300
1:16
140
1.0
141
16.0
290
     0
  0
SCALE
  5
12A
102
{ACAD_REACTORS
330
B6
102
}
330
B6
100
AcDbScale
 70
     0
300
1:20
140
1.0
141
20.0
290
     0
  0
SCALE
  5
12B
102
{ACAD_REACTORS
330
B6
102
}
330
B6
100
AcDbScale
 70
     0
300
1:30
140
1.0
141
30.0
290
     0
  0
SCALE
  5
12C
102
{ACAD_REACTORS
330
B6
102
}
330
B6
100
AcDbScale
 70
     0
300
1:40
140
1.0
141
40.0
290
     0
  0
SCALE
  5
12D
102
{ACAD_REACTORS
330
B6
102
}
330
B6
100
AcDbScale
 70
     0
300
1:50
140
1.0
141
50.0
290
     0
  0
SCALE
  5
12E
102
{ACAD_REACTORS
330
B6
102
}
330
B6
100
AcDbScale
 70
     0
300
1:100
140
1.0
141
100.0
290
     0
  0
SCALE
  5
12F
102
{ACAD_REACTORS
330
B6
102
}
330
B6
100
AcDbScale
 70
     0
300
2:1
140
2.0
141
1.0
290
     0
  0
SCALE
  5
130
102
{ACAD_REACTORS
330
B6
102
}
330
B6
100
AcDbScale
 70
     0
300
4:1
140
4.0
141
1.0
290
     0
  0
SCALE
  5
131
102
{ACAD_REACTORS
330
B6
102
}
330
B6
100
AcDbScale
 70
     0
300
8:1
140
8.0
141
1.0
290
     0
  0
SCALE
  5
132
102
{ACAD_REACTORS
330
B6
102
}
330
B6
100
AcDbScale
 70
     0
300
10:1
140
10.0
141
1.0
290
     0
  0
SCALE
  5
133
102
{ACAD_REACTORS
330
B6
102
}
330
B6
100
AcDbScale
 70
     0
300
100:1
140
100.0
141
1.0
290
     0
  0
SCALE
  5
134
102
{ACAD_REACTORS
330
B6
102
}
330
B6
100
AcDbScale
 70
     0
300
1/128" = 1'-0"
140
0.0078125
141
12.0
290
     0
  0
SCALE
  5
135
102
{ACAD_REACTORS
330
B6
102
}
330
B6
100
AcDbScale
 70
     0
300
1/64" = 1'-0"
140
0.015625
141
12.0
290
     0
  0
SCALE
  5
136
102
{ACAD_REACTORS
330
B6
102
}
330
B6
100
AcDbScale
 70
     0
300
1/32" = 1'-0"
140
0.03125
141
12.0
290
     0
  0
SCALE
  5
137
102
{ACAD_REACTORS
330
B6
102
}
330
B6
100
AcDbScale
 70
     0
300
1/16" = 1'-0"
140
0.0625
141
12.0
290
     0
  0
SCALE
  5
138
102
{ACAD_REACTORS
330
B6
102
}
330
B6
100
AcDbScale
 70
     0
300
3/32" = 1'-0"
140
0.09375
141
12.0
290
     0
  0
SCALE
  5
139
102
{ACAD_REACTORS
330
B6
102
}
330
B6
100
AcDbScale
 70
     0
300
1/8" = 1'-0"
140
0.125
141
12.0
290
     0
  0
SCALE
  5
13A
102
{ACAD_REACTORS
330
B6
102
}
330
B6
100
AcDbScale
 70
     0
300
3/16" = 1'-0"
140
0.1875
141
12.0
290
     0
  0
SCALE
  5
13B
102
{ACAD_REACTORS
330
B6
102
}
330
B6
100
AcDbScale
 70
     0
300
1/4" = 1'-0"
140
0.25
141
12.0
290
     0
  0
SCALE
  5
13C
102
{ACAD_REACTORS
330
B6
102
}
330
B6
100
AcDbScale
 70
     0
300
3/8" = 1'-0"
140
0.375
141
12.0
290
     0
  0
SCALE
  5
13D
102
{ACAD_REACTORS
330
B6
102
}
330
B6
100
AcDbScale
 70
     0
300
1/2" = 1'-0"
140
0.5
141
12.0
290
     0
  0
SCALE
  5
13E
102
{ACAD_REACTORS
330
B6
102
}
330
B6
100
AcDbScale
 70
     0
300
3/4" = 1'-0"
140
0.75
141
12.0
290
     0
  0
SCALE
  5
13F
102
{ACAD_REACTORS
330
B6
102
}
330
B6
100
AcDbScale
 70
     0
300
1" = 1'-0"
140
1.0
141
12.0
290
     0
  0
SCALE
  5
140
102
{ACAD_REACTORS
330
B6
102
}
330
B6
100
AcDbScale
 70
     0
300
1-1/2" = 1'-0"
140
1.5
141
12.0
290
     0
  0
SCALE
  5
141
102
{ACAD_REACTORS
330
B6
102
}
330
B6
100
AcDbScale
 70
     0
300
3" = 1'-0"
140
3.0
141
12.0
290
     0
  0
SCALE
  5
142
102
{ACAD_REACTORS
330
B6
102
}
330
B6
100
AcDbScale
 70
     0
300
6" = 1'-0"
140
6.0
141
12.0
290
     0
  0
SCALE
  5
143
102
{ACAD_REACTORS
330
B6
102
}
330
B6
100
AcDbScale
 70
     0
300
1'-0" = 1'-0"
140
12.0
141
12.0
290
     0
  0
ACDBSECTIONVIEWSTYLE
  5
1AA
102
{ACAD_REACTORS
330
1A8
102
}
330
1A8
100
AcDbModelDocViewStyle
 70
     0
  3
Imperial24
290
     0
300
Imperial24
 90
        0
100
AcDbSectionViewStyle
 70
     0
 71
     0
 90
       78
 71
     1
340
11
 62
   256
 40
0.24
340
0
340
0
 62
   256
 40
0.24
300
I, O, Q, S, X, Z
 40
0.48
 90
        3
 40
0.18
 90
        1
 71
     2
340
16
 90
       25
 62
   256
340
16
 90
       50
 62
   256
 40
0.24
 40
0.0
 40
0.24
 71
     3
340
11
 62
   256
 40
0.24
 90
        1
 40
0.75
 90
        1
300
%<\AcVar ViewType \f "%tc1">% %<\AcVar ViewSectionStartId>%-%<\AcVar ViewSectionEndId>%\PSCALE %<\AcVar ViewScale \f "%sn">%
 71
     4
 62
   256
 62
   257
300
ANSI31
 40
1.0
 90
        0
290
     0
290
     0
 90
        6
 40
0.0
 40
1.570796326794896
 40
0.2617993877991494
 40
1.308996938995747
 40
-0.2617993877991494
 40
1.832595714594046
  0
ACDBSECTIONVIEWSTYLE
  5
2BB
102
{ACAD_REACTORS
330
1A8
102
}
330
1A8
100
AcDbModelDocViewStyle
 70
     0
  3
Metric50
290
     0
300
Metric50
 90
        0
100
AcDbSectionViewStyle
 70
     0
 71
     0
 90
      102
 71
     1
340
11
 62
   256
 40
5.0
340
0
340
0
 62
   256
 40
5.0
300
I, O, Q, S, X, Z
 40
10.0
 90
        0
 40
2.5
 90
        0
 71
     2
340
16
 90
       25
 62
   256
340
16
 90
       50
 62
   256
 40
5.0
 40
2.5
 40
5.0
 71
     3
340
11
 62
   256
 40
5.0
 90
        0
 40
15.0
 90
        1
300
%<\AcVar ViewSectionStartId>%-%<\AcVar ViewSectionEndId>% (%<\AcVar ViewScale \f "%sn">%)
 71
     4
 62
   256
 62
   257
300
ANSI31
 40
1.0
 90
        0
290
     0
290
     0
 90
        6
 40
0.0
 40
1.570796326794896
 40
0.2617993877991494
 40
1.308996938995747
 40
-0.2617993877991494
 40
1.832595714594046
  0
TABLESTYLE
  5
87
102
{ACAD_XDICTIONARY
360
104
102
}
102
{ACAD_REACTORS
330
86
102
}
330
86
100
AcDbTableStyle
280
     0
  3
Standard
 70
     0
 71
     0
 40
0.06
 41
0.06
280
     0
281
     0
  7
Standard
140
0.18
170
     2
 62
     0
 63
     7
283
     0
 90
      512
 91
        0
  1

274
    -2
284
     1
 64
     0
275
    -2
285
     1
 65
     0
276
    -2
286
     1
 66
     0
277
    -2
287
     1
 67
     0
278
    -2
288
     1
 68
     0
279
    -2
289
     1
 69
     0
  7
Standard
140
0.25
170
     5
 62
     0
 63
     7
283
     0
 90
      512
 91
        0
  1

274
    -2
284
     1
 64
     0
275
    -2
285
     1
 65
     0
276
    -2
286
     1
 66
     0
277
    -2
287
     1
 67
     0
278
    -2
288
     1
 68
     0
279
    -2
289
     1
 69
     0
  7
Standard
140
0.18
170
     5
 62
     0
 63
     7
283
     0
 90
      512
 91
        0
  1

274
    -2
284
     1
 64
     0
275
    -2
285
     1
 65
     0
276
    -2
286
     1
 66
     0
277
    -2
287
     1
 67
     0
278
    -2
288
     1
 68
     0
279
    -2
289
     1
 69
     0
  0
VISUALSTYLE
  5
9F
102
{ACAD_REACTORS
330
99
102
}
330
99
100
AcDbVisualStyle
  2
2dWireframe
 70
     4
177
     3
291
     0
 70
    58
 90
        0
176
     1
 90
        2
176
     1
 90
        1
176
     1
 90
        0
176
     1
 40
0.6
176
     1
 40
30.0
176
     1
 62
     7
420
 16777215
176
     1
 90
        1
176
     1
 90
        4
176
     1
 62
     7
176
     1
 62
   257
176
     1
 90
        1
176
     1
 90
        1
176
     1
 40
1.0
176
     1
 90
        0
176
     1
 62
   257
176
     1
 40
1.0
176
     1
 90
        1
176
     1
 90
        6
176
     1
 90
        2
176
     1
 62
     7
176
     1
 90
        5
176
     1
 90
        0
176
     1
 90
        0
176
     1
290
     0
176
     1
 90
        1
176
     1
 40
0.0
176
     1
 90
        0
176
     1
290
     1
176
     1
290
     1
176
     1
290
     0
176
     1
290
     0
176
     1
290
     0
176
     1
290
     0
176
     1
290
     0
176
     1
290
     0
176
     1
290
     0
176
     1
 90
       50
176
     1
 40
0.0
176
     1
 40
1.0
176
     1
 90
        0
176
     1
 62
    18
420
        0
176
     1
 90
       50
176
     1
 90
        3
176
     1
 62
     5
420
      255
176
     1
290
     0
176
     1
 90
       50
176
     1
 90
       50
176
     1
 90
       50
176
     1
290
     0
176
     1
 90
       50
176
     1
 62
   256
176
     0
 40
1.0
176
     0
 90
        2
176
     1
  1
strokes_ogs.tif
176
     1
290
     0
176
     1
 40
1.0
176
     1
 40
1.0
176
     1
  0
VISUALSTYLE
  5
9E
102
{ACAD_REACTORS
330
99
102
}
330
99
100
AcDbVisualStyle
  2
Basic
 70
     7
177
     3
291
     1
 70
    58
 90
        1
176
     1
 90
        0
176
     1
 90
        1
176
     1
 90
        0
176
     1
 40
0.6
176
     1
 40
30.0
176
     1
 62
     7
420
 16777215
176
     1
 90
        0
176
     1
 90
        4
176
     1
 62
     7
176
     1
 62
   257
176
     1
 90
        1
176
     1
 90
        1
176
     1
 40
1.0
176
     1
 90
        8
176
     1
 62
     7
176
     1
 40
1.0
176
     1
 90
        1
176
     1
 90
        6
176
     1
 90
        2
176
     1
 62
     7
176
     1
 90
        5
176
     1
 90
        0
176
     1
 90
        0
176
     1
290
     0
176
     1
 90
        1
176
     1
 40
0.0
176
     1
 90
        0
176
     1
290
     0
176
     1
290
     1
176
     1
290
     1
176
     1
290
     0
176
     1
290
     0
176
     1
290
     0
176
     1
290
     0
176
     1
290
     0
176
     1
290
     0
176
     1
 90
       50
176
     1
 40
0.0
176
     1
 40
1.0
176
     1
 90
        0
176
     1
 62
    18
420
        0
176
     1
 90
       50
176
     1
 90
        3
176
     1
 62
     5
420
      255
176
     1
290
     0
176
     1
 90
       50
176
     1
 90
       50
176
     1
 90
       50
176
     1
290
     0
176
     1
 90
       50
176
     1
 62
   256
176
     0
 40
1.0
176
     0
 90
        2
176
     1
  1
strokes_ogs.tif
176
     1
290
     0
176
     1
 40
1.0
176
     1
 40
1.0
176
     1
  0
VISUALSTYLE
  5
A5
102
{ACAD_REACTORS
330
99
102
}
330
99
100
AcDbVisualStyle
  2
Brighten
 70
    12
177
     3
291
     1
 70
    58
 90
        2
176
     1
 90
        2
176
     1
 90
        1
176
     1
 90
        0
176
     1
 40
0.6
176
     1
 40
30.0
176
     1
 62
     7
420
 16777215
176
     1
 90
        1
176
     1
 90
        4
176
     1
 62
     7
176
     1
 62
   257
176
     1
 90
        1
176
     1
 90
        1
176
     1
 40
1.0
176
     1
 90
        8
176
     1
 62
     7
176
     1
 40
1.0
176
     1
 90
        1
176
     1
 90
        6
176
     1
 90
        2
176
     1
 62
     7
176
     1
 90
        5
176
     1
 90
        0
176
     1
 90
        0
176
     1
290
     0
176
     1
 90
        1
176
     1
 40
50.0
176
     1
 90
        0
176
     1
290
     0
176
     1
290
     1
176
     1
290
     1
176
     1
290
     0
176
     1
290
     0
176
     1
290
     0
176
     1
290
     0
176
     1
290
     0
176
     1
290
     0
176
     1
 90
       50
176
     1
 40
0.0
176
     1
 40
1.0
176
     1
 90
        0
176
     1
 62
    18
420
        0
176
     1
 90
       50
176
     1
 90
        3
176
     1
 62
     5
420
      255
176
     1
290
     0
176
     1
 90
       50
176
     1
 90
       50
176
     1
 90
       50
176
     1
290
     0
176
     1
 90
       50
176
     1
 62
   256
176
     0
 40
1.0
176
     0
 90
        2
176
     1
  1
strokes_ogs.tif
176
     1
290
     0
176
     1
 40
1.0
176
     1
 40
1.0
176
     1
  0
VISUALSTYLE
  5
A9
102
{ACAD_REACTORS
330
99
102
}
330
99
100
AcDbVisualStyle
  2
ColorChange
 70
    16
177
     3
291
     1
 70
    58
 90
        2
176
     1
 90
        2
176
     1
 90
        3
176
     1
 90
        0
176
     1
 40
0.6
176
     1
 40
30.0
176
     1
 62
     8
420
  8421504
176
     1
 90
        1
176
     1
 90
        4
176
     1
 62
     7
176
     1
 62
   257
176
     1
 90
        1
176
     1
 90
        1
176
     1
 40
1.0
176
     1
 90
        8
176
     1
 62
     8
420
  8421504
176
     1
 40
1.0
176
     1
 90
        1
176
     1
 90
        6
176
     1
 90
        2
176
     1
 62
     7
176
     1
 90
        5
176
     1
 90
        0
176
     1
 90
        0
176
     1
290
     0
176
     1
 90
        1
176
     1
 40
0.0
176
     1
 90
        0
176
     1
290
     0
176
     1
290
     1
176
     1
290
     1
176
     1
290
     0
176
     1
290
     0
176
     1
290
     0
176
     1
290
     0
176
     1
290
     0
176
     1
290
     0
176
     1
 90
       50
176
     1
 40
0.0
176
     1
 40
1.0
176
     1
 90
        0
176
     1
 62
    18
420
        0
176
     1
 90
       50
176
     1
 90
        3
176
     1
 62
     5
420
      255
176
     1
290
     0
176
     1
 90
       50
176
     1
 90
       50
176
     1
 90
       50
176
     1
290
     0
176
     1
 90
       50
176
     1
 62
   256
176
     0
 40
1.0
176
     0
 90
        2
176
     1
  1
strokes_ogs.tif
176
     1
290
     0
176
     1
 40
1.0
176
     1
 40
1.0
176
     1
  0
VISUALSTYLE
  5
A2
102
{ACAD_REACTORS
330
99
102
}
330
99
100
AcDbVisualStyle
  2
Conceptual
 70
     9
177
     3
291
     0
 70
    58
 90
        3
176
     1
 90
        2
176
     1
 90
        1
176
     1
 90
        0
176
     1
 40
0.6
176
     1
 40
30.0
176
     1
 62
     7
420
 16777215
176
     1
 90
        2
176
     1
 90
        2
176
     1
 62
     7
176
     1
 62
   257
176
     1
 90
        1
176
     1
 90
        1
176
     1
 40
40.0
176
     1
 90
        8
176
     1
 62
     7
176
     1
 40
1.0
176
     1
 90
        1
176
     1
 90
        6
176
     1
 90
        2
176
     1
 62
     7
176
     1
 90
        3
176
     1
 90
        0
176
     1
 90
        0
176
     1
290
     0
176
     1
 90
        1
176
     1
 40
0.0
176
     1
 90
        0
176
     1
290
     0
176
     1
290
     1
176
     1
290
     1
176
     1
290
     0
176
     1
290
     0
176
     1
290
     0
176
     1
290
     0
176
     1
290
     0
176
     1
290
     0
176
     1
 90
       50
176
     1
 40
0.0
176
     1
 40
1.0
176
     1
 90
        0
176
     1
 62
    18
420
        0
176
     1
 90
       50
176
     1
 90
        3
176
     1
 62
     5
420
      255
176
     1
290
     0
176
     1
 90
       50
176
     1
 90
       50
176
     1
 90
       50
176
     1
290
     0
176
     1
 90
       50
176
     1
 62
   256
176
     0
 40
1.0
176
     0
 90
        2
176
     1
  1
strokes_ogs.tif
176
     1
290
     0
176
     1
 40
1.0
176
     1
 40
1.0
176
     1
  0
VISUALSTYLE
  5
A4
102
{ACAD_REACTORS
330
99
102
}
330
99
100
AcDbVisualStyle
  2
Dim
 70
    11
177
     3
291
     1
 70
    58
 90
        2
176
     1
 90
        2
176
     1
 90
        1
176
     1
 90
        0
176
     1
 40
0.6
176
     1
 40
30.0
176
     1
 62
     7
420
 16777215
176
     1
 90
        1
176
     1
 90
        4
176
     1
 62
     7
176
     1
 62
   257
176
     1
 90
        1
176
     1
 90
        1
176
     1
 40
1.0
176
     1
 90
        8
176
     1
 62
     7
176
     1
 40
1.0
176
     1
 90
        1
176
     1
 90
        6
176
     1
 90
        2
176
     1
 62
     7
176
     1
 90
        5
176
     1
 90
        0
176
     1
 90
        0
176
     1
290
     0
176
     1
 90
        1
176
     1
 40
-50.0
176
     1
 90
        0
176
     1
290
     0
176
     1
290
     1
176
     1
290
     1
176
     1
290
     0
176
     1
290
     0
176
     1
290
     0
176
     1
290
     0
176
     1
290
     0
176
     1
290
     0
176
     1
 90
       50
176
     1
 40
0.0
176
     1
 40
1.0
176
     1
 90
        0
176
     1
 62
    18
420
        0
176
     1
 90
       50
176
     1
 90
        3
176
     1
 62
     5
420
      255
176
     1
290
     0
176
     1
 90
       50
176
     1
 90
       50
176
     1
 90
       50
176
     1
290
     0
176
     1
 90
       50
176
     1
 62
   256
176
     0
 40
1.0
176
     0
 90
        2
176
     1
  1
strokes_ogs.tif
176
     1
290
     0
176
     1
 40
1.0
176
     1
 40
1.0
176
     1
  0
VISUALSTYLE
  5
175
102
{ACAD_REACTORS
330
99
102
}
330
99
100
AcDbVisualStyle
  2
EdgeColorOff
 70
    22
177
     3
291
     1
 70
    58
 90
        2
176
     0
 90
        2
176
     0
 90
        0
176
     0
 90
        0
176
     0
 40
0.6
176
     0
 40
30.0
176
     0
 62
     7
420
 16777215
176
     0
 90
        1
176
     0
 90
        4
176
     0
 62
     7
176
     0
 62
   257
176
     0
 90
        1
176
     0
 90
        1
176
     0
 40
1.0
176
     0
 90
        8
176
     2
 62
     7
176
     0
 40
1.0
176
     0
 90
        1
176
     0
 90
        6
176
     0
 90
        2
176
     0
 62
     7
176
     0
 90
        5
176
     0
 90
        0
176
     0
 90
        0
176
     0
290
     0
176
     0
 90
        1
176
     0
 40
0.0
176
     0
 90
        0
176
     0
290
     0
176
     1
290
     1
176
     1
290
     1
176
     1
290
     0
176
     1
290
     0
176
     1
290
     0
176
     1
290
     0
176
     1
290
     0
176
     1
290
     0
176
     1
 90
       50
176
     1
 40
0.0
176
     1
 40
1.0
176
     1
 90
        0
176
     1
 62
    18
420
        0
176
     1
 90
       50
176
     1
 90
        3
176
     1
 62
     5
420
      255
176
     1
290
     0
176
     1
 90
       50
176
     1
 90
       50
176
     1
 90
       50
176
     1
290
     0
176
     1
 90
       50
176
     1
 62
   256
176
     0
 40
1.0
176
     0
 90
        2
176
     1
  1
strokes_ogs.tif
176
     1
290
     0
176
     1
 40
1.0
176
     1
 40
1.0
176
     1
  0
VISUALSTYLE
  5
A8
102
{ACAD_REACTORS
330
99
102
}
330
99
100
AcDbVisualStyle
  2
Facepattern
 70
    15
177
     3
291
     1
 70
    58
 90
        2
176
     1
 90
        2
176
     1
 90
        1
176
     1
 90
        0
176
     1
 40
0.6
176
     1
 40
30.0
176
     1
 62
     7
420
 16777215
176
     1
 90
        1
176
     1
 90
        4
176
     1
 62
     7
176
     1
 62
   257
176
     1
 90
        1
176
     1
 90
        1
176
     1
 40
1.0
176
     1
 90
        8
176
     1
 62
     7
176
     1
 40
1.0
176
     1
 90
        1
176
     1
 90
        6
176
     1
 90
        2
176
     1
 62
     7
176
     1
 90
        5
176
     1
 90
        0
176
     1
 90
        0
176
     1
290
     0
176
     1
 90
        1
176
     1
 40
0.0
176
     1
 90
        0
176
     1
290
     0
176
     1
290
     1
176
     1
290
     1
176
     1
290
     0
176
     1
290
     0
176
     1
290
     0
176
     1
290
     0
176
     1
290
     0
176
     1
290
     0
176
     1
 90
       50
176
     1
 40
0.0
176
     1
 40
1.0
176
     1
 90
        0
176
     1
 62
    18
420
        0
176
     1
 90
       50
176
     1
 90
        3
176
     1
 62
     5
420
      255
176
     1
290
     0
176
     1
 90
       50
176
     1
 90
       50
176
     1
 90
       50
176
     1
290
     0
176
     1
 90
       50
176
     1
 62
   256
176
     0
 40
1.0
176
     0
 90
        2
176
     1
  1
strokes_ogs.tif
176
     1
290
     0
176
     1
 40
1.0
176
     1
 40
1.0
176
     1
  0
VISUALSTYLE
  5
9A
102
{ACAD_REACTORS
330
99
102
}
330
99
100
AcDbVisualStyle
  2
Flat
 70
     0
177
     3
291
     1
 70
    58
 90
        2
176
     1
 90
        1
176
     1
 90
        1
176
     1
 90
        2
176
     1
 40
0.6
176
     1
 40
30.0
176
     1
 62
     7
420
 16777215
176
     1
 90
        0
176
     1
 90
        0
176
     1
 62
     7
176
     1
 62
   257
176
     1
 90
        1
176
     1
 90
        1
176
     1
 40
1.0
176
     1
 90
        8
176
     1
 62
     7
176
     1
 40
1.0
176
     1
 90
        1
176
     1
 90
        6
176
     1
 90
        2
176
     1
 62
     7
176
     1
 90
        5
176
     1
 90
        0
176
     1
 90
        0
176
     1
290
     0
176
     1
 90
       13
176
     1
 40
0.0
176
     1
 90
        0
176
     1
290
     0
176
     1
290
     1
176
     1
290
     1
176
     1
290
     0
176
     1
290
     0
176
     1
290
     0
176
     1
290
     0
176
     1
290
     0
176
     1
290
     0
176
     1
 90
       50
176
     1
 40
0.0
176
     1
 40
1.0
176
     1
 90
        0
176
     1
 62
    18
420
        0
176
     1
 90
       50
176
     1
 90
        3
176
     1
 62
     5
420
      255
176
     1
290
     0
176
     1
 90
       50
176
     1
 90
       50
176
     1
 90
       50
176
     1
290
     0
176
     1
 90
       50
176
     1
 62
   256
176
     0
 40
1.0
176
     0
 90
        2
176
     1
  1
strokes_ogs.tif
176
     1
290
     0
176
     1
 40
1.0
176
     1
 40
1.0
176
     1
  0
VISUALSTYLE
  5
9B
102
{ACAD_REACTORS
330
99
102
}
330
99
100
AcDbVisualStyle
  2
FlatWithEdges
 70
     1
177
     3
291
     1
 70
    58
 90
        2
176
     1
 90
        1
176
     1
 90
        1
176
     1
 90
        2
176
     1
 40
0.6
176
     1
 40
30.0
176
     1
 62
     7
420
 16777215
176
     1
 90
        1
176
     1
 90
        0
176
     1
 62
     7
176
     1
 62
   257
176
     1
 90
        1
176
     1
 90
        1
176
     1
 40
1.0
176
     1
 90
        0
176
     1
 62
   257
176
     1
 40
1.0
176
     1
 90
        1
176
     1
 90
        6
176
     1
 90
        2
176
     1
 62
     7
176
     1
 90
        5
176
     1
 90
        0
176
     1
 90
        0
176
     1
290
     0
176
     1
 90
       13
176
     1
 40
0.0
176
     1
 90
        0
176
     1
290
     0
176
     1
290
     1
176
     1
290
     1
176
     1
290
     0
176
     1
290
     0
176
     1
290
     0
176
     1
290
     0
176
     1
290
     0
176
     1
290
     0
176
     1
 90
       50
176
     1
 40
0.0
176
     1
 40
1.0
176
     1
 90
        0
176
     1
 62
    18
420
        0
176
     1
 90
       50
176
     1
 90
        3
176
     1
 62
     5
420
      255
176
     1
290
     0
176
     1
 90
       50
176
     1
 90
       50
176
     1
 90
       50
176
     1
290
     0
176
     1
 90
       50
176
     1
 62
   256
176
     0
 40
1.0
176
     0
 90
        2
176
     1
  1
strokes_ogs.tif
176
     1
290
     0
176
     1
 40
1.0
176
     1
 40
1.0
176
     1
  0
VISUALSTYLE
  5
9C
102
{ACAD_REACTORS
330
99
102
}
330
99
100
AcDbVisualStyle
  2
Gouraud
 70
     2
177
     3
291
     1
 70
    58
 90
        2
176
     1
 90
        2
176
     1
 90
        1
176
     1
 90
        2
176
     1
 40
0.6
176
     1
 40
30.0
176
     1
 62
     7
420
 16777215
176
     1
 90
        0
176
     1
 90
        0
176
     1
 62
     7
176
     1
 62
   257
176
     1
 90
        1
176
     1
 90
        1
176
     1
 40
1.0
176
     1
 90
        0
176
     1
 62
     7
176
     1
 40
1.0
176
     1
 90
        1
176
     1
 90
        6
176
     1
 90
        2
176
     1
 62
     7
176
     1
 90
        5
176
     1
 90
        0
176
     1
 90
        0
176
     1
290
     0
176
     1
 90
       13
176
     1
 40
0.0
176
     1
 90
        0
176
     1
290
     0
176
     1
290
     1
176
     1
290
     1
176
     1
290
     0
176
     1
290
     0
176
     1
290
     0
176
     1
290
     0
176
     1
290
     0
176
     1
290
     0
176
     1
 90
       50
176
     1
 40
0.0
176
     1
 40
1.0
176
     1
 90
        0
176
     1
 62
    18
420
        0
176
     1
 90
       50
176
     1
 90
        3
176
     1
 62
     5
420
      255
176
     1
290
     0
176
     1
 90
       50
176
     1
 90
       50
176
     1
 90
       50
176
     1
290
     0
176
     1
 90
       50
176
     1
 62
   256
176
     0
 40
1.0
176
     0
 90
        2
176
     1
  1
strokes_ogs.tif
176
     1
290
     0
176
     1
 40
1.0
176
     1
 40
1.0
176
     1
  0
VISUALSTYLE
  5
9D
102
{ACAD_REACTORS
330
99
102
}
330
99
100
AcDbVisualStyle
  2
GouraudWithEdges
 70
     3
177
     3
291
     1
 70
    58
 90
        2
176
     1
 90
        2
176
     1
 90
        1
176
     1
 90
        2
176
     1
 40
0.6
176
     1
 40
30.0
176
     1
 62
     7
420
 16777215
176
     1
 90
        1
176
     1
 90
        0
176
     1
 62
     7
176
     1
 62
   257
176
     1
 90
        1
176
     1
 90
        1
176
     1
 40
1.0
176
     1
 90
        0
176
     1
 62
   257
176
     1
 40
1.0
176
     1
 90
        1
176
     1
 90
        6
176
     1
 90
        2
176
     1
 62
     7
176
     1
 90
        5
176
     1
 90
        0
176
     1
 90
        0
176
     1
290
     0
176
     1
 90
       13
176
     1
 40
0.0
176
     1
 90
        0
176
     1
290
     0
176
     1
290
     1
176
     1
290
     1
176
     1
290
     0
176
     1
290
     0
176
     1
290
     0
176
     1
290
     0
176
     1
290
     0
176
     1
290
     0
176
     1
 90
       50
176
     1
 40
0.0
176
     1
 40
1.0
176
     1
 90
        0
176
     1
 62
    18
420
        0
176
     1
 90
       50
176
     1
 90
        3
176
     1
 62
     5
420
      255
176
     1
290
     0
176
     1
 90
       50
176
     1
 90
       50
176
     1
 90
       50
176
     1
290
     0
176
     1
 90
       50
176
     1
 62
   256
176
     0
 40
1.0
176
     0
 90
        2
176
     1
  1
strokes_ogs.tif
176
     1
290
     0
176
     1
 40
1.0
176
     1
 40
1.0
176
     1
  0
VISUALSTYLE
  5
A1
102
{ACAD_REACTORS
330
99
102
}
330
99
100
AcDbVisualStyle
  2
Hidden
 70
     6
177
     3
291
     0
 70
    58
 90
        1
176
     1
 90
        2
176
     1
 90
        2
176
     1
 90
        0
176
     1
 40
0.6
176
     1
 40
30.0
176
     1
 62
     7
420
 16777215
176
     1
 90
        2
176
     1
 90
        2
176
     1
 62
     7
176
     1
 62
   257
176
     1
 90
        2
176
     1
 90
        1
176
     1
 40
40.0
176
     1
 90
        0
176
     1
 62
   257
176
     1
 40
1.0
176
     1
 90
        1
176
     1
 90
        6
176
     1
 90
        2
176
     1
 62
     7
176
     1
 90
        3
176
     1
 90
        0
176
     1
 90
        0
176
     1
290
     0
176
     1
 90
        1
176
     1
 40
0.0
176
     1
 90
        0
176
     1
290
     0
176
     1
290
     1
176
     1
290
     1
176
     1
290
     0
176
     1
290
     0
176
     1
290
     0
176
     1
290
     0
176
     1
290
     0
176
     1
290
     0
176
     1
 90
       50
176
     1
 40
0.0
176
     1
 40
1.0
176
     1
 90
        0
176
     1
 62
    18
420
        0
176
     1
 90
       50
176
     1
 90
        3
176
     1
 62
     5
420
      255
176
     1
290
     0
176
     1
 90
       50
176
     1
 90
       50
176
     1
 90
       50
176
     1
290
     0
176
     1
 90
       50
176
     1
 62
   256
176
     0
 40
1.0
176
     0
 90
        2
176
     1
  1
strokes_ogs.tif
176
     1
290
     0
176
     1
 40
1.0
176
     1
 40
1.0
176
     1
  0
VISUALSTYLE
  5
173
102
{ACAD_REACTORS
330
99
102
}
330
99
100
AcDbVisualStyle
  2
JitterOff
 70
    20
177
     3
291
     1
 70
    58
 90
        2
176
     0
 90
        2
176
     0
 90
        0
176
     0
 90
        0
176
     0
 40
0.6
176
     0
 40
30.0
176
     0
 62
     7
420
 16777215
176
     0
 90
        1
176
     0
 90
        4
176
     0
 62
     7
176
     0
 62
   257
176
     0
 90
        1
176
     0
 90
        1
176
     0
 40
1.0
176
     0
 90
       10
176
     2
 62
     7
176
     0
 40
1.0
176
     0
 90
        1
176
     0
 90
        6
176
     0
 90
        2
176
     0
 62
     7
176
     0
 90
        5
176
     0
 90
        0
176
     0
 90
        0
176
     0
290
     0
176
     0
 90
        1
176
     0
 40
0.0
176
     0
 90
        0
176
     0
290
     0
176
     1
290
     1
176
     1
290
     1
176
     1
290
     0
176
     1
290
     0
176
     1
290
     0
176
     1
290
     0
176
     1
290
     0
176
     1
290
     0
176
     1
 90
       50
176
     1
 40
0.0
176
     1
 40
1.0
176
     1
 90
        0
176
     1
 62
    18
420
        0
176
     1
 90
       50
176
     1
 90
        3
176
     1
 62
     5
420
      255
176
     1
290
     0
176
     1
 90
       50
176
     1
 90
       50
176
     1
 90
       50
176
     1
290
     0
176
     1
 90
       50
176
     1
 62
   256
176
     0
 40
1.0
176
     0
 90
        2
176
     1
  1
strokes_ogs.tif
176
     1
290
     0
176
     1
 40
1.0
176
     1
 40
1.0
176
     1
  0
VISUALSTYLE
  5
A7
102
{ACAD_REACTORS
330
99
102
}
330
99
100
AcDbVisualStyle
  2
Linepattern
 70
    14
177
     3
291
     1
 70
    58
 90
        2
176
     1
 90
        2
176
     1
 90
        1
176
     1
 90
        0
176
     1
 40
0.6
176
     1
 40
30.0
176
     1
 62
     7
420
 16777215
176
     1
 90
        1
176
     1
 90
        4
176
     1
 62
     7
176
     1
 62
   257
176
     1
 90
        7
176
     1
 90
        7
176
     1
 40
1.0
176
     1
 90
        8
176
     1
 62
     7
176
     1
 40
1.0
176
     1
 90
        1
176
     1
 90
        6
176
     1
 90
        2
176
     1
 62
     7
176
     1
 90
        5
176
     1
 90
        0
176
     1
 90
        0
176
     1
290
     0
176
     1
 90
        1
176
     1
 40
0.0
176
     1
 90
        0
176
     1
290
     0
176
     1
290
     1
176
     1
290
     1
176
     1
290
     0
176
     1
290
     0
176
     1
290
     0
176
     1
290
     0
176
     1
290
     0
176
     1
290
     0
176
     1
 90
       50
176
     1
 40
0.0
176
     1
 40
1.0
176
     1
 90
        0
176
     1
 62
    18
420
        0
176
     1
 90
       50
176
     1
 90
        3
176
     1
 62
     5
420
      255
176
     1
290
     0
176
     1
 90
       50
176
     1
 90
       50
176
     1
 90
       50
176
     1
290
     0
176
     1
 90
       50
176
     1
 62
   256
176
     0
 40
1.0
176
     0
 90
        2
176
     1
  1
strokes_ogs.tif
176
     1
290
     0
176
     1
 40
1.0
176
     1
 40
1.0
176
     1
  0
VISUALSTYLE
  5
174
102
{ACAD_REACTORS
330
99
102
}
330
99
100
AcDbVisualStyle
  2
OverhangOff
 70
    21
177
     3
291
     1
 70
    58
 90
        2
176
     0
 90
        2
176
     0
 90
        0
176
     0
 90
        0
176
     0
 40
0.6
176
     0
 40
30.0
176
     0
 62
     7
420
 16777215
176
     0
 90
        1
176
     0
 90
        4
176
     0
 62
     7
176
     0
 62
   257
176
     0
 90
        1
176
     0
 90
        1
176
     0
 40
1.0
176
     0
 90
        9
176
     2
 62
     7
176
     0
 40
1.0
176
     0
 90
        1
176
     0
 90
        6
176
     0
 90
        2
176
     0
 62
     7
176
     0
 90
        5
176
     0
 90
        0
176
     0
 90
        0
176
     0
290
     0
176
     0
 90
        1
176
     0
 40
0.0
176
     0
 90
        0
176
     0
290
     0
176
     1
290
     1
176
     1
290
     1
176
     1
290
     0
176
     1
290
     0
176
     1
290
     0
176
     1
290
     0
176
     1
290
     0
176
     1
290
     0
176
     1
 90
       50
176
     1
 40
0.0
176
     1
 40
1.0
176
     1
 90
        0
176
     1
 62
    18
420
        0
176
     1
 90
       50
176
     1
 90
        3
176
     1
 62
     5
420
      255
176
     1
290
     0
176
     1
 90
       50
176
     1
 90
       50
176
     1
 90
       50
176
     1
290
     0
176
     1
 90
       50
176
     1
 62
   256
176
     0
 40
1.0
176
     0
 90
        2
176
     1
  1
strokes_ogs.tif
176
     1
290
     0
176
     1
 40
1.0
176
     1
 40
1.0
176
     1
  0
VISUALSTYLE
  5
A3
102
{ACAD_REACTORS
330
99
102
}
330
99
100
AcDbVisualStyle
  2
Realistic
 70
     8
177
     3
291
     0
 70
    58
 90
        2
176
     1
 90
        3
176
     1
 90
        0
176
     1
 90
        2
176
     1
 40
0.6
176
     1
 40
30.0
176
     1
 62
     7
420
 16777215
176
     1
 90
        0
176
     1
 90
        0
176
     1
 62
     7
176
     1
 62
   257
176
     1
 90
        1
176
     1
 90
        1
176
     1
 40
1.0
176
     1
 90
        8
176
     1
 62
   257
176
     1
 40
1.0
176
     1
 90
        1
176
     1
 90
        6
176
     1
 90
        2
176
     1
 62
     7
176
     1
 90
        3
176
     1
 90
        0
176
     1
 90
        0
176
     1
290
     0
176
     1
 90
       13
176
     1
 40
0.0
176
     1
 90
        0
176
     1
290
     0
176
     1
290
     1
176
     1
290
     1
176
     1
290
     0
176
     1
290
     0
176
     1
290
     0
176
     1
290
     0
176
     1
290
     0
176
     1
290
     0
176
     1
 90
       50
176
     1
 40
0.0
176
     1
 40
1.0
176
     1
 90
        0
176
     1
 62
    18
420
        0
176
     1
 90
       50
176
     1
 90
        3
176
     1
 62
     5
420
      255
176
     1
290
     0
176
     1
 90
       50
176
     1
 90
       50
176
     1
 90
       50
176
     1
290
     0
176
     1
 90
       50
176
     1
 62
   256
176
     0
 40
1.0
176
     0
 90
        2
176
     1
  1
strokes_ogs.tif
176
     1
290
     0
176
     1
 40
1.0
176
     1
 40
1.0
176
     1
  0
VISUALSTYLE
  5
182
102
{ACAD_REACTORS
330
99
102
}
330
99
100
AcDbVisualStyle
  2
Shaded
 70
    27
177
     3
291
     0
 70
    58
 90
        2
176
     1
 90
        2
176
     1
 90
        1
176
     1
 90
        2
176
     1
 40
0.6
176
     1
 40
30.0
176
     1
 62
     7
420
 16777215
176
     1
 90
        0
176
     1
 90
        4
176
     1
 62
     7
176
     1
 62
   257
176
     1
 90
        1
176
     1
 90
        1
176
     1
 40
1.0
176
     1
 90
        8
176
     1
 62
   257
176
     1
 40
1.0
176
     1
 90
        1
176
     1
 90
        6
176
     1
 90
        2
176
     1
 62
     8
420
  7895160
176
     1
 90
        3
176
     1
 90
        0
176
     1
 90
        0
176
     1
290
     0
176
     1
 90
        5
176
     1
 40
0.0
176
     1
 90
        0
176
     1
290
     0
176
     1
290
     1
176
     1
290
     1
176
     1
290
     0
176
     1
290
     0
176
     1
290
     0
176
     1
290
     0
176
     1
290
     0
176
     1
290
     0
176
     1
 90
       50
176
     1
 40
0.0
176
     1
 40
1.0
176
     1
 90
        0
176
     1
 62
    18
420
        0
176
     1
 90
       50
176
     1
 90
        3
176
     1
 62
     5
420
      255
176
     1
290
     0
176
     1
 90
       50
176
     1
 90
       50
176
     1
 90
       50
176
     1
290
     0
176
     1
 90
       50
176
     1
 62
   256
176
     0
 40
1.0
176
     0
 90
        2
176
     1
  1
strokes_ogs.tif
176
     1
290
     0
176
     1
 40
1.0
176
     1
 40
1.0
176
     1
  0
VISUALSTYLE
  5
181
102
{ACAD_REACTORS
330
99
102
}
330
99
100
AcDbVisualStyle
  2
Shaded with edges
 70
    26
177
     3
291
     0
 70
    58
 90
        2
176
     1
 90
        2
176
     1
 90
        1
176
     1
 90
        2
176
     1
 40
0.6
176
     1
 40
30.0
176
     1
 62
     7
420
 16777215
176
     1
 90
        1
176
     1
 90
        2
176
     1
 62
     7
176
     1
 62
   257
176
     1
 90
        2
176
     1
 90
        1
176
     1
 40
1.0
176
     1
 90
        8
176
     1
 62
   257
176
     1
 40
1.0
176
     1
 90
        1
176
     1
 90
        6
176
     1
 90
        2
176
     1
 62
     7
176
     1
 90
        3
176
     1
 90
        0
176
     1
 90
        0
176
     1
290
     0
176
     1
 90
        5
176
     1
 40
0.0
176
     1
 90
        0
176
     1
290
     0
176
     1
290
     1
176
     1
290
     1
176
     1
290
     0
176
     1
290
     0
176
     1
290
     0
176
     1
290
     0
176
     1
290
     0
176
     1
290
     0
176
     1
 90
       50
176
     1
 40
0.0
176
     1
 40
1.0
176
     1
 90
        0
176
     1
 62
    18
420
        0
176
     1
 90
       50
176
     1
 90
        3
176
     1
 62
     5
420
      255
176
     1
290
     0
176
     1
 90
       50
176
     1
 90
       50
176
     1
 90
       50
176
     1
290
     0
176
     1
 90
       50
176
     1
 62
   256
176
     0
 40
1.0
176
     0
 90
        2
176
     1
  1
strokes_ogs.tif
176
     1
290
     0
176
     1
 40
1.0
176
     1
 40
1.0
176
     1
  0
VISUALSTYLE
  5
17E
102
{ACAD_REACTORS
330
99
102
}
330
99
100
AcDbVisualStyle
  2
Shades of Gray
 70
    23
177
     3
291
     0
 70
    58
 90
        2
176
     1
 90
        2
176
     1
 90
        3
176
     1
 90
        0
176
     1
 40
0.6
176
     1
 40
30.0
176
     1
 62
     7
420
 16777215
176
     1
 90
        2
176
     1
 90
        2
176
     1
 62
     7
176
     1
 62
     7
176
     1
 90
        1
176
     1
 90
        1
176
     1
 40
40.0
176
     1
 90
        8
176
     1
 62
     7
176
     1
 40
1.0
176
     1
 90
        1
176
     1
 90
        6
176
     1
 90
        2
176
     1
 62
     7
176
     1
 90
        3
176
     1
 90
        0
176
     1
 90
        0
176
     1
290
     0
176
     1
 90
        1
176
     1
 40
0.0
176
     1
 90
        0
176
     1
290
     0
176
     1
290
     1
176
     1
290
     1
176
     1
290
     0
176
     1
290
     0
176
     1
290
     0
176
     1
290
     0
176
     1
290
     0
176
     1
290
     0
176
     1
 90
       50
176
     1
 40
0.0
176
     1
 40
1.0
176
     1
 90
        0
176
     1
 62
    18
420
        0
176
     1
 90
       50
176
     1
 90
        3
176
     1
 62
     5
420
      255
176
     1
290
     0
176
     1
 90
       50
176
     1
 90
       50
176
     1
 90
       50
176
     1
290
     0
176
     1
 90
       50
176
     1
 62
   256
176
     0
 40
1.0
176
     0
 90
        2
176
     1
  1
strokes_ogs.tif
176
     1
290
     0
176
     1
 40
1.0
176
     1
 40
1.0
176
     1
  0
VISUALSTYLE
  5
17F
102
{ACAD_REACTORS
330
99
102
}
330
99
100
AcDbVisualStyle
  2
Sketchy
 70
    24
177
     3
291
     0
 70
    58
 90
        1
176
     1
 90
        2
176
     1
 90
        2
176
     1
 90
        0
176
     1
 40
0.6
176
     1
 40
30.0
176
     1
 62
     7
420
 16777215
176
     1
 90
        2
176
     1
 90
        2
176
     1
 62
     7
176
     1
 62
     7
176
     1
 90
        1
176
     1
 90
        1
176
     1
 40
40.0
176
     1
 90
       11
176
     1
 62
     7
176
     1
 40
1.0
176
     1
 90
        1
176
     1
 90
        6
176
     1
 90
        2
176
     1
 62
     7
176
     1
 90
        6
176
     1
 90
        0
176
     1
 90
        0
176
     1
290
     0
176
     1
 90
        1
176
     1
 40
0.0
176
     1
 90
        0
176
     1
290
     0
176
     1
290
     1
176
     1
290
     1
176
     1
290
     0
176
     1
290
     0
176
     1
290
     0
176
     1
290
     0
176
     1
290
     0
176
     1
290
     0
176
     1
 90
       50
176
     1
 40
0.0
176
     1
 40
1.0
176
     1
 90
        0
176
     1
 62
    18
420
        0
176
     1
 90
       50
176
     1
 90
        3
176
     1
 62
     5
420
      255
176
     1
290
     0
176
     1
 90
       50
176
     1
 90
       50
176
     1
 90
       50
176
     1
290
     0
176
     1
 90
       50
176
     1
 62
   256
176
     0
 40
1.0
176
     0
 90
        2
176
     1
  1
strokes_ogs.tif
176
     1
290
     0
176
     1
 40
1.0
176
     1
 40
1.0
176
     1
  0
VISUALSTYLE
  5
A6
102
{ACAD_REACTORS
330
99
102
}
330
99
100
AcDbVisualStyle
  2
Thicken
 70
    13
177
     3
291
     1
 70
    58
 90
        2
176
     1
 90
        2
176
     1
 90
        1
176
     1
 90
        0
176
     1
 40
0.6
176
     1
 40
30.0
176
     1
 62
     7
420
 16777215
176
     1
 90
        1
176
     1
 90
        4
176
     1
 62
     7
176
     1
 62
   257
176
     1
 90
        1
176
     1
 90
        1
176
     1
 40
1.0
176
     1
 90
       12
176
     1
 62
     7
176
     1
 40
1.0
176
     1
 90
        1
176
     1
 90
        6
176
     1
 90
        2
176
     1
 62
     7
176
     1
 90
        5
176
     1
 90
        0
176
     1
 90
        0
176
     1
290
     0
176
     1
 90
        1
176
     1
 40
0.0
176
     1
 90
        0
176
     1
290
     0
176
     1
290
     1
176
     1
290
     1
176
     1
290
     0
176
     1
290
     0
176
     1
290
     0
176
     1
290
     0
176
     1
290
     0
176
     1
290
     0
176
     1
 90
       50
176
     1
 40
0.0
176
     1
 40
1.0
176
     1
 90
        0
176
     1
 62
    18
420
        0
176
     1
 90
       50
176
     1
 90
        3
176
     1
 62
     5
420
      255
176
     1
290
     0
176
     1
 90
       50
176
     1
 90
       50
176
     1
 90
       50
176
     1
290
     0
176
     1
 90
       50
176
     1
 62
   256
176
     0
 40
1.0
176
     0
 90
        2
176
     1
  1
strokes_ogs.tif
176
     1
290
     0
176
     1
 40
1.0
176
     1
 40
1.0
176
     1
  0
VISUALSTYLE
  5
A0
102
{ACAD_REACTORS
330
99
102
}
330
99
100
AcDbVisualStyle
  2
Wireframe
 70
     5
177
     3
291
     0
 70
    58
 90
        0
176
     1
 90
        2
176
     1
 90
        0
176
     1
 90
        0
176
     1
 40
0.6
176
     1
 40
30.0
176
     1
 62
     7
420
 16777215
176
     1
 90
        1
176
     1
 90
        4
176
     1
 62
     7
176
     1
 62
   257
176
     1
 90
        1
176
     1
 90
        1
176
     1
 40
1.0
176
     1
 90
        0
176
     1
 62
   257
176
     1
 40
1.0
176
     1
 90
        1
176
     1
 90
        6
176
     1
 90
        2
176
     1
 62
     7
176
     1
 90
        3
176
     1
 90
        0
176
     1
 90
        0
176
     1
290
     0
176
     1
 90
        1
176
     1
 40
0.0
176
     1
 90
        0
176
     1
290
     0
176
     1
290
     1
176
     1
290
     1
176
     1
290
     0
176
     1
290
     0
176
     1
290
     0
176
     1
290
     0
176
     1
290
     0
176
     1
290
     0
176
     1
 90
       50
176
     1
 40
0.0
176
     1
 40
1.0
176
     1
 90
        0
176
     1
 62
    18
420
        0
176
     1
 90
       50
176
     1
 90
        3
176
     1
 62
     5
420
      255
176
     1
290
     0
176
     1
 90
       50
176
     1
 90
       50
176
     1
 90
       50
176
     1
290
     0
176
     1
 90
       50
176
     1
 62
   256
176
     0
 40
1.0
176
     0
 90
        2
176
     1
  1
strokes_ogs.tif
176
     1
290
     0
176
     1
 40
1.0
176
     1
 40
1.0
176
     1
  0
VISUALSTYLE
  5
180
102
{ACAD_REACTORS
330
99
102
}
330
99
100
AcDbVisualStyle
  2
X-Ray
 70
    25
177
     3
291
     0
 70
    58
 90
        2
176
     1
 90
        2
176
     1
 90
        1
176
     1
 90
        1
176
     1
 40
0.5
176
     1
 40
30.0
176
     1
 62
     7
420
 16777215
176
     1
 90
        1
176
     1
 90
        0
176
     1
 62
     7
176
     1
 62
   257
176
     1
 90
        1
176
     1
 90
        1
176
     1
 40
1.0
176
     1
 90
        8
176
     1
 62
     7
176
     1
 40
1.0
176
     1
 90
        1
176
     1
 90
        6
176
     1
 90
        2
176
     1
 62
     7
176
     1
 90
        3
176
     1
 90
        0
176
     1
 90
        0
176
     1
290
     0
176
     1
 90
       13
176
     1
 40
0.0
176
     1
 90
        0
176
     1
290
     0
176
     1
290
     1
176
     1
290
     1
176
     1
290
     0
176
     1
290
     0
176
     1
290
     0
176
     1
290
     0
176
     1
290
     0
176
     1
290
     0
176
     1
 90
       50
176
     1
 40
0.0
176
     1
 40
1.0
176
     1
 90
        0
176
     1
 62
    18
420
        0
176
     1
 90
       50
176
     1
 90
        3
176
     1
 62
     5
420
      255
176
     1
290
     0
176
     1
 90
       50
176
     1
 90
       50
176
     1
 90
       50
176
     1
290
     0
176
     1
 90
       50
176
     1
 62
   256
176
     0
 40
1.0
176
     0
 90
        2
176
     1
  1
strokes_ogs.tif
176
     1
290
     0
176
     1
 40
1.0
176
     1
 40
1.0
176
     1
  0
DICTIONARYVAR
  5
F0
102
{ACAD_REACTORS
330
66
102
}
330
66
100
DictionaryVariables
280
     0
  1
1:1
  0
DICTIONARYVAR
  5
EF
102
{ACAD_REACTORS
330
66
102
}
330
66
100
DictionaryVariables
280
     0
  1
STANDARD
  0
DICTIONARYVAR
  5
89
102
{ACAD_REACTORS
330
66
102
}
330
66
100
DictionaryVariables
280
     0
  1
STANDARD
  0
DICTIONARYVAR
  5
1B7
102
{ACAD_REACTORS
330
66
102
}
330
66
100
DictionaryVariables
280
     0
  1
Imperial24
  0
DICTIONARYVAR
  5
1B8
102
{ACAD_REACTORS
330
66
102
}
330
66
100
DictionaryVariables
280
     0
  1
Imperial24
  0
DICTIONARYVAR
  5
67
102
{ACAD_REACTORS
330
66
102
}
330
66
100
DictionaryVariables
280
     0
  1
2
  0
DICTIONARYVAR
  5
6B
102
{ACAD_REACTORS
330
66
102
}
330
66
100
DictionaryVariables
280
     0
  1
1
  0
DICTIONARYVAR
  5
14D
102
{ACAD_REACTORS
330
66
102
}
330
66
100
DictionaryVariables
280
     0
  1
0
  0
DICTIONARYVAR
  5
14E
102
{ACAD_REACTORS
330
66
102
}
330
66
100
DictionaryVariables
280
     0
  1
0
  0
DICTIONARY
  5
194
330
22
100
AcDbDictionary
280
     1
281
     1
  0
DICTIONARY
  5
188
330
97
100
AcDbDictionary
280
     1
281
     1
  3
FBXASSET
360
189
  0
DICTIONARY
  5
186
330
96
100
AcDbDictionary
280
     1
281
     1
  3
FBXASSET
360
187
  0
DICTIONARY
  5
110
330
98
100
AcDbDictionary
280
     1
281
     1
  3
BUMPTILE
360
112
  3
DIFFUSETILE
360
111
  3
FBXASSET
360
18A
  3
OPACITYTILE
360
113
  3
REFLECTIONTILE
360
114
  0
DICTIONARY
  5
104
330
87
100
AcDbDictionary
280
     1
281
     1
  3
ACAD_ROUNDTRIP_2008_TABLESTYLE_CELLSTYLEMAP
360
C92
  0
XRECORD
  5
189
102
{ACAD_REACTORS
330
188
102
}
330
188
100
AcDbXrecord
280
     1
 70
     1
 90
429727718
  1
508B35C9-AEE7-456F-BE74-D52651303AC6
310
504B03040A0000080000B670623B3DEE336E79000000790000001B0000006175746F6465736B2D64657369676E2D7061636B6167652E786D6C3C3F786D6C2076657273696F6E3D22312E302220656E636F64696E673D227574662D3822203F3E3C666F726D6174733E3C666F726D61743E687474703A2F2F736368656D612E
310
6175746F6465736B2E636F6D2F64657369676E2D7061636B6167652F323030393C2F666F726D61743E3C2F666F726D6174733E504B0304140006080800B670623BD486FD9CA0000000F4000000130000005B436F6E74656E745F54797065735D2E786D6C7D8EC10E82300C865F65E91D8A1E8C310C0EEA1BF002731658846E
310
D98AC1B77784ABF1D8FE5FBFBF75BBCE937A534CCEB38643598122B6FEE978D0B0485F9C41B54DDD7D022595594E1A469170414C76A4D9A4D207E29CF43ECE46F218070CC6BECC4078ACAA135ACF422C856C0E68EA1BF5669944DDD7BCDE7B1F8E415D77AECB980613C2E4AC91FC167A2B244592486606FC29C8FD7F045B9A
310
EF7053A7E60B504B0304140006080800B670623B28ED286BEB0000007C01000008000000636F72652E786D6C8D90416EC3201045AF82665B6183218D6D61A254764FD00B204C5C94182C03558F5F9C3852BBEB6A467FFE9B197D71FA9E6FE8CBACC17AD7012D0820E3B41FAD9B3A48F1826B40272956EFE32F1B20A766D3C1
310
268314D3EAD3B24BDABB685CCCAAF3A3D94515828980F42D371D04FD696655A814B3235C8B45E9AB9A4C419F5D8653B2237A1CB163DE672FD6AC209BF3C08E0D1B30EB19C3FC9D72FCC6EB231EFA33EDE96BDD341517E5064B11EDFCBCAF57A3A2194156843498524CAA0FCA5B7268F9E185D42D21A2DCEC7FA0B48CFF8492
310
759155FBBB0F2C80A4F991FB408A72CB22977B50B96EB9C91F504B0304140006080800B670623B55019EA25F0000007C00000007000000636E782E786D6C4DCB3B0E80201045D1AD90E915ED2CF8AC45050C11660C8261F98AB1B07AC9C97D42D718D865D3E909258CFD00CCE24AC6E326A164D74DC0B4128928FF32603847
310
2BA13128B1252AC747C6BAB984FC68F0B87FE8960A5C09FE86CFB69FBA01504B0304140006080800B670623B7BC41AC871010000D40300000C0000006662782F636F72652E786D6CC553ED6E8320147D15C2DF4501B56B6D90A64BBB27D80B50A5CE54C120983EFEAE1F4DD7A56BBA5FF3879273EEE59E7310BE393735EA95
310
ED2AA333CC428A91D2B9292A5D66D8BB63B0C26823B835C67D2BC348CB46657880B1E0A535BE9DA1DC68A7B403549B42CDA0EC3AE530CA6B5864B8CB3F552343E91D5474A7B095F949962A6421D0502778E72C0840D390E18DC5F170E664C205F7BE2A66B62A605A75AC94C522DDEEE3651AEF837817C741F2CE92E02D592D
310
83FD6ECB76EC7595A651C2C9D02CB8AB9A8BBADC2AE954814544691A3016D0E883256BBA58278B17BA5A53CAC9507ED3E4DBE2C9265F691747B3DCA9ADC382819091F8E1162272A8933DE82182932144F88C09DF060D8140C84E1EEA8B8F1340BDCA9DB1093085F157AA97B557309586747CD0EF0B4EA64E983A6E0EAEEFCE
310
889E9EF17847386AA94B30211D2C0FDE0D3AF9A4610EAD5536E8DD1969631B593F67E381C33F5157F17725E5A636F6BF1491F980C8FC7B90E13E8A2F504B0304140006080800B670623B70102A487D0000009D0000000B0000006662782F636E782E786D6C4DCCD10A83201886E15B91FFDC95A5C30335ACCDFB886521330D
310
A76397BF1A1DECE883878F57749FD5A3B74D2F17830472A901D9F088930B8B849267CC01754AA418F3DF0D5018572BE160506249B16C274D761E8BCFBB7A179E27F65CB39A0F14D396184C9921B81F34C3ACA1B4B99ABB6E6F062A25AA5F69DF23ACBE504B0304140006080800B670623B3610CA3329010000120200003100
310
00006662782F42384135303843342D343331462D343546312D424341352D3532343432364645413344462F636F72652E786D6C8D515B6EC32010BC0AE22B55850D0E446E848992B43E412FE000495162B07854397EA176A4F62F3F2C9A9D991D58BEBB8F37F0AD7D30CE76905418026DA553C65E3A98E219B510EC04F7CEC5
310
3F3408EC30EA0E16180A7EF12E4D0B249D8DDAC68C5AA7F4020E21E80881BCE54B0783FCD2E3500D296646B856D320AFC34557A4CAEDCC133C449F0380794839A138B47B86DB2345744D7A44594FD0E1B867883594369BFE63BF7EEF793D0B054FC9A8456E548E63CE46FB674D8A58F068C6477CE9F510B582A2C1F80D1182
310
70F349E816B32D65AFB8DD62CCEB42FF274A937A52948C8DEB66893BCB021484D7734370E5D2E9F608A3EF93F3119479ABA0E50B14B8C298119A43CCC4FCFCECB8A18B6388CEE7EF5D5D4F994BD86CBBA182D76543B9FCAE2FD7B24DF103504B0304140006080800B670623B1B8617914E0100003303000030000000666278
310
2F42384135303843342D343331462D343546312D424341352D3532343432364645413344462F636E782E786D6CD593C16EC32010447F0571AD6CE3D489D20813A9877E410FBD62D82434182CC055F3F75D1292E692438FBD206B7698593D61BEFD1E2DF982108D773D6D6B460938E5B571FB9ECE6957AD29D90A1EBC4F7736
310
4A9C1CA1A759A682EF839FA72269D8C9D92654AD71C72206887E0E0A22CAF926B15E498B01E0AA19451807D01A34B919F16B070157417138917400F2F6FA41FCF0092A45DEE414C19BDC21783E4BD39D891265658C3D8DEA00A3ACE59CBC8678ACB54CB26EEB6BD7839D7E9348BE70AD9C8321B9BCA7F9A4A26C542347DEE0
310
50F09802D22BA6749A800A394DD62899107273365E3C82CFC6A55557BC06C10774B7ABE7AEC3B0F34CF06446280E154026D0542C187BA9DAB6628BF7B6DBB0E5A65B3EB1F58631DE64BBE083F7B65CC218087E22CABB042E51D1F2268F1FE12B3EA24D40D63E9CFE00120194D60B9D5BC67FE6D39CDF37E20AF817881F504B
310
0304140006080800B670623BBFEF2E3B690500003C100000340000006662782F42384135303843342D343331462D343546312D424341352D3532343432364645413344462F6F626A656374732E786D6CAD575D739B3814FD2B0CFB0C98D84E931D4227B6938EA793B6534F3BFB90198F0099B001899144EAECAFDF231018B0
310
D37A3FFC609090EEE7B94757C1FB7D915B2F54C88CB31BDB7727B64559CC938CA53776A576CE956DBD0F03C1B9EA2DB32D460A7A63EB693B0C52C1ABD24C257447AA5C8D66EF177F5832A68CDA569C13296F6C193FD182B8A4523CA1F2D94D88226EBADBBBBEDB2C1C8A4D05299F46424B222853B014F30C52ACC6287F389C
310
D85E1878FA7B18E87FB36AFAF62AAFF667A83F635211161F291B8999FAB3D5DDC5FCDA99CF6653677679E13B8BFBC5CAF1DF4D27CBCBE5F2FAF6EE1A8AA51290642C117467871F101B91C581D77CEA2C36869F3229E68CD1B8F61F1ED6361B89092D294B90C78C4A68EB793D190E7D1D9BDEE7A91E1B95FDE9F3BCEAEFE809
310
6A6D6F9F7D4B79F4275C90E7A04248AA51D5C4C738DAE06F72885AC4796EBE65D22A88A22223B995679120E2D50EB1542F098381188D4EA111AE3DB043FF20AF6F2B4AE3D7D83D65E5AECA730D4D3BAC91BD05FEA992B565D95F549CD6069B90AB2A63EACA38A45E4B6A87D781574F86817E4C2FCCC72690D62E2729520E37
310
9BAF234797BAF6D62B3BFC781FED37BA1E4F2B2F052FA9501A3E80569BB8F6A9A364D4FA67654E6F803383981F82F21591FF84F23D9882BC896C3FDBCF8C162508933B2E0AE4C69DD43F6BD2BE38DDDBF10BF86CB4FA784D37F3AF16075E67EC9030DECA1FC0A55373F5DFF3378C591FA9BDF485C10B0A8C8BA909E5262639
310
A8E72163488806A595734C81CB77D1DE0ED7604A303B76913CEC0272F412782FF88EFF4636D8AA56DF7B322474C4B767303F625997056C7B032C473C592B36CEBD15F3F9FF5233B7ABCDC74D257624A60F8658567497B14CE1EC3C80B76FD02011038F9EE9EB0F2E12387A9C844D3F09855125116D1D731DF8B43D2CF4E0A0
310
79A020C6BE946BCE0B7EA1E1219331CD73C228AF5A2DDD31A4B1DA918CE91350854D40A71723140BFA92E94E62B0626016CEFA5864A50E5977E8753CEDBEE1CBB7F52780D20E17AF0BA0F5F9B02A3AD07DCC732EB6D1EBB661421BE0C39E21BABF0FE16D22EA6929407C8DE596724C88B749B6DB5512BC7B228ADFD7CB7EA6
310
3A22397E690BA8D5D8D4E40CEC8CDA23C2C0B7D5898640101CEC9C6D331CE328CB93CAFBBAC70A642DF70DF95155945B52F08AA973C23469FD69ADEF84F7BB18F983A8F8C90E37F5D35980B2139A1C523540813E824EF83448CF7C72B598CE97D7CEEDDDDD3B6736BFBC771677EF66CE6A7E7139F7A793E9EDF2B2B3A8B624
310
0CDA13AA5F8388264EC4A0129909F3B7F5A16CEDF08128E97D680ACA4B9BE7B7B58BB638F0B00700EF36AE8B32A705658A68F83EE897FC2B41573190D1CCAF0B92D233A47CFEB019D9809933F67DD1A5467F8CF69AD9A5AE859342D45355448C64F968A371DC2D596ADC6E43D93D1B466F877A64E2893E54F23C4B40388995
310
525E5005DA3983ED45412510D3EFCA13737B3863F74BD30F2A12E5B4B5E489A025CE25500DB855B11ACE5BBFA185D35DD48D8DC3CE7DC69F2944DB42AA6F6CF09BCA622ADD08C7A36E7C6AE18000BAB08E040135C2D21C9D75B3A91B77BB746C403F38018DFE6EC939DD92F16B40BC05294B9CDA035AAD6D330AE27FE4786B
310
8E45145EA34A75BE1C263A676A35A8ACC6297337400BF16C54EF515F3F77CB77EB3583889C754FFA29081AA98E2222ADEF05DA3E63D2EDEA8B8756C05A7FB6CABC4A91CBF325398202CC952E70A008A830324BA200D5E5EF8F5F04C75DB4B0EE3340E071C98B823333B83577596BF3849B69F2085AA0FAFA212F26BEFF5877
310
FDE622B28D88A42E49E43326DA82D31E8CB006401E1DA726059ECEC168F97A6599036306A135688F9AD2E61A6EA178F4CD51974A9F2CCB9F36FE5EBD14601068D9C3BF01504B0304140006080000B670623B000000000000000000000000350000006662782F42384135303843342D343331462D343546312D424341352D35
310
32343432364645413344462F76657274696365732E62696E504B0304140006080800B670623BF270F1330600000004000000360000006662782F42384135303843342D343331462D343546312D424341352D3532343432364645413344462F747269616E676C65732E62696E636660600000504B0304140006080000B67062
310
3B000000000000000000000000370000006662782F42384135303843342D343331462D343546312D424341352D3532343432364645413344462F617474726962757465732E62696E504B0304140006080800B670623B08DA0BD19000000041010000360000006662782F42384135303843342D343331462D343546312D4243
310
41352D3532343432364645413344462F6469726563746F72792E786D6C858F410AC3201045AF22B36F53E9A60B35CBEEBAE80D244E44489C6234F4F835464A48035D0DF398FF9F8AF63D0E6CC63039F212F8F9020C7D47C6792B21C5FE7403D62A1188E2E60C98D7234A5830286103A55745067B9D86B8A3CF9C7F90C11DE6
310
07FB144396D7B6A82D282E9A152AD114D5EF2CB866EEE831B8EEA07A7BB5A8D7D61A2BAAEB7FD5F70921FF497D00504B0304140006080800B670623B3B4606F3FE000000A00100003B0000006662782F42384135303843342D343331462D343546312D424341352D3532343432364645413344462F7265736F75726365732F
310
636F72652E786D6C8D504B6E833010BD0A9A6D65B08134808CA354A427E8052C332156828DFCA97AFC9A40A576D7CDCCE87D344F8F9FBEE647F689CE6B6B7A6039850C8DB2A336530F315C4903D94970676DF82583CCC8197B5861107C72362E3BA4AC096842428D1D7107A5F71820538F74F4E0D50D6799CB1892C2DFF345
310
AABB9C306779A2934E701F5C0A906D4FD609C2A1B7D129F4BCD858C163D4E3AED163FAA9AF1A1D88F67CA98E6D35906AA82A52BFB39ABCD5CD915C86331BD86BD3B665CD8BD52C78D0F34F46E550061C419494B6843142CB0F5677F4D0D58717DA7494F26295FF31C565FCA7296A13AA728FBBD93C0896823C09C18BB5AFB4
310
9E65A6BD762BBE01504B010214000A0000080000B670623B3DEE336E79000000790000001B00000000000000000000000000000000006175746F6465736B2D64657369676E2D7061636B6167652E786D6C504B01021400140006080800B670623BD486FD9CA0000000F40000001300000000000000000000000000B2000000
310
5B436F6E74656E745F54797065735D2E786D6C504B01021400140006080800B670623B28ED286BEB0000007C010000080000000000000000000000000083010000636F72652E786D6C504B01021400140006080800B670623B55019EA25F0000007C000000070000000000000000000000000094020000636E782E786D6C50
310
4B01021400140006080800B670623B7BC41AC871010000D40300000C00000000000000000000000000180300006662782F636F72652E786D6C504B01021400140006080800B670623B70102A487D0000009D0000000B00000000000000000000000000B30400006662782F636E782E786D6C504B01021400140006080800B6
310
70623B3610CA3329010000120200003100000000000000000000000000590500006662782F42384135303843342D343331462D343546312D424341352D3532343432364645413344462F636F72652E786D6C504B01021400140006080800B670623B1B8617914E010000330300003000000000000000000000000000D10600
310
006662782F42384135303843342D343331462D343546312D424341352D3532343432364645413344462F636E782E786D6C504B01021400140006080800B670623BBFEF2E3B690500003C10000034000000000000000000000000006D0800006662782F42384135303843342D343331462D343546312D424341352D35323434
310
32364645413344462F6F626A656374732E786D6C504B01021400140006080000B670623B0000000000000000000000003500000000000000000000000000280E00006662782F42384135303843342D343331462D343546312D424341352D3532343432364645413344462F76657274696365732E62696E504B010214001400
310
06080800B670623BF270F133060000000400000036000000000000000000000000007B0E00006662782F42384135303843342D343331462D343546312D424341352D3532343432364645413344462F747269616E676C65732E62696E504B01021400140006080000B670623B00000000000000000000000037000000000000
310
00000000000000D50E00006662782F42384135303843342D343331462D343546312D424341352D3532343432364645413344462F617474726962757465732E62696E504B01021400140006080800B670623B08DA0BD1900000004101000036000000000000000000000000002A0F00006662782F42384135303843342D3433
310
31462D343546312D424341352D3532343432364645413344462F6469726563746F72792E786D6C504B01021400140006080800B670623B3B4606F3FE000000A00100003B000000000000000000000000000E1000006662782F42384135303843342D343331462D343546312D424341352D3532343432364645413344462F72
310
65736F75726365732F636F72652E786D6C504B0506000000000E000E0080040000651100000000
  0
XRECORD
  5
187
102
{ACAD_REACTORS
330
186
102
}
330
186
100
AcDbXrecord
280
     1
 70
     1
 90
429727718
  1
887D55A9-D0DD-414E-B741-A7DCD4DA2B4C
310
504B03040A0000080000B670623B3DEE336E79000000790000001B0000006175746F6465736B2D64657369676E2D7061636B6167652E786D6C3C3F786D6C2076657273696F6E3D22312E302220656E636F64696E673D227574662D3822203F3E3C666F726D6174733E3C666F726D61743E687474703A2F2F736368656D612E
310
6175746F6465736B2E636F6D2F64657369676E2D7061636B6167652F323030393C2F666F726D61743E3C2F666F726D6174733E504B0304140006080800B670623BD486FD9CA0000000F4000000130000005B436F6E74656E745F54797065735D2E786D6C7D8EC10E82300C865F65E91D8A1E8C310C0EEA1BF002731658846E
310
D98AC1B77784ABF1D8FE5FBFBF75BBCE937A534CCEB38643598122B6FEE978D0B0485F9C41B54DDD7D022595594E1A469170414C76A4D9A4D207E29CF43ECE46F218070CC6BECC4078ACAA135ACF422C856C0E68EA1BF5669944DDD7BCDE7B1F8E415D77AECB980613C2E4AC91FC167A2B244592486606FC29C8FD7F045B9A
310
EF7053A7E60B504B0304140006080800B670623BBC1638F5EC0000007C01000008000000636F72652E786D6C8D90416EC3201045AF82665B61836BE2D8C24471DB9CA01740401C94182C03558F5F9C3852BBEB6A467FFE9B197D7EF89E6EE8CB2CC17AD7032D0820E394D7D68D3DA478C67B4007C117EFE32F1B202727D3C3
310
2A83E0E3E2D3BC49CABB685CCCAAF3DA6CA20CC14440EA969B1E82BA98491632C5EC08D76296EA2A4753D06797E194AC468F2356E77DF66CCD02825543D50CACC62D39ED70FDC68EB8FD68F6F8787A6784342D1DDA1D2F5758F068A7E77DB518198D065111D2624A31A93E69DD11D6D5EC85EC3B4278B9DAFF4069D6FF8492
310
75F1B5DADE7D600104CD8FDC0782976B16B9DC83CA75CD4DFC00504B0304140006080800B670623B55019EA25F0000007C00000007000000636E782E786D6C4DCB3B0E80201045D1AD90E915ED2CF8AC45050C11660C8261F98AB1B07AC9C97D42D718D865D3E909258CFD00CCE24AC6E326A164D74DC0B4128928FF326038
310
472BA13128B1252AC747C6BAB984FC68F0B87FE8960A5C09FE86CFB69FBA01504B0304140006080800B670623B3586FFB671010000D40300000C0000006662782F636F72652E786D6CC553ED6E8320147D15C2DF4541A76D6D90A6DDD627D80B50A4CE54C120983EFEAE1F4DD7A55BBA5FF3879273EEE59E7310B6393735EA
310
95ED2AA3731C851423A5A5292A5DE6D8BB63B0C268C39935C67D29C3488B46E578803167A535BE9D2169B453DA01AA4DA16650749D7218C91A1639EEE4876A4428BC838AEE14B6429E44A9C228041AEA38EB9C0501681A32BC313F1ECE8C4C3867DE57C5CC56054CAB8E95B298A7F12E5EEED224C8E87E11242FE936C8DE96
310
AB60BB7F4D295D66D12E5B30323473E6AAE6A24E5A259C2A308F29CD82280A68FC1E256B9AAE93F489AED694323294DF34F9B678B0C957DA3DC7B3DCA9ADC33C022123F1CD2D44E450277AD04338234388F01913BE0D1A0281909D38D4171F27807A259DB1093085F157AA17B557309586747CD0CF0B46A64E983A6E0EAEEF
310
CE881F9EF1FB8E70D44297604238581EBC1B74B249C31C5AAB6CD0BB33D2C636A27ECCC62F0EFF445DC5DF95244D6DEC7F2922F30191F9F720C37DE49F504B0304140006080800B670623B4220A0FF7D0000009D0000000B0000006662782F636E782E786D6C4DCCD10A83201886E15B91FFDCE542CB0335D0EC3E6259C84A
310
C3E9D8E5AF46073BFAE0E1E315DD675BD1DBA5978F41C2FD4600B9F088930F8B849267CC01754AA418F3DF0D50183727E164506249B1EC174D6E1ECB9A0F5D7D785E68DB8151CD286E5A5363CA6B8A39E90D36D40E96B086F55A43A544F52B1D7B86D517504B0304140006080800B670623B2FA3FEDE290100001202000031
310
0000006662782F45374635344235342D363743322D343832342D383044432D4334454645303536354442422F636F72652E786D6C8D515B6EC32010BC0AE22B55850D2E386E848994D7097A0117488A1283C5A3CAF10BB523B57FF961D1ECCCECC0F2ED7DBC816FED8371B687A4C210682B9D32F6D2C314CFA883602BB8772E
310
FEA141608751F7B0C050F08B77695A20E96CD43666D43AA5177008414708E42D5F7A18E4971E876A483133C2B59A06791D2EBA22556E679EE021FA1C00CC43CA09C5717D6274C7286AD7FB06D1AEA1A8C3873DDAD3E3E98859CB0EBB1DAF67A1E02919B5C88DCA71CCD968FFAC49110B1ECDF8882FBD1EA256503418BF2342
310
106E3E08DD60B6A1EC15771B8C795DE8FF4469524F8A92B1F1AD59E2CEB20005E1F5DC105CB9F4797B84D1F7C9F908CABC55D0F2050A5C61CC1AD2F27A26E6E767C7962E8E213A9FBF7775FDCC5CC266DB960A5E970DE5F2BBBE5CCB36C50F504B0304140006080800B670623B1B8617914E01000033030000300000006662
310
782F45374635344235342D363743322D343832342D383044432D4334454645303536354442422F636E782E786D6CD593C16EC32010447F0571AD6CE3D489D20813A9877E410FBD62D82434182CC055F3F75D1292E692438FBD206B7698593D61BEFD1E2DF982108D773D6D6B460938E5B571FB9ECE6957AD29D90A1EBC4F77
310
364A9C1CA1A759A682EF839FA72269D8C9D92654AD71C72206887E0E0A22CAF926B15E498B01E0AA19451807D01A34B919F16B070157417138917400F2F6FA41FCF0092A45DEE414C19BDC21783E4BD39D891265658C3D8DEA00A3ACE59CBC8678ACB54CB26EEB6BD7839D7E9348BE70AD9C8321B9BCA7F9A4A26C542347DE
310
E050F09802D22BA6749A800A394DD62899107273365E3C82CFC6A55557BC06C10774B7ABE7AEC3B0F34CF06446280E154026D0542C187BA9DAB6628BF7B6DBB0E5A65B3EB1F58631DE64BBE083F7B65CC218087E22CABB042E51D1F2268F1FE12B3EA24D40D63E9CFE00120194D60B9D5BC67FE6D39CDF37E20AF817881F50
310
4B0304140006080800B670623B29652116630500003C100000340000006662782F45374635344235342D363743322D343832342D383044432D4334454645303536354442422F6F626A656374732E786D6CAD575D739B3814FD2B0CFB0C989834C90EA1639B24E3E9A6EDD4D3CE3E64C623834CD8006224913AFDF57B040203
310
B65BEF871F0C12D2FD3CF7E8CA7FBFCB33E3957291B2E2D674ED8969D02262715A24B76625B7D6B569BC0F7CCE98EC2D338D82E4F4D654D366E0279C55A59E8AE99654991CCDDECFFF3444440B6A1A514684B83545F44C7362934AB2988A173B2692D8C97667BB76B3702836E1A47C1E092D09A78584A5982F20C5688C7287
310
C389E904BEA3BE07BEFAD7ABA6A75739B53F43FD69212429A20365233153D70BEF2E2E6FAC4BCF9B5ADEBB0BD79ADFCF43CBBD9A4E16EF168B9BD9DD0D140BC921495BC2E9D60C1E101B9E46BED37CEA2CD6861F3329624541A3DA7F7858DBAC25C6B4A4458C3CA654405BCFEBC970E8AAD8F43E4FD558ABEC4F9FE7557F47
310
4F506B7BFBEC5BCA367FC105710E2AB8A00A554D7CB4A30DFE26FBA86D18CBF4B75418399194A72433B274C3097F33032C554B027F2046A1932B842B0FCCC0DDCBEBDB8AD2F835768F59B9ADB24C41D30C6A64AF817F2A456D59FA83F2E3DA60137255A585BCD60EC9B7929AC18DEFD49381AF1ED30BFDB109A4B1CD488294
310
C3CDE6EBC8D185AABD6568061FEE37BB95AAC7E3CA4BCE4ACAA5820FA0D526AE7DAA2869B5EE5999531BE0CC20E6FBA07C41E43FA27CF7A6206F3CDD793B4F6B919C1462CB788EDCD893FA674CDA17AB7B3B7C019F8D561FAEE966FED562DFE98C1D12C6A9FC015C2A35D7FF3D7FC398F591DA4B5FE0BFA2C0189FEA50AE22
310
92817A1ED3020951A03432862970F976B33383259812CC8E5D240BBA801CBCF8CE2BBEE3BF910DB6AAD5F79E05123AE2DB33981FB1ACCB02B69D00CB014FD68AB573A7627EF9BFD4CC2C5C7D58557C4B22FAA88925A4DBB44825CECE3D78FB060D1231F0E885BE7D673C86A3874958F593906B5502D1563157814FDAC3420D
310
F69A070A22EC4B98E23CFF171A1E5311D12C23056555ABA53B8614563B92D17D02AAB009E8F46284624E5F53D5490C560CCCC2591FF1B45421EB0EBD8EA7ED13BE7C5D7E0428CD60FEF60779EB13E6664FF711CB185F6FDED60D139A001FF60CD1FD6D086F1D51474901E26B2CB794A343BC8ED3EDB612E0DD2351FCB65CF4
310
33D511C9E14B5B40ADC6A6263DB0336A8F700DDF56271A024E70B0B3629DE21847591E55DED73D56206AB927E46FAABC5C939C55853C274C93D69FD6FA4E78BF8B11DF898C9ECD60553FAD39283BA6F18984AA23E8884F83F45C5F5F859797B31B2B9C84A1E5B9DE9D35BFF25C6B76152E422F9C5DCC3D847F5801ED09D5AF
310
41441327A25FF15487F9EB725FB666F048A4701E9A827292E6F97569A32DF61DEC01C0BB8DCBBCCC684E0B49147C1FD54BF685A0AB18C868E6973949E819523E3DAC463660E68C7D9F55A9D1EFA3BD7A76A16AE1A810F95CE59B82A4D968A376DC2E8B44BBDD86B27B368CDE0ED548C7137DA860591A83706223A12CA712B4
310
7306DBF39C0A20A6DF95C7FAF670C6EED7A61F946493D1D6926782963813403548A78AE470DEF80D2D9CEAA26E4D1C76F60BFE74219A06527D6B82DF641A51616F703CAAC6A7160E08A00BEB4810A0274592A1B36E3675E36E978A0DE80727A0D6DF2D39A75BD27E0D8837276589537B40ABB56D5A41F48F1C6FCD3188C4EB
310
A6929D2FFB89CE995A4D00AE813BDD032DC48B56BD437DFDDC2DD7AED70C2272D63DE9A72068A45A92F0A4BE17A8A06B9366E16707AD80B1FC649459952097E74BB23805982B55E0401150A165964402AA8BDF9F3E7386BB686EDCA780C0D382E5392BF460A6EFB2C6EA1937D3F809B440D5F5435C4C5CF7A9EEFAF54564BD
310
2182DA24162F98680B4E7930C21A0079709CEAEB99A372305ABE0C0D7D6078105A83F6A0296DAEE1068A47DD1C55A9F4C9B2FC69E3EFD44B81028E963DF81B504B0304140006080000B670623B000000000000000000000000350000006662782F45374635344235342D363743322D343832342D383044432D433445464530
310
3536354442422F76657274696365732E62696E504B0304140006080800B670623BF270F1330600000004000000360000006662782F45374635344235342D363743322D343832342D383044432D4334454645303536354442422F747269616E676C65732E62696E636660600000504B0304140006080000B670623B00000000
310
0000000000000000370000006662782F45374635344235342D363743322D343832342D383044432D4334454645303536354442422F617474726962757465732E62696E504B0304140006080800B670623B08DA0BD19000000041010000360000006662782F45374635344235342D363743322D343832342D383044432D4334
310
454645303536354442422F6469726563746F72792E786D6C858F410AC3201045AF22B36F53E9A60B35CBEEBAE80D244E44489C6234F4F835464A48035D0DF398FF9F8AF63D0E6CC63039F212F8F9020C7D47C6792B21C5FE7403D62A1188E2E60C98D7234A5830286103A55745067B9D86B8A3CF9C7F90C11DE607FB144396
310
D7B6A82D282E9A152AD114D5EF2CB866EEE831B8EEA07A7BB5A8D7D61A2BAAEB7FD5F70921FF497D00504B0304140006080800B670623B6378F24DFF000000A00100003B0000006662782F45374635344235342D363743322D343832342D383044432D4334454645303536354442422F7265736F75726365732F636F72652E
310
786D6C8D504B6E833010BD0A9A6D65B0094E42641C85B639412F6099496225D8C89FAAC7AF09546A77DDCC8CDE47F3F4C4F16B7C149FE88371B603565228D06A37187BED20C50BD9437194C23B177FC9A0B06AC40E6618A4B87A97A615D2CE46B431A3D60DB8822A048C50E8473E3A08FA86A32A558A5911EEE5A4F45D5DB1
310
6465A6B34E8A107D0E502C4FE609D26370C96B0CA25A58295232C3AA3143FE692E063D485EF7F5AEE71BD2D2F39634AFFC44DAF7DD9E9CCE6F9CD25DCBFA762BAAD92C4534E34F46ED51451C40D694B6843142EB0FD61C283F34FC85EE0F948A6A96FF31A569F8A729191B37F51A77B105902C0779125254735F793DCBCC7B
310
EE567E03504B010214000A0000080000B670623B3DEE336E79000000790000001B00000000000000000000000000000000006175746F6465736B2D64657369676E2D7061636B6167652E786D6C504B01021400140006080800B670623BD486FD9CA0000000F40000001300000000000000000000000000B20000005B436F6E
310
74656E745F54797065735D2E786D6C504B01021400140006080800B670623BBC1638F5EC0000007C010000080000000000000000000000000083010000636F72652E786D6C504B01021400140006080800B670623B55019EA25F0000007C000000070000000000000000000000000095020000636E782E786D6C504B010214
310
00140006080800B670623B3586FFB671010000D40300000C00000000000000000000000000190300006662782F636F72652E786D6C504B01021400140006080800B670623B4220A0FF7D0000009D0000000B00000000000000000000000000B40400006662782F636E782E786D6C504B01021400140006080800B670623B2F
310
A3FEDE290100001202000031000000000000000000000000005A0500006662782F45374635344235342D363743322D343832342D383044432D4334454645303536354442422F636F72652E786D6C504B01021400140006080800B670623B1B8617914E010000330300003000000000000000000000000000D2060000666278
310
2F45374635344235342D363743322D343832342D383044432D4334454645303536354442422F636E782E786D6C504B01021400140006080800B670623B29652116630500003C10000034000000000000000000000000006E0800006662782F45374635344235342D363743322D343832342D383044432D4334454645303536
310
354442422F6F626A656374732E786D6C504B01021400140006080000B670623B0000000000000000000000003500000000000000000000000000230E00006662782F45374635344235342D363743322D343832342D383044432D4334454645303536354442422F76657274696365732E62696E504B01021400140006080800
310
B670623BF270F13306000000040000003600000000000000000000000000760E00006662782F45374635344235342D363743322D343832342D383044432D4334454645303536354442422F747269616E676C65732E62696E504B01021400140006080000B670623B0000000000000000000000003700000000000000000000
310
000000D00E00006662782F45374635344235342D363743322D343832342D383044432D4334454645303536354442422F617474726962757465732E62696E504B01021400140006080800B670623B08DA0BD190000000410100003600000000000000000000000000250F00006662782F45374635344235342D363743322D34
310
3832342D383044432D4334454645303536354442422F6469726563746F72792E786D6C504B01021400140006080800B670623B6378F24DFF000000A00100003B00000000000000000000000000091000006662782F45374635344235342D363743322D343832342D383044432D4334454645303536354442422F7265736F75
310
726365732F636F72652E786D6C504B0506000000000E000E0080040000611100000000
  0
XRECORD
  5
112
102
{ACAD_REACTORS
330
110
102
}
330
110
100
AcDbXrecord
280
     1
270
     1
271
     1
  0
XRECORD
  5
111
102
{ACAD_REACTORS
330
110
102
}
330
110
100
AcDbXrecord
280
     1
270
     1
271
     1
  0
XRECORD
  5
18A
102
{ACAD_REACTORS
330
110
102
}
330
110
100
AcDbXrecord
280
     1
 70
     0
 90
1778669749
  1
9BF507EE-FAF7-4A99-A33D-4EE51894BC40
310
504B03040A0000080000B670623B3DEE336E79000000790000001B0000006175746F6465736B2D64657369676E2D7061636B6167652E786D6C3C3F786D6C2076657273696F6E3D22312E302220656E636F64696E673D227574662D3822203F3E3C666F726D6174733E3C666F726D61743E687474703A2F2F736368656D612E
310
6175746F6465736B2E636F6D2F64657369676E2D7061636B6167652F323030393C2F666F726D61743E3C2F666F726D6174733E504B0304140006080800B670623BD486FD9CA0000000F4000000130000005B436F6E74656E745F54797065735D2E786D6C7D8EC10E82300C865F65E91D8A1E8C310C0EEA1BF002731658846E
310
D98AC1B77784ABF1D8FE5FBFBF75BBCE937A534CCEB38643598122B6FEE978D0B0485F9C41B54DDD7D022595594E1A469170414C76A4D9A4D207E29CF43ECE46F218070CC6BECC4078ACAA135ACF422C856C0E68EA1BF5669944DDD7BCDE7B1F8E415D77AECB980613C2E4AC91FC167A2B244592486606FC29C8FD7F045B9A
310
EF7053A7E60B504B0304140006080800B670623BCA089DFFEC0000007C01000008000000636F72652E786D6C8D90416E83301045AF62CDB632D8402020E32882F604BD80653BC44AB011B6AB1EBF262152BBEB6A467FFE9B197D76FA9EEFE84BAFDE38DB03CD08206DA553C64E3DC470C1474027CE56E7C22F1B202B66DDC3
310
260367D3EAE2B24BD2D9A06D48AA754AEFA2F05E0740F29E9A1EBCBCEA59642286E4F0B76C11F226269DD15797E0188D42CF2346A57DE662F40ABCAEC77628C6120F654571D50C04B7F5B9C1E3997CD4F550BE3745C3F20DE62C98F9755FAE5A04AD801784B498524C8A4F5A75E4D055873772EC0861F966FF03C545FD138A
310
C686B2D8DF7D621E384D8F3C069CE55B16A93C824A75CB8DFF00504B0304140006080800B670623B55019EA25F0000007C00000007000000636E782E786D6C4DCB3B0E80201045D1AD90E915ED2CF8AC45050C11660C8261F98AB1B07AC9C97D42D718D865D3E909258CFD00CCE24AC6E326A164D74DC0B4128928FF326038
310
472BA13128B1252AC747C6BAB984FC68F0B87FE8960A5C09FE86CFB69FBA01504B0304140006080800B670623B68FC0B7272010000D40300000C0000006662782F636F72652E786D6CC5535B6E833010BC8AE5DF0A6C1E8124328E22D29EA01770C0A128602363A31CBFCB234A53A555FA553EC09AD9F5CE8C31DB5DDA060D
310
D2F4B556190E7C8A9154852E6B5565D8D993B7C668C799D1DA7E29C3488956667884316795D1AE5BA0422B2B950554E9522EA0E87B69312A1A5864B82F3E642B7CE12C54F467BF13C55954D20F7CA0A18EB3DE1A1080E621E31BF3D3F1C2C88C73E65C5D2E6C5DC2B4FA544B8379921C36797888BC3C8A032F4E73EA6D927D
310
EA1DF6F42D49F2E8350D5346C666CE6CDD5ED515460A2B4BCC434A375E1078347C0FE22D5D6DE3D50B5D6F2965642CBF6B725DF96493AB958DC245EEDCD6631E809089F8E61622B2A81703E8219C913144F84C09DF070D8140C8561C9BAB8F3340832CAC363130A576376A108D933095FA747AD0CF0B46E64E983A6D0EAE1F
310
CE089F9EF1FB8E70D44255604258581E9D1D75B259C3125A278D37D80B52DAB4A279CEC62F0EFF44DDC43F9454E8469BFF5244960322CBEF41C6FBC83F01504B0304140006080800B670623B0F71DDB67E0000009D0000000B0000006662782F636E782E786D6C4DCCD10A83201886E15B91FFDCA54DB73F502386BB8F5816
310
32D3703976F9ABD1C18E3E78F87855FB990379BBFCF2296AE02706C4C5471A7C9C349475A408A4352AA7B4FEDD80C47E761A7606A3A69CCA72D0E0C6BE8475D3E0E3F3409428EA6B27A84079A782899AA2EC1A7AE3ECCC2FD858CB2D544655BFD2B67BD87C01504B0304140006080800B670623BE134B4FB28010000120200
310
00310000006662782F38353834323741342D343835462D343034322D383541392D4331303331363839454531452F636F72652E786D6C8D515B6EC32010BC0AE22B55850D0EA424C24451959EA0172086A42831583CAA1CBF503B52FB971F16CDCECC0EACD8DFC71BF836215AEF7A481A0C817183D7D65D7A98D3197108F652
310
04EFD31F1A044E8DA6871586525C82CFD3020DDE25E352419DD76601558C264130DCCAA58771F832A36A544E8511AFCDA486ABBA988634A55D7852C4144A00300FA927949C71DABD1D28A29C7D208A6987383B6CD13BC16BB2E1DBE3911C453B0BA5C8D9EA456E758963CFD684674DAA588A64C747FC2118958C86B2C3788B
310
0841B8FB247487D98EB257CC77188BB6D2FF89F2A49F1465EBD2BA5BE2CEB2082511EDDC9042FB7CBA3DC298FBE4430275DE2A9AE1054ADC60CC08E3A29D89E5F9C5714317C7987C28DFBBBA9E0A97B0D97643A568EB864AF95D5FA9759BF207504B0304140006080800B670623B1B8617914E010000330300003000000066
310
62782F38353834323741342D343835462D343034322D383541392D4331303331363839454531452F636E782E786D6CD593C16EC32010447F0571AD6CE3D489D20813A9877E410FBD62D82434182CC055F3F75D1292E692438FBD206B7698593D61BEFD1E2DF982108D773D6D6B460938E5B571FB9ECE6957AD29D90A1EBC4F
310
77364A9C1CA1A759A682EF839FA72269D8C9D92654AD71C72206887E0E0A22CAF926B15E498B01E0AA19451807D01A34B919F16B070157417138917400F2F6FA41FCF0092A45DEE414C19BDC21783E4BD39D891265658C3D8DEA00A3ACE59CBC8678ACB54CB26EEB6BD7839D7E9348BE70AD9C8321B9BCA7F9A4A26C542347
310
DEE050F09802D22BA6749A800A394DD62899107273365E3C82CFC6A55557BC06C10774B7ABE7AEC3B0F34CF06446280E154026D0542C187BA9DAB6628BF7B6DBB0E5A65B3EB1F58631DE64BBE083F7B65CC218087E22CABB042E51D1F2268F1FE12B3EA24D40D63E9CFE00120194D60B9D5BC67FE6D39CDF37E20AF817881F
310
504B0304140006080800B670623B5933D422630500003B100000340000006662782F38353834323741342D343835462D343034322D383541392D4331303331363839454531452F6F626A656374732E786D6CAD575B6FA33814FE2B887D0642934E9B156594264D158D3A534DD4D13E548A0C38942D60649B4EBABF7E3F8321
310
40924EF6928780CDF1B97EE762EFF32E4B8D37CA45C2F21BD3B547A641F39045491EDF98A5DC5AD7A6F1D9F73863B243661A39C9E88DA9B64DDF8B392B0BBD15D12D295339D85DDEFE618890E6D434C2940871638AF08566C426A5641115AF764424B1E3EDCE76ED9AB0CF36E6A47819302D08A7B984A6D8CFC1C5A89572FB
310
CB91E9F89EA3BEFB9EFAD754E3D3544E654F5F7E920B49F2F040D880CDD89D2CEE2E2EA7D6E56432B6269F2E5CEB7679BBB0DCABF168FE693E9FCEEEA6102C240727AD09A75BD3BF876F78127A4EFDA9D5582B7E4CA590E5390D2BFB6161A5B3E618D182E611E2985001691DAB47FDA5AB7CD3F93C566B2DB2BB7D9E55DD13
310
1D468DEECDB3AB290BFE8409E21C54704115AA6AFF68436BFC8DF65E0B184BF5B74418199194272435D224E084BF9B3E481589EFF5D828747285706581E9BB7B7E5D5D911ABFC6EE312DB7659A2A689A7E85EC0DF04FA5A8344BFEA2FCB834E8845895492EAFB541F2BDA0A63FF59C6AD3F7D4637CA13FD68E34B629891172
310
98597F1D183A57B9B75A98FE9765B05BAB7C3C2EBCE0ACA05C2AF8005A4DE09AA7F29216EB9E15397500C6F47CBE77CA7778FE2BD277AF0AE2C693DD6437D1522427B9D8329E2136F6A8FA19A3E6C56ADF0E5F50CF06D48734EDCEBF22F69C56D97EC138153F804B85E6FABFC7AFEFB32E523BE1F3BD372418E363EDCA7548
310
52949E8724474014288D94610BB57C1BEC4C7F854A89CA8E5324F55B871CBC78CE1BBEE3BFE68D6A5589EF3C730474506FCFA8FCF0659516D0ED04580EEA6425581B77CAE797FF4BCECC16EB2FEB926F49481F746159D06D922712BD730FDEAE42BD40F42C7AA5EF3F198F60E86110D6DD20645A9480B795CF95E3E3A659A8
310
C55E724F408873315335CFFB8584874484344D494E59D94869DB90C26A5B64F49C802CAC1D3ABE18A098D3B7444D123D8A9E5AE8F5214F0AE5B2B6E9B575DA3E61CBD3EA2B4009FA940524DD1305FB6A1FB294F14DF0BEA90BA109ECE1481FDC3FFAE8D60E75141700BE82725371B4873751B2DD960265F788137FACE6DD40
310
B575E4F0A5C99F46629D92131467A41EE11ABD8D4CCC039CA0AFB37C93A08B232B8F0AEFCA1E0A1015DF13FC83322B362463652ECF71D3A8B1A7D1BE65DE1D62C44F22C317D35F574FEB16153BA2D13E543D10A80E74C4A65E78A6B7CBCBD1D5DD9DB59C2DAFACC96C3AB566E3F1C29ADCDD5DBAD7D3C9ED7C822ED74F80A6
310
41755310DE4443F44A9E68373FADF6596BFA0F440AE7BECE2727AE9F4F2B1B53B1E7E00CF0DD1E5C65454A339A4BA2D0FBA05ED2EF0443458F47BDBFCA484CCFE0F2ED7E3DD0013B679C7B5499467F0ECEEADDB9CA85A34CE44B99053949D2C1416DB85DE4B136BB7165FBAC0B7AB3542BED4F8CA182A549847A1319316519
310
95A83A67147B9E5101C47487F2485F1ECE38FD568F839204296D3479219888530154036E6528FBFBC66F98E0D4107563A2D7D9AFF8D389681A08F58D89F22693900A3B407754734FC51C10C010D6D640809EE4718AC1BA3ED4AEDB53CA37283F68805A7E4B72CEB0A4EDEAD5DD8C14059A76AFAA56BA6901E13F32BC51C720
310
12AF41295B5BF61BAD3195181FB506E6B40F4C10AF5AF40EF9F5B159AE5DD1F43C72D635E94310D45C2D49785C5D0B94D3B54AB3C5A38349C0587D338AB48C11CBF339599C02CCA54A70A008A8D03C0B2201D5F9EFCF8F9CE12A9A19CB0410789EB32C63B95ECCF455D658BFE0621A3DA32C5075FB101723D77DAE867E7D0F
310
D90444509B44E2151B4DC2290B065803200FBAA9BE9D392A0603F2D5C2D00D6302A615680F66D2FA166E2079D4C551A54AB758161FCEFD4E450A14704CECFEDF504B0304140006080000B670623B000000000000000000000000350000006662782F38353834323741342D343835462D343034322D383541392D4331303331
310
363839454531452F76657274696365732E62696E504B0304140006080800B670623BF270F1330600000004000000360000006662782F38353834323741342D343835462D343034322D383541392D4331303331363839454531452F747269616E676C65732E62696E636660600000504B0304140006080000B670623B000000
310
000000000000000000370000006662782F38353834323741342D343835462D343034322D383541392D4331303331363839454531452F617474726962757465732E62696E504B0304140006080800B670623B08DA0BD19000000041010000360000006662782F38353834323741342D343835462D343034322D383541392D43
310
31303331363839454531452F6469726563746F72792E786D6C858F410AC3201045AF22B36F53E9A60B35CBEEBAE80D244E44489C6234F4F835464A48035D0DF398FF9F8AF63D0E6CC63039F212F8F9020C7D47C6792B21C5FE7403D62A1188E2E60C98D7234A5830286103A55745067B9D86B8A3CF9C7F90C11DE607FB1443
310
96D7B6A82D282E9A152AD114D5EF2CB866EEE831B8EEA07A7BB5A8D7D61A2BAAEB7FD5F70921FF497D00504B0304140006080800B670623BD9A3B367FE000000A00100003B0000006662782F38353834323741342D343835462D343034322D383541392D4331303331363839454531452F7265736F75726365732F636F7265
310
2E786D6C8D504B6E833010BD0A9A6D65B01D0201194711694FD00B586642AD043BF2A7EAF16B122AB5BB6E6646EFA3797AE2F8B5DC8A4FF4C1383B002B291468B59B8C9D0748F1420E501CA5F0CEC55F3228AC5A708015062966EFD27D83B4B3116DCCA875136EA00A012314FA968F0182FEC045952AC5AC08D7F2AEF455CD
310
58B232D3592745883E07289E4FD609D26370C96B0CA27AB252A464A64D63A6FCD35C0C7A904D73EE467EE664DCD58CD4ED4849D79C5A723ED1B7A61977AF2D6F45B59AA58866F9C9A83DAA8813484E6947182394BFB3BAA7FBBEDEBFD0434FA9A856F91F53BA4FFF342563E38E6F719FB60092E5200F428A6AED2BAF479979
310
AFDDCA6F504B010214000A0000080000B670623B3DEE336E79000000790000001B00000000000000000000000000000000006175746F6465736B2D64657369676E2D7061636B6167652E786D6C504B01021400140006080800B670623BD486FD9CA0000000F40000001300000000000000000000000000B20000005B436F6E
310
74656E745F54797065735D2E786D6C504B01021400140006080800B670623BCA089DFFEC0000007C010000080000000000000000000000000083010000636F72652E786D6C504B01021400140006080800B670623B55019EA25F0000007C000000070000000000000000000000000095020000636E782E786D6C504B010214
310
00140006080800B670623B68FC0B7272010000D40300000C00000000000000000000000000190300006662782F636F72652E786D6C504B01021400140006080800B670623B0F71DDB67E0000009D0000000B00000000000000000000000000B50400006662782F636E782E786D6C504B01021400140006080800B670623BE1
310
34B4FB280100001202000031000000000000000000000000005C0500006662782F38353834323741342D343835462D343034322D383541392D4331303331363839454531452F636F72652E786D6C504B01021400140006080800B670623B1B8617914E010000330300003000000000000000000000000000D3060000666278
310
2F38353834323741342D343835462D343034322D383541392D4331303331363839454531452F636E782E786D6C504B01021400140006080800B670623B5933D422630500003B10000034000000000000000000000000006F0800006662782F38353834323741342D343835462D343034322D383541392D4331303331363839
310
454531452F6F626A656374732E786D6C504B01021400140006080000B670623B0000000000000000000000003500000000000000000000000000240E00006662782F38353834323741342D343835462D343034322D383541392D4331303331363839454531452F76657274696365732E62696E504B01021400140006080800
310
B670623BF270F13306000000040000003600000000000000000000000000770E00006662782F38353834323741342D343835462D343034322D383541392D4331303331363839454531452F747269616E676C65732E62696E504B01021400140006080000B670623B0000000000000000000000003700000000000000000000
310
000000D10E00006662782F38353834323741342D343835462D343034322D383541392D4331303331363839454531452F617474726962757465732E62696E504B01021400140006080800B670623B08DA0BD190000000410100003600000000000000000000000000260F00006662782F38353834323741342D343835462D34
310
3034322D383541392D4331303331363839454531452F6469726563746F72792E786D6C504B01021400140006080800B670623BD9A3B367FE000000A00100003B000000000000000000000000000A1000006662782F38353834323741342D343835462D343034322D383541392D4331303331363839454531452F7265736F75
310
726365732F636F72652E786D6C504B0506000000000E000E0080040000611100000000
  0
XRECORD
  5
113
102
{ACAD_REACTORS
330
110
102
}
330
110
100
AcDbXrecord
280
     1
270
     1
271
     1
  0
XRECORD
  5
114
102
{ACAD_REACTORS
330
110
102
}
330
110
100
AcDbXrecord
280
     1
270
     1
271
     1
  0
CELLSTYLEMAP
  5
C92
102
{ACAD_REACTORS
330
104
102
}
330
104
100
AcDbCellStyleMap
 90
        3
300
CELLSTYLE
  1
TABLEFORMAT_BEGIN
 90
        5
170
     1
 91
        0
 92
    32768
 62
   257
 93
        1
300
CONTENTFORMAT
  1
CONTENTFORMAT_BEGIN
 90
        0
 91
        0
 92
      512
 93
        0
300

 40
0.0
140
1.0
 94
        5
 62
     0
340
11
144
0.25
309
CONTENTFORMAT_END
171
     1
301
MARGIN
  1
CELLMARGIN_BEGIN
 40
0.06
 40
0.06
 40
0.06
 40
0.06
 40
0.18
 40
0.18
309
CELLMARGIN_END
 94
        6
 95
        1
302
GRIDFORMAT
  1
GRIDFORMAT_BEGIN
 90
        0
 91
        1
 62
     0
 92
       -2
340
0
 93
        0
 40
0.045
309
GRIDFORMAT_END
 95
        2
302
GRIDFORMAT
  1
GRIDFORMAT_BEGIN
 90
        0
 91
        1
 62
     0
 92
       -2
340
0
 93
        0
 40
0.045
309
GRIDFORMAT_END
 95
        4
302
GRIDFORMAT
  1
GRIDFORMAT_BEGIN
 90
        0
 91
        1
 62
     0
 92
       -2
340
0
 93
        0
 40
0.045
309
GRIDFORMAT_END
 95
        8
302
GRIDFORMAT
  1
GRIDFORMAT_BEGIN
 90
        0
 91
        1
 62
     0
 92
       -2
340
0
 93
        0
 40
0.045
309
GRIDFORMAT_END
 95
       16
302
GRIDFORMAT
  1
GRIDFORMAT_BEGIN
 90
        0
 91
        1
 62
     0
 92
       -2
340
0
 93
        0
 40
0.045
309
GRIDFORMAT_END
 95
       32
302
GRIDFORMAT
  1
GRIDFORMAT_BEGIN
 90
        0
 91
        1
 62
     0
 92
       -2
340
0
 93
        0
 40
0.045
309
GRIDFORMAT_END
309
TABLEFORMAT_END
  1
CELLSTYLE_BEGIN
 90
        1
 91
        1
300
_TITLE
309
CELLSTYLE_END
300
CELLSTYLE
  1
TABLEFORMAT_BEGIN
 90
        5
170
     1
 91
        0
 92
        0
 62
   257
 93
        1
300
CONTENTFORMAT
  1
CONTENTFORMAT_BEGIN
 90
        0
 91
        0
 92
      512
 93
        0
300

 40
0.0
140
1.0
 94
        5
 62
     0
340
11
144
0.18
309
CONTENTFORMAT_END
171
     1
301
MARGIN
  1
CELLMARGIN_BEGIN
 40
0.06
 40
0.06
 40
0.06
 40
0.06
 40
0.18
 40
0.18
309
CELLMARGIN_END
 94
        6
 95
        1
302
GRIDFORMAT
  1
GRIDFORMAT_BEGIN
 90
        0
 91
        1
 62
     0
 92
       -2
340
0
 93
        0
 40
0.045
309
GRIDFORMAT_END
 95
        2
302
GRIDFORMAT
  1
GRIDFORMAT_BEGIN
 90
        0
 91
        1
 62
     0
 92
       -2
340
0
 93
        0
 40
0.045
309
GRIDFORMAT_END
 95
        4
302
GRIDFORMAT
  1
GRIDFORMAT_BEGIN
 90
        0
 91
        1
 62
     0
 92
       -2
340
0
 93
        0
 40
0.045
309
GRIDFORMAT_END
 95
        8
302
GRIDFORMAT
  1
GRIDFORMAT_BEGIN
 90
        0
 91
        1
 62
     0
 92
       -2
340
0
 93
        0
 40
0.045
309
GRIDFORMAT_END
 95
       16
302
GRIDFORMAT
  1
GRIDFORMAT_BEGIN
 90
        0
 91
        1
 62
     0
 92
       -2
340
0
 93
        0
 40
0.045
309
GRIDFORMAT_END
 95
       32
302
GRIDFORMAT
  1
GRIDFORMAT_BEGIN
 90
        0
 91
        1
 62
     0
 92
       -2
340
0
 93
        0
 40
0.045
309
GRIDFORMAT_END
309
TABLEFORMAT_END
  1
CELLSTYLE_BEGIN
 90
        2
 91
        1
300
_HEADER
309
CELLSTYLE_END
300
CELLSTYLE
  1
TABLEFORMAT_BEGIN
 90
        5
170
     1
 91
        0
 92
        0
 62
   257
 93
        1
300
CONTENTFORMAT
  1
CONTENTFORMAT_BEGIN
 90
        0
 91
        0
 92
      512
 93
        0
300

 40
0.0
140
1.0
 94
        2
 62
     0
340
11
144
0.18
309
CONTENTFORMAT_END
171
     1
301
MARGIN
  1
CELLMARGIN_BEGIN
 40
0.06
 40
0.06
 40
0.06
 40
0.06
 40
0.18
 40
0.18
309
CELLMARGIN_END
 94
        6
 95
        1
302
GRIDFORMAT
  1
GRIDFORMAT_BEGIN
 90
        0
 91
        1
 62
     0
 92
       -2
340
0
 93
        0
 40
0.045
309
GRIDFORMAT_END
 95
        2
302
GRIDFORMAT
  1
GRIDFORMAT_BEGIN
 90
        0
 91
        1
 62
     0
 92
       -2
340
0
 93
        0
 40
0.045
309
GRIDFORMAT_END
 95
        4
302
GRIDFORMAT
  1
GRIDFORMAT_BEGIN
 90
        0
 91
        1
 62
     0
 92
       -2
340
0
 93
        0
 40
0.045
309
GRIDFORMAT_END
 95
        8
302
GRIDFORMAT
  1
GRIDFORMAT_BEGIN
 90
        0
 91
        1
 62
     0
 92
       -2
340
0
 93
        0
 40
0.045
309
GRIDFORMAT_END
 95
       16
302
GRIDFORMAT
  1
GRIDFORMAT_BEGIN
 90
        0
 91
        1
 62
     0
 92
       -2
340
0
 93
        0
 40
0.045
309
GRIDFORMAT_END
 95
       32
302
GRIDFORMAT
  1
GRIDFORMAT_BEGIN
 90
        0
 91
        1
 62
     0
 92
       -2
340
0
 93
        0
 40
0.045
309
GRIDFORMAT_END
309
TABLEFORMAT_END
  1
CELLSTYLE_BEGIN
 90
        3
 91
        2
300
_DATA
309
CELLSTYLE_END
  0
ENDSEC
  0
SECTION
  2
ACDSDATA
 70
     2
 71
     8
  0
ACDSSCHEMA
 90
        0
  1
AcDb_Thumbnail_Schema
  2
AcDbDs::ID
280
    10
 91
        8
  2
Thumbnail_Data
280
    15
 91
        0
101
ACDSRECORD
 95
        0
 90
        1
  2
AcDbDs::TreatedAsObjectData
280
     1
291
     1
101
ACDSRECORD
 95
        0
 90
        2
  2
AcDbDs::Legacy
280
     1
291
     1
101
ACDSRECORD
  1
AcDbDs::ID
 90
        3
  2
AcDs:Indexable
280
     1
291
     1
101
ACDSRECORD
  1
AcDbDs::ID
 90
        4
  2
AcDbDs::HandleAttribute
280
     7
282
     1
  0
ACDSSCHEMA
 90
        1
  1
AcDbDs::TreatedAsObjectDataSchema
  2
AcDbDs::TreatedAsObjectData
280
     1
 91
        0
  0
ACDSSCHEMA
 90
        2
  1
AcDbDs::LegacySchema
  2
AcDbDs::Legacy
280
     1
 91
        0
  0
ACDSSCHEMA
 90
        3
  1
AcDbDs::IndexedPropertySchema
  2
AcDs:Indexable
280
     1
 91
        0
  0
ACDSSCHEMA
 90
        4
  1
AcDbDs::HandleAttributeSchema
  2
AcDbDs::HandleAttribute
280
     7
 91
        1
284
     1
  0
ACDSRECORD
 90
        0
  2
AcDbDs::ID
280
    10
320
22
  2
Thumbnail_Data
280
    15
 94
      896
310
89504E470D0A1A0A0000000D49484452000001000000009108030000001BE1960600000300504C5445212830FFFFFF2128300000000000000000000000000000000000000000000000000000330000660000990000CC0000FF0033000033330033660033990033CC0033FF0066000066330066660066990066CC0066FF0099
310
000099330099660099990099CC0099FF00CC0000CC3300CC6600CC9900CCCC00CCFF00FF0000FF3300FF6600FF9900FFCC00FFFF3300003300333300663300993300CC3300FF3333003333333333663333993333CC3333FF3366003366333366663366993366CC3366FF3399003399333399663399993399CC3399FF33CC00
310
33CC3333CC6633CC9933CCCC33CCFF33FF0033FF3333FF6633FF9933FFCC33FFFF6600006600336600666600996600CC6600FF6633006633336633666633996633CC6633FF6666006666336666666666996666CC6666FF6699006699336699666699996699CC6699FF66CC0066CC3366CC6666CC9966CCCC66CCFF66FF0066
310
FF3366FF6666FF9966FFCC66FFFF9900009900339900669900999900CC9900FF9933009933339933669933999933CC9933FF9966009966339966669966999966CC9966FF9999009999339999669999999999CC9999FF99CC0099CC3399CC6699CC9999CCCC99CCFF99FF0099FF3399FF6699FF9999FFCC99FFFFCC0000CC00
310
33CC0066CC0099CC00CCCC00FFCC3300CC3333CC3366CC3399CC33CCCC33FFCC6600CC6633CC6666CC6699CC66CCCC66FFCC9900CC9933CC9966CC9999CC99CCCC99FFCCCC00CCCC33CCCC66CCCC99CCCCCCCCCCFFCCFF00CCFF33CCFF66CCFF99CCFFCCCCFFFFFF0000FF0033FF0066FF0099FF00CCFF00FFFF3300FF3333
310
FF3366FF3399FF33CCFF33FFFF6600FF6633FF6666FF6699FF66CCFF66FFFF9900FF9933FF9966FF9999FF99CCFF99FFFFCC00FFCC33FFCC66FFCC99FFCCCCFFCCFFFFFF00FFFF33FFFF66FFFF99FFFFCCFFFFFF0000000D0D0D1A1A1A2828283535354343435050505D5D5D6B6B6B787878868686939393A1A1A1AEAEAEBB
310
BBBBC9C9C9D6D6D6E4E4E4F1F1F1FFFFFF0000000000000000000000000000000000000000000000000000000000002E4550F10000003B4944415478DAEDC13101000000C2A0F54F6D0B2FA0000000000000000000000000000000000000000000000000000000000000000000000000CE06919100016C9A5B1B0000000049
310
454E44AE426082
  0
ENDSEC
  0
EOF
